time(UTC),temp_air,relative_humidity,ghi,dni,dhi,IR(h),wind_speed,wind_direction,pressure
1990-01-01 00:00:00+00:00,-8.65,44.47,0.0,0.0,0.0,189.87,1.18,306.0,82560.0
1990-01-01 01:00:00+00:00,-8.48,41.62,179.4,1056.24,55.15,186.57,1.18,300.0,82590.0
1990-01-01 02:00:00+00:00,-8.31,38.78,347.5,988.38,76.45,183.26,1.18,312.0,82610.0
1990-01-01 03:00:00+00:00,-8.14,35.94,475.95,978.83,88.05,179.95,1.18,54.0,82580.0
1990-01-01 04:00:00+00:00,-7.98,33.1,547.15,953.78,93.65,176.65,1.18,71.0,82510.0
1990-01-01 05:00:00+00:00,-7.81,30.25,553.75,907.69,94.1,173.34,1.18,70.0,82400.0
1990-01-01 06:00:00+00:00,-7.64,27.41,495.7,834.39,89.4,170.03,1.18,67.0,82290.0
1990-01-01 07:00:00+00:00,-7.47,24.57,378.3,714.9,79.15,166.72,1.17,53.0,82180.0
1990-01-01 08:00:00+00:00,-3.58,26.9,216.55,510.02,60.7,177.25,3.59,50.0,82230.0
1990-01-01 09:00:00+00:00,-4.04,26.9,50.7,184.6,21.9,177.25,3.86,43.0,82280.0
1990-01-01 10:00:00+00:00,-5.23,28.95,0.0,0.0,0.0,175.7,3.38,34.0,82390.0
1990-01-01 11:00:00+00:00,-6.29,32.85,0.0,0.0,0.0,174.55,3.38,27.0,82480.0
1990-01-01 12:00:00+00:00,-7.28,35.6,0.0,0.0,0.0,173.2,3.38,24.0,82570.0
1990-01-01 13:00:00+00:00,-8.3,38.65,0.0,0.0,0.0,172.25,3.24,23.0,82650.0
1990-01-01 14:00:00+00:00,-9.3,41.95,0.0,0.0,0.0,171.05,2.83,22.0,82730.0
1990-01-01 15:00:00+00:00,-10.34,43.75,0.0,0.0,0.0,170.1,2.28,22.0,82780.0
1990-01-01 16:00:00+00:00,-11.45,47.55,0.0,0.0,0.0,168.35,1.79,21.0,82830.0
1990-01-01 17:00:00+00:00,-12.19,49.45,0.0,0.0,0.0,167.4,1.45,14.0,82880.0
1990-01-01 18:00:00+00:00,-12.89,51.6,0.0,0.0,0.0,165.65,1.45,10.0,82900.0
1990-01-01 19:00:00+00:00,-13.79,53.7,0.0,0.0,0.0,164.85,1.79,10.0,82860.0
1990-01-01 20:00:00+00:00,-14.23,56.05,0.0,0.0,0.0,173.0,1.66,9.0,82910.0
1990-01-01 21:00:00+00:00,-14.62,53.55,0.0,0.0,0.0,176.1,1.59,8.0,82910.0
1990-01-01 22:00:00+00:00,-14.83,55.9,0.0,0.0,0.0,185.75,1.66,8.0,82930.0
1990-01-01 23:00:00+00:00,-15.14,55.9,0.0,0.0,0.0,179.95,1.66,3.0,83050.0
1990-01-02 00:00:00+00:00,-15.29,55.75,0.0,0.0,0.0,187.15,1.66,7.0,83150.0
1990-01-02 01:00:00+00:00,-15.12,53.4,142.6,512.32,82.45,186.1,1.66,4.0,83300.0
1990-01-02 02:00:00+00:00,-13.46,46.95,284.45,506.87,145.4,190.6,1.86,14.0,83420.0
1990-01-02 03:00:00+00:00,-11.86,41.35,422.0,718.34,137.0,191.6,2.28,26.0,83490.0
1990-01-02 04:00:00+00:00,-10.55,36.5,466.2,563.27,197.9,183.05,2.76,31.0,83530.0
1990-01-02 05:00:00+00:00,-9.51,36.65,468.6,506.66,211.4,192.95,3.38,32.0,83490.0
1990-01-02 06:00:00+00:00,-8.76,35.15,396.2,362.81,218.95,198.15,3.72,34.0,83470.0
1990-01-02 07:00:00+00:00,-9.03,35.15,279.0,266.56,166.95,206.5,4.76,36.0,83510.0
1990-01-02 08:00:00+00:00,-9.26,36.65,130.15,88.72,102.85,210.95,4.76,38.0,83630.0
1990-01-02 09:00:00+00:00,-9.97,35.0,33.45,29.06,28.85,213.45,4.48,39.0,83710.0
1990-01-02 10:00:00+00:00,-10.73,36.35,0.0,0.0,0.0,216.95,3.72,39.0,83840.0
1990-01-02 11:00:00+00:00,-11.33,37.9,0.0,0.0,0.0,219.45,3.03,40.0,83940.0
1990-01-02 12:00:00+00:00,-11.73,37.75,0.0,0.0,0.0,226.2,2.55,39.0,84010.0
1990-01-02 13:00:00+00:00,-12.12,37.6,0.0,0.0,0.0,216.35,1.86,40.0,84020.0
1990-01-02 14:00:00+00:00,-12.37,37.6,0.0,0.0,0.0,218.3,1.1,46.0,84030.0
1990-01-02 15:00:00+00:00,-12.58,37.6,0.0,0.0,0.0,216.15,0.34,51.0,84010.0
1990-01-02 16:00:00+00:00,-12.84,39.2,0.0,0.0,0.0,208.4,0.14,155.0,83950.0
1990-01-02 17:00:00+00:00,-13.1,39.2,0.0,0.0,0.0,206.1,0.48,149.0,83880.0
1990-01-02 18:00:00+00:00,-13.52,40.9,0.0,0.0,0.0,193.3,0.48,157.0,83800.0
1990-01-02 19:00:00+00:00,-14.11,44.75,0.0,0.0,0.0,180.95,0.41,185.0,83790.0
1990-01-02 20:00:00+00:00,-14.49,44.55,0.0,0.0,0.0,179.2,0.48,197.0,83730.0
1990-01-02 21:00:00+00:00,-14.72,46.55,0.0,0.0,0.0,177.45,0.34,213.0,83630.0
1990-01-02 22:00:00+00:00,-15.12,46.55,0.0,0.0,0.0,168.35,0.48,211.0,83540.0
1990-01-02 23:00:00+00:00,-15.76,50.75,0.0,0.0,0.0,165.25,0.69,223.0,83510.0
1990-01-03 00:00:00+00:00,-15.88,50.75,0.0,0.0,0.0,165.45,0.55,224.0,83510.0
1990-01-03 01:00:00+00:00,-16.16,50.75,174.25,1021.46,54.45,166.35,0.48,213.0,83510.0
1990-01-03 02:00:00+00:00,-13.85,42.7,340.05,962.92,75.7,169.3,0.62,202.0,83520.0
1990-01-03 03:00:00+00:00,-11.31,39.65,467.4,956.15,87.5,172.6,0.76,190.0,83480.0
1990-01-03 04:00:00+00:00,-9.48,38.35,538.2,930.66,94.0,177.25,0.9,178.0,83380.0
1990-01-03 05:00:00+00:00,-7.8,38.8,545.65,885.37,95.0,180.95,1.17,170.0,83220.0
1990-01-03 06:00:00+00:00,-6.29,37.55,492.15,825.57,87.4,184.6,1.38,167.0,83080.0
1990-01-03 07:00:00+00:00,-4.84,36.35,374.45,691.2,82.5,186.15,1.59,157.0,82970.0
1990-01-03 08:00:00+00:00,-4.2,36.5,214.35,479.09,65.85,187.3,1.59,130.0,82930.0
1990-01-03 09:00:00+00:00,-3.98,35.1,52.0,168.35,24.95,189.25,2.0,106.0,82910.0
1990-01-03 10:00:00+00:00,-4.71,39.7,0.0,0.0,0.0,187.5,1.86,68.0,82940.0
1990-01-03 11:00:00+00:00,-5.78,43.0,0.0,0.0,0.0,186.55,2.07,58.0,82960.0
1990-01-03 12:00:00+00:00,-6.8,46.6,0.0,0.0,0.0,185.0,1.86,66.0,83010.0
1990-01-03 13:00:00+00:00,-7.85,50.55,0.0,0.0,0.0,186.75,1.66,76.0,83010.0
1990-01-03 14:00:00+00:00,-8.93,57.35,0.0,0.0,0.0,190.4,1.45,84.0,83010.0
1990-01-03 15:00:00+00:00,-9.9,59.75,0.0,0.0,0.0,191.4,1.1,82.0,83010.0
1990-01-03 16:00:00+00:00,-10.57,62.3,0.0,0.0,0.0,191.6,0.97,72.0,82970.0
1990-01-03 17:00:00+00:00,-11.08,64.95,0.0,0.0,0.0,196.05,0.9,70.0,82950.0
1990-01-03 18:00:00+00:00,-11.11,67.7,0.0,0.0,0.0,200.5,0.55,61.0,82930.0
1990-01-03 19:00:00+00:00,-11.67,70.6,0.0,0.0,0.0,199.9,0.76,61.0,82860.0
1990-01-03 20:00:00+00:00,-12.2,73.65,0.0,0.0,0.0,207.25,0.83,61.0,82810.0
1990-01-03 21:00:00+00:00,-12.28,73.65,0.0,0.0,0.0,200.1,0.48,36.0,82750.0
1990-01-03 22:00:00+00:00,-12.6,73.65,0.0,0.0,0.0,200.7,0.48,21.0,82740.0
1990-01-03 23:00:00+00:00,-12.96,80.25,0.0,0.0,0.0,211.9,0.76,43.0,82730.0
1990-01-04 00:00:00+00:00,-13.01,80.25,0.0,0.0,0.0,213.85,0.69,32.0,82750.0
1990-01-04 01:00:00+00:00,-12.94,80.25,133.6,389.72,87.9,210.45,0.76,29.0,82790.0
1990-01-04 02:00:00+00:00,-11.17,73.8,292.75,619.82,122.4,213.65,0.69,37.0,82810.0
1990-01-04 03:00:00+00:00,-9.17,68.0,270.3,343.59,133.55,209.75,0.69,45.0,82800.0
1990-01-04 04:00:00+00:00,-8.2,65.4,379.3,414.63,180.95,229.15,0.9,55.0,82760.0
1990-01-04 05:00:00+00:00,-6.96,57.85,365.35,386.12,168.25,226.8,0.9,60.0,82650.0
1990-01-04 06:00:00+00:00,-6.04,55.7,385.25,373.61,201.4,231.65,1.1,76.0,82540.0
1990-01-04 07:00:00+00:00,-5.01,51.4,353.0,577.86,107.7,226.05,2.21,66.0,82480.0
1990-01-04 08:00:00+00:00,-4.61,53.65,207.65,424.76,75.0,204.55,2.55,62.0,82470.0
1990-01-04 09:00:00+00:00,-4.7,53.65,49.85,160.6,23.65,199.15,3.03,50.0,82510.0
1990-01-04 10:00:00+00:00,-5.52,55.8,0.0,0.0,0.0,200.3,2.62,35.0,82540.0
1990-01-04 11:00:00+00:00,-6.53,58.0,0.0,0.0,0.0,188.85,2.55,16.0,82610.0
1990-01-04 12:00:00+00:00,-7.46,60.25,0.0,0.0,0.0,186.55,2.34,5.0,82670.0
1990-01-04 13:00:00+00:00,-8.45,62.65,0.0,0.0,0.0,183.85,2.21,3.0,82750.0
1990-01-04 14:00:00+00:00,-9.39,68.0,0.0,0.0,0.0,185.4,1.93,2.0,82800.0
1990-01-04 15:00:00+00:00,-10.37,67.9,0.0,0.0,0.0,183.25,1.52,356.0,82850.0
1990-01-04 16:00:00+00:00,-11.17,70.7,0.0,0.0,0.0,186.55,1.38,346.0,82870.0
1990-01-04 17:00:00+00:00,-12.0,70.6,0.0,0.0,0.0,180.75,1.24,344.0,82870.0
1990-01-04 18:00:00+00:00,-12.65,73.55,0.0,0.0,0.0,182.3,1.1,339.0,82850.0
1990-01-04 19:00:00+00:00,-13.21,76.75,0.0,0.0,0.0,183.45,1.17,323.0,82810.0
1990-01-04 20:00:00+00:00,-13.62,73.45,0.0,0.0,0.0,186.55,1.1,322.0,82770.0
1990-01-04 21:00:00+00:00,-13.95,76.65,0.0,0.0,0.0,185.4,0.97,327.0,82740.0
1990-01-04 22:00:00+00:00,-14.17,80.0,0.0,0.0,0.0,183.65,0.9,308.0,82750.0
1990-01-04 23:00:00+00:00,-14.12,73.35,0.0,0.0,0.0,186.95,0.62,311.0,82790.0
1990-01-05 00:00:00+00:00,-13.93,73.35,0.0,0.0,0.0,182.7,0.48,305.0,82860.0
1990-01-05 01:00:00+00:00,-13.96,73.35,172.35,1009.42,53.9,178.9,0.55,310.0,82940.0
1990-01-05 02:00:00+00:00,-11.68,64.7,338.8,964.0,73.45,179.75,0.41,326.0,83000.0
1990-01-05 03:00:00+00:00,-9.19,57.2,465.85,949.71,87.1,182.85,0.48,1.0,83020.0
1990-01-05 04:00:00+00:00,-7.38,50.7,519.75,817.2,127.85,186.55,0.48,14.0,82980.0
1990-01-05 05:00:00+00:00,-5.94,46.9,480.25,536.78,205.4,195.65,0.48,15.0,82900.0
1990-01-05 06:00:00+00:00,-4.91,45.2,418.8,460.52,191.3,214.05,0.97,31.0,82790.0
1990-01-05 07:00:00+00:00,-5.11,47.05,302.05,309.23,170.1,214.6,1.38,43.0,82770.0
1990-01-05 08:00:00+00:00,-4.93,43.3,165.95,136.31,123.05,215.2,1.59,55.0,82770.0
1990-01-05 09:00:00+00:00,-5.14,43.15,43.05,38.93,36.6,214.8,1.86,63.0,82800.0
1990-01-05 10:00:00+00:00,-5.66,43.0,0.0,0.0,0.0,211.15,1.66,66.0,82850.0
1990-01-05 11:00:00+00:00,-6.24,42.85,0.0,0.0,0.0,209.0,1.38,58.0,82920.0
1990-01-05 12:00:00+00:00,-6.79,44.65,0.0,0.0,0.0,202.6,0.97,46.0,82950.0
1990-01-05 13:00:00+00:00,-7.49,46.5,0.0,0.0,0.0,194.1,0.62,25.0,82980.0
1990-01-05 14:00:00+00:00,-8.12,48.25,0.0,0.0,0.0,188.85,0.55,332.0,83010.0
1990-01-05 15:00:00+00:00,-9.18,52.4,0.0,0.0,0.0,182.85,0.83,298.0,83000.0
1990-01-05 16:00:00+00:00,-10.4,54.65,0.0,0.0,0.0,181.5,1.1,279.0,82990.0
1990-01-05 17:00:00+00:00,-11.23,59.4,0.0,0.0,0.0,184.4,1.1,271.0,82980.0
1990-01-05 18:00:00+00:00,-11.63,61.95,0.0,0.0,0.0,183.45,0.97,271.0,82930.0
1990-01-05 19:00:00+00:00,-12.08,61.95,0.0,0.0,0.0,180.35,1.03,262.0,82880.0
1990-01-05 20:00:00+00:00,-12.29,64.6,0.0,0.0,0.0,181.15,1.1,273.0,82870.0
1990-01-05 21:00:00+00:00,-12.19,64.6,0.0,0.0,0.0,182.5,0.83,285.0,82810.0
1990-01-05 22:00:00+00:00,-12.55,64.6,0.0,0.0,0.0,201.45,1.1,264.0,82810.0
1990-01-05 23:00:00+00:00,-12.46,64.6,0.0,0.0,0.0,193.9,1.03,268.0,82870.0
1990-01-06 00:00:00+00:00,-12.26,67.5,0.0,0.0,0.0,197.4,0.9,278.0,82890.0
1990-01-06 01:00:00+00:00,-12.24,67.5,141.05,487.96,83.7,199.6,1.03,264.0,82950.0
1990-01-06 02:00:00+00:00,-9.85,57.2,273.65,428.41,155.5,203.95,0.83,270.0,82980.0
1990-01-06 03:00:00+00:00,-7.42,50.7,356.25,326.98,225.55,205.9,0.55,273.0,82970.0
1990-01-06 04:00:00+00:00,-5.62,46.9,356.85,177.18,271.65,220.8,0.34,255.0,82940.0
1990-01-06 05:00:00+00:00,-4.5,41.6,373.25,207.7,266.55,236.65,0.28,7.0,82830.0
1990-01-06 06:00:00+00:00,-3.46,38.45,322.6,144.95,250.7,238.6,0.97,32.0,82740.0
1990-01-06 07:00:00+00:00,-3.21,38.45,218.75,52.1,196.4,240.15,0.9,35.0,82720.0
1990-01-06 08:00:00+00:00,-3.06,36.8,127.7,44.13,113.7,244.8,1.1,40.0,82700.0
1990-01-06 09:00:00+00:00,-3.1,35.25,32.7,11.29,30.8,243.45,1.24,41.0,82760.0
1990-01-06 10:00:00+00:00,-3.43,35.25,0.0,0.0,0.0,246.95,0.76,39.0,82830.0
1990-01-06 11:00:00+00:00,-3.75,38.3,0.0,0.0,0.0,249.05,0.28,184.0,82920.0
1990-01-06 12:00:00+00:00,-4.16,41.6,0.0,0.0,0.0,248.5,0.97,215.0,82960.0
1990-01-06 13:00:00+00:00,-4.68,45.2,0.0,0.0,0.0,242.65,1.31,232.0,82980.0
1990-01-06 14:00:00+00:00,-5.32,49.1,0.0,0.0,0.0,232.6,1.45,238.0,82970.0
1990-01-06 15:00:00+00:00,-6.02,51.15,0.0,0.0,0.0,226.05,1.72,249.0,82970.0
1990-01-06 16:00:00+00:00,-6.89,55.45,0.0,0.0,0.0,211.9,2.0,247.0,82960.0
1990-01-06 17:00:00+00:00,-7.94,60.1,0.0,0.0,0.0,197.95,1.86,246.0,82940.0
1990-01-06 18:00:00+00:00,-9.11,71.0,0.0,0.0,0.0,188.7,1.72,253.0,82880.0
1990-01-06 19:00:00+00:00,-10.77,67.8,0.0,0.0,0.0,178.4,1.79,256.0,82840.0
1990-01-06 20:00:00+00:00,-11.59,70.7,0.0,0.0,0.0,178.05,1.72,259.0,82790.0
1990-01-06 21:00:00+00:00,-12.31,76.9,0.0,0.0,0.0,176.7,1.59,260.0,82740.0
1990-01-06 22:00:00+00:00,-12.88,76.85,0.0,0.0,0.0,176.1,1.66,253.0,82710.0
1990-01-06 23:00:00+00:00,-13.28,80.15,0.0,0.0,0.0,174.55,1.66,250.0,82720.0
1990-01-07 00:00:00+00:00,-13.47,76.75,0.0,0.0,0.0,173.75,1.45,251.0,82720.0
1990-01-07 01:00:00+00:00,-13.28,76.75,178.7,1057.53,54.1,173.7,1.38,252.0,82760.0
1990-01-07 02:00:00+00:00,-9.96,57.2,347.6,985.64,75.15,176.1,0.97,243.0,82810.0
1990-01-07 03:00:00+00:00,-6.61,50.85,477.8,976.72,86.4,179.95,0.83,244.0,82820.0
1990-01-07 04:00:00+00:00,-4.56,47.2,551.35,951.31,92.55,183.85,0.69,246.0,82780.0
1990-01-07 05:00:00+00:00,-3.12,41.9,561.3,907.93,93.25,187.3,0.41,260.0,82680.0
1990-01-07 06:00:00+00:00,-2.14,40.4,506.65,838.68,88.85,189.85,0.34,28.0,82610.0
1990-01-07 07:00:00+00:00,-1.73,38.9,392.25,726.33,78.9,190.4,1.17,21.0,82520.0
1990-01-07 08:00:00+00:00,-1.36,39.0,232.55,534.84,61.5,189.85,2.83,30.0,82540.0
1990-01-07 09:00:00+00:00,-1.87,38.9,62.65,219.05,25.2,188.1,4.0,28.0,82610.0
1990-01-07 10:00:00+00:00,-3.34,41.9,0.0,0.0,0.0,185.2,3.93,21.0,82740.0
1990-01-07 11:00:00+00:00,-4.74,41.45,0.0,0.0,0.0,183.25,4.0,15.0,82880.0
1990-01-07 12:00:00+00:00,-5.72,39.4,0.0,0.0,0.0,181.5,3.72,15.0,82970.0
1990-01-07 13:00:00+00:00,-6.46,37.55,0.0,0.0,0.0,180.35,3.24,18.0,83060.0
1990-01-07 14:00:00+00:00,-7.27,38.95,0.0,0.0,0.0,177.65,2.41,21.0,83120.0
1990-01-07 15:00:00+00:00,-8.3,42.25,0.0,0.0,0.0,176.5,1.59,24.0,83170.0
1990-01-07 16:00:00+00:00,-8.05,38.8,0.0,0.0,0.0,179.2,0.83,24.0,83180.0
1990-01-07 17:00:00+00:00,-8.61,42.1,0.0,0.0,0.0,176.1,0.55,353.0,83170.0
1990-01-07 18:00:00+00:00,-9.46,43.9,0.0,0.0,0.0,177.65,0.69,313.0,83160.0
1990-01-07 19:00:00+00:00,-10.55,47.85,0.0,0.0,0.0,176.5,0.97,309.0,83130.0
1990-01-07 20:00:00+00:00,-11.41,49.75,0.0,0.0,0.0,180.15,1.1,302.0,83150.0
1990-01-07 21:00:00+00:00,-11.84,51.85,0.0,0.0,0.0,194.3,1.1,302.0,83140.0
1990-01-07 22:00:00+00:00,-12.21,54.1,0.0,0.0,0.0,188.5,1.1,312.0,83140.0
1990-01-07 23:00:00+00:00,-12.25,54.1,0.0,0.0,0.0,193.9,0.9,317.0,83200.0
1990-01-08 00:00:00+00:00,-12.32,54.1,0.0,0.0,0.0,194.85,0.76,313.0,83250.0
1990-01-08 01:00:00+00:00,-12.15,54.1,155.35,621.74,81.85,199.45,0.69,307.0,83340.0
1990-01-08 02:00:00+00:00,-9.88,45.9,323.85,765.07,111.8,197.4,0.48,318.0,83410.0
1990-01-08 03:00:00+00:00,-7.56,40.7,453.0,803.02,130.3,186.15,0.41,327.0,83410.0
1990-01-08 04:00:00+00:00,-6.03,36.05,536.65,840.74,129.9,195.25,0.28,8.0,83360.0
1990-01-08 05:00:00+00:00,-4.95,34.8,536.65,761.77,142.5,190.05,0.41,57.0,83230.0
1990-01-08 06:00:00+00:00,-4.17,34.95,471.6,642.6,150.05,190.8,0.41,91.0,83160.0
1990-01-08 07:00:00+00:00,-3.81,33.6,361.5,531.91,130.7,193.3,0.97,84.0,83100.0
1990-01-08 08:00:00+00:00,-3.6,33.6,210.05,375.21,89.05,194.5,1.38,86.0,83090.0
1990-01-08 09:00:00+00:00,-3.76,32.15,58.75,165.49,30.0,194.85,1.66,91.0,83100.0
1990-01-08 10:00:00+00:00,-4.43,32.0,0.0,0.0,0.0,189.05,1.52,92.0,83130.0
1990-01-08 11:00:00+00:00,-5.28,34.65,0.0,0.0,0.0,186.75,1.31,99.0,83160.0
1990-01-08 12:00:00+00:00,-6.27,39.25,0.0,0.0,0.0,186.15,0.97,110.0,83210.0
1990-01-08 13:00:00+00:00,-6.45,37.55,0.0,0.0,0.0,177.85,0.69,136.0,83210.0
1990-01-08 14:00:00+00:00,-6.95,39.1,0.0,0.0,0.0,176.7,0.62,180.0,83210.0
1990-01-08 15:00:00+00:00,-7.66,42.4,0.0,0.0,0.0,175.5,0.83,211.0,83220.0
1990-01-08 16:00:00+00:00,-8.72,44.05,0.0,0.0,0.0,174.55,0.97,235.0,83210.0
1990-01-08 17:00:00+00:00,-9.8,45.9,0.0,0.0,0.0,174.35,1.03,246.0,83160.0
1990-01-08 18:00:00+00:00,-10.95,49.85,0.0,0.0,0.0,173.6,1.17,248.0,83120.0
1990-01-08 19:00:00+00:00,-10.78,49.85,0.0,0.0,0.0,175.7,1.03,252.0,83070.0
1990-01-08 20:00:00+00:00,-11.58,54.35,0.0,0.0,0.0,175.7,1.1,254.0,83020.0
1990-01-08 21:00:00+00:00,-12.54,59.15,0.0,0.0,0.0,174.95,1.24,252.0,82920.0
1990-01-08 22:00:00+00:00,-13.03,61.7,0.0,0.0,0.0,173.75,1.24,249.0,82870.0
1990-01-08 23:00:00+00:00,-13.21,64.35,0.0,0.0,0.0,172.4,1.24,241.0,82900.0
1990-01-09 00:00:00+00:00,-13.55,64.35,0.0,0.0,0.0,171.25,1.24,239.0,82920.0
1990-01-09 01:00:00+00:00,-13.95,67.2,180.85,1070.21,53.8,170.6,1.31,243.0,82960.0
1990-01-09 02:00:00+00:00,-10.77,54.5,352.25,998.86,74.55,173.0,1.1,240.0,82960.0
1990-01-09 03:00:00+00:00,-7.41,44.5,484.45,987.6,86.35,175.3,1.17,235.0,82960.0
1990-01-09 04:00:00+00:00,-5.25,39.55,560.4,965.02,91.95,179.0,1.45,228.0,82900.0
1990-01-09 05:00:00+00:00,-3.56,38.3,571.9,923.06,92.45,182.3,1.72,228.0,82780.0
1990-01-09 06:00:00+00:00,-2.19,35.55,518.45,855.75,88.25,184.6,2.0,229.0,82670.0
1990-01-09 07:00:00+00:00,-1.44,34.3,404.15,745.72,78.65,184.6,2.0,236.0,82630.0
1990-01-09 08:00:00+00:00,-0.95,33.0,243.15,556.81,62.05,185.2,1.59,241.0,82630.0
1990-01-09 09:00:00+00:00,-1.0,31.6,69.5,242.98,26.6,184.8,0.97,239.0,82640.0
1990-01-09 10:00:00+00:00,-1.67,34.15,0.0,0.0,0.0,182.1,0.41,141.0,82700.0
1990-01-09 11:00:00+00:00,-2.95,35.4,0.0,0.0,0.0,180.15,0.83,116.0,82750.0
1990-01-09 12:00:00+00:00,-3.55,38.3,0.0,0.0,0.0,179.4,0.69,122.0,82800.0
1990-01-09 13:00:00+00:00,-4.32,39.85,0.0,0.0,0.0,178.05,0.28,122.0,82830.0
1990-01-09 14:00:00+00:00,-5.17,43.15,0.0,0.0,0.0,176.85,0.0,325.0,82880.0
1990-01-09 15:00:00+00:00,-6.07,46.75,0.0,0.0,0.0,175.5,0.41,284.0,82900.0
1990-01-09 16:00:00+00:00,-7.04,46.6,0.0,0.0,0.0,174.95,0.69,270.0,82890.0
1990-01-09 17:00:00+00:00,-7.86,50.55,0.0,0.0,0.0,173.95,0.69,268.0,82860.0
1990-01-09 18:00:00+00:00,-8.49,52.7,0.0,0.0,0.0,173.6,0.62,266.0,82820.0
1990-01-09 19:00:00+00:00,-9.66,54.75,0.0,0.0,0.0,174.15,0.55,285.0,82770.0
1990-01-09 20:00:00+00:00,-9.71,54.75,0.0,0.0,0.0,174.75,0.41,276.0,82760.0
1990-01-09 21:00:00+00:00,-9.91,54.75,0.0,0.0,0.0,174.95,0.28,282.0,82680.0
1990-01-09 22:00:00+00:00,-10.06,52.4,0.0,0.0,0.0,174.95,0.28,279.0,82690.0
1990-01-09 23:00:00+00:00,-10.22,54.65,0.0,0.0,0.0,175.3,0.41,282.0,82760.0
1990-01-10 00:00:00+00:00,-10.4,54.65,0.0,0.0,0.0,175.9,0.48,317.0,82830.0
1990-01-10 01:00:00+00:00,-10.77,56.95,180.95,1069.83,53.3,176.6,0.69,346.0,82900.0
1990-01-10 02:00:00+00:00,-9.67,54.75,351.35,994.71,73.85,179.2,0.62,358.0,82950.0
1990-01-10 03:00:00+00:00,-6.32,46.75,483.65,984.56,85.45,181.9,0.83,29.0,82960.0
1990-01-10 04:00:00+00:00,-4.31,45.35,559.25,959.42,91.85,184.6,1.24,47.0,82960.0
1990-01-10 05:00:00+00:00,-2.82,43.85,572.05,920.11,92.2,186.95,1.66,51.0,82870.0
1990-01-10 06:00:00+00:00,-1.77,42.35,520.1,855.1,88.15,188.1,2.07,55.0,82780.0
1990-01-10 07:00:00+00:00,-0.91,35.95,407.05,748.12,78.5,187.9,2.21,55.0,82690.0
1990-01-10 08:00:00+00:00,-0.72,35.95,246.15,560.68,62.2,186.75,2.76,57.0,82710.0
1990-01-10 09:00:00+00:00,-1.09,37.4,71.5,245.74,27.4,185.0,3.1,55.0,82720.0
1990-01-10 10:00:00+00:00,-2.15,38.7,0.0,0.0,0.0,183.25,2.83,45.0,82810.0
1990-01-10 11:00:00+00:00,-3.32,36.8,0.0,0.0,0.0,181.9,3.17,35.0,82930.0
1990-01-10 12:00:00+00:00,-4.17,33.45,0.0,0.0,0.0,180.75,3.66,28.0,83030.0
1990-01-10 13:00:00+00:00,-5.02,29.1,0.0,0.0,0.0,180.15,3.79,27.0,83110.0
1990-01-10 14:00:00+00:00,-6.0,27.55,0.0,0.0,0.0,178.25,3.03,26.0,83170.0
1990-01-10 15:00:00+00:00,-7.19,32.55,0.0,0.0,0.0,175.9,1.72,22.0,83220.0
1990-01-10 16:00:00+00:00,-6.34,28.7,0.0,0.0,0.0,173.95,0.41,312.0,83250.0
1990-01-10 17:00:00+00:00,-8.96,35.15,0.0,0.0,0.0,173.6,1.45,261.0,83270.0
1990-01-10 18:00:00+00:00,-10.97,39.85,0.0,0.0,0.0,172.25,1.93,262.0,83290.0
1990-01-10 19:00:00+00:00,-11.83,41.35,0.0,0.0,0.0,171.85,2.0,266.0,83270.0
1990-01-10 20:00:00+00:00,-12.73,45.0,0.0,0.0,0.0,170.7,2.0,268.0,83280.0
1990-01-10 21:00:00+00:00,-13.44,46.95,0.0,0.0,0.0,168.95,1.93,264.0,83230.0
1990-01-10 22:00:00+00:00,-13.96,51.3,0.0,0.0,0.0,167.75,1.86,260.0,83190.0
1990-01-10 23:00:00+00:00,-14.35,53.55,0.0,0.0,0.0,166.6,1.86,256.0,83210.0
1990-01-11 00:00:00+00:00,-14.66,55.9,0.0,0.0,0.0,165.65,1.93,252.0,83240.0
1990-01-11 01:00:00+00:00,-14.46,53.55,187.0,1110.6,53.7,164.6,1.79,250.0,83260.0
1990-01-11 02:00:00+00:00,-10.48,39.95,361.65,1026.45,74.2,166.8,1.45,241.0,83270.0
1990-01-11 03:00:00+00:00,-6.38,32.85,496.95,1014.17,85.3,169.5,1.59,234.0,83260.0
1990-01-11 04:00:00+00:00,-3.94,29.4,574.7,989.85,90.65,172.8,1.93,231.0,83180.0
1990-01-11 05:00:00+00:00,-2.21,29.85,587.2,946.78,91.35,176.3,2.48,230.0,83070.0
1990-01-11 06:00:00+00:00,-0.88,29.0,534.05,880.01,87.3,178.4,2.76,226.0,82940.0
1990-01-11 07:00:00+00:00,0.51,25.8,418.9,770.49,78.4,179.2,3.03,231.0,82870.0
1990-01-11 08:00:00+00:00,1.0,24.7,255.55,583.54,62.4,179.6,2.76,228.0,82820.0
1990-01-11 09:00:00+00:00,0.99,23.65,76.4,263.39,28.35,179.4,2.28,224.0,82830.0
1990-01-11 10:00:00+00:00,-0.1,29.1,0.05,0.0,0.05,177.05,1.17,205.0,82830.0
1990-01-11 11:00:00+00:00,-1.14,25.25,0.0,0.0,0.0,176.3,0.76,185.0,82880.0
1990-01-11 12:00:00+00:00,-1.83,26.25,0.0,0.0,0.0,175.3,0.62,163.0,82900.0
1990-01-11 13:00:00+00:00,-2.76,28.4,0.0,0.0,0.0,174.55,0.55,173.0,82900.0
1990-01-11 14:00:00+00:00,-3.84,30.75,0.0,0.0,0.0,172.8,0.55,196.0,82880.0
1990-01-11 15:00:00+00:00,-5.07,34.65,0.0,0.0,0.0,171.25,0.62,223.0,82890.0
1990-01-11 16:00:00+00:00,-6.35,35.9,0.0,0.0,0.0,169.9,0.55,244.0,82840.0
1990-01-11 17:00:00+00:00,-7.5,38.95,0.0,0.0,0.0,168.55,0.62,248.0,82830.0
1990-01-11 18:00:00+00:00,-8.71,44.05,0.0,0.0,0.0,167.95,0.83,252.0,82800.0
1990-01-11 19:00:00+00:00,-9.06,44.05,0.0,0.0,0.0,164.3,0.69,260.0,82740.0
1990-01-11 20:00:00+00:00,-9.79,43.9,0.0,0.0,0.0,164.3,0.83,244.0,82680.0
1990-01-11 21:00:00+00:00,-10.32,43.75,0.0,0.0,0.0,165.05,0.97,234.0,82630.0
1990-01-11 22:00:00+00:00,-10.89,43.6,0.0,0.0,0.0,166.6,1.03,242.0,82580.0
1990-01-11 23:00:00+00:00,-11.39,41.5,0.0,0.0,0.0,168.75,1.24,258.0,82600.0
1990-01-12 00:00:00+00:00,-12.37,43.15,0.0,0.0,0.0,169.7,1.52,264.0,82640.0
1990-01-12 01:00:00+00:00,-12.48,41.2,187.35,1110.59,53.15,170.2,1.59,263.0,82700.0
1990-01-12 02:00:00+00:00,-10.19,34.85,361.6,1024.83,73.4,172.8,1.1,257.0,82740.0
1990-01-12 03:00:00+00:00,-5.55,26.45,496.3,1010.53,84.55,174.75,0.9,236.0,82740.0
1990-01-12 04:00:00+00:00,-2.9,22.7,573.8,985.52,89.95,178.25,0.97,228.0,82690.0
1990-01-12 05:00:00+00:00,-0.92,21.25,586.55,942.53,90.75,181.3,0.97,232.0,82600.0
1990-01-12 06:00:00+00:00,0.4,19.7,534.5,877.17,86.9,183.85,0.76,232.0,82490.0
1990-01-12 07:00:00+00:00,1.47,16.55,419.65,768.14,78.0,182.5,1.17,229.0,82440.0
1990-01-12 08:00:00+00:00,1.82,15.2,256.8,582.96,62.1,182.85,0.9,213.0,82430.0
1990-01-12 09:00:00+00:00,1.69,15.2,78.2,266.63,28.75,183.05,0.83,188.0,82440.0
1990-01-12 10:00:00+00:00,0.73,23.65,0.1,0.0,0.1,181.15,0.9,145.0,82450.0
1990-01-12 11:00:00+00:00,-0.29,16.3,0.0,0.0,0.0,180.15,0.83,145.0,82480.0
1990-01-12 12:00:00+00:00,-1.24,17.6,0.0,0.0,0.0,179.75,0.62,150.0,82480.0
1990-01-12 13:00:00+00:00,-2.11,19.05,0.0,0.0,0.0,178.8,0.41,158.0,82500.0
1990-01-12 14:00:00+00:00,-3.06,20.6,0.0,0.0,0.0,178.05,0.28,185.0,82490.0
1990-01-12 15:00:00+00:00,-4.01,21.45,0.0,0.0,0.0,176.85,0.41,240.0,82490.0
1990-01-12 16:00:00+00:00,-4.94,23.2,0.0,0.0,0.0,176.5,0.69,246.0,82480.0
1990-01-12 17:00:00+00:00,-5.78,25.15,0.0,0.0,0.0,176.5,0.83,246.0,82450.0
1990-01-12 18:00:00+00:00,-6.44,26.15,0.0,0.0,0.0,176.85,0.83,248.0,82410.0
1990-01-12 19:00:00+00:00,-6.54,25.0,0.0,0.0,0.0,177.25,0.41,269.0,82390.0
1990-01-12 20:00:00+00:00,-6.94,27.25,0.0,0.0,0.0,178.4,0.34,245.0,82380.0
1990-01-12 21:00:00+00:00,-7.33,28.4,0.0,0.0,0.0,179.2,0.41,239.0,82340.0
1990-01-12 22:00:00+00:00,-7.74,30.95,0.0,0.0,0.0,179.75,0.48,226.0,82310.0
1990-01-12 23:00:00+00:00,-8.12,33.75,0.0,0.0,0.0,180.35,0.55,209.0,82310.0
1990-01-13 00:00:00+00:00,-8.55,35.3,0.0,0.0,0.0,180.35,0.62,205.0,82320.0
1990-01-13 01:00:00+00:00,-8.98,36.8,186.65,1100.59,52.65,179.9,0.76,219.0,82400.0
1990-01-13 02:00:00+00:00,-7.52,32.55,360.1,1017.53,72.65,182.3,0.69,238.0,82490.0
1990-01-13 03:00:00+00:00,-4.0,26.9,495.15,1005.92,83.6,185.4,0.76,207.0,82530.0
1990-01-13 04:00:00+00:00,-1.45,23.1,573.45,983.14,88.75,189.05,0.97,202.0,82510.0
1990-01-13 05:00:00+00:00,0.31,22.5,587.0,940.8,89.85,191.95,1.1,206.0,82440.0
1990-01-13 06:00:00+00:00,1.66,20.85,535.25,875.67,86.05,193.7,1.31,205.0,82400.0
1990-01-13 07:00:00+00:00,2.33,20.95,421.7,769.71,77.1,193.15,1.45,183.0,82450.0
1990-01-13 08:00:00+00:00,2.87,21.1,259.3,585.82,61.85,193.9,1.38,167.0,82470.0
1990-01-13 09:00:00+00:00,2.88,21.1,80.75,272.32,29.4,193.5,1.38,134.0,82530.0
1990-01-13 10:00:00+00:00,1.98,27.1,0.2,0.0,0.2,191.6,1.24,104.0,82570.0
1990-01-13 11:00:00+00:00,0.74,25.8,0.0,0.0,0.0,190.2,0.9,86.0,82630.0
1990-01-13 12:00:00+00:00,-0.07,27.9,0.0,0.0,0.0,190.2,0.9,56.0,82650.0
1990-01-13 13:00:00+00:00,-1.22,31.45,0.0,0.0,0.0,188.85,1.03,48.0,82650.0
1990-01-13 14:00:00+00:00,-2.13,34.0,0.0,0.0,0.0,186.75,0.83,46.0,82650.0
1990-01-13 15:00:00+00:00,-2.91,36.95,0.0,0.0,0.0,187.15,0.69,51.0,82670.0
1990-01-13 16:00:00+00:00,-3.84,41.75,0.0,0.0,0.0,195.05,0.83,59.0,82690.0
1990-01-13 17:00:00+00:00,-4.93,47.2,0.0,0.0,0.0,206.7,1.17,57.0,82700.0
1990-01-13 18:00:00+00:00,-6.74,55.45,0.0,0.0,0.0,216.15,1.66,47.0,82710.0
1990-01-13 19:00:00+00:00,-7.57,57.7,0.0,0.0,0.0,230.65,1.93,39.0,82670.0
1990-01-13 20:00:00+00:00,-8.27,62.65,0.0,0.0,0.0,217.3,2.14,34.0,82660.0
1990-01-13 21:00:00+00:00,-8.52,62.65,0.0,0.0,0.0,213.65,2.76,30.0,82630.0
1990-01-13 22:00:00+00:00,-8.69,59.9,0.0,0.0,0.0,202.05,3.38,23.0,82630.0
1990-01-13 23:00:00+00:00,-9.11,52.4,0.0,0.0,0.0,197.95,3.24,15.0,82680.0
1990-01-14 00:00:00+00:00,-9.24,45.9,0.0,0.0,0.0,214.05,2.83,20.0,82770.0
1990-01-14 01:00:00+00:00,-8.72,42.1,143.9,637.76,65.6,222.65,2.48,26.0,82890.0
1990-01-14 02:00:00+00:00,-6.56,32.85,290.25,661.53,102.45,206.1,2.21,37.0,82980.0
1990-01-14 03:00:00+00:00,-4.22,29.25,286.85,325.5,153.1,222.55,3.66,38.0,83000.0
1990-01-14 04:00:00+00:00,-3.32,30.9,430.2,569.1,148.4,242.5,4.41,32.0,82990.0
1990-01-14 05:00:00+00:00,-2.11,32.55,486.25,612.22,161.2,234.95,5.1,23.0,82900.0
1990-01-14 06:00:00+00:00,-1.39,32.85,451.15,597.26,143.1,226.05,5.1,24.0,82830.0
1990-01-14 07:00:00+00:00,-1.54,35.7,327.7,416.12,140.15,221.2,4.76,24.0,82830.0
1990-01-14 08:00:00+00:00,-1.67,35.7,171.45,141.1,123.45,222.35,4.21,32.0,82900.0
1990-01-14 09:00:00+00:00,-2.15,35.55,43.9,13.56,41.3,234.75,3.72,39.0,82960.0
1990-01-14 10:00:00+00:00,-2.85,36.95,0.2,0.0,0.2,235.5,2.69,49.0,83050.0
1990-01-14 11:00:00+00:00,-3.35,38.45,0.0,0.0,0.0,239.4,1.66,63.0,83100.0
1990-01-14 12:00:00+00:00,-3.71,40.0,0.0,0.0,0.0,241.15,0.69,128.0,83160.0
1990-01-14 13:00:00+00:00,-4.39,43.45,0.0,0.0,0.0,233.0,1.1,207.0,83190.0
1990-01-14 14:00:00+00:00,-5.03,43.3,0.0,0.0,0.0,220.4,1.66,232.0,83220.0
1990-01-14 15:00:00+00:00,-5.64,46.9,0.0,0.0,0.0,214.6,1.93,247.0,83240.0
1990-01-14 16:00:00+00:00,-6.59,50.85,0.0,0.0,0.0,199.3,2.0,256.0,83240.0
1990-01-14 17:00:00+00:00,-7.37,52.95,0.0,0.0,0.0,199.3,1.93,253.0,83230.0
1990-01-14 18:00:00+00:00,-8.17,57.5,0.0,0.0,0.0,195.65,1.86,249.0,83190.0
1990-01-14 19:00:00+00:00,-9.58,62.4,0.0,0.0,0.0,188.7,2.0,251.0,83180.0
1990-01-14 20:00:00+00:00,-10.12,65.05,0.0,0.0,0.0,191.95,1.93,249.0,83150.0
1990-01-14 21:00:00+00:00,-10.69,67.8,0.0,0.0,0.0,187.9,1.93,248.0,83100.0
1990-01-14 22:00:00+00:00,-11.09,64.95,0.0,0.0,0.0,186.55,1.86,248.0,83070.0
1990-01-14 23:00:00+00:00,-11.17,67.7,0.0,0.0,0.0,195.05,1.72,250.0,83060.0
1990-01-15 00:00:00+00:00,-11.31,67.7,0.0,0.0,0.0,198.55,1.72,244.0,83090.0
1990-01-15 01:00:00+00:00,-10.9,64.95,169.95,837.39,66.2,202.7,1.66,242.0,83120.0
1990-01-15 02:00:00+00:00,-7.49,52.95,347.45,917.55,85.6,198.75,1.31,237.0,83150.0
1990-01-15 03:00:00+00:00,-3.85,40.0,492.15,983.33,86.25,192.95,1.38,235.0,83120.0
1990-01-15 04:00:00+00:00,-1.74,37.25,571.15,966.18,90.55,194.1,1.66,236.0,83050.0
1990-01-15 05:00:00+00:00,-0.33,33.15,586.65,931.99,89.4,195.25,1.52,233.0,82940.0
1990-01-15 06:00:00+00:00,0.57,30.7,535.55,867.14,85.8,196.6,1.24,213.0,82840.0
1990-01-15 07:00:00+00:00,1.2,30.7,422.85,761.34,77.35,197.75,1.17,205.0,82770.0
1990-01-15 08:00:00+00:00,1.49,30.7,262.4,583.3,62.1,198.55,0.69,154.0,82770.0
1990-01-15 09:00:00+00:00,1.45,30.7,84.9,278.02,30.7,198.75,1.17,98.0,82810.0
1990-01-15 10:00:00+00:00,0.72,30.7,0.4,0.0,0.4,196.6,1.66,70.0,82870.0
1990-01-15 11:00:00+00:00,-0.73,35.95,0.0,0.0,0.0,195.25,1.93,57.0,82920.0
1990-01-15 12:00:00+00:00,-2.62,40.3,0.0,0.0,0.0,194.3,1.86,44.0,82990.0
1990-01-15 13:00:00+00:00,-3.06,40.15,0.0,0.0,0.0,193.5,1.59,30.0,83010.0
1990-01-15 14:00:00+00:00,-3.03,38.6,0.0,0.0,0.0,192.35,1.45,13.0,83070.0
1990-01-15 15:00:00+00:00,-3.67,41.75,0.0,0.0,0.0,191.95,1.38,2.0,83100.0
1990-01-15 16:00:00+00:00,-4.39,43.45,0.0,0.0,0.0,190.8,1.45,358.0,83130.0
1990-01-15 17:00:00+00:00,-4.74,43.3,0.0,0.0,0.0,189.85,1.38,356.0,83140.0
1990-01-15 18:00:00+00:00,-5.26,45.05,0.0,0.0,0.0,188.7,1.24,340.0,83190.0
1990-01-15 19:00:00+00:00,-5.68,46.9,0.0,0.0,0.0,188.1,1.17,332.0,83230.0
1990-01-15 20:00:00+00:00,-6.34,46.75,0.0,0.0,0.0,185.4,1.24,299.0,83270.0
1990-01-15 21:00:00+00:00,-7.68,52.8,0.0,0.0,0.0,185.6,1.45,284.0,83270.0
1990-01-15 22:00:00+00:00,-8.91,54.9,0.0,0.0,0.0,186.35,1.59,285.0,83280.0
1990-01-15 23:00:00+00:00,-9.86,57.2,0.0,0.0,0.0,189.45,1.72,281.0,83320.0
1990-01-16 00:00:00+00:00,-10.48,57.1,0.0,0.0,0.0,190.4,1.72,272.0,83380.0
1990-01-16 01:00:00+00:00,-10.71,56.95,188.55,1086.12,52.65,184.35,1.79,266.0,83450.0
1990-01-16 02:00:00+00:00,-7.56,44.5,363.8,1016.98,71.95,185.4,1.24,256.0,83510.0
1990-01-16 03:00:00+00:00,-2.94,32.45,500.5,1008.28,82.3,187.15,1.17,246.0,83500.0
1990-01-16 04:00:00+00:00,-0.73,29.0,580.25,985.43,87.75,189.85,1.52,245.0,83470.0
1990-01-16 05:00:00+00:00,0.67,26.95,595.15,944.18,88.85,192.35,1.52,247.0,83370.0
1990-01-16 06:00:00+00:00,1.59,25.95,542.95,876.87,85.55,194.1,1.31,242.0,83270.0
1990-01-16 07:00:00+00:00,1.64,24.85,430.55,773.35,77.15,194.7,0.48,76.0,83230.0
1990-01-16 08:00:00+00:00,1.94,24.85,269.65,598.27,62.25,194.7,1.17,75.0,83250.0
1990-01-16 09:00:00+00:00,1.77,24.85,89.6,292.59,31.6,192.75,1.86,78.0,83270.0
1990-01-16 10:00:00+00:00,0.82,26.95,0.55,0.0,0.55,190.05,2.07,81.0,83340.0
1990-01-16 11:00:00+00:00,-0.64,31.6,0.0,0.0,0.0,188.1,2.07,78.0,83380.0
1990-01-16 12:00:00+00:00,-2.64,33.9,0.0,0.0,0.0,186.55,1.79,72.0,83440.0
1990-01-16 13:00:00+00:00,-2.91,32.45,0.0,0.0,0.0,185.6,1.45,62.0,83470.0
1990-01-16 14:00:00+00:00,-2.42,31.2,0.0,0.0,0.0,184.25,1.03,56.0,83490.0
1990-01-16 15:00:00+00:00,-3.01,32.45,0.0,0.0,0.0,183.85,0.62,56.0,83490.0
1990-01-16 16:00:00+00:00,-3.74,35.1,0.0,0.0,0.0,183.25,0.41,66.0,83490.0
1990-01-16 17:00:00+00:00,-4.5,36.5,0.0,0.0,0.0,182.7,0.28,94.0,83470.0
1990-01-16 18:00:00+00:00,-5.25,39.55,0.0,0.0,0.0,182.5,0.21,119.0,83460.0
1990-01-16 19:00:00+00:00,-6.08,42.85,0.0,0.0,0.0,181.9,0.21,256.0,83440.0
1990-01-16 20:00:00+00:00,-6.72,44.65,0.0,0.0,0.0,182.7,0.41,254.0,83430.0
1990-01-16 21:00:00+00:00,-7.42,44.5,0.0,0.0,0.0,183.85,0.62,246.0,83350.0
1990-01-16 22:00:00+00:00,-7.98,48.4,0.0,0.0,0.0,184.8,0.76,231.0,83330.0
1990-01-16 23:00:00+00:00,-8.5,50.45,0.0,0.0,0.0,185.4,0.9,219.0,83320.0
1990-01-17 00:00:00+00:00,-9.0,52.55,0.0,0.0,0.0,185.75,0.83,212.0,83370.0
1990-01-17 01:00:00+00:00,-9.58,54.75,189.7,1087.34,52.2,185.9,0.76,208.0,83400.0
1990-01-17 02:00:00+00:00,-8.08,52.7,363.75,1012.02,71.6,188.3,0.76,205.0,83440.0
1990-01-17 03:00:00+00:00,-4.05,38.15,499.55,1001.2,82.2,191.95,0.9,209.0,83410.0
1990-01-17 04:00:00+00:00,-1.54,35.7,579.2,978.92,87.55,195.85,1.31,214.0,83350.0
1990-01-17 05:00:00+00:00,0.38,31.9,594.5,939.21,88.25,199.5,1.79,216.0,83230.0
1990-01-17 06:00:00+00:00,1.87,29.55,543.8,875.0,84.7,202.05,2.07,214.0,83100.0
1990-01-17 07:00:00+00:00,2.83,28.6,431.4,771.16,76.5,202.4,2.41,202.0,83010.0
1990-01-17 08:00:00+00:00,3.62,26.5,270.6,596.28,61.9,204.15,2.21,199.0,83000.0
1990-01-17 09:00:00+00:00,3.83,27.7,91.0,293.2,31.9,205.15,1.79,198.0,83000.0
1990-01-17 10:00:00+00:00,3.19,28.75,0.7,0.0,0.7,204.35,0.41,199.0,83010.0
1990-01-17 11:00:00+00:00,2.19,29.7,0.0,0.0,0.0,202.8,0.28,68.0,83020.0
1990-01-17 12:00:00+00:00,1.05,32.05,0.0,0.0,0.0,202.2,0.48,72.0,83050.0
1990-01-17 13:00:00+00:00,-0.05,36.1,0.0,0.0,0.0,201.45,0.62,77.0,83060.0
1990-01-17 14:00:00+00:00,-1.04,40.7,0.0,0.0,0.0,200.85,0.62,75.0,83070.0
1990-01-17 15:00:00+00:00,-1.92,44.15,0.0,0.0,0.0,199.9,0.55,73.0,83090.0
1990-01-17 16:00:00+00:00,-2.69,47.75,0.0,0.0,0.0,199.3,0.41,82.0,83100.0
1990-01-17 17:00:00+00:00,-3.43,51.8,0.0,0.0,0.0,198.55,0.48,85.0,83110.0
1990-01-17 18:00:00+00:00,-4.2,56.1,0.0,0.0,0.0,197.2,0.69,90.0,83120.0
1990-01-17 19:00:00+00:00,-5.13,60.75,0.0,0.0,0.0,196.2,0.76,99.0,83070.0
1990-01-17 20:00:00+00:00,-5.82,63.25,0.0,0.0,0.0,196.8,0.48,125.0,83040.0
1990-01-17 21:00:00+00:00,-6.43,65.8,0.0,0.0,0.0,197.95,0.48,117.0,82970.0
1990-01-17 22:00:00+00:00,-6.96,68.55,0.0,0.0,0.0,199.9,0.9,102.0,82910.0
1990-01-17 23:00:00+00:00,-7.57,77.55,0.0,0.0,0.0,199.9,1.03,92.0,82860.0
1990-01-18 00:00:00+00:00,-7.72,77.55,0.0,0.0,0.0,200.7,0.28,323.0,82960.0
1990-01-18 01:00:00+00:00,-7.86,77.55,164.95,803.82,62.15,202.7,0.41,69.0,83050.0
1990-01-18 02:00:00+00:00,-6.69,77.7,310.95,744.1,94.8,209.95,0.9,83.0,83030.0
1990-01-18 03:00:00+00:00,-3.7,69.15,428.55,690.63,139.15,216.15,0.9,117.0,83020.0
1990-01-18 04:00:00+00:00,-1.51,59.2,515.25,781.52,120.75,228.15,0.97,140.0,82930.0
1990-01-18 05:00:00+00:00,0.21,52.75,565.5,813.45,124.7,226.2,0.97,132.0,82800.0
1990-01-18 06:00:00+00:00,1.66,46.9,543.25,868.38,84.9,219.05,1.03,134.0,82670.0
1990-01-18 07:00:00+00:00,2.41,38.25,432.5,767.26,76.85,210.75,1.03,142.0,82570.0
1990-01-18 08:00:00+00:00,3.33,35.45,272.65,595.2,62.3,211.7,1.52,117.0,82550.0
1990-01-18 09:00:00+00:00,3.65,34.15,93.65,297.38,32.7,211.15,2.07,101.0,82500.0
1990-01-18 10:00:00+00:00,2.98,40.05,0.9,0.0,0.9,210.35,1.66,68.0,82520.0
1990-01-18 11:00:00+00:00,1.43,50.75,0.0,0.0,0.0,209.4,2.0,41.0,82540.0
1990-01-18 12:00:00+00:00,-0.74,59.35,0.0,0.0,0.0,208.6,1.79,38.0,82570.0
1990-01-18 13:00:00+00:00,-0.79,52.45,0.0,0.0,0.0,208.2,1.24,33.0,82600.0
1990-01-18 14:00:00+00:00,-1.27,54.55,0.0,0.0,0.0,207.45,1.1,46.0,82570.0
1990-01-18 15:00:00+00:00,-1.87,59.1,0.0,0.0,0.0,206.5,1.1,63.0,82550.0
1990-01-18 16:00:00+00:00,-2.26,64.0,0.0,0.0,0.0,209.4,1.03,94.0,82490.0
1990-01-18 17:00:00+00:00,-2.91,69.35,0.0,0.0,0.0,215.4,1.03,105.0,82430.0
1990-01-18 18:00:00+00:00,-4.18,78.05,0.0,0.0,0.0,218.1,1.24,102.0,82360.0
1990-01-18 19:00:00+00:00,-6.34,88.0,0.0,0.0,0.0,220.2,1.66,65.0,82250.0
1990-01-18 20:00:00+00:00,-6.62,91.6,0.0,0.0,0.0,241.9,1.86,51.0,82190.0
1990-01-18 21:00:00+00:00,-6.11,95.45,0.0,0.0,0.0,255.45,2.55,36.0,82160.0
1990-01-18 22:00:00+00:00,-5.68,95.45,0.0,0.0,0.0,254.85,2.9,35.0,82130.0
1990-01-18 23:00:00+00:00,-5.53,91.7,0.0,0.0,0.0,258.95,2.48,35.0,82120.0
1990-01-19 00:00:00+00:00,-5.43,91.7,0.0,0.0,0.0,271.1,2.34,15.0,82130.0
1990-01-19 01:00:00+00:00,-5.06,91.7,63.45,32.45,59.25,275.7,2.76,10.0,82190.0
1990-01-19 02:00:00+00:00,-4.44,78.05,132.3,87.9,106.6,272.85,3.17,9.0,82260.0
1990-01-19 03:00:00+00:00,-3.82,63.7,197.3,116.66,148.15,275.4,3.79,9.0,82320.0
1990-01-19 04:00:00+00:00,-3.41,56.35,182.0,90.65,136.0,274.6,4.28,9.0,82280.0
1990-01-19 05:00:00+00:00,-3.32,51.8,231.25,92.41,180.9,271.7,4.0,11.0,82200.0
1990-01-19 06:00:00+00:00,-2.79,49.8,235.3,86.62,189.3,283.5,3.93,15.0,82120.0
1990-01-19 07:00:00+00:00,-3.29,51.8,205.2,127.54,145.65,275.2,4.14,26.0,82110.0
1990-01-19 08:00:00+00:00,-3.33,51.8,129.0,104.52,91.7,264.95,4.14,30.0,82150.0
1990-01-19 09:00:00+00:00,-3.68,51.65,54.45,27.11,48.8,261.45,3.86,29.0,82210.0
1990-01-19 10:00:00+00:00,-4.08,51.55,0.75,0.0,0.75,253.3,3.59,27.0,82320.0
1990-01-19 11:00:00+00:00,-4.5,49.4,0.0,0.0,0.0,252.75,3.45,28.0,82430.0
1990-01-19 12:00:00+00:00,-4.73,49.25,0.0,0.0,0.0,250.8,3.52,27.0,82560.0
1990-01-19 13:00:00+00:00,-5.12,47.05,0.0,0.0,0.0,224.85,3.79,24.0,82660.0
1990-01-19 14:00:00+00:00,-5.43,39.55,0.0,0.0,0.0,225.05,3.86,23.0,82720.0
1990-01-19 15:00:00+00:00,-5.81,37.7,0.0,0.0,0.0,226.6,3.66,21.0,82760.0
1990-01-19 16:00:00+00:00,-6.37,37.55,0.0,0.0,0.0,221.0,3.52,22.0,82810.0
1990-01-19 17:00:00+00:00,-7.04,39.1,0.0,0.0,0.0,210.55,3.1,23.0,82850.0
1990-01-19 18:00:00+00:00,-7.89,42.4,0.0,0.0,0.0,190.2,2.97,27.0,82890.0
1990-01-19 19:00:00+00:00,-8.08,42.4,0.0,0.0,0.0,215.95,2.55,20.0,82830.0
1990-01-19 20:00:00+00:00,-8.55,46.2,0.0,0.0,0.0,211.15,2.21,22.0,82860.0
1990-01-19 21:00:00+00:00,-8.93,48.1,0.0,0.0,0.0,212.3,2.14,30.0,82850.0
1990-01-19 22:00:00+00:00,-9.09,52.4,0.0,0.0,0.0,223.15,1.93,29.0,82890.0
1990-01-19 23:00:00+00:00,-9.07,54.9,0.0,0.0,0.0,232.05,1.66,25.0,82980.0
1990-01-20 00:00:00+00:00,-8.93,59.9,0.0,0.0,0.0,246.15,1.1,32.0,83050.0
1990-01-20 01:00:00+00:00,-8.38,62.65,52.0,1.14,51.85,254.2,0.21,14.0,83140.0
1990-01-20 02:00:00+00:00,-8.03,62.75,133.05,26.83,125.15,259.1,0.28,274.0,83210.0
1990-01-20 03:00:00+00:00,-7.45,65.6,224.15,30.8,211.1,257.75,0.83,314.0,83250.0
1990-01-20 04:00:00+00:00,-6.39,60.5,274.55,54.39,246.8,257.75,2.41,327.0,83210.0
1990-01-20 05:00:00+00:00,-5.29,55.8,309.45,68.44,271.95,258.95,3.31,324.0,83140.0
1990-01-20 06:00:00+00:00,-4.28,51.55,213.35,32.47,196.0,261.85,3.03,327.0,83050.0
1990-01-20 07:00:00+00:00,-4.5,51.55,167.15,7.23,163.75,267.45,2.62,334.0,82960.0
1990-01-20 08:00:00+00:00,-4.35,53.75,79.4,0.28,79.3,264.75,2.07,350.0,83000.0
1990-01-20 09:00:00+00:00,-4.66,55.95,41.8,3.07,41.15,261.25,1.24,11.0,83050.0
1990-01-20 10:00:00+00:00,-4.93,58.35,1.0,0.0,1.0,255.65,0.69,47.0,83150.0
1990-01-20 11:00:00+00:00,-5.27,63.35,0.0,0.0,0.0,242.65,0.28,210.0,83230.0
1990-01-20 12:00:00+00:00,-5.75,65.95,0.0,0.0,0.0,226.4,0.83,235.0,83300.0
1990-01-20 13:00:00+00:00,-6.39,68.65,0.0,0.0,0.0,217.7,1.24,256.0,83330.0
1990-01-20 14:00:00+00:00,-7.09,71.4,0.0,0.0,0.0,217.15,1.52,259.0,83340.0
1990-01-20 15:00:00+00:00,-7.66,74.35,0.0,0.0,0.0,219.45,1.45,261.0,83340.0
1990-01-20 16:00:00+00:00,-8.47,77.45,0.0,0.0,0.0,205.5,1.59,262.0,83320.0
1990-01-20 17:00:00+00:00,-9.5,80.65,0.0,0.0,0.0,187.9,1.79,265.0,83320.0
1990-01-20 18:00:00+00:00,-10.45,80.55,0.0,0.0,0.0,183.45,1.72,265.0,83310.0
1990-01-20 19:00:00+00:00,-11.31,80.45,0.0,0.0,0.0,183.85,1.52,263.0,83270.0
1990-01-20 20:00:00+00:00,-11.83,80.35,0.0,0.0,0.0,180.55,1.38,264.0,83220.0
1990-01-20 21:00:00+00:00,-12.23,83.8,0.0,0.0,0.0,180.35,1.52,264.0,83220.0
1990-01-20 22:00:00+00:00,-12.65,83.75,0.0,0.0,0.0,179.2,1.31,263.0,83230.0
1990-01-20 23:00:00+00:00,-13.01,83.75,0.0,0.0,0.0,178.8,1.24,264.0,83260.0
1990-01-21 00:00:00+00:00,-13.26,83.7,0.0,0.0,0.0,180.15,1.31,260.0,83290.0
1990-01-21 01:00:00+00:00,-13.06,80.25,195.85,1047.01,56.8,178.9,1.45,250.0,83340.0
1990-01-21 02:00:00+00:00,-10.03,65.15,372.2,991.69,78.15,180.95,1.52,237.0,83370.0
1990-01-21 03:00:00+00:00,-7.09,60.25,509.85,983.94,90.5,184.8,1.79,232.0,83390.0
1990-01-21 04:00:00+00:00,-5.15,55.8,593.55,979.9,90.85,188.1,2.07,238.0,83350.0
1990-01-21 05:00:00+00:00,-3.74,49.55,611.4,944.66,90.85,190.6,1.93,234.0,83230.0
1990-01-21 06:00:00+00:00,-2.66,47.75,558.9,868.05,92.15,193.7,2.14,211.0,83110.0
1990-01-21 07:00:00+00:00,-2.15,45.9,446.9,770.21,81.9,194.7,1.86,207.0,82970.0
1990-01-21 08:00:00+00:00,-1.83,44.15,277.45,544.82,79.15,196.4,0.76,198.0,82950.0
1990-01-21 09:00:00+00:00,-1.82,44.15,88.0,183.82,48.4,200.1,0.55,146.0,82980.0
1990-01-21 10:00:00+00:00,-2.17,45.9,1.5,0.0,1.5,213.25,0.83,103.0,83020.0
1990-01-21 11:00:00+00:00,-3.06,47.6,0.0,0.0,0.0,211.5,0.97,80.0,83100.0
1990-01-21 12:00:00+00:00,-4.14,53.75,0.0,0.0,0.0,210.75,0.9,67.0,83170.0
1990-01-21 13:00:00+00:00,-4.16,51.55,0.0,0.0,0.0,210.95,0.34,64.0,83220.0
1990-01-21 14:00:00+00:00,-4.78,53.65,0.0,0.0,0.0,208.8,0.34,295.0,83230.0
1990-01-21 15:00:00+00:00,-5.72,58.1,0.0,0.0,0.0,216.35,0.76,273.0,83220.0
1990-01-21 16:00:00+00:00,-7.24,65.6,0.0,0.0,0.0,198.15,1.24,258.0,83220.0
1990-01-21 17:00:00+00:00,-8.4,68.25,0.0,0.0,0.0,188.7,1.52,258.0,83180.0
1990-01-21 18:00:00+00:00,-9.31,74.1,0.0,0.0,0.0,186.35,1.45,261.0,83170.0
1990-01-21 19:00:00+00:00,-10.24,74.0,0.0,0.0,0.0,186.15,1.52,258.0,83090.0
1990-01-21 20:00:00+00:00,-10.77,73.9,0.0,0.0,0.0,185.95,1.59,257.0,83100.0
1990-01-21 21:00:00+00:00,-11.26,77.05,0.0,0.0,0.0,185.95,1.52,253.0,83050.0
1990-01-21 22:00:00+00:00,-11.59,77.05,0.0,0.0,0.0,185.0,1.45,247.0,83030.0
1990-01-21 23:00:00+00:00,-11.76,80.35,0.0,0.0,0.0,184.6,1.31,251.0,83030.0
1990-01-22 00:00:00+00:00,-11.74,80.35,0.0,0.0,0.0,183.45,1.17,260.0,83060.0
1990-01-22 01:00:00+00:00,-11.25,77.05,181.65,793.54,74.8,183.95,0.97,265.0,83120.0
1990-01-22 02:00:00+00:00,-8.17,62.65,325.6,669.51,125.6,196.2,0.83,278.0,83170.0
1990-01-22 03:00:00+00:00,-5.28,53.5,452.45,693.72,155.0,205.7,0.62,287.0,83190.0
1990-01-22 04:00:00+00:00,-3.18,47.6,508.65,640.01,178.45,209.95,0.55,290.0,83180.0
1990-01-22 05:00:00+00:00,-1.59,42.35,570.75,764.62,146.95,213.25,0.69,343.0,83120.0
1990-01-22 06:00:00+00:00,-0.3,39.3,509.7,649.36,158.3,210.95,1.72,19.0,83030.0
1990-01-22 07:00:00+00:00,0.15,36.25,443.1,736.99,91.2,219.45,3.03,27.0,83000.0
1990-01-22 08:00:00+00:00,0.22,36.25,288.45,597.92,68.65,201.25,2.41,42.0,83010.0
1990-01-22 09:00:00+00:00,-0.08,36.1,106.8,314.36,37.95,198.95,1.79,79.0,82990.0
1990-01-22 10:00:00+00:00,-0.82,37.55,2.45,15.54,1.8,193.9,1.86,127.0,83010.0
1990-01-22 11:00:00+00:00,-2.24,40.4,0.0,0.0,0.0,190.6,1.72,146.0,82990.0
1990-01-22 12:00:00+00:00,-4.1,49.4,0.0,0.0,0.0,189.05,1.38,160.0,83010.0
1990-01-22 13:00:00+00:00,-4.78,49.25,0.0,0.0,0.0,186.95,1.03,176.0,82980.0
1990-01-22 14:00:00+00:00,-5.34,51.25,0.0,0.0,0.0,185.2,0.76,196.0,82970.0
1990-01-22 15:00:00+00:00,-6.05,51.15,0.0,0.0,0.0,183.65,0.48,229.0,82950.0
1990-01-22 16:00:00+00:00,-7.06,55.45,0.0,0.0,0.0,182.3,0.55,240.0,82910.0
1990-01-22 17:00:00+00:00,-7.96,60.1,0.0,0.0,0.0,180.55,0.69,239.0,82850.0
1990-01-22 18:00:00+00:00,-8.77,65.25,0.0,0.0,0.0,178.4,0.76,240.0,82800.0
1990-01-22 19:00:00+00:00,-8.87,65.25,0.0,0.0,0.0,178.25,0.76,240.0,82760.0
1990-01-22 20:00:00+00:00,-9.53,68.0,0.0,0.0,0.0,177.05,0.9,241.0,82700.0
1990-01-22 21:00:00+00:00,-10.37,70.9,0.0,0.0,0.0,176.1,1.1,246.0,82650.0
1990-01-22 22:00:00+00:00,-11.09,70.8,0.0,0.0,0.0,175.3,1.31,247.0,82590.0
1990-01-22 23:00:00+00:00,-11.64,73.75,0.0,0.0,0.0,174.75,1.45,250.0,82590.0
1990-01-23 00:00:00+00:00,-12.13,70.5,0.0,0.0,0.0,174.35,1.59,255.0,82620.0
1990-01-23 01:00:00+00:00,-12.04,64.7,207.8,1110.6,56.1,174.25,1.66,267.0,82700.0
1990-01-23 02:00:00+00:00,-8.25,48.25,388.45,1037.08,76.25,177.25,1.1,291.0,82790.0
1990-01-23 03:00:00+00:00,-4.56,38.0,528.2,1020.63,87.85,181.3,0.97,355.0,82850.0
1990-01-23 04:00:00+00:00,-1.94,34.15,609.55,989.89,95.85,185.6,1.79,32.0,82890.0
1990-01-23 05:00:00+00:00,0.2,31.9,625.7,943.31,99.75,189.25,3.72,28.0,82850.0
1990-01-23 06:00:00+00:00,1.14,29.4,572.9,861.82,103.5,189.85,5.38,27.0,82810.0
1990-01-23 07:00:00+00:00,1.43,26.95,449.35,706.77,109.3,190.8,5.31,28.0,82790.0
1990-01-23 08:00:00+00:00,1.24,25.8,288.95,551.18,84.3,193.5,5.72,27.0,82870.0
1990-01-23 09:00:00+00:00,0.47,25.7,110.95,314.86,40.85,191.95,5.38,26.0,82970.0
1990-01-23 10:00:00+00:00,-0.93,27.75,2.9,18.76,2.05,186.95,4.62,30.0,83080.0
1990-01-23 11:00:00+00:00,-2.52,29.85,0.0,0.0,0.0,184.6,4.41,28.0,83200.0
1990-01-23 12:00:00+00:00,-3.54,33.6,0.0,0.0,0.0,183.65,4.21,27.0,83320.0
1990-01-23 13:00:00+00:00,-4.39,34.95,0.0,0.0,0.0,183.25,3.72,24.0,83410.0
1990-01-23 14:00:00+00:00,-5.16,39.55,0.0,0.0,0.0,185.0,3.1,21.0,83490.0
1990-01-23 15:00:00+00:00,-6.03,41.15,0.0,0.0,0.0,188.85,2.14,21.0,83530.0
1990-01-23 16:00:00+00:00,-6.74,44.65,0.0,0.0,0.0,186.95,1.38,23.0,83550.0
1990-01-23 17:00:00+00:00,-6.22,42.85,0.0,0.0,0.0,185.2,0.55,19.0,83570.0
1990-01-23 18:00:00+00:00,-7.08,46.5,0.0,0.0,0.0,178.25,0.55,286.0,83560.0
1990-01-23 19:00:00+00:00,-8.38,50.45,0.0,0.0,0.0,174.35,1.03,260.0,83560.0
1990-01-23 20:00:00+00:00,-10.31,54.65,0.0,0.0,0.0,172.6,1.31,264.0,83500.0
1990-01-23 21:00:00+00:00,-11.41,59.4,0.0,0.0,0.0,171.45,1.31,265.0,83430.0
1990-01-23 22:00:00+00:00,-12.12,61.8,0.0,0.0,0.0,170.7,1.24,258.0,83350.0
1990-01-23 23:00:00+00:00,-12.8,64.5,0.0,0.0,0.0,170.3,1.24,249.0,83320.0
1990-01-24 00:00:00+00:00,-13.4,67.3,0.0,0.0,0.0,170.5,1.31,244.0,83320.0
1990-01-24 01:00:00+00:00,-13.24,64.35,208.5,1096.04,56.55,171.15,1.24,241.0,83350.0
1990-01-24 02:00:00+00:00,-9.26,50.15,389.85,1032.48,76.55,174.55,1.17,228.0,83350.0
1990-01-24 03:00:00+00:00,-5.68,39.4,531.1,1020.68,87.9,178.8,1.31,217.0,83340.0
1990-01-24 04:00:00+00:00,-3.14,33.75,614.95,998.57,93.65,182.7,2.07,221.0,83270.0
1990-01-24 05:00:00+00:00,-1.12,31.45,633.0,959.64,94.7,185.95,2.69,225.0,83170.0
1990-01-24 06:00:00+00:00,0.43,29.25,583.75,898.59,91.1,187.9,2.9,227.0,83010.0
1990-01-24 07:00:00+00:00,1.84,25.95,471.1,801.19,82.65,189.25,2.9,230.0,82920.0
1990-01-24 08:00:00+00:00,2.53,24.05,306.95,637.68,67.8,190.4,2.55,232.0,82890.0
1990-01-24 09:00:00+00:00,2.67,23.05,117.75,345.76,39.5,190.2,2.07,236.0,82900.0
1990-01-24 10:00:00+00:00,1.96,25.95,3.55,22.54,2.45,188.85,0.97,226.0,82900.0
1990-01-24 11:00:00+00:00,0.87,24.7,0.0,0.0,0.0,186.55,0.48,188.0,82930.0
1990-01-24 12:00:00+00:00,-0.13,26.7,0.0,0.0,0.0,185.6,0.41,181.0,82970.0
1990-01-24 13:00:00+00:00,-1.14,28.85,0.0,0.0,0.0,185.0,0.41,250.0,83010.0
1990-01-24 14:00:00+00:00,-2.32,31.2,0.0,0.0,0.0,184.8,0.83,282.0,83030.0
1990-01-24 15:00:00+00:00,-3.71,35.1,0.0,0.0,0.0,185.2,1.03,288.0,83050.0
1990-01-24 16:00:00+00:00,-4.56,36.35,0.0,0.0,0.0,183.45,0.97,291.0,83060.0
1990-01-24 17:00:00+00:00,-5.09,37.85,0.0,0.0,0.0,183.85,0.83,304.0,83060.0
1990-01-24 18:00:00+00:00,-5.64,37.7,0.0,0.0,0.0,180.95,0.83,311.0,83050.0
1990-01-24 19:00:00+00:00,-6.82,40.85,0.0,0.0,0.0,179.6,1.17,286.0,83050.0
1990-01-24 20:00:00+00:00,-7.47,42.55,0.0,0.0,0.0,178.6,1.31,281.0,83030.0
1990-01-24 21:00:00+00:00,-8.32,44.2,0.0,0.0,0.0,178.05,1.52,280.0,83010.0
1990-01-24 22:00:00+00:00,-8.95,44.05,0.0,0.0,0.0,177.25,1.52,280.0,83010.0
1990-01-24 23:00:00+00:00,-9.32,43.9,0.0,0.0,0.0,177.65,1.52,280.0,83040.0
1990-01-25 00:00:00+00:00,-9.22,41.95,0.0,0.0,0.0,185.0,1.31,285.0,83050.0
1990-01-25 01:00:00+00:00,-9.07,40.25,191.7,772.5,82.95,184.15,1.24,281.0,83100.0
1990-01-25 02:00:00+00:00,-7.39,37.25,358.65,749.14,129.45,192.35,0.97,269.0,83140.0
1990-01-25 03:00:00+00:00,-2.79,27.15,484.25,697.01,179.6,197.6,0.62,252.0,83160.0
1990-01-25 04:00:00+00:00,-0.51,26.55,565.1,719.02,187.45,205.9,0.62,234.0,83130.0
1990-01-25 05:00:00+00:00,1.06,25.8,584.9,702.08,188.65,209.2,0.48,230.0,83050.0
1990-01-25 06:00:00+00:00,2.15,23.95,540.85,667.06,172.7,209.75,0.55,230.0,82930.0
1990-01-25 07:00:00+00:00,3.21,22.2,437.2,617.47,135.5,209.6,0.76,234.0,82870.0
1990-01-25 08:00:00+00:00,3.59,20.45,282.2,461.57,107.35,206.7,0.48,222.0,82860.0
1990-01-25 09:00:00+00:00,3.54,20.45,109.95,251.07,52.2,207.25,0.21,176.0,82880.0
1990-01-25 10:00:00+00:00,3.02,23.05,3.85,16.24,3.0,204.75,0.76,121.0,82920.0
1990-01-25 11:00:00+00:00,1.72,25.95,0.0,0.0,0.0,201.45,0.69,116.0,82970.0
1990-01-25 12:00:00+00:00,0.87,23.65,0.0,0.0,0.0,194.5,0.28,59.0,83020.0
1990-01-25 13:00:00+00:00,-0.22,25.55,0.0,0.0,0.0,188.1,0.48,347.0,83060.0
1990-01-25 14:00:00+00:00,-1.52,27.45,0.0,0.0,0.0,186.55,0.55,323.0,83080.0
1990-01-25 15:00:00+00:00,-2.69,29.7,0.0,0.0,0.0,185.4,0.69,311.0,83100.0
1990-01-25 16:00:00+00:00,-3.8,32.15,0.0,0.0,0.0,184.25,0.97,304.0,83110.0
1990-01-25 17:00:00+00:00,-4.82,33.3,0.0,0.0,0.0,182.7,1.1,298.0,83110.0
1990-01-25 18:00:00+00:00,-5.69,36.05,0.0,0.0,0.0,181.7,1.17,295.0,83100.0
1990-01-25 19:00:00+00:00,-6.86,40.85,0.0,0.0,0.0,182.3,1.24,294.0,83120.0
1990-01-25 20:00:00+00:00,-7.34,40.7,0.0,0.0,0.0,182.5,1.17,293.0,83090.0
1990-01-25 21:00:00+00:00,-8.25,44.2,0.0,0.0,0.0,182.3,1.31,287.0,83060.0
1990-01-25 22:00:00+00:00,-8.61,44.05,0.0,0.0,0.0,183.05,1.24,289.0,83050.0
1990-01-25 23:00:00+00:00,-8.32,42.25,0.0,0.0,0.0,184.6,0.97,294.0,83110.0
1990-01-26 00:00:00+00:00,-8.16,42.25,0.0,0.0,0.0,187.15,0.83,304.0,83150.0
1990-01-26 01:00:00+00:00,-7.96,38.8,183.75,818.08,66.75,188.6,0.9,293.0,83200.0
1990-01-26 02:00:00+00:00,-6.95,37.4,381.65,929.5,94.85,190.2,0.76,279.0,83260.0
1990-01-26 03:00:00+00:00,-2.45,26.15,511.35,883.34,122.65,194.1,0.41,271.0,83260.0
1990-01-26 04:00:00+00:00,-0.24,24.45,592.25,852.13,141.9,198.55,0.21,236.0,83250.0
1990-01-26 05:00:00+00:00,1.27,23.65,596.9,760.05,165.25,205.15,0.14,198.0,83180.0
1990-01-26 06:00:00+00:00,2.31,21.9,522.65,610.31,183.55,209.75,0.28,146.0,83110.0
1990-01-26 07:00:00+00:00,2.75,21.1,411.6,524.24,153.45,221.75,0.34,182.0,83070.0
1990-01-26 08:00:00+00:00,3.16,20.3,254.85,385.22,107.45,219.65,0.28,140.0,83120.0
1990-01-26 09:00:00+00:00,3.15,19.45,108.3,235.28,53.3,222.95,0.41,105.0,83130.0
1990-01-26 10:00:00+00:00,2.78,21.1,4.4,20.56,3.25,208.6,0.83,95.0,83200.0
1990-01-26 11:00:00+00:00,1.44,34.9,0.0,0.0,0.0,202.2,0.69,103.0,83230.0
1990-01-26 12:00:00+00:00,0.95,21.65,0.0,0.0,0.0,197.0,0.41,142.0,83310.0
1990-01-26 13:00:00+00:00,0.06,22.5,0.0,0.0,0.0,191.0,0.41,211.0,83340.0
1990-01-26 14:00:00+00:00,-0.87,24.3,0.0,0.0,0.0,189.65,0.76,250.0,83390.0
1990-01-26 15:00:00+00:00,-2.17,27.3,0.0,0.0,0.0,189.45,1.1,261.0,83400.0
1990-01-26 16:00:00+00:00,-4.36,33.45,0.0,0.0,0.0,189.45,1.45,262.0,83400.0
1990-01-26 17:00:00+00:00,-5.76,37.7,0.0,0.0,0.0,188.1,1.59,263.0,83400.0
1990-01-26 18:00:00+00:00,-6.84,40.85,0.0,0.0,0.0,188.1,1.59,263.0,83370.0
1990-01-26 19:00:00+00:00,-7.61,42.4,0.0,0.0,0.0,187.9,1.66,266.0,83350.0
1990-01-26 20:00:00+00:00,-8.1,44.2,0.0,0.0,0.0,188.5,1.59,261.0,83310.0
1990-01-26 21:00:00+00:00,-8.45,44.2,0.0,0.0,0.0,188.5,1.66,256.0,83270.0
1990-01-26 22:00:00+00:00,-8.51,44.2,0.0,0.0,0.0,188.5,1.59,257.0,83220.0
1990-01-26 23:00:00+00:00,-8.56,46.2,0.0,0.0,0.0,188.5,1.59,255.0,83230.0
1990-01-27 00:00:00+00:00,-8.49,46.2,0.0,0.0,0.0,187.9,1.59,252.0,83230.0
1990-01-27 01:00:00+00:00,-8.27,46.2,213.9,1083.2,56.45,187.25,1.52,248.0,83250.0
1990-01-27 02:00:00+00:00,-5.52,37.85,395.65,1027.96,75.7,189.45,1.1,245.0,83250.0
1990-01-27 03:00:00+00:00,-1.24,28.85,536.8,1015.75,86.75,192.95,1.1,239.0,83230.0
1990-01-27 04:00:00+00:00,0.97,28.15,620.35,992.67,92.4,196.6,1.17,234.0,83180.0
1990-01-27 05:00:00+00:00,2.54,26.25,637.95,952.98,93.3,200.3,1.31,230.0,83070.0
1990-01-27 06:00:00+00:00,3.68,24.35,588.75,891.94,89.8,203.0,1.45,217.0,82940.0
1990-01-27 07:00:00+00:00,4.46,22.45,476.65,795.8,81.7,204.15,1.52,204.0,82830.0
1990-01-27 08:00:00+00:00,4.92,21.65,313.65,636.2,67.75,205.15,1.38,190.0,82790.0
1990-01-27 09:00:00+00:00,4.91,20.7,125.15,353.2,41.25,204.95,1.17,183.0,82770.0
1990-01-27 10:00:00+00:00,4.29,22.45,5.25,31.08,3.4,203.2,0.41,107.0,82790.0
1990-01-27 11:00:00+00:00,2.0,50.9,0.0,0.0,0.0,201.05,1.31,44.0,82830.0
1990-01-27 12:00:00+00:00,0.23,34.75,0.0,0.0,0.0,200.7,1.72,23.0,82880.0
1990-01-27 13:00:00+00:00,-0.62,29.0,0.0,0.0,0.0,198.35,1.72,8.0,82930.0
1990-01-27 14:00:00+00:00,-1.35,30.15,0.0,0.0,0.0,196.8,1.66,359.0,82940.0
1990-01-27 15:00:00+00:00,-1.25,28.85,0.0,0.0,0.0,197.2,1.38,352.0,82940.0
1990-01-27 16:00:00+00:00,-1.53,30.0,0.0,0.0,0.0,205.15,1.1,328.0,82920.0
1990-01-27 17:00:00+00:00,-2.32,31.2,0.0,0.0,0.0,204.15,1.24,304.0,82920.0
1990-01-27 18:00:00+00:00,-3.69,33.6,0.0,0.0,0.0,205.15,1.45,295.0,82880.0
1990-01-27 19:00:00+00:00,-4.62,36.35,0.0,0.0,0.0,201.85,1.52,285.0,82890.0
1990-01-27 20:00:00+00:00,-5.46,37.85,0.0,0.0,0.0,201.65,1.52,277.0,82840.0
1990-01-27 21:00:00+00:00,-6.43,41.0,0.0,0.0,0.0,193.9,1.72,272.0,82800.0
1990-01-27 22:00:00+00:00,-7.32,42.55,0.0,0.0,0.0,189.85,1.79,271.0,82780.0
1990-01-27 23:00:00+00:00,-7.85,44.35,0.0,0.0,0.0,189.65,1.72,267.0,82780.0
1990-01-28 00:00:00+00:00,-8.02,44.35,0.0,0.0,0.0,192.95,1.66,259.0,82800.0
1990-01-28 01:00:00+00:00,-7.77,46.35,209.2,953.03,68.35,198.1,1.66,254.0,82830.0
1990-01-28 02:00:00+00:00,-4.79,38.0,385.1,902.28,101.75,195.25,1.17,249.0,82840.0
1990-01-28 03:00:00+00:00,-0.11,26.7,523.5,895.79,123.8,199.5,0.97,241.0,82840.0
1990-01-28 04:00:00+00:00,2.22,25.0,603.8,900.65,121.7,206.7,0.9,239.0,82830.0
1990-01-28 05:00:00+00:00,3.67,22.3,638.3,936.64,99.55,208.6,1.1,236.0,82750.0
1990-01-28 06:00:00+00:00,4.78,21.65,590.9,887.81,90.85,207.05,1.24,223.0,82660.0
1990-01-28 07:00:00+00:00,5.83,20.1,481.45,801.75,80.4,206.85,1.38,240.0,82610.0
1990-01-28 08:00:00+00:00,6.19,19.35,318.15,641.22,67.8,205.5,0.76,272.0,82610.0
1990-01-28 09:00:00+00:00,6.13,18.55,129.3,362.13,41.9,204.15,0.41,353.0,82640.0
1990-01-28 10:00:00+00:00,5.55,20.1,6.0,34.84,3.8,201.65,1.1,82.0,82660.0
1990-01-28 11:00:00+00:00,3.04,47.3,0.0,0.0,0.0,198.95,1.59,95.0,82690.0
1990-01-28 12:00:00+00:00,2.22,28.45,0.0,0.0,0.0,197.75,1.38,100.0,82690.0
1990-01-28 13:00:00+00:00,2.19,23.95,0.0,0.0,0.0,196.2,0.97,103.0,82710.0
1990-01-28 14:00:00+00:00,1.23,25.8,0.0,0.0,0.0,194.5,0.62,113.0,82720.0
1990-01-28 15:00:00+00:00,0.4,26.85,0.0,0.0,0.0,193.15,0.28,152.0,82740.0
1990-01-28 16:00:00+00:00,-0.34,27.9,0.0,0.0,0.0,192.35,0.28,240.0,82750.0
1990-01-28 17:00:00+00:00,-1.06,30.15,0.0,0.0,0.0,192.15,0.55,264.0,82790.0
1990-01-28 18:00:00+00:00,-1.99,31.35,0.0,0.0,0.0,192.15,0.62,275.0,82810.0
1990-01-28 19:00:00+00:00,-2.81,32.45,0.0,0.0,0.0,193.5,0.41,343.0,82790.0
1990-01-28 20:00:00+00:00,-3.17,35.25,0.0,0.0,0.0,192.35,0.34,3.0,82750.0
1990-01-28 21:00:00+00:00,-3.49,35.25,0.0,0.0,0.0,195.65,0.21,341.0,82730.0
1990-01-28 22:00:00+00:00,-3.88,38.3,0.0,0.0,0.0,199.5,0.21,27.0,82670.0
1990-01-28 23:00:00+00:00,-4.24,39.85,0.0,0.0,0.0,205.3,0.28,35.0,82680.0
1990-01-29 00:00:00+00:00,-4.54,41.6,0.0,0.0,0.0,207.85,0.28,318.0,82720.0
1990-01-29 01:00:00+00:00,-4.61,43.3,160.45,323.63,111.8,228.85,0.41,13.0,82760.0
1990-01-29 02:00:00+00:00,-3.02,38.6,331.25,540.83,159.85,232.2,0.41,17.0,82800.0
1990-01-29 03:00:00+00:00,-0.33,34.6,455.6,578.98,195.4,226.6,0.41,47.0,82830.0
1990-01-29 04:00:00+00:00,1.79,38.1,499.25,445.82,259.05,238.6,1.45,57.0,82780.0
1990-01-29 05:00:00+00:00,3.28,40.15,489.85,397.88,259.5,245.75,2.28,64.0,82680.0
1990-01-29 06:00:00+00:00,4.19,42.15,367.0,159.57,276.5,256.8,2.14,76.0,82600.0
1990-01-29 07:00:00+00:00,4.55,42.3,272.8,91.93,226.45,263.4,2.28,57.0,82530.0
1990-01-29 08:00:00+00:00,4.95,44.05,204.3,129.57,153.2,268.4,2.9,49.0,82510.0
1990-01-29 09:00:00+00:00,5.11,42.45,69.1,53.84,55.9,268.05,3.17,27.0,82560.0
1990-01-29 10:00:00+00:00,4.47,40.45,3.35,1.5,3.25,269.2,3.24,5.0,82610.0
1990-01-29 11:00:00+00:00,3.38,35.45,0.0,0.0,0.0,277.1,3.52,359.0,82670.0
1990-01-29 12:00:00+00:00,2.45,29.7,0.0,0.0,0.0,278.5,3.38,7.0,82730.0
1990-01-29 13:00:00+00:00,1.19,29.4,0.0,0.0,0.0,257.95,3.03,23.0,82790.0
1990-01-29 14:00:00+00:00,-0.39,34.6,0.0,0.0,0.0,235.15,2.41,21.0,82830.0
1990-01-29 15:00:00+00:00,-0.83,29.0,0.0,0.0,0.0,228.35,1.59,22.0,82840.0
1990-01-29 16:00:00+00:00,-0.16,25.55,0.0,0.0,0.0,210.55,0.9,13.0,82860.0
1990-01-29 17:00:00+00:00,-0.85,26.55,0.0,0.0,0.0,206.5,0.69,332.0,82880.0
1990-01-29 18:00:00+00:00,-1.43,27.6,0.0,0.0,0.0,203.95,0.48,297.0,82860.0
1990-01-29 19:00:00+00:00,-2.69,24.85,0.0,0.0,0.0,196.6,0.9,287.0,82780.0
1990-01-29 20:00:00+00:00,-2.82,24.85,0.0,0.0,0.0,195.05,0.83,264.0,82770.0
1990-01-29 21:00:00+00:00,-3.3,25.85,0.0,0.0,0.0,191.75,1.1,245.0,82700.0
1990-01-29 22:00:00+00:00,-4.83,30.45,0.0,0.0,0.0,190.6,1.38,243.0,82680.0
1990-01-29 23:00:00+00:00,-6.26,35.9,0.0,0.0,0.0,188.3,1.59,249.0,82660.0
1990-01-30 00:00:00+00:00,-7.37,40.7,0.0,0.0,0.0,185.95,1.66,249.0,82650.0
1990-01-30 01:00:00+00:00,-7.94,44.35,225.1,1093.16,57.9,185.7,1.66,242.0,82650.0
1990-01-30 02:00:00+00:00,-4.39,34.95,409.65,1044.58,75.5,187.7,1.45,232.0,82660.0
1990-01-30 03:00:00+00:00,0.1,26.85,552.35,1029.79,86.15,192.55,1.66,231.0,82600.0
1990-01-30 04:00:00+00:00,2.45,26.1,636.55,1004.3,91.85,198.15,1.79,231.0,82520.0
1990-01-30 05:00:00+00:00,4.39,23.45,655.2,965.09,92.8,203.0,2.28,226.0,82410.0
1990-01-30 06:00:00+00:00,6.16,21.1,607.35,906.69,89.55,206.7,2.62,220.0,82240.0
1990-01-30 07:00:00+00:00,8.09,17.45,494.95,812.77,81.9,208.6,2.76,215.0,82050.0
1990-01-30 08:00:00+00:00,9.1,15.55,330.3,657.07,68.55,210.35,2.55,222.0,81990.0
1990-01-30 09:00:00+00:00,9.3,15.55,138.15,380.83,43.3,210.75,2.41,237.0,81930.0
1990-01-30 10:00:00+00:00,8.25,17.45,7.6,43.28,4.55,209.0,2.0,262.0,81930.0
1990-01-30 11:00:00+00:00,5.3,40.75,0.0,0.0,0.0,207.05,1.86,264.0,81940.0
1990-01-30 12:00:00+00:00,3.43,34.0,0.0,0.0,0.0,207.05,1.66,240.0,81960.0
1990-01-30 13:00:00+00:00,2.02,28.45,0.0,0.0,0.0,208.2,1.66,216.0,81960.0
1990-01-30 14:00:00+00:00,1.19,26.95,0.0,0.0,0.0,218.65,1.45,215.0,81960.0
1990-01-30 15:00:00+00:00,0.79,28.15,0.0,0.0,0.0,210.95,1.1,239.0,81950.0
1990-01-30 16:00:00+00:00,-0.44,30.4,0.0,0.0,0.0,201.05,0.97,289.0,81970.0
1990-01-30 17:00:00+00:00,-2.13,37.1,0.0,0.0,0.0,200.85,1.72,333.0,82090.0
1990-01-30 18:00:00+00:00,-3.31,40.15,0.0,0.0,0.0,201.25,3.45,5.0,82250.0
1990-01-30 19:00:00+00:00,-1.83,37.25,0.0,0.0,0.0,202.2,5.38,28.0,82300.0
1990-01-30 20:00:00+00:00,-2.06,38.7,0.0,0.0,0.0,210.15,5.24,25.0,82400.0
1990-01-30 21:00:00+00:00,-2.67,43.85,0.0,0.0,0.0,208.4,4.55,28.0,82440.0
1990-01-30 22:00:00+00:00,-3.75,51.65,0.0,0.0,0.0,203.6,3.38,34.0,82530.0
1990-01-30 23:00:00+00:00,-4.18,53.75,0.0,0.0,0.0,199.9,1.79,44.0,82640.0
1990-01-31 00:00:00+00:00,-2.53,47.75,0.0,0.0,0.0,202.4,0.28,58.0,82730.0
1990-01-31 01:00:00+00:00,-3.04,49.65,216.1,971.28,64.9,200.6,0.55,246.0,82810.0
1990-01-31 02:00:00+00:00,-1.97,46.05,399.5,989.78,79.85,200.5,0.69,261.0,82870.0
1990-01-31 03:00:00+00:00,-0.28,41.0,539.5,978.42,93.25,201.85,0.07,286.0,82900.0
1990-01-31 04:00:00+00:00,0.84,37.95,630.65,985.58,92.5,204.35,0.62,91.0,82870.0
1990-01-31 05:00:00+00:00,2.0,36.55,650.9,950.46,93.35,205.7,1.59,118.0,82780.0
1990-01-31 06:00:00+00:00,3.23,32.6,602.85,890.98,90.45,206.85,2.48,126.0,82670.0
1990-01-31 07:00:00+00:00,4.61,29.15,492.05,798.91,82.8,209.2,3.1,101.0,82580.0
1990-01-31 08:00:00+00:00,5.05,26.95,329.25,646.03,69.3,209.75,3.03,94.0,82580.0
1990-01-31 09:00:00+00:00,5.05,26.95,139.1,375.17,44.2,209.2,3.24,84.0,82610.0
1990-01-31 10:00:00+00:00,4.33,29.0,8.35,45.17,5.0,208.2,3.17,70.0,82630.0
1990-01-31 11:00:00+00:00,2.72,33.9,0.0,0.0,0.0,206.3,3.03,54.0,82690.0
1990-01-31 12:00:00+00:00,1.25,41.3,0.0,0.0,0.0,206.1,2.83,45.0,82740.0
1990-01-31 13:00:00+00:00,-0.5,44.6,0.0,0.0,0.0,204.75,2.41,40.0,82770.0
1990-01-31 14:00:00+00:00,-1.38,40.7,0.0,0.0,0.0,204.55,1.86,36.0,82780.0
1990-01-31 15:00:00+00:00,-0.32,37.7,0.0,0.0,0.0,204.15,1.17,35.0,82780.0
1990-01-31 16:00:00+00:00,-5.05,48.51,0.0,0.0,0.0,197.22,0.34,36.0,82770.0
1990-01-31 17:00:00+00:00,-4.67,49.75,0.0,0.0,0.0,199.1,0.45,48.0,82760.0
1990-01-31 18:00:00+00:00,-4.29,50.99,0.0,0.0,0.0,200.98,0.55,8.0,82740.0
1990-01-31 19:00:00+00:00,-3.91,52.23,0.0,0.0,0.0,202.87,0.66,350.0,82740.0
1990-01-31 20:00:00+00:00,-3.53,53.47,0.0,0.0,0.0,204.75,0.77,346.0,82720.0
1990-01-31 21:00:00+00:00,-3.15,54.7,0.0,0.0,0.0,206.63,0.88,344.0,82720.0
1990-01-31 22:00:00+00:00,-2.77,55.94,0.0,0.0,0.0,208.52,0.98,341.0,82750.0
1990-01-31 23:00:00+00:00,-2.39,57.18,0.0,0.0,0.0,210.4,1.09,344.0,82840.0
1990-02-01 00:00:00+00:00,-2.01,58.42,0.0,0.0,0.0,212.28,1.2,335.0,82730.0
1990-02-01 01:00:00+00:00,-1.63,59.66,206.75,912.39,62.15,214.17,1.3,304.0,82740.0
1990-02-01 02:00:00+00:00,-1.25,60.9,372.35,874.58,87.15,216.05,1.41,340.0,82760.0
1990-02-01 03:00:00+00:00,-0.87,62.13,500.8,849.52,110.4,217.93,1.52,18.0,82760.0
1990-02-01 04:00:00+00:00,-0.49,63.37,600.95,858.39,129.05,219.81,1.62,41.0,82750.0
1990-02-01 05:00:00+00:00,-0.11,64.61,609.1,773.02,152.6,221.7,1.73,46.0,82720.0
1990-02-01 06:00:00+00:00,0.27,65.85,596.4,854.61,101.45,223.58,1.84,56.0,82630.0
1990-02-01 07:00:00+00:00,0.65,67.09,467.45,667.47,122.8,225.46,1.94,49.0,82540.0
1990-02-01 08:00:00+00:00,4.71,51.7,322.45,599.49,78.8,227.95,3.31,46.0,82560.0
1990-02-01 09:00:00+00:00,4.4,53.65,137.35,349.79,47.5,223.5,3.59,40.0,82610.0
1990-02-01 10:00:00+00:00,3.29,57.8,8.75,43.66,5.35,220.4,3.03,39.0,82690.0
1990-02-01 11:00:00+00:00,1.65,64.8,0.0,0.0,0.0,215.75,2.83,35.0,82760.0
1990-02-01 12:00:00+00:00,0.19,72.65,0.0,0.0,0.0,213.25,2.41,23.0,82840.0
1990-02-01 13:00:00+00:00,-1.56,75.45,0.0,0.0,0.0,213.45,1.93,11.0,82910.0
1990-02-01 14:00:00+00:00,-2.55,75.3,0.0,0.0,0.0,210.55,1.72,2.0,82940.0
1990-02-01 15:00:00+00:00,-3.17,81.45,0.0,0.0,0.0,212.5,1.59,359.0,82990.0
1990-02-01 16:00:00+00:00,-3.25,78.2,0.0,0.0,0.0,209.4,1.24,359.0,83000.0
1990-02-01 17:00:00+00:00,-3.77,81.4,0.0,0.0,0.0,210.15,1.24,353.0,83030.0
1990-02-01 18:00:00+00:00,-4.76,84.6,0.0,0.0,0.0,208.4,1.52,355.0,83090.0
1990-02-01 19:00:00+00:00,-4.31,84.65,0.0,0.0,0.0,220.2,0.83,8.0,83130.0
1990-02-01 20:00:00+00:00,-4.7,84.6,0.0,0.0,0.0,222.35,0.62,2.0,83120.0
1990-02-01 21:00:00+00:00,-6.03,88.0,0.0,0.0,0.0,211.5,1.31,345.0,83110.0
1990-02-01 22:00:00+00:00,-7.33,91.6,0.0,0.0,0.0,205.9,1.66,345.0,83180.0
1990-02-01 23:00:00+00:00,-7.29,91.6,0.0,0.0,0.0,198.15,1.17,348.0,83250.0
1990-02-02 00:00:00+00:00,-7.82,91.55,0.0,0.0,0.0,202.2,1.1,332.0,83310.0
1990-02-02 01:00:00+00:00,-7.56,91.6,221.85,960.41,66.85,200.8,0.97,322.0,83390.0
1990-02-02 02:00:00+00:00,-4.11,75.05,377.05,889.83,84.0,207.25,0.76,355.0,83430.0
1990-02-02 03:00:00+00:00,-1.94,64.1,520.85,925.3,92.35,214.05,0.97,50.0,83420.0
1990-02-02 04:00:00+00:00,-0.38,59.35,610.95,922.78,100.15,212.3,1.31,77.0,83380.0
1990-02-02 05:00:00+00:00,0.92,52.85,564.6,731.59,129.65,223.15,1.52,92.0,83340.0
1990-02-02 06:00:00+00:00,1.78,53.0,551.15,739.3,119.95,227.6,1.79,97.0,83240.0
1990-02-02 07:00:00+00:00,2.42,53.15,451.45,677.05,99.05,227.75,2.48,87.0,83100.0
1990-02-02 08:00:00+00:00,2.97,51.3,306.75,515.82,95.0,234.35,2.69,86.0,83080.0
1990-02-02 09:00:00+00:00,3.14,51.3,119.05,255.55,52.4,231.05,2.9,74.0,83110.0
1990-02-02 10:00:00+00:00,2.71,55.45,8.7,22.67,6.85,235.7,3.03,53.0,83180.0
1990-02-02 11:00:00+00:00,1.51,59.8,0.0,0.0,0.0,229.5,3.17,36.0,83260.0
1990-02-02 12:00:00+00:00,0.57,62.0,0.0,0.0,0.0,233.95,3.1,25.0,83360.0
1990-02-02 13:00:00+00:00,-0.62,66.9,0.0,0.0,0.0,227.0,2.9,18.0,83430.0
1990-02-02 14:00:00+00:00,-1.86,66.8,0.0,0.0,0.0,224.5,2.41,12.0,83490.0
1990-02-02 15:00:00+00:00,-2.62,69.35,0.0,0.0,0.0,233.75,2.14,5.0,83570.0
1990-02-02 16:00:00+00:00,-3.35,69.25,0.0,0.0,0.0,227.75,1.86,360.0,83610.0
1990-02-02 17:00:00+00:00,-3.72,72.05,0.0,0.0,0.0,234.15,1.66,0.0,83650.0
1990-02-02 18:00:00+00:00,-3.81,69.15,0.0,0.0,0.0,233.4,1.17,1.0,83670.0
1990-02-02 19:00:00+00:00,-3.47,66.45,0.0,0.0,0.0,223.5,0.48,275.0,83630.0
1990-02-02 20:00:00+00:00,-4.31,71.95,0.0,0.0,0.0,232.05,1.03,272.0,83590.0
1990-02-02 21:00:00+00:00,-4.81,74.9,0.0,0.0,0.0,231.45,1.17,278.0,83540.0
1990-02-02 22:00:00+00:00,-4.45,71.95,0.0,0.0,0.0,218.5,0.97,273.0,83520.0
1990-02-02 23:00:00+00:00,-4.7,71.85,0.0,0.0,0.0,211.9,0.76,259.0,83490.0
1990-02-03 00:00:00+00:00,-4.99,71.85,0.0,0.0,0.0,207.05,0.83,242.0,83520.0
1990-02-03 01:00:00+00:00,-5.16,74.8,222.05,975.75,61.65,205.6,0.83,243.0,83560.0
1990-02-03 02:00:00+00:00,-2.62,63.9,402.7,965.12,81.65,213.85,0.48,240.0,83590.0
1990-02-03 03:00:00+00:00,-0.02,57.1,544.5,973.1,90.35,215.2,0.62,208.0,83590.0
1990-02-03 04:00:00+00:00,1.81,55.2,626.75,944.01,100.55,222.95,0.76,189.0,83570.0
1990-02-03 05:00:00+00:00,3.18,53.4,640.0,895.04,104.25,228.55,0.76,159.0,83500.0
1990-02-03 06:00:00+00:00,4.3,53.65,585.3,833.58,95.65,231.45,0.97,125.0,83390.0
1990-02-03 07:00:00+00:00,5.19,49.8,487.25,764.3,86.25,239.2,1.52,122.0,83340.0
1990-02-03 08:00:00+00:00,5.83,49.95,318.3,586.21,75.25,231.85,1.86,105.0,83330.0
1990-02-03 09:00:00+00:00,5.97,51.95,140.1,349.18,47.65,238.4,2.14,94.0,83320.0
1990-02-03 10:00:00+00:00,5.51,54.05,10.25,49.22,6.05,233.2,2.0,72.0,83360.0
1990-02-03 11:00:00+00:00,4.27,62.8,0.0,0.0,0.0,229.5,2.28,40.0,83390.0
1990-02-03 12:00:00+00:00,2.67,73.1,0.0,0.0,0.0,227.0,2.07,30.0,83470.0
1990-02-03 13:00:00+00:00,1.25,75.75,0.0,0.0,0.0,223.15,1.52,29.0,83520.0
1990-02-03 14:00:00+00:00,1.05,72.85,0.0,0.0,0.0,226.05,0.97,29.0,83540.0
1990-02-03 15:00:00+00:00,0.08,75.6,0.0,0.0,0.0,228.75,0.83,18.0,83550.0
1990-02-03 16:00:00+00:00,-0.84,78.5,0.0,0.0,0.0,224.65,0.76,8.0,83540.0
1990-02-03 17:00:00+00:00,-1.44,78.5,0.0,0.0,0.0,227.4,0.55,360.0,83510.0
1990-02-03 18:00:00+00:00,-1.76,81.65,0.0,0.0,0.0,228.15,0.41,356.0,83480.0
1990-02-03 19:00:00+00:00,-2.2,84.85,0.0,0.0,0.0,228.95,0.48,16.0,83420.0
1990-02-03 20:00:00+00:00,-2.5,81.55,0.0,0.0,0.0,227.6,0.76,54.0,83340.0
1990-02-03 21:00:00+00:00,-2.58,81.55,0.0,0.0,0.0,233.4,0.69,74.0,83290.0
1990-02-03 22:00:00+00:00,-3.6,88.25,0.0,0.0,0.0,235.9,1.17,69.0,83240.0
1990-02-03 23:00:00+00:00,-4.31,91.75,0.0,0.0,0.0,245.95,1.31,50.0,83250.0
1990-02-04 00:00:00+00:00,-5.01,91.75,0.0,0.0,0.0,250.2,1.93,33.0,83290.0
1990-02-04 01:00:00+00:00,-3.63,95.5,65.8,23.29,61.9,282.25,2.28,27.0,83360.0
1990-02-04 02:00:00+00:00,-2.2,84.85,157.2,34.67,145.55,293.75,3.1,25.0,83410.0
1990-02-04 03:00:00+00:00,-1.37,75.45,178.55,11.8,173.0,290.3,5.03,20.0,83420.0
1990-02-04 04:00:00+00:00,-1.75,66.8,198.8,40.17,176.25,290.65,6.14,15.0,83420.0
1990-02-04 05:00:00+00:00,-2.19,61.45,199.6,26.22,183.8,291.45,6.76,15.0,83370.0
1990-02-04 06:00:00+00:00,-2.34,58.95,157.2,17.07,147.1,284.5,6.9,15.0,83300.0
1990-02-04 07:00:00+00:00,-3.2,63.8,104.45,0.0,104.45,285.65,5.31,20.0,83260.0
1990-02-04 08:00:00+00:00,-3.35,66.45,63.05,0.0,63.05,284.85,4.28,27.0,83310.0
1990-02-04 09:00:00+00:00,-3.51,69.25,44.65,5.02,43.3,281.95,3.24,36.0,83370.0
1990-02-04 10:00:00+00:00,-3.62,75.05,4.3,0.0,4.3,277.5,2.21,50.0,83430.0
1990-02-04 11:00:00+00:00,-3.87,75.05,0.0,0.0,0.0,274.4,0.9,85.0,83480.0
1990-02-04 12:00:00+00:00,-3.86,78.15,0.0,0.0,0.0,273.45,0.48,174.0,83540.0
1990-02-04 13:00:00+00:00,-3.91,78.15,0.0,0.0,0.0,264.15,1.31,228.0,83580.0
1990-02-04 14:00:00+00:00,-3.94,78.15,0.0,0.0,0.0,264.35,1.79,236.0,83580.0
1990-02-04 15:00:00+00:00,-4.07,81.4,0.0,0.0,0.0,257.4,1.86,242.0,83550.0
1990-02-04 16:00:00+00:00,-4.14,84.65,0.0,0.0,0.0,255.65,2.07,247.0,83520.0
1990-02-04 17:00:00+00:00,-4.47,84.65,0.0,0.0,0.0,239.0,2.0,239.0,83450.0
1990-02-04 18:00:00+00:00,-4.76,84.6,0.0,0.0,0.0,238.2,1.79,235.0,83380.0
1990-02-04 19:00:00+00:00,-5.68,88.0,0.0,0.0,0.0,217.7,1.45,235.0,83270.0
1990-02-04 20:00:00+00:00,-6.29,91.65,0.0,0.0,0.0,216.55,1.38,236.0,83180.0
1990-02-04 21:00:00+00:00,-6.82,91.6,0.0,0.0,0.0,218.85,1.24,239.0,83090.0
1990-02-04 22:00:00+00:00,-7.06,91.6,0.0,0.0,0.0,228.75,0.97,239.0,83040.0
1990-02-04 23:00:00+00:00,-7.19,91.6,0.0,0.0,0.0,234.75,0.83,239.0,83030.0
1990-02-05 00:00:00+00:00,-7.45,91.6,0.0,0.0,0.0,230.65,0.69,234.0,83020.0
1990-02-05 01:00:00+00:00,-6.81,87.95,229.6,937.33,69.65,224.8,0.76,228.0,83020.0
1990-02-05 02:00:00+00:00,-3.96,75.05,420.45,991.78,83.7,206.1,0.76,231.0,82990.0
1990-02-05 03:00:00+00:00,-1.37,64.25,565.8,999.87,91.7,208.2,0.83,252.0,82950.0
1990-02-05 04:00:00+00:00,0.45,59.6,647.2,953.08,108.4,210.15,0.62,263.0,82910.0
1990-02-05 05:00:00+00:00,1.74,57.45,667.8,928.6,104.3,214.2,0.21,278.0,82820.0
1990-02-05 06:00:00+00:00,2.8,53.25,620.5,876.84,98.05,215.95,0.97,55.0,82710.0
1990-02-05 07:00:00+00:00,3.53,51.4,504.3,765.24,96.35,217.7,2.48,41.0,82610.0
1990-02-05 08:00:00+00:00,4.06,47.6,320.8,543.99,90.75,218.3,3.93,43.0,82610.0
1990-02-05 09:00:00+00:00,3.68,45.55,147.75,329.63,57.85,227.2,4.41,56.0,82600.0
1990-02-05 10:00:00+00:00,2.75,49.15,10.8,22.62,8.7,219.85,3.86,64.0,82580.0
1990-02-05 11:00:00+00:00,1.56,53.0,0.0,0.0,0.0,242.3,3.45,52.0,82630.0
1990-02-05 12:00:00+00:00,0.71,59.6,0.0,0.0,0.0,264.35,3.66,33.0,82720.0
1990-02-05 13:00:00+00:00,-0.34,69.75,0.0,0.0,0.0,260.65,3.66,30.0,82770.0
1990-02-05 14:00:00+00:00,-1.13,75.45,0.0,0.0,0.0,263.75,2.97,36.0,82840.0
1990-02-05 15:00:00+00:00,-1.7,81.65,0.0,0.0,0.0,265.9,2.0,49.0,82900.0
1990-02-05 16:00:00+00:00,-2.16,84.85,0.0,0.0,0.0,270.35,1.17,81.0,82930.0
1990-02-05 17:00:00+00:00,-2.55,84.85,0.0,0.0,0.0,266.5,0.83,131.0,82930.0
1990-02-05 18:00:00+00:00,-2.54,88.3,0.0,0.0,0.0,275.95,0.48,137.0,82950.0
1990-02-05 19:00:00+00:00,-2.77,88.25,0.0,0.0,0.0,273.65,0.41,45.0,82990.0
1990-02-05 20:00:00+00:00,-2.88,88.25,0.0,0.0,0.0,273.25,2.41,19.0,83030.0
1990-02-05 21:00:00+00:00,-3.48,81.45,0.0,0.0,0.0,279.25,4.21,22.0,83080.0
1990-02-05 22:00:00+00:00,-4.53,74.95,0.0,0.0,0.0,259.7,4.41,25.0,83130.0
1990-02-05 23:00:00+00:00,-5.38,74.8,0.0,0.0,0.0,241.9,4.0,26.0,83210.0
1990-02-06 00:00:00+00:00,-5.93,68.75,0.0,0.0,0.0,234.75,3.1,33.0,83310.0
1990-02-06 01:00:00+00:00,-6.24,65.8,208.15,626.49,99.2,221.1,2.28,46.0,83350.0
1990-02-06 02:00:00+00:00,-5.75,60.6,399.05,808.35,121.7,210.95,1.86,51.0,83390.0
1990-02-06 03:00:00+00:00,-4.87,53.65,579.2,974.8,113.25,211.3,1.03,61.0,83380.0
1990-02-06 04:00:00+00:00,-3.78,51.65,668.5,983.27,108.65,198.75,0.41,109.0,83340.0
1990-02-06 05:00:00+00:00,-2.67,51.95,692.15,947.83,113.0,193.7,0.83,192.0,83260.0
1990-02-06 06:00:00+00:00,-1.56,48.15,632.2,890.76,97.65,197.0,1.72,211.0,83140.0
1990-02-06 07:00:00+00:00,-0.35,50.35,520.0,801.79,89.15,200.7,1.72,220.0,83020.0
1990-02-06 08:00:00+00:00,0.58,48.6,355.2,655.17,75.4,202.05,1.45,227.0,82980.0
1990-02-06 09:00:00+00:00,0.9,48.6,161.25,400.21,50.5,204.55,0.69,203.0,82960.0
1990-02-06 10:00:00+00:00,0.75,48.6,14.35,67.28,7.85,204.15,1.17,143.0,82960.0
1990-02-06 11:00:00+00:00,-0.15,54.7,0.0,0.0,0.0,202.2,1.59,119.0,82960.0
1990-02-06 12:00:00+00:00,-1.84,64.1,0.0,0.0,0.0,201.05,1.38,114.0,82980.0
1990-02-06 13:00:00+00:00,-1.78,56.7,0.0,0.0,0.0,199.7,0.69,137.0,83010.0
1990-02-06 14:00:00+00:00,-2.42,58.95,0.0,0.0,0.0,200.3,0.34,208.0,83020.0
1990-02-06 15:00:00+00:00,-3.06,61.35,0.0,0.0,0.0,200.7,0.41,255.0,83050.0
1990-02-06 16:00:00+00:00,-3.78,66.35,0.0,0.0,0.0,208.05,0.62,268.0,83040.0
1990-02-06 17:00:00+00:00,-4.07,63.7,0.0,0.0,0.0,222.35,0.76,264.0,83050.0
1990-02-06 18:00:00+00:00,-4.26,66.25,0.0,0.0,0.0,237.25,0.76,248.0,83040.0
1990-02-06 19:00:00+00:00,-4.25,69.05,0.0,0.0,0.0,231.45,0.76,241.0,83070.0
1990-02-06 20:00:00+00:00,-4.43,69.05,0.0,0.0,0.0,233.95,0.83,245.0,83050.0
1990-02-06 21:00:00+00:00,-4.47,66.25,0.0,0.0,0.0,221.95,0.83,249.0,83050.0
1990-02-06 22:00:00+00:00,-4.6,66.25,0.0,0.0,0.0,222.35,0.83,247.0,83060.0
1990-02-06 23:00:00+00:00,-4.99,68.95,0.0,0.0,0.0,214.2,0.97,254.0,83100.0
1990-02-07 00:00:00+00:00,-4.96,66.15,0.0,0.0,0.0,206.7,0.9,266.0,83150.0
1990-02-07 01:00:00+00:00,-4.73,66.15,235.6,913.11,73.75,211.25,0.76,282.0,83200.0
1990-02-07 02:00:00+00:00,-2.06,52.2,412.25,895.75,101.65,212.3,0.55,281.0,83240.0
1990-02-07 03:00:00+00:00,0.39,48.45,540.55,825.18,142.9,217.15,0.34,238.0,83240.0
1990-02-07 04:00:00+00:00,2.19,43.3,637.45,898.28,122.3,229.7,0.28,168.0,83230.0
1990-02-07 05:00:00+00:00,3.46,42.0,662.5,884.4,118.35,223.5,0.48,99.0,83180.0
1990-02-07 06:00:00+00:00,4.59,40.6,620.7,875.06,91.8,229.5,1.31,84.0,83110.0
1990-02-07 07:00:00+00:00,5.14,39.1,509.55,782.43,85.75,226.4,1.52,88.0,83070.0
1990-02-07 08:00:00+00:00,5.56,39.25,348.15,638.49,72.8,226.6,2.41,88.0,83050.0
1990-02-07 09:00:00+00:00,5.44,40.75,158.05,387.01,49.4,226.4,2.83,88.0,83060.0
1990-02-07 10:00:00+00:00,4.74,44.05,14.7,64.75,8.2,224.85,2.97,84.0,83090.0
1990-02-07 11:00:00+00:00,3.25,53.4,0.0,0.0,0.0,223.9,2.9,74.0,83140.0
1990-02-07 12:00:00+00:00,1.84,62.25,0.0,0.0,0.0,228.95,2.76,61.0,83180.0
1990-02-07 13:00:00+00:00,0.43,67.2,0.0,0.0,0.0,231.45,2.48,44.0,83240.0
1990-02-07 14:00:00+00:00,-0.49,69.75,0.0,0.0,0.0,244.2,2.21,38.0,83300.0
1990-02-07 15:00:00+00:00,-0.71,72.5,0.0,0.0,0.0,262.4,2.0,35.0,83350.0
1990-02-07 16:00:00+00:00,-0.77,72.5,0.0,0.0,0.0,275.95,2.21,31.0,83360.0
1990-02-07 17:00:00+00:00,-1.15,69.65,0.0,0.0,0.0,267.45,2.28,29.0,83380.0
1990-02-07 18:00:00+00:00,-1.62,72.4,0.0,0.0,0.0,263.2,2.21,29.0,83400.0
1990-02-07 19:00:00+00:00,-2.38,78.35,0.0,0.0,0.0,256.05,2.28,35.0,83430.0
1990-02-07 20:00:00+00:00,-2.86,81.5,0.0,0.0,0.0,250.2,2.28,28.0,83440.0
1990-02-07 21:00:00+00:00,-3.01,81.5,0.0,0.0,0.0,263.0,2.0,28.0,83460.0
1990-02-07 22:00:00+00:00,-3.13,84.8,0.0,0.0,0.0,268.6,1.79,32.0,83500.0
1990-02-07 23:00:00+00:00,-3.35,84.8,0.0,0.0,0.0,264.95,1.45,36.0,83560.0
1990-02-08 00:00:00+00:00,-3.43,84.8,0.0,0.0,0.0,269.75,1.24,37.0,83620.0
1990-02-08 01:00:00+00:00,-3.07,81.5,95.65,0.0,95.65,270.25,1.17,39.0,83680.0
1990-02-08 02:00:00+00:00,-2.44,78.35,226.0,72.19,200.7,278.65,1.38,47.0,83720.0
1990-02-08 03:00:00+00:00,-1.41,72.5,317.9,179.89,230.5,278.5,1.93,55.0,83740.0
1990-02-08 04:00:00+00:00,-0.3,69.75,385.2,250.76,240.35,266.5,2.28,59.0,83740.0
1990-02-08 05:00:00+00:00,0.52,64.55,410.85,266.56,245.7,268.8,2.21,59.0,83710.0
1990-02-08 06:00:00+00:00,1.12,64.65,403.0,161.89,304.45,270.35,2.07,63.0,83630.0
1990-02-08 07:00:00+00:00,1.91,59.8,342.4,213.11,226.05,277.1,2.07,72.0,83560.0
1990-02-08 08:00:00+00:00,2.39,57.6,203.9,126.88,148.65,277.9,2.07,77.0,83550.0
1990-02-08 09:00:00+00:00,2.35,57.6,96.65,92.36,70.35,277.3,2.28,80.0,83540.0
1990-02-08 10:00:00+00:00,2.06,57.6,9.35,9.12,8.4,269.95,2.34,84.0,83580.0
1990-02-08 11:00:00+00:00,1.51,62.25,0.0,0.0,0.0,275.6,2.07,86.0,83630.0
1990-02-08 12:00:00+00:00,0.72,69.95,0.0,0.0,0.0,265.1,1.86,89.0,83680.0
1990-02-08 13:00:00+00:00,-0.48,75.55,0.0,0.0,0.0,242.5,1.52,91.0,83700.0
1990-02-08 14:00:00+00:00,0.14,64.45,0.0,0.0,0.0,222.35,0.9,79.0,83720.0
1990-02-08 15:00:00+00:00,-0.25,67.0,0.0,0.0,0.0,227.6,0.55,53.0,83720.0
1990-02-08 16:00:00+00:00,-0.85,69.65,0.0,0.0,0.0,221.6,0.41,21.0,83710.0
1990-02-08 17:00:00+00:00,-1.48,69.65,0.0,0.0,0.0,233.4,0.48,350.0,83690.0
1990-02-08 18:00:00+00:00,-1.91,72.4,0.0,0.0,0.0,248.3,0.48,341.0,83670.0
1990-02-08 19:00:00+00:00,-2.77,84.85,0.0,0.0,0.0,257.2,0.9,14.0,83670.0
1990-02-08 20:00:00+00:00,-3.03,84.85,0.0,0.0,0.0,242.5,0.69,15.0,83620.0
1990-02-08 21:00:00+00:00,-3.37,84.8,0.0,0.0,0.0,230.5,0.48,345.0,83590.0
1990-02-08 22:00:00+00:00,-3.68,88.2,0.0,0.0,0.0,235.7,0.55,330.0,83590.0
1990-02-08 23:00:00+00:00,-3.97,88.2,0.0,0.0,0.0,234.15,0.62,320.0,83610.0
1990-02-09 00:00:00+00:00,-4.43,88.15,0.0,0.0,0.0,239.95,0.9,294.0,83650.0
1990-02-09 01:00:00+00:00,-4.45,88.15,206.9,558.38,104.05,229.05,0.97,271.0,83700.0
1990-02-09 02:00:00+00:00,-1.73,75.35,401.35,777.11,126.05,231.05,1.17,255.0,83700.0
1990-02-09 03:00:00+00:00,0.34,69.85,547.65,849.97,131.25,226.4,1.93,249.0,83680.0
1990-02-09 04:00:00+00:00,1.92,64.8,547.15,652.47,167.5,223.3,2.34,248.0,83650.0
1990-02-09 05:00:00+00:00,2.97,57.8,645.0,821.77,132.3,234.35,2.34,250.0,83560.0
1990-02-09 06:00:00+00:00,4.33,51.55,577.35,667.15,168.3,237.05,2.07,262.0,83460.0
1990-02-09 07:00:00+00:00,5.02,44.15,467.65,615.77,128.8,254.3,1.72,297.0,83380.0
1990-02-09 08:00:00+00:00,5.74,39.25,312.6,545.64,72.7,241.5,2.0,315.0,83350.0
1990-02-09 09:00:00+00:00,5.82,37.7,157.9,340.73,59.5,243.65,2.0,334.0,83330.0
1990-02-09 10:00:00+00:00,5.34,40.75,17.75,77.34,9.4,221.95,1.24,16.0,83350.0
1990-02-09 11:00:00+00:00,3.46,60.3,0.0,0.0,0.0,213.45,1.38,73.0,83370.0
1990-02-09 12:00:00+00:00,2.48,53.25,0.0,0.0,0.0,211.7,1.24,86.0,83400.0
1990-02-09 13:00:00+00:00,2.66,47.15,0.0,0.0,0.0,209.2,0.62,119.0,83420.0
1990-02-09 14:00:00+00:00,1.83,50.9,0.0,0.0,0.0,207.05,0.76,190.0,83390.0
1990-02-09 15:00:00+00:00,0.93,52.85,0.0,0.0,0.0,205.3,0.97,212.0,83390.0
1990-02-09 16:00:00+00:00,-0.03,57.1,0.0,0.0,0.0,203.6,1.1,227.0,83360.0
1990-02-09 17:00:00+00:00,-1.44,61.65,0.0,0.0,0.0,202.4,1.17,242.0,83310.0
1990-02-09 18:00:00+00:00,-2.94,66.6,0.0,0.0,0.0,201.45,1.31,252.0,83240.0
1990-02-09 19:00:00+00:00,-4.07,72.05,0.0,0.0,0.0,201.05,1.38,260.0,83200.0
1990-02-09 20:00:00+00:00,-4.85,74.9,0.0,0.0,0.0,200.7,1.45,263.0,83140.0
1990-02-09 21:00:00+00:00,-5.4,74.8,0.0,0.0,0.0,200.7,1.45,261.0,83090.0
1990-02-09 22:00:00+00:00,-5.78,77.85,0.0,0.0,0.0,200.1,1.45,257.0,83090.0
1990-02-09 23:00:00+00:00,-5.73,74.7,0.0,0.0,0.0,199.9,1.38,255.0,83060.0
1990-02-10 00:00:00+00:00,-5.66,74.7,0.0,0.0,0.0,199.15,1.38,256.0,83080.0
1990-02-10 01:00:00+00:00,-5.68,74.7,257.6,1037.61,62.75,200.4,1.38,258.0,83100.0
1990-02-10 02:00:00+00:00,-1.37,54.55,443.2,1013.61,80.2,204.15,1.1,255.0,83090.0
1990-02-10 03:00:00+00:00,1.67,48.85,587.1,1005.58,90.35,209.6,1.1,249.0,83060.0
1990-02-10 04:00:00+00:00,3.38,47.3,673.15,985.18,95.7,214.2,1.03,242.0,83000.0
1990-02-10 05:00:00+00:00,4.61,45.85,693.1,948.71,97.05,218.1,1.03,234.0,82930.0
1990-02-10 06:00:00+00:00,5.78,42.55,646.1,894.85,93.5,221.0,1.72,222.0,82820.0
1990-02-10 07:00:00+00:00,6.89,36.5,536.1,811.97,85.75,223.3,2.55,234.0,82720.0
1990-02-10 08:00:00+00:00,7.67,30.0,373.15,676.18,73.0,221.75,3.38,238.0,82630.0
1990-02-10 09:00:00+00:00,8.03,25.55,177.7,433.53,50.75,218.85,3.52,241.0,82580.0
1990-02-10 10:00:00+00:00,7.62,26.5,19.8,89.49,9.8,215.6,2.41,231.0,82600.0
1990-02-10 11:00:00+00:00,5.23,51.8,0.0,0.0,0.0,211.9,1.52,194.0,82630.0
1990-02-10 12:00:00+00:00,5.66,28.25,0.0,0.0,0.0,211.5,0.62,176.0,82670.0
1990-02-10 13:00:00+00:00,4.22,34.3,0.0,0.0,0.0,211.15,0.41,321.0,82730.0
1990-02-10 14:00:00+00:00,2.23,41.55,0.0,0.0,0.0,210.55,0.9,340.0,82760.0
1990-02-10 15:00:00+00:00,1.4,44.85,0.0,0.0,0.0,210.55,0.83,352.0,82800.0
1990-02-10 16:00:00+00:00,0.99,44.85,0.0,0.0,0.0,209.6,0.76,346.0,82780.0
1990-02-10 17:00:00+00:00,0.62,46.6,0.0,0.0,0.0,209.0,0.76,334.0,82770.0
1990-02-10 18:00:00+00:00,0.21,46.5,0.0,0.0,0.0,208.2,0.83,322.0,82730.0
1990-02-10 19:00:00+00:00,-0.93,54.55,0.0,0.0,0.0,207.65,1.17,278.0,82760.0
1990-02-10 20:00:00+00:00,-1.88,54.4,0.0,0.0,0.0,206.5,1.38,272.0,82750.0
1990-02-10 21:00:00+00:00,-2.35,54.3,0.0,0.0,0.0,205.9,1.38,262.0,82690.0
1990-02-10 22:00:00+00:00,-2.53,54.3,0.0,0.0,0.0,204.95,1.38,256.0,82690.0
1990-02-10 23:00:00+00:00,-2.56,52.05,0.0,0.0,0.0,203.6,1.31,259.0,82730.0
1990-02-11 00:00:00+00:00,-2.75,54.15,0.0,0.0,0.0,202.6,1.24,255.0,82740.0
1990-02-11 01:00:00+00:00,-3.22,54.0,263.95,1053.48,62.25,203.1,1.24,254.0,82770.0
1990-02-11 02:00:00+00:00,-0.47,44.45,451.8,1029.93,78.9,205.7,0.97,258.0,82780.0
1990-02-11 03:00:00+00:00,2.91,36.85,594.55,1014.15,89.35,209.75,1.03,247.0,82760.0
1990-02-11 04:00:00+00:00,4.74,34.45,678.5,965.52,108.4,214.05,1.24,229.0,82710.0
1990-02-11 05:00:00+00:00,6.3,32.15,693.1,921.95,109.8,220.2,1.52,219.0,82630.0
1990-02-11 06:00:00+00:00,7.67,28.8,653.1,895.16,96.35,223.7,1.72,214.0,82540.0
1990-02-11 07:00:00+00:00,8.76,25.7,526.85,760.45,101.75,225.45,1.59,211.0,82470.0
1990-02-11 08:00:00+00:00,9.32,23.8,373.75,658.97,78.45,227.75,1.31,194.0,82430.0
1990-02-11 09:00:00+00:00,9.52,22.8,174.5,387.21,59.55,229.7,1.24,174.0,82430.0
1990-02-11 10:00:00+00:00,9.13,25.85,20.5,83.96,10.8,227.95,0.97,144.0,82430.0
1990-02-11 11:00:00+00:00,7.36,41.3,0.0,0.0,0.0,225.45,1.03,100.0,82450.0
1990-02-11 12:00:00+00:00,6.45,36.35,0.0,0.0,0.0,222.15,1.31,107.0,82500.0
1990-02-11 13:00:00+00:00,5.58,36.2,0.0,0.0,0.0,218.1,1.38,127.0,82510.0
1990-02-11 14:00:00+00:00,4.36,42.15,0.0,0.0,0.0,216.15,1.31,138.0,82540.0
1990-02-11 15:00:00+00:00,3.08,45.4,0.0,0.0,0.0,213.25,1.17,140.0,82540.0
1990-02-11 16:00:00+00:00,1.59,53.0,0.0,0.0,0.0,211.7,1.17,139.0,82530.0
1990-02-11 17:00:00+00:00,0.49,57.2,0.0,0.0,0.0,209.95,0.97,143.0,82500.0
1990-02-11 18:00:00+00:00,-0.4,61.8,0.0,0.0,0.0,208.8,0.9,141.0,82470.0
1990-02-11 19:00:00+00:00,-1.1,72.5,0.0,0.0,0.0,209.4,0.97,136.0,82470.0
1990-02-11 20:00:00+00:00,-1.8,75.35,0.0,0.0,0.0,207.65,0.97,144.0,82430.0
1990-02-11 21:00:00+00:00,-2.52,78.35,0.0,0.0,0.0,206.3,0.97,148.0,82380.0
1990-02-11 22:00:00+00:00,-3.04,78.3,0.0,0.0,0.0,204.95,0.97,146.0,82360.0
1990-02-11 23:00:00+00:00,-3.51,81.45,0.0,0.0,0.0,205.5,0.83,145.0,82350.0
1990-02-12 00:00:00+00:00,-3.92,84.7,28.15,0.0,28.15,207.05,0.76,150.0,82380.0
1990-02-12 01:00:00+00:00,-3.75,84.7,251.7,933.35,69.5,208.35,0.41,166.0,82440.0
1990-02-12 02:00:00+00:00,-0.91,72.5,408.9,846.7,98.95,222.75,0.28,120.0,82490.0
1990-02-12 03:00:00+00:00,1.83,64.8,579.45,948.91,102.75,227.6,1.17,60.0,82540.0
1990-02-12 04:00:00+00:00,3.85,55.7,672.5,939.61,113.6,221.2,2.07,65.0,82540.0
1990-02-12 05:00:00+00:00,5.68,48.0,693.5,919.44,107.7,223.5,2.76,68.0,82540.0
1990-02-12 06:00:00+00:00,7.38,43.0,653.1,888.72,96.4,230.3,3.45,53.0,82470.0
1990-02-12 07:00:00+00:00,8.42,36.9,545.9,816.84,85.7,229.15,4.76,33.0,82380.0
1990-02-12 08:00:00+00:00,8.85,35.6,379.35,677.55,72.85,228.95,5.17,32.0,82330.0
1990-02-12 09:00:00+00:00,8.53,34.2,177.3,405.45,55.3,228.75,5.24,28.0,82340.0
1990-02-12 10:00:00+00:00,7.64,39.85,18.25,32.68,14.35,229.5,4.48,28.0,82400.0
1990-02-12 11:00:00+00:00,6.17,46.25,0.0,0.0,0.0,240.75,3.52,35.0,82470.0
1990-02-12 12:00:00+00:00,4.78,53.8,0.0,0.0,0.0,248.3,3.1,24.0,82610.0
1990-02-12 13:00:00+00:00,3.56,62.7,0.0,0.0,0.0,265.7,2.76,27.0,82690.0
1990-02-12 14:00:00+00:00,2.7,67.6,0.0,0.0,0.0,284.3,2.41,35.0,82700.0
1990-02-12 15:00:00+00:00,2.76,65.0,0.0,0.0,0.0,279.85,1.52,27.0,82750.0
1990-02-12 16:00:00+00:00,3.79,57.95,0.0,0.0,0.0,274.2,0.21,53.0,82760.0
1990-02-12 17:00:00+00:00,2.88,62.5,0.0,0.0,0.0,263.2,1.03,205.0,82710.0
1990-02-12 18:00:00+00:00,0.77,72.75,0.0,0.0,0.0,231.45,1.45,231.0,82690.0
1990-02-12 19:00:00+00:00,0.39,75.6,0.0,0.0,0.0,227.2,1.38,240.0,82670.0
1990-02-12 20:00:00+00:00,-0.65,78.5,0.0,0.0,0.0,233.75,1.38,242.0,82620.0
1990-02-12 21:00:00+00:00,-1.59,78.5,0.0,0.0,0.0,219.85,1.52,243.0,82560.0
1990-02-12 22:00:00+00:00,-2.52,81.55,0.0,0.0,0.0,218.3,1.72,256.0,82540.0
1990-02-12 23:00:00+00:00,-1.27,78.5,0.0,0.0,0.0,219.05,0.9,259.0,82540.0
1990-02-13 00:00:00+00:00,-1.68,78.45,28.15,0.0,28.15,217.5,0.62,269.0,82530.0
1990-02-13 01:00:00+00:00,-1.18,75.45,260.1,978.21,65.4,219.75,0.41,269.0,82550.0
1990-02-13 02:00:00+00:00,1.48,75.85,434.6,907.63,98.65,225.25,0.07,163.0,82550.0
1990-02-13 03:00:00+00:00,3.84,57.95,577.75,937.55,102.75,228.55,0.41,154.0,82530.0
1990-02-13 04:00:00+00:00,5.47,49.95,644.95,861.19,128.9,238.05,0.9,173.0,82490.0
1990-02-13 05:00:00+00:00,6.89,46.4,674.9,889.88,103.95,244.05,1.59,167.0,82390.0
1990-02-13 06:00:00+00:00,8.24,41.6,594.15,698.47,153.5,249.45,2.14,164.0,82250.0
1990-02-13 07:00:00+00:00,9.08,37.2,432.65,507.15,144.7,262.6,1.86,186.0,82110.0
1990-02-13 08:00:00+00:00,9.52,37.2,273.35,445.68,69.85,262.8,0.34,223.0,82060.0
1990-02-13 09:00:00+00:00,9.76,37.2,111.85,175.61,58.3,271.7,2.55,355.0,82120.0
1990-02-13 10:00:00+00:00,7.21,44.75,12.85,30.46,9.1,274.4,6.76,10.0,82240.0
1990-02-13 11:00:00+00:00,2.12,67.5,0.0,0.0,0.0,284.5,8.21,15.0,82400.0
1990-02-13 12:00:00+00:00,0.15,75.6,0.0,0.0,0.0,250.8,7.03,22.0,82520.0
1990-02-13 13:00:00+00:00,-0.72,78.5,0.0,0.0,0.0,245.75,5.59,27.0,82650.0
1990-02-13 14:00:00+00:00,-1.09,78.5,0.0,0.0,0.0,272.65,4.41,37.0,82710.0
1990-02-13 15:00:00+00:00,-1.2,78.5,0.0,0.0,0.0,294.95,3.66,44.0,82740.0
1990-02-13 16:00:00+00:00,-1.34,78.5,0.0,0.0,0.0,292.4,2.69,49.0,82760.0
1990-02-13 17:00:00+00:00,-1.58,78.5,0.0,0.0,0.0,284.5,2.14,48.0,82740.0
1990-02-13 18:00:00+00:00,-1.75,81.65,0.0,0.0,0.0,281.95,1.93,46.0,82720.0
1990-02-13 19:00:00+00:00,-2.06,78.45,0.0,0.0,0.0,269.4,1.86,39.0,82730.0
1990-02-13 20:00:00+00:00,-2.28,81.55,0.0,0.0,0.0,269.4,1.93,30.0,82710.0
1990-02-13 21:00:00+00:00,-2.45,81.55,0.0,0.0,0.0,271.9,1.86,32.0,82690.0
1990-02-13 22:00:00+00:00,-2.56,78.35,0.0,0.0,0.0,274.8,1.72,38.0,82710.0
1990-02-13 23:00:00+00:00,-2.67,78.3,0.0,0.0,0.0,275.75,2.07,42.0,82760.0
1990-02-14 00:00:00+00:00,-2.87,78.3,32.15,0.0,32.15,272.65,2.07,47.0,82780.0
1990-02-14 01:00:00+00:00,-2.64,75.2,94.05,2.71,93.5,274.35,2.21,47.0,82850.0
1990-02-14 02:00:00+00:00,-2.35,72.3,185.0,82.43,154.15,274.6,2.14,48.0,82920.0
1990-02-14 03:00:00+00:00,-1.82,66.8,230.25,55.88,201.7,274.6,2.14,57.0,82930.0
1990-02-14 04:00:00+00:00,-1.42,64.25,288.55,126.81,212.0,270.15,2.21,71.0,82890.0
1990-02-14 05:00:00+00:00,-0.88,61.65,327.75,183.33,209.3,272.1,2.41,76.0,82810.0
1990-02-14 06:00:00+00:00,-0.15,56.95,469.45,289.12,285.75,266.1,2.9,76.0,82700.0
1990-02-14 07:00:00+00:00,1.16,50.75,376.2,243.72,236.75,260.3,3.24,78.0,82570.0
1990-02-14 08:00:00+00:00,1.65,48.85,259.5,201.15,166.8,264.55,3.24,86.0,82520.0
1990-02-14 09:00:00+00:00,1.69,48.85,85.6,29.29,76.55,267.85,3.17,86.0,82520.0
1990-02-14 10:00:00+00:00,1.26,50.75,10.9,3.94,10.4,276.35,3.52,86.0,82530.0
1990-02-14 11:00:00+00:00,0.68,54.95,0.0,0.0,0.0,276.15,3.66,85.0,82530.0
1990-02-14 12:00:00+00:00,0.26,57.1,0.0,0.0,0.0,275.2,3.66,83.0,82570.0
1990-02-14 13:00:00+00:00,-0.16,59.35,0.0,0.0,0.0,272.1,3.38,78.0,82610.0
1990-02-14 14:00:00+00:00,-0.62,61.65,0.0,0.0,0.0,273.25,3.59,76.0,82650.0
1990-02-14 15:00:00+00:00,-0.99,61.65,0.0,0.0,0.0,282.35,3.52,67.0,82650.0
1990-02-14 16:00:00+00:00,-1.49,61.65,0.0,0.0,0.0,273.05,3.52,51.0,82650.0
1990-02-14 17:00:00+00:00,-1.91,64.1,0.0,0.0,0.0,276.15,3.59,36.0,82630.0
1990-02-14 18:00:00+00:00,-2.3,64.0,0.0,0.0,0.0,278.5,4.21,28.0,82630.0
1990-02-14 19:00:00+00:00,-2.86,63.9,0.0,0.0,0.0,275.95,4.62,30.0,82620.0
1990-02-14 20:00:00+00:00,-3.55,63.8,0.0,0.0,0.0,274.8,5.45,24.0,82640.0
1990-02-14 21:00:00+00:00,-4.32,69.05,0.0,0.0,0.0,274.2,6.0,19.0,82630.0
1990-02-14 22:00:00+00:00,-4.96,71.85,0.0,0.0,0.0,271.1,5.52,16.0,82740.0
1990-02-14 23:00:00+00:00,-5.4,74.8,0.0,0.0,0.0,269.2,4.83,22.0,82840.0
1990-02-15 00:00:00+00:00,-5.64,77.85,27.6,0.0,27.6,268.6,4.28,25.0,82950.0
1990-02-15 01:00:00+00:00,-5.6,71.75,106.65,27.55,100.95,267.0,4.21,29.0,83030.0
1990-02-15 02:00:00+00:00,-5.25,71.75,209.4,22.19,201.0,266.3,4.9,28.0,83150.0
1990-02-15 03:00:00+00:00,-4.85,66.15,333.75,121.18,271.3,265.7,5.24,27.0,83230.0
1990-02-15 04:00:00+00:00,-4.48,60.95,425.2,166.73,323.8,258.35,5.31,29.0,83240.0
1990-02-15 05:00:00+00:00,-4.19,58.5,467.95,165.76,360.1,256.2,5.24,30.0,83230.0
1990-02-15 06:00:00+00:00,-4.01,51.65,449.05,217.07,310.15,245.0,5.52,27.0,83210.0
1990-02-15 07:00:00+00:00,-3.73,45.5,378.45,216.01,253.9,246.55,6.48,23.0,83160.0
1990-02-15 08:00:00+00:00,-3.68,41.75,292.4,259.3,171.8,236.5,6.83,21.0,83180.0
1990-02-15 09:00:00+00:00,-3.79,36.65,124.5,88.5,96.8,229.7,6.55,20.0,83250.0
1990-02-15 10:00:00+00:00,-4.43,36.5,18.45,39.8,13.25,232.4,5.93,19.0,83310.0
1990-02-15 11:00:00+00:00,-5.25,37.85,0.0,0.0,0.0,216.15,4.48,22.0,83360.0
1990-02-15 12:00:00+00:00,-5.73,37.7,0.0,0.0,0.0,205.9,3.24,27.0,83440.0
1990-02-15 13:00:00+00:00,-6.09,36.05,0.0,0.0,0.0,199.5,2.76,33.0,83470.0
1990-02-15 14:00:00+00:00,-6.29,37.55,0.0,0.0,0.0,204.35,1.86,47.0,83530.0
1990-02-15 15:00:00+00:00,-6.47,35.9,0.0,0.0,0.0,209.75,1.17,70.0,83560.0
1990-02-15 16:00:00+00:00,-7.0,39.1,0.0,0.0,0.0,193.9,0.97,97.0,83540.0
1990-02-15 17:00:00+00:00,-7.32,38.95,0.0,0.0,0.0,186.35,0.76,119.0,83500.0
1990-02-15 18:00:00+00:00,-7.49,38.95,0.0,0.0,0.0,188.1,0.34,124.0,83470.0
1990-02-15 19:00:00+00:00,-8.37,42.25,0.0,0.0,0.0,181.3,0.28,352.0,83470.0
1990-02-15 20:00:00+00:00,-8.85,42.1,0.0,0.0,0.0,183.45,0.28,329.0,83470.0
1990-02-15 21:00:00+00:00,-9.46,43.9,0.0,0.0,0.0,178.05,0.48,14.0,83420.0
1990-02-15 22:00:00+00:00,-10.1,45.75,0.0,0.0,0.0,178.05,0.69,359.0,83410.0
1990-02-15 23:00:00+00:00,-10.51,47.7,0.0,0.0,0.0,187.7,0.69,350.0,83470.0
1990-02-16 00:00:00+00:00,-10.7,49.75,47.95,0.0,47.95,203.0,0.62,354.0,83490.0
1990-02-16 01:00:00+00:00,-10.47,45.6,185.4,194.83,144.3,204.65,0.62,341.0,83580.0
1990-02-16 02:00:00+00:00,-8.47,36.95,311.55,275.78,206.0,221.6,0.9,36.0,83610.0
1990-02-16 03:00:00+00:00,-7.23,32.55,373.5,146.7,297.25,219.45,1.31,62.0,83620.0
1990-02-16 04:00:00+00:00,-6.47,30.0,390.4,122.25,315.5,231.45,0.9,85.0,83610.0
1990-02-16 05:00:00+00:00,-5.93,33.0,346.3,55.71,309.8,235.5,0.9,114.0,83580.0
1990-02-16 06:00:00+00:00,-5.64,34.5,450.95,218.89,309.9,235.5,0.97,121.0,83510.0
1990-02-16 07:00:00+00:00,-4.84,36.35,374.45,237.61,236.4,232.2,0.83,100.0,83460.0
1990-02-16 08:00:00+00:00,-4.42,34.95,298.0,327.27,144.4,230.3,1.45,87.0,83430.0
1990-02-16 09:00:00+00:00,-4.15,34.95,154.7,214.5,86.7,219.65,2.07,83.0,83460.0
1990-02-16 10:00:00+00:00,-4.39,33.45,25.2,70.3,15.75,204.15,2.55,85.0,83490.0
1990-02-16 11:00:00+00:00,-5.04,33.3,0.0,0.0,0.0,191.2,2.21,87.0,83500.0
1990-02-16 12:00:00+00:00,-5.53,33.15,0.0,0.0,0.0,183.85,1.93,89.0,83610.0
1990-02-16 13:00:00+00:00,-6.09,34.5,0.0,0.0,0.0,183.25,1.72,81.0,83640.0
1990-02-16 14:00:00+00:00,-6.69,37.4,0.0,0.0,0.0,177.05,1.24,86.0,83680.0
1990-02-16 15:00:00+00:00,-6.71,35.75,0.0,0.0,0.0,174.75,0.97,89.0,83690.0
1990-02-16 16:00:00+00:00,-6.83,35.75,0.0,0.0,0.0,173.6,0.76,90.0,83670.0
1990-02-16 17:00:00+00:00,-7.36,37.25,0.0,0.0,0.0,174.75,0.76,84.0,83630.0
1990-02-16 18:00:00+00:00,-7.96,38.8,0.0,0.0,0.0,174.35,0.69,80.0,83590.0
1990-02-16 19:00:00+00:00,-8.48,38.65,0.0,0.0,0.0,189.45,0.48,89.0,83590.0
1990-02-16 20:00:00+00:00,-9.04,42.1,0.0,0.0,0.0,188.5,0.34,80.0,83520.0
1990-02-16 21:00:00+00:00,-9.67,43.9,0.0,0.0,0.0,182.1,0.34,32.0,83460.0
1990-02-16 22:00:00+00:00,-10.29,47.7,0.0,0.0,0.0,173.2,0.41,0.0,83440.0
1990-02-16 23:00:00+00:00,-10.76,49.75,0.0,0.0,0.0,174.55,0.21,338.0,83440.0
1990-02-17 00:00:00+00:00,-11.06,52.0,40.55,0.0,40.55,177.65,0.0,323.0,83460.0
1990-02-17 01:00:00+00:00,-10.6,49.85,285.3,991.09,72.15,177.75,0.14,329.0,83470.0
1990-02-17 02:00:00+00:00,-7.98,42.4,466.55,934.11,105.0,177.25,0.41,67.0,83450.0
1990-02-17 03:00:00+00:00,-5.7,37.7,562.3,732.88,178.1,185.75,0.97,119.0,83400.0
1990-02-17 04:00:00+00:00,-3.89,36.65,585.6,547.99,247.35,207.45,1.72,151.0,83310.0
1990-02-17 05:00:00+00:00,-2.54,35.55,607.55,532.36,256.3,221.2,2.0,167.0,83210.0
1990-02-17 06:00:00+00:00,-1.3,34.3,555.6,498.43,232.15,229.7,1.93,185.0,83070.0
1990-02-17 07:00:00+00:00,-0.55,33.0,494.6,575.23,157.85,233.75,1.45,215.0,82950.0
1990-02-17 08:00:00+00:00,0.06,31.75,377.7,570.23,107.65,214.8,0.76,228.0,82890.0
1990-02-17 09:00:00+00:00,0.26,31.75,187.9,351.05,75.2,213.45,0.69,349.0,82850.0
1990-02-17 10:00:00+00:00,0.16,31.75,28.5,92.99,15.65,207.65,2.0,22.0,82880.0
1990-02-17 11:00:00+00:00,-0.57,34.45,0.0,0.0,0.0,205.7,2.55,36.0,82890.0
1990-02-17 12:00:00+00:00,-1.76,38.9,0.0,0.0,0.0,204.55,2.76,38.0,82960.0
1990-02-17 13:00:00+00:00,-2.7,40.3,0.0,0.0,0.0,212.85,2.76,39.0,83040.0
1990-02-17 14:00:00+00:00,-3.59,43.75,0.0,0.0,0.0,210.35,2.41,36.0,83060.0
1990-02-17 15:00:00+00:00,-4.16,47.35,0.0,0.0,0.0,218.3,2.0,29.0,83080.0
1990-02-17 16:00:00+00:00,-4.59,47.35,0.0,0.0,0.0,215.0,1.72,31.0,83080.0
1990-02-17 17:00:00+00:00,-4.74,49.25,0.0,0.0,0.0,209.2,1.31,28.0,83060.0
1990-02-17 18:00:00+00:00,-4.61,47.35,0.0,0.0,0.0,207.05,0.97,23.0,83070.0
1990-02-17 19:00:00+00:00,-5.8,49.0,0.0,0.0,0.0,195.05,0.97,278.0,83030.0
1990-02-17 20:00:00+00:00,-6.75,53.1,0.0,0.0,0.0,194.5,1.17,262.0,83000.0
1990-02-17 21:00:00+00:00,-7.64,55.3,0.0,0.0,0.0,191.0,1.24,253.0,82940.0
1990-02-17 22:00:00+00:00,-8.5,60.0,0.0,0.0,0.0,182.85,1.38,248.0,82940.0
1990-02-17 23:00:00+00:00,-9.17,62.4,0.0,0.0,0.0,181.5,1.45,246.0,82980.0
1990-02-18 00:00:00+00:00,-9.74,65.05,34.35,0.0,34.35,180.95,1.45,243.0,82990.0
1990-02-18 01:00:00+00:00,-8.52,57.5,294.3,1032.41,67.95,181.45,1.17,245.0,83030.0
1990-02-18 02:00:00+00:00,-4.73,41.45,485.15,1021.52,85.3,184.25,1.03,231.0,83030.0
1990-02-18 03:00:00+00:00,-2.32,35.55,632.85,1016.55,95.35,189.05,1.45,238.0,82980.0
1990-02-18 04:00:00+00:00,-0.7,34.3,720.7,997.74,100.25,193.3,1.52,230.0,82900.0
1990-02-18 05:00:00+00:00,0.54,30.55,739.75,958.84,102.7,196.8,1.31,209.0,82810.0
1990-02-18 06:00:00+00:00,1.59,29.55,691.4,898.81,104.05,201.65,1.1,184.0,82700.0
1990-02-18 07:00:00+00:00,2.3,28.45,555.2,723.68,128.35,203.6,1.03,155.0,82610.0
1990-02-18 08:00:00+00:00,2.86,27.4,327.25,520.71,78.45,216.75,1.38,111.0,82590.0
1990-02-18 09:00:00+00:00,2.94,27.4,194.15,402.25,63.4,226.4,2.07,99.0,82610.0
1990-02-18 10:00:00+00:00,2.73,27.4,25.45,85.6,13.3,218.3,2.41,96.0,82640.0
1990-02-18 11:00:00+00:00,1.87,33.6,0.0,0.0,0.0,216.75,2.48,91.0,82650.0
1990-02-18 12:00:00+00:00,0.37,44.6,0.0,0.0,0.0,219.05,2.41,84.0,82690.0
1990-02-18 13:00:00+00:00,-1.22,50.2,0.0,0.0,0.0,209.95,1.86,82.0,82740.0
1990-02-18 14:00:00+00:00,0.05,33.15,0.0,0.0,0.0,199.15,1.17,102.0,82770.0
1990-02-18 15:00:00+00:00,-0.39,35.95,0.0,0.0,0.0,205.9,1.03,145.0,82790.0
1990-02-18 16:00:00+00:00,-1.6,38.9,0.0,0.0,0.0,223.3,1.24,172.0,82770.0
1990-02-18 17:00:00+00:00,-2.27,42.2,0.0,0.0,0.0,213.65,1.24,190.0,82730.0
1990-02-18 18:00:00+00:00,-2.72,43.85,0.0,0.0,0.0,199.9,1.17,212.0,82730.0
1990-02-18 19:00:00+00:00,-3.13,45.65,0.0,0.0,0.0,193.15,1.1,228.0,82710.0
1990-02-18 20:00:00+00:00,-4.73,51.4,0.0,0.0,0.0,192.75,1.31,240.0,82700.0
1990-02-18 21:00:00+00:00,-5.81,53.35,0.0,0.0,0.0,191.6,1.38,245.0,82670.0
1990-02-18 22:00:00+00:00,-6.49,55.55,0.0,0.0,0.0,190.4,1.38,241.0,82680.0
1990-02-18 23:00:00+00:00,-7.76,62.75,0.0,0.0,0.0,187.7,1.66,236.0,82740.0
1990-02-19 00:00:00+00:00,-8.6,62.65,35.55,0.0,35.55,185.95,1.72,236.0,82780.0
1990-02-19 01:00:00+00:00,-7.44,57.7,305.35,1061.36,68.15,185.3,1.52,246.0,82840.0
1990-02-19 02:00:00+00:00,-2.31,37.1,499.05,1047.48,84.4,187.7,1.52,241.0,82870.0
1990-02-19 03:00:00+00:00,0.9,33.3,646.1,1027.64,98.05,193.15,2.41,236.0,82890.0
1990-02-19 04:00:00+00:00,3.17,28.75,729.8,982.8,114.1,198.75,2.9,234.0,82820.0
1990-02-19 05:00:00+00:00,5.06,25.8,751.7,960.89,108.85,206.7,2.55,228.0,82750.0
1990-02-19 06:00:00+00:00,6.56,23.1,701.3,909.54,102.8,209.75,1.93,213.0,82640.0
1990-02-19 07:00:00+00:00,7.28,22.3,587.5,834.08,91.85,214.6,1.31,153.0,82530.0
1990-02-19 08:00:00+00:00,7.96,20.6,400.8,639.68,92.45,214.2,1.45,137.0,82520.0
1990-02-19 09:00:00+00:00,8.14,19.85,193.55,352.24,77.65,221.0,1.79,122.0,82530.0
1990-02-19 10:00:00+00:00,7.79,20.6,33.45,111.2,17.25,226.4,2.21,101.0,82530.0
1990-02-19 11:00:00+00:00,5.96,36.2,0.0,0.0,0.0,216.95,2.41,70.0,82580.0
1990-02-19 12:00:00+00:00,3.12,49.25,0.0,0.0,0.0,213.65,2.48,74.0,82650.0
1990-02-19 13:00:00+00:00,2.26,45.15,0.0,0.0,0.0,226.8,2.0,99.0,82670.0
1990-02-19 14:00:00+00:00,1.89,41.45,0.0,0.0,0.0,239.2,1.86,138.0,82640.0
1990-02-19 15:00:00+00:00,0.97,41.3,0.0,0.0,0.0,233.6,1.79,159.0,82600.0
1990-02-19 16:00:00+00:00,1.78,35.05,0.0,0.0,0.0,230.1,1.24,169.0,82550.0
1990-02-19 17:00:00+00:00,1.16,36.4,0.0,0.0,0.0,214.05,0.9,173.0,82510.0
1990-02-19 18:00:00+00:00,-0.09,40.85,0.0,0.0,0.0,204.75,1.17,171.0,82450.0
1990-02-19 19:00:00+00:00,-1.1,40.7,0.0,0.0,0.0,202.6,1.03,184.0,82400.0
1990-02-19 20:00:00+00:00,-1.91,42.35,0.0,0.0,0.0,200.85,1.03,185.0,82320.0
1990-02-19 21:00:00+00:00,-2.61,45.75,0.0,0.0,0.0,200.1,1.03,201.0,82230.0
1990-02-19 22:00:00+00:00,-3.28,45.65,0.0,0.0,0.0,199.7,1.03,216.0,82180.0
1990-02-19 23:00:00+00:00,-3.74,45.5,0.0,0.0,0.0,198.55,1.03,219.0,82140.0
1990-02-20 00:00:00+00:00,-4.04,45.5,36.55,0.0,36.55,197.2,0.83,217.0,82090.0
1990-02-20 01:00:00+00:00,-3.76,43.6,308.3,1049.86,69.15,197.9,0.69,236.0,82060.0
1990-02-20 02:00:00+00:00,-0.03,33.15,502.3,1045.75,83.65,201.65,0.83,233.0,82070.0
1990-02-20 03:00:00+00:00,3.21,27.55,630.5,953.61,117.55,207.25,0.97,224.0,82050.0
1990-02-20 04:00:00+00:00,5.56,23.85,700.45,837.39,171.95,219.85,0.83,201.0,81980.0
1990-02-20 05:00:00+00:00,7.68,21.5,647.1,544.27,280.45,230.3,1.17,213.0,81960.0
1990-02-20 06:00:00+00:00,9.15,20.1,488.75,230.77,335.85,250.2,1.03,16.0,81940.0
1990-02-20 07:00:00+00:00,9.22,21.85,408.3,230.43,270.35,267.25,6.69,27.0,81980.0
1990-02-20 08:00:00+00:00,7.47,25.3,328.5,351.87,157.4,266.1,7.79,26.0,82000.0
1990-02-20 09:00:00+00:00,5.92,29.45,178.85,265.45,90.45,244.2,7.93,24.0,82120.0
1990-02-20 10:00:00+00:00,4.39,34.3,27.5,56.56,19.05,239.4,7.17,23.0,82250.0
1990-02-20 11:00:00+00:00,2.89,38.4,0.0,0.0,0.0,239.2,6.41,28.0,82360.0
1990-02-20 12:00:00+00:00,1.68,43.2,0.0,0.0,0.0,227.4,6.21,26.0,82520.0
1990-02-20 13:00:00+00:00,0.66,44.75,0.0,0.0,0.0,221.95,5.52,26.0,82600.0
1990-02-20 14:00:00+00:00,-0.25,48.3,0.0,0.0,0.0,212.5,4.76,26.0,82720.0
1990-02-20 15:00:00+00:00,-0.95,46.2,0.0,0.0,0.0,212.5,4.55,26.0,82830.0
1990-02-20 16:00:00+00:00,-1.37,44.3,0.0,0.0,0.0,228.75,3.86,33.0,82890.0
1990-02-20 17:00:00+00:00,-2.24,45.9,0.0,0.0,0.0,205.9,3.24,37.0,82950.0
1990-02-20 18:00:00+00:00,-2.83,43.85,0.0,0.0,0.0,212.85,2.97,38.0,83000.0
1990-02-20 19:00:00+00:00,-2.76,40.3,0.0,0.0,0.0,228.75,3.66,32.0,82980.0
1990-02-20 20:00:00+00:00,-3.07,42.05,0.0,0.0,0.0,228.95,3.52,31.0,83030.0
1990-02-20 21:00:00+00:00,-3.35,49.65,0.0,0.0,0.0,238.6,3.66,26.0,83070.0
1990-02-20 22:00:00+00:00,-3.63,58.6,0.0,0.0,0.0,258.15,3.59,26.0,83170.0
1990-02-20 23:00:00+00:00,-4.01,66.35,0.0,0.0,0.0,267.05,2.97,30.0,83300.0
1990-02-21 00:00:00+00:00,-4.45,71.95,40.45,0.0,40.45,260.5,1.93,45.0,83400.0
1990-02-21 01:00:00+00:00,-4.14,71.95,196.05,226.78,143.4,261.0,1.93,52.0,83480.0
1990-02-21 02:00:00+00:00,-3.22,61.2,378.45,440.52,200.1,252.95,3.17,34.0,83550.0
1990-02-21 03:00:00+00:00,-1.91,54.4,518.2,500.52,246.65,245.75,3.59,23.0,83540.0
1990-02-21 04:00:00+00:00,-0.48,48.3,604.4,543.56,258.8,249.45,3.72,16.0,83500.0
1990-02-21 05:00:00+00:00,0.72,42.9,593.0,459.09,281.6,245.75,3.72,13.0,83440.0
1990-02-21 06:00:00+00:00,1.69,38.1,621.1,646.95,189.5,248.3,3.93,18.0,83350.0
1990-02-21 07:00:00+00:00,2.17,35.2,510.8,559.81,173.2,241.7,4.76,23.0,83280.0
1990-02-21 08:00:00+00:00,2.35,33.75,323.9,351.51,151.5,248.1,4.69,26.0,83250.0
1990-02-21 09:00:00+00:00,1.89,33.6,182.7,292.89,84.0,239.95,4.9,30.0,83260.0
1990-02-21 10:00:00+00:00,1.15,33.45,33.2,95.68,18.55,232.05,4.41,30.0,83270.0
1990-02-21 11:00:00+00:00,0.19,36.1,0.0,0.0,0.0,221.0,3.17,40.0,83380.0
1990-02-21 12:00:00+00:00,-0.96,42.45,0.0,0.0,0.0,207.05,2.41,60.0,83450.0
1990-02-21 13:00:00+00:00,-2.32,49.95,0.0,0.0,0.0,211.3,2.07,79.0,83520.0
1990-02-21 14:00:00+00:00,-2.93,43.85,0.0,0.0,0.0,205.7,1.66,93.0,83500.0
1990-02-21 15:00:00+00:00,-2.93,38.6,0.0,0.0,0.0,207.65,1.45,97.0,83460.0
1990-02-21 16:00:00+00:00,-2.08,35.7,0.0,0.0,0.0,199.7,0.83,86.0,83440.0
1990-02-21 17:00:00+00:00,-2.51,37.1,0.0,0.0,0.0,205.7,0.83,78.0,83400.0
1990-02-21 18:00:00+00:00,-3.02,38.6,0.0,0.0,0.0,198.15,0.76,102.0,83340.0
1990-02-21 19:00:00+00:00,-4.04,41.75,0.0,0.0,0.0,196.4,0.41,177.0,83310.0
1990-02-21 20:00:00+00:00,-4.49,43.45,0.0,0.0,0.0,204.35,0.48,203.0,83220.0
1990-02-21 21:00:00+00:00,-4.96,45.2,0.0,0.0,0.0,197.95,0.41,233.0,83170.0
1990-02-21 22:00:00+00:00,-5.34,47.05,0.0,0.0,0.0,204.35,0.41,253.0,83160.0
1990-02-21 23:00:00+00:00,-5.65,51.15,0.0,0.0,0.0,212.1,0.41,266.0,83200.0
1990-02-22 00:00:00+00:00,-5.97,51.15,77.5,351.32,63.3,216.75,0.28,255.0,83180.0
1990-02-22 01:00:00+00:00,-5.92,51.15,233.65,385.7,142.4,222.85,0.14,273.0,83200.0
1990-02-22 02:00:00+00:00,-3.62,43.6,338.2,242.04,239.1,226.8,0.21,211.0,83220.0
1990-02-22 03:00:00+00:00,-1.79,38.9,500.1,403.5,279.3,239.0,0.48,224.0,83230.0
1990-02-22 04:00:00+00:00,-0.23,39.15,597.6,488.83,284.5,240.75,0.62,212.0,83170.0
1990-02-22 05:00:00+00:00,1.09,36.4,649.85,557.72,268.95,242.65,0.83,200.0,83110.0
1990-02-22 06:00:00+00:00,2.35,35.2,705.75,899.37,101.65,235.15,0.9,189.0,83030.0
1990-02-22 07:00:00+00:00,3.83,32.75,591.55,824.5,90.7,215.95,0.62,125.0,82910.0
1990-02-22 08:00:00+00:00,4.7,30.4,422.1,690.89,80.35,216.55,1.38,93.0,82890.0
1990-02-22 09:00:00+00:00,5.13,29.3,219.6,469.14,59.65,216.35,2.41,76.0,82880.0
1990-02-22 10:00:00+00:00,4.91,30.4,39.15,138.7,17.4,214.8,3.17,67.0,82890.0
1990-02-22 11:00:00+00:00,3.96,32.9,0.0,0.0,0.0,213.25,2.9,59.0,82940.0
1990-02-22 12:00:00+00:00,2.4,45.15,0.0,0.0,0.0,212.85,2.76,57.0,82990.0
1990-02-22 13:00:00+00:00,0.43,54.95,0.0,0.0,0.0,211.9,2.28,49.0,83030.0
1990-02-22 14:00:00+00:00,0.37,48.45,0.0,0.0,0.0,217.3,1.79,42.0,83030.0
1990-02-22 15:00:00+00:00,0.98,37.95,0.0,0.0,0.0,214.2,1.31,48.0,83050.0
1990-02-22 16:00:00+00:00,0.25,41.0,0.0,0.0,0.0,215.75,0.97,44.0,83030.0
1990-02-22 17:00:00+00:00,-0.58,44.45,0.0,0.0,0.0,217.15,0.97,40.0,83020.0
1990-02-22 18:00:00+00:00,-1.25,46.2,0.0,0.0,0.0,215.95,0.9,48.0,83010.0
1990-02-22 19:00:00+00:00,-2.17,47.9,0.0,0.0,0.0,212.5,0.9,27.0,83020.0
1990-02-22 20:00:00+00:00,-2.67,51.95,0.0,0.0,0.0,214.2,0.83,23.0,83000.0
1990-02-22 21:00:00+00:00,-3.05,51.95,0.0,0.0,0.0,215.6,0.83,21.0,82970.0
1990-02-22 22:00:00+00:00,-3.46,54.0,0.0,0.0,0.0,210.15,0.83,6.0,82990.0
1990-02-22 23:00:00+00:00,-3.74,56.2,0.0,0.0,0.0,216.95,0.76,350.0,83090.0
1990-02-23 00:00:00+00:00,-4.09,56.2,101.55,1256.51,45.37,211.5,0.76,336.0,83140.0
1990-02-23 01:00:00+00:00,-3.23,56.35,286.65,853.51,80.9,214.35,0.55,329.0,83210.0
1990-02-23 02:00:00+00:00,-0.34,48.3,485.45,932.35,99.4,212.5,0.21,54.0,83240.0
1990-02-23 03:00:00+00:00,1.59,41.45,637.6,954.59,110.75,213.65,1.03,91.0,83210.0
1990-02-23 04:00:00+00:00,3.05,35.45,731.0,943.55,122.2,220.05,1.86,102.0,83140.0
1990-02-23 05:00:00+00:00,4.26,32.9,739.95,908.7,115.1,221.0,2.28,120.0,83060.0
1990-02-23 06:00:00+00:00,5.25,31.85,716.05,914.46,97.65,218.3,2.41,129.0,82950.0
1990-02-23 07:00:00+00:00,6.34,30.85,598.8,830.03,90.95,218.7,2.41,153.0,82800.0
1990-02-23 08:00:00+00:00,6.99,28.65,427.6,697.64,79.6,221.0,2.34,157.0,82700.0
1990-02-23 09:00:00+00:00,7.33,29.85,223.35,472.63,60.35,222.15,1.79,159.0,82680.0
1990-02-23 10:00:00+00:00,7.2,29.85,41.05,142.37,18.2,222.75,1.45,145.0,82650.0
1990-02-23 11:00:00+00:00,6.35,42.7,0.0,0.0,0.0,221.75,1.45,110.0,82650.0
1990-02-23 12:00:00+00:00,4.55,47.7,0.0,0.0,0.0,222.75,1.52,109.0,82720.0
1990-02-23 13:00:00+00:00,3.64,45.55,0.0,0.0,0.0,224.85,1.59,119.0,82760.0
1990-02-23 14:00:00+00:00,2.69,49.15,0.0,0.0,0.0,222.15,1.66,134.0,82780.0
1990-02-23 15:00:00+00:00,1.02,57.35,0.0,0.0,0.0,219.85,1.93,147.0,82780.0
1990-02-23 16:00:00+00:00,-0.06,61.9,0.0,0.0,0.0,218.1,1.86,153.0,82760.0
1990-02-23 17:00:00+00:00,0.51,62.0,0.0,0.0,0.0,215.6,1.24,160.0,82720.0
1990-02-23 18:00:00+00:00,-0.01,64.45,0.0,0.0,0.0,214.6,0.76,168.0,82700.0
1990-02-23 19:00:00+00:00,-0.72,69.65,0.0,0.0,0.0,212.7,0.55,171.0,82610.0
1990-02-23 20:00:00+00:00,-1.41,69.65,0.0,0.0,0.0,212.3,0.69,170.0,82550.0
1990-02-23 21:00:00+00:00,-2.01,69.55,0.0,0.0,0.0,209.95,0.9,172.0,82510.0
1990-02-23 22:00:00+00:00,-2.52,72.3,0.0,0.0,0.0,206.85,0.97,187.0,82520.0
1990-02-23 23:00:00+00:00,-2.84,75.2,0.0,0.0,0.0,209.6,0.55,219.0,82590.0
1990-02-24 00:00:00+00:00,-3.06,72.25,114.75,1255.96,53.13,208.2,0.41,260.0,82630.0
1990-02-24 01:00:00+00:00,-2.64,69.35,316.7,970.28,78.4,208.9,0.48,326.0,82710.0
1990-02-24 02:00:00+00:00,0.38,61.9,493.6,914.2,110.8,213.65,1.24,14.0,82750.0
1990-02-24 03:00:00+00:00,2.77,53.25,629.55,877.85,140.9,220.6,1.86,40.0,82750.0
1990-02-24 04:00:00+00:00,4.65,47.7,659.1,659.97,230.15,233.75,2.0,53.0,82720.0
1990-02-24 05:00:00+00:00,6.15,41.0,642.3,511.84,287.95,245.6,2.07,58.0,82650.0
1990-02-24 06:00:00+00:00,7.34,36.6,659.45,703.95,180.2,262.05,2.0,72.0,82550.0
1990-02-24 07:00:00+00:00,8.77,32.85,589.45,779.34,109.2,249.25,1.93,120.0,82370.0
1990-02-24 08:00:00+00:00,9.76,30.4,430.05,692.86,81.55,238.2,2.14,142.0,82270.0
1990-02-24 09:00:00+00:00,10.3,29.35,226.7,474.78,61.1,235.3,2.07,144.0,82250.0
1990-02-24 10:00:00+00:00,10.25,30.55,42.4,137.06,19.9,236.1,1.93,121.0,82220.0
1990-02-24 11:00:00+00:00,9.07,40.25,0.0,0.0,0.0,235.3,2.0,62.0,82250.0
1990-02-24 12:00:00+00:00,6.86,46.4,0.0,0.0,0.0,234.55,3.24,39.0,82350.0
1990-02-24 13:00:00+00:00,5.58,44.3,0.0,0.0,0.0,233.95,4.76,26.0,82490.0
1990-02-24 14:00:00+00:00,4.4,40.45,0.0,0.0,0.0,235.15,6.69,12.0,82620.0
1990-02-24 15:00:00+00:00,3.23,34.0,0.0,0.0,0.0,241.15,7.17,12.0,82760.0
1990-02-24 16:00:00+00:00,2.06,32.35,0.0,0.0,0.0,244.4,6.48,17.0,82830.0
1990-02-24 17:00:00+00:00,1.07,33.45,0.0,0.0,0.0,251.75,5.24,19.0,82840.0
1990-02-24 18:00:00+00:00,0.03,36.1,0.0,0.0,0.0,237.65,4.07,12.0,82890.0
1990-02-24 19:00:00+00:00,-1.3,44.3,0.0,0.0,0.0,221.75,2.55,12.0,82780.0
1990-02-24 20:00:00+00:00,-2.52,47.9,0.0,0.0,0.0,212.1,2.28,8.0,82760.0
1990-02-24 21:00:00+00:00,-3.28,43.75,0.0,0.0,0.0,207.25,2.07,10.0,82730.0
1990-02-24 22:00:00+00:00,-3.77,41.75,0.0,0.0,0.0,200.1,1.86,17.0,82760.0
1990-02-24 23:00:00+00:00,-3.99,41.75,0.0,0.0,0.0,204.75,1.66,25.0,82780.0
1990-02-25 00:00:00+00:00,-4.19,43.45,120.8,1255.4,53.66,197.6,1.45,36.0,82800.0
1990-02-25 01:00:00+00:00,-2.86,40.3,325.1,1004.06,73.9,202.35,1.24,50.0,82840.0
1990-02-25 02:00:00+00:00,-0.31,37.55,516.75,1005.13,91.15,203.0,2.34,65.0,82860.0
1990-02-25 03:00:00+00:00,1.1,34.9,648.5,962.23,108.3,205.3,3.03,65.0,82830.0
1990-02-25 04:00:00+00:00,2.41,33.75,747.65,980.13,105.95,212.3,3.45,74.0,82770.0
1990-02-25 05:00:00+00:00,3.8,31.4,768.75,949.31,107.1,217.15,3.45,88.0,82680.0
1990-02-25 06:00:00+00:00,5.08,28.1,711.15,861.17,120.95,217.7,3.45,89.0,82590.0
1990-02-25 07:00:00+00:00,5.94,28.25,567.1,659.46,157.85,222.35,3.24,90.0,82430.0
1990-02-25 08:00:00+00:00,6.61,26.25,371.6,398.52,169.5,229.7,3.66,79.0,82380.0
1990-02-25 09:00:00+00:00,6.87,27.35,162.4,134.82,114.85,239.75,4.07,75.0,82410.0
1990-02-25 10:00:00+00:00,6.59,27.35,31.2,21.15,27.65,242.85,4.21,74.0,82430.0
1990-02-25 11:00:00+00:00,5.99,30.85,0.0,0.0,0.0,250.4,3.79,67.0,82470.0
1990-02-25 12:00:00+00:00,4.95,35.9,0.0,0.0,0.0,247.9,3.79,60.0,82550.0
1990-02-25 13:00:00+00:00,3.69,40.3,0.0,0.0,0.0,240.75,3.79,62.0,82600.0
1990-02-25 14:00:00+00:00,2.24,45.15,0.0,0.0,0.0,223.9,3.72,60.0,82640.0
1990-02-25 15:00:00+00:00,1.47,46.9,0.0,0.0,0.0,242.65,3.86,62.0,82700.0
1990-02-25 16:00:00+00:00,1.01,50.75,0.0,0.0,0.0,263.95,3.52,76.0,82650.0
1990-02-25 17:00:00+00:00,0.89,57.2,0.0,0.0,0.0,286.2,2.97,75.0,82590.0
1990-02-25 18:00:00+00:00,0.59,59.6,0.0,0.0,0.0,285.85,2.62,66.0,82560.0
1990-02-25 19:00:00+00:00,0.6,67.2,0.0,0.0,0.0,281.75,2.69,66.0,82470.0
1990-02-25 20:00:00+00:00,0.52,64.55,0.0,0.0,0.0,290.5,3.03,77.0,82390.0
1990-02-25 21:00:00+00:00,0.42,69.85,0.0,0.0,0.0,297.65,2.97,91.0,82290.0
1990-02-25 22:00:00+00:00,0.05,72.65,0.0,0.0,0.0,286.4,2.9,57.0,82330.0
1990-02-25 23:00:00+00:00,-0.41,69.75,0.0,0.0,0.0,292.6,3.52,43.0,82400.0
1990-02-26 00:00:00+00:00,-1.04,72.5,43.9,155.3,34.9,294.15,3.31,56.0,82380.0
1990-02-26 01:00:00+00:00,-1.12,69.65,91.4,55.73,77.2,295.6,3.38,63.0,82400.0
1990-02-26 02:00:00+00:00,-0.61,69.65,128.45,30.83,115.25,296.1,3.72,53.0,82450.0
1990-02-26 03:00:00+00:00,-0.26,67.0,173.05,2.12,171.85,299.75,4.28,55.0,82440.0
1990-02-26 04:00:00+00:00,0.28,67.1,254.35,65.73,211.0,299.55,4.21,64.0,82410.0
1990-02-26 05:00:00+00:00,1.25,62.15,208.2,18.38,195.3,296.3,4.07,66.0,82370.0
1990-02-26 06:00:00+00:00,1.67,62.25,203.3,15.58,192.55,300.35,4.0,53.0,82310.0
1990-02-26 07:00:00+00:00,0.88,59.6,132.3,20.88,119.25,300.35,5.24,28.0,82270.0
1990-02-26 08:00:00+00:00,0.04,59.45,124.45,22.79,112.8,293.6,5.86,22.0,82290.0
1990-02-26 09:00:00+00:00,-0.51,59.35,59.35,4.91,57.6,294.15,6.14,20.0,82300.0
1990-02-26 10:00:00+00:00,-1.17,59.2,12.65,4.37,11.9,291.85,5.86,18.0,82410.0
1990-02-26 11:00:00+00:00,-1.74,61.55,0.0,0.0,0.0,286.2,4.97,22.0,82470.0
1990-02-26 12:00:00+00:00,-2.05,61.55,0.0,0.0,0.0,286.2,4.83,19.0,82590.0
1990-02-26 13:00:00+00:00,-2.54,64.0,0.0,0.0,0.0,285.65,4.83,16.0,82710.0
1990-02-26 14:00:00+00:00,-3.15,66.45,0.0,0.0,0.0,285.45,4.69,13.0,82810.0
1990-02-26 15:00:00+00:00,-3.77,66.35,0.0,0.0,0.0,278.65,4.28,11.0,82930.0
1990-02-26 16:00:00+00:00,-4.28,69.05,0.0,0.0,0.0,269.0,3.31,26.0,82950.0
1990-02-26 17:00:00+00:00,-4.54,66.25,0.0,0.0,0.0,259.9,2.62,31.0,82940.0
1990-02-26 18:00:00+00:00,-4.6,63.55,0.0,0.0,0.0,264.35,2.62,31.0,82970.0
1990-02-26 19:00:00+00:00,-5.32,66.05,0.0,0.0,0.0,259.7,1.93,30.0,83030.0
1990-02-26 20:00:00+00:00,-5.36,63.35,0.0,0.0,0.0,257.6,1.86,39.0,83040.0
1990-02-26 21:00:00+00:00,-5.47,60.75,0.0,0.0,0.0,252.35,1.72,42.0,83050.0
1990-02-26 22:00:00+00:00,-5.6,58.2,0.0,0.0,0.0,239.4,1.31,38.0,83090.0
1990-02-26 23:00:00+00:00,-5.59,58.2,0.0,0.0,0.0,243.65,1.17,40.0,83170.0
1990-02-27 00:00:00+00:00,-5.74,60.6,103.4,595.33,66.2,227.4,1.52,32.0,83240.0
1990-02-27 01:00:00+00:00,-4.81,55.95,266.85,496.53,138.0,224.0,2.48,30.0,83350.0
1990-02-27 02:00:00+00:00,-3.81,53.9,383.45,380.53,218.7,231.65,3.59,19.0,83410.0
1990-02-27 03:00:00+00:00,-2.28,49.95,482.7,393.26,258.15,241.3,5.31,1.0,83430.0
1990-02-27 04:00:00+00:00,-0.95,46.2,453.45,216.49,309.65,248.65,5.45,356.0,83420.0
1990-02-27 05:00:00+00:00,-0.01,42.75,303.8,31.78,281.35,258.55,5.17,360.0,83360.0
1990-02-27 06:00:00+00:00,0.12,42.75,518.65,300.11,310.25,269.75,4.83,6.0,83340.0
1990-02-27 07:00:00+00:00,1.21,39.6,367.25,366.7,136.5,254.85,5.24,16.0,83200.0
1990-02-27 08:00:00+00:00,1.35,37.95,352.4,391.38,150.7,238.6,5.31,20.0,83170.0
1990-02-27 09:00:00+00:00,1.72,35.05,207.0,311.71,94.65,238.4,5.38,24.0,83210.0
1990-02-27 10:00:00+00:00,1.36,34.9,40.6,67.69,28.75,229.5,4.97,29.0,83220.0
1990-02-27 11:00:00+00:00,0.3,37.7,0.0,0.0,0.0,227.95,3.72,40.0,83280.0
1990-02-27 12:00:00+00:00,-0.81,42.45,0.0,0.0,0.0,205.15,2.83,47.0,83360.0
1990-02-27 13:00:00+00:00,-2.17,52.05,0.0,0.0,0.0,202.2,2.07,52.0,83420.0
1990-02-27 14:00:00+00:00,-1.78,40.55,0.0,0.0,0.0,203.75,1.03,67.0,83460.0
1990-02-27 15:00:00+00:00,-1.59,37.4,0.0,0.0,0.0,202.2,0.41,73.0,83490.0
1990-02-27 16:00:00+00:00,-1.9,40.55,0.0,0.0,0.0,208.05,0.0,241.0,83490.0
1990-02-27 17:00:00+00:00,-2.3,42.2,0.0,0.0,0.0,217.5,0.28,276.0,83460.0
1990-02-27 18:00:00+00:00,-2.73,43.85,0.0,0.0,0.0,223.5,0.34,312.0,83450.0
1990-02-27 19:00:00+00:00,-3.94,51.65,0.0,0.0,0.0,232.2,0.62,283.0,83430.0
1990-02-27 20:00:00+00:00,-4.37,53.75,0.0,0.0,0.0,227.2,0.69,310.0,83420.0
1990-02-27 21:00:00+00:00,-4.75,55.95,0.0,0.0,0.0,225.05,0.69,317.0,83390.0
1990-02-27 22:00:00+00:00,-5.25,58.2,0.0,0.0,0.0,214.4,0.69,313.0,83390.0
1990-02-27 23:00:00+00:00,-5.88,60.6,0.0,0.0,0.0,205.9,0.76,309.0,83460.0
1990-02-28 00:00:00+00:00,-6.69,65.7,116.65,870.69,58.25,205.9,0.9,313.0,83510.0
1990-02-28 01:00:00+00:00,-5.76,63.25,319.05,806.88,105.85,203.1,0.76,317.0,83600.0
1990-02-28 02:00:00+00:00,-2.62,49.8,509.45,854.93,135.2,200.7,0.62,345.0,83690.0
1990-02-28 03:00:00+00:00,-1.09,46.2,639.85,782.1,189.5,207.85,0.83,22.0,83690.0
1990-02-28 04:00:00+00:00,0.09,41.0,731.15,801.46,194.95,211.3,1.17,28.0,83630.0
1990-02-28 05:00:00+00:00,1.4,37.95,750.85,777.97,197.7,216.95,1.79,14.0,83570.0
1990-02-28 06:00:00+00:00,2.45,32.5,701.9,736.56,187.1,214.8,2.0,18.0,83480.0
1990-02-28 07:00:00+00:00,3.11,30.0,543.8,547.29,197.05,219.25,1.79,29.0,83340.0
1990-02-28 08:00:00+00:00,3.7,26.5,397.5,452.52,162.45,223.7,1.79,38.0,83320.0
1990-02-28 09:00:00+00:00,3.78,25.4,212.7,287.71,107.9,223.5,2.14,54.0,83270.0
1990-02-28 10:00:00+00:00,3.3,25.25,45.75,83.13,30.9,216.95,2.76,65.0,83250.0
1990-02-28 11:00:00+00:00,2.36,27.25,0.0,0.0,0.0,212.85,2.97,72.0,83290.0
1990-02-28 12:00:00+00:00,1.27,29.4,0.0,0.0,0.0,216.35,2.83,75.0,83350.0
1990-02-28 13:00:00+00:00,-0.26,40.85,0.0,0.0,0.0,211.3,2.28,73.0,83410.0
1990-02-28 14:00:00+00:00,-1.46,40.7,0.0,0.0,0.0,208.8,1.72,75.0,83450.0
1990-02-28 15:00:00+00:00,-0.43,26.55,0.0,0.0,0.0,210.15,1.03,85.0,83470.0
1990-02-28 16:00:00+00:00,-4.23,34.27,0.0,0.0,0.0,187.93,-0.58,95.0,83450.0
1990-02-28 17:00:00+00:00,-4.07,35.04,0.0,0.0,0.0,189.11,-0.3,83.0,83390.0
1990-02-28 18:00:00+00:00,-3.91,35.81,0.0,0.0,0.0,190.28,-0.02,75.0,83320.0
1990-02-28 19:00:00+00:00,-3.75,36.58,0.0,0.0,0.0,191.46,0.26,219.0,83310.0
1990-02-28 20:00:00+00:00,-3.59,37.34,0.0,0.0,0.0,192.63,0.54,232.0,83290.0
1990-02-28 21:00:00+00:00,-3.43,38.11,0.0,0.0,0.0,193.81,0.82,264.0,83230.0
1990-02-28 22:00:00+00:00,-3.27,38.88,0.0,0.0,0.0,194.99,1.1,262.0,83190.0
1990-02-28 23:00:00+00:00,-3.11,39.65,0.0,0.0,0.0,196.16,1.38,262.0,83180.0
1990-03-01 00:00:00+00:00,-2.95,40.42,137.35,1241.04,48.35,197.34,1.66,274.0,82930.0
1990-03-01 01:00:00+00:00,-2.79,41.19,347.35,992.76,80.3,198.51,1.94,302.0,83000.0
1990-03-01 02:00:00+00:00,-2.63,41.96,538.9,987.36,101.9,199.69,2.22,7.0,83050.0
1990-03-01 03:00:00+00:00,-2.47,42.72,682.8,953.56,129.1,200.87,2.49,36.0,83060.0
1990-03-01 04:00:00+00:00,-2.31,43.49,760.3,894.01,157.9,202.04,2.77,40.0,83050.0
1990-03-01 05:00:00+00:00,-2.15,44.26,754.7,780.86,195.85,203.22,3.05,38.0,82980.0
1990-03-01 06:00:00+00:00,-1.99,45.03,693.3,670.86,221.4,204.39,3.33,36.0,82910.0
1990-03-01 07:00:00+00:00,-1.83,45.8,593.25,681.33,158.65,205.57,3.61,36.0,82890.0
1990-03-01 08:00:00+00:00,2.21,31.0,441.25,631.35,110.75,214.8,5.24,35.0,82870.0
1990-03-01 09:00:00+00:00,1.98,31.0,219.9,341.1,94.35,206.85,5.24,37.0,82900.0
1990-03-01 10:00:00+00:00,1.14,33.45,50.45,140.22,24.9,215.2,4.69,42.0,82900.0
1990-03-01 11:00:00+00:00,0.06,36.1,0.0,0.0,0.0,205.15,3.31,52.0,82920.0
1990-03-01 12:00:00+00:00,-0.85,39.0,0.0,0.0,0.0,198.95,2.28,49.0,83010.0
1990-03-01 13:00:00+00:00,-1.96,49.95,0.0,0.0,0.0,198.15,1.24,57.0,83080.0
1990-03-01 14:00:00+00:00,-1.99,40.4,0.0,0.0,0.0,196.2,0.48,77.0,83080.0
1990-03-01 15:00:00+00:00,-2.49,42.05,0.0,0.0,0.0,194.7,0.21,34.0,83060.0
1990-03-01 16:00:00+00:00,-3.11,43.75,0.0,0.0,0.0,194.85,0.48,308.0,83020.0
1990-03-01 17:00:00+00:00,-3.87,47.35,0.0,0.0,0.0,200.3,0.83,286.0,83020.0
1990-03-01 18:00:00+00:00,-4.27,47.35,0.0,0.0,0.0,222.55,0.62,273.0,82960.0
1990-03-01 19:00:00+00:00,-4.36,47.35,0.0,0.0,0.0,226.4,0.69,256.0,82890.0
1990-03-01 20:00:00+00:00,-5.1,49.25,0.0,0.0,0.0,225.85,0.9,266.0,82830.0
1990-03-01 21:00:00+00:00,-5.03,49.25,0.0,0.0,0.0,225.85,0.69,259.0,82820.0
1990-03-01 22:00:00+00:00,-5.29,49.25,0.0,0.0,0.0,224.65,0.28,280.0,82830.0
1990-03-01 23:00:00+00:00,-5.53,49.1,0.0,0.0,0.0,217.9,0.0,225.0,82880.0
1990-03-02 00:00:00+00:00,-5.84,51.15,132.75,996.67,56.6,200.85,0.21,239.0,82940.0
1990-03-02 01:00:00+00:00,-4.81,49.25,338.1,889.5,94.55,199.45,0.48,338.0,83030.0
1990-03-02 02:00:00+00:00,-1.75,38.9,535.8,969.14,102.15,206.7,1.17,28.0,83070.0
1990-03-02 03:00:00+00:00,0.27,34.75,674.75,959.3,113.05,205.7,2.48,31.0,83090.0
1990-03-02 04:00:00+00:00,1.59,32.2,778.5,979.88,113.55,205.9,4.07,27.0,83060.0
1990-03-02 05:00:00+00:00,2.54,29.85,732.2,651.91,262.6,210.15,5.1,27.0,83010.0
1990-03-02 06:00:00+00:00,3.01,28.75,604.95,504.3,247.95,226.2,5.38,26.0,82980.0
1990-03-02 07:00:00+00:00,2.39,29.85,423.85,326.41,214.25,232.4,6.9,24.0,82920.0
1990-03-02 08:00:00+00:00,1.82,29.7,215.35,239.52,89.0,239.2,6.9,25.0,82960.0
1990-03-02 09:00:00+00:00,0.91,28.15,140.5,109.85,99.65,240.35,6.34,28.0,83030.0
1990-03-02 10:00:00+00:00,0.25,25.7,36.6,46.83,27.9,245.6,6.0,28.0,83130.0
1990-03-02 11:00:00+00:00,-0.6,24.3,0.0,0.0,0.0,239.4,4.9,28.0,83250.0
1990-03-02 12:00:00+00:00,-1.39,23.0,0.0,0.0,0.0,237.65,4.41,28.0,83370.0
1990-03-02 13:00:00+00:00,-2.18,21.85,0.0,0.0,0.0,223.9,3.38,31.0,83490.0
1990-03-02 14:00:00+00:00,-2.93,21.55,0.0,0.0,0.0,217.9,2.55,36.0,83540.0
1990-03-02 15:00:00+00:00,-3.88,23.35,0.0,0.0,0.0,210.15,1.59,45.0,83560.0
1990-03-02 16:00:00+00:00,-3.58,21.45,0.0,0.0,0.0,197.0,0.41,71.0,83560.0
1990-03-02 17:00:00+00:00,-4.02,22.3,0.0,0.0,0.0,182.5,0.07,229.0,83530.0
1990-03-02 18:00:00+00:00,-4.57,22.3,0.0,0.0,0.0,185.2,0.41,185.0,83470.0
1990-03-02 19:00:00+00:00,-4.53,22.3,0.0,0.0,0.0,187.7,0.55,179.0,83370.0
1990-03-02 20:00:00+00:00,-5.24,23.2,0.0,0.0,0.0,202.8,1.03,159.0,83240.0
1990-03-02 21:00:00+00:00,-6.84,27.25,0.0,0.0,0.0,198.15,1.24,155.0,83100.0
1990-03-02 22:00:00+00:00,-7.17,27.25,0.0,0.0,0.0,183.85,1.1,144.0,83020.0
1990-03-02 23:00:00+00:00,-7.36,28.4,0.0,0.0,0.0,187.5,0.83,142.0,83000.0
1990-03-03 00:00:00+00:00,-7.82,28.4,147.45,1208.35,49.4,182.7,0.9,132.0,82990.0
1990-03-03 01:00:00+00:00,-7.9,29.55,360.6,1005.38,80.45,184.7,1.03,124.0,83000.0
1990-03-03 02:00:00+00:00,-4.37,22.3,556.9,1012.49,98.9,186.55,1.72,135.0,82980.0
1990-03-03 03:00:00+00:00,-1.91,21.85,707.15,1010.41,110.6,190.6,3.1,152.0,82900.0
1990-03-03 04:00:00+00:00,0.26,20.6,795.55,993.27,116.75,194.5,3.52,162.0,82790.0
1990-03-03 05:00:00+00:00,2.2,21.9,813.85,960.35,117.6,198.95,3.38,167.0,82670.0
1990-03-03 06:00:00+00:00,3.93,20.6,760.3,908.02,113.45,203.95,3.17,165.0,82520.0
1990-03-03 07:00:00+00:00,5.9,21.1,640.3,829.31,104.25,210.15,3.24,156.0,82320.0
1990-03-03 08:00:00+00:00,6.75,23.0,464.75,705.99,89.5,213.45,2.83,144.0,82280.0
1990-03-03 09:00:00+00:00,7.18,24.1,254.55,497.45,67.7,215.4,3.17,131.0,82280.0
1990-03-03 10:00:00+00:00,6.86,26.25,50.25,86.11,33.95,215.6,3.72,121.0,82310.0
1990-03-03 11:00:00+00:00,5.43,29.45,0.0,0.0,0.0,227.6,3.79,111.0,82370.0
1990-03-03 12:00:00+00:00,3.83,35.75,0.0,0.0,0.0,234.15,3.72,116.0,82430.0
1990-03-03 13:00:00+00:00,2.29,43.45,0.0,0.0,0.0,223.5,2.9,121.0,82470.0
1990-03-03 14:00:00+00:00,0.45,57.2,0.0,0.0,0.0,213.25,1.93,120.0,82470.0
1990-03-03 15:00:00+00:00,-0.81,61.65,0.0,0.0,0.0,211.7,1.52,113.0,82490.0
1990-03-03 16:00:00+00:00,-1.13,56.85,0.0,0.0,0.0,220.8,1.24,106.0,82450.0
1990-03-03 17:00:00+00:00,-1.6,59.1,0.0,0.0,0.0,229.9,1.17,100.0,82390.0
1990-03-03 18:00:00+00:00,-2.67,63.9,0.0,0.0,0.0,225.85,1.31,108.0,82350.0
1990-03-03 19:00:00+00:00,-3.03,66.45,0.0,0.0,0.0,241.3,1.59,103.0,82260.0
1990-03-03 20:00:00+00:00,-3.7,72.05,0.0,0.0,0.0,218.65,1.52,93.0,82200.0
1990-03-03 21:00:00+00:00,-4.41,74.95,0.0,0.0,0.0,206.3,1.52,84.0,82150.0
1990-03-03 22:00:00+00:00,-5.2,78.0,0.0,0.0,0.0,209.4,1.66,77.0,82140.0
1990-03-03 23:00:00+00:00,-5.61,81.2,0.0,0.0,0.0,221.2,1.72,61.0,82160.0
1990-03-04 00:00:00+00:00,-5.58,84.55,85.65,167.0,71.3,241.3,1.86,46.0,82220.0
1990-03-04 01:00:00+00:00,-3.23,81.45,186.65,107.22,156.25,261.55,2.28,43.0,82300.0
1990-03-04 02:00:00+00:00,-0.91,75.45,237.3,62.0,208.95,275.95,2.97,33.0,82340.0
1990-03-04 03:00:00+00:00,0.23,72.65,284.7,121.37,212.45,284.1,3.59,27.0,82390.0
1990-03-04 04:00:00+00:00,1.06,64.65,425.5,255.45,249.7,275.95,4.21,31.0,82390.0
1990-03-04 05:00:00+00:00,2.0,49.0,573.45,433.5,257.15,277.9,4.62,31.0,82340.0
1990-03-04 06:00:00+00:00,3.09,38.55,504.4,444.6,185.7,271.1,4.55,34.0,82280.0
1990-03-04 07:00:00+00:00,2.81,27.55,586.05,706.27,126.55,264.55,4.69,34.0,82270.0
1990-03-04 08:00:00+00:00,3.43,25.4,424.8,625.77,89.7,230.3,4.34,40.0,82270.0
1990-03-04 09:00:00+00:00,3.37,24.35,227.7,379.6,83.7,226.2,3.79,52.0,82300.0
1990-03-04 10:00:00+00:00,2.82,24.2,59.3,176.35,25.3,223.3,3.72,57.0,82330.0
1990-03-04 11:00:00+00:00,1.73,27.1,0.0,0.0,0.0,207.45,3.03,53.0,82410.0
1990-03-04 12:00:00+00:00,0.69,29.25,0.0,0.0,0.0,204.75,2.28,55.0,82480.0
1990-03-04 13:00:00+00:00,-0.73,46.35,0.0,0.0,0.0,204.35,1.52,73.0,82520.0
1990-03-04 14:00:00+00:00,-0.22,27.9,0.0,0.0,0.0,206.7,0.62,149.0,82560.0
1990-03-04 15:00:00+00:00,-0.81,31.45,0.0,0.0,0.0,211.9,0.62,208.0,82600.0
1990-03-04 16:00:00+00:00,-1.35,32.7,0.0,0.0,0.0,220.4,0.41,254.0,82570.0
1990-03-04 17:00:00+00:00,-1.78,35.55,0.0,0.0,0.0,227.6,0.41,273.0,82510.0
1990-03-04 18:00:00+00:00,-2.76,38.6,0.0,0.0,0.0,222.15,1.03,248.0,82490.0
1990-03-04 19:00:00+00:00,-4.28,45.35,0.0,0.0,0.0,230.1,1.17,254.0,82430.0
1990-03-04 20:00:00+00:00,-3.96,43.45,0.0,0.0,0.0,232.6,0.9,271.0,82410.0
1990-03-04 21:00:00+00:00,-3.79,45.35,0.0,0.0,0.0,227.2,0.55,255.0,82380.0
1990-03-04 22:00:00+00:00,-3.78,43.6,0.0,0.0,0.0,238.05,0.14,320.0,82380.0
1990-03-04 23:00:00+00:00,-3.75,45.5,0.0,0.0,0.0,250.05,0.28,0.0,82410.0
1990-03-05 00:00:00+00:00,-3.66,45.5,56.25,4.96,55.8,266.3,0.34,48.0,82430.0
1990-03-05 01:00:00+00:00,-2.97,47.6,110.7,7.63,108.5,272.0,0.62,29.0,82480.0
1990-03-05 02:00:00+00:00,-1.78,44.0,190.0,74.97,155.35,277.9,1.38,35.0,82530.0
1990-03-05 03:00:00+00:00,-0.78,42.45,300.8,215.19,171.65,269.75,2.07,29.0,82560.0
1990-03-05 04:00:00+00:00,0.34,39.45,488.35,369.28,232.45,267.25,3.1,27.0,82570.0
1990-03-05 05:00:00+00:00,1.69,35.05,453.45,349.33,196.95,265.9,4.07,28.0,82540.0
1990-03-05 06:00:00+00:00,2.05,32.35,547.1,480.56,200.5,259.9,4.62,29.0,82490.0
1990-03-05 07:00:00+00:00,2.83,24.2,440.65,430.06,159.05,239.4,5.59,33.0,82450.0
1990-03-05 08:00:00+00:00,2.75,25.15,285.0,269.07,139.85,250.2,5.45,31.0,82480.0
1990-03-05 09:00:00+00:00,2.28,25.15,136.05,170.6,70.7,244.8,5.17,30.0,82530.0
1990-03-05 10:00:00+00:00,1.56,27.1,45.25,91.71,27.25,250.6,4.69,28.0,82620.0
1990-03-05 11:00:00+00:00,0.77,28.15,0.0,0.0,0.0,241.15,3.86,26.0,82740.0
1990-03-05 12:00:00+00:00,0.21,30.4,0.0,0.0,0.0,253.5,3.52,26.0,82840.0
1990-03-05 13:00:00+00:00,-0.57,31.6,0.0,0.0,0.0,228.35,2.9,22.0,82950.0
1990-03-05 14:00:00+00:00,-1.6,35.7,0.0,0.0,0.0,224.65,2.14,23.0,83000.0
1990-03-05 15:00:00+00:00,-2.12,31.2,0.0,0.0,0.0,209.2,1.59,12.0,83070.0
1990-03-05 16:00:00+00:00,-1.49,30.0,0.0,0.0,0.0,222.75,0.97,12.0,83070.0
1990-03-05 17:00:00+00:00,-1.63,30.0,0.0,0.0,0.0,227.6,0.62,358.0,83060.0
1990-03-05 18:00:00+00:00,-2.21,31.2,0.0,0.0,0.0,215.2,0.9,312.0,83080.0
1990-03-05 19:00:00+00:00,-2.42,29.7,0.0,0.0,0.0,210.55,0.9,297.0,83060.0
1990-03-05 20:00:00+00:00,-3.44,33.6,0.0,0.0,0.0,209.4,1.03,296.0,83050.0
1990-03-05 21:00:00+00:00,-4.59,34.95,0.0,0.0,0.0,212.1,1.24,294.0,83010.0
1990-03-05 22:00:00+00:00,-5.62,39.55,0.0,0.0,0.0,215.6,1.31,293.0,83020.0
1990-03-05 23:00:00+00:00,-6.27,43.0,0.0,0.0,0.0,203.6,1.31,287.0,83050.0
1990-03-06 00:00:00+00:00,-6.33,44.75,152.1,964.72,59.85,201.65,1.03,279.0,83080.0
1990-03-06 01:00:00+00:00,-4.33,39.85,366.25,955.06,86.05,197.5,0.69,277.0,83140.0
1990-03-06 02:00:00+00:00,-0.97,27.6,563.95,990.16,101.4,198.95,0.55,218.0,83180.0
1990-03-06 03:00:00+00:00,0.87,23.65,712.15,989.39,113.5,203.6,1.03,168.0,83180.0
1990-03-06 04:00:00+00:00,2.24,22.9,798.3,971.26,120.6,206.5,1.66,152.0,83120.0
1990-03-06 05:00:00+00:00,3.49,21.35,816.1,941.08,120.75,210.75,1.66,144.0,83050.0
1990-03-06 06:00:00+00:00,4.57,20.7,738.2,804.38,154.5,213.85,1.52,127.0,82980.0
1990-03-06 07:00:00+00:00,4.84,21.75,633.2,784.57,116.2,219.25,1.59,87.0,82930.0
1990-03-06 08:00:00+00:00,5.44,20.95,462.25,661.9,102.6,218.5,2.14,66.0,82960.0
1990-03-06 09:00:00+00:00,5.62,20.95,253.8,458.07,76.65,218.1,2.69,66.0,82960.0
1990-03-06 10:00:00+00:00,5.41,20.95,62.9,176.73,27.6,219.65,2.9,64.0,83060.0
1990-03-06 11:00:00+00:00,4.71,22.6,0.0,0.0,0.0,211.9,2.55,58.0,83130.0
1990-03-06 12:00:00+00:00,3.83,25.55,0.0,0.0,0.0,211.5,2.21,48.0,83220.0
1990-03-06 13:00:00+00:00,2.11,45.15,0.0,0.0,0.0,207.65,1.66,42.0,83300.0
1990-03-06 14:00:00+00:00,2.51,28.6,0.0,0.0,0.0,205.9,0.97,34.0,83340.0
1990-03-06 15:00:00+00:00,2.15,27.25,0.0,0.0,0.0,203.75,0.28,342.0,83350.0
1990-03-06 16:00:00+00:00,1.22,29.4,0.0,0.0,0.0,201.45,0.83,281.0,83380.0
1990-03-06 17:00:00+00:00,-0.22,31.75,0.0,0.0,0.0,200.85,1.03,281.0,83370.0
1990-03-06 18:00:00+00:00,-1.34,35.7,0.0,0.0,0.0,200.5,1.03,281.0,83330.0
1990-03-06 19:00:00+00:00,-2.22,37.1,0.0,0.0,0.0,200.1,0.97,282.0,83320.0
1990-03-06 20:00:00+00:00,-3.0,40.15,0.0,0.0,0.0,199.5,1.03,278.0,83250.0
1990-03-06 21:00:00+00:00,-3.66,41.75,0.0,0.0,0.0,198.75,1.1,272.0,83190.0
1990-03-06 22:00:00+00:00,-4.28,45.35,0.0,0.0,0.0,197.0,1.17,268.0,83180.0
1990-03-06 23:00:00+00:00,-4.86,47.2,0.0,0.0,0.0,196.2,1.31,265.0,83180.0
1990-03-07 00:00:00+00:00,-4.87,47.2,165.7,1112.1,53.9,195.25,1.24,264.0,83160.0
1990-03-07 01:00:00+00:00,-3.02,41.9,380.65,998.14,82.85,197.7,0.97,261.0,83240.0
1990-03-07 02:00:00+00:00,0.9,30.7,575.7,1006.11,100.7,202.4,0.97,245.0,83250.0
1990-03-07 03:00:00+00:00,3.57,25.4,723.95,1003.25,112.0,207.85,1.17,229.0,83230.0
1990-03-07 04:00:00+00:00,5.52,22.85,810.4,986.08,117.65,212.85,1.31,224.0,83150.0
1990-03-07 05:00:00+00:00,7.07,22.15,827.55,954.57,117.85,218.1,0.62,196.0,83040.0
1990-03-07 06:00:00+00:00,8.33,20.7,775.25,907.98,112.4,222.35,1.03,99.0,82910.0
1990-03-07 07:00:00+00:00,9.13,20.85,654.05,828.08,104.95,224.5,1.31,111.0,82800.0
1990-03-07 08:00:00+00:00,9.78,20.1,477.95,704.8,92.25,225.65,2.28,90.0,82750.0
1990-03-07 09:00:00+00:00,9.87,19.4,264.15,486.58,74.2,225.65,3.03,74.0,82720.0
1990-03-07 10:00:00+00:00,9.38,19.25,66.8,191.22,27.95,226.4,3.93,65.0,82770.0
1990-03-07 11:00:00+00:00,8.08,21.5,0.0,0.0,0.0,222.75,4.34,52.0,82820.0
1990-03-07 12:00:00+00:00,6.66,23.0,0.0,0.0,0.0,229.7,4.62,43.0,82910.0
1990-03-07 13:00:00+00:00,5.71,23.85,0.0,0.0,0.0,248.3,4.07,36.0,82990.0
1990-03-07 14:00:00+00:00,5.04,25.8,0.0,0.0,0.0,266.3,3.38,28.0,83060.0
1990-03-07 15:00:00+00:00,4.09,31.55,0.0,0.0,0.0,268.4,2.83,28.0,83100.0
1990-03-07 16:00:00+00:00,2.86,43.6,0.0,0.0,0.0,271.5,1.93,40.0,83090.0
1990-03-07 17:00:00+00:00,3.02,37.0,0.0,0.0,0.0,270.35,0.76,66.0,83080.0
1990-03-07 18:00:00+00:00,1.39,45.0,0.0,0.0,0.0,241.7,1.17,170.0,83040.0
1990-03-07 19:00:00+00:00,-0.02,42.75,0.0,0.0,0.0,219.05,1.72,214.0,82950.0
1990-03-07 20:00:00+00:00,-1.13,44.3,0.0,0.0,0.0,207.65,1.79,234.0,82850.0
1990-03-07 21:00:00+00:00,-1.18,44.3,0.0,0.0,0.0,207.65,1.52,251.0,82780.0
1990-03-07 22:00:00+00:00,-0.72,42.6,0.0,0.0,0.0,204.95,0.9,250.0,82760.0
1990-03-07 23:00:00+00:00,-1.26,44.3,0.0,0.0,0.0,203.4,0.41,240.0,82750.0
1990-03-08 00:00:00+00:00,-1.85,47.9,169.55,1085.11,55.1,201.65,0.07,195.0,82740.0
1990-03-08 01:00:00+00:00,-0.35,44.45,384.6,992.1,83.65,202.7,0.07,115.0,82760.0
1990-03-08 02:00:00+00:00,2.24,36.7,579.3,1001.17,101.65,206.3,0.48,103.0,82760.0
1990-03-08 03:00:00+00:00,4.11,31.55,726.9,998.26,113.1,210.95,0.69,98.0,82740.0
1990-03-08 04:00:00+00:00,5.69,29.45,812.1,980.51,118.6,216.55,0.9,82.0,82700.0
1990-03-08 05:00:00+00:00,7.31,27.35,828.05,949.47,117.8,221.6,1.93,55.0,82670.0
1990-03-08 06:00:00+00:00,8.73,24.5,774.8,900.56,113.45,225.25,3.45,44.0,82620.0
1990-03-08 07:00:00+00:00,9.38,22.8,654.9,821.71,106.65,225.05,5.45,32.0,82560.0
1990-03-08 08:00:00+00:00,9.48,22.8,479.4,704.22,91.3,225.45,7.1,26.0,82620.0
1990-03-08 09:00:00+00:00,8.92,21.75,267.1,484.01,76.4,223.3,8.07,23.0,82700.0
1990-03-08 10:00:00+00:00,7.71,20.45,69.6,196.78,28.95,220.8,8.28,22.0,82850.0
1990-03-08 11:00:00+00:00,5.99,21.1,0.0,0.0,0.0,214.8,7.45,20.0,83040.0
1990-03-08 12:00:00+00:00,4.08,24.45,0.0,0.0,0.0,210.75,7.59,19.0,83290.0
1990-03-08 13:00:00+00:00,2.33,29.85,0.0,0.0,0.0,214.8,7.17,19.0,83490.0
1990-03-08 14:00:00+00:00,1.06,36.4,0.0,0.0,0.0,220.2,6.41,19.0,83630.0
1990-03-08 15:00:00+00:00,0.21,41.0,0.0,0.0,0.0,235.15,5.93,21.0,83740.0
1990-03-08 16:00:00+00:00,-0.63,44.45,0.0,0.0,0.0,230.85,4.9,23.0,83800.0
1990-03-08 17:00:00+00:00,-1.18,46.2,0.0,0.0,0.0,243.25,3.59,24.0,83840.0
1990-03-08 18:00:00+00:00,-1.83,49.95,0.0,0.0,0.0,235.9,2.28,22.0,83880.0
1990-03-08 19:00:00+00:00,-2.34,49.8,0.0,0.0,0.0,237.65,1.66,14.0,83840.0
1990-03-08 20:00:00+00:00,-2.27,47.75,0.0,0.0,0.0,231.65,0.97,348.0,83820.0
1990-03-08 21:00:00+00:00,-2.48,45.75,0.0,0.0,0.0,234.55,0.83,334.0,83820.0
1990-03-08 22:00:00+00:00,-2.46,45.75,0.0,0.0,0.0,224.1,0.62,328.0,83860.0
1990-03-08 23:00:00+00:00,-2.87,45.65,0.0,0.0,0.0,210.75,0.62,319.0,83870.0
1990-03-09 00:00:00+00:00,-3.27,45.65,162.9,899.07,63.6,205.3,0.69,316.0,83890.0
1990-03-09 01:00:00+00:00,-2.45,43.85,361.3,816.09,109.65,200.4,0.34,306.0,83900.0
1990-03-09 02:00:00+00:00,-0.94,35.8,564.75,905.24,128.35,209.6,0.62,186.0,83900.0
1990-03-09 03:00:00+00:00,0.38,34.75,715.5,937.29,134.6,207.05,1.17,169.0,83840.0
1990-03-09 04:00:00+00:00,1.69,32.2,810.6,967.58,121.65,209.95,1.52,165.0,83760.0
1990-03-09 05:00:00+00:00,3.1,28.75,818.75,906.92,136.2,211.9,1.93,172.0,83650.0
1990-03-09 06:00:00+00:00,4.43,25.7,754.55,829.36,141.9,218.65,2.14,180.0,83520.0
1990-03-09 07:00:00+00:00,5.81,23.0,607.2,634.39,181.35,231.05,1.86,181.0,83350.0
1990-03-09 08:00:00+00:00,6.57,23.0,410.85,436.0,168.9,246.15,1.17,177.0,83260.0
1990-03-09 09:00:00+00:00,6.91,22.15,184.05,259.69,80.8,253.7,0.76,162.0,83200.0
1990-03-09 10:00:00+00:00,6.81,23.0,57.35,109.78,34.3,253.3,0.62,106.0,83190.0
1990-03-09 11:00:00+00:00,6.55,23.0,0.0,0.0,0.0,243.25,1.31,80.0,83230.0
1990-03-09 12:00:00+00:00,5.86,24.0,0.0,0.0,0.0,225.45,2.07,73.0,83270.0
1990-03-09 13:00:00+00:00,4.41,30.4,0.0,0.0,0.0,214.05,2.28,81.0,83290.0
1990-03-09 14:00:00+00:00,2.52,43.45,0.0,0.0,0.0,212.85,2.07,90.0,83310.0
1990-03-09 15:00:00+00:00,1.33,45.0,0.0,0.0,0.0,210.15,1.79,96.0,83300.0
1990-03-09 16:00:00+00:00,1.76,36.7,0.0,0.0,0.0,208.8,1.31,111.0,83310.0
1990-03-09 17:00:00+00:00,1.68,38.1,0.0,0.0,0.0,207.85,1.03,121.0,83310.0
1990-03-09 18:00:00+00:00,0.8,41.3,0.0,0.0,0.0,207.45,0.9,119.0,83270.0
1990-03-09 19:00:00+00:00,0.22,42.75,0.0,0.0,0.0,205.7,0.14,37.0,83280.0
1990-03-09 20:00:00+00:00,-0.51,44.45,0.0,0.0,0.0,205.15,0.07,113.0,83230.0
1990-03-09 21:00:00+00:00,-1.1,46.2,0.0,0.0,0.0,203.0,0.28,91.0,83160.0
1990-03-09 22:00:00+00:00,-1.49,48.05,0.0,0.0,0.0,202.2,0.28,261.0,83200.0
1990-03-09 23:00:00+00:00,-1.78,49.95,0.0,0.0,0.0,201.65,0.41,275.0,83250.0
1990-03-10 00:00:00+00:00,-2.02,49.95,177.2,1018.59,59.6,205.9,0.14,324.0,83250.0
1990-03-10 01:00:00+00:00,-0.85,48.15,385.25,917.53,97.7,206.2,0.21,4.0,83290.0
1990-03-10 02:00:00+00:00,1.59,39.75,570.3,902.02,130.95,211.15,0.28,58.0,83300.0
1990-03-10 03:00:00+00:00,3.78,32.9,717.4,917.3,144.4,221.6,0.69,68.0,83280.0
1990-03-10 04:00:00+00:00,5.7,29.45,778.05,800.67,204.15,225.45,1.24,62.0,83210.0
1990-03-10 05:00:00+00:00,7.24,27.35,738.25,606.56,279.0,235.3,1.79,58.0,83140.0
1990-03-10 06:00:00+00:00,8.22,25.4,728.9,695.23,212.35,249.85,2.28,53.0,83050.0
1990-03-10 07:00:00+00:00,8.82,22.55,618.2,647.69,180.8,242.85,3.03,44.0,82960.0
1990-03-10 08:00:00+00:00,9.23,21.75,440.85,511.26,155.2,242.5,3.86,41.0,82930.0
1990-03-10 09:00:00+00:00,9.12,20.85,217.2,220.74,128.65,244.8,4.34,38.0,82940.0
1990-03-10 10:00:00+00:00,8.49,19.85,53.35,47.11,43.3,253.7,4.41,36.0,82960.0
1990-03-10 11:00:00+00:00,7.69,19.6,0.0,0.0,0.0,259.5,4.07,37.0,83030.0
1990-03-10 12:00:00+00:00,7.04,19.5,0.0,0.0,0.0,262.8,3.72,38.0,83090.0
1990-03-10 13:00:00+00:00,6.26,19.35,0.0,0.0,0.0,253.5,3.45,36.0,83140.0
1990-03-10 14:00:00+00:00,5.28,21.75,0.0,0.0,0.0,247.9,2.83,33.0,83180.0
1990-03-10 15:00:00+00:00,3.91,30.25,0.0,0.0,0.0,243.05,2.14,33.0,83180.0
1990-03-10 16:00:00+00:00,3.25,34.0,0.0,0.0,0.0,235.5,1.59,38.0,83160.0
1990-03-10 17:00:00+00:00,4.12,21.5,0.0,0.0,0.0,223.15,1.1,32.0,83130.0
1990-03-10 18:00:00+00:00,3.72,21.35,0.0,0.0,0.0,220.2,0.69,356.0,83110.0
1990-03-10 19:00:00+00:00,2.63,22.05,0.0,0.0,0.0,230.1,0.55,330.0,83060.0
1990-03-10 20:00:00+00:00,1.66,24.85,0.0,0.0,0.0,228.35,0.62,315.0,83030.0
1990-03-10 21:00:00+00:00,0.63,26.85,0.0,0.0,0.0,229.5,0.76,309.0,82980.0
1990-03-10 22:00:00+00:00,-0.2,29.1,0.0,0.0,0.0,227.75,0.9,287.0,82970.0
1990-03-10 23:00:00+00:00,-1.56,32.7,0.0,0.0,0.0,210.95,1.31,266.0,82980.0
1990-03-11 00:00:00+00:00,-2.38,35.4,182.35,1025.01,58.85,211.5,1.45,260.0,82990.0
1990-03-11 01:00:00+00:00,0.28,28.05,397.35,978.51,85.75,208.7,1.1,259.0,83000.0
1990-03-11 02:00:00+00:00,4.18,20.6,590.55,992.03,102.4,212.1,1.52,245.0,82990.0
1990-03-11 03:00:00+00:00,6.03,19.35,737.2,989.6,114.2,216.35,2.34,233.0,82960.0
1990-03-11 04:00:00+00:00,7.63,19.6,823.25,974.72,120.0,221.0,3.1,230.0,82880.0
1990-03-11 05:00:00+00:00,9.15,19.15,842.65,950.52,118.7,224.3,3.45,238.0,82770.0
1990-03-11 06:00:00+00:00,10.47,17.2,790.55,901.03,117.25,226.4,3.45,253.0,82670.0
1990-03-11 07:00:00+00:00,11.56,14.7,670.7,827.58,108.5,226.2,4.14,262.0,82540.0
1990-03-11 08:00:00+00:00,12.37,12.55,495.55,712.29,94.9,226.4,3.66,264.0,82450.0
1990-03-11 09:00:00+00:00,12.86,11.5,284.35,520.92,73.55,226.2,3.03,260.0,82400.0
1990-03-11 10:00:00+00:00,12.92,10.2,78.7,214.16,32.3,224.65,2.48,253.0,82360.0
1990-03-11 11:00:00+00:00,12.38,9.65,0.05,0.0,0.05,221.75,1.38,212.0,82370.0
1990-03-11 12:00:00+00:00,10.4,25.05,0.0,0.0,0.0,219.65,1.52,164.0,82400.0
1990-03-11 13:00:00+00:00,8.85,20.0,0.0,0.0,0.0,216.55,1.38,147.0,82430.0
1990-03-11 14:00:00+00:00,7.81,18.0,0.0,0.0,0.0,212.85,1.31,141.0,82450.0
1990-03-11 15:00:00+00:00,6.64,18.55,0.0,0.0,0.0,208.8,1.17,140.0,82470.0
1990-03-11 16:00:00+00:00,5.45,19.25,0.0,0.0,0.0,205.9,1.03,149.0,82460.0
1990-03-11 17:00:00+00:00,4.27,20.6,0.0,0.0,0.0,202.8,0.9,163.0,82420.0
1990-03-11 18:00:00+00:00,3.14,22.2,0.0,0.0,0.0,199.9,0.83,180.0,82370.0
1990-03-11 19:00:00+00:00,2.04,22.9,0.0,0.0,0.0,197.6,0.76,216.0,82310.0
1990-03-11 20:00:00+00:00,1.29,22.75,0.0,0.0,0.0,195.85,0.76,215.0,82270.0
1990-03-11 21:00:00+00:00,0.56,24.6,0.0,0.0,0.0,194.3,0.62,214.0,82220.0
1990-03-11 22:00:00+00:00,-0.03,24.45,0.0,0.0,0.0,193.15,0.62,219.0,82210.0
1990-03-11 23:00:00+00:00,-0.45,24.3,0.0,0.0,0.0,191.75,0.76,240.0,82210.0
1990-03-12 00:00:00+00:00,-0.48,23.25,196.2,1077.7,60.9,191.4,0.9,251.0,82230.0
1990-03-12 01:00:00+00:00,0.83,19.8,417.5,1018.37,88.05,194.4,0.76,251.0,82280.0
1990-03-12 02:00:00+00:00,4.15,14.45,615.55,1028.01,104.55,199.15,0.97,247.0,82260.0
1990-03-12 03:00:00+00:00,6.87,12.0,765.05,1024.56,115.05,203.2,1.31,232.0,82240.0
1990-03-12 04:00:00+00:00,9.68,10.0,851.15,1005.94,120.65,208.2,2.0,228.0,82180.0
1990-03-12 05:00:00+00:00,12.38,7.7,867.05,973.03,121.6,213.45,2.62,227.0,82080.0
1990-03-12 06:00:00+00:00,14.52,6.7,811.85,923.63,117.75,217.5,2.9,226.0,81970.0
1990-03-12 07:00:00+00:00,15.9,5.2,683.8,824.31,120.55,220.4,2.48,217.0,81800.0
1990-03-12 08:00:00+00:00,16.57,4.45,499.8,681.3,114.05,223.5,2.28,203.0,81720.0
1990-03-12 09:00:00+00:00,16.76,4.25,280.3,455.82,94.25,224.85,2.0,185.0,81680.0
1990-03-12 10:00:00+00:00,16.58,4.05,77.25,166.16,40.7,228.15,1.93,162.0,81670.0
1990-03-12 11:00:00+00:00,15.83,5.2,0.05,0.0,0.05,228.15,1.86,132.0,81700.0
1990-03-12 12:00:00+00:00,13.91,10.85,0.0,0.0,0.0,233.2,2.76,128.0,81760.0
1990-03-12 13:00:00+00:00,11.58,25.3,0.0,0.0,0.0,239.2,3.79,138.0,81830.0
1990-03-12 14:00:00+00:00,8.89,43.4,0.0,0.0,0.0,238.2,2.69,131.0,81870.0
1990-03-12 15:00:00+00:00,6.89,58.65,0.0,0.0,0.0,233.95,1.72,102.0,81950.0
1990-03-12 16:00:00+00:00,5.13,63.05,0.0,0.0,0.0,231.25,1.93,39.0,82000.0
1990-03-12 17:00:00+00:00,3.24,70.4,0.0,0.0,0.0,226.8,2.76,41.0,82020.0
1990-03-12 18:00:00+00:00,2.45,67.6,0.0,0.0,0.0,217.7,3.31,45.0,82050.0
1990-03-12 19:00:00+00:00,2.68,41.7,0.0,0.0,0.0,217.5,5.24,19.0,82080.0
1990-03-12 20:00:00+00:00,2.08,36.7,0.0,0.0,0.0,215.6,4.83,20.0,82060.0
1990-03-12 21:00:00+00:00,1.05,41.3,0.0,0.0,0.0,212.85,3.66,25.0,82050.0
1990-03-12 22:00:00+00:00,0.0,44.6,0.0,0.0,0.0,210.95,2.62,22.0,82090.0
1990-03-12 23:00:00+00:00,0.06,44.6,0.0,0.0,0.0,209.2,2.0,13.0,82160.0
1990-03-13 00:00:00+00:00,-1.05,48.15,191.3,984.87,62.65,208.8,2.55,5.0,82240.0
1990-03-13 01:00:00+00:00,1.93,39.9,359.55,659.05,143.0,214.15,4.07,10.0,82370.0
1990-03-13 02:00:00+00:00,3.17,37.0,511.35,586.76,216.75,231.65,6.83,10.0,82470.0
1990-03-13 03:00:00+00:00,3.76,34.15,609.0,514.17,280.3,235.5,7.86,7.0,82540.0
1990-03-13 04:00:00+00:00,4.17,30.25,706.65,615.71,256.65,238.4,8.55,8.0,82610.0
1990-03-13 05:00:00+00:00,4.39,27.95,706.7,622.53,227.0,236.3,9.45,7.0,82650.0
1990-03-13 06:00:00+00:00,4.41,26.8,559.0,302.57,330.35,237.65,10.14,5.0,82720.0
1990-03-13 07:00:00+00:00,2.46,33.9,470.15,320.92,249.6,251.6,10.34,4.0,82820.0
1990-03-13 08:00:00+00:00,1.83,33.75,335.2,248.65,193.5,250.8,10.28,5.0,82890.0
1990-03-13 09:00:00+00:00,1.09,36.4,185.45,129.36,132.2,249.25,9.86,6.0,83040.0
1990-03-13 10:00:00+00:00,0.0,39.3,44.45,12.32,41.7,246.35,9.31,8.0,83180.0
1990-03-13 11:00:00+00:00,-1.26,42.45,0.1,0.0,0.1,255.65,8.41,8.0,83360.0
1990-03-13 12:00:00+00:00,-2.42,51.95,0.0,0.0,0.0,245.75,7.45,12.0,83510.0
1990-03-13 13:00:00+00:00,-3.28,58.6,0.0,0.0,0.0,250.6,6.97,14.0,83650.0
1990-03-13 14:00:00+00:00,-4.04,60.95,0.0,0.0,0.0,241.15,5.93,18.0,83740.0
1990-03-13 15:00:00+00:00,-4.73,60.95,0.0,0.0,0.0,241.3,5.1,24.0,83780.0
1990-03-13 16:00:00+00:00,-5.28,63.45,0.0,0.0,0.0,239.2,4.41,24.0,83830.0
1990-03-13 17:00:00+00:00,-5.72,66.05,0.0,0.0,0.0,242.3,4.21,24.0,83830.0
1990-03-13 18:00:00+00:00,-6.07,68.75,0.0,0.0,0.0,245.95,4.14,21.0,83830.0
1990-03-13 19:00:00+00:00,-7.02,68.55,0.0,0.0,0.0,249.45,4.62,19.0,83840.0
1990-03-13 20:00:00+00:00,-7.43,68.45,0.0,0.0,0.0,235.3,4.14,18.0,83870.0
1990-03-13 21:00:00+00:00,-7.65,68.45,0.0,0.0,0.0,245.6,4.0,22.0,83910.0
1990-03-13 22:00:00+00:00,-7.86,68.35,0.0,0.0,0.0,249.05,3.79,28.0,83960.0
1990-03-13 23:00:00+00:00,-8.11,68.35,0.0,0.0,0.0,243.85,3.59,28.0,84030.0
1990-03-14 00:00:00+00:00,-8.22,68.35,124.65,188.25,99.1,242.1,3.45,28.0,84080.0
1990-03-14 01:00:00+00:00,-7.4,65.6,291.25,379.12,164.75,240.45,4.76,17.0,84170.0
1990-03-14 02:00:00+00:00,-6.06,53.35,480.5,489.18,232.45,234.55,5.66,9.0,84200.0
1990-03-14 03:00:00+00:00,-4.35,43.45,560.0,377.87,316.6,233.75,6.0,7.0,84180.0
1990-03-14 04:00:00+00:00,-3.05,38.45,639.75,421.81,329.5,245.4,5.86,8.0,84120.0
1990-03-14 05:00:00+00:00,-1.91,34.0,626.6,356.59,350.25,240.75,5.59,11.0,84020.0
1990-03-14 06:00:00+00:00,-1.09,30.15,690.0,545.9,275.2,242.1,5.66,15.0,83940.0
1990-03-14 07:00:00+00:00,-1.18,27.6,528.5,403.47,249.65,234.35,6.9,13.0,83960.0
1990-03-14 08:00:00+00:00,-1.17,26.4,441.05,428.13,195.5,226.4,7.24,13.0,83940.0
1990-03-14 09:00:00+00:00,-1.29,26.25,227.0,204.18,142.25,214.2,7.59,8.0,83990.0
1990-03-14 10:00:00+00:00,-1.98,27.3,61.35,71.08,45.25,227.4,7.66,6.0,84100.0
1990-03-14 11:00:00+00:00,-3.22,32.3,0.2,0.0,0.2,238.05,6.9,3.0,84210.0
1990-03-14 12:00:00+00:00,-4.05,34.95,0.0,0.0,0.0,214.4,5.1,3.0,84300.0
1990-03-14 13:00:00+00:00,-4.36,33.45,0.0,0.0,0.0,214.2,3.93,2.0,84370.0
1990-03-14 14:00:00+00:00,-4.57,32.0,0.0,0.0,0.0,212.3,2.07,5.0,84370.0
1990-03-14 15:00:00+00:00,-5.03,31.85,0.0,0.0,0.0,195.65,0.76,310.0,84370.0
1990-03-14 16:00:00+00:00,-5.84,34.5,0.0,0.0,0.0,192.15,1.31,245.0,84340.0
1990-03-14 17:00:00+00:00,-6.51,35.9,0.0,0.0,0.0,185.4,1.66,238.0,84260.0
1990-03-14 18:00:00+00:00,-7.42,40.7,0.0,0.0,0.0,171.05,1.72,246.0,84210.0
1990-03-14 19:00:00+00:00,-8.41,42.25,0.0,0.0,0.0,165.65,2.21,246.0,84160.0
1990-03-14 20:00:00+00:00,-9.35,48.0,0.0,0.0,0.0,164.7,2.21,255.0,84070.0
1990-03-14 21:00:00+00:00,-10.29,50.0,0.0,0.0,0.0,164.1,2.14,261.0,84050.0
1990-03-14 22:00:00+00:00,-11.24,56.8,0.0,0.0,0.0,164.1,2.07,263.0,84030.0
1990-03-14 23:00:00+00:00,-12.24,61.8,0.0,0.0,0.0,163.5,2.07,266.0,84030.0
1990-03-15 00:00:00+00:00,-12.68,64.5,211.25,1038.02,65.05,163.15,1.93,270.0,84040.0
1990-03-15 01:00:00+00:00,-8.78,44.2,434.0,1008.85,92.25,165.35,1.45,264.0,84070.0
1990-03-15 02:00:00+00:00,-5.13,33.3,632.1,1021.16,109.2,168.95,1.52,262.0,84070.0
1990-03-15 03:00:00+00:00,-3.14,25.85,781.2,1018.84,120.0,173.75,0.83,290.0,84020.0
1990-03-15 04:00:00+00:00,-1.62,21.0,867.25,1002.04,125.6,177.85,0.9,8.0,83940.0
1990-03-15 05:00:00+00:00,-0.18,17.05,882.45,969.76,126.65,179.4,1.66,29.0,83830.0
1990-03-15 06:00:00+00:00,1.14,14.4,825.45,919.87,122.7,181.5,2.41,33.0,83740.0
1990-03-15 07:00:00+00:00,1.96,13.35,703.6,849.29,113.35,183.05,2.62,37.0,83700.0
1990-03-15 08:00:00+00:00,2.62,11.7,522.2,734.38,98.35,182.7,3.52,33.0,83650.0
1990-03-15 09:00:00+00:00,2.75,11.2,305.25,546.04,76.75,182.85,4.69,35.0,83600.0
1990-03-15 10:00:00+00:00,2.12,11.1,90.6,233.73,36.9,180.55,5.17,33.0,83590.0
1990-03-15 11:00:00+00:00,0.85,11.95,0.35,0.0,0.35,179.2,4.34,35.0,83630.0
1990-03-15 12:00:00+00:00,-0.21,13.55,0.0,0.0,0.0,178.6,3.17,45.0,83690.0
1990-03-15 13:00:00+00:00,-1.12,16.05,0.0,0.0,0.0,178.4,1.86,60.0,83770.0
1990-03-15 14:00:00+00:00,-1.85,15.8,0.0,0.0,0.0,180.35,0.97,92.0,83780.0
1990-03-15 15:00:00+00:00,-1.84,15.8,0.0,0.0,0.0,178.4,0.41,111.0,83780.0
1990-03-15 16:00:00+00:00,-2.32,16.45,0.0,0.0,0.0,176.85,0.21,70.0,83750.0
1990-03-15 17:00:00+00:00,-2.89,17.1,0.0,0.0,0.0,177.85,0.07,69.0,83670.0
1990-03-15 18:00:00+00:00,-3.47,17.8,0.0,0.0,0.0,176.3,0.41,215.0,83610.0
1990-03-15 19:00:00+00:00,-4.33,19.4,0.0,0.0,0.0,173.4,0.62,235.0,83540.0
1990-03-15 20:00:00+00:00,-5.11,20.2,0.0,0.0,0.0,172.6,0.83,247.0,83460.0
1990-03-15 21:00:00+00:00,-6.29,21.9,0.0,0.0,0.0,171.45,1.17,254.0,83380.0
1990-03-15 22:00:00+00:00,-7.83,25.75,0.0,0.0,0.0,170.3,1.38,250.0,83360.0
1990-03-15 23:00:00+00:00,-9.26,27.95,0.0,0.0,0.0,168.55,1.59,240.0,83350.0
1990-03-16 00:00:00+00:00,-10.01,30.35,220.1,1054.96,66.1,166.25,1.66,235.0,83320.0
1990-03-16 01:00:00+00:00,-7.31,23.75,445.75,1026.19,92.9,167.5,1.45,233.0,83340.0
1990-03-16 02:00:00+00:00,-2.17,16.55,645.55,1036.36,109.7,170.3,2.14,227.0,83280.0
1990-03-16 03:00:00+00:00,0.7,15.0,795.55,1032.21,120.7,175.3,3.38,229.0,83200.0
1990-03-16 04:00:00+00:00,3.21,12.95,881.8,1014.17,126.5,179.0,4.14,233.0,83100.0
1990-03-16 05:00:00+00:00,5.47,11.25,896.55,981.41,127.4,182.85,4.41,236.0,82950.0
1990-03-16 06:00:00+00:00,7.53,10.1,837.85,930.21,123.4,188.1,4.34,238.0,82830.0
1990-03-16 07:00:00+00:00,9.21,9.05,712.3,855.37,114.55,193.15,4.62,235.0,82700.0
1990-03-16 08:00:00+00:00,10.37,7.75,530.25,740.36,100.3,195.85,4.28,228.0,82590.0
1990-03-16 09:00:00+00:00,10.95,7.15,311.2,551.64,78.5,197.4,4.07,218.0,82530.0
1990-03-16 10:00:00+00:00,10.9,7.15,94.5,241.45,38.25,198.15,3.93,206.0,82520.0
1990-03-16 11:00:00+00:00,9.79,7.95,0.5,0.0,0.5,197.6,2.97,181.0,82480.0
1990-03-16 12:00:00+00:00,8.02,10.65,0.0,0.0,0.0,197.0,2.76,162.0,82500.0
1990-03-16 13:00:00+00:00,5.6,16.15,0.0,0.0,0.0,195.65,2.69,155.0,82490.0
1990-03-16 14:00:00+00:00,2.99,25.25,0.0,0.0,0.0,194.3,2.48,151.0,82480.0
1990-03-16 15:00:00+00:00,1.71,23.8,0.0,0.0,0.0,193.3,2.0,144.0,82470.0
1990-03-16 16:00:00+00:00,0.81,26.95,0.0,0.0,0.0,194.85,1.59,138.0,82450.0
1990-03-16 17:00:00+00:00,-0.14,33.15,0.0,0.0,0.0,196.8,1.38,132.0,82420.0
1990-03-16 18:00:00+00:00,-0.8,40.7,0.0,0.0,0.0,199.15,1.17,127.0,82400.0
1990-03-16 19:00:00+00:00,-1.55,50.1,0.0,0.0,0.0,203.2,1.31,97.0,82420.0
1990-03-16 20:00:00+00:00,-2.85,56.35,0.0,0.0,0.0,197.0,1.38,74.0,82400.0
1990-03-16 21:00:00+00:00,-4.33,63.55,0.0,0.0,0.0,199.9,1.72,55.0,82400.0
1990-03-16 22:00:00+00:00,-5.48,68.85,0.0,0.0,0.0,207.65,2.41,39.0,82480.0
1990-03-16 23:00:00+00:00,-5.05,68.95,0.0,0.0,0.0,210.75,3.38,47.0,82590.0
1990-03-17 00:00:00+00:00,-4.46,60.95,216.55,995.9,66.05,197.95,3.52,52.0,82670.0
1990-03-17 01:00:00+00:00,-1.02,44.3,434.85,977.98,93.6,195.95,4.41,49.0,82750.0
1990-03-17 02:00:00+00:00,0.9,33.45,626.7,986.45,111.75,199.3,6.83,31.0,82810.0
1990-03-17 03:00:00+00:00,2.02,32.35,767.95,972.08,127.75,203.75,7.93,22.0,82860.0
1990-03-17 04:00:00+00:00,3.04,30.0,813.55,804.33,210.85,208.8,8.28,18.0,82880.0
1990-03-17 05:00:00+00:00,4.05,27.8,762.3,605.81,284.9,220.4,8.07,14.0,82870.0
1990-03-17 06:00:00+00:00,4.83,25.8,629.8,364.4,348.45,242.3,7.45,16.0,82810.0
1990-03-17 07:00:00+00:00,4.25,26.65,471.2,212.21,322.1,250.2,6.69,18.0,82770.0
1990-03-17 08:00:00+00:00,4.32,25.7,332.6,135.3,253.55,250.8,5.79,24.0,82740.0
1990-03-17 09:00:00+00:00,3.98,27.8,151.2,39.04,134.6,253.5,5.72,25.0,82760.0
1990-03-17 10:00:00+00:00,2.79,32.6,45.4,9.95,43.05,262.2,5.66,28.0,82770.0
1990-03-17 11:00:00+00:00,1.38,38.1,0.5,0.0,0.5,257.2,4.97,31.0,82810.0
1990-03-17 12:00:00+00:00,0.25,42.9,0.0,0.0,0.0,246.55,4.76,29.0,82870.0
1990-03-17 13:00:00+00:00,-0.76,48.15,0.0,0.0,0.0,219.05,4.69,27.0,82930.0
1990-03-17 14:00:00+00:00,-1.7,50.1,0.0,0.0,0.0,209.6,4.14,27.0,82960.0
1990-03-17 15:00:00+00:00,-2.56,54.15,0.0,0.0,0.0,200.85,3.72,30.0,82980.0
1990-03-17 16:00:00+00:00,-3.13,56.35,0.0,0.0,0.0,204.95,3.31,31.0,82960.0
1990-03-17 17:00:00+00:00,-3.75,58.6,0.0,0.0,0.0,199.7,2.9,32.0,82910.0
1990-03-17 18:00:00+00:00,-4.33,60.95,0.0,0.0,0.0,197.2,2.62,30.0,82920.0
1990-03-17 19:00:00+00:00,-5.09,63.45,0.0,0.0,0.0,197.2,2.14,32.0,82910.0
1990-03-17 20:00:00+00:00,-5.69,66.05,0.0,0.0,0.0,195.25,2.07,28.0,82880.0
1990-03-17 21:00:00+00:00,-6.35,68.65,0.0,0.0,0.0,191.0,1.72,25.0,82850.0
1990-03-17 22:00:00+00:00,-5.4,63.35,0.0,0.0,0.0,189.05,0.9,14.0,82880.0
1990-03-17 23:00:00+00:00,-5.69,60.75,0.0,0.0,0.0,186.75,0.48,278.0,82960.0
1990-03-18 00:00:00+00:00,-6.43,65.8,217.95,948.34,69.75,186.95,1.03,248.0,83000.0
1990-03-18 01:00:00+00:00,-4.76,56.1,433.9,945.27,99.25,187.25,1.1,224.0,83020.0
1990-03-18 02:00:00+00:00,-2.72,43.85,590.4,857.05,138.75,191.95,1.52,196.0,83000.0
1990-03-18 03:00:00+00:00,-1.09,37.4,737.8,835.37,183.65,202.6,1.72,196.0,82940.0
1990-03-18 04:00:00+00:00,0.48,34.75,774.65,684.48,258.65,209.75,1.72,190.0,82830.0
1990-03-18 05:00:00+00:00,2.05,31.0,682.75,383.62,378.8,223.7,2.0,190.0,82700.0
1990-03-18 06:00:00+00:00,3.39,27.7,476.45,95.67,402.2,245.6,2.14,192.0,82610.0
1990-03-18 07:00:00+00:00,3.19,28.75,385.2,69.09,336.4,265.9,1.52,149.0,82540.0
1990-03-18 08:00:00+00:00,3.92,26.65,300.4,96.89,243.45,267.85,2.07,133.0,82470.0
1990-03-18 09:00:00+00:00,4.46,25.7,208.3,129.41,152.85,269.2,2.41,131.0,82440.0
1990-03-18 10:00:00+00:00,4.63,26.8,69.2,56.41,55.7,258.95,2.41,124.0,82400.0
1990-03-18 11:00:00+00:00,4.45,27.95,0.65,0.0,0.65,250.05,2.21,127.0,82470.0
1990-03-18 12:00:00+00:00,4.15,30.25,0.0,0.0,0.0,254.3,1.52,112.0,82520.0
1990-03-18 13:00:00+00:00,3.53,35.6,0.0,0.0,0.0,245.95,1.45,100.0,82590.0
1990-03-18 14:00:00+00:00,2.57,45.3,0.0,0.0,0.0,259.9,1.52,104.0,82580.0
1990-03-18 15:00:00+00:00,1.95,43.3,0.0,0.0,0.0,243.05,1.38,114.0,82550.0
1990-03-18 16:00:00+00:00,2.05,38.25,0.0,0.0,0.0,239.0,1.17,102.0,82490.0
1990-03-18 17:00:00+00:00,1.81,38.25,0.0,0.0,0.0,234.15,1.17,106.0,82460.0
1990-03-18 18:00:00+00:00,0.03,46.5,0.0,0.0,0.0,240.95,1.52,111.0,82360.0
1990-03-18 19:00:00+00:00,-1.02,66.9,0.0,0.0,0.0,277.5,1.79,108.0,82290.0
1990-03-18 20:00:00+00:00,-1.37,72.4,0.0,0.0,0.0,266.1,1.52,74.0,82230.0
1990-03-18 21:00:00+00:00,-1.35,75.35,0.0,0.0,0.0,288.15,1.66,62.0,82200.0
1990-03-18 22:00:00+00:00,-1.38,81.65,0.0,0.0,0.0,291.85,1.79,45.0,82200.0
1990-03-18 23:00:00+00:00,-1.58,84.95,0.0,0.0,0.0,291.25,2.21,29.0,82250.0
1990-03-19 00:00:00+00:00,-1.69,84.95,42.65,0.0,42.65,291.25,2.0,19.0,82320.0
1990-03-19 01:00:00+00:00,-1.32,81.65,103.2,2.51,102.3,290.8,2.21,23.0,82380.0
1990-03-19 02:00:00+00:00,-0.78,64.25,253.65,30.08,237.65,286.6,3.24,16.0,82350.0
1990-03-19 03:00:00+00:00,0.22,41.0,296.95,31.73,275.75,285.45,5.1,1.0,82410.0
1990-03-19 04:00:00+00:00,0.71,30.55,490.75,129.49,392.55,281.75,5.31,1.0,82430.0
1990-03-19 05:00:00+00:00,1.66,28.3,635.0,249.01,436.65,275.95,4.9,5.0,82380.0
1990-03-19 06:00:00+00:00,2.53,26.25,767.95,654.49,257.4,267.65,4.0,20.0,82300.0
1990-03-19 07:00:00+00:00,2.63,27.4,688.8,757.35,151.05,230.3,3.31,19.0,82250.0
1990-03-19 08:00:00+00:00,3.09,26.4,521.0,686.78,114.95,214.2,2.83,35.0,82190.0
1990-03-19 09:00:00+00:00,3.16,26.4,307.9,516.62,84.85,208.05,2.62,49.0,82140.0
1990-03-19 10:00:00+00:00,2.9,25.25,97.0,228.3,41.65,204.75,2.97,76.0,82120.0
1990-03-19 11:00:00+00:00,2.12,27.25,0.95,0.0,0.95,201.25,3.24,84.0,82100.0
1990-03-19 12:00:00+00:00,1.17,30.7,0.0,0.0,0.0,200.5,2.76,92.0,82140.0
1990-03-19 13:00:00+00:00,0.23,33.15,0.0,0.0,0.0,199.7,2.34,96.0,82180.0
1990-03-19 14:00:00+00:00,-1.02,37.4,0.0,0.0,0.0,198.55,1.72,90.0,82230.0
1990-03-19 15:00:00+00:00,-2.46,42.05,0.0,0.0,0.0,197.2,1.52,85.0,82210.0
1990-03-19 16:00:00+00:00,-3.44,47.45,0.0,0.0,0.0,196.6,1.45,74.0,82140.0
1990-03-19 17:00:00+00:00,-3.19,45.65,0.0,0.0,0.0,196.05,0.62,41.0,82200.0
1990-03-19 18:00:00+00:00,-4.03,49.4,0.0,0.0,0.0,203.0,0.97,53.0,82150.0
1990-03-19 19:00:00+00:00,-4.89,51.4,0.0,0.0,0.0,217.15,1.38,24.0,82210.0
1990-03-19 20:00:00+00:00,-4.54,51.55,0.0,0.0,0.0,224.85,0.97,27.0,82220.0
1990-03-19 21:00:00+00:00,-4.74,51.55,0.0,0.0,0.0,238.4,1.17,18.0,82230.0
1990-03-19 22:00:00+00:00,-4.75,51.55,0.0,0.0,0.0,248.1,1.52,6.0,82270.0
1990-03-19 23:00:00+00:00,-4.32,51.55,0.0,0.0,0.0,257.0,1.24,3.0,82380.0
1990-03-20 00:00:00+00:00,-3.95,53.75,90.9,16.21,88.2,260.65,1.24,12.0,82470.0
1990-03-20 01:00:00+00:00,-2.5,49.8,169.15,14.42,163.9,264.85,1.93,16.0,82570.0
1990-03-20 02:00:00+00:00,-1.57,44.15,268.65,42.19,246.0,264.75,3.38,14.0,82680.0
1990-03-20 03:00:00+00:00,-0.75,37.55,389.3,52.69,353.85,268.05,4.83,14.0,82740.0
1990-03-20 04:00:00+00:00,-0.18,36.1,553.55,172.05,422.3,270.75,5.66,14.0,82760.0
1990-03-20 05:00:00+00:00,0.43,34.75,502.05,167.9,367.6,266.85,6.14,16.0,82730.0
1990-03-20 06:00:00+00:00,0.57,34.75,561.5,254.4,362.05,267.05,6.0,18.0,82710.0
1990-03-20 07:00:00+00:00,1.55,33.6,403.25,182.92,272.7,268.05,5.93,25.0,82640.0
1990-03-20 08:00:00+00:00,1.73,32.2,368.9,243.17,224.3,269.0,5.45,33.0,82630.0
1990-03-20 09:00:00+00:00,1.91,31.0,203.8,105.64,157.85,255.25,5.1,38.0,82580.0
1990-03-20 10:00:00+00:00,1.68,30.85,56.8,27.9,49.95,253.9,4.69,41.0,82660.0
1990-03-20 11:00:00+00:00,1.01,33.45,1.0,0.0,1.0,257.75,4.07,42.0,82740.0
1990-03-20 12:00:00+00:00,0.34,34.75,0.0,0.0,0.0,254.85,4.07,37.0,82850.0
1990-03-20 13:00:00+00:00,-0.42,39.15,0.0,0.0,0.0,243.65,4.07,30.0,82990.0
1990-03-20 14:00:00+00:00,-1.13,42.45,0.0,0.0,0.0,244.6,4.21,27.0,83060.0
1990-03-20 15:00:00+00:00,-1.72,44.15,0.0,0.0,0.0,251.2,4.34,25.0,83120.0
1990-03-20 16:00:00+00:00,-2.35,47.75,0.0,0.0,0.0,246.35,4.34,21.0,83150.0
1990-03-20 17:00:00+00:00,-2.9,45.65,0.0,0.0,0.0,255.05,4.48,21.0,83230.0
1990-03-20 18:00:00+00:00,-3.61,41.75,0.0,0.0,0.0,250.4,4.62,23.0,83230.0
1990-03-20 19:00:00+00:00,-4.91,45.2,0.0,0.0,0.0,233.0,5.17,17.0,83230.0
1990-03-20 20:00:00+00:00,-5.54,45.05,0.0,0.0,0.0,237.05,5.31,20.0,83260.0
1990-03-20 21:00:00+00:00,-6.12,46.9,0.0,0.0,0.0,231.25,4.9,25.0,83230.0
1990-03-20 22:00:00+00:00,-6.49,46.75,0.0,0.0,0.0,233.0,4.62,27.0,83330.0
1990-03-20 23:00:00+00:00,-6.9,46.6,0.0,0.0,0.0,229.3,4.34,29.0,83390.0
1990-03-21 00:00:00+00:00,-6.98,44.65,139.75,115.57,119.9,231.45,4.14,34.0,83500.0
1990-03-21 01:00:00+00:00,-6.64,39.25,252.35,76.51,224.1,236.4,4.83,28.0,83600.0
1990-03-21 02:00:00+00:00,-6.13,36.05,347.85,88.69,299.8,242.5,4.62,25.0,83630.0
1990-03-21 03:00:00+00:00,-5.55,33.15,481.9,155.64,376.45,238.6,3.86,30.0,83690.0
1990-03-21 04:00:00+00:00,-4.75,30.6,565.4,196.15,414.9,243.05,3.59,36.0,83650.0
1990-03-21 05:00:00+00:00,-3.95,30.6,562.9,253.19,359.1,239.6,3.31,41.0,83600.0
1990-03-21 06:00:00+00:00,-3.36,28.1,722.8,471.14,351.6,234.75,2.9,51.0,83510.0
1990-03-21 07:00:00+00:00,-2.06,25.0,503.8,272.89,308.05,225.85,3.24,52.0,83380.0
1990-03-21 08:00:00+00:00,-1.66,24.05,392.5,245.63,245.6,237.25,3.17,55.0,83360.0
1990-03-21 09:00:00+00:00,-1.53,24.05,231.0,163.63,159.3,236.85,3.45,62.0,83320.0
1990-03-21 10:00:00+00:00,-1.66,23.0,78.55,66.56,62.0,228.55,3.24,66.0,83350.0
1990-03-21 11:00:00+00:00,-2.11,22.85,1.25,0.0,1.25,213.25,2.76,67.0,83430.0
1990-03-21 12:00:00+00:00,-2.51,23.75,0.0,0.0,0.0,222.15,2.48,71.0,83510.0
1990-03-21 13:00:00+00:00,-3.08,24.7,0.0,0.0,0.0,211.3,2.21,69.0,83610.0
1990-03-21 14:00:00+00:00,-3.79,25.55,0.0,0.0,0.0,206.3,1.86,75.0,83680.0
1990-03-21 15:00:00+00:00,-4.75,25.55,0.0,0.0,0.0,193.15,1.66,77.0,83690.0
1990-03-21 16:00:00+00:00,-5.6,28.95,0.0,0.0,0.0,183.25,1.24,84.0,83670.0
1990-03-21 17:00:00+00:00,-5.72,27.7,0.0,0.0,0.0,184.6,0.76,98.0,83630.0
1990-03-21 18:00:00+00:00,-6.37,30.0,0.0,0.0,0.0,183.05,0.69,93.0,83550.0
1990-03-21 19:00:00+00:00,-6.82,31.25,0.0,0.0,0.0,178.6,0.69,204.0,83540.0
1990-03-21 20:00:00+00:00,-7.46,32.55,0.0,0.0,0.0,172.6,0.34,217.0,83490.0
1990-03-21 21:00:00+00:00,-8.25,33.9,0.0,0.0,0.0,173.6,0.14,298.0,83420.0
1990-03-21 22:00:00+00:00,-9.06,36.8,0.0,0.0,0.0,186.55,0.41,12.0,83390.0
1990-03-21 23:00:00+00:00,-9.54,38.35,0.0,0.0,0.0,198.95,0.62,351.0,83440.0
1990-03-22 00:00:00+00:00,-9.42,40.1,196.7,380.69,129.35,208.05,0.41,305.0,83500.0
1990-03-22 01:00:00+00:00,-7.14,32.7,404.0,561.31,193.9,202.15,0.21,17.0,83570.0
1990-03-22 02:00:00+00:00,-4.97,29.1,618.1,758.54,203.45,201.85,0.76,87.0,83580.0
1990-03-22 03:00:00+00:00,-3.1,28.25,784.1,858.57,198.4,201.45,1.45,104.0,83550.0
1990-03-22 04:00:00+00:00,-1.68,26.25,884.15,922.8,172.05,194.1,1.93,121.0,83470.0
1990-03-22 05:00:00+00:00,-0.45,26.55,895.1,888.96,175.9,198.95,2.28,124.0,83380.0
1990-03-22 06:00:00+00:00,0.54,25.7,843.0,879.04,147.05,201.05,2.34,115.0,83280.0
1990-03-22 07:00:00+00:00,1.19,25.8,721.95,828.98,124.35,195.45,2.34,114.0,83200.0
1990-03-22 08:00:00+00:00,1.75,24.85,536.3,707.44,110.85,194.7,3.03,97.0,83130.0
1990-03-22 09:00:00+00:00,1.93,23.95,310.25,485.43,96.0,196.6,4.07,96.0,83090.0
1990-03-22 10:00:00+00:00,1.46,23.8,89.05,124.35,57.75,198.75,4.0,98.0,83100.0
1990-03-22 11:00:00+00:00,0.69,25.7,1.3,0.0,1.3,215.95,3.79,107.0,83170.0
1990-03-22 12:00:00+00:00,0.0,27.9,0.0,0.0,0.0,229.5,3.31,113.0,83230.0
1990-03-22 13:00:00+00:00,-0.59,33.0,0.0,0.0,0.0,235.7,3.03,125.0,83320.0
1990-03-22 14:00:00+00:00,-1.37,38.9,0.0,0.0,0.0,226.8,2.28,132.0,83340.0
1990-03-22 15:00:00+00:00,-2.74,51.95,0.0,0.0,0.0,208.8,1.38,138.0,83370.0
1990-03-22 16:00:00+00:00,-3.39,47.45,0.0,0.0,0.0,203.4,0.97,140.0,83350.0
1990-03-22 17:00:00+00:00,-3.58,47.45,0.0,0.0,0.0,208.05,0.55,113.0,83280.0
1990-03-22 18:00:00+00:00,-4.42,49.4,0.0,0.0,0.0,203.75,0.69,67.0,83210.0
1990-03-22 19:00:00+00:00,-4.68,51.55,0.0,0.0,0.0,206.5,0.76,69.0,83180.0
1990-03-22 20:00:00+00:00,-5.32,55.8,0.0,0.0,0.0,199.3,0.69,53.0,83160.0
1990-03-22 21:00:00+00:00,-5.84,58.1,0.0,0.0,0.0,199.15,0.76,49.0,83120.0
1990-03-22 22:00:00+00:00,-6.33,58.0,0.0,0.0,0.0,186.75,0.55,1.0,83230.0
1990-03-22 23:00:00+00:00,-6.84,60.4,0.0,0.0,0.0,191.4,0.83,11.0,83270.0
1990-03-23 00:00:00+00:00,-6.69,55.55,225.0,741.75,89.95,187.5,0.48,1.0,83350.0
1990-03-23 01:00:00+00:00,-3.96,47.35,422.35,757.23,135.1,194.8,1.17,25.0,83460.0
1990-03-23 02:00:00+00:00,-1.77,35.55,582.4,728.38,180.7,203.0,4.34,24.0,83520.0
1990-03-23 03:00:00+00:00,-0.99,25.25,739.1,811.66,181.65,206.85,5.93,22.0,83560.0
1990-03-23 04:00:00+00:00,-0.3,22.25,890.2,934.95,164.65,206.1,6.07,22.0,83550.0
1990-03-23 05:00:00+00:00,0.55,20.6,899.7,919.25,152.25,193.7,6.0,25.0,83470.0
1990-03-23 06:00:00+00:00,1.16,19.8,850.45,896.98,136.9,192.15,5.79,27.0,83400.0
1990-03-23 07:00:00+00:00,1.49,18.25,723.95,823.42,127.45,190.4,5.52,31.0,83320.0
1990-03-23 08:00:00+00:00,1.57,17.45,544.4,723.09,107.15,189.65,5.52,35.0,83290.0
1990-03-23 09:00:00+00:00,1.33,16.65,321.1,527.11,86.8,187.7,5.38,37.0,83290.0
1990-03-23 10:00:00+00:00,0.68,18.0,106.05,237.7,45.5,187.9,5.24,37.0,83320.0
1990-03-23 11:00:00+00:00,-0.3,18.55,1.95,2.07,1.85,187.15,4.41,39.0,83420.0
1990-03-23 12:00:00+00:00,-1.17,19.3,0.0,0.0,0.0,198.35,3.72,43.0,83520.0
1990-03-23 13:00:00+00:00,-1.97,20.85,0.0,0.0,0.0,197.4,3.1,44.0,83620.0
1990-03-23 14:00:00+00:00,-2.7,21.7,0.0,0.0,0.0,209.75,2.48,49.0,83670.0
1990-03-23 15:00:00+00:00,-3.59,22.45,0.0,0.0,0.0,210.75,1.79,59.0,83690.0
1990-03-23 16:00:00+00:00,-4.24,22.3,0.0,0.0,0.0,200.1,1.38,65.0,83670.0
1990-03-23 17:00:00+00:00,-3.84,21.3,0.0,0.0,0.0,205.7,0.62,98.0,83650.0
1990-03-23 18:00:00+00:00,-4.27,21.3,0.0,0.0,0.0,207.85,0.34,110.0,83620.0
1990-03-23 19:00:00+00:00,-5.03,21.15,0.0,0.0,0.0,199.3,0.69,110.0,83560.0
1990-03-23 20:00:00+00:00,-5.65,22.0,0.0,0.0,0.0,193.9,0.62,95.0,83560.0
1990-03-23 21:00:00+00:00,-6.42,23.85,0.0,0.0,0.0,202.2,0.83,52.0,83540.0
1990-03-23 22:00:00+00:00,-6.9,24.85,0.0,0.0,0.0,193.9,0.76,73.0,83560.0
1990-03-23 23:00:00+00:00,-7.5,25.9,0.0,0.0,0.0,184.05,0.62,61.0,83640.0
1990-03-24 00:00:00+00:00,-7.68,25.9,210.35,562.45,105.05,194.3,0.48,47.0,83670.0
1990-03-24 01:00:00+00:00,-5.66,22.0,456.1,865.32,123.5,188.6,0.76,62.0,83730.0
1990-03-24 02:00:00+00:00,-3.54,19.55,644.7,882.48,153.75,190.2,1.79,82.0,83740.0
1990-03-24 03:00:00+00:00,-2.0,19.95,799.3,925.74,159.25,197.0,2.21,85.0,83720.0
1990-03-24 04:00:00+00:00,-0.73,19.4,899.45,954.7,154.45,191.95,2.41,85.0,83660.0
1990-03-24 05:00:00+00:00,0.46,18.8,911.8,937.84,145.45,193.3,2.62,81.0,83560.0
1990-03-24 06:00:00+00:00,1.44,18.25,845.55,874.26,146.8,196.2,2.9,77.0,83470.0
1990-03-24 07:00:00+00:00,2.19,18.35,712.45,771.67,150.75,197.2,3.24,71.0,83410.0
1990-03-24 08:00:00+00:00,2.59,17.65,522.1,652.83,125.2,202.6,3.79,64.0,83360.0
1990-03-24 09:00:00+00:00,2.6,17.65,279.7,329.53,132.2,202.4,4.0,60.0,83410.0
1990-03-24 10:00:00+00:00,2.19,17.55,86.2,94.28,61.9,226.05,3.72,62.0,83430.0
1990-03-24 11:00:00+00:00,1.61,17.45,2.1,0.0,2.1,233.95,3.38,66.0,83490.0
1990-03-24 12:00:00+00:00,1.04,17.3,0.0,0.0,0.0,222.55,2.62,69.0,83570.0
1990-03-24 13:00:00+00:00,0.49,19.7,0.0,0.0,0.0,223.3,2.14,75.0,83630.0
1990-03-24 14:00:00+00:00,-0.75,37.55,0.0,0.0,0.0,218.5,1.52,83.0,83650.0
1990-03-24 15:00:00+00:00,-1.03,25.25,0.0,0.0,0.0,219.25,0.97,88.0,83650.0
1990-03-24 16:00:00+00:00,-1.18,19.3,0.0,0.0,0.0,213.65,0.69,109.0,83610.0
1990-03-24 17:00:00+00:00,-1.94,21.85,0.0,0.0,0.0,209.75,0.48,131.0,83550.0
1990-03-24 18:00:00+00:00,-2.69,22.7,0.0,0.0,0.0,206.5,0.55,154.0,83500.0
1990-03-24 19:00:00+00:00,-3.29,21.45,0.0,0.0,0.0,197.6,0.07,93.0,83510.0
1990-03-24 20:00:00+00:00,-3.87,23.35,0.0,0.0,0.0,203.2,0.34,105.0,83450.0
1990-03-24 21:00:00+00:00,-4.36,24.45,0.0,0.0,0.0,204.55,0.34,104.0,83400.0
1990-03-24 22:00:00+00:00,-4.9,26.6,0.0,0.0,0.0,190.8,0.28,154.0,83390.0
1990-03-24 23:00:00+00:00,-5.39,27.7,0.0,0.0,0.0,189.05,0.28,198.0,83410.0
1990-03-25 00:00:00+00:00,-5.53,28.95,243.4,834.41,82.9,189.05,0.14,242.0,83450.0
1990-03-25 01:00:00+00:00,-3.4,29.4,468.95,922.53,109.75,195.15,0.21,111.0,83470.0
1990-03-25 02:00:00+00:00,-1.05,26.4,664.5,956.1,128.0,197.2,0.62,115.0,83470.0
1990-03-25 03:00:00+00:00,0.75,26.95,809.15,959.63,141.3,200.85,0.76,122.0,83430.0
1990-03-25 04:00:00+00:00,2.24,28.45,893.15,950.64,147.25,205.15,0.9,119.0,83390.0
1990-03-25 05:00:00+00:00,3.56,26.5,901.35,918.13,147.45,209.2,1.24,88.0,83310.0
1990-03-25 06:00:00+00:00,4.81,24.75,842.5,872.28,142.1,212.5,2.21,67.0,83240.0
1990-03-25 07:00:00+00:00,5.64,22.85,717.1,805.84,127.75,213.25,2.69,56.0,83240.0
1990-03-25 08:00:00+00:00,6.25,21.1,538.2,701.49,109.45,212.7,3.93,49.0,83220.0
1990-03-25 09:00:00+00:00,6.27,20.2,314.6,479.61,98.45,210.75,4.9,53.0,83200.0
1990-03-25 10:00:00+00:00,5.71,19.25,97.8,163.38,55.2,211.7,4.48,51.0,83270.0
1990-03-25 11:00:00+00:00,4.95,17.5,2.45,2.76,2.3,222.15,4.0,48.0,83330.0
1990-03-25 12:00:00+00:00,4.21,18.05,0.0,0.0,0.0,218.85,3.03,53.0,83420.0
1990-03-25 13:00:00+00:00,2.97,25.25,0.0,0.0,0.0,201.65,2.0,55.0,83470.0
1990-03-25 14:00:00+00:00,1.77,31.0,0.0,0.0,0.0,195.05,1.24,51.0,83520.0
1990-03-25 15:00:00+00:00,1.79,19.2,0.0,0.0,0.0,193.5,0.69,41.0,83550.0
1990-03-25 16:00:00+00:00,1.09,19.8,0.0,0.0,0.0,193.5,0.48,22.0,83530.0
1990-03-25 17:00:00+00:00,0.25,21.5,0.0,0.0,0.0,200.5,0.41,356.0,83500.0
1990-03-25 18:00:00+00:00,-0.57,23.25,0.0,0.0,0.0,200.5,0.55,327.0,83490.0
1990-03-25 19:00:00+00:00,-0.64,18.55,0.0,0.0,0.0,197.0,0.41,345.0,83460.0
1990-03-25 20:00:00+00:00,-1.24,20.2,0.0,0.0,0.0,193.5,0.21,326.0,83400.0
1990-03-25 21:00:00+00:00,-1.87,22.85,0.0,0.0,0.0,191.95,0.21,290.0,83370.0
1990-03-25 22:00:00+00:00,-2.5,24.85,0.0,0.0,0.0,191.4,0.28,279.0,83360.0
1990-03-25 23:00:00+00:00,-3.0,28.25,0.0,0.0,0.0,191.6,0.41,278.0,83390.0
1990-03-26 00:00:00+00:00,-3.27,29.55,257.4,901.38,79.4,192.35,0.69,274.0,83420.0
1990-03-26 01:00:00+00:00,-1.59,27.45,478.85,942.46,107.2,195.35,0.41,264.0,83450.0
1990-03-26 02:00:00+00:00,1.45,18.25,674.05,968.19,126.15,199.5,0.69,219.0,83440.0
1990-03-26 03:00:00+00:00,3.51,17.9,819.75,972.86,138.3,203.2,1.03,205.0,83430.0
1990-03-26 04:00:00+00:00,5.25,20.85,901.3,959.74,144.2,206.7,1.31,195.0,83360.0
1990-03-26 05:00:00+00:00,6.67,21.1,911.25,929.63,144.25,211.15,1.24,181.0,83280.0
1990-03-26 06:00:00+00:00,7.74,20.45,851.0,883.15,138.65,215.2,1.1,144.0,83180.0
1990-03-26 07:00:00+00:00,8.48,17.45,724.25,813.07,126.85,217.15,1.24,129.0,83110.0
1990-03-26 08:00:00+00:00,8.94,16.85,543.6,703.87,111.15,216.95,1.38,101.0,83040.0
1990-03-26 09:00:00+00:00,9.22,15.45,324.35,517.28,89.65,216.35,1.52,76.0,83030.0
1990-03-26 10:00:00+00:00,9.15,14.8,112.2,240.04,48.9,216.55,2.28,73.0,83040.0
1990-03-26 11:00:00+00:00,8.46,15.35,3.0,6.11,2.65,213.45,3.72,86.0,83070.0
1990-03-26 12:00:00+00:00,7.17,18.65,0.0,0.0,0.0,209.75,3.79,90.0,83110.0
1990-03-26 13:00:00+00:00,5.8,22.0,0.0,0.0,0.0,207.45,3.1,97.0,83180.0
1990-03-26 14:00:00+00:00,3.85,38.85,0.0,0.0,0.0,205.7,1.93,107.0,83220.0
1990-03-26 15:00:00+00:00,3.54,34.15,0.0,0.0,0.0,204.55,1.17,111.0,83240.0
1990-03-26 16:00:00+00:00,3.23,32.6,0.0,0.0,0.0,204.15,1.03,116.0,83210.0
1990-03-26 17:00:00+00:00,2.15,36.7,0.0,0.0,0.0,203.95,1.03,117.0,83180.0
1990-03-26 18:00:00+00:00,1.11,41.3,0.0,0.0,0.0,205.5,0.83,111.0,83140.0
1990-03-26 19:00:00+00:00,0.97,29.4,0.0,0.0,0.0,213.25,0.48,59.0,83100.0
1990-03-26 20:00:00+00:00,0.32,31.9,0.0,0.0,0.0,220.8,0.41,41.0,83040.0
1990-03-26 21:00:00+00:00,-0.15,31.75,0.0,0.0,0.0,224.85,0.34,23.0,82980.0
1990-03-26 22:00:00+00:00,-0.56,33.0,0.0,0.0,0.0,221.6,0.28,22.0,82960.0
1990-03-26 23:00:00+00:00,-0.81,34.3,0.0,0.0,0.0,226.2,0.34,6.0,83000.0
1990-03-27 00:00:00+00:00,-0.72,33.0,230.65,591.85,110.75,231.45,0.48,17.0,83040.0
1990-03-27 01:00:00+00:00,1.02,32.05,445.25,732.54,152.75,229.45,1.1,30.0,83090.0
1990-03-27 02:00:00+00:00,3.48,31.4,646.55,847.3,163.05,225.25,2.55,25.0,83140.0
1990-03-27 03:00:00+00:00,5.47,25.95,790.5,878.8,171.0,220.2,4.48,18.0,83210.0
1990-03-27 04:00:00+00:00,6.97,21.25,882.85,884.76,181.2,220.6,5.93,16.0,83240.0
1990-03-27 05:00:00+00:00,8.12,17.35,909.9,917.06,149.7,218.85,6.83,15.0,83270.0
1990-03-27 06:00:00+00:00,8.92,14.8,854.1,878.04,142.7,217.9,7.17,16.0,83270.0
1990-03-27 07:00:00+00:00,9.12,11.35,712.45,781.33,135.75,210.95,7.31,13.0,83270.0
1990-03-27 08:00:00+00:00,9.02,9.45,548.9,704.74,113.7,211.5,6.97,12.0,83300.0
1990-03-27 09:00:00+00:00,8.62,8.15,336.0,541.67,88.6,204.15,6.14,15.0,83320.0
1990-03-27 10:00:00+00:00,7.87,7.35,118.1,254.27,50.3,196.05,5.17,22.0,83340.0
1990-03-27 11:00:00+00:00,6.87,7.55,3.5,7.47,3.05,191.2,3.72,33.0,83410.0
1990-03-27 12:00:00+00:00,5.59,8.95,0.0,0.0,0.0,187.9,2.34,51.0,83450.0
1990-03-27 13:00:00+00:00,3.66,30.1,0.0,0.0,0.0,185.6,1.66,73.0,83510.0
1990-03-27 14:00:00+00:00,4.62,7.95,0.0,0.0,0.0,183.25,0.83,112.0,83540.0
1990-03-27 15:00:00+00:00,3.92,8.25,0.0,0.0,0.0,181.9,0.55,180.0,83560.0
1990-03-27 16:00:00+00:00,2.86,8.9,0.0,0.0,0.0,179.95,0.48,219.0,83550.0
1990-03-27 17:00:00+00:00,1.64,10.5,0.0,0.0,0.0,179.0,0.41,224.0,83520.0
1990-03-27 18:00:00+00:00,0.53,11.3,0.0,0.0,0.0,177.65,0.48,222.0,83480.0
1990-03-27 19:00:00+00:00,-0.38,12.2,0.0,0.0,0.0,178.6,0.76,229.0,83440.0
1990-03-27 20:00:00+00:00,-1.22,13.3,0.0,0.0,0.0,178.8,0.62,224.0,83410.0
1990-03-27 21:00:00+00:00,-1.92,14.4,0.0,0.0,0.0,179.2,0.48,217.0,83350.0
1990-03-27 22:00:00+00:00,-2.53,15.7,0.0,0.0,0.0,179.6,0.48,194.0,83380.0
1990-03-27 23:00:00+00:00,-3.23,17.1,0.0,0.0,0.0,180.15,0.41,195.0,83390.0
1990-03-28 00:00:00+00:00,-3.57,18.65,272.85,919.23,81.95,181.7,0.34,200.0,83430.0
1990-03-28 01:00:00+00:00,-1.19,15.35,495.85,958.03,108.6,185.3,0.21,186.0,83450.0
1990-03-28 02:00:00+00:00,2.2,12.75,690.7,980.64,126.5,190.25,0.48,173.0,83440.0
1990-03-28 03:00:00+00:00,4.63,11.6,835.05,982.35,138.2,195.45,0.83,161.0,83410.0
1990-03-28 04:00:00+00:00,6.88,10.45,915.3,967.28,144.2,200.3,1.66,153.0,83360.0
1990-03-28 05:00:00+00:00,8.96,9.45,924.6,936.49,144.7,205.3,2.41,151.0,83270.0
1990-03-28 06:00:00+00:00,10.62,8.9,863.15,888.95,139.75,209.95,2.83,142.0,83190.0
1990-03-28 07:00:00+00:00,12.17,8.35,734.35,815.74,129.55,213.85,3.52,138.0,83080.0
1990-03-28 08:00:00+00:00,12.87,8.5,551.0,704.67,113.65,216.55,4.21,131.0,83030.0
1990-03-28 09:00:00+00:00,12.88,9.75,333.15,528.37,90.25,218.5,4.76,130.0,82990.0
1990-03-28 10:00:00+00:00,12.18,11.95,117.35,247.25,50.7,219.65,5.24,131.0,82990.0
1990-03-28 11:00:00+00:00,10.75,15.8,3.75,7.12,3.3,219.65,5.1,129.0,83070.0
1990-03-28 12:00:00+00:00,8.93,20.0,0.0,0.0,0.0,218.5,4.69,130.0,83120.0
1990-03-28 13:00:00+00:00,7.34,25.3,0.0,0.0,0.0,216.75,4.0,130.0,83190.0
1990-03-28 14:00:00+00:00,5.85,28.35,0.0,0.0,0.0,215.2,3.1,128.0,83230.0
1990-03-28 15:00:00+00:00,4.02,37.25,0.0,0.0,0.0,213.05,2.41,125.0,83230.0
1990-03-28 16:00:00+00:00,2.41,45.3,0.0,0.0,0.0,211.3,1.93,119.0,83220.0
1990-03-28 17:00:00+00:00,1.75,45.0,0.0,0.0,0.0,210.55,1.66,114.0,83200.0
1990-03-28 18:00:00+00:00,1.64,41.45,0.0,0.0,0.0,209.75,1.38,114.0,83170.0
1990-03-28 19:00:00+00:00,2.13,39.9,0.0,0.0,0.0,211.15,1.03,117.0,83120.0
1990-03-28 20:00:00+00:00,1.17,43.05,0.0,0.0,0.0,212.5,1.17,118.0,83080.0
1990-03-28 21:00:00+00:00,-0.28,48.3,0.0,0.0,0.0,215.2,1.31,121.0,83050.0
1990-03-28 22:00:00+00:00,-0.62,48.3,0.0,0.0,0.0,224.1,1.17,128.0,83040.0
1990-03-28 23:00:00+00:00,-0.81,50.2,0.0,0.0,0.0,226.2,1.03,131.0,83070.0
1990-03-29 00:00:00+00:00,-1.24,50.2,231.5,538.21,117.0,227.75,1.03,140.0,83090.0
1990-03-29 01:00:00+00:00,1.24,44.85,418.35,591.04,176.55,230.8,1.38,149.0,83100.0
1990-03-29 02:00:00+00:00,3.98,38.85,647.85,845.35,157.55,238.6,2.07,162.0,83060.0
1990-03-29 03:00:00+00:00,6.62,37.85,810.0,949.98,131.95,234.35,2.97,178.0,83000.0
1990-03-29 04:00:00+00:00,9.2,32.85,889.3,940.44,135.75,236.5,3.17,186.0,82920.0
1990-03-29 05:00:00+00:00,11.38,27.45,895.5,899.91,142.65,243.45,3.1,183.0,82810.0
1990-03-29 06:00:00+00:00,13.23,24.7,835.6,852.96,138.5,250.6,3.24,176.0,82720.0
1990-03-29 07:00:00+00:00,14.76,22.25,711.3,782.83,128.35,255.25,3.86,167.0,82560.0
1990-03-29 08:00:00+00:00,15.65,21.6,534.15,675.79,112.65,257.75,4.14,163.0,82490.0
1990-03-29 09:00:00+00:00,15.88,21.6,323.15,504.8,89.6,258.35,4.34,160.0,82410.0
1990-03-29 10:00:00+00:00,15.44,23.4,114.4,233.42,50.8,257.75,4.62,156.0,82410.0
1990-03-29 11:00:00+00:00,14.1,28.15,4.0,7.56,3.5,255.25,4.76,149.0,82450.0
1990-03-29 12:00:00+00:00,12.12,35.05,0.0,0.0,0.0,251.6,5.31,146.0,82520.0
1990-03-29 13:00:00+00:00,10.12,42.0,0.0,0.0,0.0,247.7,5.1,144.0,82570.0
1990-03-29 14:00:00+00:00,8.34,46.8,0.0,0.0,0.0,242.65,3.93,136.0,82610.0
1990-03-29 15:00:00+00:00,6.64,56.3,0.0,0.0,0.0,237.65,2.97,124.0,82640.0
1990-03-29 16:00:00+00:00,4.81,60.65,0.0,0.0,0.0,233.4,2.21,113.0,82630.0
1990-03-29 17:00:00+00:00,2.98,73.2,0.0,0.0,0.0,229.9,1.79,107.0,82610.0
1990-03-29 18:00:00+00:00,1.67,78.9,0.0,0.0,0.0,226.8,1.66,113.0,82590.0
1990-03-29 19:00:00+00:00,1.15,78.8,0.0,0.0,0.0,224.1,1.45,122.0,82540.0
1990-03-29 20:00:00+00:00,0.6,81.9,0.0,0.0,0.0,221.4,1.31,135.0,82520.0
1990-03-29 21:00:00+00:00,0.28,78.75,0.0,0.0,0.0,219.05,1.17,143.0,82490.0
1990-03-29 22:00:00+00:00,-0.02,81.8,0.0,0.0,0.0,217.15,0.97,143.0,82500.0
1990-03-29 23:00:00+00:00,-0.64,85.05,36.25,0.0,36.25,215.6,0.97,143.0,82500.0
1990-03-30 00:00:00+00:00,-0.67,81.75,271.85,862.31,84.05,215.95,0.83,143.0,82540.0
1990-03-30 01:00:00+00:00,2.12,70.2,489.35,915.28,110.45,219.55,1.1,139.0,82560.0
1990-03-30 02:00:00+00:00,5.0,56.05,679.55,943.69,127.85,226.2,1.31,142.0,82540.0
1990-03-30 03:00:00+00:00,7.78,48.4,820.4,948.9,139.0,233.6,1.31,143.0,82520.0
1990-03-30 04:00:00+00:00,10.71,37.45,899.15,937.59,144.1,242.1,1.66,139.0,82470.0
1990-03-30 05:00:00+00:00,13.46,28.0,908.2,907.1,145.95,250.4,1.79,129.0,82380.0
1990-03-30 06:00:00+00:00,15.91,20.9,835.6,807.39,172.95,256.8,2.34,117.0,82290.0
1990-03-30 07:00:00+00:00,17.78,18.0,690.2,673.7,186.35,264.15,3.31,111.0,82210.0
1990-03-30 08:00:00+00:00,18.71,16.8,489.4,481.29,187.75,270.15,4.0,109.0,82150.0
1990-03-30 09:00:00+00:00,18.74,17.5,282.15,292.86,145.8,273.05,4.55,110.0,82100.0
1990-03-30 10:00:00+00:00,17.98,20.45,96.9,89.34,72.3,275.4,4.9,112.0,82120.0
1990-03-30 11:00:00+00:00,16.45,26.65,3.85,0.72,3.8,276.95,4.83,114.0,82180.0
1990-03-30 12:00:00+00:00,14.58,35.75,0.0,0.0,0.0,279.05,5.17,119.0,82270.0
1990-03-30 13:00:00+00:00,12.71,44.35,0.0,0.0,0.0,280.8,5.17,127.0,82350.0
1990-03-30 14:00:00+00:00,11.05,51.25,0.0,0.0,0.0,278.85,4.62,128.0,82440.0
1990-03-30 15:00:00+00:00,9.58,59.25,0.0,0.0,0.0,278.1,3.45,117.0,82450.0
1990-03-30 16:00:00+00:00,8.3,66.05,0.0,0.0,0.0,274.2,2.76,101.0,82450.0
1990-03-30 17:00:00+00:00,7.07,71.05,0.0,0.0,0.0,272.5,2.21,94.0,82440.0
1990-03-30 18:00:00+00:00,5.69,79.4,0.0,0.0,0.0,263.4,1.93,92.0,82440.0
1990-03-30 19:00:00+00:00,4.71,82.35,0.0,0.0,0.0,268.05,1.72,89.0,82370.0
1990-03-30 20:00:00+00:00,3.99,85.5,0.0,0.0,0.0,258.55,1.52,81.0,82370.0
1990-03-30 21:00:00+00:00,3.64,88.75,0.0,0.0,0.0,261.25,1.31,76.0,82360.0
1990-03-30 22:00:00+00:00,3.31,85.45,0.0,0.0,0.0,270.55,1.24,85.0,82380.0
1990-03-30 23:00:00+00:00,3.15,88.7,40.2,0.0,40.2,262.8,1.1,94.0,82440.0
1990-03-31 00:00:00+00:00,3.38,88.75,207.9,463.41,104.65,269.0,0.9,102.0,82500.0
1990-03-31 01:00:00+00:00,5.21,82.4,411.3,632.41,146.45,272.4,0.9,119.0,82540.0
1990-03-31 02:00:00+00:00,7.48,68.5,610.55,727.18,182.1,268.05,1.03,120.0,82550.0
1990-03-31 03:00:00+00:00,9.39,57.05,787.6,875.57,155.1,281.6,1.17,96.0,82540.0
1990-03-31 04:00:00+00:00,11.73,44.1,855.1,856.42,162.0,263.0,2.0,66.0,82500.0
1990-03-31 05:00:00+00:00,13.76,36.85,870.3,843.66,158.25,268.2,2.97,60.0,82430.0
1990-03-31 06:00:00+00:00,15.34,30.7,715.25,605.96,215.85,271.7,3.86,63.0,82360.0
1990-03-31 07:00:00+00:00,16.0,25.5,545.1,431.92,220.7,297.65,3.72,58.0,82300.0
1990-03-31 08:00:00+00:00,16.33,24.5,372.6,344.66,155.55,296.65,3.93,58.0,82210.0
1990-03-31 09:00:00+00:00,16.51,22.75,214.75,212.4,115.25,306.95,4.0,61.0,82200.0
1990-03-31 10:00:00+00:00,16.11,22.65,99.65,141.98,60.15,304.2,3.72,70.0,82180.0
1990-03-31 11:00:00+00:00,15.31,25.25,4.1,5.56,3.7,285.45,2.97,85.0,82250.0
1990-03-31 12:00:00+00:00,14.19,30.45,0.0,0.0,0.0,283.9,2.0,98.0,82300.0
1990-03-31 13:00:00+00:00,12.88,35.3,0.0,0.0,0.0,272.5,1.52,98.0,82400.0
1990-03-31 14:00:00+00:00,11.46,44.1,0.0,0.0,0.0,280.05,1.17,105.0,82490.0
1990-03-31 15:00:00+00:00,11.26,43.95,0.0,0.0,0.0,266.85,0.97,105.0,82520.0
1990-03-31 16:00:00+00:00,6.75,49.71,0.0,0.0,0.0,240.36,0.25,97.0,82510.0
1990-03-31 17:00:00+00:00,6.71,50.1,0.0,0.0,0.0,243.6,0.6,2.0,82520.0
1990-03-31 18:00:00+00:00,6.67,50.48,0.0,0.0,0.0,246.85,0.95,336.0,82540.0
1990-03-31 19:00:00+00:00,6.62,50.86,0.0,0.0,0.0,250.09,1.3,323.0,82540.0
1990-03-31 20:00:00+00:00,6.58,51.25,0.0,0.0,0.0,253.33,1.65,336.0,82540.0
1990-03-31 21:00:00+00:00,6.54,51.63,0.0,0.0,0.0,256.58,2.01,346.0,82540.0
1990-03-31 22:00:00+00:00,6.5,52.01,0.0,0.0,0.0,259.82,2.36,357.0,82560.0
1990-03-31 23:00:00+00:00,6.46,52.4,49.9,0.0,49.9,263.07,2.71,4.0,82650.0
1990-04-01 00:00:00+00:00,6.42,52.78,226.65,487.72,115.55,266.31,3.06,268.0,82340.0
1990-04-01 01:00:00+00:00,6.37,53.16,450.7,723.7,144.15,269.56,3.41,308.0,82420.0
1990-04-01 02:00:00+00:00,6.33,53.55,551.35,529.37,237.05,272.8,3.76,2.0,82420.0
1990-04-01 03:00:00+00:00,6.29,53.93,515.7,299.88,297.8,276.05,4.11,16.0,82410.0
1990-04-01 04:00:00+00:00,6.25,54.31,499.4,183.83,349.9,279.29,4.47,30.0,82340.0
1990-04-01 05:00:00+00:00,6.21,54.69,612.75,347.38,318.3,282.54,4.82,38.0,82250.0
1990-04-01 06:00:00+00:00,6.17,55.08,407.7,101.45,323.75,285.78,5.17,47.0,82150.0
1990-04-01 07:00:00+00:00,6.12,55.46,400.75,139.29,295.7,289.02,5.52,46.0,82120.0
1990-04-01 08:00:00+00:00,8.23,46.8,341.5,226.09,198.45,295.7,5.17,48.0,82070.0
1990-04-01 09:00:00+00:00,8.13,50.45,135.85,51.98,111.35,291.05,4.97,49.0,82030.0
1990-04-01 10:00:00+00:00,7.47,52.35,42.85,4.09,41.7,310.8,4.83,49.0,82050.0
1990-04-01 11:00:00+00:00,6.57,60.85,2.35,0.0,2.35,308.1,4.28,47.0,82090.0
1990-04-01 12:00:00+00:00,5.73,65.65,0.0,0.0,0.0,308.3,3.72,41.0,82150.0
1990-04-01 13:00:00+00:00,5.03,73.45,0.0,0.0,0.0,306.15,3.45,31.0,82270.0
1990-04-01 14:00:00+00:00,4.21,79.2,0.0,0.0,0.0,306.35,3.24,25.0,82340.0
1990-04-01 15:00:00+00:00,3.66,85.45,0.0,0.0,0.0,308.1,2.69,28.0,82400.0
1990-04-01 16:00:00+00:00,3.22,85.45,0.0,0.0,0.0,306.95,2.28,32.0,82410.0
1990-04-01 17:00:00+00:00,2.97,88.7,0.0,0.0,0.0,309.65,2.34,31.0,82410.0
1990-04-01 18:00:00+00:00,2.57,92.15,0.0,0.0,0.0,314.85,2.34,30.0,82420.0
1990-04-01 19:00:00+00:00,1.67,95.65,0.0,0.0,0.0,315.05,2.9,20.0,82370.0
1990-04-01 20:00:00+00:00,1.54,95.65,0.0,0.0,0.0,310.05,3.17,17.0,82380.0
1990-04-01 21:00:00+00:00,1.43,95.65,0.0,0.0,0.0,312.15,3.31,12.0,82410.0
1990-04-01 22:00:00+00:00,1.31,95.65,0.0,0.0,0.0,307.1,2.9,13.0,82440.0
1990-04-01 23:00:00+00:00,1.32,92.05,29.55,0.0,29.55,309.25,3.17,14.0,82500.0
1990-04-02 00:00:00+00:00,1.55,92.05,123.65,41.03,114.1,304.8,3.86,17.0,82570.0
1990-04-02 01:00:00+00:00,2.13,85.3,242.7,88.6,204.75,303.75,4.48,20.0,82610.0
1990-04-02 02:00:00+00:00,3.0,79.1,343.45,99.8,283.75,298.2,4.69,24.0,82610.0
1990-04-02 03:00:00+00:00,3.93,76.15,383.3,68.83,333.0,306.35,4.69,28.0,82610.0
1990-04-02 04:00:00+00:00,4.5,76.25,452.8,114.55,359.2,307.9,4.69,29.0,82590.0
1990-04-02 05:00:00+00:00,5.11,73.45,512.15,131.16,400.5,302.3,4.9,29.0,82530.0
1990-04-02 06:00:00+00:00,5.9,68.2,353.15,51.4,310.45,310.05,4.97,31.0,82490.0
1990-04-02 07:00:00+00:00,5.6,68.1,335.85,73.16,280.45,313.5,4.97,28.0,82520.0
1990-04-02 08:00:00+00:00,5.91,65.65,243.05,51.76,210.15,306.55,4.97,31.0,82520.0
1990-04-02 09:00:00+00:00,5.7,65.65,124.1,21.83,113.75,305.2,4.9,32.0,82490.0
1990-04-02 10:00:00+00:00,5.18,70.8,60.45,20.96,54.5,306.95,4.69,32.0,82540.0
1990-04-02 11:00:00+00:00,4.49,76.25,3.15,0.0,3.15,293.95,4.07,30.0,82570.0
1990-04-02 12:00:00+00:00,3.98,82.25,0.0,0.0,0.0,296.1,3.31,28.0,82640.0
1990-04-02 13:00:00+00:00,3.64,82.25,0.0,0.0,0.0,289.3,2.83,26.0,82730.0
1990-04-02 14:00:00+00:00,3.49,82.25,0.0,0.0,0.0,295.3,2.34,28.0,82780.0
1990-04-02 15:00:00+00:00,3.23,82.25,0.0,0.0,0.0,289.5,1.79,26.0,82810.0
1990-04-02 16:00:00+00:00,2.95,88.7,0.0,0.0,0.0,292.05,1.31,13.0,82810.0
1990-04-02 17:00:00+00:00,2.66,85.4,0.0,0.0,0.0,288.75,1.17,0.0,82780.0
1990-04-02 18:00:00+00:00,2.57,88.65,0.0,0.0,0.0,293.4,1.03,10.0,82770.0
1990-04-02 19:00:00+00:00,1.77,88.65,0.0,0.0,0.0,293.0,0.55,340.0,82740.0
1990-04-02 20:00:00+00:00,1.55,95.65,0.0,0.0,0.0,287.6,0.55,351.0,82740.0
1990-04-02 21:00:00+00:00,1.29,95.65,0.0,0.0,0.0,281.6,0.83,8.0,82700.0
1990-04-02 22:00:00+00:00,1.08,95.65,0.0,0.0,0.0,278.3,1.03,355.0,82720.0
1990-04-02 23:00:00+00:00,1.25,92.05,38.55,0.0,38.55,295.1,0.97,357.0,82730.0
1990-04-03 00:00:00+00:00,1.81,88.65,192.4,267.8,128.75,289.1,0.9,42.0,82770.0
1990-04-03 01:00:00+00:00,3.04,82.2,325.3,340.73,177.75,282.85,1.79,65.0,82810.0
1990-04-03 02:00:00+00:00,4.18,79.2,465.75,342.57,259.3,280.6,2.48,87.0,82770.0
1990-04-03 03:00:00+00:00,5.8,68.2,423.9,158.31,307.55,298.6,3.24,107.0,82720.0
1990-04-03 04:00:00+00:00,6.53,65.75,544.4,260.67,330.4,306.55,3.93,109.0,82650.0
1990-04-03 05:00:00+00:00,7.46,61.1,588.85,393.15,252.8,302.1,4.34,110.0,82560.0
1990-04-03 06:00:00+00:00,8.45,56.8,476.2,199.68,309.65,301.3,4.48,110.0,82460.0
1990-04-03 07:00:00+00:00,8.54,54.65,413.0,221.75,244.4,303.45,4.97,108.0,82430.0
1990-04-03 08:00:00+00:00,8.86,52.7,361.5,241.66,207.2,299.0,5.45,109.0,82360.0
1990-04-03 09:00:00+00:00,8.82,52.7,213.7,205.58,115.65,296.5,5.86,111.0,82310.0
1990-04-03 10:00:00+00:00,8.38,54.65,68.5,52.85,53.35,294.55,5.72,108.0,82310.0
1990-04-03 11:00:00+00:00,7.57,61.1,3.65,0.62,3.6,292.2,4.76,104.0,82360.0
1990-04-03 12:00:00+00:00,6.82,63.35,0.0,0.0,0.0,304.05,4.34,102.0,82430.0
1990-04-03 13:00:00+00:00,6.26,68.3,0.0,0.0,0.0,315.45,4.07,100.0,82510.0
1990-04-03 14:00:00+00:00,5.61,76.4,0.0,0.0,0.0,308.1,3.79,100.0,82580.0
1990-04-03 15:00:00+00:00,4.95,79.3,0.0,0.0,0.0,304.4,3.38,106.0,82610.0
1990-04-03 16:00:00+00:00,4.24,82.3,0.0,0.0,0.0,284.5,2.76,108.0,82610.0
1990-04-03 17:00:00+00:00,3.68,85.45,0.0,0.0,0.0,276.95,2.41,105.0,82590.0
1990-04-03 18:00:00+00:00,3.26,85.45,0.0,0.0,0.0,278.65,2.28,98.0,82600.0
1990-04-03 19:00:00+00:00,2.24,92.15,0.0,0.0,0.0,257.2,1.59,86.0,82560.0
1990-04-03 20:00:00+00:00,1.85,92.1,0.0,0.0,0.0,270.75,1.45,89.0,82530.0
1990-04-03 21:00:00+00:00,1.13,95.65,0.0,0.0,0.0,250.4,1.52,92.0,82500.0
1990-04-03 22:00:00+00:00,0.78,95.65,0.0,0.0,0.0,261.05,1.45,98.0,82500.0
1990-04-03 23:00:00+00:00,0.63,92.05,43.25,0.0,43.25,265.7,1.31,95.0,82520.0
1990-04-04 00:00:00+00:00,1.57,95.65,195.3,286.51,125.8,265.7,1.24,97.0,82570.0
1990-04-04 01:00:00+00:00,3.49,85.45,370.05,393.53,197.8,280.5,2.07,124.0,82580.0
1990-04-04 02:00:00+00:00,5.11,79.3,475.25,327.57,276.4,281.2,3.38,148.0,82520.0
1990-04-04 03:00:00+00:00,6.81,68.4,482.05,214.8,323.3,311.55,3.72,156.0,82460.0
1990-04-04 04:00:00+00:00,8.17,63.6,399.75,56.75,352.95,307.3,3.38,168.0,82400.0
1990-04-04 05:00:00+00:00,8.91,59.15,403.1,110.52,308.25,323.0,3.1,170.0,82320.0
1990-04-04 06:00:00+00:00,9.73,55.05,341.85,46.34,303.05,319.1,3.38,169.0,82220.0
1990-04-04 07:00:00+00:00,9.41,54.9,349.9,126.69,253.2,327.05,3.03,151.0,82260.0
1990-04-04 08:00:00+00:00,9.52,57.05,244.5,119.67,167.75,312.75,3.1,160.0,82210.0
1990-04-04 09:00:00+00:00,9.42,57.05,150.0,29.18,136.0,307.9,2.9,155.0,82190.0
1990-04-04 10:00:00+00:00,9.37,57.05,64.75,25.22,57.45,320.5,2.76,149.0,82190.0
1990-04-04 11:00:00+00:00,8.91,63.8,4.1,0.0,4.1,312.55,2.69,138.0,82220.0
1990-04-04 12:00:00+00:00,8.04,71.25,0.0,0.0,0.0,309.05,2.76,135.0,82280.0
1990-04-04 13:00:00+00:00,7.14,76.65,0.0,0.0,0.0,298.05,2.9,134.0,82320.0
1990-04-04 14:00:00+00:00,5.92,79.4,0.0,0.0,0.0,271.1,2.83,136.0,82340.0
1990-04-04 15:00:00+00:00,4.66,88.8,0.0,0.0,0.0,264.35,2.14,142.0,82350.0
1990-04-04 16:00:00+00:00,3.53,88.75,0.0,0.0,0.0,263.95,1.72,142.0,82310.0
1990-04-04 17:00:00+00:00,3.03,88.7,0.0,0.0,0.0,259.3,1.31,137.0,82290.0
1990-04-04 18:00:00+00:00,2.97,88.7,0.0,0.0,0.0,259.7,0.97,140.0,82270.0
1990-04-04 19:00:00+00:00,3.01,88.7,0.0,0.0,0.0,248.65,0.41,196.0,82210.0
1990-04-04 20:00:00+00:00,2.46,88.65,0.0,0.0,0.0,253.1,0.41,190.0,82170.0
1990-04-04 21:00:00+00:00,1.89,88.65,0.0,0.0,0.0,245.2,0.69,182.0,82140.0
1990-04-04 22:00:00+00:00,1.41,92.05,0.0,0.0,0.0,231.65,0.83,178.0,82150.0
1990-04-04 23:00:00+00:00,1.0,92.05,47.35,0.0,47.35,221.4,0.76,183.0,82140.0
1990-04-05 00:00:00+00:00,1.57,88.6,289.5,785.5,95.15,224.5,0.55,182.0,82170.0
1990-04-05 01:00:00+00:00,4.21,85.5,499.1,836.26,129.2,231.15,0.62,158.0,82160.0
1990-04-05 02:00:00+00:00,6.63,76.55,692.75,902.78,140.8,238.8,0.76,149.0,82100.0
1990-04-05 03:00:00+00:00,8.79,68.8,830.25,919.28,147.15,245.2,1.1,139.0,82070.0
1990-04-05 04:00:00+00:00,10.84,61.85,901.55,901.69,154.55,252.35,1.86,146.0,81970.0
1990-04-05 05:00:00+00:00,12.88,55.75,906.45,872.52,154.65,259.9,2.62,150.0,81880.0
1990-04-05 06:00:00+00:00,14.69,52.0,840.0,812.98,156.75,265.9,2.9,160.0,81800.0
1990-04-05 07:00:00+00:00,15.97,43.5,710.55,729.92,151.25,270.55,3.17,179.0,81800.0
1990-04-05 08:00:00+00:00,16.9,37.65,515.9,566.65,150.9,275.6,2.28,190.0,81730.0
1990-04-05 09:00:00+00:00,17.25,33.6,335.05,496.75,95.4,280.05,1.1,184.0,81690.0
1990-04-05 10:00:00+00:00,17.17,33.6,128.65,240.62,58.35,272.85,0.97,95.0,81700.0
1990-04-05 11:00:00+00:00,15.57,46.75,7.4,12.75,6.3,267.25,2.41,78.0,81770.0
1990-04-05 12:00:00+00:00,12.93,57.9,0.0,0.0,0.0,267.45,3.03,58.0,81860.0
1990-04-05 13:00:00+00:00,10.83,66.65,0.0,0.0,0.0,270.95,3.79,29.0,82040.0
1990-04-05 14:00:00+00:00,9.52,68.9,0.0,0.0,0.0,266.1,4.28,21.0,82210.0
1990-04-05 15:00:00+00:00,8.24,68.7,0.0,0.0,0.0,261.65,3.72,13.0,82320.0
1990-04-05 16:00:00+00:00,7.24,68.5,0.0,0.0,0.0,252.55,4.0,4.0,82390.0
1990-04-05 17:00:00+00:00,6.51,70.95,0.0,0.0,0.0,256.8,4.21,4.0,82420.0
1990-04-05 18:00:00+00:00,5.74,68.2,0.0,0.0,0.0,251.2,4.07,4.0,82470.0
1990-04-05 19:00:00+00:00,5.1,82.35,0.0,0.0,0.0,263.0,3.66,13.0,82490.0
1990-04-05 20:00:00+00:00,4.52,85.5,0.0,0.0,0.0,256.8,3.45,18.0,82510.0
1990-04-05 21:00:00+00:00,4.16,88.75,0.0,0.0,0.0,269.0,3.03,19.0,82530.0
1990-04-05 22:00:00+00:00,3.77,88.75,0.0,0.0,0.0,273.25,2.62,14.0,82610.0
1990-04-05 23:00:00+00:00,3.57,88.75,43.5,0.0,43.5,284.5,2.21,13.0,82650.0
1990-04-06 00:00:00+00:00,4.29,85.5,215.25,447.6,102.35,270.75,1.38,3.0,82770.0
1990-04-06 01:00:00+00:00,6.66,73.7,418.95,645.79,130.35,276.85,1.93,0.0,82880.0
1990-04-06 02:00:00+00:00,8.14,66.05,512.3,478.83,217.5,263.4,3.45,11.0,82920.0
1990-04-06 03:00:00+00:00,9.21,59.15,660.65,625.18,193.6,276.95,4.0,24.0,82910.0
1990-04-06 04:00:00+00:00,10.37,51.1,724.15,597.82,226.7,278.85,4.41,33.0,82890.0
1990-04-06 05:00:00+00:00,11.43,45.8,663.85,469.53,257.7,286.4,4.55,37.0,82850.0
1990-04-06 06:00:00+00:00,12.05,44.2,504.0,260.87,283.95,295.7,4.62,41.0,82770.0
1990-04-06 07:00:00+00:00,11.61,45.8,447.5,297.67,218.55,312.55,5.52,35.0,82730.0
1990-04-06 08:00:00+00:00,11.76,44.2,293.7,134.25,206.85,310.4,5.31,36.0,82700.0
1990-04-06 09:00:00+00:00,11.42,44.1,163.6,67.4,130.9,316.2,5.03,41.0,82710.0
1990-04-06 10:00:00+00:00,10.87,45.7,66.25,63.24,47.6,315.85,4.62,48.0,82740.0
1990-04-06 11:00:00+00:00,10.04,52.95,4.25,0.56,4.2,311.0,4.07,55.0,82820.0
1990-04-06 12:00:00+00:00,9.07,59.15,0.0,0.0,0.0,309.65,3.52,55.0,82860.0
1990-04-06 13:00:00+00:00,8.17,66.05,0.0,0.0,0.0,291.05,2.83,53.0,82940.0
1990-04-06 14:00:00+00:00,7.19,73.8,0.0,0.0,0.0,286.2,2.14,52.0,82980.0
1990-04-06 15:00:00+00:00,6.55,76.55,0.0,0.0,0.0,283.7,1.45,44.0,83000.0
1990-04-06 16:00:00+00:00,7.17,68.4,0.0,0.0,0.0,276.55,0.97,15.0,82990.0
1990-04-06 17:00:00+00:00,6.54,68.3,0.0,0.0,0.0,262.05,0.76,337.0,82960.0
1990-04-06 18:00:00+00:00,5.62,73.55,0.0,0.0,0.0,251.6,0.97,300.0,82940.0
1990-04-06 19:00:00+00:00,4.85,73.45,0.0,0.0,0.0,243.25,1.1,300.0,82840.0
1990-04-06 20:00:00+00:00,4.4,76.25,0.0,0.0,0.0,251.4,0.97,282.0,82810.0
1990-04-06 21:00:00+00:00,4.4,76.25,0.0,0.0,0.0,273.05,0.9,263.0,82770.0
1990-04-06 22:00:00+00:00,4.66,76.25,0.0,0.0,0.0,280.8,0.55,248.0,82770.0
1990-04-06 23:00:00+00:00,4.66,76.25,46.0,125.7,40.35,275.4,0.34,204.0,82800.0
1990-04-07 00:00:00+00:00,4.76,73.45,179.75,285.6,106.35,276.55,0.62,180.0,82830.0
1990-04-07 01:00:00+00:00,5.93,79.4,434.05,565.55,178.75,271.8,0.9,188.0,82860.0
1990-04-07 02:00:00+00:00,8.14,66.05,628.85,673.57,211.3,265.1,1.52,185.0,82810.0
1990-04-07 03:00:00+00:00,9.97,59.35,673.5,533.24,273.05,272.1,2.48,184.0,82780.0
1990-04-07 04:00:00+00:00,11.33,53.35,551.3,180.09,400.8,292.6,2.83,188.0,82710.0
1990-04-07 05:00:00+00:00,12.22,51.5,487.6,173.78,336.7,327.45,2.41,192.0,82620.0
1990-04-07 06:00:00+00:00,12.71,49.7,376.2,71.46,315.7,328.4,1.72,178.0,82560.0
1990-04-07 07:00:00+00:00,12.13,49.6,415.0,143.52,304.2,338.1,2.34,158.0,82490.0
1990-04-07 08:00:00+00:00,12.71,47.85,284.7,103.06,217.75,324.55,2.69,138.0,82410.0
1990-04-07 09:00:00+00:00,12.87,46.2,173.6,73.69,137.65,330.15,3.17,123.0,82370.0
1990-04-07 10:00:00+00:00,12.52,47.85,92.8,94.59,64.65,323.75,3.72,109.0,82320.0
1990-04-07 11:00:00+00:00,11.82,53.5,7.55,10.88,6.55,307.7,3.45,100.0,82370.0
1990-04-07 12:00:00+00:00,10.43,61.75,0.0,0.0,0.0,283.7,2.76,102.0,82390.0
1990-04-07 13:00:00+00:00,9.2,71.4,0.0,0.0,0.0,279.25,2.28,113.0,82470.0
1990-04-07 14:00:00+00:00,7.96,76.8,0.0,0.0,0.0,272.85,2.14,125.0,82490.0
1990-04-07 15:00:00+00:00,6.85,76.65,0.0,0.0,0.0,260.5,2.41,141.0,82500.0
1990-04-07 16:00:00+00:00,5.69,79.4,0.0,0.0,0.0,251.95,2.34,151.0,82450.0
1990-04-07 17:00:00+00:00,5.39,79.35,0.0,0.0,0.0,250.05,1.86,151.0,82440.0
1990-04-07 18:00:00+00:00,5.89,79.4,0.0,0.0,0.0,250.2,1.31,140.0,82430.0
1990-04-07 19:00:00+00:00,4.78,82.35,0.0,0.0,0.0,251.6,1.24,127.0,82360.0
1990-04-07 20:00:00+00:00,3.63,85.45,0.0,0.0,0.0,245.0,1.31,128.0,82280.0
1990-04-07 21:00:00+00:00,3.69,88.75,0.0,0.0,0.0,243.85,0.97,117.0,82270.0
1990-04-07 22:00:00+00:00,3.18,88.75,0.0,0.0,0.0,246.75,0.62,100.0,82270.0
1990-04-07 23:00:00+00:00,2.82,88.7,98.0,944.83,50.85,243.85,0.69,106.0,82310.0
1990-04-08 00:00:00+00:00,3.49,88.75,292.75,748.12,96.95,245.2,0.41,100.0,82380.0
1990-04-08 01:00:00+00:00,5.7,85.65,476.1,734.51,141.25,249.95,0.69,102.0,82450.0
1990-04-08 02:00:00+00:00,7.88,76.8,611.0,687.82,181.75,261.65,1.31,119.0,82450.0
1990-04-08 03:00:00+00:00,9.68,68.9,656.35,573.44,223.5,278.65,1.66,123.0,82440.0
1990-04-08 04:00:00+00:00,11.28,59.7,723.65,549.42,262.55,292.2,1.72,105.0,82380.0
1990-04-08 05:00:00+00:00,12.99,53.7,729.7,568.63,234.1,306.95,2.34,81.0,82300.0
1990-04-08 06:00:00+00:00,14.17,50.1,574.5,313.8,307.9,310.4,3.1,67.0,82230.0
1990-04-08 07:00:00+00:00,14.03,48.25,459.8,259.16,259.0,322.05,4.07,68.0,82230.0
1990-04-08 08:00:00+00:00,14.11,48.25,304.7,165.03,197.05,331.1,4.28,64.0,82180.0
1990-04-08 09:00:00+00:00,13.92,46.5,259.7,256.18,134.05,325.7,4.69,69.0,82120.0
1990-04-08 10:00:00+00:00,13.71,48.15,99.2,142.85,56.3,311.95,4.55,74.0,82110.0
1990-04-08 11:00:00+00:00,12.8,51.75,5.25,4.75,4.8,299.95,3.52,80.0,82190.0
1990-04-08 12:00:00+00:00,11.71,59.7,0.0,0.0,0.0,311.0,3.03,98.0,82230.0
1990-04-08 13:00:00+00:00,10.73,64.25,0.0,0.0,0.0,312.95,2.62,109.0,82280.0
1990-04-08 14:00:00+00:00,9.29,74.2,0.0,0.0,0.0,291.45,1.93,116.0,82350.0
1990-04-08 15:00:00+00:00,8.08,82.7,0.0,0.0,0.0,288.75,1.66,121.0,82400.0
1990-04-08 16:00:00+00:00,7.32,82.65,0.0,0.0,0.0,291.25,1.52,113.0,82370.0
1990-04-08 17:00:00+00:00,6.66,88.95,0.0,0.0,0.0,296.1,1.52,95.0,82380.0
1990-04-08 18:00:00+00:00,5.95,88.9,0.0,0.0,0.0,290.65,1.59,85.0,82380.0
1990-04-08 19:00:00+00:00,6.16,92.3,0.0,0.0,0.0,315.25,1.72,62.0,82350.0
1990-04-08 20:00:00+00:00,6.08,92.3,0.0,0.0,0.0,317.0,1.79,56.0,82330.0
1990-04-08 21:00:00+00:00,5.87,92.3,0.0,0.0,0.0,310.8,1.79,53.0,82340.0
1990-04-08 22:00:00+00:00,5.78,92.3,0.0,0.0,0.0,315.25,1.79,52.0,82360.0
1990-04-08 23:00:00+00:00,5.81,92.3,39.35,10.03,38.8,318.55,1.86,50.0,82390.0
1990-04-09 00:00:00+00:00,6.49,88.95,127.2,31.34,118.85,319.1,1.93,56.0,82450.0
1990-04-09 01:00:00+00:00,7.6,85.8,237.1,136.76,174.15,319.25,2.28,62.0,82470.0
1990-04-09 02:00:00+00:00,8.6,79.75,383.55,330.95,175.65,312.55,2.69,77.0,82460.0
1990-04-09 03:00:00+00:00,9.82,69.0,311.2,113.82,224.85,312.95,2.62,99.0,82430.0
1990-04-09 04:00:00+00:00,10.32,64.1,410.15,147.32,286.0,322.2,2.55,105.0,82420.0
1990-04-09 05:00:00+00:00,10.96,61.85,439.6,242.92,227.1,329.4,2.41,111.0,82380.0
1990-04-09 06:00:00+00:00,11.74,59.7,554.85,363.09,245.3,322.8,2.97,111.0,82320.0
1990-04-09 07:00:00+00:00,12.46,55.65,448.7,254.32,250.95,306.75,4.34,117.0,82270.0
1990-04-09 08:00:00+00:00,12.41,55.65,314.3,184.05,193.75,331.3,4.48,116.0,82220.0
1990-04-09 09:00:00+00:00,12.11,57.65,162.75,107.58,109.7,327.05,4.62,114.0,82180.0
1990-04-09 10:00:00+00:00,11.38,59.7,99.75,117.99,64.0,325.3,4.76,110.0,82170.0
1990-04-09 11:00:00+00:00,10.52,64.1,7.5,1.02,7.4,300.95,4.41,106.0,82210.0
1990-04-09 12:00:00+00:00,9.31,68.9,0.0,0.0,0.0,291.25,3.79,107.0,82250.0
1990-04-09 13:00:00+00:00,8.4,74.05,0.0,0.0,0.0,283.1,3.1,112.0,82360.0
1990-04-09 14:00:00+00:00,7.57,79.65,0.0,0.0,0.0,281.95,2.62,111.0,82430.0
1990-04-09 15:00:00+00:00,6.46,85.7,0.0,0.0,0.0,276.75,1.72,112.0,82490.0
1990-04-09 16:00:00+00:00,5.77,88.9,0.0,0.0,0.0,285.05,1.52,94.0,82470.0
1990-04-09 17:00:00+00:00,5.3,92.25,0.0,0.0,0.0,292.6,1.45,68.0,82450.0
1990-04-09 18:00:00+00:00,5.17,95.75,0.0,0.0,0.0,304.6,1.24,84.0,82430.0
1990-04-09 19:00:00+00:00,4.8,95.75,0.0,0.0,0.0,292.05,1.38,70.0,82410.0
1990-04-09 20:00:00+00:00,4.67,95.75,0.0,0.0,0.0,294.15,1.1,62.0,82390.0
1990-04-09 21:00:00+00:00,4.4,99.4,0.0,0.0,0.0,300.15,1.31,55.0,82400.0
1990-04-09 22:00:00+00:00,4.24,99.4,0.0,0.0,0.0,302.65,1.45,57.0,82380.0
1990-04-09 23:00:00+00:00,4.41,99.4,27.1,10.89,26.45,311.4,1.45,61.0,82420.0
1990-04-10 00:00:00+00:00,5.11,95.75,125.45,35.79,115.75,317.2,1.52,67.0,82490.0
1990-04-10 01:00:00+00:00,6.25,88.95,207.3,88.67,166.1,310.9,1.45,60.0,82560.0
1990-04-10 02:00:00+00:00,7.51,79.65,288.0,158.48,187.8,319.1,2.07,70.0,82540.0
1990-04-10 03:00:00+00:00,8.39,74.05,280.0,65.06,230.4,316.4,2.62,75.0,82520.0
1990-04-10 04:00:00+00:00,9.06,71.4,391.8,81.07,323.2,326.3,2.9,82.0,82480.0
1990-04-10 05:00:00+00:00,9.9,66.45,377.9,92.27,296.9,337.1,3.24,88.0,82430.0
1990-04-10 06:00:00+00:00,10.34,64.1,272.9,32.38,245.2,330.35,3.59,91.0,82380.0
1990-04-10 07:00:00+00:00,10.4,66.55,306.4,70.68,251.25,334.6,3.86,76.0,82330.0
1990-04-10 08:00:00+00:00,10.6,66.55,317.4,176.32,201.45,331.9,4.21,74.0,82270.0
1990-04-10 09:00:00+00:00,10.86,61.85,64.55,3.33,62.9,317.95,4.21,64.0,82260.0
1990-04-10 10:00:00+00:00,9.84,69.0,31.8,1.31,31.4,332.65,3.79,45.0,82260.0
1990-04-10 11:00:00+00:00,9.11,76.95,2.75,0.0,2.75,324.35,3.31,35.0,82350.0
1990-04-10 12:00:00+00:00,8.6,79.75,0.0,0.0,0.0,329.55,2.76,29.0,82410.0
1990-04-10 13:00:00+00:00,8.31,79.75,0.0,0.0,0.0,329.95,2.28,23.0,82480.0
1990-04-10 14:00:00+00:00,8.03,82.7,0.0,0.0,0.0,329.4,1.93,22.0,82540.0
1990-04-10 15:00:00+00:00,7.59,85.8,0.0,0.0,0.0,329.0,1.17,29.0,82590.0
1990-04-10 16:00:00+00:00,7.37,82.65,0.0,0.0,0.0,328.2,0.97,38.0,82570.0
1990-04-10 17:00:00+00:00,7.65,82.65,0.0,0.0,0.0,323.95,0.28,58.0,82550.0
1990-04-10 18:00:00+00:00,7.21,82.65,0.0,0.0,0.0,310.05,0.62,257.0,82560.0
1990-04-10 19:00:00+00:00,4.58,95.75,0.0,0.0,0.0,287.95,1.31,231.0,82520.0
1990-04-10 20:00:00+00:00,3.77,95.7,0.0,0.0,0.0,278.65,1.86,244.0,82520.0
1990-04-10 21:00:00+00:00,2.72,92.15,0.0,0.0,0.0,256.6,2.07,240.0,82500.0
1990-04-10 22:00:00+00:00,2.35,92.15,0.0,0.0,0.0,264.55,1.86,235.0,82480.0
1990-04-10 23:00:00+00:00,2.06,95.65,100.65,663.97,57.8,251.95,1.66,230.0,82480.0
1990-04-11 00:00:00+00:00,3.42,95.7,256.45,442.86,134.4,264.35,1.17,226.0,82510.0
1990-04-11 01:00:00+00:00,5.96,88.9,464.6,605.8,180.5,282.65,1.86,230.0,82540.0
1990-04-11 02:00:00+00:00,7.9,76.8,668.85,777.29,174.3,279.45,2.48,237.0,82530.0
1990-04-11 03:00:00+00:00,9.71,68.9,810.0,836.82,168.95,268.4,2.21,228.0,82490.0
1990-04-11 04:00:00+00:00,11.28,59.7,885.45,833.52,177.35,266.5,1.66,218.0,82420.0
1990-04-11 05:00:00+00:00,12.6,55.65,877.4,767.04,201.65,270.75,1.17,186.0,82340.0
1990-04-11 06:00:00+00:00,13.59,51.9,745.3,615.41,217.1,275.4,1.17,147.0,82270.0
1990-04-11 07:00:00+00:00,14.49,46.5,599.55,531.24,183.6,298.6,1.45,191.0,82190.0
1990-04-11 08:00:00+00:00,14.95,43.25,477.5,462.9,171.9,295.3,1.24,154.0,82120.0
1990-04-11 09:00:00+00:00,15.22,43.25,261.6,297.12,113.55,298.8,1.66,133.0,82060.0
1990-04-11 10:00:00+00:00,14.85,41.65,85.85,123.1,47.9,292.8,1.66,67.0,82100.0
1990-04-11 11:00:00+00:00,12.98,53.7,5.3,4.36,4.85,308.1,3.79,1.0,82220.0
1990-04-11 12:00:00+00:00,10.33,66.55,0.0,0.0,0.0,311.2,5.52,355.0,82430.0
1990-04-11 13:00:00+00:00,9.06,71.4,0.0,0.0,0.0,301.7,3.72,15.0,82560.0
1990-04-11 14:00:00+00:00,8.49,71.35,0.0,0.0,0.0,290.3,3.17,34.0,82630.0
1990-04-11 15:00:00+00:00,7.55,73.9,0.0,0.0,0.0,268.8,3.31,22.0,82700.0
1990-04-11 16:00:00+00:00,6.43,70.95,0.0,0.0,0.0,258.35,3.79,12.0,82750.0
1990-04-11 17:00:00+00:00,4.95,82.35,0.0,0.0,0.0,252.15,1.93,15.0,82760.0
1990-04-11 18:00:00+00:00,5.15,73.45,0.0,0.0,0.0,246.55,0.34,352.0,82740.0
1990-04-11 19:00:00+00:00,4.47,79.2,0.0,0.0,0.0,248.1,0.48,224.0,82740.0
1990-04-11 20:00:00+00:00,3.39,82.25,0.0,0.0,0.0,251.95,0.97,258.0,82720.0
1990-04-11 21:00:00+00:00,2.47,85.35,0.0,0.0,0.0,241.9,1.17,270.0,82670.0
1990-04-11 22:00:00+00:00,1.96,85.3,0.0,0.0,0.0,234.95,1.17,265.0,82660.0
1990-04-11 23:00:00+00:00,1.62,88.6,114.25,808.47,58.2,232.8,1.1,259.0,82680.0
1990-04-12 00:00:00+00:00,3.08,85.4,314.35,756.82,102.35,235.7,0.76,249.0,82730.0
1990-04-12 01:00:00+00:00,5.79,76.5,519.6,810.53,136.05,243.15,0.76,231.0,82720.0
1990-04-12 02:00:00+00:00,7.42,68.5,679.3,762.44,191.2,249.05,0.69,228.0,82690.0
1990-04-12 03:00:00+00:00,8.89,63.8,796.9,776.77,199.05,251.75,0.14,116.0,82680.0
1990-04-12 04:00:00+00:00,10.4,59.5,810.65,630.55,272.9,268.8,0.9,86.0,82660.0
1990-04-12 05:00:00+00:00,11.78,53.5,759.7,543.77,279.0,287.0,1.31,95.0,82610.0
1990-04-12 06:00:00+00:00,12.74,51.65,629.9,355.83,323.5,294.15,2.28,82.0,82530.0
1990-04-12 07:00:00+00:00,12.48,53.6,582.55,425.34,248.4,314.1,4.0,70.0,82470.0
1990-04-12 08:00:00+00:00,13.14,49.85,438.6,396.62,175.75,296.5,4.21,72.0,82430.0
1990-04-12 09:00:00+00:00,12.92,46.2,261.1,293.62,114.05,286.8,4.62,65.0,82400.0
1990-04-12 10:00:00+00:00,12.48,44.35,97.35,125.27,58.4,288.15,4.48,64.0,82460.0
1990-04-12 11:00:00+00:00,11.53,49.45,9.85,12.27,8.55,286.4,3.86,63.0,82520.0
1990-04-12 12:00:00+00:00,10.04,59.35,0.0,0.0,0.0,283.3,3.79,61.0,82600.0
1990-04-12 13:00:00+00:00,8.6,66.15,0.0,0.0,0.0,274.05,3.86,59.0,82680.0
1990-04-12 14:00:00+00:00,7.46,71.15,0.0,0.0,0.0,269.4,3.31,58.0,82760.0
1990-04-12 15:00:00+00:00,6.51,79.5,0.0,0.0,0.0,274.6,2.28,59.0,82780.0
1990-04-12 16:00:00+00:00,5.59,85.6,0.0,0.0,0.0,274.4,1.52,50.0,82770.0
1990-04-12 17:00:00+00:00,5.3,85.6,0.0,0.0,0.0,288.55,1.38,47.0,82730.0
1990-04-12 18:00:00+00:00,4.74,85.55,0.0,0.0,0.0,275.2,1.38,44.0,82680.0
1990-04-12 19:00:00+00:00,4.61,88.8,0.0,0.0,0.0,287.2,2.41,24.0,82640.0
1990-04-12 20:00:00+00:00,4.62,88.8,0.0,0.0,0.0,295.5,2.83,21.0,82610.0
1990-04-12 21:00:00+00:00,4.34,85.5,0.0,0.0,0.0,293.0,3.38,20.0,82610.0
1990-04-12 22:00:00+00:00,3.7,85.45,0.0,0.0,0.0,291.65,4.34,12.0,82650.0
1990-04-12 23:00:00+00:00,2.73,82.2,33.5,63.45,28.8,306.55,5.1,8.0,82700.0
1990-04-13 00:00:00+00:00,1.77,82.05,70.1,8.43,67.7,312.15,5.24,10.0,82810.0
1990-04-13 01:00:00+00:00,1.29,82.0,172.6,58.97,144.45,311.9,5.03,15.0,82870.0
1990-04-13 02:00:00+00:00,1.87,78.95,186.1,25.93,169.4,309.45,5.24,18.0,82930.0
1990-04-13 03:00:00+00:00,2.31,76.0,138.45,6.47,133.45,300.75,5.38,22.0,82960.0
1990-04-13 04:00:00+00:00,2.41,76.0,309.85,65.77,253.55,308.65,4.76,26.0,82970.0
1990-04-13 05:00:00+00:00,3.68,70.5,278.8,50.85,233.7,311.4,4.83,28.0,82940.0
1990-04-13 06:00:00+00:00,4.43,67.9,304.7,92.78,224.55,308.3,4.28,33.0,82900.0
1990-04-13 07:00:00+00:00,4.96,65.4,358.6,110.31,271.65,299.75,4.48,38.0,82860.0
1990-04-13 08:00:00+00:00,5.9,58.45,289.0,154.76,186.05,304.6,4.76,33.0,82810.0
1990-04-13 09:00:00+00:00,6.38,54.15,173.45,88.51,128.9,296.5,4.76,32.0,82770.0
1990-04-13 10:00:00+00:00,6.4,54.15,73.95,48.32,58.8,288.95,4.41,41.0,82790.0
1990-04-13 11:00:00+00:00,6.14,56.2,10.0,10.58,8.85,297.65,3.24,54.0,82830.0
1990-04-13 12:00:00+00:00,5.28,60.65,0.0,0.0,0.0,266.65,2.0,92.0,82890.0
1990-04-13 13:00:00+00:00,4.32,76.25,0.0,0.0,0.0,272.1,1.38,144.0,82950.0
1990-04-13 14:00:00+00:00,3.26,76.15,0.0,0.0,0.0,252.75,1.52,174.0,82990.0
1990-04-13 15:00:00+00:00,2.28,79.0,0.0,0.0,0.0,243.65,1.66,205.0,82970.0
1990-04-13 16:00:00+00:00,1.39,82.0,0.0,0.0,0.0,237.25,2.14,228.0,82930.0
1990-04-13 17:00:00+00:00,0.66,81.95,0.0,0.0,0.0,232.6,2.21,234.0,82870.0
1990-04-13 18:00:00+00:00,-0.06,85.1,0.0,0.0,0.0,229.3,1.93,234.0,82810.0
1990-04-13 19:00:00+00:00,-0.34,85.1,0.0,0.0,0.0,228.55,1.59,225.0,82720.0
1990-04-13 20:00:00+00:00,-0.92,88.4,0.0,0.0,0.0,230.5,1.66,215.0,82630.0
1990-04-13 21:00:00+00:00,-1.37,88.4,0.0,0.0,0.0,234.95,1.72,211.0,82550.0
1990-04-13 22:00:00+00:00,-1.6,88.35,0.0,0.0,0.0,234.35,1.66,212.0,82510.0
1990-04-13 23:00:00+00:00,-1.66,88.35,108.65,443.05,73.75,230.85,1.52,213.0,82460.0
1990-04-14 00:00:00+00:00,0.26,88.5,276.25,408.49,158.2,242.65,1.38,214.0,82470.0
1990-04-14 01:00:00+00:00,3.6,76.15,473.7,538.61,214.35,247.6,1.79,214.0,82440.0
1990-04-14 02:00:00+00:00,5.8,68.2,644.95,598.04,257.5,249.45,2.55,220.0,82370.0
1990-04-14 03:00:00+00:00,7.89,61.2,742.6,537.85,324.85,262.6,3.31,224.0,82280.0
1990-04-14 04:00:00+00:00,9.88,55.05,823.2,593.65,313.1,269.0,3.59,226.0,82190.0
1990-04-14 05:00:00+00:00,11.65,53.35,886.95,738.07,230.15,269.6,3.1,225.0,82090.0
1990-04-14 06:00:00+00:00,13.19,48.0,805.7,701.48,197.85,270.35,2.14,229.0,81960.0
1990-04-14 07:00:00+00:00,13.76,46.35,620.2,491.56,231.5,273.45,0.28,108.0,81900.0
1990-04-14 08:00:00+00:00,13.95,46.5,384.25,243.59,221.6,285.65,2.69,26.0,81850.0
1990-04-14 09:00:00+00:00,13.7,44.65,238.9,183.95,145.85,303.65,5.45,26.0,81830.0
1990-04-14 10:00:00+00:00,12.83,41.2,77.6,46.98,62.75,293.75,5.24,30.0,81910.0
1990-04-14 11:00:00+00:00,11.59,47.6,7.9,0.9,7.8,290.3,3.24,18.0,81990.0
1990-04-14 12:00:00+00:00,10.52,55.15,0.0,0.0,0.0,296.85,1.86,31.0,82110.0
1990-04-14 13:00:00+00:00,10.35,47.35,0.0,0.0,0.0,295.9,0.55,99.0,82190.0
1990-04-14 14:00:00+00:00,10.23,43.8,0.0,0.0,0.0,281.6,0.14,120.0,82300.0
1990-04-14 15:00:00+00:00,9.87,43.7,0.0,0.0,0.0,291.25,0.62,320.0,82350.0
1990-04-14 16:00:00+00:00,7.12,63.35,0.0,0.0,0.0,285.25,2.0,334.0,82380.0
1990-04-14 17:00:00+00:00,7.71,48.55,0.0,0.0,0.0,308.3,4.07,345.0,82440.0
1990-04-14 18:00:00+00:00,6.97,54.3,0.0,0.0,0.0,305.4,4.14,347.0,82460.0
1990-04-14 19:00:00+00:00,4.87,85.55,0.0,0.0,0.0,283.7,1.86,261.0,82390.0
1990-04-14 20:00:00+00:00,4.24,85.5,0.0,0.0,0.0,280.2,1.79,265.0,82380.0
1990-04-14 21:00:00+00:00,4.1,85.45,0.0,0.0,0.0,294.35,1.72,267.0,82400.0
1990-04-14 22:00:00+00:00,3.98,82.25,0.0,0.0,0.0,295.5,1.52,266.0,82440.0
1990-04-14 23:00:00+00:00,4.07,82.25,71.7,139.66,60.05,293.2,1.38,280.0,82500.0
1990-04-15 00:00:00+00:00,5.36,68.1,216.4,279.03,134.55,287.2,2.14,345.0,82600.0
1990-04-15 01:00:00+00:00,7.05,36.5,329.3,212.84,225.95,285.55,4.83,4.0,82700.0
1990-04-15 02:00:00+00:00,6.83,32.25,620.6,592.23,234.7,279.85,4.62,7.0,82760.0
1990-04-15 03:00:00+00:00,7.78,31.25,664.8,552.28,233.95,263.95,4.07,2.0,82760.0
1990-04-15 04:00:00+00:00,8.53,32.7,764.3,560.55,280.9,269.75,3.45,359.0,82750.0
1990-04-15 05:00:00+00:00,9.36,31.7,762.3,559.62,262.7,268.8,2.69,358.0,82680.0
1990-04-15 06:00:00+00:00,10.14,31.8,825.9,673.98,240.1,263.4,2.28,4.0,82620.0
1990-04-15 07:00:00+00:00,12.14,26.5,599.45,522.78,184.75,255.25,4.55,25.0,82450.0
1990-04-15 08:00:00+00:00,11.91,23.45,453.35,398.48,186.3,264.95,5.03,26.0,82440.0
1990-04-15 09:00:00+00:00,11.49,22.4,243.25,266.67,107.7,270.75,4.97,27.0,82430.0
1990-04-15 10:00:00+00:00,10.84,22.25,122.95,161.12,71.6,268.4,4.14,31.0,82490.0
1990-04-15 11:00:00+00:00,9.93,27.05,12.9,14.44,11.25,251.95,2.83,56.0,82510.0
1990-04-15 12:00:00+00:00,8.38,39.95,0.0,0.0,0.0,252.35,2.0,96.0,82540.0
1990-04-15 13:00:00+00:00,6.81,48.25,0.0,0.0,0.0,239.75,1.45,147.0,82630.0
1990-04-15 14:00:00+00:00,5.83,48.0,0.0,0.0,0.0,231.45,1.59,190.0,82670.0
1990-04-15 15:00:00+00:00,4.63,51.55,0.0,0.0,0.0,223.9,1.72,213.0,82670.0
1990-04-15 16:00:00+00:00,3.89,53.5,0.0,0.0,0.0,231.85,1.59,227.0,82630.0
1990-04-15 17:00:00+00:00,2.7,57.8,0.0,0.0,0.0,227.95,1.72,243.0,82610.0
1990-04-15 18:00:00+00:00,1.83,64.9,0.0,0.0,0.0,232.8,1.79,258.0,82600.0
1990-04-15 19:00:00+00:00,3.25,49.4,0.0,0.0,0.0,233.95,0.76,283.0,82520.0
1990-04-15 20:00:00+00:00,2.5,55.45,0.0,0.0,0.0,245.2,0.9,278.0,82530.0
1990-04-15 21:00:00+00:00,1.77,59.95,0.0,0.0,0.0,238.4,1.03,276.0,82550.0
1990-04-15 22:00:00+00:00,0.39,67.2,0.0,0.0,0.0,224.5,1.52,269.0,82580.0
1990-04-15 23:00:00+00:00,-0.6,69.75,131.75,774.33,63.6,226.2,1.72,265.0,82640.0
1990-04-16 00:00:00+00:00,1.36,72.95,338.5,788.23,103.9,223.5,1.45,258.0,82710.0
1990-04-16 01:00:00+00:00,6.71,50.2,552.6,864.23,129.5,228.65,1.59,250.0,82780.0
1990-04-16 02:00:00+00:00,9.48,34.35,736.45,897.86,148.1,232.6,1.93,255.0,82790.0
1990-04-16 03:00:00+00:00,11.24,28.6,864.5,888.98,168.0,238.4,1.86,300.0,82790.0
1990-04-16 04:00:00+00:00,12.55,25.6,938.3,887.25,170.45,242.85,3.24,350.0,82800.0
1990-04-16 05:00:00+00:00,13.41,22.9,918.8,792.87,208.75,244.2,4.62,4.0,82770.0
1990-04-16 06:00:00+00:00,13.93,20.4,879.5,815.02,169.0,256.4,5.38,13.0,82750.0
1990-04-16 07:00:00+00:00,13.63,18.65,749.85,742.29,159.2,242.3,5.79,19.0,82710.0
1990-04-16 08:00:00+00:00,13.45,16.45,578.35,663.34,132.2,240.35,6.0,23.0,82690.0
1990-04-16 09:00:00+00:00,13.0,15.05,366.9,509.54,106.65,236.3,5.66,27.0,82680.0
1990-04-16 10:00:00+00:00,12.28,14.3,154.45,268.94,68.05,232.2,5.03,35.0,82740.0
1990-04-16 11:00:00+00:00,11.08,18.05,15.3,29.06,11.9,229.3,4.0,53.0,82770.0
1990-04-16 12:00:00+00:00,9.19,26.75,0.0,0.0,0.0,224.5,3.45,72.0,82800.0
1990-04-16 13:00:00+00:00,7.36,36.6,0.0,0.0,0.0,224.65,2.97,81.0,82900.0
1990-04-16 14:00:00+00:00,5.4,47.85,0.0,0.0,0.0,222.35,2.55,87.0,82930.0
1990-04-16 15:00:00+00:00,4.75,45.85,0.0,0.0,0.0,229.5,1.93,86.0,82940.0
1990-04-16 16:00:00+00:00,5.09,40.6,0.0,0.0,0.0,243.85,1.52,96.0,82900.0
1990-04-16 17:00:00+00:00,5.68,32.0,0.0,0.0,0.0,251.0,1.1,104.0,82870.0
1990-04-16 18:00:00+00:00,5.14,34.45,0.0,0.0,0.0,245.4,0.76,97.0,82830.0
1990-04-16 19:00:00+00:00,4.84,37.4,0.0,0.0,0.0,261.25,0.55,96.0,82750.0
1990-04-16 20:00:00+00:00,4.27,38.85,0.0,0.0,0.0,252.75,0.55,83.0,82760.0
1990-04-16 21:00:00+00:00,3.6,42.0,0.0,0.0,0.0,242.1,0.62,93.0,82720.0
1990-04-16 22:00:00+00:00,3.01,43.6,0.0,0.0,0.0,225.45,0.62,108.0,82740.0
1990-04-16 23:00:00+00:00,2.63,43.45,110.15,407.35,72.45,230.65,0.55,130.0,82730.0
1990-04-17 00:00:00+00:00,3.24,45.55,273.65,459.99,134.8,239.2,0.41,169.0,82770.0
1990-04-17 01:00:00+00:00,5.3,42.45,382.9,427.26,172.05,250.15,0.69,171.0,82790.0
1990-04-17 02:00:00+00:00,7.09,35.0,547.25,457.81,245.6,254.1,1.24,157.0,82760.0
1990-04-17 03:00:00+00:00,9.07,30.3,775.85,635.13,276.15,265.7,2.28,161.0,82720.0
1990-04-17 04:00:00+00:00,11.21,28.45,846.05,694.07,243.3,262.6,2.83,172.0,82630.0
1990-04-17 05:00:00+00:00,12.8,29.0,689.45,550.78,194.7,265.1,2.48,185.0,82540.0
1990-04-17 06:00:00+00:00,13.64,29.15,802.15,590.3,286.05,276.75,1.79,195.0,82470.0
1990-04-17 07:00:00+00:00,14.49,29.25,626.45,558.36,180.8,282.95,0.9,167.0,82380.0
1990-04-17 08:00:00+00:00,15.04,28.25,485.2,433.36,192.7,279.45,0.97,90.0,82300.0
1990-04-17 09:00:00+00:00,15.44,28.4,310.2,306.52,152.9,279.65,1.79,63.0,82240.0
1990-04-17 10:00:00+00:00,15.53,29.55,95.3,12.2,91.35,283.5,2.69,50.0,82260.0
1990-04-17 11:00:00+00:00,14.92,31.8,9.3,0.84,9.2,299.55,3.1,52.0,82260.0
1990-04-17 12:00:00+00:00,13.72,39.8,0.0,0.0,0.0,306.35,2.76,70.0,82300.0
1990-04-17 13:00:00+00:00,12.21,53.5,0.0,0.0,0.0,295.3,2.62,95.0,82390.0
1990-04-17 14:00:00+00:00,10.49,64.1,0.0,0.0,0.0,273.25,2.62,118.0,82430.0
1990-04-17 15:00:00+00:00,9.19,71.4,0.0,0.0,0.0,275.2,2.62,132.0,82430.0
1990-04-17 16:00:00+00:00,7.97,79.7,0.0,0.0,0.0,276.75,2.41,134.0,82410.0
1990-04-17 17:00:00+00:00,7.15,85.75,0.0,0.0,0.0,273.45,1.93,130.0,82360.0
1990-04-17 18:00:00+00:00,7.38,82.65,0.0,0.0,0.0,267.85,1.38,130.0,82350.0
1990-04-17 19:00:00+00:00,7.35,79.65,0.0,0.0,0.0,256.2,0.69,122.0,82270.0
1990-04-17 20:00:00+00:00,6.54,85.7,0.0,0.0,0.0,247.9,0.48,136.0,82270.0
1990-04-17 21:00:00+00:00,5.69,88.9,0.0,0.0,0.0,243.65,0.21,145.0,82220.0
1990-04-17 22:00:00+00:00,4.97,92.25,0.0,0.0,0.0,241.9,0.07,190.0,82250.0
1990-04-17 23:00:00+00:00,4.35,88.8,134.8,715.75,65.35,239.0,0.41,199.0,82270.0
1990-04-18 00:00:00+00:00,5.31,85.6,330.25,718.75,110.3,244.8,0.55,188.0,82290.0
1990-04-18 01:00:00+00:00,8.12,76.8,526.6,768.66,144.3,251.7,1.03,175.0,82300.0
1990-04-18 02:00:00+00:00,10.59,64.1,720.7,836.99,166.25,261.45,1.31,174.0,82240.0
1990-04-18 03:00:00+00:00,13.06,53.7,858.15,872.73,168.7,266.3,1.59,176.0,82210.0
1990-04-18 04:00:00+00:00,15.31,43.4,930.55,875.71,167.5,273.45,1.66,180.0,82150.0
1990-04-18 05:00:00+00:00,17.25,37.65,932.45,848.99,167.55,280.2,1.72,170.0,82070.0
1990-04-18 06:00:00+00:00,18.81,31.65,869.45,808.74,160.35,286.8,2.14,148.0,81970.0
1990-04-18 07:00:00+00:00,19.49,28.4,737.6,735.4,148.9,287.4,2.76,109.0,81920.0
1990-04-18 08:00:00+00:00,20.13,27.45,564.85,638.41,132.45,289.3,3.52,107.0,81830.0
1990-04-18 09:00:00+00:00,20.32,28.5,359.3,492.66,105.3,290.1,4.21,107.0,81760.0
1990-04-18 10:00:00+00:00,19.96,29.6,151.4,255.26,68.1,287.4,4.76,106.0,81730.0
1990-04-18 11:00:00+00:00,18.91,34.15,16.15,29.39,12.55,286.4,4.97,104.0,81740.0
1990-04-18 12:00:00+00:00,17.04,42.15,0.0,0.0,0.0,283.5,4.62,104.0,81780.0
1990-04-18 13:00:00+00:00,15.13,48.4,0.0,0.0,0.0,281.0,4.62,113.0,81900.0
1990-04-18 14:00:00+00:00,13.21,57.9,0.0,0.0,0.0,277.1,4.07,126.0,81980.0
1990-04-18 15:00:00+00:00,11.4,66.75,0.0,0.0,0.0,272.5,3.03,125.0,82030.0
1990-04-18 16:00:00+00:00,9.7,77.0,0.0,0.0,0.0,268.4,2.55,111.0,82020.0
1990-04-18 17:00:00+00:00,8.27,82.75,0.0,0.0,0.0,263.95,2.55,90.0,82010.0
1990-04-18 18:00:00+00:00,7.28,85.8,0.0,0.0,0.0,269.0,2.76,83.0,82020.0
1990-04-18 19:00:00+00:00,7.61,89.0,0.0,0.0,0.0,287.4,3.03,71.0,82000.0
1990-04-18 20:00:00+00:00,6.55,92.3,0.0,0.0,0.0,268.05,2.83,68.0,81980.0
1990-04-18 21:00:00+00:00,5.98,92.3,0.0,0.0,0.0,276.35,2.76,61.0,81980.0
1990-04-18 22:00:00+00:00,5.64,92.25,0.0,0.0,0.0,287.6,2.55,60.0,81980.0
1990-04-18 23:00:00+00:00,5.43,92.25,92.9,309.5,61.5,282.95,2.48,62.0,82030.0
1990-04-19 00:00:00+00:00,6.89,85.75,225.9,273.77,141.0,296.85,2.62,71.0,82070.0
1990-04-19 01:00:00+00:00,8.51,74.05,331.45,229.67,216.35,299.9,3.1,81.0,82120.0
1990-04-19 02:00:00+00:00,9.79,66.45,480.05,261.45,305.95,306.75,3.93,67.0,82110.0
1990-04-19 03:00:00+00:00,11.65,57.55,455.25,163.02,325.95,315.85,4.69,63.0,82110.0
1990-04-19 04:00:00+00:00,12.99,49.85,374.65,85.68,299.75,323.55,5.1,57.0,82090.0
1990-04-19 05:00:00+00:00,13.77,44.75,277.15,45.26,236.25,335.55,5.66,50.0,82040.0
1990-04-19 06:00:00+00:00,13.9,43.1,344.15,45.89,303.8,338.5,5.86,43.0,81970.0
1990-04-19 07:00:00+00:00,14.92,29.4,267.9,68.44,212.95,324.15,7.03,28.0,81960.0
1990-04-19 08:00:00+00:00,14.9,24.1,206.7,32.22,184.8,325.1,6.34,25.0,81940.0
1990-04-19 09:00:00+00:00,14.93,21.35,144.2,26.16,130.65,328.0,5.86,29.0,81950.0
1990-04-19 10:00:00+00:00,14.81,21.35,78.5,27.82,69.35,324.75,5.31,40.0,81960.0
1990-04-19 11:00:00+00:00,14.28,24.0,12.0,4.79,11.4,318.15,4.41,55.0,81990.0
1990-04-19 12:00:00+00:00,13.05,31.4,0.0,0.0,0.0,305.95,3.17,66.0,82040.0
1990-04-19 13:00:00+00:00,11.92,42.55,0.0,0.0,0.0,309.45,2.76,71.0,82110.0
1990-04-19 14:00:00+00:00,10.95,51.25,0.0,0.0,0.0,311.0,2.55,80.0,82190.0
1990-04-19 15:00:00+00:00,9.85,64.0,0.0,0.0,0.0,308.3,2.14,84.0,82180.0
1990-04-19 16:00:00+00:00,9.29,68.9,0.0,0.0,0.0,317.0,1.66,81.0,82170.0
1990-04-19 17:00:00+00:00,9.16,71.4,0.0,0.0,0.0,324.55,1.52,77.0,82150.0
1990-04-19 18:00:00+00:00,9.2,71.4,0.0,0.0,0.0,322.6,1.24,69.0,82120.0
1990-04-19 19:00:00+00:00,8.55,61.3,0.0,0.0,0.0,322.4,1.31,282.0,82060.0
1990-04-19 20:00:00+00:00,8.12,61.2,0.0,0.0,0.0,311.75,1.31,279.0,82050.0
1990-04-19 21:00:00+00:00,7.64,61.1,0.0,0.0,0.0,314.85,1.38,267.0,82030.0
1990-04-19 22:00:00+00:00,6.98,63.35,0.0,0.0,0.0,304.6,1.59,260.0,82040.0
1990-04-19 23:00:00+00:00,6.22,63.25,103.15,244.76,77.25,284.85,1.72,254.0,82070.0
1990-04-20 00:00:00+00:00,7.34,63.5,254.1,263.73,171.25,278.1,1.59,244.0,82110.0
1990-04-20 01:00:00+00:00,10.84,33.4,419.85,357.62,239.3,289.45,2.14,236.0,82120.0
1990-04-20 02:00:00+00:00,12.37,30.05,533.65,369.56,286.3,283.5,2.62,241.0,82100.0
1990-04-20 03:00:00+00:00,13.46,32.8,597.25,322.08,340.8,290.85,2.14,229.0,82070.0
1990-04-20 04:00:00+00:00,14.29,34.25,572.7,248.97,354.35,307.3,1.93,202.0,82020.0
1990-04-20 05:00:00+00:00,14.9,34.35,516.75,177.23,356.15,321.45,2.07,176.0,81960.0
1990-04-20 06:00:00+00:00,15.43,34.5,640.6,370.9,313.6,323.2,2.48,158.0,81910.0
1990-04-20 07:00:00+00:00,17.76,26.8,526.25,326.77,263.15,325.5,2.55,134.0,81770.0
1990-04-20 08:00:00+00:00,18.0,26.9,262.75,104.93,191.2,323.0,3.03,134.0,81720.0
1990-04-20 09:00:00+00:00,17.6,28.95,213.5,76.3,173.8,337.7,3.45,132.0,81710.0
1990-04-20 10:00:00+00:00,17.35,31.25,77.1,22.18,69.75,344.65,3.86,124.0,81720.0
1990-04-20 11:00:00+00:00,16.4,36.15,14.85,7.82,13.85,332.3,4.9,116.0,81760.0
1990-04-20 12:00:00+00:00,14.97,44.9,0.0,0.0,0.0,308.3,5.1,121.0,81810.0
1990-04-20 13:00:00+00:00,13.5,51.9,0.0,0.0,0.0,281.95,4.34,132.0,81920.0
1990-04-20 14:00:00+00:00,12.49,55.65,0.0,0.0,0.0,289.9,3.17,137.0,81990.0
1990-04-20 15:00:00+00:00,10.83,66.65,0.0,0.0,0.0,277.5,1.79,125.0,81980.0
1990-04-20 16:00:00+00:00,10.49,64.1,0.0,0.0,0.0,269.95,1.17,122.0,81950.0
1990-04-20 17:00:00+00:00,10.51,64.1,0.0,0.0,0.0,268.2,0.76,156.0,81960.0
1990-04-20 18:00:00+00:00,9.72,68.9,0.0,0.0,0.0,272.3,0.62,174.0,81970.0
1990-04-20 19:00:00+00:00,8.65,74.05,0.0,0.0,0.0,280.05,0.48,173.0,81940.0
1990-04-20 20:00:00+00:00,8.16,76.8,0.0,0.0,0.0,280.2,0.28,219.0,81920.0
1990-04-20 21:00:00+00:00,7.65,79.65,0.0,0.0,0.0,278.5,0.41,224.0,81910.0
1990-04-20 22:00:00+00:00,7.36,79.65,0.0,0.0,0.0,283.9,0.55,232.0,81920.0
1990-04-20 23:00:00+00:00,7.36,79.65,95.7,79.01,87.0,287.95,0.69,235.0,81960.0
1990-04-21 00:00:00+00:00,8.18,76.8,215.05,107.67,180.8,288.55,0.62,223.0,82000.0
1990-04-21 01:00:00+00:00,10.19,66.45,394.85,236.76,274.45,296.8,0.69,193.0,82040.0
1990-04-21 02:00:00+00:00,12.63,55.65,599.0,455.52,292.6,303.25,0.83,191.0,82030.0
1990-04-21 03:00:00+00:00,14.84,46.6,786.2,633.27,280.05,302.1,0.62,167.0,81990.0
1990-04-21 04:00:00+00:00,16.9,39.15,917.95,826.7,190.65,302.65,1.1,132.0,81910.0
1990-04-21 05:00:00+00:00,18.65,32.75,912.6,796.45,188.9,297.65,1.24,138.0,81810.0
1990-04-21 06:00:00+00:00,19.89,27.45,771.2,599.85,240.95,301.5,0.21,149.0,81710.0
1990-04-21 07:00:00+00:00,21.08,22.9,575.85,449.78,212.7,326.5,0.83,301.0,81650.0
1990-04-21 08:00:00+00:00,21.39,20.5,497.3,475.77,171.8,333.65,1.1,356.0,81600.0
1990-04-21 09:00:00+00:00,21.75,19.7,328.05,409.09,114.25,321.05,2.28,38.0,81550.0
1990-04-21 10:00:00+00:00,21.29,21.15,154.8,256.57,69.15,305.2,4.28,49.0,81570.0
1990-04-21 11:00:00+00:00,20.39,23.65,19.1,36.36,14.35,293.75,5.03,65.0,81600.0
1990-04-21 12:00:00+00:00,19.04,26.15,0.0,0.0,0.0,281.4,3.93,79.0,81690.0
1990-04-21 13:00:00+00:00,17.7,31.25,0.0,0.0,0.0,279.45,3.66,98.0,81750.0
1990-04-21 14:00:00+00:00,16.06,40.35,0.0,0.0,0.0,277.7,3.59,123.0,81810.0
1990-04-21 15:00:00+00:00,14.04,52.0,0.0,0.0,0.0,275.2,2.76,136.0,81790.0
1990-04-21 16:00:00+00:00,12.09,69.35,0.0,0.0,0.0,272.3,1.72,133.0,81790.0
1990-04-21 17:00:00+00:00,11.13,71.75,0.0,0.0,0.0,270.35,1.59,116.0,81770.0
1990-04-21 18:00:00+00:00,9.31,79.9,0.0,0.0,0.0,268.05,1.93,106.0,81730.0
1990-04-21 19:00:00+00:00,8.28,85.9,0.0,0.0,0.0,269.2,1.86,101.0,81740.0
1990-04-21 20:00:00+00:00,7.13,92.35,0.0,0.0,0.0,274.2,1.93,97.0,81710.0
1990-04-21 21:00:00+00:00,6.73,92.35,0.0,0.0,0.0,283.5,1.72,97.0,81710.0
1990-04-21 22:00:00+00:00,6.56,99.4,0.0,0.0,0.0,309.05,1.72,92.0,81690.0
1990-04-21 23:00:00+00:00,7.17,99.4,78.05,89.64,67.8,325.9,1.45,84.0,81720.0
1990-04-22 00:00:00+00:00,8.96,92.45,154.55,56.83,136.25,329.95,1.79,90.0,81770.0
1990-04-22 01:00:00+00:00,10.16,82.95,225.2,67.76,190.5,340.7,2.48,102.0,81800.0
1990-04-22 02:00:00+00:00,11.51,74.55,368.4,122.36,285.7,336.55,3.38,114.0,81770.0
1990-04-22 03:00:00+00:00,13.63,62.45,632.8,421.21,294.9,343.1,4.14,124.0,81710.0
1990-04-22 04:00:00+00:00,15.82,52.4,827.75,631.21,270.75,326.3,4.34,125.0,81620.0
1990-04-22 05:00:00+00:00,18.08,45.7,786.35,509.38,322.25,317.4,4.83,124.0,81520.0
1990-04-22 06:00:00+00:00,19.59,41.3,582.0,278.07,335.55,327.85,5.03,123.0,81450.0
1990-04-22 07:00:00+00:00,20.45,33.3,443.8,178.29,299.45,341.4,4.34,115.0,81500.0
1990-04-22 08:00:00+00:00,20.83,33.3,263.6,83.99,205.95,356.85,4.69,110.0,81450.0
1990-04-22 09:00:00+00:00,20.09,37.1,178.95,83.34,135.2,361.7,5.66,112.0,81430.0
1990-04-22 10:00:00+00:00,18.91,42.7,61.05,11.3,57.25,357.65,5.66,124.0,81480.0
1990-04-22 11:00:00+00:00,17.2,54.6,11.6,9.0,10.4,355.7,5.31,127.0,81520.0
1990-04-22 12:00:00+00:00,15.96,60.65,0.0,0.0,0.0,336.15,4.48,124.0,81540.0
1990-04-22 13:00:00+00:00,14.83,67.35,0.0,0.0,0.0,309.25,3.72,131.0,81640.0
1990-04-22 14:00:00+00:00,14.07,72.3,0.0,0.0,0.0,325.5,3.59,131.0,81710.0
1990-04-22 15:00:00+00:00,13.37,74.85,0.0,0.0,0.0,325.7,3.03,136.0,81730.0
1990-04-22 16:00:00+00:00,12.74,83.25,0.0,0.0,0.0,326.3,2.34,127.0,81720.0
1990-04-22 17:00:00+00:00,12.16,86.2,0.0,0.0,0.0,328.6,2.21,110.0,81700.0
1990-04-22 18:00:00+00:00,11.39,89.3,0.0,0.0,0.0,319.1,1.93,105.0,81660.0
1990-04-22 19:00:00+00:00,10.4,92.5,0.0,0.0,0.0,306.75,1.24,111.0,81660.0
1990-04-22 20:00:00+00:00,10.06,95.9,0.0,0.0,0.0,304.6,1.1,105.0,81650.0
1990-04-22 21:00:00+00:00,10.04,95.9,0.0,0.0,0.0,317.95,0.97,109.0,81650.0
1990-04-22 22:00:00+00:00,9.41,95.85,0.0,0.0,0.0,324.35,1.17,109.0,81670.0
1990-04-22 23:00:00+00:00,9.29,95.85,64.1,21.52,61.55,338.65,1.38,102.0,81670.0
1990-04-23 00:00:00+00:00,10.48,92.5,182.45,211.93,113.4,345.05,1.86,112.0,81710.0
1990-04-23 01:00:00+00:00,11.73,86.15,251.8,144.49,177.3,344.4,1.93,119.0,81740.0
1990-04-23 02:00:00+00:00,13.16,77.5,351.1,137.54,257.7,352.8,2.0,116.0,81760.0
1990-04-23 03:00:00+00:00,14.82,64.95,371.25,73.16,312.35,354.75,1.86,116.0,81750.0
1990-04-23 04:00:00+00:00,16.17,58.45,373.45,44.86,333.75,368.1,1.86,103.0,81710.0
1990-04-23 05:00:00+00:00,17.34,50.85,284.95,29.88,257.65,371.0,2.48,92.0,81660.0
1990-04-23 06:00:00+00:00,17.92,49.15,364.65,78.28,295.1,374.65,3.31,96.0,81610.0
1990-04-23 07:00:00+00:00,18.5,45.85,348.05,101.69,265.5,363.85,5.03,108.0,81550.0
1990-04-23 08:00:00+00:00,18.45,47.55,248.75,66.01,203.3,355.5,5.1,107.0,81560.0
1990-04-23 09:00:00+00:00,17.97,51.0,125.0,20.86,114.0,353.2,5.1,108.0,81540.0
1990-04-23 10:00:00+00:00,16.97,56.6,68.05,25.53,59.4,358.4,5.17,109.0,81600.0
1990-04-23 11:00:00+00:00,15.77,65.05,10.05,4.04,9.5,347.0,5.03,112.0,81710.0
1990-04-23 12:00:00+00:00,14.39,69.75,0.0,0.0,0.0,340.0,4.69,115.0,81830.0
1990-04-23 13:00:00+00:00,13.11,74.75,0.0,0.0,0.0,350.3,4.48,113.0,81940.0
1990-04-23 14:00:00+00:00,12.47,77.45,0.0,0.0,0.0,354.35,3.93,105.0,82040.0
1990-04-23 15:00:00+00:00,11.8,80.2,0.0,0.0,0.0,351.25,3.72,88.0,82100.0
1990-04-23 16:00:00+00:00,10.97,80.1,0.0,0.0,0.0,354.55,3.59,47.0,82150.0
1990-04-23 17:00:00+00:00,9.26,79.9,0.0,0.0,0.0,348.35,6.0,14.0,82200.0
1990-04-23 18:00:00+00:00,7.21,79.65,0.0,0.0,0.0,332.85,6.21,14.0,82250.0
1990-04-23 19:00:00+00:00,5.8,79.4,0.0,0.0,0.0,331.7,6.41,14.0,82300.0
1990-04-23 20:00:00+00:00,5.15,85.55,0.0,0.0,0.0,328.8,5.72,16.0,82390.0
1990-04-23 21:00:00+00:00,4.44,85.5,0.0,0.0,0.0,320.65,4.76,18.0,82440.0
1990-04-23 22:00:00+00:00,3.54,88.75,0.0,0.0,0.0,317.55,3.24,20.0,82550.0
1990-04-23 23:00:00+00:00,2.43,95.7,14.95,0.0,14.95,316.8,1.59,38.0,82650.0
1990-04-24 00:00:00+00:00,2.16,95.7,90.8,22.3,83.45,315.85,1.1,48.0,82750.0
1990-04-24 01:00:00+00:00,2.44,95.7,91.85,1.25,91.2,311.3,1.93,30.0,82820.0
1990-04-24 02:00:00+00:00,3.06,88.7,181.65,8.14,176.1,318.55,2.14,32.0,82850.0
1990-04-24 03:00:00+00:00,4.25,85.5,330.15,37.63,299.75,318.95,2.28,34.0,82840.0
1990-04-24 04:00:00+00:00,5.79,79.4,362.9,39.43,327.9,321.05,2.69,29.0,82800.0
1990-04-24 05:00:00+00:00,6.97,73.8,509.45,116.01,403.2,326.5,2.83,32.0,82730.0
1990-04-24 06:00:00+00:00,8.31,68.7,468.95,219.43,273.5,322.05,2.62,33.0,82630.0
1990-04-24 07:00:00+00:00,9.51,59.25,396.25,137.05,284.7,317.4,4.34,25.0,82580.0
1990-04-24 08:00:00+00:00,10.08,57.15,267.7,82.81,210.5,327.85,4.28,31.0,82570.0
1990-04-24 09:00:00+00:00,10.19,57.15,180.6,69.41,143.85,325.5,4.21,38.0,82530.0
1990-04-24 10:00:00+00:00,10.03,57.15,82.7,49.39,65.85,317.55,4.28,45.0,82570.0
1990-04-24 11:00:00+00:00,9.47,59.25,12.45,4.33,11.85,323.55,3.86,51.0,82630.0
1990-04-24 12:00:00+00:00,8.64,66.15,0.0,0.0,0.0,314.5,3.24,64.0,82680.0
1990-04-24 13:00:00+00:00,7.75,71.25,0.0,0.0,0.0,290.85,2.62,77.0,82760.0
1990-04-24 14:00:00+00:00,7.11,79.55,0.0,0.0,0.0,292.8,1.93,76.0,82800.0
1990-04-24 15:00:00+00:00,6.39,85.7,0.0,0.0,0.0,287.4,1.17,58.0,82830.0
1990-04-24 16:00:00+00:00,5.96,85.65,0.0,0.0,0.0,289.1,1.52,45.0,82820.0
1990-04-24 17:00:00+00:00,5.48,88.85,0.0,0.0,0.0,285.05,1.66,60.0,82720.0
1990-04-24 18:00:00+00:00,5.24,82.4,0.0,0.0,0.0,258.35,0.97,77.0,82690.0
1990-04-24 19:00:00+00:00,5.08,85.55,0.0,0.0,0.0,271.3,0.97,51.0,82650.0
1990-04-24 20:00:00+00:00,5.14,85.55,0.0,0.0,0.0,275.95,0.83,47.0,82660.0
1990-04-24 21:00:00+00:00,3.88,92.15,0.0,0.0,0.0,277.1,1.45,35.0,82620.0
1990-04-24 22:00:00+00:00,3.79,92.15,0.0,0.0,0.0,287.75,1.45,40.0,82640.0
1990-04-24 23:00:00+00:00,4.3,88.8,97.15,150.81,78.05,281.6,0.9,58.0,82700.0
1990-04-25 00:00:00+00:00,5.58,88.85,163.7,104.28,128.95,294.55,1.03,48.0,82780.0
1990-04-25 01:00:00+00:00,6.63,82.55,227.45,102.12,174.1,305.9,1.52,39.0,82840.0
1990-04-25 02:00:00+00:00,7.38,73.9,316.7,149.73,214.1,311.4,2.0,32.0,82850.0
1990-04-25 03:00:00+00:00,8.03,66.05,364.45,127.61,261.0,315.65,2.21,40.0,82840.0
1990-04-25 04:00:00+00:00,8.37,61.3,252.3,29.15,226.35,302.85,2.07,39.0,82830.0
1990-04-25 05:00:00+00:00,8.27,59.0,280.15,15.58,265.85,318.15,1.86,36.0,82810.0
1990-04-25 06:00:00+00:00,8.35,59.0,376.25,42.56,338.25,322.4,1.38,62.0,82770.0
1990-04-25 07:00:00+00:00,7.82,56.7,269.5,22.43,251.2,315.45,1.52,64.0,82790.0
1990-04-25 08:00:00+00:00,7.78,58.9,261.65,27.57,242.55,302.5,1.17,117.0,82780.0
1990-04-25 09:00:00+00:00,8.1,58.9,193.55,41.19,171.65,299.55,1.66,170.0,82720.0
1990-04-25 10:00:00+00:00,8.42,59.0,137.8,135.47,91.25,291.25,2.14,186.0,82710.0
1990-04-25 11:00:00+00:00,8.48,61.3,22.0,33.95,17.2,265.9,2.0,196.0,82680.0
1990-04-25 12:00:00+00:00,7.66,73.9,0.0,0.0,0.0,256.05,0.9,192.0,82670.0
1990-04-25 13:00:00+00:00,6.78,71.05,0.0,0.0,0.0,244.8,0.9,203.0,82700.0
1990-04-25 14:00:00+00:00,5.8,73.65,0.0,0.0,0.0,242.1,1.1,212.0,82720.0
1990-04-25 15:00:00+00:00,4.76,79.3,0.0,0.0,0.0,241.15,1.17,224.0,82700.0
1990-04-25 16:00:00+00:00,3.19,82.25,0.0,0.0,0.0,240.35,1.59,237.0,82680.0
1990-04-25 17:00:00+00:00,2.08,88.65,0.0,0.0,0.0,240.75,1.79,257.0,82660.0
1990-04-25 18:00:00+00:00,1.89,88.65,0.0,0.0,0.0,241.5,1.59,289.0,82660.0
1990-04-25 19:00:00+00:00,1.61,88.6,0.0,0.0,0.0,241.5,2.0,12.0,82710.0
1990-04-25 20:00:00+00:00,1.7,75.95,0.0,0.0,0.0,236.5,3.03,24.0,82690.0
1990-04-25 21:00:00+00:00,1.37,70.1,0.0,0.0,0.0,233.4,3.03,28.0,82630.0
1990-04-25 22:00:00+00:00,0.94,70.05,0.0,0.0,0.0,228.95,2.34,27.0,82680.0
1990-04-25 23:00:00+00:00,0.86,67.3,165.4,719.68,71.4,225.85,2.28,24.0,82720.0
1990-04-26 00:00:00+00:00,3.2,57.95,355.65,733.76,108.5,231.05,2.9,29.0,82790.0
1990-04-26 01:00:00+00:00,5.14,49.65,584.25,860.3,132.0,232.7,5.03,26.0,82820.0
1990-04-26 02:00:00+00:00,6.3,41.0,755.5,882.14,148.4,229.7,5.66,28.0,82800.0
1990-04-26 03:00:00+00:00,7.44,39.7,893.55,899.39,162.05,234.55,5.59,28.0,82830.0
1990-04-26 04:00:00+00:00,8.59,38.4,908.4,785.93,206.95,237.45,5.66,29.0,82810.0
1990-04-26 05:00:00+00:00,9.46,37.2,840.5,653.66,238.9,246.75,5.45,32.0,82790.0
1990-04-26 06:00:00+00:00,10.01,37.3,720.35,516.22,258.35,260.3,4.97,39.0,82760.0
1990-04-26 07:00:00+00:00,9.85,34.45,631.05,481.79,236.9,272.85,4.55,45.0,82760.0
1990-04-26 08:00:00+00:00,10.0,34.45,485.35,392.83,212.35,277.3,4.48,52.0,82730.0
1990-04-26 09:00:00+00:00,9.86,34.45,318.45,294.32,161.3,277.3,4.34,61.0,82730.0
1990-04-26 10:00:00+00:00,9.38,35.75,155.25,214.15,81.15,257.75,4.34,71.0,82700.0
1990-04-26 11:00:00+00:00,8.69,39.95,22.65,36.1,17.45,250.05,3.38,78.0,82740.0
1990-04-26 12:00:00+00:00,7.43,46.55,0.0,0.0,0.0,244.05,2.62,82.0,82770.0
1990-04-26 13:00:00+00:00,6.0,58.45,0.0,0.0,0.0,236.3,2.41,100.0,82770.0
1990-04-26 14:00:00+00:00,4.9,62.95,0.0,0.0,0.0,234.55,1.59,113.0,82830.0
1990-04-26 15:00:00+00:00,6.11,44.3,0.0,0.0,0.0,234.15,0.83,117.0,82830.0
1990-04-26 16:00:00+00:00,5.51,46.0,0.0,0.0,0.0,234.95,0.41,125.0,82820.0
1990-04-26 17:00:00+00:00,4.85,49.65,0.0,0.0,0.0,234.15,0.28,109.0,82780.0
1990-04-26 18:00:00+00:00,4.21,51.55,0.0,0.0,0.0,235.7,0.28,51.0,82730.0
1990-04-26 19:00:00+00:00,3.06,57.8,0.0,0.0,0.0,236.3,0.62,323.0,82720.0
1990-04-26 20:00:00+00:00,2.31,60.05,0.0,0.0,0.0,230.3,0.83,312.0,82710.0
1990-04-26 21:00:00+00:00,2.03,62.35,0.0,0.0,0.0,231.65,0.83,316.0,82730.0
1990-04-26 22:00:00+00:00,1.96,62.35,0.0,0.0,0.0,237.25,0.76,322.0,82740.0
1990-04-26 23:00:00+00:00,1.45,67.4,114.55,258.73,79.75,245.95,1.24,313.0,82810.0
1990-04-27 00:00:00+00:00,2.96,70.4,232.85,211.84,160.75,267.45,1.1,338.0,82870.0
1990-04-27 01:00:00+00:00,5.73,56.2,463.35,481.57,208.65,276.05,1.66,17.0,82930.0
1990-04-27 02:00:00+00:00,7.33,44.75,647.85,617.85,220.85,267.25,5.24,15.0,82960.0
1990-04-27 03:00:00+00:00,7.64,43.0,814.05,749.75,202.3,260.5,6.41,17.0,83010.0
1990-04-27 04:00:00+00:00,8.36,41.6,837.75,654.9,251.7,249.05,6.14,22.0,83010.0
1990-04-27 05:00:00+00:00,9.02,40.1,799.55,564.37,278.9,258.95,5.52,29.0,82980.0
1990-04-27 06:00:00+00:00,9.55,38.7,571.25,345.08,261.7,274.2,5.72,37.0,82910.0
1990-04-27 07:00:00+00:00,8.52,39.95,514.05,258.07,302.4,283.9,5.66,32.0,82940.0
1990-04-27 08:00:00+00:00,8.65,39.95,292.2,90.74,228.95,290.1,5.52,24.0,82950.0
1990-04-27 09:00:00+00:00,8.3,36.9,195.2,85.99,149.1,293.0,5.93,16.0,82910.0
1990-04-27 10:00:00+00:00,7.77,36.75,66.6,0.0,66.6,282.55,5.59,12.0,82980.0
1990-04-27 11:00:00+00:00,7.06,41.15,13.6,2.73,13.2,292.6,3.66,16.0,83030.0
1990-04-27 12:00:00+00:00,6.42,48.15,0.0,0.0,0.0,285.25,1.52,28.0,83080.0
1990-04-27 13:00:00+00:00,5.36,63.05,0.0,0.0,0.0,274.2,1.52,212.0,83170.0
1990-04-27 14:00:00+00:00,4.47,65.3,0.0,0.0,0.0,267.45,2.28,221.0,83220.0
1990-04-27 15:00:00+00:00,3.61,67.8,0.0,0.0,0.0,261.05,2.48,234.0,83230.0
1990-04-27 16:00:00+00:00,3.2,67.8,0.0,0.0,0.0,269.75,2.62,242.0,83220.0
1990-04-27 17:00:00+00:00,2.55,73.1,0.0,0.0,0.0,252.95,2.76,251.0,83190.0
1990-04-27 18:00:00+00:00,2.08,75.95,0.0,0.0,0.0,257.95,2.41,266.0,83180.0
1990-04-27 19:00:00+00:00,1.59,78.9,0.0,0.0,0.0,257.4,2.48,251.0,83170.0
1990-04-27 20:00:00+00:00,1.26,75.85,0.0,0.0,0.0,245.95,2.76,246.0,83180.0
1990-04-27 21:00:00+00:00,0.94,75.75,0.0,0.0,0.0,238.6,3.31,233.0,83130.0
1990-04-27 22:00:00+00:00,0.65,75.75,0.0,0.0,0.0,230.5,3.52,236.0,83120.0
1990-04-27 23:00:00+00:00,0.61,78.75,176.6,746.1,73.4,220.2,3.24,242.0,83150.0
1990-04-28 00:00:00+00:00,2.91,70.4,386.6,806.44,109.35,218.85,3.59,244.0,83180.0
1990-04-28 01:00:00+00:00,5.62,63.05,594.0,863.96,134.35,224.2,4.62,249.0,83190.0
1990-04-28 02:00:00+00:00,7.91,54.55,760.45,858.66,164.6,231.45,4.83,251.0,83140.0
1990-04-28 03:00:00+00:00,10.0,49.05,879.25,846.45,186.45,239.75,4.97,255.0,83110.0
1990-04-28 04:00:00+00:00,11.93,39.4,924.1,790.04,215.3,251.2,5.1,271.0,83020.0
1990-04-28 05:00:00+00:00,13.61,29.15,947.55,814.74,194.2,251.75,4.97,292.0,82920.0
1990-04-28 06:00:00+00:00,14.84,24.1,832.4,650.91,247.2,253.7,4.97,304.0,82790.0
1990-04-28 07:00:00+00:00,15.83,20.75,745.85,694.68,174.75,262.4,6.14,311.0,82690.0
1990-04-28 08:00:00+00:00,16.32,20.05,587.5,626.7,149.4,259.7,6.28,321.0,82590.0
1990-04-28 09:00:00+00:00,16.35,18.5,373.75,464.32,123.8,257.4,6.07,326.0,82540.0
1990-04-28 10:00:00+00:00,15.95,19.15,173.4,277.08,76.2,257.95,5.24,333.0,82520.0
1990-04-28 11:00:00+00:00,14.76,24.95,27.15,55.92,18.8,248.65,3.45,352.0,82520.0
1990-04-28 12:00:00+00:00,12.22,47.75,0.0,0.0,0.0,243.45,2.0,17.0,82530.0
1990-04-28 13:00:00+00:00,12.59,25.6,0.0,0.0,0.0,242.3,0.41,40.0,82550.0
1990-04-28 14:00:00+00:00,10.81,30.85,0.0,0.0,0.0,251.2,1.1,229.0,82570.0
1990-04-28 15:00:00+00:00,7.15,58.65,0.0,0.0,0.0,269.4,1.86,234.0,82550.0
1990-04-28 16:00:00+00:00,5.69,65.65,0.0,0.0,0.0,269.6,2.21,240.0,82510.0
1990-04-28 17:00:00+00:00,4.84,68.0,0.0,0.0,0.0,261.25,2.48,245.0,82470.0
1990-04-28 18:00:00+00:00,3.99,65.2,0.0,0.0,0.0,240.35,2.83,248.0,82440.0
1990-04-28 19:00:00+00:00,3.87,60.3,0.0,0.0,0.0,238.6,3.1,254.0,82400.0
1990-04-28 20:00:00+00:00,3.47,57.95,0.0,0.0,0.0,241.15,3.17,261.0,82400.0
1990-04-28 21:00:00+00:00,3.11,57.8,0.0,0.0,0.0,237.45,3.24,262.0,82380.0
1990-04-28 22:00:00+00:00,2.59,60.05,0.0,0.0,0.0,237.25,3.24,258.0,82400.0
1990-04-28 23:00:00+00:00,2.54,62.5,178.05,732.44,74.0,238.05,3.17,257.0,82430.0
1990-04-29 00:00:00+00:00,5.6,60.65,388.1,802.79,109.4,240.75,2.83,254.0,82450.0
1990-04-29 01:00:00+00:00,11.17,42.3,595.3,863.42,133.3,245.5,2.9,253.0,82450.0
1990-04-29 02:00:00+00:00,14.65,30.45,770.8,890.79,150.2,253.3,3.17,256.0,82420.0
1990-04-29 03:00:00+00:00,17.17,24.65,897.3,896.53,161.3,260.65,3.45,269.0,82370.0
1990-04-29 04:00:00+00:00,18.96,19.85,963.3,885.75,166.65,267.45,4.69,300.0,82320.0
1990-04-29 05:00:00+00:00,20.05,19.35,961.6,857.87,166.6,271.3,4.97,308.0,82260.0
1990-04-29 06:00:00+00:00,21.11,18.1,885.5,787.89,175.6,275.95,5.31,307.0,82160.0
1990-04-29 07:00:00+00:00,22.23,15.65,714.1,637.7,188.6,281.0,7.17,321.0,82070.0
1990-04-29 08:00:00+00:00,22.28,15.65,563.45,586.46,152.3,295.5,7.1,327.0,82030.0
1990-04-29 09:00:00+00:00,21.89,15.65,373.25,470.71,118.85,286.8,6.62,335.0,81980.0
1990-04-29 10:00:00+00:00,21.22,16.7,173.15,278.2,74.9,280.4,5.66,346.0,81990.0
1990-04-29 11:00:00+00:00,19.86,20.9,27.35,54.3,19.1,287.4,4.41,4.0,82020.0
1990-04-29 12:00:00+00:00,17.45,30.1,0.0,0.0,0.0,273.25,3.17,12.0,82060.0
1990-04-29 13:00:00+00:00,15.8,36.0,0.0,0.0,0.0,266.85,1.52,2.0,82090.0
1990-04-29 14:00:00+00:00,16.1,25.35,0.0,0.0,0.0,262.6,1.03,285.0,82130.0
1990-04-29 15:00:00+00:00,11.71,45.8,0.0,0.0,0.0,259.7,2.07,262.0,82130.0
1990-04-29 16:00:00+00:00,8.89,56.9,0.0,0.0,0.0,256.8,2.62,256.0,82130.0
1990-04-29 17:00:00+00:00,7.3,61.1,0.0,0.0,0.0,254.5,2.83,255.0,82130.0
1990-04-29 18:00:00+00:00,6.29,63.25,0.0,0.0,0.0,252.75,2.9,261.0,82130.0
1990-04-29 19:00:00+00:00,5.24,65.55,0.0,0.0,0.0,252.15,2.62,270.0,82180.0
1990-04-29 20:00:00+00:00,4.73,65.4,0.0,0.0,0.0,252.35,2.55,274.0,82190.0
1990-04-29 21:00:00+00:00,4.26,65.3,0.0,0.0,0.0,252.35,2.55,277.0,82180.0
1990-04-29 22:00:00+00:00,3.73,67.8,0.0,0.0,0.0,251.75,2.55,272.0,82230.0
1990-04-29 23:00:00+00:00,3.83,67.8,180.55,728.42,74.4,251.6,2.48,268.0,82280.0
1990-04-30 00:00:00+00:00,7.3,61.1,390.55,801.97,109.5,253.7,2.21,266.0,82340.0
1990-04-30 01:00:00+00:00,13.93,37.0,597.65,863.01,133.3,257.9,2.07,266.0,82360.0
1990-04-30 02:00:00+00:00,18.13,21.25,773.8,891.68,150.2,265.5,2.55,294.0,82350.0
1990-04-30 03:00:00+00:00,20.1,17.85,901.35,898.83,161.3,273.05,4.34,314.0,82340.0
1990-04-30 04:00:00+00:00,21.4,16.15,963.6,873.41,176.15,278.65,4.69,312.0,82310.0
1990-04-30 05:00:00+00:00,22.39,15.15,961.15,852.89,169.05,287.0,4.83,314.0,82270.0
1990-04-30 06:00:00+00:00,23.16,14.65,879.0,769.55,184.15,286.4,4.55,317.0,82220.0
1990-04-30 07:00:00+00:00,23.5,14.15,724.85,651.66,186.6,299.0,5.03,336.0,82140.0
1990-04-30 08:00:00+00:00,23.56,14.15,584.45,620.71,148.05,301.3,4.9,343.0,82110.0
1990-04-30 09:00:00+00:00,23.41,14.15,366.7,435.68,130.3,296.1,4.76,346.0,82080.0
1990-04-30 10:00:00+00:00,23.05,14.05,179.75,290.43,76.5,293.95,4.83,347.0,82060.0
1990-04-30 11:00:00+00:00,22.1,15.0,28.5,56.94,19.7,288.55,4.14,5.0,82080.0
1990-04-30 12:00:00+00:00,20.02,22.65,0.0,0.0,0.0,284.3,2.9,36.0,82110.0
1990-04-30 13:00:00+00:00,16.91,43.8,0.0,0.0,0.0,276.95,2.0,71.0,82140.0
1990-04-30 14:00:00+00:00,18.33,20.55,0.0,0.0,0.0,272.85,1.17,132.0,82210.0
1990-04-30 15:00:00+00:00,16.69,25.5,0.0,0.0,0.0,269.2,1.31,181.0,82210.0
1990-04-30 16:00:00+00:00,11.08,37.02,0.0,0.0,0.0,253.45,0.46,199.0,82220.0
1990-04-30 17:00:00+00:00,11.46,37.45,0.0,0.0,0.0,257.09,0.57,221.0,82270.0
1990-04-30 18:00:00+00:00,11.84,37.88,0.0,0.0,0.0,260.73,0.69,238.0,82270.0
1990-04-30 19:00:00+00:00,12.22,38.31,0.0,0.0,0.0,264.37,0.81,239.0,82230.0
1990-04-30 20:00:00+00:00,12.61,38.74,0.0,0.0,0.0,268.01,0.93,249.0,82240.0
1990-04-30 21:00:00+00:00,12.99,39.17,0.0,0.0,0.0,271.65,1.05,252.0,82190.0
1990-04-30 22:00:00+00:00,13.37,39.6,0.0,0.0,0.0,275.29,1.17,255.0,82210.0
1990-04-30 23:00:00+00:00,13.75,40.03,184.75,731.35,75.55,278.93,1.29,255.0,82250.0
1990-05-01 00:00:00+00:00,14.13,40.46,239.15,294.71,134.0,282.57,1.41,301.0,82540.0
1990-05-01 01:00:00+00:00,14.51,40.89,333.9,290.47,175.95,286.21,1.53,275.0,82590.0
1990-05-01 02:00:00+00:00,14.9,41.32,620.35,580.36,211.5,289.86,1.65,226.0,82610.0
1990-05-01 03:00:00+00:00,15.28,41.75,835.6,788.64,182.65,293.5,1.77,229.0,82600.0
1990-05-01 04:00:00+00:00,15.66,42.18,958.4,876.96,164.1,297.14,1.89,328.0,82570.0
1990-05-01 05:00:00+00:00,16.04,42.61,911.85,788.13,176.85,300.78,2.0,5.0,82490.0
1990-05-01 06:00:00+00:00,16.42,43.04,779.6,648.43,191.7,304.42,2.12,23.0,82380.0
1990-05-01 07:00:00+00:00,16.8,43.47,690.3,639.88,159.4,308.06,2.24,39.0,82380.0
1990-05-01 08:00:00+00:00,20.66,22.75,518.4,508.38,159.0,292.6,5.1,44.0,82350.0
1990-05-01 09:00:00+00:00,20.55,21.9,336.1,396.12,119.5,294.95,5.1,48.0,82320.0
1990-05-01 10:00:00+00:00,20.15,21.75,167.05,224.07,86.35,292.05,4.9,52.0,82320.0
1990-05-01 11:00:00+00:00,19.31,24.2,28.5,38.81,22.3,288.15,4.21,58.0,82350.0
1990-05-01 12:00:00+00:00,17.69,31.25,0.0,0.0,0.0,282.55,3.24,63.0,82410.0
1990-05-01 13:00:00+00:00,16.14,39.0,0.0,0.0,0.0,279.05,2.83,69.0,82490.0
1990-05-01 14:00:00+00:00,14.37,52.0,0.0,0.0,0.0,281.2,2.34,80.0,82540.0
1990-05-01 15:00:00+00:00,13.84,51.9,0.0,0.0,0.0,279.05,1.59,100.0,82530.0
1990-05-01 16:00:00+00:00,14.82,43.25,0.0,0.0,0.0,275.2,0.97,123.0,82520.0
1990-05-01 17:00:00+00:00,13.88,48.15,0.0,0.0,0.0,271.1,0.62,137.0,82490.0
1990-05-01 18:00:00+00:00,13.04,49.85,0.0,0.0,0.0,274.4,0.48,115.0,82450.0
1990-05-01 19:00:00+00:00,12.18,53.5,0.0,0.0,0.0,263.2,0.55,146.0,82390.0
1990-05-01 20:00:00+00:00,11.32,57.4,0.0,0.0,0.0,258.75,0.55,105.0,82410.0
1990-05-01 21:00:00+00:00,10.47,59.5,0.0,0.0,0.0,258.15,0.69,84.0,82370.0
1990-05-01 22:00:00+00:00,9.8,63.9,0.0,0.0,0.0,259.1,0.76,78.0,82380.0
1990-05-01 23:00:00+00:00,9.36,66.25,176.7,591.03,84.35,258.15,0.69,77.0,82420.0
1990-05-02 00:00:00+00:00,10.36,69.0,362.4,628.61,136.2,266.5,0.76,69.0,82450.0
1990-05-02 01:00:00+00:00,12.84,59.95,550.25,649.92,195.05,276.85,1.59,80.0,82480.0
1990-05-02 02:00:00+00:00,15.21,52.25,699.4,665.97,228.6,286.6,2.69,92.0,82490.0
1990-05-02 03:00:00+00:00,17.08,42.3,793.8,637.67,264.45,296.65,3.93,104.0,82450.0
1990-05-02 04:00:00+00:00,18.51,35.35,737.85,449.14,330.15,308.3,4.55,107.0,82370.0
1990-05-02 05:00:00+00:00,19.37,32.9,687.5,340.85,369.0,318.95,4.55,107.0,82280.0
1990-05-02 06:00:00+00:00,20.17,29.6,611.4,320.5,320.25,322.2,4.62,111.0,82180.0
1990-05-02 07:00:00+00:00,20.76,24.6,421.65,140.89,304.5,336.15,4.69,104.0,82050.0
1990-05-02 08:00:00+00:00,20.71,25.55,266.05,66.94,218.6,343.7,4.9,119.0,81990.0
1990-05-02 09:00:00+00:00,19.56,31.8,203.9,56.57,172.85,350.1,5.45,137.0,82000.0
1990-05-02 10:00:00+00:00,17.9,42.3,87.8,36.28,74.65,350.1,5.79,149.0,82020.0
1990-05-02 11:00:00+00:00,16.43,52.5,21.15,10.17,19.5,335.0,4.9,150.0,82090.0
1990-05-02 12:00:00+00:00,15.39,58.35,0.0,0.0,0.0,330.55,3.72,141.0,82140.0
1990-05-02 13:00:00+00:00,14.54,62.65,0.0,0.0,0.0,324.95,3.31,128.0,82190.0
1990-05-02 14:00:00+00:00,13.67,69.65,0.0,0.0,0.0,313.5,2.9,124.0,82250.0
1990-05-02 15:00:00+00:00,13.02,74.75,0.0,0.0,0.0,320.1,2.41,122.0,82260.0
1990-05-02 16:00:00+00:00,12.18,80.2,0.0,0.0,0.0,310.6,2.0,117.0,82240.0
1990-05-02 17:00:00+00:00,11.52,86.15,0.0,0.0,0.0,316.8,1.79,104.0,82210.0
1990-05-02 18:00:00+00:00,10.95,89.3,0.0,0.0,0.0,317.55,1.52,95.0,82180.0
1990-05-02 19:00:00+00:00,10.92,89.3,0.0,0.0,0.0,339.45,1.31,106.0,82160.0
1990-05-02 20:00:00+00:00,10.58,92.5,0.0,0.0,0.0,331.3,1.45,100.0,82140.0
1990-05-02 21:00:00+00:00,10.2,92.5,0.0,0.0,0.0,325.9,1.45,99.0,82160.0
1990-05-02 22:00:00+00:00,9.85,95.85,0.0,0.0,0.0,323.4,1.31,97.0,82170.0
1990-05-02 23:00:00+00:00,10.07,92.5,92.3,156.95,67.25,325.1,1.03,97.0,82220.0
1990-05-03 00:00:00+00:00,11.53,86.15,236.65,295.88,129.3,335.2,1.17,110.0,82270.0
1990-05-03 01:00:00+00:00,12.82,77.45,372.85,271.58,223.7,324.45,1.24,140.0,82310.0
1990-05-03 02:00:00+00:00,14.2,67.25,477.45,324.19,247.5,341.2,0.76,161.0,82310.0
1990-05-03 03:00:00+00:00,15.59,60.65,599.15,374.4,287.55,345.45,0.69,132.0,82300.0
1990-05-03 04:00:00+00:00,16.82,56.6,792.4,561.36,281.75,343.3,1.1,114.0,82280.0
1990-05-03 05:00:00+00:00,18.39,52.9,656.55,409.83,272.85,335.4,1.72,100.0,82220.0
1990-05-03 06:00:00+00:00,19.23,49.45,726.55,480.34,289.35,356.5,2.48,93.0,82150.0
1990-05-03 07:00:00+00:00,19.32,49.45,591.9,416.79,244.6,330.15,3.45,104.0,82140.0
1990-05-03 08:00:00+00:00,19.72,47.8,439.3,335.08,201.15,338.3,4.21,113.0,82100.0
1990-05-03 09:00:00+00:00,19.59,47.8,227.3,147.66,145.95,344.1,4.76,124.0,82030.0
1990-05-03 10:00:00+00:00,18.83,51.15,97.25,71.69,71.1,355.3,4.41,125.0,82050.0
1990-05-03 11:00:00+00:00,17.21,56.75,10.9,6.07,9.9,335.0,3.66,102.0,82150.0
1990-05-03 12:00:00+00:00,15.04,69.9,0.0,0.0,0.0,342.55,2.97,66.0,82260.0
1990-05-03 13:00:00+00:00,13.98,77.65,0.0,0.0,0.0,343.1,2.69,43.0,82360.0
1990-05-03 14:00:00+00:00,13.47,83.35,0.0,0.0,0.0,350.5,2.41,52.0,82470.0
1990-05-03 15:00:00+00:00,13.13,86.3,0.0,0.0,0.0,353.2,2.55,59.0,82470.0
1990-05-03 16:00:00+00:00,12.73,89.4,0.0,0.0,0.0,341.2,2.48,67.0,82460.0
1990-05-03 17:00:00+00:00,12.34,92.6,0.0,0.0,0.0,335.75,2.28,69.0,82430.0
1990-05-03 18:00:00+00:00,12.14,89.35,0.0,0.0,0.0,342.95,2.28,78.0,82390.0
1990-05-03 19:00:00+00:00,11.85,92.55,0.0,0.0,0.0,345.05,1.93,74.0,82440.0
1990-05-03 20:00:00+00:00,11.93,89.35,0.0,0.0,0.0,349.5,2.14,87.0,82430.0
1990-05-03 21:00:00+00:00,11.86,89.3,0.0,0.0,0.0,349.3,1.93,102.0,82440.0
1990-05-03 22:00:00+00:00,11.75,89.3,0.0,0.0,0.0,349.7,1.93,112.0,82470.0
1990-05-03 23:00:00+00:00,11.61,89.3,105.9,251.73,64.9,339.05,1.79,112.0,82500.0
1990-05-04 00:00:00+00:00,12.31,86.2,228.65,272.63,128.95,331.3,2.07,123.0,82530.0
1990-05-04 01:00:00+00:00,13.06,80.35,370.8,324.77,191.6,324.45,2.41,144.0,82570.0
1990-05-04 02:00:00+00:00,14.28,74.95,503.4,423.26,202.2,328.6,2.48,156.0,82590.0
1990-05-04 03:00:00+00:00,15.42,72.45,508.2,341.89,222.95,330.95,1.86,148.0,82560.0
1990-05-04 04:00:00+00:00,16.24,67.65,738.0,506.51,276.3,344.5,1.66,133.0,82530.0
1990-05-04 05:00:00+00:00,17.4,65.45,845.75,616.53,267.45,331.7,1.72,105.0,82500.0
1990-05-04 06:00:00+00:00,18.52,63.4,722.9,505.66,261.8,333.65,2.48,89.0,82420.0
1990-05-04 07:00:00+00:00,19.75,59.25,602.7,446.82,229.6,338.1,4.07,101.0,82390.0
1990-05-04 08:00:00+00:00,20.03,55.3,410.25,265.09,221.35,337.9,4.28,100.0,82330.0
1990-05-04 09:00:00+00:00,19.73,55.2,298.65,302.01,131.65,339.65,4.07,91.0,82280.0
1990-05-04 10:00:00+00:00,17.71,65.45,95.45,53.13,75.95,324.15,5.52,82.0,82340.0
1990-05-04 11:00:00+00:00,16.04,70.1,17.6,17.62,14.65,329.55,4.48,92.0,82450.0
1990-05-04 12:00:00+00:00,15.34,75.1,0.0,0.0,0.0,335.55,3.66,108.0,82490.0
1990-05-04 13:00:00+00:00,14.82,75.0,0.0,0.0,0.0,323.75,2.69,122.0,82570.0
1990-05-04 14:00:00+00:00,14.07,80.45,0.0,0.0,0.0,313.9,2.14,117.0,82630.0
1990-05-04 15:00:00+00:00,13.07,83.25,0.0,0.0,0.0,306.35,1.79,109.0,82630.0
1990-05-04 16:00:00+00:00,12.74,83.25,0.0,0.0,0.0,304.8,1.45,109.0,82630.0
1990-05-04 17:00:00+00:00,13.0,80.35,0.0,0.0,0.0,300.75,1.1,100.0,82600.0
1990-05-04 18:00:00+00:00,12.97,80.35,0.0,0.0,0.0,303.45,0.9,89.0,82580.0
1990-05-04 19:00:00+00:00,11.51,83.1,0.0,0.0,0.0,292.4,1.1,77.0,82580.0
1990-05-04 20:00:00+00:00,10.59,89.25,0.0,0.0,0.0,290.85,1.24,77.0,82590.0
1990-05-04 21:00:00+00:00,10.19,89.2,0.0,0.0,0.0,287.4,1.17,91.0,82580.0
1990-05-04 22:00:00+00:00,10.46,89.25,0.0,0.0,0.0,285.05,0.9,108.0,82620.0
1990-05-04 23:00:00+00:00,10.14,92.5,181.15,604.0,80.85,281.75,0.41,125.0,82650.0
1990-05-05 00:00:00+00:00,11.42,89.3,366.45,674.49,117.9,289.7,0.41,165.0,82700.0
1990-05-05 01:00:00+00:00,13.5,80.4,550.05,700.18,161.95,296.95,0.76,162.0,82720.0
1990-05-05 02:00:00+00:00,15.29,72.45,674.6,691.61,180.9,309.85,1.03,176.0,82710.0
1990-05-05 03:00:00+00:00,16.81,65.35,761.5,650.35,217.6,317.0,0.97,162.0,82680.0
1990-05-05 04:00:00+00:00,18.03,63.3,767.8,560.25,256.1,318.75,1.24,119.0,82640.0
1990-05-05 05:00:00+00:00,18.95,63.4,855.65,639.73,254.5,339.45,1.79,100.0,82600.0
1990-05-05 06:00:00+00:00,19.97,61.4,660.9,342.4,348.1,331.7,2.48,96.0,82510.0
1990-05-05 07:00:00+00:00,20.9,55.45,518.4,304.65,263.5,350.1,3.31,107.0,82400.0
1990-05-05 08:00:00+00:00,21.06,51.75,357.05,241.04,184.85,346.0,3.38,105.0,82340.0
1990-05-05 09:00:00+00:00,20.99,51.65,235.85,200.82,124.4,347.95,3.45,100.0,82270.0
1990-05-05 10:00:00+00:00,20.61,49.8,114.7,109.95,74.1,346.4,4.0,102.0,82250.0
1990-05-05 11:00:00+00:00,19.29,55.05,20.9,22.36,17.1,335.4,3.52,123.0,82330.0
1990-05-05 12:00:00+00:00,17.7,63.2,0.0,0.0,0.0,339.45,2.28,133.0,82370.0
1990-05-05 13:00:00+00:00,16.45,75.25,0.0,0.0,0.0,345.85,1.03,104.0,82450.0
1990-05-05 14:00:00+00:00,15.46,77.85,0.0,0.0,0.0,339.85,1.17,104.0,82510.0
1990-05-05 15:00:00+00:00,15.56,70.0,0.0,0.0,0.0,336.95,0.83,100.0,82510.0
1990-05-05 16:00:00+00:00,15.32,72.45,0.0,0.0,0.0,328.4,0.83,71.0,82480.0
1990-05-05 17:00:00+00:00,14.64,75.0,0.0,0.0,0.0,324.55,0.97,72.0,82430.0
1990-05-05 18:00:00+00:00,14.4,77.65,0.0,0.0,0.0,315.85,0.9,79.0,82390.0
1990-05-05 19:00:00+00:00,13.77,77.6,0.0,0.0,0.0,302.65,0.83,129.0,82370.0
1990-05-05 20:00:00+00:00,13.13,80.35,0.0,0.0,0.0,303.45,0.9,127.0,82340.0
1990-05-05 21:00:00+00:00,12.58,83.25,0.0,0.0,0.0,298.2,0.76,132.0,82330.0
1990-05-05 22:00:00+00:00,12.06,86.2,0.0,0.0,0.0,296.85,0.83,131.0,82340.0
1990-05-05 23:00:00+00:00,11.76,89.3,155.85,487.1,73.45,297.85,0.69,138.0,82360.0
1990-05-06 00:00:00+00:00,12.58,89.4,333.65,576.2,119.75,306.15,0.76,157.0,82380.0
1990-05-06 01:00:00+00:00,14.6,77.75,476.75,546.33,172.6,319.05,0.9,180.0,82400.0
1990-05-06 02:00:00+00:00,15.98,70.1,647.3,641.97,187.65,316.6,1.1,209.0,82370.0
1990-05-06 03:00:00+00:00,17.49,67.85,689.45,573.11,209.05,336.75,0.97,234.0,82320.0
1990-05-06 04:00:00+00:00,18.58,63.4,782.55,611.63,222.85,335.95,1.03,237.0,82270.0
1990-05-06 05:00:00+00:00,19.73,57.2,780.6,581.09,233.6,336.15,1.03,237.0,82200.0
1990-05-06 06:00:00+00:00,20.51,53.5,658.45,474.88,223.85,333.25,0.55,223.0,82100.0
1990-05-06 07:00:00+00:00,20.53,51.65,563.95,435.36,198.95,344.1,0.21,252.0,82040.0
1990-05-06 08:00:00+00:00,20.93,51.65,508.6,484.01,161.95,338.65,0.62,86.0,81960.0
1990-05-06 09:00:00+00:00,21.16,49.95,284.1,298.5,117.85,335.75,1.66,58.0,81920.0
1990-05-06 10:00:00+00:00,20.84,53.5,109.9,113.19,67.85,331.3,2.76,27.0,81900.0
1990-05-06 11:00:00+00:00,19.71,59.25,27.7,45.23,19.9,349.3,3.17,9.0,81960.0
1990-05-06 12:00:00+00:00,18.43,70.35,0.0,0.0,0.0,336.75,2.48,10.0,81970.0
1990-05-06 13:00:00+00:00,17.08,75.4,0.0,0.0,0.0,326.65,1.86,10.0,82060.0
1990-05-06 14:00:00+00:00,15.9,83.55,0.0,0.0,0.0,325.5,1.52,13.0,82130.0
1990-05-06 15:00:00+00:00,15.05,83.5,0.0,0.0,0.0,326.65,1.66,18.0,82170.0
1990-05-06 16:00:00+00:00,14.32,86.4,0.0,0.0,0.0,321.65,1.72,26.0,82190.0
1990-05-06 17:00:00+00:00,14.49,80.55,0.0,0.0,0.0,327.05,1.31,36.0,82160.0
1990-05-06 18:00:00+00:00,14.95,77.8,0.0,0.0,0.0,321.45,0.48,27.0,82140.0
1990-05-06 19:00:00+00:00,12.92,89.4,0.0,0.0,0.0,329.95,1.72,285.0,82130.0
1990-05-06 20:00:00+00:00,12.21,92.6,0.0,0.0,0.0,313.5,1.86,284.0,82150.0
1990-05-06 21:00:00+00:00,11.69,92.55,0.0,0.0,0.0,314.3,2.0,281.0,82160.0
1990-05-06 22:00:00+00:00,11.51,92.55,0.0,0.0,0.0,324.95,1.86,277.0,82180.0
1990-05-06 23:00:00+00:00,11.64,92.55,124.45,324.07,68.65,318.75,1.79,271.0,82230.0
1990-05-07 00:00:00+00:00,13.61,86.35,347.25,586.31,128.05,316.05,1.52,269.0,82250.0
1990-05-07 01:00:00+00:00,16.7,65.35,550.3,712.81,151.8,309.95,1.45,272.0,82290.0
1990-05-07 02:00:00+00:00,18.42,56.85,669.55,684.11,178.3,315.05,1.72,321.0,82300.0
1990-05-07 03:00:00+00:00,19.78,49.55,779.25,706.35,185.85,328.4,3.72,352.0,82300.0
1990-05-07 04:00:00+00:00,20.84,46.35,692.6,498.64,235.45,332.85,4.48,0.0,82300.0
1990-05-07 05:00:00+00:00,21.24,44.85,697.25,488.1,237.0,338.85,4.97,3.0,82270.0
1990-05-07 06:00:00+00:00,21.58,41.85,725.0,511.75,255.85,337.7,5.24,6.0,82220.0
1990-05-07 07:00:00+00:00,21.6,41.85,559.05,411.96,213.0,328.6,5.52,6.0,82250.0
1990-05-07 08:00:00+00:00,21.43,40.2,415.3,304.89,196.4,341.95,5.45,6.0,82220.0
1990-05-07 09:00:00+00:00,21.13,40.2,277.85,215.77,157.25,346.4,5.24,3.0,82210.0
1990-05-07 10:00:00+00:00,20.61,41.55,120.6,149.58,64.7,336.35,4.55,360.0,82200.0
1990-05-07 11:00:00+00:00,19.71,47.8,25.3,44.29,17.55,330.55,2.83,349.0,82240.0
1990-05-07 12:00:00+00:00,17.92,67.85,0.0,0.0,0.0,320.85,1.52,306.0,82290.0
1990-05-07 13:00:00+00:00,16.53,67.75,0.0,0.0,0.0,323.95,1.86,261.0,82350.0
1990-05-07 14:00:00+00:00,15.46,70.0,0.0,0.0,0.0,322.4,2.14,256.0,82420.0
1990-05-07 15:00:00+00:00,14.64,72.4,0.0,0.0,0.0,313.3,2.55,258.0,82440.0
1990-05-07 16:00:00+00:00,14.39,69.75,0.0,0.0,0.0,312.15,3.1,258.0,82450.0
1990-05-07 17:00:00+00:00,13.92,69.65,0.0,0.0,0.0,304.8,3.31,256.0,82430.0
1990-05-07 18:00:00+00:00,13.5,69.65,0.0,0.0,0.0,311.2,3.24,254.0,82420.0
1990-05-07 19:00:00+00:00,12.0,80.2,0.0,0.0,0.0,279.85,2.9,246.0,82440.0
1990-05-07 20:00:00+00:00,11.0,83.05,0.0,0.0,0.0,277.3,2.62,244.0,82400.0
1990-05-07 21:00:00+00:00,10.08,86.0,0.0,0.0,0.0,275.0,2.41,243.0,82390.0
1990-05-07 22:00:00+00:00,9.28,89.1,0.0,0.0,0.0,272.5,2.34,244.0,82410.0
1990-05-07 23:00:00+00:00,9.35,89.1,191.55,622.42,82.55,271.7,2.28,242.0,82430.0
1990-05-08 00:00:00+00:00,12.68,80.3,398.45,750.35,116.0,275.6,2.14,234.0,82440.0
1990-05-08 01:00:00+00:00,16.37,60.75,589.75,791.43,145.5,282.25,2.69,234.0,82470.0
1990-05-08 02:00:00+00:00,18.31,54.85,752.9,826.56,157.7,289.9,3.03,241.0,82470.0
1990-05-08 03:00:00+00:00,20.15,46.2,875.9,808.89,194.9,298.4,2.76,248.0,82440.0
1990-05-08 04:00:00+00:00,21.73,37.5,923.2,813.07,176.45,308.5,1.86,252.0,82410.0
1990-05-08 05:00:00+00:00,22.74,31.45,813.3,617.8,229.8,317.95,0.69,220.0,82340.0
1990-05-08 06:00:00+00:00,23.26,29.3,701.4,513.84,229.55,337.9,0.76,138.0,82260.0
1990-05-08 07:00:00+00:00,23.6,28.35,658.1,523.21,217.75,335.55,1.31,122.0,82240.0
1990-05-08 08:00:00+00:00,23.97,28.35,554.25,558.76,152.1,338.65,1.38,120.0,82150.0
1990-05-08 09:00:00+00:00,24.31,28.5,318.7,285.36,158.65,322.6,1.52,108.0,82090.0
1990-05-08 10:00:00+00:00,23.52,31.55,136.25,129.02,87.75,333.45,2.41,141.0,82080.0
1990-05-08 11:00:00+00:00,21.62,40.35,30.6,52.97,21.2,329.0,3.1,156.0,82170.0
1990-05-08 12:00:00+00:00,20.24,49.7,0.0,0.0,0.0,329.75,2.21,156.0,82230.0
1990-05-08 13:00:00+00:00,19.3,57.1,0.0,0.0,0.0,331.3,0.83,159.0,82300.0
1990-05-08 14:00:00+00:00,19.58,49.55,0.0,0.0,0.0,326.65,0.14,55.0,82370.0
1990-05-08 15:00:00+00:00,17.29,63.2,0.0,0.0,0.0,325.7,1.52,12.0,82420.0
1990-05-08 16:00:00+00:00,15.58,70.0,0.0,0.0,0.0,329.4,1.52,28.0,82480.0
1990-05-08 17:00:00+00:00,14.79,75.0,0.0,0.0,0.0,314.65,1.17,48.0,82500.0
1990-05-08 18:00:00+00:00,13.79,77.6,0.0,0.0,0.0,307.7,1.1,100.0,82470.0
1990-05-08 19:00:00+00:00,15.18,62.75,0.0,0.0,0.0,299.2,0.14,102.0,82470.0
1990-05-08 20:00:00+00:00,14.99,62.75,0.0,0.0,0.0,297.65,0.21,181.0,82500.0
1990-05-08 21:00:00+00:00,14.61,64.95,0.0,0.0,0.0,295.5,0.48,203.0,82500.0
1990-05-08 22:00:00+00:00,14.18,67.25,0.0,0.0,0.0,296.65,0.62,226.0,82530.0
1990-05-08 23:00:00+00:00,13.96,67.25,194.05,647.28,78.85,291.45,0.69,262.0,82580.0
1990-05-09 00:00:00+00:00,14.76,72.4,395.5,747.3,112.35,293.0,0.62,277.0,82600.0
1990-05-09 01:00:00+00:00,17.17,58.8,594.8,817.81,133.95,300.25,0.41,265.0,82620.0
1990-05-09 02:00:00+00:00,19.01,53.15,763.85,849.0,150.85,308.1,0.48,248.0,82610.0
1990-05-09 03:00:00+00:00,20.65,48.05,847.6,776.24,192.75,315.25,0.41,262.0,82600.0
1990-05-09 04:00:00+00:00,21.99,43.4,785.5,670.86,168.3,325.7,0.14,101.0,82580.0
1990-05-09 05:00:00+00:00,22.81,39.15,826.95,651.22,210.9,347.0,0.9,91.0,82540.0
1990-05-09 06:00:00+00:00,23.54,35.4,784.85,663.96,174.15,332.85,1.31,97.0,82490.0
1990-05-09 07:00:00+00:00,23.82,36.7,702.2,628.97,171.85,337.7,1.86,110.0,82430.0
1990-05-09 08:00:00+00:00,24.28,35.5,558.65,563.46,152.15,341.2,2.41,109.0,82370.0
1990-05-09 09:00:00+00:00,24.49,35.5,339.1,391.53,118.75,337.3,2.97,112.0,82310.0
1990-05-09 10:00:00+00:00,24.24,35.5,180.4,259.33,82.35,331.3,3.24,115.0,82290.0
1990-05-09 11:00:00+00:00,23.6,38.05,37.1,69.76,24.55,330.15,3.31,118.0,82320.0
1990-05-09 12:00:00+00:00,22.04,46.75,0.0,0.0,0.0,318.75,3.1,112.0,82340.0
1990-05-09 13:00:00+00:00,20.42,57.3,0.0,0.0,0.0,316.4,2.97,108.0,82410.0
1990-05-09 14:00:00+00:00,19.05,61.3,0.0,0.0,0.0,315.05,3.03,115.0,82460.0
1990-05-09 15:00:00+00:00,18.16,65.55,0.0,0.0,0.0,314.1,3.52,130.0,82460.0
1990-05-09 16:00:00+00:00,17.06,65.45,0.0,0.0,0.0,309.05,3.59,138.0,82470.0
1990-05-09 17:00:00+00:00,15.58,75.15,0.0,0.0,0.0,304.6,2.83,135.0,82460.0
1990-05-09 18:00:00+00:00,14.26,83.4,0.0,0.0,0.0,301.3,2.07,124.0,82430.0
1990-05-09 19:00:00+00:00,13.41,83.25,0.0,0.0,0.0,297.45,2.14,101.0,82340.0
1990-05-09 20:00:00+00:00,12.61,83.25,0.0,0.0,0.0,296.5,1.93,90.0,82320.0
1990-05-09 21:00:00+00:00,12.23,86.2,0.0,0.0,0.0,293.0,1.59,82.0,82300.0
1990-05-09 22:00:00+00:00,11.9,89.3,0.0,0.0,0.0,290.3,1.38,69.0,82320.0
1990-05-09 23:00:00+00:00,11.26,95.9,194.6,639.31,79.05,289.9,1.45,65.0,82330.0
1990-05-10 00:00:00+00:00,13.94,86.4,392.95,719.14,118.75,292.8,1.72,72.0,82340.0
1990-05-10 01:00:00+00:00,16.44,75.25,575.05,739.17,156.95,302.8,2.0,90.0,82340.0
1990-05-10 02:00:00+00:00,18.95,63.4,703.55,729.88,175.2,320.5,2.0,77.0,82330.0
1990-05-10 03:00:00+00:00,21.08,51.75,803.45,658.18,247.1,340.0,3.45,46.0,82340.0
1990-05-10 04:00:00+00:00,22.7,42.1,776.4,527.82,290.0,339.25,5.52,32.0,82330.0
1990-05-10 05:00:00+00:00,23.07,36.55,684.6,441.66,266.15,346.8,7.24,23.0,82310.0
1990-05-10 06:00:00+00:00,22.65,32.6,359.7,110.28,258.1,358.2,8.21,17.0,82290.0
1990-05-10 07:00:00+00:00,21.22,36.0,422.0,215.69,239.8,367.5,7.66,13.0,82310.0
1990-05-10 08:00:00+00:00,20.73,35.9,340.45,198.51,196.9,363.45,8.14,10.0,82350.0
1990-05-10 09:00:00+00:00,19.77,38.35,253.25,176.11,153.8,348.35,8.41,11.0,82360.0
1990-05-10 10:00:00+00:00,18.61,42.6,113.8,88.36,80.2,347.4,8.55,10.0,82430.0
1990-05-10 11:00:00+00:00,17.22,45.55,17.35,16.73,14.3,353.4,7.59,8.0,82540.0
1990-05-10 12:00:00+00:00,15.75,52.4,0.0,0.0,0.0,353.95,6.07,10.0,82610.0
1990-05-10 13:00:00+00:00,14.65,58.25,0.0,0.0,0.0,345.45,4.07,12.0,82680.0
1990-05-10 14:00:00+00:00,14.21,62.55,0.0,0.0,0.0,344.65,3.38,18.0,82730.0
1990-05-10 15:00:00+00:00,13.75,64.75,0.0,0.0,0.0,331.5,1.72,23.0,82730.0
1990-05-10 16:00:00+00:00,13.74,62.45,0.0,0.0,0.0,327.45,0.41,251.0,82710.0
1990-05-10 17:00:00+00:00,12.6,77.45,0.0,0.0,0.0,323.4,1.52,244.0,82670.0
1990-05-10 18:00:00+00:00,11.95,77.35,0.0,0.0,0.0,315.05,1.66,250.0,82620.0
1990-05-10 19:00:00+00:00,10.75,83.0,0.0,0.0,0.0,301.5,1.38,265.0,82600.0
1990-05-10 20:00:00+00:00,10.4,80.05,0.0,0.0,0.0,295.5,1.1,274.0,82590.0
1990-05-10 21:00:00+00:00,10.85,77.15,0.0,0.0,0.0,287.6,0.55,271.0,82580.0
1990-05-10 22:00:00+00:00,10.5,77.15,0.0,0.0,0.0,287.4,0.28,247.0,82590.0
1990-05-10 23:00:00+00:00,10.51,77.15,178.1,524.19,81.95,295.5,0.48,269.0,82600.0
1990-05-11 00:00:00+00:00,12.21,74.6,352.6,569.74,134.05,302.65,0.76,282.0,82590.0
1990-05-11 01:00:00+00:00,14.28,58.1,579.6,767.36,144.0,313.8,1.03,281.0,82570.0
1990-05-11 02:00:00+00:00,16.03,47.0,759.9,835.21,153.8,291.85,1.72,303.0,82540.0
1990-05-11 03:00:00+00:00,17.85,43.9,875.3,829.99,172.4,298.4,2.14,315.0,82490.0
1990-05-11 04:00:00+00:00,19.46,41.15,895.75,767.5,187.35,312.75,2.21,327.0,82450.0
1990-05-11 05:00:00+00:00,20.8,38.65,783.0,552.93,258.35,325.7,2.62,350.0,82410.0
1990-05-11 06:00:00+00:00,21.51,36.15,596.75,369.96,255.4,333.65,4.21,13.0,82340.0
1990-05-11 07:00:00+00:00,19.7,34.3,417.85,222.81,229.3,335.2,9.45,8.0,82510.0
1990-05-11 08:00:00+00:00,15.88,43.5,302.7,104.03,227.3,347.75,11.03,2.0,82590.0
1990-05-11 09:00:00+00:00,12.68,53.6,231.9,123.99,161.65,336.75,10.9,0.0,82710.0
1990-05-11 10:00:00+00:00,10.69,55.15,119.15,67.21,93.45,315.65,10.55,4.0,82810.0
1990-05-11 11:00:00+00:00,8.96,54.8,23.2,13.53,20.7,310.8,9.31,5.0,82960.0
1990-05-11 12:00:00+00:00,7.59,61.1,0.0,0.0,0.0,305.55,7.72,8.0,83080.0
1990-05-11 13:00:00+00:00,6.61,63.35,0.0,0.0,0.0,289.7,6.14,13.0,83210.0
1990-05-11 14:00:00+00:00,6.53,58.65,0.0,0.0,0.0,310.2,5.24,14.0,83320.0
1990-05-11 15:00:00+00:00,6.53,54.3,0.0,0.0,0.0,307.7,4.34,16.0,83360.0
1990-05-11 16:00:00+00:00,6.42,48.25,0.0,0.0,0.0,310.8,3.17,14.0,83370.0
1990-05-11 17:00:00+00:00,6.25,48.15,0.0,0.0,0.0,313.5,2.14,9.0,83350.0
1990-05-11 18:00:00+00:00,6.06,48.15,0.0,0.0,0.0,312.95,1.1,357.0,83320.0
1990-05-11 19:00:00+00:00,5.65,54.05,0.0,0.0,0.0,303.05,1.72,217.0,83230.0
1990-05-11 20:00:00+00:00,5.42,56.2,0.0,0.0,0.0,281.2,2.21,225.0,83200.0
1990-05-11 21:00:00+00:00,5.1,60.65,0.0,0.0,0.0,274.8,2.41,229.0,83140.0
1990-05-11 22:00:00+00:00,4.56,65.4,0.0,0.0,0.0,255.25,2.41,236.0,83140.0
1990-05-11 23:00:00+00:00,4.77,68.0,182.25,476.56,93.6,257.0,2.14,238.0,83120.0
1990-05-12 00:00:00+00:00,6.24,60.85,384.3,622.05,144.3,252.95,2.62,242.0,83090.0
1990-05-12 01:00:00+00:00,8.06,50.45,617.95,838.37,140.4,256.15,2.62,234.0,83060.0
1990-05-12 02:00:00+00:00,9.97,38.85,794.75,880.12,154.55,251.95,2.55,215.0,82990.0
1990-05-12 03:00:00+00:00,11.92,33.7,911.3,880.76,164.05,255.05,2.83,203.0,82880.0
1990-05-12 04:00:00+00:00,13.84,32.8,987.9,886.46,168.45,261.65,3.03,198.0,82780.0
1990-05-12 05:00:00+00:00,15.67,30.85,988.3,863.75,167.55,266.65,2.9,195.0,82640.0
1990-05-12 06:00:00+00:00,17.25,27.85,923.4,823.81,162.15,273.05,2.55,189.0,82500.0
1990-05-12 07:00:00+00:00,17.69,27.85,799.25,764.45,151.2,274.6,2.21,190.0,82430.0
1990-05-12 08:00:00+00:00,18.44,26.9,626.3,676.65,134.75,277.7,1.45,177.0,82290.0
1990-05-12 09:00:00+00:00,18.92,25.05,422.75,546.05,112.35,278.5,1.24,142.0,82220.0
1990-05-12 10:00:00+00:00,19.13,23.25,213.0,343.3,81.0,276.75,2.0,123.0,82140.0
1990-05-12 11:00:00+00:00,19.0,23.25,45.5,93.23,28.05,273.45,3.52,122.0,82120.0
1990-05-12 12:00:00+00:00,17.77,27.85,0.0,0.0,0.0,269.2,4.28,121.0,82100.0
1990-05-12 13:00:00+00:00,16.18,32.2,0.0,0.0,0.0,267.65,4.69,130.0,82150.0
1990-05-12 14:00:00+00:00,14.61,38.55,0.0,0.0,0.0,267.45,4.07,134.0,82210.0
1990-05-12 15:00:00+00:00,13.27,44.5,0.0,0.0,0.0,268.6,3.03,125.0,82250.0
1990-05-12 16:00:00+00:00,11.91,49.6,0.0,0.0,0.0,272.3,2.34,107.0,82240.0
1990-05-12 17:00:00+00:00,10.67,59.5,0.0,0.0,0.0,280.4,2.07,85.0,82230.0
1990-05-12 18:00:00+00:00,9.77,61.55,0.0,0.0,0.0,283.3,2.21,65.0,82210.0
1990-05-12 19:00:00+00:00,8.83,66.15,0.0,0.0,0.0,279.45,2.28,64.0,82200.0
1990-05-12 20:00:00+00:00,8.17,68.6,0.0,0.0,0.0,281.75,2.28,59.0,82160.0
1990-05-12 21:00:00+00:00,7.6,71.15,0.0,0.0,0.0,287.6,1.93,50.0,82220.0
1990-05-12 22:00:00+00:00,7.3,73.8,0.0,0.0,0.0,284.5,1.72,44.0,82230.0
1990-05-12 23:00:00+00:00,7.75,73.9,87.0,16.71,83.85,299.6,1.66,32.0,82270.0
1990-05-13 00:00:00+00:00,9.58,59.25,141.75,27.06,131.25,315.45,2.07,27.0,82320.0
1990-05-13 01:00:00+00:00,11.29,49.3,167.1,5.86,163.75,317.9,2.76,22.0,82400.0
1990-05-13 02:00:00+00:00,12.37,40.95,231.3,2.47,229.5,323.0,3.93,17.0,82440.0
1990-05-13 03:00:00+00:00,13.08,30.15,319.75,20.41,302.4,321.25,5.79,12.0,82490.0
1990-05-13 04:00:00+00:00,13.26,25.7,352.95,42.24,313.85,321.85,6.69,15.0,82560.0
1990-05-13 05:00:00+00:00,13.02,25.7,366.25,52.91,315.9,320.65,6.07,15.0,82610.0
1990-05-13 06:00:00+00:00,13.03,25.7,414.5,83.8,336.95,319.1,5.24,21.0,82630.0
1990-05-13 07:00:00+00:00,12.21,28.75,524.8,252.71,310.2,313.3,2.76,37.0,82710.0
1990-05-13 08:00:00+00:00,13.07,26.75,444.7,316.73,214.1,301.9,1.93,65.0,82650.0
1990-05-13 09:00:00+00:00,13.5,24.85,404.65,455.48,144.9,286.6,1.59,91.0,82610.0
1990-05-13 10:00:00+00:00,13.74,24.85,211.05,332.9,82.35,266.3,1.52,120.0,82600.0
1990-05-13 11:00:00+00:00,13.43,24.85,46.05,92.85,28.45,252.95,1.66,150.0,82610.0
1990-05-13 12:00:00+00:00,12.6,30.05,0.0,0.0,0.0,249.85,2.0,180.0,82670.0
1990-05-13 13:00:00+00:00,11.39,39.1,0.0,0.0,0.0,247.15,2.28,206.0,82740.0
1990-05-13 14:00:00+00:00,10.03,45.4,0.0,0.0,0.0,245.95,2.41,225.0,82820.0
1990-05-13 15:00:00+00:00,8.7,54.65,0.0,0.0,0.0,244.2,2.55,237.0,82840.0
1990-05-13 16:00:00+00:00,7.61,61.1,0.0,0.0,0.0,245.6,2.48,246.0,82840.0
1990-05-13 17:00:00+00:00,6.7,63.35,0.0,0.0,0.0,247.3,2.41,252.0,82820.0
1990-05-13 18:00:00+00:00,6.31,65.75,0.0,0.0,0.0,264.15,2.34,254.0,82790.0
1990-05-13 19:00:00+00:00,5.98,65.75,0.0,0.0,0.0,263.2,2.21,249.0,82760.0
1990-05-13 20:00:00+00:00,5.92,65.75,0.0,0.0,0.0,275.6,2.07,244.0,82740.0
1990-05-13 21:00:00+00:00,5.71,68.2,0.0,0.0,0.0,274.2,2.0,234.0,82750.0
1990-05-13 22:00:00+00:00,5.47,68.2,0.0,0.0,0.0,274.8,1.93,227.0,82750.0
1990-05-13 23:00:00+00:00,5.68,68.2,191.15,408.22,113.2,261.45,1.72,224.0,82780.0
1990-05-14 00:00:00+00:00,8.31,66.05,381.1,529.85,174.45,266.85,1.52,223.0,82790.0
1990-05-14 01:00:00+00:00,11.95,40.95,584.85,674.69,198.05,274.15,2.28,237.0,82830.0
1990-05-14 02:00:00+00:00,14.27,32.95,685.5,535.22,294.45,283.1,3.31,252.0,82830.0
1990-05-14 03:00:00+00:00,16.11,25.5,766.5,497.42,343.05,301.5,3.59,257.0,82800.0
1990-05-14 04:00:00+00:00,17.42,22.0,778.05,433.19,376.45,308.65,3.17,264.0,82770.0
1990-05-14 05:00:00+00:00,18.4,19.65,761.7,416.82,364.55,320.1,2.55,281.0,82720.0
1990-05-14 06:00:00+00:00,19.13,16.95,872.9,666.55,255.2,319.1,2.21,308.0,82660.0
1990-05-14 07:00:00+00:00,20.46,11.9,676.55,452.44,291.7,290.5,3.66,349.0,82590.0
1990-05-14 08:00:00+00:00,20.73,10.55,386.9,285.96,178.25,310.6,4.0,358.0,82520.0
1990-05-14 09:00:00+00:00,20.33,9.6,236.9,217.79,112.3,316.05,3.72,360.0,82500.0
1990-05-14 10:00:00+00:00,19.98,9.95,167.45,108.7,125.2,310.4,3.52,354.0,82500.0
1990-05-14 11:00:00+00:00,19.7,9.55,36.7,41.95,28.65,307.7,3.72,346.0,82540.0
1990-05-14 12:00:00+00:00,18.65,11.1,0.0,0.0,0.0,302.5,2.48,347.0,82610.0
1990-05-14 13:00:00+00:00,17.49,16.6,0.0,0.0,0.0,295.7,1.59,347.0,82690.0
1990-05-14 14:00:00+00:00,15.8,28.55,0.0,0.0,0.0,293.75,1.52,351.0,82760.0
1990-05-14 15:00:00+00:00,13.88,28.0,0.0,0.0,0.0,270.15,2.07,355.0,82790.0
1990-05-14 16:00:00+00:00,11.91,28.75,0.0,0.0,0.0,254.65,2.41,360.0,82820.0
1990-05-14 17:00:00+00:00,10.37,29.35,0.0,0.0,0.0,242.1,2.41,3.0,82810.0
1990-05-14 18:00:00+00:00,9.55,29.2,0.0,0.0,0.0,239.2,2.14,2.0,82780.0
1990-05-14 19:00:00+00:00,9.8,25.85,0.0,0.0,0.0,235.15,1.52,349.0,82770.0
1990-05-14 20:00:00+00:00,9.47,24.8,0.0,0.0,0.0,232.6,1.1,320.0,82740.0
1990-05-14 21:00:00+00:00,8.37,26.65,0.0,0.0,0.0,232.6,1.31,294.0,82730.0
1990-05-14 22:00:00+00:00,7.24,30.95,0.0,0.0,0.0,232.6,1.31,280.0,82730.0
1990-05-14 23:00:00+00:00,7.25,30.95,226.15,740.61,83.0,234.35,1.17,270.0,82740.0
1990-05-15 00:00:00+00:00,10.1,24.9,437.8,826.29,113.9,239.4,0.76,256.0,82740.0
1990-05-15 01:00:00+00:00,13.56,15.8,641.25,879.36,135.6,247.05,0.97,217.0,82740.0
1990-05-15 02:00:00+00:00,15.95,11.7,812.2,902.9,151.15,255.65,1.52,197.0,82700.0
1990-05-15 03:00:00+00:00,18.0,14.15,934.1,906.3,161.35,263.4,2.21,206.0,82640.0
1990-05-15 04:00:00+00:00,19.67,15.1,999.8,901.57,162.85,272.3,2.55,218.0,82550.0
1990-05-15 05:00:00+00:00,20.99,15.3,952.9,825.5,165.35,279.65,2.14,225.0,82440.0
1990-05-15 06:00:00+00:00,21.89,13.2,916.9,793.0,181.0,285.65,1.59,231.0,82330.0
1990-05-15 07:00:00+00:00,22.53,11.85,803.5,765.38,151.4,288.55,1.38,258.0,82280.0
1990-05-15 08:00:00+00:00,22.86,11.85,628.8,673.05,136.65,290.65,0.97,297.0,82180.0
1990-05-15 09:00:00+00:00,23.04,11.5,407.65,479.62,132.4,290.85,0.97,341.0,82140.0
1990-05-15 10:00:00+00:00,22.9,11.85,211.45,320.42,86.25,295.5,1.1,20.0,82120.0
1990-05-15 11:00:00+00:00,22.52,11.85,47.9,85.72,31.25,288.75,1.59,54.0,82140.0
1990-05-15 12:00:00+00:00,21.83,12.7,0.0,0.0,0.0,287.4,2.14,70.0,82190.0
1990-05-15 13:00:00+00:00,20.77,13.0,0.0,0.0,0.0,283.5,2.41,65.0,82270.0
1990-05-15 14:00:00+00:00,19.19,14.4,0.0,0.0,0.0,275.75,2.62,61.0,82320.0
1990-05-15 15:00:00+00:00,16.94,17.85,0.0,0.0,0.0,270.75,2.14,55.0,82350.0
1990-05-15 16:00:00+00:00,16.27,18.5,0.0,0.0,0.0,267.65,1.45,39.0,82330.0
1990-05-15 17:00:00+00:00,15.77,19.15,0.0,0.0,0.0,268.8,1.24,22.0,82340.0
1990-05-15 18:00:00+00:00,14.54,20.5,0.0,0.0,0.0,260.3,1.24,15.0,82340.0
1990-05-15 19:00:00+00:00,14.19,17.3,0.0,0.0,0.0,256.6,1.17,6.0,82370.0
1990-05-15 20:00:00+00:00,13.38,19.35,0.0,0.0,0.0,256.05,0.97,347.0,82380.0
1990-05-15 21:00:00+00:00,12.31,22.5,0.0,0.0,0.0,251.6,0.97,326.0,82390.0
1990-05-15 22:00:00+00:00,11.31,25.2,0.0,0.0,0.0,244.6,1.03,302.0,82440.0
1990-05-15 23:00:00+00:00,10.44,27.2,230.65,755.87,82.85,241.5,1.31,285.0,82520.0
1990-05-16 00:00:00+00:00,12.46,24.55,445.55,842.0,113.9,242.65,1.17,277.0,82570.0
1990-05-16 01:00:00+00:00,16.81,12.85,652.75,896.36,135.85,247.45,1.03,272.0,82600.0
1990-05-16 02:00:00+00:00,19.16,7.95,826.85,917.83,153.55,254.1,0.62,304.0,82600.0
1990-05-16 03:00:00+00:00,20.9,6.05,934.4,892.75,172.05,260.5,1.38,12.0,82580.0
1990-05-16 04:00:00+00:00,22.31,5.2,1016.85,911.38,169.7,262.2,2.41,22.0,82540.0
1990-05-16 05:00:00+00:00,23.41,4.65,1019.65,891.64,167.95,263.2,3.1,23.0,82490.0
1990-05-16 06:00:00+00:00,24.11,4.4,948.55,832.46,175.0,263.6,3.45,24.0,82400.0
1990-05-16 07:00:00+00:00,24.07,4.4,810.35,720.27,195.7,267.65,2.76,35.0,82330.0
1990-05-16 08:00:00+00:00,24.35,4.4,556.65,570.99,138.25,272.5,3.17,44.0,82250.0
1990-05-16 09:00:00+00:00,24.12,4.4,400.85,415.17,161.85,275.6,3.45,57.0,82220.0
1990-05-16 10:00:00+00:00,23.8,4.35,188.8,172.62,121.0,274.05,3.72,68.0,82230.0
1990-05-16 11:00:00+00:00,23.13,4.25,43.8,34.34,37.05,281.95,3.93,78.0,82270.0
1990-05-16 12:00:00+00:00,22.16,4.55,0.0,0.0,0.0,288.15,3.52,82.0,82290.0
1990-05-16 13:00:00+00:00,21.05,5.1,0.0,0.0,0.0,295.1,3.38,87.0,82360.0
1990-05-16 14:00:00+00:00,19.54,5.9,0.0,0.0,0.0,278.3,3.31,100.0,82400.0
1990-05-16 15:00:00+00:00,18.23,7.45,0.0,0.0,0.0,287.95,3.1,116.0,82430.0
1990-05-16 16:00:00+00:00,16.83,9.95,0.0,0.0,0.0,292.4,2.76,129.0,82400.0
1990-05-16 17:00:00+00:00,15.21,14.25,0.0,0.0,0.0,281.6,2.21,134.0,82370.0
1990-05-16 18:00:00+00:00,14.48,16.7,0.0,0.0,0.0,283.9,1.86,137.0,82300.0
1990-05-16 19:00:00+00:00,13.67,18.65,0.0,0.0,0.0,289.1,1.66,148.0,82250.0
1990-05-16 20:00:00+00:00,13.01,22.75,0.0,0.0,0.0,291.85,1.52,148.0,82220.0
1990-05-16 21:00:00+00:00,12.7,24.55,0.0,0.0,0.0,272.85,1.31,140.0,82190.0
1990-05-16 22:00:00+00:00,12.03,28.75,37.75,0.0,37.75,272.65,1.24,129.0,82200.0
1990-05-16 23:00:00+00:00,11.73,32.25,167.0,259.24,115.75,280.6,1.17,124.0,82230.0
1990-05-17 00:00:00+00:00,12.69,35.15,376.4,509.74,174.7,286.05,1.1,124.0,82220.0
1990-05-17 01:00:00+00:00,16.22,28.7,595.6,698.59,191.65,287.7,1.79,137.0,82220.0
1990-05-17 02:00:00+00:00,19.15,26.15,755.6,696.78,243.5,291.05,3.38,160.0,82180.0
1990-05-17 03:00:00+00:00,21.75,22.15,842.45,635.9,298.65,302.5,4.28,174.0,82120.0
1990-05-17 04:00:00+00:00,23.57,17.95,880.2,565.13,354.25,314.3,4.28,180.0,82050.0
1990-05-17 05:00:00+00:00,24.83,16.85,899.75,624.61,302.4,329.0,4.21,178.0,81960.0
1990-05-17 06:00:00+00:00,25.72,15.15,680.05,323.88,378.7,330.95,4.14,172.0,81870.0
1990-05-17 07:00:00+00:00,25.78,14.6,488.05,156.2,354.55,353.4,3.31,169.0,81790.0
1990-05-17 08:00:00+00:00,25.66,14.6,341.75,147.76,233.25,359.0,3.31,159.0,81750.0
1990-05-17 09:00:00+00:00,25.31,15.65,191.2,58.28,157.55,354.55,3.72,148.0,81740.0
1990-05-17 10:00:00+00:00,24.62,17.5,132.7,45.47,114.75,359.0,4.55,143.0,81740.0
1990-05-17 11:00:00+00:00,23.65,20.95,34.25,28.92,28.5,346.4,5.24,145.0,81770.0
1990-05-17 12:00:00+00:00,22.1,25.95,0.0,0.0,0.0,340.6,5.72,146.0,81840.0
1990-05-17 13:00:00+00:00,20.24,31.95,0.0,0.0,0.0,316.8,5.72,150.0,81920.0
1990-05-17 14:00:00+00:00,18.62,35.35,0.0,0.0,0.0,308.3,4.69,154.0,82030.0
1990-05-17 15:00:00+00:00,17.39,40.75,0.0,0.0,0.0,310.2,3.17,153.0,82050.0
1990-05-17 16:00:00+00:00,16.1,45.3,0.0,0.0,0.0,299.55,2.34,134.0,82070.0
1990-05-17 17:00:00+00:00,14.75,52.15,0.0,0.0,0.0,298.05,2.07,121.0,82050.0
1990-05-17 18:00:00+00:00,13.42,60.05,0.0,0.0,0.0,298.4,1.66,123.0,82020.0
1990-05-17 19:00:00+00:00,12.84,59.95,0.0,0.0,0.0,277.7,1.31,145.0,82030.0
1990-05-17 20:00:00+00:00,12.63,59.95,0.0,0.0,0.0,275.75,1.1,167.0,82020.0
1990-05-17 21:00:00+00:00,12.42,57.75,0.0,0.0,0.0,272.85,0.9,186.0,82030.0
1990-05-17 22:00:00+00:00,12.38,59.85,34.4,0.0,34.4,276.15,0.76,216.0,82050.0
1990-05-17 23:00:00+00:00,12.44,57.75,204.2,571.91,89.95,275.2,0.97,238.0,82110.0
1990-05-18 00:00:00+00:00,13.58,53.85,384.05,559.99,161.5,284.85,1.17,242.0,82140.0
1990-05-18 01:00:00+00:00,17.62,37.8,566.45,604.16,216.2,292.7,2.07,248.0,82170.0
1990-05-18 02:00:00+00:00,20.51,29.75,769.25,770.12,202.25,302.65,2.83,257.0,82190.0
1990-05-18 03:00:00+00:00,23.26,21.65,883.35,783.52,212.4,306.55,2.62,265.0,82160.0
1990-05-18 04:00:00+00:00,25.14,15.05,926.3,732.2,244.05,312.55,1.59,269.0,82160.0
1990-05-18 05:00:00+00:00,26.27,11.1,940.3,748.5,223.65,325.9,0.48,302.0,82110.0
1990-05-18 06:00:00+00:00,27.12,9.25,800.7,546.75,291.35,322.4,0.55,34.0,82060.0
1990-05-18 07:00:00+00:00,27.19,9.25,649.45,420.86,289.2,327.85,1.03,60.0,82060.0
1990-05-18 08:00:00+00:00,27.23,9.25,515.4,385.72,231.6,339.05,1.17,85.0,82030.0
1990-05-18 09:00:00+00:00,27.13,8.85,318.0,243.81,176.8,332.5,0.9,91.0,82010.0
1990-05-18 10:00:00+00:00,26.63,9.15,160.45,108.13,117.55,336.75,0.41,78.0,82010.0
1990-05-18 11:00:00+00:00,26.28,9.45,51.05,87.78,33.4,341.2,0.21,278.0,82040.0
1990-05-18 12:00:00+00:00,25.72,10.15,0.0,0.0,0.0,302.65,1.17,283.0,82090.0
1990-05-18 13:00:00+00:00,24.11,12.65,0.0,0.0,0.0,291.65,1.79,287.0,82160.0
1990-05-18 14:00:00+00:00,21.75,17.5,0.0,0.0,0.0,286.8,2.0,281.0,82230.0
1990-05-18 15:00:00+00:00,19.43,22.35,0.0,0.0,0.0,281.95,2.07,279.0,82250.0
1990-05-18 16:00:00+00:00,17.78,26.8,0.0,0.0,0.0,279.85,1.86,277.0,82270.0
1990-05-18 17:00:00+00:00,17.25,27.85,0.0,0.0,0.0,278.65,1.45,270.0,82260.0
1990-05-18 18:00:00+00:00,16.93,28.8,0.0,0.0,0.0,277.9,1.24,259.0,82220.0
1990-05-18 19:00:00+00:00,14.14,31.65,0.0,0.0,0.0,274.05,1.72,257.0,82200.0
1990-05-18 20:00:00+00:00,13.43,32.8,0.0,0.0,0.0,273.65,1.72,256.0,82200.0
1990-05-18 21:00:00+00:00,13.13,33.95,0.0,0.0,0.0,272.85,1.66,251.0,82180.0
1990-05-18 22:00:00+00:00,13.58,32.8,33.15,0.0,33.15,272.1,1.45,248.0,82210.0
1990-05-18 23:00:00+00:00,14.13,31.65,227.75,718.93,82.7,272.85,1.03,241.0,82210.0
1990-05-19 00:00:00+00:00,16.36,27.6,434.3,806.01,112.65,277.1,0.62,214.0,82240.0
1990-05-19 01:00:00+00:00,19.21,22.35,633.8,859.16,134.5,285.35,0.62,183.0,82250.0
1990-05-19 02:00:00+00:00,21.6,18.95,802.45,886.73,148.5,294.95,1.03,142.0,82210.0
1990-05-19 03:00:00+00:00,24.09,17.4,923.45,896.04,155.15,303.65,2.07,136.0,82160.0
1990-05-19 04:00:00+00:00,26.66,15.4,974.65,846.03,185.45,313.9,2.9,147.0,82090.0
1990-05-19 05:00:00+00:00,28.81,14.0,937.7,716.85,250.6,324.75,3.45,153.0,82010.0
1990-05-19 06:00:00+00:00,30.3,12.25,835.7,596.53,279.3,343.3,3.72,153.0,81870.0
1990-05-19 07:00:00+00:00,30.93,11.4,605.85,368.5,289.95,353.4,4.41,150.0,81810.0
1990-05-19 08:00:00+00:00,30.87,11.4,459.55,353.82,198.7,361.9,4.48,152.0,81740.0
1990-05-19 09:00:00+00:00,30.51,12.25,303.7,245.85,160.9,356.5,4.21,145.0,81710.0
1990-05-19 10:00:00+00:00,29.66,13.65,148.3,132.67,95.4,362.85,5.31,135.0,81730.0
1990-05-19 11:00:00+00:00,28.06,18.9,48.35,65.67,35.0,353.95,6.34,132.0,81780.0
1990-05-19 12:00:00+00:00,25.69,27.85,0.0,0.0,0.0,336.75,6.21,130.0,81870.0
1990-05-19 13:00:00+00:00,23.78,38.05,0.0,0.0,0.0,328.6,5.72,130.0,82000.0
1990-05-19 14:00:00+00:00,22.31,46.75,0.0,0.0,0.0,321.45,4.76,124.0,82080.0
1990-05-19 15:00:00+00:00,21.04,53.6,0.0,0.0,0.0,325.3,4.34,120.0,82120.0
1990-05-19 16:00:00+00:00,19.75,59.25,0.0,0.0,0.0,318.55,4.14,119.0,82120.0
1990-05-19 17:00:00+00:00,18.64,65.65,0.0,0.0,0.0,315.85,3.86,120.0,82120.0
1990-05-19 18:00:00+00:00,17.64,70.3,0.0,0.0,0.0,312.35,3.52,122.0,82060.0
1990-05-19 19:00:00+00:00,17.16,70.3,0.0,0.0,0.0,313.1,3.31,137.0,81990.0
1990-05-19 20:00:00+00:00,16.35,75.25,0.0,0.0,0.0,313.1,2.9,131.0,81980.0
1990-05-19 21:00:00+00:00,15.36,80.6,0.0,0.0,0.0,306.15,2.55,128.0,81950.0
1990-05-19 22:00:00+00:00,14.66,86.45,32.9,0.0,32.9,311.75,2.41,127.0,81950.0
1990-05-19 23:00:00+00:00,15.03,83.5,197.6,564.43,82.65,313.1,2.41,130.0,81940.0
1990-05-20 00:00:00+00:00,17.48,75.4,358.45,597.69,119.0,316.8,3.86,142.0,81910.0
1990-05-20 01:00:00+00:00,19.79,63.6,530.1,651.34,150.7,332.6,5.86,160.0,81890.0
1990-05-20 02:00:00+00:00,22.22,50.2,620.0,480.74,264.9,344.5,6.0,166.0,81820.0
1990-05-20 03:00:00+00:00,24.34,41.0,791.2,616.02,262.35,369.25,5.86,166.0,81740.0
1990-05-20 04:00:00+00:00,26.24,36.05,811.95,532.01,315.15,369.05,5.93,162.0,81670.0
1990-05-20 05:00:00+00:00,27.58,32.75,842.3,587.85,278.25,373.9,6.34,157.0,81560.0
1990-05-20 06:00:00+00:00,28.87,31.75,824.35,677.05,192.1,371.0,7.03,152.0,81460.0
1990-05-20 07:00:00+00:00,29.73,28.75,660.6,501.69,229.9,366.55,7.1,148.0,81370.0
1990-05-20 08:00:00+00:00,29.12,28.65,523.25,448.3,192.1,373.5,7.38,146.0,81350.0
1990-05-20 09:00:00+00:00,29.08,29.7,297.5,311.58,116.0,378.95,8.0,146.0,81320.0
1990-05-20 10:00:00+00:00,26.76,37.5,136.3,131.78,83.5,380.65,7.86,145.0,81370.0
1990-05-20 11:00:00+00:00,24.63,45.75,38.0,55.72,26.55,371.4,7.79,144.0,81440.0
1990-05-20 12:00:00+00:00,22.81,52.1,0.0,0.0,0.0,362.1,6.83,144.0,81520.0
1990-05-20 13:00:00+00:00,21.17,61.7,0.0,0.0,0.0,358.6,4.07,134.0,81650.0
1990-05-20 14:00:00+00:00,19.71,68.2,0.0,0.0,0.0,364.4,2.21,48.0,81880.0
1990-05-20 15:00:00+00:00,18.3,80.9,0.0,0.0,0.0,374.3,3.59,57.0,82020.0
1990-05-20 16:00:00+00:00,17.94,80.85,0.0,0.0,0.0,371.0,3.93,87.0,82050.0
1990-05-20 17:00:00+00:00,17.75,80.85,0.0,0.0,0.0,361.7,2.55,66.0,82140.0
1990-05-20 18:00:00+00:00,17.67,75.4,0.0,0.0,0.0,350.85,2.62,33.0,82210.0
1990-05-20 19:00:00+00:00,17.79,49.05,0.0,0.0,0.0,348.95,4.69,16.0,82160.0
1990-05-20 20:00:00+00:00,17.46,40.75,0.0,0.0,0.0,344.1,4.83,10.0,82230.0
1990-05-20 21:00:00+00:00,16.69,39.15,0.0,0.0,0.0,318.55,5.17,3.0,82250.0
1990-05-20 22:00:00+00:00,16.01,40.5,28.25,0.0,28.25,323.4,5.66,357.0,82320.0
1990-05-20 23:00:00+00:00,15.66,41.9,120.2,198.57,79.4,333.45,5.24,353.0,82430.0
1990-05-21 00:00:00+00:00,15.02,45.05,153.6,97.49,114.4,332.1,5.86,350.0,82540.0
1990-05-21 01:00:00+00:00,13.91,53.85,178.3,90.79,125.3,343.05,5.66,350.0,82660.0
1990-05-21 02:00:00+00:00,12.9,62.2,162.9,13.99,152.55,344.1,4.9,356.0,82750.0
1990-05-21 03:00:00+00:00,12.36,66.85,259.65,88.48,183.6,344.1,3.86,3.0,82830.0
1990-05-21 04:00:00+00:00,12.44,64.55,338.35,91.09,253.2,338.85,3.93,11.0,82890.0
1990-05-21 05:00:00+00:00,12.83,59.95,454.65,137.38,322.7,339.25,4.69,18.0,82900.0
1990-05-21 06:00:00+00:00,13.67,50.0,337.75,46.42,294.35,342.75,4.9,22.0,82870.0
1990-05-21 07:00:00+00:00,14.68,38.55,377.2,110.62,282.1,342.95,5.38,20.0,82850.0
1990-05-21 08:00:00+00:00,15.03,31.95,400.95,245.91,218.95,337.9,5.31,22.0,82820.0
1990-05-21 09:00:00+00:00,15.27,30.7,314.25,242.91,172.35,313.9,5.1,25.0,82790.0
1990-05-21 10:00:00+00:00,15.19,30.7,138.4,104.21,96.45,316.05,4.83,27.0,82790.0
1990-05-21 11:00:00+00:00,14.68,33.05,24.7,19.5,20.65,321.85,4.21,28.0,82850.0
1990-05-21 12:00:00+00:00,14.07,35.6,0.0,0.0,0.0,328.4,3.31,32.0,82910.0
1990-05-21 13:00:00+00:00,13.61,39.8,0.0,0.0,0.0,339.65,3.17,30.0,82980.0
1990-05-21 14:00:00+00:00,13.1,44.5,0.0,0.0,0.0,334.4,2.62,31.0,83040.0
1990-05-21 15:00:00+00:00,12.56,51.65,0.0,0.0,0.0,333.05,2.0,24.0,83050.0
1990-05-21 16:00:00+00:00,11.87,64.35,0.0,0.0,0.0,328.4,1.1,11.0,83040.0
1990-05-21 17:00:00+00:00,12.11,53.5,0.0,0.0,0.0,326.3,0.69,1.0,82980.0
1990-05-21 18:00:00+00:00,12.29,44.2,0.0,0.0,0.0,308.65,0.48,326.0,82940.0
1990-05-21 19:00:00+00:00,10.84,66.55,0.0,0.0,0.0,318.55,0.97,224.0,82920.0
1990-05-21 20:00:00+00:00,10.6,64.1,0.0,0.0,0.0,309.25,0.9,215.0,82880.0
1990-05-21 21:00:00+00:00,10.47,59.5,0.0,0.0,0.0,285.85,0.9,200.0,82870.0
1990-05-21 22:00:00+00:00,10.18,59.35,37.7,0.0,37.7,278.1,0.83,184.0,82860.0
1990-05-21 23:00:00+00:00,10.15,61.65,202.45,456.58,107.85,275.95,0.62,156.0,82870.0
1990-05-22 00:00:00+00:00,11.56,51.35,397.9,630.47,143.5,287.0,0.9,139.0,82840.0
1990-05-22 01:00:00+00:00,12.8,46.1,580.6,689.11,177.5,284.2,1.17,143.0,82840.0
1990-05-22 02:00:00+00:00,13.99,41.5,684.65,599.62,240.45,288.35,1.52,131.0,82820.0
1990-05-22 03:00:00+00:00,15.08,40.2,807.95,653.75,245.45,296.85,1.93,114.0,82780.0
1990-05-22 04:00:00+00:00,16.3,39.0,681.3,413.07,294.8,305.55,2.48,103.0,82740.0
1990-05-22 05:00:00+00:00,16.97,37.8,690.6,368.25,336.55,323.55,3.03,98.0,82690.0
1990-05-22 06:00:00+00:00,18.05,36.55,555.1,151.35,413.45,337.7,3.17,99.0,82600.0
1990-05-22 07:00:00+00:00,18.14,36.55,394.65,104.95,304.3,339.65,3.38,114.0,82610.0
1990-05-22 08:00:00+00:00,18.26,36.55,240.65,38.57,212.05,348.15,3.66,117.0,82520.0
1990-05-22 09:00:00+00:00,18.07,36.55,153.5,57.79,119.65,355.3,3.72,125.0,82490.0
1990-05-22 10:00:00+00:00,17.62,39.25,68.5,17.06,61.6,353.0,3.93,132.0,82410.0
1990-05-22 11:00:00+00:00,16.8,40.6,24.45,0.24,24.4,347.95,4.0,138.0,82420.0
1990-05-22 12:00:00+00:00,15.83,46.9,0.05,0.0,0.05,344.65,3.93,148.0,82470.0
1990-05-22 13:00:00+00:00,14.56,52.15,0.0,0.0,0.0,338.1,4.21,154.0,82520.0
1990-05-22 14:00:00+00:00,13.52,60.2,0.0,0.0,0.0,330.15,3.72,157.0,82610.0
1990-05-22 15:00:00+00:00,12.83,64.55,0.0,0.0,0.0,326.85,2.55,154.0,82640.0
1990-05-22 16:00:00+00:00,12.21,69.35,0.0,0.0,0.0,321.65,1.86,137.0,82610.0
1990-05-22 17:00:00+00:00,11.52,77.3,0.0,0.0,0.0,316.8,1.38,113.0,82560.0
1990-05-22 18:00:00+00:00,10.77,83.0,0.0,0.0,0.0,305.95,1.38,84.0,82520.0
1990-05-22 19:00:00+00:00,10.28,82.95,0.0,0.0,0.0,307.7,1.52,88.0,82450.0
1990-05-22 20:00:00+00:00,9.87,85.95,0.0,0.0,0.0,309.25,1.52,84.0,82460.0
1990-05-22 21:00:00+00:00,9.39,85.95,0.0,0.0,0.0,305.95,1.38,81.0,82420.0
1990-05-22 22:00:00+00:00,9.13,89.1,28.7,0.0,28.7,311.75,1.31,84.0,82430.0
1990-05-22 23:00:00+00:00,9.71,89.15,102.25,60.1,89.7,323.55,1.24,86.0,82440.0
1990-05-23 00:00:00+00:00,10.85,77.15,142.3,10.62,138.0,327.05,1.45,90.0,82470.0
1990-05-23 01:00:00+00:00,11.16,74.45,117.6,0.17,117.5,337.8,1.59,93.0,82510.0
1990-05-23 02:00:00+00:00,11.31,74.45,240.4,26.42,220.8,343.5,1.86,92.0,82540.0
1990-05-23 03:00:00+00:00,11.99,69.35,251.6,14.98,238.7,344.3,2.41,94.0,82550.0
1990-05-23 04:00:00+00:00,12.37,69.35,270.0,12.92,257.9,348.35,2.62,92.0,82570.0
1990-05-23 05:00:00+00:00,12.7,69.45,240.75,7.64,233.4,351.85,3.17,90.0,82550.0
1990-05-23 06:00:00+00:00,12.72,69.45,203.6,29.99,175.5,352.0,3.72,91.0,82550.0
1990-05-23 07:00:00+00:00,12.36,74.6,171.95,35.9,141.0,350.85,3.72,57.0,82560.0
1990-05-23 08:00:00+00:00,12.07,71.95,102.75,1.95,101.3,342.95,3.79,53.0,82560.0
1990-05-23 09:00:00+00:00,11.63,74.55,127.35,33.71,107.55,349.1,3.66,56.0,82540.0
1990-05-23 10:00:00+00:00,11.48,74.55,57.2,15.01,51.1,342.15,3.17,66.0,82560.0
1990-05-23 11:00:00+00:00,11.04,74.45,9.95,7.31,8.4,339.45,2.55,77.0,82600.0
1990-05-23 12:00:00+00:00,10.58,77.15,0.05,0.0,0.05,342.35,2.34,85.0,82670.0
1990-05-23 13:00:00+00:00,10.16,79.95,0.0,0.0,0.0,336.35,2.28,87.0,82720.0
1990-05-23 14:00:00+00:00,9.94,77.1,0.0,0.0,0.0,336.15,1.93,82.0,82810.0
1990-05-23 15:00:00+00:00,9.63,82.9,0.0,0.0,0.0,320.65,1.24,66.0,82830.0
1990-05-23 16:00:00+00:00,9.01,89.1,0.0,0.0,0.0,301.9,0.83,70.0,82810.0
1990-05-23 17:00:00+00:00,8.72,89.1,0.0,0.0,0.0,303.05,0.69,74.0,82770.0
1990-05-23 18:00:00+00:00,8.76,85.9,0.0,0.0,0.0,292.4,0.34,63.0,82690.0
1990-05-23 19:00:00+00:00,8.36,89.05,0.0,0.0,0.0,288.95,0.55,227.0,82720.0
1990-05-23 20:00:00+00:00,7.66,92.35,0.0,0.0,0.0,283.5,0.9,223.0,82720.0
1990-05-23 21:00:00+00:00,7.71,92.35,0.0,0.0,0.0,281.6,0.83,222.0,82700.0
1990-05-23 22:00:00+00:00,7.09,92.35,40.95,0.0,40.95,280.6,0.97,226.0,82690.0
1990-05-23 23:00:00+00:00,7.5,92.35,184.05,314.9,117.8,281.95,0.76,220.0,82680.0
1990-05-24 00:00:00+00:00,9.28,85.95,344.6,376.17,191.85,287.0,0.69,223.0,82710.0
1990-05-24 01:00:00+00:00,10.95,74.45,490.65,401.61,254.85,293.3,0.48,252.0,82730.0
1990-05-24 02:00:00+00:00,12.46,62.2,551.75,326.38,309.35,307.9,0.48,287.0,82720.0
1990-05-24 03:00:00+00:00,13.63,55.9,646.9,332.2,360.5,318.95,0.41,315.0,82720.0
1990-05-24 04:00:00+00:00,14.73,52.15,726.05,375.47,374.1,327.45,0.21,349.0,82700.0
1990-05-24 05:00:00+00:00,15.71,46.9,636.2,241.59,403.5,327.25,0.48,47.0,82650.0
1990-05-24 06:00:00+00:00,16.35,45.3,661.75,328.98,353.2,345.05,0.9,64.0,82580.0
1990-05-24 07:00:00+00:00,16.94,42.15,540.9,329.41,256.55,338.5,0.83,85.0,82560.0
1990-05-24 08:00:00+00:00,17.33,39.25,398.9,280.44,190.2,327.65,1.52,70.0,82530.0
1990-05-24 09:00:00+00:00,17.42,39.25,328.7,280.92,163.25,326.85,2.07,57.0,82520.0
1990-05-24 10:00:00+00:00,17.45,39.25,183.4,218.56,94.2,326.3,2.28,52.0,82520.0
1990-05-24 11:00:00+00:00,17.04,39.25,55.45,101.65,33.7,309.25,1.86,52.0,82520.0
1990-05-24 12:00:00+00:00,16.28,45.3,0.25,0.0,0.25,301.7,0.83,66.0,82570.0
1990-05-24 13:00:00+00:00,15.4,48.55,0.0,0.0,0.0,279.25,0.41,131.0,82610.0
1990-05-24 14:00:00+00:00,14.93,48.4,0.0,0.0,0.0,275.95,0.76,191.0,82680.0
1990-05-24 15:00:00+00:00,14.24,50.1,0.0,0.0,0.0,276.15,0.76,214.0,82690.0
1990-05-24 16:00:00+00:00,13.52,53.85,0.0,0.0,0.0,278.5,0.76,248.0,82660.0
1990-05-24 17:00:00+00:00,12.09,62.1,0.0,0.0,0.0,282.15,1.1,272.0,82640.0
1990-05-24 18:00:00+00:00,10.64,69.1,0.0,0.0,0.0,284.1,1.45,268.0,82610.0
1990-05-24 19:00:00+00:00,11.22,66.65,0.0,0.0,0.0,300.35,1.17,257.0,82600.0
1990-05-24 20:00:00+00:00,10.52,71.7,0.0,0.0,0.0,310.2,1.24,249.0,82600.0
1990-05-24 21:00:00+00:00,10.49,71.7,0.0,0.0,0.0,309.85,1.1,245.0,82590.0
1990-05-24 22:00:00+00:00,10.44,71.7,37.9,0.0,37.9,305.95,1.03,239.0,82590.0
1990-05-24 23:00:00+00:00,10.32,74.3,145.85,91.81,126.4,307.3,0.97,244.0,82600.0
1990-05-25 00:00:00+00:00,11.96,71.95,267.05,134.94,212.1,316.4,0.97,253.0,82640.0
1990-05-25 01:00:00+00:00,14.45,54.1,348.6,119.03,278.6,322.35,1.45,251.0,82670.0
1990-05-25 02:00:00+00:00,16.07,45.3,432.7,135.97,331.6,334.2,2.41,260.0,82710.0
1990-05-25 03:00:00+00:00,17.37,37.8,490.05,94.33,408.65,332.65,2.76,272.0,82700.0
1990-05-25 04:00:00+00:00,17.98,31.4,531.25,145.82,394.45,338.1,2.41,265.0,82700.0
1990-05-25 05:00:00+00:00,18.31,31.4,536.45,103.06,437.1,341.95,2.48,249.0,82670.0
1990-05-25 06:00:00+00:00,18.53,30.35,688.45,372.86,338.4,342.35,2.62,238.0,82630.0
1990-05-25 07:00:00+00:00,19.37,28.25,581.75,321.53,303.85,334.0,2.14,209.0,82570.0
1990-05-25 08:00:00+00:00,19.62,27.3,503.25,361.24,233.95,341.2,2.28,208.0,82530.0
1990-05-25 09:00:00+00:00,19.69,28.4,332.75,282.47,165.95,326.1,2.41,210.0,82470.0
1990-05-25 10:00:00+00:00,19.53,28.4,191.05,223.71,99.35,326.1,2.48,211.0,82430.0
1990-05-25 11:00:00+00:00,19.09,30.5,58.2,105.55,35.4,310.2,2.14,209.0,82410.0
1990-05-25 12:00:00+00:00,18.35,35.2,0.3,0.0,0.3,303.85,1.24,204.0,82420.0
1990-05-25 13:00:00+00:00,17.47,39.25,0.0,0.0,0.0,298.2,0.62,169.0,82460.0
1990-05-25 14:00:00+00:00,15.98,45.3,0.0,0.0,0.0,290.3,1.17,118.0,82500.0
1990-05-25 15:00:00+00:00,15.47,41.9,0.0,0.0,0.0,281.95,1.17,122.0,82500.0
1990-05-25 16:00:00+00:00,15.3,43.4,0.0,0.0,0.0,279.05,0.97,130.0,82470.0
1990-05-25 17:00:00+00:00,13.64,48.15,0.0,0.0,0.0,278.85,1.24,133.0,82420.0
1990-05-25 18:00:00+00:00,12.54,51.65,0.0,0.0,0.0,272.65,1.17,138.0,82350.0
1990-05-25 19:00:00+00:00,11.69,57.55,0.0,0.0,0.0,269.75,0.55,206.0,82380.0
1990-05-25 20:00:00+00:00,11.01,59.6,0.0,0.0,0.0,268.6,0.55,259.0,82370.0
1990-05-25 21:00:00+00:00,10.35,64.0,0.0,0.0,0.0,268.4,0.48,232.0,82340.0
1990-05-25 22:00:00+00:00,9.87,66.35,36.35,0.0,36.35,267.25,0.48,196.0,82340.0
1990-05-25 23:00:00+00:00,9.8,66.35,234.35,710.5,82.85,267.85,0.34,189.0,82360.0
1990-05-26 00:00:00+00:00,11.63,69.25,438.7,800.97,111.65,271.7,0.07,113.0,82360.0
1990-05-26 01:00:00+00:00,14.4,50.1,635.25,853.54,132.5,279.15,0.34,106.0,82370.0
1990-05-26 02:00:00+00:00,16.56,43.8,800.85,877.85,147.45,287.4,0.62,142.0,82350.0
1990-05-26 03:00:00+00:00,18.54,39.55,919.0,880.69,158.4,295.3,1.03,163.0,82320.0
1990-05-26 04:00:00+00:00,20.26,37.1,982.05,872.89,162.55,303.25,1.03,159.0,82250.0
1990-05-26 05:00:00+00:00,21.76,33.6,977.4,836.04,170.8,310.2,0.97,126.0,82210.0
1990-05-26 06:00:00+00:00,23.06,29.3,894.75,750.16,189.8,317.0,1.52,94.0,82130.0
1990-05-26 07:00:00+00:00,23.92,27.35,678.65,456.1,283.95,328.4,1.45,93.0,82060.0
1990-05-26 08:00:00+00:00,24.46,24.55,545.2,443.9,213.7,347.95,2.21,82.0,82020.0
1990-05-26 09:00:00+00:00,24.67,23.75,298.55,204.46,177.5,337.9,2.69,77.0,81960.0
1990-05-26 10:00:00+00:00,24.02,25.35,147.65,115.75,100.0,346.0,3.79,36.0,82010.0
1990-05-26 11:00:00+00:00,22.44,30.15,50.9,71.79,35.25,345.45,4.34,20.0,82060.0
1990-05-26 12:00:00+00:00,21.32,34.7,0.4,0.0,0.4,333.25,3.1,34.0,82090.0
1990-05-26 13:00:00+00:00,20.46,37.1,0.0,0.0,0.0,318.95,2.07,53.0,82160.0
1990-05-26 14:00:00+00:00,19.72,46.1,0.0,0.0,0.0,330.95,0.9,93.0,82210.0
1990-05-26 15:00:00+00:00,20.25,33.15,0.0,0.0,0.0,325.9,0.55,177.0,82230.0
1990-05-26 16:00:00+00:00,19.84,35.6,0.0,0.0,0.0,321.85,0.62,198.0,82240.0
1990-05-26 17:00:00+00:00,18.67,41.05,0.0,0.0,0.0,321.45,0.83,195.0,82250.0
1990-05-26 18:00:00+00:00,17.51,47.3,0.0,0.0,0.0,324.35,0.69,209.0,82260.0
1990-05-26 19:00:00+00:00,15.3,62.75,0.0,0.0,0.0,333.45,1.17,225.0,82260.0
1990-05-26 20:00:00+00:00,13.83,72.2,0.0,0.0,0.0,323.55,1.59,215.0,82270.0
1990-05-26 21:00:00+00:00,13.39,72.1,0.0,0.0,0.0,306.35,1.31,211.0,82260.0
1990-05-26 22:00:00+00:00,13.7,69.65,36.25,0.0,36.25,286.4,0.48,226.0,82290.0
1990-05-26 23:00:00+00:00,13.58,69.65,234.5,711.35,81.9,283.5,0.21,184.0,82320.0
1990-05-27 00:00:00+00:00,15.01,72.45,438.05,802.8,109.45,288.15,0.34,174.0,82350.0
1990-05-27 01:00:00+00:00,17.55,52.75,631.5,847.32,131.7,295.8,0.55,178.0,82350.0
1990-05-27 02:00:00+00:00,19.72,44.45,796.55,872.56,146.45,307.1,0.9,177.0,82340.0
1990-05-27 03:00:00+00:00,21.84,37.5,904.2,860.75,160.25,316.4,1.45,164.0,82310.0
1990-05-27 04:00:00+00:00,23.86,30.55,949.0,800.95,196.5,327.25,2.34,155.0,82250.0
1990-05-27 05:00:00+00:00,25.51,24.8,941.1,774.49,193.3,331.5,2.97,147.0,82200.0
1990-05-27 06:00:00+00:00,26.79,20.9,922.2,814.37,156.2,333.45,3.52,144.0,82120.0
1990-05-27 07:00:00+00:00,28.15,17.5,804.05,763.54,142.5,331.9,4.83,145.0,81970.0
1990-05-27 08:00:00+00:00,28.55,17.5,638.9,681.38,129.2,332.1,5.38,145.0,81940.0
1990-05-27 09:00:00+00:00,28.38,18.9,424.65,481.53,138.85,329.95,5.93,146.0,81890.0
1990-05-27 10:00:00+00:00,27.67,18.9,220.35,290.63,100.2,331.7,6.41,142.0,81850.0
1990-05-27 11:00:00+00:00,26.13,24.15,59.4,64.78,45.15,329.0,7.03,140.0,81850.0
1990-05-27 12:00:00+00:00,24.14,31.85,0.45,0.0,0.45,333.45,6.62,138.0,81910.0
1990-05-27 13:00:00+00:00,22.23,39.05,0.0,0.0,0.0,338.1,6.21,139.0,82000.0
1990-05-27 14:00:00+00:00,20.52,46.35,0.0,0.0,0.0,336.55,6.28,140.0,82080.0
1990-05-27 15:00:00+00:00,18.94,54.95,0.0,0.0,0.0,319.5,5.59,140.0,82110.0
1990-05-27 16:00:00+00:00,17.79,58.8,0.0,0.0,0.0,318.15,4.34,134.0,82120.0
1990-05-27 17:00:00+00:00,16.93,60.85,0.0,0.0,0.0,324.15,4.07,133.0,82140.0
1990-05-27 18:00:00+00:00,16.24,65.25,0.0,0.0,0.0,327.85,3.24,128.0,82120.0
1990-05-27 19:00:00+00:00,16.17,62.95,0.0,0.0,0.0,335.55,2.41,119.0,82100.0
1990-05-27 20:00:00+00:00,15.72,65.15,0.0,0.0,0.0,336.35,2.48,126.0,82140.0
1990-05-27 21:00:00+00:00,15.25,69.9,0.0,0.0,0.0,337.1,2.28,128.0,82150.0
1990-05-27 22:00:00+00:00,14.76,72.4,26.5,0.0,26.5,337.3,2.0,127.0,82160.0
1990-05-27 23:00:00+00:00,14.91,72.4,105.45,19.47,101.25,339.65,2.07,123.0,82190.0
1990-05-28 00:00:00+00:00,16.09,65.25,259.6,216.09,170.95,341.2,1.86,112.0,82240.0
1990-05-28 01:00:00+00:00,17.27,60.95,372.2,271.15,212.05,338.6,1.66,64.0,82320.0
1990-05-28 02:00:00+00:00,18.41,58.9,564.6,461.3,220.6,346.4,2.9,53.0,82360.0
1990-05-28 03:00:00+00:00,20.07,44.6,362.2,116.37,261.55,343.9,4.62,35.0,82400.0
1990-05-28 04:00:00+00:00,20.36,34.45,587.35,290.81,313.95,361.9,6.34,20.0,82420.0
1990-05-28 05:00:00+00:00,21.23,23.8,559.2,275.6,292.9,347.0,8.0,9.0,82430.0
1990-05-28 06:00:00+00:00,20.99,21.05,270.55,37.34,235.4,346.6,8.97,2.0,82450.0
1990-05-28 07:00:00+00:00,15.97,34.8,221.05,32.51,192.85,348.95,9.59,350.0,82690.0
1990-05-28 08:00:00+00:00,14.62,43.25,275.15,122.18,183.6,341.75,8.21,356.0,82810.0
1990-05-28 09:00:00+00:00,14.37,46.5,184.75,89.83,131.3,335.4,6.97,7.0,82820.0
1990-05-28 10:00:00+00:00,14.78,43.25,83.55,42.52,65.9,333.25,5.38,14.0,82850.0
1990-05-28 11:00:00+00:00,14.99,41.75,35.25,7.89,33.5,329.95,3.86,22.0,82880.0
1990-05-28 12:00:00+00:00,14.99,41.75,0.4,0.0,0.4,329.2,2.55,40.0,82920.0
1990-05-28 13:00:00+00:00,14.45,44.9,0.0,0.0,0.0,306.55,1.24,93.0,82970.0
1990-05-28 14:00:00+00:00,13.25,57.9,0.0,0.0,0.0,292.05,1.45,171.0,83050.0
1990-05-28 15:00:00+00:00,11.95,57.65,0.0,0.0,0.0,271.7,2.14,205.0,83090.0
1990-05-28 16:00:00+00:00,10.77,64.1,0.0,0.0,0.0,270.55,2.28,226.0,83110.0
1990-05-28 17:00:00+00:00,9.87,68.9,0.0,0.0,0.0,265.5,2.41,241.0,83130.0
1990-05-28 18:00:00+00:00,9.07,71.4,0.0,0.0,0.0,264.75,2.28,245.0,83090.0
1990-05-28 19:00:00+00:00,8.41,74.05,0.0,0.0,0.0,261.45,2.55,253.0,83090.0
1990-05-28 20:00:00+00:00,7.88,76.8,0.0,0.0,0.0,262.4,2.55,249.0,83090.0
1990-05-28 21:00:00+00:00,7.31,82.6,0.0,0.0,0.0,261.85,2.34,244.0,83070.0
1990-05-28 22:00:00+00:00,6.87,82.6,37.8,0.0,37.8,261.25,2.21,242.0,83100.0
1990-05-28 23:00:00+00:00,7.79,82.65,240.25,724.22,83.2,261.85,1.79,242.0,83120.0
1990-05-29 00:00:00+00:00,11.73,64.35,445.75,812.7,111.65,266.5,1.93,240.0,83140.0
1990-05-29 01:00:00+00:00,15.05,48.55,643.55,865.08,132.0,275.3,2.34,250.0,83140.0
1990-05-29 02:00:00+00:00,17.31,40.75,811.6,891.77,146.05,284.1,2.0,274.0,83100.0
1990-05-29 03:00:00+00:00,19.04,34.15,932.65,897.69,155.7,291.85,1.59,324.0,83060.0
1990-05-29 04:00:00+00:00,20.36,28.5,972.8,823.02,198.55,298.8,1.93,9.0,83000.0
1990-05-29 05:00:00+00:00,21.53,23.9,996.6,863.46,161.7,308.65,2.34,31.0,82960.0
1990-05-29 06:00:00+00:00,22.58,19.95,937.75,831.24,154.5,307.9,2.76,45.0,82900.0
1990-05-29 07:00:00+00:00,23.35,17.15,814.4,763.96,150.95,305.0,2.76,63.0,82800.0
1990-05-29 08:00:00+00:00,23.85,15.35,653.7,698.69,129.35,303.85,3.1,67.0,82760.0
1990-05-29 09:00:00+00:00,23.95,14.15,452.65,573.42,110.65,302.3,3.52,72.0,82680.0
1990-05-29 10:00:00+00:00,23.74,13.1,233.3,346.47,88.9,301.5,3.86,80.0,82650.0
1990-05-29 11:00:00+00:00,23.11,13.0,59.8,108.81,35.45,298.4,4.0,85.0,82660.0
1990-05-29 12:00:00+00:00,22.32,13.3,0.75,0.0,0.75,312.95,4.0,89.0,82680.0
1990-05-29 13:00:00+00:00,21.05,14.2,0.0,0.0,0.0,288.35,3.66,88.0,82700.0
1990-05-29 14:00:00+00:00,19.72,16.35,0.0,0.0,0.0,285.65,3.31,89.0,82740.0
1990-05-29 15:00:00+00:00,18.09,21.25,0.0,0.0,0.0,283.3,2.55,88.0,82760.0
1990-05-29 16:00:00+00:00,16.21,29.8,0.0,0.0,0.0,280.8,2.07,89.0,82750.0
1990-05-29 17:00:00+00:00,14.93,34.35,0.0,0.0,0.0,280.05,1.93,96.0,82720.0
1990-05-29 18:00:00+00:00,13.83,38.3,0.0,0.0,0.0,279.25,1.86,101.0,82670.0
1990-05-29 19:00:00+00:00,13.05,42.8,0.0,0.0,0.0,280.05,1.79,110.0,82590.0
1990-05-29 20:00:00+00:00,12.46,46.1,0.0,0.0,0.0,278.65,1.52,105.0,82580.0
1990-05-29 21:00:00+00:00,12.35,47.75,0.0,0.0,0.0,277.3,1.24,101.0,82560.0
1990-05-29 22:00:00+00:00,12.39,47.75,37.65,0.0,37.65,275.6,0.97,94.0,82560.0
1990-05-29 23:00:00+00:00,12.26,49.6,241.05,728.11,82.4,275.6,0.76,92.0,82550.0
1990-05-30 00:00:00+00:00,13.74,48.15,445.25,813.61,110.15,279.65,1.03,117.0,82560.0
1990-05-30 01:00:00+00:00,16.46,39.15,640.5,862.38,130.0,287.3,1.24,134.0,82560.0
1990-05-30 02:00:00+00:00,18.95,35.35,805.2,885.56,143.8,297.45,1.59,152.0,82530.0
1990-05-30 03:00:00+00:00,21.28,29.9,923.95,891.03,152.3,307.5,1.72,155.0,82470.0
1990-05-30 04:00:00+00:00,23.38,26.2,961.9,839.11,172.05,317.55,1.66,148.0,82400.0
1990-05-30 05:00:00+00:00,25.12,23.0,982.1,846.82,162.75,325.9,1.66,139.0,82340.0
1990-05-30 06:00:00+00:00,26.55,20.1,900.8,765.76,178.65,335.95,1.72,129.0,82220.0
1990-05-30 07:00:00+00:00,27.2,19.5,785.55,715.2,163.75,337.9,2.62,116.0,82190.0
1990-05-30 08:00:00+00:00,27.93,18.9,587.1,568.61,159.7,340.0,3.38,104.0,82100.0
1990-05-30 09:00:00+00:00,27.94,17.5,367.15,332.79,168.2,340.2,4.34,109.0,82060.0
1990-05-30 10:00:00+00:00,26.89,19.35,158.55,105.88,114.25,350.3,5.72,119.0,82090.0
1990-05-30 11:00:00+00:00,24.97,26.6,60.3,90.42,39.9,343.3,6.14,125.0,82150.0
1990-05-30 12:00:00+00:00,23.46,34.0,0.75,0.0,0.75,334.2,6.07,133.0,82230.0
1990-05-30 13:00:00+00:00,21.95,40.35,0.0,0.0,0.0,331.1,5.52,137.0,82280.0
1990-05-30 14:00:00+00:00,20.52,43.1,0.0,0.0,0.0,319.9,5.17,137.0,82340.0
1990-05-30 15:00:00+00:00,19.07,47.65,0.0,0.0,0.0,310.4,4.48,134.0,82380.0
1990-05-30 16:00:00+00:00,17.71,54.7,0.0,0.0,0.0,302.65,3.66,126.0,82390.0
1990-05-30 17:00:00+00:00,16.5,56.6,0.0,0.0,0.0,298.8,2.9,112.0,82370.0
1990-05-30 18:00:00+00:00,15.33,62.75,0.0,0.0,0.0,298.2,2.34,95.0,82330.0
1990-05-30 19:00:00+00:00,14.66,62.65,0.0,0.0,0.0,303.45,2.21,82.0,82330.0
1990-05-30 20:00:00+00:00,13.81,64.75,0.0,0.0,0.0,305.2,2.21,80.0,82350.0
1990-05-30 21:00:00+00:00,13.08,67.05,0.0,0.0,0.0,305.75,2.28,83.0,82370.0
1990-05-30 22:00:00+00:00,12.35,71.95,41.05,0.0,41.05,306.15,2.07,84.0,82420.0
1990-05-30 23:00:00+00:00,12.87,66.95,160.95,143.25,129.6,316.2,1.79,82.0,82450.0
1990-05-31 00:00:00+00:00,14.66,58.25,278.85,165.31,210.65,317.75,2.48,92.0,82490.0
1990-05-31 01:00:00+00:00,15.9,54.35,372.9,128.43,296.8,326.0,2.9,103.0,82530.0
1990-05-31 02:00:00+00:00,17.18,49.05,404.15,79.28,344.9,339.05,2.69,106.0,82540.0
1990-05-31 03:00:00+00:00,18.36,47.4,443.15,103.29,353.65,343.1,2.34,104.0,82550.0
1990-05-31 04:00:00+00:00,19.66,42.85,607.25,186.19,431.9,349.7,2.41,96.0,82550.0
1990-05-31 05:00:00+00:00,21.48,36.0,715.05,278.15,445.75,353.55,2.69,86.0,82490.0
1990-05-31 06:00:00+00:00,23.24,27.2,583.95,193.74,401.1,361.3,2.9,74.0,82430.0
1990-05-31 07:00:00+00:00,23.98,18.65,557.0,230.14,356.7,361.3,4.21,24.0,82450.0
1990-05-31 08:00:00+00:00,24.46,14.85,469.35,226.49,298.85,353.75,4.21,27.0,82440.0
1990-05-31 09:00:00+00:00,24.5,13.2,221.3,40.97,196.75,350.85,3.93,32.0,82400.0
1990-05-31 10:00:00+00:00,23.97,12.55,115.9,37.86,100.0,352.2,3.45,35.0,82420.0
1990-05-31 11:00:00+00:00,23.42,13.0,40.3,7.04,38.7,345.05,2.69,34.0,82460.0
1990-05-31 12:00:00+00:00,22.85,13.4,0.5,0.0,0.5,346.4,1.38,13.0,82500.0
1990-05-31 13:00:00+00:00,22.03,15.65,0.0,0.0,0.0,348.35,0.48,311.0,82530.0
1990-05-31 14:00:00+00:00,20.52,25.55,0.0,0.0,0.0,334.6,0.76,212.0,82590.0
1990-05-31 15:00:00+00:00,19.32,30.5,0.0,0.0,0.0,335.95,0.55,198.0,82600.0
1990-05-31 16:00:00+00:00,12.39,48.13,0.0,0.0,0.0,304.19,1.02,204.0,82600.0
1990-05-31 17:00:00+00:00,13.23,46.02,0.0,0.0,0.0,303.28,1.27,239.0,82610.0
1990-05-31 18:00:00+00:00,14.07,43.91,0.0,0.0,0.0,302.37,1.53,253.0,82590.0
1990-05-31 19:00:00+00:00,14.9,41.8,0.0,0.0,0.0,301.47,1.78,253.0,82560.0
1990-05-31 20:00:00+00:00,15.74,39.69,0.0,0.0,0.0,300.56,2.03,249.0,82580.0
1990-05-31 21:00:00+00:00,16.58,37.58,0.0,0.0,0.0,299.65,2.29,243.0,82570.0
1990-05-31 22:00:00+00:00,17.41,35.47,40.25,0.0,40.25,298.74,2.54,238.0,82570.0
1990-05-31 23:00:00+00:00,18.25,33.36,238.85,687.46,87.8,297.84,2.8,231.0,82580.0
1990-06-01 00:00:00+00:00,19.09,31.25,457.4,843.13,109.55,296.93,3.05,244.0,82540.0
1990-06-01 01:00:00+00:00,19.92,29.14,656.6,890.66,128.85,296.02,3.3,245.0,82540.0
1990-06-01 02:00:00+00:00,20.76,27.03,821.1,902.51,146.6,295.12,3.56,247.0,82510.0
1990-06-01 03:00:00+00:00,21.6,24.92,896.4,841.61,167.15,294.21,3.81,258.0,82450.0
1990-06-01 04:00:00+00:00,22.43,22.81,929.65,740.92,231.85,293.3,4.07,274.0,82400.0
1990-06-01 05:00:00+00:00,23.27,20.7,964.3,789.12,200.3,292.4,4.32,285.0,82330.0
1990-06-01 06:00:00+00:00,24.11,18.59,870.4,658.99,248.45,291.49,4.57,291.0,82250.0
1990-06-01 07:00:00+00:00,24.94,16.48,763.55,661.24,188.05,290.58,4.83,296.0,82180.0
1990-06-01 08:00:00+00:00,27.6,8.85,589.3,544.43,179.45,318.75,2.83,304.0,82140.0
1990-06-01 09:00:00+00:00,27.49,8.85,372.95,396.94,135.1,317.95,2.69,313.0,82090.0
1990-06-01 10:00:00+00:00,26.61,10.25,146.65,116.66,97.65,323.95,3.38,321.0,82100.0
1990-06-01 11:00:00+00:00,24.84,13.3,41.2,26.16,35.25,324.95,4.97,322.0,82180.0
1990-06-01 12:00:00+00:00,23.41,16.6,0.75,0.0,0.75,336.55,4.07,319.0,82250.0
1990-06-01 13:00:00+00:00,22.01,20.6,0.0,0.0,0.0,318.75,1.93,334.0,82320.0
1990-06-01 14:00:00+00:00,20.72,29.75,0.0,0.0,0.0,305.4,1.24,11.0,82360.0
1990-06-01 15:00:00+00:00,20.84,22.75,0.0,0.0,0.0,307.9,0.62,51.0,82360.0
1990-06-01 16:00:00+00:00,20.75,21.05,0.0,0.0,0.0,288.35,0.48,141.0,82330.0
1990-06-01 17:00:00+00:00,19.97,20.9,0.0,0.0,0.0,284.85,0.76,264.0,82330.0
1990-06-01 18:00:00+00:00,16.84,29.95,0.0,0.0,0.0,288.55,1.45,295.0,82300.0
1990-06-01 19:00:00+00:00,13.56,44.65,0.0,0.0,0.0,275.75,1.45,291.0,82310.0
1990-06-01 20:00:00+00:00,13.54,42.95,0.0,0.0,0.0,277.9,1.17,300.0,82290.0
1990-06-01 21:00:00+00:00,13.71,41.35,0.0,0.0,0.0,283.3,0.97,310.0,82290.0
1990-06-01 22:00:00+00:00,13.58,39.8,39.55,0.0,39.55,282.15,0.9,306.0,82330.0
1990-06-01 23:00:00+00:00,13.75,39.8,202.4,434.19,107.0,285.45,0.9,307.0,82350.0
1990-06-02 00:00:00+00:00,16.1,36.0,356.9,487.3,155.55,290.65,0.69,318.0,82400.0
1990-06-02 01:00:00+00:00,19.06,24.2,555.15,552.15,227.7,300.85,0.69,356.0,82420.0
1990-06-02 02:00:00+00:00,21.03,19.55,724.95,641.28,245.4,311.0,1.1,54.0,82410.0
1990-06-02 03:00:00+00:00,22.53,16.4,889.4,785.31,208.6,315.45,0.62,53.0,82390.0
1990-06-02 04:00:00+00:00,23.93,14.25,975.2,828.26,194.75,309.25,0.55,201.0,82360.0
1990-06-02 05:00:00+00:00,25.3,13.4,941.05,729.71,234.15,316.2,1.45,217.0,82290.0
1990-06-02 06:00:00+00:00,26.28,12.95,902.4,734.18,208.95,318.35,1.66,230.0,82210.0
1990-06-02 07:00:00+00:00,26.56,12.05,765.4,635.58,211.65,317.0,1.59,291.0,82160.0
1990-06-02 08:00:00+00:00,26.77,12.05,603.6,564.78,177.8,318.15,1.38,310.0,82110.0
1990-06-02 09:00:00+00:00,26.7,11.6,416.4,431.85,157.05,317.0,1.1,326.0,82050.0
1990-06-02 10:00:00+00:00,26.32,11.95,164.95,138.65,106.5,311.2,0.9,335.0,82010.0
1990-06-02 11:00:00+00:00,25.49,11.95,53.1,35.34,45.0,318.95,2.07,323.0,82050.0
1990-06-02 12:00:00+00:00,24.49,13.8,1.05,0.0,1.05,312.75,2.41,316.0,82110.0
1990-06-02 13:00:00+00:00,23.39,17.85,0.0,0.0,0.0,312.75,1.59,303.0,82170.0
1990-06-02 14:00:00+00:00,21.87,27.85,0.0,0.0,0.0,304.8,1.24,283.0,82200.0
1990-06-02 15:00:00+00:00,19.84,34.3,0.0,0.0,0.0,295.1,1.45,263.0,82200.0
1990-06-02 16:00:00+00:00,18.01,37.95,0.0,0.0,0.0,303.25,1.86,259.0,82170.0
1990-06-02 17:00:00+00:00,16.72,40.5,0.0,0.0,0.0,302.65,2.41,269.0,82160.0
1990-06-02 18:00:00+00:00,15.58,45.05,0.0,0.0,0.0,300.95,2.34,268.0,82140.0
1990-06-02 19:00:00+00:00,14.45,46.6,0.0,0.0,0.0,280.2,2.34,258.0,82140.0
1990-06-02 20:00:00+00:00,13.25,51.75,0.0,0.0,0.0,276.75,2.21,252.0,82120.0
1990-06-02 21:00:00+00:00,12.32,53.6,0.0,0.0,0.0,275.95,2.14,249.0,82080.0
1990-06-02 22:00:00+00:00,11.59,57.55,38.4,0.0,38.4,274.4,2.0,244.0,82100.0
1990-06-02 23:00:00+00:00,12.3,53.6,250.15,765.95,81.25,275.0,1.72,240.0,82120.0
1990-06-03 00:00:00+00:00,16.25,43.5,456.75,843.03,107.95,279.05,1.72,232.0,82150.0
1990-06-03 01:00:00+00:00,19.94,31.95,654.25,889.5,126.35,287.1,2.55,233.0,82190.0
1990-06-03 02:00:00+00:00,22.45,26.05,820.15,908.88,140.15,295.7,3.66,239.0,82170.0
1990-06-03 03:00:00+00:00,24.72,20.4,938.8,908.81,150.6,304.05,4.0,243.0,82140.0
1990-06-03 04:00:00+00:00,26.54,15.9,999.15,889.14,160.95,311.2,3.59,245.0,82100.0
1990-06-03 05:00:00+00:00,27.77,12.75,1000.2,870.07,156.85,316.8,2.76,245.0,82040.0
1990-06-03 06:00:00+00:00,28.59,11.05,941.85,838.38,149.4,320.3,2.07,240.0,81930.0
1990-06-03 07:00:00+00:00,28.78,11.5,817.65,764.33,151.05,318.55,1.79,249.0,81900.0
1990-06-03 08:00:00+00:00,29.06,11.15,636.8,626.67,163.65,322.05,1.38,235.0,81830.0
1990-06-03 09:00:00+00:00,29.07,10.7,433.55,480.18,144.55,324.55,1.17,219.0,81770.0
1990-06-03 10:00:00+00:00,28.89,10.6,220.0,271.69,105.05,322.6,1.24,200.0,81750.0
1990-06-03 11:00:00+00:00,28.57,10.6,65.65,68.86,49.75,329.55,1.17,190.0,81770.0
1990-06-03 12:00:00+00:00,27.87,11.3,1.3,0.0,1.3,325.3,1.03,168.0,81800.0
1990-06-03 13:00:00+00:00,26.82,14.1,0.0,0.0,0.0,318.75,0.97,112.0,81870.0
1990-06-03 14:00:00+00:00,24.79,20.4,0.0,0.0,0.0,321.05,1.45,90.0,81950.0
1990-06-03 15:00:00+00:00,23.06,20.85,0.0,0.0,0.0,323.0,1.86,77.0,81980.0
1990-06-03 16:00:00+00:00,21.77,22.15,0.0,0.0,0.0,312.95,1.66,70.0,81980.0
1990-06-03 17:00:00+00:00,20.79,23.65,0.0,0.0,0.0,310.6,1.66,35.0,81990.0
1990-06-03 18:00:00+00:00,18.9,28.25,0.0,0.0,0.0,321.85,2.34,23.0,82020.0
1990-06-03 19:00:00+00:00,18.31,30.2,0.0,0.0,0.0,316.8,2.97,30.0,82100.0
1990-06-03 20:00:00+00:00,18.03,29.1,0.0,0.0,0.0,323.0,3.38,33.0,82120.0
1990-06-03 21:00:00+00:00,17.99,28.0,0.0,0.0,0.0,331.3,3.72,30.0,82140.0
1990-06-03 22:00:00+00:00,17.64,30.1,35.7,0.0,35.7,337.5,3.52,31.0,82180.0
1990-06-03 23:00:00+00:00,17.94,30.2,109.65,12.66,106.85,335.4,3.86,35.0,82180.0
1990-06-04 00:00:00+00:00,18.88,28.25,193.0,42.85,175.25,338.1,3.59,35.0,82200.0
1990-06-04 01:00:00+00:00,19.93,24.45,293.85,52.71,262.55,337.8,4.55,34.0,82250.0
1990-06-04 02:00:00+00:00,20.96,22.0,399.05,62.99,351.9,345.25,5.31,35.0,82280.0
1990-06-04 03:00:00+00:00,21.92,20.6,400.0,40.17,365.15,349.5,5.72,36.0,82290.0
1990-06-04 04:00:00+00:00,22.25,20.6,387.35,29.0,360.0,352.0,6.0,36.0,82290.0
1990-06-04 05:00:00+00:00,22.21,22.25,288.3,16.96,271.85,358.2,6.0,40.0,82310.0
1990-06-04 06:00:00+00:00,21.35,25.65,131.45,0.48,131.0,362.1,5.79,38.0,82310.0
1990-06-04 07:00:00+00:00,16.61,48.8,109.7,0.0,109.7,356.1,5.31,5.0,82430.0
1990-06-04 08:00:00+00:00,15.12,58.35,79.4,0.0,79.4,353.95,4.34,341.0,82450.0
1990-06-04 09:00:00+00:00,14.28,69.75,61.55,8.21,56.6,353.95,2.9,330.0,82480.0
1990-06-04 10:00:00+00:00,14.11,72.3,31.45,0.0,31.45,349.3,2.14,307.0,82470.0
1990-06-04 11:00:00+00:00,14.06,74.95,21.85,7.31,20.15,352.6,2.07,267.0,82540.0
1990-06-04 12:00:00+00:00,13.91,74.95,0.6,0.0,0.6,341.75,2.83,242.0,82540.0
1990-06-04 13:00:00+00:00,13.53,77.6,0.0,0.0,0.0,334.2,3.72,241.0,82570.0
1990-06-04 14:00:00+00:00,13.13,77.5,0.0,0.0,0.0,325.9,4.14,247.0,82600.0
1990-06-04 15:00:00+00:00,12.79,80.3,0.0,0.0,0.0,318.35,3.93,246.0,82580.0
1990-06-04 16:00:00+00:00,12.26,80.2,0.0,0.0,0.0,297.65,3.66,244.0,82520.0
1990-06-04 17:00:00+00:00,11.96,77.35,0.0,0.0,0.0,291.85,3.38,246.0,82440.0
1990-06-04 18:00:00+00:00,11.57,80.15,0.0,0.0,0.0,280.8,3.1,248.0,82380.0
1990-06-04 19:00:00+00:00,11.04,80.1,0.0,0.0,0.0,275.95,2.97,237.0,82400.0
1990-06-04 20:00:00+00:00,10.56,80.05,0.0,0.0,0.0,271.7,2.76,234.0,82420.0
1990-06-04 21:00:00+00:00,10.02,82.95,0.0,0.0,0.0,272.5,2.55,232.0,82380.0
1990-06-04 22:00:00+00:00,9.42,82.9,38.5,0.0,38.5,270.35,2.34,233.0,82410.0
1990-06-04 23:00:00+00:00,10.14,82.95,246.0,742.87,81.2,270.95,2.07,235.0,82420.0
1990-06-05 00:00:00+00:00,13.19,69.55,450.9,827.85,107.65,274.4,2.41,237.0,82450.0
1990-06-05 01:00:00+00:00,15.62,60.5,646.3,875.18,126.3,280.7,3.1,239.0,82470.0
1990-06-05 02:00:00+00:00,17.75,54.7,810.15,894.06,140.7,288.35,3.45,239.0,82430.0
1990-06-05 03:00:00+00:00,19.93,46.2,928.75,897.56,149.75,296.3,3.31,237.0,82410.0
1990-06-05 04:00:00+00:00,21.89,38.9,991.95,889.55,152.7,304.05,2.9,234.0,82360.0
1990-06-05 05:00:00+00:00,23.2,31.55,991.7,861.36,155.95,309.65,1.93,216.0,82320.0
1990-06-05 06:00:00+00:00,24.0,28.5,930.95,824.55,150.5,315.85,1.45,167.0,82260.0
1990-06-05 07:00:00+00:00,24.62,26.6,808.65,745.64,157.1,317.4,2.14,119.0,82220.0
1990-06-05 08:00:00+00:00,24.89,25.6,642.65,665.55,138.75,317.4,2.41,113.0,82140.0
1990-06-05 09:00:00+00:00,24.98,24.8,422.2,492.31,124.65,317.95,2.69,107.0,82140.0
1990-06-05 10:00:00+00:00,24.69,24.65,212.9,215.59,121.05,320.5,2.55,98.0,82110.0
1990-06-05 11:00:00+00:00,24.08,27.45,60.0,59.57,46.05,326.3,2.34,86.0,82160.0
1990-06-05 12:00:00+00:00,22.86,33.85,1.35,0.0,1.35,329.0,1.93,69.0,82210.0
1990-06-05 13:00:00+00:00,20.73,55.45,0.0,0.0,0.0,326.85,1.66,71.0,82230.0
1990-06-05 14:00:00+00:00,20.13,47.9,0.0,0.0,0.0,320.65,1.38,88.0,82280.0
1990-06-05 15:00:00+00:00,18.57,53.0,0.0,0.0,0.0,312.55,1.72,118.0,82290.0
1990-06-05 16:00:00+00:00,16.63,60.75,0.0,0.0,0.0,301.1,2.14,128.0,82290.0
1990-06-05 17:00:00+00:00,15.42,65.05,0.0,0.0,0.0,295.7,2.0,127.0,82280.0
1990-06-05 18:00:00+00:00,14.93,62.75,0.0,0.0,0.0,294.35,1.59,121.0,82270.0
1990-06-05 19:00:00+00:00,16.91,48.9,0.0,0.0,0.0,301.3,0.14,146.0,82260.0
1990-06-05 20:00:00+00:00,16.34,52.5,0.0,0.0,0.0,300.75,0.34,127.0,82280.0
1990-06-05 21:00:00+00:00,15.68,56.25,0.0,0.0,0.0,296.3,0.48,132.0,82290.0
1990-06-05 22:00:00+00:00,15.06,56.25,40.35,0.0,40.35,290.3,0.28,134.0,82320.0
1990-06-05 23:00:00+00:00,15.04,58.35,250.5,770.28,79.2,288.95,0.14,279.0,82370.0
1990-06-06 00:00:00+00:00,16.24,72.55,452.5,842.13,103.05,290.5,0.55,282.0,82410.0
1990-06-06 01:00:00+00:00,19.39,46.1,645.4,880.95,121.75,298.5,0.83,252.0,82440.0
1990-06-06 02:00:00+00:00,21.48,40.35,810.3,905.22,132.3,306.75,1.17,240.0,82430.0
1990-06-06 03:00:00+00:00,23.34,35.25,928.5,903.7,143.95,314.5,1.17,231.0,82400.0
1990-06-06 04:00:00+00:00,24.79,31.95,906.15,757.75,191.0,322.2,0.9,206.0,82360.0
1990-06-06 05:00:00+00:00,25.82,27.85,938.05,782.26,178.7,338.3,1.24,161.0,82320.0
1990-06-06 06:00:00+00:00,26.71,25.05,912.3,783.69,170.05,335.75,1.86,137.0,82250.0
1990-06-06 07:00:00+00:00,27.31,20.1,767.75,662.41,188.4,331.5,1.38,102.0,82220.0
1990-06-06 08:00:00+00:00,27.63,19.5,604.5,604.12,146.5,338.3,1.93,103.0,82170.0
1990-06-06 09:00:00+00:00,27.68,18.75,410.8,440.3,144.15,331.5,2.48,116.0,82140.0
1990-06-06 10:00:00+00:00,27.48,18.75,217.05,274.07,99.9,333.85,2.9,125.0,82120.0
1990-06-06 11:00:00+00:00,26.9,20.75,73.0,102.22,48.9,328.4,2.69,136.0,82090.0
1990-06-06 12:00:00+00:00,25.69,23.15,1.75,0.0,1.75,329.95,2.55,145.0,82090.0
1990-06-06 13:00:00+00:00,23.82,29.45,0.0,0.0,0.0,314.85,3.24,158.0,82160.0
1990-06-06 14:00:00+00:00,21.89,35.0,0.0,0.0,0.0,311.95,3.79,166.0,82230.0
1990-06-06 15:00:00+00:00,20.08,43.0,0.0,0.0,0.0,307.7,3.1,175.0,82260.0
1990-06-06 16:00:00+00:00,18.07,58.9,0.0,0.0,0.0,307.3,2.14,173.0,82260.0
1990-06-06 17:00:00+00:00,18.67,49.3,0.0,0.0,0.0,311.0,1.17,154.0,82250.0
1990-06-06 18:00:00+00:00,18.44,47.55,0.0,0.0,0.0,308.85,0.55,136.0,82280.0
1990-06-06 19:00:00+00:00,18.81,45.85,0.0,0.0,0.0,334.8,0.34,228.0,82240.0
1990-06-06 20:00:00+00:00,17.58,52.75,0.0,0.0,0.0,324.55,0.55,305.0,82270.0
1990-06-06 21:00:00+00:00,16.58,56.5,0.0,0.0,0.0,317.75,0.83,301.0,82240.0
1990-06-06 22:00:00+00:00,15.61,62.75,43.3,0.0,43.3,311.95,1.24,280.0,82320.0
1990-06-06 23:00:00+00:00,15.06,65.05,219.5,526.36,102.2,313.9,1.17,281.0,82360.0
1990-06-07 00:00:00+00:00,17.5,63.2,419.3,694.56,130.9,308.1,0.97,316.0,82380.0
1990-06-07 01:00:00+00:00,20.76,38.65,548.95,617.13,182.0,314.4,1.93,353.0,82420.0
1990-06-07 02:00:00+00:00,22.36,30.15,632.5,536.6,230.5,323.2,4.34,358.0,82440.0
1990-06-07 03:00:00+00:00,23.32,27.2,774.2,627.17,229.6,341.4,5.45,1.0,82460.0
1990-06-07 04:00:00+00:00,24.23,24.55,924.55,766.58,200.85,350.65,6.14,4.0,82460.0
1990-06-07 05:00:00+00:00,25.21,22.15,973.3,832.65,164.7,333.65,6.14,7.0,82420.0
1990-06-07 06:00:00+00:00,26.05,19.9,927.4,819.83,150.45,323.2,5.31,7.0,82390.0
1990-06-07 07:00:00+00:00,24.94,24.8,645.8,453.17,249.1,326.85,5.17,12.0,82410.0
1990-06-07 08:00:00+00:00,25.07,24.8,506.45,370.17,225.45,350.3,5.03,17.0,82390.0
1990-06-07 09:00:00+00:00,24.85,24.65,328.25,226.69,190.7,354.55,5.17,24.0,82350.0
1990-06-07 10:00:00+00:00,24.36,25.5,206.05,237.75,104.1,350.65,5.1,26.0,82390.0
1990-06-07 11:00:00+00:00,23.53,26.35,76.85,129.58,46.1,340.4,4.9,28.0,82400.0
1990-06-07 12:00:00+00:00,22.47,29.2,1.75,0.0,1.75,321.85,3.66,29.0,82450.0
1990-06-07 13:00:00+00:00,21.34,33.45,0.0,0.0,0.0,315.05,2.76,32.0,82530.0
1990-06-07 14:00:00+00:00,20.27,37.1,0.0,0.0,0.0,309.45,2.14,30.0,82570.0
1990-06-07 15:00:00+00:00,18.81,45.85,0.0,0.0,0.0,305.95,2.14,37.0,82620.0
1990-06-07 16:00:00+00:00,17.49,50.85,0.0,0.0,0.0,311.4,2.07,48.0,82630.0
1990-06-07 17:00:00+00:00,16.49,56.5,0.0,0.0,0.0,305.4,1.79,43.0,82630.0
1990-06-07 18:00:00+00:00,16.4,54.45,0.0,0.0,0.0,306.15,1.45,33.0,82610.0
1990-06-07 19:00:00+00:00,16.68,52.5,0.0,0.0,0.0,299.2,1.03,20.0,82550.0
1990-06-07 20:00:00+00:00,15.92,54.35,0.0,0.0,0.0,298.05,1.1,7.0,82560.0
1990-06-07 21:00:00+00:00,15.13,56.25,0.0,0.0,0.0,296.85,1.24,357.0,82510.0
1990-06-07 22:00:00+00:00,14.53,58.25,40.1,0.0,40.1,295.9,1.1,356.0,82550.0
1990-06-07 23:00:00+00:00,14.64,60.4,245.35,740.47,80.05,291.65,0.76,344.0,82570.0
1990-06-08 00:00:00+00:00,16.46,65.25,431.2,725.17,129.95,295.3,0.62,23.0,82580.0
1990-06-08 01:00:00+00:00,18.84,51.15,535.2,453.48,265.5,307.45,0.9,76.0,82590.0
1990-06-08 02:00:00+00:00,20.48,44.7,569.85,294.55,349.15,332.85,1.17,91.0,82560.0
1990-06-08 03:00:00+00:00,21.8,38.9,564.1,262.86,335.8,346.6,1.38,98.0,82540.0
1990-06-08 04:00:00+00:00,22.65,33.85,621.75,232.45,402.25,348.35,1.38,98.0,82510.0
1990-06-08 05:00:00+00:00,23.57,31.7,599.65,276.53,331.0,355.5,1.52,80.0,82460.0
1990-06-08 06:00:00+00:00,24.27,29.55,771.65,449.51,345.4,357.85,1.93,67.0,82390.0
1990-06-08 07:00:00+00:00,25.69,24.9,592.15,328.32,304.5,359.4,2.34,83.0,82310.0
1990-06-08 08:00:00+00:00,26.1,23.15,499.25,290.44,278.5,362.3,2.9,86.0,82270.0
1990-06-08 09:00:00+00:00,26.36,22.3,320.45,147.88,230.55,353.75,3.03,91.0,82220.0
1990-06-08 10:00:00+00:00,26.2,21.45,156.15,47.31,135.8,358.8,2.9,91.0,82170.0
1990-06-08 11:00:00+00:00,25.87,21.45,54.95,9.0,52.8,353.55,2.69,90.0,82180.0
1990-06-08 12:00:00+00:00,25.33,23.0,1.6,0.0,1.6,351.65,2.21,90.0,82200.0
1990-06-08 13:00:00+00:00,24.43,24.65,0.0,0.0,0.0,342.95,2.28,97.0,82230.0
1990-06-08 14:00:00+00:00,23.09,28.25,0.0,0.0,0.0,338.1,2.69,115.0,82260.0
1990-06-08 15:00:00+00:00,21.69,36.15,0.0,0.0,0.0,339.85,2.97,129.0,82320.0
1990-06-08 16:00:00+00:00,20.29,44.6,0.0,0.0,0.0,337.5,2.69,132.0,82310.0
1990-06-08 17:00:00+00:00,18.75,54.95,0.0,0.0,0.0,325.7,2.07,130.0,82320.0
1990-06-08 18:00:00+00:00,17.48,63.2,0.0,0.0,0.0,321.25,1.72,118.0,82320.0
1990-06-08 19:00:00+00:00,16.66,60.75,0.0,0.0,0.0,304.2,1.31,121.0,82300.0
1990-06-08 20:00:00+00:00,15.91,62.85,0.0,0.0,0.0,298.4,1.38,112.0,82310.0
1990-06-08 21:00:00+00:00,15.56,65.05,0.0,0.0,0.0,295.7,1.24,113.0,82270.0
1990-06-08 22:00:00+00:00,15.76,65.05,38.1,0.0,38.1,293.6,0.97,114.0,82330.0
1990-06-08 23:00:00+00:00,15.69,67.45,242.05,716.64,81.85,293.4,0.76,106.0,82320.0
1990-06-09 00:00:00+00:00,17.39,60.95,418.65,713.04,122.35,301.1,1.1,112.0,82330.0
1990-06-09 01:00:00+00:00,19.9,49.7,632.2,839.52,132.85,314.2,1.86,120.0,82340.0
1990-06-09 02:00:00+00:00,22.32,40.5,797.15,864.83,149.1,319.5,2.97,135.0,82300.0
1990-06-09 03:00:00+00:00,24.44,31.95,898.35,830.17,177.25,327.65,3.45,143.0,82260.0
1990-06-09 04:00:00+00:00,26.24,26.85,883.5,667.27,253.25,344.65,3.86,146.0,82200.0
1990-06-09 05:00:00+00:00,27.46,22.65,791.6,519.42,286.8,358.2,4.07,146.0,82140.0
1990-06-09 06:00:00+00:00,28.2,21.15,714.45,408.95,326.45,362.65,4.34,144.0,82070.0
1990-06-09 07:00:00+00:00,27.93,21.8,533.85,266.75,299.95,365.4,4.69,143.0,82040.0
1990-06-09 08:00:00+00:00,27.84,21.8,425.2,287.46,206.45,375.25,4.83,142.0,82020.0
1990-06-09 09:00:00+00:00,27.31,23.4,223.05,147.45,133.25,378.35,5.17,140.0,81970.0
1990-06-09 10:00:00+00:00,26.33,25.85,136.9,99.44,94.0,375.85,5.52,143.0,81980.0
1990-06-09 11:00:00+00:00,24.66,30.8,44.1,37.88,35.0,366.75,5.59,149.0,82020.0
1990-06-09 12:00:00+00:00,22.6,40.6,1.6,0.0,1.6,365.75,3.72,161.0,82110.0
1990-06-09 13:00:00+00:00,22.11,41.95,0.0,0.0,0.0,349.7,2.28,141.0,82170.0
1990-06-09 14:00:00+00:00,21.6,43.4,0.0,0.0,0.0,357.25,2.69,126.0,82240.0
1990-06-09 15:00:00+00:00,20.9,46.5,0.0,0.0,0.0,345.65,2.55,124.0,82260.0
1990-06-09 16:00:00+00:00,20.0,51.5,0.0,0.0,0.0,340.0,2.34,121.0,82270.0
1990-06-09 17:00:00+00:00,19.09,57.1,0.0,0.0,0.0,340.0,2.34,114.0,82270.0
1990-06-09 18:00:00+00:00,18.14,63.3,0.0,0.0,0.0,336.35,2.07,108.0,82240.0
1990-06-09 19:00:00+00:00,17.48,63.2,0.0,0.0,0.0,321.45,1.1,117.0,82210.0
1990-06-09 20:00:00+00:00,17.73,58.8,0.0,0.0,0.0,309.45,0.76,108.0,82210.0
1990-06-09 21:00:00+00:00,17.06,60.85,0.0,0.0,0.0,311.0,0.62,85.0,82220.0
1990-06-09 22:00:00+00:00,16.47,62.95,38.0,0.0,38.0,303.25,0.83,95.0,82270.0
1990-06-09 23:00:00+00:00,16.11,67.55,216.2,523.07,99.15,303.25,0.76,65.0,82290.0
1990-06-10 00:00:00+00:00,17.95,61.05,378.8,600.82,129.1,325.9,1.17,62.0,82350.0
1990-06-10 01:00:00+00:00,19.67,55.2,551.7,645.66,167.65,330.05,1.66,60.0,82400.0
1990-06-10 02:00:00+00:00,21.42,46.6,725.1,691.99,206.55,343.7,2.07,44.0,82390.0
1990-06-10 03:00:00+00:00,23.2,40.75,754.75,627.09,210.0,350.65,2.9,33.0,82390.0
1990-06-10 04:00:00+00:00,24.47,34.4,855.8,650.95,240.85,352.4,3.59,36.0,82340.0
1990-06-10 05:00:00+00:00,25.72,31.1,908.4,657.24,269.45,361.5,3.59,47.0,82290.0
1990-06-10 06:00:00+00:00,26.85,29.05,747.7,437.76,332.15,360.75,3.52,59.0,82220.0
1990-06-10 07:00:00+00:00,26.52,26.0,559.35,279.65,313.95,362.65,3.45,65.0,82140.0
1990-06-10 08:00:00+00:00,26.86,25.05,279.95,81.12,218.15,381.45,3.24,73.0,82090.0
1990-06-10 09:00:00+00:00,26.61,25.05,214.15,54.74,180.75,386.3,3.17,84.0,82040.0
1990-06-10 10:00:00+00:00,26.35,25.85,95.55,10.29,91.1,382.4,3.03,96.0,82030.0
1990-06-10 11:00:00+00:00,25.79,26.85,34.45,0.21,34.4,378.75,3.03,111.0,82050.0
1990-06-10 12:00:00+00:00,24.97,29.85,1.55,0.0,1.55,371.4,3.1,134.0,82070.0
1990-06-10 13:00:00+00:00,23.8,36.7,0.0,0.0,0.0,365.4,3.38,156.0,82140.0
1990-06-10 14:00:00+00:00,22.47,43.65,0.0,0.0,0.0,351.25,3.52,165.0,82230.0
1990-06-10 15:00:00+00:00,21.37,51.75,0.0,0.0,0.0,348.95,2.76,171.0,82250.0
1990-06-10 16:00:00+00:00,20.33,57.3,0.0,0.0,0.0,344.85,1.72,173.0,82220.0
1990-06-10 17:00:00+00:00,19.41,63.6,0.0,0.0,0.0,338.65,1.17,154.0,82210.0
1990-06-10 18:00:00+00:00,19.12,63.5,0.0,0.0,0.0,334.6,0.97,138.0,82190.0
1990-06-10 19:00:00+00:00,18.29,67.95,0.0,0.0,0.0,321.45,1.17,129.0,82160.0
1990-06-10 20:00:00+00:00,18.02,65.55,0.0,0.0,0.0,320.85,1.03,125.0,82190.0
1990-06-10 21:00:00+00:00,16.97,70.2,0.0,0.0,0.0,316.8,1.24,121.0,82160.0
1990-06-10 22:00:00+00:00,16.27,75.15,44.5,0.0,44.5,315.25,1.24,127.0,82200.0
1990-06-10 23:00:00+00:00,16.49,75.25,190.5,320.64,118.7,322.0,1.03,126.0,82200.0
1990-06-11 00:00:00+00:00,18.2,67.95,318.25,329.65,181.25,328.05,1.24,127.0,82230.0
1990-06-11 01:00:00+00:00,19.57,61.4,431.7,246.82,284.9,337.6,1.45,135.0,82250.0
1990-06-11 02:00:00+00:00,20.95,53.6,522.45,226.54,352.7,354.75,1.24,141.0,82210.0
1990-06-11 03:00:00+00:00,22.32,50.2,760.0,588.04,249.15,359.2,1.03,119.0,82220.0
1990-06-11 04:00:00+00:00,24.18,42.5,791.3,514.85,304.85,364.6,1.59,99.0,82190.0
1990-06-11 05:00:00+00:00,25.48,37.2,807.55,534.42,287.85,376.0,2.21,87.0,82160.0
1990-06-11 06:00:00+00:00,26.4,37.2,756.3,540.0,243.45,386.65,2.69,79.0,82110.0
1990-06-11 07:00:00+00:00,25.02,41.25,615.85,422.63,244.7,370.8,2.69,124.0,82180.0
1990-06-11 08:00:00+00:00,25.3,39.85,462.65,354.07,192.6,375.45,2.28,128.0,82120.0
1990-06-11 09:00:00+00:00,25.41,39.85,205.25,130.25,125.65,370.0,1.86,104.0,82100.0
1990-06-11 10:00:00+00:00,24.56,39.7,102.85,44.95,83.35,380.45,1.03,55.0,82120.0
1990-06-11 11:00:00+00:00,22.22,52.0,46.8,45.08,35.85,380.1,3.03,353.0,82210.0
1990-06-11 12:00:00+00:00,20.27,61.5,1.25,0.0,1.25,364.8,2.97,341.0,82320.0
1990-06-11 13:00:00+00:00,19.1,63.5,0.0,0.0,0.0,358.8,2.14,352.0,82430.0
1990-06-11 14:00:00+00:00,18.1,67.95,0.0,0.0,0.0,367.3,1.52,18.0,82540.0
1990-06-11 15:00:00+00:00,17.13,72.7,0.0,0.0,0.0,356.65,0.48,30.0,82560.0
1990-06-11 16:00:00+00:00,16.76,75.25,0.0,0.0,0.0,356.1,0.69,148.0,82520.0
1990-06-11 17:00:00+00:00,16.1,80.65,0.0,0.0,0.0,329.55,0.76,234.0,82490.0
1990-06-11 18:00:00+00:00,15.47,83.5,0.0,0.0,0.0,330.15,1.45,254.0,82470.0
1990-06-11 19:00:00+00:00,15.11,72.45,0.0,0.0,0.0,312.95,1.1,240.0,82480.0
1990-06-11 20:00:00+00:00,14.49,77.75,0.0,0.0,0.0,299.75,1.24,226.0,82460.0
1990-06-11 21:00:00+00:00,14.15,80.45,0.0,0.0,0.0,296.3,1.24,218.0,82430.0
1990-06-11 22:00:00+00:00,14.2,80.45,38.95,0.0,38.95,289.1,1.1,215.0,82430.0
1990-06-11 23:00:00+00:00,14.29,83.4,230.3,607.36,94.25,293.95,0.9,216.0,82440.0
1990-06-12 00:00:00+00:00,16.07,80.65,428.8,708.27,134.5,310.05,0.97,210.0,82450.0
1990-06-12 01:00:00+00:00,17.95,67.95,647.3,882.42,122.55,320.6,1.45,221.0,82460.0
1990-06-12 02:00:00+00:00,19.71,61.4,810.8,894.36,140.7,304.8,1.66,229.0,82440.0
1990-06-12 03:00:00+00:00,21.23,53.6,915.45,885.5,146.2,314.5,1.1,230.0,82400.0
1990-06-12 04:00:00+00:00,22.54,46.85,906.3,786.02,163.55,319.1,0.21,292.0,82370.0
1990-06-12 05:00:00+00:00,23.62,42.35,938.75,782.6,177.5,330.35,1.1,28.0,82330.0
1990-06-12 06:00:00+00:00,24.64,38.3,914.1,796.6,157.2,333.85,2.0,30.0,82280.0
1990-06-12 07:00:00+00:00,25.62,32.25,728.6,639.62,166.5,331.7,3.31,20.0,82250.0
1990-06-12 08:00:00+00:00,26.0,29.95,562.2,532.99,155.25,336.15,3.93,18.0,82210.0
1990-06-12 09:00:00+00:00,25.99,28.9,437.2,533.86,110.4,341.95,4.14,21.0,82160.0
1990-06-12 10:00:00+00:00,25.72,28.9,245.2,344.59,95.3,332.3,4.14,20.0,82160.0
1990-06-12 11:00:00+00:00,25.02,32.1,87.25,179.99,43.3,328.6,3.59,26.0,82170.0
1990-06-12 12:00:00+00:00,23.59,40.9,2.7,3.8,2.5,320.65,2.55,39.0,82190.0
1990-06-12 13:00:00+00:00,21.16,55.55,0.0,0.0,0.0,313.5,2.28,56.0,82220.0
1990-06-12 14:00:00+00:00,19.48,59.25,0.0,0.0,0.0,310.4,2.41,72.0,82300.0
1990-06-12 15:00:00+00:00,18.02,65.55,0.0,0.0,0.0,308.85,2.34,77.0,82330.0
1990-06-12 16:00:00+00:00,17.34,65.45,0.0,0.0,0.0,307.3,1.86,66.0,82330.0
1990-06-12 17:00:00+00:00,17.03,65.35,0.0,0.0,0.0,303.45,1.59,51.0,82340.0
1990-06-12 18:00:00+00:00,16.87,65.35,0.0,0.0,0.0,302.1,1.38,43.0,82300.0
1990-06-12 19:00:00+00:00,16.66,67.65,0.0,0.0,0.0,298.8,0.97,31.0,82300.0
1990-06-12 20:00:00+00:00,16.09,70.0,0.0,0.0,0.0,297.25,0.76,37.0,82300.0
1990-06-12 21:00:00+00:00,15.77,72.45,0.0,0.0,0.0,296.3,0.69,54.0,82290.0
1990-06-12 22:00:00+00:00,15.43,72.45,39.85,0.0,39.85,295.1,0.62,57.0,82290.0
1990-06-12 23:00:00+00:00,15.42,75.1,244.9,716.51,84.4,294.15,0.48,45.0,82290.0
1990-06-13 00:00:00+00:00,17.12,72.7,446.05,799.27,114.05,298.8,0.76,65.0,82280.0
1990-06-13 01:00:00+00:00,19.08,63.5,646.45,879.71,123.45,305.3,1.24,82.0,82290.0
1990-06-13 02:00:00+00:00,21.02,55.55,810.25,899.65,136.3,311.95,1.79,96.0,82260.0
1990-06-13 03:00:00+00:00,22.88,50.3,928.35,901.14,145.55,320.1,2.55,109.0,82240.0
1990-06-13 04:00:00+00:00,24.5,42.65,993.4,894.53,148.05,326.85,3.1,113.0,82180.0
1990-06-13 05:00:00+00:00,25.88,38.55,1000.95,879.18,145.55,332.3,3.52,111.0,82120.0
1990-06-13 06:00:00+00:00,27.05,33.7,930.3,805.46,164.65,335.95,4.07,108.0,82040.0
1990-06-13 07:00:00+00:00,27.45,31.5,817.15,755.96,152.35,340.0,4.41,104.0,82020.0
1990-06-13 08:00:00+00:00,28.0,29.4,651.85,668.45,140.95,340.0,4.76,104.0,81960.0
1990-06-13 09:00:00+00:00,28.19,28.35,452.3,527.56,128.85,340.4,4.83,106.0,81900.0
1990-06-13 10:00:00+00:00,28.05,28.35,253.05,352.66,99.25,341.55,4.76,109.0,81870.0
1990-06-13 11:00:00+00:00,27.41,32.5,82.8,137.54,49.05,342.15,4.48,112.0,81870.0
1990-06-13 12:00:00+00:00,26.0,37.2,2.75,2.78,2.6,341.95,4.0,113.0,81920.0
1990-06-13 13:00:00+00:00,24.15,41.0,0.0,0.0,0.0,333.05,4.41,121.0,81960.0
1990-06-13 14:00:00+00:00,22.37,48.45,0.0,0.0,0.0,327.45,5.1,134.0,82050.0
1990-06-13 15:00:00+00:00,20.74,57.45,0.0,0.0,0.0,323.95,5.17,140.0,82090.0
1990-06-13 16:00:00+00:00,19.41,65.85,0.0,0.0,0.0,318.75,4.62,138.0,82100.0
1990-06-13 17:00:00+00:00,18.38,72.95,0.0,0.0,0.0,313.7,3.86,133.0,82100.0
1990-06-13 18:00:00+00:00,17.52,78.1,0.0,0.0,0.0,316.2,3.17,125.0,82080.0
1990-06-13 19:00:00+00:00,17.07,80.8,0.0,0.0,0.0,318.35,3.17,114.0,81990.0
1990-06-13 20:00:00+00:00,16.35,83.6,0.0,0.0,0.0,316.4,2.9,110.0,81980.0
1990-06-13 21:00:00+00:00,15.82,89.55,0.0,0.0,0.0,319.7,2.76,109.0,81960.0
1990-06-13 22:00:00+00:00,15.6,89.55,40.4,0.0,40.4,335.4,2.48,105.0,82000.0
1990-06-13 23:00:00+00:00,16.54,86.55,113.25,66.54,98.35,360.75,2.41,98.0,82000.0
1990-06-14 00:00:00+00:00,17.93,78.15,208.3,103.33,165.4,377.55,3.17,102.0,82030.0
1990-06-14 01:00:00+00:00,19.09,73.05,282.25,146.89,194.95,377.85,3.52,114.0,82050.0
1990-06-14 02:00:00+00:00,19.97,68.3,340.4,95.33,269.0,383.95,3.38,93.0,82040.0
1990-06-14 03:00:00+00:00,20.68,66.05,498.95,268.59,265.65,392.85,4.21,72.0,82040.0
1990-06-14 04:00:00+00:00,21.0,63.9,501.8,161.95,348.75,394.6,4.83,50.0,82090.0
1990-06-14 05:00:00+00:00,20.36,65.95,255.9,22.76,233.75,389.4,6.83,24.0,82120.0
1990-06-14 06:00:00+00:00,18.64,63.4,199.9,15.77,184.9,384.35,7.86,13.0,82150.0
1990-06-14 07:00:00+00:00,16.33,65.25,122.8,6.99,116.65,377.75,7.72,9.0,82180.0
1990-06-14 08:00:00+00:00,15.22,69.9,51.55,1.96,50.05,370.2,5.86,14.0,82200.0
1990-06-14 09:00:00+00:00,14.54,72.4,91.75,3.01,89.9,364.0,4.48,19.0,82210.0
1990-06-14 10:00:00+00:00,14.39,72.4,39.85,0.46,39.65,362.65,4.28,19.0,82280.0
1990-06-14 11:00:00+00:00,13.89,74.95,11.0,0.0,11.0,360.55,3.03,29.0,82340.0
1990-06-14 12:00:00+00:00,13.63,77.6,0.25,0.0,0.25,361.5,2.48,36.0,82410.0
1990-06-14 13:00:00+00:00,13.46,77.6,0.0,0.0,0.0,362.85,1.79,39.0,82450.0
1990-06-14 14:00:00+00:00,13.47,77.6,0.0,0.0,0.0,363.25,0.83,35.0,82520.0
1990-06-14 15:00:00+00:00,13.46,77.6,0.0,0.0,0.0,363.65,0.34,19.0,82530.0
1990-06-14 16:00:00+00:00,13.47,77.6,0.0,0.0,0.0,363.65,0.21,293.0,82520.0
1990-06-14 17:00:00+00:00,13.49,77.6,0.0,0.0,0.0,363.65,0.62,226.0,82500.0
1990-06-14 18:00:00+00:00,13.53,77.6,0.0,0.0,0.0,363.45,1.24,218.0,82460.0
1990-06-14 19:00:00+00:00,13.68,77.6,0.0,0.0,0.0,364.4,0.9,236.0,82360.0
1990-06-14 20:00:00+00:00,13.74,77.6,0.0,0.0,0.0,364.0,1.03,270.0,82370.0
1990-06-14 21:00:00+00:00,13.74,80.4,0.0,0.0,0.0,362.3,1.03,276.0,82390.0
1990-06-14 22:00:00+00:00,13.73,80.4,15.55,0.0,15.55,361.5,0.9,256.0,82400.0
1990-06-14 23:00:00+00:00,13.83,77.65,64.05,44.46,54.1,355.5,0.9,264.0,82380.0
1990-06-15 00:00:00+00:00,14.32,75.0,102.45,8.32,99.0,356.5,1.17,273.0,82410.0
1990-06-15 01:00:00+00:00,14.99,75.1,173.35,20.45,161.2,360.05,1.52,283.0,82450.0
1990-06-15 02:00:00+00:00,15.49,75.1,348.8,97.7,275.65,363.85,0.83,280.0,82420.0
1990-06-15 03:00:00+00:00,16.57,67.65,533.2,147.15,405.4,356.85,1.45,357.0,82400.0
1990-06-15 04:00:00+00:00,17.99,61.05,253.7,36.56,219.15,361.1,2.34,0.0,82410.0
1990-06-15 05:00:00+00:00,17.94,58.9,420.75,166.34,258.85,370.2,1.86,31.0,82380.0
1990-06-15 06:00:00+00:00,18.62,54.95,518.85,246.13,284.7,367.3,2.0,46.0,82340.0
1990-06-15 07:00:00+00:00,19.18,55.05,412.55,117.6,309.0,367.7,1.38,64.0,82310.0
1990-06-15 08:00:00+00:00,19.55,53.25,340.75,125.95,244.3,378.75,1.38,77.0,82270.0
1990-06-15 09:00:00+00:00,19.67,55.2,260.4,137.42,175.9,372.55,1.72,88.0,82220.0
1990-06-15 10:00:00+00:00,19.72,53.25,199.95,240.43,94.6,366.95,2.34,93.0,82190.0
1990-06-15 11:00:00+00:00,19.42,55.2,77.4,132.65,44.55,335.55,2.28,106.0,82180.0
1990-06-15 12:00:00+00:00,18.7,61.2,2.9,3.55,2.7,326.3,1.17,134.0,82230.0
1990-06-15 13:00:00+00:00,17.2,75.3,0.0,0.0,0.0,313.9,0.97,170.0,82330.0
1990-06-15 14:00:00+00:00,16.45,72.65,0.0,0.0,0.0,306.55,1.03,194.0,82400.0
1990-06-15 15:00:00+00:00,15.46,75.1,0.0,0.0,0.0,302.5,1.24,210.0,82410.0
1990-06-15 16:00:00+00:00,14.71,77.75,0.0,0.0,0.0,307.7,1.31,231.0,82400.0
1990-06-15 17:00:00+00:00,14.89,72.45,0.0,0.0,0.0,295.3,1.03,240.0,82340.0
1990-06-15 18:00:00+00:00,14.38,75.0,0.0,0.0,0.0,301.5,0.83,256.0,82310.0
1990-06-15 19:00:00+00:00,14.12,77.65,0.0,0.0,0.0,309.45,0.97,261.0,82330.0
1990-06-15 20:00:00+00:00,13.97,77.65,0.0,0.0,0.0,311.75,0.69,250.0,82290.0
1990-06-15 21:00:00+00:00,13.85,77.65,0.0,0.0,0.0,319.7,0.48,257.0,82310.0
1990-06-15 22:00:00+00:00,13.72,80.4,46.25,0.0,46.25,319.5,0.28,240.0,82280.0
1990-06-15 23:00:00+00:00,14.02,80.45,189.05,233.27,136.9,319.5,0.28,228.0,82340.0
1990-06-16 00:00:00+00:00,15.59,80.6,344.0,372.78,189.45,320.3,0.48,201.0,82370.0
1990-06-16 01:00:00+00:00,17.34,67.85,525.55,440.86,263.8,327.15,0.62,195.0,82400.0
1990-06-16 02:00:00+00:00,18.87,61.3,655.85,475.43,300.0,337.7,0.48,200.0,82390.0
1990-06-16 03:00:00+00:00,20.16,59.35,759.25,419.26,395.2,341.2,0.21,186.0,82390.0
1990-06-16 04:00:00+00:00,21.32,55.55,844.1,462.93,406.6,349.5,0.55,122.0,82370.0
1990-06-16 05:00:00+00:00,22.4,48.55,800.1,421.58,389.7,349.7,1.03,121.0,82340.0
1990-06-16 06:00:00+00:00,23.14,43.75,792.45,526.09,291.8,357.05,1.38,120.0,82280.0
1990-06-16 07:00:00+00:00,23.9,36.7,693.1,508.44,245.15,348.55,1.45,109.0,82220.0
1990-06-16 08:00:00+00:00,24.31,33.0,486.6,313.85,246.05,345.25,1.79,97.0,82190.0
1990-06-16 09:00:00+00:00,24.26,31.85,313.25,225.99,174.1,347.4,2.07,89.0,82160.0
1990-06-16 10:00:00+00:00,23.99,31.85,191.35,145.63,127.4,355.3,2.14,81.0,82150.0
1990-06-16 11:00:00+00:00,23.48,35.4,47.45,2.21,46.9,356.1,1.86,76.0,82170.0
1990-06-16 12:00:00+00:00,22.01,52.0,2.3,0.0,2.3,359.55,1.52,76.0,82250.0
1990-06-16 13:00:00+00:00,20.78,57.45,0.0,0.0,0.0,355.9,1.17,81.0,82300.0
1990-06-16 14:00:00+00:00,21.66,38.9,0.0,0.0,0.0,351.25,0.62,102.0,82340.0
1990-06-16 15:00:00+00:00,20.99,41.7,0.0,0.0,0.0,336.75,0.41,189.0,82370.0
1990-06-16 16:00:00+00:00,19.98,44.6,0.0,0.0,0.0,312.15,0.55,230.0,82310.0
1990-06-16 17:00:00+00:00,18.88,49.45,0.0,0.0,0.0,299.2,0.55,264.0,82320.0
1990-06-16 18:00:00+00:00,17.42,56.75,0.0,0.0,0.0,298.2,0.69,276.0,82300.0
1990-06-16 19:00:00+00:00,16.8,65.25,0.0,0.0,0.0,317.2,1.1,257.0,82260.0
1990-06-16 20:00:00+00:00,15.65,69.9,0.0,0.0,0.0,297.25,1.1,268.0,82280.0
1990-06-16 21:00:00+00:00,14.96,67.45,0.0,0.0,0.0,294.15,0.9,266.0,82280.0
1990-06-16 22:00:00+00:00,14.49,69.85,45.5,0.0,45.5,290.65,0.83,258.0,82330.0
1990-06-16 23:00:00+00:00,14.92,67.45,206.05,400.41,116.65,300.15,0.62,243.0,82350.0
1990-06-17 00:00:00+00:00,16.26,80.65,388.4,515.1,175.05,310.8,0.55,218.0,82410.0
1990-06-17 01:00:00+00:00,19.14,57.1,543.7,474.42,262.2,316.9,0.76,198.0,82430.0
1990-06-17 02:00:00+00:00,20.81,49.8,688.95,490.05,322.3,327.85,0.83,195.0,82420.0
1990-06-17 03:00:00+00:00,22.28,45.1,824.45,583.15,318.2,333.85,0.9,184.0,82430.0
1990-06-17 04:00:00+00:00,23.63,40.9,857.3,550.84,336.75,339.85,1.24,145.0,82410.0
1990-06-17 05:00:00+00:00,24.67,38.3,803.1,456.97,358.2,343.7,2.07,119.0,82370.0
1990-06-17 06:00:00+00:00,25.39,35.8,866.8,652.78,245.4,348.55,2.97,106.0,82350.0
1990-06-17 07:00:00+00:00,26.14,32.25,812.65,756.89,145.45,340.4,3.86,102.0,82310.0
1990-06-17 08:00:00+00:00,26.42,31.1,607.95,623.32,129.8,332.1,3.86,102.0,82330.0
1990-06-17 09:00:00+00:00,26.26,31.1,409.8,491.63,106.7,341.2,3.66,105.0,82250.0
1990-06-17 10:00:00+00:00,26.02,29.95,236.6,334.18,89.55,340.0,3.45,110.0,82260.0
1990-06-17 11:00:00+00:00,25.37,33.3,89.85,179.24,45.1,335.2,2.83,117.0,82210.0
1990-06-17 12:00:00+00:00,23.82,45.5,3.35,6.0,3.0,322.05,2.07,127.0,82260.0
1990-06-17 13:00:00+00:00,21.26,59.6,0.0,0.0,0.0,316.6,2.0,143.0,82290.0
1990-06-17 14:00:00+00:00,19.67,61.4,0.0,0.0,0.0,313.3,2.41,160.0,82340.0
1990-06-17 15:00:00+00:00,18.21,63.3,0.0,0.0,0.0,310.05,2.55,173.0,82390.0
1990-06-17 16:00:00+00:00,17.21,65.35,0.0,0.0,0.0,306.75,2.07,173.0,82380.0
1990-06-17 17:00:00+00:00,17.33,58.7,0.0,0.0,0.0,303.25,1.45,165.0,82400.0
1990-06-17 18:00:00+00:00,17.64,54.7,0.0,0.0,0.0,305.4,0.9,132.0,82370.0
1990-06-17 19:00:00+00:00,16.72,56.5,0.0,0.0,0.0,305.0,0.76,134.0,82320.0
1990-06-17 20:00:00+00:00,15.93,60.65,0.0,0.0,0.0,297.05,0.69,136.0,82310.0
1990-06-17 21:00:00+00:00,15.2,62.75,0.0,0.0,0.0,293.55,0.69,116.0,82270.0
1990-06-17 22:00:00+00:00,14.63,62.65,38.5,0.0,38.5,293.4,0.9,99.0,82270.0
1990-06-17 23:00:00+00:00,14.25,69.75,230.85,644.43,87.2,293.75,0.97,91.0,82280.0
1990-06-18 00:00:00+00:00,16.2,70.0,322.4,271.54,210.05,298.05,1.24,100.0,82300.0
1990-06-18 01:00:00+00:00,18.08,56.85,370.1,105.83,307.35,329.3,1.45,106.0,82320.0
1990-06-18 02:00:00+00:00,19.32,55.05,397.15,60.17,352.15,344.1,1.52,128.0,82300.0
1990-06-18 03:00:00+00:00,20.41,51.65,372.65,56.4,323.7,354.15,2.07,142.0,82310.0
1990-06-18 04:00:00+00:00,21.08,51.75,366.25,16.56,350.6,362.1,2.21,143.0,82300.0
1990-06-18 05:00:00+00:00,21.41,50.05,383.45,81.19,304.4,368.45,2.07,142.0,82270.0
1990-06-18 06:00:00+00:00,21.68,50.05,324.15,39.17,286.85,368.45,2.21,135.0,82250.0
1990-06-18 07:00:00+00:00,21.0,48.2,269.15,59.58,216.6,372.75,0.41,157.0,82200.0
1990-06-18 08:00:00+00:00,21.25,48.2,189.4,54.71,147.4,376.6,0.83,139.0,82200.0
1990-06-18 09:00:00+00:00,21.23,49.95,109.5,16.28,99.45,376.2,0.97,129.0,82140.0
1990-06-18 10:00:00+00:00,21.11,49.95,60.15,16.9,52.7,379.1,0.76,101.0,82140.0
1990-06-18 11:00:00+00:00,20.86,53.5,28.7,28.73,21.5,378.75,0.76,45.0,82160.0
1990-06-18 12:00:00+00:00,20.07,65.95,0.6,0.0,0.6,374.3,0.69,23.0,82210.0
1990-06-18 13:00:00+00:00,19.47,68.2,0.0,0.0,0.0,378.55,0.76,3.0,82250.0
1990-06-18 14:00:00+00:00,19.23,61.3,0.0,0.0,0.0,376.6,0.55,348.0,82300.0
1990-06-18 15:00:00+00:00,18.37,65.65,0.0,0.0,0.0,376.6,0.07,315.0,82310.0
1990-06-18 16:00:00+00:00,17.25,80.8,0.0,0.0,0.0,377.2,0.48,225.0,82290.0
1990-06-18 17:00:00+00:00,16.66,83.6,0.0,0.0,0.0,376.6,0.76,217.0,82260.0
1990-06-18 18:00:00+00:00,16.35,80.75,0.0,0.0,0.0,376.4,1.17,222.0,82230.0
1990-06-18 19:00:00+00:00,15.86,80.65,0.0,0.0,0.0,376.8,1.86,234.0,82210.0
1990-06-18 20:00:00+00:00,15.59,83.5,0.0,0.0,0.0,376.0,1.72,229.0,82180.0
1990-06-18 21:00:00+00:00,15.36,83.5,0.0,0.0,0.0,374.85,1.59,214.0,82130.0
1990-06-18 22:00:00+00:00,15.01,83.5,26.7,0.0,26.7,360.35,1.45,209.0,82120.0
1990-06-18 23:00:00+00:00,15.05,83.5,102.2,171.03,64.15,350.1,1.24,214.0,82130.0
1990-06-19 00:00:00+00:00,15.77,80.6,194.9,174.84,122.65,360.75,1.1,207.0,82150.0
1990-06-19 01:00:00+00:00,16.72,75.25,262.5,193.85,147.65,362.2,1.17,195.0,82180.0
1990-06-19 02:00:00+00:00,17.56,70.3,330.6,146.83,220.85,365.75,1.59,189.0,82160.0
1990-06-19 03:00:00+00:00,18.39,65.65,515.8,286.35,267.35,367.3,1.79,179.0,82150.0
1990-06-19 04:00:00+00:00,19.79,65.85,686.35,434.69,275.65,374.3,1.93,158.0,82100.0
1990-06-19 05:00:00+00:00,21.42,59.7,633.2,377.0,266.1,367.5,2.21,140.0,82030.0
1990-06-19 06:00:00+00:00,22.57,55.9,441.8,126.57,321.25,376.6,2.21,121.0,81950.0
1990-06-19 07:00:00+00:00,23.37,50.45,410.2,168.24,261.75,398.45,1.45,115.0,81890.0
1990-06-19 08:00:00+00:00,23.76,48.8,344.95,174.15,211.15,396.55,1.79,113.0,81890.0
1990-06-19 09:00:00+00:00,23.93,48.95,258.85,224.03,120.4,389.4,2.28,105.0,81830.0
1990-06-19 10:00:00+00:00,23.98,48.95,172.35,185.53,90.4,375.45,2.76,104.0,81840.0
1990-06-19 11:00:00+00:00,23.78,52.35,51.2,76.96,31.85,367.9,2.97,100.0,81830.0
1990-06-19 12:00:00+00:00,22.87,57.9,2.45,1.66,2.35,376.8,2.9,96.0,81900.0
1990-06-19 13:00:00+00:00,21.66,61.85,0.0,0.0,0.0,373.5,2.83,89.0,81950.0
1990-06-19 14:00:00+00:00,20.46,68.4,0.0,0.0,0.0,358.4,2.69,87.0,82030.0
1990-06-19 15:00:00+00:00,19.61,73.15,0.0,0.0,0.0,367.3,2.48,88.0,82050.0
1990-06-19 16:00:00+00:00,18.99,78.3,0.0,0.0,0.0,369.45,2.28,98.0,82070.0
1990-06-19 17:00:00+00:00,18.35,81.0,0.0,0.0,0.0,364.6,2.0,105.0,82070.0
1990-06-19 18:00:00+00:00,17.79,86.65,0.0,0.0,0.0,364.0,1.59,101.0,82060.0
1990-06-19 19:00:00+00:00,17.54,86.65,0.0,0.0,0.0,371.75,1.52,54.0,81990.0
1990-06-19 20:00:00+00:00,17.08,89.65,0.0,0.0,0.0,363.65,1.59,48.0,81990.0
1990-06-19 21:00:00+00:00,16.86,89.65,0.0,0.0,0.0,370.0,1.66,51.0,81960.0
1990-06-19 22:00:00+00:00,16.54,92.8,36.95,0.0,36.95,362.3,1.66,53.0,82020.0
1990-06-19 23:00:00+00:00,16.95,89.65,126.8,141.91,95.3,357.65,1.38,60.0,82020.0
1990-06-20 00:00:00+00:00,18.4,81.0,202.1,108.8,157.2,366.55,1.79,76.0,82060.0
1990-06-20 01:00:00+00:00,19.03,78.3,235.4,76.78,189.95,368.4,2.28,95.0,82080.0
1990-06-20 02:00:00+00:00,19.69,75.7,302.45,44.91,268.9,381.25,2.76,95.0,82070.0
1990-06-20 03:00:00+00:00,20.36,73.2,420.9,145.39,294.8,386.45,2.83,92.0,82070.0
1990-06-20 04:00:00+00:00,21.09,70.9,189.05,10.64,179.0,394.6,2.14,79.0,82100.0
1990-06-20 05:00:00+00:00,20.93,68.5,254.25,40.51,214.8,394.2,2.34,76.0,82080.0
1990-06-20 06:00:00+00:00,21.62,66.25,532.85,304.99,242.3,394.8,3.1,82.0,82040.0
1990-06-20 07:00:00+00:00,23.05,60.05,392.7,217.79,200.45,393.45,1.52,115.0,81950.0
1990-06-20 08:00:00+00:00,23.55,56.15,450.9,352.62,179.8,397.7,1.79,104.0,81940.0
1990-06-20 09:00:00+00:00,24.08,54.35,287.75,195.99,166.5,389.0,2.0,103.0,81880.0
1990-06-20 10:00:00+00:00,24.06,54.35,174.55,192.0,89.6,389.55,2.48,90.0,81880.0
1990-06-20 11:00:00+00:00,23.66,56.15,49.55,67.2,32.6,372.75,2.97,85.0,81900.0
1990-06-20 12:00:00+00:00,22.8,62.05,2.5,1.64,2.4,381.45,2.97,84.0,81980.0
1990-06-20 13:00:00+00:00,21.81,66.25,0.0,0.0,0.0,381.65,2.76,84.0,82020.0
1990-06-20 14:00:00+00:00,20.87,73.3,0.0,0.0,0.0,376.0,2.34,81.0,82090.0
1990-06-20 15:00:00+00:00,20.2,75.75,0.0,0.0,0.0,377.75,2.48,85.0,82090.0
1990-06-20 16:00:00+00:00,19.49,78.35,0.0,0.0,0.0,372.55,2.34,90.0,82090.0
1990-06-20 17:00:00+00:00,18.83,83.8,0.0,0.0,0.0,371.55,2.07,83.0,82100.0
1990-06-20 18:00:00+00:00,18.24,86.7,0.0,0.0,0.0,368.3,2.07,83.0,82110.0
1990-06-20 19:00:00+00:00,18.05,86.7,0.0,0.0,0.0,384.75,1.86,102.0,82150.0
1990-06-20 20:00:00+00:00,17.66,89.7,0.0,0.0,0.0,377.55,1.59,89.0,82160.0
1990-06-20 21:00:00+00:00,17.34,89.7,0.0,0.0,0.0,373.9,1.66,78.0,82140.0
1990-06-20 22:00:00+00:00,16.94,89.65,29.8,0.0,29.8,365.55,1.66,75.0,82160.0
1990-06-20 23:00:00+00:00,17.4,89.7,126.95,229.21,76.2,368.5,1.72,81.0,82190.0
1990-06-21 00:00:00+00:00,18.2,83.75,280.3,327.51,145.35,363.45,2.07,93.0,82250.0
1990-06-21 01:00:00+00:00,19.37,75.7,378.8,257.44,226.55,371.3,2.34,98.0,82270.0
1990-06-21 02:00:00+00:00,20.64,70.8,352.9,158.53,234.55,386.85,2.34,101.0,82250.0
1990-06-21 03:00:00+00:00,21.57,66.25,383.5,127.16,273.25,397.5,2.41,97.0,82250.0
1990-06-21 04:00:00+00:00,22.29,64.1,374.15,104.92,275.05,403.5,2.83,95.0,82240.0
1990-06-21 05:00:00+00:00,22.8,62.05,408.25,97.71,313.1,403.3,3.17,95.0,82210.0
1990-06-21 06:00:00+00:00,23.32,62.15,422.3,150.18,279.2,408.55,3.24,96.0,82160.0
1990-06-21 07:00:00+00:00,22.35,66.35,367.6,118.11,263.3,390.35,3.52,86.0,82130.0
1990-06-21 08:00:00+00:00,22.61,64.2,251.15,91.64,180.65,394.8,3.79,79.0,82170.0
1990-06-21 09:00:00+00:00,22.01,64.1,190.35,85.26,137.55,393.05,3.93,67.0,82100.0
1990-06-21 10:00:00+00:00,21.7,68.6,140.65,98.61,96.95,381.85,3.52,73.0,82160.0
1990-06-21 11:00:00+00:00,21.48,68.6,43.85,33.6,35.35,383.55,2.69,79.0,82200.0
1990-06-21 12:00:00+00:00,20.67,73.3,2.15,0.0,2.15,376.8,1.86,46.0,82240.0
1990-06-21 13:00:00+00:00,19.99,78.45,0.0,0.0,0.0,370.0,1.59,19.0,82300.0
1990-06-21 14:00:00+00:00,19.24,83.85,0.0,0.0,0.0,368.45,1.38,15.0,82330.0
1990-06-21 15:00:00+00:00,18.41,86.75,0.0,0.0,0.0,360.15,1.38,7.0,82350.0
1990-06-21 16:00:00+00:00,17.74,89.7,0.0,0.0,0.0,357.85,1.66,12.0,82360.0
1990-06-21 17:00:00+00:00,17.42,89.7,0.0,0.0,0.0,366.15,1.72,29.0,82360.0
1990-06-21 18:00:00+00:00,17.12,89.65,0.0,0.0,0.0,366.95,1.59,40.0,82330.0
1990-06-21 19:00:00+00:00,16.8,92.8,0.0,0.0,0.0,362.1,1.38,67.0,82380.0
1990-06-21 20:00:00+00:00,16.56,92.8,0.0,0.0,0.0,373.5,1.38,81.0,82380.0
1990-06-21 21:00:00+00:00,16.44,92.8,0.0,0.0,0.0,373.5,1.45,88.0,82390.0
1990-06-21 22:00:00+00:00,16.36,92.8,24.4,0.0,24.4,373.3,1.31,100.0,82380.0
1990-06-21 23:00:00+00:00,16.92,89.65,102.6,140.87,71.5,379.7,1.31,106.0,82410.0
1990-06-22 00:00:00+00:00,17.63,83.7,227.25,276.27,113.6,380.3,1.72,124.0,82430.0
1990-06-22 01:00:00+00:00,18.65,78.25,426.15,415.21,180.85,368.6,2.0,125.0,82460.0
1990-06-22 02:00:00+00:00,19.94,73.2,366.55,253.46,177.45,369.85,2.14,125.0,82450.0
1990-06-22 03:00:00+00:00,20.72,68.4,436.95,253.85,216.95,386.3,2.28,123.0,82450.0
1990-06-22 04:00:00+00:00,21.58,64.0,478.7,221.38,269.65,387.45,2.14,110.0,82410.0
1990-06-22 05:00:00+00:00,22.42,59.95,598.8,305.62,301.2,384.55,2.07,96.0,82370.0
1990-06-22 06:00:00+00:00,23.42,56.15,698.7,468.21,252.5,389.75,2.34,90.0,82320.0
1990-06-22 07:00:00+00:00,23.74,60.15,649.65,467.56,236.6,378.75,3.24,77.0,82270.0
1990-06-22 08:00:00+00:00,24.28,56.25,415.05,231.95,236.5,384.35,3.59,84.0,82260.0
1990-06-22 09:00:00+00:00,23.83,54.2,281.65,251.84,125.55,384.55,3.31,79.0,82170.0
1990-06-22 10:00:00+00:00,24.01,52.5,160.15,144.33,96.1,380.1,3.38,79.0,82180.0
1990-06-22 11:00:00+00:00,23.81,54.2,56.5,54.61,42.65,375.85,3.1,82.0,82160.0
1990-06-22 12:00:00+00:00,22.84,57.9,2.75,2.41,2.6,379.5,2.34,91.0,82230.0
1990-06-22 13:00:00+00:00,21.29,68.5,0.0,0.0,0.0,364.2,1.17,101.0,82300.0
1990-06-22 14:00:00+00:00,19.93,78.45,0.0,0.0,0.0,357.05,1.24,107.0,82350.0
1990-06-22 15:00:00+00:00,19.5,73.15,0.0,0.0,0.0,358.2,2.21,129.0,82360.0
1990-06-22 16:00:00+00:00,18.52,78.25,0.0,0.0,0.0,353.0,2.07,127.0,82360.0
1990-06-22 17:00:00+00:00,17.64,83.7,0.0,0.0,0.0,347.4,1.86,109.0,82340.0
1990-06-22 18:00:00+00:00,16.71,89.65,0.0,0.0,0.0,335.95,1.86,94.0,82330.0
1990-06-22 19:00:00+00:00,16.04,89.6,0.0,0.0,0.0,339.25,1.86,89.0,82350.0
1990-06-22 20:00:00+00:00,15.41,92.75,0.0,0.0,0.0,334.6,1.86,89.0,82330.0
1990-06-22 21:00:00+00:00,14.83,92.75,0.0,0.0,0.0,330.55,1.79,89.0,82340.0
1990-06-22 22:00:00+00:00,14.58,96.0,43.85,0.0,43.85,340.6,1.59,84.0,82350.0
1990-06-22 23:00:00+00:00,15.32,92.75,153.55,187.66,112.25,341.95,1.66,93.0,82350.0
1990-06-23 00:00:00+00:00,16.78,86.55,255.9,168.64,186.65,348.95,2.21,114.0,82370.0
1990-06-23 01:00:00+00:00,17.93,78.15,352.1,195.55,236.7,356.95,2.9,132.0,82380.0
1990-06-23 02:00:00+00:00,18.98,73.05,277.55,89.13,211.1,362.1,2.83,134.0,82370.0
1990-06-23 03:00:00+00:00,19.15,73.05,289.3,89.93,211.4,374.85,2.48,123.0,82370.0
1990-06-23 04:00:00+00:00,19.33,73.05,588.4,265.13,338.1,379.3,3.03,115.0,82350.0
1990-06-23 05:00:00+00:00,20.42,66.05,494.8,263.94,237.8,365.75,3.86,115.0,82340.0
1990-06-23 06:00:00+00:00,20.39,66.05,435.8,188.01,256.6,375.25,3.66,108.0,82340.0
1990-06-23 07:00:00+00:00,22.67,57.9,438.15,265.08,203.9,380.1,3.38,131.0,82260.0
1990-06-23 08:00:00+00:00,22.5,57.9,370.3,282.78,152.5,371.4,2.97,107.0,82260.0
1990-06-23 09:00:00+00:00,22.32,59.8,263.2,190.7,144.9,372.15,3.31,98.0,82240.0
1990-06-23 10:00:00+00:00,22.14,59.8,175.15,194.55,88.7,371.95,3.52,90.0,82210.0
1990-06-23 11:00:00+00:00,21.77,61.85,36.85,27.53,29.85,366.35,3.31,95.0,82210.0
1990-06-23 12:00:00+00:00,20.8,66.05,1.8,1.59,1.7,377.95,2.62,86.0,82240.0
1990-06-23 13:00:00+00:00,19.98,70.7,0.0,0.0,0.0,374.3,1.93,72.0,82300.0
1990-06-23 14:00:00+00:00,19.09,73.05,0.0,0.0,0.0,353.2,2.34,94.0,82340.0
1990-06-23 15:00:00+00:00,18.12,78.15,0.0,0.0,0.0,338.85,2.41,109.0,82350.0
1990-06-23 16:00:00+00:00,17.25,83.65,0.0,0.0,0.0,340.8,2.21,113.0,82350.0
1990-06-23 17:00:00+00:00,16.33,86.55,0.0,0.0,0.0,335.4,2.0,100.0,82340.0
1990-06-23 18:00:00+00:00,15.51,89.55,0.0,0.0,0.0,332.85,1.86,87.0,82330.0
1990-06-23 19:00:00+00:00,15.14,89.55,0.0,0.0,0.0,324.55,1.31,100.0,82290.0
1990-06-23 20:00:00+00:00,14.97,89.55,0.0,0.0,0.0,322.8,1.03,96.0,82300.0
1990-06-23 21:00:00+00:00,14.91,89.55,0.0,0.0,0.0,323.95,0.9,90.0,82330.0
1990-06-23 22:00:00+00:00,14.84,89.55,34.35,0.0,34.35,323.55,0.83,95.0,82330.0
1990-06-23 23:00:00+00:00,15.09,89.55,216.2,625.35,79.05,321.85,0.48,93.0,82380.0
1990-06-24 00:00:00+00:00,16.52,86.55,395.95,707.8,105.85,328.0,0.41,123.0,82390.0
1990-06-24 01:00:00+00:00,18.12,78.15,614.15,830.3,124.75,327.35,0.14,217.0,82420.0
1990-06-24 02:00:00+00:00,19.84,73.15,727.1,750.79,167.8,332.85,0.48,270.0,82420.0
1990-06-24 03:00:00+00:00,21.39,66.25,843.8,733.87,208.4,346.0,0.48,320.0,82410.0
1990-06-24 04:00:00+00:00,22.85,59.95,812.55,678.67,172.0,351.05,1.38,18.0,82380.0
1990-06-24 05:00:00+00:00,24.12,52.5,728.85,573.63,170.35,365.2,2.62,27.0,82360.0
1990-06-24 06:00:00+00:00,24.81,49.05,866.2,713.12,186.45,367.1,3.59,33.0,82330.0
1990-06-24 07:00:00+00:00,25.72,44.45,711.2,603.71,177.55,354.35,3.24,39.0,82260.0
1990-06-24 08:00:00+00:00,25.91,44.45,526.4,460.82,171.3,365.75,3.24,36.0,82220.0
1990-06-24 09:00:00+00:00,25.84,42.9,408.75,453.99,126.9,362.3,3.31,38.0,82180.0
1990-06-24 10:00:00+00:00,25.74,42.9,209.4,235.34,104.7,360.55,3.17,36.0,82200.0
1990-06-24 11:00:00+00:00,25.18,44.3,77.15,120.12,46.55,358.0,2.62,31.0,82230.0
1990-06-24 12:00:00+00:00,24.12,52.5,3.6,4.73,3.3,357.45,1.86,20.0,82300.0
1990-06-24 13:00:00+00:00,21.91,66.35,0.0,0.0,0.0,345.85,1.59,10.0,82350.0
1990-06-24 14:00:00+00:00,21.23,63.9,0.0,0.0,0.0,343.3,1.45,4.0,82390.0
1990-06-24 15:00:00+00:00,20.63,63.8,0.0,0.0,0.0,334.0,1.45,345.0,82420.0
1990-06-24 16:00:00+00:00,19.93,65.95,0.0,0.0,0.0,335.55,1.45,319.0,82440.0
1990-06-24 17:00:00+00:00,18.69,72.95,0.0,0.0,0.0,338.65,1.59,305.0,82450.0
1990-06-24 18:00:00+00:00,17.56,80.85,0.0,0.0,0.0,348.15,1.79,305.0,82450.0
1990-06-24 19:00:00+00:00,17.33,83.65,0.0,0.0,0.0,356.65,1.93,297.0,82480.0
1990-06-24 20:00:00+00:00,17.18,83.65,0.0,0.0,0.0,361.1,2.14,309.0,82510.0
1990-06-24 21:00:00+00:00,17.09,83.65,0.0,0.0,0.0,359.4,2.14,321.0,82520.0
1990-06-24 22:00:00+00:00,17.04,80.8,22.6,0.0,22.6,358.6,2.0,329.0,82560.0
1990-06-24 23:00:00+00:00,17.47,80.85,98.95,28.83,92.65,364.0,1.86,340.0,82590.0
1990-06-25 00:00:00+00:00,18.84,75.55,218.1,170.77,148.25,367.7,1.72,350.0,82640.0
1990-06-25 01:00:00+00:00,19.82,68.2,315.1,162.74,219.3,367.25,2.69,354.0,82660.0
1990-06-25 02:00:00+00:00,20.29,65.95,373.1,164.98,250.3,364.8,3.24,356.0,82660.0
1990-06-25 03:00:00+00:00,20.65,63.8,558.65,406.19,207.15,369.65,3.24,2.0,82630.0
1990-06-25 04:00:00+00:00,21.55,59.7,636.05,366.07,290.65,365.55,3.72,11.0,82600.0
1990-06-25 05:00:00+00:00,22.36,59.8,610.35,325.57,293.4,376.0,3.93,23.0,82530.0
1990-06-25 06:00:00+00:00,23.03,56.0,460.45,243.58,228.25,379.1,3.86,29.0,82460.0
1990-06-25 07:00:00+00:00,23.24,54.1,488.05,288.91,232.6,375.85,4.55,26.0,82430.0
1990-06-25 08:00:00+00:00,23.32,54.1,462.45,352.82,190.45,381.65,4.69,31.0,82430.0
1990-06-25 09:00:00+00:00,23.47,52.35,344.25,319.6,145.7,377.0,4.34,44.0,82330.0
1990-06-25 10:00:00+00:00,23.45,52.35,168.05,162.12,95.85,370.4,4.07,53.0,82290.0
1990-06-25 11:00:00+00:00,23.02,54.1,66.45,88.16,43.95,369.85,3.79,46.0,82270.0
1990-06-25 12:00:00+00:00,22.2,59.8,2.8,2.35,2.65,369.25,3.17,33.0,82300.0
1990-06-25 13:00:00+00:00,21.22,63.9,0.0,0.0,0.0,378.95,2.83,25.0,82360.0
1990-06-25 14:00:00+00:00,20.57,66.05,0.0,0.0,0.0,388.0,2.62,32.0,82350.0
1990-06-25 15:00:00+00:00,19.97,70.7,0.0,0.0,0.0,383.95,2.21,39.0,82340.0
1990-06-25 16:00:00+00:00,19.32,78.3,0.0,0.0,0.0,375.65,1.93,35.0,82300.0
1990-06-25 17:00:00+00:00,18.63,78.25,0.0,0.0,0.0,358.0,2.07,31.0,82260.0
1990-06-25 18:00:00+00:00,18.08,80.9,0.0,0.0,0.0,356.5,2.14,46.0,82170.0
1990-06-25 19:00:00+00:00,17.48,83.7,0.0,0.0,0.0,355.9,2.14,42.0,82120.0
1990-06-25 20:00:00+00:00,16.83,86.55,0.0,0.0,0.0,345.25,2.07,45.0,82060.0
1990-06-25 21:00:00+00:00,16.36,86.55,0.0,0.0,0.0,349.3,1.93,40.0,82030.0
1990-06-25 22:00:00+00:00,16.05,89.6,36.45,0.0,36.45,351.05,1.93,32.0,82030.0
1990-06-25 23:00:00+00:00,16.7,89.65,89.75,16.08,86.25,359.2,2.07,25.0,82070.0
1990-06-26 00:00:00+00:00,17.7,86.65,99.7,1.1,99.25,359.4,2.9,24.0,82100.0
1990-06-26 01:00:00+00:00,17.55,83.7,147.85,6.97,143.75,385.8,4.21,19.0,82140.0
1990-06-26 02:00:00+00:00,16.98,83.65,128.2,0.94,127.5,383.75,6.62,6.0,82160.0
1990-06-26 03:00:00+00:00,15.52,86.5,132.55,4.45,128.7,381.65,8.34,3.0,82140.0
1990-06-26 04:00:00+00:00,14.79,80.55,102.8,0.0,102.8,378.95,8.69,4.0,82180.0
1990-06-26 05:00:00+00:00,14.43,75.0,163.75,19.88,144.4,371.55,7.31,8.0,82180.0
1990-06-26 06:00:00+00:00,14.5,75.0,297.9,56.8,243.75,365.95,7.17,11.0,82160.0
1990-06-26 07:00:00+00:00,14.91,69.9,217.2,34.38,186.8,367.9,8.28,10.0,82160.0
1990-06-26 08:00:00+00:00,14.8,72.4,199.2,42.92,166.1,367.9,7.24,13.0,82140.0
1990-06-26 09:00:00+00:00,14.83,69.9,134.45,14.88,125.2,366.15,6.28,16.0,82140.0
1990-06-26 10:00:00+00:00,14.72,72.4,82.35,61.69,54.85,365.55,4.97,19.0,82130.0
1990-06-26 11:00:00+00:00,14.69,72.4,25.15,12.91,21.85,362.5,4.0,20.0,82150.0
1990-06-26 12:00:00+00:00,14.39,72.4,1.05,0.0,1.05,363.85,2.97,13.0,82170.0
1990-06-26 13:00:00+00:00,14.06,77.65,0.0,0.0,0.0,366.15,2.34,359.0,82220.0
1990-06-26 14:00:00+00:00,13.89,80.45,0.0,0.0,0.0,367.3,1.79,354.0,82210.0
1990-06-26 15:00:00+00:00,13.87,80.45,0.0,0.0,0.0,366.15,1.52,335.0,82230.0
1990-06-26 16:00:00+00:00,13.81,83.35,0.0,0.0,0.0,366.95,1.1,311.0,82170.0
1990-06-26 17:00:00+00:00,13.78,83.35,0.0,0.0,0.0,367.1,0.83,313.0,82110.0
1990-06-26 18:00:00+00:00,13.7,83.35,0.0,0.0,0.0,363.25,0.76,329.0,82060.0
1990-06-26 19:00:00+00:00,13.46,83.35,0.0,0.0,0.0,366.15,1.66,8.0,82040.0
1990-06-26 20:00:00+00:00,13.37,83.35,0.0,0.0,0.0,367.1,2.07,15.0,82000.0
1990-06-26 21:00:00+00:00,13.27,83.25,0.0,0.0,0.0,366.15,2.41,18.0,81990.0
1990-06-26 22:00:00+00:00,13.14,83.25,5.6,0.0,5.6,364.2,2.69,15.0,82030.0
1990-06-26 23:00:00+00:00,13.03,83.25,17.05,0.0,17.05,364.2,3.17,13.0,82050.0
1990-06-27 00:00:00+00:00,13.02,80.35,30.9,0.0,30.9,362.85,3.52,10.0,82090.0
1990-06-27 01:00:00+00:00,13.2,80.35,36.5,1.96,35.35,362.4,3.79,359.0,82170.0
1990-06-27 02:00:00+00:00,12.96,83.25,41.6,0.0,41.6,361.1,3.31,358.0,82200.0
1990-06-27 03:00:00+00:00,13.09,83.25,67.3,0.0,67.3,359.4,2.9,359.0,82240.0
1990-06-27 04:00:00+00:00,13.46,80.4,40.0,0.0,40.0,358.6,2.69,356.0,82240.0
1990-06-27 05:00:00+00:00,13.51,83.35,121.35,1.39,120.0,358.4,2.34,349.0,82260.0
1990-06-27 06:00:00+00:00,14.12,77.65,91.65,0.0,91.65,357.25,2.55,346.0,82260.0
1990-06-27 07:00:00+00:00,13.62,77.6,120.25,3.11,117.5,356.65,2.97,4.0,82320.0
1990-06-27 08:00:00+00:00,13.89,74.95,214.6,54.96,172.2,356.1,2.76,7.0,82320.0
1990-06-27 09:00:00+00:00,14.46,72.4,241.15,160.46,141.35,353.4,2.69,12.0,82330.0
1990-06-27 10:00:00+00:00,15.03,69.9,213.65,234.36,109.1,341.55,2.14,19.0,82300.0
1990-06-27 11:00:00+00:00,15.34,69.9,88.55,160.01,47.6,329.0,1.52,25.0,82300.0
1990-06-27 12:00:00+00:00,14.96,69.9,4.0,6.99,3.55,306.35,0.41,150.0,82330.0
1990-06-27 13:00:00+00:00,13.63,80.4,0.0,0.0,0.0,296.3,1.86,207.0,82370.0
1990-06-27 14:00:00+00:00,12.45,83.25,0.0,0.0,0.0,293.0,2.41,230.0,82450.0
1990-06-27 15:00:00+00:00,11.75,86.15,0.0,0.0,0.0,292.6,2.62,243.0,82430.0
1990-06-27 16:00:00+00:00,11.41,83.1,0.0,0.0,0.0,295.1,2.83,246.0,82400.0
1990-06-27 17:00:00+00:00,11.24,86.1,0.0,0.0,0.0,300.35,2.76,246.0,82370.0
1990-06-27 18:00:00+00:00,10.96,86.1,0.0,0.0,0.0,298.6,2.62,244.0,82340.0
1990-06-27 19:00:00+00:00,10.36,86.05,0.0,0.0,0.0,287.95,2.28,242.0,82340.0
1990-06-27 20:00:00+00:00,9.85,86.0,0.0,0.0,0.0,287.75,2.28,242.0,82320.0
1990-06-27 21:00:00+00:00,9.26,89.15,0.0,0.0,0.0,281.75,2.28,241.0,82310.0
1990-06-27 22:00:00+00:00,8.68,92.4,41.8,0.0,41.8,279.25,2.14,243.0,82310.0
1990-06-27 23:00:00+00:00,9.58,92.45,222.9,591.71,95.3,286.4,1.93,241.0,82310.0
1990-06-28 00:00:00+00:00,13.31,77.6,428.4,748.01,124.55,287.55,2.07,233.0,82350.0
1990-06-28 01:00:00+00:00,16.16,70.0,612.5,777.89,156.5,295.45,2.48,241.0,82360.0
1990-06-28 02:00:00+00:00,17.99,65.55,768.4,786.7,184.45,301.9,2.55,250.0,82380.0
1990-06-28 03:00:00+00:00,19.57,59.25,908.75,848.04,176.2,309.65,1.93,250.0,82350.0
1990-06-28 04:00:00+00:00,20.92,51.75,978.15,852.13,175.0,315.05,1.17,243.0,82300.0
1990-06-28 05:00:00+00:00,21.91,45.1,993.25,859.88,156.55,316.4,0.21,201.0,82270.0
1990-06-28 06:00:00+00:00,22.7,42.1,885.9,766.87,154.85,322.4,0.62,55.0,82210.0
1990-06-28 07:00:00+00:00,22.97,39.3,817.15,754.96,149.3,322.2,1.1,36.0,82180.0
1990-06-28 08:00:00+00:00,23.35,37.9,643.2,669.89,126.25,323.95,1.52,61.0,82160.0
1990-06-28 09:00:00+00:00,23.47,36.7,478.25,601.31,104.1,332.1,2.0,64.0,82140.0
1990-06-28 10:00:00+00:00,23.28,36.55,275.25,435.38,80.9,317.0,2.48,60.0,82110.0
1990-06-28 11:00:00+00:00,22.75,39.15,93.6,190.88,44.7,316.2,2.34,54.0,82150.0
1990-06-28 12:00:00+00:00,21.3,53.6,3.95,8.52,3.4,313.9,1.52,53.0,82200.0
1990-06-28 13:00:00+00:00,21.12,40.2,0.0,0.0,0.0,314.65,0.62,66.0,82250.0
1990-06-28 14:00:00+00:00,20.21,41.45,0.0,0.0,0.0,304.6,0.34,227.0,82320.0
1990-06-28 15:00:00+00:00,19.0,45.95,0.0,0.0,0.0,306.15,1.03,246.0,82340.0
1990-06-28 16:00:00+00:00,16.19,62.85,0.0,0.0,0.0,306.95,1.59,255.0,82320.0
1990-06-28 17:00:00+00:00,14.54,69.85,0.0,0.0,0.0,308.3,1.79,265.0,82300.0
1990-06-28 18:00:00+00:00,13.5,74.85,0.0,0.0,0.0,306.35,1.93,274.0,82270.0
1990-06-28 19:00:00+00:00,12.86,77.5,0.0,0.0,0.0,301.3,2.07,277.0,82220.0
1990-06-28 20:00:00+00:00,12.01,80.2,0.0,0.0,0.0,298.05,2.07,278.0,82220.0
1990-06-28 21:00:00+00:00,11.36,83.1,0.0,0.0,0.0,295.5,2.07,274.0,82230.0
1990-06-28 22:00:00+00:00,10.95,86.1,40.0,0.0,40.0,297.65,2.0,272.0,82260.0
1990-06-28 23:00:00+00:00,12.16,86.2,220.0,552.71,101.4,304.8,1.52,272.0,82270.0
1990-06-29 00:00:00+00:00,15.95,77.85,443.8,825.57,109.3,301.3,1.1,272.0,82300.0
1990-06-29 01:00:00+00:00,19.57,55.2,533.65,565.96,202.4,299.7,0.69,269.0,82340.0
1990-06-29 02:00:00+00:00,21.18,46.5,632.2,485.96,271.85,331.9,0.34,290.0,82360.0
1990-06-29 03:00:00+00:00,22.32,41.95,853.9,692.39,256.2,341.4,0.55,345.0,82360.0
1990-06-29 04:00:00+00:00,23.54,35.4,823.7,639.24,221.45,341.4,0.97,9.0,82350.0
1990-06-29 05:00:00+00:00,24.15,33.0,973.4,811.3,184.15,335.55,1.38,23.0,82330.0
1990-06-29 06:00:00+00:00,24.91,31.95,878.2,684.2,226.0,336.35,1.93,30.0,82290.0
1990-06-29 07:00:00+00:00,25.27,27.7,720.5,498.48,279.5,336.75,2.55,19.0,82290.0
1990-06-29 08:00:00+00:00,25.31,26.7,471.35,270.97,262.2,349.7,2.9,26.0,82270.0
1990-06-29 09:00:00+00:00,24.93,26.7,325.75,212.95,193.2,360.75,3.1,25.0,82270.0
1990-06-29 10:00:00+00:00,24.31,30.7,197.05,146.77,131.5,360.35,3.52,25.0,82260.0
1990-06-29 11:00:00+00:00,23.27,37.9,60.3,31.4,52.25,354.95,3.45,25.0,82300.0
1990-06-29 12:00:00+00:00,21.65,46.6,2.95,0.77,2.9,357.45,2.97,26.0,82340.0
1990-06-29 13:00:00+00:00,19.65,61.4,0.0,0.0,0.0,347.95,2.21,25.0,82410.0
1990-06-29 14:00:00+00:00,19.42,57.2,0.0,0.0,0.0,357.05,1.24,18.0,82460.0
1990-06-29 15:00:00+00:00,19.92,49.7,0.0,0.0,0.0,355.5,0.83,340.0,82500.0
1990-06-29 16:00:00+00:00,18.54,59.05,0.0,0.0,0.0,345.65,1.17,282.0,82490.0
1990-06-29 17:00:00+00:00,16.68,75.25,0.0,0.0,0.0,345.05,1.45,265.0,82460.0
1990-06-29 18:00:00+00:00,15.57,80.6,0.0,0.0,0.0,333.45,1.66,250.0,82440.0
1990-06-29 19:00:00+00:00,14.38,83.45,0.0,0.0,0.0,317.55,1.93,249.0,82420.0
1990-06-29 20:00:00+00:00,14.22,86.4,0.0,0.0,0.0,336.35,1.93,249.0,82460.0
1990-06-29 21:00:00+00:00,14.15,86.4,0.0,0.0,0.0,341.95,1.79,247.0,82440.0
1990-06-29 22:00:00+00:00,13.93,83.4,28.15,0.0,28.15,334.2,1.79,242.0,82450.0
1990-06-29 23:00:00+00:00,14.46,83.45,140.65,226.28,92.35,331.5,1.52,235.0,82470.0
1990-06-30 00:00:00+00:00,16.8,75.25,297.0,374.92,145.5,339.25,1.38,225.0,82500.0
1990-06-30 01:00:00+00:00,18.59,59.05,391.15,441.61,133.1,338.2,1.31,225.0,82530.0
1990-06-30 02:00:00+00:00,19.59,55.2,620.25,599.74,176.0,340.8,1.38,228.0,82530.0
1990-06-30 03:00:00+00:00,20.96,48.2,653.05,459.58,256.6,336.15,1.24,224.0,82520.0
1990-06-30 04:00:00+00:00,21.95,43.5,778.45,592.22,220.75,345.05,1.03,198.0,82510.0
1990-06-30 05:00:00+00:00,23.03,39.3,811.3,648.89,180.2,345.45,1.38,165.0,82450.0
1990-06-30 06:00:00+00:00,23.89,38.05,827.2,680.38,178.7,345.25,1.79,155.0,82410.0
1990-06-30 07:00:00+00:00,24.27,34.25,719.75,589.0,198.65,340.8,1.31,181.0,82400.0
1990-06-30 08:00:00+00:00,24.56,33.15,525.9,483.88,152.35,343.5,1.59,141.0,82350.0
1990-06-30 09:00:00+00:00,24.56,33.15,424.55,461.29,137.35,339.45,2.0,132.0,82340.0
1990-06-30 10:00:00+00:00,24.52,33.15,213.1,269.04,92.9,340.4,2.34,123.0,82310.0
1990-06-30 11:00:00+00:00,23.97,36.8,79.9,111.52,51.3,341.2,1.93,104.0,82330.0
1990-06-30 12:00:00+00:00,22.75,48.55,3.9,6.96,3.45,335.55,1.45,76.0,82360.0
1990-06-30 13:00:00+00:00,20.62,59.5,0.0,0.0,0.0,317.95,1.31,78.0,82410.0
1990-06-30 14:00:00+00:00,21.26,43.25,0.0,0.0,0.0,314.1,0.97,92.0,82440.0
1990-06-30 15:00:00+00:00,20.51,44.7,0.0,0.0,0.0,308.3,0.34,80.0,82440.0
1990-06-30 16:00:00+00:00,16.74,58.25,0.0,0.0,0.0,289.28,0.01,150.0,82410.0
1990-06-30 17:00:00+00:00,16.82,58.87,0.0,0.0,0.0,295.16,0.14,167.0,82410.0
1990-06-30 18:00:00+00:00,16.9,59.5,0.0,0.0,0.0,301.05,0.26,127.0,82380.0
1990-06-30 19:00:00+00:00,16.98,60.12,0.0,0.0,0.0,306.93,0.39,261.0,82400.0
1990-06-30 20:00:00+00:00,17.07,60.74,0.0,0.0,0.0,312.82,0.51,238.0,82390.0
1990-06-30 21:00:00+00:00,17.15,61.36,0.0,0.0,0.0,318.7,0.64,210.0,82380.0
1990-06-30 22:00:00+00:00,17.23,61.98,34.9,0.0,34.9,324.59,0.77,204.0,82390.0
1990-06-30 23:00:00+00:00,17.31,62.6,228.0,697.68,79.9,330.48,0.89,172.0,82400.0
1990-07-01 00:00:00+00:00,17.39,63.22,63.3,14.44,57.5,336.36,1.02,269.0,82260.0
1990-07-01 01:00:00+00:00,17.47,63.84,123.95,24.9,109.45,342.25,1.15,260.0,82290.0
1990-07-01 02:00:00+00:00,17.55,64.47,143.5,8.86,136.95,348.13,1.27,251.0,82290.0
1990-07-01 03:00:00+00:00,17.63,65.09,214.55,31.87,187.1,354.02,1.4,232.0,82270.0
1990-07-01 04:00:00+00:00,17.71,65.71,301.85,62.5,243.05,359.9,1.53,162.0,82220.0
1990-07-01 05:00:00+00:00,17.79,66.33,581.3,246.66,341.55,365.79,1.65,145.0,82180.0
1990-07-01 06:00:00+00:00,17.88,66.95,751.4,570.23,208.05,371.68,1.78,151.0,82100.0
1990-07-01 07:00:00+00:00,17.96,67.57,593.45,393.48,245.35,377.56,1.9,176.0,82020.0
1990-07-01 08:00:00+00:00,22.77,45.25,551.85,453.57,201.65,366.15,2.07,168.0,81940.0
1990-07-01 09:00:00+00:00,23.58,42.35,442.3,510.78,124.2,363.85,2.34,157.0,81870.0
1990-07-01 10:00:00+00:00,23.79,42.35,245.45,321.22,101.9,341.55,2.55,151.0,81850.0
1990-07-01 11:00:00+00:00,23.51,43.75,94.45,176.84,49.1,338.1,2.55,149.0,81850.0
1990-07-01 12:00:00+00:00,22.77,46.85,4.15,7.76,3.65,329.95,2.28,137.0,81870.0
1990-07-01 13:00:00+00:00,21.35,55.55,0.0,0.0,0.0,323.55,1.93,120.0,81920.0
1990-07-01 14:00:00+00:00,19.54,68.2,0.0,0.0,0.0,316.05,1.86,107.0,81940.0
1990-07-01 15:00:00+00:00,17.97,75.45,0.0,0.0,0.0,315.05,1.45,113.0,81960.0
1990-07-01 16:00:00+00:00,17.47,72.8,0.0,0.0,0.0,311.4,1.17,128.0,81930.0
1990-07-01 17:00:00+00:00,17.47,70.3,0.0,0.0,0.0,309.25,0.83,144.0,81920.0
1990-07-01 18:00:00+00:00,16.92,72.7,0.0,0.0,0.0,306.95,0.55,172.0,81900.0
1990-07-01 19:00:00+00:00,16.26,72.65,0.0,0.0,0.0,298.4,0.69,235.0,81960.0
1990-07-01 20:00:00+00:00,15.7,75.15,0.0,0.0,0.0,296.5,0.97,252.0,81950.0
1990-07-01 21:00:00+00:00,15.08,75.1,0.0,0.0,0.0,295.1,0.9,265.0,81950.0
1990-07-01 22:00:00+00:00,14.67,75.0,32.65,0.0,32.65,294.35,0.62,265.0,81990.0
1990-07-01 23:00:00+00:00,14.78,75.0,238.45,786.88,73.4,294.95,0.28,235.0,82010.0
1990-07-02 00:00:00+00:00,16.84,78.0,441.15,857.15,97.8,299.4,0.48,150.0,82040.0
1990-07-02 01:00:00+00:00,19.78,59.25,636.35,897.0,114.95,307.25,1.1,150.0,82030.0
1990-07-02 02:00:00+00:00,21.89,51.9,801.7,913.51,127.35,316.4,1.24,164.0,81990.0
1990-07-02 03:00:00+00:00,23.86,43.9,922.3,914.14,135.55,325.3,1.72,164.0,81950.0
1990-07-02 04:00:00+00:00,25.66,37.2,987.6,897.39,143.8,334.4,2.14,153.0,81900.0
1990-07-02 05:00:00+00:00,27.26,29.3,992.95,875.45,142.3,343.7,2.62,141.0,81860.0
1990-07-02 06:00:00+00:00,28.36,25.55,913.2,784.16,166.15,346.0,2.97,135.0,81810.0
1990-07-02 07:00:00+00:00,29.13,25.7,796.1,724.56,155.15,353.2,3.17,136.0,81760.0
1990-07-02 08:00:00+00:00,29.62,23.15,628.5,576.95,183.05,359.95,3.93,132.0,81710.0
1990-07-02 09:00:00+00:00,29.66,21.5,413.4,421.19,151.1,353.4,3.72,129.0,81670.0
1990-07-02 10:00:00+00:00,29.19,19.85,193.5,153.41,124.95,358.6,3.38,124.0,81670.0
1990-07-02 11:00:00+00:00,28.58,21.25,54.15,6.05,52.6,372.95,3.79,122.0,81650.0
1990-07-02 12:00:00+00:00,27.57,24.4,3.15,0.0,3.15,368.3,3.31,112.0,81710.0
1990-07-02 13:00:00+00:00,26.2,29.05,0.0,0.0,0.0,365.75,3.03,113.0,81730.0
1990-07-02 14:00:00+00:00,24.92,34.4,0.0,0.0,0.0,362.3,2.97,123.0,81770.0
1990-07-02 15:00:00+00:00,23.68,39.45,0.0,0.0,0.0,359.95,2.9,141.0,81780.0
1990-07-02 16:00:00+00:00,22.61,45.25,0.0,0.0,0.0,361.5,2.97,159.0,81800.0
1990-07-02 17:00:00+00:00,21.62,51.9,0.0,0.0,0.0,362.85,2.62,166.0,81810.0
1990-07-02 18:00:00+00:00,20.41,63.7,0.0,0.0,0.0,362.65,1.72,150.0,81780.0
1990-07-02 19:00:00+00:00,20.29,63.7,0.0,0.0,0.0,370.6,1.45,92.0,81820.0
1990-07-02 20:00:00+00:00,19.31,68.1,0.0,0.0,0.0,366.55,1.59,73.0,81830.0
1990-07-02 21:00:00+00:00,18.6,68.05,0.0,0.0,0.0,357.25,1.93,63.0,81830.0
1990-07-02 22:00:00+00:00,18.2,65.65,29.6,0.0,29.6,359.4,2.21,58.0,81850.0
1990-07-02 23:00:00+00:00,18.28,65.65,113.15,35.27,105.8,352.2,2.41,52.0,81870.0
1990-07-03 00:00:00+00:00,19.61,61.4,261.6,149.63,201.85,356.3,3.24,49.0,81950.0
1990-07-03 01:00:00+00:00,20.81,55.45,326.05,109.97,262.25,348.85,4.76,53.0,81960.0
1990-07-03 02:00:00+00:00,21.49,53.6,342.8,36.21,316.1,362.85,5.24,53.0,81970.0
1990-07-03 03:00:00+00:00,21.87,51.9,310.85,10.29,302.0,373.3,5.86,47.0,81970.0
1990-07-03 04:00:00+00:00,21.79,51.9,332.35,27.35,306.65,375.05,6.0,43.0,81980.0
1990-07-03 05:00:00+00:00,21.77,51.9,249.85,9.78,240.35,380.1,6.07,40.0,81950.0
1990-07-03 06:00:00+00:00,21.0,55.45,179.45,6.88,172.9,387.45,6.14,35.0,81960.0
1990-07-03 07:00:00+00:00,18.02,68.05,109.95,15.09,96.6,372.15,5.24,36.0,82120.0
1990-07-03 08:00:00+00:00,17.84,70.35,136.6,21.24,120.2,379.5,4.55,45.0,82110.0
1990-07-03 09:00:00+00:00,17.83,72.9,140.2,54.52,106.25,378.75,4.14,48.0,82060.0
1990-07-03 10:00:00+00:00,17.79,72.9,76.75,38.28,59.65,376.6,3.24,44.0,82030.0
1990-07-03 11:00:00+00:00,17.66,72.9,25.5,14.64,21.75,375.45,2.76,39.0,82050.0
1990-07-03 12:00:00+00:00,17.48,75.4,1.55,0.78,1.5,377.75,2.41,41.0,82080.0
1990-07-03 13:00:00+00:00,17.23,78.1,0.0,0.0,0.0,374.1,1.79,42.0,82130.0
1990-07-03 14:00:00+00:00,16.96,80.8,0.0,0.0,0.0,360.35,1.03,21.0,82200.0
1990-07-03 15:00:00+00:00,16.42,89.65,0.0,0.0,0.0,346.2,0.62,352.0,82210.0
1990-07-03 16:00:00+00:00,16.36,80.75,0.0,0.0,0.0,328.6,0.28,306.0,82200.0
1990-07-03 17:00:00+00:00,15.46,89.55,0.0,0.0,0.0,329.2,0.83,257.0,82180.0
1990-07-03 18:00:00+00:00,14.2,92.7,0.0,0.0,0.0,313.9,1.45,255.0,82150.0
1990-07-03 19:00:00+00:00,13.17,92.65,0.0,0.0,0.0,301.1,1.45,263.0,82190.0
1990-07-03 20:00:00+00:00,12.44,95.95,0.0,0.0,0.0,297.25,1.59,262.0,82160.0
1990-07-03 21:00:00+00:00,11.82,95.9,0.0,0.0,0.0,295.9,1.66,264.0,82150.0
1990-07-03 22:00:00+00:00,11.17,95.9,32.9,0.0,32.9,294.35,1.59,260.0,82160.0
1990-07-03 23:00:00+00:00,11.74,95.9,217.6,636.9,85.75,302.85,1.38,252.0,82170.0
1990-07-04 00:00:00+00:00,14.64,89.5,397.5,666.94,132.05,314.65,1.31,243.0,82210.0
1990-07-04 01:00:00+00:00,17.45,78.1,589.6,747.87,156.55,325.45,1.45,244.0,82230.0
1990-07-04 02:00:00+00:00,19.33,65.75,765.6,788.29,185.15,316.2,1.24,260.0,82190.0
1990-07-04 03:00:00+00:00,20.95,53.5,872.0,747.05,230.15,322.8,0.83,295.0,82160.0
1990-07-04 04:00:00+00:00,22.3,45.1,870.1,659.45,250.75,332.65,0.97,2.0,82130.0
1990-07-04 05:00:00+00:00,23.28,40.75,909.85,670.39,258.95,339.05,1.45,30.0,82070.0
1990-07-04 06:00:00+00:00,24.23,35.5,852.35,596.3,284.55,339.85,1.66,41.0,82000.0
1990-07-04 07:00:00+00:00,25.22,32.1,772.2,618.72,225.05,342.55,2.83,51.0,82030.0
1990-07-04 08:00:00+00:00,25.62,29.95,621.6,541.59,203.55,339.65,2.9,64.0,81990.0
1990-07-04 09:00:00+00:00,25.63,28.9,456.2,489.97,151.15,338.3,2.9,74.0,81890.0
1990-07-04 10:00:00+00:00,25.51,29.85,263.35,348.54,107.7,339.45,2.9,86.0,81840.0
1990-07-04 11:00:00+00:00,25.0,29.7,88.35,122.34,57.05,329.75,2.83,97.0,81830.0
1990-07-04 12:00:00+00:00,23.92,35.4,3.95,1.58,3.85,328.6,2.55,117.0,81830.0
1990-07-04 13:00:00+00:00,22.64,39.15,0.0,0.0,0.0,330.35,2.14,135.0,81870.0
1990-07-04 14:00:00+00:00,21.15,53.6,0.0,0.0,0.0,334.2,1.59,141.0,81910.0
1990-07-04 15:00:00+00:00,20.04,59.35,0.0,0.0,0.0,324.35,1.17,152.0,81930.0
1990-07-04 16:00:00+00:00,19.41,57.1,0.0,0.0,0.0,320.3,1.1,169.0,81900.0
1990-07-04 17:00:00+00:00,18.28,59.05,0.0,0.0,0.0,314.85,1.31,179.0,81870.0
1990-07-04 18:00:00+00:00,17.37,63.2,0.0,0.0,0.0,310.6,1.31,186.0,81840.0
1990-07-04 19:00:00+00:00,17.57,58.9,0.0,0.0,0.0,319.5,1.1,183.0,81830.0
1990-07-04 20:00:00+00:00,17.34,60.95,0.0,0.0,0.0,318.15,0.83,182.0,81800.0
1990-07-04 21:00:00+00:00,16.81,63.05,0.0,0.0,0.0,316.4,0.62,178.0,81790.0
1990-07-04 22:00:00+00:00,16.19,62.95,37.45,0.0,37.45,311.55,0.48,166.0,81760.0
1990-07-04 23:00:00+00:00,16.07,65.25,217.5,599.78,94.2,305.95,0.21,148.0,81780.0
1990-07-05 00:00:00+00:00,17.44,72.8,431.1,823.48,104.45,313.7,0.48,133.0,81770.0
1990-07-05 01:00:00+00:00,20.41,49.7,630.0,887.2,117.3,316.7,1.03,138.0,81760.0
1990-07-05 02:00:00+00:00,22.59,40.6,783.3,878.87,137.0,319.7,1.45,149.0,81730.0
1990-07-05 03:00:00+00:00,24.58,35.65,918.85,914.71,133.65,330.15,2.0,155.0,81690.0
1990-07-05 04:00:00+00:00,26.54,30.1,968.7,836.61,183.45,337.5,2.55,151.0,81640.0
1990-07-05 05:00:00+00:00,27.96,26.4,983.9,849.2,159.75,347.0,2.97,146.0,81580.0
1990-07-05 06:00:00+00:00,29.05,23.85,832.95,613.29,249.15,354.35,3.1,140.0,81500.0
1990-07-05 07:00:00+00:00,29.29,22.2,750.6,646.58,178.95,365.55,2.69,127.0,81510.0
1990-07-05 08:00:00+00:00,29.71,19.95,620.9,617.96,144.0,359.2,2.97,124.0,81450.0
1990-07-05 09:00:00+00:00,29.85,19.25,446.4,493.0,139.55,356.5,3.38,122.0,81370.0
1990-07-05 10:00:00+00:00,29.66,19.25,246.35,345.93,91.95,352.4,3.79,124.0,81340.0
1990-07-05 11:00:00+00:00,28.89,20.6,93.35,176.52,48.25,350.5,4.14,131.0,81330.0
1990-07-05 12:00:00+00:00,27.76,23.6,4.0,9.54,3.4,347.2,4.07,133.0,81350.0
1990-07-05 13:00:00+00:00,26.09,29.05,0.0,0.0,0.0,334.4,3.52,136.0,81410.0
1990-07-05 14:00:00+00:00,24.64,33.15,0.0,0.0,0.0,329.0,3.1,146.0,81450.0
1990-07-05 15:00:00+00:00,23.05,39.3,0.0,0.0,0.0,323.55,2.62,155.0,81460.0
1990-07-05 16:00:00+00:00,21.21,49.95,0.0,0.0,0.0,319.1,2.14,161.0,81450.0
1990-07-05 17:00:00+00:00,19.43,61.3,0.0,0.0,0.0,315.05,1.66,162.0,81470.0
1990-07-05 18:00:00+00:00,18.5,61.2,0.0,0.0,0.0,312.35,1.38,148.0,81440.0
1990-07-05 19:00:00+00:00,17.63,63.3,0.0,0.0,0.0,309.25,1.17,154.0,81460.0
1990-07-05 20:00:00+00:00,17.28,63.2,0.0,0.0,0.0,306.95,0.9,136.0,81460.0
1990-07-05 21:00:00+00:00,16.65,65.35,0.0,0.0,0.0,304.6,0.9,128.0,81450.0
1990-07-05 22:00:00+00:00,16.17,67.65,30.15,0.0,30.15,302.85,0.76,132.0,81490.0
1990-07-05 23:00:00+00:00,16.15,67.65,232.95,793.29,71.05,302.1,0.48,141.0,81510.0
1990-07-06 00:00:00+00:00,18.09,63.4,434.95,860.0,95.0,306.95,0.69,144.0,81580.0
1990-07-06 01:00:00+00:00,21.12,49.95,629.95,899.79,111.05,316.7,1.1,135.0,81570.0
1990-07-06 02:00:00+00:00,23.76,40.9,796.15,915.26,124.0,328.0,1.66,135.0,81580.0
1990-07-06 03:00:00+00:00,26.34,33.55,920.75,924.72,127.7,338.85,2.83,134.0,81560.0
1990-07-06 04:00:00+00:00,28.66,25.7,981.55,884.12,152.25,349.7,4.21,134.0,81520.0
1990-07-06 05:00:00+00:00,30.26,21.6,995.0,884.18,137.3,354.55,5.03,130.0,81470.0
1990-07-06 06:00:00+00:00,31.27,19.55,925.25,808.38,156.0,357.45,5.45,128.0,81420.0
1990-07-06 07:00:00+00:00,31.79,16.95,828.1,782.3,136.65,362.3,5.86,126.0,81430.0
1990-07-06 08:00:00+00:00,31.97,16.95,673.85,713.21,123.6,359.0,6.07,126.0,81390.0
1990-07-06 09:00:00+00:00,31.75,16.95,472.85,566.24,120.55,358.4,6.14,127.0,81380.0
1990-07-06 10:00:00+00:00,31.12,18.05,249.45,310.64,110.9,359.2,6.07,127.0,81370.0
1990-07-06 11:00:00+00:00,30.14,20.05,73.4,59.4,58.25,360.95,5.93,130.0,81440.0
1990-07-06 12:00:00+00:00,28.85,23.85,3.15,0.0,3.15,372.75,5.45,134.0,81490.0
1990-07-06 13:00:00+00:00,27.63,27.35,0.0,0.0,0.0,369.05,4.76,136.0,81560.0
1990-07-06 14:00:00+00:00,26.45,31.2,0.0,0.0,0.0,355.5,4.07,137.0,81630.0
1990-07-06 15:00:00+00:00,25.17,34.5,0.0,0.0,0.0,339.85,3.31,138.0,81660.0
1990-07-06 16:00:00+00:00,23.8,39.45,0.0,0.0,0.0,330.75,2.9,139.0,81660.0
1990-07-06 17:00:00+00:00,22.33,43.5,0.0,0.0,0.0,329.4,2.55,137.0,81660.0
1990-07-06 18:00:00+00:00,20.58,49.8,0.0,0.0,0.0,320.5,2.07,131.0,81660.0
1990-07-06 19:00:00+00:00,18.92,56.95,0.0,0.0,0.0,310.6,1.72,133.0,81700.0
1990-07-06 20:00:00+00:00,18.22,56.95,0.0,0.0,0.0,308.1,1.52,126.0,81730.0
1990-07-06 21:00:00+00:00,17.53,58.9,0.0,0.0,0.0,306.55,1.31,123.0,81720.0
1990-07-06 22:00:00+00:00,17.32,63.2,29.6,0.0,29.6,304.8,1.17,128.0,81780.0
1990-07-06 23:00:00+00:00,16.95,65.35,226.55,749.7,74.7,306.75,1.03,127.0,81810.0
1990-07-07 00:00:00+00:00,19.35,57.1,428.45,831.23,101.05,313.1,1.52,126.0,81840.0
1990-07-07 01:00:00+00:00,21.96,48.3,624.9,878.77,119.2,321.75,2.21,132.0,81860.0
1990-07-07 02:00:00+00:00,24.53,36.8,762.25,795.46,178.9,329.75,3.52,144.0,81840.0
1990-07-07 03:00:00+00:00,26.82,28.1,694.9,569.57,206.9,340.0,4.0,148.0,81830.0
1990-07-07 04:00:00+00:00,27.98,23.6,838.4,626.55,251.1,368.3,4.07,148.0,81830.0
1990-07-07 05:00:00+00:00,29.68,19.95,865.65,714.18,173.2,371.0,4.48,143.0,81780.0
1990-07-07 06:00:00+00:00,31.05,18.05,943.25,853.63,131.25,377.2,5.31,148.0,81720.0
1990-07-07 07:00:00+00:00,32.22,15.85,832.45,800.83,124.85,356.85,6.14,145.0,81670.0
1990-07-07 08:00:00+00:00,32.42,16.45,675.45,730.05,112.4,358.8,6.14,145.0,81650.0
1990-07-07 09:00:00+00:00,32.25,17.1,479.8,617.01,96.1,359.2,6.07,144.0,81610.0
1990-07-07 10:00:00+00:00,31.66,18.3,283.3,465.18,76.0,357.05,6.0,142.0,81620.0
1990-07-07 11:00:00+00:00,30.61,21.6,98.4,220.19,42.35,354.75,6.14,141.0,81600.0
1990-07-07 12:00:00+00:00,29.11,25.7,3.85,9.73,3.25,349.1,5.93,139.0,81630.0
1990-07-07 13:00:00+00:00,27.61,27.35,0.0,0.0,0.0,346.8,5.45,135.0,81700.0
1990-07-07 14:00:00+00:00,26.3,31.2,0.0,0.0,0.0,341.4,5.1,138.0,81770.0
1990-07-07 15:00:00+00:00,25.1,34.5,0.0,0.0,0.0,339.45,4.41,142.0,81800.0
1990-07-07 16:00:00+00:00,23.85,39.45,0.0,0.0,0.0,336.75,3.93,149.0,81790.0
1990-07-07 17:00:00+00:00,22.68,45.25,0.0,0.0,0.0,333.65,3.31,148.0,81800.0
1990-07-07 18:00:00+00:00,21.53,51.75,0.0,0.0,0.0,334.0,2.48,140.0,81770.0
1990-07-07 19:00:00+00:00,20.41,55.3,0.0,0.0,0.0,331.3,1.93,128.0,81740.0
1990-07-07 20:00:00+00:00,19.34,59.15,0.0,0.0,0.0,325.1,1.59,113.0,81690.0
1990-07-07 21:00:00+00:00,18.73,63.4,0.0,0.0,0.0,321.85,1.31,107.0,81700.0
1990-07-07 22:00:00+00:00,18.5,61.2,28.75,0.0,28.75,320.3,1.03,109.0,81710.0
1990-07-07 23:00:00+00:00,18.63,61.2,202.8,560.3,90.2,320.85,0.76,87.0,81750.0
1990-07-08 00:00:00+00:00,20.57,51.65,389.5,641.92,137.6,334.0,1.52,62.0,81770.0
1990-07-08 01:00:00+00:00,22.94,43.65,586.1,757.66,151.05,343.8,2.9,54.0,81810.0
1990-07-08 02:00:00+00:00,25.02,35.65,700.3,693.98,192.1,356.5,3.93,46.0,81800.0
1990-07-08 03:00:00+00:00,26.68,29.15,725.15,546.12,257.7,363.85,5.03,40.0,81800.0
1990-07-08 04:00:00+00:00,27.6,27.35,819.4,554.02,300.45,373.3,5.59,31.0,81810.0
1990-07-08 05:00:00+00:00,28.28,26.5,852.35,618.79,252.7,375.25,6.07,23.0,81790.0
1990-07-08 06:00:00+00:00,28.97,25.7,749.5,470.11,302.5,383.55,5.59,25.0,81740.0
1990-07-08 07:00:00+00:00,30.18,23.25,762.4,660.51,179.0,394.4,4.9,33.0,81700.0
1990-07-08 08:00:00+00:00,30.96,21.75,549.85,501.28,163.4,379.1,4.69,28.0,81690.0
1990-07-08 09:00:00+00:00,31.03,20.95,281.2,260.98,119.0,388.0,4.69,27.0,81620.0
1990-07-08 10:00:00+00:00,30.78,20.2,126.4,83.45,89.25,397.1,4.48,31.0,81600.0
1990-07-08 11:00:00+00:00,30.28,20.85,48.8,41.94,38.15,396.35,4.07,33.0,81600.0
1990-07-08 12:00:00+00:00,29.84,21.5,2.3,2.46,2.15,398.1,3.59,31.0,81620.0
1990-07-08 13:00:00+00:00,29.08,22.2,0.0,0.0,0.0,382.2,2.83,24.0,81650.0
1990-07-08 14:00:00+00:00,27.91,23.6,0.0,0.0,0.0,357.45,2.34,19.0,81720.0
1990-07-08 15:00:00+00:00,26.47,26.95,0.0,0.0,0.0,360.55,2.07,14.0,81720.0
1990-07-08 16:00:00+00:00,25.06,30.8,0.0,0.0,0.0,347.2,1.86,11.0,81680.0
1990-07-08 17:00:00+00:00,24.08,31.85,0.0,0.0,0.0,335.2,1.86,1.0,81640.0
1990-07-08 18:00:00+00:00,23.28,34.0,0.0,0.0,0.0,331.3,1.79,349.0,81630.0
1990-07-08 19:00:00+00:00,21.54,41.7,0.0,0.0,0.0,354.55,2.55,287.0,81630.0
1990-07-08 20:00:00+00:00,20.55,44.7,0.0,0.0,0.0,347.55,2.21,283.0,81620.0
1990-07-08 21:00:00+00:00,19.76,49.55,0.0,0.0,0.0,352.2,2.0,274.0,81590.0
1990-07-08 22:00:00+00:00,18.99,53.0,25.9,0.0,25.9,345.05,2.21,267.0,81600.0
1990-07-08 23:00:00+00:00,19.1,51.25,192.05,565.13,79.4,340.4,2.07,258.0,81600.0
1990-07-09 00:00:00+00:00,22.11,41.95,337.7,478.35,150.7,340.4,2.14,251.0,81620.0
1990-07-09 01:00:00+00:00,24.2,35.5,364.7,273.69,207.9,363.75,2.9,239.0,81650.0
1990-07-09 02:00:00+00:00,24.69,34.4,458.75,230.44,290.25,374.45,3.86,248.0,81660.0
1990-07-09 03:00:00+00:00,25.11,34.5,368.1,122.04,263.75,381.65,4.28,265.0,81670.0
1990-07-09 04:00:00+00:00,24.37,38.15,457.15,177.83,290.7,385.5,3.79,289.0,81700.0
1990-07-09 05:00:00+00:00,24.36,38.15,561.05,235.46,333.0,383.75,3.1,327.0,81680.0
1990-07-09 06:00:00+00:00,24.94,36.95,539.8,241.32,310.45,389.4,3.59,14.0,81630.0
1990-07-09 07:00:00+00:00,25.45,32.1,521.45,313.18,244.95,379.9,5.52,15.0,81600.0
1990-07-09 08:00:00+00:00,24.9,34.4,389.45,210.17,227.5,381.85,5.79,17.0,81580.0
1990-07-09 09:00:00+00:00,24.32,35.5,369.7,312.84,175.4,386.3,5.93,21.0,81550.0
1990-07-09 10:00:00+00:00,23.94,36.7,144.65,80.18,109.0,371.0,6.28,22.0,81510.0
1990-07-09 11:00:00+00:00,22.41,40.5,50.85,26.45,44.15,371.95,5.93,29.0,81580.0
1990-07-09 12:00:00+00:00,21.07,44.85,2.4,1.67,2.3,359.55,4.76,35.0,81560.0
1990-07-09 13:00:00+00:00,20.06,49.7,0.0,0.0,0.0,358.2,4.14,30.0,81650.0
1990-07-09 14:00:00+00:00,19.17,55.05,0.0,0.0,0.0,362.5,3.72,31.0,81690.0
1990-07-09 15:00:00+00:00,18.48,56.95,0.0,0.0,0.0,365.75,2.69,33.0,81720.0
1990-07-09 16:00:00+00:00,17.72,61.05,0.0,0.0,0.0,366.75,1.86,47.0,81690.0
1990-07-09 17:00:00+00:00,17.04,65.45,0.0,0.0,0.0,370.4,1.17,57.0,81660.0
1990-07-09 18:00:00+00:00,16.56,67.75,0.0,0.0,0.0,362.65,0.76,88.0,81620.0
1990-07-09 19:00:00+00:00,14.95,80.55,0.0,0.0,0.0,356.85,1.72,195.0,81620.0
1990-07-09 20:00:00+00:00,14.97,80.55,0.0,0.0,0.0,355.7,1.86,226.0,81590.0
1990-07-09 21:00:00+00:00,15.0,80.6,0.0,0.0,0.0,355.1,1.66,249.0,81580.0
1990-07-09 22:00:00+00:00,14.86,83.45,28.95,0.0,28.95,347.55,1.24,249.0,81570.0
1990-07-09 23:00:00+00:00,14.98,80.6,190.65,433.57,104.95,337.1,1.31,240.0,81560.0
1990-07-10 00:00:00+00:00,16.15,72.65,323.75,404.34,166.3,323.2,1.52,234.0,81590.0
1990-07-10 01:00:00+00:00,17.8,65.55,498.25,461.96,234.2,344.2,1.86,214.0,81600.0
1990-07-10 02:00:00+00:00,19.47,61.3,630.0,545.74,231.55,343.3,2.07,205.0,81590.0
1990-07-10 03:00:00+00:00,21.04,53.6,706.3,558.38,229.35,349.5,1.59,196.0,81560.0
1990-07-10 04:00:00+00:00,22.45,52.0,973.85,828.31,199.15,348.95,1.24,174.0,81550.0
1990-07-10 05:00:00+00:00,24.31,44.05,884.5,706.96,200.2,349.5,1.24,134.0,81480.0
1990-07-10 06:00:00+00:00,25.6,38.55,795.2,512.78,308.1,354.15,1.79,99.0,81410.0
1990-07-10 07:00:00+00:00,26.69,32.5,737.5,567.17,237.0,356.65,2.69,81.0,81410.0
1990-07-10 08:00:00+00:00,27.38,29.3,634.05,627.69,150.65,361.1,3.45,80.0,81370.0
1990-07-10 09:00:00+00:00,27.53,28.25,431.95,515.23,112.2,343.7,4.07,84.0,81320.0
1990-07-10 10:00:00+00:00,27.1,29.3,263.9,414.03,80.05,343.1,4.55,93.0,81290.0
1990-07-10 11:00:00+00:00,26.17,34.8,76.15,138.2,41.25,350.1,4.83,107.0,81290.0
1990-07-10 12:00:00+00:00,24.31,47.25,2.95,1.69,2.85,343.7,5.1,123.0,81340.0
1990-07-10 13:00:00+00:00,22.49,59.8,0.0,0.0,0.0,358.8,5.1,134.0,81380.0
1990-07-10 14:00:00+00:00,21.26,66.15,0.0,0.0,0.0,361.7,4.76,138.0,81460.0
1990-07-10 15:00:00+00:00,20.44,73.2,0.0,0.0,0.0,366.35,3.72,131.0,81470.0
1990-07-10 16:00:00+00:00,19.77,75.7,0.0,0.0,0.0,365.2,2.97,119.0,81440.0
1990-07-10 17:00:00+00:00,19.2,81.05,0.0,0.0,0.0,363.65,2.34,107.0,81410.0
1990-07-10 18:00:00+00:00,18.84,83.8,0.0,0.0,0.0,372.55,1.93,101.0,81380.0
1990-07-10 19:00:00+00:00,18.17,81.0,0.0,0.0,0.0,353.4,1.86,106.0,81400.0
1990-07-10 20:00:00+00:00,17.71,83.75,0.0,0.0,0.0,355.7,1.59,99.0,81370.0
1990-07-10 21:00:00+00:00,17.36,86.65,0.0,0.0,0.0,358.4,1.31,98.0,81390.0
1990-07-10 22:00:00+00:00,17.12,86.65,10.15,0.0,10.15,361.3,1.31,94.0,81420.0
1990-07-10 23:00:00+00:00,17.16,86.65,33.7,1.02,33.5,364.6,1.45,90.0,81460.0
1990-07-11 00:00:00+00:00,17.36,86.65,58.0,0.13,57.95,368.5,1.52,87.0,81490.0
1990-07-11 01:00:00+00:00,17.54,83.75,126.75,29.46,109.95,369.95,1.86,75.0,81520.0
1990-07-11 02:00:00+00:00,18.09,81.0,165.2,18.24,151.9,372.15,2.21,71.0,81560.0
1990-07-11 03:00:00+00:00,18.44,78.25,201.4,36.92,169.9,373.1,2.62,58.0,81590.0
1990-07-11 04:00:00+00:00,18.69,78.25,243.25,29.64,215.55,372.95,3.17,45.0,81630.0
1990-07-11 05:00:00+00:00,18.98,75.55,231.15,20.73,211.1,382.2,3.93,30.0,81670.0
1990-07-11 06:00:00+00:00,18.18,72.95,223.1,10.32,213.3,373.1,4.55,27.0,81700.0
1990-07-11 07:00:00+00:00,17.8,72.9,147.85,13.49,135.95,370.2,4.55,7.0,81710.0
1990-07-11 08:00:00+00:00,17.66,70.35,144.55,0.58,144.1,372.55,4.69,5.0,81740.0
1990-07-11 09:00:00+00:00,17.61,70.35,105.05,27.66,87.9,379.7,4.14,3.0,81760.0
1990-07-11 10:00:00+00:00,17.51,70.35,63.7,0.0,63.7,371.75,3.31,19.0,81780.0
1990-07-11 11:00:00+00:00,17.37,75.4,29.25,14.1,25.7,375.05,2.21,50.0,81810.0
1990-07-11 12:00:00+00:00,17.05,75.4,1.75,2.58,1.6,369.45,1.52,105.0,81830.0
1990-07-11 13:00:00+00:00,16.64,80.8,0.0,0.0,0.0,358.8,1.03,139.0,81900.0
1990-07-11 14:00:00+00:00,16.33,86.55,0.0,0.0,0.0,356.85,0.48,169.0,81960.0
1990-07-11 15:00:00+00:00,16.39,86.55,0.0,0.0,0.0,369.05,0.62,268.0,81960.0
1990-07-11 16:00:00+00:00,16.09,86.55,0.0,0.0,0.0,357.25,0.97,288.0,81930.0
1990-07-11 17:00:00+00:00,15.89,89.6,0.0,0.0,0.0,359.4,0.9,283.0,81910.0
1990-07-11 18:00:00+00:00,15.34,92.75,0.0,0.0,0.0,336.95,0.9,258.0,81890.0
1990-07-11 19:00:00+00:00,14.22,89.5,0.0,0.0,0.0,316.4,1.52,237.0,81930.0
1990-07-11 20:00:00+00:00,13.67,92.65,0.0,0.0,0.0,320.65,1.45,231.0,81920.0
1990-07-11 21:00:00+00:00,13.13,92.65,0.0,0.0,0.0,316.05,1.31,222.0,81920.0
1990-07-11 22:00:00+00:00,12.65,95.95,27.1,0.0,27.1,310.8,1.24,222.0,81920.0
1990-07-11 23:00:00+00:00,12.99,92.65,202.8,654.0,75.8,302.65,1.03,231.0,81950.0
1990-07-12 00:00:00+00:00,15.37,83.5,388.45,698.92,118.5,307.5,1.38,226.0,81950.0
1990-07-12 01:00:00+00:00,17.09,75.4,585.9,800.63,130.45,314.6,1.86,227.0,81970.0
1990-07-12 02:00:00+00:00,18.55,68.05,761.65,830.08,157.5,317.95,2.0,225.0,81950.0
1990-07-12 03:00:00+00:00,20.08,61.5,860.9,808.71,171.65,328.4,1.93,226.0,81940.0
1990-07-12 04:00:00+00:00,21.48,57.55,919.4,751.53,217.65,332.85,1.17,228.0,81920.0
1990-07-12 05:00:00+00:00,22.65,50.3,924.5,768.59,181.5,340.4,0.14,232.0,81860.0
1990-07-12 06:00:00+00:00,23.73,45.5,771.1,496.86,299.65,347.4,0.69,65.0,81820.0
1990-07-12 07:00:00+00:00,23.87,47.15,785.95,659.24,204.85,362.1,1.72,78.0,81790.0
1990-07-12 08:00:00+00:00,24.63,42.65,577.35,500.13,192.7,353.55,2.34,86.0,81780.0
1990-07-12 09:00:00+00:00,24.76,42.65,485.45,616.95,103.3,362.5,2.9,98.0,81740.0
1990-07-12 10:00:00+00:00,24.85,41.15,278.6,453.32,77.95,335.4,3.24,102.0,81760.0
1990-07-12 11:00:00+00:00,24.39,42.5,89.7,197.0,40.3,333.65,3.24,100.0,81760.0
1990-07-12 12:00:00+00:00,23.22,48.7,3.2,7.91,2.75,332.3,2.55,93.0,81760.0
1990-07-12 13:00:00+00:00,21.78,57.65,0.0,0.0,0.0,329.95,2.28,94.0,81790.0
1990-07-12 14:00:00+00:00,20.01,70.65,0.0,0.0,0.0,324.15,1.86,97.0,81820.0
1990-07-12 15:00:00+00:00,19.13,70.55,0.0,0.0,0.0,321.05,1.38,105.0,81850.0
1990-07-12 16:00:00+00:00,18.6,68.05,0.0,0.0,0.0,318.75,1.24,112.0,81850.0
1990-07-12 17:00:00+00:00,17.56,70.35,0.0,0.0,0.0,316.8,1.31,114.0,81840.0
1990-07-12 18:00:00+00:00,16.93,75.3,0.0,0.0,0.0,314.5,1.17,120.0,81820.0
1990-07-12 19:00:00+00:00,17.44,67.85,0.0,0.0,0.0,312.55,0.41,83.0,81850.0
1990-07-12 20:00:00+00:00,16.73,70.2,0.0,0.0,0.0,311.95,0.62,95.0,81850.0
1990-07-12 21:00:00+00:00,16.04,72.65,0.0,0.0,0.0,309.05,0.69,120.0,81840.0
1990-07-12 22:00:00+00:00,15.43,77.8,27.25,0.0,27.25,307.5,0.62,135.0,81880.0
1990-07-12 23:00:00+00:00,15.31,80.6,196.45,523.15,95.8,309.45,0.41,125.0,81900.0
1990-07-13 00:00:00+00:00,16.89,78.0,328.85,347.23,195.3,320.5,0.83,105.0,81910.0
1990-07-13 01:00:00+00:00,18.61,70.45,488.65,376.06,275.25,333.35,1.38,109.0,81920.0
1990-07-13 02:00:00+00:00,20.25,65.95,624.35,411.0,325.7,346.4,1.86,109.0,81880.0
1990-07-13 03:00:00+00:00,21.89,61.85,705.4,350.46,407.05,357.65,2.41,116.0,81870.0
1990-07-13 04:00:00+00:00,23.47,58.0,746.4,341.28,428.0,365.0,3.24,127.0,81840.0
1990-07-13 05:00:00+00:00,24.93,52.6,790.75,385.39,418.45,376.8,3.86,130.0,81780.0
1990-07-13 06:00:00+00:00,26.3,44.55,477.4,117.21,366.25,382.2,4.55,129.0,81720.0
1990-07-13 07:00:00+00:00,25.42,47.5,372.6,71.35,309.75,387.45,4.48,147.0,81740.0
1990-07-13 08:00:00+00:00,24.32,52.5,368.7,180.09,230.3,388.4,4.41,155.0,81740.0
1990-07-13 09:00:00+00:00,23.59,56.15,226.05,112.41,156.5,383.4,3.31,148.0,81730.0
1990-07-13 10:00:00+00:00,22.97,59.95,121.85,97.44,78.8,377.95,2.34,125.0,81720.0
1990-07-13 11:00:00+00:00,22.64,59.95,34.85,40.64,24.7,381.05,1.79,83.0,81770.0
1990-07-13 12:00:00+00:00,21.73,66.25,1.6,1.8,1.5,377.2,2.55,47.0,81800.0
1990-07-13 13:00:00+00:00,20.58,70.8,0.0,0.0,0.0,370.8,2.83,35.0,81870.0
1990-07-13 14:00:00+00:00,19.93,75.7,0.0,0.0,0.0,366.55,2.62,40.0,81920.0
1990-07-13 15:00:00+00:00,19.39,78.3,0.0,0.0,0.0,367.3,2.48,48.0,81930.0
1990-07-13 16:00:00+00:00,18.78,78.25,0.0,0.0,0.0,373.1,2.21,56.0,81890.0
1990-07-13 17:00:00+00:00,18.2,81.0,0.0,0.0,0.0,370.2,2.07,75.0,81870.0
1990-07-13 18:00:00+00:00,17.61,83.75,0.0,0.0,0.0,367.9,1.72,79.0,81840.0
1990-07-13 19:00:00+00:00,17.37,86.65,0.0,0.0,0.0,374.1,1.17,111.0,81860.0
1990-07-13 20:00:00+00:00,17.15,86.65,0.0,0.0,0.0,374.45,1.31,104.0,81870.0
1990-07-13 21:00:00+00:00,17.01,86.65,0.0,0.0,0.0,376.8,1.1,94.0,81870.0
1990-07-13 22:00:00+00:00,16.95,89.65,0.0,0.0,0.0,377.0,0.9,86.0,81900.0
1990-07-13 23:00:00+00:00,17.06,89.7,59.4,90.79,42.1,373.9,0.76,72.0,81930.0
1990-07-14 00:00:00+00:00,17.7,83.75,135.7,128.74,86.4,372.35,1.03,81.0,81970.0
1990-07-14 01:00:00+00:00,18.39,78.25,261.95,187.53,155.8,371.7,1.1,96.0,82000.0
1990-07-14 02:00:00+00:00,19.17,75.65,523.65,439.19,205.05,374.3,1.52,118.0,82010.0
1990-07-14 03:00:00+00:00,20.54,68.4,617.05,442.49,240.8,369.05,2.41,134.0,82010.0
1990-07-14 04:00:00+00:00,21.61,64.0,573.65,322.97,272.6,370.4,2.76,131.0,81990.0
1990-07-14 05:00:00+00:00,22.23,61.95,659.05,382.77,289.55,379.3,2.9,122.0,81950.0
1990-07-14 06:00:00+00:00,22.94,59.95,585.75,306.71,295.1,377.95,3.03,113.0,81900.0
1990-07-14 07:00:00+00:00,22.58,57.9,506.75,265.08,273.4,381.65,3.38,133.0,81940.0
1990-07-14 08:00:00+00:00,22.97,57.9,485.85,378.33,195.35,383.75,3.31,128.0,81910.0
1990-07-14 09:00:00+00:00,23.32,56.0,318.5,265.62,154.35,375.85,3.59,125.0,81870.0
1990-07-14 10:00:00+00:00,23.06,54.1,226.1,302.34,92.8,377.4,3.86,126.0,81840.0
1990-07-14 11:00:00+00:00,22.44,59.8,82.8,159.05,43.25,356.3,4.07,129.0,81870.0
1990-07-14 12:00:00+00:00,21.21,68.5,2.7,5.51,2.4,345.25,3.59,134.0,81920.0
1990-07-14 13:00:00+00:00,19.75,75.7,0.0,0.0,0.0,337.5,2.76,137.0,81940.0
1990-07-14 14:00:00+00:00,18.62,81.0,0.0,0.0,0.0,333.85,2.14,132.0,81970.0
1990-07-14 15:00:00+00:00,17.49,86.65,0.0,0.0,0.0,329.0,1.72,128.0,81970.0
1990-07-14 16:00:00+00:00,16.38,92.8,0.0,0.0,0.0,325.1,1.31,122.0,81960.0
1990-07-14 17:00:00+00:00,15.7,92.75,0.0,0.0,0.0,319.3,1.1,123.0,81950.0
1990-07-14 18:00:00+00:00,15.54,92.75,0.0,0.0,0.0,315.85,0.76,132.0,81890.0
1990-07-14 19:00:00+00:00,15.83,92.75,0.0,0.0,0.0,314.3,0.69,132.0,81890.0
1990-07-14 20:00:00+00:00,14.95,96.0,0.0,0.0,0.0,316.4,0.97,138.0,81890.0
1990-07-14 21:00:00+00:00,14.0,96.0,0.0,0.0,0.0,312.15,1.1,146.0,81840.0
1990-07-14 22:00:00+00:00,13.82,99.4,0.0,0.0,0.0,308.3,0.97,158.0,81850.0
1990-07-14 23:00:00+00:00,14.27,99.35,208.3,705.4,75.2,308.65,0.62,185.0,81870.0
1990-07-15 00:00:00+00:00,16.12,89.65,387.1,702.26,119.35,314.85,0.62,180.0,81890.0
1990-07-15 01:00:00+00:00,18.13,81.0,580.65,803.0,127.3,330.25,0.76,146.0,81880.0
1990-07-15 02:00:00+00:00,20.36,75.75,718.7,763.33,165.9,330.55,1.1,154.0,81860.0
1990-07-15 03:00:00+00:00,22.06,64.1,779.95,654.74,223.9,347.4,1.31,147.0,81800.0
1990-07-15 04:00:00+00:00,23.46,58.0,884.9,724.23,210.45,360.15,2.14,125.0,81750.0
1990-07-15 05:00:00+00:00,24.72,50.8,925.2,734.09,217.1,357.05,2.97,119.0,81700.0
1990-07-15 06:00:00+00:00,25.73,46.0,802.65,499.38,329.75,362.45,3.38,116.0,81640.0
1990-07-15 07:00:00+00:00,26.02,46.0,727.6,546.31,247.05,373.9,3.45,99.0,81650.0
1990-07-15 08:00:00+00:00,26.36,43.05,581.2,485.77,208.55,371.75,3.86,100.0,81570.0
1990-07-15 09:00:00+00:00,26.41,43.05,398.4,415.45,142.0,372.15,3.93,101.0,81560.0
1990-07-15 10:00:00+00:00,26.07,44.45,225.55,280.96,101.95,365.0,3.93,105.0,81540.0
1990-07-15 11:00:00+00:00,25.5,45.9,77.45,121.01,47.5,363.05,3.66,117.0,81580.0
1990-07-15 12:00:00+00:00,24.34,52.5,2.35,0.94,2.3,355.5,2.9,129.0,81600.0
1990-07-15 13:00:00+00:00,22.99,62.05,0.0,0.0,0.0,351.65,2.28,137.0,81650.0
1990-07-15 14:00:00+00:00,21.53,73.35,0.0,0.0,0.0,349.1,1.86,136.0,81700.0
1990-07-15 15:00:00+00:00,20.28,78.45,0.0,0.0,0.0,348.75,1.79,129.0,81700.0
1990-07-15 16:00:00+00:00,19.13,81.05,0.0,0.0,0.0,341.4,1.79,129.0,81690.0
1990-07-15 17:00:00+00:00,18.27,83.8,0.0,0.0,0.0,341.0,1.52,128.0,81700.0
1990-07-15 18:00:00+00:00,17.86,83.75,0.0,0.0,0.0,332.85,1.24,122.0,81700.0
1990-07-15 19:00:00+00:00,18.03,75.55,0.0,0.0,0.0,321.85,0.69,116.0,81710.0
1990-07-15 20:00:00+00:00,17.28,80.85,0.0,0.0,0.0,318.95,0.62,108.0,81690.0
1990-07-15 21:00:00+00:00,16.58,83.65,0.0,0.0,0.0,316.8,0.62,104.0,81670.0
1990-07-15 22:00:00+00:00,16.04,83.6,0.0,0.0,0.0,321.05,0.55,110.0,81650.0
1990-07-15 23:00:00+00:00,16.02,86.55,179.5,460.17,93.55,324.55,0.48,90.0,81690.0
1990-07-16 00:00:00+00:00,17.62,80.9,333.45,452.11,161.85,331.1,0.76,82.0,81710.0
1990-07-16 01:00:00+00:00,19.57,73.15,472.75,427.82,231.85,349.8,1.24,70.0,81760.0
1990-07-16 02:00:00+00:00,21.33,66.15,580.5,461.38,246.95,360.35,1.72,48.0,81780.0
1990-07-16 03:00:00+00:00,22.88,57.9,516.75,307.23,256.15,365.75,3.03,32.0,81770.0
1990-07-16 04:00:00+00:00,24.01,50.55,667.5,394.84,300.15,370.8,4.48,21.0,81760.0
1990-07-16 05:00:00+00:00,25.13,42.75,596.0,336.42,271.75,374.3,5.59,18.0,81710.0
1990-07-16 06:00:00+00:00,25.74,38.55,791.15,557.4,263.7,384.35,5.93,18.0,81670.0
1990-07-16 07:00:00+00:00,25.03,44.15,710.95,608.02,176.55,367.9,6.41,25.0,81720.0
1990-07-16 08:00:00+00:00,25.47,41.25,604.75,585.04,156.4,353.75,6.21,28.0,81690.0
1990-07-16 09:00:00+00:00,25.72,38.55,287.45,281.7,113.85,360.35,6.07,31.0,81680.0
1990-07-16 10:00:00+00:00,25.0,41.15,218.75,303.06,85.75,366.35,5.45,34.0,81670.0
1990-07-16 11:00:00+00:00,24.55,42.5,67.3,127.93,35.8,365.75,4.83,36.0,81690.0
1990-07-16 12:00:00+00:00,23.72,45.5,1.7,0.97,1.65,371.75,3.79,38.0,81730.0
1990-07-16 13:00:00+00:00,22.65,50.3,0.0,0.0,0.0,350.1,2.9,41.0,81790.0
1990-07-16 14:00:00+00:00,21.56,57.65,0.0,0.0,0.0,349.3,2.07,33.0,81850.0
1990-07-16 15:00:00+00:00,20.42,65.95,0.0,0.0,0.0,349.9,1.72,13.0,81850.0
1990-07-16 16:00:00+00:00,19.67,68.2,0.0,0.0,0.0,352.6,1.79,358.0,81830.0
1990-07-16 17:00:00+00:00,19.02,68.1,0.0,0.0,0.0,343.9,1.72,342.0,81810.0
1990-07-16 18:00:00+00:00,18.59,68.05,0.0,0.0,0.0,351.45,1.66,340.0,81760.0
1990-07-16 19:00:00+00:00,17.49,75.4,0.0,0.0,0.0,344.5,1.52,0.0,81870.0
1990-07-16 20:00:00+00:00,17.15,72.8,0.0,0.0,0.0,330.15,1.31,349.0,81840.0
1990-07-16 21:00:00+00:00,17.12,72.8,0.0,0.0,0.0,331.1,1.1,332.0,81850.0
1990-07-16 22:00:00+00:00,16.99,72.8,0.0,0.0,0.0,340.8,0.9,314.0,81840.0
1990-07-16 23:00:00+00:00,17.07,72.8,143.5,406.58,68.35,334.4,0.62,308.0,81870.0
1990-07-17 00:00:00+00:00,17.99,80.9,305.45,494.7,118.55,341.95,0.62,328.0,81900.0
1990-07-17 01:00:00+00:00,20.12,61.5,392.65,411.34,161.65,358.9,1.03,14.0,81920.0
1990-07-17 02:00:00+00:00,21.16,55.55,405.35,245.47,228.2,366.55,1.72,22.0,81920.0
1990-07-17 03:00:00+00:00,21.85,53.75,637.45,412.39,288.1,379.1,1.59,22.0,81900.0
1990-07-17 04:00:00+00:00,23.1,47.0,844.3,623.54,264.75,379.3,1.1,18.0,81850.0
1990-07-17 05:00:00+00:00,24.53,44.05,928.0,778.39,178.4,366.35,0.9,16.0,81790.0
1990-07-17 06:00:00+00:00,26.06,37.2,739.4,588.57,182.9,359.75,1.52,8.0,81730.0
1990-07-17 07:00:00+00:00,27.49,31.5,648.3,436.54,264.95,380.45,1.72,48.0,81640.0
1990-07-17 08:00:00+00:00,28.06,29.4,533.0,397.96,228.35,364.0,2.0,62.0,81620.0
1990-07-17 09:00:00+00:00,28.36,26.5,305.65,191.04,188.1,374.85,2.9,64.0,81540.0
1990-07-17 10:00:00+00:00,28.15,26.5,138.5,38.84,121.5,376.8,3.03,56.0,81580.0
1990-07-17 11:00:00+00:00,27.65,26.4,69.85,74.73,51.55,372.95,3.1,48.0,81580.0
1990-07-17 12:00:00+00:00,26.89,29.15,1.8,0.0,1.8,358.2,2.83,38.0,81640.0
1990-07-17 13:00:00+00:00,25.88,32.25,0.0,0.0,0.0,364.6,3.38,24.0,81720.0
1990-07-17 14:00:00+00:00,24.74,34.4,0.0,0.0,0.0,379.3,4.83,12.0,81810.0
1990-07-17 15:00:00+00:00,22.95,37.75,0.0,0.0,0.0,376.2,5.93,10.0,81880.0
1990-07-17 16:00:00+00:00,20.81,48.05,0.0,0.0,0.0,378.55,5.17,9.0,81940.0
1990-07-17 17:00:00+00:00,18.53,61.2,0.0,0.0,0.0,377.2,4.21,5.0,81990.0
1990-07-17 18:00:00+00:00,17.06,70.3,0.0,0.0,0.0,370.0,2.83,359.0,82020.0
1990-07-17 19:00:00+00:00,16.21,75.25,0.0,0.0,0.0,367.7,1.86,346.0,82090.0
1990-07-17 20:00:00+00:00,16.02,77.95,0.0,0.0,0.0,367.7,1.86,346.0,82090.0
1990-07-17 21:00:00+00:00,15.84,80.65,0.0,0.0,0.0,367.3,2.14,355.0,82110.0
1990-07-17 22:00:00+00:00,15.46,83.5,0.0,0.0,0.0,364.0,2.97,354.0,82110.0
1990-07-17 23:00:00+00:00,15.19,80.6,24.2,0.0,24.2,361.5,2.34,347.0,82190.0
1990-07-18 00:00:00+00:00,15.19,83.5,58.55,0.0,58.55,359.2,1.24,327.0,82270.0
1990-07-18 01:00:00+00:00,15.64,75.15,125.25,0.18,125.15,358.9,1.03,303.0,82310.0
1990-07-18 02:00:00+00:00,16.02,70.1,288.0,14.71,277.4,359.0,0.83,284.0,82320.0
1990-07-18 03:00:00+00:00,16.84,67.75,488.95,103.9,401.05,359.0,0.83,267.0,82280.0
1990-07-18 04:00:00+00:00,17.86,63.3,548.75,156.27,403.65,358.8,1.24,298.0,82290.0
1990-07-18 05:00:00+00:00,18.48,61.2,485.1,116.46,373.05,363.25,2.07,310.0,82240.0
1990-07-18 06:00:00+00:00,18.85,61.2,512.0,254.73,271.35,361.1,2.07,308.0,82230.0
1990-07-18 07:00:00+00:00,19.0,59.05,504.65,286.49,253.3,361.9,2.9,298.0,82210.0
1990-07-18 08:00:00+00:00,19.42,59.15,503.1,413.66,186.8,351.05,2.62,284.0,82210.0
1990-07-18 09:00:00+00:00,19.76,59.25,393.85,400.56,147.8,355.7,2.14,281.0,82120.0
1990-07-18 10:00:00+00:00,19.89,59.25,222.65,286.25,97.7,343.1,1.59,287.0,82080.0
1990-07-18 11:00:00+00:00,19.79,59.25,77.8,141.71,43.3,327.45,1.1,296.0,82080.0
1990-07-18 12:00:00+00:00,19.41,61.3,2.15,3.11,2.0,320.1,0.9,262.0,82100.0
1990-07-18 13:00:00+00:00,18.22,68.05,0.0,0.0,0.0,311.75,1.86,244.0,82140.0
1990-07-18 14:00:00+00:00,16.85,75.3,0.0,0.0,0.0,303.05,2.28,244.0,82180.0
1990-07-18 15:00:00+00:00,15.87,77.85,0.0,0.0,0.0,302.5,2.41,245.0,82200.0
1990-07-18 16:00:00+00:00,14.91,80.55,0.0,0.0,0.0,297.05,2.34,245.0,82160.0
1990-07-18 17:00:00+00:00,14.14,80.45,0.0,0.0,0.0,299.2,2.28,245.0,82130.0
1990-07-18 18:00:00+00:00,13.47,80.4,0.0,0.0,0.0,293.2,2.28,248.0,82090.0
1990-07-18 19:00:00+00:00,13.01,77.5,0.0,0.0,0.0,284.65,2.69,250.0,82100.0
1990-07-18 20:00:00+00:00,12.26,80.2,0.0,0.0,0.0,283.3,2.34,250.0,82100.0
1990-07-18 21:00:00+00:00,11.51,80.15,0.0,0.0,0.0,281.4,2.07,246.0,82090.0
1990-07-18 22:00:00+00:00,10.94,83.05,0.0,0.0,0.0,280.2,1.86,243.0,82060.0
1990-07-18 23:00:00+00:00,11.42,86.1,219.0,838.81,67.3,280.2,1.59,244.0,82090.0
1990-07-19 00:00:00+00:00,15.06,75.1,425.85,892.21,91.95,284.3,1.38,238.0,82120.0
1990-07-19 01:00:00+00:00,18.12,56.95,625.4,923.91,109.4,290.8,1.72,238.0,82130.0
1990-07-19 02:00:00+00:00,19.8,53.25,796.25,936.81,122.65,299.55,2.0,238.0,82120.0
1990-07-19 03:00:00+00:00,21.09,49.95,921.45,936.26,130.4,307.5,1.79,226.0,82090.0
1990-07-19 04:00:00+00:00,22.2,45.1,991.25,923.74,134.45,313.9,1.45,204.0,82040.0
1990-07-19 05:00:00+00:00,23.15,40.75,1004.7,906.33,133.45,319.9,1.03,173.0,81980.0
1990-07-19 06:00:00+00:00,23.96,38.05,952.35,873.85,127.55,324.35,1.24,132.0,81910.0
1990-07-19 07:00:00+00:00,24.49,35.5,829.1,789.19,137.4,324.75,1.24,113.0,81920.0
1990-07-19 08:00:00+00:00,24.93,34.4,666.6,711.5,123.25,330.35,2.21,105.0,81880.0
1990-07-19 09:00:00+00:00,25.04,33.15,482.1,622.75,100.25,334.0,2.9,104.0,81830.0
1990-07-19 10:00:00+00:00,24.88,33.15,267.05,407.27,89.8,323.95,3.17,111.0,81830.0
1990-07-19 11:00:00+00:00,24.23,34.25,88.65,194.47,41.6,324.35,3.38,119.0,81830.0
1990-07-19 12:00:00+00:00,22.82,40.6,2.15,4.3,1.95,317.55,2.9,116.0,81870.0
1990-07-19 13:00:00+00:00,20.97,51.65,0.0,0.0,0.0,311.75,2.55,115.0,81900.0
1990-07-19 14:00:00+00:00,19.06,61.3,0.0,0.0,0.0,305.95,2.28,118.0,81950.0
1990-07-19 15:00:00+00:00,17.71,63.3,0.0,0.0,0.0,303.05,2.0,127.0,81960.0
1990-07-19 16:00:00+00:00,16.81,65.35,0.0,0.0,0.0,299.55,1.93,130.0,81940.0
1990-07-19 17:00:00+00:00,15.76,67.55,0.0,0.0,0.0,297.85,2.0,128.0,81930.0
1990-07-19 18:00:00+00:00,14.55,72.4,0.0,0.0,0.0,295.5,2.14,130.0,81890.0
1990-07-19 19:00:00+00:00,14.14,72.3,0.0,0.0,0.0,294.55,2.0,128.0,81910.0
1990-07-19 20:00:00+00:00,13.31,77.5,0.0,0.0,0.0,292.8,1.86,125.0,81850.0
1990-07-19 21:00:00+00:00,12.95,74.75,0.0,0.0,0.0,290.1,1.59,125.0,81850.0
1990-07-19 22:00:00+00:00,13.18,74.75,0.0,0.0,0.0,289.9,1.24,125.0,81830.0
1990-07-19 23:00:00+00:00,13.77,74.85,187.6,530.45,92.75,293.4,0.97,122.0,81870.0
1990-07-20 00:00:00+00:00,15.21,77.8,354.35,508.71,164.9,303.85,1.17,122.0,81870.0
1990-07-20 01:00:00+00:00,17.63,63.3,550.8,639.32,194.75,313.25,1.79,125.0,81850.0
1990-07-20 02:00:00+00:00,19.89,59.25,708.55,639.7,249.45,323.75,3.24,141.0,81810.0
1990-07-20 03:00:00+00:00,21.97,53.75,836.4,649.54,288.35,335.0,4.62,150.0,81770.0
1990-07-20 04:00:00+00:00,23.72,47.15,856.55,577.37,321.6,342.95,5.17,153.0,81690.0
1990-07-20 05:00:00+00:00,24.9,45.75,787.0,539.27,269.1,351.85,5.52,151.0,81600.0
1990-07-20 06:00:00+00:00,25.65,42.9,716.1,366.28,370.7,360.35,5.66,150.0,81520.0
1990-07-20 07:00:00+00:00,26.2,40.1,636.4,357.55,323.35,367.9,5.03,151.0,81570.0
1990-07-20 08:00:00+00:00,26.59,38.85,466.65,239.43,284.05,373.3,5.17,150.0,81550.0
1990-07-20 09:00:00+00:00,26.45,38.7,256.0,82.93,205.25,376.0,5.24,149.0,81500.0
1990-07-20 10:00:00+00:00,25.56,41.25,116.45,20.74,107.45,376.4,5.17,145.0,81500.0
1990-07-20 11:00:00+00:00,24.2,47.25,40.6,16.64,36.6,377.75,4.97,134.0,81540.0
1990-07-20 12:00:00+00:00,22.73,54.0,1.45,0.0,1.45,370.6,5.03,132.0,81540.0
1990-07-20 13:00:00+00:00,21.31,61.7,0.0,0.0,0.0,363.25,4.76,137.0,81560.0
1990-07-20 14:00:00+00:00,20.27,65.95,0.0,0.0,0.0,353.55,4.28,141.0,81610.0
1990-07-20 15:00:00+00:00,19.38,70.55,0.0,0.0,0.0,346.8,3.93,143.0,81630.0
1990-07-20 16:00:00+00:00,18.66,72.95,0.0,0.0,0.0,352.0,3.59,144.0,81620.0
1990-07-20 17:00:00+00:00,17.81,75.45,0.0,0.0,0.0,339.65,2.9,137.0,81600.0
1990-07-20 18:00:00+00:00,17.15,78.1,0.0,0.0,0.0,344.5,2.55,128.0,81580.0
1990-07-20 19:00:00+00:00,15.5,83.55,0.0,0.0,0.0,314.65,1.72,112.0,81600.0
1990-07-20 20:00:00+00:00,14.53,89.5,0.0,0.0,0.0,315.05,1.66,108.0,81590.0
1990-07-20 21:00:00+00:00,13.7,92.65,0.0,0.0,0.0,309.65,1.59,114.0,81610.0
1990-07-20 22:00:00+00:00,13.1,92.65,0.0,0.0,0.0,309.45,1.45,116.0,81620.0
1990-07-20 23:00:00+00:00,13.24,92.65,183.15,518.27,91.55,307.3,1.24,114.0,81630.0
1990-07-21 00:00:00+00:00,15.74,80.65,324.55,412.88,171.55,317.2,1.79,129.0,81680.0
1990-07-21 01:00:00+00:00,17.32,75.4,472.65,430.65,233.5,334.35,2.14,138.0,81670.0
1990-07-21 02:00:00+00:00,19.13,68.1,653.55,552.2,258.0,348.35,2.55,145.0,81670.0
1990-07-21 03:00:00+00:00,21.19,59.6,788.05,594.91,286.8,346.8,2.76,149.0,81640.0
1990-07-21 04:00:00+00:00,23.02,52.1,840.4,584.66,299.3,365.0,2.76,145.0,81610.0
1990-07-21 05:00:00+00:00,24.63,44.15,712.05,396.07,332.05,377.2,2.97,132.0,81540.0
1990-07-21 06:00:00+00:00,25.63,39.95,661.0,368.72,313.65,374.65,3.45,126.0,81500.0
1990-07-21 07:00:00+00:00,25.46,41.25,641.95,457.77,241.6,387.45,3.93,118.0,81480.0
1990-07-21 08:00:00+00:00,25.73,41.4,473.8,288.62,254.0,382.2,4.14,116.0,81460.0
1990-07-21 09:00:00+00:00,25.55,42.75,343.8,295.87,163.1,382.2,4.62,115.0,81430.0
1990-07-21 10:00:00+00:00,25.07,44.15,180.35,212.31,88.55,369.45,5.03,114.0,81440.0
1990-07-21 11:00:00+00:00,23.98,50.55,63.35,109.37,37.25,370.4,5.52,114.0,81460.0
1990-07-21 12:00:00+00:00,22.64,55.9,1.4,2.34,1.3,362.65,5.24,117.0,81490.0
1990-07-21 13:00:00+00:00,21.32,61.7,0.0,0.0,0.0,354.95,4.62,125.0,81540.0
1990-07-21 14:00:00+00:00,20.28,68.3,0.0,0.0,0.0,343.9,3.86,134.0,81600.0
1990-07-21 15:00:00+00:00,19.44,73.05,0.0,0.0,0.0,343.9,2.9,138.0,81630.0
1990-07-21 16:00:00+00:00,18.48,78.25,0.0,0.0,0.0,338.5,2.14,126.0,81590.0
1990-07-21 17:00:00+00:00,17.24,83.7,0.0,0.0,0.0,327.85,1.66,118.0,81560.0
1990-07-21 18:00:00+00:00,16.2,89.65,0.0,0.0,0.0,321.45,1.17,111.0,81520.0
1990-07-21 19:00:00+00:00,15.94,86.5,0.0,0.0,0.0,316.8,0.83,97.0,81560.0
1990-07-21 20:00:00+00:00,14.88,92.7,0.0,0.0,0.0,316.05,1.1,98.0,81560.0
1990-07-21 21:00:00+00:00,14.31,96.0,0.0,0.0,0.0,315.25,1.1,107.0,81560.0
1990-07-21 22:00:00+00:00,14.17,96.0,0.0,0.0,0.0,315.45,0.97,114.0,81570.0
1990-07-21 23:00:00+00:00,14.35,96.0,184.25,600.37,79.4,316.05,0.76,113.0,81620.0
1990-07-22 00:00:00+00:00,16.24,89.65,360.3,672.64,112.3,322.2,1.03,120.0,81660.0
1990-07-22 01:00:00+00:00,18.42,78.25,566.35,756.46,147.5,329.3,1.38,139.0,81660.0
1990-07-22 02:00:00+00:00,20.7,66.05,753.45,852.2,144.2,343.5,1.59,151.0,81650.0
1990-07-22 03:00:00+00:00,23.06,56.0,887.7,877.38,149.5,345.45,1.72,157.0,81640.0
1990-07-22 04:00:00+00:00,25.19,47.5,960.45,866.11,159.8,355.1,1.72,153.0,81590.0
1990-07-22 05:00:00+00:00,26.99,41.65,974.7,866.88,143.85,364.0,1.72,141.0,81520.0
1990-07-22 06:00:00+00:00,28.44,35.3,917.6,831.02,135.55,366.75,2.14,126.0,81460.0
1990-07-22 07:00:00+00:00,29.33,33.05,769.75,687.15,169.5,375.25,2.97,113.0,81430.0
1990-07-22 08:00:00+00:00,29.97,30.9,614.15,616.37,145.45,377.2,3.79,107.0,81390.0
1990-07-22 09:00:00+00:00,30.14,29.95,403.2,452.15,127.65,390.35,4.48,104.0,81350.0
1990-07-22 10:00:00+00:00,29.6,31.85,249.1,397.7,77.75,381.85,5.17,108.0,81340.0
1990-07-22 11:00:00+00:00,28.6,35.3,82.2,189.99,37.2,371.2,5.52,119.0,81340.0
1990-07-22 12:00:00+00:00,27.05,41.65,1.35,0.0,1.35,358.4,5.03,133.0,81390.0
1990-07-22 13:00:00+00:00,25.54,47.5,0.0,0.0,0.0,354.95,5.1,146.0,81460.0
1990-07-22 14:00:00+00:00,24.27,50.7,0.0,0.0,0.0,352.0,4.9,152.0,81570.0
1990-07-22 15:00:00+00:00,22.93,55.9,0.0,0.0,0.0,348.35,4.62,148.0,81600.0
1990-07-22 16:00:00+00:00,21.58,61.85,0.0,0.0,0.0,346.2,4.0,142.0,81610.0
1990-07-22 17:00:00+00:00,20.26,70.7,0.0,0.0,0.0,333.65,3.17,133.0,81630.0
1990-07-22 18:00:00+00:00,19.18,78.3,0.0,0.0,0.0,334.6,2.62,116.0,81630.0
1990-07-22 19:00:00+00:00,18.3,81.0,0.0,0.0,0.0,339.45,2.41,99.0,81680.0
1990-07-22 20:00:00+00:00,17.71,83.75,0.0,0.0,0.0,348.55,2.14,96.0,81720.0
1990-07-22 21:00:00+00:00,17.07,89.7,0.0,0.0,0.0,344.5,1.86,92.0,81730.0
1990-07-22 22:00:00+00:00,16.9,92.8,0.0,0.0,0.0,361.1,1.79,85.0,81770.0
1990-07-22 23:00:00+00:00,16.98,92.8,123.3,183.75,91.6,354.15,1.72,74.0,81790.0
1990-07-23 00:00:00+00:00,18.44,81.0,264.65,288.44,158.85,381.85,2.14,69.0,81850.0
1990-07-23 01:00:00+00:00,19.86,75.7,381.15,368.53,177.7,377.1,2.62,62.0,81870.0
1990-07-23 02:00:00+00:00,21.18,68.5,402.95,274.49,207.1,375.45,3.72,49.0,81870.0
1990-07-23 03:00:00+00:00,22.17,61.95,317.2,101.11,232.25,388.8,4.41,47.0,81900.0
1990-07-23 04:00:00+00:00,22.49,61.95,227.75,20.69,208.65,397.1,5.03,46.0,81890.0
1990-07-23 05:00:00+00:00,22.13,61.95,142.75,15.93,127.5,401.95,4.62,45.0,81900.0
1990-07-23 06:00:00+00:00,21.15,68.5,97.45,4.84,92.9,398.45,4.41,41.0,81950.0
1990-07-23 07:00:00+00:00,21.35,68.5,168.25,62.93,113.35,402.35,3.59,49.0,81950.0
1990-07-23 08:00:00+00:00,21.76,66.25,76.3,1.51,75.15,396.75,4.28,40.0,81960.0
1990-07-23 09:00:00+00:00,21.35,68.5,72.8,7.89,68.0,399.05,4.07,41.0,81950.0
1990-07-23 10:00:00+00:00,21.13,68.5,66.45,28.66,54.15,397.9,3.79,41.0,81960.0
1990-07-23 11:00:00+00:00,20.92,73.3,23.0,30.64,15.8,398.65,3.45,42.0,81960.0
1990-07-23 12:00:00+00:00,20.55,73.3,0.45,0.0,0.45,392.1,2.62,44.0,82000.0
1990-07-23 13:00:00+00:00,20.14,78.45,0.0,0.0,0.0,388.2,1.79,39.0,82050.0
1990-07-23 14:00:00+00:00,19.72,83.9,0.0,0.0,0.0,383.95,1.45,34.0,82100.0
1990-07-23 15:00:00+00:00,19.35,86.8,0.0,0.0,0.0,385.5,1.03,37.0,82120.0
1990-07-23 16:00:00+00:00,19.07,86.8,0.0,0.0,0.0,383.0,0.97,55.0,82100.0
1990-07-23 17:00:00+00:00,18.82,89.75,0.0,0.0,0.0,383.75,0.97,74.0,82080.0
1990-07-23 18:00:00+00:00,18.33,89.75,0.0,0.0,0.0,368.3,0.76,78.0,82050.0
1990-07-23 19:00:00+00:00,17.74,83.75,0.0,0.0,0.0,355.7,0.97,9.0,82070.0
1990-07-23 20:00:00+00:00,18.0,78.25,0.0,0.0,0.0,365.0,0.41,338.0,82080.0
1990-07-23 21:00:00+00:00,17.86,80.9,0.0,0.0,0.0,366.95,0.55,314.0,82080.0
1990-07-23 22:00:00+00:00,17.69,83.75,0.0,0.0,0.0,368.85,0.69,327.0,82100.0
1990-07-23 23:00:00+00:00,17.65,83.75,96.2,188.71,64.05,363.25,0.69,337.0,82120.0
1990-07-24 00:00:00+00:00,18.81,81.0,198.7,235.96,112.6,370.4,0.41,345.0,82110.0
1990-07-24 01:00:00+00:00,19.84,75.7,399.1,391.72,183.5,375.55,0.21,30.0,82120.0
1990-07-24 02:00:00+00:00,21.09,68.5,571.6,550.72,179.45,371.4,0.07,60.0,82110.0
1990-07-24 03:00:00+00:00,22.56,59.95,606.65,379.73,288.1,375.65,0.55,40.0,82100.0
1990-07-24 04:00:00+00:00,23.9,54.2,619.75,392.65,257.65,382.6,1.45,53.0,82070.0
1990-07-24 05:00:00+00:00,25.1,49.2,581.6,313.54,281.75,403.1,2.21,65.0,82030.0
1990-07-24 06:00:00+00:00,26.06,46.0,464.05,185.36,290.0,405.05,2.55,77.0,81980.0
1990-07-24 07:00:00+00:00,26.49,44.55,495.9,365.37,177.55,411.85,3.59,59.0,81990.0
1990-07-24 08:00:00+00:00,27.19,40.35,274.5,148.96,161.6,401.4,4.0,54.0,81980.0
1990-07-24 09:00:00+00:00,27.02,41.65,257.65,240.13,112.0,407.2,4.21,51.0,81960.0
1990-07-24 10:00:00+00:00,26.71,41.65,98.15,81.98,63.1,391.9,5.1,36.0,81990.0
1990-07-24 11:00:00+00:00,25.1,47.5,36.8,48.7,25.45,398.65,6.0,13.0,82070.0
1990-07-24 12:00:00+00:00,22.88,57.9,0.55,0.0,0.55,395.4,6.97,0.0,82110.0
1990-07-24 13:00:00+00:00,21.09,66.15,0.0,0.0,0.0,388.0,6.97,360.0,82210.0
1990-07-24 14:00:00+00:00,20.24,68.3,0.0,0.0,0.0,388.2,6.0,2.0,82270.0
1990-07-24 15:00:00+00:00,19.66,68.2,0.0,0.0,0.0,372.35,4.69,6.0,82300.0
1990-07-24 16:00:00+00:00,19.19,70.55,0.0,0.0,0.0,361.3,3.66,12.0,82290.0
1990-07-24 17:00:00+00:00,18.82,72.95,0.0,0.0,0.0,360.15,2.83,22.0,82280.0
1990-07-24 18:00:00+00:00,18.35,72.95,0.0,0.0,0.0,359.4,2.28,26.0,82270.0
1990-07-24 19:00:00+00:00,17.44,80.85,0.0,0.0,0.0,383.95,1.38,2.0,82340.0
1990-07-24 20:00:00+00:00,17.3,80.85,0.0,0.0,0.0,382.6,0.83,323.0,82340.0
1990-07-24 21:00:00+00:00,17.23,78.1,0.0,0.0,0.0,379.9,1.03,289.0,82310.0
1990-07-24 22:00:00+00:00,17.27,75.4,0.0,0.0,0.0,378.15,1.38,236.0,82330.0
1990-07-24 23:00:00+00:00,17.34,78.1,39.4,3.86,38.75,375.25,1.79,230.0,82340.0
1990-07-25 00:00:00+00:00,17.82,75.45,70.6,9.51,67.15,374.5,2.14,239.0,82350.0
1990-07-25 01:00:00+00:00,18.59,75.55,122.0,2.19,120.8,375.15,2.48,240.0,82420.0
1990-07-25 02:00:00+00:00,19.24,70.55,145.95,0.14,145.85,376.4,2.83,237.0,82400.0
1990-07-25 03:00:00+00:00,19.72,68.2,303.45,32.65,276.1,373.3,3.66,232.0,82440.0
1990-07-25 04:00:00+00:00,20.89,59.5,496.75,134.85,372.55,373.9,4.14,235.0,82410.0
1990-07-25 05:00:00+00:00,22.23,50.2,567.3,144.62,429.15,369.65,4.14,240.0,82360.0
1990-07-25 06:00:00+00:00,23.23,43.75,794.6,547.2,281.4,371.0,4.07,245.0,82330.0
1990-07-25 07:00:00+00:00,24.99,38.3,713.65,599.59,191.95,364.6,1.66,267.0,82250.0
1990-07-25 08:00:00+00:00,25.68,35.9,612.65,652.42,119.05,367.9,0.97,254.0,82210.0
1990-07-25 09:00:00+00:00,26.03,34.65,438.2,553.3,103.45,343.1,0.69,247.0,82170.0
1990-07-25 10:00:00+00:00,26.11,32.35,252.75,405.76,80.0,342.75,0.62,226.0,82150.0
1990-07-25 11:00:00+00:00,25.82,33.4,75.5,165.37,37.3,343.9,0.69,219.0,82170.0
1990-07-25 12:00:00+00:00,24.81,38.3,0.95,0.0,0.95,337.7,0.97,210.0,82180.0
1990-07-25 13:00:00+00:00,23.3,47.0,0.0,0.0,0.0,329.95,2.28,236.0,82300.0
1990-07-25 14:00:00+00:00,21.59,51.9,0.0,0.0,0.0,325.1,2.83,249.0,82350.0
1990-07-25 15:00:00+00:00,20.39,57.3,0.0,0.0,0.0,336.75,2.76,261.0,82320.0
1990-07-25 16:00:00+00:00,19.08,61.3,0.0,0.0,0.0,324.35,2.48,266.0,82300.0
1990-07-25 17:00:00+00:00,17.94,67.95,0.0,0.0,0.0,320.3,2.07,267.0,82290.0
1990-07-25 18:00:00+00:00,17.02,67.85,0.0,0.0,0.0,323.4,1.93,259.0,82240.0
1990-07-25 19:00:00+00:00,15.79,72.55,0.0,0.0,0.0,312.95,2.28,254.0,82240.0
1990-07-25 20:00:00+00:00,14.86,75.0,0.0,0.0,0.0,304.8,2.41,254.0,82220.0
1990-07-25 21:00:00+00:00,14.06,74.95,0.0,0.0,0.0,299.55,2.55,253.0,82210.0
1990-07-25 22:00:00+00:00,13.34,77.5,0.0,0.0,0.0,296.65,2.62,254.0,82220.0
1990-07-25 23:00:00+00:00,13.49,74.85,205.95,856.7,63.75,295.1,2.55,254.0,82220.0
1990-07-26 00:00:00+00:00,17.16,65.45,414.4,902.23,88.7,297.65,2.34,251.0,82250.0
1990-07-26 01:00:00+00:00,21.62,46.6,617.3,935.54,105.55,304.5,2.48,250.0,82250.0
1990-07-26 02:00:00+00:00,24.28,35.5,790.6,949.13,117.55,312.95,2.48,262.0,82230.0
1990-07-26 03:00:00+00:00,26.25,29.05,920.65,952.18,124.35,320.5,2.41,294.0,82210.0
1990-07-26 04:00:00+00:00,27.83,23.6,980.85,919.83,134.75,326.1,3.03,324.0,82180.0
1990-07-26 05:00:00+00:00,29.15,19.85,1004.6,918.42,128.35,330.55,3.79,340.0,82110.0
1990-07-26 06:00:00+00:00,30.25,16.0,950.35,880.39,125.7,331.5,4.62,348.0,82040.0
1990-07-26 07:00:00+00:00,30.85,15.55,833.85,816.78,124.2,337.5,5.45,350.0,82010.0
1990-07-26 08:00:00+00:00,31.09,15.55,678.05,756.53,106.75,337.3,5.72,354.0,82000.0
1990-07-26 09:00:00+00:00,30.95,14.95,481.35,642.7,93.55,335.0,5.79,358.0,81940.0
1990-07-26 10:00:00+00:00,30.46,16.0,271.35,470.53,71.9,332.85,5.72,3.0,81940.0
1990-07-26 11:00:00+00:00,29.42,17.7,82.4,206.67,35.1,328.8,5.24,9.0,81920.0
1990-07-26 12:00:00+00:00,27.87,19.6,0.85,0.0,0.85,323.55,4.07,19.0,81950.0
1990-07-26 13:00:00+00:00,26.49,22.4,0.0,0.0,0.0,318.75,3.1,27.0,81980.0
1990-07-26 14:00:00+00:00,24.68,31.95,0.0,0.0,0.0,316.2,2.14,32.0,82030.0
1990-07-26 15:00:00+00:00,24.87,27.6,0.0,0.0,0.0,314.65,0.9,41.0,82030.0
1990-07-26 16:00:00+00:00,24.38,25.5,0.0,0.0,0.0,311.95,0.21,224.0,81980.0
1990-07-26 17:00:00+00:00,23.11,29.3,0.0,0.0,0.0,312.95,1.03,240.0,81990.0
1990-07-26 18:00:00+00:00,19.14,45.95,0.0,0.0,0.0,307.7,1.72,252.0,81970.0
1990-07-26 19:00:00+00:00,17.15,50.85,0.0,0.0,0.0,310.2,2.14,264.0,81990.0
1990-07-26 20:00:00+00:00,15.93,56.35,0.0,0.0,0.0,307.3,2.28,267.0,82000.0
1990-07-26 21:00:00+00:00,14.98,56.25,0.0,0.0,0.0,308.65,2.34,267.0,82010.0
1990-07-26 22:00:00+00:00,14.23,60.3,0.0,0.0,0.0,307.5,2.28,267.0,82010.0
1990-07-26 23:00:00+00:00,14.28,60.3,196.15,780.1,68.4,306.95,2.07,266.0,82050.0
1990-07-27 00:00:00+00:00,17.87,52.9,401.9,861.23,92.7,307.5,1.52,260.0,82090.0
1990-07-27 01:00:00+00:00,23.74,29.45,599.75,881.1,119.3,317.7,1.45,252.0,82080.0
1990-07-27 02:00:00+00:00,26.42,21.55,755.05,874.34,136.35,327.05,1.59,245.0,82070.0
1990-07-27 03:00:00+00:00,28.15,18.3,887.9,877.41,155.3,336.35,1.31,228.0,82040.0
1990-07-27 04:00:00+00:00,29.33,17.7,927.05,744.11,243.5,348.15,0.76,186.0,82000.0
1990-07-27 05:00:00+00:00,30.29,16.0,793.65,436.98,377.25,365.95,0.76,147.0,81950.0
1990-07-27 06:00:00+00:00,30.89,15.55,636.7,332.35,325.8,385.9,0.9,124.0,81880.0
1990-07-27 07:00:00+00:00,30.96,15.55,491.4,251.52,273.2,394.8,0.48,68.0,81870.0
1990-07-27 08:00:00+00:00,31.28,14.5,420.05,223.9,251.3,389.4,1.17,54.0,81830.0
1990-07-27 09:00:00+00:00,31.32,15.05,255.7,189.8,141.5,395.0,1.86,60.0,81760.0
1990-07-27 10:00:00+00:00,30.89,15.55,115.1,86.74,78.5,385.5,2.41,66.0,81750.0
1990-07-27 11:00:00+00:00,30.22,16.0,50.15,56.92,37.25,379.7,2.41,85.0,81740.0
1990-07-27 12:00:00+00:00,29.38,19.1,0.6,0.0,0.6,389.75,2.48,118.0,81750.0
1990-07-27 13:00:00+00:00,27.82,21.95,0.0,0.0,0.0,348.75,2.48,145.0,81800.0
1990-07-27 14:00:00+00:00,26.46,26.0,0.0,0.0,0.0,348.15,2.34,165.0,81850.0
1990-07-27 15:00:00+00:00,24.94,29.7,0.0,0.0,0.0,343.3,2.34,185.0,81870.0
1990-07-27 16:00:00+00:00,23.65,31.7,0.0,0.0,0.0,352.0,2.28,203.0,81850.0
1990-07-27 17:00:00+00:00,22.36,36.3,0.0,0.0,0.0,347.2,2.0,209.0,81870.0
1990-07-27 18:00:00+00:00,21.72,38.9,0.0,0.0,0.0,355.3,1.59,205.0,81840.0
1990-07-27 19:00:00+00:00,21.0,46.35,0.0,0.0,0.0,347.95,1.38,207.0,81900.0
1990-07-27 20:00:00+00:00,20.4,47.9,0.0,0.0,0.0,340.0,1.24,218.0,81880.0
1990-07-27 21:00:00+00:00,19.41,51.25,0.0,0.0,0.0,334.8,1.45,230.0,81920.0
1990-07-27 22:00:00+00:00,18.56,53.0,0.0,0.0,0.0,321.65,1.66,237.0,81950.0
1990-07-27 23:00:00+00:00,18.82,51.15,194.45,817.27,62.45,319.3,1.52,242.0,81980.0
1990-07-28 00:00:00+00:00,21.18,44.85,397.35,861.14,89.9,321.45,1.1,230.0,82010.0
1990-07-28 01:00:00+00:00,24.26,34.25,600.15,916.48,102.0,329.1,1.38,233.0,82000.0
1990-07-28 02:00:00+00:00,26.06,31.1,771.5,931.53,113.75,338.65,1.31,208.0,81990.0
1990-07-28 03:00:00+00:00,27.76,27.35,853.3,859.35,136.95,348.75,1.93,161.0,81980.0
1990-07-28 04:00:00+00:00,29.3,24.75,918.15,827.05,159.45,359.75,3.17,147.0,81950.0
1990-07-28 05:00:00+00:00,30.62,22.4,960.1,843.88,157.0,371.95,4.34,144.0,81890.0
1990-07-28 06:00:00+00:00,31.69,19.7,719.4,534.79,219.8,371.2,5.38,143.0,81840.0
1990-07-28 07:00:00+00:00,29.71,24.9,676.25,511.41,233.3,389.55,5.72,155.0,81870.0
1990-07-28 08:00:00+00:00,29.32,26.65,472.85,360.25,201.9,384.55,4.48,169.0,81850.0
1990-07-28 09:00:00+00:00,29.45,26.65,383.55,399.55,143.85,379.9,3.38,155.0,81780.0
1990-07-28 10:00:00+00:00,28.71,27.6,210.15,286.73,89.75,367.5,4.69,127.0,81800.0
1990-07-28 11:00:00+00:00,27.61,33.95,67.8,151.11,33.9,367.1,5.38,128.0,81830.0
1990-07-28 12:00:00+00:00,26.54,38.7,0.55,0.0,0.55,354.75,5.24,132.0,81850.0
1990-07-28 13:00:00+00:00,25.34,44.3,0.0,0.0,0.0,354.75,4.69,133.0,81940.0
1990-07-28 14:00:00+00:00,24.12,48.95,0.0,0.0,0.0,344.5,4.34,144.0,81980.0
1990-07-28 15:00:00+00:00,22.84,55.9,0.0,0.0,0.0,338.85,3.38,147.0,81960.0
1990-07-28 16:00:00+00:00,21.57,61.85,0.0,0.0,0.0,331.3,2.48,136.0,81940.0
1990-07-28 17:00:00+00:00,20.17,73.2,0.0,0.0,0.0,325.7,1.93,121.0,81910.0
1990-07-28 18:00:00+00:00,18.79,81.0,0.0,0.0,0.0,320.65,1.79,114.0,81890.0
1990-07-28 19:00:00+00:00,17.92,78.15,0.0,0.0,0.0,313.3,1.59,119.0,81910.0
1990-07-28 20:00:00+00:00,17.03,78.1,0.0,0.0,0.0,310.05,1.45,108.0,81900.0
1990-07-28 21:00:00+00:00,16.31,83.6,0.0,0.0,0.0,308.65,1.31,107.0,81910.0
1990-07-28 22:00:00+00:00,15.53,83.55,0.0,0.0,0.0,308.3,1.31,113.0,81940.0
1990-07-28 23:00:00+00:00,15.26,89.55,189.2,783.06,64.5,309.05,1.24,111.0,81980.0
1990-07-29 00:00:00+00:00,17.97,75.45,389.1,833.49,93.2,314.85,1.59,112.0,82020.0
1990-07-29 01:00:00+00:00,20.36,65.95,581.65,867.04,111.9,325.25,2.69,129.0,82030.0
1990-07-29 02:00:00+00:00,22.67,55.9,758.65,901.43,123.55,335.75,3.72,146.0,81980.0
1990-07-29 03:00:00+00:00,24.95,47.4,873.25,879.11,141.65,348.15,3.86,152.0,81960.0
1990-07-29 04:00:00+00:00,26.88,40.25,879.65,755.68,187.4,361.3,3.86,152.0,81900.0
1990-07-29 05:00:00+00:00,27.97,36.45,736.0,569.02,195.2,380.85,4.14,151.0,81830.0
1990-07-29 06:00:00+00:00,28.82,34.2,766.85,629.23,179.85,390.95,4.07,148.0,81810.0
1990-07-29 07:00:00+00:00,29.0,35.45,542.35,373.31,219.55,390.75,4.83,140.0,81780.0
1990-07-29 08:00:00+00:00,26.37,46.15,466.45,438.17,137.6,387.45,4.97,143.0,81830.0
1990-07-29 09:00:00+00:00,26.22,46.15,323.5,353.22,112.25,391.1,4.83,146.0,81790.0
1990-07-29 10:00:00+00:00,26.63,44.7,182.55,229.66,86.6,376.0,4.41,137.0,81770.0
1990-07-29 11:00:00+00:00,24.55,54.35,54.8,90.11,34.8,379.1,4.41,139.0,81840.0
1990-07-29 12:00:00+00:00,23.87,56.15,0.35,0.0,0.35,373.3,3.59,136.0,81880.0
1990-07-29 13:00:00+00:00,23.43,58.0,0.0,0.0,0.0,366.55,3.66,124.0,81900.0
1990-07-29 14:00:00+00:00,22.35,61.95,0.0,0.0,0.0,362.5,4.07,127.0,81980.0
1990-07-29 15:00:00+00:00,21.04,66.15,0.0,0.0,0.0,355.1,3.52,131.0,82010.0
1990-07-29 16:00:00+00:00,19.9,73.15,0.0,0.0,0.0,345.45,2.41,125.0,82010.0
1990-07-29 17:00:00+00:00,19.05,75.65,0.0,0.0,0.0,348.15,2.0,106.0,82020.0
1990-07-29 18:00:00+00:00,18.36,78.25,0.0,0.0,0.0,348.35,2.07,93.0,82000.0
1990-07-29 19:00:00+00:00,18.12,78.25,0.0,0.0,0.0,360.35,2.41,81.0,82080.0
1990-07-29 20:00:00+00:00,17.54,80.9,0.0,0.0,0.0,353.4,1.93,84.0,82060.0
1990-07-29 21:00:00+00:00,16.89,86.6,0.0,0.0,0.0,341.0,1.66,78.0,82060.0
1990-07-29 22:00:00+00:00,16.37,89.65,0.0,0.0,0.0,341.4,1.38,75.0,82110.0
1990-07-29 23:00:00+00:00,16.26,89.65,139.6,440.56,70.45,336.15,1.03,79.0,82120.0
1990-07-30 00:00:00+00:00,17.86,75.45,255.45,418.15,107.85,346.2,1.1,83.0,82180.0
1990-07-30 01:00:00+00:00,19.12,70.55,412.35,511.94,135.9,357.55,1.17,64.0,82210.0
1990-07-30 02:00:00+00:00,20.6,63.8,504.6,506.34,148.65,352.2,1.86,47.0,82220.0
1990-07-30 03:00:00+00:00,21.97,55.65,682.85,531.0,241.7,366.55,2.76,35.0,82210.0
1990-07-30 04:00:00+00:00,23.4,47.0,806.7,609.3,249.35,367.5,3.17,36.0,82170.0
1990-07-30 05:00:00+00:00,24.76,42.65,884.4,736.81,185.1,366.75,3.1,60.0,82120.0
1990-07-30 06:00:00+00:00,25.94,39.95,846.2,698.44,195.6,361.9,2.76,70.0,82060.0
1990-07-30 07:00:00+00:00,26.49,34.8,792.1,753.13,142.0,360.75,2.76,65.0,82060.0
1990-07-30 08:00:00+00:00,27.41,31.5,639.6,691.5,121.8,359.2,2.97,66.0,82020.0
1990-07-30 09:00:00+00:00,27.88,29.4,443.55,581.49,96.9,355.7,3.17,65.0,81940.0
1990-07-30 10:00:00+00:00,27.96,28.35,233.25,376.22,76.9,352.2,3.31,62.0,81920.0
1990-07-30 11:00:00+00:00,27.69,28.35,64.2,118.02,38.3,351.25,2.62,60.0,81950.0
1990-07-30 12:00:00+00:00,27.21,29.3,0.35,0.0,0.35,355.7,1.93,65.0,81980.0
1990-07-30 13:00:00+00:00,25.65,49.3,0.0,0.0,0.0,345.05,1.03,100.0,82030.0
1990-07-30 14:00:00+00:00,24.98,42.65,0.0,0.0,0.0,338.5,0.83,150.0,82090.0
1990-07-30 15:00:00+00:00,24.19,42.5,0.0,0.0,0.0,330.95,0.9,175.0,82090.0
1990-07-30 16:00:00+00:00,23.11,47.0,0.0,0.0,0.0,326.85,0.83,195.0,82090.0
1990-07-30 17:00:00+00:00,21.99,53.75,0.0,0.0,0.0,323.55,0.76,196.0,82110.0
1990-07-30 18:00:00+00:00,20.83,59.5,0.0,0.0,0.0,320.1,0.62,212.0,82090.0
1990-07-30 19:00:00+00:00,20.16,63.7,0.0,0.0,0.0,322.0,0.69,116.0,82130.0
1990-07-30 20:00:00+00:00,19.31,68.1,0.0,0.0,0.0,316.6,0.41,129.0,82130.0
1990-07-30 21:00:00+00:00,18.61,70.45,0.0,0.0,0.0,313.5,0.21,157.0,82120.0
1990-07-30 22:00:00+00:00,18.01,68.05,0.0,0.0,0.0,311.2,0.34,202.0,82130.0
1990-07-30 23:00:00+00:00,17.64,70.35,190.65,835.41,61.45,309.05,0.34,254.0,82170.0
1990-07-31 00:00:00+00:00,19.4,68.1,394.3,870.09,88.95,311.75,0.34,225.0,82220.0
1990-07-31 01:00:00+00:00,22.32,55.8,560.75,751.84,156.1,321.95,0.69,198.0,82220.0
1990-07-31 02:00:00+00:00,24.52,47.25,648.05,567.44,250.05,340.8,0.83,204.0,82240.0
1990-07-31 03:00:00+00:00,26.31,38.7,757.55,524.14,322.85,359.0,0.76,204.0,82210.0
1990-07-31 04:00:00+00:00,27.9,30.5,900.05,728.18,234.95,375.05,0.21,123.0,82180.0
1990-07-31 05:00:00+00:00,29.31,25.7,921.85,742.72,217.95,377.75,1.45,66.0,82120.0
1990-07-31 06:00:00+00:00,30.38,23.25,710.9,309.97,422.6,372.15,2.21,64.0,82070.0
1990-07-31 07:00:00+00:00,30.3,22.4,550.4,168.98,404.8,394.0,2.48,65.0,82040.0
1990-07-31 08:00:00+00:00,30.53,20.85,473.0,241.02,292.95,390.55,2.69,64.0,82000.0
1990-07-31 09:00:00+00:00,30.68,19.45,394.6,377.02,170.6,384.55,2.97,68.0,81950.0
1990-07-31 10:00:00+00:00,30.68,19.45,214.25,262.76,105.65,372.35,3.03,74.0,81890.0
1990-07-31 11:00:00+00:00,30.3,20.05,62.25,107.43,38.95,365.75,2.9,85.0,81910.0
1990-07-31 12:00:00+00:00,29.56,21.35,0.25,0.0,0.25,357.45,2.69,113.0,81910.0
1990-07-31 13:00:00+00:00,28.45,24.65,0.0,0.0,0.0,358.4,2.76,145.0,81970.0
1990-07-31 14:00:00+00:00,27.12,28.25,0.0,0.0,0.0,364.6,2.55,168.0,82030.0
1990-07-31 15:00:00+00:00,25.66,33.4,0.0,0.0,0.0,361.9,2.34,186.0,82040.0
1990-07-31 16:00:00+00:00,22.31,48.05,0.0,0.0,0.0,370.67,0.21,196.0,82010.0
1990-07-31 17:00:00+00:00,22.25,48.02,0.0,0.0,0.0,366.81,0.45,198.0,82020.0
1990-07-31 18:00:00+00:00,22.19,47.99,0.0,0.0,0.0,362.95,0.7,191.0,81980.0
1990-07-31 19:00:00+00:00,22.13,47.96,0.0,0.0,0.0,359.09,0.95,225.0,82000.0
1990-07-31 20:00:00+00:00,22.07,47.94,0.0,0.0,0.0,355.24,1.2,214.0,82000.0
1990-07-31 21:00:00+00:00,22.01,47.91,0.0,0.0,0.0,351.38,1.44,213.0,81960.0
1990-07-31 22:00:00+00:00,21.95,47.88,0.0,0.0,0.0,347.52,1.69,237.0,81990.0
1990-07-31 23:00:00+00:00,21.89,47.86,98.8,174.62,72.2,343.67,1.94,263.0,82010.0
1990-08-01 00:00:00+00:00,21.83,47.83,387.6,838.75,93.25,339.81,2.18,110.0,82430.0
1990-08-01 01:00:00+00:00,21.77,47.8,582.1,859.79,119.35,335.95,2.43,117.0,82450.0
1990-08-01 02:00:00+00:00,21.71,47.78,746.3,872.62,134.25,332.09,2.68,123.0,82460.0
1990-08-01 03:00:00+00:00,21.65,47.75,886.55,906.13,135.05,328.24,2.93,126.0,82460.0
1990-08-01 04:00:00+00:00,21.59,47.72,963.85,909.21,133.4,324.38,3.17,124.0,82430.0
1990-08-01 05:00:00+00:00,21.54,47.7,958.05,857.05,145.8,320.52,3.42,119.0,82390.0
1990-08-01 06:00:00+00:00,21.48,47.67,895.95,789.39,161.75,316.67,3.67,114.0,82350.0
1990-08-01 07:00:00+00:00,21.42,47.64,794.05,741.85,154.85,312.81,3.91,114.0,82350.0
1990-08-01 08:00:00+00:00,25.37,30.95,611.95,619.57,149.1,337.9,5.1,112.0,82320.0
1990-08-01 09:00:00+00:00,25.19,30.95,383.8,388.55,152.95,336.15,5.59,112.0,82290.0
1990-08-01 10:00:00+00:00,24.49,31.95,220.45,312.12,91.45,334.8,5.45,110.0,82280.0
1990-08-01 11:00:00+00:00,23.49,35.4,65.0,138.55,34.95,333.45,5.31,112.0,82360.0
1990-08-01 12:00:00+00:00,21.63,44.95,0.2,0.0,0.2,319.9,4.62,114.0,82400.0
1990-08-01 13:00:00+00:00,19.83,53.25,0.0,0.0,0.0,311.75,3.93,116.0,82470.0
1990-08-01 14:00:00+00:00,18.31,61.05,0.0,0.0,0.0,302.5,2.9,114.0,82560.0
1990-08-01 15:00:00+00:00,16.78,67.75,0.0,0.0,0.0,297.05,1.72,109.0,82560.0
1990-08-01 16:00:00+00:00,17.7,56.75,0.0,0.0,0.0,293.6,0.83,113.0,82580.0
1990-08-01 17:00:00+00:00,17.08,58.7,0.0,0.0,0.0,289.9,0.48,149.0,82580.0
1990-08-01 18:00:00+00:00,16.26,60.75,0.0,0.0,0.0,286.8,0.48,184.0,82540.0
1990-08-01 19:00:00+00:00,15.24,62.75,0.0,0.0,0.0,282.35,1.24,236.0,82550.0
1990-08-01 20:00:00+00:00,14.56,62.65,0.0,0.0,0.0,279.45,1.17,252.0,82550.0
1990-08-01 21:00:00+00:00,14.11,64.85,0.0,0.0,0.0,277.9,1.03,261.0,82540.0
1990-08-01 22:00:00+00:00,13.53,64.75,0.0,0.0,0.0,276.35,0.83,268.0,82510.0
1990-08-01 23:00:00+00:00,13.04,67.05,196.35,884.59,61.6,275.2,0.83,267.0,82520.0
1990-08-02 00:00:00+00:00,13.9,77.65,407.1,916.94,87.2,278.65,0.62,251.0,82520.0
1990-08-02 01:00:00+00:00,18.07,52.9,611.45,944.81,104.65,285.95,0.83,211.0,82530.0
1990-08-02 02:00:00+00:00,20.23,43.0,787.1,958.87,116.1,294.75,0.97,189.0,82520.0
1990-08-02 03:00:00+00:00,22.18,37.65,915.75,956.96,123.5,303.25,1.52,154.0,82500.0
1990-08-02 04:00:00+00:00,24.09,29.55,988.9,944.21,127.8,309.85,3.17,141.0,82470.0
1990-08-02 05:00:00+00:00,25.51,25.85,998.3,919.5,128.15,313.5,4.9,137.0,82430.0
1990-08-02 06:00:00+00:00,26.45,25.05,931.65,816.17,173.75,316.6,5.79,134.0,82360.0
1990-08-02 07:00:00+00:00,27.38,21.8,797.55,709.76,187.15,323.2,5.79,135.0,82310.0
1990-08-02 08:00:00+00:00,27.52,21.8,650.1,678.8,144.25,328.05,5.86,138.0,82260.0
1990-08-02 09:00:00+00:00,27.45,21.8,455.25,579.35,112.25,332.1,6.0,136.0,82210.0
1990-08-02 10:00:00+00:00,26.91,22.5,242.05,366.48,91.45,323.2,5.93,132.0,82170.0
1990-08-02 11:00:00+00:00,25.89,24.9,64.65,131.4,36.5,318.55,5.52,129.0,82180.0
1990-08-02 12:00:00+00:00,24.23,29.55,0.2,0.0,0.2,318.15,4.76,127.0,82230.0
1990-08-02 13:00:00+00:00,22.43,36.3,0.0,0.0,0.0,310.4,4.07,130.0,82300.0
1990-08-02 14:00:00+00:00,20.87,43.1,0.0,0.0,0.0,303.85,3.52,130.0,82390.0
1990-08-02 15:00:00+00:00,19.22,51.25,0.0,0.0,0.0,302.3,2.97,129.0,82390.0
1990-08-02 16:00:00+00:00,17.64,58.8,0.0,0.0,0.0,298.2,2.69,130.0,82400.0
1990-08-02 17:00:00+00:00,16.41,63.05,0.0,0.0,0.0,294.55,2.28,129.0,82400.0
1990-08-02 18:00:00+00:00,15.59,65.15,0.0,0.0,0.0,289.7,2.07,121.0,82360.0
1990-08-02 19:00:00+00:00,15.71,58.45,0.0,0.0,0.0,285.85,1.79,131.0,82410.0
1990-08-02 20:00:00+00:00,15.79,56.35,0.0,0.0,0.0,283.3,1.45,133.0,82390.0
1990-08-02 21:00:00+00:00,15.82,56.35,0.0,0.0,0.0,280.6,1.03,136.0,82360.0
1990-08-02 22:00:00+00:00,14.89,58.35,0.0,0.0,0.0,278.3,0.69,146.0,82360.0
1990-08-02 23:00:00+00:00,14.21,62.55,192.65,862.73,63.25,277.5,0.48,165.0,82350.0
1990-08-03 00:00:00+00:00,15.42,60.65,395.0,847.17,101.2,282.55,0.34,168.0,82370.0
1990-08-03 01:00:00+00:00,18.18,52.9,589.3,840.67,139.9,291.35,0.9,138.0,82360.0
1990-08-03 02:00:00+00:00,20.66,44.7,755.25,839.0,169.5,304.4,1.45,136.0,82340.0
1990-08-03 03:00:00+00:00,22.98,37.9,880.4,821.71,201.35,317.0,2.28,143.0,82300.0
1990-08-03 04:00:00+00:00,25.09,30.95,926.1,737.91,254.2,328.8,2.97,138.0,82240.0
1990-08-03 05:00:00+00:00,26.8,26.1,897.0,607.85,322.65,339.45,3.66,132.0,82160.0
1990-08-03 06:00:00+00:00,28.04,21.95,871.25,649.95,268.7,343.3,4.48,129.0,82070.0
1990-08-03 07:00:00+00:00,28.77,19.0,712.15,459.68,317.6,347.2,4.69,124.0,82050.0
1990-08-03 08:00:00+00:00,28.99,18.3,533.8,325.37,291.95,352.2,5.24,122.0,81990.0
1990-08-03 09:00:00+00:00,28.73,18.3,308.55,110.28,243.5,358.0,5.45,120.0,81980.0
1990-08-03 10:00:00+00:00,27.96,20.25,146.7,32.68,133.35,359.75,5.52,120.0,81990.0
1990-08-03 11:00:00+00:00,26.92,22.5,40.8,12.06,38.25,359.0,5.17,121.0,82010.0
1990-08-03 12:00:00+00:00,25.65,26.85,0.05,0.0,0.05,352.6,4.62,122.0,82070.0
1990-08-03 13:00:00+00:00,24.26,31.85,0.0,0.0,0.0,348.95,4.21,124.0,82120.0
1990-08-03 14:00:00+00:00,22.91,39.15,0.0,0.0,0.0,342.35,4.0,129.0,82180.0
1990-08-03 15:00:00+00:00,21.45,46.5,0.0,0.0,0.0,329.55,3.24,134.0,82190.0
1990-08-03 16:00:00+00:00,19.86,55.2,0.0,0.0,0.0,321.05,2.34,137.0,82200.0
1990-08-03 17:00:00+00:00,18.75,63.4,0.0,0.0,0.0,317.75,1.38,121.0,82180.0
1990-08-03 18:00:00+00:00,18.47,59.05,0.0,0.0,0.0,311.0,1.1,74.0,82160.0
1990-08-03 19:00:00+00:00,17.46,63.2,0.0,0.0,0.0,320.5,1.24,73.0,82190.0
1990-08-03 20:00:00+00:00,16.66,65.35,0.0,0.0,0.0,317.0,1.24,85.0,82180.0
1990-08-03 21:00:00+00:00,16.26,67.65,0.0,0.0,0.0,321.85,1.1,98.0,82210.0
1990-08-03 22:00:00+00:00,16.33,67.65,0.0,0.0,0.0,322.4,0.76,114.0,82200.0
1990-08-03 23:00:00+00:00,15.89,70.0,162.6,577.78,77.3,313.5,0.28,168.0,82250.0
1990-08-04 00:00:00+00:00,16.65,75.3,279.85,490.41,110.8,314.5,0.41,234.0,82270.0
1990-08-04 01:00:00+00:00,19.1,57.1,539.95,701.48,166.25,325.45,0.41,249.0,82310.0
1990-08-04 02:00:00+00:00,21.6,44.95,648.25,607.11,225.4,327.25,0.76,18.0,82300.0
1990-08-04 03:00:00+00:00,23.92,34.1,841.3,782.98,195.45,343.7,3.31,18.0,82300.0
1990-08-04 04:00:00+00:00,25.84,27.85,936.25,825.01,186.25,342.95,4.34,21.0,82260.0
1990-08-04 05:00:00+00:00,27.21,23.5,965.7,833.0,179.85,345.65,4.76,23.0,82220.0
1990-08-04 06:00:00+00:00,28.11,21.95,786.9,603.3,228.55,348.15,5.03,21.0,82180.0
1990-08-04 07:00:00+00:00,28.44,21.15,669.45,529.56,215.85,365.75,4.62,31.0,82140.0
1990-08-04 08:00:00+00:00,28.66,19.7,424.05,344.18,168.9,366.35,4.97,29.0,82120.0
1990-08-04 09:00:00+00:00,28.17,20.35,296.5,203.7,176.8,367.1,4.97,26.0,82080.0
1990-08-04 10:00:00+00:00,27.83,21.0,164.3,199.41,83.35,376.4,4.97,29.0,82070.0
1990-08-04 11:00:00+00:00,27.13,21.0,47.85,103.99,26.15,371.0,4.97,34.0,82080.0
1990-08-04 12:00:00+00:00,25.92,24.9,0.0,0.0,0.0,357.25,4.41,41.0,82130.0
1990-08-04 13:00:00+00:00,24.74,28.65,0.0,0.0,0.0,362.85,3.86,62.0,82210.0
1990-08-04 14:00:00+00:00,23.44,32.75,0.0,0.0,0.0,345.05,3.59,89.0,82290.0
1990-08-04 15:00:00+00:00,21.84,37.5,0.0,0.0,0.0,327.45,3.59,111.0,82300.0
1990-08-04 16:00:00+00:00,20.46,41.55,0.0,0.0,0.0,332.3,2.83,117.0,82310.0
1990-08-04 17:00:00+00:00,18.82,49.3,0.0,0.0,0.0,315.05,1.86,108.0,82310.0
1990-08-04 18:00:00+00:00,17.7,58.8,0.0,0.0,0.0,320.5,1.24,91.0,82300.0
1990-08-04 19:00:00+00:00,18.24,51.0,0.0,0.0,0.0,307.3,0.83,74.0,82300.0
1990-08-04 20:00:00+00:00,17.66,52.75,0.0,0.0,0.0,303.85,0.55,75.0,82320.0
1990-08-04 21:00:00+00:00,17.08,54.6,0.0,0.0,0.0,311.55,0.62,96.0,82320.0
1990-08-04 22:00:00+00:00,16.43,54.6,0.0,0.0,0.0,309.85,0.69,110.0,82350.0
1990-08-04 23:00:00+00:00,16.02,56.5,150.55,578.95,66.45,317.2,0.48,105.0,82390.0
1990-08-05 00:00:00+00:00,16.94,60.85,357.25,774.65,91.85,313.1,0.14,104.0,82430.0
1990-08-05 01:00:00+00:00,19.55,46.1,504.25,652.71,157.75,332.6,0.21,146.0,82440.0
1990-08-05 02:00:00+00:00,21.6,38.9,732.2,862.81,132.7,341.4,0.0,227.0,82440.0
1990-08-05 03:00:00+00:00,23.59,34.1,870.65,867.41,156.5,339.25,0.83,10.0,82420.0
1990-08-05 04:00:00+00:00,25.28,30.95,937.3,879.71,138.9,348.55,1.38,5.0,82370.0
1990-08-05 05:00:00+00:00,26.59,28.1,942.55,839.82,151.55,349.9,1.59,10.0,82290.0
1990-08-05 06:00:00+00:00,27.84,26.25,812.55,702.66,163.4,355.1,2.07,22.0,82220.0
1990-08-05 07:00:00+00:00,28.5,27.35,632.2,539.46,171.1,370.8,3.52,25.0,82220.0
1990-08-05 08:00:00+00:00,28.69,25.55,498.15,454.49,162.15,367.1,4.0,25.0,82160.0
1990-08-05 09:00:00+00:00,28.71,24.65,321.0,295.48,148.05,375.05,4.21,22.0,82120.0
1990-08-05 10:00:00+00:00,28.39,24.5,184.2,216.94,96.7,374.45,4.21,24.0,82110.0
1990-08-05 11:00:00+00:00,27.73,24.4,44.1,95.99,24.35,368.1,3.45,25.0,82130.0
1990-08-05 12:00:00+00:00,27.21,24.4,0.0,0.0,0.0,364.6,2.21,32.0,82140.0
1990-08-05 13:00:00+00:00,26.22,26.95,0.0,0.0,0.0,341.0,0.69,78.0,82200.0
1990-08-05 14:00:00+00:00,24.67,34.4,0.0,0.0,0.0,337.9,1.31,192.0,82260.0
1990-08-05 15:00:00+00:00,22.88,42.1,0.0,0.0,0.0,324.95,1.79,222.0,82280.0
1990-08-05 16:00:00+00:00,21.26,46.5,0.0,0.0,0.0,318.75,1.93,234.0,82270.0
1990-08-05 17:00:00+00:00,20.23,51.5,0.0,0.0,0.0,315.65,1.79,234.0,82250.0
1990-08-05 18:00:00+00:00,19.33,55.05,0.0,0.0,0.0,312.35,1.66,229.0,82210.0
1990-08-05 19:00:00+00:00,17.66,63.2,0.0,0.0,0.0,303.45,1.66,226.0,82260.0
1990-08-05 20:00:00+00:00,16.92,63.05,0.0,0.0,0.0,301.3,1.52,229.0,82240.0
1990-08-05 21:00:00+00:00,15.98,65.25,0.0,0.0,0.0,299.55,1.59,238.0,82250.0
1990-08-05 22:00:00+00:00,15.01,69.9,0.0,0.0,0.0,297.65,1.72,249.0,82270.0
1990-08-05 23:00:00+00:00,14.54,72.4,183.25,861.93,60.1,296.1,1.72,255.0,82280.0
1990-08-06 00:00:00+00:00,17.32,65.35,391.45,895.34,86.6,299.6,1.52,248.0,82290.0
1990-08-06 01:00:00+00:00,21.62,44.95,595.45,928.76,104.15,307.6,2.07,242.0,82300.0
1990-08-06 02:00:00+00:00,24.33,36.8,770.65,944.77,115.8,317.95,2.76,245.0,82290.0
1990-08-06 03:00:00+00:00,26.69,28.1,900.45,945.93,123.15,328.4,2.76,245.0,82230.0
1990-08-06 04:00:00+00:00,28.44,21.95,973.05,932.91,127.8,337.1,1.72,232.0,82190.0
1990-08-06 05:00:00+00:00,29.58,17.15,982.55,905.1,131.5,342.75,0.83,160.0,82140.0
1990-08-06 06:00:00+00:00,30.65,14.4,925.3,862.98,129.5,345.65,1.52,115.0,82060.0
1990-08-06 07:00:00+00:00,31.41,12.9,799.85,768.88,144.1,344.85,1.79,114.0,82040.0
1990-08-06 08:00:00+00:00,31.85,12.05,641.85,707.72,120.15,346.2,2.0,106.0,81990.0
1990-08-06 09:00:00+00:00,32.01,11.6,454.15,615.02,95.65,346.4,2.34,102.0,81950.0
1990-08-06 10:00:00+00:00,31.87,11.15,244.0,438.18,68.45,338.85,2.76,103.0,81930.0
1990-08-06 11:00:00+00:00,31.34,11.5,61.6,168.68,27.4,334.4,3.31,104.0,81930.0
1990-08-06 12:00:00+00:00,30.37,12.25,0.0,0.0,0.0,330.55,3.45,112.0,81940.0
1990-08-06 13:00:00+00:00,29.14,14.1,0.0,0.0,0.0,329.2,3.52,125.0,82020.0
1990-08-06 14:00:00+00:00,27.64,16.1,0.0,0.0,0.0,325.1,3.66,139.0,82070.0
1990-08-06 15:00:00+00:00,26.06,20.0,0.0,0.0,0.0,320.85,3.79,150.0,82100.0
1990-08-06 16:00:00+00:00,24.44,25.5,0.0,0.0,0.0,318.55,3.52,155.0,82110.0
1990-08-06 17:00:00+00:00,22.67,31.45,0.0,0.0,0.0,316.4,2.69,154.0,82100.0
1990-08-06 18:00:00+00:00,20.85,40.1,0.0,0.0,0.0,311.95,1.79,140.0,82110.0
1990-08-06 19:00:00+00:00,20.86,34.55,0.0,0.0,0.0,306.95,1.38,164.0,82160.0
1990-08-06 20:00:00+00:00,20.93,34.55,0.0,0.0,0.0,304.2,0.9,156.0,82180.0
1990-08-06 21:00:00+00:00,20.07,35.75,0.0,0.0,0.0,302.1,0.62,142.0,82180.0
1990-08-06 22:00:00+00:00,19.19,39.65,0.0,0.0,0.0,299.55,0.48,129.0,82210.0
1990-08-06 23:00:00+00:00,18.49,42.6,183.45,885.19,59.1,298.05,0.48,122.0,82230.0
1990-08-07 00:00:00+00:00,19.77,39.8,392.85,908.66,85.4,300.75,0.48,121.0,82240.0
1990-08-07 01:00:00+00:00,22.52,33.85,598.0,939.5,102.8,308.8,0.62,134.0,82260.0
1990-08-07 02:00:00+00:00,25.35,27.7,773.7,952.54,115.1,319.5,0.62,157.0,82250.0
1990-08-07 03:00:00+00:00,28.13,21.95,904.35,952.48,123.2,330.15,1.38,167.0,82230.0
1990-08-07 04:00:00+00:00,30.57,14.95,978.6,939.07,129.25,339.05,2.41,157.0,82200.0
1990-08-07 05:00:00+00:00,32.07,11.7,986.4,914.39,128.1,342.75,2.97,153.0,82120.0
1990-08-07 06:00:00+00:00,33.05,10.5,925.75,867.51,127.3,346.6,3.17,148.0,82060.0
1990-08-07 07:00:00+00:00,33.46,10.15,804.65,796.08,127.25,348.75,2.9,150.0,82010.0
1990-08-07 08:00:00+00:00,33.81,9.85,637.5,688.06,131.8,351.25,3.17,137.0,81940.0
1990-08-07 09:00:00+00:00,33.86,9.85,404.65,463.79,135.45,352.2,3.72,129.0,81900.0
1990-08-07 10:00:00+00:00,33.4,10.15,175.15,172.55,106.5,354.55,4.69,123.0,81870.0
1990-08-07 11:00:00+00:00,32.17,11.7,38.35,58.85,26.6,363.85,5.59,124.0,81920.0
1990-08-07 12:00:00+00:00,30.34,14.85,0.0,0.0,0.0,371.55,5.72,125.0,81980.0
1990-08-07 13:00:00+00:00,28.48,18.9,0.0,0.0,0.0,359.95,5.93,131.0,82080.0
1990-08-07 14:00:00+00:00,26.99,21.7,0.0,0.0,0.0,343.1,5.1,138.0,82160.0
1990-08-07 15:00:00+00:00,25.63,25.85,0.0,0.0,0.0,324.35,4.34,146.0,82180.0
1990-08-07 16:00:00+00:00,24.43,29.55,0.0,0.0,0.0,321.65,3.17,146.0,82190.0
1990-08-07 17:00:00+00:00,22.91,35.1,0.0,0.0,0.0,319.7,2.34,129.0,82180.0
1990-08-07 18:00:00+00:00,21.23,40.2,0.0,0.0,0.0,316.2,2.07,111.0,82160.0
1990-08-07 19:00:00+00:00,19.94,41.45,0.0,0.0,0.0,310.05,1.38,118.0,82200.0
1990-08-07 20:00:00+00:00,19.08,45.95,0.0,0.0,0.0,307.5,1.31,121.0,82190.0
1990-08-07 21:00:00+00:00,18.48,47.55,0.0,0.0,0.0,305.2,1.17,127.0,82200.0
1990-08-07 22:00:00+00:00,18.13,49.15,0.0,0.0,0.0,302.65,0.97,131.0,82190.0
1990-08-07 23:00:00+00:00,17.95,49.15,178.45,866.6,58.8,301.3,0.69,134.0,82230.0
1990-08-08 00:00:00+00:00,19.07,49.45,385.8,892.3,85.8,304.6,0.48,133.0,82270.0
1990-08-08 01:00:00+00:00,21.99,39.05,589.9,926.83,103.15,312.85,0.41,134.0,82290.0
1990-08-08 02:00:00+00:00,24.59,31.95,765.3,942.69,115.15,323.75,0.34,173.0,82270.0
1990-08-08 03:00:00+00:00,27.18,25.3,895.1,942.96,123.3,334.6,0.55,183.0,82250.0
1990-08-08 04:00:00+00:00,29.51,20.6,958.4,907.8,138.8,345.85,0.83,152.0,82210.0
1990-08-08 05:00:00+00:00,31.35,16.25,974.5,894.47,136.4,354.75,1.38,127.0,82140.0
1990-08-08 06:00:00+00:00,32.74,13.2,901.5,792.03,173.95,358.8,2.21,114.0,82060.0
1990-08-08 07:00:00+00:00,33.28,11.4,753.1,653.31,198.5,364.4,1.93,108.0,82010.0
1990-08-08 08:00:00+00:00,33.53,11.4,582.45,581.62,156.3,361.1,2.34,97.0,81960.0
1990-08-08 09:00:00+00:00,33.49,11.4,386.0,450.53,125.65,366.15,2.9,92.0,81900.0
1990-08-08 10:00:00+00:00,32.91,11.8,220.15,357.48,78.95,357.45,3.24,97.0,81890.0
1990-08-08 11:00:00+00:00,32.2,12.6,52.05,131.3,26.25,355.1,4.0,105.0,81920.0
1990-08-08 12:00:00+00:00,30.55,16.15,0.0,0.0,0.0,358.8,4.9,119.0,81960.0
1990-08-08 13:00:00+00:00,29.06,19.1,0.0,0.0,0.0,342.55,6.07,133.0,82030.0
1990-08-08 14:00:00+00:00,27.52,23.5,0.0,0.0,0.0,344.85,5.72,146.0,82080.0
1990-08-08 15:00:00+00:00,26.06,26.95,0.0,0.0,0.0,329.4,4.62,154.0,82070.0
1990-08-08 16:00:00+00:00,24.81,29.7,0.0,0.0,0.0,323.55,3.17,157.0,82100.0
1990-08-08 17:00:00+00:00,23.21,35.25,0.0,0.0,0.0,320.1,2.0,149.0,82090.0
1990-08-08 18:00:00+00:00,21.95,40.35,0.0,0.0,0.0,317.2,1.59,110.0,82080.0
1990-08-08 19:00:00+00:00,20.55,44.7,0.0,0.0,0.0,314.85,1.72,104.0,82090.0
1990-08-08 20:00:00+00:00,19.34,49.45,0.0,0.0,0.0,312.35,1.66,98.0,82110.0
1990-08-08 21:00:00+00:00,18.39,54.85,0.0,0.0,0.0,309.25,1.52,97.0,82100.0
1990-08-08 22:00:00+00:00,17.53,58.8,0.0,0.0,0.0,306.95,1.45,99.0,82130.0
1990-08-08 23:00:00+00:00,16.83,63.05,175.65,862.54,58.65,304.8,1.38,100.0,82140.0
1990-08-09 00:00:00+00:00,19.09,57.1,382.3,886.69,86.1,307.9,1.31,104.0,82170.0
1990-08-09 01:00:00+00:00,22.2,46.75,586.0,920.97,104.1,316.15,1.79,111.0,82180.0
1990-08-09 02:00:00+00:00,24.83,39.7,760.75,936.75,116.35,327.65,2.21,125.0,82180.0
1990-08-09 03:00:00+00:00,27.71,32.65,892.8,944.4,121.4,338.85,3.1,131.0,82140.0
1990-08-09 04:00:00+00:00,30.39,21.6,948.8,913.08,125.95,347.55,4.0,132.0,82080.0
1990-08-09 05:00:00+00:00,32.06,15.25,953.9,879.44,131.4,353.95,4.34,130.0,82010.0
1990-08-09 06:00:00+00:00,33.15,12.8,885.7,781.92,168.9,360.35,4.76,126.0,81920.0
1990-08-09 07:00:00+00:00,33.32,12.35,798.95,795.2,125.55,358.6,4.97,122.0,81910.0
1990-08-09 08:00:00+00:00,33.57,12.35,631.4,698.08,121.55,359.0,5.24,119.0,81880.0
1990-08-09 09:00:00+00:00,33.33,12.8,442.0,605.23,93.85,352.8,6.14,117.0,81820.0
1990-08-09 10:00:00+00:00,32.47,14.7,232.95,423.82,66.8,351.45,6.97,120.0,81850.0
1990-08-09 11:00:00+00:00,30.97,17.4,52.05,145.42,23.95,344.1,7.17,124.0,81910.0
1990-08-09 12:00:00+00:00,29.23,21.35,0.0,0.0,0.0,347.95,6.48,128.0,81960.0
1990-08-09 13:00:00+00:00,27.74,25.3,0.0,0.0,0.0,337.9,6.14,134.0,82060.0
1990-08-09 14:00:00+00:00,26.18,31.2,0.0,0.0,0.0,333.05,5.93,139.0,82150.0
1990-08-09 15:00:00+00:00,24.55,39.7,0.0,0.0,0.0,329.95,5.17,139.0,82180.0
1990-08-09 16:00:00+00:00,23.14,47.0,0.0,0.0,0.0,326.65,4.34,136.0,82220.0
1990-08-09 17:00:00+00:00,21.91,55.65,0.0,0.0,0.0,323.4,3.31,129.0,82210.0
1990-08-09 18:00:00+00:00,20.76,63.8,0.0,0.0,0.0,319.7,2.55,118.0,82200.0
1990-08-09 19:00:00+00:00,20.03,61.5,0.0,0.0,0.0,318.55,2.07,101.0,82190.0
1990-08-09 20:00:00+00:00,18.79,70.45,0.0,0.0,0.0,316.8,2.0,94.0,82190.0
1990-08-09 21:00:00+00:00,17.71,75.4,0.0,0.0,0.0,314.5,1.86,92.0,82180.0
1990-08-09 22:00:00+00:00,16.74,80.8,0.0,0.0,0.0,311.75,1.79,96.0,82200.0
1990-08-09 23:00:00+00:00,16.2,86.55,162.45,749.18,62.65,308.65,1.59,98.0,82220.0
1990-08-10 00:00:00+00:00,18.67,78.25,361.5,778.74,103.05,314.65,1.59,106.0,82250.0
1990-08-10 01:00:00+00:00,20.62,68.4,567.55,869.45,114.3,329.1,2.21,130.0,82260.0
1990-08-10 02:00:00+00:00,22.94,59.95,750.2,923.3,116.7,333.65,2.9,140.0,82240.0
1990-08-10 03:00:00+00:00,25.53,46.0,883.05,923.97,129.9,344.1,3.31,140.0,82180.0
1990-08-10 04:00:00+00:00,28.1,33.95,934.65,849.54,170.5,354.55,3.59,138.0,82110.0
1990-08-10 05:00:00+00:00,30.11,25.95,951.35,836.17,170.8,364.0,3.93,136.0,82030.0
1990-08-10 06:00:00+00:00,31.64,21.2,900.05,829.42,141.3,367.3,4.21,134.0,81960.0
1990-08-10 07:00:00+00:00,32.83,17.2,786.95,777.39,130.3,366.75,4.48,124.0,81890.0
1990-08-10 08:00:00+00:00,33.22,16.05,619.55,696.28,112.7,365.55,4.76,120.0,81830.0
1990-08-10 09:00:00+00:00,33.09,16.05,439.4,608.45,91.05,364.0,5.17,117.0,81790.0
1990-08-10 10:00:00+00:00,32.46,18.4,227.3,413.75,66.35,359.75,5.79,118.0,81800.0
1990-08-10 11:00:00+00:00,30.99,22.55,50.35,140.6,23.65,354.95,6.48,121.0,81810.0
1990-08-10 12:00:00+00:00,28.79,30.65,0.0,0.0,0.0,350.65,6.41,121.0,81900.0
1990-08-10 13:00:00+00:00,26.71,37.5,0.0,0.0,0.0,347.2,6.83,127.0,81970.0
1990-08-10 14:00:00+00:00,25.1,45.9,0.0,0.0,0.0,344.3,6.55,133.0,82070.0
1990-08-10 15:00:00+00:00,23.67,54.2,0.0,0.0,0.0,340.4,5.72,133.0,82080.0
1990-08-10 16:00:00+00:00,22.47,59.95,0.0,0.0,0.0,336.95,5.17,135.0,82100.0
1990-08-10 17:00:00+00:00,21.43,68.5,0.0,0.0,0.0,333.25,4.0,130.0,82120.0
1990-08-10 18:00:00+00:00,20.48,70.8,0.0,0.0,0.0,329.75,2.76,116.0,82100.0
1990-08-10 19:00:00+00:00,19.87,75.7,0.0,0.0,0.0,327.85,2.34,98.0,82110.0
1990-08-10 20:00:00+00:00,18.82,81.0,0.0,0.0,0.0,325.7,1.93,82.0,82120.0
1990-08-10 21:00:00+00:00,17.75,86.65,0.0,0.0,0.0,322.05,1.59,69.0,82090.0
1990-08-10 22:00:00+00:00,16.89,89.65,0.0,0.0,0.0,318.95,1.52,59.0,82120.0
1990-08-10 23:00:00+00:00,16.53,89.65,141.25,567.03,67.1,322.05,1.31,71.0,82140.0
1990-08-11 00:00:00+00:00,18.68,81.0,344.7,740.06,100.7,347.4,1.45,104.0,82180.0
1990-08-11 01:00:00+00:00,20.53,70.8,538.6,780.21,133.4,339.75,1.72,122.0,82180.0
1990-08-11 02:00:00+00:00,22.53,62.05,724.75,866.33,131.9,348.55,1.93,122.0,82160.0
1990-08-11 03:00:00+00:00,24.93,50.8,862.4,901.66,129.0,360.95,2.21,117.0,82140.0
1990-08-11 04:00:00+00:00,27.38,40.35,935.0,894.51,131.95,363.85,2.69,108.0,82090.0
1990-08-11 05:00:00+00:00,29.68,30.9,946.65,876.92,129.65,372.15,3.38,102.0,82040.0
1990-08-11 06:00:00+00:00,31.35,25.25,884.55,825.91,130.65,376.8,3.93,99.0,81940.0
1990-08-11 07:00:00+00:00,32.1,22.9,781.8,789.22,116.9,379.5,3.86,96.0,81890.0
1990-08-11 08:00:00+00:00,32.74,20.65,620.2,701.84,111.05,380.3,4.07,95.0,81810.0
1990-08-11 09:00:00+00:00,32.88,19.9,429.6,598.89,88.4,377.75,4.34,95.0,81760.0
1990-08-11 10:00:00+00:00,32.6,19.2,221.25,403.1,65.7,372.75,4.48,95.0,81720.0
1990-08-11 11:00:00+00:00,31.93,20.45,47.8,133.26,22.95,367.5,4.34,101.0,81740.0
1990-08-11 12:00:00+00:00,30.83,22.55,0.0,0.0,0.0,362.1,4.07,108.0,81770.0
1990-08-11 13:00:00+00:00,29.63,25.8,0.0,0.0,0.0,362.5,4.41,119.0,81820.0
1990-08-11 14:00:00+00:00,27.74,33.8,0.0,0.0,0.0,354.15,5.38,137.0,81860.0
1990-08-11 15:00:00+00:00,25.67,44.45,0.0,0.0,0.0,349.9,4.76,144.0,81890.0
1990-08-11 16:00:00+00:00,24.12,54.35,0.0,0.0,0.0,345.65,3.45,135.0,81900.0
1990-08-11 17:00:00+00:00,22.77,64.2,0.0,0.0,0.0,342.15,3.17,120.0,81900.0
1990-08-11 18:00:00+00:00,21.69,71.0,0.0,0.0,0.0,349.9,3.1,112.0,81880.0
1990-08-11 19:00:00+00:00,20.83,75.85,0.0,0.0,0.0,346.0,2.48,106.0,81880.0
1990-08-11 20:00:00+00:00,19.99,81.15,0.0,0.0,0.0,342.75,2.21,99.0,81910.0
1990-08-11 21:00:00+00:00,19.34,89.8,0.0,0.0,0.0,346.0,2.14,100.0,81890.0
1990-08-11 22:00:00+00:00,19.04,89.8,0.0,0.0,0.0,356.85,2.07,101.0,81920.0
1990-08-11 23:00:00+00:00,19.06,89.8,110.25,364.72,63.45,360.95,1.79,104.0,81930.0
1990-08-12 00:00:00+00:00,20.15,81.15,321.45,638.61,112.3,361.3,2.83,132.0,81940.0
1990-08-12 01:00:00+00:00,22.2,68.7,518.75,724.72,143.8,353.9,3.38,148.0,81910.0
1990-08-12 02:00:00+00:00,24.48,56.35,712.2,855.76,128.15,352.0,3.03,144.0,81900.0
1990-08-12 03:00:00+00:00,26.98,46.25,860.65,903.3,127.5,363.25,3.31,137.0,81850.0
1990-08-12 04:00:00+00:00,29.52,38.0,931.45,892.82,131.5,373.7,3.86,133.0,81780.0
1990-08-12 05:00:00+00:00,31.69,29.3,933.7,851.42,142.05,383.4,4.41,130.0,81700.0
1990-08-12 06:00:00+00:00,33.37,24.85,888.95,838.19,125.55,388.8,4.9,129.0,81600.0
1990-08-12 07:00:00+00:00,34.3,22.55,776.2,779.58,121.2,392.85,4.83,121.0,81560.0
1990-08-12 08:00:00+00:00,34.86,21.9,601.05,661.86,122.6,393.85,5.24,121.0,81500.0
1990-08-12 09:00:00+00:00,34.96,21.15,300.6,337.39,109.35,391.9,5.86,119.0,81450.0
1990-08-12 10:00:00+00:00,33.8,20.9,153.8,153.91,94.9,391.5,6.21,123.0,81460.0
1990-08-12 11:00:00+00:00,32.4,25.5,34.95,42.35,27.2,391.3,6.0,125.0,81510.0
1990-08-12 12:00:00+00:00,30.66,31.15,0.0,0.0,0.0,385.7,5.24,121.0,81600.0
1990-08-12 13:00:00+00:00,28.83,39.25,0.0,0.0,0.0,378.35,6.0,120.0,81670.0
1990-08-12 14:00:00+00:00,27.1,44.8,0.0,0.0,0.0,374.1,5.72,126.0,81730.0
1990-08-12 15:00:00+00:00,25.48,56.5,0.0,0.0,0.0,365.95,5.17,129.0,81750.0
1990-08-12 16:00:00+00:00,23.98,62.35,0.0,0.0,0.0,360.35,4.62,125.0,81760.0
1990-08-12 17:00:00+00:00,22.81,71.15,0.0,0.0,0.0,356.1,3.24,110.0,81760.0
1990-08-12 18:00:00+00:00,21.88,78.65,0.0,0.0,0.0,353.55,3.24,107.0,81780.0
1990-08-12 19:00:00+00:00,21.65,76.0,0.0,0.0,0.0,354.75,3.17,78.0,81820.0
1990-08-12 20:00:00+00:00,21.03,81.3,0.0,0.0,0.0,365.0,3.24,77.0,81850.0
1990-08-12 21:00:00+00:00,20.48,84.05,0.0,0.0,0.0,364.0,2.97,71.0,81850.0
1990-08-12 22:00:00+00:00,20.09,86.85,0.0,0.0,0.0,365.95,2.83,67.0,81850.0
1990-08-12 23:00:00+00:00,20.14,86.85,103.1,440.99,47.6,371.75,2.83,65.0,81890.0
1990-08-13 00:00:00+00:00,20.91,84.05,279.6,511.98,113.05,362.3,3.03,69.0,81930.0
1990-08-13 01:00:00+00:00,22.58,71.15,453.75,588.21,150.6,369.55,3.03,77.0,81950.0
1990-08-13 02:00:00+00:00,24.15,62.35,601.25,608.25,187.25,368.85,3.03,74.0,81940.0
1990-08-13 03:00:00+00:00,25.88,52.85,626.95,547.08,183.9,379.7,3.31,80.0,81920.0
1990-08-13 04:00:00+00:00,27.29,46.4,848.9,722.91,202.5,390.55,3.59,85.0,81880.0
1990-08-13 05:00:00+00:00,29.23,39.35,909.0,814.76,153.0,396.35,3.79,87.0,81810.0
1990-08-13 06:00:00+00:00,30.94,33.4,633.35,422.1,249.8,399.45,3.79,90.0,81730.0
1990-08-13 07:00:00+00:00,31.95,30.35,558.05,328.16,283.1,426.15,3.79,86.0,81670.0
1990-08-13 08:00:00+00:00,32.47,29.4,393.75,276.71,194.45,427.7,4.14,82.0,81620.0
1990-08-13 09:00:00+00:00,32.8,27.55,218.5,146.22,136.05,419.2,4.28,76.0,81580.0
1990-08-13 10:00:00+00:00,32.6,26.55,92.15,32.29,79.9,431.4,4.76,73.0,81590.0
1990-08-13 11:00:00+00:00,31.83,29.3,26.95,34.84,20.7,423.45,4.28,84.0,81650.0
1990-08-13 12:00:00+00:00,30.48,33.3,0.0,0.0,0.0,408.75,4.07,86.0,81740.0
1990-08-13 13:00:00+00:00,29.4,39.35,0.0,0.0,0.0,409.1,4.34,83.0,81800.0
1990-08-13 14:00:00+00:00,28.3,43.4,0.0,0.0,0.0,398.1,3.86,76.0,81880.0
1990-08-13 15:00:00+00:00,27.3,46.4,0.0,0.0,0.0,398.65,3.38,75.0,81900.0
1990-08-13 16:00:00+00:00,26.12,51.2,0.0,0.0,0.0,398.85,2.62,71.0,81910.0
1990-08-13 17:00:00+00:00,24.8,56.35,0.0,0.0,0.0,387.65,2.69,46.0,81920.0
1990-08-13 18:00:00+00:00,23.97,60.15,0.0,0.0,0.0,383.55,2.83,38.0,81920.0
1990-08-13 19:00:00+00:00,22.73,55.9,0.0,0.0,0.0,355.1,3.1,34.0,81930.0
1990-08-13 20:00:00+00:00,22.46,57.75,0.0,0.0,0.0,380.3,3.1,32.0,81940.0
1990-08-13 21:00:00+00:00,21.93,59.7,0.0,0.0,0.0,373.7,2.83,30.0,81920.0
1990-08-13 22:00:00+00:00,21.35,63.9,0.0,0.0,0.0,371.75,2.97,27.0,81920.0
1990-08-13 23:00:00+00:00,21.08,63.9,98.1,228.55,69.9,383.4,2.83,32.0,81920.0
1990-08-14 00:00:00+00:00,21.68,61.85,196.7,267.41,110.3,378.95,3.59,33.0,81980.0
1990-08-14 01:00:00+00:00,22.36,59.8,300.2,271.93,160.6,388.7,4.21,31.0,82010.0
1990-08-14 02:00:00+00:00,23.28,58.0,456.9,345.85,222.15,389.95,4.48,35.0,82030.0
1990-08-14 03:00:00+00:00,24.56,52.6,493.35,269.36,275.7,404.45,4.55,38.0,82050.0
1990-08-14 04:00:00+00:00,25.72,49.3,390.4,123.05,280.6,409.3,4.62,43.0,82030.0
1990-08-14 05:00:00+00:00,26.41,47.75,477.45,164.7,324.95,414.35,4.41,48.0,82010.0
1990-08-14 06:00:00+00:00,27.58,44.8,454.4,214.12,260.3,427.3,4.34,53.0,81950.0
1990-08-14 07:00:00+00:00,29.1,39.35,405.15,196.96,240.6,424.8,3.93,71.0,81890.0
1990-08-14 08:00:00+00:00,29.51,38.0,301.5,110.72,222.05,427.9,4.41,63.0,81840.0
1990-08-14 09:00:00+00:00,29.53,36.85,224.7,166.53,131.3,419.95,4.97,56.0,81820.0
1990-08-14 10:00:00+00:00,29.26,38.0,83.45,22.2,75.1,421.9,5.52,50.0,81850.0
1990-08-14 11:00:00+00:00,28.28,40.5,18.3,25.61,13.8,425.2,5.86,41.0,81870.0
1990-08-14 12:00:00+00:00,27.06,43.3,0.0,0.0,0.0,419.0,5.1,38.0,81980.0
1990-08-14 13:00:00+00:00,25.5,49.3,0.0,0.0,0.0,401.95,4.69,32.0,82100.0
1990-08-14 14:00:00+00:00,23.77,58.1,0.0,0.0,0.0,389.55,4.69,27.0,82170.0
1990-08-14 15:00:00+00:00,22.59,64.2,0.0,0.0,0.0,399.85,4.34,29.0,82220.0
1990-08-14 16:00:00+00:00,21.92,71.0,0.0,0.0,0.0,398.1,4.28,19.0,82240.0
1990-08-14 17:00:00+00:00,21.35,73.35,0.0,0.0,0.0,403.3,4.62,15.0,82230.0
1990-08-14 18:00:00+00:00,20.82,75.85,0.0,0.0,0.0,404.85,5.17,13.0,82190.0
1990-08-14 19:00:00+00:00,20.31,78.45,0.0,0.0,0.0,402.35,4.83,8.0,82100.0
1990-08-14 20:00:00+00:00,20.1,78.45,0.0,0.0,0.0,400.4,4.69,7.0,82080.0
1990-08-14 21:00:00+00:00,19.8,83.9,0.0,0.0,0.0,396.75,4.21,9.0,82030.0
1990-08-14 22:00:00+00:00,19.6,83.9,0.0,0.0,0.0,396.35,3.79,15.0,82050.0
1990-08-14 23:00:00+00:00,19.52,83.9,23.8,0.41,23.75,400.8,3.59,20.0,82050.0
1990-08-15 00:00:00+00:00,19.63,83.9,63.05,1.56,62.55,401.0,3.52,18.0,82070.0
1990-08-15 01:00:00+00:00,19.85,83.9,91.9,0.78,91.5,402.25,4.14,16.0,82120.0
1990-08-15 02:00:00+00:00,20.1,81.15,133.25,2.44,131.6,403.3,4.83,8.0,82160.0
1990-08-15 03:00:00+00:00,20.29,75.75,194.15,15.2,181.9,402.55,5.93,4.0,82210.0
1990-08-15 04:00:00+00:00,20.54,68.4,200.75,0.0,200.75,403.5,6.48,359.0,82260.0
1990-08-15 05:00:00+00:00,20.7,66.05,268.3,54.93,217.55,403.1,6.55,0.0,82270.0
1990-08-15 06:00:00+00:00,20.83,68.4,153.2,3.21,150.3,398.1,7.59,2.0,82260.0
1990-08-15 07:00:00+00:00,20.03,73.2,176.8,21.25,159.1,401.2,6.41,2.0,82340.0
1990-08-15 08:00:00+00:00,19.68,75.7,111.5,12.45,102.6,398.85,6.41,4.0,82340.0
1990-08-15 09:00:00+00:00,19.14,78.3,82.2,9.32,77.0,396.15,5.59,10.0,82380.0
1990-08-15 10:00:00+00:00,18.7,81.0,28.5,3.49,27.2,395.0,5.31,10.0,82420.0
1990-08-15 11:00:00+00:00,18.14,83.75,6.5,0.29,6.45,391.9,4.62,10.0,82490.0
1990-08-15 12:00:00+00:00,17.69,83.7,0.0,0.0,0.0,387.65,4.21,9.0,82540.0
1990-08-15 13:00:00+00:00,17.38,86.6,0.0,0.0,0.0,387.65,3.38,7.0,82590.0
1990-08-15 14:00:00+00:00,17.16,83.65,0.0,0.0,0.0,378.95,2.48,359.0,82660.0
1990-08-15 15:00:00+00:00,16.95,83.65,0.0,0.0,0.0,375.45,1.66,353.0,82630.0
1990-08-15 16:00:00+00:00,16.8,83.65,0.0,0.0,0.0,370.0,1.17,338.0,82610.0
1990-08-15 17:00:00+00:00,16.61,83.65,0.0,0.0,0.0,362.5,0.97,345.0,82600.0
1990-08-15 18:00:00+00:00,16.53,83.65,0.0,0.0,0.0,370.8,0.55,350.0,82570.0
1990-08-15 19:00:00+00:00,16.38,86.55,0.0,0.0,0.0,370.8,0.55,340.0,82540.0
1990-08-15 20:00:00+00:00,16.36,86.55,0.0,0.0,0.0,374.3,0.76,6.0,82510.0
1990-08-15 21:00:00+00:00,16.29,86.55,0.0,0.0,0.0,373.7,0.69,39.0,82480.0
1990-08-15 22:00:00+00:00,16.19,86.55,0.0,0.0,0.0,368.1,0.76,55.0,82500.0
1990-08-15 23:00:00+00:00,16.03,86.55,63.85,204.36,39.65,355.3,0.97,49.0,82510.0
1990-08-16 00:00:00+00:00,16.46,83.65,151.05,160.69,99.85,365.0,1.17,49.0,82550.0
1990-08-16 01:00:00+00:00,17.4,80.8,317.8,369.82,129.45,368.2,1.66,58.0,82580.0
1990-08-16 02:00:00+00:00,18.62,72.95,386.55,301.58,183.0,364.4,2.0,60.0,82580.0
1990-08-16 03:00:00+00:00,19.69,65.85,514.75,401.79,191.6,367.1,2.07,67.0,82540.0
1990-08-16 04:00:00+00:00,21.03,57.55,531.05,242.83,315.3,385.9,2.07,81.0,82490.0
1990-08-16 05:00:00+00:00,22.1,53.85,575.5,328.1,273.05,384.95,2.28,90.0,82410.0
1990-08-16 06:00:00+00:00,23.36,48.7,513.8,263.19,276.4,391.9,2.41,109.0,82330.0
1990-08-16 07:00:00+00:00,24.3,45.6,342.0,122.35,240.4,397.3,3.31,117.0,82250.0
1990-08-16 08:00:00+00:00,24.31,47.25,268.5,147.7,163.35,405.05,3.38,121.0,82190.0
1990-08-16 09:00:00+00:00,23.8,50.55,170.85,95.66,117.8,395.95,4.0,118.0,82150.0
1990-08-16 10:00:00+00:00,23.24,52.25,102.05,70.03,76.2,394.4,3.86,119.0,82140.0
1990-08-16 11:00:00+00:00,22.78,55.9,23.85,38.94,17.3,388.6,3.66,119.0,82130.0
1990-08-16 12:00:00+00:00,21.9,59.7,0.0,0.0,0.0,365.4,2.97,120.0,82140.0
1990-08-16 13:00:00+00:00,21.28,63.9,0.0,0.0,0.0,367.7,2.34,108.0,82200.0
1990-08-16 14:00:00+00:00,20.68,68.4,0.0,0.0,0.0,369.05,2.34,94.0,82250.0
1990-08-16 15:00:00+00:00,20.11,70.7,0.0,0.0,0.0,368.5,2.34,90.0,82240.0
1990-08-16 16:00:00+00:00,19.75,73.15,0.0,0.0,0.0,376.6,2.34,88.0,82200.0
1990-08-16 17:00:00+00:00,19.25,78.3,0.0,0.0,0.0,372.15,2.07,78.0,82190.0
1990-08-16 18:00:00+00:00,18.92,81.0,0.0,0.0,0.0,376.0,2.14,63.0,82150.0
1990-08-16 19:00:00+00:00,18.73,78.25,0.0,0.0,0.0,382.6,2.34,52.0,82120.0
1990-08-16 20:00:00+00:00,18.46,78.25,0.0,0.0,0.0,384.15,2.21,55.0,82080.0
1990-08-16 21:00:00+00:00,18.13,80.9,0.0,0.0,0.0,382.8,2.34,44.0,82050.0
1990-08-16 22:00:00+00:00,17.89,83.7,0.0,0.0,0.0,385.1,2.55,31.0,82050.0
1990-08-16 23:00:00+00:00,17.77,83.7,31.15,25.02,28.25,389.2,2.83,29.0,82070.0
1990-08-17 00:00:00+00:00,17.73,83.7,73.85,10.9,70.4,390.15,3.38,27.0,82090.0
1990-08-17 01:00:00+00:00,17.58,80.85,103.7,0.0,103.7,390.65,4.0,24.0,82110.0
1990-08-17 02:00:00+00:00,17.54,80.85,134.25,0.0,134.25,391.9,4.83,22.0,82130.0
1990-08-17 03:00:00+00:00,17.57,80.85,140.05,5.3,135.8,393.65,5.31,22.0,82140.0
1990-08-17 04:00:00+00:00,17.53,80.85,223.4,30.96,195.95,393.65,5.38,21.0,82110.0
1990-08-17 05:00:00+00:00,18.02,78.15,216.15,39.09,180.2,394.6,5.72,19.0,82110.0
1990-08-17 06:00:00+00:00,18.08,78.15,124.45,0.61,123.9,395.4,6.28,14.0,82080.0
1990-08-17 07:00:00+00:00,16.32,83.6,72.35,0.18,72.2,385.5,6.41,18.0,82280.0
1990-08-17 08:00:00+00:00,15.93,80.75,77.1,5.85,72.95,383.75,6.55,20.0,82300.0
1990-08-17 09:00:00+00:00,15.74,83.55,50.5,0.18,50.4,377.4,6.41,22.0,82310.0
1990-08-17 10:00:00+00:00,15.5,83.55,13.35,0.0,13.35,378.35,5.59,23.0,82370.0
1990-08-17 11:00:00+00:00,15.1,83.5,4.35,0.0,4.35,375.45,4.55,20.0,82430.0
1990-08-17 12:00:00+00:00,14.83,86.45,0.0,0.0,0.0,372.75,3.93,12.0,82510.0
1990-08-17 13:00:00+00:00,14.59,83.45,0.0,0.0,0.0,371.0,3.66,15.0,82560.0
1990-08-17 14:00:00+00:00,14.35,83.4,0.0,0.0,0.0,368.5,3.17,17.0,82610.0
1990-08-17 15:00:00+00:00,14.15,83.4,0.0,0.0,0.0,366.35,2.9,6.0,82640.0
1990-08-17 16:00:00+00:00,13.99,83.4,0.0,0.0,0.0,366.75,2.97,356.0,82640.0
1990-08-17 17:00:00+00:00,13.85,86.35,0.0,0.0,0.0,364.6,2.69,354.0,82620.0
1990-08-17 18:00:00+00:00,13.75,86.35,0.0,0.0,0.0,365.2,2.14,356.0,82590.0
1990-08-17 19:00:00+00:00,13.39,83.35,0.0,0.0,0.0,365.75,1.52,10.0,82560.0
1990-08-17 20:00:00+00:00,13.3,86.3,0.0,0.0,0.0,365.4,1.52,20.0,82570.0
1990-08-17 21:00:00+00:00,13.14,86.3,0.0,0.0,0.0,365.2,1.38,21.0,82550.0
1990-08-17 22:00:00+00:00,13.04,86.3,0.0,0.0,0.0,367.5,1.31,12.0,82540.0
1990-08-17 23:00:00+00:00,13.01,86.3,11.3,1.32,11.15,365.75,0.97,21.0,82560.0
1990-08-18 00:00:00+00:00,13.11,86.3,22.2,0.0,22.2,365.4,0.97,24.0,82610.0
1990-08-18 01:00:00+00:00,13.29,89.4,43.1,0.0,43.1,366.25,0.97,28.0,82640.0
1990-08-18 02:00:00+00:00,13.5,86.35,50.3,0.0,50.3,367.5,1.17,25.0,82640.0
1990-08-18 03:00:00+00:00,13.66,86.35,78.8,0.0,78.8,370.4,1.45,25.0,82650.0
1990-08-18 04:00:00+00:00,13.95,83.4,116.8,0.0,116.8,369.85,2.0,43.0,82630.0
1990-08-18 05:00:00+00:00,14.39,80.55,218.1,34.06,186.85,370.8,2.14,63.0,82600.0
1990-08-18 06:00:00+00:00,14.9,77.8,276.65,23.85,255.25,369.25,1.79,85.0,82540.0
1990-08-18 07:00:00+00:00,16.31,75.25,259.05,51.69,216.4,377.2,2.62,88.0,82530.0
1990-08-18 08:00:00+00:00,16.66,72.7,170.8,17.92,158.15,375.45,2.48,88.0,82500.0
1990-08-18 09:00:00+00:00,16.65,72.7,161.7,42.52,138.4,379.7,2.21,89.0,82480.0
1990-08-18 10:00:00+00:00,16.63,75.3,49.05,2.21,48.25,376.2,2.48,85.0,82460.0
1990-08-18 11:00:00+00:00,16.25,77.95,8.55,0.0,8.55,377.95,2.28,91.0,82490.0
1990-08-18 12:00:00+00:00,15.87,83.55,0.0,0.0,0.0,373.7,1.79,91.0,82510.0
1990-08-18 13:00:00+00:00,15.54,83.55,0.0,0.0,0.0,364.0,1.59,98.0,82550.0
1990-08-18 14:00:00+00:00,15.27,86.5,0.0,0.0,0.0,360.35,1.24,88.0,82600.0
1990-08-18 15:00:00+00:00,14.58,89.5,0.0,0.0,0.0,349.9,0.9,71.0,82590.0
1990-08-18 16:00:00+00:00,14.39,89.5,0.0,0.0,0.0,347.55,0.62,60.0,82580.0
1990-08-18 17:00:00+00:00,14.09,89.5,0.0,0.0,0.0,344.1,0.62,43.0,82530.0
1990-08-18 18:00:00+00:00,13.62,92.65,0.0,0.0,0.0,339.65,0.76,49.0,82500.0
1990-08-18 19:00:00+00:00,13.8,92.65,0.0,0.0,0.0,334.8,0.48,74.0,82520.0
1990-08-18 20:00:00+00:00,13.58,92.65,0.0,0.0,0.0,334.8,0.28,47.0,82510.0
1990-08-18 21:00:00+00:00,12.67,95.95,0.0,0.0,0.0,341.75,0.69,342.0,82510.0
1990-08-18 22:00:00+00:00,12.23,99.4,0.0,0.0,0.0,336.15,0.76,320.0,82520.0
1990-08-18 23:00:00+00:00,12.15,99.4,68.95,61.3,62.15,345.05,0.55,296.0,82540.0
1990-08-19 00:00:00+00:00,12.92,95.95,187.85,87.38,160.6,349.7,0.62,271.0,82590.0
1990-08-19 01:00:00+00:00,14.65,89.5,389.3,319.33,228.65,353.5,0.9,231.0,82610.0
1990-08-19 02:00:00+00:00,16.5,78.0,564.65,435.85,273.05,340.6,1.1,236.0,82630.0
1990-08-19 03:00:00+00:00,18.24,72.9,558.75,270.97,342.4,354.95,0.83,253.0,82620.0
1990-08-19 04:00:00+00:00,19.49,63.6,563.0,238.78,352.3,374.1,0.28,356.0,82610.0
1990-08-19 05:00:00+00:00,20.48,61.6,546.35,228.51,337.2,383.95,1.45,52.0,82530.0
1990-08-19 06:00:00+00:00,21.17,59.6,493.5,140.37,367.9,388.2,2.62,57.0,82520.0
1990-08-19 07:00:00+00:00,21.65,57.65,455.05,177.6,309.0,384.95,3.1,57.0,82520.0
1990-08-19 08:00:00+00:00,21.83,57.65,422.6,286.6,221.15,373.9,3.31,60.0,82520.0
1990-08-19 09:00:00+00:00,21.86,57.65,312.65,328.62,133.7,366.95,3.66,65.0,82480.0
1990-08-19 10:00:00+00:00,21.47,57.65,157.45,233.59,73.8,351.45,3.93,71.0,82520.0
1990-08-19 11:00:00+00:00,20.53,63.8,27.3,46.39,20.05,336.95,3.38,74.0,82550.0
1990-08-19 12:00:00+00:00,19.19,73.05,0.0,0.0,0.0,341.95,2.9,70.0,82610.0
1990-08-19 13:00:00+00:00,18.26,78.15,0.0,0.0,0.0,351.45,2.41,64.0,82670.0
1990-08-19 14:00:00+00:00,17.67,83.7,0.0,0.0,0.0,362.1,2.07,55.0,82700.0
1990-08-19 15:00:00+00:00,17.08,86.6,0.0,0.0,0.0,357.05,1.86,46.0,82650.0
1990-08-19 16:00:00+00:00,16.59,86.6,0.0,0.0,0.0,357.25,1.59,46.0,82620.0
1990-08-19 17:00:00+00:00,16.24,89.65,0.0,0.0,0.0,358.0,1.45,48.0,82580.0
1990-08-19 18:00:00+00:00,16.04,89.65,0.0,0.0,0.0,362.65,1.31,48.0,82540.0
1990-08-19 19:00:00+00:00,15.71,89.6,0.0,0.0,0.0,354.35,1.31,44.0,82560.0
1990-08-19 20:00:00+00:00,15.36,92.75,0.0,0.0,0.0,348.75,0.97,70.0,82520.0
1990-08-19 21:00:00+00:00,15.32,89.55,0.0,0.0,0.0,329.55,0.62,45.0,82500.0
1990-08-19 22:00:00+00:00,14.49,92.7,0.0,0.0,0.0,342.75,1.03,63.0,82510.0
1990-08-19 23:00:00+00:00,14.36,96.0,78.5,227.36,53.85,337.7,0.9,80.0,82520.0
1990-08-20 00:00:00+00:00,15.57,89.6,196.85,304.11,102.7,348.35,0.62,101.0,82540.0
1990-08-20 01:00:00+00:00,16.84,86.6,282.75,293.23,135.85,342.65,0.76,123.0,82550.0
1990-08-20 02:00:00+00:00,17.93,80.9,522.35,325.03,305.55,352.2,1.38,154.0,82570.0
1990-08-20 03:00:00+00:00,19.44,73.15,514.0,206.49,349.55,366.35,1.31,158.0,82560.0
1990-08-20 04:00:00+00:00,20.62,68.4,665.15,337.27,368.25,369.45,1.59,156.0,82540.0
1990-08-20 05:00:00+00:00,21.69,64.0,620.9,304.6,342.8,386.1,1.72,136.0,82480.0
1990-08-20 06:00:00+00:00,22.21,61.95,705.95,484.77,273.4,378.95,2.07,119.0,82430.0
1990-08-20 07:00:00+00:00,22.48,57.9,462.85,288.09,226.75,363.65,2.55,115.0,82460.0
1990-08-20 08:00:00+00:00,22.55,55.9,442.6,345.56,200.8,364.2,2.62,108.0,82450.0
1990-08-20 09:00:00+00:00,22.58,55.9,204.3,165.97,114.5,364.8,2.48,86.0,82450.0
1990-08-20 10:00:00+00:00,22.1,57.75,108.05,57.72,87.6,380.65,2.41,61.0,82500.0
1990-08-20 11:00:00+00:00,21.56,61.85,18.35,39.76,12.3,376.8,2.07,46.0,82540.0
1990-08-20 12:00:00+00:00,20.67,70.8,0.0,0.0,0.0,371.0,1.17,40.0,82550.0
1990-08-20 13:00:00+00:00,20.08,70.7,0.0,0.0,0.0,352.0,0.48,6.0,82600.0
1990-08-20 14:00:00+00:00,19.42,75.65,0.0,0.0,0.0,348.95,0.55,320.0,82640.0
1990-08-20 15:00:00+00:00,18.63,78.25,0.0,0.0,0.0,343.3,0.76,300.0,82630.0
1990-08-20 16:00:00+00:00,17.88,83.7,0.0,0.0,0.0,336.75,0.9,300.0,82630.0
1990-08-20 17:00:00+00:00,17.52,83.7,0.0,0.0,0.0,334.0,0.83,297.0,82610.0
1990-08-20 18:00:00+00:00,16.92,86.6,0.0,0.0,0.0,318.55,0.62,288.0,82600.0
1990-08-20 19:00:00+00:00,16.33,86.55,0.0,0.0,0.0,326.3,0.69,314.0,82610.0
1990-08-20 20:00:00+00:00,15.92,83.6,0.0,0.0,0.0,324.95,0.69,310.0,82610.0
1990-08-20 21:00:00+00:00,15.66,86.5,0.0,0.0,0.0,321.85,0.62,318.0,82600.0
1990-08-20 22:00:00+00:00,15.61,86.5,0.0,0.0,0.0,321.85,0.41,311.0,82630.0
1990-08-20 23:00:00+00:00,15.43,86.5,135.15,764.39,54.2,312.15,0.48,290.0,82640.0
1990-08-21 00:00:00+00:00,16.36,89.65,331.4,795.46,86.95,312.35,0.41,265.0,82680.0
1990-08-21 01:00:00+00:00,18.7,81.0,526.75,822.28,116.55,315.35,0.62,232.0,82710.0
1990-08-21 02:00:00+00:00,20.28,73.2,691.0,816.35,148.15,323.4,0.83,238.0,82710.0
1990-08-21 03:00:00+00:00,21.65,64.0,793.8,807.84,152.1,333.25,0.41,286.0,82690.0
1990-08-21 04:00:00+00:00,22.73,55.9,829.35,742.31,177.5,334.0,0.69,16.0,82660.0
1990-08-21 05:00:00+00:00,23.45,52.25,849.65,782.89,136.7,346.6,1.31,34.0,82610.0
1990-08-21 06:00:00+00:00,24.03,48.95,680.8,595.04,151.4,350.1,1.93,28.0,82570.0
1990-08-21 07:00:00+00:00,24.39,48.95,514.65,415.05,175.7,353.75,2.41,43.0,82540.0
1990-08-21 08:00:00+00:00,24.32,47.25,458.65,464.09,135.4,356.65,2.83,47.0,82510.0
1990-08-21 09:00:00+00:00,24.1,47.25,314.5,380.84,109.8,356.3,3.24,41.0,82490.0
1990-08-21 10:00:00+00:00,23.79,48.8,132.9,174.8,71.65,358.0,2.62,50.0,82480.0
1990-08-21 11:00:00+00:00,23.09,52.25,22.4,33.11,17.5,356.85,1.79,44.0,82520.0
1990-08-21 12:00:00+00:00,21.78,64.0,0.0,0.0,0.0,350.85,1.86,48.0,82550.0
1990-08-21 13:00:00+00:00,20.18,75.75,0.0,0.0,0.0,350.85,1.72,51.0,82610.0
1990-08-21 14:00:00+00:00,20.32,68.3,0.0,0.0,0.0,354.55,0.9,21.0,82670.0
1990-08-21 15:00:00+00:00,19.19,78.3,0.0,0.0,0.0,362.85,1.24,320.0,82690.0
1990-08-21 16:00:00+00:00,18.34,83.75,0.0,0.0,0.0,363.65,1.52,292.0,82660.0
1990-08-21 17:00:00+00:00,18.06,83.75,0.0,0.0,0.0,363.45,1.86,278.0,82640.0
1990-08-21 18:00:00+00:00,17.82,86.65,0.0,0.0,0.0,360.55,2.07,267.0,82600.0
1990-08-21 19:00:00+00:00,17.36,80.8,0.0,0.0,0.0,352.2,3.31,242.0,82620.0
1990-08-21 20:00:00+00:00,17.07,78.0,0.0,0.0,0.0,352.4,3.93,245.0,82620.0
1990-08-21 21:00:00+00:00,16.77,78.0,0.0,0.0,0.0,354.55,3.93,250.0,82620.0
1990-08-21 22:00:00+00:00,16.54,75.3,0.0,0.0,0.0,354.55,3.79,252.0,82620.0
1990-08-21 23:00:00+00:00,16.42,72.7,38.7,6.29,38.05,353.2,4.14,251.0,82650.0
1990-08-22 00:00:00+00:00,16.59,72.7,102.65,0.0,102.65,349.1,4.55,251.0,82700.0
1990-08-22 01:00:00+00:00,17.03,72.7,175.25,0.2,175.15,352.15,4.28,248.0,82730.0
1990-08-22 02:00:00+00:00,17.57,67.85,295.5,15.54,285.2,353.75,5.17,249.0,82750.0
1990-08-22 03:00:00+00:00,18.41,61.05,443.75,147.74,326.7,353.95,5.86,250.0,82780.0
1990-08-22 04:00:00+00:00,19.48,55.2,473.45,92.81,392.15,354.75,6.14,249.0,82770.0
1990-08-22 05:00:00+00:00,20.18,53.35,502.7,150.29,366.2,355.1,6.21,248.0,82740.0
1990-08-22 06:00:00+00:00,20.99,49.95,683.85,384.48,342.8,353.95,5.93,247.0,82700.0
1990-08-22 07:00:00+00:00,22.68,45.25,571.45,391.8,252.65,352.4,5.45,254.0,82640.0
1990-08-22 08:00:00+00:00,23.1,43.75,478.0,416.39,189.35,341.55,4.69,258.0,82590.0
1990-08-22 09:00:00+00:00,23.46,43.75,233.8,153.41,151.9,337.5,4.14,271.0,82610.0
1990-08-22 10:00:00+00:00,22.57,45.25,136.5,189.07,71.0,345.05,3.17,281.0,82600.0
1990-08-22 11:00:00+00:00,21.7,50.05,22.55,49.74,15.4,327.45,2.69,289.0,82590.0
1990-08-22 12:00:00+00:00,20.0,61.5,0.0,0.0,0.0,327.25,2.14,281.0,82590.0
1990-08-22 13:00:00+00:00,17.97,70.35,0.0,0.0,0.0,311.4,1.72,264.0,82610.0
1990-08-22 14:00:00+00:00,16.43,72.7,0.0,0.0,0.0,301.7,1.79,254.0,82650.0
1990-08-22 15:00:00+00:00,15.12,77.8,0.0,0.0,0.0,298.6,2.14,257.0,82640.0
1990-08-22 16:00:00+00:00,14.15,80.45,0.0,0.0,0.0,296.3,2.14,257.0,82640.0
1990-08-22 17:00:00+00:00,13.43,80.4,0.0,0.0,0.0,295.3,2.07,254.0,82610.0
1990-08-22 18:00:00+00:00,12.95,83.25,0.0,0.0,0.0,293.75,1.86,252.0,82580.0
1990-08-22 19:00:00+00:00,12.4,80.3,0.0,0.0,0.0,287.75,1.93,246.0,82590.0
1990-08-22 20:00:00+00:00,11.91,83.15,0.0,0.0,0.0,286.6,1.93,244.0,82570.0
1990-08-22 21:00:00+00:00,11.44,83.1,0.0,0.0,0.0,285.45,1.93,243.0,82570.0
1990-08-22 22:00:00+00:00,11.01,86.1,0.0,0.0,0.0,284.85,2.0,244.0,82580.0
1990-08-22 23:00:00+00:00,10.82,89.25,145.45,918.15,52.85,284.65,2.0,244.0,82580.0
1990-08-23 00:00:00+00:00,13.35,83.25,351.05,880.24,84.6,287.2,1.72,239.0,82620.0
1990-08-23 01:00:00+00:00,17.47,63.2,557.55,920.43,102.35,293.5,1.93,235.0,82610.0
1990-08-23 02:00:00+00:00,19.7,55.2,717.5,883.7,133.55,301.7,2.21,234.0,82600.0
1990-08-23 03:00:00+00:00,21.55,50.05,860.75,931.57,124.7,311.95,2.48,236.0,82590.0
1990-08-23 04:00:00+00:00,23.12,45.35,931.7,920.29,127.65,317.55,2.14,237.0,82570.0
1990-08-23 05:00:00+00:00,24.22,41.0,901.15,812.91,164.8,324.35,1.03,228.0,82520.0
1990-08-23 06:00:00+00:00,24.96,38.3,857.9,766.57,180.0,328.4,0.48,140.0,82470.0
1990-08-23 07:00:00+00:00,26.26,29.05,694.9,652.98,165.55,332.3,1.72,62.0,82460.0
1990-08-23 08:00:00+00:00,26.11,26.95,494.35,492.49,154.6,333.05,3.45,43.0,82450.0
1990-08-23 09:00:00+00:00,25.19,28.75,293.2,288.6,140.2,340.4,5.24,17.0,82490.0
1990-08-23 10:00:00+00:00,23.39,37.9,145.75,173.04,86.5,339.05,5.79,5.0,82560.0
1990-08-23 11:00:00+00:00,21.63,44.95,19.9,19.01,17.25,336.15,5.31,9.0,82610.0
1990-08-23 12:00:00+00:00,19.84,55.2,0.0,0.0,0.0,327.65,4.28,16.0,82650.0
1990-08-23 13:00:00+00:00,18.75,59.05,0.0,0.0,0.0,323.95,3.45,16.0,82730.0
1990-08-23 14:00:00+00:00,17.77,63.2,0.0,0.0,0.0,319.9,2.97,18.0,82780.0
1990-08-23 15:00:00+00:00,16.48,67.75,0.0,0.0,0.0,313.9,2.07,21.0,82790.0
1990-08-23 16:00:00+00:00,17.73,58.8,0.0,0.0,0.0,319.5,0.83,356.0,82800.0
1990-08-23 17:00:00+00:00,16.1,67.65,0.0,0.0,0.0,331.7,1.31,277.0,82800.0
1990-08-23 18:00:00+00:00,14.86,77.75,0.0,0.0,0.0,335.75,1.79,276.0,82800.0
1990-08-23 19:00:00+00:00,14.09,80.45,0.0,0.0,0.0,332.1,1.66,261.0,82820.0
1990-08-23 20:00:00+00:00,13.66,80.4,0.0,0.0,0.0,320.1,1.86,253.0,82790.0
1990-08-23 21:00:00+00:00,13.42,80.4,0.0,0.0,0.0,320.5,2.0,242.0,82770.0
1990-08-23 22:00:00+00:00,12.92,83.25,0.0,0.0,0.0,308.85,2.0,246.0,82750.0
1990-08-23 23:00:00+00:00,12.53,86.25,131.25,791.25,53.45,304.2,1.86,241.0,82780.0
1990-08-24 00:00:00+00:00,14.66,77.75,343.45,856.4,86.2,299.4,1.72,231.0,82800.0
1990-08-24 01:00:00+00:00,17.68,63.2,548.15,897.99,106.0,296.95,2.48,232.0,82820.0
1990-08-24 02:00:00+00:00,19.56,55.2,732.9,936.65,115.95,301.3,3.17,239.0,82780.0
1990-08-24 03:00:00+00:00,21.31,49.95,844.4,909.89,127.45,307.7,3.1,247.0,82760.0
1990-08-24 04:00:00+00:00,22.63,43.65,875.9,824.54,157.4,315.05,2.07,265.0,82730.0
1990-08-24 05:00:00+00:00,23.45,37.9,910.55,840.51,151.3,326.65,1.03,292.0,82660.0
1990-08-24 06:00:00+00:00,24.13,34.25,858.75,808.46,146.05,323.55,0.69,4.0,82600.0
1990-08-24 07:00:00+00:00,24.49,33.15,720.95,685.45,167.4,329.4,1.03,24.0,82570.0
1990-08-24 08:00:00+00:00,24.79,31.95,565.6,648.06,120.75,339.05,1.38,42.0,82520.0
1990-08-24 09:00:00+00:00,24.86,30.8,361.1,495.76,100.15,325.3,2.07,52.0,82470.0
1990-08-24 10:00:00+00:00,24.57,29.7,146.35,235.74,66.6,328.6,2.41,57.0,82470.0
1990-08-24 11:00:00+00:00,23.46,32.75,16.55,30.36,12.45,323.0,2.28,53.0,82500.0
1990-08-24 12:00:00+00:00,22.15,43.5,0.0,0.0,0.0,329.0,1.31,33.0,82570.0
1990-08-24 13:00:00+00:00,20.99,43.25,0.0,0.0,0.0,320.85,0.76,341.0,82640.0
1990-08-24 14:00:00+00:00,19.96,46.2,0.0,0.0,0.0,323.55,0.97,287.0,82690.0
1990-08-24 15:00:00+00:00,17.53,65.45,0.0,0.0,0.0,331.5,1.93,279.0,82670.0
1990-08-24 16:00:00+00:00,16.87,65.35,0.0,0.0,0.0,330.15,2.69,281.0,82700.0
1990-08-24 17:00:00+00:00,16.19,67.65,0.0,0.0,0.0,334.6,2.76,275.0,82680.0
1990-08-24 18:00:00+00:00,15.68,70.0,0.0,0.0,0.0,335.4,2.83,265.0,82670.0
1990-08-24 19:00:00+00:00,15.66,67.55,0.0,0.0,0.0,335.75,3.45,248.0,82670.0
1990-08-24 20:00:00+00:00,15.4,65.15,0.0,0.0,0.0,333.45,3.72,252.0,82670.0
1990-08-24 21:00:00+00:00,14.85,69.85,0.0,0.0,0.0,315.65,3.59,256.0,82650.0
1990-08-24 22:00:00+00:00,14.26,72.3,0.0,0.0,0.0,309.65,3.03,253.0,82660.0
1990-08-24 23:00:00+00:00,13.73,74.85,104.8,529.8,54.05,303.45,2.76,243.0,82690.0
1990-08-25 00:00:00+00:00,15.05,72.45,302.65,654.57,107.55,308.65,2.41,233.0,82740.0
1990-08-25 01:00:00+00:00,17.51,58.8,538.7,863.97,115.2,301.8,3.24,232.0,82750.0
1990-08-25 02:00:00+00:00,19.59,51.4,731.05,930.13,120.4,307.7,3.79,232.0,82760.0
1990-08-25 03:00:00+00:00,21.33,46.5,861.15,928.09,131.9,308.85,3.86,227.0,82740.0
1990-08-25 04:00:00+00:00,22.63,40.6,917.8,892.75,141.95,319.1,3.31,224.0,82720.0
1990-08-25 05:00:00+00:00,23.52,36.7,916.4,852.27,148.7,325.1,2.21,218.0,82650.0
1990-08-25 06:00:00+00:00,24.15,33.0,871.4,834.79,137.85,332.85,1.1,194.0,82570.0
1990-08-25 07:00:00+00:00,25.0,25.75,726.0,679.31,179.55,327.05,1.17,96.0,82530.0
1990-08-25 08:00:00+00:00,25.4,24.8,561.05,632.21,129.3,335.0,1.72,94.0,82500.0
1990-08-25 09:00:00+00:00,25.43,24.8,326.7,392.43,121.65,334.4,2.28,97.0,82460.0
1990-08-25 10:00:00+00:00,24.7,24.65,154.1,265.02,65.55,334.6,2.28,98.0,82470.0
1990-08-25 11:00:00+00:00,23.65,28.35,19.7,59.35,11.95,331.3,2.41,118.0,82490.0
1990-08-25 12:00:00+00:00,21.97,36.3,0.0,0.0,0.0,307.1,2.34,144.0,82550.0
1990-08-25 13:00:00+00:00,20.2,49.7,0.0,0.0,0.0,306.15,2.21,159.0,82610.0
1990-08-25 14:00:00+00:00,18.28,65.55,0.0,0.0,0.0,303.45,1.86,168.0,82650.0
1990-08-25 15:00:00+00:00,17.25,67.75,0.0,0.0,0.0,297.65,1.38,183.0,82660.0
1990-08-25 16:00:00+00:00,17.36,65.35,0.0,0.0,0.0,298.6,1.1,189.0,82680.0
1990-08-25 17:00:00+00:00,17.19,63.05,0.0,0.0,0.0,295.3,0.76,180.0,82670.0
1990-08-25 18:00:00+00:00,16.44,65.35,0.0,0.0,0.0,294.15,0.55,173.0,82640.0
1990-08-25 19:00:00+00:00,15.99,62.95,0.0,0.0,0.0,289.7,0.69,170.0,82600.0
1990-08-25 20:00:00+00:00,15.35,67.45,0.0,0.0,0.0,289.1,0.62,196.0,82610.0
1990-08-25 21:00:00+00:00,14.82,67.35,0.0,0.0,0.0,287.75,0.97,222.0,82600.0
1990-08-25 22:00:00+00:00,13.92,69.75,0.0,0.0,0.0,284.85,1.24,236.0,82630.0
1990-08-25 23:00:00+00:00,13.84,69.65,140.25,952.79,51.4,282.75,1.17,246.0,82660.0
1990-08-26 00:00:00+00:00,14.9,65.05,348.6,901.53,82.0,285.05,0.76,256.0,82700.0
1990-08-26 01:00:00+00:00,17.92,52.9,556.1,933.27,100.7,291.55,0.83,243.0,82700.0
1990-08-26 02:00:00+00:00,20.35,44.6,733.25,945.99,114.25,300.95,1.03,229.0,82690.0
1990-08-26 03:00:00+00:00,22.59,36.4,863.55,947.15,121.45,311.0,1.66,220.0,82670.0
1990-08-26 04:00:00+00:00,24.53,28.65,797.95,716.3,177.15,319.1,2.0,215.0,82630.0
1990-08-26 05:00:00+00:00,25.58,24.0,923.35,873.39,138.9,336.95,2.21,211.0,82560.0
1990-08-26 06:00:00+00:00,26.63,20.1,858.35,814.26,145.2,335.95,2.07,206.0,82500.0
1990-08-26 07:00:00+00:00,27.4,18.75,752.85,789.88,120.0,331.5,1.86,206.0,82440.0
1990-08-26 08:00:00+00:00,27.72,18.05,584.6,699.12,109.65,329.95,1.59,205.0,82390.0
1990-08-26 09:00:00+00:00,27.7,18.05,377.3,549.18,92.5,330.35,1.17,189.0,82320.0
1990-08-26 10:00:00+00:00,27.5,17.4,170.05,339.21,58.15,327.05,1.24,147.0,82300.0
1990-08-26 11:00:00+00:00,26.9,18.65,19.95,66.23,11.6,320.1,2.07,128.0,82300.0
1990-08-26 12:00:00+00:00,25.34,23.0,0.0,0.0,0.0,316.6,2.83,127.0,82390.0
1990-08-26 13:00:00+00:00,23.27,30.4,0.0,0.0,0.0,312.15,3.38,128.0,82450.0
1990-08-26 14:00:00+00:00,21.41,37.35,0.0,0.0,0.0,307.7,3.31,139.0,82510.0
1990-08-26 15:00:00+00:00,19.85,44.45,0.0,0.0,0.0,305.55,3.03,149.0,82510.0
1990-08-26 16:00:00+00:00,18.31,52.9,0.0,0.0,0.0,303.45,2.62,152.0,82520.0
1990-08-26 17:00:00+00:00,16.59,63.05,0.0,0.0,0.0,300.75,1.93,136.0,82500.0
1990-08-26 18:00:00+00:00,15.92,62.95,0.0,0.0,0.0,297.85,1.45,111.0,82460.0
1990-08-26 19:00:00+00:00,15.38,62.75,0.0,0.0,0.0,293.2,1.31,104.0,82380.0
1990-08-26 20:00:00+00:00,15.16,62.75,0.0,0.0,0.0,291.25,1.1,97.0,82370.0
1990-08-26 21:00:00+00:00,14.87,64.95,0.0,0.0,0.0,289.5,0.83,92.0,82360.0
1990-08-26 22:00:00+00:00,14.19,67.25,0.0,0.0,0.0,287.75,0.69,79.0,82390.0
1990-08-26 23:00:00+00:00,13.65,72.2,137.2,952.49,50.8,286.6,0.69,79.0,82430.0
1990-08-27 00:00:00+00:00,14.66,67.35,342.8,886.77,82.65,288.95,0.62,90.0,82450.0
1990-08-27 01:00:00+00:00,17.26,60.85,549.6,922.33,101.6,296.4,1.03,108.0,82450.0
1990-08-27 02:00:00+00:00,19.9,49.55,725.75,936.39,115.1,306.55,1.17,114.0,82460.0
1990-08-27 03:00:00+00:00,22.39,41.95,854.05,935.0,123.6,317.95,1.59,122.0,82420.0
1990-08-27 04:00:00+00:00,24.77,34.4,924.2,924.8,124.95,329.0,2.28,127.0,82360.0
1990-08-27 05:00:00+00:00,26.75,28.1,885.45,803.74,165.7,337.9,3.03,133.0,82300.0
1990-08-27 06:00:00+00:00,28.1,24.5,845.15,803.78,143.55,358.4,3.59,134.0,82230.0
1990-08-27 07:00:00+00:00,28.97,22.05,700.65,671.07,165.2,355.3,3.38,122.0,82140.0
1990-08-27 08:00:00+00:00,29.22,20.6,545.95,619.57,127.3,356.3,3.86,112.0,82100.0
1990-08-27 09:00:00+00:00,28.94,19.7,282.25,307.52,124.0,352.8,4.28,104.0,82070.0
1990-08-27 10:00:00+00:00,27.58,20.25,123.5,172.62,67.3,346.2,4.9,119.0,82130.0
1990-08-27 11:00:00+00:00,26.43,24.15,16.7,51.03,10.5,349.9,5.52,130.0,82150.0
1990-08-27 12:00:00+00:00,24.48,31.85,0.0,0.0,0.0,327.05,5.79,136.0,82240.0
1990-08-27 13:00:00+00:00,22.59,39.15,0.0,0.0,0.0,321.85,5.31,143.0,82300.0
1990-08-27 14:00:00+00:00,21.05,46.5,0.0,0.0,0.0,312.95,3.86,142.0,82370.0
1990-08-27 15:00:00+00:00,19.65,55.2,0.0,0.0,0.0,307.7,2.55,127.0,82360.0
1990-08-27 16:00:00+00:00,18.12,61.05,0.0,0.0,0.0,303.85,2.0,109.0,82380.0
1990-08-27 17:00:00+00:00,16.59,70.2,0.0,0.0,0.0,300.95,1.79,101.0,82350.0
1990-08-27 18:00:00+00:00,15.36,77.8,0.0,0.0,0.0,298.2,1.59,98.0,82340.0
1990-08-27 19:00:00+00:00,14.75,75.0,0.0,0.0,0.0,296.65,1.45,102.0,82330.0
1990-08-27 20:00:00+00:00,14.18,77.65,0.0,0.0,0.0,294.15,1.24,99.0,82320.0
1990-08-27 21:00:00+00:00,13.76,80.4,0.0,0.0,0.0,291.65,1.1,99.0,82310.0
1990-08-27 22:00:00+00:00,13.39,80.4,0.0,0.0,0.0,289.5,1.03,99.0,82330.0
1990-08-27 23:00:00+00:00,12.86,86.25,134.4,934.64,52.0,287.75,1.03,100.0,82360.0
1990-08-28 00:00:00+00:00,13.72,83.35,337.3,863.21,86.1,290.3,0.97,112.0,82390.0
1990-08-28 01:00:00+00:00,16.78,67.75,544.7,908.43,105.5,298.7,1.17,131.0,82380.0
1990-08-28 02:00:00+00:00,19.4,59.15,723.85,928.93,120.15,308.65,1.31,147.0,82380.0
1990-08-28 03:00:00+00:00,22.11,46.75,855.2,938.55,124.15,319.5,1.93,154.0,82350.0
1990-08-28 04:00:00+00:00,24.77,38.3,924.1,923.86,127.95,330.95,2.62,157.0,82280.0
1990-08-28 05:00:00+00:00,27.01,29.3,927.9,895.85,128.1,341.0,3.17,159.0,82190.0
1990-08-28 06:00:00+00:00,28.54,25.55,864.25,851.75,123.35,347.75,3.38,160.0,82100.0
1990-08-28 07:00:00+00:00,29.5,25.7,743.8,791.58,114.85,353.55,3.86,151.0,82050.0
1990-08-28 08:00:00+00:00,30.01,24.9,573.3,700.74,102.4,355.1,4.14,145.0,81980.0
1990-08-28 09:00:00+00:00,29.99,25.8,368.75,554.01,85.9,353.4,4.55,140.0,81940.0
1990-08-28 10:00:00+00:00,29.34,27.6,160.15,323.78,56.15,349.9,5.1,137.0,81960.0
1990-08-28 11:00:00+00:00,27.83,31.5,16.45,53.9,10.15,344.1,5.66,132.0,81990.0
1990-08-28 12:00:00+00:00,25.65,37.2,0.0,0.0,0.0,337.3,5.79,129.0,82070.0
1990-08-28 13:00:00+00:00,23.65,43.9,0.0,0.0,0.0,331.3,5.45,132.0,82140.0
1990-08-28 14:00:00+00:00,22.09,50.2,0.0,0.0,0.0,325.3,4.41,133.0,82220.0
1990-08-28 15:00:00+00:00,20.74,59.5,0.0,0.0,0.0,320.3,3.24,124.0,82220.0
1990-08-28 16:00:00+00:00,19.44,65.85,0.0,0.0,0.0,315.25,2.41,115.0,82230.0
1990-08-28 17:00:00+00:00,18.11,75.45,0.0,0.0,0.0,311.4,2.0,106.0,82250.0
1990-08-28 18:00:00+00:00,16.85,80.8,0.0,0.0,0.0,309.85,1.86,102.0,82240.0
1990-08-28 19:00:00+00:00,15.82,86.5,0.0,0.0,0.0,307.1,1.66,101.0,82230.0
1990-08-28 20:00:00+00:00,15.1,89.55,0.0,0.0,0.0,314.1,1.59,105.0,82250.0
1990-08-28 21:00:00+00:00,14.43,89.5,0.0,0.0,0.0,311.95,1.52,105.0,82220.0
1990-08-28 22:00:00+00:00,14.24,96.0,0.0,0.0,0.0,328.05,1.38,109.0,82250.0
1990-08-28 23:00:00+00:00,14.3,96.0,82.15,398.9,48.0,334.0,1.24,117.0,82260.0
1990-08-29 00:00:00+00:00,15.99,86.55,232.55,379.2,123.1,343.1,1.45,135.0,82320.0
1990-08-29 01:00:00+00:00,17.95,78.15,413.15,601.62,123.65,343.8,1.93,153.0,82320.0
1990-08-29 02:00:00+00:00,19.97,65.95,698.5,879.83,128.7,339.05,1.72,162.0,82340.0
1990-08-29 03:00:00+00:00,22.73,54.0,838.75,920.92,123.6,334.2,1.79,173.0,82300.0
1990-08-29 04:00:00+00:00,25.46,42.75,908.8,909.24,127.55,344.85,2.0,178.0,82270.0
1990-08-29 05:00:00+00:00,27.86,33.8,914.65,885.44,126.6,355.3,2.21,175.0,82180.0
1990-08-29 06:00:00+00:00,29.75,28.75,854.1,845.08,121.6,363.25,2.28,166.0,82110.0
1990-08-29 07:00:00+00:00,31.16,25.25,730.45,773.51,118.5,368.45,2.55,143.0,82060.0
1990-08-29 08:00:00+00:00,31.89,23.65,549.95,659.88,109.0,374.1,3.03,125.0,82030.0
1990-08-29 09:00:00+00:00,31.93,23.65,335.95,479.33,93.2,367.7,3.93,117.0,81970.0
1990-08-29 10:00:00+00:00,31.28,24.35,117.65,184.83,59.1,365.75,4.07,115.0,82050.0
1990-08-29 11:00:00+00:00,29.94,25.8,13.45,42.34,8.7,382.6,3.52,120.0,82090.0
1990-08-29 12:00:00+00:00,28.32,32.75,0.0,0.0,0.0,362.3,4.41,133.0,82120.0
1990-08-29 13:00:00+00:00,26.34,41.55,0.0,0.0,0.0,350.1,4.55,134.0,82170.0
1990-08-29 14:00:00+00:00,24.5,49.05,0.0,0.0,0.0,339.25,3.59,130.0,82250.0
1990-08-29 15:00:00+00:00,22.92,57.9,0.0,0.0,0.0,334.4,2.83,124.0,82260.0
1990-08-29 16:00:00+00:00,21.46,61.85,0.0,0.0,0.0,328.6,2.28,115.0,82280.0
1990-08-29 17:00:00+00:00,20.01,70.7,0.0,0.0,0.0,324.95,1.86,104.0,82280.0
1990-08-29 18:00:00+00:00,18.68,78.25,0.0,0.0,0.0,321.65,1.79,99.0,82280.0
1990-08-29 19:00:00+00:00,17.53,83.7,0.0,0.0,0.0,321.05,1.59,98.0,82270.0
1990-08-29 20:00:00+00:00,16.58,86.6,0.0,0.0,0.0,317.75,1.59,99.0,82280.0
1990-08-29 21:00:00+00:00,15.77,92.75,0.0,0.0,0.0,316.4,1.52,101.0,82280.0
1990-08-29 22:00:00+00:00,15.31,92.75,0.0,0.0,0.0,321.45,1.45,101.0,82310.0
1990-08-29 23:00:00+00:00,15.17,96.0,94.85,467.17,56.05,332.65,1.45,106.0,82330.0
1990-08-30 00:00:00+00:00,16.78,89.65,248.9,451.88,119.55,348.35,1.93,126.0,82380.0
1990-08-30 01:00:00+00:00,18.76,81.0,426.2,635.62,121.8,346.35,1.86,133.0,82400.0
1990-08-30 02:00:00+00:00,20.93,68.4,663.3,789.99,153.5,357.25,1.86,131.0,82410.0
1990-08-30 03:00:00+00:00,23.58,54.2,812.5,870.22,138.8,353.4,1.79,130.0,82400.0
1990-08-30 04:00:00+00:00,26.07,44.55,897.55,898.43,127.9,356.85,1.72,123.0,82370.0
1990-08-30 05:00:00+00:00,28.34,37.75,878.0,840.08,132.7,365.4,2.0,113.0,82290.0
1990-08-30 06:00:00+00:00,30.11,31.0,805.1,757.2,151.15,372.75,2.55,98.0,82230.0
1990-08-30 07:00:00+00:00,31.51,27.15,708.6,736.69,128.35,377.55,3.1,87.0,82190.0
1990-08-30 08:00:00+00:00,32.17,24.6,482.05,528.76,130.75,384.15,3.52,76.0,82170.0
1990-08-30 09:00:00+00:00,31.9,21.2,272.1,346.74,97.95,382.4,3.72,62.0,82160.0
1990-08-30 10:00:00+00:00,31.15,22.65,110.2,157.23,61.1,386.45,3.72,66.0,82200.0
1990-08-30 11:00:00+00:00,30.03,27.75,10.95,25.59,8.2,382.6,3.72,55.0,82230.0
1990-08-30 12:00:00+00:00,28.3,33.95,0.0,0.0,0.0,372.55,3.86,33.0,82330.0
1990-08-30 13:00:00+00:00,26.54,40.25,0.0,0.0,0.0,367.3,4.0,14.0,82430.0
1990-08-30 14:00:00+00:00,25.23,47.5,0.0,0.0,0.0,357.45,3.72,8.0,82490.0
1990-08-30 15:00:00+00:00,24.36,50.7,0.0,0.0,0.0,355.1,3.03,9.0,82540.0
1990-08-30 16:00:00+00:00,23.32,54.1,0.0,0.0,0.0,348.95,2.21,15.0,82540.0
1990-08-30 17:00:00+00:00,22.59,55.9,0.0,0.0,0.0,346.2,1.45,28.0,82520.0
1990-08-30 18:00:00+00:00,22.15,57.75,0.0,0.0,0.0,343.7,1.1,32.0,82510.0
1990-08-30 19:00:00+00:00,21.8,55.65,0.0,0.0,0.0,339.85,1.45,13.0,82490.0
1990-08-30 20:00:00+00:00,20.66,59.5,0.0,0.0,0.0,338.1,1.72,17.0,82510.0
1990-08-30 21:00:00+00:00,19.55,63.6,0.0,0.0,0.0,335.75,2.0,21.0,82530.0
1990-08-30 22:00:00+00:00,19.0,65.75,0.0,0.0,0.0,339.25,1.79,25.0,82520.0
1990-08-30 23:00:00+00:00,18.98,65.75,118.25,850.38,49.8,339.25,1.45,29.0,82570.0
1990-08-31 00:00:00+00:00,20.05,63.7,308.75,794.43,83.25,337.7,1.1,33.0,82600.0
1990-08-31 01:00:00+00:00,22.62,52.1,472.45,758.1,111.15,339.95,1.86,40.0,82640.0
1990-08-31 02:00:00+00:00,24.3,44.05,655.4,817.81,129.55,357.25,2.14,45.0,82630.0
1990-08-31 03:00:00+00:00,26.12,37.35,742.55,772.54,146.35,366.55,2.41,49.0,82620.0
1990-08-31 04:00:00+00:00,27.61,35.05,775.25,723.33,157.5,374.45,2.83,56.0,82580.0
1990-08-31 05:00:00+00:00,28.81,31.75,733.7,571.3,228.5,386.45,3.24,62.0,82500.0
1990-08-31 06:00:00+00:00,29.65,29.8,732.0,629.91,190.0,389.95,3.66,63.0,82430.0
1990-08-31 07:00:00+00:00,30.47,28.9,624.85,560.39,185.45,393.65,4.21,66.0,82370.0
1990-08-31 08:00:00+00:00,30.95,28.0,445.6,438.39,156.05,393.25,4.69,67.0,82310.0
1990-08-31 09:00:00+00:00,30.83,28.0,145.85,95.28,98.4,407.4,5.03,61.0,82280.0
1990-08-31 10:00:00+00:00,29.53,29.7,102.9,129.98,62.9,401.4,5.1,63.0,82320.0
1990-08-31 11:00:00+00:00,28.54,31.75,7.0,9.25,6.05,381.25,4.48,76.0,82380.0
1990-08-31 12:00:00+00:00,27.36,33.8,0.0,0.0,0.0,384.15,3.79,85.0,82450.0
1990-08-31 13:00:00+00:00,26.52,37.5,0.0,0.0,0.0,383.55,2.97,94.0,82500.0
1990-08-31 14:00:00+00:00,25.67,41.4,0.0,0.0,0.0,380.3,2.0,116.0,82550.0
1990-08-31 15:00:00+00:00,24.43,50.7,0.0,0.0,0.0,366.35,1.52,143.0,82560.0
1990-08-31 16:00:00+00:00,21.43,61.45,0.0,0.0,0.0,353.2,0.51,162.0,82550.0
1990-08-31 17:00:00+00:00,21.4,61.38,0.0,0.0,0.0,353.42,0.6,166.0,82520.0
1990-08-31 18:00:00+00:00,21.36,61.31,0.0,0.0,0.0,353.64,0.69,162.0,82490.0
1990-08-31 19:00:00+00:00,21.33,61.24,0.0,0.0,0.0,353.86,0.78,65.0,82440.0
1990-08-31 20:00:00+00:00,21.3,61.17,0.0,0.0,0.0,354.08,0.86,76.0,82430.0
1990-08-31 21:00:00+00:00,21.26,61.1,0.0,0.0,0.0,354.29,0.95,82.0,82420.0
1990-08-31 22:00:00+00:00,21.23,61.03,0.0,0.0,0.0,354.51,1.04,77.0,82430.0
1990-08-31 23:00:00+00:00,21.19,60.96,99.95,628.14,51.0,354.73,1.12,95.0,82410.0
1990-09-01 00:00:00+00:00,21.16,60.89,194.6,205.55,136.75,354.95,1.21,119.0,82450.0
1990-09-01 01:00:00+00:00,21.12,60.82,387.5,325.46,233.15,355.16,1.3,123.0,82490.0
1990-09-01 02:00:00+00:00,21.09,60.75,512.95,368.78,276.7,355.38,1.39,132.0,82490.0
1990-09-01 03:00:00+00:00,21.05,60.68,648.8,525.83,244.3,355.6,1.47,124.0,82450.0
1990-09-01 04:00:00+00:00,21.02,60.6,726.3,465.25,330.2,355.82,1.56,129.0,82410.0
1990-09-01 05:00:00+00:00,20.99,60.53,749.65,470.81,334.7,356.04,1.65,139.0,82340.0
1990-09-01 06:00:00+00:00,20.95,60.46,736.9,575.2,243.85,356.25,1.74,136.0,82280.0
1990-09-01 07:00:00+00:00,20.92,60.39,629.25,531.78,214.2,356.47,1.82,129.0,82230.0
1990-09-01 08:00:00+00:00,25.61,42.9,463.3,436.7,176.6,355.5,3.03,131.0,82170.0
1990-09-01 09:00:00+00:00,25.48,44.3,273.8,295.83,127.75,359.0,3.38,130.0,82120.0
1990-09-01 10:00:00+00:00,24.68,47.4,100.4,144.16,56.7,362.3,4.07,137.0,82160.0
1990-09-01 11:00:00+00:00,23.39,56.0,8.75,19.43,6.85,355.7,4.28,138.0,82170.0
1990-09-01 12:00:00+00:00,21.79,64.0,0.0,0.0,0.0,350.85,4.21,137.0,82260.0
1990-09-01 13:00:00+00:00,20.27,73.2,0.0,0.0,0.0,341.2,3.38,129.0,82320.0
1990-09-01 14:00:00+00:00,19.09,78.3,0.0,0.0,0.0,339.45,2.41,113.0,82380.0
1990-09-01 15:00:00+00:00,17.94,83.75,0.0,0.0,0.0,332.5,2.21,101.0,82370.0
1990-09-01 16:00:00+00:00,16.84,89.65,0.0,0.0,0.0,327.05,2.07,98.0,82330.0
1990-09-01 17:00:00+00:00,15.93,92.75,0.0,0.0,0.0,325.5,1.86,95.0,82330.0
1990-09-01 18:00:00+00:00,15.19,96.0,0.0,0.0,0.0,328.4,1.59,97.0,82300.0
1990-09-01 19:00:00+00:00,14.46,99.35,0.0,0.0,0.0,316.2,1.66,95.0,82320.0
1990-09-01 20:00:00+00:00,13.81,99.4,0.0,0.0,0.0,312.95,1.45,97.0,82290.0
1990-09-01 21:00:00+00:00,13.39,99.4,0.0,0.0,0.0,316.4,1.31,104.0,82290.0
1990-09-01 22:00:00+00:00,13.4,99.4,0.0,0.0,0.0,338.85,1.1,114.0,82290.0
1990-09-01 23:00:00+00:00,13.47,95.95,70.9,280.66,49.75,349.7,1.1,128.0,82280.0
1990-09-02 00:00:00+00:00,15.01,92.75,181.7,286.9,101.65,351.25,1.17,148.0,82320.0
1990-09-02 01:00:00+00:00,16.67,80.8,314.0,274.75,184.35,366.65,2.07,175.0,82320.0
1990-09-02 02:00:00+00:00,18.14,70.45,505.7,462.99,210.2,371.55,1.86,187.0,82330.0
1990-09-02 03:00:00+00:00,20.11,61.5,684.3,661.23,177.3,355.3,1.66,194.0,82320.0
1990-09-02 04:00:00+00:00,22.0,53.75,839.95,817.53,146.15,349.5,1.45,181.0,82270.0
1990-09-02 05:00:00+00:00,23.58,47.15,834.9,772.69,156.2,348.35,1.93,145.0,82200.0
1990-09-02 06:00:00+00:00,24.96,42.65,697.05,509.51,262.0,360.55,2.9,125.0,82120.0
1990-09-02 07:00:00+00:00,25.93,38.55,611.9,519.3,208.5,363.05,3.93,114.0,82060.0
1990-09-02 08:00:00+00:00,26.21,37.35,442.7,402.92,179.8,361.5,5.03,115.0,82030.0
1990-09-02 09:00:00+00:00,25.65,38.55,226.65,198.64,129.45,359.75,5.72,119.0,81990.0
1990-09-02 10:00:00+00:00,24.32,45.6,103.4,128.32,65.1,365.55,6.21,124.0,82010.0
1990-09-02 11:00:00+00:00,22.47,57.75,7.45,9.15,6.6,348.95,5.79,128.0,82070.0
1990-09-02 12:00:00+00:00,20.65,66.05,0.0,0.0,0.0,341.4,5.31,132.0,82100.0
1990-09-02 13:00:00+00:00,19.3,73.05,0.0,0.0,0.0,325.1,4.41,132.0,82190.0
1990-09-02 14:00:00+00:00,18.17,72.95,0.0,0.0,0.0,318.95,3.59,129.0,82210.0
1990-09-02 15:00:00+00:00,17.14,78.1,0.0,0.0,0.0,313.7,2.76,119.0,82200.0
1990-09-02 16:00:00+00:00,16.26,83.6,0.0,0.0,0.0,317.95,2.34,107.0,82180.0
1990-09-02 17:00:00+00:00,15.47,86.5,0.0,0.0,0.0,321.25,2.28,99.0,82180.0
1990-09-02 18:00:00+00:00,14.79,89.5,0.0,0.0,0.0,324.75,2.07,99.0,82140.0
1990-09-02 19:00:00+00:00,13.73,92.65,0.0,0.0,0.0,306.95,1.72,86.0,82100.0
1990-09-02 20:00:00+00:00,13.07,92.65,0.0,0.0,0.0,308.65,1.72,91.0,82070.0
1990-09-02 21:00:00+00:00,12.52,92.6,0.0,0.0,0.0,309.65,1.59,96.0,82070.0
1990-09-02 22:00:00+00:00,12.06,95.95,0.0,0.0,0.0,306.15,1.38,97.0,82080.0
1990-09-02 23:00:00+00:00,12.04,92.6,95.9,615.53,51.1,316.6,1.24,104.0,82100.0
1990-09-03 00:00:00+00:00,13.75,89.45,240.25,449.23,116.0,324.15,1.31,117.0,82140.0
1990-09-03 01:00:00+00:00,15.88,77.85,464.4,696.05,137.6,328.5,2.21,159.0,82130.0
1990-09-03 02:00:00+00:00,18.49,65.65,569.55,524.6,236.0,337.5,2.55,185.0,82130.0
1990-09-03 03:00:00+00:00,20.5,59.35,679.8,573.55,241.5,355.3,2.0,189.0,82120.0
1990-09-03 04:00:00+00:00,22.61,48.55,754.75,624.91,226.15,369.05,1.31,173.0,82110.0
1990-09-03 05:00:00+00:00,24.06,45.5,547.75,345.36,245.45,375.45,1.17,103.0,82050.0
1990-09-03 06:00:00+00:00,25.01,41.15,525.65,319.47,253.95,379.9,2.55,64.0,82030.0
1990-09-03 07:00:00+00:00,24.84,41.15,476.3,355.52,201.45,389.55,3.17,65.0,82000.0
1990-09-03 08:00:00+00:00,25.44,38.45,180.95,62.0,140.75,395.55,4.21,62.0,82010.0
1990-09-03 09:00:00+00:00,24.53,42.5,119.5,51.25,94.65,405.85,4.48,63.0,82010.0
1990-09-03 10:00:00+00:00,23.52,48.7,52.75,73.87,31.05,395.4,3.72,72.0,82050.0
1990-09-03 11:00:00+00:00,22.62,52.1,3.85,7.39,3.2,383.95,2.55,70.0,82120.0
1990-09-03 12:00:00+00:00,21.78,57.65,0.0,0.0,0.0,374.1,2.14,55.0,82180.0
1990-09-03 13:00:00+00:00,20.97,63.8,0.0,0.0,0.0,366.95,1.93,52.0,82310.0
1990-09-03 14:00:00+00:00,19.95,68.2,0.0,0.0,0.0,353.4,2.28,52.0,82360.0
1990-09-03 15:00:00+00:00,19.02,70.55,0.0,0.0,0.0,355.3,2.76,55.0,82400.0
1990-09-03 16:00:00+00:00,18.24,75.55,0.0,0.0,0.0,355.1,2.69,60.0,82400.0
1990-09-03 17:00:00+00:00,17.73,78.15,0.0,0.0,0.0,362.85,2.34,62.0,82410.0
1990-09-03 18:00:00+00:00,17.3,80.85,0.0,0.0,0.0,363.05,2.21,64.0,82400.0
1990-09-03 19:00:00+00:00,16.91,75.3,0.0,0.0,0.0,349.9,2.21,55.0,82410.0
1990-09-03 20:00:00+00:00,16.35,77.95,0.0,0.0,0.0,344.1,2.0,65.0,82400.0
1990-09-03 21:00:00+00:00,15.87,80.65,0.0,0.0,0.0,344.1,1.93,59.0,82380.0
1990-09-03 22:00:00+00:00,15.01,83.5,0.0,0.0,0.0,327.25,1.66,51.0,82380.0
1990-09-03 23:00:00+00:00,14.9,83.45,89.8,591.15,48.3,335.2,1.31,44.0,82400.0
1990-09-04 00:00:00+00:00,16.06,75.25,189.95,301.86,107.2,339.85,1.66,53.0,82430.0
1990-09-04 01:00:00+00:00,17.19,67.85,306.35,315.35,159.05,349.25,2.21,62.0,82420.0
1990-09-04 02:00:00+00:00,18.31,61.2,552.4,556.95,199.65,357.05,2.34,70.0,82410.0
1990-09-04 03:00:00+00:00,20.11,55.3,446.15,284.27,229.65,366.35,2.55,81.0,82380.0
1990-09-04 04:00:00+00:00,20.96,53.5,558.15,377.02,240.3,373.7,2.76,94.0,82340.0
1990-09-04 05:00:00+00:00,22.45,50.2,588.6,400.31,239.45,379.5,3.17,114.0,82240.0
1990-09-04 06:00:00+00:00,23.8,45.5,368.5,87.24,294.6,384.35,3.59,121.0,82150.0
1990-09-04 07:00:00+00:00,24.06,45.5,266.2,41.08,234.6,408.35,4.21,115.0,82100.0
1990-09-04 08:00:00+00:00,23.95,47.15,231.15,139.47,141.3,404.1,4.48,112.0,82050.0
1990-09-04 09:00:00+00:00,23.9,47.15,126.05,32.78,110.3,398.3,4.9,112.0,81970.0
1990-09-04 10:00:00+00:00,23.39,50.45,53.3,43.08,40.85,399.85,5.24,114.0,81970.0
1990-09-04 11:00:00+00:00,22.27,57.75,3.9,5.42,3.45,393.25,5.03,117.0,81980.0
1990-09-04 12:00:00+00:00,20.86,68.4,0.0,0.0,0.0,372.15,4.48,123.0,82010.0
1990-09-04 13:00:00+00:00,19.73,73.15,0.0,0.0,0.0,366.75,3.93,125.0,82110.0
1990-09-04 14:00:00+00:00,18.76,81.0,0.0,0.0,0.0,355.1,3.52,122.0,82120.0
1990-09-04 15:00:00+00:00,18.08,78.25,0.0,0.0,0.0,360.75,3.17,115.0,82090.0
1990-09-04 16:00:00+00:00,17.52,80.9,0.0,0.0,0.0,359.75,2.97,108.0,82020.0
1990-09-04 17:00:00+00:00,17.18,83.7,0.0,0.0,0.0,365.95,2.69,103.0,81960.0
1990-09-04 18:00:00+00:00,16.99,86.6,0.0,0.0,0.0,372.15,2.48,109.0,81940.0
1990-09-04 19:00:00+00:00,16.67,86.6,0.0,0.0,0.0,361.9,2.07,103.0,81950.0
1990-09-04 20:00:00+00:00,16.74,86.6,0.0,0.0,0.0,379.9,1.93,100.0,81950.0
1990-09-04 21:00:00+00:00,16.74,86.6,0.0,0.0,0.0,383.2,1.59,87.0,81910.0
1990-09-04 22:00:00+00:00,16.78,86.6,0.0,0.0,0.0,383.0,1.66,76.0,81930.0
1990-09-04 23:00:00+00:00,16.74,86.6,35.05,22.18,33.55,378.55,1.72,68.0,81970.0
1990-09-05 00:00:00+00:00,17.07,83.7,82.55,20.8,76.9,383.55,2.0,69.0,82020.0
1990-09-05 01:00:00+00:00,17.26,80.85,143.95,24.75,132.45,378.45,2.07,68.0,82030.0
1990-09-05 02:00:00+00:00,18.23,75.55,270.35,65.54,229.0,388.8,2.07,60.0,82050.0
1990-09-05 03:00:00+00:00,19.63,68.2,330.85,107.71,249.1,391.5,2.21,53.0,82030.0
1990-09-05 04:00:00+00:00,20.75,63.8,270.75,28.8,246.55,400.6,2.28,47.0,81990.0
1990-09-05 05:00:00+00:00,21.34,61.7,282.25,32.33,254.15,401.95,2.76,46.0,81970.0
1990-09-05 06:00:00+00:00,21.98,59.7,260.5,58.33,211.3,401.75,3.59,45.0,81960.0
1990-09-05 07:00:00+00:00,21.75,59.7,195.85,10.12,188.1,403.7,4.07,34.0,81950.0
1990-09-05 08:00:00+00:00,21.67,59.7,136.8,22.81,122.2,402.9,4.48,33.0,81940.0
1990-09-05 09:00:00+00:00,21.08,61.7,80.3,3.36,78.7,400.2,4.9,27.0,81950.0
1990-09-05 10:00:00+00:00,19.87,68.2,30.2,5.28,28.7,397.3,5.59,17.0,81970.0
1990-09-05 11:00:00+00:00,18.23,68.05,1.6,0.0,1.6,392.3,5.79,10.0,82030.0
1990-09-05 12:00:00+00:00,16.54,67.75,0.0,0.0,0.0,384.75,5.79,12.0,82120.0
1990-09-05 13:00:00+00:00,15.22,72.45,0.0,0.0,0.0,375.85,5.31,15.0,82180.0
1990-09-05 14:00:00+00:00,14.34,72.3,0.0,0.0,0.0,375.25,5.17,21.0,82240.0
1990-09-05 15:00:00+00:00,13.46,74.75,0.0,0.0,0.0,372.95,4.9,21.0,82290.0
1990-09-05 16:00:00+00:00,12.76,74.7,0.0,0.0,0.0,369.05,4.83,26.0,82320.0
1990-09-05 17:00:00+00:00,12.16,74.6,0.0,0.0,0.0,367.7,4.55,31.0,82340.0
1990-09-05 18:00:00+00:00,11.72,74.55,0.0,0.0,0.0,363.85,4.28,33.0,82340.0
1990-09-05 19:00:00+00:00,11.36,77.2,0.0,0.0,0.0,362.1,4.41,32.0,82380.0
1990-09-05 20:00:00+00:00,10.94,80.05,0.0,0.0,0.0,355.7,4.41,32.0,82400.0
1990-09-05 21:00:00+00:00,10.58,80.05,0.0,0.0,0.0,358.4,4.21,34.0,82360.0
1990-09-05 22:00:00+00:00,10.37,82.95,0.0,0.0,0.0,356.85,4.0,34.0,82380.0
1990-09-05 23:00:00+00:00,10.15,82.95,19.8,0.0,19.8,353.4,3.93,33.0,82410.0
1990-09-06 00:00:00+00:00,10.14,82.95,37.6,3.71,36.6,354.55,3.86,31.0,82460.0
1990-09-06 01:00:00+00:00,10.0,82.95,83.4,0.32,83.25,354.25,3.93,31.0,82490.0
1990-09-06 02:00:00+00:00,10.34,82.95,79.25,1.83,78.1,354.95,3.93,30.0,82500.0
1990-09-06 03:00:00+00:00,10.64,80.05,111.7,2.05,110.15,355.7,3.66,30.0,82460.0
1990-09-06 04:00:00+00:00,10.97,77.2,149.75,2.45,147.7,356.85,3.79,30.0,82430.0
1990-09-06 05:00:00+00:00,11.51,74.55,158.15,11.61,148.1,358.4,4.0,30.0,82390.0
1990-09-06 06:00:00+00:00,11.69,74.55,180.65,10.24,172.05,360.15,4.28,29.0,82360.0
1990-09-06 07:00:00+00:00,12.01,71.95,104.45,1.71,103.15,362.1,5.03,31.0,82390.0
1990-09-06 08:00:00+00:00,11.65,74.55,124.7,39.79,99.4,359.75,5.03,34.0,82400.0
1990-09-06 09:00:00+00:00,11.58,74.55,89.45,54.32,63.85,357.85,5.31,34.0,82390.0
1990-09-06 10:00:00+00:00,11.32,77.2,15.45,2.69,14.7,354.15,5.24,31.0,82410.0
1990-09-06 11:00:00+00:00,10.77,80.05,0.5,0.0,0.5,351.85,4.97,25.0,82480.0
1990-09-06 12:00:00+00:00,10.38,82.95,0.0,0.0,0.0,354.35,4.69,23.0,82560.0
1990-09-06 13:00:00+00:00,10.12,82.95,0.0,0.0,0.0,352.4,4.07,28.0,82630.0
1990-09-06 14:00:00+00:00,9.93,82.95,0.0,0.0,0.0,353.2,3.52,27.0,82680.0
1990-09-06 15:00:00+00:00,9.8,85.95,0.0,0.0,0.0,352.8,2.9,34.0,82730.0
1990-09-06 16:00:00+00:00,9.64,85.95,0.0,0.0,0.0,352.4,2.62,43.0,82690.0
1990-09-06 17:00:00+00:00,9.52,85.95,0.0,0.0,0.0,352.0,2.28,45.0,82640.0
1990-09-06 18:00:00+00:00,9.48,85.95,0.0,0.0,0.0,350.1,1.72,42.0,82630.0
1990-09-06 19:00:00+00:00,9.81,85.95,0.0,0.0,0.0,353.95,1.86,37.0,82630.0
1990-09-06 20:00:00+00:00,9.85,85.95,0.0,0.0,0.0,353.4,1.45,24.0,82610.0
1990-09-06 21:00:00+00:00,9.91,85.95,0.0,0.0,0.0,353.75,1.52,28.0,82610.0
1990-09-06 22:00:00+00:00,9.87,85.95,0.0,0.0,0.0,352.0,1.79,38.0,82600.0
1990-09-06 23:00:00+00:00,9.85,85.95,15.7,20.02,14.45,352.6,1.66,33.0,82650.0
1990-09-07 00:00:00+00:00,9.95,82.95,45.8,21.37,40.1,350.65,1.72,21.0,82690.0
1990-09-07 01:00:00+00:00,10.36,82.95,85.2,15.33,78.15,352.9,2.34,22.0,82730.0
1990-09-07 02:00:00+00:00,10.76,80.05,124.85,36.99,101.7,355.9,2.69,23.0,82760.0
1990-09-07 03:00:00+00:00,11.17,80.1,137.4,17.65,124.1,354.35,2.62,27.0,82760.0
1990-09-07 04:00:00+00:00,11.59,77.3,105.05,0.78,104.4,358.8,2.34,34.0,82730.0
1990-09-07 05:00:00+00:00,11.76,77.3,146.45,5.33,141.85,358.0,2.28,37.0,82670.0
1990-09-07 06:00:00+00:00,12.11,77.35,229.9,12.14,219.75,361.9,2.28,36.0,82640.0
1990-09-07 07:00:00+00:00,13.24,72.1,190.65,39.21,160.95,362.3,3.17,40.0,82600.0
1990-09-07 08:00:00+00:00,13.52,72.2,132.9,20.03,120.25,362.65,3.66,39.0,82590.0
1990-09-07 09:00:00+00:00,13.51,72.2,92.2,29.79,78.3,363.25,3.66,39.0,82590.0
1990-09-07 10:00:00+00:00,13.49,74.85,23.95,1.28,23.6,358.4,3.72,35.0,82640.0
1990-09-07 11:00:00+00:00,13.09,77.5,1.3,0.0,1.3,365.4,3.52,32.0,82690.0
1990-09-07 12:00:00+00:00,12.69,80.3,0.0,0.0,0.0,361.5,3.31,28.0,82770.0
1990-09-07 13:00:00+00:00,12.34,83.15,0.0,0.0,0.0,361.3,3.24,28.0,82820.0
1990-09-07 14:00:00+00:00,12.02,83.15,0.0,0.0,0.0,359.0,2.83,30.0,82880.0
1990-09-07 15:00:00+00:00,11.77,86.15,0.0,0.0,0.0,361.3,2.34,29.0,82890.0
1990-09-07 16:00:00+00:00,11.55,86.15,0.0,0.0,0.0,358.6,2.07,34.0,82870.0
1990-09-07 17:00:00+00:00,11.43,89.3,0.0,0.0,0.0,362.1,1.59,36.0,82850.0
1990-09-07 18:00:00+00:00,11.35,89.3,0.0,0.0,0.0,360.75,1.52,34.0,82820.0
1990-09-07 19:00:00+00:00,11.39,89.3,0.0,0.0,0.0,360.15,1.24,35.0,82830.0
1990-09-07 20:00:00+00:00,11.28,89.3,0.0,0.0,0.0,352.8,0.69,28.0,82810.0
1990-09-07 21:00:00+00:00,11.25,86.1,0.0,0.0,0.0,353.55,0.48,18.0,82790.0
1990-09-07 22:00:00+00:00,11.25,86.1,0.0,0.0,0.0,355.1,0.41,11.0,82810.0
1990-09-07 23:00:00+00:00,11.28,89.3,20.65,8.36,20.15,354.95,0.07,199.0,82830.0
1990-09-08 00:00:00+00:00,11.47,83.1,87.55,100.12,61.1,357.85,0.34,200.0,82860.0
1990-09-08 01:00:00+00:00,12.09,83.15,141.2,8.86,137.15,357.75,0.41,260.0,82880.0
1990-09-08 02:00:00+00:00,12.71,80.3,298.45,70.44,254.55,362.3,0.55,303.0,82910.0
1990-09-08 03:00:00+00:00,13.55,80.4,451.6,246.94,266.2,357.85,0.62,5.0,82910.0
1990-09-08 04:00:00+00:00,14.61,77.75,583.75,330.62,308.9,347.0,0.97,45.0,82870.0
1990-09-08 05:00:00+00:00,15.72,72.55,547.0,232.76,347.0,353.55,1.52,61.0,82780.0
1990-09-08 06:00:00+00:00,16.82,67.75,473.9,270.32,248.8,375.85,1.86,65.0,82700.0
1990-09-08 07:00:00+00:00,16.82,72.7,375.75,183.14,237.75,356.65,3.45,66.0,82760.0
1990-09-08 08:00:00+00:00,16.94,70.2,262.45,186.18,145.7,360.75,3.66,62.0,82720.0
1990-09-08 09:00:00+00:00,16.86,70.2,159.75,80.85,122.4,364.4,3.79,63.0,82670.0
1990-09-08 10:00:00+00:00,16.61,70.2,51.8,33.4,42.8,364.8,3.86,65.0,82680.0
1990-09-08 11:00:00+00:00,16.02,72.65,1.95,2.39,1.8,364.4,3.24,73.0,82700.0
1990-09-08 12:00:00+00:00,15.4,77.8,0.0,0.0,0.0,364.0,2.48,69.0,82740.0
1990-09-08 13:00:00+00:00,14.9,83.45,0.0,0.0,0.0,361.7,2.48,59.0,82790.0
1990-09-08 14:00:00+00:00,14.4,86.4,0.0,0.0,0.0,356.3,2.34,58.0,82810.0
1990-09-08 15:00:00+00:00,13.99,86.4,0.0,0.0,0.0,354.95,1.93,62.0,82800.0
1990-09-08 16:00:00+00:00,13.52,89.45,0.0,0.0,0.0,346.8,1.72,62.0,82750.0
1990-09-08 17:00:00+00:00,13.14,89.4,0.0,0.0,0.0,345.25,1.45,71.0,82680.0
1990-09-08 18:00:00+00:00,13.05,92.65,0.0,0.0,0.0,354.75,1.31,73.0,82610.0
1990-09-08 19:00:00+00:00,12.72,92.6,0.0,0.0,0.0,344.5,1.24,57.0,82580.0
1990-09-08 20:00:00+00:00,12.54,92.6,0.0,0.0,0.0,344.1,1.38,52.0,82520.0
1990-09-08 21:00:00+00:00,12.57,92.6,0.0,0.0,0.0,353.95,1.31,56.0,82490.0
1990-09-08 22:00:00+00:00,12.72,92.6,0.0,0.0,0.0,361.9,1.17,59.0,82480.0
1990-09-08 23:00:00+00:00,12.72,92.6,33.45,159.93,24.3,355.9,1.1,40.0,82450.0
1990-09-09 00:00:00+00:00,13.37,92.65,71.5,51.21,58.1,367.7,1.45,34.0,82490.0
1990-09-09 01:00:00+00:00,13.97,89.45,140.5,48.05,118.65,368.8,1.52,41.0,82500.0
1990-09-09 02:00:00+00:00,14.87,86.45,159.85,19.66,147.65,379.1,1.38,60.0,82480.0
1990-09-09 03:00:00+00:00,15.54,80.65,206.65,26.54,186.8,379.5,1.31,51.0,82490.0
1990-09-09 04:00:00+00:00,16.37,80.75,210.45,17.51,195.95,383.75,1.66,29.0,82480.0
1990-09-09 05:00:00+00:00,17.04,75.4,238.6,12.33,228.05,387.05,2.48,17.0,82450.0
1990-09-09 06:00:00+00:00,17.45,75.4,156.9,6.94,151.15,388.8,3.52,18.0,82410.0
1990-09-09 07:00:00+00:00,17.08,75.4,194.85,55.77,153.05,385.3,4.41,16.0,82410.0
1990-09-09 08:00:00+00:00,16.9,78.0,119.2,50.35,87.85,381.85,4.83,20.0,82430.0
1990-09-09 09:00:00+00:00,16.53,75.3,80.7,30.51,66.75,377.95,4.9,23.0,82440.0
1990-09-09 10:00:00+00:00,16.1,77.95,26.9,18.53,22.0,373.7,4.34,24.0,82490.0
1990-09-09 11:00:00+00:00,15.41,80.6,0.65,0.0,0.65,372.95,4.76,19.0,82540.0
1990-09-09 12:00:00+00:00,14.64,83.45,0.0,0.0,0.0,366.75,4.48,16.0,82630.0
1990-09-09 13:00:00+00:00,14.16,86.4,0.0,0.0,0.0,370.0,4.14,17.0,82730.0
1990-09-09 14:00:00+00:00,13.73,89.45,0.0,0.0,0.0,367.7,3.66,20.0,82760.0
1990-09-09 15:00:00+00:00,13.48,89.45,0.0,0.0,0.0,371.95,2.97,22.0,82760.0
1990-09-09 16:00:00+00:00,13.29,92.65,0.0,0.0,0.0,371.55,2.55,28.0,82740.0
1990-09-09 17:00:00+00:00,13.12,92.65,0.0,0.0,0.0,369.45,2.14,28.0,82710.0
1990-09-09 18:00:00+00:00,12.95,92.6,0.0,0.0,0.0,365.75,1.66,34.0,82690.0
1990-09-09 19:00:00+00:00,13.06,89.4,0.0,0.0,0.0,361.5,0.62,6.0,82660.0
1990-09-09 20:00:00+00:00,12.8,92.6,0.0,0.0,0.0,350.65,0.69,287.0,82670.0
1990-09-09 21:00:00+00:00,12.69,92.6,0.0,0.0,0.0,356.1,0.76,279.0,82680.0
1990-09-09 22:00:00+00:00,13.02,89.4,0.0,0.0,0.0,361.9,0.41,264.0,82670.0
1990-09-09 23:00:00+00:00,13.0,89.4,23.0,63.19,19.55,362.65,0.48,206.0,82700.0
1990-09-10 00:00:00+00:00,13.14,89.4,81.15,56.15,66.6,355.9,0.41,190.0,82720.0
1990-09-10 01:00:00+00:00,13.83,86.35,161.15,34.5,145.55,359.5,0.21,228.0,82730.0
1990-09-10 02:00:00+00:00,14.58,80.55,277.4,149.29,185.15,365.95,0.21,73.0,82740.0
1990-09-10 03:00:00+00:00,15.46,77.8,276.45,52.47,237.35,363.65,0.9,67.0,82730.0
1990-09-10 04:00:00+00:00,16.12,70.1,239.65,11.33,230.3,372.95,1.03,96.0,82710.0
1990-09-10 05:00:00+00:00,16.56,67.75,256.8,47.33,216.45,375.05,1.45,88.0,82640.0
1990-09-10 06:00:00+00:00,17.0,65.45,214.05,42.47,179.0,377.0,1.86,93.0,82580.0
1990-09-10 07:00:00+00:00,16.74,70.2,204.2,59.57,159.8,374.85,2.76,69.0,82580.0
1990-09-10 08:00:00+00:00,16.91,70.2,175.6,77.89,127.45,372.35,2.9,66.0,82550.0
1990-09-10 09:00:00+00:00,17.06,67.85,87.55,32.49,72.85,372.95,2.9,65.0,82550.0
1990-09-10 10:00:00+00:00,16.86,70.2,19.5,7.52,17.55,372.15,2.48,66.0,82540.0
1990-09-10 11:00:00+00:00,16.44,75.25,0.5,0.0,0.5,372.75,1.86,66.0,82600.0
1990-09-10 12:00:00+00:00,15.97,77.85,0.0,0.0,0.0,370.0,2.0,49.0,82680.0
1990-09-10 13:00:00+00:00,15.41,83.5,0.0,0.0,0.0,368.3,2.21,32.0,82720.0
1990-09-10 14:00:00+00:00,15.09,83.5,0.0,0.0,0.0,370.6,2.14,27.0,82770.0
1990-09-10 15:00:00+00:00,14.85,86.45,0.0,0.0,0.0,372.35,2.0,31.0,82790.0
1990-09-10 16:00:00+00:00,14.6,86.45,0.0,0.0,0.0,370.0,1.86,31.0,82760.0
1990-09-10 17:00:00+00:00,14.37,89.5,0.0,0.0,0.0,367.7,1.86,21.0,82760.0
1990-09-10 18:00:00+00:00,14.14,89.5,0.0,0.0,0.0,365.95,1.86,19.0,82740.0
1990-09-10 19:00:00+00:00,14.09,89.5,0.0,0.0,0.0,369.25,2.21,21.0,82760.0
1990-09-10 20:00:00+00:00,13.91,92.65,0.0,0.0,0.0,368.1,2.41,20.0,82760.0
1990-09-10 21:00:00+00:00,13.74,89.45,0.0,0.0,0.0,368.1,2.55,16.0,82780.0
1990-09-10 22:00:00+00:00,13.59,89.45,0.0,0.0,0.0,368.1,2.62,17.0,82800.0
1990-09-10 23:00:00+00:00,13.51,89.45,10.0,0.0,10.0,368.5,2.55,20.0,82860.0
1990-09-11 00:00:00+00:00,13.51,89.45,35.95,22.02,30.3,366.15,2.48,19.0,82930.0
1990-09-11 01:00:00+00:00,13.79,86.35,31.4,0.0,31.4,366.05,2.34,17.0,82990.0
1990-09-11 02:00:00+00:00,13.85,86.35,67.6,0.0,67.6,365.95,2.0,20.0,83050.0
1990-09-11 03:00:00+00:00,14.13,83.4,98.5,0.0,98.5,365.75,2.21,23.0,83090.0
1990-09-11 04:00:00+00:00,14.37,83.4,125.5,0.0,125.5,364.8,2.62,31.0,83080.0
1990-09-11 05:00:00+00:00,14.63,80.55,120.25,2.12,118.45,362.65,2.83,43.0,83080.0
1990-09-11 06:00:00+00:00,14.7,77.75,130.55,0.0,130.55,361.1,2.97,54.0,83060.0
1990-09-11 07:00:00+00:00,15.2,75.1,107.4,0.0,107.4,363.65,3.17,68.0,83040.0
1990-09-11 08:00:00+00:00,15.13,72.45,76.5,0.0,76.5,365.95,3.1,77.0,82980.0
1990-09-11 09:00:00+00:00,15.08,72.45,36.55,0.0,36.55,367.1,2.69,82.0,82980.0
1990-09-11 10:00:00+00:00,14.88,77.75,15.0,0.98,14.75,366.15,1.66,84.0,82990.0
1990-09-11 11:00:00+00:00,14.6,80.55,0.5,0.0,0.5,363.05,1.17,77.0,83020.0
1990-09-11 12:00:00+00:00,14.25,83.4,0.0,0.0,0.0,363.05,0.76,72.0,83050.0
1990-09-11 13:00:00+00:00,14.53,75.0,0.0,0.0,0.0,362.65,0.48,64.0,83080.0
1990-09-11 14:00:00+00:00,14.51,75.0,0.0,0.0,0.0,362.5,0.48,33.0,83110.0
1990-09-11 15:00:00+00:00,14.42,77.65,0.0,0.0,0.0,360.55,0.48,27.0,83100.0
1990-09-11 16:00:00+00:00,14.32,74.95,0.0,0.0,0.0,352.0,0.28,70.0,83050.0
1990-09-11 17:00:00+00:00,14.07,74.95,0.0,0.0,0.0,342.95,0.48,122.0,83000.0
1990-09-11 18:00:00+00:00,13.74,77.6,0.0,0.0,0.0,335.75,0.62,134.0,82960.0
1990-09-11 19:00:00+00:00,12.82,83.25,0.0,0.0,0.0,342.95,1.31,105.0,82890.0
1990-09-11 20:00:00+00:00,12.87,80.3,0.0,0.0,0.0,348.15,1.93,111.0,82870.0
1990-09-11 21:00:00+00:00,12.62,80.3,0.0,0.0,0.0,350.65,1.93,106.0,82870.0
1990-09-11 22:00:00+00:00,12.29,80.2,0.0,0.0,0.0,351.05,1.86,100.0,82880.0
1990-09-11 23:00:00+00:00,11.94,83.1,15.35,12.16,14.75,348.95,1.86,85.0,82890.0
1990-09-12 00:00:00+00:00,12.04,80.2,47.6,21.66,42.1,358.6,1.93,83.0,82940.0
1990-09-12 01:00:00+00:00,12.08,77.35,65.2,5.03,62.95,358.5,2.14,82.0,82980.0
1990-09-12 02:00:00+00:00,12.15,80.2,73.75,1.31,72.95,359.55,2.21,76.0,83010.0
1990-09-12 03:00:00+00:00,12.23,80.2,113.9,8.86,107.35,360.35,2.28,79.0,83030.0
1990-09-12 04:00:00+00:00,12.5,77.45,138.9,2.99,136.45,361.3,2.28,86.0,82990.0
1990-09-12 05:00:00+00:00,12.86,80.3,113.3,0.0,113.3,363.45,2.34,95.0,82950.0
1990-09-12 06:00:00+00:00,13.1,77.5,144.95,4.04,141.65,363.45,2.34,104.0,82880.0
1990-09-12 07:00:00+00:00,13.47,77.5,178.2,85.63,115.1,364.2,3.17,127.0,82850.0
1990-09-12 08:00:00+00:00,13.92,74.85,117.8,33.0,97.7,359.2,3.38,132.0,82800.0
1990-09-12 09:00:00+00:00,13.96,74.85,47.95,3.16,46.55,364.6,3.17,131.0,82800.0
1990-09-12 10:00:00+00:00,13.69,77.6,20.15,0.0,20.15,366.55,2.55,126.0,82800.0
1990-09-12 11:00:00+00:00,13.43,80.35,0.5,0.0,0.5,366.15,2.07,116.0,82830.0
1990-09-12 12:00:00+00:00,13.05,83.25,0.0,0.0,0.0,358.4,1.72,108.0,82850.0
1990-09-12 13:00:00+00:00,12.6,86.25,0.0,0.0,0.0,345.65,1.31,107.0,82870.0
1990-09-12 14:00:00+00:00,11.74,92.55,0.0,0.0,0.0,320.85,0.97,117.0,82910.0
1990-09-12 15:00:00+00:00,11.9,89.3,0.0,0.0,0.0,323.75,0.55,120.0,82900.0
1990-09-12 16:00:00+00:00,11.64,89.3,0.0,0.0,0.0,317.55,0.41,117.0,82850.0
1990-09-12 17:00:00+00:00,11.28,92.55,0.0,0.0,0.0,328.6,0.69,119.0,82820.0
1990-09-12 18:00:00+00:00,11.24,92.55,0.0,0.0,0.0,326.3,0.55,115.0,82810.0
1990-09-12 19:00:00+00:00,10.89,92.5,0.0,0.0,0.0,310.05,0.34,122.0,82750.0
1990-09-12 20:00:00+00:00,10.62,92.5,0.0,0.0,0.0,301.7,0.41,143.0,82730.0
1990-09-12 21:00:00+00:00,10.39,95.9,0.0,0.0,0.0,300.35,0.28,102.0,82730.0
1990-09-12 22:00:00+00:00,10.13,92.5,0.0,0.0,0.0,302.3,0.55,10.0,82760.0
1990-09-12 23:00:00+00:00,9.8,95.85,77.25,825.56,38.7,298.6,0.76,348.0,82790.0
1990-09-13 00:00:00+00:00,10.44,95.9,225.7,502.84,99.3,302.1,0.76,336.0,82860.0
1990-09-13 01:00:00+00:00,12.76,86.25,408.45,643.69,122.45,314.4,0.69,351.0,82900.0
1990-09-13 02:00:00+00:00,14.45,80.45,554.0,603.72,185.9,314.1,0.9,18.0,82900.0
1990-09-13 03:00:00+00:00,16.43,72.65,592.8,508.53,218.35,333.45,2.9,17.0,82900.0
1990-09-13 04:00:00+00:00,17.69,65.55,426.25,215.57,250.45,333.65,4.34,19.0,82860.0
1990-09-13 05:00:00+00:00,18.07,61.2,410.45,153.35,281.35,357.05,4.62,21.0,82830.0
1990-09-13 06:00:00+00:00,18.51,61.2,357.55,143.5,240.8,370.2,5.17,24.0,82780.0
1990-09-13 07:00:00+00:00,17.96,63.3,260.9,149.33,151.5,366.35,5.1,28.0,82810.0
1990-09-13 08:00:00+00:00,17.69,63.3,178.0,112.91,109.75,358.0,5.03,30.0,82820.0
1990-09-13 09:00:00+00:00,17.28,63.2,104.0,86.44,66.15,361.1,4.76,29.0,82840.0
1990-09-13 10:00:00+00:00,16.69,65.35,27.0,20.68,21.95,352.2,4.14,25.0,82910.0
1990-09-13 11:00:00+00:00,15.95,70.0,0.3,0.0,0.3,355.9,3.31,20.0,82980.0
1990-09-13 12:00:00+00:00,15.34,72.45,0.0,0.0,0.0,351.65,2.69,19.0,83070.0
1990-09-13 13:00:00+00:00,14.75,75.0,0.0,0.0,0.0,349.9,2.14,20.0,83150.0
1990-09-13 14:00:00+00:00,14.74,72.4,0.0,0.0,0.0,340.0,1.24,21.0,83200.0
1990-09-13 15:00:00+00:00,14.98,67.35,0.0,0.0,0.0,327.05,0.41,320.0,83230.0
1990-09-13 16:00:00+00:00,14.16,72.3,0.0,0.0,0.0,322.6,0.9,285.0,83230.0
1990-09-13 17:00:00+00:00,13.11,77.5,0.0,0.0,0.0,319.5,1.1,280.0,83240.0
1990-09-13 18:00:00+00:00,12.49,80.3,0.0,0.0,0.0,324.75,1.24,280.0,83240.0
1990-09-13 19:00:00+00:00,11.81,86.15,0.0,0.0,0.0,320.65,1.52,266.0,83230.0
1990-09-13 20:00:00+00:00,11.38,89.3,0.0,0.0,0.0,324.95,1.59,267.0,83210.0
1990-09-13 21:00:00+00:00,10.75,89.25,0.0,0.0,0.0,310.8,1.72,267.0,83230.0
1990-09-13 22:00:00+00:00,10.21,92.5,0.0,0.0,0.0,303.85,1.72,267.0,83240.0
1990-09-13 23:00:00+00:00,9.72,92.45,89.5,975.14,46.55,295.1,1.72,268.0,83240.0
1990-09-14 00:00:00+00:00,10.75,92.5,269.05,714.76,91.25,282.95,1.38,265.0,83280.0
1990-09-14 01:00:00+00:00,14.63,75.0,476.3,784.9,129.65,288.65,1.45,260.0,83290.0
1990-09-14 02:00:00+00:00,16.57,63.05,642.05,789.81,162.7,293.0,2.0,257.0,83300.0
1990-09-14 03:00:00+00:00,17.76,54.85,752.1,749.62,202.4,297.45,1.86,258.0,83270.0
1990-09-14 04:00:00+00:00,18.66,51.15,828.1,790.38,186.15,307.1,1.24,247.0,83230.0
1990-09-14 05:00:00+00:00,19.41,47.65,766.95,700.41,179.85,310.4,0.69,195.0,83160.0
1990-09-14 06:00:00+00:00,19.94,44.45,747.8,712.77,170.75,314.5,1.24,143.0,83070.0
1990-09-14 07:00:00+00:00,20.51,43.0,588.7,601.7,150.5,317.4,2.07,130.0,83020.0
1990-09-14 08:00:00+00:00,20.64,41.55,333.7,315.36,144.55,321.85,2.34,128.0,82980.0
1990-09-14 09:00:00+00:00,20.39,43.0,233.2,346.95,83.0,336.15,2.28,119.0,82940.0
1990-09-14 10:00:00+00:00,20.09,43.0,83.55,182.63,39.9,326.85,2.48,113.0,82900.0
1990-09-14 11:00:00+00:00,18.98,53.0,0.7,0.0,0.7,310.2,2.14,102.0,82880.0
1990-09-14 12:00:00+00:00,16.71,67.75,0.0,0.0,0.0,295.1,1.79,104.0,82900.0
1990-09-14 13:00:00+00:00,16.44,58.6,0.0,0.0,0.0,292.2,1.24,123.0,82930.0
1990-09-14 14:00:00+00:00,16.61,52.65,0.0,0.0,0.0,290.3,1.1,156.0,82920.0
1990-09-14 15:00:00+00:00,15.07,58.35,0.0,0.0,0.0,288.55,1.31,179.0,82900.0
1990-09-14 16:00:00+00:00,13.91,64.75,0.0,0.0,0.0,286.05,1.45,189.0,82860.0
1990-09-14 17:00:00+00:00,13.57,64.75,0.0,0.0,0.0,285.25,1.31,189.0,82800.0
1990-09-14 18:00:00+00:00,13.61,64.75,0.0,0.0,0.0,282.95,0.97,186.0,82760.0
1990-09-14 19:00:00+00:00,13.41,64.65,0.0,0.0,0.0,282.75,0.76,167.0,82700.0
1990-09-14 20:00:00+00:00,12.66,66.95,0.0,0.0,0.0,281.4,0.69,155.0,82670.0
1990-09-14 21:00:00+00:00,12.03,69.35,0.0,0.0,0.0,281.4,0.69,145.0,82650.0
1990-09-14 22:00:00+00:00,11.49,71.85,0.0,0.0,0.0,282.95,0.69,138.0,82640.0
1990-09-14 23:00:00+00:00,11.01,74.45,91.8,1213.0,41.6,282.55,0.76,127.0,82640.0
1990-09-15 00:00:00+00:00,11.43,77.2,288.45,845.33,80.4,277.9,0.62,113.0,82620.0
1990-09-15 01:00:00+00:00,13.61,67.15,495.85,912.29,95.4,282.85,1.17,111.0,82630.0
1990-09-15 02:00:00+00:00,15.96,60.65,670.0,929.76,108.35,287.75,1.59,114.0,82610.0
1990-09-15 03:00:00+00:00,18.03,51.15,793.45,926.27,117.05,294.55,2.34,121.0,82610.0
1990-09-15 04:00:00+00:00,19.79,47.8,842.05,843.24,160.0,302.85,3.17,126.0,82570.0
1990-09-15 05:00:00+00:00,21.13,43.25,714.35,508.61,289.9,316.2,3.59,128.0,82510.0
1990-09-15 06:00:00+00:00,21.82,40.35,597.75,385.82,286.95,344.3,3.66,125.0,82440.0
1990-09-15 07:00:00+00:00,21.99,38.9,418.4,221.31,258.2,349.7,3.79,129.0,82460.0
1990-09-15 08:00:00+00:00,21.94,38.9,237.75,96.29,180.45,353.95,3.59,131.0,82440.0
1990-09-15 09:00:00+00:00,21.32,40.2,107.45,30.96,94.2,352.6,3.45,127.0,82460.0
1990-09-15 10:00:00+00:00,20.32,46.2,42.0,40.63,32.5,355.3,2.9,118.0,82470.0
1990-09-15 11:00:00+00:00,19.09,53.15,0.3,0.0,0.3,350.1,2.48,116.0,82510.0
1990-09-15 12:00:00+00:00,17.67,61.05,0.0,0.0,0.0,355.5,2.07,111.0,82570.0
1990-09-15 13:00:00+00:00,16.63,65.35,0.0,0.0,0.0,346.2,2.0,112.0,82630.0
1990-09-15 14:00:00+00:00,15.37,67.45,0.0,0.0,0.0,312.55,1.93,122.0,82680.0
1990-09-15 15:00:00+00:00,14.9,64.95,0.0,0.0,0.0,294.75,1.66,129.0,82690.0
1990-09-15 16:00:00+00:00,15.02,58.35,0.0,0.0,0.0,293.2,1.24,130.0,82670.0
1990-09-15 17:00:00+00:00,14.64,60.4,0.0,0.0,0.0,290.1,0.97,128.0,82640.0
1990-09-15 18:00:00+00:00,13.74,64.75,0.0,0.0,0.0,287.4,0.69,135.0,82610.0
1990-09-15 19:00:00+00:00,13.15,64.65,0.0,0.0,0.0,289.9,0.48,139.0,82570.0
1990-09-15 20:00:00+00:00,12.66,69.45,0.0,0.0,0.0,293.4,0.34,151.0,82570.0
1990-09-15 21:00:00+00:00,12.14,71.95,0.0,0.0,0.0,289.7,0.48,152.0,82540.0
1990-09-15 22:00:00+00:00,11.74,74.55,0.0,0.0,0.0,290.85,0.34,139.0,82550.0
1990-09-15 23:00:00+00:00,11.44,77.2,43.9,0.0,43.9,293.2,0.28,145.0,82570.0
1990-09-16 00:00:00+00:00,11.93,74.55,273.8,749.4,91.35,289.5,0.28,137.0,82600.0
1990-09-16 01:00:00+00:00,14.14,67.25,426.1,645.88,144.35,296.6,0.41,149.0,82620.0
1990-09-16 02:00:00+00:00,16.04,60.75,613.1,695.61,194.9,309.05,0.62,169.0,82650.0
1990-09-16 03:00:00+00:00,17.88,56.85,672.85,568.6,259.4,323.4,0.76,197.0,82660.0
1990-09-16 04:00:00+00:00,19.23,55.05,697.6,500.53,294.45,333.25,0.69,184.0,82630.0
1990-09-16 05:00:00+00:00,20.32,53.35,698.8,491.81,290.2,342.95,0.69,136.0,82560.0
1990-09-16 06:00:00+00:00,21.24,49.95,751.35,758.54,143.4,345.85,1.31,114.0,82490.0
1990-09-16 07:00:00+00:00,22.52,43.5,641.25,731.87,114.7,329.2,2.34,81.0,82440.0
1990-09-16 08:00:00+00:00,22.82,40.6,469.0,638.86,91.85,323.2,3.03,88.0,82410.0
1990-09-16 09:00:00+00:00,22.61,39.15,270.2,467.92,72.3,319.7,3.38,92.0,82380.0
1990-09-16 10:00:00+00:00,22.04,43.4,77.9,196.82,32.9,317.55,3.17,92.0,82420.0
1990-09-16 11:00:00+00:00,20.62,49.8,0.25,0.0,0.25,314.85,2.34,85.0,82430.0
1990-09-16 12:00:00+00:00,18.64,65.65,0.0,0.0,0.0,315.65,1.79,79.0,82490.0
1990-09-16 13:00:00+00:00,18.17,56.95,0.0,0.0,0.0,308.65,1.17,86.0,82560.0
1990-09-16 14:00:00+00:00,18.22,53.0,0.0,0.0,0.0,301.1,0.48,114.0,82640.0
1990-09-16 15:00:00+00:00,17.38,56.75,0.0,0.0,0.0,311.55,0.41,154.0,82640.0
1990-09-16 16:00:00+00:00,16.49,60.75,0.0,0.0,0.0,302.65,0.62,176.0,82630.0
1990-09-16 17:00:00+00:00,15.61,62.85,0.0,0.0,0.0,298.4,0.48,185.0,82620.0
1990-09-16 18:00:00+00:00,14.87,67.35,0.0,0.0,0.0,293.95,0.21,192.0,82620.0
1990-09-16 19:00:00+00:00,14.38,67.25,0.0,0.0,0.0,301.1,0.21,45.0,82580.0
1990-09-16 20:00:00+00:00,13.9,69.65,0.0,0.0,0.0,300.35,0.41,85.0,82550.0
1990-09-16 21:00:00+00:00,13.4,72.1,0.0,0.0,0.0,295.5,0.41,97.0,82550.0
1990-09-16 22:00:00+00:00,13.01,72.1,0.0,0.0,0.0,295.5,0.21,115.0,82580.0
1990-09-16 23:00:00+00:00,12.69,74.7,42.6,0.0,42.6,293.75,0.21,158.0,82620.0
1990-09-17 00:00:00+00:00,13.01,74.75,280.4,839.13,78.35,290.85,0.14,199.0,82670.0
1990-09-17 01:00:00+00:00,15.31,69.9,470.85,808.12,120.55,292.9,0.21,134.0,82710.0
1990-09-17 02:00:00+00:00,17.43,63.2,659.6,918.8,109.9,302.3,0.62,131.0,82720.0
1990-09-17 03:00:00+00:00,19.34,59.15,786.9,928.76,114.5,307.7,0.9,120.0,82720.0
1990-09-17 04:00:00+00:00,21.03,53.5,840.1,885.41,130.0,316.4,1.52,112.0,82690.0
1990-09-17 05:00:00+00:00,22.38,46.75,830.3,819.81,152.3,323.4,2.28,112.0,82640.0
1990-09-17 06:00:00+00:00,23.31,42.25,770.4,819.6,116.9,327.85,2.83,112.0,82550.0
1990-09-17 07:00:00+00:00,23.97,40.9,641.95,748.27,106.95,327.85,3.31,105.0,82500.0
1990-09-17 08:00:00+00:00,24.2,38.15,467.6,638.44,93.75,328.2,3.59,105.0,82460.0
1990-09-17 09:00:00+00:00,24.05,39.45,265.65,467.1,70.45,326.5,3.86,106.0,82410.0
1990-09-17 10:00:00+00:00,23.46,40.75,70.1,179.04,30.1,322.8,3.59,107.0,82410.0
1990-09-17 11:00:00+00:00,22.05,48.3,0.15,0.0,0.15,324.35,2.69,96.0,82420.0
1990-09-17 12:00:00+00:00,20.19,59.35,0.0,0.0,0.0,314.5,2.28,99.0,82470.0
1990-09-17 13:00:00+00:00,18.35,68.05,0.0,0.0,0.0,309.85,1.86,107.0,82540.0
1990-09-17 14:00:00+00:00,17.66,63.3,0.0,0.0,0.0,309.05,1.66,120.0,82560.0
1990-09-17 15:00:00+00:00,16.33,70.1,0.0,0.0,0.0,304.8,1.79,134.0,82550.0
1990-09-17 16:00:00+00:00,15.72,70.0,0.0,0.0,0.0,301.7,1.52,142.0,82540.0
1990-09-17 17:00:00+00:00,15.09,69.9,0.0,0.0,0.0,299.95,1.38,134.0,82550.0
1990-09-17 18:00:00+00:00,13.84,77.6,0.0,0.0,0.0,301.9,1.45,123.0,82530.0
1990-09-17 19:00:00+00:00,13.96,77.6,0.0,0.0,0.0,297.05,1.24,112.0,82450.0
1990-09-17 20:00:00+00:00,13.2,80.35,0.0,0.0,0.0,296.5,1.17,109.0,82450.0
1990-09-17 21:00:00+00:00,12.59,83.25,0.0,0.0,0.0,300.15,1.17,109.0,82410.0
1990-09-17 22:00:00+00:00,12.34,86.2,0.0,0.0,0.0,300.55,1.1,109.0,82420.0
1990-09-17 23:00:00+00:00,12.24,86.2,39.5,0.0,39.5,300.15,0.97,113.0,82430.0
1990-09-18 00:00:00+00:00,12.44,89.35,267.15,792.99,78.35,296.85,0.83,120.0,82450.0
1990-09-18 01:00:00+00:00,14.85,80.55,453.8,791.29,113.0,305.7,1.31,135.0,82480.0
1990-09-18 02:00:00+00:00,16.99,72.7,585.2,711.04,161.9,314.5,1.79,147.0,82470.0
1990-09-18 03:00:00+00:00,18.89,68.05,699.65,741.56,165.15,329.75,1.72,151.0,82470.0
1990-09-18 04:00:00+00:00,20.62,59.5,691.45,575.7,231.75,339.65,1.86,152.0,82420.0
1990-09-18 05:00:00+00:00,21.96,55.65,658.2,610.07,156.0,346.2,1.93,153.0,82360.0
1990-09-18 06:00:00+00:00,22.9,52.1,637.05,603.59,158.3,352.4,1.52,127.0,82310.0
1990-09-18 07:00:00+00:00,24.03,47.15,522.3,512.9,157.9,357.85,1.93,99.0,82280.0
1990-09-18 08:00:00+00:00,24.42,45.6,357.45,420.32,113.35,367.1,2.76,85.0,82250.0
1990-09-18 09:00:00+00:00,24.27,45.6,186.85,256.15,81.1,360.15,3.45,77.0,82220.0
1990-09-18 10:00:00+00:00,23.69,47.15,48.9,98.09,27.5,367.1,3.38,72.0,82260.0
1990-09-18 11:00:00+00:00,22.48,55.8,0.05,0.0,0.05,358.8,2.62,81.0,82350.0
1990-09-18 12:00:00+00:00,21.16,63.9,0.0,0.0,0.0,354.55,2.0,96.0,82430.0
1990-09-18 13:00:00+00:00,19.59,75.7,0.0,0.0,0.0,348.75,1.45,104.0,82530.0
1990-09-18 14:00:00+00:00,20.01,65.85,0.0,0.0,0.0,336.15,0.69,116.0,82550.0
1990-09-18 15:00:00+00:00,18.84,70.45,0.0,0.0,0.0,325.5,0.28,320.0,82600.0
1990-09-18 16:00:00+00:00,17.83,72.9,0.0,0.0,0.0,332.65,0.34,358.0,82610.0
1990-09-18 17:00:00+00:00,17.02,75.4,0.0,0.0,0.0,326.1,0.21,11.0,82600.0
1990-09-18 18:00:00+00:00,16.21,77.95,0.0,0.0,0.0,324.35,0.34,3.0,82600.0
1990-09-18 19:00:00+00:00,15.48,80.6,0.0,0.0,0.0,322.2,0.55,322.0,82590.0
1990-09-18 20:00:00+00:00,15.18,80.6,0.0,0.0,0.0,329.55,0.55,294.0,82580.0
1990-09-18 21:00:00+00:00,15.07,77.8,0.0,0.0,0.0,328.4,0.69,264.0,82630.0
1990-09-18 22:00:00+00:00,14.88,80.55,0.0,0.0,0.0,353.0,0.62,265.0,82670.0
1990-09-18 23:00:00+00:00,14.16,80.45,20.9,0.0,20.9,353.0,1.38,329.0,82780.0
1990-09-19 00:00:00+00:00,14.95,60.4,88.7,36.96,80.0,354.95,5.72,359.0,82900.0
1990-09-19 01:00:00+00:00,13.53,50.0,122.9,18.35,115.05,347.1,6.41,8.0,83010.0
1990-09-19 02:00:00+00:00,12.25,51.5,184.6,24.06,170.35,347.95,7.59,7.0,83120.0
1990-09-19 03:00:00+00:00,11.14,53.25,207.1,17.49,194.55,341.0,8.28,2.0,83230.0
1990-09-19 04:00:00+00:00,10.24,59.35,147.5,4.59,143.85,339.45,8.07,1.0,83270.0
1990-09-19 05:00:00+00:00,9.29,66.25,103.25,2.32,101.35,338.1,7.1,5.0,83290.0
1990-09-19 06:00:00+00:00,8.54,68.7,214.4,31.05,189.9,335.55,6.14,10.0,83310.0
1990-09-19 07:00:00+00:00,8.97,68.8,102.7,0.5,102.35,335.95,7.31,4.0,83330.0
1990-09-19 08:00:00+00:00,8.03,73.95,62.65,0.17,62.55,332.85,6.69,7.0,83360.0
1990-09-19 09:00:00+00:00,7.32,76.7,36.55,0.0,36.55,332.85,6.34,8.0,83410.0
1990-09-19 10:00:00+00:00,6.83,76.65,11.4,0.0,11.4,330.35,5.59,10.0,83450.0
1990-09-19 11:00:00+00:00,6.61,76.65,0.0,0.0,0.0,326.85,4.41,15.0,83530.0
1990-09-19 12:00:00+00:00,6.57,76.65,0.0,0.0,0.0,323.75,2.62,24.0,83570.0
1990-09-19 13:00:00+00:00,6.74,76.65,0.0,0.0,0.0,324.35,0.97,41.0,83650.0
1990-09-19 14:00:00+00:00,6.97,71.15,0.0,0.0,0.0,323.55,0.55,176.0,83680.0
1990-09-19 15:00:00+00:00,7.11,73.9,0.0,0.0,0.0,315.25,1.17,214.0,83670.0
1990-09-19 16:00:00+00:00,7.13,76.7,0.0,0.0,0.0,312.55,1.86,230.0,83630.0
1990-09-19 17:00:00+00:00,7.13,79.65,0.0,0.0,0.0,311.55,2.28,242.0,83580.0
1990-09-19 18:00:00+00:00,7.17,79.65,0.0,0.0,0.0,312.95,2.62,248.0,83560.0
1990-09-19 19:00:00+00:00,7.11,79.65,0.0,0.0,0.0,317.75,2.0,239.0,83540.0
1990-09-19 20:00:00+00:00,7.15,79.65,0.0,0.0,0.0,311.75,1.66,244.0,83500.0
1990-09-19 21:00:00+00:00,7.08,82.65,0.0,0.0,0.0,305.4,1.24,244.0,83450.0
1990-09-19 22:00:00+00:00,6.81,89.0,0.0,0.0,0.0,297.05,0.83,219.0,83440.0
1990-09-19 23:00:00+00:00,6.75,85.75,33.45,0.0,33.45,285.05,0.69,180.0,83460.0
1990-09-20 00:00:00+00:00,7.13,85.8,253.25,698.33,90.8,269.6,0.48,158.0,83470.0
1990-09-20 01:00:00+00:00,8.92,76.85,467.15,821.59,117.95,268.9,0.34,58.0,83510.0
1990-09-20 02:00:00+00:00,10.38,74.3,603.85,769.12,150.6,268.4,1.1,54.0,83520.0
1990-09-20 03:00:00+00:00,11.73,66.75,724.55,752.39,187.15,275.4,1.66,56.0,83520.0
1990-09-20 04:00:00+00:00,13.07,60.05,756.7,710.28,194.6,285.05,1.79,50.0,83470.0
1990-09-20 05:00:00+00:00,14.1,56.0,693.65,653.73,160.6,297.05,2.0,47.0,83390.0
1990-09-20 06:00:00+00:00,14.84,52.15,698.15,658.42,181.5,296.85,2.34,52.0,83340.0
1990-09-20 07:00:00+00:00,15.37,45.05,539.1,585.74,128.3,309.65,2.97,43.0,83260.0
1990-09-20 08:00:00+00:00,15.53,40.35,448.6,614.33,97.8,295.1,3.1,44.0,83240.0
1990-09-20 09:00:00+00:00,15.56,37.4,243.9,410.91,78.45,287.0,3.1,47.0,83240.0
1990-09-20 10:00:00+00:00,15.11,37.25,64.0,166.14,29.5,281.4,2.83,57.0,83250.0
1990-09-20 11:00:00+00:00,14.12,41.5,0.0,0.0,0.0,271.3,1.93,78.0,83290.0
1990-09-20 12:00:00+00:00,12.45,64.45,0.0,0.0,0.0,276.15,1.38,98.0,83340.0
1990-09-20 13:00:00+00:00,13.01,39.65,0.0,0.0,0.0,263.6,0.69,107.0,83400.0
1990-09-20 14:00:00+00:00,12.36,42.55,0.0,0.0,0.0,264.35,0.21,168.0,83430.0
1990-09-20 15:00:00+00:00,11.76,45.8,0.0,0.0,0.0,276.35,0.48,235.0,83440.0
1990-09-20 16:00:00+00:00,10.86,53.1,0.0,0.0,0.0,274.6,1.03,249.0,83420.0
1990-09-20 17:00:00+00:00,9.32,63.8,0.0,0.0,0.0,275.4,1.31,254.0,83360.0
1990-09-20 18:00:00+00:00,8.53,66.15,0.0,0.0,0.0,259.5,1.31,259.0,83320.0
1990-09-20 19:00:00+00:00,7.93,66.05,0.0,0.0,0.0,258.75,1.31,257.0,83270.0
1990-09-20 20:00:00+00:00,7.62,66.05,0.0,0.0,0.0,257.6,1.17,252.0,83210.0
1990-09-20 21:00:00+00:00,7.53,63.6,0.0,0.0,0.0,259.5,1.1,246.0,83130.0
1990-09-20 22:00:00+00:00,7.32,65.95,0.0,0.0,0.0,260.85,1.1,237.0,83110.0
1990-09-20 23:00:00+00:00,7.09,65.95,34.9,0.0,34.9,261.05,1.17,223.0,83080.0
1990-09-21 00:00:00+00:00,7.95,68.6,277.3,884.01,74.1,263.2,0.97,217.0,83090.0
1990-09-21 01:00:00+00:00,11.23,59.6,481.3,914.83,95.1,267.75,1.03,214.0,83110.0
1990-09-21 02:00:00+00:00,13.6,48.15,654.0,929.06,109.35,274.4,1.1,220.0,83100.0
1990-09-21 03:00:00+00:00,15.34,46.75,776.75,925.83,118.55,281.4,1.17,224.0,83080.0
1990-09-21 04:00:00+00:00,16.77,47.15,837.4,906.52,123.3,288.35,1.24,220.0,83010.0
1990-09-21 05:00:00+00:00,17.99,47.4,830.75,868.72,125.85,294.55,1.1,209.0,82940.0
1990-09-21 06:00:00+00:00,18.95,47.55,749.55,784.88,137.05,300.55,0.34,174.0,82860.0
1990-09-21 07:00:00+00:00,19.7,46.1,625.6,738.83,110.85,306.15,0.83,37.0,82850.0
1990-09-21 08:00:00+00:00,20.01,44.45,382.0,473.66,113.85,304.6,2.48,44.0,82800.0
1990-09-21 09:00:00+00:00,20.08,43.0,214.65,341.87,78.75,311.2,3.45,45.0,82820.0
1990-09-21 10:00:00+00:00,19.49,44.3,51.9,110.44,29.55,310.05,3.03,57.0,82820.0
1990-09-21 11:00:00+00:00,18.37,47.55,0.0,0.0,0.0,311.0,1.93,76.0,82850.0
1990-09-21 12:00:00+00:00,16.61,63.05,0.0,0.0,0.0,305.75,1.17,104.0,82900.0
1990-09-21 13:00:00+00:00,16.93,50.75,0.0,0.0,0.0,291.25,0.69,145.0,82950.0
1990-09-21 14:00:00+00:00,16.16,54.45,0.0,0.0,0.0,297.45,0.62,224.0,82970.0
1990-09-21 15:00:00+00:00,15.26,58.35,0.0,0.0,0.0,302.5,0.83,283.0,82940.0
1990-09-21 16:00:00+00:00,14.05,62.55,0.0,0.0,0.0,296.5,0.76,288.0,82890.0
1990-09-21 17:00:00+00:00,13.2,67.05,0.0,0.0,0.0,294.15,0.55,275.0,82850.0
1990-09-21 18:00:00+00:00,13.01,64.65,0.0,0.0,0.0,292.8,0.48,230.0,82810.0
1990-09-21 19:00:00+00:00,12.96,60.05,0.0,0.0,0.0,277.7,0.34,210.0,82790.0
1990-09-21 20:00:00+00:00,12.39,64.45,0.0,0.0,0.0,276.95,0.34,179.0,82730.0
1990-09-21 21:00:00+00:00,11.74,66.75,0.0,0.0,0.0,276.95,0.41,160.0,82710.0
1990-09-21 22:00:00+00:00,11.09,69.15,0.0,0.0,0.0,275.95,0.21,160.0,82710.0
1990-09-21 23:00:00+00:00,10.51,71.7,34.0,0.0,34.0,275.0,0.07,163.0,82690.0
1990-09-22 00:00:00+00:00,10.64,74.4,270.85,866.24,74.15,276.35,0.14,157.0,82700.0
1990-09-22 01:00:00+00:00,12.91,69.45,473.55,901.02,95.8,280.15,0.55,173.0,82720.0
1990-09-22 02:00:00+00:00,15.24,58.35,646.35,920.03,109.85,287.4,0.9,182.0,82710.0
1990-09-22 03:00:00+00:00,17.2,52.75,769.75,920.55,118.4,294.35,1.17,190.0,82690.0
1990-09-22 04:00:00+00:00,18.8,51.15,831.5,903.31,123.25,300.75,1.24,196.0,82630.0
1990-09-22 05:00:00+00:00,20.12,46.2,826.95,872.35,122.6,306.35,1.17,197.0,82550.0
1990-09-22 06:00:00+00:00,21.16,44.85,756.0,818.33,120.95,311.2,0.83,177.0,82480.0
1990-09-22 07:00:00+00:00,22.17,40.5,580.25,640.78,136.8,314.65,1.52,47.0,82430.0
1990-09-22 08:00:00+00:00,22.49,40.5,389.05,471.68,124.35,315.45,2.83,51.0,82390.0
1990-09-22 09:00:00+00:00,22.2,39.05,222.65,356.93,82.6,315.65,3.38,66.0,82390.0
1990-09-22 10:00:00+00:00,21.46,43.25,51.75,123.29,27.45,313.9,3.24,75.0,82400.0
1990-09-22 11:00:00+00:00,19.89,51.4,0.0,0.0,0.0,311.55,2.48,72.0,82440.0
1990-09-22 12:00:00+00:00,18.15,61.2,0.0,0.0,0.0,309.25,2.0,75.0,82460.0
1990-09-22 13:00:00+00:00,17.26,63.2,0.0,0.0,0.0,302.3,1.24,74.0,82520.0
1990-09-22 14:00:00+00:00,17.7,54.85,0.0,0.0,0.0,296.85,0.69,62.0,82560.0
1990-09-22 15:00:00+00:00,16.87,58.7,0.0,0.0,0.0,296.65,0.76,67.0,82560.0
1990-09-22 16:00:00+00:00,16.07,60.75,0.0,0.0,0.0,296.3,0.9,93.0,82570.0
1990-09-22 17:00:00+00:00,14.69,69.85,0.0,0.0,0.0,297.05,1.17,102.0,82550.0
1990-09-22 18:00:00+00:00,13.01,77.5,0.0,0.0,0.0,301.5,1.38,109.0,82560.0
1990-09-22 19:00:00+00:00,12.53,77.45,0.0,0.0,0.0,299.0,1.31,90.0,82530.0
1990-09-22 20:00:00+00:00,11.65,83.1,0.0,0.0,0.0,306.35,1.31,89.0,82540.0
1990-09-22 21:00:00+00:00,11.14,86.1,0.0,0.0,0.0,307.1,1.17,87.0,82520.0
1990-09-22 22:00:00+00:00,10.97,89.3,0.0,0.0,0.0,309.25,1.03,86.0,82550.0
1990-09-22 23:00:00+00:00,10.99,89.3,35.85,0.0,35.85,314.3,0.9,82.0,82580.0
1990-09-23 00:00:00+00:00,10.94,92.5,90.7,13.15,87.75,317.55,0.83,88.0,82610.0
1990-09-23 01:00:00+00:00,11.88,92.55,140.95,47.32,121.25,327.15,0.9,101.0,82650.0
1990-09-23 02:00:00+00:00,12.9,86.25,246.4,50.95,216.85,329.2,0.97,108.0,82660.0
1990-09-23 03:00:00+00:00,14.04,77.65,247.45,53.26,209.95,334.0,1.1,117.0,82680.0
1990-09-23 04:00:00+00:00,14.73,75.0,292.35,69.97,237.75,336.55,1.31,128.0,82670.0
1990-09-23 05:00:00+00:00,15.42,72.45,239.95,33.05,213.4,339.25,1.38,141.0,82630.0
1990-09-23 06:00:00+00:00,15.84,70.0,448.1,137.24,342.2,339.65,1.45,154.0,82620.0
1990-09-23 07:00:00+00:00,18.22,56.95,348.7,111.59,272.0,342.15,1.66,120.0,82570.0
1990-09-23 08:00:00+00:00,18.51,56.95,226.25,59.15,193.35,341.4,2.28,121.0,82580.0
1990-09-23 09:00:00+00:00,18.3,56.95,106.15,10.2,102.2,335.4,2.48,114.0,82590.0
1990-09-23 10:00:00+00:00,17.77,58.9,33.55,22.16,29.3,339.65,2.28,110.0,82650.0
1990-09-23 11:00:00+00:00,16.87,65.35,0.0,0.0,0.0,327.85,1.38,95.0,82690.0
1990-09-23 12:00:00+00:00,15.56,77.85,0.0,0.0,0.0,327.05,1.24,97.0,82740.0
1990-09-23 13:00:00+00:00,14.98,77.75,0.0,0.0,0.0,319.3,0.9,120.0,82820.0
1990-09-23 14:00:00+00:00,14.82,75.0,0.0,0.0,0.0,304.6,0.55,152.0,82870.0
1990-09-23 15:00:00+00:00,14.13,77.65,0.0,0.0,0.0,298.6,0.34,187.0,82890.0
1990-09-23 16:00:00+00:00,13.56,77.6,0.0,0.0,0.0,296.1,0.41,199.0,82890.0
1990-09-23 17:00:00+00:00,12.97,80.35,0.0,0.0,0.0,288.15,0.55,189.0,82850.0
1990-09-23 18:00:00+00:00,12.33,86.2,0.0,0.0,0.0,285.65,0.69,176.0,82830.0
1990-09-23 19:00:00+00:00,11.76,86.15,0.0,0.0,0.0,281.75,0.62,168.0,82810.0
1990-09-23 20:00:00+00:00,11.19,86.1,0.0,0.0,0.0,282.35,0.62,162.0,82810.0
1990-09-23 21:00:00+00:00,10.64,86.05,0.0,0.0,0.0,281.95,0.55,154.0,82790.0
1990-09-23 22:00:00+00:00,10.29,89.2,0.0,0.0,0.0,280.6,0.41,145.0,82820.0
1990-09-23 23:00:00+00:00,9.99,89.2,31.5,0.0,31.5,278.85,0.34,128.0,82830.0
1990-09-24 00:00:00+00:00,10.26,89.2,253.05,795.28,76.95,278.85,0.14,114.0,82870.0
1990-09-24 01:00:00+00:00,12.7,80.3,454.05,843.39,105.45,283.6,0.41,123.0,82880.0
1990-09-24 02:00:00+00:00,15.14,69.9,630.6,880.71,122.6,290.3,0.76,142.0,82870.0
1990-09-24 03:00:00+00:00,17.23,63.2,759.45,910.66,121.35,298.05,1.17,160.0,82860.0
1990-09-24 04:00:00+00:00,19.08,57.1,821.0,898.75,123.05,305.0,1.59,166.0,82840.0
1990-09-24 05:00:00+00:00,20.68,49.8,814.4,865.98,122.25,311.2,1.86,164.0,82760.0
1990-09-24 06:00:00+00:00,21.94,44.95,737.65,795.33,127.45,316.2,2.21,156.0,82690.0
1990-09-24 07:00:00+00:00,23.02,39.15,602.0,706.75,119.55,319.1,2.69,151.0,82620.0
1990-09-24 08:00:00+00:00,23.45,36.55,401.2,503.58,123.6,321.65,2.83,140.0,82560.0
1990-09-24 09:00:00+00:00,23.4,35.25,210.25,323.92,86.5,322.05,3.1,129.0,82540.0
1990-09-24 10:00:00+00:00,22.83,37.75,45.8,97.04,27.7,321.25,3.24,116.0,82540.0
1990-09-24 11:00:00+00:00,21.1,44.85,0.0,0.0,0.0,314.65,3.1,101.0,82540.0
1990-09-24 12:00:00+00:00,19.29,53.15,0.0,0.0,0.0,307.7,2.97,105.0,82620.0
1990-09-24 13:00:00+00:00,17.58,58.9,0.0,0.0,0.0,299.55,2.83,114.0,82700.0
1990-09-24 14:00:00+00:00,15.71,70.0,0.0,0.0,0.0,297.65,2.28,118.0,82760.0
1990-09-24 15:00:00+00:00,14.79,72.4,0.0,0.0,0.0,297.45,1.66,108.0,82810.0
1990-09-24 16:00:00+00:00,14.17,72.3,0.0,0.0,0.0,297.05,1.45,79.0,82840.0
1990-09-24 17:00:00+00:00,12.71,80.3,0.0,0.0,0.0,306.75,2.0,33.0,82850.0
1990-09-24 18:00:00+00:00,12.34,80.2,0.0,0.0,0.0,310.8,2.76,33.0,82890.0
1990-09-24 19:00:00+00:00,12.64,62.2,0.0,0.0,0.0,295.7,4.14,37.0,82930.0
1990-09-24 20:00:00+00:00,12.31,57.65,0.0,0.0,0.0,294.35,4.28,38.0,82920.0
1990-09-24 21:00:00+00:00,12.11,53.5,0.0,0.0,0.0,302.5,4.28,36.0,82940.0
1990-09-24 22:00:00+00:00,11.69,55.4,0.0,0.0,0.0,292.6,4.07,32.0,82980.0
1990-09-24 23:00:00+00:00,11.21,59.6,42.7,0.0,42.7,293.0,3.52,29.0,83060.0
1990-09-25 00:00:00+00:00,11.56,62.0,146.2,80.07,128.7,305.0,2.83,27.0,83130.0
1990-09-25 01:00:00+00:00,13.31,57.9,259.5,108.57,214.95,321.95,2.62,29.0,83220.0
1990-09-25 02:00:00+00:00,14.4,53.95,341.95,124.13,270.75,323.95,3.79,24.0,83270.0
1990-09-25 03:00:00+00:00,15.22,54.25,415.3,118.69,332.55,330.95,4.14,22.0,83300.0
1990-09-25 04:00:00+00:00,15.99,50.6,455.85,101.0,377.8,335.95,3.86,17.0,83320.0
1990-09-25 05:00:00+00:00,16.78,50.75,442.45,120.48,346.65,342.75,3.79,7.0,83290.0
1990-09-25 06:00:00+00:00,17.33,47.3,187.8,4.13,184.65,350.5,3.93,1.0,83260.0
1990-09-25 07:00:00+00:00,16.74,50.75,214.1,2.51,212.4,354.35,3.1,354.0,83260.0
1990-09-25 08:00:00+00:00,16.41,52.5,171.05,25.45,157.15,351.25,2.34,339.0,83250.0
1990-09-25 09:00:00+00:00,16.09,54.45,101.7,7.43,98.9,346.6,1.59,318.0,83250.0
1990-09-25 10:00:00+00:00,15.82,56.35,26.75,8.55,25.2,337.3,1.1,271.0,83250.0
1990-09-25 11:00:00+00:00,15.38,58.35,0.0,0.0,0.0,326.5,1.66,236.0,83280.0
1990-09-25 12:00:00+00:00,14.52,64.95,0.0,0.0,0.0,320.85,1.93,236.0,83350.0
1990-09-25 13:00:00+00:00,13.56,72.2,0.0,0.0,0.0,312.55,2.28,241.0,83410.0
1990-09-25 14:00:00+00:00,12.59,77.45,0.0,0.0,0.0,300.35,2.41,247.0,83430.0
1990-09-25 15:00:00+00:00,11.63,83.1,0.0,0.0,0.0,290.5,2.34,249.0,83420.0
1990-09-25 16:00:00+00:00,10.63,86.05,0.0,0.0,0.0,279.65,2.34,252.0,83380.0
1990-09-25 17:00:00+00:00,9.66,89.15,0.0,0.0,0.0,272.5,2.28,250.0,83360.0
1990-09-25 18:00:00+00:00,8.79,92.4,0.0,0.0,0.0,270.15,2.21,240.0,83330.0
1990-09-25 19:00:00+00:00,7.8,92.4,0.0,0.0,0.0,266.5,2.07,243.0,83300.0
1990-09-25 20:00:00+00:00,7.26,92.35,0.0,0.0,0.0,264.55,1.93,243.0,83280.0
1990-09-25 21:00:00+00:00,7.01,89.0,0.0,0.0,0.0,263.2,1.72,247.0,83270.0
1990-09-25 22:00:00+00:00,6.71,92.35,0.0,0.0,0.0,264.15,1.66,251.0,83270.0
1990-09-25 23:00:00+00:00,6.23,92.3,31.45,0.0,31.45,263.2,1.72,254.0,83290.0
1990-09-26 00:00:00+00:00,7.01,89.0,258.55,847.51,75.75,263.95,1.45,246.0,83360.0
1990-09-26 01:00:00+00:00,11.65,74.55,464.3,921.2,89.1,270.65,1.38,237.0,83390.0
1990-09-26 02:00:00+00:00,14.71,58.25,637.65,937.36,103.05,279.85,1.66,241.0,83400.0
1990-09-26 03:00:00+00:00,16.88,48.9,742.3,886.37,127.45,288.95,1.72,240.0,83360.0
1990-09-26 04:00:00+00:00,18.59,41.05,740.65,729.91,179.4,296.1,1.45,230.0,83330.0
1990-09-26 05:00:00+00:00,19.56,35.6,680.55,651.1,165.55,320.1,0.83,187.0,83240.0
1990-09-26 06:00:00+00:00,20.12,31.95,588.05,545.64,174.3,316.4,1.03,125.0,83170.0
1990-09-26 07:00:00+00:00,20.68,29.75,551.8,595.82,150.75,329.75,1.66,97.0,83120.0
1990-09-26 08:00:00+00:00,21.02,28.65,369.45,435.76,133.6,323.75,2.0,90.0,83070.0
1990-09-26 09:00:00+00:00,20.88,28.65,205.75,336.05,80.85,316.8,2.34,92.0,83040.0
1990-09-26 10:00:00+00:00,20.47,29.6,38.4,88.66,22.8,305.95,2.76,97.0,83050.0
1990-09-26 11:00:00+00:00,19.31,34.15,0.0,0.0,0.0,301.5,2.41,106.0,83100.0
1990-09-26 12:00:00+00:00,17.86,44.05,0.0,0.0,0.0,297.45,1.93,114.0,83160.0
1990-09-26 13:00:00+00:00,16.45,54.45,0.0,0.0,0.0,295.5,1.31,130.0,83220.0
1990-09-26 14:00:00+00:00,16.23,47.0,0.0,0.0,0.0,290.1,1.1,165.0,83230.0
1990-09-26 15:00:00+00:00,15.35,50.35,0.0,0.0,0.0,289.7,1.17,195.0,83220.0
1990-09-26 16:00:00+00:00,14.74,52.15,0.0,0.0,0.0,283.1,1.1,204.0,83170.0
1990-09-26 17:00:00+00:00,14.35,53.95,0.0,0.0,0.0,279.05,0.97,214.0,83150.0
1990-09-26 18:00:00+00:00,13.61,55.9,0.0,0.0,0.0,277.9,0.83,227.0,83110.0
1990-09-26 19:00:00+00:00,13.48,51.9,0.0,0.0,0.0,278.5,0.9,248.0,83120.0
1990-09-26 20:00:00+00:00,12.71,55.65,0.0,0.0,0.0,279.65,0.76,250.0,83090.0
1990-09-26 21:00:00+00:00,12.09,57.65,0.0,0.0,0.0,277.1,0.69,246.0,83060.0
1990-09-26 22:00:00+00:00,11.62,57.55,0.0,0.0,0.0,272.5,0.62,231.0,83050.0
1990-09-26 23:00:00+00:00,11.25,59.6,34.75,0.0,34.75,275.0,0.55,227.0,83060.0
1990-09-27 00:00:00+00:00,11.23,59.6,248.8,774.97,83.9,274.4,0.55,248.0,83100.0
1990-09-27 01:00:00+00:00,12.83,66.95,446.35,843.59,105.35,275.9,0.48,266.0,83140.0
1990-09-27 02:00:00+00:00,16.06,40.5,604.3,811.69,144.05,284.5,0.48,264.0,83140.0
1990-09-27 03:00:00+00:00,17.97,37.95,728.85,844.59,146.0,296.5,0.41,233.0,83120.0
1990-09-27 04:00:00+00:00,19.68,33.05,792.4,843.09,147.4,308.5,0.9,176.0,83070.0
1990-09-27 05:00:00+00:00,21.06,29.9,765.25,779.02,152.35,311.2,1.59,168.0,82980.0
1990-09-27 06:00:00+00:00,21.92,27.85,694.35,699.03,167.45,313.9,1.86,171.0,82910.0
1990-09-27 07:00:00+00:00,22.6,25.1,568.6,643.8,138.35,321.25,2.14,154.0,82860.0
1990-09-27 08:00:00+00:00,22.77,24.15,371.65,432.48,139.75,317.0,1.86,150.0,82850.0
1990-09-27 09:00:00+00:00,22.53,24.95,188.25,310.25,74.55,312.95,1.79,130.0,82790.0
1990-09-27 10:00:00+00:00,22.13,24.95,33.0,61.81,22.45,312.55,2.14,128.0,82850.0
1990-09-27 11:00:00+00:00,20.91,28.65,0.0,0.0,0.0,307.5,2.28,136.0,82890.0
1990-09-27 12:00:00+00:00,19.71,34.3,0.0,0.0,0.0,314.5,2.21,138.0,82930.0
1990-09-27 13:00:00+00:00,17.71,47.4,0.0,0.0,0.0,295.5,1.93,149.0,82990.0
1990-09-27 14:00:00+00:00,15.88,56.35,0.0,0.0,0.0,287.2,1.72,156.0,83000.0
1990-09-27 15:00:00+00:00,15.15,52.25,0.0,0.0,0.0,285.05,1.52,158.0,82990.0
1990-09-27 16:00:00+00:00,14.33,53.95,0.0,0.0,0.0,281.4,1.52,163.0,82940.0
1990-09-27 17:00:00+00:00,13.49,55.9,0.0,0.0,0.0,279.05,1.38,169.0,82930.0
1990-09-27 18:00:00+00:00,13.28,55.75,0.0,0.0,0.0,277.7,1.1,175.0,82910.0
1990-09-27 19:00:00+00:00,12.94,55.65,0.0,0.0,0.0,274.4,0.69,187.0,82900.0
1990-09-27 20:00:00+00:00,12.15,57.65,0.0,0.0,0.0,273.85,0.55,164.0,82880.0
1990-09-27 21:00:00+00:00,11.4,61.85,0.0,0.0,0.0,272.5,0.48,151.0,82850.0
1990-09-27 22:00:00+00:00,10.77,64.1,0.0,0.0,0.0,271.1,0.55,150.0,82870.0
1990-09-27 23:00:00+00:00,10.19,66.45,29.45,0.0,29.45,269.6,0.62,148.0,82880.0
1990-09-28 00:00:00+00:00,10.32,69.0,255.15,872.05,72.15,270.35,0.55,146.0,82880.0
1990-09-28 01:00:00+00:00,12.35,66.85,456.45,902.84,94.3,275.5,0.83,158.0,82900.0
1990-09-28 02:00:00+00:00,15.55,46.9,627.55,920.98,108.4,284.1,1.24,172.0,82880.0
1990-09-28 03:00:00+00:00,17.98,44.05,748.75,920.79,116.65,293.95,1.93,182.0,82810.0
1990-09-28 04:00:00+00:00,20.29,38.5,808.6,904.8,119.95,302.5,2.69,189.0,82740.0
1990-09-28 05:00:00+00:00,22.23,32.5,801.95,873.09,118.75,310.2,3.1,186.0,82630.0
1990-09-28 06:00:00+00:00,23.74,28.35,728.35,820.8,113.4,315.65,3.45,182.0,82530.0
1990-09-28 07:00:00+00:00,24.69,25.6,561.4,683.14,108.15,317.55,3.66,177.0,82460.0
1990-09-28 08:00:00+00:00,25.08,24.65,394.8,542.3,106.75,318.75,3.38,179.0,82430.0
1990-09-28 09:00:00+00:00,25.0,24.65,210.05,398.71,66.0,317.55,3.38,172.0,82400.0
1990-09-28 10:00:00+00:00,24.25,27.45,36.55,97.03,20.5,314.5,3.79,160.0,82440.0
1990-09-28 11:00:00+00:00,22.29,36.3,0.0,0.0,0.0,311.75,4.28,144.0,82470.0
1990-09-28 12:00:00+00:00,20.04,44.6,0.0,0.0,0.0,305.55,4.97,141.0,82550.0
1990-09-28 13:00:00+00:00,18.2,53.0,0.0,0.0,0.0,301.3,4.28,143.0,82600.0
1990-09-28 14:00:00+00:00,16.72,60.85,0.0,0.0,0.0,296.3,3.1,138.0,82630.0
1990-09-28 15:00:00+00:00,15.2,69.9,0.0,0.0,0.0,291.65,2.14,129.0,82660.0
1990-09-28 16:00:00+00:00,13.59,77.6,0.0,0.0,0.0,287.75,1.59,118.0,82670.0
1990-09-28 17:00:00+00:00,12.59,83.25,0.0,0.0,0.0,284.85,1.45,110.0,82650.0
1990-09-28 18:00:00+00:00,11.83,86.15,0.0,0.0,0.0,280.8,1.38,110.0,82630.0
1990-09-28 19:00:00+00:00,11.96,83.15,0.0,0.0,0.0,278.85,1.1,96.0,82650.0
1990-09-28 20:00:00+00:00,11.45,86.15,0.0,0.0,0.0,278.3,1.1,98.0,82670.0
1990-09-28 21:00:00+00:00,10.14,92.5,0.0,0.0,0.0,280.05,1.31,90.0,82680.0
1990-09-28 22:00:00+00:00,9.28,99.4,0.0,0.0,0.0,289.9,1.45,88.0,82720.0
1990-09-28 23:00:00+00:00,8.86,99.4,32.05,0.0,32.05,285.45,1.45,89.0,82730.0
1990-09-29 00:00:00+00:00,9.88,99.4,192.65,438.39,101.95,297.45,1.1,87.0,82780.0
1990-09-29 01:00:00+00:00,12.88,86.25,355.05,444.73,178.05,319.45,1.31,104.0,82810.0
1990-09-29 02:00:00+00:00,15.0,69.9,556.2,650.61,191.65,327.85,1.52,109.0,82830.0
1990-09-29 03:00:00+00:00,17.41,60.95,696.2,730.72,197.25,311.0,1.72,117.0,82810.0
1990-09-29 04:00:00+00:00,19.76,49.55,735.05,638.98,251.25,319.1,1.93,120.0,82760.0
1990-09-29 05:00:00+00:00,21.8,41.85,739.2,664.33,222.2,327.45,2.41,114.0,82680.0
1990-09-29 06:00:00+00:00,23.46,35.25,710.7,761.39,143.75,336.15,3.03,110.0,82610.0
1990-09-29 07:00:00+00:00,24.47,31.85,531.85,510.68,195.5,324.55,4.0,108.0,82550.0
1990-09-29 08:00:00+00:00,24.77,27.6,309.45,228.09,189.45,335.55,4.0,108.0,82530.0
1990-09-29 09:00:00+00:00,24.42,25.5,113.3,18.11,106.85,339.85,3.93,106.0,82550.0
1990-09-29 10:00:00+00:00,23.46,30.4,16.05,0.62,15.95,347.75,4.0,105.0,82580.0
1990-09-29 11:00:00+00:00,22.21,36.3,0.0,0.0,0.0,348.55,3.79,102.0,82660.0
1990-09-29 12:00:00+00:00,20.93,43.1,0.0,0.0,0.0,351.05,3.79,112.0,82770.0
1990-09-29 13:00:00+00:00,19.59,49.55,0.0,0.0,0.0,347.0,3.45,126.0,82850.0
1990-09-29 14:00:00+00:00,18.4,54.95,0.0,0.0,0.0,339.85,2.62,128.0,82910.0
1990-09-29 15:00:00+00:00,16.86,65.35,0.0,0.0,0.0,326.3,1.45,86.0,82950.0
1990-09-29 16:00:00+00:00,15.57,60.65,0.0,0.0,0.0,308.5,3.24,18.0,83030.0
1990-09-29 17:00:00+00:00,14.65,54.1,0.0,0.0,0.0,303.25,4.34,17.0,83080.0
1990-09-29 18:00:00+00:00,13.99,43.1,0.0,0.0,0.0,308.85,4.83,23.0,83070.0
1990-09-29 19:00:00+00:00,13.91,36.85,0.0,0.0,0.0,305.2,4.69,26.0,83110.0
1990-09-29 20:00:00+00:00,13.23,39.65,0.0,0.0,0.0,304.4,4.07,30.0,83140.0
1990-09-29 21:00:00+00:00,12.38,44.2,0.0,0.0,0.0,293.0,3.03,31.0,83150.0
1990-09-29 22:00:00+00:00,11.59,51.35,0.0,0.0,0.0,301.7,2.21,31.0,83190.0
1990-09-29 23:00:00+00:00,11.17,57.4,29.0,0.0,29.0,293.95,1.59,23.0,83230.0
1990-09-30 00:00:00+00:00,11.91,53.35,168.35,423.96,81.9,297.45,1.03,0.0,83260.0
1990-09-30 01:00:00+00:00,13.71,44.65,288.2,305.7,167.5,308.4,1.72,351.0,83340.0
1990-09-30 02:00:00+00:00,15.13,40.2,314.85,230.11,186.7,332.1,2.34,3.0,83390.0
1990-09-30 03:00:00+00:00,15.9,38.85,399.65,274.1,213.5,326.65,2.48,13.0,83410.0
1990-09-30 04:00:00+00:00,16.8,36.3,413.8,221.41,247.05,345.25,2.28,27.0,83380.0
1990-09-30 05:00:00+00:00,17.38,33.75,453.3,233.23,272.8,340.4,1.79,50.0,83330.0
1990-09-30 06:00:00+00:00,17.99,32.65,537.15,430.06,218.9,333.45,1.66,76.0,83250.0
1990-09-30 07:00:00+00:00,19.02,34.05,412.95,343.47,188.4,330.35,1.86,69.0,83180.0
1990-09-30 08:00:00+00:00,19.42,32.9,242.8,147.2,166.1,343.3,2.34,70.0,83170.0
1990-09-30 09:00:00+00:00,19.31,34.15,119.45,102.45,83.5,343.7,2.83,76.0,83170.0
1990-09-30 10:00:00+00:00,18.98,35.35,20.55,23.88,16.85,340.8,2.83,85.0,83200.0
1990-09-30 11:00:00+00:00,18.39,35.35,0.0,0.0,0.0,333.45,2.0,105.0,83260.0
1990-09-30 12:00:00+00:00,17.92,37.95,0.0,0.0,0.0,340.2,1.45,126.0,83320.0
1990-09-30 13:00:00+00:00,17.0,50.85,0.0,0.0,0.0,333.45,0.83,139.0,83340.0
1990-09-30 14:00:00+00:00,17.03,40.75,0.0,0.0,0.0,310.05,0.28,165.0,83370.0
1990-09-30 15:00:00+00:00,16.29,45.3,0.0,0.0,0.0,285.25,0.41,255.0,83380.0
1990-09-30 16:00:00+00:00,12.06,63.18,0.0,0.0,0.0,275.88,0.58,274.0,83380.0
1990-09-30 17:00:00+00:00,12.1,61.92,0.0,0.0,0.0,275.25,0.6,293.0,83340.0
1990-09-30 18:00:00+00:00,12.14,60.65,0.0,0.0,0.0,274.62,0.62,296.0,83310.0
1990-09-30 19:00:00+00:00,12.18,59.39,0.0,0.0,0.0,273.99,0.64,307.0,83320.0
1990-09-30 20:00:00+00:00,12.22,58.13,0.0,0.0,0.0,273.36,0.66,299.0,83300.0
1990-09-30 21:00:00+00:00,12.26,56.87,0.0,0.0,0.0,272.74,0.68,290.0,83280.0
1990-09-30 22:00:00+00:00,12.31,55.61,0.0,0.0,0.0,272.11,0.7,281.0,83310.0
1990-09-30 23:00:00+00:00,12.35,54.34,0.0,0.0,0.0,271.48,0.72,259.0,83320.0
1990-10-01 00:00:00+00:00,12.39,53.08,249.45,878.54,72.95,270.85,0.74,257.0,83560.0
1990-10-01 01:00:00+00:00,12.43,51.82,449.1,888.35,101.2,270.22,0.76,235.0,83590.0
1990-10-01 02:00:00+00:00,12.47,50.56,622.5,921.19,112.65,269.6,0.78,225.0,83570.0
1990-10-01 03:00:00+00:00,12.51,49.3,744.65,927.31,118.35,268.97,0.81,229.0,83530.0
1990-10-01 04:00:00+00:00,12.55,48.03,729.7,791.75,136.6,268.34,0.83,236.0,83490.0
1990-10-01 05:00:00+00:00,12.6,46.77,749.35,794.09,138.25,267.71,0.85,258.0,83430.0
1990-10-01 06:00:00+00:00,12.64,45.51,666.4,643.88,192.9,267.08,0.87,49.0,83340.0
1990-10-01 07:00:00+00:00,12.68,44.25,511.9,512.18,179.55,266.46,0.89,42.0,83260.0
1990-10-01 08:00:00+00:00,15.99,32.1,357.4,442.84,128.9,298.05,2.41,48.0,83220.0
1990-10-01 09:00:00+00:00,15.79,33.35,175.95,338.13,59.05,293.0,3.03,48.0,83240.0
1990-10-01 10:00:00+00:00,15.02,34.5,30.0,85.5,17.2,276.15,2.97,59.0,83230.0
1990-10-01 11:00:00+00:00,13.81,42.95,0.0,0.0,0.0,272.1,2.14,75.0,83270.0
1990-10-01 12:00:00+00:00,11.89,62.0,0.0,0.0,0.0,263.6,1.52,90.0,83300.0
1990-10-01 13:00:00+00:00,12.53,42.7,0.0,0.0,0.0,262.05,0.97,112.0,83340.0
1990-10-01 14:00:00+00:00,12.36,42.55,0.0,0.0,0.0,260.65,0.48,135.0,83380.0
1990-10-01 15:00:00+00:00,11.7,44.1,0.0,0.0,0.0,266.1,0.14,195.0,83370.0
1990-10-01 16:00:00+00:00,10.99,47.45,0.0,0.0,0.0,263.95,0.14,304.0,83400.0
1990-10-01 17:00:00+00:00,10.22,51.0,0.0,0.0,0.0,267.85,0.41,351.0,83360.0
1990-10-01 18:00:00+00:00,9.04,56.9,0.0,0.0,0.0,262.2,0.69,355.0,83360.0
1990-10-01 19:00:00+00:00,8.04,59.0,0.0,0.0,0.0,258.75,1.1,338.0,83350.0
1990-10-01 20:00:00+00:00,7.43,61.2,0.0,0.0,0.0,256.05,1.1,346.0,83320.0
1990-10-01 21:00:00+00:00,6.98,61.1,0.0,0.0,0.0,249.25,0.97,341.0,83310.0
1990-10-01 22:00:00+00:00,6.57,63.35,0.0,0.0,0.0,247.9,0.9,334.0,83350.0
1990-10-01 23:00:00+00:00,6.28,65.75,0.0,0.0,0.0,247.5,0.83,334.0,83340.0
1990-10-02 00:00:00+00:00,6.64,63.35,238.2,827.07,74.55,256.2,0.62,330.0,83360.0
1990-10-02 01:00:00+00:00,8.66,71.35,440.15,872.05,101.45,252.45,0.55,3.0,83400.0
1990-10-02 02:00:00+00:00,11.28,49.3,611.9,906.39,113.4,265.15,0.76,53.0,83400.0
1990-10-02 03:00:00+00:00,12.95,46.1,738.4,924.1,117.75,265.1,0.83,78.0,83390.0
1990-10-02 04:00:00+00:00,14.41,41.5,778.2,877.22,124.65,271.3,0.97,88.0,83330.0
1990-10-02 05:00:00+00:00,15.55,37.4,769.0,849.99,118.6,281.55,1.24,96.0,83260.0
1990-10-02 06:00:00+00:00,16.37,36.15,668.95,686.85,167.05,284.65,1.38,99.0,83160.0
1990-10-02 07:00:00+00:00,16.5,36.15,537.15,630.82,130.9,289.3,2.21,89.0,83130.0
1990-10-02 08:00:00+00:00,16.63,33.6,383.5,554.1,100.4,279.85,2.83,84.0,83100.0
1990-10-02 09:00:00+00:00,16.48,34.8,176.55,324.47,66.05,276.15,3.52,83.0,83100.0
1990-10-02 10:00:00+00:00,15.76,37.4,27.75,78.89,16.35,275.2,3.31,84.0,83110.0
1990-10-02 11:00:00+00:00,14.48,43.1,0.0,0.0,0.0,274.4,2.69,74.0,83170.0
1990-10-02 12:00:00+00:00,13.07,51.75,0.0,0.0,0.0,281.0,2.41,65.0,83210.0
1990-10-02 13:00:00+00:00,11.24,64.25,0.0,0.0,0.0,269.4,2.0,71.0,83300.0
1990-10-02 14:00:00+00:00,11.01,57.4,0.0,0.0,0.0,267.85,1.52,82.0,83340.0
1990-10-02 15:00:00+00:00,11.76,49.45,0.0,0.0,0.0,263.2,1.1,89.0,83340.0
1990-10-02 16:00:00+00:00,11.06,51.25,0.0,0.0,0.0,262.05,0.97,90.0,83330.0
1990-10-02 17:00:00+00:00,10.33,57.15,0.0,0.0,0.0,268.4,0.97,85.0,83310.0
1990-10-02 18:00:00+00:00,9.6,59.25,0.0,0.0,0.0,261.25,0.76,75.0,83280.0
1990-10-02 19:00:00+00:00,9.02,61.45,0.0,0.0,0.0,256.8,0.34,81.0,83220.0
1990-10-02 20:00:00+00:00,8.51,63.7,0.0,0.0,0.0,256.05,0.21,115.0,83250.0
1990-10-02 21:00:00+00:00,7.95,63.7,0.0,0.0,0.0,258.95,0.21,153.0,83200.0
1990-10-02 22:00:00+00:00,7.49,66.05,0.0,0.0,0.0,256.05,0.28,170.0,83240.0
1990-10-02 23:00:00+00:00,7.02,68.5,0.0,0.0,0.0,252.75,0.48,184.0,83230.0
1990-10-03 00:00:00+00:00,6.95,68.5,238.55,858.54,71.3,252.35,0.48,190.0,83250.0
1990-10-03 01:00:00+00:00,8.86,76.85,438.1,892.42,94.4,257.3,0.62,194.0,83270.0
1990-10-03 02:00:00+00:00,11.57,55.4,607.75,912.95,108.85,264.35,0.9,200.0,83270.0
1990-10-03 03:00:00+00:00,13.54,50.0,726.45,910.42,118.45,272.3,1.31,204.0,83230.0
1990-10-03 04:00:00+00:00,15.26,45.05,784.95,894.36,122.3,279.65,1.66,205.0,83150.0
1990-10-03 05:00:00+00:00,16.66,40.6,777.25,863.19,120.55,285.45,1.86,203.0,83090.0
1990-10-03 06:00:00+00:00,17.72,37.95,680.8,721.92,156.65,290.1,1.79,201.0,83010.0
1990-10-03 07:00:00+00:00,19.1,32.9,543.2,666.56,117.2,295.5,2.28,180.0,82880.0
1990-10-03 08:00:00+00:00,19.48,31.65,371.05,542.55,96.6,299.75,2.21,175.0,82850.0
1990-10-03 09:00:00+00:00,19.47,30.5,175.25,321.71,67.35,300.55,1.93,168.0,82830.0
1990-10-03 10:00:00+00:00,18.75,30.5,22.25,63.88,13.35,295.5,0.9,175.0,82870.0
1990-10-03 11:00:00+00:00,17.25,50.85,0.0,0.0,0.0,291.85,1.17,86.0,82920.0
1990-10-03 12:00:00+00:00,15.25,56.25,0.0,0.0,0.0,298.4,1.86,75.0,82980.0
1990-10-03 13:00:00+00:00,13.72,60.2,0.0,0.0,0.0,297.85,1.79,38.0,83070.0
1990-10-03 14:00:00+00:00,12.37,64.45,0.0,0.0,0.0,298.05,2.07,18.0,83100.0
1990-10-03 15:00:00+00:00,11.29,71.75,0.0,0.0,0.0,299.2,2.14,15.0,83120.0
1990-10-03 16:00:00+00:00,10.58,71.7,0.0,0.0,0.0,282.15,1.79,24.0,83160.0
1990-10-03 17:00:00+00:00,10.16,71.6,0.0,0.0,0.0,276.35,1.38,60.0,83160.0
1990-10-03 18:00:00+00:00,9.67,71.5,0.0,0.0,0.0,264.95,1.24,89.0,83140.0
1990-10-03 19:00:00+00:00,9.15,71.4,0.0,0.0,0.0,261.25,1.1,72.0,83110.0
1990-10-03 20:00:00+00:00,8.65,74.05,0.0,0.0,0.0,260.1,0.97,68.0,83120.0
1990-10-03 21:00:00+00:00,8.1,74.05,0.0,0.0,0.0,257.95,0.83,72.0,83120.0
1990-10-03 22:00:00+00:00,7.44,76.8,0.0,0.0,0.0,257.95,0.83,61.0,83160.0
1990-10-03 23:00:00+00:00,6.9,82.6,0.0,0.0,0.0,256.8,0.76,58.0,83190.0
1990-10-04 00:00:00+00:00,6.87,82.6,231.65,810.29,76.3,256.05,0.62,52.0,83210.0
1990-10-04 01:00:00+00:00,8.98,76.95,435.15,892.66,94.3,259.45,0.55,86.0,83250.0
1990-10-04 02:00:00+00:00,11.36,66.65,605.3,914.32,108.9,266.1,0.69,121.0,83250.0
1990-10-04 03:00:00+00:00,13.48,57.9,723.9,913.36,117.45,273.45,0.69,118.0,83220.0
1990-10-04 04:00:00+00:00,15.43,50.35,783.05,898.44,121.1,281.2,1.24,110.0,83140.0
1990-10-04 05:00:00+00:00,17.19,43.9,771.75,856.68,123.8,288.35,2.0,107.0,83090.0
1990-10-04 06:00:00+00:00,18.5,39.55,689.85,787.89,121.5,293.0,2.69,109.0,83000.0
1990-10-04 07:00:00+00:00,19.24,36.8,532.8,647.83,121.95,297.45,2.97,116.0,82900.0
1990-10-04 08:00:00+00:00,19.67,34.3,329.4,451.59,103.25,300.95,3.1,117.0,82820.0
1990-10-04 09:00:00+00:00,19.57,31.8,148.9,261.47,62.55,304.4,3.03,127.0,82830.0
1990-10-04 10:00:00+00:00,19.01,31.65,22.2,71.18,12.65,303.45,2.83,133.0,82840.0
1990-10-04 11:00:00+00:00,17.81,36.55,0.0,0.0,0.0,300.15,2.34,118.0,82900.0
1990-10-04 12:00:00+00:00,15.84,46.9,0.0,0.0,0.0,287.75,2.55,114.0,82940.0
1990-10-04 13:00:00+00:00,14.15,53.95,0.0,0.0,0.0,291.25,2.55,113.0,83030.0
1990-10-04 14:00:00+00:00,12.53,64.55,0.0,0.0,0.0,282.75,1.86,89.0,83080.0
1990-10-04 15:00:00+00:00,11.5,69.25,0.0,0.0,0.0,291.65,1.93,58.0,83100.0
1990-10-04 16:00:00+00:00,10.23,74.3,0.0,0.0,0.0,277.9,2.0,57.0,83120.0
1990-10-04 17:00:00+00:00,9.38,79.85,0.0,0.0,0.0,274.2,1.86,60.0,83130.0
1990-10-04 18:00:00+00:00,8.81,82.75,0.0,0.0,0.0,273.65,1.79,53.0,83140.0
1990-10-04 19:00:00+00:00,8.06,79.75,0.0,0.0,0.0,281.95,2.0,37.0,83140.0
1990-10-04 20:00:00+00:00,7.46,82.7,0.0,0.0,0.0,275.4,2.41,36.0,83170.0
1990-10-04 21:00:00+00:00,7.37,85.8,0.0,0.0,0.0,280.6,2.62,40.0,83160.0
1990-10-04 22:00:00+00:00,7.47,79.7,0.0,0.0,0.0,281.95,3.03,35.0,83230.0
1990-10-04 23:00:00+00:00,7.56,68.6,0.0,0.0,0.0,283.9,3.66,25.0,83270.0
1990-10-05 00:00:00+00:00,7.93,56.8,179.2,475.06,89.6,285.85,3.72,20.0,83320.0
1990-10-05 01:00:00+00:00,9.1,41.7,329.0,496.81,140.95,284.2,4.97,19.0,83370.0
1990-10-05 02:00:00+00:00,10.17,34.45,518.45,619.2,184.5,280.6,5.38,20.0,83400.0
1990-10-05 03:00:00+00:00,11.45,32.1,579.55,553.93,213.9,278.5,5.45,21.0,83370.0
1990-10-05 04:00:00+00:00,12.38,31.1,601.2,542.59,203.7,283.3,5.24,23.0,83340.0
1990-10-05 05:00:00+00:00,13.11,29.0,637.8,504.66,258.35,290.3,5.1,27.0,83300.0
1990-10-05 06:00:00+00:00,13.86,30.3,649.85,703.35,145.8,299.55,5.03,34.0,83260.0
1990-10-05 07:00:00+00:00,15.47,27.3,454.65,476.34,154.9,289.7,5.38,39.0,83140.0
1990-10-05 08:00:00+00:00,15.19,28.4,338.45,474.65,103.15,291.45,5.66,38.0,83140.0
1990-10-05 09:00:00+00:00,14.76,29.4,154.45,270.37,66.55,287.6,5.86,36.0,83160.0
1990-10-05 10:00:00+00:00,13.7,32.8,16.75,38.36,11.8,280.05,5.79,28.0,83180.0
1990-10-05 11:00:00+00:00,12.39,36.45,0.0,0.0,0.0,292.05,5.52,17.0,83260.0
1990-10-05 12:00:00+00:00,11.3,39.1,0.0,0.0,0.0,298.05,5.52,15.0,83360.0
1990-10-05 13:00:00+00:00,10.33,40.4,0.0,0.0,0.0,299.4,5.1,15.0,83440.0
1990-10-05 14:00:00+00:00,9.52,41.85,0.0,0.0,0.0,306.15,4.34,17.0,83490.0
1990-10-05 15:00:00+00:00,8.7,45.0,0.0,0.0,0.0,306.75,3.59,19.0,83500.0
1990-10-05 16:00:00+00:00,8.11,46.8,0.0,0.0,0.0,311.95,2.9,20.0,83510.0
1990-10-05 17:00:00+00:00,7.5,50.45,0.0,0.0,0.0,310.6,2.41,23.0,83490.0
1990-10-05 18:00:00+00:00,6.97,56.55,0.0,0.0,0.0,300.15,1.72,25.0,83490.0
1990-10-05 19:00:00+00:00,6.93,63.5,0.0,0.0,0.0,288.55,1.24,16.0,83390.0
1990-10-05 20:00:00+00:00,7.05,63.5,0.0,0.0,0.0,303.05,1.03,13.0,83400.0
1990-10-05 21:00:00+00:00,7.0,61.1,0.0,0.0,0.0,298.6,0.9,16.0,83350.0
1990-10-05 22:00:00+00:00,6.77,63.35,0.0,0.0,0.0,299.75,0.97,19.0,83370.0
1990-10-05 23:00:00+00:00,6.22,65.75,0.0,0.0,0.0,282.15,1.17,12.0,83370.0
1990-10-06 00:00:00+00:00,6.46,65.85,168.7,327.54,107.95,283.5,0.97,10.0,83380.0
1990-10-06 01:00:00+00:00,8.33,46.8,327.85,479.4,148.0,279.35,1.17,33.0,83410.0
1990-10-06 02:00:00+00:00,9.62,45.25,454.6,504.57,184.3,292.6,1.59,57.0,83410.0
1990-10-06 03:00:00+00:00,10.86,45.55,579.9,615.52,176.0,292.2,1.79,68.0,83370.0
1990-10-06 04:00:00+00:00,12.16,42.55,707.0,729.41,175.7,298.2,1.93,70.0,83320.0
1990-10-06 05:00:00+00:00,13.44,42.8,675.0,684.77,163.2,289.1,2.21,66.0,83250.0
1990-10-06 06:00:00+00:00,14.34,41.5,450.25,359.1,194.6,287.4,2.76,62.0,83180.0
1990-10-06 07:00:00+00:00,14.76,40.1,323.85,249.06,168.35,321.45,3.1,59.0,83120.0
1990-10-06 08:00:00+00:00,14.86,40.1,242.2,228.05,130.3,320.5,3.86,51.0,83080.0
1990-10-06 09:00:00+00:00,14.65,40.1,119.5,160.78,68.05,321.05,4.55,52.0,83080.0
1990-10-06 10:00:00+00:00,14.02,41.5,13.0,23.8,10.05,308.85,4.62,46.0,83100.0
1990-10-06 11:00:00+00:00,12.99,44.5,0.0,0.0,0.0,309.25,4.28,35.0,83190.0
1990-10-06 12:00:00+00:00,11.82,49.45,0.0,0.0,0.0,310.6,4.14,33.0,83240.0
1990-10-06 13:00:00+00:00,10.86,53.1,0.0,0.0,0.0,308.85,3.59,34.0,83330.0
1990-10-06 14:00:00+00:00,9.87,57.05,0.0,0.0,0.0,292.4,3.03,35.0,83360.0
1990-10-06 15:00:00+00:00,8.77,61.3,0.0,0.0,0.0,272.1,2.48,32.0,83370.0
1990-10-06 16:00:00+00:00,8.01,61.3,0.0,0.0,0.0,287.4,2.14,28.0,83370.0
1990-10-06 17:00:00+00:00,7.23,65.95,0.0,0.0,0.0,279.85,1.93,28.0,83350.0
1990-10-06 18:00:00+00:00,6.85,68.4,0.0,0.0,0.0,293.6,1.72,32.0,83340.0
1990-10-06 19:00:00+00:00,6.55,71.05,0.0,0.0,0.0,297.85,1.79,6.0,83330.0
1990-10-06 20:00:00+00:00,6.01,73.7,0.0,0.0,0.0,293.75,1.52,358.0,83330.0
1990-10-06 21:00:00+00:00,5.84,76.5,0.0,0.0,0.0,296.85,1.38,351.0,83300.0
1990-10-06 22:00:00+00:00,5.77,73.65,0.0,0.0,0.0,280.4,0.97,327.0,83320.0
1990-10-06 23:00:00+00:00,5.44,73.65,0.0,0.0,0.0,274.8,1.03,333.0,83340.0
1990-10-07 00:00:00+00:00,6.21,73.7,130.35,340.9,68.2,279.45,0.62,317.0,83360.0
1990-10-07 01:00:00+00:00,7.5,63.6,313.75,481.08,134.9,296.95,0.34,305.0,83390.0
1990-10-07 02:00:00+00:00,8.95,61.45,382.1,427.31,154.75,288.35,0.07,250.0,83390.0
1990-10-07 03:00:00+00:00,10.19,61.65,470.5,408.28,204.2,316.8,0.28,112.0,83340.0
1990-10-07 04:00:00+00:00,11.48,59.7,433.05,266.24,240.25,325.9,0.69,92.0,83260.0
1990-10-07 05:00:00+00:00,12.31,59.85,515.8,407.93,212.75,329.2,1.17,79.0,83170.0
1990-10-07 06:00:00+00:00,13.41,57.9,405.8,310.1,186.5,322.4,1.52,79.0,83070.0
1990-10-07 07:00:00+00:00,15.05,48.55,382.65,369.53,153.75,319.9,1.38,94.0,82950.0
1990-10-07 08:00:00+00:00,15.38,46.75,258.1,285.6,119.4,311.95,2.0,85.0,82910.0
1990-10-07 09:00:00+00:00,15.02,46.75,76.85,47.95,61.75,312.35,2.21,77.0,82910.0
1990-10-07 10:00:00+00:00,14.43,52.0,11.05,7.15,10.2,325.3,2.76,66.0,82910.0
1990-10-07 11:00:00+00:00,13.73,55.9,0.0,0.0,0.0,321.85,2.62,54.0,82930.0
1990-10-07 12:00:00+00:00,12.8,62.2,0.0,0.0,0.0,321.05,2.69,51.0,83000.0
1990-10-07 13:00:00+00:00,11.76,71.85,0.0,0.0,0.0,322.6,2.34,55.0,83060.0
1990-10-07 14:00:00+00:00,10.93,80.05,0.0,0.0,0.0,323.75,1.79,47.0,83090.0
1990-10-07 15:00:00+00:00,10.39,82.95,0.0,0.0,0.0,324.35,1.79,27.0,83100.0
1990-10-07 16:00:00+00:00,9.87,82.9,0.0,0.0,0.0,325.3,2.0,13.0,83100.0
1990-10-07 17:00:00+00:00,9.33,82.85,0.0,0.0,0.0,324.35,2.28,10.0,83090.0
1990-10-07 18:00:00+00:00,9.04,82.85,0.0,0.0,0.0,324.55,2.41,11.0,83080.0
1990-10-07 19:00:00+00:00,8.97,82.85,0.0,0.0,0.0,319.5,1.24,348.0,83100.0
1990-10-07 20:00:00+00:00,8.67,89.1,0.0,0.0,0.0,326.85,1.45,340.0,83130.0
1990-10-07 21:00:00+00:00,8.69,85.9,0.0,0.0,0.0,330.15,1.52,335.0,83100.0
1990-10-07 22:00:00+00:00,8.43,79.75,0.0,0.0,0.0,327.65,1.31,335.0,83140.0
1990-10-07 23:00:00+00:00,8.79,76.85,0.0,0.0,0.0,316.8,0.76,318.0,83200.0
1990-10-08 00:00:00+00:00,9.19,71.4,81.3,37.68,74.55,319.1,0.55,322.0,83240.0
1990-10-08 01:00:00+00:00,9.84,66.35,175.05,84.57,143.9,315.35,0.83,349.0,83300.0
1990-10-08 02:00:00+00:00,11.06,43.95,218.95,94.16,169.2,307.1,1.66,4.0,83350.0
1990-10-08 03:00:00+00:00,11.39,40.65,401.3,165.21,294.2,311.4,2.41,7.0,83350.0
1990-10-08 04:00:00+00:00,12.25,33.7,516.7,211.14,364.7,298.8,2.9,6.0,83320.0
1990-10-08 05:00:00+00:00,13.01,27.85,387.85,105.43,310.0,289.9,2.9,358.0,83270.0
1990-10-08 06:00:00+00:00,13.26,26.75,450.5,195.75,313.0,290.65,2.69,351.0,83230.0
1990-10-08 07:00:00+00:00,14.71,26.1,316.55,134.09,234.15,297.65,3.45,349.0,83170.0
1990-10-08 08:00:00+00:00,14.74,24.1,202.4,112.15,148.5,296.85,3.79,358.0,83190.0
1990-10-08 09:00:00+00:00,14.33,24.95,106.1,47.44,91.4,290.65,3.66,6.0,83200.0
1990-10-08 10:00:00+00:00,13.32,29.0,13.0,10.98,11.75,278.1,3.38,11.0,83250.0
1990-10-08 11:00:00+00:00,11.56,36.3,0.0,0.0,0.0,269.0,2.9,12.0,83300.0
1990-10-08 12:00:00+00:00,9.9,47.05,0.0,0.0,0.0,268.2,2.55,9.0,83390.0
1990-10-08 13:00:00+00:00,8.66,50.6,0.0,0.0,0.0,260.1,2.07,3.0,83440.0
1990-10-08 14:00:00+00:00,8.15,45.0,0.0,0.0,0.0,252.35,1.86,345.0,83500.0
1990-10-08 15:00:00+00:00,7.14,44.75,0.0,0.0,0.0,235.7,1.86,319.0,83500.0
1990-10-08 16:00:00+00:00,5.58,51.95,0.0,0.0,0.0,230.3,1.93,307.0,83520.0
1990-10-08 17:00:00+00:00,4.35,58.05,0.0,0.0,0.0,225.05,1.93,305.0,83510.0
1990-10-08 18:00:00+00:00,3.72,60.3,0.0,0.0,0.0,225.85,1.79,312.0,83520.0
1990-10-08 19:00:00+00:00,2.79,67.6,0.0,0.0,0.0,223.3,1.66,315.0,83500.0
1990-10-08 20:00:00+00:00,2.58,65.0,0.0,0.0,0.0,226.2,1.59,318.0,83480.0
1990-10-08 21:00:00+00:00,2.28,64.9,0.0,0.0,0.0,224.1,1.59,314.0,83470.0
1990-10-08 22:00:00+00:00,1.99,64.9,0.0,0.0,0.0,223.3,1.45,309.0,83500.0
1990-10-08 23:00:00+00:00,1.82,67.4,0.0,0.0,0.0,227.2,1.31,308.0,83510.0
1990-10-09 00:00:00+00:00,2.38,65.0,222.4,854.43,72.1,226.6,1.1,308.0,83570.0
1990-10-09 01:00:00+00:00,5.25,70.8,430.0,912.87,96.9,232.15,0.83,338.0,83630.0
1990-10-09 02:00:00+00:00,8.59,36.9,604.8,949.4,106.7,231.85,1.03,27.0,83650.0
1990-10-09 03:00:00+00:00,10.08,31.8,726.25,953.24,112.1,236.65,1.66,42.0,83640.0
1990-10-09 04:00:00+00:00,11.11,30.85,780.6,920.66,121.75,240.35,2.07,45.0,83580.0
1990-10-09 05:00:00+00:00,11.89,31.0,773.1,895.36,116.05,245.2,2.21,46.0,83520.0
1990-10-09 06:00:00+00:00,12.45,31.1,695.75,838.5,110.75,245.4,2.28,45.0,83440.0
1990-10-09 07:00:00+00:00,12.88,28.85,556.05,748.54,99.75,245.2,2.21,48.0,83380.0
1990-10-09 08:00:00+00:00,12.92,28.85,371.55,605.03,83.8,243.85,2.28,61.0,83320.0
1990-10-09 09:00:00+00:00,12.71,27.75,165.6,358.57,56.3,242.3,2.48,75.0,83320.0
1990-10-09 10:00:00+00:00,11.94,31.0,15.75,56.47,9.6,239.2,2.34,86.0,83300.0
1990-10-09 11:00:00+00:00,10.59,38.95,0.0,0.0,0.0,235.5,2.07,96.0,83330.0
1990-10-09 12:00:00+00:00,8.58,56.8,0.0,0.0,0.0,233.2,1.66,101.0,83390.0
1990-10-09 13:00:00+00:00,8.89,38.4,0.0,0.0,0.0,231.65,1.24,102.0,83400.0
1990-10-09 14:00:00+00:00,8.97,32.85,0.0,0.0,0.0,230.1,0.9,103.0,83430.0
1990-10-09 15:00:00+00:00,8.2,34.05,0.0,0.0,0.0,229.3,0.62,116.0,83400.0
1990-10-09 16:00:00+00:00,7.49,36.75,0.0,0.0,0.0,229.15,0.48,144.0,83390.0
1990-10-09 17:00:00+00:00,6.8,39.55,0.0,0.0,0.0,228.55,0.41,161.0,83340.0
1990-10-09 18:00:00+00:00,6.19,42.7,0.0,0.0,0.0,228.55,0.21,135.0,83300.0
1990-10-09 19:00:00+00:00,5.5,46.1,0.0,0.0,0.0,227.6,0.14,360.0,83250.0
1990-10-09 20:00:00+00:00,5.04,47.85,0.0,0.0,0.0,227.2,0.21,42.0,83200.0
1990-10-09 21:00:00+00:00,4.6,49.65,0.0,0.0,0.0,227.2,0.21,56.0,83140.0
1990-10-09 22:00:00+00:00,4.24,51.55,0.0,0.0,0.0,226.6,0.14,42.0,83140.0
1990-10-09 23:00:00+00:00,3.93,51.55,0.0,0.0,0.0,226.8,0.14,18.0,83170.0
1990-10-10 00:00:00+00:00,3.86,53.5,225.4,919.11,66.7,228.15,0.21,11.0,83210.0
1990-10-10 01:00:00+00:00,5.57,54.05,425.55,928.57,89.95,232.15,0.48,53.0,83250.0
1990-10-10 02:00:00+00:00,8.1,41.6,595.1,939.15,105.9,238.05,1.03,75.0,83240.0
1990-10-10 03:00:00+00:00,10.04,38.85,700.9,901.77,123.55,246.35,1.66,74.0,83240.0
1990-10-10 04:00:00+00:00,11.57,37.75,653.7,713.75,146.0,251.4,2.14,67.0,83190.0
1990-10-10 05:00:00+00:00,12.53,36.55,703.65,738.88,164.8,263.4,2.55,64.0,83150.0
1990-10-10 06:00:00+00:00,13.57,35.45,654.45,735.52,144.8,267.65,2.83,62.0,83080.0
1990-10-10 07:00:00+00:00,14.47,35.6,505.5,582.46,153.3,269.0,2.76,67.0,83020.0
1990-10-10 08:00:00+00:00,14.72,33.05,320.75,403.63,130.8,275.75,3.17,62.0,83010.0
1990-10-10 09:00:00+00:00,14.5,31.8,129.5,186.95,73.45,273.85,3.66,61.0,83010.0
1990-10-10 10:00:00+00:00,13.7,35.45,12.1,28.86,9.1,271.7,3.03,55.0,83030.0
1990-10-10 11:00:00+00:00,12.37,42.55,0.0,0.0,0.0,272.1,2.62,40.0,83080.0
1990-10-10 12:00:00+00:00,10.79,51.1,0.0,0.0,0.0,264.35,2.69,34.0,83160.0
1990-10-10 13:00:00+00:00,9.45,50.85,0.0,0.0,0.0,265.5,2.83,38.0,83220.0
1990-10-10 14:00:00+00:00,8.24,52.6,0.0,0.0,0.0,261.65,2.9,38.0,83270.0
1990-10-10 15:00:00+00:00,7.11,54.4,0.0,0.0,0.0,262.4,2.62,34.0,83280.0
1990-10-10 16:00:00+00:00,6.24,56.3,0.0,0.0,0.0,257.0,2.34,24.0,83300.0
1990-10-10 17:00:00+00:00,5.97,50.05,0.0,0.0,0.0,248.5,1.93,15.0,83270.0
1990-10-10 18:00:00+00:00,6.93,36.6,0.0,0.0,0.0,244.4,1.31,10.0,83260.0
1990-10-10 19:00:00+00:00,6.43,39.55,0.0,0.0,0.0,242.3,1.24,316.0,83230.0
1990-10-10 20:00:00+00:00,5.6,44.3,0.0,0.0,0.0,240.95,1.24,301.0,83210.0
1990-10-10 21:00:00+00:00,5.11,46.0,0.0,0.0,0.0,242.1,1.03,298.0,83180.0
1990-10-10 22:00:00+00:00,5.22,46.0,0.0,0.0,0.0,242.85,0.76,289.0,83190.0
1990-10-10 23:00:00+00:00,5.09,46.0,0.0,0.0,0.0,243.45,0.55,271.0,83200.0
1990-10-11 00:00:00+00:00,5.12,46.0,196.2,631.93,89.15,247.7,0.55,239.0,83240.0
1990-10-11 01:00:00+00:00,6.3,63.25,388.65,743.21,122.65,256.7,0.41,209.0,83260.0
1990-10-11 02:00:00+00:00,9.46,37.2,568.8,872.53,117.6,257.2,0.83,199.0,83290.0
1990-10-11 03:00:00+00:00,11.44,40.65,677.6,847.4,138.5,263.0,1.17,192.0,83240.0
1990-10-11 04:00:00+00:00,13.1,39.65,741.65,857.09,135.7,267.85,1.86,191.0,83180.0
1990-10-11 05:00:00+00:00,14.36,41.5,729.4,830.19,127.75,271.5,2.07,192.0,83080.0
1990-10-11 06:00:00+00:00,15.26,38.7,647.0,764.96,120.6,274.4,2.07,190.0,83000.0
1990-10-11 07:00:00+00:00,16.16,34.8,478.2,576.14,132.65,275.75,2.0,181.0,82900.0
1990-10-11 08:00:00+00:00,16.35,33.5,319.2,465.93,102.25,284.1,1.59,175.0,82870.0
1990-10-11 09:00:00+00:00,16.28,33.5,132.95,251.49,58.8,287.0,1.17,157.0,82830.0
1990-10-11 10:00:00+00:00,15.6,36.0,10.85,30.79,7.8,281.4,1.93,126.0,82840.0
1990-10-11 11:00:00+00:00,14.23,44.75,0.0,0.0,0.0,287.4,2.14,107.0,82890.0
1990-10-11 12:00:00+00:00,12.35,62.1,0.0,0.0,0.0,282.35,2.0,100.0,82960.0
1990-10-11 13:00:00+00:00,10.8,66.55,0.0,0.0,0.0,274.4,2.21,113.0,83000.0
1990-10-11 14:00:00+00:00,9.81,71.5,0.0,0.0,0.0,283.5,2.41,127.0,83020.0
1990-10-11 15:00:00+00:00,8.6,74.05,0.0,0.0,0.0,263.6,2.0,132.0,83030.0
1990-10-11 16:00:00+00:00,8.55,74.05,0.0,0.0,0.0,258.95,1.45,126.0,83040.0
1990-10-11 17:00:00+00:00,8.42,74.05,0.0,0.0,0.0,255.65,1.1,107.0,83020.0
1990-10-11 18:00:00+00:00,7.9,76.8,0.0,0.0,0.0,253.3,0.97,90.0,83020.0
1990-10-11 19:00:00+00:00,7.41,76.7,0.0,0.0,0.0,251.4,0.9,90.0,82960.0
1990-10-11 20:00:00+00:00,6.38,82.55,0.0,0.0,0.0,248.3,1.1,85.0,82950.0
1990-10-11 21:00:00+00:00,5.02,85.6,0.0,0.0,0.0,248.5,1.24,87.0,82900.0
1990-10-11 22:00:00+00:00,4.62,88.85,0.0,0.0,0.0,247.7,1.24,88.0,82910.0
1990-10-11 23:00:00+00:00,4.62,88.85,0.0,0.0,0.0,247.7,1.1,86.0,82910.0
1990-10-12 00:00:00+00:00,4.63,92.25,173.0,544.5,82.55,250.8,0.9,80.0,82940.0
1990-10-12 01:00:00+00:00,6.01,88.95,335.5,569.6,133.65,281.3,1.1,96.0,82970.0
1990-10-12 02:00:00+00:00,8.31,79.75,505.2,726.85,132.1,291.65,1.45,119.0,82990.0
1990-10-12 03:00:00+00:00,10.29,71.6,648.05,780.34,154.8,269.75,1.79,125.0,82960.0
1990-10-12 04:00:00+00:00,12.19,62.1,733.8,866.45,125.0,276.55,2.07,129.0,82900.0
1990-10-12 05:00:00+00:00,13.84,53.85,732.5,848.74,121.3,275.6,2.14,135.0,82830.0
1990-10-12 06:00:00+00:00,15.17,46.75,654.75,792.61,113.1,279.25,2.14,135.0,82750.0
1990-10-12 07:00:00+00:00,16.14,42.05,490.6,643.83,107.6,280.6,2.48,124.0,82670.0
1990-10-12 08:00:00+00:00,16.61,39.15,333.55,532.48,88.25,284.1,2.69,114.0,82610.0
1990-10-12 09:00:00+00:00,16.71,39.15,134.85,257.5,60.2,284.1,3.52,113.0,82580.0
1990-10-12 10:00:00+00:00,16.1,40.5,10.5,32.9,7.4,282.35,3.45,108.0,82600.0
1990-10-12 11:00:00+00:00,14.47,48.25,0.0,0.0,0.0,275.6,3.31,96.0,82630.0
1990-10-12 12:00:00+00:00,12.86,55.65,0.0,0.0,0.0,271.1,3.52,102.0,82720.0
1990-10-12 13:00:00+00:00,11.3,61.85,0.0,0.0,0.0,268.2,3.45,112.0,82780.0
1990-10-12 14:00:00+00:00,9.86,71.5,0.0,0.0,0.0,268.6,2.97,114.0,82850.0
1990-10-12 15:00:00+00:00,8.39,79.75,0.0,0.0,0.0,263.75,2.34,108.0,82870.0
1990-10-12 16:00:00+00:00,7.22,85.8,0.0,0.0,0.0,265.7,1.86,95.0,82870.0
1990-10-12 17:00:00+00:00,6.63,89.0,0.0,0.0,0.0,270.95,1.72,86.0,82860.0
1990-10-12 18:00:00+00:00,6.26,92.3,0.0,0.0,0.0,277.5,1.59,80.0,82850.0
1990-10-12 19:00:00+00:00,5.81,92.3,0.0,0.0,0.0,285.05,1.66,67.0,82800.0
1990-10-12 20:00:00+00:00,5.39,95.75,0.0,0.0,0.0,280.4,1.66,59.0,82770.0
1990-10-12 21:00:00+00:00,5.15,95.75,0.0,0.0,0.0,280.8,1.59,57.0,82730.0
1990-10-12 22:00:00+00:00,5.15,95.75,0.0,0.0,0.0,291.65,1.45,55.0,82740.0
1990-10-12 23:00:00+00:00,5.45,95.75,0.0,0.0,0.0,309.05,1.31,45.0,82770.0
1990-10-13 00:00:00+00:00,5.94,92.3,92.55,58.05,83.1,310.4,1.45,35.0,82780.0
1990-10-13 01:00:00+00:00,8.06,85.9,228.4,164.19,170.8,317.3,1.93,46.0,82850.0
1990-10-13 02:00:00+00:00,9.82,79.9,299.8,133.57,231.75,317.2,2.21,76.0,82860.0
1990-10-13 03:00:00+00:00,11.21,69.15,311.2,144.51,220.45,328.8,2.41,87.0,82850.0
1990-10-13 04:00:00+00:00,12.27,62.1,448.5,247.9,275.4,335.0,2.83,92.0,82800.0
1990-10-13 05:00:00+00:00,13.18,55.75,421.25,245.34,245.7,330.75,3.17,92.0,82730.0
1990-10-13 06:00:00+00:00,13.55,53.85,300.3,82.23,244.5,335.0,3.45,94.0,82660.0
1990-10-13 07:00:00+00:00,12.77,59.95,252.4,100.85,192.9,331.1,3.86,109.0,82640.0
1990-10-13 08:00:00+00:00,12.35,62.1,180.15,102.69,133.35,328.6,4.14,120.0,82630.0
1990-10-13 09:00:00+00:00,11.82,64.35,73.35,52.1,58.5,326.1,4.14,125.0,82670.0
1990-10-13 10:00:00+00:00,10.9,69.1,6.15,3.91,5.8,313.1,3.86,130.0,82680.0
1990-10-13 11:00:00+00:00,10.07,71.6,0.0,0.0,0.0,310.4,2.62,128.0,82740.0
1990-10-13 12:00:00+00:00,9.37,79.85,0.0,0.0,0.0,297.05,1.93,121.0,82800.0
1990-10-13 13:00:00+00:00,8.48,85.9,0.0,0.0,0.0,287.95,1.31,111.0,82850.0
1990-10-13 14:00:00+00:00,7.45,85.85,0.0,0.0,0.0,276.35,1.24,89.0,82880.0
1990-10-13 15:00:00+00:00,6.75,89.0,0.0,0.0,0.0,265.7,1.24,75.0,82890.0
1990-10-13 16:00:00+00:00,6.93,85.8,0.0,0.0,0.0,262.2,0.9,68.0,82900.0
1990-10-13 17:00:00+00:00,6.71,89.0,0.0,0.0,0.0,260.85,0.55,77.0,82880.0
1990-10-13 18:00:00+00:00,5.41,92.3,0.0,0.0,0.0,272.85,0.55,57.0,82860.0
1990-10-13 19:00:00+00:00,5.24,95.75,0.0,0.0,0.0,264.95,0.83,39.0,82870.0
1990-10-13 20:00:00+00:00,4.34,99.4,0.0,0.0,0.0,278.3,0.48,31.0,82850.0
1990-10-13 21:00:00+00:00,4.09,95.75,0.0,0.0,0.0,278.85,0.34,338.0,82850.0
1990-10-13 22:00:00+00:00,3.9,95.75,0.0,0.0,0.0,286.4,0.62,306.0,82880.0
1990-10-13 23:00:00+00:00,3.57,95.7,0.0,0.0,0.0,286.6,0.83,308.0,82930.0
1990-10-14 00:00:00+00:00,3.83,99.4,133.85,204.12,101.3,289.1,0.9,297.0,82960.0
1990-10-14 01:00:00+00:00,5.53,92.3,246.1,228.39,166.8,297.55,0.69,277.0,83020.0
1990-10-14 02:00:00+00:00,7.3,82.65,377.85,257.51,247.65,307.5,0.83,239.0,83060.0
1990-10-14 03:00:00+00:00,9.12,74.15,439.0,214.32,305.3,307.9,0.83,218.0,83050.0
1990-10-14 04:00:00+00:00,10.59,66.55,458.45,182.31,331.95,312.75,0.69,204.0,83010.0
1990-10-14 05:00:00+00:00,11.76,59.7,415.1,208.88,266.6,326.5,0.62,172.0,82950.0
1990-10-14 06:00:00+00:00,12.73,53.6,379.3,174.75,261.55,334.4,1.03,128.0,82900.0
1990-10-14 07:00:00+00:00,13.22,48.0,358.2,273.36,198.25,335.95,0.69,163.0,82820.0
1990-10-14 08:00:00+00:00,13.7,44.65,238.15,211.16,142.95,325.5,0.62,111.0,82820.0
1990-10-14 09:00:00+00:00,13.85,44.65,104.2,155.45,60.65,316.2,1.03,100.0,82820.0
1990-10-14 10:00:00+00:00,13.61,44.65,6.5,15.95,5.15,296.3,1.38,104.0,82840.0
1990-10-14 11:00:00+00:00,12.81,51.65,0.0,0.0,0.0,287.6,1.52,92.0,82880.0
1990-10-14 12:00:00+00:00,11.39,66.65,0.0,0.0,0.0,277.1,1.17,74.0,82940.0
1990-10-14 13:00:00+00:00,11.83,51.35,0.0,0.0,0.0,275.95,0.9,89.0,82980.0
1990-10-14 14:00:00+00:00,11.43,53.25,0.0,0.0,0.0,271.9,0.55,106.0,83020.0
1990-10-14 15:00:00+00:00,10.95,55.15,0.0,0.0,0.0,278.65,0.07,54.0,83030.0
1990-10-14 16:00:00+00:00,10.18,59.35,0.0,0.0,0.0,259.9,0.34,292.0,83040.0
1990-10-14 17:00:00+00:00,9.26,63.8,0.0,0.0,0.0,261.65,0.55,273.0,83020.0
1990-10-14 18:00:00+00:00,8.42,66.15,0.0,0.0,0.0,256.2,0.62,273.0,83010.0
1990-10-14 19:00:00+00:00,5.7,73.65,0.0,0.0,0.0,248.65,1.45,268.0,83020.0
1990-10-14 20:00:00+00:00,5.37,76.4,0.0,0.0,0.0,247.9,1.38,264.0,83000.0
1990-10-14 21:00:00+00:00,5.56,73.65,0.0,0.0,0.0,246.95,1.17,259.0,82980.0
1990-10-14 22:00:00+00:00,5.35,76.4,0.0,0.0,0.0,246.95,1.03,258.0,83010.0
1990-10-14 23:00:00+00:00,5.06,76.4,0.0,0.0,0.0,245.6,0.97,261.0,83010.0
1990-10-15 00:00:00+00:00,5.23,76.4,192.6,763.25,73.45,248.3,0.76,254.0,83040.0
1990-10-15 01:00:00+00:00,7.19,68.5,386.3,834.84,99.45,253.8,0.41,244.0,83080.0
1990-10-15 02:00:00+00:00,9.87,59.25,552.05,878.58,111.25,259.7,0.41,221.0,83090.0
1990-10-15 03:00:00+00:00,11.74,53.35,665.75,881.73,119.35,265.7,0.69,187.0,83040.0
1990-10-15 04:00:00+00:00,13.34,48.0,674.3,743.75,161.5,273.05,1.38,176.0,83010.0
1990-10-15 05:00:00+00:00,14.49,43.25,672.15,711.29,169.75,292.2,1.45,186.0,82950.0
1990-10-15 06:00:00+00:00,15.55,38.85,594.15,689.01,133.15,291.25,1.03,198.0,82890.0
1990-10-15 07:00:00+00:00,16.28,37.55,453.35,562.23,127.1,287.55,1.79,116.0,82770.0
1990-10-15 08:00:00+00:00,16.5,37.55,254.15,296.09,122.1,285.85,2.62,88.0,82730.0
1990-10-15 09:00:00+00:00,16.01,37.55,98.05,179.96,48.5,293.2,3.17,82.0,82730.0
1990-10-15 10:00:00+00:00,15.24,40.2,5.0,9.38,4.25,288.75,3.1,76.0,82770.0
1990-10-15 11:00:00+00:00,14.09,46.5,0.0,0.0,0.0,300.75,2.28,58.0,82850.0
1990-10-15 12:00:00+00:00,13.09,53.7,0.0,0.0,0.0,300.15,2.14,51.0,82910.0
1990-10-15 13:00:00+00:00,11.54,64.35,0.0,0.0,0.0,288.95,1.93,58.0,82950.0
1990-10-15 14:00:00+00:00,11.15,61.85,0.0,0.0,0.0,300.35,1.52,50.0,82970.0
1990-10-15 15:00:00+00:00,10.93,61.75,0.0,0.0,0.0,293.0,1.31,33.0,82980.0
1990-10-15 16:00:00+00:00,10.4,61.65,0.0,0.0,0.0,274.6,1.24,26.0,82980.0
1990-10-15 17:00:00+00:00,9.86,63.9,0.0,0.0,0.0,281.6,1.1,33.0,82940.0
1990-10-15 18:00:00+00:00,9.28,66.25,0.0,0.0,0.0,284.3,0.9,34.0,82920.0
1990-10-15 19:00:00+00:00,8.24,63.7,0.0,0.0,0.0,257.95,0.69,60.0,82890.0
1990-10-15 20:00:00+00:00,7.87,66.05,0.0,0.0,0.0,255.65,0.9,82.0,82870.0
1990-10-15 21:00:00+00:00,7.19,68.5,0.0,0.0,0.0,254.5,0.97,85.0,82850.0
1990-10-15 22:00:00+00:00,6.52,73.8,0.0,0.0,0.0,255.45,1.03,83.0,82850.0
1990-10-15 23:00:00+00:00,6.05,76.55,0.0,0.0,0.0,252.35,1.03,89.0,82870.0
1990-10-16 00:00:00+00:00,5.71,79.4,191.9,829.26,65.25,251.75,0.83,98.0,82880.0
1990-10-16 01:00:00+00:00,6.64,82.6,385.85,875.7,88.15,255.0,0.97,108.0,82920.0
1990-10-16 02:00:00+00:00,9.46,66.35,532.9,850.03,109.75,259.9,1.17,115.0,82940.0
1990-10-16 03:00:00+00:00,11.42,61.85,627.05,797.46,136.2,270.75,1.59,133.0,82910.0
1990-10-16 04:00:00+00:00,13.24,55.75,614.1,631.77,181.3,287.4,2.14,146.0,82830.0
1990-10-16 05:00:00+00:00,14.79,48.4,626.35,643.86,174.55,301.9,2.48,154.0,82750.0
1990-10-16 06:00:00+00:00,15.89,45.15,575.6,634.18,154.3,308.1,2.55,159.0,82670.0
1990-10-16 07:00:00+00:00,17.02,39.25,472.5,617.0,117.45,305.55,3.17,157.0,82540.0
1990-10-16 08:00:00+00:00,17.16,39.25,277.1,409.73,96.35,297.85,3.59,150.0,82490.0
1990-10-16 09:00:00+00:00,16.57,40.6,103.15,181.84,53.95,297.85,3.72,142.0,82480.0
1990-10-16 10:00:00+00:00,14.79,48.4,4.7,8.63,4.05,297.65,3.79,137.0,82560.0
1990-10-16 11:00:00+00:00,13.59,53.85,0.0,0.0,0.0,304.2,3.45,137.0,82620.0
1990-10-16 12:00:00+00:00,12.47,59.95,0.0,0.0,0.0,304.4,3.45,137.0,82700.0
1990-10-16 13:00:00+00:00,11.28,69.15,0.0,0.0,0.0,296.5,2.41,129.0,82740.0
1990-10-16 14:00:00+00:00,10.42,77.1,0.0,0.0,0.0,310.6,1.59,107.0,82790.0
1990-10-16 15:00:00+00:00,9.2,82.85,0.0,0.0,0.0,283.3,1.72,104.0,82800.0
1990-10-16 16:00:00+00:00,8.05,82.75,0.0,0.0,0.0,273.65,1.59,114.0,82770.0
1990-10-16 17:00:00+00:00,7.42,85.8,0.0,0.0,0.0,262.2,1.31,119.0,82710.0
1990-10-16 18:00:00+00:00,6.76,85.75,0.0,0.0,0.0,260.1,1.24,127.0,82680.0
1990-10-16 19:00:00+00:00,6.46,85.75,0.0,0.0,0.0,250.4,1.1,131.0,82600.0
1990-10-16 20:00:00+00:00,6.06,85.7,0.0,0.0,0.0,248.5,1.03,126.0,82570.0
1990-10-16 21:00:00+00:00,5.05,92.25,0.0,0.0,0.0,249.45,1.17,127.0,82530.0
1990-10-16 22:00:00+00:00,3.79,99.4,0.0,0.0,0.0,259.7,1.17,129.0,82540.0
1990-10-16 23:00:00+00:00,3.72,99.4,0.0,0.0,0.0,264.35,0.83,129.0,82520.0
1990-10-17 00:00:00+00:00,3.37,99.4,122.0,178.47,95.35,279.85,1.1,131.0,82530.0
1990-10-17 01:00:00+00:00,4.99,92.25,276.7,407.83,139.55,302.0,1.59,140.0,82550.0
1990-10-17 02:00:00+00:00,7.32,82.65,457.5,581.94,170.1,288.35,1.72,152.0,82530.0
1990-10-17 03:00:00+00:00,9.68,71.5,582.7,665.53,175.85,280.2,1.86,151.0,82490.0
1990-10-17 04:00:00+00:00,11.91,62.0,666.4,719.99,176.35,286.2,2.07,150.0,82430.0
1990-10-17 05:00:00+00:00,14.24,50.1,676.3,767.83,141.05,295.9,2.41,153.0,82340.0
1990-10-17 06:00:00+00:00,15.71,43.5,629.4,786.79,110.45,288.55,2.55,154.0,82250.0
1990-10-17 07:00:00+00:00,16.39,42.05,464.35,602.48,120.55,284.1,2.69,162.0,82100.0
1990-10-17 08:00:00+00:00,17.17,37.8,259.2,363.25,100.7,282.55,2.34,165.0,82030.0
1990-10-17 09:00:00+00:00,17.34,37.8,103.45,189.59,53.05,301.3,1.93,127.0,82040.0
1990-10-17 10:00:00+00:00,16.5,42.05,4.7,9.19,4.05,292.4,2.97,98.0,82060.0
1990-10-17 11:00:00+00:00,14.36,50.1,0.0,0.0,0.0,292.8,4.21,102.0,82150.0
1990-10-17 12:00:00+00:00,12.37,62.1,0.0,0.0,0.0,286.6,4.83,114.0,82250.0
1990-10-17 13:00:00+00:00,10.72,71.7,0.0,0.0,0.0,276.15,4.21,118.0,82320.0
1990-10-17 14:00:00+00:00,9.75,79.9,0.0,0.0,0.0,282.15,3.24,106.0,82370.0
1990-10-17 15:00:00+00:00,8.99,82.85,0.0,0.0,0.0,281.4,2.55,86.0,82420.0
1990-10-17 16:00:00+00:00,8.41,85.9,0.0,0.0,0.0,288.95,2.34,80.0,82420.0
1990-10-17 17:00:00+00:00,8.31,89.1,0.0,0.0,0.0,311.2,2.07,78.0,82430.0
1990-10-17 18:00:00+00:00,8.28,89.1,0.0,0.0,0.0,317.55,1.93,80.0,82440.0
1990-10-17 19:00:00+00:00,8.17,89.1,0.0,0.0,0.0,326.85,1.52,76.0,82460.0
1990-10-17 20:00:00+00:00,8.36,89.1,0.0,0.0,0.0,334.0,1.38,80.0,82470.0
1990-10-17 21:00:00+00:00,8.39,89.1,0.0,0.0,0.0,331.9,1.17,75.0,82440.0
1990-10-17 22:00:00+00:00,8.67,92.4,0.0,0.0,0.0,344.3,1.31,68.0,82460.0
1990-10-17 23:00:00+00:00,8.78,92.4,0.0,0.0,0.0,340.0,1.45,60.0,82470.0
1990-10-18 00:00:00+00:00,8.84,92.4,78.85,69.91,68.65,329.2,1.52,57.0,82510.0
1990-10-18 01:00:00+00:00,10.04,82.95,139.75,35.48,127.95,338.0,1.59,82.0,82570.0
1990-10-18 02:00:00+00:00,10.82,77.15,243.95,96.65,196.6,343.3,1.1,130.0,82610.0
1990-10-18 03:00:00+00:00,11.98,66.85,305.6,103.61,242.7,342.75,1.1,157.0,82580.0
1990-10-18 04:00:00+00:00,13.05,57.9,304.0,98.12,237.65,348.95,1.03,166.0,82550.0
1990-10-18 05:00:00+00:00,13.87,55.9,264.85,69.89,216.45,354.15,1.03,163.0,82490.0
1990-10-18 06:00:00+00:00,14.41,52.0,301.1,116.67,224.7,350.1,0.97,128.0,82430.0
1990-10-18 07:00:00+00:00,15.86,43.5,257.95,123.71,187.95,346.4,2.14,129.0,82320.0
1990-10-18 08:00:00+00:00,16.04,42.05,152.75,98.13,110.4,344.5,2.9,122.0,82330.0
1990-10-18 09:00:00+00:00,15.31,50.35,57.35,59.35,41.85,340.4,4.48,117.0,82360.0
1990-10-18 10:00:00+00:00,13.63,60.2,2.85,3.02,2.65,333.45,5.1,118.0,82420.0
1990-10-18 11:00:00+00:00,11.97,69.35,0.0,0.0,0.0,327.05,5.03,123.0,82520.0
1990-10-18 12:00:00+00:00,10.81,77.15,0.0,0.0,0.0,317.95,4.97,131.0,82610.0
1990-10-18 13:00:00+00:00,10.05,79.95,0.0,0.0,0.0,314.85,4.28,130.0,82690.0
1990-10-18 14:00:00+00:00,9.51,79.9,0.0,0.0,0.0,319.7,4.0,128.0,82720.0
1990-10-18 15:00:00+00:00,9.13,82.85,0.0,0.0,0.0,323.75,3.72,124.0,82760.0
1990-10-18 16:00:00+00:00,8.9,85.9,0.0,0.0,0.0,331.3,3.52,124.0,82790.0
1990-10-18 17:00:00+00:00,8.69,82.75,0.0,0.0,0.0,330.75,3.38,126.0,82780.0
1990-10-18 18:00:00+00:00,8.65,82.75,0.0,0.0,0.0,340.8,3.52,132.0,82780.0
1990-10-18 19:00:00+00:00,8.74,82.75,0.0,0.0,0.0,337.3,3.03,122.0,82720.0
1990-10-18 20:00:00+00:00,8.68,85.9,0.0,0.0,0.0,338.3,2.76,122.0,82710.0
1990-10-18 21:00:00+00:00,8.54,85.9,0.0,0.0,0.0,333.25,2.34,111.0,82680.0
1990-10-18 22:00:00+00:00,8.51,85.9,0.0,0.0,0.0,340.0,2.34,105.0,82700.0
1990-10-18 23:00:00+00:00,8.4,85.9,0.0,0.0,0.0,334.8,2.28,95.0,82730.0
1990-10-19 00:00:00+00:00,8.45,85.9,44.1,38.96,38.55,340.4,2.55,103.0,82780.0
1990-10-19 01:00:00+00:00,8.8,85.9,102.45,46.52,87.15,342.85,3.1,123.0,82840.0
1990-10-19 02:00:00+00:00,9.3,79.85,102.6,0.21,102.5,336.75,3.17,132.0,82870.0
1990-10-19 03:00:00+00:00,9.66,77.0,131.05,1.41,130.2,343.5,2.97,131.0,82850.0
1990-10-19 04:00:00+00:00,9.95,74.3,151.1,5.88,147.15,345.05,2.76,126.0,82820.0
1990-10-19 05:00:00+00:00,10.09,77.1,109.55,6.18,105.3,343.5,2.41,119.0,82760.0
1990-10-19 06:00:00+00:00,10.0,77.1,133.45,1.15,132.7,343.9,2.07,108.0,82740.0
1990-10-19 07:00:00+00:00,10.6,74.4,77.35,0.0,77.35,344.5,2.55,107.0,82630.0
1990-10-19 08:00:00+00:00,10.4,77.1,31.4,1.05,30.95,338.1,2.62,88.0,82700.0
1990-10-19 09:00:00+00:00,10.11,79.95,16.15,0.0,16.15,342.35,2.62,72.0,82720.0
1990-10-19 10:00:00+00:00,9.8,82.9,1.15,0.0,1.15,344.1,2.62,64.0,82790.0
1990-10-19 11:00:00+00:00,9.43,85.95,0.0,0.0,0.0,341.4,2.62,64.0,82850.0
1990-10-19 12:00:00+00:00,9.08,82.85,0.0,0.0,0.0,335.95,2.34,63.0,82930.0
1990-10-19 13:00:00+00:00,8.78,85.9,0.0,0.0,0.0,334.0,2.28,60.0,82970.0
1990-10-19 14:00:00+00:00,8.57,85.9,0.0,0.0,0.0,337.3,2.14,57.0,83010.0
1990-10-19 15:00:00+00:00,8.33,82.75,0.0,0.0,0.0,334.2,2.0,60.0,83020.0
1990-10-19 16:00:00+00:00,8.25,85.9,0.0,0.0,0.0,337.3,1.72,63.0,83060.0
1990-10-19 17:00:00+00:00,7.89,89.05,0.0,0.0,0.0,320.85,1.38,64.0,83030.0
1990-10-19 18:00:00+00:00,6.83,92.35,0.0,0.0,0.0,289.7,1.17,66.0,83010.0
1990-10-19 19:00:00+00:00,6.73,92.35,0.0,0.0,0.0,307.1,1.24,71.0,82960.0
1990-10-19 20:00:00+00:00,6.74,92.35,0.0,0.0,0.0,306.35,0.97,78.0,82970.0
1990-10-19 21:00:00+00:00,6.55,92.35,0.0,0.0,0.0,301.1,0.97,86.0,82930.0
1990-10-19 22:00:00+00:00,6.67,92.35,0.0,0.0,0.0,316.8,0.83,104.0,82940.0
1990-10-19 23:00:00+00:00,6.8,92.35,0.0,0.0,0.0,309.65,0.76,107.0,82960.0
1990-10-20 00:00:00+00:00,6.84,95.8,69.75,7.19,68.75,317.75,0.76,101.0,82970.0
1990-10-20 01:00:00+00:00,7.73,85.85,153.5,35.98,141.8,322.9,1.03,136.0,83020.0
1990-10-20 02:00:00+00:00,8.63,79.75,238.65,50.53,214.3,321.45,1.17,148.0,83020.0
1990-10-20 03:00:00+00:00,9.71,74.2,319.65,92.88,264.05,337.7,1.52,138.0,82990.0
1990-10-20 04:00:00+00:00,10.79,69.1,266.85,43.16,238.05,341.75,1.45,139.0,82940.0
1990-10-20 05:00:00+00:00,11.4,64.25,212.6,14.27,202.85,344.5,1.1,120.0,82900.0
1990-10-20 06:00:00+00:00,11.77,62.0,220.25,41.99,193.15,343.7,1.66,74.0,82850.0
1990-10-20 07:00:00+00:00,11.72,59.7,178.65,35.95,158.65,344.5,2.21,105.0,82780.0
1990-10-20 08:00:00+00:00,11.76,59.7,145.0,73.43,114.0,334.6,2.9,91.0,82770.0
1990-10-20 09:00:00+00:00,11.48,59.7,49.3,81.16,28.85,318.95,3.24,86.0,82810.0
1990-10-20 10:00:00+00:00,10.83,66.55,1.4,0.0,1.4,315.65,2.97,80.0,82870.0
1990-10-20 11:00:00+00:00,10.16,69.0,0.0,0.0,0.0,322.8,2.48,80.0,82950.0
1990-10-20 12:00:00+00:00,9.56,74.2,0.0,0.0,0.0,322.2,1.72,89.0,83020.0
1990-10-20 13:00:00+00:00,9.18,79.85,0.0,0.0,0.0,323.4,0.97,75.0,83080.0
1990-10-20 14:00:00+00:00,9.07,79.85,0.0,0.0,0.0,322.8,0.9,34.0,83120.0
1990-10-20 15:00:00+00:00,8.78,82.75,0.0,0.0,0.0,326.1,1.1,16.0,83160.0
1990-10-20 16:00:00+00:00,8.37,85.9,0.0,0.0,0.0,322.0,1.31,7.0,83170.0
1990-10-20 17:00:00+00:00,8.12,85.9,0.0,0.0,0.0,324.55,1.31,3.0,83160.0
1990-10-20 18:00:00+00:00,7.73,85.85,0.0,0.0,0.0,313.7,1.59,355.0,83150.0
1990-10-20 19:00:00+00:00,7.21,89.0,0.0,0.0,0.0,312.75,1.45,27.0,83140.0
1990-10-20 20:00:00+00:00,6.97,85.8,0.0,0.0,0.0,310.05,1.45,35.0,83140.0
1990-10-20 21:00:00+00:00,6.75,89.0,0.0,0.0,0.0,299.2,1.24,27.0,83140.0
1990-10-20 22:00:00+00:00,6.69,89.0,0.0,0.0,0.0,307.5,1.31,23.0,83200.0
1990-10-20 23:00:00+00:00,6.55,89.0,0.0,0.0,0.0,311.2,1.59,25.0,83270.0
1990-10-21 00:00:00+00:00,6.78,89.0,74.7,152.02,54.1,316.8,1.52,27.0,83310.0
1990-10-21 01:00:00+00:00,7.91,79.7,139.6,122.59,100.2,317.9,2.14,26.0,83400.0
1990-10-21 02:00:00+00:00,8.35,71.35,217.9,103.16,168.6,308.5,2.62,24.0,83420.0
1990-10-21 03:00:00+00:00,8.94,63.8,330.35,213.33,203.55,322.05,2.9,28.0,83410.0
1990-10-21 04:00:00+00:00,9.65,57.05,475.7,376.71,226.0,316.8,2.62,40.0,83380.0
1990-10-21 05:00:00+00:00,10.5,53.1,383.1,196.05,250.05,312.35,2.28,54.0,83280.0
1990-10-21 06:00:00+00:00,10.96,51.25,342.5,268.2,170.65,326.85,1.93,64.0,83210.0
1990-10-21 07:00:00+00:00,11.82,51.35,302.3,256.4,160.85,317.55,1.45,50.0,83100.0
1990-10-21 08:00:00+00:00,12.09,49.6,222.95,246.92,119.85,306.15,2.0,61.0,83070.0
1990-10-21 09:00:00+00:00,12.16,47.75,81.45,124.06,50.75,312.95,2.41,67.0,83080.0
1990-10-21 10:00:00+00:00,11.6,51.35,2.45,2.83,2.3,290.65,2.07,67.0,83120.0
1990-10-21 11:00:00+00:00,10.56,57.3,0.0,0.0,0.0,278.85,2.07,51.0,83160.0
1990-10-21 12:00:00+00:00,9.32,63.8,0.0,0.0,0.0,273.65,2.34,35.0,83240.0
1990-10-21 13:00:00+00:00,8.08,61.3,0.0,0.0,0.0,260.5,2.69,27.0,83290.0
1990-10-21 14:00:00+00:00,6.9,65.85,0.0,0.0,0.0,260.5,2.48,24.0,83320.0
1990-10-21 15:00:00+00:00,6.15,60.85,0.0,0.0,0.0,261.05,2.83,14.0,83320.0
1990-10-21 16:00:00+00:00,5.66,58.45,0.0,0.0,0.0,267.45,3.03,12.0,83360.0
1990-10-21 17:00:00+00:00,5.21,60.65,0.0,0.0,0.0,277.3,2.83,17.0,83300.0
1990-10-21 18:00:00+00:00,4.76,62.95,0.0,0.0,0.0,276.95,2.76,14.0,83340.0
1990-10-21 19:00:00+00:00,4.28,65.3,0.0,0.0,0.0,275.6,2.41,19.0,83350.0
1990-10-21 20:00:00+00:00,4.55,60.5,0.0,0.0,0.0,300.55,3.1,14.0,83400.0
1990-10-21 21:00:00+00:00,3.87,62.7,0.0,0.0,0.0,295.3,3.17,15.0,83410.0
1990-10-21 22:00:00+00:00,3.14,70.4,0.0,0.0,0.0,295.9,2.28,28.0,83500.0
1990-10-21 23:00:00+00:00,2.81,76.0,0.0,0.0,0.0,303.65,1.17,62.0,83560.0
1990-10-22 00:00:00+00:00,2.63,79.0,59.55,81.81,48.75,297.65,0.83,142.0,83580.0
1990-10-22 01:00:00+00:00,3.27,76.1,121.35,108.14,87.0,306.25,0.97,169.0,83660.0
1990-10-22 02:00:00+00:00,4.18,73.4,218.2,139.59,152.05,303.45,1.31,182.0,83670.0
1990-10-22 03:00:00+00:00,5.32,68.1,302.6,238.77,161.7,297.05,0.97,182.0,83690.0
1990-10-22 04:00:00+00:00,6.35,58.55,437.45,335.36,216.65,287.75,0.34,185.0,83640.0
1990-10-22 05:00:00+00:00,7.44,50.45,539.5,535.18,178.75,289.1,0.28,42.0,83570.0
1990-10-22 06:00:00+00:00,8.41,46.8,550.85,641.81,142.6,275.0,0.76,51.0,83500.0
1990-10-22 07:00:00+00:00,10.16,40.4,445.15,580.5,127.6,259.7,1.38,64.0,83360.0
1990-10-22 08:00:00+00:00,10.41,40.4,270.45,418.21,97.75,266.65,1.45,76.0,83350.0
1990-10-22 09:00:00+00:00,10.22,38.85,96.3,188.47,50.5,266.5,1.59,89.0,83310.0
1990-10-22 10:00:00+00:00,9.62,43.55,2.4,2.05,2.3,248.3,1.59,109.0,83340.0
1990-10-22 11:00:00+00:00,8.52,56.8,0.0,0.0,0.0,248.1,1.38,134.0,83390.0
1990-10-22 12:00:00+00:00,7.62,54.55,0.0,0.0,0.0,251.0,0.97,140.0,83410.0
1990-10-22 13:00:00+00:00,7.77,46.65,0.0,0.0,0.0,250.05,0.9,160.0,83420.0
1990-10-22 14:00:00+00:00,6.61,54.3,0.0,0.0,0.0,245.95,1.17,178.0,83430.0
1990-10-22 15:00:00+00:00,5.61,58.45,0.0,0.0,0.0,245.0,1.31,196.0,83410.0
1990-10-22 16:00:00+00:00,5.05,60.65,0.0,0.0,0.0,244.05,1.31,207.0,83390.0
1990-10-22 17:00:00+00:00,4.21,65.3,0.0,0.0,0.0,240.75,1.31,210.0,83340.0
1990-10-22 18:00:00+00:00,4.33,65.3,0.0,0.0,0.0,241.3,1.17,213.0,83320.0
1990-10-22 19:00:00+00:00,5.08,58.3,0.0,0.0,0.0,250.2,0.97,208.0,83250.0
1990-10-22 20:00:00+00:00,4.67,60.5,0.0,0.0,0.0,247.3,0.76,202.0,83220.0
1990-10-22 21:00:00+00:00,4.25,62.8,0.0,0.0,0.0,244.05,0.48,212.0,83140.0
1990-10-22 22:00:00+00:00,3.88,65.2,0.0,0.0,0.0,238.05,0.48,218.0,83120.0
1990-10-22 23:00:00+00:00,3.45,65.2,0.0,0.0,0.0,234.95,0.76,215.0,83110.0
1990-10-23 00:00:00+00:00,3.09,67.7,175.15,899.25,59.6,231.65,0.97,213.0,83100.0
1990-10-23 01:00:00+00:00,3.45,79.15,363.9,881.47,87.25,234.65,0.97,207.0,83140.0
1990-10-23 02:00:00+00:00,6.94,58.8,527.05,901.58,103.45,241.5,1.38,214.0,83130.0
1990-10-23 03:00:00+00:00,8.87,54.65,640.45,899.65,113.4,247.7,1.86,227.0,83080.0
1990-10-23 04:00:00+00:00,10.44,52.95,693.2,882.96,115.8,252.75,2.21,227.0,82980.0
1990-10-23 05:00:00+00:00,11.74,49.45,678.3,840.86,115.35,257.75,2.07,224.0,82870.0
1990-10-23 06:00:00+00:00,12.71,46.1,601.15,782.48,107.05,261.85,1.66,218.0,82760.0
1990-10-23 07:00:00+00:00,13.15,44.5,461.5,672.47,96.75,262.8,0.97,185.0,82720.0
1990-10-23 08:00:00+00:00,13.43,44.5,283.3,505.13,77.0,265.5,0.48,100.0,82680.0
1990-10-23 09:00:00+00:00,13.43,44.5,96.4,227.35,42.15,266.1,1.59,57.0,82680.0
1990-10-23 10:00:00+00:00,12.47,49.7,1.8,0.0,1.8,262.8,2.14,44.0,82700.0
1990-10-23 11:00:00+00:00,11.01,57.4,0.0,0.0,0.0,263.0,2.41,32.0,82720.0
1990-10-23 12:00:00+00:00,9.37,68.8,0.0,0.0,0.0,257.2,2.28,26.0,82780.0
1990-10-23 13:00:00+00:00,7.78,73.95,0.0,0.0,0.0,254.5,1.93,25.0,82800.0
1990-10-23 14:00:00+00:00,7.58,68.6,0.0,0.0,0.0,253.7,1.45,31.0,82830.0
1990-10-23 15:00:00+00:00,7.74,66.05,0.0,0.0,0.0,253.3,1.03,29.0,82830.0
1990-10-23 16:00:00+00:00,7.21,65.95,0.0,0.0,0.0,250.05,0.83,38.0,82830.0
1990-10-23 17:00:00+00:00,6.98,65.95,0.0,0.0,0.0,247.7,0.76,62.0,82790.0
1990-10-23 18:00:00+00:00,6.34,70.95,0.0,0.0,0.0,246.15,0.76,85.0,82750.0
1990-10-23 19:00:00+00:00,5.53,73.65,0.0,0.0,0.0,247.15,0.97,82.0,82700.0
1990-10-23 20:00:00+00:00,4.93,76.4,0.0,0.0,0.0,250.6,0.9,90.0,82670.0
1990-10-23 21:00:00+00:00,4.44,79.3,0.0,0.0,0.0,250.2,0.69,90.0,82660.0
1990-10-23 22:00:00+00:00,3.98,82.3,0.0,0.0,0.0,245.6,0.76,93.0,82660.0
1990-10-23 23:00:00+00:00,3.68,85.45,0.0,0.0,0.0,254.65,0.83,89.0,82700.0
1990-10-24 00:00:00+00:00,3.55,85.45,136.7,449.73,80.5,263.6,0.83,85.0,82720.0
1990-10-24 01:00:00+00:00,4.55,88.85,282.4,502.02,126.75,282.45,0.83,95.0,82780.0
1990-10-24 02:00:00+00:00,6.69,79.55,453.1,648.15,151.2,282.35,1.17,101.0,82790.0
1990-10-24 03:00:00+00:00,8.54,74.05,504.6,524.02,199.85,272.5,1.66,81.0,82760.0
1990-10-24 04:00:00+00:00,10.08,69.0,530.2,451.51,236.95,288.75,2.28,61.0,82730.0
1990-10-24 05:00:00+00:00,11.05,64.25,412.9,316.27,202.6,299.4,2.76,46.0,82720.0
1990-10-24 06:00:00+00:00,11.76,59.7,420.1,289.23,238.8,315.25,3.86,30.0,82670.0
1990-10-24 07:00:00+00:00,12.34,53.5,309.85,218.57,192.3,298.2,4.48,40.0,82560.0
1990-10-24 08:00:00+00:00,12.22,47.75,140.4,46.54,121.6,293.0,4.83,35.0,82570.0
1990-10-24 09:00:00+00:00,11.53,45.8,43.2,16.22,39.4,301.7,4.62,26.0,82600.0
1990-10-24 10:00:00+00:00,10.7,43.8,0.7,0.0,0.7,314.3,4.41,10.0,82670.0
1990-10-24 11:00:00+00:00,9.53,38.7,0.0,0.0,0.0,309.85,5.03,359.0,82750.0
1990-10-24 12:00:00+00:00,8.44,39.95,0.0,0.0,0.0,313.3,6.07,356.0,82860.0
1990-10-24 13:00:00+00:00,7.37,46.55,0.0,0.0,0.0,317.55,6.07,358.0,82940.0
1990-10-24 14:00:00+00:00,6.29,56.3,0.0,0.0,0.0,289.1,4.62,358.0,83050.0
1990-10-24 15:00:00+00:00,6.0,58.55,0.0,0.0,0.0,302.65,3.17,357.0,83150.0
1990-10-24 16:00:00+00:00,5.61,65.65,0.0,0.0,0.0,301.1,1.79,352.0,83210.0
1990-10-24 17:00:00+00:00,5.43,70.85,0.0,0.0,0.0,306.95,1.03,293.0,83230.0
1990-10-24 18:00:00+00:00,5.28,70.8,0.0,0.0,0.0,297.45,1.59,268.0,83220.0
1990-10-24 19:00:00+00:00,5.33,73.55,0.0,0.0,0.0,302.1,1.45,292.0,83210.0
1990-10-24 20:00:00+00:00,5.35,70.8,0.0,0.0,0.0,302.5,1.31,287.0,83250.0
1990-10-24 21:00:00+00:00,5.03,70.8,0.0,0.0,0.0,288.35,1.38,286.0,83230.0
1990-10-24 22:00:00+00:00,4.42,70.7,0.0,0.0,0.0,266.85,1.59,323.0,83310.0
1990-10-24 23:00:00+00:00,4.23,62.8,0.0,0.0,0.0,271.3,2.9,359.0,83380.0
1990-10-25 00:00:00+00:00,3.77,57.95,102.2,275.49,68.75,271.9,3.52,11.0,83470.0
1990-10-25 01:00:00+00:00,3.98,51.55,247.25,352.84,139.2,282.85,3.52,15.0,83580.0
1990-10-25 02:00:00+00:00,4.56,47.7,411.15,451.9,202.5,270.75,2.9,19.0,83600.0
1990-10-25 03:00:00+00:00,5.72,46.1,597.9,746.78,166.8,272.65,2.62,26.0,83590.0
1990-10-25 04:00:00+00:00,7.09,43.0,659.2,800.11,143.1,256.2,2.41,31.0,83550.0
1990-10-25 05:00:00+00:00,8.08,43.25,644.3,757.97,143.75,245.6,2.07,28.0,83480.0
1990-10-25 06:00:00+00:00,8.86,45.0,554.1,676.73,133.0,255.05,1.72,18.0,83410.0
1990-10-25 07:00:00+00:00,9.78,38.7,386.65,418.92,163.25,257.0,1.31,25.0,83360.0
1990-10-25 08:00:00+00:00,9.96,37.3,229.2,333.8,95.85,269.6,1.86,47.0,83330.0
1990-10-25 09:00:00+00:00,9.86,38.7,80.85,163.68,43.2,274.8,2.83,48.0,83370.0
1990-10-25 10:00:00+00:00,9.11,40.1,1.1,0.0,1.1,261.25,2.9,52.0,83410.0
1990-10-25 11:00:00+00:00,8.0,45.0,0.0,0.0,0.0,242.1,2.14,56.0,83490.0
1990-10-25 12:00:00+00:00,6.39,63.25,0.0,0.0,0.0,239.6,1.72,57.0,83540.0
1990-10-25 13:00:00+00:00,5.43,58.45,0.0,0.0,0.0,234.35,1.66,42.0,83580.0
1990-10-25 14:00:00+00:00,5.1,51.8,0.0,0.0,0.0,229.7,1.52,27.0,83630.0
1990-10-25 15:00:00+00:00,5.76,42.55,0.0,0.0,0.0,227.95,1.1,19.0,83670.0
1990-10-25 16:00:00+00:00,5.21,42.45,0.0,0.0,0.0,227.2,0.9,358.0,83700.0
1990-10-25 17:00:00+00:00,4.29,47.6,0.0,0.0,0.0,226.4,1.03,346.0,83700.0
1990-10-25 18:00:00+00:00,3.34,51.3,0.0,0.0,0.0,224.5,1.24,351.0,83680.0
1990-10-25 19:00:00+00:00,2.47,53.25,0.0,0.0,0.0,225.65,1.38,5.0,83660.0
1990-10-25 20:00:00+00:00,2.19,55.3,0.0,0.0,0.0,224.1,1.17,5.0,83690.0
1990-10-25 21:00:00+00:00,1.81,57.45,0.0,0.0,0.0,222.75,0.97,353.0,83670.0
1990-10-25 22:00:00+00:00,1.52,57.45,0.0,0.0,0.0,224.1,0.83,337.0,83700.0
1990-10-25 23:00:00+00:00,1.33,59.7,0.0,0.0,0.0,220.4,0.76,322.0,83730.0
1990-10-26 00:00:00+00:00,1.27,59.7,165.2,891.32,60.15,221.75,0.62,303.0,83740.0
1990-10-26 01:00:00+00:00,2.52,57.7,357.6,892.85,87.6,222.05,0.34,302.0,83810.0
1990-10-26 02:00:00+00:00,4.88,45.85,521.65,917.54,101.75,226.6,0.07,136.0,83810.0
1990-10-26 03:00:00+00:00,6.72,39.55,635.55,914.5,111.55,232.4,0.41,175.0,83810.0
1990-10-26 04:00:00+00:00,8.31,38.4,687.45,893.93,114.8,238.4,0.41,185.0,83750.0
1990-10-26 05:00:00+00:00,9.61,37.2,671.95,851.41,113.55,243.85,0.34,180.0,83640.0
1990-10-26 06:00:00+00:00,10.59,37.45,589.6,781.03,107.15,247.9,0.34,118.0,83550.0
1990-10-26 07:00:00+00:00,11.69,36.3,445.15,656.13,98.2,254.3,0.28,99.0,83420.0
1990-10-26 08:00:00+00:00,12.02,35.05,263.95,457.08,83.35,255.45,1.17,65.0,83410.0
1990-10-26 09:00:00+00:00,11.84,36.3,87.6,216.98,38.6,256.6,2.14,64.0,83390.0
1990-10-26 10:00:00+00:00,10.97,39.1,0.9,0.0,0.9,249.85,2.62,68.0,83390.0
1990-10-26 11:00:00+00:00,9.61,45.25,0.0,0.0,0.0,245.4,2.48,65.0,83440.0
1990-10-26 12:00:00+00:00,7.75,58.9,0.0,0.0,0.0,241.7,2.0,58.0,83520.0
1990-10-26 13:00:00+00:00,6.93,54.4,0.0,0.0,0.0,240.75,1.52,51.0,83560.0
1990-10-26 14:00:00+00:00,7.71,43.1,0.0,0.0,0.0,240.75,1.03,44.0,83600.0
1990-10-26 15:00:00+00:00,7.18,43.0,0.0,0.0,0.0,237.45,0.69,16.0,83630.0
1990-10-26 16:00:00+00:00,6.16,46.25,0.0,0.0,0.0,241.5,0.76,338.0,83640.0
1990-10-26 17:00:00+00:00,4.97,51.8,0.0,0.0,0.0,237.25,0.9,314.0,83590.0
1990-10-26 18:00:00+00:00,4.03,55.85,0.0,0.0,0.0,241.3,1.03,303.0,83570.0
1990-10-26 19:00:00+00:00,2.77,62.5,0.0,0.0,0.0,235.3,1.31,282.0,83530.0
1990-10-26 20:00:00+00:00,2.07,64.9,0.0,0.0,0.0,234.55,1.45,276.0,83520.0
1990-10-26 21:00:00+00:00,1.36,70.05,0.0,0.0,0.0,233.6,1.52,270.0,83480.0
1990-10-26 22:00:00+00:00,0.9,70.05,0.0,0.0,0.0,233.0,1.59,268.0,83510.0
1990-10-26 23:00:00+00:00,0.67,72.75,0.0,0.0,0.0,232.05,1.52,265.0,83540.0
1990-10-27 00:00:00+00:00,0.54,75.7,158.2,870.61,58.7,232.2,1.52,259.0,83560.0
1990-10-27 01:00:00+00:00,3.29,73.2,348.35,877.88,86.25,237.0,1.17,245.0,83610.0
1990-10-27 02:00:00+00:00,7.46,50.45,511.0,903.31,101.3,239.75,1.24,230.0,83630.0
1990-10-27 03:00:00+00:00,9.78,43.55,623.95,903.9,109.9,246.75,1.45,235.0,83610.0
1990-10-27 04:00:00+00:00,11.46,39.25,675.05,882.87,113.4,252.95,1.24,246.0,83560.0
1990-10-27 05:00:00+00:00,12.7,38.0,659.35,839.27,112.7,258.35,0.76,279.0,83500.0
1990-10-27 06:00:00+00:00,13.61,35.45,549.95,698.96,121.35,262.8,1.17,8.0,83440.0
1990-10-27 07:00:00+00:00,14.23,31.65,430.55,637.29,96.4,268.6,1.72,8.0,83350.0
1990-10-27 08:00:00+00:00,14.46,31.65,263.1,473.14,78.2,269.75,3.1,22.0,83350.0
1990-10-27 09:00:00+00:00,13.99,29.25,83.25,207.26,37.3,261.85,3.86,30.0,83380.0
1990-10-27 10:00:00+00:00,12.81,30.05,0.7,0.0,0.7,253.9,3.59,32.0,83430.0
1990-10-27 11:00:00+00:00,11.15,32.1,0.0,0.0,0.0,246.55,3.17,26.0,83510.0
1990-10-27 12:00:00+00:00,9.37,38.55,0.0,0.0,0.0,246.75,2.83,21.0,83600.0
1990-10-27 13:00:00+00:00,7.49,44.85,0.0,0.0,0.0,239.6,2.28,18.0,83650.0
1990-10-27 14:00:00+00:00,8.29,28.95,0.0,0.0,0.0,237.05,1.52,11.0,83710.0
1990-10-27 15:00:00+00:00,8.29,25.55,0.0,0.0,0.0,232.4,0.97,345.0,83730.0
1990-10-27 16:00:00+00:00,7.14,28.65,0.0,0.0,0.0,230.5,1.17,314.0,83770.0
1990-10-27 17:00:00+00:00,4.84,39.0,0.0,0.0,0.0,229.5,1.59,302.0,83780.0
1990-10-27 18:00:00+00:00,2.72,49.15,0.0,0.0,0.0,230.3,1.79,299.0,83740.0
1990-10-27 19:00:00+00:00,2.04,51.0,0.0,0.0,0.0,230.65,1.66,293.0,83720.0
1990-10-27 20:00:00+00:00,1.22,55.05,0.0,0.0,0.0,228.35,1.66,291.0,83700.0
1990-10-27 21:00:00+00:00,0.49,57.2,0.0,0.0,0.0,228.35,1.66,284.0,83670.0
1990-10-27 22:00:00+00:00,0.11,61.9,0.0,0.0,0.0,227.0,1.59,281.0,83680.0
1990-10-27 23:00:00+00:00,-0.1,61.9,0.0,0.0,0.0,226.6,1.59,281.0,83660.0
1990-10-28 00:00:00+00:00,0.19,61.9,161.0,938.53,57.1,226.6,1.45,280.0,83660.0
1990-10-28 01:00:00+00:00,3.51,51.4,349.5,900.21,84.2,229.45,0.9,270.0,83710.0
1990-10-28 02:00:00+00:00,7.43,33.9,512.55,918.99,99.5,234.95,0.69,249.0,83690.0
1990-10-28 03:00:00+00:00,9.8,28.05,625.5,915.98,108.5,241.9,0.97,230.0,83640.0
1990-10-28 04:00:00+00:00,11.6,24.3,676.55,893.24,112.25,247.9,1.38,241.0,83540.0
1990-10-28 05:00:00+00:00,12.99,25.7,661.15,850.27,111.15,253.3,1.52,259.0,83460.0
1990-10-28 06:00:00+00:00,13.94,26.9,581.5,785.1,103.6,257.4,1.38,294.0,83360.0
1990-10-28 07:00:00+00:00,14.94,26.1,444.7,677.31,92.55,261.45,1.79,345.0,83270.0
1990-10-28 08:00:00+00:00,15.16,24.25,266.6,500.47,73.15,259.1,2.83,11.0,83280.0
1990-10-28 09:00:00+00:00,14.67,23.15,82.8,214.34,36.15,254.3,3.66,23.0,83310.0
1990-10-28 10:00:00+00:00,13.36,23.7,0.55,0.0,0.55,249.25,3.38,31.0,83360.0
1990-10-28 11:00:00+00:00,11.48,26.35,0.0,0.0,0.0,243.25,3.17,30.0,83440.0
1990-10-28 12:00:00+00:00,9.31,38.55,0.0,0.0,0.0,238.4,2.55,29.0,83500.0
1990-10-28 13:00:00+00:00,8.52,35.45,0.0,0.0,0.0,233.75,1.66,30.0,83520.0
1990-10-28 14:00:00+00:00,9.6,20.95,0.0,0.0,0.0,230.65,0.69,7.0,83570.0
1990-10-28 15:00:00+00:00,8.31,24.5,0.0,0.0,0.0,227.95,0.83,308.0,83590.0
1990-10-28 16:00:00+00:00,6.01,32.15,0.0,0.0,0.0,226.2,1.38,296.0,83610.0
1990-10-28 17:00:00+00:00,3.55,43.75,0.0,0.0,0.0,224.1,1.72,294.0,83600.0
1990-10-28 18:00:00+00:00,1.72,53.0,0.0,0.0,0.0,222.55,1.79,293.0,83570.0
1990-10-28 19:00:00+00:00,0.63,57.2,0.0,0.0,0.0,222.55,1.93,285.0,83560.0
1990-10-28 20:00:00+00:00,-0.46,64.35,0.0,0.0,0.0,220.05,2.0,282.0,83560.0
1990-10-28 21:00:00+00:00,-1.33,69.55,0.0,0.0,0.0,218.1,2.07,278.0,83540.0
1990-10-28 22:00:00+00:00,-1.81,72.3,0.0,0.0,0.0,216.35,2.14,276.0,83580.0
1990-10-28 23:00:00+00:00,-2.15,72.3,0.0,0.0,0.0,215.0,2.14,278.0,83610.0
1990-10-29 00:00:00+00:00,-2.06,72.3,163.0,990.07,56.95,214.05,2.0,276.0,83640.0
1990-10-29 01:00:00+00:00,1.82,64.8,355.3,933.64,83.75,216.45,1.52,268.0,83720.0
1990-10-29 02:00:00+00:00,7.47,41.45,520.55,947.08,98.75,221.2,1.45,260.0,83730.0
1990-10-29 03:00:00+00:00,10.85,27.2,634.35,940.57,107.5,228.75,1.24,262.0,83700.0
1990-10-29 04:00:00+00:00,12.7,20.85,685.3,916.33,110.45,236.1,1.31,299.0,83650.0
1990-10-29 05:00:00+00:00,14.15,18.0,666.05,857.96,114.9,241.7,2.28,327.0,83580.0
1990-10-29 06:00:00+00:00,15.24,16.15,578.9,764.72,116.8,245.75,3.24,339.0,83510.0
1990-10-29 07:00:00+00:00,15.97,14.35,425.2,580.62,125.85,250.8,4.07,353.0,83440.0
1990-10-29 08:00:00+00:00,15.94,13.75,246.65,392.58,96.55,253.9,4.41,1.0,83410.0
1990-10-29 09:00:00+00:00,15.27,13.65,75.75,151.18,43.45,253.5,4.41,10.0,83450.0
1990-10-29 10:00:00+00:00,13.86,16.45,0.35,0.0,0.35,249.05,3.31,19.0,83510.0
1990-10-29 11:00:00+00:00,11.94,24.3,0.0,0.0,0.0,255.85,2.76,20.0,83580.0
1990-10-29 12:00:00+00:00,9.83,43.55,0.0,0.0,0.0,262.05,2.07,14.0,83640.0
1990-10-29 13:00:00+00:00,10.68,24.05,0.0,0.0,0.0,265.1,1.31,355.0,83700.0
1990-10-29 14:00:00+00:00,10.04,24.9,0.0,0.0,0.0,260.1,1.31,327.0,83740.0
1990-10-29 15:00:00+00:00,8.36,30.15,0.0,0.0,0.0,260.5,1.52,312.0,83750.0
1990-10-29 16:00:00+00:00,6.55,38.0,0.0,0.0,0.0,255.65,1.66,305.0,83770.0
1990-10-29 17:00:00+00:00,4.56,45.85,0.0,0.0,0.0,246.15,1.79,294.0,83740.0
1990-10-29 18:00:00+00:00,2.98,53.4,0.0,0.0,0.0,243.85,1.93,286.0,83740.0
1990-10-29 19:00:00+00:00,3.63,47.45,0.0,0.0,0.0,241.9,1.72,295.0,83740.0
1990-10-29 20:00:00+00:00,2.42,51.15,0.0,0.0,0.0,239.0,1.72,297.0,83740.0
1990-10-29 21:00:00+00:00,1.48,53.0,0.0,0.0,0.0,230.65,1.72,297.0,83720.0
1990-10-29 22:00:00+00:00,1.01,55.05,0.0,0.0,0.0,225.05,1.66,297.0,83770.0
1990-10-29 23:00:00+00:00,0.72,54.95,0.0,0.0,0.0,223.9,1.59,299.0,83780.0
1990-10-30 00:00:00+00:00,0.9,50.75,154.85,963.16,55.15,224.65,1.38,295.0,83810.0
1990-10-30 01:00:00+00:00,3.93,42.15,342.2,903.36,82.95,227.3,0.83,295.0,83850.0
1990-10-30 02:00:00+00:00,7.79,48.55,505.15,921.31,98.6,231.05,0.55,310.0,83880.0
1990-10-30 03:00:00+00:00,10.52,20.35,619.0,920.1,107.55,236.65,0.55,22.0,83840.0
1990-10-30 04:00:00+00:00,11.94,18.2,670.9,898.62,111.1,240.75,1.38,27.0,83810.0
1990-10-30 05:00:00+00:00,13.03,16.35,656.25,859.85,107.7,244.2,1.86,29.0,83740.0
1990-10-30 06:00:00+00:00,13.72,16.45,575.0,788.92,101.75,246.55,2.0,32.0,83660.0
1990-10-30 07:00:00+00:00,14.21,15.9,436.95,676.25,91.2,247.15,2.97,21.0,83650.0
1990-10-30 08:00:00+00:00,14.13,15.9,255.75,477.91,75.0,246.95,3.03,24.0,83630.0
1990-10-30 09:00:00+00:00,13.66,17.15,74.15,183.32,35.7,250.6,2.76,43.0,83660.0
1990-10-30 10:00:00+00:00,12.65,19.2,0.2,0.0,0.2,245.6,2.41,73.0,83660.0
1990-10-30 11:00:00+00:00,10.98,28.45,0.0,0.0,0.0,243.05,2.14,86.0,83690.0
1990-10-30 12:00:00+00:00,9.6,35.75,0.0,0.0,0.0,238.2,1.38,91.0,83740.0
1990-10-30 13:00:00+00:00,10.32,22.0,0.0,0.0,0.0,234.95,0.62,113.0,83720.0
1990-10-30 14:00:00+00:00,9.48,23.8,0.0,0.0,0.0,232.6,0.41,192.0,83770.0
1990-10-30 15:00:00+00:00,8.44,26.65,0.0,0.0,0.0,232.05,0.76,214.0,83720.0
1990-10-30 16:00:00+00:00,7.4,29.85,0.0,0.0,0.0,230.1,0.9,219.0,83710.0
1990-10-30 17:00:00+00:00,6.33,32.15,0.0,0.0,0.0,228.95,0.97,230.0,83620.0
1990-10-30 18:00:00+00:00,5.32,34.6,0.0,0.0,0.0,227.75,1.03,245.0,83580.0
1990-10-30 19:00:00+00:00,3.68,40.3,0.0,0.0,0.0,226.8,1.38,258.0,83510.0
1990-10-30 20:00:00+00:00,2.37,45.3,0.0,0.0,0.0,226.2,1.52,260.0,83480.0
1990-10-30 21:00:00+00:00,1.73,48.85,0.0,0.0,0.0,225.85,1.59,261.0,83440.0
1990-10-30 22:00:00+00:00,1.57,48.85,0.0,0.0,0.0,224.85,1.52,262.0,83450.0
1990-10-30 23:00:00+00:00,0.81,52.75,0.0,0.0,0.0,224.1,1.59,271.0,83470.0
1990-10-31 00:00:00+00:00,0.35,54.95,152.75,978.41,55.0,223.15,1.66,279.0,83500.0
1990-10-31 01:00:00+00:00,2.71,51.15,341.35,914.65,82.4,225.55,1.1,281.0,83530.0
1990-10-31 02:00:00+00:00,7.15,41.3,504.85,930.97,97.85,229.9,0.9,282.0,83560.0
1990-10-31 03:00:00+00:00,9.84,26.9,618.55,927.85,106.75,235.9,0.76,286.0,83520.0
1990-10-31 04:00:00+00:00,11.67,23.35,670.3,904.97,110.5,242.1,0.76,290.0,83480.0
1990-10-31 05:00:00+00:00,13.14,21.0,655.15,861.33,109.45,246.75,0.76,308.0,83400.0
1990-10-31 06:00:00+00:00,14.17,19.55,575.1,791.93,103.5,249.85,0.97,358.0,83320.0
1990-10-31 07:00:00+00:00,15.18,18.25,436.8,680.34,91.85,251.75,1.17,9.0,83230.0
1990-10-31 08:00:00+00:00,15.27,17.5,257.45,495.0,72.25,250.4,1.86,37.0,83210.0
1990-10-31 09:00:00+00:00,14.82,18.15,74.55,201.54,33.05,247.5,2.41,56.0,83230.0
1990-10-31 10:00:00+00:00,13.57,19.45,0.1,0.0,0.1,243.05,2.55,70.0,83250.0
1990-10-31 11:00:00+00:00,11.75,25.3,0.0,0.0,0.0,239.75,2.55,75.0,83270.0
1990-10-31 12:00:00+00:00,9.5,38.7,0.0,0.0,0.0,236.5,2.28,78.0,83320.0
1990-10-31 13:00:00+00:00,7.95,39.95,0.0,0.0,0.0,233.95,1.86,79.0,83320.0
1990-10-31 14:00:00+00:00,7.31,36.6,0.0,0.0,0.0,231.25,1.72,83.0,83320.0
1990-10-31 15:00:00+00:00,7.61,28.8,0.0,0.0,0.0,228.75,1.38,87.0,83310.0
1990-10-31 16:00:00+00:00,2.72,40.51,0.0,0.0,0.0,220.17,0.59,94.0,83300.0
1990-10-31 17:00:00+00:00,3.14,40.62,0.0,0.0,0.0,221.6,0.61,113.0,83240.0
1990-10-31 18:00:00+00:00,3.56,40.72,0.0,0.0,0.0,223.03,0.63,133.0,83190.0
1990-10-31 19:00:00+00:00,3.98,40.83,0.0,0.0,0.0,224.46,0.64,129.0,83110.0
1990-10-31 20:00:00+00:00,4.39,40.93,0.0,0.0,0.0,225.89,0.66,147.0,83080.0
1990-10-31 21:00:00+00:00,4.81,41.04,0.0,0.0,0.0,227.32,0.68,170.0,83020.0
1990-10-31 22:00:00+00:00,5.23,41.14,0.0,0.0,0.0,228.75,0.7,189.0,83030.0
1990-10-31 23:00:00+00:00,5.65,41.24,0.0,0.0,0.0,230.18,0.72,188.0,83010.0
1990-11-01 00:00:00+00:00,6.07,41.35,146.35,1000.21,53.65,231.61,0.73,285.0,83560.0
1990-11-01 01:00:00+00:00,6.48,41.45,332.6,911.51,81.6,233.04,0.75,278.0,83580.0
1990-11-01 02:00:00+00:00,6.9,41.56,492.1,919.23,97.75,234.47,0.77,274.0,83600.0
1990-11-01 03:00:00+00:00,7.32,41.66,604.45,916.22,106.85,235.9,0.79,0.0,83570.0
1990-11-01 04:00:00+00:00,7.74,41.77,646.45,866.44,118.0,237.33,0.8,62.0,83500.0
1990-11-01 05:00:00+00:00,8.16,41.87,639.4,847.56,109.8,238.75,0.82,116.0,83380.0
1990-11-01 06:00:00+00:00,8.57,41.98,558.75,775.39,103.65,240.18,0.84,131.0,83260.0
1990-11-01 07:00:00+00:00,8.99,42.08,421.35,661.7,91.35,241.61,0.86,133.0,83190.0
1990-11-01 08:00:00+00:00,12.04,31.1,246.15,477.31,71.35,248.85,1.93,126.0,83140.0
1990-11-01 09:00:00+00:00,11.72,32.25,69.0,190.19,31.25,247.7,2.34,114.0,83120.0
1990-11-01 10:00:00+00:00,10.39,38.95,0.05,0.0,0.05,244.8,2.34,97.0,83110.0
1990-11-01 11:00:00+00:00,8.51,52.6,0.0,0.0,0.0,242.5,2.28,100.0,83130.0
1990-11-01 12:00:00+00:00,6.55,63.35,0.0,0.0,0.0,240.95,1.79,102.0,83140.0
1990-11-01 13:00:00+00:00,7.4,46.55,0.0,0.0,0.0,239.75,1.17,87.0,83120.0
1990-11-01 14:00:00+00:00,7.09,48.25,0.0,0.0,0.0,238.6,0.62,51.0,83120.0
1990-11-01 15:00:00+00:00,6.3,50.05,0.0,0.0,0.0,237.65,0.48,7.0,83120.0
1990-11-01 16:00:00+00:00,5.42,51.95,0.0,0.0,0.0,237.05,0.55,346.0,83090.0
1990-11-01 17:00:00+00:00,4.58,55.95,0.0,0.0,0.0,235.9,0.62,336.0,83060.0
1990-11-01 18:00:00+00:00,4.09,58.05,0.0,0.0,0.0,235.15,0.62,330.0,83040.0
1990-11-01 19:00:00+00:00,3.14,62.6,0.0,0.0,0.0,234.95,0.76,322.0,82990.0
1990-11-01 20:00:00+00:00,3.02,62.6,0.0,0.0,0.0,234.95,0.9,320.0,83000.0
1990-11-01 21:00:00+00:00,2.78,65.0,0.0,0.0,0.0,234.75,1.1,328.0,82980.0
1990-11-01 22:00:00+00:00,2.55,62.5,0.0,0.0,0.0,234.35,1.1,331.0,83010.0
1990-11-01 23:00:00+00:00,2.39,62.5,0.0,0.0,0.0,233.2,0.97,322.0,83050.0
1990-11-02 00:00:00+00:00,2.45,62.5,139.85,972.35,53.25,231.85,0.9,303.0,83090.0
1990-11-02 01:00:00+00:00,3.98,62.8,320.8,879.02,82.15,233.5,0.62,293.0,83150.0
1990-11-02 02:00:00+00:00,7.05,56.45,480.45,891.94,101.45,239.75,0.55,263.0,83200.0
1990-11-02 03:00:00+00:00,9.27,45.15,591.95,897.79,108.15,242.65,0.28,232.0,83200.0
1990-11-02 04:00:00+00:00,10.85,37.45,644.1,878.46,112.1,249.65,0.34,68.0,83160.0
1990-11-02 05:00:00+00:00,11.97,29.9,629.6,832.0,113.3,249.85,1.1,46.0,83090.0
1990-11-02 06:00:00+00:00,12.71,27.75,554.75,773.45,104.05,254.65,1.66,47.0,82990.0
1990-11-02 07:00:00+00:00,13.36,25.7,412.3,637.42,97.0,251.2,1.93,52.0,82940.0
1990-11-02 08:00:00+00:00,13.38,24.7,240.4,461.0,73.35,250.6,2.28,59.0,82920.0
1990-11-02 09:00:00+00:00,12.97,24.7,64.7,169.59,31.65,248.65,2.41,67.0,82930.0
1990-11-02 10:00:00+00:00,11.76,33.55,0.0,0.0,0.0,248.3,2.07,77.0,82940.0
1990-11-02 11:00:00+00:00,9.25,54.8,0.0,0.0,0.0,240.75,1.79,85.0,83020.0
1990-11-02 12:00:00+00:00,9.88,31.8,0.0,0.0,0.0,238.6,1.24,90.0,83100.0
1990-11-02 13:00:00+00:00,9.71,30.4,0.0,0.0,0.0,237.25,0.83,94.0,83140.0
1990-11-02 14:00:00+00:00,8.75,34.05,0.0,0.0,0.0,235.3,0.41,98.0,83160.0
1990-11-02 15:00:00+00:00,7.79,36.6,0.0,0.0,0.0,233.95,0.07,32.0,83190.0
1990-11-02 16:00:00+00:00,6.91,38.0,0.0,0.0,0.0,232.4,0.34,293.0,83190.0
1990-11-02 17:00:00+00:00,6.13,39.4,0.0,0.0,0.0,231.85,0.55,284.0,83170.0
1990-11-02 18:00:00+00:00,5.5,40.9,0.0,0.0,0.0,232.05,0.62,274.0,83140.0
1990-11-02 19:00:00+00:00,5.23,40.75,0.0,0.0,0.0,231.45,0.41,309.0,83100.0
1990-11-02 20:00:00+00:00,4.79,42.3,0.0,0.0,0.0,231.45,0.34,297.0,83050.0
1990-11-02 21:00:00+00:00,4.49,42.3,0.0,0.0,0.0,230.85,0.48,278.0,83010.0
1990-11-02 22:00:00+00:00,4.24,43.9,0.0,0.0,0.0,230.85,0.62,273.0,83030.0
1990-11-02 23:00:00+00:00,4.02,43.9,0.0,0.0,0.0,231.05,0.76,269.0,83040.0
1990-11-03 00:00:00+00:00,3.93,43.9,136.4,981.92,52.5,231.85,0.83,254.0,83070.0
1990-11-03 01:00:00+00:00,4.59,44.05,317.6,882.02,81.55,235.05,0.76,242.0,83090.0
1990-11-03 02:00:00+00:00,6.98,46.4,476.7,900.81,97.6,239.2,0.97,224.0,83130.0
1990-11-03 03:00:00+00:00,9.16,35.6,587.8,898.97,107.15,245.0,1.03,230.0,83090.0
1990-11-03 04:00:00+00:00,10.76,34.6,638.4,877.05,111.0,250.2,1.17,228.0,83040.0
1990-11-03 05:00:00+00:00,11.99,33.7,623.4,833.2,109.9,254.5,1.38,218.0,82940.0
1990-11-03 06:00:00+00:00,12.82,35.15,545.1,764.07,103.05,258.15,1.17,207.0,82840.0
1990-11-03 07:00:00+00:00,13.37,33.95,410.05,648.64,91.8,258.75,0.55,114.0,82760.0
1990-11-03 08:00:00+00:00,13.58,32.8,236.65,463.76,70.35,258.35,1.45,71.0,82750.0
1990-11-03 09:00:00+00:00,13.35,35.3,61.45,166.43,29.6,258.75,2.14,61.0,82770.0
1990-11-03 10:00:00+00:00,12.22,40.95,0.0,0.0,0.0,260.3,2.14,47.0,82800.0
1990-11-03 11:00:00+00:00,9.99,59.35,0.0,0.0,0.0,253.1,1.93,39.0,82860.0
1990-11-03 12:00:00+00:00,8.94,56.9,0.0,0.0,0.0,251.0,1.66,28.0,82930.0
1990-11-03 13:00:00+00:00,9.56,45.25,0.0,0.0,0.0,248.65,1.38,18.0,82960.0
1990-11-03 14:00:00+00:00,8.72,48.65,0.0,0.0,0.0,250.4,1.1,11.0,82980.0
1990-11-03 15:00:00+00:00,7.6,50.35,0.0,0.0,0.0,248.3,1.1,355.0,82990.0
1990-11-03 16:00:00+00:00,6.44,52.2,0.0,0.0,0.0,246.35,1.24,338.0,82990.0
1990-11-03 17:00:00+00:00,5.17,58.3,0.0,0.0,0.0,242.85,1.45,329.0,82990.0
1990-11-03 18:00:00+00:00,4.23,60.4,0.0,0.0,0.0,240.55,1.52,328.0,82980.0
1990-11-03 19:00:00+00:00,4.45,55.95,0.0,0.0,0.0,239.6,1.24,346.0,82970.0
1990-11-03 20:00:00+00:00,3.9,55.85,0.0,0.0,0.0,238.8,1.31,346.0,82970.0
1990-11-03 21:00:00+00:00,3.41,55.7,0.0,0.0,0.0,237.25,1.38,347.0,82970.0
1990-11-03 22:00:00+00:00,3.1,57.8,0.0,0.0,0.0,235.9,1.38,350.0,83010.0
1990-11-03 23:00:00+00:00,2.8,57.7,0.0,0.0,0.0,234.75,1.31,345.0,83070.0
1990-11-04 00:00:00+00:00,2.24,59.95,130.35,958.72,51.9,234.35,1.31,337.0,83090.0
1990-11-04 01:00:00+00:00,3.34,60.3,286.05,782.54,79.65,236.8,1.17,344.0,83190.0
1990-11-04 02:00:00+00:00,6.63,46.4,458.9,859.56,100.65,244.8,1.59,6.0,83270.0
1990-11-04 03:00:00+00:00,9.03,34.2,545.9,785.99,128.95,250.2,2.48,28.0,83300.0
1990-11-04 04:00:00+00:00,10.47,29.5,603.65,785.48,134.65,257.0,3.38,38.0,83300.0
1990-11-04 05:00:00+00:00,11.46,27.45,571.5,713.47,134.8,258.15,3.86,43.0,83230.0
1990-11-04 06:00:00+00:00,12.0,26.5,507.75,666.13,125.1,262.2,4.34,43.0,83160.0
1990-11-04 07:00:00+00:00,12.24,24.45,390.4,614.84,91.15,256.8,4.48,43.0,83110.0
1990-11-04 08:00:00+00:00,12.13,24.45,217.2,411.26,71.25,256.05,4.69,42.0,83100.0
1990-11-04 09:00:00+00:00,11.5,24.3,44.6,55.87,34.1,247.3,4.55,39.0,83150.0
1990-11-04 10:00:00+00:00,10.17,28.15,0.0,0.0,0.0,262.6,3.93,36.0,83170.0
1990-11-04 11:00:00+00:00,8.74,32.7,0.0,0.0,0.0,263.75,3.59,32.0,83250.0
1990-11-04 12:00:00+00:00,7.31,38.0,0.0,0.0,0.0,259.9,3.17,26.0,83340.0
1990-11-04 13:00:00+00:00,5.99,46.25,0.0,0.0,0.0,268.2,2.48,23.0,83410.0
1990-11-04 14:00:00+00:00,5.71,46.1,0.0,0.0,0.0,269.6,1.79,28.0,83460.0
1990-11-04 15:00:00+00:00,6.15,39.4,0.0,0.0,0.0,278.85,1.45,40.0,83440.0
1990-11-04 16:00:00+00:00,6.84,29.7,0.0,0.0,0.0,263.2,0.97,50.0,83450.0
1990-11-04 17:00:00+00:00,6.39,29.7,0.0,0.0,0.0,263.75,0.83,13.0,83430.0
1990-11-04 18:00:00+00:00,5.05,37.55,0.0,0.0,0.0,262.2,1.31,348.0,83410.0
1990-11-04 19:00:00+00:00,5.05,34.6,0.0,0.0,0.0,259.9,1.24,357.0,83380.0
1990-11-04 20:00:00+00:00,4.16,38.85,0.0,0.0,0.0,264.55,1.31,337.0,83360.0
1990-11-04 21:00:00+00:00,3.26,45.4,0.0,0.0,0.0,266.1,1.38,314.0,83350.0
1990-11-04 22:00:00+00:00,2.21,55.3,0.0,0.0,0.0,276.75,1.52,296.0,83380.0
1990-11-04 23:00:00+00:00,1.67,62.25,0.0,0.0,0.0,280.05,1.52,294.0,83430.0
1990-11-05 00:00:00+00:00,1.5,67.4,69.2,16.62,67.9,279.25,1.38,295.0,83470.0
1990-11-05 01:00:00+00:00,2.94,62.6,202.8,133.9,168.0,275.9,0.97,293.0,83520.0
1990-11-05 02:00:00+00:00,6.09,37.85,320.55,249.43,217.6,275.4,0.83,301.0,83550.0
1990-11-05 03:00:00+00:00,7.15,27.35,443.65,354.54,257.05,284.85,1.52,350.0,83540.0
1990-11-05 04:00:00+00:00,7.89,26.5,487.1,398.73,250.7,279.05,2.07,351.0,83450.0
1990-11-05 05:00:00+00:00,8.43,27.75,455.5,365.1,233.55,273.05,2.21,348.0,83350.0
1990-11-05 06:00:00+00:00,8.79,27.75,443.75,413.67,207.8,275.6,2.41,357.0,83240.0
1990-11-05 07:00:00+00:00,9.25,25.7,365.75,488.67,129.8,270.35,1.93,3.0,83190.0
1990-11-05 08:00:00+00:00,9.42,24.8,185.45,259.64,94.25,254.1,2.07,14.0,83150.0
1990-11-05 09:00:00+00:00,9.15,25.7,48.45,69.61,35.6,258.35,2.07,18.0,83160.0
1990-11-05 10:00:00+00:00,8.47,28.95,0.0,0.0,0.0,251.95,1.66,27.0,83160.0
1990-11-05 11:00:00+00:00,6.93,52.2,0.0,0.0,0.0,262.2,1.24,25.0,83210.0
1990-11-05 12:00:00+00:00,6.5,42.85,0.0,0.0,0.0,271.1,1.24,15.0,83260.0
1990-11-05 13:00:00+00:00,5.86,42.7,0.0,0.0,0.0,268.05,1.38,12.0,83290.0
1990-11-05 14:00:00+00:00,6.61,32.25,0.0,0.0,0.0,270.95,0.97,14.0,83290.0
1990-11-05 15:00:00+00:00,6.46,30.95,0.0,0.0,0.0,269.6,0.28,335.0,83330.0
1990-11-05 16:00:00+00:00,6.09,33.5,0.0,0.0,0.0,272.85,0.41,274.0,83330.0
1990-11-05 17:00:00+00:00,5.73,36.2,0.0,0.0,0.0,276.95,0.69,274.0,83320.0
1990-11-05 18:00:00+00:00,5.19,39.1,0.0,0.0,0.0,279.05,0.97,278.0,83290.0
1990-11-05 19:00:00+00:00,4.25,45.7,0.0,0.0,0.0,273.45,1.03,294.0,83290.0
1990-11-05 20:00:00+00:00,3.18,53.4,0.0,0.0,0.0,267.65,1.31,285.0,83220.0
1990-11-05 21:00:00+00:00,2.17,62.35,0.0,0.0,0.0,266.3,1.52,276.0,83210.0
1990-11-05 22:00:00+00:00,1.57,67.4,0.0,0.0,0.0,261.65,1.59,268.0,83220.0
1990-11-05 23:00:00+00:00,1.26,70.05,0.0,0.0,0.0,263.75,1.66,260.0,83230.0
1990-11-06 00:00:00+00:00,0.95,70.05,103.5,390.73,74.35,249.25,1.72,255.0,83260.0
1990-11-06 01:00:00+00:00,2.55,67.6,268.4,576.26,120.85,245.3,1.31,244.0,83300.0
1990-11-06 02:00:00+00:00,6.11,41.0,332.9,397.84,170.3,250.6,1.93,234.0,83320.0
1990-11-06 03:00:00+00:00,7.33,42.85,357.2,248.77,227.3,266.5,2.69,244.0,83290.0
1990-11-06 04:00:00+00:00,8.1,43.1,408.6,206.81,286.85,283.7,2.48,251.0,83230.0
1990-11-06 05:00:00+00:00,8.76,43.25,390.7,166.45,290.2,287.75,2.0,252.0,83150.0
1990-11-06 06:00:00+00:00,9.18,43.4,327.95,162.35,236.0,295.7,1.45,258.0,83100.0
1990-11-06 07:00:00+00:00,8.99,45.15,237.3,123.68,178.05,292.2,0.34,254.0,83120.0
1990-11-06 08:00:00+00:00,9.05,45.15,128.4,37.96,115.2,289.9,0.48,45.0,83120.0
1990-11-06 09:00:00+00:00,8.89,45.15,36.75,36.67,30.1,287.6,1.31,70.0,83110.0
1990-11-06 10:00:00+00:00,8.35,50.45,0.0,0.0,0.0,278.1,1.66,89.0,83140.0
1990-11-06 11:00:00+00:00,7.08,68.4,0.0,0.0,0.0,270.35,1.45,111.0,83180.0
1990-11-06 12:00:00+00:00,6.5,63.35,0.0,0.0,0.0,268.8,1.1,154.0,83230.0
1990-11-06 13:00:00+00:00,5.98,60.85,0.0,0.0,0.0,254.5,1.17,193.0,83250.0
1990-11-06 14:00:00+00:00,5.37,63.15,0.0,0.0,0.0,262.8,1.24,221.0,83270.0
1990-11-06 15:00:00+00:00,4.75,68.0,0.0,0.0,0.0,240.55,1.31,242.0,83270.0
1990-11-06 16:00:00+00:00,3.87,67.9,0.0,0.0,0.0,231.45,1.38,252.0,83250.0
1990-11-06 17:00:00+00:00,2.62,73.1,0.0,0.0,0.0,226.05,1.45,258.0,83230.0
1990-11-06 18:00:00+00:00,1.35,75.85,0.0,0.0,0.0,223.3,1.59,260.0,83200.0
1990-11-06 19:00:00+00:00,-0.18,81.8,0.0,0.0,0.0,221.75,1.79,257.0,83170.0
1990-11-06 20:00:00+00:00,-0.84,85.0,0.0,0.0,0.0,219.65,1.79,257.0,83120.0
1990-11-06 21:00:00+00:00,-1.13,81.7,0.0,0.0,0.0,218.1,1.72,256.0,83090.0
1990-11-06 22:00:00+00:00,-1.18,81.7,0.0,0.0,0.0,216.75,1.59,254.0,83100.0
1990-11-06 23:00:00+00:00,-1.24,81.65,0.0,0.0,0.0,216.15,1.52,253.0,83100.0
1990-11-07 00:00:00+00:00,-1.24,81.65,125.15,1051.41,50.5,216.55,1.52,255.0,83120.0
1990-11-07 01:00:00+00:00,0.89,75.75,303.35,871.9,83.45,220.9,1.03,250.0,83160.0
1990-11-07 02:00:00+00:00,4.5,62.95,462.55,898.59,98.9,229.7,0.83,225.0,83180.0
1990-11-07 03:00:00+00:00,6.83,54.3,571.85,889.68,110.95,235.3,1.03,213.0,83150.0
1990-11-07 04:00:00+00:00,8.65,50.6,623.15,874.32,112.05,240.35,1.31,208.0,83090.0
1990-11-07 05:00:00+00:00,10.14,43.7,606.85,824.31,112.5,244.8,1.52,203.0,83000.0
1990-11-07 06:00:00+00:00,11.31,39.1,527.8,749.85,106.05,248.65,1.59,196.0,82890.0
1990-11-07 07:00:00+00:00,11.79,33.55,379.65,574.88,106.4,248.3,1.59,212.0,82900.0
1990-11-07 08:00:00+00:00,11.95,28.75,221.2,441.54,69.2,248.65,1.03,213.0,82900.0
1990-11-07 09:00:00+00:00,11.75,28.6,53.3,151.25,26.35,245.0,0.34,190.0,82920.0
1990-11-07 10:00:00+00:00,10.86,42.15,0.0,0.0,0.0,241.5,0.97,74.0,82950.0
1990-11-07 11:00:00+00:00,8.46,56.8,0.0,0.0,0.0,241.15,1.59,77.0,83010.0
1990-11-07 12:00:00+00:00,7.69,52.35,0.0,0.0,0.0,239.0,1.52,81.0,83050.0
1990-11-07 13:00:00+00:00,8.15,43.1,0.0,0.0,0.0,240.95,1.17,81.0,83090.0
1990-11-07 14:00:00+00:00,7.53,46.55,0.0,0.0,0.0,237.25,0.83,72.0,83100.0
1990-11-07 15:00:00+00:00,6.75,48.25,0.0,0.0,0.0,239.0,0.62,55.0,83110.0
1990-11-07 16:00:00+00:00,5.92,50.05,0.0,0.0,0.0,233.4,0.41,29.0,83100.0
1990-11-07 17:00:00+00:00,5.09,53.9,0.0,0.0,0.0,231.25,0.34,356.0,83090.0
1990-11-07 18:00:00+00:00,4.25,58.05,0.0,0.0,0.0,229.9,0.41,347.0,83060.0
1990-11-07 19:00:00+00:00,3.23,62.6,0.0,0.0,0.0,228.55,0.55,347.0,83030.0
1990-11-07 20:00:00+00:00,2.53,65.0,0.0,0.0,0.0,233.4,0.55,0.0,83000.0
1990-11-07 21:00:00+00:00,2.2,67.5,0.0,0.0,0.0,251.6,0.69,24.0,83010.0
1990-11-07 22:00:00+00:00,2.1,67.5,0.0,0.0,0.0,272.1,0.9,33.0,83040.0
1990-11-07 23:00:00+00:00,1.9,67.5,0.0,0.0,0.0,270.15,1.03,26.0,83100.0
1990-11-08 00:00:00+00:00,1.9,70.2,58.05,46.73,54.9,284.65,1.17,17.0,83150.0
1990-11-08 01:00:00+00:00,2.27,78.95,140.15,131.05,107.6,286.35,1.45,23.0,83260.0
1990-11-08 02:00:00+00:00,4.45,65.4,273.15,229.6,181.15,290.65,2.07,32.0,83340.0
1990-11-08 03:00:00+00:00,6.28,58.55,383.25,390.49,182.55,285.45,3.03,36.0,83340.0
1990-11-08 04:00:00+00:00,7.64,52.35,467.5,444.81,209.3,283.1,3.59,34.0,83350.0
1990-11-08 05:00:00+00:00,8.79,45.0,465.05,449.31,197.4,274.6,4.21,28.0,83280.0
1990-11-08 06:00:00+00:00,9.54,37.2,390.6,355.99,191.75,273.65,4.41,29.0,83230.0
1990-11-08 07:00:00+00:00,10.33,35.85,237.7,126.79,177.9,273.85,3.79,35.0,83210.0
1990-11-08 08:00:00+00:00,10.14,33.1,143.2,140.08,95.45,287.0,3.72,37.0,83250.0
1990-11-08 09:00:00+00:00,9.69,33.0,41.85,80.52,27.75,282.35,3.66,37.0,83290.0
1990-11-08 10:00:00+00:00,8.52,36.9,0.0,0.0,0.0,258.75,2.76,35.0,83340.0
1990-11-08 11:00:00+00:00,6.68,52.2,0.0,0.0,0.0,243.45,2.21,29.0,83410.0
1990-11-08 12:00:00+00:00,5.64,51.95,0.0,0.0,0.0,245.75,1.66,28.0,83470.0
1990-11-08 13:00:00+00:00,6.44,38.0,0.0,0.0,0.0,239.6,1.1,21.0,83490.0
1990-11-08 14:00:00+00:00,6.06,39.4,0.0,0.0,0.0,235.3,0.62,359.0,83470.0
1990-11-08 15:00:00+00:00,5.41,40.9,0.0,0.0,0.0,231.65,0.55,310.0,83460.0
1990-11-08 16:00:00+00:00,4.72,44.05,0.0,0.0,0.0,227.6,0.48,280.0,83430.0
1990-11-08 17:00:00+00:00,4.09,45.7,0.0,0.0,0.0,228.35,0.69,267.0,83390.0
1990-11-08 18:00:00+00:00,3.32,47.45,0.0,0.0,0.0,227.0,0.9,266.0,83350.0
1990-11-08 19:00:00+00:00,2.04,55.3,0.0,0.0,0.0,223.9,1.17,266.0,83370.0
1990-11-08 20:00:00+00:00,1.4,57.45,0.0,0.0,0.0,223.3,1.24,258.0,83310.0
1990-11-08 21:00:00+00:00,0.41,62.0,0.0,0.0,0.0,223.5,1.38,253.0,83290.0
1990-11-08 22:00:00+00:00,-0.14,64.45,0.0,0.0,0.0,222.95,1.38,245.0,83300.0
1990-11-08 23:00:00+00:00,-0.17,67.1,0.0,0.0,0.0,222.55,1.31,236.0,83320.0
1990-11-09 00:00:00+00:00,-0.13,67.1,116.5,1067.88,48.35,221.95,1.24,230.0,83320.0
1990-11-09 01:00:00+00:00,0.94,67.3,293.35,871.13,80.3,224.0,0.97,229.0,83360.0
1990-11-09 02:00:00+00:00,4.17,58.05,441.6,828.17,113.05,228.95,1.1,219.0,83380.0
1990-11-09 03:00:00+00:00,6.39,48.25,550.65,832.6,126.1,240.55,1.38,222.0,83330.0
1990-11-09 04:00:00+00:00,8.13,48.55,610.65,857.27,116.5,243.85,1.86,224.0,83250.0
1990-11-09 05:00:00+00:00,9.6,45.25,597.8,819.31,113.0,246.95,2.28,221.0,83140.0
1990-11-09 06:00:00+00:00,10.69,43.8,521.95,750.94,105.35,248.65,2.21,218.0,83030.0
1990-11-09 07:00:00+00:00,11.3,42.3,389.5,639.85,90.0,248.1,1.72,193.0,82990.0
1990-11-09 08:00:00+00:00,11.6,40.8,216.3,438.58,68.25,248.65,1.45,174.0,83000.0
1990-11-09 09:00:00+00:00,11.41,40.8,49.4,143.5,24.7,248.1,1.31,139.0,82980.0
1990-11-09 10:00:00+00:00,10.47,49.2,0.0,0.0,0.0,245.6,1.52,101.0,83020.0
1990-11-09 11:00:00+00:00,8.1,71.25,0.0,0.0,0.0,243.85,1.66,93.0,83070.0
1990-11-09 12:00:00+00:00,7.3,65.85,0.0,0.0,0.0,242.85,1.38,92.0,83100.0
1990-11-09 13:00:00+00:00,7.66,61.1,0.0,0.0,0.0,242.3,1.1,97.0,83110.0
1990-11-09 14:00:00+00:00,6.71,63.35,0.0,0.0,0.0,240.75,0.76,108.0,83070.0
1990-11-09 15:00:00+00:00,5.74,68.2,0.0,0.0,0.0,239.0,0.55,122.0,83070.0
1990-11-09 16:00:00+00:00,4.71,70.7,0.0,0.0,0.0,237.45,0.69,124.0,83040.0
1990-11-09 17:00:00+00:00,3.81,76.15,0.0,0.0,0.0,236.1,0.9,125.0,83020.0
1990-11-09 18:00:00+00:00,2.99,79.1,0.0,0.0,0.0,234.35,0.83,124.0,82990.0
1990-11-09 19:00:00+00:00,2.4,79.0,0.0,0.0,0.0,233.0,0.83,119.0,82980.0
1990-11-09 20:00:00+00:00,1.54,85.25,0.0,0.0,0.0,233.6,1.1,124.0,82960.0
1990-11-09 21:00:00+00:00,1.06,88.55,0.0,0.0,0.0,235.5,1.03,125.0,82890.0
1990-11-09 22:00:00+00:00,0.77,92.0,0.0,0.0,0.0,238.8,0.97,124.0,82910.0
1990-11-09 23:00:00+00:00,0.73,92.0,0.0,0.0,0.0,247.9,0.83,124.0,82890.0
1990-11-10 00:00:00+00:00,0.66,95.65,87.9,624.96,50.25,244.6,0.76,124.0,82910.0
1990-11-10 01:00:00+00:00,1.54,92.05,204.4,467.04,91.95,265.25,0.62,130.0,82950.0
1990-11-10 02:00:00+00:00,3.58,85.45,341.5,558.72,122.05,269.95,0.97,138.0,82980.0
1990-11-10 03:00:00+00:00,5.67,76.5,439.8,571.67,150.6,275.2,1.1,142.0,82950.0
1990-11-10 04:00:00+00:00,7.61,68.5,547.2,683.77,155.8,264.55,1.17,132.0,82900.0
1990-11-10 05:00:00+00:00,9.61,59.25,578.35,776.53,121.9,269.95,1.52,125.0,82790.0
1990-11-10 06:00:00+00:00,11.23,55.3,506.7,734.63,101.9,262.4,2.0,111.0,82680.0
1990-11-10 07:00:00+00:00,12.83,49.7,365.45,558.89,105.8,264.15,2.69,90.0,82640.0
1990-11-10 08:00:00+00:00,13.06,49.85,204.95,404.66,69.65,268.2,3.79,65.0,82660.0
1990-11-10 09:00:00+00:00,12.39,53.5,45.25,117.3,25.4,264.15,4.62,50.0,82720.0
1990-11-10 10:00:00+00:00,10.42,57.3,0.0,0.0,0.0,260.65,4.9,37.0,82820.0
1990-11-10 11:00:00+00:00,8.35,61.2,0.0,0.0,0.0,261.05,5.38,26.0,82930.0
1990-11-10 12:00:00+00:00,6.65,58.65,0.0,0.0,0.0,269.6,5.79,17.0,83030.0
1990-11-10 13:00:00+00:00,5.31,53.9,0.0,0.0,0.0,275.0,5.72,10.0,83130.0
1990-11-10 14:00:00+00:00,4.56,47.7,0.0,0.0,0.0,296.1,5.17,11.0,83190.0
1990-11-10 15:00:00+00:00,4.1,49.55,0.0,0.0,0.0,299.95,3.66,20.0,83230.0
1990-11-10 16:00:00+00:00,3.81,51.4,0.0,0.0,0.0,301.5,2.9,29.0,83230.0
1990-11-10 17:00:00+00:00,3.54,53.5,0.0,0.0,0.0,300.55,2.34,33.0,83230.0
1990-11-10 18:00:00+00:00,3.18,55.55,0.0,0.0,0.0,292.8,2.21,34.0,83230.0
1990-11-10 19:00:00+00:00,2.89,62.6,0.0,0.0,0.0,302.1,1.59,49.0,83250.0
1990-11-10 20:00:00+00:00,2.39,67.6,0.0,0.0,0.0,286.6,1.03,45.0,83210.0
1990-11-10 21:00:00+00:00,2.91,51.3,0.0,0.0,0.0,274.6,0.55,41.0,83190.0
1990-11-10 22:00:00+00:00,2.73,53.25,0.0,0.0,0.0,282.95,0.48,23.0,83180.0
1990-11-10 23:00:00+00:00,1.93,62.35,0.0,0.0,0.0,276.35,0.97,5.0,83220.0
1990-11-11 00:00:00+00:00,1.38,72.95,64.0,488.68,36.3,285.85,1.17,5.0,83230.0
1990-11-11 01:00:00+00:00,2.51,70.3,191.35,412.25,93.65,282.65,1.17,18.0,83290.0
1990-11-11 02:00:00+00:00,3.86,47.6,305.4,395.91,151.45,263.6,1.24,30.0,83340.0
1990-11-11 03:00:00+00:00,4.86,46.0,376.2,490.13,130.2,274.2,1.17,55.0,83300.0
1990-11-11 04:00:00+00:00,5.8,46.1,455.25,550.36,142.4,269.2,0.97,99.0,83240.0
1990-11-11 05:00:00+00:00,6.87,46.4,509.25,662.72,122.25,270.35,1.17,141.0,83120.0
1990-11-11 06:00:00+00:00,7.89,48.55,452.3,576.77,136.6,260.1,1.59,161.0,82980.0
1990-11-11 07:00:00+00:00,8.86,50.6,346.0,502.1,114.45,265.9,1.66,169.0,82820.0
1990-11-11 08:00:00+00:00,9.32,50.7,168.35,211.94,98.15,257.95,1.93,150.0,82760.0
1990-11-11 09:00:00+00:00,9.25,52.7,32.75,26.14,28.4,267.45,1.86,127.0,82710.0
1990-11-11 10:00:00+00:00,8.54,56.8,0.0,0.0,0.0,270.75,1.52,80.0,82710.0
1990-11-11 11:00:00+00:00,7.56,65.95,0.0,0.0,0.0,275.2,1.66,70.0,82750.0
1990-11-11 12:00:00+00:00,6.22,76.55,0.0,0.0,0.0,269.6,1.59,69.0,82760.0
1990-11-11 13:00:00+00:00,5.42,76.5,0.0,0.0,0.0,267.65,1.38,69.0,82760.0
1990-11-11 14:00:00+00:00,5.62,73.65,0.0,0.0,0.0,259.9,1.1,62.0,82790.0
1990-11-11 15:00:00+00:00,5.5,73.65,0.0,0.0,0.0,262.4,1.03,78.0,82780.0
1990-11-11 16:00:00+00:00,5.13,76.4,0.0,0.0,0.0,282.15,1.03,86.0,82770.0
1990-11-11 17:00:00+00:00,4.75,82.35,0.0,0.0,0.0,278.5,1.03,64.0,82750.0
1990-11-11 18:00:00+00:00,3.87,85.5,0.0,0.0,0.0,293.95,1.31,44.0,82760.0
1990-11-11 19:00:00+00:00,3.18,92.15,0.0,0.0,0.0,295.3,1.59,56.0,82700.0
1990-11-11 20:00:00+00:00,3.23,95.7,0.0,0.0,0.0,306.35,1.72,54.0,82660.0
1990-11-11 21:00:00+00:00,3.67,95.7,0.0,0.0,0.0,311.75,2.21,36.0,82650.0
1990-11-11 22:00:00+00:00,4.26,92.2,0.0,0.0,0.0,326.3,3.03,28.0,82700.0
1990-11-11 23:00:00+00:00,4.09,82.3,0.0,0.0,0.0,318.15,4.62,20.0,82770.0
1990-11-12 00:00:00+00:00,3.25,67.7,15.65,21.64,14.5,322.05,6.07,17.0,82890.0
1990-11-12 01:00:00+00:00,1.95,53.15,49.45,2.36,48.9,317.5,6.55,15.0,83020.0
1990-11-12 02:00:00+00:00,1.35,46.9,129.7,61.57,106.0,305.75,6.55,14.0,83120.0
1990-11-12 03:00:00+00:00,1.55,41.45,204.1,84.75,161.9,302.85,6.69,14.0,83170.0
1990-11-12 04:00:00+00:00,2.02,39.9,183.4,30.38,166.25,296.85,7.03,13.0,83200.0
1990-11-12 05:00:00+00:00,2.08,39.9,267.55,128.76,192.85,300.15,6.41,16.0,83160.0
1990-11-12 06:00:00+00:00,2.37,41.7,179.85,64.46,144.8,282.95,6.07,15.0,83150.0
1990-11-12 07:00:00+00:00,1.72,46.9,124.7,20.31,115.4,291.05,6.28,16.0,83140.0
1990-11-12 08:00:00+00:00,1.33,48.85,67.55,0.0,67.55,285.85,5.72,19.0,83170.0
1990-11-12 09:00:00+00:00,0.94,52.85,15.65,0.0,15.65,289.1,4.76,21.0,83250.0
1990-11-12 10:00:00+00:00,0.45,57.2,0.0,0.0,0.0,288.15,3.79,28.0,83300.0
1990-11-12 11:00:00+00:00,0.13,61.9,0.0,0.0,0.0,282.55,2.97,36.0,83360.0
1990-11-12 12:00:00+00:00,-0.06,61.9,0.0,0.0,0.0,275.6,2.14,46.0,83420.0
1990-11-12 13:00:00+00:00,-0.12,61.9,0.0,0.0,0.0,286.4,1.66,55.0,83430.0
1990-11-12 14:00:00+00:00,-0.25,64.35,0.0,0.0,0.0,280.05,1.03,63.0,83470.0
1990-11-12 15:00:00+00:00,-0.38,69.75,0.0,0.0,0.0,277.1,0.34,79.0,83500.0
1990-11-12 16:00:00+00:00,-0.51,75.55,0.0,0.0,0.0,276.95,0.41,220.0,83510.0
1990-11-12 17:00:00+00:00,-0.52,67.0,0.0,0.0,0.0,275.75,1.03,232.0,83480.0
1990-11-12 18:00:00+00:00,-0.77,72.5,0.0,0.0,0.0,269.2,1.24,235.0,83460.0
1990-11-12 19:00:00+00:00,-1.68,78.45,0.0,0.0,0.0,235.15,0.97,248.0,83380.0
1990-11-12 20:00:00+00:00,-1.65,72.4,0.0,0.0,0.0,228.95,0.76,253.0,83320.0
1990-11-12 21:00:00+00:00,-1.9,75.3,0.0,0.0,0.0,228.55,0.76,245.0,83280.0
1990-11-12 22:00:00+00:00,-2.0,75.3,0.0,0.0,0.0,223.5,0.62,222.0,83260.0
1990-11-12 23:00:00+00:00,-2.25,78.3,0.0,0.0,0.0,221.95,0.34,204.0,83260.0
1990-11-13 00:00:00+00:00,-2.44,78.3,89.9,818.4,49.3,219.45,0.21,218.0,83300.0
1990-11-13 01:00:00+00:00,-1.41,72.4,237.9,577.33,105.4,225.0,0.34,152.0,83330.0
1990-11-13 02:00:00+00:00,0.21,61.9,357.8,518.24,160.3,228.75,0.83,139.0,83340.0
1990-11-13 03:00:00+00:00,1.36,55.2,501.3,684.24,163.25,235.7,0.97,145.0,83300.0
1990-11-13 04:00:00+00:00,2.65,51.15,504.35,519.73,212.95,242.5,0.97,141.0,83230.0
1990-11-13 05:00:00+00:00,3.56,47.45,463.15,479.24,186.9,251.0,0.9,126.0,83120.0
1990-11-13 06:00:00+00:00,4.21,45.7,422.85,422.96,194.35,246.95,0.97,126.0,83020.0
1990-11-13 07:00:00+00:00,5.37,42.55,273.75,294.68,139.8,257.6,1.86,79.0,82920.0
1990-11-13 08:00:00+00:00,5.57,44.3,148.7,195.7,85.05,268.8,2.41,73.0,82900.0
1990-11-13 09:00:00+00:00,5.43,44.3,27.4,32.9,22.1,262.05,2.83,62.0,82900.0
1990-11-13 10:00:00+00:00,4.91,47.85,0.0,0.0,0.0,270.95,2.83,46.0,82950.0
1990-11-13 11:00:00+00:00,4.34,49.65,0.0,0.0,0.0,274.4,2.97,33.0,82990.0
1990-11-13 12:00:00+00:00,3.72,53.5,0.0,0.0,0.0,272.5,2.97,27.0,83050.0
1990-11-13 13:00:00+00:00,3.05,55.55,0.0,0.0,0.0,269.2,2.9,21.0,83090.0
1990-11-13 14:00:00+00:00,2.35,57.7,0.0,0.0,0.0,267.45,2.62,17.0,83120.0
1990-11-13 15:00:00+00:00,1.63,67.4,0.0,0.0,0.0,271.3,1.93,14.0,83140.0
1990-11-13 16:00:00+00:00,1.26,70.05,0.0,0.0,0.0,270.95,1.24,2.0,83130.0
1990-11-13 17:00:00+00:00,0.77,69.95,0.0,0.0,0.0,258.95,1.24,339.0,83100.0
1990-11-13 18:00:00+00:00,0.51,69.95,0.0,0.0,0.0,265.3,1.17,334.0,83050.0
1990-11-13 19:00:00+00:00,0.18,67.1,0.0,0.0,0.0,238.8,1.03,314.0,82960.0
1990-11-13 20:00:00+00:00,-0.1,67.1,0.0,0.0,0.0,236.3,0.97,302.0,82870.0
1990-11-13 21:00:00+00:00,-1.05,72.5,0.0,0.0,0.0,240.95,1.24,300.0,82860.0
1990-11-13 22:00:00+00:00,-0.79,72.5,0.0,0.0,0.0,245.2,1.03,293.0,82880.0
1990-11-13 23:00:00+00:00,-0.56,67.0,0.0,0.0,0.0,235.7,0.9,283.0,82900.0
1990-11-14 00:00:00+00:00,-0.39,67.0,90.5,873.1,50.25,241.15,0.83,256.0,82910.0
1990-11-14 01:00:00+00:00,0.08,69.85,256.65,736.06,90.45,231.95,0.83,254.0,82950.0
1990-11-14 02:00:00+00:00,2.61,53.25,382.8,657.23,134.85,233.4,1.03,245.0,83000.0
1990-11-14 03:00:00+00:00,4.06,49.55,444.5,586.51,157.0,237.25,1.1,269.0,82990.0
1990-11-14 04:00:00+00:00,5.25,47.85,490.85,563.68,176.95,261.85,0.97,303.0,82940.0
1990-11-14 05:00:00+00:00,6.4,44.6,448.1,448.26,191.35,269.95,1.45,355.0,82870.0
1990-11-14 06:00:00+00:00,7.21,46.4,393.1,409.38,173.35,272.5,2.62,17.0,82810.0
1990-11-14 07:00:00+00:00,7.62,41.3,300.4,445.51,99.3,271.9,4.28,25.0,82790.0
1990-11-14 08:00:00+00:00,7.38,36.6,176.5,305.84,77.9,267.25,5.03,26.0,82830.0
1990-11-14 09:00:00+00:00,6.58,33.6,36.15,83.23,22.95,246.75,5.31,26.0,82890.0
1990-11-14 10:00:00+00:00,5.36,32.0,0.0,0.0,0.0,244.05,4.55,28.0,82980.0
1990-11-14 11:00:00+00:00,4.15,31.55,0.0,0.0,0.0,241.5,4.34,30.0,83080.0
1990-11-14 12:00:00+00:00,3.02,34.0,0.0,0.0,0.0,234.75,3.93,29.0,83180.0
1990-11-14 13:00:00+00:00,1.94,38.25,0.0,0.0,0.0,230.1,3.31,33.0,83250.0
1990-11-14 14:00:00+00:00,0.89,46.75,0.0,0.0,0.0,230.5,2.69,35.0,83270.0
1990-11-14 15:00:00+00:00,0.13,57.1,0.0,0.0,0.0,247.3,2.0,41.0,83260.0
1990-11-14 16:00:00+00:00,0.26,50.5,0.0,0.0,0.0,239.75,1.38,45.0,83250.0
1990-11-14 17:00:00+00:00,0.73,41.15,0.0,0.0,0.0,236.65,0.9,31.0,83230.0
1990-11-14 18:00:00+00:00,0.41,41.15,0.0,0.0,0.0,240.35,0.69,3.0,83210.0
1990-11-14 19:00:00+00:00,0.19,42.75,0.0,0.0,0.0,251.75,0.69,10.0,83190.0
1990-11-14 20:00:00+00:00,-0.06,44.6,0.0,0.0,0.0,254.5,0.69,0.0,83150.0
1990-11-14 21:00:00+00:00,-0.29,46.35,0.0,0.0,0.0,251.2,0.55,0.0,83120.0
1990-11-14 22:00:00+00:00,-0.48,46.35,0.0,0.0,0.0,245.75,0.55,14.0,83120.0
1990-11-14 23:00:00+00:00,-0.77,48.15,0.0,0.0,0.0,247.7,0.69,9.0,83120.0
1990-11-15 00:00:00+00:00,-0.82,48.15,74.2,601.94,48.55,250.05,0.62,20.0,83150.0
1990-11-15 01:00:00+00:00,-0.27,44.45,219.55,451.11,119.35,240.45,0.34,43.0,83160.0
1990-11-15 02:00:00+00:00,1.04,37.95,385.35,630.56,149.85,233.95,0.62,112.0,83180.0
1990-11-15 03:00:00+00:00,2.45,33.9,531.55,868.87,108.95,237.05,0.97,146.0,83150.0
1990-11-15 04:00:00+00:00,3.84,31.55,573.85,825.13,117.45,229.9,1.45,161.0,83080.0
1990-11-15 05:00:00+00:00,4.94,31.85,562.4,776.75,120.3,227.2,1.66,162.0,82960.0
1990-11-15 06:00:00+00:00,5.75,32.0,485.05,703.2,109.95,231.65,1.52,154.0,82850.0
1990-11-15 07:00:00+00:00,6.44,32.25,346.55,559.11,95.9,236.5,1.59,104.0,82770.0
1990-11-15 08:00:00+00:00,6.64,32.25,184.15,346.96,73.25,233.0,1.93,81.0,82780.0
1990-11-15 09:00:00+00:00,6.38,33.6,37.75,103.73,21.55,232.8,2.62,69.0,82770.0
1990-11-15 10:00:00+00:00,5.53,37.7,0.0,0.0,0.0,234.95,2.55,61.0,82840.0
1990-11-15 11:00:00+00:00,4.37,44.05,0.0,0.0,0.0,230.85,2.41,51.0,82890.0
1990-11-15 12:00:00+00:00,2.93,53.4,0.0,0.0,0.0,228.35,2.28,37.0,82950.0
1990-11-15 13:00:00+00:00,1.54,59.8,0.0,0.0,0.0,223.3,2.14,22.0,82960.0
1990-11-15 14:00:00+00:00,0.9,57.35,0.0,0.0,0.0,223.5,2.0,13.0,82980.0
1990-11-15 15:00:00+00:00,0.71,57.2,0.0,0.0,0.0,229.5,1.72,13.0,83010.0
1990-11-15 16:00:00+00:00,1.0,50.75,0.0,0.0,0.0,225.65,1.45,13.0,83000.0
1990-11-15 17:00:00+00:00,0.86,50.75,0.0,0.0,0.0,224.65,1.17,11.0,82970.0
1990-11-15 18:00:00+00:00,0.38,52.75,0.0,0.0,0.0,223.5,1.17,8.0,82940.0
1990-11-15 19:00:00+00:00,-0.31,54.7,0.0,0.0,0.0,227.75,1.38,4.0,82920.0
1990-11-15 20:00:00+00:00,-1.05,56.85,0.0,0.0,0.0,230.5,1.59,11.0,82910.0
1990-11-15 21:00:00+00:00,-1.1,56.85,0.0,0.0,0.0,245.95,1.59,13.0,82890.0
1990-11-15 22:00:00+00:00,-0.9,56.85,0.0,0.0,0.0,254.85,1.52,16.0,82940.0
1990-11-15 23:00:00+00:00,-0.78,59.2,0.0,0.0,0.0,277.5,1.52,21.0,82970.0
1990-11-16 00:00:00+00:00,-0.85,61.65,36.15,0.0,36.15,282.55,1.72,21.0,83020.0
1990-11-16 01:00:00+00:00,-0.03,59.45,117.7,132.74,88.7,283.8,2.07,22.0,83080.0
1990-11-16 02:00:00+00:00,1.4,46.9,177.2,54.23,157.15,285.05,2.62,30.0,83130.0
1990-11-16 03:00:00+00:00,2.02,45.15,218.7,131.99,155.0,291.65,3.17,37.0,83140.0
1990-11-16 04:00:00+00:00,2.34,45.3,226.05,46.68,200.4,288.15,3.72,39.0,83120.0
1990-11-16 05:00:00+00:00,2.5,47.15,283.95,125.34,213.05,287.4,3.93,40.0,83080.0
1990-11-16 06:00:00+00:00,2.81,45.4,310.05,250.98,177.0,284.85,4.14,41.0,83000.0
1990-11-16 07:00:00+00:00,3.07,45.4,161.15,77.36,126.7,268.05,4.83,41.0,82960.0
1990-11-16 08:00:00+00:00,2.53,47.15,68.8,44.64,54.65,278.85,5.03,40.0,82970.0
1990-11-16 09:00:00+00:00,1.81,49.0,11.75,3.57,11.2,283.5,4.97,40.0,83020.0
1990-11-16 10:00:00+00:00,1.06,52.85,0.0,0.0,0.0,284.1,4.41,41.0,83100.0
1990-11-16 11:00:00+00:00,0.44,57.2,0.0,0.0,0.0,285.05,4.14,40.0,83200.0
1990-11-16 12:00:00+00:00,-0.16,61.9,0.0,0.0,0.0,280.4,3.72,42.0,83310.0
1990-11-16 13:00:00+00:00,-0.74,66.9,0.0,0.0,0.0,273.65,2.69,47.0,83360.0
1990-11-16 14:00:00+00:00,-1.13,69.65,0.0,0.0,0.0,276.75,2.0,54.0,83420.0
1990-11-16 15:00:00+00:00,-1.45,75.35,0.0,0.0,0.0,274.2,1.31,75.0,83450.0
1990-11-16 16:00:00+00:00,-1.68,78.45,0.0,0.0,0.0,273.25,0.97,90.0,83480.0
1990-11-16 17:00:00+00:00,-1.87,84.85,0.0,0.0,0.0,273.65,0.69,94.0,83490.0
1990-11-16 18:00:00+00:00,-1.95,81.55,0.0,0.0,0.0,275.95,0.83,106.0,83490.0
1990-11-16 19:00:00+00:00,-2.1,78.35,0.0,0.0,0.0,269.95,1.17,123.0,83440.0
1990-11-16 20:00:00+00:00,-2.27,84.85,0.0,0.0,0.0,266.3,0.9,142.0,83420.0
1990-11-16 21:00:00+00:00,-2.2,78.35,0.0,0.0,0.0,276.15,0.83,161.0,83390.0
1990-11-16 22:00:00+00:00,-2.42,81.5,0.0,0.0,0.0,260.3,0.55,181.0,83420.0
1990-11-16 23:00:00+00:00,-2.38,78.3,0.0,0.0,0.0,257.0,0.41,196.0,83430.0
1990-11-17 00:00:00+00:00,-2.46,78.3,49.05,0.0,49.05,245.4,0.14,242.0,83470.0
1990-11-17 01:00:00+00:00,-2.13,78.35,191.1,370.49,111.5,244.7,0.07,342.0,83520.0
1990-11-17 02:00:00+00:00,-1.32,69.55,316.25,460.1,147.85,243.05,0.28,49.0,83580.0
1990-11-17 03:00:00+00:00,-0.25,64.35,326.4,189.29,235.75,250.6,1.45,33.0,83590.0
1990-11-17 04:00:00+00:00,0.63,54.95,337.65,148.86,256.4,275.2,2.55,27.0,83560.0
1990-11-17 05:00:00+00:00,1.21,52.85,319.6,133.41,244.6,278.5,2.9,29.0,83470.0
1990-11-17 06:00:00+00:00,1.6,48.85,331.55,259.25,194.95,283.3,3.31,33.0,83410.0
1990-11-17 07:00:00+00:00,1.68,48.85,219.3,165.57,146.05,267.65,4.0,32.0,83360.0
1990-11-17 08:00:00+00:00,1.47,46.9,112.4,70.93,90.1,262.4,4.34,33.0,83380.0
1990-11-17 09:00:00+00:00,0.94,44.85,28.75,28.69,24.4,271.7,4.83,34.0,83400.0
1990-11-17 10:00:00+00:00,0.05,46.5,0.0,0.0,0.0,249.45,4.28,36.0,83470.0
1990-11-17 11:00:00+00:00,-0.68,48.3,0.0,0.0,0.0,239.75,3.93,40.0,83550.0
1990-11-17 12:00:00+00:00,-1.35,52.2,0.0,0.0,0.0,230.1,3.17,42.0,83610.0
1990-11-17 13:00:00+00:00,-2.0,54.3,0.0,0.0,0.0,223.5,2.48,47.0,83650.0
1990-11-17 14:00:00+00:00,-2.76,58.75,0.0,0.0,0.0,217.3,2.07,50.0,83700.0
1990-11-17 15:00:00+00:00,-3.27,56.2,0.0,0.0,0.0,219.45,2.07,46.0,83740.0
1990-11-17 16:00:00+00:00,-3.59,51.65,0.0,0.0,0.0,223.5,2.0,41.0,83750.0
1990-11-17 17:00:00+00:00,-4.07,47.45,0.0,0.0,0.0,219.45,1.86,42.0,83740.0
1990-11-17 18:00:00+00:00,-4.63,47.35,0.0,0.0,0.0,213.25,1.59,44.0,83740.0
1990-11-17 19:00:00+00:00,-4.82,45.2,0.0,0.0,0.0,207.65,1.1,53.0,83720.0
1990-11-17 20:00:00+00:00,-4.6,41.6,0.0,0.0,0.0,209.2,0.69,40.0,83710.0
1990-11-17 21:00:00+00:00,-4.85,43.3,0.0,0.0,0.0,209.75,0.55,6.0,83680.0
1990-11-17 22:00:00+00:00,-5.32,45.05,0.0,0.0,0.0,199.7,0.69,338.0,83690.0
1990-11-17 23:00:00+00:00,-5.97,46.9,0.0,0.0,0.0,191.2,0.83,341.0,83700.0
1990-11-18 00:00:00+00:00,-6.42,48.85,41.35,0.0,41.35,187.3,0.83,347.0,83720.0
1990-11-18 01:00:00+00:00,-5.79,46.9,266.15,896.27,76.8,185.5,0.48,345.0,83760.0
1990-11-18 02:00:00+00:00,-3.84,38.3,425.2,909.91,95.5,188.1,0.21,42.0,83790.0
1990-11-18 03:00:00+00:00,-2.43,38.6,538.0,909.03,106.0,191.4,0.14,194.0,83760.0
1990-11-18 04:00:00+00:00,-1.16,37.4,590.5,884.75,110.75,194.7,0.28,235.0,83720.0
1990-11-18 05:00:00+00:00,-0.12,37.7,578.85,842.88,107.85,197.2,0.0,337.0,83620.0
1990-11-18 06:00:00+00:00,0.71,37.8,496.35,749.73,103.65,200.1,0.76,53.0,83520.0
1990-11-18 07:00:00+00:00,1.43,36.55,360.05,599.78,96.4,204.15,2.48,51.0,83470.0
1990-11-18 08:00:00+00:00,1.48,35.05,188.55,366.12,74.35,204.55,2.83,51.0,83520.0
1990-11-18 09:00:00+00:00,0.95,34.9,35.4,81.93,23.15,204.15,2.9,49.0,83560.0
1990-11-18 10:00:00+00:00,-0.01,37.7,0.0,0.0,0.0,202.05,2.34,51.0,83650.0
1990-11-18 11:00:00+00:00,-0.89,42.45,0.0,0.0,0.0,207.05,2.0,50.0,83710.0
1990-11-18 12:00:00+00:00,-2.06,56.6,0.0,0.0,0.0,210.55,1.59,47.0,83780.0
1990-11-18 13:00:00+00:00,-2.67,49.8,0.0,0.0,0.0,200.1,1.1,36.0,83810.0
1990-11-18 14:00:00+00:00,-2.56,40.3,0.0,0.0,0.0,195.25,0.83,21.0,83850.0
1990-11-18 15:00:00+00:00,-3.06,41.9,0.0,0.0,0.0,192.55,0.69,355.0,83870.0
1990-11-18 16:00:00+00:00,-3.61,43.6,0.0,0.0,0.0,187.7,0.69,320.0,83890.0
1990-11-18 17:00:00+00:00,-4.26,45.35,0.0,0.0,0.0,187.15,0.83,296.0,83850.0
1990-11-18 18:00:00+00:00,-4.82,47.2,0.0,0.0,0.0,187.7,0.9,284.0,83850.0
1990-11-18 19:00:00+00:00,-4.98,47.2,0.0,0.0,0.0,187.3,0.9,288.0,83840.0
1990-11-18 20:00:00+00:00,-5.4,49.1,0.0,0.0,0.0,188.1,0.97,285.0,83830.0
1990-11-18 21:00:00+00:00,-5.85,51.15,0.0,0.0,0.0,187.7,1.03,286.0,83790.0
1990-11-18 22:00:00+00:00,-6.1,53.35,0.0,0.0,0.0,187.9,0.97,283.0,83780.0
1990-11-18 23:00:00+00:00,-6.31,55.55,0.0,0.0,0.0,187.5,1.03,278.0,83810.0
1990-11-19 00:00:00+00:00,-6.72,55.55,39.9,0.0,39.9,186.95,1.17,271.0,83800.0
1990-11-19 01:00:00+00:00,-5.73,51.25,263.9,909.17,75.05,188.8,0.97,263.0,83820.0
1990-11-19 02:00:00+00:00,-2.15,40.4,422.9,919.24,93.15,192.75,0.83,239.0,83840.0
1990-11-19 03:00:00+00:00,0.28,37.7,535.1,915.45,103.35,197.95,0.97,215.0,83790.0
1990-11-19 04:00:00+00:00,1.92,35.2,586.7,889.57,107.45,203.2,1.1,206.0,83690.0
1990-11-19 05:00:00+00:00,3.14,35.45,572.65,839.61,106.25,207.45,1.24,188.0,83560.0
1990-11-19 06:00:00+00:00,4.17,34.3,495.1,759.2,99.75,211.5,1.31,167.0,83430.0
1990-11-19 07:00:00+00:00,4.79,34.45,362.15,630.53,86.7,213.85,1.45,162.0,83370.0
1990-11-19 08:00:00+00:00,5.12,34.6,192.25,414.48,63.95,215.0,1.66,141.0,83330.0
1990-11-19 09:00:00+00:00,4.97,34.6,36.0,113.23,19.3,213.85,1.72,128.0,83290.0
1990-11-19 10:00:00+00:00,3.97,42.15,0.0,0.0,0.0,211.7,1.45,85.0,83300.0
1990-11-19 11:00:00+00:00,1.83,59.95,0.0,0.0,0.0,210.95,1.38,68.0,83330.0
1990-11-19 12:00:00+00:00,1.9,47.05,0.0,0.0,0.0,209.95,1.03,64.0,83340.0
1990-11-19 13:00:00+00:00,1.46,46.9,0.0,0.0,0.0,209.0,0.69,63.0,83340.0
1990-11-19 14:00:00+00:00,0.72,52.75,0.0,0.0,0.0,208.05,0.34,48.0,83360.0
1990-11-19 15:00:00+00:00,0.03,54.8,0.0,0.0,0.0,206.85,0.21,38.0,83360.0
1990-11-19 16:00:00+00:00,-0.51,56.95,0.0,0.0,0.0,206.1,0.07,81.0,83340.0
1990-11-19 17:00:00+00:00,-0.97,59.2,0.0,0.0,0.0,204.95,0.07,118.0,83290.0
1990-11-19 18:00:00+00:00,-1.39,61.55,0.0,0.0,0.0,205.7,0.14,131.0,83260.0
1990-11-19 19:00:00+00:00,-1.61,61.55,0.0,0.0,0.0,218.1,0.07,69.0,83190.0
1990-11-19 20:00:00+00:00,-1.95,64.0,0.0,0.0,0.0,215.2,0.21,73.0,83160.0
1990-11-19 21:00:00+00:00,-2.24,66.6,0.0,0.0,0.0,216.15,0.21,80.0,83150.0
1990-11-19 22:00:00+00:00,-2.5,66.6,0.0,0.0,0.0,223.7,0.48,86.0,83120.0
1990-11-19 23:00:00+00:00,-2.79,69.25,0.0,0.0,0.0,220.05,0.41,82.0,83130.0
1990-11-20 00:00:00+00:00,-3.07,69.25,43.3,0.0,43.3,213.45,0.07,59.0,83140.0
1990-11-20 01:00:00+00:00,-2.96,69.25,246.4,815.59,79.85,211.45,0.14,332.0,83170.0
1990-11-20 02:00:00+00:00,-0.79,64.25,398.6,836.28,101.6,215.2,0.34,62.0,83190.0
1990-11-20 03:00:00+00:00,1.16,57.35,515.05,877.42,104.35,218.3,0.83,76.0,83170.0
1990-11-20 04:00:00+00:00,2.73,51.15,566.75,857.91,107.5,223.15,1.24,80.0,83140.0
1990-11-20 05:00:00+00:00,4.01,47.6,549.9,803.78,106.0,226.2,1.66,79.0,83040.0
1990-11-20 06:00:00+00:00,5.02,46.0,480.9,738.43,98.55,228.95,2.21,78.0,82940.0
1990-11-20 07:00:00+00:00,5.55,44.3,351.4,613.16,85.15,227.4,2.41,81.0,82890.0
1990-11-20 08:00:00+00:00,5.76,44.3,186.75,407.62,61.5,227.4,2.83,77.0,82890.0
1990-11-20 09:00:00+00:00,5.39,46.1,34.15,107.51,18.5,225.45,3.03,74.0,82920.0
1990-11-20 10:00:00+00:00,4.27,53.65,0.0,0.0,0.0,222.15,2.34,64.0,82980.0
1990-11-20 11:00:00+00:00,2.77,67.6,0.0,0.0,0.0,223.15,1.93,50.0,83030.0
1990-11-20 12:00:00+00:00,1.55,70.1,0.0,0.0,0.0,224.65,1.59,30.0,83100.0
1990-11-20 13:00:00+00:00,1.76,62.25,0.0,0.0,0.0,227.6,1.31,22.0,83130.0
1990-11-20 14:00:00+00:00,1.5,62.25,0.0,0.0,0.0,232.4,0.9,17.0,83160.0
1990-11-20 15:00:00+00:00,0.74,64.55,0.0,0.0,0.0,231.65,0.76,6.0,83190.0
1990-11-20 16:00:00+00:00,0.11,67.1,0.0,0.0,0.0,239.2,0.76,5.0,83170.0
1990-11-20 17:00:00+00:00,-0.38,69.75,0.0,0.0,0.0,239.6,0.83,17.0,83160.0
1990-11-20 18:00:00+00:00,-0.68,69.75,0.0,0.0,0.0,240.75,0.69,26.0,83110.0
1990-11-20 19:00:00+00:00,-1.16,69.65,0.0,0.0,0.0,233.0,0.76,44.0,83030.0
1990-11-20 20:00:00+00:00,-1.12,69.65,0.0,0.0,0.0,222.55,0.34,47.0,83050.0
1990-11-20 21:00:00+00:00,-1.42,72.4,0.0,0.0,0.0,229.9,0.55,51.0,82990.0
1990-11-20 22:00:00+00:00,-1.56,72.4,0.0,0.0,0.0,230.3,0.55,66.0,82980.0
1990-11-20 23:00:00+00:00,-1.67,75.35,0.0,0.0,0.0,237.05,0.62,78.0,82990.0
1990-11-21 00:00:00+00:00,-1.87,78.35,46.65,0.0,46.65,231.25,0.48,73.0,82990.0
1990-11-21 01:00:00+00:00,-1.42,78.45,200.8,516.09,97.2,233.5,0.41,59.0,83030.0
1990-11-21 02:00:00+00:00,0.17,72.65,355.15,630.51,133.45,241.9,0.76,90.0,83050.0
1990-11-21 03:00:00+00:00,1.79,67.4,417.95,480.32,194.8,237.05,1.17,104.0,83040.0
1990-11-21 04:00:00+00:00,2.95,62.6,403.6,336.21,224.75,252.75,1.45,122.0,82990.0
1990-11-21 05:00:00+00:00,4.04,60.4,368.25,283.73,212.45,270.55,1.45,130.0,82900.0
1990-11-21 06:00:00+00:00,4.79,55.95,207.25,20.29,196.8,281.55,1.45,83.0,82810.0
1990-11-21 07:00:00+00:00,4.79,53.8,113.5,0.81,113.15,303.65,2.76,46.0,82790.0
1990-11-21 08:00:00+00:00,4.49,55.95,62.8,3.44,61.75,305.4,3.72,48.0,82840.0
1990-11-21 09:00:00+00:00,3.9,60.4,13.05,6.96,12.05,298.2,3.86,41.0,82900.0
1990-11-21 10:00:00+00:00,3.21,67.7,0.0,0.0,0.0,295.7,3.31,30.0,82990.0
1990-11-21 11:00:00+00:00,2.62,67.6,0.0,0.0,0.0,296.5,3.45,18.0,83070.0
1990-11-21 12:00:00+00:00,2.03,62.35,0.0,0.0,0.0,288.15,3.79,12.0,83130.0
1990-11-21 13:00:00+00:00,1.36,57.45,0.0,0.0,0.0,281.4,3.38,9.0,83180.0
1990-11-21 14:00:00+00:00,0.82,57.35,0.0,0.0,0.0,279.85,2.69,9.0,83210.0
1990-11-21 15:00:00+00:00,0.12,61.9,0.0,0.0,0.0,268.4,1.93,12.0,83260.0
1990-11-21 16:00:00+00:00,-0.58,67.0,0.0,0.0,0.0,257.4,1.38,15.0,83250.0
1990-11-21 17:00:00+00:00,0.08,54.8,0.0,0.0,0.0,261.25,0.62,7.0,83270.0
1990-11-21 18:00:00+00:00,-0.14,52.6,0.0,0.0,0.0,250.2,0.14,319.0,83260.0
1990-11-21 19:00:00+00:00,-1.36,64.1,0.0,0.0,0.0,250.2,1.1,326.0,83250.0
1990-11-21 20:00:00+00:00,-1.39,61.55,0.0,0.0,0.0,251.6,1.03,337.0,83260.0
1990-11-21 21:00:00+00:00,-1.61,56.7,0.0,0.0,0.0,240.75,0.97,331.0,83250.0
1990-11-21 22:00:00+00:00,-2.03,58.95,0.0,0.0,0.0,239.6,1.03,326.0,83290.0
1990-11-21 23:00:00+00:00,-2.61,56.45,0.0,0.0,0.0,240.15,1.17,329.0,83290.0
1990-11-22 00:00:00+00:00,-2.48,54.15,45.85,0.0,45.85,239.4,0.97,324.0,83320.0
1990-11-22 01:00:00+00:00,-1.75,52.05,169.7,200.44,130.15,241.45,0.55,303.0,83350.0
1990-11-22 02:00:00+00:00,-0.04,41.0,276.4,267.27,183.35,241.3,0.69,298.0,83410.0
1990-11-22 03:00:00+00:00,0.92,33.45,348.9,256.63,230.55,248.3,0.83,294.0,83430.0
1990-11-22 04:00:00+00:00,1.65,30.85,377.9,239.66,251.2,256.6,0.62,288.0,83370.0
1990-11-22 05:00:00+00:00,2.23,29.7,311.2,125.63,242.6,255.05,0.21,321.0,83260.0
1990-11-22 06:00:00+00:00,2.52,29.85,308.6,186.66,213.0,265.1,0.21,219.0,83190.0
1990-11-22 07:00:00+00:00,3.1,31.25,196.0,66.39,167.5,270.15,0.55,195.0,83140.0
1990-11-22 08:00:00+00:00,3.07,32.6,100.0,22.28,93.25,272.85,0.55,166.0,83140.0
1990-11-22 09:00:00+00:00,2.91,34.0,20.3,7.74,19.2,272.1,0.69,124.0,83170.0
1990-11-22 10:00:00+00:00,2.49,40.05,0.0,0.0,0.0,258.75,1.31,81.0,83220.0
1990-11-22 11:00:00+00:00,1.55,53.0,0.0,0.0,0.0,251.4,2.0,69.0,83270.0
1990-11-22 12:00:00+00:00,0.63,57.2,0.0,0.0,0.0,248.1,2.48,52.0,83340.0
1990-11-22 13:00:00+00:00,-0.31,59.35,0.0,0.0,0.0,235.15,2.69,39.0,83370.0
1990-11-22 14:00:00+00:00,-1.29,59.1,0.0,0.0,0.0,222.35,2.76,24.0,83410.0
1990-11-22 15:00:00+00:00,-2.18,54.3,0.0,0.0,0.0,217.3,2.55,12.0,83430.0
1990-11-22 16:00:00+00:00,-2.44,56.45,0.0,0.0,0.0,227.4,1.45,3.0,83420.0
1990-11-22 17:00:00+00:00,-1.43,42.35,0.0,0.0,0.0,230.85,0.55,264.0,83380.0
1990-11-22 18:00:00+00:00,-3.06,49.65,0.0,0.0,0.0,221.0,1.38,236.0,83340.0
1990-11-22 19:00:00+00:00,-3.73,56.2,0.0,0.0,0.0,208.05,1.45,264.0,83310.0
1990-11-22 20:00:00+00:00,-4.35,58.5,0.0,0.0,0.0,209.6,1.66,268.0,83290.0
1990-11-22 21:00:00+00:00,-4.69,58.5,0.0,0.0,0.0,207.25,1.59,270.0,83250.0
1990-11-22 22:00:00+00:00,-4.85,60.85,0.0,0.0,0.0,209.75,1.52,268.0,83290.0
1990-11-22 23:00:00+00:00,-5.03,63.45,0.0,0.0,0.0,205.9,1.45,272.0,83310.0
1990-11-23 00:00:00+00:00,-4.86,63.45,37.55,0.0,37.55,211.3,1.24,279.0,83340.0
1990-11-23 01:00:00+00:00,-3.34,58.6,213.3,668.0,83.75,214.35,0.76,282.0,83410.0
1990-11-23 02:00:00+00:00,-0.64,54.7,390.7,845.89,99.1,224.7,0.34,280.0,83450.0
1990-11-23 03:00:00+00:00,1.38,38.1,494.7,821.53,118.6,219.05,0.34,37.0,83440.0
1990-11-23 04:00:00+00:00,2.29,39.9,530.25,735.08,144.0,214.2,1.38,45.0,83400.0
1990-11-23 05:00:00+00:00,2.97,37.0,495.55,724.21,102.25,217.15,1.79,39.0,83320.0
1990-11-23 06:00:00+00:00,3.47,37.15,463.65,685.92,114.2,222.35,1.79,46.0,83260.0
1990-11-23 07:00:00+00:00,3.87,35.75,332.35,547.42,98.65,218.85,1.1,83.0,83140.0
1990-11-23 08:00:00+00:00,3.99,35.75,176.1,354.11,69.5,221.0,1.03,97.0,83160.0
1990-11-23 09:00:00+00:00,3.83,35.75,32.05,101.48,17.8,219.85,1.59,106.0,83190.0
1990-11-23 10:00:00+00:00,2.89,41.85,0.0,0.0,0.0,210.95,2.14,108.0,83200.0
1990-11-23 11:00:00+00:00,1.41,53.0,0.0,0.0,0.0,209.6,2.34,114.0,83210.0
1990-11-23 12:00:00+00:00,-0.19,61.9,0.0,0.0,0.0,207.25,1.66,108.0,83200.0
1990-11-23 13:00:00+00:00,0.06,52.6,0.0,0.0,0.0,206.1,1.31,39.0,83240.0
1990-11-23 14:00:00+00:00,-2.09,64.0,0.0,0.0,0.0,208.6,2.0,18.0,83310.0
1990-11-23 15:00:00+00:00,-2.72,63.9,0.0,0.0,0.0,210.95,2.62,21.0,83350.0
1990-11-23 16:00:00+00:00,-1.89,56.6,0.0,0.0,0.0,219.05,3.79,22.0,83380.0
1990-11-23 17:00:00+00:00,-1.71,52.2,0.0,0.0,0.0,224.85,4.62,23.0,83410.0
1990-11-23 18:00:00+00:00,-2.17,54.3,0.0,0.0,0.0,221.0,4.34,23.0,83430.0
1990-11-23 19:00:00+00:00,-2.14,52.05,0.0,0.0,0.0,234.55,3.52,26.0,83440.0
1990-11-23 20:00:00+00:00,-2.86,56.35,0.0,0.0,0.0,230.3,2.21,35.0,83470.0
1990-11-23 21:00:00+00:00,-2.02,52.05,0.0,0.0,0.0,222.95,0.97,64.0,83480.0
1990-11-23 22:00:00+00:00,-1.98,52.05,0.0,0.0,0.0,215.75,0.34,115.0,83520.0
1990-11-23 23:00:00+00:00,-2.35,54.15,0.0,0.0,0.0,212.3,0.34,216.0,83560.0
1990-11-24 00:00:00+00:00,-2.76,56.35,36.95,0.0,36.95,210.15,0.69,274.0,83630.0
1990-11-24 01:00:00+00:00,-3.01,56.35,241.6,889.54,72.05,200.8,0.83,298.0,83730.0
1990-11-24 02:00:00+00:00,-1.32,48.05,400.45,911.04,89.45,196.6,0.97,328.0,83810.0
1990-11-24 03:00:00+00:00,-0.26,46.35,512.8,909.99,99.2,197.4,1.24,321.0,83840.0
1990-11-24 04:00:00+00:00,0.72,44.75,565.95,883.84,104.3,199.3,1.24,303.0,83800.0
1990-11-24 05:00:00+00:00,1.66,43.2,554.45,834.07,103.9,202.05,1.31,292.0,83700.0
1990-11-24 06:00:00+00:00,2.62,40.05,475.65,735.88,102.65,205.3,1.45,298.0,83610.0
1990-11-24 07:00:00+00:00,3.43,37.15,347.0,607.89,88.85,211.15,1.59,335.0,83540.0
1990-11-24 08:00:00+00:00,3.67,35.6,183.25,405.13,62.05,208.6,1.59,3.0,83560.0
1990-11-24 09:00:00+00:00,3.23,37.0,32.0,103.66,17.6,205.15,1.66,50.0,83590.0
1990-11-24 10:00:00+00:00,2.08,41.55,0.0,0.0,0.0,200.5,1.93,70.0,83630.0
1990-11-24 11:00:00+00:00,0.27,61.9,0.0,0.0,0.0,197.0,1.72,66.0,83700.0
1990-11-24 12:00:00+00:00,-0.34,50.35,0.0,0.0,0.0,194.3,1.17,61.0,83730.0
1990-11-24 13:00:00+00:00,-0.35,44.45,0.0,0.0,0.0,192.15,0.62,59.0,83750.0
1990-11-24 14:00:00+00:00,-1.07,46.2,0.0,0.0,0.0,190.6,0.14,66.0,83760.0
1990-11-24 15:00:00+00:00,-1.67,48.05,0.0,0.0,0.0,189.65,0.21,243.0,83770.0
1990-11-24 16:00:00+00:00,-2.29,51.95,0.0,0.0,0.0,189.85,0.48,258.0,83730.0
1990-11-24 17:00:00+00:00,-2.87,51.8,0.0,0.0,0.0,190.4,0.55,258.0,83690.0
1990-11-24 18:00:00+00:00,-3.35,53.9,0.0,0.0,0.0,192.15,0.48,258.0,83640.0
1990-11-24 19:00:00+00:00,-3.7,51.65,0.0,0.0,0.0,194.85,0.55,277.0,83620.0
1990-11-24 20:00:00+00:00,-4.04,51.65,0.0,0.0,0.0,196.6,0.55,273.0,83570.0
1990-11-24 21:00:00+00:00,-4.34,53.75,0.0,0.0,0.0,197.6,0.62,267.0,83540.0
1990-11-24 22:00:00+00:00,-4.61,56.1,0.0,0.0,0.0,198.55,0.69,269.0,83510.0
1990-11-24 23:00:00+00:00,-4.7,56.1,0.0,0.0,0.0,199.15,0.76,270.0,83520.0
1990-11-25 00:00:00+00:00,-4.71,56.1,33.15,0.0,33.15,200.1,0.69,270.0,83520.0
1990-11-25 01:00:00+00:00,-4.39,56.1,234.7,874.96,70.8,201.95,0.48,270.0,83560.0
1990-11-25 02:00:00+00:00,-2.18,49.95,389.1,886.96,89.25,205.5,0.21,286.0,83590.0
1990-11-25 03:00:00+00:00,0.28,42.75,499.75,886.47,99.7,209.95,0.21,22.0,83560.0
1990-11-25 04:00:00+00:00,1.91,41.55,546.8,830.4,115.6,213.45,0.83,49.0,83500.0
1990-11-25 05:00:00+00:00,3.11,40.15,538.35,797.77,109.65,216.35,1.79,53.0,83390.0
1990-11-25 06:00:00+00:00,4.11,37.25,466.4,727.82,99.3,218.3,2.83,55.0,83280.0
1990-11-25 07:00:00+00:00,4.42,30.4,343.05,611.08,84.85,214.05,3.79,46.0,83300.0
1990-11-25 08:00:00+00:00,4.35,26.8,179.0,392.74,62.2,212.7,3.93,46.0,83300.0
1990-11-25 09:00:00+00:00,3.75,26.5,30.8,99.26,17.15,209.6,3.24,54.0,83300.0
1990-11-25 10:00:00+00:00,2.52,32.5,0.0,0.0,0.0,205.5,2.48,72.0,83350.0
1990-11-25 11:00:00+00:00,0.83,48.7,0.0,0.0,0.0,205.9,2.21,65.0,83400.0
1990-11-25 12:00:00+00:00,-0.71,48.3,0.0,0.0,0.0,202.6,2.41,46.0,83480.0
1990-11-25 13:00:00+00:00,-1.72,46.05,0.0,0.0,0.0,203.75,2.69,40.0,83530.0
1990-11-25 14:00:00+00:00,-2.07,40.4,0.0,0.0,0.0,215.6,2.97,41.0,83570.0
1990-11-25 15:00:00+00:00,-2.08,40.4,0.0,0.0,0.0,234.15,3.03,39.0,83610.0
1990-11-25 16:00:00+00:00,-2.44,43.85,0.0,0.0,0.0,239.6,2.62,38.0,83610.0
1990-11-25 17:00:00+00:00,-2.71,49.8,0.0,0.0,0.0,255.85,2.0,40.0,83630.0
1990-11-25 18:00:00+00:00,-2.95,58.75,0.0,0.0,0.0,258.75,1.66,42.0,83630.0
1990-11-25 19:00:00+00:00,-2.98,63.8,0.0,0.0,0.0,264.55,1.52,41.0,83630.0
1990-11-25 20:00:00+00:00,-2.92,69.25,0.0,0.0,0.0,272.85,1.93,23.0,83650.0
1990-11-25 21:00:00+00:00,-3.02,69.25,0.0,0.0,0.0,274.2,2.34,10.0,83680.0
1990-11-25 22:00:00+00:00,-3.35,66.35,0.0,0.0,0.0,261.05,4.0,357.0,83720.0
1990-11-25 23:00:00+00:00,-3.83,58.6,0.0,0.0,0.0,241.7,4.97,354.0,83780.0
1990-11-26 00:00:00+00:00,-4.51,53.75,31.8,0.0,31.8,216.15,5.72,353.0,83910.0
1990-11-26 01:00:00+00:00,-4.74,45.35,202.2,630.12,86.2,208.55,5.03,358.0,84040.0
1990-11-26 02:00:00+00:00,-4.34,36.5,382.05,816.4,108.7,203.2,6.21,1.0,84160.0
1990-11-26 03:00:00+00:00,-3.45,33.6,480.55,790.39,126.35,190.05,6.55,358.0,84200.0
1990-11-26 04:00:00+00:00,-2.44,31.05,548.5,788.89,141.2,194.1,6.41,353.0,84180.0
1990-11-26 05:00:00+00:00,-1.38,30.0,551.45,801.63,122.85,192.55,6.34,348.0,84100.0
1990-11-26 06:00:00+00:00,0.14,26.7,441.3,624.22,127.95,190.4,7.03,335.0,84000.0
1990-11-26 07:00:00+00:00,-0.47,27.75,330.15,538.42,103.75,205.5,6.97,349.0,84010.0
1990-11-26 08:00:00+00:00,-0.9,28.85,179.85,392.92,63.65,191.75,6.28,357.0,84030.0
1990-11-26 09:00:00+00:00,-1.88,31.2,30.9,100.21,17.25,190.6,4.76,9.0,84070.0
1990-11-26 10:00:00+00:00,-3.19,30.9,0.0,0.0,0.0,185.0,3.31,20.0,84110.0
1990-11-26 11:00:00+00:00,-4.08,30.75,0.0,0.0,0.0,183.65,2.21,31.0,84160.0
1990-11-26 12:00:00+00:00,-4.5,30.6,0.0,0.0,0.0,183.05,0.97,52.0,84170.0
1990-11-26 13:00:00+00:00,-4.46,29.25,0.0,0.0,0.0,183.05,0.28,170.0,84180.0
1990-11-26 14:00:00+00:00,-5.38,33.15,0.0,0.0,0.0,183.05,0.83,215.0,84180.0
1990-11-26 15:00:00+00:00,-6.64,37.55,0.0,0.0,0.0,183.45,1.24,234.0,84160.0
1990-11-26 16:00:00+00:00,-7.47,40.7,0.0,0.0,0.0,184.05,1.38,250.0,84120.0
1990-11-26 17:00:00+00:00,-8.14,44.35,0.0,0.0,0.0,184.05,1.52,257.0,84050.0
1990-11-26 18:00:00+00:00,-8.71,46.2,0.0,0.0,0.0,183.85,1.59,257.0,83990.0
1990-11-26 19:00:00+00:00,-9.16,48.1,0.0,0.0,0.0,184.05,1.72,253.0,83950.0
1990-11-26 20:00:00+00:00,-9.45,52.4,0.0,0.0,0.0,184.6,1.66,252.0,83890.0
1990-11-26 21:00:00+00:00,-9.65,52.4,0.0,0.0,0.0,184.2,1.59,254.0,83780.0
1990-11-26 22:00:00+00:00,-9.73,52.4,0.0,0.0,0.0,184.05,1.52,253.0,83710.0
1990-11-26 23:00:00+00:00,-9.78,52.4,0.0,0.0,0.0,183.85,1.52,254.0,83670.0
1990-11-27 00:00:00+00:00,-9.79,50.15,32.2,0.0,32.2,183.45,1.45,253.0,83640.0
1990-11-27 01:00:00+00:00,-8.74,46.2,239.85,933.59,70.95,184.7,1.24,251.0,83660.0
1990-11-27 02:00:00+00:00,-4.5,33.45,399.8,934.42,89.9,187.15,1.1,244.0,83640.0
1990-11-27 03:00:00+00:00,-1.43,30.0,514.45,930.23,100.45,191.75,1.17,237.0,83610.0
1990-11-27 04:00:00+00:00,0.72,29.25,569.6,905.04,104.95,195.85,1.38,228.0,83490.0
1990-11-27 05:00:00+00:00,2.34,28.6,559.35,855.68,104.1,198.95,1.66,224.0,83340.0
1990-11-27 06:00:00+00:00,3.62,28.9,482.25,774.69,95.15,201.45,1.72,216.0,83200.0
1990-11-27 07:00:00+00:00,4.91,28.1,351.5,641.38,83.05,204.35,1.59,205.0,83120.0
1990-11-27 08:00:00+00:00,5.22,29.3,183.2,415.57,60.95,204.75,0.9,189.0,83100.0
1990-11-27 09:00:00+00:00,4.89,30.55,30.8,103.32,16.85,204.55,0.76,76.0,83100.0
1990-11-27 10:00:00+00:00,3.23,49.25,0.0,0.0,0.0,202.4,1.72,52.0,83140.0
1990-11-27 11:00:00+00:00,0.59,59.6,0.0,0.0,0.0,201.45,1.93,36.0,83210.0
1990-11-27 12:00:00+00:00,-0.68,54.7,0.0,0.0,0.0,200.3,1.79,22.0,83290.0
1990-11-27 13:00:00+00:00,-1.33,50.1,0.0,0.0,0.0,199.5,1.72,12.0,83350.0
1990-11-27 14:00:00+00:00,-1.42,46.05,0.0,0.0,0.0,198.55,1.66,8.0,83420.0
1990-11-27 15:00:00+00:00,-1.38,42.35,0.0,0.0,0.0,196.8,1.66,12.0,83470.0
1990-11-27 16:00:00+00:00,-0.61,35.95,0.0,0.0,0.0,196.8,1.31,19.0,83470.0
1990-11-27 17:00:00+00:00,-0.65,34.45,0.0,0.0,0.0,206.85,0.55,4.0,83460.0
1990-11-27 18:00:00+00:00,-1.45,35.7,0.0,0.0,0.0,203.75,0.69,301.0,83450.0
1990-11-27 19:00:00+00:00,-1.62,34.15,0.0,0.0,0.0,215.6,0.83,287.0,83500.0
1990-11-27 20:00:00+00:00,-3.06,36.8,0.0,0.0,0.0,217.3,1.31,288.0,83490.0
1990-11-27 21:00:00+00:00,-5.01,38.0,0.0,0.0,0.0,214.8,1.66,291.0,83480.0
1990-11-27 22:00:00+00:00,-6.05,41.15,0.0,0.0,0.0,217.7,1.86,290.0,83520.0
1990-11-27 23:00:00+00:00,-6.47,39.25,0.0,0.0,0.0,231.65,1.79,287.0,83570.0
1990-11-28 00:00:00+00:00,-7.06,39.1,34.3,0.0,34.3,211.3,1.86,285.0,83650.0
1990-11-28 01:00:00+00:00,-5.87,37.7,221.75,811.9,77.4,210.65,1.52,281.0,83730.0
1990-11-28 02:00:00+00:00,-1.58,26.25,378.15,860.79,95.35,203.75,1.17,271.0,83780.0
1990-11-28 03:00:00+00:00,2.25,22.9,496.1,901.25,97.7,205.5,0.97,277.0,83810.0
1990-11-28 04:00:00+00:00,3.59,22.3,550.15,877.99,101.85,207.85,1.17,313.0,83780.0
1990-11-28 05:00:00+00:00,4.65,22.6,540.35,829.55,101.1,209.95,2.21,334.0,83730.0
1990-11-28 06:00:00+00:00,5.55,22.85,467.35,749.07,94.7,211.7,3.03,346.0,83670.0
1990-11-28 07:00:00+00:00,6.0,23.0,340.05,618.52,82.3,213.25,3.45,357.0,83670.0
1990-11-28 08:00:00+00:00,5.94,24.0,175.95,395.26,60.25,212.5,3.72,7.0,83700.0
1990-11-28 09:00:00+00:00,5.06,26.95,29.15,95.58,16.35,211.5,3.03,27.0,83720.0
1990-11-28 10:00:00+00:00,3.37,35.6,0.0,0.0,0.0,208.05,2.41,39.0,83780.0
1990-11-28 11:00:00+00:00,1.21,55.05,0.0,0.0,0.0,205.7,1.72,38.0,83850.0
1990-11-28 12:00:00+00:00,2.26,31.0,0.0,0.0,0.0,203.95,0.97,30.0,83900.0
1990-11-28 13:00:00+00:00,1.57,30.85,0.0,0.0,0.0,202.05,0.41,331.0,83920.0
1990-11-28 14:00:00+00:00,0.6,34.75,0.0,0.0,0.0,201.25,0.83,291.0,83950.0
1990-11-28 15:00:00+00:00,-1.22,39.0,0.0,0.0,0.0,199.9,1.31,288.0,83940.0
1990-11-28 16:00:00+00:00,-2.79,43.75,0.0,0.0,0.0,198.55,1.52,288.0,83960.0
1990-11-28 17:00:00+00:00,-3.96,45.5,0.0,0.0,0.0,197.95,1.52,288.0,83930.0
1990-11-28 18:00:00+00:00,-4.56,45.35,0.0,0.0,0.0,197.4,1.38,290.0,83890.0
1990-11-28 19:00:00+00:00,-4.67,45.35,0.0,0.0,0.0,197.0,1.31,285.0,83880.0
1990-11-28 20:00:00+00:00,-5.27,47.05,0.0,0.0,0.0,197.0,1.31,283.0,83840.0
1990-11-28 21:00:00+00:00,-5.73,47.05,0.0,0.0,0.0,196.4,1.38,280.0,83800.0
1990-11-28 22:00:00+00:00,-6.5,48.85,0.0,0.0,0.0,196.4,1.52,275.0,83780.0
1990-11-28 23:00:00+00:00,-7.24,50.85,0.0,0.0,0.0,196.4,1.72,270.0,83780.0
1990-11-29 00:00:00+00:00,-7.68,50.7,0.0,0.0,0.0,196.2,1.86,264.0,83790.0
1990-11-29 01:00:00+00:00,-6.84,48.7,227.1,912.27,67.7,197.1,1.72,258.0,83810.0
1990-11-29 02:00:00+00:00,-2.31,35.4,383.65,913.07,86.45,199.5,1.52,245.0,83810.0
1990-11-29 03:00:00+00:00,1.84,28.45,496.85,911.13,96.75,203.6,1.86,239.0,83790.0
1990-11-29 04:00:00+00:00,3.72,27.7,551.75,887.42,101.05,206.7,2.34,243.0,83720.0
1990-11-29 05:00:00+00:00,4.91,26.95,542.2,838.51,100.25,209.2,2.34,247.0,83630.0
1990-11-29 06:00:00+00:00,5.75,27.05,470.5,760.01,94.0,211.7,1.93,251.0,83520.0
1990-11-29 07:00:00+00:00,6.47,26.25,342.7,628.44,81.9,212.7,2.07,252.0,83510.0
1990-11-29 08:00:00+00:00,6.57,27.35,177.9,404.99,59.9,212.7,1.52,251.0,83500.0
1990-11-29 09:00:00+00:00,6.2,29.6,29.45,98.92,16.3,211.7,0.62,217.0,83510.0
1990-11-29 10:00:00+00:00,4.89,42.45,0.0,0.0,0.0,208.6,0.83,147.0,83510.0
1990-11-29 11:00:00+00:00,4.24,32.9,0.0,0.0,0.0,206.7,0.83,140.0,83560.0
1990-11-29 12:00:00+00:00,3.33,35.6,0.0,0.0,0.0,204.35,0.55,158.0,83580.0
1990-11-29 13:00:00+00:00,2.4,38.4,0.0,0.0,0.0,202.6,0.55,203.0,83560.0
1990-11-29 14:00:00+00:00,1.5,41.45,0.0,0.0,0.0,200.85,0.76,223.0,83550.0
1990-11-29 15:00:00+00:00,0.7,44.75,0.0,0.0,0.0,199.3,0.83,234.0,83530.0
1990-11-29 16:00:00+00:00,-0.05,44.6,0.0,0.0,0.0,198.35,0.83,242.0,83510.0
1990-11-29 17:00:00+00:00,-0.8,48.15,0.0,0.0,0.0,197.6,0.83,247.0,83450.0
1990-11-29 18:00:00+00:00,-1.48,50.1,0.0,0.0,0.0,197.4,0.83,248.0,83390.0
1990-11-29 19:00:00+00:00,-1.98,49.95,0.0,0.0,0.0,200.1,0.69,272.0,83380.0
1990-11-29 20:00:00+00:00,-2.41,51.95,0.0,0.0,0.0,200.3,0.76,267.0,83310.0
1990-11-29 21:00:00+00:00,-2.75,51.8,0.0,0.0,0.0,200.5,0.9,265.0,83270.0
1990-11-29 22:00:00+00:00,-3.03,51.8,0.0,0.0,0.0,200.7,1.1,268.0,83250.0
1990-11-29 23:00:00+00:00,-3.15,49.65,0.0,0.0,0.0,200.3,1.24,273.0,83270.0
1990-11-30 00:00:00+00:00,-3.13,49.65,0.0,0.0,0.0,199.5,1.31,265.0,83310.0
1990-11-30 01:00:00+00:00,-3.05,49.65,224.4,913.96,67.45,200.2,1.17,248.0,83350.0
1990-11-30 02:00:00+00:00,-1.65,44.15,381.55,916.37,86.0,202.4,0.97,238.0,83360.0
1990-11-30 03:00:00+00:00,2.01,35.2,495.0,914.21,96.15,205.7,1.1,244.0,83360.0
1990-11-30 04:00:00+00:00,3.83,31.55,549.95,889.66,100.45,209.4,1.17,246.0,83300.0
1990-11-30 05:00:00+00:00,5.15,31.85,540.5,840.05,99.7,212.3,1.59,241.0,83210.0
1990-11-30 06:00:00+00:00,6.27,30.85,468.9,760.15,93.85,215.2,1.79,242.0,83110.0
1990-11-30 07:00:00+00:00,7.53,26.35,340.65,626.19,81.8,215.0,2.14,261.0,83100.0
1990-11-30 08:00:00+00:00,7.66,26.35,174.65,390.52,61.35,216.35,0.83,287.0,83090.0
1990-11-30 09:00:00+00:00,7.19,29.7,27.25,72.7,17.65,216.15,1.38,77.0,83070.0
1990-11-30 10:00:00+00:00,5.34,40.9,0.0,0.0,0.0,218.7,2.34,56.0,83160.0
1990-11-30 11:00:00+00:00,3.45,42.0,0.0,0.0,0.0,217.9,3.52,30.0,83280.0
1990-11-30 12:00:00+00:00,2.13,35.2,0.0,0.0,0.0,211.3,5.1,18.0,83360.0
1990-11-30 13:00:00+00:00,0.75,41.15,0.0,0.0,0.0,226.05,4.69,17.0,83400.0
1990-11-30 14:00:00+00:00,-0.26,52.45,0.0,0.0,0.0,238.2,3.03,17.0,83440.0
1990-11-30 15:00:00+00:00,0.22,52.6,0.0,0.0,0.0,251.0,1.03,14.0,83490.0
1990-11-30 16:00:00+00:00,-2.91,62.19,0.0,0.0,0.0,236.35,1.32,233.0,83510.0
1990-11-30 17:00:00+00:00,-2.87,60.48,0.0,0.0,0.0,233.1,1.29,210.0,83500.0
1990-11-30 18:00:00+00:00,-2.83,58.78,0.0,0.0,0.0,229.86,1.27,215.0,83470.0
1990-11-30 19:00:00+00:00,-2.8,57.08,0.0,0.0,0.0,226.62,1.25,233.0,83500.0
1990-11-30 20:00:00+00:00,-2.76,55.37,0.0,0.0,0.0,223.38,1.23,249.0,83460.0
1990-11-30 21:00:00+00:00,-2.72,53.67,0.0,0.0,0.0,220.14,1.2,251.0,83410.0
1990-11-30 22:00:00+00:00,-2.68,51.96,0.0,0.0,0.0,216.9,1.18,254.0,83380.0
1990-11-30 23:00:00+00:00,-2.65,50.26,0.0,0.0,0.0,213.66,1.16,260.0,83360.0
1990-12-01 00:00:00+00:00,-2.61,48.55,0.0,0.0,0.0,210.42,1.14,341.0,82880.0
1990-12-01 01:00:00+00:00,-2.57,46.85,209.9,805.93,71.5,207.18,1.11,323.0,82960.0
1990-12-01 02:00:00+00:00,-2.54,45.15,359.65,809.56,98.55,203.93,1.09,339.0,83010.0
1990-12-01 03:00:00+00:00,-2.5,43.44,449.95,715.02,138.0,200.69,1.07,12.0,83030.0
1990-12-01 04:00:00+00:00,-2.46,41.74,534.25,838.1,110.8,197.45,1.05,36.0,83000.0
1990-12-01 05:00:00+00:00,-2.42,40.03,529.5,805.75,106.7,194.21,1.02,54.0,82930.0
1990-12-01 06:00:00+00:00,-2.39,38.33,465.8,752.75,94.4,190.97,1.0,62.0,82860.0
1990-12-01 07:00:00+00:00,-2.35,36.62,342.2,633.81,80.2,187.73,0.98,54.0,82800.0
1990-12-01 08:00:00+00:00,1.23,30.85,176.75,408.27,58.3,198.95,2.34,56.0,82830.0
1990-12-01 09:00:00+00:00,0.91,32.05,28.8,98.83,15.75,197.6,2.76,62.0,82880.0
1990-12-01 10:00:00+00:00,-0.08,37.7,0.0,0.0,0.0,195.05,2.21,73.0,82940.0
1990-12-01 11:00:00+00:00,-1.41,48.15,0.0,0.0,0.0,194.1,1.79,85.0,82990.0
1990-12-01 12:00:00+00:00,-1.91,40.55,0.0,0.0,0.0,193.5,1.24,96.0,83010.0
1990-12-01 13:00:00+00:00,-1.46,38.9,0.0,0.0,0.0,193.7,0.48,113.0,83010.0
1990-12-01 14:00:00+00:00,-1.98,40.4,0.0,0.0,0.0,194.1,0.28,230.0,82990.0
1990-12-01 15:00:00+00:00,-2.5,42.05,0.0,0.0,0.0,193.7,0.41,225.0,82980.0
1990-12-01 16:00:00+00:00,-2.98,43.75,0.0,0.0,0.0,193.5,0.48,227.0,82940.0
1990-12-01 17:00:00+00:00,-3.51,45.5,0.0,0.0,0.0,193.3,0.34,238.0,82890.0
1990-12-01 18:00:00+00:00,-4.13,49.4,0.0,0.0,0.0,192.55,0.28,278.0,82820.0
1990-12-01 19:00:00+00:00,-5.25,53.5,0.0,0.0,0.0,192.75,0.55,272.0,82710.0
1990-12-01 20:00:00+00:00,-5.84,55.7,0.0,0.0,0.0,191.95,0.48,276.0,82670.0
1990-12-01 21:00:00+00:00,-6.26,58.0,0.0,0.0,0.0,192.35,0.34,300.0,82670.0
1990-12-01 22:00:00+00:00,-6.63,63.0,0.0,0.0,0.0,191.95,0.41,330.0,82670.0
1990-12-01 23:00:00+00:00,-7.38,65.6,0.0,0.0,0.0,191.6,0.9,329.0,82690.0
1990-12-02 00:00:00+00:00,-8.31,68.25,0.0,0.0,0.0,190.8,1.31,332.0,82760.0
1990-12-02 01:00:00+00:00,-8.74,68.25,219.05,913.59,64.85,190.35,1.38,338.0,82860.0
1990-12-02 02:00:00+00:00,-5.02,53.5,376.7,919.37,82.85,191.75,1.24,357.0,82940.0
1990-12-02 03:00:00+00:00,-2.02,42.2,493.4,925.45,92.2,194.3,1.59,16.0,82980.0
1990-12-02 04:00:00+00:00,-0.1,36.1,549.95,905.49,94.75,196.6,2.62,23.0,82970.0
1990-12-02 05:00:00+00:00,1.16,30.85,541.75,856.77,94.1,197.95,3.59,28.0,82910.0
1990-12-02 06:00:00+00:00,1.92,28.45,471.15,777.31,89.1,197.4,4.21,33.0,82860.0
1990-12-02 07:00:00+00:00,1.97,28.45,343.3,642.21,78.8,197.0,4.07,42.0,82780.0
1990-12-02 08:00:00+00:00,1.81,27.25,176.0,399.84,60.45,195.65,4.9,39.0,82820.0
1990-12-02 09:00:00+00:00,0.84,29.4,28.4,91.79,16.35,194.85,4.97,37.0,82900.0
1990-12-02 10:00:00+00:00,-0.87,33.0,0.0,0.0,0.0,193.9,5.17,32.0,83020.0
1990-12-02 11:00:00+00:00,-2.41,37.1,0.0,0.0,0.0,191.0,5.45,29.0,83140.0
1990-12-02 12:00:00+00:00,-3.58,41.75,0.0,0.0,0.0,191.95,5.45,29.0,83240.0
1990-12-02 13:00:00+00:00,-4.49,47.2,0.0,0.0,0.0,187.5,4.83,30.0,83320.0
1990-12-02 14:00:00+00:00,-5.15,51.25,0.0,0.0,0.0,188.7,4.0,33.0,83400.0
1990-12-02 15:00:00+00:00,-5.76,55.7,0.0,0.0,0.0,188.1,3.24,39.0,83450.0
1990-12-02 16:00:00+00:00,-6.41,58.0,0.0,0.0,0.0,186.35,2.69,43.0,83470.0
1990-12-02 17:00:00+00:00,-7.12,62.9,0.0,0.0,0.0,184.6,2.69,37.0,83470.0
1990-12-02 18:00:00+00:00,-7.63,68.35,0.0,0.0,0.0,193.5,2.97,32.0,83500.0
1990-12-02 19:00:00+00:00,-8.05,71.2,0.0,0.0,0.0,217.5,3.24,36.0,83570.0
1990-12-02 20:00:00+00:00,-8.42,71.2,0.0,0.0,0.0,224.65,3.66,34.0,83630.0
1990-12-02 21:00:00+00:00,-8.81,71.2,0.0,0.0,0.0,235.7,4.0,34.0,83660.0
1990-12-02 22:00:00+00:00,-9.17,71.1,0.0,0.0,0.0,249.45,4.28,34.0,83750.0
1990-12-02 23:00:00+00:00,-9.66,71.0,0.0,0.0,0.0,244.05,4.41,31.0,83830.0
1990-12-03 00:00:00+00:00,-10.22,70.9,0.0,0.0,0.0,233.75,4.28,31.0,83930.0
1990-12-03 01:00:00+00:00,-10.47,65.05,143.25,252.25,101.4,228.85,4.48,28.0,84070.0
1990-12-03 02:00:00+00:00,-10.1,59.65,221.95,217.65,153.0,225.05,5.24,18.0,84170.0
1990-12-03 03:00:00+00:00,-9.48,50.3,364.85,386.81,198.2,227.75,6.21,10.0,84210.0
1990-12-03 04:00:00+00:00,-8.31,44.2,431.6,507.73,177.6,212.1,6.0,6.0,84190.0
1990-12-03 05:00:00+00:00,-7.12,37.25,372.95,423.56,152.55,213.85,5.45,6.0,84070.0
1990-12-03 06:00:00+00:00,-6.36,32.85,434.4,585.14,147.85,209.6,4.76,8.0,83960.0
1990-12-03 07:00:00+00:00,-6.14,31.4,320.35,529.42,103.05,180.15,4.55,14.0,83830.0
1990-12-03 08:00:00+00:00,-6.37,31.4,177.15,404.21,60.75,186.35,4.14,27.0,83790.0
1990-12-03 09:00:00+00:00,-7.26,31.1,28.75,98.01,15.95,170.1,3.93,48.0,83750.0
1990-12-03 10:00:00+00:00,-8.48,33.75,0.0,0.0,0.0,166.25,3.1,67.0,83730.0
1990-12-03 11:00:00+00:00,-9.34,33.6,0.0,0.0,0.0,165.45,2.55,77.0,83720.0
1990-12-03 12:00:00+00:00,-9.92,35.0,0.0,0.0,0.0,165.05,1.79,81.0,83700.0
1990-12-03 13:00:00+00:00,-10.43,34.85,0.0,0.0,0.0,165.25,1.03,75.0,83680.0
1990-12-03 14:00:00+00:00,-11.0,38.05,0.0,0.0,0.0,165.05,0.55,53.0,83660.0
1990-12-03 15:00:00+00:00,-11.41,39.65,0.0,0.0,0.0,164.85,0.28,5.0,83610.0
1990-12-03 16:00:00+00:00,-11.94,41.35,0.0,0.0,0.0,165.05,0.41,313.0,83560.0
1990-12-03 17:00:00+00:00,-12.45,43.15,0.0,0.0,0.0,169.5,0.62,307.0,83490.0
1990-12-03 18:00:00+00:00,-12.92,45.0,0.0,0.0,0.0,164.85,0.62,312.0,83440.0
1990-12-03 19:00:00+00:00,-12.89,45.0,0.0,0.0,0.0,165.25,0.48,337.0,83350.0
1990-12-03 20:00:00+00:00,-13.25,46.95,0.0,0.0,0.0,165.05,0.55,346.0,83310.0
1990-12-03 21:00:00+00:00,-13.61,49.0,0.0,0.0,0.0,164.7,0.62,346.0,83240.0
1990-12-03 22:00:00+00:00,-13.94,49.0,0.0,0.0,0.0,164.1,0.69,344.0,83210.0
1990-12-03 23:00:00+00:00,-14.34,51.15,0.0,0.0,0.0,163.3,0.76,335.0,83210.0
1990-12-04 00:00:00+00:00,-14.73,53.4,0.0,0.0,0.0,163.15,0.9,330.0,83240.0
1990-12-04 01:00:00+00:00,-14.53,51.15,217.3,923.69,66.65,163.8,0.97,341.0,83270.0
1990-12-04 02:00:00+00:00,-11.78,41.35,376.85,927.9,85.45,166.4,1.03,12.0,83310.0
1990-12-04 03:00:00+00:00,-9.58,33.45,492.3,923.19,96.95,168.95,1.66,41.0,83270.0
1990-12-04 04:00:00+00:00,-7.86,29.55,540.7,855.57,114.7,171.45,2.34,50.0,83230.0
1990-12-04 05:00:00+00:00,-6.56,29.85,527.45,773.0,126.8,177.05,2.69,49.0,83160.0
1990-12-04 06:00:00+00:00,-5.66,27.55,377.05,394.75,184.4,182.85,3.24,50.0,83100.0
1990-12-04 07:00:00+00:00,-5.05,27.7,195.7,121.1,146.15,202.8,3.86,49.0,83020.0
1990-12-04 08:00:00+00:00,-5.28,27.7,101.4,42.33,89.25,218.1,4.0,46.0,83080.0
1990-12-04 09:00:00+00:00,-5.64,27.55,18.75,7.31,17.8,219.45,4.07,42.0,83160.0
1990-12-04 10:00:00+00:00,-6.33,27.4,0.0,0.0,0.0,222.55,3.86,37.0,83250.0
1990-12-04 11:00:00+00:00,-7.14,28.4,0.0,0.0,0.0,212.1,4.0,36.0,83340.0
1990-12-04 12:00:00+00:00,-7.88,26.95,0.0,0.0,0.0,214.4,3.52,36.0,83420.0
1990-12-04 13:00:00+00:00,-8.52,25.6,0.0,0.0,0.0,209.6,2.97,38.0,83500.0
1990-12-04 14:00:00+00:00,-9.38,25.45,0.0,0.0,0.0,183.85,2.21,40.0,83550.0
1990-12-04 15:00:00+00:00,-9.94,25.3,0.0,0.0,0.0,186.15,1.59,40.0,83600.0
1990-12-04 16:00:00+00:00,-10.73,27.5,0.0,0.0,0.0,171.05,0.97,40.0,83620.0
1990-12-04 17:00:00+00:00,-11.39,28.65,0.0,0.0,0.0,168.75,0.83,32.0,83590.0
1990-12-04 18:00:00+00:00,-11.74,28.55,0.0,0.0,0.0,165.05,0.76,29.0,83560.0
1990-12-04 19:00:00+00:00,-11.92,29.9,0.0,0.0,0.0,174.15,0.83,24.0,83500.0
1990-12-04 20:00:00+00:00,-11.98,28.55,0.0,0.0,0.0,174.75,0.62,24.0,83460.0
1990-12-04 21:00:00+00:00,-12.15,29.75,0.0,0.0,0.0,173.4,0.14,3.0,83430.0
1990-12-04 22:00:00+00:00,-12.47,29.75,0.0,0.0,0.0,169.15,0.14,270.0,83400.0
1990-12-04 23:00:00+00:00,-12.73,32.55,0.0,0.0,0.0,171.45,0.41,282.0,83420.0
1990-12-05 00:00:00+00:00,-13.01,32.55,0.0,0.0,0.0,191.95,0.62,285.0,83420.0
1990-12-05 01:00:00+00:00,-12.61,35.75,181.15,526.65,96.7,194.6,0.62,293.0,83460.0
1990-12-05 02:00:00+00:00,-9.95,26.55,341.05,726.63,114.8,200.1,0.21,293.0,83450.0
1990-12-05 03:00:00+00:00,-7.68,24.55,435.2,652.4,157.45,196.8,0.21,171.0,83420.0
1990-12-05 04:00:00+00:00,-5.91,25.15,520.5,803.98,122.0,205.7,0.55,162.0,83340.0
1990-12-05 05:00:00+00:00,-4.34,26.75,517.15,784.32,112.15,197.6,0.76,155.0,83200.0
1990-12-05 06:00:00+00:00,-3.12,27.05,457.3,732.54,100.95,200.3,1.03,143.0,83080.0
1990-12-05 07:00:00+00:00,-2.22,28.55,316.0,511.81,107.2,193.15,1.1,120.0,82970.0
1990-12-05 08:00:00+00:00,-1.8,28.7,163.5,328.4,69.5,201.85,1.59,70.0,82960.0
1990-12-05 09:00:00+00:00,-1.88,28.7,26.85,81.04,16.35,204.15,2.48,47.0,83020.0
1990-12-05 10:00:00+00:00,-3.01,30.9,0.0,0.0,0.0,197.75,2.55,32.0,83070.0
1990-12-05 11:00:00+00:00,-4.04,32.0,0.0,0.0,0.0,191.4,2.34,21.0,83140.0
1990-12-05 12:00:00+00:00,-5.1,34.65,0.0,0.0,0.0,187.3,2.07,9.0,83190.0
1990-12-05 13:00:00+00:00,-6.08,35.9,0.0,0.0,0.0,186.55,1.93,6.0,83240.0
1990-12-05 14:00:00+00:00,-6.82,35.75,0.0,0.0,0.0,190.2,1.79,6.0,83250.0
1990-12-05 15:00:00+00:00,-7.62,37.1,0.0,0.0,0.0,189.05,1.72,352.0,83270.0
1990-12-05 16:00:00+00:00,-8.28,36.95,0.0,0.0,0.0,196.8,1.72,345.0,83280.0
1990-12-05 17:00:00+00:00,-8.72,35.3,0.0,0.0,0.0,197.2,1.45,347.0,83260.0
1990-12-05 18:00:00+00:00,-9.19,35.15,0.0,0.0,0.0,188.3,1.31,340.0,83270.0
1990-12-05 19:00:00+00:00,-8.99,38.65,0.0,0.0,0.0,185.6,1.03,328.0,83240.0
1990-12-05 20:00:00+00:00,-9.32,40.25,0.0,0.0,0.0,202.6,1.1,315.0,83250.0
1990-12-05 21:00:00+00:00,-9.62,41.95,0.0,0.0,0.0,210.55,1.1,300.0,83230.0
1990-12-05 22:00:00+00:00,-9.7,43.9,0.0,0.0,0.0,209.0,1.1,284.0,83230.0
1990-12-05 23:00:00+00:00,-9.74,43.9,0.0,0.0,0.0,203.75,1.1,275.0,83250.0
1990-12-06 00:00:00+00:00,-9.8,43.9,0.0,0.0,0.0,195.45,1.1,272.0,83300.0
1990-12-06 01:00:00+00:00,-9.6,45.9,208.45,911.98,64.65,182.4,1.03,283.0,83350.0
1990-12-06 02:00:00+00:00,-6.82,37.4,366.0,911.98,84.4,184.6,0.69,298.0,83370.0
1990-12-06 03:00:00+00:00,-4.11,28.0,481.5,912.55,95.2,187.15,0.55,320.0,83370.0
1990-12-06 04:00:00+00:00,-2.31,25.0,539.5,890.98,99.8,190.8,0.28,4.0,83300.0
1990-12-06 05:00:00+00:00,-0.98,25.25,533.4,843.96,99.15,192.95,0.34,67.0,83210.0
1990-12-06 06:00:00+00:00,-0.08,26.7,463.05,762.07,93.45,194.7,0.83,86.0,83100.0
1990-12-06 07:00:00+00:00,1.11,25.95,334.95,610.49,86.55,198.15,0.62,142.0,83020.0
1990-12-06 08:00:00+00:00,1.36,25.95,173.5,397.67,59.95,199.3,1.03,95.0,83030.0
1990-12-06 09:00:00+00:00,1.09,27.1,27.95,96.74,15.45,198.15,1.79,70.0,83080.0
1990-12-06 10:00:00+00:00,-0.19,31.75,0.0,0.0,0.0,197.95,2.28,58.0,83110.0
1990-12-06 11:00:00+00:00,-2.02,37.1,0.0,0.0,0.0,194.85,2.14,42.0,83160.0
1990-12-06 12:00:00+00:00,-3.61,36.65,0.0,0.0,0.0,192.55,1.93,30.0,83200.0
1990-12-06 13:00:00+00:00,-4.5,38.0,0.0,0.0,0.0,193.5,1.79,22.0,83230.0
1990-12-06 14:00:00+00:00,-5.37,36.2,0.0,0.0,0.0,191.0,1.79,10.0,83270.0
1990-12-06 15:00:00+00:00,-6.11,37.55,0.0,0.0,0.0,190.8,1.79,2.0,83310.0
1990-12-06 16:00:00+00:00,-6.49,34.35,0.0,0.0,0.0,199.7,1.59,1.0,83310.0
1990-12-06 17:00:00+00:00,-6.55,35.75,0.0,0.0,0.0,203.6,1.31,355.0,83280.0
1990-12-06 18:00:00+00:00,-6.51,35.75,0.0,0.0,0.0,202.05,1.03,344.0,83270.0
1990-12-06 19:00:00+00:00,-6.82,40.85,0.0,0.0,0.0,192.75,0.97,306.0,83230.0
1990-12-06 20:00:00+00:00,-7.04,44.5,0.0,0.0,0.0,190.2,0.97,290.0,83220.0
1990-12-06 21:00:00+00:00,-7.11,44.5,0.0,0.0,0.0,190.2,0.9,277.0,83180.0
1990-12-06 22:00:00+00:00,-7.16,46.5,0.0,0.0,0.0,190.8,0.9,269.0,83160.0
1990-12-06 23:00:00+00:00,-7.37,46.5,0.0,0.0,0.0,190.6,0.9,271.0,83160.0
1990-12-07 00:00:00+00:00,-7.57,50.55,0.0,0.0,0.0,190.8,0.97,268.0,83180.0
1990-12-07 01:00:00+00:00,-7.69,50.55,203.05,897.94,63.8,191.7,1.03,269.0,83200.0
1990-12-07 02:00:00+00:00,-5.85,43.0,358.7,897.58,83.8,193.9,0.76,271.0,83230.0
1990-12-07 03:00:00+00:00,-2.6,33.9,473.05,898.59,94.75,198.15,0.55,246.0,83220.0
1990-12-07 04:00:00+00:00,-0.6,31.6,530.85,877.82,99.45,201.65,0.69,220.0,83150.0
1990-12-07 05:00:00+00:00,0.81,32.05,525.4,832.28,98.6,204.35,0.83,219.0,83070.0
1990-12-07 06:00:00+00:00,1.76,31.0,457.6,755.21,92.35,206.5,0.83,206.0,82970.0
1990-12-07 07:00:00+00:00,3.03,29.85,333.65,624.39,80.2,208.2,0.62,192.0,82910.0
1990-12-07 08:00:00+00:00,3.28,28.75,172.5,401.48,58.1,208.8,0.62,116.0,82910.0
1990-12-07 09:00:00+00:00,3.01,31.15,27.7,96.54,15.25,207.45,1.1,87.0,82930.0
1990-12-07 10:00:00+00:00,1.68,43.3,0.0,0.0,0.0,205.3,1.38,77.0,82960.0
1990-12-07 11:00:00+00:00,0.02,46.5,0.0,0.0,0.0,204.75,1.24,75.0,82980.0
1990-12-07 12:00:00+00:00,0.17,37.8,0.0,0.0,0.0,203.4,0.76,73.0,83010.0
1990-12-07 13:00:00+00:00,-0.56,42.6,0.0,0.0,0.0,203.0,0.34,53.0,83020.0
1990-12-07 14:00:00+00:00,-1.22,44.3,0.0,0.0,0.0,203.75,0.34,3.0,83030.0
1990-12-07 15:00:00+00:00,-1.83,46.05,0.0,0.0,0.0,203.4,0.41,332.0,83010.0
1990-12-07 16:00:00+00:00,-2.4,47.9,0.0,0.0,0.0,202.8,0.34,324.0,82980.0
1990-12-07 17:00:00+00:00,-2.96,49.8,0.0,0.0,0.0,202.2,0.28,338.0,82930.0
1990-12-07 18:00:00+00:00,-3.46,51.8,0.0,0.0,0.0,201.65,0.41,360.0,82910.0
1990-12-07 19:00:00+00:00,-4.14,56.1,0.0,0.0,0.0,199.15,0.48,350.0,82880.0
1990-12-07 20:00:00+00:00,-4.88,58.35,0.0,0.0,0.0,199.3,0.69,0.0,82840.0
1990-12-07 21:00:00+00:00,-5.41,60.75,0.0,0.0,0.0,199.3,0.76,2.0,82800.0
1990-12-07 22:00:00+00:00,-5.81,63.25,0.0,0.0,0.0,197.6,0.69,359.0,82810.0
1990-12-07 23:00:00+00:00,-6.13,65.8,0.0,0.0,0.0,196.8,0.69,2.0,82830.0
1990-12-08 00:00:00+00:00,-6.37,65.8,0.0,0.0,0.0,196.8,0.55,4.0,82880.0
1990-12-08 01:00:00+00:00,-7.0,68.55,200.1,895.78,63.45,197.1,0.69,345.0,82930.0
1990-12-08 02:00:00+00:00,-5.28,63.35,356.5,901.3,82.65,199.15,0.83,346.0,82980.0
1990-12-08 03:00:00+00:00,-1.97,52.05,470.25,897.65,94.35,201.45,1.1,9.0,82980.0
1990-12-08 04:00:00+00:00,-0.1,46.5,527.75,874.9,99.5,204.75,1.45,25.0,82960.0
1990-12-08 05:00:00+00:00,1.1,43.2,523.9,831.49,98.85,207.25,1.72,35.0,82890.0
1990-12-08 06:00:00+00:00,1.9,41.55,442.35,693.11,108.0,208.4,1.93,47.0,82820.0
1990-12-08 07:00:00+00:00,2.04,41.55,326.8,593.0,86.6,213.45,1.52,82.0,82730.0
1990-12-08 08:00:00+00:00,2.18,43.3,162.25,324.12,70.05,209.4,1.72,89.0,82750.0
1990-12-08 09:00:00+00:00,1.77,45.15,26.85,79.18,16.65,210.95,1.72,89.0,82770.0
1990-12-08 10:00:00+00:00,0.78,50.75,0.0,0.0,0.0,208.4,1.38,80.0,82820.0
1990-12-08 11:00:00+00:00,-0.77,61.8,0.0,0.0,0.0,208.2,1.17,62.0,82880.0
1990-12-08 12:00:00+00:00,-0.65,54.7,0.0,0.0,0.0,202.6,0.97,53.0,82900.0
1990-12-08 13:00:00+00:00,-1.08,56.85,0.0,0.0,0.0,201.85,0.28,56.0,82940.0
1990-12-08 14:00:00+00:00,-1.59,59.1,0.0,0.0,0.0,202.6,0.62,227.0,82940.0
1990-12-08 15:00:00+00:00,-2.57,63.9,0.0,0.0,0.0,204.15,1.17,230.0,82940.0
1990-12-08 16:00:00+00:00,-3.6,66.35,0.0,0.0,0.0,202.05,1.31,234.0,82930.0
1990-12-08 17:00:00+00:00,-3.84,66.35,0.0,0.0,0.0,201.85,1.17,238.0,82900.0
1990-12-08 18:00:00+00:00,-4.26,69.05,0.0,0.0,0.0,202.4,1.1,235.0,82860.0
1990-12-08 19:00:00+00:00,-5.29,68.85,0.0,0.0,0.0,204.75,1.24,234.0,82780.0
1990-12-08 20:00:00+00:00,-6.52,74.55,0.0,0.0,0.0,204.35,1.38,232.0,82710.0
1990-12-08 21:00:00+00:00,-7.4,74.45,0.0,0.0,0.0,202.05,1.45,233.0,82670.0
1990-12-08 22:00:00+00:00,-7.93,77.55,0.0,0.0,0.0,197.2,1.45,235.0,82610.0
1990-12-08 23:00:00+00:00,-8.12,77.45,0.0,0.0,0.0,197.4,1.31,238.0,82610.0
1990-12-09 00:00:00+00:00,-8.41,74.25,0.0,0.0,0.0,192.95,1.24,237.0,82630.0
1990-12-09 01:00:00+00:00,-8.47,74.25,201.0,918.42,63.15,194.6,1.1,246.0,82670.0
1990-12-09 02:00:00+00:00,-5.57,63.25,358.35,915.27,82.4,196.6,0.83,274.0,82710.0
1990-12-09 03:00:00+00:00,-1.48,46.05,461.95,844.77,110.0,199.9,2.48,356.0,82780.0
1990-12-09 04:00:00+00:00,0.68,37.95,505.55,759.39,135.25,206.85,4.97,23.0,82850.0
1990-12-09 05:00:00+00:00,0.41,33.3,518.95,808.16,107.05,207.25,7.72,19.0,82820.0
1990-12-09 06:00:00+00:00,-0.2,30.4,456.55,756.56,92.45,203.6,8.76,17.0,82790.0
1990-12-09 07:00:00+00:00,-0.96,32.85,332.75,623.52,80.65,198.15,8.28,19.0,82800.0
1990-12-09 08:00:00+00:00,-1.74,34.15,171.85,399.17,58.45,196.6,7.79,21.0,82870.0
1990-12-09 09:00:00+00:00,-2.91,36.95,27.65,95.51,15.35,193.7,6.28,24.0,82960.0
1990-12-09 10:00:00+00:00,-4.27,41.6,0.0,0.0,0.0,190.8,5.72,24.0,83060.0
1990-12-09 11:00:00+00:00,-5.18,45.05,0.0,0.0,0.0,190.2,5.1,23.0,83170.0
1990-12-09 12:00:00+00:00,-5.81,49.0,0.0,0.0,0.0,188.3,4.55,21.0,83250.0
1990-12-09 13:00:00+00:00,-6.22,51.0,0.0,0.0,0.0,192.35,4.28,21.0,83360.0
1990-12-09 14:00:00+00:00,-6.57,55.45,0.0,0.0,0.0,198.75,4.0,24.0,83430.0
1990-12-09 15:00:00+00:00,-6.87,55.45,0.0,0.0,0.0,209.2,3.1,26.0,83520.0
1990-12-09 16:00:00+00:00,-7.12,60.25,0.0,0.0,0.0,221.2,2.28,25.0,83570.0
1990-12-09 17:00:00+00:00,-7.67,62.75,0.0,0.0,0.0,214.05,1.45,15.0,83600.0
1990-12-09 18:00:00+00:00,-7.62,65.5,0.0,0.0,0.0,227.4,0.76,17.0,83600.0
1990-12-09 19:00:00+00:00,-7.96,62.75,0.0,0.0,0.0,221.2,0.14,231.0,83530.0
1990-12-09 20:00:00+00:00,-8.68,65.4,0.0,0.0,0.0,207.45,0.76,303.0,83540.0
1990-12-09 21:00:00+00:00,-9.35,68.15,0.0,0.0,0.0,210.55,0.97,306.0,83550.0
1990-12-09 22:00:00+00:00,-9.73,71.0,0.0,0.0,0.0,207.45,1.03,321.0,83600.0
1990-12-09 23:00:00+00:00,-9.74,71.0,0.0,0.0,0.0,216.95,0.9,341.0,83630.0
1990-12-10 00:00:00+00:00,-9.95,74.1,0.0,0.0,0.0,208.4,0.69,343.0,83680.0
1990-12-10 01:00:00+00:00,-9.61,74.1,158.05,427.84,94.85,207.15,0.41,354.0,83740.0
1990-12-10 02:00:00+00:00,-7.96,65.5,293.35,508.29,141.25,215.0,0.55,16.0,83760.0
1990-12-10 03:00:00+00:00,-6.84,55.45,371.3,477.59,173.3,214.8,1.72,22.0,83780.0
1990-12-10 04:00:00+00:00,-5.92,49.0,440.8,546.43,175.3,219.45,2.28,24.0,83760.0
1990-12-10 05:00:00+00:00,-4.99,49.1,387.45,453.5,156.95,216.95,2.55,31.0,83650.0
1990-12-10 06:00:00+00:00,-4.76,47.2,379.65,462.59,157.5,223.9,2.76,42.0,83550.0
1990-12-10 07:00:00+00:00,-4.77,47.2,261.6,304.32,138.75,221.0,3.66,39.0,83480.0
1990-12-10 08:00:00+00:00,-4.94,45.2,100.85,63.24,82.9,223.3,3.66,40.0,83500.0
1990-12-10 09:00:00+00:00,-5.47,47.05,11.85,3.49,11.4,232.4,3.31,34.0,83600.0
1990-12-10 10:00:00+00:00,-6.1,53.25,0.0,0.0,0.0,253.7,3.31,42.0,83630.0
1990-12-10 11:00:00+00:00,-6.56,57.85,0.0,0.0,0.0,245.4,3.03,46.0,83720.0
1990-12-10 12:00:00+00:00,-6.96,57.85,0.0,0.0,0.0,224.5,2.34,48.0,83770.0
1990-12-10 13:00:00+00:00,-7.22,60.25,0.0,0.0,0.0,221.2,1.93,49.0,83810.0
1990-12-10 14:00:00+00:00,-7.45,60.25,0.0,0.0,0.0,223.15,1.52,53.0,83820.0
1990-12-10 15:00:00+00:00,-7.84,62.75,0.0,0.0,0.0,208.2,1.03,55.0,83820.0
1990-12-10 16:00:00+00:00,-8.43,65.4,0.0,0.0,0.0,201.85,0.76,44.0,83810.0
1990-12-10 17:00:00+00:00,-8.68,65.4,0.0,0.0,0.0,198.35,0.34,359.0,83790.0
1990-12-10 18:00:00+00:00,-9.08,68.15,0.0,0.0,0.0,204.55,0.41,290.0,83780.0
1990-12-10 19:00:00+00:00,-9.27,65.25,0.0,0.0,0.0,206.1,0.62,309.0,83730.0
1990-12-10 20:00:00+00:00,-9.71,68.0,0.0,0.0,0.0,214.4,0.69,308.0,83680.0
1990-12-10 21:00:00+00:00,-10.08,70.9,0.0,0.0,0.0,212.1,0.69,294.0,83620.0
1990-12-10 22:00:00+00:00,-10.58,73.9,0.0,0.0,0.0,204.75,0.83,260.0,83580.0
1990-12-10 23:00:00+00:00,-10.67,70.8,0.0,0.0,0.0,215.2,0.97,238.0,83590.0
1990-12-11 00:00:00+00:00,-10.64,70.8,0.0,0.0,0.0,218.5,1.1,226.0,83600.0
1990-12-11 01:00:00+00:00,-10.3,67.9,141.5,236.21,107.15,214.35,0.97,224.0,83630.0
1990-12-11 02:00:00+00:00,-8.36,60.0,262.8,306.66,171.7,216.35,0.83,210.0,83640.0
1990-12-11 03:00:00+00:00,-6.59,53.1,381.2,409.08,212.4,218.5,1.17,201.0,83620.0
1990-12-11 04:00:00+00:00,-5.16,49.1,454.65,507.4,208.95,212.85,1.45,192.0,83540.0
1990-12-11 05:00:00+00:00,-3.87,43.6,446.95,452.59,217.5,215.0,1.59,181.0,83410.0
1990-12-11 06:00:00+00:00,-2.87,40.3,400.1,450.84,184.0,218.3,1.79,170.0,83290.0
1990-12-11 07:00:00+00:00,-1.69,37.25,306.5,458.75,121.55,211.15,2.14,170.0,83170.0
1990-12-11 08:00:00+00:00,-1.19,35.8,157.35,270.74,80.55,207.05,1.59,170.0,83140.0
1990-12-11 09:00:00+00:00,-1.25,35.8,28.1,87.59,16.8,199.5,0.41,119.0,83140.0
1990-12-11 10:00:00+00:00,-2.21,38.7,0.0,0.0,0.0,192.55,1.93,23.0,83210.0
1990-12-11 11:00:00+00:00,-3.58,41.75,0.0,0.0,0.0,191.75,2.34,27.0,83290.0
1990-12-11 12:00:00+00:00,-4.65,45.2,0.0,0.0,0.0,191.75,2.07,35.0,83330.0
1990-12-11 13:00:00+00:00,-5.37,47.05,0.0,0.0,0.0,193.7,1.66,28.0,83360.0
1990-12-11 14:00:00+00:00,-6.31,51.0,0.0,0.0,0.0,189.45,1.86,12.0,83400.0
1990-12-11 15:00:00+00:00,-7.14,52.95,0.0,0.0,0.0,190.4,2.76,5.0,83480.0
1990-12-11 16:00:00+00:00,-7.88,50.55,0.0,0.0,0.0,190.8,2.83,13.0,83490.0
1990-12-11 17:00:00+00:00,-8.78,52.7,0.0,0.0,0.0,183.25,2.9,7.0,83480.0
1990-12-11 18:00:00+00:00,-9.6,54.75,0.0,0.0,0.0,181.9,2.69,4.0,83510.0
1990-12-11 19:00:00+00:00,-10.01,54.75,0.0,0.0,0.0,185.6,2.48,6.0,83510.0
1990-12-11 20:00:00+00:00,-10.69,59.5,0.0,0.0,0.0,184.4,2.07,7.0,83530.0
1990-12-11 21:00:00+00:00,-11.24,59.4,0.0,0.0,0.0,180.35,1.93,4.0,83540.0
1990-12-11 22:00:00+00:00,-11.73,61.95,0.0,0.0,0.0,181.5,1.79,6.0,83550.0
1990-12-11 23:00:00+00:00,-12.17,64.6,0.0,0.0,0.0,180.35,1.66,8.0,83600.0
1990-12-12 00:00:00+00:00,-12.55,64.6,0.0,0.0,0.0,182.5,1.52,2.0,83660.0
1990-12-12 01:00:00+00:00,-12.3,64.6,179.15,737.08,73.6,186.25,1.17,357.0,83740.0
1990-12-12 02:00:00+00:00,-10.16,52.3,328.4,738.82,110.45,188.3,1.17,13.0,83760.0
1990-12-12 03:00:00+00:00,-8.59,48.25,426.3,748.19,118.95,188.3,1.66,34.0,83770.0
1990-12-12 04:00:00+00:00,-7.21,44.5,497.1,760.95,129.8,196.05,1.93,48.0,83710.0
1990-12-12 05:00:00+00:00,-6.02,44.75,479.3,734.1,108.0,199.5,2.14,56.0,83580.0
1990-12-12 06:00:00+00:00,-5.23,41.3,439.2,684.71,111.55,196.8,2.34,61.0,83470.0
1990-12-12 07:00:00+00:00,-5.02,41.3,327.4,592.18,88.9,188.3,2.07,67.0,83420.0
1990-12-12 08:00:00+00:00,-4.84,39.7,173.2,399.29,59.95,187.15,2.62,68.0,83410.0
1990-12-12 09:00:00+00:00,-5.16,41.3,28.3,97.08,15.75,185.6,3.03,66.0,83420.0
1990-12-12 10:00:00+00:00,-5.92,43.0,0.0,0.0,0.0,183.05,2.55,62.0,83480.0
1990-12-12 11:00:00+00:00,-6.51,46.6,0.0,0.0,0.0,182.7,2.28,52.0,83490.0
1990-12-12 12:00:00+00:00,-7.01,48.55,0.0,0.0,0.0,181.5,2.14,38.0,83530.0
1990-12-12 13:00:00+00:00,-7.66,50.55,0.0,0.0,0.0,180.75,1.72,24.0,83560.0
1990-12-12 14:00:00+00:00,-8.56,52.7,0.0,0.0,0.0,180.55,1.72,18.0,83570.0
1990-12-12 15:00:00+00:00,-9.49,54.9,0.0,0.0,0.0,179.0,1.79,17.0,83580.0
1990-12-12 16:00:00+00:00,-10.26,59.65,0.0,0.0,0.0,183.05,1.72,16.0,83570.0
1990-12-12 17:00:00+00:00,-10.7,62.15,0.0,0.0,0.0,194.85,1.66,14.0,83550.0
1990-12-12 18:00:00+00:00,-11.31,64.8,0.0,0.0,0.0,187.5,1.66,14.0,83520.0
1990-12-12 19:00:00+00:00,-11.65,67.6,0.0,0.0,0.0,195.45,1.72,8.0,83490.0
1990-12-12 20:00:00+00:00,-11.64,67.6,0.0,0.0,0.0,215.0,1.66,4.0,83470.0
1990-12-12 21:00:00+00:00,-11.93,67.6,0.0,0.0,0.0,207.65,1.59,1.0,83460.0
1990-12-12 22:00:00+00:00,-12.15,70.5,0.0,0.0,0.0,213.05,1.59,0.0,83450.0
1990-12-12 23:00:00+00:00,-12.29,70.5,0.0,0.0,0.0,216.95,1.59,358.0,83480.0
1990-12-13 00:00:00+00:00,-12.3,70.5,0.0,0.0,0.0,222.75,1.52,358.0,83540.0
1990-12-13 01:00:00+00:00,-11.53,64.8,100.4,108.11,85.15,240.45,1.59,3.0,83600.0
1990-12-13 02:00:00+00:00,-10.36,57.1,188.15,134.3,148.8,245.4,2.14,15.0,83660.0
1990-12-13 03:00:00+00:00,-9.45,52.55,285.75,229.68,191.8,243.25,2.9,24.0,83670.0
1990-12-13 04:00:00+00:00,-8.55,50.45,333.3,248.83,213.55,241.3,3.59,28.0,83630.0
1990-12-13 05:00:00+00:00,-7.98,48.4,385.6,319.49,224.35,229.7,4.07,29.0,83550.0
1990-12-13 06:00:00+00:00,-7.39,46.5,294.85,183.01,207.4,230.1,4.55,31.0,83480.0
1990-12-13 07:00:00+00:00,-7.35,48.55,237.25,210.33,152.6,236.85,5.03,30.0,83400.0
1990-12-13 08:00:00+00:00,-7.56,50.55,129.95,171.84,81.2,225.25,5.72,27.0,83480.0
1990-12-13 09:00:00+00:00,-8.32,50.45,17.5,23.14,14.5,218.1,6.07,23.0,83580.0
1990-12-13 10:00:00+00:00,-9.29,52.55,0.0,0.0,0.0,232.6,5.86,20.0,83720.0
1990-12-13 11:00:00+00:00,-10.06,57.1,0.0,0.0,0.0,224.65,5.1,21.0,83830.0
1990-12-13 12:00:00+00:00,-10.5,59.65,0.0,0.0,0.0,230.1,4.41,22.0,83950.0
1990-12-13 13:00:00+00:00,-10.79,62.15,0.0,0.0,0.0,229.5,3.45,26.0,84020.0
1990-12-13 14:00:00+00:00,-11.04,62.15,0.0,0.0,0.0,223.7,2.76,38.0,84050.0
1990-12-13 15:00:00+00:00,-11.23,64.8,0.0,0.0,0.0,221.4,2.55,40.0,84090.0
1990-12-13 16:00:00+00:00,-11.44,64.8,0.0,0.0,0.0,216.15,2.28,42.0,84100.0
1990-12-13 17:00:00+00:00,-11.78,67.6,0.0,0.0,0.0,205.9,2.21,36.0,84100.0
1990-12-13 18:00:00+00:00,-12.23,70.5,0.0,0.0,0.0,199.5,2.28,32.0,84110.0
1990-12-13 19:00:00+00:00,-12.75,73.55,0.0,0.0,0.0,186.35,1.59,36.0,84180.0
1990-12-13 20:00:00+00:00,-13.16,73.45,0.0,0.0,0.0,184.25,0.97,32.0,84170.0
1990-12-13 21:00:00+00:00,-13.55,73.45,0.0,0.0,0.0,176.85,0.14,340.0,84130.0
1990-12-13 22:00:00+00:00,-14.41,76.6,0.0,0.0,0.0,162.55,0.76,257.0,84110.0
1990-12-13 23:00:00+00:00,-15.28,83.45,0.0,0.0,0.0,155.75,1.03,263.0,84130.0
1990-12-14 00:00:00+00:00,-16.03,83.4,0.0,0.0,0.0,153.25,1.1,269.0,84130.0
1990-12-14 01:00:00+00:00,-16.21,87.1,194.1,938.42,63.65,153.15,1.03,269.0,84170.0
1990-12-14 02:00:00+00:00,-13.72,70.2,356.4,930.55,85.5,155.0,0.76,258.0,84170.0
1990-12-14 03:00:00+00:00,-11.44,59.4,477.35,932.5,97.45,157.3,1.31,239.0,84110.0
1990-12-14 04:00:00+00:00,-9.54,52.4,540.0,911.49,102.55,160.4,2.14,243.0,83990.0
1990-12-14 05:00:00+00:00,-7.87,44.35,537.45,864.7,101.85,163.7,2.48,244.0,83840.0
1990-12-14 06:00:00+00:00,-6.55,39.1,469.75,784.25,95.45,166.4,2.21,244.0,83700.0
1990-12-14 07:00:00+00:00,-5.54,36.05,345.6,653.91,82.55,170.1,1.45,235.0,83580.0
1990-12-14 08:00:00+00:00,-5.19,34.65,181.8,429.61,59.85,171.05,0.41,210.0,83560.0
1990-12-14 09:00:00+00:00,-5.29,34.65,30.7,110.28,16.35,170.7,0.69,100.0,83560.0
1990-12-14 10:00:00+00:00,-6.1,37.55,0.0,0.0,0.0,169.5,1.24,84.0,83590.0
1990-12-14 11:00:00+00:00,-7.18,40.7,0.0,0.0,0.0,169.15,1.1,77.0,83650.0
1990-12-14 12:00:00+00:00,-8.16,44.2,0.0,0.0,0.0,168.35,0.69,54.0,83640.0
1990-12-14 13:00:00+00:00,-8.96,44.2,0.0,0.0,0.0,167.6,0.48,9.0,83670.0
1990-12-14 14:00:00+00:00,-9.9,45.9,0.0,0.0,0.0,167.6,0.62,323.0,83670.0
1990-12-14 15:00:00+00:00,-11.02,49.85,0.0,0.0,0.0,167.4,0.83,301.0,83680.0
1990-12-14 16:00:00+00:00,-12.07,56.55,0.0,0.0,0.0,167.4,1.1,288.0,83640.0
1990-12-14 17:00:00+00:00,-13.01,56.45,0.0,0.0,0.0,167.2,1.24,284.0,83610.0
1990-12-14 18:00:00+00:00,-13.69,58.75,0.0,0.0,0.0,167.4,1.38,284.0,83570.0
1990-12-14 19:00:00+00:00,-13.89,58.75,0.0,0.0,0.0,168.15,1.31,285.0,83560.0
1990-12-14 20:00:00+00:00,-14.32,61.35,0.0,0.0,0.0,167.95,1.24,283.0,83520.0
1990-12-14 21:00:00+00:00,-14.72,61.2,0.0,0.0,0.0,167.75,1.38,279.0,83470.0
1990-12-14 22:00:00+00:00,-14.93,61.2,0.0,0.0,0.0,167.6,1.45,276.0,83460.0
1990-12-14 23:00:00+00:00,-15.01,58.5,0.0,0.0,0.0,167.4,1.45,273.0,83470.0
1990-12-15 00:00:00+00:00,-15.03,58.5,0.0,0.0,0.0,167.6,1.45,269.0,83510.0
1990-12-15 01:00:00+00:00,-14.77,58.5,192.4,955.91,61.4,168.25,1.45,267.0,83560.0
1990-12-15 02:00:00+00:00,-11.57,45.3,353.2,935.12,82.65,170.7,1.03,265.0,83600.0
1990-12-15 03:00:00+00:00,-8.2,36.95,473.0,932.97,94.35,173.95,0.83,258.0,83600.0
1990-12-15 04:00:00+00:00,-5.97,31.55,535.15,909.74,99.65,177.85,0.62,252.0,83520.0
1990-12-15 05:00:00+00:00,-4.29,28.0,532.95,862.18,99.35,181.15,0.55,238.0,83410.0
1990-12-15 06:00:00+00:00,-3.05,28.25,465.0,779.44,93.35,183.65,0.48,215.0,83300.0
1990-12-15 07:00:00+00:00,-2.14,27.3,342.25,649.55,81.0,187.3,0.69,194.0,83250.0
1990-12-15 08:00:00+00:00,-1.89,26.25,180.3,426.89,59.0,187.5,0.62,131.0,83220.0
1990-12-15 09:00:00+00:00,-2.09,27.3,30.65,110.17,16.25,186.75,1.17,86.0,83250.0
1990-12-15 10:00:00+00:00,-3.22,29.55,0.0,0.0,0.0,184.8,1.66,62.0,83310.0
1990-12-15 11:00:00+00:00,-4.69,33.3,0.0,0.0,0.0,184.05,1.59,43.0,83360.0
1990-12-15 12:00:00+00:00,-5.94,36.05,0.0,0.0,0.0,182.7,1.38,27.0,83420.0
1990-12-15 13:00:00+00:00,-6.63,39.1,0.0,0.0,0.0,181.3,1.24,11.0,83460.0
1990-12-15 14:00:00+00:00,-7.26,40.7,0.0,0.0,0.0,180.15,1.1,350.0,83470.0
1990-12-15 15:00:00+00:00,-8.27,42.25,0.0,0.0,0.0,179.0,1.1,330.0,83490.0
1990-12-15 16:00:00+00:00,-9.36,44.05,0.0,0.0,0.0,178.4,1.24,317.0,83500.0
1990-12-15 17:00:00+00:00,-10.35,47.85,0.0,0.0,0.0,178.05,1.31,311.0,83460.0
1990-12-15 18:00:00+00:00,-11.13,52.0,0.0,0.0,0.0,178.05,1.31,312.0,83450.0
1990-12-15 19:00:00+00:00,-11.46,52.0,0.0,0.0,0.0,178.6,1.31,315.0,83470.0
1990-12-15 20:00:00+00:00,-11.96,54.25,0.0,0.0,0.0,178.25,1.31,318.0,83480.0
1990-12-15 21:00:00+00:00,-12.52,56.55,0.0,0.0,0.0,177.45,1.31,322.0,83480.0
1990-12-15 22:00:00+00:00,-12.99,59.0,0.0,0.0,0.0,176.7,1.31,328.0,83540.0
1990-12-15 23:00:00+00:00,-13.42,58.9,0.0,0.0,0.0,175.5,1.31,328.0,83590.0
1990-12-16 00:00:00+00:00,-13.79,61.45,0.0,0.0,0.0,174.55,1.24,321.0,83650.0
1990-12-16 01:00:00+00:00,-13.75,61.45,189.1,951.47,60.5,174.1,1.24,313.0,83740.0
1990-12-16 02:00:00+00:00,-10.46,45.75,349.5,930.75,81.8,175.9,0.9,311.0,83810.0
1990-12-16 03:00:00+00:00,-6.84,34.2,469.3,929.11,93.55,178.4,0.83,327.0,83840.0
1990-12-16 04:00:00+00:00,-4.6,27.85,531.95,906.51,99.0,181.3,0.69,358.0,83820.0
1990-12-16 05:00:00+00:00,-3.24,24.7,530.6,859.86,98.8,183.85,1.03,24.0,83760.0
1990-12-16 06:00:00+00:00,-2.34,22.85,464.75,780.11,93.05,185.0,1.66,31.0,83710.0
1990-12-16 07:00:00+00:00,-2.14,23.9,342.7,650.98,80.85,185.4,2.48,34.0,83700.0
1990-12-16 08:00:00+00:00,-2.22,23.9,181.05,428.76,59.05,184.4,2.9,36.0,83730.0
1990-12-16 09:00:00+00:00,-2.9,24.85,31.15,112.26,16.4,182.7,2.69,41.0,83780.0
1990-12-16 10:00:00+00:00,-4.1,26.75,0.0,0.0,0.0,180.15,2.0,48.0,83860.0
1990-12-16 11:00:00+00:00,-5.23,30.3,0.0,0.0,0.0,179.6,1.45,49.0,83940.0
1990-12-16 12:00:00+00:00,-6.0,31.55,0.0,0.0,0.0,178.25,1.1,45.0,83990.0
1990-12-16 13:00:00+00:00,-6.26,32.85,0.0,0.0,0.0,177.25,0.9,32.0,84050.0
1990-12-16 14:00:00+00:00,-7.08,35.6,0.0,0.0,0.0,175.9,0.76,12.0,84070.0
1990-12-16 15:00:00+00:00,-8.07,38.65,0.0,0.0,0.0,174.95,0.76,344.0,84120.0
1990-12-16 16:00:00+00:00,-9.38,40.25,0.0,0.0,0.0,174.35,0.97,324.0,84130.0
1990-12-16 17:00:00+00:00,-10.69,45.6,0.0,0.0,0.0,173.75,1.17,314.0,84120.0
1990-12-16 18:00:00+00:00,-11.62,47.4,0.0,0.0,0.0,173.4,1.17,307.0,84120.0
1990-12-16 19:00:00+00:00,-12.03,47.4,0.0,0.0,0.0,173.0,1.03,296.0,84120.0
1990-12-16 20:00:00+00:00,-12.56,49.45,0.0,0.0,0.0,173.0,1.03,285.0,84090.0
1990-12-16 21:00:00+00:00,-12.87,51.6,0.0,0.0,0.0,172.8,1.03,280.0,84020.0
1990-12-16 22:00:00+00:00,-12.87,51.6,0.0,0.0,0.0,172.6,0.97,277.0,84000.0
1990-12-16 23:00:00+00:00,-12.81,51.6,0.0,0.0,0.0,172.4,0.83,273.0,83980.0
1990-12-17 00:00:00+00:00,-12.88,51.6,0.0,0.0,0.0,172.6,0.83,268.0,83980.0
1990-12-17 01:00:00+00:00,-12.89,51.6,186.5,950.4,59.75,173.1,0.83,264.0,84010.0
1990-12-17 02:00:00+00:00,-10.78,43.6,346.55,928.46,81.0,175.9,0.55,275.0,84010.0
1990-12-17 03:00:00+00:00,-7.55,35.45,466.4,926.85,92.8,179.0,0.28,260.0,83980.0
1990-12-17 04:00:00+00:00,-5.24,30.3,529.2,904.21,98.25,183.05,0.07,204.0,83890.0
1990-12-17 05:00:00+00:00,-3.57,26.9,528.05,857.23,98.1,186.15,0.21,142.0,83750.0
1990-12-17 06:00:00+00:00,-2.34,25.0,462.5,777.33,92.3,189.05,0.55,132.0,83620.0
1990-12-17 07:00:00+00:00,-1.37,25.25,340.95,647.99,80.2,191.75,0.97,129.0,83530.0
1990-12-17 08:00:00+00:00,-0.99,25.25,180.25,426.96,58.55,192.35,1.31,103.0,83460.0
1990-12-17 09:00:00+00:00,-1.26,25.25,31.2,112.73,16.3,191.95,1.59,70.0,83450.0
1990-12-17 10:00:00+00:00,-2.56,26.0,0.0,0.0,0.0,190.6,1.86,43.0,83450.0
1990-12-17 11:00:00+00:00,-4.05,29.25,0.0,0.0,0.0,190.6,1.72,28.0,83450.0
1990-12-17 12:00:00+00:00,-5.16,31.7,0.0,0.0,0.0,189.45,1.45,15.0,83450.0
1990-12-17 13:00:00+00:00,-5.28,31.7,0.0,0.0,0.0,188.1,1.03,359.0,83460.0
1990-12-17 14:00:00+00:00,-6.03,34.35,0.0,0.0,0.0,190.4,0.83,332.0,83460.0
1990-12-17 15:00:00+00:00,-6.88,37.4,0.0,0.0,0.0,186.75,0.9,312.0,83470.0
1990-12-17 16:00:00+00:00,-7.65,40.55,0.0,0.0,0.0,187.3,0.97,306.0,83450.0
1990-12-17 17:00:00+00:00,-8.38,42.25,0.0,0.0,0.0,190.05,1.03,303.0,83430.0
1990-12-17 18:00:00+00:00,-9.19,46.05,0.0,0.0,0.0,191.95,1.1,298.0,83380.0
1990-12-17 19:00:00+00:00,-9.37,46.05,0.0,0.0,0.0,190.05,0.97,316.0,83340.0
1990-12-17 20:00:00+00:00,-10.03,48.0,0.0,0.0,0.0,191.2,0.97,317.0,83310.0
1990-12-17 21:00:00+00:00,-10.66,52.15,0.0,0.0,0.0,195.05,1.03,323.0,83250.0
1990-12-17 22:00:00+00:00,-11.28,54.35,0.0,0.0,0.0,193.15,1.1,328.0,83230.0
1990-12-17 23:00:00+00:00,-11.71,56.7,0.0,0.0,0.0,182.5,1.1,328.0,83260.0
1990-12-18 00:00:00+00:00,-12.06,59.15,0.0,0.0,0.0,181.5,1.1,326.0,83300.0
1990-12-18 01:00:00+00:00,-12.04,56.7,183.3,942.21,59.25,180.25,1.03,320.0,83350.0
1990-12-18 02:00:00+00:00,-9.47,46.05,343.45,923.53,80.7,181.3,0.76,308.0,83400.0
1990-12-18 03:00:00+00:00,-6.11,37.55,464.5,925.33,92.65,182.7,0.62,299.0,83410.0
1990-12-18 04:00:00+00:00,-4.02,32.0,529.4,906.94,97.95,184.6,0.41,275.0,83350.0
1990-12-18 05:00:00+00:00,-2.58,29.7,530.2,863.18,97.7,186.55,0.41,237.0,83260.0
1990-12-18 06:00:00+00:00,-1.54,27.45,465.8,784.76,92.15,187.3,0.48,205.0,83160.0
1990-12-18 07:00:00+00:00,-1.1,27.6,345.0,657.87,80.1,188.3,0.41,159.0,83080.0
1990-12-18 08:00:00+00:00,-0.83,25.4,183.6,437.08,58.75,187.5,0.69,113.0,83070.0
1990-12-18 09:00:00+00:00,-1.07,26.4,32.4,118.37,16.65,186.15,0.9,102.0,83100.0
1990-12-18 10:00:00+00:00,-2.19,32.55,0.0,0.0,0.0,184.05,0.9,97.0,83130.0
1990-12-18 11:00:00+00:00,-2.88,28.4,0.0,0.0,0.0,183.65,0.48,98.0,83170.0
1990-12-18 12:00:00+00:00,-3.6,30.75,0.0,0.0,0.0,182.85,0.0,128.0,83180.0
1990-12-18 13:00:00+00:00,-4.38,32.0,0.0,0.0,0.0,181.5,0.41,247.0,83210.0
1990-12-18 14:00:00+00:00,-5.24,34.65,0.0,0.0,0.0,180.35,0.9,249.0,83230.0
1990-12-18 15:00:00+00:00,-6.71,39.1,0.0,0.0,0.0,179.75,1.1,257.0,83240.0
1990-12-18 16:00:00+00:00,-7.8,42.4,0.0,0.0,0.0,179.0,1.17,262.0,83220.0
1990-12-18 17:00:00+00:00,-8.85,44.2,0.0,0.0,0.0,179.2,1.24,267.0,83180.0
1990-12-18 18:00:00+00:00,-9.61,48.0,0.0,0.0,0.0,178.8,1.1,271.0,83130.0
1990-12-18 19:00:00+00:00,-10.36,50.0,0.0,0.0,0.0,179.0,1.1,277.0,83100.0
1990-12-18 20:00:00+00:00,-10.41,50.0,0.0,0.0,0.0,178.8,0.97,288.0,83080.0
1990-12-18 21:00:00+00:00,-10.57,52.15,0.0,0.0,0.0,178.8,0.9,291.0,83040.0
1990-12-18 22:00:00+00:00,-10.42,50.0,0.0,0.0,0.0,179.2,0.69,298.0,83020.0
1990-12-18 23:00:00+00:00,-10.14,50.0,0.0,0.0,0.0,179.2,0.62,313.0,83050.0
1990-12-19 00:00:00+00:00,-10.24,50.0,0.0,0.0,0.0,179.2,0.62,323.0,83060.0
1990-12-19 01:00:00+00:00,-10.58,52.15,182.85,954.69,58.7,179.5,0.76,333.0,83140.0
1990-12-19 02:00:00+00:00,-9.36,48.1,342.7,927.77,80.05,182.3,0.9,346.0,83190.0
1990-12-19 03:00:00+00:00,-5.89,37.7,462.7,925.54,91.8,184.6,1.38,9.0,83200.0
1990-12-19 04:00:00+00:00,-3.78,32.15,525.9,902.52,97.25,187.5,2.07,23.0,83160.0
1990-12-19 05:00:00+00:00,-2.27,28.55,525.55,855.77,97.1,190.4,2.83,29.0,83060.0
1990-12-19 06:00:00+00:00,-1.34,27.6,461.55,776.66,91.75,191.2,3.72,30.0,82980.0
1990-12-19 07:00:00+00:00,-1.02,28.85,340.25,643.73,80.8,192.55,4.28,26.0,82930.0
1990-12-19 08:00:00+00:00,-1.41,28.85,175.75,380.64,66.75,192.15,5.17,24.0,83000.0
1990-12-19 09:00:00+00:00,-2.47,31.05,30.6,92.89,18.15,194.5,5.03,23.0,83120.0
1990-12-19 10:00:00+00:00,-4.03,34.95,0.0,0.0,0.0,196.8,5.03,23.0,83230.0
1990-12-19 11:00:00+00:00,-4.99,38.0,0.0,0.0,0.0,197.2,4.62,24.0,83350.0
1990-12-19 12:00:00+00:00,-5.33,39.55,0.0,0.0,0.0,222.15,4.55,23.0,83440.0
1990-12-19 13:00:00+00:00,-5.84,41.15,0.0,0.0,0.0,219.85,4.14,23.0,83540.0
1990-12-19 14:00:00+00:00,-6.37,42.85,0.0,0.0,0.0,217.5,3.45,24.0,83640.0
1990-12-19 15:00:00+00:00,-7.07,46.5,0.0,0.0,0.0,205.7,2.62,26.0,83710.0
1990-12-19 16:00:00+00:00,-7.98,48.4,0.0,0.0,0.0,193.9,2.0,28.0,83750.0
1990-12-19 17:00:00+00:00,-9.11,52.55,0.0,0.0,0.0,177.85,1.52,30.0,83770.0
1990-12-19 18:00:00+00:00,-9.41,50.3,0.0,0.0,0.0,182.85,1.24,33.0,83800.0
1990-12-19 19:00:00+00:00,-10.6,56.95,0.0,0.0,0.0,186.35,1.52,36.0,83840.0
1990-12-19 20:00:00+00:00,-10.82,56.95,0.0,0.0,0.0,181.9,1.31,34.0,83880.0
1990-12-19 21:00:00+00:00,-11.22,59.4,0.0,0.0,0.0,184.4,1.31,37.0,83880.0
1990-12-19 22:00:00+00:00,-11.53,59.4,0.0,0.0,0.0,191.75,1.31,40.0,83910.0
1990-12-19 23:00:00+00:00,-11.59,64.7,0.0,0.0,0.0,182.3,1.03,41.0,83920.0
1990-12-20 00:00:00+00:00,-11.68,64.7,0.0,0.0,0.0,186.75,0.62,40.0,84010.0
1990-12-20 01:00:00+00:00,-11.59,67.6,145.55,515.11,79.35,201.15,0.28,27.0,84090.0
1990-12-20 02:00:00+00:00,-10.53,59.65,281.8,492.92,142.9,198.75,0.41,32.0,84160.0
1990-12-20 03:00:00+00:00,-9.44,54.9,407.6,616.17,161.3,203.2,1.45,31.0,84210.0
1990-12-20 04:00:00+00:00,-8.24,52.7,458.65,564.74,190.8,202.6,2.28,16.0,84180.0
1990-12-20 05:00:00+00:00,-6.76,44.65,450.75,508.3,196.4,205.7,3.86,0.0,84100.0
1990-12-20 06:00:00+00:00,-5.55,39.4,401.85,478.84,173.8,214.8,5.03,1.0,84030.0
1990-12-20 07:00:00+00:00,-5.38,34.65,250.8,375.68,99.2,214.6,5.66,5.0,84000.0
1990-12-20 08:00:00+00:00,-5.76,33.0,158.55,279.1,78.4,214.6,5.79,11.0,84030.0
1990-12-20 09:00:00+00:00,-6.72,34.2,32.0,101.39,18.3,187.9,5.31,16.0,84120.0
1990-12-20 10:00:00+00:00,-7.93,38.8,0.0,0.0,0.0,175.5,4.41,15.0,84230.0
1990-12-20 11:00:00+00:00,-8.7,40.4,0.0,0.0,0.0,174.15,3.38,11.0,84300.0
1990-12-20 12:00:00+00:00,-9.31,40.25,0.0,0.0,0.0,169.3,2.76,10.0,84350.0
1990-12-20 13:00:00+00:00,-10.01,41.95,0.0,0.0,0.0,165.45,2.41,9.0,84400.0
1990-12-20 14:00:00+00:00,-10.9,43.6,0.0,0.0,0.0,162.55,2.07,5.0,84450.0
1990-12-20 15:00:00+00:00,-11.91,47.4,0.0,0.0,0.0,158.3,1.66,2.0,84490.0
1990-12-20 16:00:00+00:00,-12.57,49.3,0.0,0.0,0.0,158.85,1.24,1.0,84500.0
1990-12-20 17:00:00+00:00,-13.23,51.45,0.0,0.0,0.0,156.15,1.17,353.0,84490.0
1990-12-20 18:00:00+00:00,-14.13,56.05,0.0,0.0,0.0,155.0,1.24,344.0,84500.0
1990-12-20 19:00:00+00:00,-14.89,58.5,0.0,0.0,0.0,153.25,1.31,359.0,84480.0
1990-12-20 20:00:00+00:00,-15.4,58.35,0.0,0.0,0.0,151.9,1.1,350.0,84460.0
1990-12-20 21:00:00+00:00,-16.1,60.95,0.0,0.0,0.0,150.35,1.03,320.0,84430.0
1990-12-20 22:00:00+00:00,-17.14,69.5,0.0,0.0,0.0,149.6,1.31,288.0,84380.0
1990-12-20 23:00:00+00:00,-17.86,69.4,0.0,0.0,0.0,148.4,1.72,275.0,84370.0
1990-12-21 00:00:00+00:00,-18.39,69.3,0.0,0.0,0.0,148.8,1.79,272.0,84380.0
1990-12-21 01:00:00+00:00,-18.5,69.3,185.85,998.55,58.95,149.9,1.59,270.0,84410.0
1990-12-21 02:00:00+00:00,-15.15,53.25,350.5,962.64,80.4,152.1,1.24,258.0,84410.0
1990-12-21 03:00:00+00:00,-11.19,43.45,474.7,958.58,92.4,156.15,1.31,252.0,84410.0
1990-12-21 04:00:00+00:00,-8.56,36.95,541.35,936.17,97.85,159.45,1.72,249.0,84340.0
1990-12-21 05:00:00+00:00,-6.35,34.35,543.25,890.79,97.65,162.55,2.28,249.0,84210.0
1990-12-21 06:00:00+00:00,-4.56,30.45,480.05,814.18,92.1,165.05,2.41,247.0,84090.0
1990-12-21 07:00:00+00:00,-2.97,27.05,358.05,686.64,80.55,167.2,2.21,250.0,83970.0
1990-12-21 08:00:00+00:00,-2.41,25.0,193.8,465.46,59.7,167.95,1.66,255.0,83960.0
1990-12-21 09:00:00+00:00,-2.54,24.85,36.15,134.63,17.8,167.6,0.83,243.0,83970.0
1990-12-21 10:00:00+00:00,-3.62,28.1,0.0,0.0,0.0,165.65,0.83,204.0,83950.0
1990-12-21 11:00:00+00:00,-4.91,30.45,0.0,0.0,0.0,164.7,0.97,214.0,83950.0
1990-12-21 12:00:00+00:00,-5.68,31.55,0.0,0.0,0.0,163.3,0.97,238.0,83950.0
1990-12-21 13:00:00+00:00,-7.27,35.6,0.0,0.0,0.0,161.75,1.17,256.0,83920.0
1990-12-21 14:00:00+00:00,-9.29,38.5,0.0,0.0,0.0,160.6,1.45,264.0,83890.0
1990-12-21 15:00:00+00:00,-11.0,41.65,0.0,0.0,0.0,159.85,1.59,264.0,83850.0
1990-12-21 16:00:00+00:00,-12.17,45.15,0.0,0.0,0.0,159.65,1.66,263.0,83810.0
1990-12-21 17:00:00+00:00,-12.92,45.0,0.0,0.0,0.0,159.45,1.72,260.0,83730.0
1990-12-21 18:00:00+00:00,-13.48,44.85,0.0,0.0,0.0,159.25,1.72,258.0,83650.0
1990-12-21 19:00:00+00:00,-13.67,44.75,0.0,0.0,0.0,160.6,1.52,260.0,83560.0
1990-12-21 20:00:00+00:00,-13.81,44.75,0.0,0.0,0.0,162.35,1.52,255.0,83520.0
1990-12-21 21:00:00+00:00,-13.66,42.7,0.0,0.0,0.0,163.3,1.45,253.0,83410.0
1990-12-21 22:00:00+00:00,-13.67,42.7,0.0,0.0,0.0,164.1,1.38,252.0,83320.0
1990-12-21 23:00:00+00:00,-13.95,42.7,0.0,0.0,0.0,164.1,1.45,254.0,83280.0
1990-12-22 00:00:00+00:00,-14.03,40.75,0.0,0.0,0.0,164.1,1.45,256.0,83260.0
1990-12-22 01:00:00+00:00,-14.11,42.55,186.15,1018.73,58.05,163.8,1.38,259.0,83230.0
1990-12-22 02:00:00+00:00,-11.63,32.85,351.55,973.77,79.4,165.85,1.17,259.0,83230.0
1990-12-22 03:00:00+00:00,-7.38,23.6,475.9,966.77,91.1,168.15,1.03,262.0,83210.0
1990-12-22 04:00:00+00:00,-4.62,20.2,542.55,942.1,96.65,171.45,0.9,261.0,83110.0
1990-12-22 05:00:00+00:00,-2.64,18.9,544.25,894.86,96.65,174.35,0.9,248.0,82990.0
1990-12-22 06:00:00+00:00,-1.06,18.45,480.4,816.0,91.3,176.5,0.9,244.0,82890.0
1990-12-22 07:00:00+00:00,0.12,16.4,358.9,690.0,79.55,178.05,0.9,250.0,82790.0
1990-12-22 08:00:00+00:00,0.44,16.4,195.2,472.61,58.55,178.05,0.48,4.0,82770.0
1990-12-22 09:00:00+00:00,-0.05,17.05,36.85,140.29,17.55,176.3,1.1,54.0,82780.0
1990-12-22 10:00:00+00:00,-1.82,19.15,0.0,0.0,0.0,174.35,1.03,45.0,82800.0
1990-12-22 11:00:00+00:00,-2.96,19.8,0.0,0.0,0.0,174.75,1.03,24.0,82860.0
1990-12-22 12:00:00+00:00,-4.06,22.3,0.0,0.0,0.0,174.15,1.1,10.0,82920.0
1990-12-22 13:00:00+00:00,-5.08,23.05,0.0,0.0,0.0,173.4,1.1,358.0,82960.0
1990-12-22 14:00:00+00:00,-6.23,25.0,0.0,0.0,0.0,172.6,1.17,348.0,83010.0
1990-12-22 15:00:00+00:00,-7.37,27.1,0.0,0.0,0.0,173.6,1.24,342.0,83050.0
1990-12-22 16:00:00+00:00,-8.29,28.1,0.0,0.0,0.0,172.6,1.31,334.0,83090.0
1990-12-22 17:00:00+00:00,-9.31,27.95,0.0,0.0,0.0,170.7,1.38,325.0,83090.0
1990-12-22 18:00:00+00:00,-10.28,28.95,0.0,0.0,0.0,170.5,1.45,323.0,83120.0
1990-12-22 19:00:00+00:00,-10.26,28.95,0.0,0.0,0.0,176.5,1.31,324.0,83110.0
1990-12-22 20:00:00+00:00,-11.18,30.05,0.0,0.0,0.0,183.85,1.45,308.0,83150.0
1990-12-22 21:00:00+00:00,-11.85,29.9,0.0,0.0,0.0,193.9,1.45,308.0,83160.0
1990-12-22 22:00:00+00:00,-12.06,29.75,0.0,0.0,0.0,191.95,1.38,302.0,83180.0
1990-12-22 23:00:00+00:00,-12.06,28.4,0.0,0.0,0.0,203.0,1.38,308.0,83210.0
1990-12-23 00:00:00+00:00,-11.9,27.2,0.0,0.0,0.0,206.5,1.24,304.0,83230.0
1990-12-23 01:00:00+00:00,-11.65,27.2,165.8,833.73,62.0,194.4,1.17,300.0,83290.0
1990-12-23 02:00:00+00:00,-9.65,21.95,342.0,947.47,78.15,181.7,0.9,294.0,83310.0
1990-12-23 03:00:00+00:00,-5.87,15.75,465.1,944.65,89.75,178.8,0.48,303.0,83320.0
1990-12-23 04:00:00+00:00,-3.63,13.4,531.25,921.48,95.4,181.3,0.34,9.0,83260.0
1990-12-23 05:00:00+00:00,-2.15,13.1,533.95,877.64,94.9,183.65,0.55,49.0,83170.0
1990-12-23 06:00:00+00:00,-1.19,12.7,472.55,800.64,90.4,185.2,0.83,72.0,83080.0
1990-12-23 07:00:00+00:00,-1.08,13.3,353.45,678.12,78.35,184.25,1.17,65.0,83010.0
1990-12-23 08:00:00+00:00,-0.92,12.8,191.85,459.22,58.55,184.4,1.72,61.0,82990.0
1990-12-23 09:00:00+00:00,-1.34,12.7,36.65,133.87,18.05,183.85,1.79,64.0,82990.0
1990-12-23 10:00:00+00:00,-2.44,13.1,0.0,0.0,0.0,183.85,1.45,69.0,83030.0
1990-12-23 11:00:00+00:00,-3.86,16.2,0.0,0.0,0.0,191.0,1.03,57.0,83070.0
1990-12-23 12:00:00+00:00,-3.81,14.75,0.0,0.0,0.0,194.5,0.62,35.0,83110.0
1990-12-23 13:00:00+00:00,-4.37,16.1,0.0,0.0,0.0,197.6,0.69,6.0,83160.0
1990-12-23 14:00:00+00:00,-4.99,16.75,0.0,0.0,0.0,203.95,0.69,344.0,83170.0
1990-12-23 15:00:00+00:00,-5.67,18.15,0.0,0.0,0.0,200.85,0.69,318.0,83180.0
1990-12-23 16:00:00+00:00,-6.45,18.9,0.0,0.0,0.0,190.8,0.83,302.0,83180.0
1990-12-23 17:00:00+00:00,-7.23,20.5,0.0,0.0,0.0,184.05,0.97,296.0,83140.0
1990-12-23 18:00:00+00:00,-8.02,21.2,0.0,0.0,0.0,180.75,1.1,289.0,83120.0
1990-12-23 19:00:00+00:00,-8.89,22.25,0.0,0.0,0.0,195.65,1.24,294.0,83080.0
1990-12-23 20:00:00+00:00,-9.31,22.1,0.0,0.0,0.0,199.9,1.17,292.0,83060.0
1990-12-23 21:00:00+00:00,-9.38,22.1,0.0,0.0,0.0,210.75,1.1,293.0,83020.0
1990-12-23 22:00:00+00:00,-9.3,22.1,0.0,0.0,0.0,207.05,1.03,299.0,83010.0
1990-12-23 23:00:00+00:00,-9.23,22.1,0.0,0.0,0.0,200.3,0.9,306.0,83020.0
1990-12-24 00:00:00+00:00,-9.33,21.05,0.0,0.0,0.0,196.05,0.97,301.0,83060.0
1990-12-24 01:00:00+00:00,-9.67,23.05,136.85,524.11,72.2,192.65,1.17,296.0,83120.0
1990-12-24 02:00:00+00:00,-8.7,21.2,223.3,396.1,113.35,207.05,0.9,297.0,83140.0
1990-12-24 03:00:00+00:00,-5.75,16.5,354.5,566.33,129.8,215.6,0.62,299.0,83140.0
1990-12-24 04:00:00+00:00,-3.32,12.3,485.7,695.25,157.0,218.7,0.41,297.0,83100.0
1990-12-24 05:00:00+00:00,-1.53,12.6,493.65,685.38,150.65,205.15,0.34,311.0,83010.0
1990-12-24 06:00:00+00:00,-0.4,12.35,429.6,614.69,135.85,207.85,0.34,10.0,82930.0
1990-12-24 07:00:00+00:00,0.22,11.3,309.6,452.39,125.65,206.3,0.62,28.0,82870.0
1990-12-24 08:00:00+00:00,0.49,11.3,156.15,212.34,94.25,217.5,1.17,48.0,82890.0
1990-12-24 09:00:00+00:00,0.27,11.3,28.15,66.23,18.85,227.2,1.38,57.0,82940.0
1990-12-24 10:00:00+00:00,-0.53,18.55,0.0,0.0,0.0,229.7,0.9,71.0,83000.0
1990-12-24 11:00:00+00:00,-0.93,11.65,0.0,0.0,0.0,234.95,0.34,98.0,83050.0
1990-12-24 12:00:00+00:00,-1.28,12.1,0.0,0.0,0.0,249.65,0.21,236.0,83100.0
1990-12-24 13:00:00+00:00,-1.96,13.2,0.0,0.0,0.0,202.8,0.76,258.0,83140.0
1990-12-24 14:00:00+00:00,-3.81,16.2,0.0,0.0,0.0,199.7,1.31,254.0,83140.0
1990-12-24 15:00:00+00:00,-5.49,18.25,0.0,0.0,0.0,188.5,1.66,256.0,83170.0
1990-12-24 16:00:00+00:00,-6.81,20.6,0.0,0.0,0.0,186.95,1.79,262.0,83170.0
1990-12-24 17:00:00+00:00,-8.03,23.3,0.0,0.0,0.0,186.35,1.86,266.0,83170.0
1990-12-24 18:00:00+00:00,-8.93,23.3,0.0,0.0,0.0,186.75,1.86,268.0,83170.0
1990-12-24 19:00:00+00:00,-9.5,25.45,0.0,0.0,0.0,185.2,1.79,272.0,83160.0
1990-12-24 20:00:00+00:00,-10.18,28.95,0.0,0.0,0.0,185.0,1.79,274.0,83160.0
1990-12-24 21:00:00+00:00,-10.75,30.2,0.0,0.0,0.0,184.4,1.79,274.0,83100.0
1990-12-24 22:00:00+00:00,-11.09,33.0,0.0,0.0,0.0,183.45,1.79,273.0,83130.0
1990-12-24 23:00:00+00:00,-11.15,33.0,0.0,0.0,0.0,182.85,1.72,274.0,83150.0
1990-12-25 00:00:00+00:00,-10.76,33.15,0.0,0.0,0.0,184.4,1.59,277.0,83210.0
1990-12-25 01:00:00+00:00,-9.98,30.5,173.9,953.8,57.25,187.45,1.45,276.0,83240.0
1990-12-25 02:00:00+00:00,-7.96,28.25,303.2,839.44,70.85,188.7,1.1,272.0,83280.0
1990-12-25 03:00:00+00:00,-3.94,19.55,465.6,949.78,89.2,189.65,0.83,262.0,83280.0
1990-12-25 04:00:00+00:00,-1.17,16.05,533.15,927.56,94.7,188.3,0.83,244.0,83210.0
1990-12-25 05:00:00+00:00,0.54,15.7,536.65,882.17,94.9,190.2,0.48,225.0,83110.0
1990-12-25 06:00:00+00:00,1.53,14.55,475.65,806.25,89.8,191.75,0.34,122.0,83020.0
1990-12-25 07:00:00+00:00,2.52,14.65,355.9,677.52,79.7,193.5,0.48,106.0,82910.0
1990-12-25 08:00:00+00:00,2.74,14.75,188.95,416.07,67.1,194.5,1.38,79.0,82920.0
1990-12-25 09:00:00+00:00,2.24,15.3,35.55,95.44,22.0,197.2,1.79,68.0,82950.0
1990-12-25 10:00:00+00:00,0.77,19.8,0.0,0.0,0.0,200.1,1.93,64.0,83020.0
1990-12-25 11:00:00+00:00,-1.17,17.6,0.0,0.0,0.0,203.75,1.59,65.0,83070.0
1990-12-25 12:00:00+00:00,-0.63,16.2,0.0,0.0,0.0,197.6,1.1,59.0,83100.0
1990-12-25 13:00:00+00:00,-1.03,17.6,0.0,0.0,0.0,194.85,0.69,35.0,83120.0
1990-12-25 14:00:00+00:00,-1.63,18.3,0.0,0.0,0.0,192.95,0.48,6.0,83130.0
1990-12-25 15:00:00+00:00,-2.25,19.05,0.0,0.0,0.0,191.75,0.34,336.0,83120.0
1990-12-25 16:00:00+00:00,-2.96,20.75,0.0,0.0,0.0,187.5,0.34,289.0,83100.0
1990-12-25 17:00:00+00:00,-3.7,22.45,0.0,0.0,0.0,186.55,0.55,270.0,83060.0
1990-12-25 18:00:00+00:00,-4.41,23.35,0.0,0.0,0.0,185.95,0.69,266.0,83030.0
1990-12-25 19:00:00+00:00,-5.62,26.3,0.0,0.0,0.0,185.95,0.97,282.0,83010.0
1990-12-25 20:00:00+00:00,-6.22,27.4,0.0,0.0,0.0,186.15,1.03,276.0,82960.0
1990-12-25 21:00:00+00:00,-6.77,27.25,0.0,0.0,0.0,186.55,1.1,273.0,82940.0
1990-12-25 22:00:00+00:00,-6.89,27.25,0.0,0.0,0.0,186.75,1.03,271.0,82930.0
1990-12-25 23:00:00+00:00,-7.09,28.4,0.0,0.0,0.0,186.75,0.97,273.0,82970.0
1990-12-26 00:00:00+00:00,-7.53,29.55,0.0,0.0,0.0,186.15,0.97,286.0,83020.0
1990-12-26 01:00:00+00:00,-8.31,30.8,176.15,995.92,55.3,186.1,1.17,310.0,83090.0
1990-12-26 02:00:00+00:00,-7.66,30.95,339.15,950.91,76.6,187.7,1.03,326.0,83140.0
1990-12-26 03:00:00+00:00,-3.64,22.45,463.3,946.58,88.5,187.5,1.24,352.0,83180.0
1990-12-26 04:00:00+00:00,-1.35,19.3,529.95,918.52,95.75,189.65,1.93,12.0,83170.0
1990-12-26 05:00:00+00:00,0.07,18.8,529.75,851.0,103.25,192.35,3.1,13.0,83110.0
1990-12-26 06:00:00+00:00,0.76,18.95,472.5,795.3,91.25,195.05,3.93,16.0,83080.0
1990-12-26 07:00:00+00:00,1.01,18.95,356.85,680.99,78.45,192.55,3.52,20.0,83020.0
1990-12-26 08:00:00+00:00,0.93,19.8,197.6,471.29,58.9,191.2,4.28,25.0,83100.0
1990-12-26 09:00:00+00:00,0.17,20.6,40.3,149.34,18.85,188.7,3.72,29.0,83190.0
1990-12-26 10:00:00+00:00,-1.3,22.1,0.0,0.0,0.0,185.75,2.97,32.0,83310.0
1990-12-26 11:00:00+00:00,-2.97,24.85,0.0,0.0,0.0,185.2,1.79,45.0,83370.0
1990-12-26 12:00:00+00:00,-2.46,22.85,0.0,0.0,0.0,184.4,0.69,49.0,83420.0
1990-12-26 13:00:00+00:00,-2.99,24.7,0.0,0.0,0.0,184.05,0.14,328.0,83440.0
1990-12-26 14:00:00+00:00,-3.85,25.7,0.0,0.0,0.0,182.85,0.69,272.0,83450.0
1990-12-26 15:00:00+00:00,-5.53,30.15,0.0,0.0,0.0,181.7,1.24,268.0,83470.0
1990-12-26 16:00:00+00:00,-7.0,32.7,0.0,0.0,0.0,180.35,1.38,269.0,83440.0
1990-12-26 17:00:00+00:00,-8.43,36.95,0.0,0.0,0.0,178.6,1.45,269.0,83370.0
1990-12-26 18:00:00+00:00,-9.64,40.1,0.0,0.0,0.0,176.7,1.52,266.0,83320.0
1990-12-26 19:00:00+00:00,-10.36,41.8,0.0,0.0,0.0,175.9,1.52,262.0,83260.0
1990-12-26 20:00:00+00:00,-10.63,43.6,0.0,0.0,0.0,175.5,1.38,262.0,83220.0
1990-12-26 21:00:00+00:00,-11.02,43.6,0.0,0.0,0.0,175.15,1.24,257.0,83160.0
1990-12-26 22:00:00+00:00,-11.35,45.45,0.0,0.0,0.0,174.75,1.24,253.0,83130.0
1990-12-26 23:00:00+00:00,-11.25,45.45,0.0,0.0,0.0,175.3,1.17,255.0,83130.0
1990-12-27 00:00:00+00:00,-10.94,41.65,0.0,0.0,0.0,178.05,1.1,258.0,83160.0
1990-12-27 01:00:00+00:00,-11.44,43.45,173.2,951.12,58.6,182.2,1.1,262.0,83180.0
1990-12-27 02:00:00+00:00,-9.62,38.35,332.3,894.11,85.95,185.4,0.9,267.0,83180.0
1990-12-27 03:00:00+00:00,-5.75,30.15,459.85,929.34,92.1,189.25,0.83,260.0,83150.0
1990-12-27 04:00:00+00:00,-3.3,24.7,530.05,921.42,94.35,193.15,0.83,246.0,83080.0
1990-12-27 05:00:00+00:00,-1.63,24.05,535.2,879.79,93.8,193.3,0.76,231.0,82970.0
1990-12-27 06:00:00+00:00,-0.5,23.25,477.55,809.5,88.75,194.85,0.76,207.0,82860.0
1990-12-27 07:00:00+00:00,0.32,23.5,359.8,687.3,77.95,193.7,1.1,191.0,82760.0
1990-12-27 08:00:00+00:00,0.68,22.65,199.7,476.43,58.75,194.5,0.83,171.0,82730.0
1990-12-27 09:00:00+00:00,0.56,22.65,41.55,154.08,19.15,194.1,0.48,109.0,82750.0
1990-12-27 10:00:00+00:00,-0.6,30.25,0.0,0.0,0.0,191.95,0.83,60.0,82780.0
1990-12-27 11:00:00+00:00,-1.9,26.25,0.0,0.0,0.0,191.4,1.03,46.0,82820.0
1990-12-27 12:00:00+00:00,-2.24,27.3,0.0,0.0,0.0,190.05,0.9,23.0,82850.0
1990-12-27 13:00:00+00:00,-2.95,27.15,0.0,0.0,0.0,188.85,0.76,349.0,82850.0
1990-12-27 14:00:00+00:00,-3.61,29.4,0.0,0.0,0.0,188.5,0.83,312.0,82860.0
1990-12-27 15:00:00+00:00,-4.24,30.6,0.0,0.0,0.0,187.7,0.97,285.0,82880.0
1990-12-27 16:00:00+00:00,-4.9,31.85,0.0,0.0,0.0,187.5,1.1,272.0,82870.0
1990-12-27 17:00:00+00:00,-5.57,34.5,0.0,0.0,0.0,186.75,1.17,262.0,82830.0
1990-12-27 18:00:00+00:00,-6.09,35.9,0.0,0.0,0.0,185.95,1.17,254.0,82820.0
1990-12-27 19:00:00+00:00,-6.82,39.1,0.0,0.0,0.0,186.75,0.9,257.0,82760.0
1990-12-27 20:00:00+00:00,-7.25,42.55,0.0,0.0,0.0,186.55,0.83,243.0,82740.0
1990-12-27 21:00:00+00:00,-7.7,44.35,0.0,0.0,0.0,185.4,0.9,242.0,82690.0
1990-12-27 22:00:00+00:00,-8.15,46.2,0.0,0.0,0.0,184.6,0.76,239.0,82660.0
1990-12-27 23:00:00+00:00,-8.59,46.2,0.0,0.0,0.0,186.75,0.69,240.0,82680.0
1990-12-28 00:00:00+00:00,-8.93,46.2,0.0,0.0,0.0,185.6,0.69,239.0,82730.0
1990-12-28 01:00:00+00:00,-9.12,48.1,167.8,937.93,55.5,186.45,0.69,241.0,82770.0
1990-12-28 02:00:00+00:00,-8.24,48.25,321.75,883.47,78.75,191.0,0.48,262.0,82790.0
1990-12-28 03:00:00+00:00,-4.63,39.7,434.65,856.96,95.65,196.05,0.14,279.0,82820.0
1990-12-28 04:00:00+00:00,-2.16,34.0,507.05,837.96,110.6,201.65,0.14,100.0,82810.0
1990-12-28 05:00:00+00:00,-0.46,34.45,531.45,852.78,103.05,206.3,0.55,106.0,82730.0
1990-12-28 06:00:00+00:00,0.75,33.45,474.6,796.13,91.4,203.4,0.9,110.0,82650.0
1990-12-28 07:00:00+00:00,1.89,28.45,359.85,682.83,78.9,204.15,1.03,102.0,82600.0
1990-12-28 08:00:00+00:00,2.27,29.7,200.05,471.61,59.75,203.4,1.24,89.0,82600.0
1990-12-28 09:00:00+00:00,1.99,32.35,42.4,156.23,19.4,202.4,1.31,74.0,82640.0
1990-12-28 10:00:00+00:00,0.73,39.6,0.0,0.0,0.0,200.85,1.38,55.0,82680.0
1990-12-28 11:00:00+00:00,-1.08,46.2,0.0,0.0,0.0,199.15,1.1,36.0,82720.0
1990-12-28 12:00:00+00:00,-1.41,44.3,0.0,0.0,0.0,198.95,0.9,10.0,82780.0
1990-12-28 13:00:00+00:00,-2.28,47.9,0.0,0.0,0.0,197.75,0.9,347.0,82810.0
1990-12-28 14:00:00+00:00,-2.99,51.8,0.0,0.0,0.0,197.4,0.76,341.0,82840.0
1990-12-28 15:00:00+00:00,-3.52,51.65,0.0,0.0,0.0,195.85,0.69,338.0,82890.0
1990-12-28 16:00:00+00:00,-3.95,51.65,0.0,0.0,0.0,200.3,0.62,327.0,82890.0
1990-12-28 17:00:00+00:00,-4.42,51.55,0.0,0.0,0.0,195.85,0.55,305.0,82870.0
1990-12-28 18:00:00+00:00,-4.94,53.65,0.0,0.0,0.0,196.6,0.55,295.0,82870.0
1990-12-28 19:00:00+00:00,-5.29,51.25,0.0,0.0,0.0,215.95,0.62,282.0,82880.0
1990-12-28 20:00:00+00:00,-5.45,51.25,0.0,0.0,0.0,215.2,0.28,359.0,82840.0
1990-12-28 21:00:00+00:00,-5.63,55.7,0.0,0.0,0.0,226.4,0.55,68.0,82800.0
1990-12-28 22:00:00+00:00,-6.01,60.5,0.0,0.0,0.0,224.1,0.69,79.0,82800.0
1990-12-28 23:00:00+00:00,-6.49,63.1,0.0,0.0,0.0,221.95,0.62,59.0,82790.0
1990-12-29 00:00:00+00:00,-7.19,71.4,0.0,0.0,0.0,213.25,0.62,34.0,82820.0
1990-12-29 01:00:00+00:00,-7.37,77.6,142.45,517.32,80.85,209.9,0.62,30.0,82850.0
1990-12-29 02:00:00+00:00,-6.38,74.6,270.1,531.88,124.0,217.5,0.62,43.0,82870.0
1990-12-29 03:00:00+00:00,-3.31,66.45,362.2,598.89,125.3,232.2,1.17,72.0,82870.0
1990-12-29 04:00:00+00:00,-1.52,66.8,382.35,418.6,184.15,231.65,1.93,78.0,82820.0
1990-12-29 05:00:00+00:00,-0.2,64.45,395.05,380.42,203.65,240.15,2.62,88.0,82710.0
1990-12-29 06:00:00+00:00,1.08,57.45,290.55,162.08,212.35,241.3,3.52,106.0,82610.0
1990-12-29 07:00:00+00:00,2.2,55.3,163.35,71.2,133.95,261.25,3.24,112.0,82470.0
1990-12-29 08:00:00+00:00,2.48,55.3,95.05,15.54,90.4,268.8,2.55,93.0,82480.0
1990-12-29 09:00:00+00:00,2.21,57.6,25.85,18.44,23.1,276.35,2.34,71.0,82500.0
1990-12-29 10:00:00+00:00,1.31,62.25,0.0,0.0,0.0,267.25,2.07,60.0,82560.0
1990-12-29 11:00:00+00:00,-0.06,72.65,0.0,0.0,0.0,252.75,1.93,58.0,82600.0
1990-12-29 12:00:00+00:00,-1.13,78.5,0.0,0.0,0.0,253.3,1.72,56.0,82650.0
1990-12-29 13:00:00+00:00,-1.4,78.5,0.0,0.0,0.0,262.2,1.52,38.0,82700.0
1990-12-29 14:00:00+00:00,-1.79,81.65,0.0,0.0,0.0,261.25,1.52,21.0,82740.0
1990-12-29 15:00:00+00:00,-2.17,84.85,0.0,0.0,0.0,268.05,1.66,12.0,82780.0
1990-12-29 16:00:00+00:00,-2.33,84.85,0.0,0.0,0.0,278.5,1.93,5.0,82810.0
1990-12-29 17:00:00+00:00,-2.45,78.35,0.0,0.0,0.0,280.6,2.21,5.0,82810.0
1990-12-29 18:00:00+00:00,-2.69,78.3,0.0,0.0,0.0,285.25,2.07,9.0,82820.0
1990-12-29 19:00:00+00:00,-2.67,78.3,0.0,0.0,0.0,288.15,1.72,6.0,82760.0
1990-12-29 20:00:00+00:00,-3.08,81.45,0.0,0.0,0.0,276.95,1.79,4.0,82780.0
1990-12-29 21:00:00+00:00,-3.4,75.1,0.0,0.0,0.0,278.85,1.79,2.0,82800.0
1990-12-29 22:00:00+00:00,-3.55,72.05,0.0,0.0,0.0,286.8,1.72,6.0,82830.0
1990-12-29 23:00:00+00:00,-3.73,63.7,0.0,0.0,0.0,285.85,1.59,7.0,82890.0
1990-12-30 00:00:00+00:00,-4.19,63.55,0.0,0.0,0.0,264.95,1.17,1.0,82950.0
1990-12-30 01:00:00+00:00,-4.48,63.55,88.5,123.61,73.85,255.75,0.76,345.0,83010.0
1990-12-30 02:00:00+00:00,-3.61,58.6,202.75,204.79,146.55,257.6,0.34,310.0,83060.0
1990-12-30 03:00:00+00:00,-2.52,51.95,381.25,540.99,167.2,253.7,0.69,229.0,83090.0
1990-12-30 04:00:00+00:00,-0.91,48.3,465.3,678.84,143.55,236.85,1.66,221.0,83050.0
1990-12-30 05:00:00+00:00,0.49,50.65,491.0,696.52,139.95,233.0,2.34,224.0,82960.0
1990-12-30 06:00:00+00:00,1.58,49.0,449.15,684.38,118.1,227.75,2.34,224.0,82850.0
1990-12-30 07:00:00+00:00,1.86,49.0,343.0,614.34,88.35,221.95,0.69,216.0,82780.0
1990-12-30 08:00:00+00:00,2.18,49.0,199.65,466.82,59.1,216.95,0.55,67.0,82830.0
1990-12-30 09:00:00+00:00,2.11,47.05,44.25,159.43,20.15,213.65,1.66,60.0,82900.0
1990-12-30 10:00:00+00:00,1.08,48.85,0.0,0.0,0.0,209.2,1.93,62.0,82970.0
1990-12-30 11:00:00+00:00,-0.63,56.95,0.0,0.0,0.0,205.7,1.86,60.0,83060.0
1990-12-30 12:00:00+00:00,-1.86,54.4,0.0,0.0,0.0,201.85,1.38,57.0,83090.0
1990-12-30 13:00:00+00:00,-1.91,52.2,0.0,0.0,0.0,198.55,0.9,51.0,83120.0
1990-12-30 14:00:00+00:00,-2.47,54.15,0.0,0.0,0.0,198.15,0.48,30.0,83130.0
1990-12-30 15:00:00+00:00,-3.03,56.35,0.0,0.0,0.0,212.85,0.55,299.0,83160.0
1990-12-30 16:00:00+00:00,-3.63,58.6,0.0,0.0,0.0,223.9,0.69,295.0,83150.0
1990-12-30 17:00:00+00:00,-4.15,60.95,0.0,0.0,0.0,219.85,0.9,277.0,83100.0
1990-12-30 18:00:00+00:00,-4.63,63.45,0.0,0.0,0.0,212.1,0.83,282.0,83070.0
1990-12-30 19:00:00+00:00,-6.04,65.8,0.0,0.0,0.0,200.1,0.76,298.0,83070.0
1990-12-30 20:00:00+00:00,-6.46,65.8,0.0,0.0,0.0,202.6,0.83,296.0,83020.0
1990-12-30 21:00:00+00:00,-6.62,68.55,0.0,0.0,0.0,194.5,0.62,305.0,82980.0
1990-12-30 22:00:00+00:00,-6.73,68.55,0.0,0.0,0.0,193.7,0.62,355.0,82990.0
1990-12-30 23:00:00+00:00,-7.28,71.4,0.0,0.0,0.0,195.45,0.9,16.0,83030.0
1990-12-31 00:00:00+00:00,-8.27,74.25,0.0,0.0,0.0,194.85,1.31,12.0,83100.0
1990-12-31 01:00:00+00:00,-9.41,77.35,170.9,991.86,53.8,193.45,1.52,12.0,83140.0
1990-12-31 02:00:00+00:00,-6.9,68.55,330.3,930.82,75.0,195.65,1.59,12.0,83160.0
1990-12-31 03:00:00+00:00,-3.89,51.65,454.65,927.2,87.6,199.5,2.55,17.0,83180.0
1990-12-31 04:00:00+00:00,-1.91,40.55,519.75,884.49,100.0,200.5,3.86,20.0,83170.0
1990-12-31 05:00:00+00:00,-0.94,34.45,526.7,840.7,102.15,204.95,4.97,22.0,83110.0
1990-12-31 06:00:00+00:00,-0.54,34.45,458.1,741.21,98.55,203.6,5.31,26.0,83050.0
1990-12-31 07:00:00+00:00,-1.07,35.8,345.55,598.4,96.5,203.75,5.31,28.0,83060.0
1990-12-31 08:00:00+00:00,-1.24,35.8,186.7,383.97,70.35,209.4,5.31,26.0,83140.0
1990-12-31 09:00:00+00:00,-1.93,37.25,42.0,141.58,20.3,214.6,4.9,27.0,83230.0
1990-12-31 10:00:00+00:00,-3.11,41.9,0.0,0.0,0.0,210.35,4.21,30.0,83300.0
1990-12-31 11:00:00+00:00,-3.82,41.75,0.0,0.0,0.0,220.05,3.38,31.0,83360.0
1990-12-31 12:00:00+00:00,-4.33,43.45,0.0,0.0,0.0,216.55,2.28,31.0,83430.0
1990-12-31 13:00:00+00:00,-5.03,49.1,0.0,0.0,0.0,212.85,1.24,26.0,83470.0
1990-12-31 14:00:00+00:00,-4.85,45.2,0.0,0.0,0.0,209.4,0.28,347.0,83500.0
1990-12-31 15:00:00+00:00,-5.71,49.0,0.0,0.0,0.0,199.15,0.83,257.0,83490.0
1990-12-31 16:00:00+00:00,-9.98,67.21,0.0,0.0,0.0,216.33,1.2,267.0,83470.0
1990-12-31 17:00:00+00:00,-9.82,64.36,0.0,0.0,0.0,213.02,1.2,269.0,83450.0
1990-12-31 18:00:00+00:00,-9.65,61.52,0.0,0.0,0.0,209.72,1.19,272.0,83400.0
1990-12-31 19:00:00+00:00,-9.48,58.68,0.0,0.0,0.0,206.41,1.19,268.0,83470.0
1990-12-31 20:00:00+00:00,-9.31,55.84,0.0,0.0,0.0,203.1,1.19,256.0,83430.0
1990-12-31 21:00:00+00:00,-9.15,52.99,0.0,0.0,0.0,199.8,1.19,248.0,83400.0
1990-12-31 22:00:00+00:00,-8.98,50.15,0.0,0.0,0.0,196.49,1.19,251.0,83370.0
1990-12-31 23:00:00+00:00,-8.81,47.31,0.0,0.0,0.0,193.18,1.19,246.0,83360.0
