time(UTC),temp_air,relative_humidity,ghi,dni,dhi,IR(h),wind_speed,wind_direction,pressure
1990-01-01 00:00:00+00:00,2.6,62.31,119.05,840.68,55.3,259.71,1.19,359.0,102660.0
1990-01-01 01:00:00+00:00,2.8,56.68,272.5,647.9,107.65,254.45,1.23,8.0,102730.0
1990-01-01 02:00:00+00:00,3.0,51.05,391.9,583.06,157.75,249.19,1.27,23.0,102810.0
1990-01-01 03:00:00+00:00,3.2,45.42,504.65,690.49,154.4,243.93,1.31,45.0,102800.0
1990-01-01 04:00:00+00:00,3.39,39.79,559.25,734.47,144.85,238.67,1.35,58.0,102720.0
1990-01-01 05:00:00+00:00,3.59,34.16,532.65,691.5,139.45,233.41,1.39,56.0,102560.0
1990-01-01 06:00:00+00:00,3.79,28.53,439.65,594.93,130.2,228.15,1.43,55.0,102440.0
1990-01-01 07:00:00+00:00,3.99,22.91,295.05,442.78,108.15,222.89,1.47,56.0,102390.0
1990-01-01 08:00:00+00:00,5.75,25.95,142.7,292.69,60.4,243.85,1.52,58.0,102340.0
1990-01-01 09:00:00+00:00,5.06,29.3,15.05,46.27,10.1,233.6,1.31,62.0,102340.0
1990-01-01 10:00:00+00:00,3.6,35.6,0.0,0.0,0.0,227.6,1.59,58.0,102340.0
1990-01-01 11:00:00+00:00,1.31,48.7,0.0,0.0,0.0,226.2,1.72,55.0,102380.0
1990-01-01 12:00:00+00:00,-0.65,56.95,0.0,0.0,0.0,225.05,1.79,56.0,102400.0
1990-01-01 13:00:00+00:00,-1.79,61.45,0.0,0.0,0.0,224.1,1.79,62.0,102430.0
1990-01-01 14:00:00+00:00,-2.47,61.35,0.0,0.0,0.0,222.55,1.72,72.0,102450.0
1990-01-01 15:00:00+00:00,-2.75,61.35,0.0,0.0,0.0,221.4,1.66,81.0,102490.0
1990-01-01 16:00:00+00:00,-2.9,61.35,0.0,0.0,0.0,221.2,1.52,91.0,102500.0
1990-01-01 17:00:00+00:00,-2.98,61.35,0.0,0.0,0.0,221.4,1.45,99.0,102490.0
1990-01-01 18:00:00+00:00,-2.49,58.85,0.0,0.0,0.0,221.95,1.24,104.0,102470.0
1990-01-01 19:00:00+00:00,-1.95,58.95,0.0,0.0,0.0,226.2,1.03,76.0,102420.0
1990-01-01 20:00:00+00:00,-1.8,58.95,0.0,0.0,0.0,239.95,0.9,67.0,102390.0
1990-01-01 21:00:00+00:00,-1.67,56.7,0.0,0.0,0.0,241.9,0.83,51.0,102360.0
1990-01-01 22:00:00+00:00,-1.65,59.1,0.0,0.0,0.0,248.85,0.76,34.0,102380.0
1990-01-01 23:00:00+00:00,-1.99,64.0,0.0,0.0,0.0,264.75,0.83,26.0,102400.0
1990-01-02 00:00:00+00:00,-2.21,69.35,87.75,373.06,59.65,262.05,0.83,30.0,102410.0
1990-01-02 01:00:00+00:00,-0.36,54.7,255.9,545.16,117.3,256.15,0.55,53.0,102450.0
1990-01-02 02:00:00+00:00,1.94,41.55,415.4,722.46,125.15,243.05,0.62,84.0,102470.0
1990-01-02 03:00:00+00:00,3.72,34.15,523.55,772.03,131.5,237.05,0.76,101.0,102450.0
1990-01-02 04:00:00+00:00,5.04,30.55,560.25,751.14,135.7,235.3,0.83,92.0,102340.0
1990-01-02 05:00:00+00:00,5.96,28.35,534.1,703.94,132.85,237.65,1.03,87.0,102180.0
1990-01-02 06:00:00+00:00,6.63,27.35,415.95,517.45,145.9,242.65,1.17,89.0,102060.0
1990-01-02 07:00:00+00:00,6.73,25.15,286.1,393.98,119.0,247.5,1.45,94.0,101930.0
1990-01-02 08:00:00+00:00,6.68,25.15,102.5,131.26,65.3,259.3,1.38,85.0,101920.0
1990-01-02 09:00:00+00:00,5.96,28.35,11.95,30.19,8.65,260.65,1.24,72.0,101930.0
1990-01-02 10:00:00+00:00,4.87,34.45,0.0,0.0,0.0,269.2,1.59,72.0,101970.0
1990-01-02 11:00:00+00:00,3.2,43.6,0.0,0.0,0.0,262.8,1.59,81.0,101990.0
1990-01-02 12:00:00+00:00,1.83,53.0,0.0,0.0,0.0,266.65,1.52,85.0,102000.0
1990-01-02 13:00:00+00:00,0.8,57.2,0.0,0.0,0.0,256.6,1.59,86.0,102000.0
1990-01-02 14:00:00+00:00,0.35,54.95,0.0,0.0,0.0,261.05,1.52,88.0,102000.0
1990-01-02 15:00:00+00:00,-0.17,59.35,0.0,0.0,0.0,254.3,1.45,93.0,102000.0
1990-01-02 16:00:00+00:00,-1.02,61.65,0.0,0.0,0.0,243.85,1.59,101.0,101980.0
1990-01-02 17:00:00+00:00,-1.23,61.55,0.0,0.0,0.0,246.55,1.52,105.0,101950.0
1990-01-02 18:00:00+00:00,-0.88,61.65,0.0,0.0,0.0,255.85,1.31,105.0,101930.0
1990-01-02 19:00:00+00:00,0.57,54.95,0.0,0.0,0.0,254.65,0.69,82.0,101840.0
1990-01-02 20:00:00+00:00,0.03,59.45,0.0,0.0,0.0,239.6,0.9,55.0,101800.0
1990-01-02 21:00:00+00:00,-0.29,61.8,0.0,0.0,0.0,253.7,0.9,60.0,101760.0
1990-01-02 22:00:00+00:00,-0.3,64.35,0.0,0.0,0.0,256.8,0.76,75.0,101740.0
1990-01-02 23:00:00+00:00,-0.31,64.35,0.0,0.0,0.0,252.75,0.69,81.0,101750.0
1990-01-03 00:00:00+00:00,-0.42,64.35,94.15,519.97,55.2,246.55,0.69,68.0,101760.0
1990-01-03 01:00:00+00:00,0.14,78.65,262.3,638.25,100.1,250.55,0.48,69.0,101760.0
1990-01-03 02:00:00+00:00,3.43,45.55,397.2,670.99,127.45,243.25,0.55,93.0,101800.0
1990-01-03 03:00:00+00:00,5.51,36.2,461.9,611.61,150.9,259.7,0.9,113.0,101800.0
1990-01-03 04:00:00+00:00,6.63,30.95,263.6,137.47,185.75,260.5,1.03,114.0,101710.0
1990-01-03 05:00:00+00:00,6.63,29.7,210.5,66.93,172.25,306.35,1.03,96.0,101600.0
1990-01-03 06:00:00+00:00,6.77,29.7,159.75,60.91,127.85,311.4,1.17,81.0,101500.0
1990-01-03 07:00:00+00:00,6.08,30.85,123.8,59.82,98.3,298.4,1.1,81.0,101420.0
1990-01-03 08:00:00+00:00,6.04,30.85,70.95,51.45,56.25,306.75,1.45,68.0,101410.0
1990-01-03 09:00:00+00:00,5.64,33.35,8.1,13.43,6.6,294.75,1.45,72.0,101450.0
1990-01-03 10:00:00+00:00,4.59,37.4,0.0,0.0,0.0,283.7,1.66,78.0,101480.0
1990-01-03 11:00:00+00:00,3.77,43.75,0.0,0.0,0.0,294.55,1.52,68.0,101520.0
1990-01-03 12:00:00+00:00,2.43,51.15,0.0,0.0,0.0,269.75,1.59,46.0,101550.0
1990-01-03 13:00:00+00:00,0.88,57.35,0.0,0.0,0.0,251.0,1.86,35.0,101590.0
1990-01-03 14:00:00+00:00,-0.55,64.35,0.0,0.0,0.0,235.5,1.93,35.0,101620.0
1990-01-03 15:00:00+00:00,-1.47,69.55,0.0,0.0,0.0,237.85,1.86,39.0,101650.0
1990-01-03 16:00:00+00:00,-1.99,75.3,0.0,0.0,0.0,239.95,1.66,34.0,101670.0
1990-01-03 17:00:00+00:00,-2.32,81.5,0.0,0.0,0.0,247.5,1.52,28.0,101700.0
1990-01-03 18:00:00+00:00,-3.01,81.5,0.0,0.0,0.0,232.4,1.66,22.0,101680.0
1990-01-03 19:00:00+00:00,-2.47,81.5,0.0,0.0,0.0,257.4,1.52,19.0,101670.0
1990-01-03 20:00:00+00:00,-2.74,81.5,0.0,0.0,0.0,245.75,1.52,14.0,101650.0
1990-01-03 21:00:00+00:00,-3.0,81.5,0.0,0.0,0.0,242.5,1.59,359.0,101630.0
1990-01-03 22:00:00+00:00,-3.09,81.5,0.0,0.0,0.0,241.7,1.72,345.0,101670.0
1990-01-03 23:00:00+00:00,-3.22,84.8,0.0,0.0,0.0,240.35,1.66,349.0,101720.0
1990-01-04 00:00:00+00:00,-2.97,81.5,85.8,424.34,54.15,248.3,1.45,346.0,101780.0
1990-01-04 01:00:00+00:00,-0.71,75.45,211.75,393.9,111.65,251.9,1.59,358.0,101810.0
1990-01-04 02:00:00+00:00,1.23,64.65,387.3,669.12,118.05,243.85,1.86,360.0,101870.0
1990-01-04 03:00:00+00:00,3.28,55.55,487.1,685.58,137.95,248.65,1.93,9.0,101900.0
1990-01-04 04:00:00+00:00,4.68,47.7,531.2,689.34,140.0,247.7,1.79,25.0,101780.0
1990-01-04 05:00:00+00:00,5.72,44.3,431.85,389.38,208.7,257.6,1.52,18.0,101680.0
1990-01-04 06:00:00+00:00,6.2,41.0,352.6,364.49,161.0,275.0,1.72,25.0,101590.0
1990-01-04 07:00:00+00:00,5.92,41.0,181.7,95.22,140.9,267.45,1.93,32.0,101490.0
1990-01-04 08:00:00+00:00,5.64,42.55,99.45,114.72,66.4,272.1,1.93,25.0,101490.0
1990-01-04 09:00:00+00:00,5.3,46.0,13.9,18.84,11.75,278.65,1.66,20.0,101520.0
1990-01-04 10:00:00+00:00,4.23,51.55,0.0,0.0,0.0,275.95,1.86,358.0,101600.0
1990-01-04 11:00:00+00:00,2.97,55.55,0.0,0.0,0.0,268.05,2.0,354.0,101680.0
1990-01-04 12:00:00+00:00,2.62,57.7,0.0,0.0,0.0,287.2,1.79,4.0,101700.0
1990-01-04 13:00:00+00:00,1.94,62.35,0.0,0.0,0.0,274.2,1.79,9.0,101740.0
1990-01-04 14:00:00+00:00,1.04,67.3,0.0,0.0,0.0,259.15,1.93,12.0,101800.0
1990-01-04 15:00:00+00:00,0.66,69.95,0.0,0.0,0.0,268.2,1.86,22.0,101830.0
1990-01-04 16:00:00+00:00,-0.48,75.55,0.0,0.0,0.0,242.3,1.79,20.0,101810.0
1990-01-04 17:00:00+00:00,-1.44,81.65,0.0,0.0,0.0,239.0,1.79,20.0,101810.0
1990-01-04 18:00:00+00:00,-2.29,84.85,0.0,0.0,0.0,234.75,1.72,13.0,101800.0
1990-01-04 19:00:00+00:00,-2.54,84.85,0.0,0.0,0.0,233.2,1.59,5.0,101830.0
1990-01-04 20:00:00+00:00,-2.84,84.85,0.0,0.0,0.0,237.05,1.79,11.0,101790.0
1990-01-04 21:00:00+00:00,-2.97,84.85,0.0,0.0,0.0,236.85,1.79,5.0,101790.0
1990-01-04 22:00:00+00:00,-3.09,81.5,0.0,0.0,0.0,238.05,1.72,347.0,101830.0
1990-01-04 23:00:00+00:00,-2.97,81.5,0.0,0.0,0.0,241.5,1.86,348.0,101920.0
1990-01-05 00:00:00+00:00,-2.06,72.3,69.8,282.42,48.8,262.8,2.0,356.0,101950.0
1990-01-05 01:00:00+00:00,-0.11,59.45,155.55,271.41,86.55,276.05,2.21,359.0,101980.0
1990-01-05 02:00:00+00:00,1.41,50.9,173.15,184.55,98.8,274.8,2.41,2.0,102030.0
1990-01-05 03:00:00+00:00,2.35,47.05,251.2,176.12,161.35,292.05,2.48,359.0,102070.0
1990-01-05 04:00:00+00:00,3.38,43.75,225.5,52.21,195.8,299.2,2.62,2.0,102010.0
1990-01-05 05:00:00+00:00,3.72,43.75,248.0,139.18,168.0,298.05,2.69,7.0,101910.0
1990-01-05 06:00:00+00:00,4.15,42.15,120.4,12.41,113.85,305.0,2.69,12.0,101830.0
1990-01-05 07:00:00+00:00,2.77,51.15,108.3,27.86,96.3,299.95,3.1,10.0,101800.0
1990-01-05 08:00:00+00:00,2.58,51.15,53.6,9.29,50.9,300.55,3.24,11.0,101820.0
1990-01-05 09:00:00+00:00,2.18,55.3,5.8,0.43,5.75,301.5,3.17,6.0,101920.0
1990-01-05 10:00:00+00:00,1.51,59.8,0.0,0.0,0.0,300.35,2.76,358.0,101970.0
1990-01-05 11:00:00+00:00,1.11,64.65,0.0,0.0,0.0,301.5,2.62,351.0,102060.0
1990-01-05 12:00:00+00:00,0.83,69.95,0.0,0.0,0.0,299.4,2.48,344.0,102080.0
1990-01-05 13:00:00+00:00,0.6,69.95,0.0,0.0,0.0,292.8,2.41,339.0,102130.0
1990-01-05 14:00:00+00:00,0.46,69.95,0.0,0.0,0.0,289.9,2.34,332.0,102140.0
1990-01-05 15:00:00+00:00,0.12,72.65,0.0,0.0,0.0,274.8,2.34,325.0,102150.0
1990-01-05 16:00:00+00:00,-0.35,75.55,0.0,0.0,0.0,259.3,2.48,322.0,102130.0
1990-01-05 17:00:00+00:00,-0.7,75.45,0.0,0.0,0.0,252.95,2.55,320.0,102120.0
1990-01-05 18:00:00+00:00,-0.65,72.6,0.0,0.0,0.0,263.6,2.62,321.0,102100.0
1990-01-05 19:00:00+00:00,-0.47,78.6,0.0,0.0,0.0,281.0,2.55,328.0,102050.0
1990-01-05 20:00:00+00:00,-0.78,81.7,0.0,0.0,0.0,262.8,2.41,330.0,102010.0
1990-01-05 21:00:00+00:00,-1.18,84.95,0.0,0.0,0.0,251.95,2.34,334.0,101990.0
1990-01-05 22:00:00+00:00,-1.79,88.3,0.0,0.0,0.0,236.3,2.14,335.0,101990.0
1990-01-05 23:00:00+00:00,-2.12,88.3,0.0,0.0,0.0,238.4,1.93,333.0,102040.0
1990-01-06 00:00:00+00:00,-2.41,91.85,107.2,732.24,52.85,231.85,1.93,334.0,102110.0
1990-01-06 01:00:00+00:00,-0.24,81.75,262.3,636.54,100.35,233.7,1.86,339.0,102140.0
1990-01-06 02:00:00+00:00,2.51,62.5,408.4,697.73,126.9,240.55,2.48,343.0,102200.0
1990-01-06 03:00:00+00:00,4.19,51.55,501.65,699.78,143.95,238.05,3.24,351.0,102190.0
1990-01-06 04:00:00+00:00,5.38,47.85,548.4,694.65,152.3,244.2,3.24,355.0,102090.0
1990-01-06 05:00:00+00:00,6.35,44.45,499.05,563.33,174.25,252.55,3.1,357.0,101980.0
1990-01-06 06:00:00+00:00,6.91,39.7,341.3,230.46,219.2,260.85,2.9,2.0,101880.0
1990-01-06 07:00:00+00:00,6.12,46.25,214.1,122.37,161.1,284.5,2.55,358.0,101850.0
1990-01-06 08:00:00+00:00,6.0,46.25,101.55,47.94,87.5,284.1,2.55,1.0,101870.0
1990-01-06 09:00:00+00:00,5.66,48.0,14.9,11.74,13.5,285.65,2.28,4.0,101960.0
1990-01-06 10:00:00+00:00,4.63,53.8,0.0,0.0,0.0,285.45,1.86,12.0,102000.0
1990-01-06 11:00:00+00:00,3.67,57.95,0.0,0.0,0.0,275.0,1.72,30.0,102050.0
1990-01-06 12:00:00+00:00,2.39,65.0,0.0,0.0,0.0,253.9,1.31,45.0,102090.0
1990-01-06 13:00:00+00:00,2.17,64.9,0.0,0.0,0.0,239.95,0.83,51.0,102110.0
1990-01-06 14:00:00+00:00,2.15,64.9,0.0,0.0,0.0,234.15,0.34,32.0,102140.0
1990-01-06 15:00:00+00:00,1.56,67.4,0.0,0.0,0.0,232.2,0.55,323.0,102160.0
1990-01-06 16:00:00+00:00,0.93,70.05,0.0,0.0,0.0,231.05,0.83,329.0,102150.0
1990-01-06 17:00:00+00:00,0.38,72.75,0.0,0.0,0.0,230.3,0.83,341.0,102130.0
1990-01-06 18:00:00+00:00,-0.48,78.6,0.0,0.0,0.0,229.3,0.97,354.0,102150.0
1990-01-06 19:00:00+00:00,-1.85,84.85,0.0,0.0,0.0,227.6,1.24,0.0,102130.0
1990-01-06 20:00:00+00:00,-2.23,88.25,0.0,0.0,0.0,227.0,1.17,354.0,102130.0
1990-01-06 21:00:00+00:00,-1.94,84.85,0.0,0.0,0.0,227.2,0.97,349.0,102120.0
1990-01-06 22:00:00+00:00,-1.52,84.95,0.0,0.0,0.0,228.55,0.69,342.0,102140.0
1990-01-06 23:00:00+00:00,-1.63,84.95,0.0,0.0,0.0,228.75,0.76,346.0,102180.0
1990-01-07 00:00:00+00:00,-2.66,88.25,113.5,759.59,57.15,228.95,1.03,360.0,102210.0
1990-01-07 01:00:00+00:00,-0.8,85.0,273.2,684.87,98.75,229.25,0.62,8.0,102250.0
1990-01-07 02:00:00+00:00,2.86,65.0,410.15,694.68,129.4,232.4,0.41,3.0,102290.0
1990-01-07 03:00:00+00:00,4.95,51.8,483.55,588.76,181.95,241.3,0.34,6.0,102310.0
1990-01-07 04:00:00+00:00,6.22,48.15,526.2,630.11,165.95,249.25,0.55,5.0,102240.0
1990-01-07 05:00:00+00:00,7.17,44.75,469.9,470.99,197.45,260.1,1.03,8.0,102100.0
1990-01-07 06:00:00+00:00,7.65,43.1,396.5,490.01,135.8,269.2,1.38,12.0,101980.0
1990-01-07 07:00:00+00:00,7.33,46.55,263.95,368.93,103.25,267.05,1.59,360.0,101940.0
1990-01-07 08:00:00+00:00,7.14,46.55,130.45,216.44,66.45,264.95,1.45,358.0,101940.0
1990-01-07 09:00:00+00:00,6.59,48.25,19.65,53.73,13.1,270.55,1.17,6.0,101960.0
1990-01-07 10:00:00+00:00,5.11,53.9,0.0,0.0,0.0,247.7,1.66,41.0,101980.0
1990-01-07 11:00:00+00:00,2.88,62.6,0.0,0.0,0.0,236.3,1.86,67.0,102030.0
1990-01-07 12:00:00+00:00,1.32,72.85,0.0,0.0,0.0,234.55,1.45,92.0,102040.0
1990-01-07 13:00:00+00:00,1.32,72.85,0.0,0.0,0.0,232.05,1.1,134.0,102070.0
1990-01-07 14:00:00+00:00,0.29,78.65,0.0,0.0,0.0,230.85,1.24,166.0,102090.0
1990-01-07 15:00:00+00:00,-0.95,81.7,0.0,0.0,0.0,230.1,1.45,181.0,102090.0
1990-01-07 16:00:00+00:00,-1.81,88.3,0.0,0.0,0.0,228.55,1.52,185.0,102080.0
1990-01-07 17:00:00+00:00,-2.38,88.25,0.0,0.0,0.0,228.15,1.52,179.0,102080.0
1990-01-07 18:00:00+00:00,-2.74,88.25,0.0,0.0,0.0,227.2,1.52,172.0,102060.0
1990-01-07 19:00:00+00:00,-3.0,88.25,0.0,0.0,0.0,225.85,1.45,181.0,102100.0
1990-01-07 20:00:00+00:00,-3.01,88.25,0.0,0.0,0.0,225.25,1.31,190.0,102080.0
1990-01-07 21:00:00+00:00,-3.01,88.25,0.0,0.0,0.0,231.45,1.24,195.0,102060.0
1990-01-07 22:00:00+00:00,-2.63,91.85,0.0,0.0,0.0,246.15,1.03,197.0,102060.0
1990-01-07 23:00:00+00:00,-2.13,91.85,0.0,0.0,0.0,255.05,0.9,196.0,102120.0
1990-01-08 00:00:00+00:00,-1.37,88.35,88.25,258.62,69.05,250.05,0.62,204.0,102170.0
1990-01-08 01:00:00+00:00,0.12,81.8,250.95,555.43,109.25,254.4,0.21,244.0,102220.0
1990-01-08 02:00:00+00:00,3.46,65.2,436.85,799.89,112.95,242.3,0.34,277.0,102290.0
1990-01-08 03:00:00+00:00,6.53,54.3,542.45,807.25,127.95,240.15,0.9,303.0,102290.0
1990-01-08 04:00:00+00:00,8.85,48.65,582.6,794.04,127.35,242.85,2.14,315.0,102200.0
1990-01-08 05:00:00+00:00,10.55,37.45,556.35,736.92,128.6,250.6,3.38,321.0,102110.0
1990-01-08 06:00:00+00:00,11.45,30.85,396.35,394.42,185.6,249.25,4.07,323.0,102020.0
1990-01-08 07:00:00+00:00,10.6,34.6,299.5,379.57,133.2,278.1,3.86,318.0,102030.0
1990-01-08 08:00:00+00:00,10.76,31.95,158.55,299.46,69.2,263.0,3.79,321.0,102030.0
1990-01-08 09:00:00+00:00,9.69,35.75,22.25,70.22,13.5,247.3,2.55,323.0,102060.0
1990-01-08 10:00:00+00:00,7.49,39.85,0.0,0.0,0.0,242.3,2.55,321.0,102090.0
1990-01-08 11:00:00+00:00,5.56,46.1,0.0,0.0,0.0,239.4,2.83,318.0,102160.0
1990-01-08 12:00:00+00:00,4.54,45.85,0.0,0.0,0.0,237.25,3.24,322.0,102250.0
1990-01-08 13:00:00+00:00,4.11,43.9,0.0,0.0,0.0,232.8,3.72,337.0,102340.0
1990-01-08 14:00:00+00:00,3.43,40.3,0.0,0.0,0.0,226.8,3.52,352.0,102450.0
1990-01-08 15:00:00+00:00,2.13,41.55,0.0,0.0,0.0,220.8,2.9,360.0,102470.0
1990-01-08 16:00:00+00:00,0.61,48.6,0.0,0.0,0.0,216.35,2.28,1.0,102470.0
1990-01-08 17:00:00+00:00,-0.98,56.85,0.0,0.0,0.0,213.05,1.93,1.0,102460.0
1990-01-08 18:00:00+00:00,-2.42,66.6,0.0,0.0,0.0,211.7,1.72,2.0,102440.0
1990-01-08 19:00:00+00:00,-0.64,64.35,0.0,0.0,0.0,212.7,0.83,20.0,102470.0
1990-01-08 20:00:00+00:00,-1.08,66.9,0.0,0.0,0.0,211.5,0.9,37.0,102410.0
1990-01-08 21:00:00+00:00,-1.45,69.55,0.0,0.0,0.0,210.55,0.9,54.0,102410.0
1990-01-08 22:00:00+00:00,-1.63,69.55,0.0,0.0,0.0,210.35,0.83,65.0,102410.0
1990-01-08 23:00:00+00:00,-1.67,69.45,0.0,0.0,0.0,209.6,0.76,75.0,102450.0
1990-01-09 00:00:00+00:00,-1.85,69.45,125.9,988.68,52.35,208.8,0.83,85.0,102500.0
1990-01-09 01:00:00+00:00,-0.92,66.9,304.3,849.51,87.15,211.25,0.41,93.0,102570.0
1990-01-09 02:00:00+00:00,2.88,40.15,458.7,868.23,106.35,215.0,0.69,103.0,102630.0
1990-01-09 03:00:00+00:00,4.87,30.4,561.85,864.06,117.05,219.85,1.1,93.0,102650.0
1990-01-09 04:00:00+00:00,6.27,27.2,602.4,837.14,121.0,224.85,1.24,75.0,102580.0
1990-01-09 05:00:00+00:00,7.24,26.35,576.8,786.22,118.8,228.75,1.24,60.0,102440.0
1990-01-09 06:00:00+00:00,7.87,25.4,485.7,699.15,110.45,231.25,1.1,48.0,102350.0
1990-01-09 07:00:00+00:00,7.56,30.0,343.9,567.91,93.6,233.0,0.97,12.0,102300.0
1990-01-09 08:00:00+00:00,7.49,30.0,170.2,352.85,63.95,232.6,1.24,17.0,102310.0
1990-01-09 09:00:00+00:00,6.68,35.0,24.1,78.5,14.1,231.05,1.52,28.0,102320.0
1990-01-09 10:00:00+00:00,4.9,39.1,0.0,0.0,0.0,226.6,2.14,37.0,102360.0
1990-01-09 11:00:00+00:00,2.95,47.3,0.0,0.0,0.0,224.3,1.86,47.0,102410.0
1990-01-09 12:00:00+00:00,1.09,57.35,0.0,0.0,0.0,222.15,1.45,65.0,102450.0
1990-01-09 13:00:00+00:00,0.98,55.05,0.0,0.0,0.0,220.2,1.24,95.0,102470.0
1990-01-09 14:00:00+00:00,-0.1,59.45,0.0,0.0,0.0,219.05,1.31,118.0,102500.0
1990-01-09 15:00:00+00:00,-1.44,66.8,0.0,0.0,0.0,216.95,1.45,123.0,102520.0
1990-01-09 16:00:00+00:00,-2.85,72.25,0.0,0.0,0.0,214.8,1.66,126.0,102500.0
1990-01-09 17:00:00+00:00,-3.78,75.05,0.0,0.0,0.0,212.65,1.86,132.0,102500.0
1990-01-09 18:00:00+00:00,-4.11,75.05,0.0,0.0,0.0,211.7,2.0,135.0,102470.0
1990-01-09 19:00:00+00:00,-4.02,75.05,0.0,0.0,0.0,208.05,1.72,147.0,102490.0
1990-01-09 20:00:00+00:00,-4.64,78.05,0.0,0.0,0.0,207.45,1.86,151.0,102430.0
1990-01-09 21:00:00+00:00,-4.68,78.05,0.0,0.0,0.0,207.25,2.14,154.0,102370.0
1990-01-09 22:00:00+00:00,-4.56,78.05,0.0,0.0,0.0,207.45,2.28,154.0,102330.0
1990-01-09 23:00:00+00:00,-4.29,74.95,0.0,0.0,0.0,207.85,2.41,157.0,102300.0
1990-01-10 00:00:00+00:00,-3.73,72.05,125.55,981.39,52.3,208.8,2.55,160.0,102290.0
1990-01-10 01:00:00+00:00,-0.65,59.35,303.0,841.28,87.45,211.6,2.55,162.0,102300.0
1990-01-10 02:00:00+00:00,2.41,45.3,457.45,861.68,106.9,216.15,3.45,167.0,102300.0
1990-01-10 03:00:00+00:00,4.46,40.6,561.3,858.89,117.95,221.6,3.93,171.0,102240.0
1990-01-10 04:00:00+00:00,5.92,37.85,602.8,833.65,121.9,226.8,4.14,174.0,102090.0
1990-01-10 05:00:00+00:00,7.05,38.1,576.95,780.98,120.3,231.05,4.07,176.0,101900.0
1990-01-10 06:00:00+00:00,7.89,38.25,485.2,690.93,112.65,235.3,4.0,177.0,101720.0
1990-01-10 07:00:00+00:00,8.05,43.1,343.1,559.16,95.15,238.8,3.79,175.0,101650.0
1990-01-10 08:00:00+00:00,7.96,43.1,166.8,326.88,67.45,241.7,3.86,174.0,101570.0
1990-01-10 09:00:00+00:00,6.93,46.55,24.25,69.12,15.25,241.9,3.1,164.0,101540.0
1990-01-10 10:00:00+00:00,4.71,55.95,0.0,0.0,0.0,240.75,3.17,158.0,101520.0
1990-01-10 11:00:00+00:00,3.42,60.3,0.0,0.0,0.0,240.15,3.24,161.0,101500.0
1990-01-10 12:00:00+00:00,2.6,65.0,0.0,0.0,0.0,241.15,3.1,165.0,101470.0
1990-01-10 13:00:00+00:00,2.02,67.5,0.0,0.0,0.0,244.6,2.9,168.0,101480.0
1990-01-10 14:00:00+00:00,1.67,70.1,0.0,0.0,0.0,254.5,2.69,172.0,101490.0
1990-01-10 15:00:00+00:00,1.07,72.85,0.0,0.0,0.0,247.5,2.55,177.0,101480.0
1990-01-10 16:00:00+00:00,0.26,78.65,0.0,0.0,0.0,237.25,2.41,181.0,101460.0
1990-01-10 17:00:00+00:00,-0.58,81.75,0.0,0.0,0.0,236.3,2.14,184.0,101430.0
1990-01-10 18:00:00+00:00,-1.44,88.35,0.0,0.0,0.0,235.9,1.86,186.0,101400.0
1990-01-10 19:00:00+00:00,-2.23,91.85,0.0,0.0,0.0,233.6,1.66,184.0,101410.0
1990-01-10 20:00:00+00:00,-2.38,91.85,0.0,0.0,0.0,233.2,1.38,180.0,101380.0
1990-01-10 21:00:00+00:00,-2.03,88.3,0.0,0.0,0.0,231.65,1.17,173.0,101380.0
1990-01-10 22:00:00+00:00,-1.61,84.95,0.0,0.0,0.0,231.25,0.97,166.0,101420.0
1990-01-10 23:00:00+00:00,-1.12,85.0,0.0,0.0,0.0,229.9,0.62,156.0,101500.0
1990-01-11 00:00:00+00:00,-0.94,85.0,121.75,927.55,52.2,229.15,0.21,89.0,101570.0
1990-01-11 01:00:00+00:00,0.06,85.1,297.45,816.8,87.6,230.8,0.41,13.0,101670.0
1990-01-11 02:00:00+00:00,3.83,67.8,453.15,848.45,107.05,233.0,0.97,358.0,101780.0
1990-01-11 03:00:00+00:00,6.47,56.45,560.1,854.36,117.8,236.3,2.21,5.0,101870.0
1990-01-11 04:00:00+00:00,8.1,48.55,604.85,834.52,121.85,239.2,3.45,21.0,101870.0
1990-01-11 05:00:00+00:00,8.73,36.9,584.1,793.04,118.6,239.4,4.0,31.0,101800.0
1990-01-11 06:00:00+00:00,8.97,29.05,497.35,715.16,109.9,238.05,4.07,33.0,101760.0
1990-01-11 07:00:00+00:00,8.61,25.55,354.8,585.72,93.45,234.35,4.28,35.0,101750.0
1990-01-11 08:00:00+00:00,7.95,25.4,178.35,370.26,64.75,232.4,4.34,36.0,101800.0
1990-01-11 09:00:00+00:00,6.66,28.5,26.95,88.67,15.15,229.5,3.45,35.0,101920.0
1990-01-11 10:00:00+00:00,4.31,34.3,0.0,0.0,0.0,226.4,3.03,29.0,102030.0
1990-01-11 11:00:00+00:00,2.59,38.4,0.0,0.0,0.0,223.3,2.9,24.0,102200.0
1990-01-11 12:00:00+00:00,1.29,41.3,0.0,0.0,0.0,221.0,2.76,20.0,102340.0
1990-01-11 13:00:00+00:00,0.19,44.6,0.0,0.0,0.0,219.65,2.55,11.0,102490.0
1990-01-11 14:00:00+00:00,-0.81,46.2,0.0,0.0,0.0,217.15,2.41,359.0,102610.0
1990-01-11 15:00:00+00:00,-1.7,49.95,0.0,0.0,0.0,216.75,2.34,352.0,102730.0
1990-01-11 16:00:00+00:00,-2.47,49.8,0.0,0.0,0.0,215.0,2.34,350.0,102790.0
1990-01-11 17:00:00+00:00,-2.95,49.8,0.0,0.0,0.0,218.3,2.28,349.0,102840.0
1990-01-11 18:00:00+00:00,-3.43,49.65,0.0,0.0,0.0,215.6,2.28,346.0,102900.0
1990-01-11 19:00:00+00:00,-3.55,45.65,0.0,0.0,0.0,215.75,2.28,343.0,103000.0
1990-01-11 20:00:00+00:00,-4.05,47.45,0.0,0.0,0.0,208.6,2.28,344.0,102980.0
1990-01-11 21:00:00+00:00,-4.35,47.35,0.0,0.0,0.0,210.15,2.14,342.0,103010.0
1990-01-11 22:00:00+00:00,-4.78,49.25,0.0,0.0,0.0,202.8,2.14,338.0,103030.0
1990-01-11 23:00:00+00:00,-5.02,49.25,0.0,0.0,0.0,203.6,2.0,339.0,103090.0
1990-01-12 00:00:00+00:00,-5.13,49.25,126.55,992.41,51.7,201.25,1.86,339.0,103120.0
1990-01-12 01:00:00+00:00,-2.73,42.05,307.05,857.33,86.1,201.95,1.66,344.0,103170.0
1990-01-12 02:00:00+00:00,-0.33,34.45,463.9,877.37,104.95,204.35,1.72,350.0,103210.0
1990-01-12 03:00:00+00:00,1.51,30.85,571.25,876.83,115.9,208.6,1.45,351.0,103200.0
1990-01-12 04:00:00+00:00,3.2,27.55,619.15,859.36,120.05,212.3,1.52,345.0,103090.0
1990-01-12 05:00:00+00:00,4.61,25.7,594.0,808.61,117.45,214.4,2.07,332.0,102920.0
1990-01-12 06:00:00+00:00,5.59,23.85,506.65,732.08,108.1,217.15,2.55,331.0,102750.0
1990-01-12 07:00:00+00:00,5.8,23.85,361.45,596.6,93.55,217.5,2.41,339.0,102710.0
1990-01-12 08:00:00+00:00,5.84,23.85,184.15,384.02,65.2,217.9,2.21,344.0,102680.0
1990-01-12 09:00:00+00:00,5.21,28.1,28.95,96.31,15.85,217.9,1.38,17.0,102690.0
1990-01-12 10:00:00+00:00,3.54,32.75,0.0,0.0,0.0,214.6,2.14,80.0,102690.0
1990-01-12 11:00:00+00:00,1.2,43.05,0.0,0.0,0.0,213.25,2.14,109.0,102740.0
1990-01-12 12:00:00+00:00,-0.49,48.3,0.0,0.0,0.0,211.3,2.07,140.0,102760.0
1990-01-12 13:00:00+00:00,-2.1,56.6,0.0,0.0,0.0,208.8,2.0,166.0,102800.0
1990-01-12 14:00:00+00:00,-3.28,61.2,0.0,0.0,0.0,207.25,2.14,186.0,102820.0
1990-01-12 15:00:00+00:00,-3.94,66.35,0.0,0.0,0.0,206.3,2.14,192.0,102830.0
1990-01-12 16:00:00+00:00,-4.41,71.95,0.0,0.0,0.0,204.75,1.93,186.0,102810.0
1990-01-12 17:00:00+00:00,-4.59,71.95,0.0,0.0,0.0,203.4,1.66,181.0,102770.0
1990-01-12 18:00:00+00:00,-4.36,71.95,0.0,0.0,0.0,202.05,1.38,182.0,102720.0
1990-01-12 19:00:00+00:00,-3.01,66.6,0.0,0.0,0.0,199.9,0.62,195.0,102740.0
1990-01-12 20:00:00+00:00,-3.31,72.1,0.0,0.0,0.0,199.15,0.69,212.0,102710.0
1990-01-12 21:00:00+00:00,-4.04,75.05,0.0,0.0,0.0,197.6,0.97,217.0,102670.0
1990-01-12 22:00:00+00:00,-4.32,78.05,0.0,0.0,0.0,197.0,0.97,203.0,102670.0
1990-01-12 23:00:00+00:00,-4.9,81.25,0.0,0.0,0.0,196.6,1.1,176.0,102650.0
1990-01-13 00:00:00+00:00,-5.63,81.2,131.85,1040.05,52.85,196.05,1.31,166.0,102680.0
1990-01-13 01:00:00+00:00,-2.38,75.2,316.45,885.66,87.4,198.65,0.9,162.0,102680.0
1990-01-13 02:00:00+00:00,2.02,49.0,476.7,902.48,106.3,202.8,1.31,168.0,102690.0
1990-01-13 03:00:00+00:00,4.68,37.4,585.3,899.86,116.45,208.4,1.72,175.0,102680.0
1990-01-13 04:00:00+00:00,6.51,29.7,629.15,873.15,120.2,213.65,2.0,180.0,102580.0
1990-01-13 05:00:00+00:00,7.58,28.8,604.35,821.82,118.0,218.5,2.0,182.0,102410.0
1990-01-13 06:00:00+00:00,8.28,30.0,513.6,738.3,109.65,222.35,2.07,181.0,102270.0
1990-01-13 07:00:00+00:00,8.37,31.25,367.55,605.8,93.75,225.05,1.79,181.0,102180.0
1990-01-13 08:00:00+00:00,8.36,32.55,187.5,388.65,65.95,227.6,1.86,174.0,102160.0
1990-01-13 09:00:00+00:00,7.33,38.1,30.4,100.36,16.45,228.15,1.72,151.0,102160.0
1990-01-13 10:00:00+00:00,4.87,45.85,0.0,0.0,0.0,225.25,2.62,145.0,102160.0
1990-01-13 11:00:00+00:00,2.75,53.25,0.0,0.0,0.0,224.65,2.76,157.0,102180.0
1990-01-13 12:00:00+00:00,1.39,57.45,0.0,0.0,0.0,223.9,2.76,168.0,102200.0
1990-01-13 13:00:00+00:00,0.4,62.0,0.0,0.0,0.0,222.95,2.69,174.0,102210.0
1990-01-13 14:00:00+00:00,-0.47,69.75,0.0,0.0,0.0,221.75,2.55,178.0,102220.0
1990-01-13 15:00:00+00:00,-1.38,75.35,0.0,0.0,0.0,220.6,2.34,181.0,102230.0
1990-01-13 16:00:00+00:00,-2.29,81.5,0.0,0.0,0.0,220.05,2.14,181.0,102210.0
1990-01-13 17:00:00+00:00,-3.11,81.5,0.0,0.0,0.0,219.65,1.86,180.0,102200.0
1990-01-13 18:00:00+00:00,-3.68,84.8,0.0,0.0,0.0,219.25,1.66,178.0,102170.0
1990-01-13 19:00:00+00:00,-3.8,84.7,0.0,0.0,0.0,218.65,1.45,181.0,102240.0
1990-01-13 20:00:00+00:00,-3.49,84.8,0.0,0.0,0.0,218.5,1.24,177.0,102240.0
1990-01-13 21:00:00+00:00,-2.84,81.5,0.0,0.0,0.0,218.65,0.97,166.0,102210.0
1990-01-13 22:00:00+00:00,-2.22,81.5,0.0,0.0,0.0,218.5,0.55,128.0,102240.0
1990-01-13 23:00:00+00:00,-2.03,78.35,0.0,0.0,0.0,218.1,0.55,36.0,102340.0
1990-01-14 00:00:00+00:00,-4.08,84.7,127.5,985.76,52.0,217.5,1.31,356.0,102430.0
1990-01-14 01:00:00+00:00,-0.84,78.5,307.15,848.54,86.85,219.35,1.52,355.0,102590.0
1990-01-14 02:00:00+00:00,2.78,60.05,465.25,871.85,106.2,221.4,2.76,4.0,102700.0
1990-01-14 03:00:00+00:00,4.64,40.6,575.0,876.37,116.8,223.5,3.79,18.0,102780.0
1990-01-14 04:00:00+00:00,5.75,32.0,621.65,856.97,120.25,223.5,3.72,22.0,102770.0
1990-01-14 05:00:00+00:00,6.6,28.5,599.9,811.33,117.7,224.3,3.59,23.0,102680.0
1990-01-14 06:00:00+00:00,7.11,27.5,511.5,731.53,109.2,225.05,3.38,26.0,102590.0
1990-01-14 07:00:00+00:00,7.04,27.5,367.65,602.38,93.6,225.25,3.31,26.0,102530.0
1990-01-14 08:00:00+00:00,6.79,27.35,189.5,390.9,66.05,225.45,3.17,28.0,102520.0
1990-01-14 09:00:00+00:00,5.86,32.0,31.65,104.21,16.85,224.65,2.41,26.0,102550.0
1990-01-14 10:00:00+00:00,3.54,38.7,0.0,0.0,0.0,221.6,2.55,14.0,102580.0
1990-01-14 11:00:00+00:00,1.67,45.0,0.0,0.0,0.0,219.65,2.48,10.0,102620.0
1990-01-14 12:00:00+00:00,0.25,50.5,0.0,0.0,0.0,217.5,2.34,8.0,102620.0
1990-01-14 13:00:00+00:00,-1.05,54.55,0.0,0.0,0.0,215.75,2.21,7.0,102620.0
1990-01-14 14:00:00+00:00,-2.39,61.35,0.0,0.0,0.0,214.4,1.93,2.0,102620.0
1990-01-14 15:00:00+00:00,-3.48,63.8,0.0,0.0,0.0,213.05,1.72,355.0,102630.0
1990-01-14 16:00:00+00:00,-3.99,69.15,0.0,0.0,0.0,211.5,1.52,350.0,102590.0
1990-01-14 17:00:00+00:00,-3.73,69.15,0.0,0.0,0.0,210.55,1.24,351.0,102560.0
1990-01-14 18:00:00+00:00,-3.58,66.45,0.0,0.0,0.0,209.95,1.1,350.0,102520.0
1990-01-14 19:00:00+00:00,-3.72,72.05,0.0,0.0,0.0,209.6,1.1,346.0,102470.0
1990-01-14 20:00:00+00:00,-4.2,74.95,0.0,0.0,0.0,210.15,1.1,357.0,102360.0
1990-01-14 21:00:00+00:00,-3.62,69.25,0.0,0.0,0.0,210.35,0.83,3.0,102280.0
1990-01-14 22:00:00+00:00,-3.48,72.1,0.0,0.0,0.0,211.3,0.48,1.0,102200.0
1990-01-14 23:00:00+00:00,-3.51,72.1,0.0,0.0,0.0,212.7,0.28,53.0,102170.0
1990-01-15 00:00:00+00:00,-3.44,72.1,127.6,980.99,51.75,214.4,0.55,132.0,102140.0
1990-01-15 01:00:00+00:00,-1.62,64.1,305.85,842.28,86.25,218.8,0.62,146.0,102130.0
1990-01-15 02:00:00+00:00,1.98,49.0,460.55,858.51,105.7,223.7,1.03,155.0,102120.0
1990-01-15 03:00:00+00:00,4.52,44.05,565.65,855.36,116.8,230.1,1.79,166.0,102070.0
1990-01-15 04:00:00+00:00,6.39,41.0,608.85,830.39,121.1,235.9,2.62,173.0,101940.0
1990-01-15 05:00:00+00:00,7.84,39.85,585.75,782.05,118.9,240.75,3.03,177.0,101770.0
1990-01-15 06:00:00+00:00,8.92,39.95,500.15,704.74,110.55,244.8,3.1,179.0,101610.0
1990-01-15 07:00:00+00:00,9.09,40.1,353.65,572.06,91.65,246.55,2.34,184.0,101450.0
1990-01-15 08:00:00+00:00,9.26,40.1,174.5,341.61,65.55,251.2,2.0,183.0,101460.0
1990-01-15 09:00:00+00:00,8.48,43.25,29.0,72.71,18.45,252.95,1.45,160.0,101480.0
1990-01-15 10:00:00+00:00,6.35,50.05,0.0,0.0,0.0,254.1,2.0,145.0,101480.0
1990-01-15 11:00:00+00:00,4.37,60.4,0.0,0.0,0.0,260.1,1.79,163.0,101500.0
1990-01-15 12:00:00+00:00,2.73,67.6,0.0,0.0,0.0,254.85,2.0,176.0,101530.0
1990-01-15 13:00:00+00:00,1.76,72.95,0.0,0.0,0.0,265.9,2.21,178.0,101570.0
1990-01-15 14:00:00+00:00,1.15,75.75,0.0,0.0,0.0,267.25,2.14,184.0,101610.0
1990-01-15 15:00:00+00:00,0.79,81.9,0.0,0.0,0.0,269.95,1.79,189.0,101630.0
1990-01-15 16:00:00+00:00,-0.02,81.8,0.0,0.0,0.0,257.75,1.72,188.0,101600.0
1990-01-15 17:00:00+00:00,-1.08,85.0,0.0,0.0,0.0,243.45,1.79,183.0,101560.0
1990-01-15 18:00:00+00:00,-1.34,88.35,0.0,0.0,0.0,241.9,1.59,180.0,101540.0
1990-01-15 19:00:00+00:00,-0.16,81.75,0.0,0.0,0.0,238.6,0.9,192.0,101530.0
1990-01-15 20:00:00+00:00,0.03,78.65,0.0,0.0,0.0,237.45,0.14,228.0,101520.0
1990-01-15 21:00:00+00:00,-0.02,78.65,0.0,0.0,0.0,237.05,0.21,164.0,101480.0
1990-01-15 22:00:00+00:00,-0.15,78.65,0.0,0.0,0.0,235.7,0.48,243.0,101520.0
1990-01-15 23:00:00+00:00,-0.41,81.75,0.0,0.0,0.0,235.15,0.83,297.0,101590.0
1990-01-16 00:00:00+00:00,-0.37,81.75,116.9,687.81,63.15,237.85,0.62,8.0,101620.0
1990-01-16 01:00:00+00:00,1.3,78.8,288.95,695.25,106.85,243.15,0.07,172.0,101670.0
1990-01-16 02:00:00+00:00,4.67,65.4,398.5,525.99,180.25,247.9,0.48,120.0,101660.0
1990-01-16 03:00:00+00:00,7.34,56.55,395.15,262.65,256.8,270.75,0.76,114.0,101610.0
1990-01-16 04:00:00+00:00,8.78,54.65,430.8,263.75,275.25,283.7,0.41,142.0,101530.0
1990-01-16 05:00:00+00:00,10.13,51.0,491.6,394.89,254.8,285.85,0.55,168.0,101430.0
1990-01-16 06:00:00+00:00,11.47,47.6,419.5,373.35,212.0,280.4,1.1,147.0,101320.0
1990-01-16 07:00:00+00:00,11.61,45.8,334.55,462.36,121.35,275.4,0.9,130.0,101220.0
1990-01-16 08:00:00+00:00,11.75,45.8,169.35,281.43,78.7,273.65,0.83,100.0,101250.0
1990-01-16 09:00:00+00:00,11.02,49.3,32.45,99.51,17.7,268.05,1.17,79.0,101240.0
1990-01-16 10:00:00+00:00,8.94,59.15,0.0,0.0,0.0,257.6,1.24,68.0,101270.0
1990-01-16 11:00:00+00:00,5.82,70.85,0.0,0.0,0.0,256.4,1.59,28.0,101360.0
1990-01-16 12:00:00+00:00,4.21,76.25,0.0,0.0,0.0,259.1,1.59,28.0,101400.0
1990-01-16 13:00:00+00:00,3.72,79.15,0.0,0.0,0.0,274.4,1.38,52.0,101430.0
1990-01-16 14:00:00+00:00,3.83,79.15,0.0,0.0,0.0,277.1,1.03,48.0,101430.0
1990-01-16 15:00:00+00:00,3.65,79.15,0.0,0.0,0.0,277.1,0.76,80.0,101410.0
1990-01-16 16:00:00+00:00,3.53,76.15,0.0,0.0,0.0,262.2,0.55,111.0,101380.0
1990-01-16 17:00:00+00:00,3.2,79.1,0.0,0.0,0.0,259.3,0.14,133.0,101370.0
1990-01-16 18:00:00+00:00,2.86,82.15,0.0,0.0,0.0,260.3,0.07,79.0,101330.0
1990-01-16 19:00:00+00:00,1.8,82.0,0.0,0.0,0.0,253.3,0.41,9.0,101290.0
1990-01-16 20:00:00+00:00,0.81,85.15,0.0,0.0,0.0,250.2,1.03,348.0,101260.0
1990-01-16 21:00:00+00:00,-0.45,88.45,0.0,0.0,0.0,248.65,1.31,355.0,101230.0
1990-01-16 22:00:00+00:00,0.1,85.1,0.0,0.0,0.0,246.95,0.97,352.0,101210.0
1990-01-16 23:00:00+00:00,0.42,85.15,0.0,0.0,0.0,252.95,0.48,342.0,101220.0
1990-01-17 00:00:00+00:00,0.4,85.15,100.95,321.24,75.55,257.95,0.14,307.0,101200.0
1990-01-17 01:00:00+00:00,2.08,82.05,236.2,316.65,152.85,263.7,0.14,241.0,101230.0
1990-01-17 02:00:00+00:00,5.21,70.8,296.05,161.65,228.7,274.05,0.21,198.0,101300.0
1990-01-17 03:00:00+00:00,7.38,63.5,286.5,53.8,258.05,290.1,0.48,151.0,101260.0
1990-01-17 04:00:00+00:00,8.57,59.0,224.9,46.52,197.35,298.8,0.69,105.0,101170.0
1990-01-17 05:00:00+00:00,9.14,59.15,338.05,180.51,229.3,308.1,0.62,148.0,101060.0
1990-01-17 06:00:00+00:00,10.2,55.05,303.2,160.97,213.25,296.1,0.55,176.0,100970.0
1990-01-17 07:00:00+00:00,10.49,53.1,310.9,365.29,141.3,300.15,0.41,50.0,100860.0
1990-01-17 08:00:00+00:00,10.82,53.1,159.95,216.71,89.45,285.25,0.62,33.0,100850.0
1990-01-17 09:00:00+00:00,10.36,55.05,30.5,61.1,21.25,276.75,0.48,96.0,100840.0
1990-01-17 10:00:00+00:00,9.49,57.05,0.0,0.0,0.0,270.75,0.14,157.0,100900.0
1990-01-17 11:00:00+00:00,8.45,61.3,0.0,0.0,0.0,266.85,0.41,240.0,100960.0
1990-01-17 12:00:00+00:00,7.7,63.6,0.0,0.0,0.0,282.95,0.41,274.0,101000.0
1990-01-17 13:00:00+00:00,6.72,68.4,0.0,0.0,0.0,265.1,0.48,298.0,101030.0
1990-01-17 14:00:00+00:00,5.73,70.85,0.0,0.0,0.0,259.9,0.48,315.0,101070.0
1990-01-17 15:00:00+00:00,4.84,76.3,0.0,0.0,0.0,257.75,0.69,322.0,101100.0
1990-01-17 16:00:00+00:00,3.41,79.15,0.0,0.0,0.0,255.85,0.9,280.0,101120.0
1990-01-17 17:00:00+00:00,2.47,82.15,0.0,0.0,0.0,253.3,0.9,280.0,101150.0
1990-01-17 18:00:00+00:00,1.81,88.6,0.0,0.0,0.0,250.6,0.97,315.0,101170.0
1990-01-17 19:00:00+00:00,1.03,88.55,0.0,0.0,0.0,253.1,1.03,342.0,101140.0
1990-01-17 20:00:00+00:00,-1.22,95.6,0.0,0.0,0.0,244.8,1.72,338.0,101120.0
1990-01-17 21:00:00+00:00,-1.13,88.4,0.0,0.0,0.0,244.2,1.93,332.0,101110.0
1990-01-17 22:00:00+00:00,-0.8,88.4,0.0,0.0,0.0,244.2,1.93,328.0,101160.0
1990-01-17 23:00:00+00:00,-0.68,88.4,0.0,0.0,0.0,243.45,2.0,328.0,101250.0
1990-01-18 00:00:00+00:00,-0.7,88.4,118.0,715.46,60.7,241.3,2.28,331.0,101330.0
1990-01-18 01:00:00+00:00,3.2,76.1,277.65,650.37,105.55,251.3,2.41,336.0,101400.0
1990-01-18 02:00:00+00:00,8.1,54.55,433.65,767.39,112.55,251.75,3.03,347.0,101490.0
1990-01-18 03:00:00+00:00,10.71,40.55,559.2,819.79,123.85,256.8,3.03,353.0,101520.0
1990-01-18 04:00:00+00:00,12.47,32.5,570.05,730.93,135.3,257.95,2.69,2.0,101500.0
1990-01-18 05:00:00+00:00,13.34,27.85,585.45,735.15,140.45,260.3,2.41,11.0,101390.0
1990-01-18 06:00:00+00:00,13.98,24.95,462.25,580.61,136.0,262.6,2.07,25.0,101280.0
1990-01-18 07:00:00+00:00,13.75,26.9,359.85,570.77,93.0,259.3,1.52,50.0,101180.0
1990-01-18 08:00:00+00:00,13.67,25.85,187.4,372.18,65.1,266.5,1.38,73.0,101170.0
1990-01-18 09:00:00+00:00,12.73,32.5,29.6,87.97,16.0,260.65,1.45,100.0,101160.0
1990-01-18 10:00:00+00:00,10.54,37.45,0.0,0.0,0.0,258.75,1.79,117.0,101210.0
1990-01-18 11:00:00+00:00,7.65,44.85,0.0,0.0,0.0,254.5,1.93,114.0,101220.0
1990-01-18 12:00:00+00:00,5.14,53.9,0.0,0.0,0.0,249.85,1.93,103.0,101240.0
1990-01-18 13:00:00+00:00,3.87,60.3,0.0,0.0,0.0,262.05,1.72,98.0,101240.0
1990-01-18 14:00:00+00:00,2.91,62.6,0.0,0.0,0.0,249.65,1.66,106.0,101230.0
1990-01-18 15:00:00+00:00,2.27,64.9,0.0,0.0,0.0,254.65,1.72,111.0,101240.0
1990-01-18 16:00:00+00:00,1.46,67.4,0.0,0.0,0.0,262.8,2.0,114.0,101230.0
1990-01-18 17:00:00+00:00,1.61,64.8,0.0,0.0,0.0,278.1,2.14,123.0,101180.0
1990-01-18 18:00:00+00:00,2.2,62.35,0.0,0.0,0.0,293.75,2.07,128.0,101160.0
1990-01-18 19:00:00+00:00,1.96,62.35,0.0,0.0,0.0,277.9,1.93,132.0,101100.0
1990-01-18 20:00:00+00:00,1.9,62.35,0.0,0.0,0.0,282.55,1.86,132.0,101050.0
1990-01-18 21:00:00+00:00,2.01,59.95,0.0,0.0,0.0,291.65,2.0,127.0,100980.0
1990-01-18 22:00:00+00:00,2.19,59.95,0.0,0.0,0.0,293.2,2.07,122.0,100940.0
1990-01-18 23:00:00+00:00,2.53,60.05,0.0,0.0,0.0,304.6,1.72,109.0,100970.0
1990-01-19 00:00:00+00:00,3.14,57.8,27.0,0.0,27.0,311.2,1.38,75.0,101050.0
1990-01-19 01:00:00+00:00,3.9,65.3,59.05,22.55,53.05,321.35,1.1,45.0,101130.0
1990-01-19 02:00:00+00:00,5.45,51.95,75.5,5.71,73.1,324.75,0.97,53.0,101180.0
1990-01-19 03:00:00+00:00,6.12,50.05,186.35,17.44,177.05,322.6,0.9,62.0,101160.0
1990-01-19 04:00:00+00:00,7.62,44.85,267.45,169.06,166.45,323.55,0.76,52.0,101080.0
1990-01-19 05:00:00+00:00,8.8,41.6,225.85,59.51,189.65,327.65,0.97,78.0,100950.0
1990-01-19 06:00:00+00:00,9.11,40.1,281.45,185.28,176.75,319.7,1.66,101.0,100820.0
1990-01-19 07:00:00+00:00,9.97,35.85,280.0,367.86,106.8,299.55,1.79,83.0,100630.0
1990-01-19 08:00:00+00:00,10.18,38.85,147.0,248.7,64.45,291.25,1.66,86.0,100660.0
1990-01-19 09:00:00+00:00,9.62,41.85,31.35,77.29,19.15,282.75,1.31,70.0,100700.0
1990-01-19 10:00:00+00:00,8.35,48.55,0.0,0.0,0.0,282.95,1.93,64.0,100740.0
1990-01-19 11:00:00+00:00,6.44,54.3,0.0,0.0,0.0,264.55,1.66,60.0,100840.0
1990-01-19 12:00:00+00:00,4.44,65.4,0.0,0.0,0.0,263.6,1.59,60.0,100880.0
1990-01-19 13:00:00+00:00,4.36,65.3,0.0,0.0,0.0,263.4,0.9,49.0,100960.0
1990-01-19 14:00:00+00:00,2.69,76.0,0.0,0.0,0.0,288.35,1.52,27.0,101020.0
1990-01-19 15:00:00+00:00,2.34,78.95,0.0,0.0,0.0,290.3,1.38,29.0,100980.0
1990-01-19 16:00:00+00:00,2.08,78.95,0.0,0.0,0.0,281.4,1.17,354.0,101000.0
1990-01-19 17:00:00+00:00,1.58,82.0,0.0,0.0,0.0,280.05,1.24,9.0,100970.0
1990-01-19 18:00:00+00:00,1.99,78.95,0.0,0.0,0.0,278.85,0.9,293.0,101000.0
1990-01-19 19:00:00+00:00,0.31,88.45,0.0,0.0,0.0,264.95,1.52,318.0,101050.0
1990-01-19 20:00:00+00:00,0.09,85.1,0.0,0.0,0.0,266.3,1.72,335.0,101020.0
1990-01-19 21:00:00+00:00,0.18,85.1,0.0,0.0,0.0,273.65,1.72,346.0,100960.0
1990-01-19 22:00:00+00:00,0.08,81.8,0.0,0.0,0.0,271.5,1.72,350.0,100960.0
1990-01-19 23:00:00+00:00,0.95,75.75,0.0,0.0,0.0,299.95,1.66,346.0,101020.0
1990-01-20 00:00:00+00:00,1.27,78.8,47.75,119.51,37.9,296.1,1.52,341.0,101110.0
1990-01-20 01:00:00+00:00,2.93,70.4,94.5,44.64,82.55,308.0,1.03,331.0,101180.0
1990-01-20 02:00:00+00:00,4.73,60.5,131.5,36.23,116.2,320.65,0.83,328.0,101240.0
1990-01-20 03:00:00+00:00,5.95,54.15,122.9,63.93,88.65,319.9,0.76,323.0,101250.0
1990-01-20 04:00:00+00:00,6.7,52.2,104.1,0.17,104.0,317.0,0.97,321.0,101200.0
1990-01-20 05:00:00+00:00,7.27,52.35,64.5,4.25,61.9,328.0,0.97,324.0,101120.0
1990-01-20 06:00:00+00:00,7.28,54.4,142.15,51.29,113.0,327.85,0.69,340.0,101070.0
1990-01-20 07:00:00+00:00,8.0,54.55,68.05,25.52,55.95,329.75,1.52,333.0,101070.0
1990-01-20 08:00:00+00:00,7.85,58.9,36.25,0.0,36.25,323.0,1.66,325.0,101120.0
1990-01-20 09:00:00+00:00,7.76,61.2,5.75,1.24,5.55,326.85,2.14,318.0,101200.0
1990-01-20 10:00:00+00:00,7.53,63.6,0.0,0.0,0.0,324.75,2.55,306.0,101240.0
1990-01-20 11:00:00+00:00,7.6,63.6,0.0,0.0,0.0,321.85,3.1,304.0,101300.0
1990-01-20 12:00:00+00:00,7.88,61.2,0.0,0.0,0.0,324.15,3.72,304.0,101370.0
1990-01-20 13:00:00+00:00,8.04,58.9,0.0,0.0,0.0,322.6,4.62,303.0,101510.0
1990-01-20 14:00:00+00:00,7.75,58.9,0.0,0.0,0.0,321.45,4.69,304.0,101560.0
1990-01-20 15:00:00+00:00,7.15,63.5,0.0,0.0,0.0,317.4,4.55,302.0,101580.0
1990-01-20 16:00:00+00:00,6.69,68.4,0.0,0.0,0.0,313.7,3.86,295.0,101560.0
1990-01-20 17:00:00+00:00,6.44,68.4,0.0,0.0,0.0,307.1,3.38,288.0,101530.0
1990-01-20 18:00:00+00:00,6.39,68.3,0.0,0.0,0.0,306.95,2.83,287.0,101500.0
1990-01-20 19:00:00+00:00,6.02,60.85,0.0,0.0,0.0,283.1,2.41,288.0,101410.0
1990-01-20 20:00:00+00:00,5.0,68.1,0.0,0.0,0.0,272.3,2.07,295.0,101340.0
1990-01-20 21:00:00+00:00,3.28,79.1,0.0,0.0,0.0,250.8,1.72,296.0,101290.0
1990-01-20 22:00:00+00:00,3.06,76.1,0.0,0.0,0.0,241.3,1.03,310.0,101300.0
1990-01-20 23:00:00+00:00,3.08,73.2,0.0,0.0,0.0,241.5,0.62,318.0,101300.0
1990-01-21 00:00:00+00:00,2.64,76.0,120.15,713.04,60.45,239.4,0.41,259.0,101340.0
1990-01-21 01:00:00+00:00,4.13,73.4,285.95,603.94,123.25,252.45,0.55,217.0,101390.0
1990-01-21 02:00:00+00:00,7.18,63.5,442.75,703.81,144.05,252.95,0.76,189.0,101390.0
1990-01-21 03:00:00+00:00,10.14,52.95,563.55,746.68,161.7,257.6,1.24,185.0,101340.0
1990-01-21 04:00:00+00:00,12.57,44.35,582.7,614.86,211.95,259.9,1.66,189.0,101240.0
1990-01-21 05:00:00+00:00,14.25,37.0,513.7,402.43,266.45,274.2,1.86,188.0,101050.0
1990-01-21 06:00:00+00:00,15.14,33.2,360.3,177.57,258.8,290.1,1.93,185.0,100890.0
1990-01-21 07:00:00+00:00,14.71,35.75,275.1,169.5,194.15,299.75,2.34,176.0,100810.0
1990-01-21 08:00:00+00:00,14.55,35.75,144.1,84.44,115.5,295.1,2.62,168.0,100760.0
1990-01-21 09:00:00+00:00,13.34,42.8,28.2,5.78,27.25,292.6,2.34,157.0,100720.0
1990-01-21 10:00:00+00:00,11.26,49.3,0.0,0.0,0.0,293.95,2.9,159.0,100710.0
1990-01-21 11:00:00+00:00,9.97,55.05,0.0,0.0,0.0,288.95,3.24,164.0,100740.0
1990-01-21 12:00:00+00:00,9.22,61.45,0.0,0.0,0.0,289.9,3.52,167.0,100700.0
1990-01-21 13:00:00+00:00,8.46,63.7,0.0,0.0,0.0,281.4,3.66,169.0,100660.0
1990-01-21 14:00:00+00:00,7.69,66.05,0.0,0.0,0.0,272.5,3.66,170.0,100580.0
1990-01-21 15:00:00+00:00,6.7,71.05,0.0,0.0,0.0,255.25,3.52,170.0,100480.0
1990-01-21 16:00:00+00:00,5.82,76.5,0.0,0.0,0.0,249.85,3.38,171.0,100420.0
1990-01-21 17:00:00+00:00,5.13,79.35,0.0,0.0,0.0,248.85,3.38,169.0,100340.0
1990-01-21 18:00:00+00:00,4.54,82.35,0.0,0.0,0.0,247.5,3.24,171.0,100270.0
1990-01-21 19:00:00+00:00,4.28,88.8,0.0,0.0,0.0,245.6,3.03,172.0,100170.0
1990-01-21 20:00:00+00:00,3.57,88.75,0.0,0.0,0.0,244.6,2.69,174.0,100110.0
1990-01-21 21:00:00+00:00,2.9,92.15,0.0,0.0,0.0,244.05,2.48,174.0,100070.0
1990-01-21 22:00:00+00:00,2.31,95.65,0.0,0.0,0.0,243.45,2.28,178.0,100080.0
1990-01-21 23:00:00+00:00,1.53,95.65,0.0,0.0,0.0,243.45,1.72,190.0,100130.0
1990-01-22 00:00:00+00:00,1.5,95.65,129.9,885.11,54.55,243.45,0.97,233.0,100290.0
1990-01-22 01:00:00+00:00,3.98,88.8,307.55,802.79,89.85,247.05,0.28,256.0,100410.0
1990-01-22 02:00:00+00:00,7.53,71.25,465.7,837.36,108.5,252.95,0.34,282.0,100510.0
1990-01-22 03:00:00+00:00,10.77,59.5,572.0,837.37,119.2,260.65,1.72,333.0,100590.0
1990-01-22 04:00:00+00:00,13.48,46.35,618.0,815.43,123.95,268.6,3.93,334.0,100610.0
1990-01-22 05:00:00+00:00,15.1,37.25,601.55,779.77,120.0,273.65,6.0,339.0,100600.0
1990-01-22 06:00:00+00:00,15.41,29.55,509.7,684.81,115.95,272.85,6.9,1.0,100630.0
1990-01-22 07:00:00+00:00,14.59,28.25,371.2,542.98,110.0,276.55,7.1,20.0,100630.0
1990-01-22 08:00:00+00:00,12.47,26.65,174.05,248.13,89.15,266.85,6.62,36.0,100910.0
1990-01-22 09:00:00+00:00,10.46,28.3,30.4,42.61,23.25,283.1,5.86,43.0,101060.0
1990-01-22 10:00:00+00:00,8.49,31.4,0.0,0.0,0.0,276.55,5.17,40.0,101230.0
1990-01-22 11:00:00+00:00,7.11,32.4,0.0,0.0,0.0,258.75,4.69,34.0,101380.0
1990-01-22 12:00:00+00:00,6.13,32.15,0.0,0.0,0.0,243.65,4.48,18.0,101580.0
1990-01-22 13:00:00+00:00,5.61,28.25,0.0,0.0,0.0,249.65,5.1,9.0,101800.0
1990-01-22 14:00:00+00:00,5.38,19.1,0.0,0.0,0.0,280.05,6.28,5.0,101980.0
1990-01-22 15:00:00+00:00,4.29,12.05,0.0,0.0,0.0,264.75,6.41,4.0,102170.0
1990-01-22 16:00:00+00:00,3.29,11.8,0.0,0.0,0.0,262.05,5.72,4.0,102320.0
1990-01-22 17:00:00+00:00,2.3,12.75,0.0,0.0,0.0,240.35,5.17,7.0,102400.0
1990-01-22 18:00:00+00:00,1.7,12.65,0.0,0.0,0.0,251.75,5.1,12.0,102480.0
1990-01-22 19:00:00+00:00,1.12,11.95,0.0,0.0,0.0,259.5,5.86,33.0,102440.0
1990-01-22 20:00:00+00:00,0.58,11.3,0.0,0.0,0.0,263.4,5.86,31.0,102540.0
1990-01-22 21:00:00+00:00,-0.05,11.2,0.0,0.0,0.0,253.1,5.52,28.0,102590.0
1990-01-22 22:00:00+00:00,-0.62,11.1,0.0,0.0,0.0,245.2,5.31,24.0,102720.0
1990-01-22 23:00:00+00:00,-1.32,12.6,0.0,0.0,0.0,223.7,4.83,21.0,102860.0
1990-01-23 00:00:00+00:00,-1.52,13.85,92.2,242.98,71.15,239.75,4.55,18.0,102980.0
1990-01-23 01:00:00+00:00,-1.32,15.2,239.8,278.88,163.65,233.7,5.03,14.0,103060.0
1990-01-23 02:00:00+00:00,-0.77,15.35,436.7,617.35,171.95,240.55,5.38,5.0,103080.0
1990-01-23 03:00:00+00:00,0.06,14.85,569.75,748.09,163.25,224.1,5.45,353.0,103090.0
1990-01-23 04:00:00+00:00,0.81,15.0,588.7,640.06,199.0,222.35,5.52,346.0,103010.0
1990-01-23 05:00:00+00:00,1.28,15.1,581.05,626.13,192.35,226.4,5.52,342.0,102850.0
1990-01-23 06:00:00+00:00,1.67,15.2,472.9,436.12,220.65,219.25,5.45,340.0,102730.0
1990-01-23 07:00:00+00:00,1.83,15.2,390.3,559.48,119.2,234.75,4.76,347.0,102680.0
1990-01-23 08:00:00+00:00,1.81,15.2,215.5,389.25,80.95,214.4,4.55,347.0,102700.0
1990-01-23 09:00:00+00:00,1.3,15.1,47.9,140.5,23.85,206.85,4.07,348.0,102690.0
1990-01-23 10:00:00+00:00,0.08,17.85,0.0,0.0,0.0,201.85,2.62,356.0,102710.0
1990-01-23 11:00:00+00:00,-1.21,24.05,0.0,0.0,0.0,197.6,2.21,9.0,102710.0
1990-01-23 12:00:00+00:00,-2.3,28.4,0.0,0.0,0.0,194.7,2.0,10.0,102710.0
1990-01-23 13:00:00+00:00,-3.38,35.25,0.0,0.0,0.0,192.55,1.66,19.0,102790.0
1990-01-23 14:00:00+00:00,-4.63,45.35,0.0,0.0,0.0,189.65,1.38,43.0,102810.0
1990-01-23 15:00:00+00:00,-5.45,49.1,0.0,0.0,0.0,196.6,1.66,33.0,102850.0
1990-01-23 16:00:00+00:00,-5.46,51.25,0.0,0.0,0.0,194.3,1.17,30.0,102820.0
1990-01-23 17:00:00+00:00,-4.34,43.45,0.0,0.0,0.0,184.6,0.62,2.0,102790.0
1990-01-23 18:00:00+00:00,-4.53,47.35,0.0,0.0,0.0,183.85,0.41,290.0,102720.0
1990-01-23 19:00:00+00:00,-5.44,51.25,0.0,0.0,0.0,183.85,0.97,270.0,102690.0
1990-01-23 20:00:00+00:00,-4.87,49.25,0.0,0.0,0.0,182.7,0.83,251.0,102580.0
1990-01-23 21:00:00+00:00,-4.91,49.25,0.0,0.0,0.0,182.5,0.97,226.0,102520.0
1990-01-23 22:00:00+00:00,-5.01,51.4,0.0,0.0,0.0,183.25,1.03,217.0,102470.0
1990-01-23 23:00:00+00:00,-5.25,55.8,0.0,0.0,0.0,184.25,1.17,214.0,102430.0
1990-01-24 00:00:00+00:00,-5.66,60.75,145.45,1015.56,55.85,185.6,1.24,211.0,102440.0
1990-01-24 01:00:00+00:00,-2.57,47.75,337.7,901.15,89.85,188.4,0.76,201.0,102460.0
1990-01-24 02:00:00+00:00,0.58,28.05,504.6,917.88,108.8,192.15,0.76,218.0,102460.0
1990-01-24 03:00:00+00:00,2.37,22.05,618.95,914.65,119.45,196.2,0.83,265.0,102430.0
1990-01-24 04:00:00+00:00,3.54,20.45,667.8,889.28,123.65,200.1,1.17,282.0,102290.0
1990-01-24 05:00:00+00:00,4.57,19.85,646.6,840.73,121.9,204.35,1.38,282.0,102090.0
1990-01-24 06:00:00+00:00,5.35,19.95,558.25,763.56,113.95,208.05,1.31,275.0,101930.0
1990-01-24 07:00:00+00:00,6.0,19.35,411.3,640.01,98.9,211.7,1.52,296.0,101810.0
1990-01-24 08:00:00+00:00,6.03,19.35,226.3,439.01,73.0,214.05,0.97,281.0,101740.0
1990-01-24 09:00:00+00:00,5.55,21.9,50.45,150.93,24.1,215.4,0.69,204.0,101720.0
1990-01-24 10:00:00+00:00,3.79,28.9,0.0,0.0,0.0,214.2,2.21,172.0,101700.0
1990-01-24 11:00:00+00:00,1.46,35.05,0.0,0.0,0.0,214.8,2.76,177.0,101690.0
1990-01-24 12:00:00+00:00,0.51,39.45,0.0,0.0,0.0,214.8,3.17,181.0,101660.0
1990-01-24 13:00:00+00:00,-0.02,42.75,0.0,0.0,0.0,215.0,3.31,182.0,101610.0
1990-01-24 14:00:00+00:00,-0.44,46.35,0.0,0.0,0.0,215.4,3.24,182.0,101620.0
1990-01-24 15:00:00+00:00,-0.65,48.3,0.0,0.0,0.0,222.95,3.1,179.0,101600.0
1990-01-24 16:00:00+00:00,-0.61,50.35,0.0,0.0,0.0,238.2,3.03,176.0,101530.0
1990-01-24 17:00:00+00:00,-0.7,52.35,0.0,0.0,0.0,241.5,2.97,173.0,101470.0
1990-01-24 18:00:00+00:00,-0.76,54.55,0.0,0.0,0.0,249.25,2.76,170.0,101450.0
1990-01-24 19:00:00+00:00,-1.15,56.85,0.0,0.0,0.0,246.15,2.21,168.0,101410.0
1990-01-24 20:00:00+00:00,-1.93,64.0,0.0,0.0,0.0,226.2,2.28,171.0,101350.0
1990-01-24 21:00:00+00:00,-2.55,66.6,0.0,0.0,0.0,222.15,2.21,172.0,101290.0
1990-01-24 22:00:00+00:00,-2.96,66.6,0.0,0.0,0.0,221.4,2.07,174.0,101330.0
1990-01-24 23:00:00+00:00,-3.38,72.1,0.0,0.0,0.0,218.85,1.93,171.0,101350.0
1990-01-25 00:00:00+00:00,-3.44,72.1,139.25,938.08,54.9,218.65,1.79,166.0,101360.0
1990-01-25 01:00:00+00:00,-0.38,64.35,323.65,843.36,89.95,221.3,1.72,166.0,101410.0
1990-01-25 02:00:00+00:00,2.6,53.25,400.55,616.26,133.3,226.2,1.72,168.0,101460.0
1990-01-25 03:00:00+00:00,4.56,47.7,578.0,789.73,144.5,250.2,1.45,168.0,101470.0
1990-01-25 04:00:00+00:00,6.85,42.85,611.95,743.54,154.65,244.4,0.9,162.0,101380.0
1990-01-25 05:00:00+00:00,8.48,39.95,609.6,738.91,145.95,256.2,0.48,136.0,101280.0
1990-01-25 06:00:00+00:00,9.63,37.2,474.25,460.1,204.9,249.65,0.48,109.0,101180.0
1990-01-25 07:00:00+00:00,9.88,34.35,327.2,348.78,155.7,264.95,0.62,123.0,101120.0
1990-01-25 08:00:00+00:00,9.78,34.35,213.15,384.54,77.5,261.25,0.9,135.0,101110.0
1990-01-25 09:00:00+00:00,9.32,37.05,49.85,135.1,25.8,247.3,0.97,151.0,101160.0
1990-01-25 10:00:00+00:00,7.73,43.1,0.0,0.0,0.0,242.65,1.72,160.0,101210.0
1990-01-25 11:00:00+00:00,5.26,53.9,0.0,0.0,0.0,243.85,2.0,168.0,101280.0
1990-01-25 12:00:00+00:00,3.19,62.6,0.0,0.0,0.0,241.15,2.0,173.0,101310.0
1990-01-25 13:00:00+00:00,1.72,70.1,0.0,0.0,0.0,246.95,2.07,175.0,101370.0
1990-01-25 14:00:00+00:00,0.63,75.7,0.0,0.0,0.0,246.55,2.0,175.0,101440.0
1990-01-25 15:00:00+00:00,0.35,75.7,0.0,0.0,0.0,252.35,1.45,177.0,101500.0
1990-01-25 16:00:00+00:00,1.09,72.85,0.0,0.0,0.0,257.0,0.97,187.0,101580.0
1990-01-25 17:00:00+00:00,1.56,72.95,0.0,0.0,0.0,269.75,0.55,181.0,101600.0
1990-01-25 18:00:00+00:00,1.57,72.95,0.0,0.0,0.0,282.15,0.28,202.0,101640.0
1990-01-25 19:00:00+00:00,1.02,75.75,0.0,0.0,0.0,255.45,0.69,225.0,101650.0
1990-01-25 20:00:00+00:00,0.97,75.75,0.0,0.0,0.0,250.8,0.48,291.0,101650.0
1990-01-25 21:00:00+00:00,0.92,75.75,0.0,0.0,0.0,261.65,0.28,273.0,101610.0
1990-01-25 22:00:00+00:00,0.73,78.75,0.0,0.0,0.0,250.6,0.48,191.0,101620.0
1990-01-25 23:00:00+00:00,-0.17,81.75,0.0,0.0,0.0,245.2,1.03,177.0,101660.0
1990-01-26 00:00:00+00:00,-1.14,85.0,129.5,633.57,71.4,234.95,1.17,174.0,101700.0
1990-01-26 01:00:00+00:00,1.04,85.2,308.65,686.44,116.95,234.25,0.55,162.0,101770.0
1990-01-26 02:00:00+00:00,5.76,58.45,475.9,790.0,131.3,236.5,0.9,158.0,101780.0
1990-01-26 03:00:00+00:00,8.55,46.8,592.1,817.94,140.75,240.95,1.59,175.0,101780.0
1990-01-26 04:00:00+00:00,10.4,38.85,656.1,860.93,123.85,243.65,2.07,186.0,101660.0
1990-01-26 05:00:00+00:00,11.52,31.0,637.25,817.07,121.75,245.6,1.86,201.0,101520.0
1990-01-26 06:00:00+00:00,12.12,28.75,546.9,718.84,123.5,247.5,1.59,212.0,101400.0
1990-01-26 07:00:00+00:00,12.22,28.75,406.8,615.82,101.75,249.85,1.72,198.0,101340.0
1990-01-26 08:00:00+00:00,12.11,28.75,192.0,275.7,93.75,249.45,2.28,186.0,101310.0
1990-01-26 09:00:00+00:00,11.03,33.4,51.15,115.71,30.15,258.35,2.55,170.0,101330.0
1990-01-26 10:00:00+00:00,8.53,39.95,0.0,0.0,0.0,248.65,3.24,164.0,101350.0
1990-01-26 11:00:00+00:00,6.87,42.85,0.0,0.0,0.0,247.15,3.52,168.0,101390.0
1990-01-26 12:00:00+00:00,5.81,46.1,0.0,0.0,0.0,247.9,3.52,169.0,101390.0
1990-01-26 13:00:00+00:00,4.76,49.65,0.0,0.0,0.0,240.55,3.45,168.0,101370.0
1990-01-26 14:00:00+00:00,3.98,53.65,0.0,0.0,0.0,237.45,3.59,167.0,101370.0
1990-01-26 15:00:00+00:00,3.43,55.7,0.0,0.0,0.0,237.45,3.59,167.0,101380.0
1990-01-26 16:00:00+00:00,2.91,60.15,0.0,0.0,0.0,235.5,3.52,166.0,101360.0
1990-01-26 17:00:00+00:00,2.34,64.9,0.0,0.0,0.0,232.4,3.38,166.0,101350.0
1990-01-26 18:00:00+00:00,1.82,70.1,0.0,0.0,0.0,231.25,3.31,167.0,101310.0
1990-01-26 19:00:00+00:00,1.47,67.4,0.0,0.0,0.0,229.7,3.17,167.0,101260.0
1990-01-26 20:00:00+00:00,1.0,70.05,0.0,0.0,0.0,229.7,3.1,167.0,101240.0
1990-01-26 21:00:00+00:00,0.5,75.7,0.0,0.0,0.0,229.7,2.9,170.0,101220.0
1990-01-26 22:00:00+00:00,-0.02,78.65,0.0,0.0,0.0,229.3,2.62,170.0,101230.0
1990-01-26 23:00:00+00:00,-0.6,81.75,0.0,0.0,0.0,228.95,2.41,172.0,101260.0
1990-01-27 00:00:00+00:00,-0.93,85.0,143.5,926.46,56.8,228.75,2.28,173.0,101290.0
1990-01-27 01:00:00+00:00,1.78,75.85,330.4,851.27,90.75,230.8,2.28,170.0,101350.0
1990-01-27 02:00:00+00:00,5.07,60.65,494.35,876.31,109.8,234.95,2.76,171.0,101350.0
1990-01-27 03:00:00+00:00,7.88,52.45,607.8,877.9,120.75,240.75,3.03,171.0,101300.0
1990-01-27 04:00:00+00:00,10.27,45.4,657.3,856.24,125.15,246.55,3.31,172.0,101180.0
1990-01-27 05:00:00+00:00,12.11,40.95,637.8,810.84,123.4,251.6,3.72,171.0,101030.0
1990-01-27 06:00:00+00:00,13.27,36.7,546.75,727.0,115.9,256.4,4.21,170.0,100870.0
1990-01-27 07:00:00+00:00,13.58,36.85,401.7,595.84,104.35,261.65,4.62,168.0,100730.0
1990-01-27 08:00:00+00:00,13.4,36.7,220.0,387.79,80.4,264.15,4.97,166.0,100700.0
1990-01-27 09:00:00+00:00,12.29,39.4,53.4,145.98,26.4,264.75,4.48,159.0,100690.0
1990-01-27 10:00:00+00:00,10.18,42.0,0.0,0.0,0.0,259.5,4.55,158.0,100700.0
1990-01-27 11:00:00+00:00,8.61,45.0,0.0,0.0,0.0,254.65,4.55,159.0,100710.0
1990-01-27 12:00:00+00:00,7.52,44.85,0.0,0.0,0.0,251.4,4.48,160.0,100720.0
1990-01-27 13:00:00+00:00,6.66,48.25,0.0,0.0,0.0,248.5,4.41,161.0,100720.0
1990-01-27 14:00:00+00:00,5.93,52.1,0.0,0.0,0.0,246.95,4.34,162.0,100700.0
1990-01-27 15:00:00+00:00,5.29,56.05,0.0,0.0,0.0,246.15,4.21,162.0,100720.0
1990-01-27 16:00:00+00:00,4.67,58.2,0.0,0.0,0.0,245.2,4.0,164.0,100720.0
1990-01-27 17:00:00+00:00,4.1,62.8,0.0,0.0,0.0,244.4,3.72,165.0,100760.0
1990-01-27 18:00:00+00:00,3.5,65.2,0.0,0.0,0.0,245.75,3.31,164.0,100770.0
1990-01-27 19:00:00+00:00,2.9,67.7,0.0,0.0,0.0,242.85,2.97,164.0,100710.0
1990-01-27 20:00:00+00:00,2.38,73.1,0.0,0.0,0.0,246.35,2.69,165.0,100660.0
1990-01-27 21:00:00+00:00,2.07,75.95,0.0,0.0,0.0,255.45,2.48,163.0,100670.0
1990-01-27 22:00:00+00:00,2.07,78.95,0.0,0.0,0.0,276.75,1.93,166.0,100680.0
1990-01-27 23:00:00+00:00,1.65,82.0,0.0,0.0,0.0,264.75,2.0,163.0,100720.0
1990-01-28 00:00:00+00:00,1.25,85.2,139.1,863.91,56.55,252.15,1.86,174.0,100810.0
1990-01-28 01:00:00+00:00,3.66,76.15,320.8,807.43,91.6,245.5,1.66,169.0,100920.0
1990-01-28 02:00:00+00:00,6.53,61.0,480.6,835.48,111.7,250.2,2.14,168.0,100960.0
1990-01-28 03:00:00+00:00,8.91,56.8,591.6,840.65,122.65,255.65,2.34,175.0,100940.0
1990-01-28 04:00:00+00:00,10.93,51.1,635.25,799.41,135.75,261.85,2.34,179.0,100840.0
1990-01-28 05:00:00+00:00,12.44,47.75,579.45,621.74,182.8,268.6,2.07,182.0,100750.0
1990-01-28 06:00:00+00:00,13.36,44.5,469.65,525.89,156.05,283.5,2.0,178.0,100670.0
1990-01-28 07:00:00+00:00,13.49,42.95,312.3,361.2,130.7,283.9,2.07,173.0,100580.0
1990-01-28 08:00:00+00:00,13.37,44.5,140.4,97.62,104.9,302.1,2.07,163.0,100600.0
1990-01-28 09:00:00+00:00,12.64,47.85,33.2,25.73,28.35,306.15,1.93,153.0,100690.0
1990-01-28 10:00:00+00:00,10.88,57.3,0.0,0.0,0.0,305.4,2.41,153.0,100740.0
1990-01-28 11:00:00+00:00,9.69,61.55,0.0,0.0,0.0,311.95,2.62,166.0,100780.0
1990-01-28 12:00:00+00:00,8.59,68.7,0.0,0.0,0.0,298.4,2.41,181.0,100830.0
1990-01-28 13:00:00+00:00,7.73,71.25,0.0,0.0,0.0,293.95,2.0,178.0,100890.0
1990-01-28 14:00:00+00:00,7.29,76.7,0.0,0.0,0.0,308.65,1.72,165.0,100890.0
1990-01-28 15:00:00+00:00,6.81,79.55,0.0,0.0,0.0,310.2,1.66,171.0,100880.0
1990-01-28 16:00:00+00:00,6.22,82.55,0.0,0.0,0.0,304.8,1.66,181.0,100850.0
1990-01-28 17:00:00+00:00,5.74,85.65,0.0,0.0,0.0,305.55,1.59,186.0,100860.0
1990-01-28 18:00:00+00:00,5.06,88.85,0.0,0.0,0.0,296.1,1.45,183.0,100880.0
1990-01-28 19:00:00+00:00,3.91,88.8,0.0,0.0,0.0,277.5,1.1,183.0,100890.0
1990-01-28 20:00:00+00:00,3.79,88.75,0.0,0.0,0.0,263.6,1.03,175.0,100870.0
1990-01-28 21:00:00+00:00,4.3,88.8,0.0,0.0,0.0,268.4,0.76,177.0,100850.0
1990-01-28 22:00:00+00:00,4.31,88.8,0.0,0.0,0.0,269.95,0.41,183.0,100870.0
1990-01-28 23:00:00+00:00,4.02,85.5,0.0,0.0,0.0,259.5,0.14,338.0,100920.0
1990-01-29 00:00:00+00:00,3.74,88.75,117.15,576.22,60.9,265.3,0.69,348.0,100960.0
1990-01-29 01:00:00+00:00,4.66,88.85,223.9,370.59,117.8,267.35,0.69,336.0,101040.0
1990-01-29 02:00:00+00:00,8.55,71.35,296.3,252.17,184.25,297.65,1.1,338.0,101080.0
1990-01-29 03:00:00+00:00,10.44,61.75,453.0,402.7,227.1,300.55,1.31,338.0,101070.0
1990-01-29 04:00:00+00:00,12.61,53.6,581.5,642.59,177.8,309.45,1.59,339.0,100990.0
1990-01-29 05:00:00+00:00,14.3,48.25,585.4,642.48,173.2,286.4,1.86,344.0,100900.0
1990-01-29 06:00:00+00:00,15.31,43.4,470.3,443.04,204.45,288.55,1.93,358.0,100820.0
1990-01-29 07:00:00+00:00,15.3,38.7,320.65,340.36,148.25,299.75,1.79,14.0,100760.0
1990-01-29 08:00:00+00:00,15.08,37.25,178.85,164.56,118.4,294.55,1.59,20.0,100780.0
1990-01-29 09:00:00+00:00,14.43,43.1,41.2,29.43,35.55,290.85,1.24,22.0,100830.0
1990-01-29 10:00:00+00:00,13.08,46.2,0.0,0.0,0.0,288.55,1.59,5.0,100870.0
1990-01-29 11:00:00+00:00,10.91,55.15,0.0,0.0,0.0,290.65,1.79,7.0,100920.0
1990-01-29 12:00:00+00:00,8.77,63.7,0.0,0.0,0.0,279.85,1.86,11.0,100980.0
1990-01-29 13:00:00+00:00,7.08,63.5,0.0,0.0,0.0,263.95,1.86,20.0,101010.0
1990-01-29 14:00:00+00:00,5.71,68.2,0.0,0.0,0.0,256.4,1.79,28.0,101020.0
1990-01-29 15:00:00+00:00,4.78,73.45,0.0,0.0,0.0,253.9,1.66,24.0,101040.0
1990-01-29 16:00:00+00:00,3.76,79.15,0.0,0.0,0.0,251.95,1.66,12.0,101050.0
1990-01-29 17:00:00+00:00,2.76,82.15,0.0,0.0,0.0,249.85,1.72,2.0,101050.0
1990-01-29 18:00:00+00:00,1.75,85.25,0.0,0.0,0.0,248.1,1.86,353.0,101070.0
1990-01-29 19:00:00+00:00,0.87,85.2,0.0,0.0,0.0,245.75,2.0,344.0,101100.0
1990-01-29 20:00:00+00:00,0.49,88.5,0.0,0.0,0.0,244.2,2.0,345.0,101110.0
1990-01-29 21:00:00+00:00,0.06,88.45,0.0,0.0,0.0,242.85,1.93,345.0,101080.0
1990-01-29 22:00:00+00:00,-0.3,91.95,0.0,0.0,0.0,241.15,1.79,340.0,101110.0
1990-01-29 23:00:00+00:00,-0.5,88.45,0.0,0.0,0.0,240.35,1.72,331.0,101160.0
1990-01-30 00:00:00+00:00,-0.62,88.45,145.95,874.45,58.7,239.95,1.72,326.0,101210.0
1990-01-30 01:00:00+00:00,3.18,82.2,332.1,828.2,92.9,242.2,1.24,336.0,101270.0
1990-01-30 02:00:00+00:00,7.41,56.7,495.3,856.07,112.45,246.75,1.45,347.0,101290.0
1990-01-30 03:00:00+00:00,9.94,51.0,608.4,859.31,123.6,252.95,1.31,358.0,101270.0
1990-01-30 04:00:00+00:00,11.94,47.6,658.45,839.78,127.95,258.95,1.1,18.0,101200.0
1990-01-30 05:00:00+00:00,13.31,42.8,640.25,796.6,126.25,263.95,1.03,44.0,101080.0
1990-01-30 06:00:00+00:00,14.18,39.95,554.2,719.99,119.45,267.45,1.24,72.0,100970.0
1990-01-30 07:00:00+00:00,14.32,38.45,413.3,607.87,103.1,268.2,1.66,109.0,100840.0
1990-01-30 08:00:00+00:00,14.4,38.45,233.3,421.38,76.95,269.75,1.66,124.0,100820.0
1990-01-30 09:00:00+00:00,13.93,41.35,59.6,157.78,28.75,269.6,1.38,132.0,100840.0
1990-01-30 10:00:00+00:00,12.64,46.1,0.0,0.0,0.0,267.85,1.1,129.0,100880.0
1990-01-30 11:00:00+00:00,10.67,57.3,0.0,0.0,0.0,265.5,0.97,116.0,100950.0
1990-01-30 12:00:00+00:00,8.13,66.05,0.0,0.0,0.0,265.5,1.45,119.0,100960.0
1990-01-30 13:00:00+00:00,6.04,70.95,0.0,0.0,0.0,263.75,1.79,121.0,101000.0
1990-01-30 14:00:00+00:00,4.65,79.3,0.0,0.0,0.0,264.55,1.93,121.0,101010.0
1990-01-30 15:00:00+00:00,3.93,82.3,0.0,0.0,0.0,264.55,1.93,121.0,101040.0
1990-01-30 16:00:00+00:00,3.45,85.45,0.0,0.0,0.0,265.7,2.0,116.0,101070.0
1990-01-30 17:00:00+00:00,2.95,85.4,0.0,0.0,0.0,262.6,2.0,112.0,101080.0
1990-01-30 18:00:00+00:00,2.8,88.65,0.0,0.0,0.0,266.65,1.93,110.0,101100.0
1990-01-30 19:00:00+00:00,2.8,88.65,0.0,0.0,0.0,261.65,1.72,119.0,101070.0
1990-01-30 20:00:00+00:00,2.92,85.4,0.0,0.0,0.0,260.85,1.59,126.0,101050.0
1990-01-30 21:00:00+00:00,3.48,85.45,0.0,0.0,0.0,258.15,1.17,118.0,101040.0
1990-01-30 22:00:00+00:00,3.71,85.45,0.0,0.0,0.0,254.85,0.83,99.0,101060.0
1990-01-30 23:00:00+00:00,3.66,85.45,0.0,0.0,0.0,254.1,0.69,119.0,101100.0
1990-01-31 00:00:00+00:00,3.05,88.7,135.6,709.62,63.2,255.25,0.97,147.0,101120.0
1990-01-31 01:00:00+00:00,4.77,88.85,300.2,688.84,99.45,260.2,0.76,140.0,101160.0
1990-01-31 02:00:00+00:00,8.67,74.05,427.0,662.52,128.75,277.7,1.1,138.0,101200.0
1990-01-31 03:00:00+00:00,10.74,69.1,560.65,695.75,165.85,280.6,1.24,134.0,101200.0
1990-01-31 04:00:00+00:00,12.72,62.2,568.15,564.82,209.35,294.75,1.52,134.0,101140.0
1990-01-31 05:00:00+00:00,14.15,53.95,566.25,568.99,197.0,299.0,2.14,140.0,101030.0
1990-01-31 06:00:00+00:00,15.01,50.35,275.8,197.07,156.05,303.05,2.21,138.0,100920.0
1990-01-31 07:00:00+00:00,13.85,58.0,157.25,77.7,117.3,336.55,1.52,117.0,100850.0
1990-01-31 08:00:00+00:00,13.82,58.0,112.25,120.61,67.05,346.8,1.52,113.0,100850.0
1990-01-31 09:00:00+00:00,13.75,58.0,30.95,58.27,19.35,340.0,1.03,106.0,100920.0
1990-01-31 10:00:00+00:00,13.0,67.05,0.0,0.0,0.0,332.1,0.55,48.0,100960.0
1990-01-31 11:00:00+00:00,11.93,69.25,0.0,0.0,0.0,327.85,0.76,13.0,101000.0
1990-01-31 12:00:00+00:00,10.77,71.7,0.0,0.0,0.0,322.6,0.9,6.0,101040.0
1990-01-31 13:00:00+00:00,9.47,77.0,0.0,0.0,0.0,322.4,1.1,13.0,101060.0
1990-01-31 14:00:00+00:00,8.55,85.9,0.0,0.0,0.0,329.2,1.24,26.0,101090.0
1990-01-31 15:00:00+00:00,7.91,85.85,0.0,0.0,0.0,325.3,1.31,39.0,101130.0
1990-01-31 16:00:00+00:00,3.73,99.0,0.0,0.0,0.0,321.97,1.68,49.0,101130.0
1990-01-31 17:00:00+00:00,4.18,98.19,0.0,0.0,0.0,315.2,1.71,56.0,101160.0
1990-01-31 18:00:00+00:00,4.63,93.35,0.0,0.0,0.0,308.43,1.73,50.0,101200.0
1990-01-31 19:00:00+00:00,5.08,88.51,0.0,0.0,0.0,301.66,1.76,12.0,101200.0
1990-01-31 20:00:00+00:00,5.52,83.67,0.0,0.0,0.0,294.9,1.79,7.0,101220.0
1990-01-31 21:00:00+00:00,5.97,78.83,0.0,0.0,0.0,288.13,1.82,5.0,101240.0
1990-01-31 22:00:00+00:00,6.42,73.99,0.0,0.0,0.0,281.36,1.84,5.0,101270.0
1990-01-31 23:00:00+00:00,6.87,69.15,0.0,0.0,0.0,274.59,1.87,1.0,101320.0
1990-02-01 00:00:00+00:00,7.32,64.31,157.6,935.66,59.95,267.82,1.9,177.0,102310.0
1990-02-01 01:00:00+00:00,7.76,59.47,351.6,879.55,92.9,261.05,1.92,173.0,102340.0
1990-02-01 02:00:00+00:00,8.21,54.63,519.75,900.12,111.8,254.28,1.95,174.0,102330.0
1990-02-01 03:00:00+00:00,8.66,49.79,635.95,899.54,122.5,247.51,1.98,175.0,102280.0
1990-02-01 04:00:00+00:00,9.11,44.95,687.8,879.17,126.15,240.74,2.01,179.0,102190.0
1990-02-01 05:00:00+00:00,9.55,40.11,669.05,834.27,124.5,233.97,2.03,184.0,102030.0
1990-02-01 06:00:00+00:00,10.0,35.27,582.9,761.73,117.1,227.2,2.06,184.0,101880.0
1990-02-01 07:00:00+00:00,10.45,30.43,436.65,644.92,102.6,220.43,2.09,184.0,101790.0
1990-02-01 08:00:00+00:00,13.99,28.15,250.35,455.2,78.05,253.15,1.86,174.0,101750.0
1990-02-01 09:00:00+00:00,13.16,33.95,67.2,179.63,30.8,254.1,1.93,159.0,101760.0
1990-02-01 10:00:00+00:00,10.72,42.15,0.0,0.0,0.0,252.15,2.76,155.0,101780.0
1990-02-01 11:00:00+00:00,8.48,46.8,0.0,0.0,0.0,249.05,3.03,164.0,101830.0
1990-02-01 12:00:00+00:00,7.28,50.2,0.0,0.0,0.0,246.95,3.24,172.0,101860.0
1990-02-01 13:00:00+00:00,6.46,52.1,0.0,0.0,0.0,245.2,3.31,175.0,101860.0
1990-02-01 14:00:00+00:00,5.76,54.05,0.0,0.0,0.0,243.85,3.24,175.0,101860.0
1990-02-01 15:00:00+00:00,5.02,56.05,0.0,0.0,0.0,241.9,3.03,172.0,101840.0
1990-02-01 16:00:00+00:00,4.2,62.8,0.0,0.0,0.0,240.35,2.76,168.0,101850.0
1990-02-01 17:00:00+00:00,3.39,65.2,0.0,0.0,0.0,239.2,2.55,164.0,101830.0
1990-02-01 18:00:00+00:00,2.52,70.3,0.0,0.0,0.0,237.85,2.21,162.0,101820.0
1990-02-01 19:00:00+00:00,2.06,75.95,0.0,0.0,0.0,237.05,1.38,161.0,101800.0
1990-02-01 20:00:00+00:00,1.9,73.0,0.0,0.0,0.0,236.3,1.03,167.0,101780.0
1990-02-01 21:00:00+00:00,1.92,73.0,0.0,0.0,0.0,235.3,0.9,176.0,101750.0
1990-02-01 22:00:00+00:00,2.16,73.0,0.0,0.0,0.0,234.55,0.83,182.0,101780.0
1990-02-01 23:00:00+00:00,2.08,73.0,0.0,0.0,0.0,233.6,0.9,179.0,101790.0
1990-02-02 00:00:00+00:00,1.58,75.85,156.1,897.52,60.25,233.4,1.03,174.0,101850.0
1990-02-02 01:00:00+00:00,2.88,79.1,347.75,857.5,93.15,236.2,0.97,168.0,101870.0
1990-02-02 02:00:00+00:00,7.15,58.65,514.3,881.15,112.2,240.15,1.59,168.0,101890.0
1990-02-02 03:00:00+00:00,9.66,48.95,629.4,881.56,123.2,245.95,2.0,167.0,101850.0
1990-02-02 04:00:00+00:00,11.82,44.1,680.15,860.16,127.5,251.95,2.34,166.0,101760.0
1990-02-02 05:00:00+00:00,13.53,39.8,661.3,815.64,125.8,257.6,2.76,166.0,101610.0
1990-02-02 06:00:00+00:00,14.72,37.15,576.95,745.87,117.95,262.8,3.1,166.0,101470.0
1990-02-02 07:00:00+00:00,15.18,35.85,432.35,630.46,103.35,264.55,2.97,164.0,101390.0
1990-02-02 08:00:00+00:00,15.24,35.85,248.75,444.83,78.7,266.65,3.17,163.0,101330.0
1990-02-02 09:00:00+00:00,14.46,38.55,67.75,175.3,31.6,267.25,2.69,158.0,101320.0
1990-02-02 10:00:00+00:00,12.03,45.95,0.0,0.0,0.0,264.75,2.97,154.0,101320.0
1990-02-02 11:00:00+00:00,10.11,51.0,0.0,0.0,0.0,260.85,3.24,160.0,101330.0
1990-02-02 12:00:00+00:00,9.08,54.8,0.0,0.0,0.0,258.95,3.52,165.0,101320.0
1990-02-02 13:00:00+00:00,8.32,61.2,0.0,0.0,0.0,257.4,3.52,167.0,101300.0
1990-02-02 14:00:00+00:00,7.68,63.5,0.0,0.0,0.0,256.4,3.59,167.0,101260.0
1990-02-02 15:00:00+00:00,7.08,68.4,0.0,0.0,0.0,255.45,3.45,169.0,101210.0
1990-02-02 16:00:00+00:00,6.45,70.95,0.0,0.0,0.0,254.65,3.31,171.0,101190.0
1990-02-02 17:00:00+00:00,5.75,76.5,0.0,0.0,0.0,253.9,3.03,175.0,101150.0
1990-02-02 18:00:00+00:00,5.0,79.35,0.0,0.0,0.0,252.55,2.62,179.0,101110.0
1990-02-02 19:00:00+00:00,3.88,82.3,0.0,0.0,0.0,249.85,1.79,186.0,101070.0
1990-02-02 20:00:00+00:00,2.81,88.7,0.0,0.0,0.0,249.05,1.59,193.0,101050.0
1990-02-02 21:00:00+00:00,1.95,92.1,0.0,0.0,0.0,247.7,1.45,197.0,101020.0
1990-02-02 22:00:00+00:00,1.29,88.6,0.0,0.0,0.0,246.75,1.52,198.0,101010.0
1990-02-02 23:00:00+00:00,0.81,92.05,0.0,0.0,0.0,245.95,1.59,191.0,101030.0
1990-02-03 00:00:00+00:00,1.1,92.05,156.05,872.73,60.65,246.35,1.45,181.0,101040.0
1990-02-03 01:00:00+00:00,4.73,85.55,345.6,841.3,93.4,249.95,1.1,165.0,101100.0
1990-02-03 02:00:00+00:00,9.22,63.8,510.7,866.97,112.3,256.05,1.24,161.0,101140.0
1990-02-03 03:00:00+00:00,12.04,55.5,625.5,870.36,122.7,263.4,1.17,165.0,101140.0
1990-02-03 04:00:00+00:00,14.42,46.6,676.25,849.66,127.2,270.75,1.03,161.0,101090.0
1990-02-03 05:00:00+00:00,16.25,42.05,658.35,806.56,125.7,276.55,0.9,152.0,100990.0
1990-02-03 06:00:00+00:00,17.5,39.25,574.05,731.46,121.05,281.4,0.9,141.0,100890.0
1990-02-03 07:00:00+00:00,17.98,35.2,431.05,618.56,105.85,282.35,0.62,123.0,100850.0
1990-02-03 08:00:00+00:00,17.96,35.2,242.35,408.48,84.65,283.3,0.83,101.0,100830.0
1990-02-03 09:00:00+00:00,17.3,40.6,68.95,170.17,33.25,287.95,1.17,79.0,100860.0
1990-02-03 10:00:00+00:00,15.44,43.5,0.0,0.0,0.0,277.9,2.0,65.0,100930.0
1990-02-03 11:00:00+00:00,12.79,53.6,0.0,0.0,0.0,276.35,2.28,58.0,100960.0
1990-02-03 12:00:00+00:00,10.73,61.75,0.0,0.0,0.0,275.95,2.21,54.0,101020.0
1990-02-03 13:00:00+00:00,9.26,68.8,0.0,0.0,0.0,278.5,2.21,47.0,101070.0
1990-02-03 14:00:00+00:00,8.17,68.6,0.0,0.0,0.0,279.45,2.41,40.0,101110.0
1990-02-03 15:00:00+00:00,7.48,65.95,0.0,0.0,0.0,283.5,2.48,34.0,101130.0
1990-02-03 16:00:00+00:00,6.79,70.95,0.0,0.0,0.0,286.6,2.28,30.0,101120.0
1990-02-03 17:00:00+00:00,6.81,68.3,0.0,0.0,0.0,310.4,1.79,22.0,101120.0
1990-02-03 18:00:00+00:00,6.43,68.3,0.0,0.0,0.0,305.4,1.72,5.0,101100.0
1990-02-03 19:00:00+00:00,6.34,68.3,0.0,0.0,0.0,310.6,1.52,354.0,100990.0
1990-02-03 20:00:00+00:00,5.77,70.85,0.0,0.0,0.0,302.1,1.59,341.0,100950.0
1990-02-03 21:00:00+00:00,5.13,70.8,0.0,0.0,0.0,290.5,1.72,342.0,100930.0
1990-02-03 22:00:00+00:00,4.69,73.45,0.0,0.0,0.0,289.9,1.79,347.0,100910.0
1990-02-03 23:00:00+00:00,4.24,76.25,0.0,0.0,0.0,286.8,1.72,345.0,100960.0
1990-02-04 00:00:00+00:00,3.82,79.2,87.15,194.78,65.35,275.6,1.66,345.0,100960.0
1990-02-04 01:00:00+00:00,6.0,70.95,243.4,366.84,132.35,295.6,1.38,336.0,101020.0
1990-02-04 02:00:00+00:00,8.46,61.3,467.5,693.93,146.35,299.75,1.45,334.0,101050.0
1990-02-04 03:00:00+00:00,10.86,57.3,574.3,744.96,141.3,283.5,1.24,345.0,101020.0
1990-02-04 04:00:00+00:00,12.71,51.65,647.55,789.5,134.4,282.35,0.62,14.0,100930.0
1990-02-04 05:00:00+00:00,14.34,48.25,636.85,765.17,128.55,287.0,0.48,124.0,100770.0
1990-02-04 06:00:00+00:00,15.66,43.5,549.2,682.05,124.1,288.35,1.24,162.0,100620.0
1990-02-04 07:00:00+00:00,16.36,42.05,394.4,542.71,106.95,290.1,1.45,154.0,100510.0
1990-02-04 08:00:00+00:00,16.59,40.6,240.35,412.98,79.35,292.05,1.72,162.0,100440.0
1990-02-04 09:00:00+00:00,16.31,42.05,62.55,146.68,31.25,292.4,1.31,162.0,100460.0
1990-02-04 10:00:00+00:00,15.08,45.05,0.05,0.0,0.05,292.2,0.62,178.0,100460.0
1990-02-04 11:00:00+00:00,13.68,50.0,0.0,0.0,0.0,293.4,0.48,160.0,100510.0
1990-02-04 12:00:00+00:00,12.06,55.5,0.0,0.0,0.0,296.65,1.1,159.0,100570.0
1990-02-04 13:00:00+00:00,9.6,68.9,0.0,0.0,0.0,296.5,1.59,163.0,100580.0
1990-02-04 14:00:00+00:00,8.36,74.05,0.0,0.0,0.0,290.5,1.66,162.0,100620.0
1990-02-04 15:00:00+00:00,7.88,76.8,0.0,0.0,0.0,292.6,1.59,163.0,100620.0
1990-02-04 16:00:00+00:00,7.88,76.8,0.0,0.0,0.0,289.5,1.38,164.0,100600.0
1990-02-04 17:00:00+00:00,7.62,79.65,0.0,0.0,0.0,282.95,1.17,173.0,100570.0
1990-02-04 18:00:00+00:00,7.58,79.65,0.0,0.0,0.0,282.35,0.9,194.0,100530.0
1990-02-04 19:00:00+00:00,6.72,82.55,0.0,0.0,0.0,275.6,0.76,295.0,100520.0
1990-02-04 20:00:00+00:00,4.88,85.6,0.0,0.0,0.0,274.8,1.38,316.0,100510.0
1990-02-04 21:00:00+00:00,3.96,92.2,0.0,0.0,0.0,273.45,1.59,319.0,100520.0
1990-02-04 22:00:00+00:00,4.17,92.2,0.0,0.0,0.0,271.3,1.31,314.0,100540.0
1990-02-04 23:00:00+00:00,5.09,85.6,0.0,0.0,0.0,269.95,0.9,293.0,100580.0
1990-02-05 00:00:00+00:00,5.45,85.65,151.85,786.57,61.7,269.0,0.69,264.0,100650.0
1990-02-05 01:00:00+00:00,7.29,85.75,336.3,787.24,95.6,272.2,0.21,240.0,100720.0
1990-02-05 02:00:00+00:00,11.45,62.0,498.8,822.71,115.3,278.1,0.07,224.0,100750.0
1990-02-05 03:00:00+00:00,14.23,52.0,612.75,832.44,125.9,285.25,0.0,21.0,100760.0
1990-02-05 04:00:00+00:00,16.11,47.0,664.0,816.1,130.45,291.45,0.07,86.0,100710.0
1990-02-05 05:00:00+00:00,17.56,45.55,648.2,773.45,131.35,297.05,0.21,138.0,100610.0
1990-02-05 06:00:00+00:00,18.63,44.2,570.0,716.78,120.4,301.3,0.41,122.0,100510.0
1990-02-05 07:00:00+00:00,19.05,41.15,427.55,597.84,108.55,300.75,0.62,107.0,100430.0
1990-02-05 08:00:00+00:00,19.18,41.15,243.45,409.49,82.25,301.5,1.1,127.0,100430.0
1990-02-05 09:00:00+00:00,18.65,45.85,70.8,168.22,34.3,303.25,1.45,138.0,100470.0
1990-02-05 10:00:00+00:00,17.02,50.75,0.15,0.0,0.15,299.75,2.07,148.0,100530.0
1990-02-05 11:00:00+00:00,14.91,56.25,0.0,0.0,0.0,293.55,2.14,161.0,100590.0
1990-02-05 12:00:00+00:00,13.19,64.65,0.0,0.0,0.0,294.35,2.21,169.0,100670.0
1990-02-05 13:00:00+00:00,11.7,71.85,0.0,0.0,0.0,291.05,2.34,170.0,100680.0
1990-02-05 14:00:00+00:00,10.5,77.15,0.0,0.0,0.0,290.85,2.34,167.0,100700.0
1990-02-05 15:00:00+00:00,9.56,82.9,0.0,0.0,0.0,291.05,2.28,161.0,100700.0
1990-02-05 16:00:00+00:00,8.8,89.1,0.0,0.0,0.0,293.0,2.14,152.0,100690.0
1990-02-05 17:00:00+00:00,8.19,89.05,0.0,0.0,0.0,292.4,2.07,142.0,100670.0
1990-02-05 18:00:00+00:00,7.77,92.35,0.0,0.0,0.0,294.95,2.0,136.0,100660.0
1990-02-05 19:00:00+00:00,7.74,92.35,0.0,0.0,0.0,295.5,1.59,118.0,100590.0
1990-02-05 20:00:00+00:00,7.45,89.0,0.0,0.0,0.0,294.95,1.59,113.0,100570.0
1990-02-05 21:00:00+00:00,7.68,89.0,0.0,0.0,0.0,299.75,1.38,105.0,100570.0
1990-02-05 22:00:00+00:00,8.01,85.85,0.0,0.0,0.0,304.4,1.03,114.0,100600.0
1990-02-05 23:00:00+00:00,8.1,85.85,0.0,0.0,0.0,313.1,0.9,114.0,100660.0
1990-02-06 00:00:00+00:00,8.55,85.9,69.5,185.28,47.75,331.5,0.83,80.0,100740.0
1990-02-06 01:00:00+00:00,8.88,92.45,159.3,189.57,100.75,314.8,0.97,58.0,100810.0
1990-02-06 02:00:00+00:00,11.34,89.3,192.1,109.78,140.55,338.65,1.45,65.0,100880.0
1990-02-06 03:00:00+00:00,12.16,86.2,330.6,286.23,162.15,345.25,1.59,62.0,100870.0
1990-02-06 04:00:00+00:00,13.87,80.4,326.25,237.06,170.35,335.4,2.14,63.0,100830.0
1990-02-06 05:00:00+00:00,14.91,72.45,247.4,122.28,165.2,340.0,2.28,64.0,100740.0
1990-02-06 06:00:00+00:00,15.44,67.55,171.75,57.66,135.35,359.2,2.55,63.0,100610.0
1990-02-06 07:00:00+00:00,13.21,77.5,128.3,22.6,116.15,352.6,2.21,38.0,100640.0
1990-02-06 08:00:00+00:00,13.16,77.5,77.75,14.22,72.1,359.95,2.34,35.0,100630.0
1990-02-06 09:00:00+00:00,12.83,77.45,20.5,3.85,19.65,358.4,2.28,29.0,100650.0
1990-02-06 10:00:00+00:00,11.99,80.2,0.05,0.0,0.05,357.85,2.34,21.0,100700.0
1990-02-06 11:00:00+00:00,11.15,86.1,0.0,0.0,0.0,357.25,2.21,16.0,100780.0
1990-02-06 12:00:00+00:00,10.53,92.5,0.0,0.0,0.0,356.65,2.07,18.0,100840.0
1990-02-06 13:00:00+00:00,10.27,92.5,0.0,0.0,0.0,356.85,2.07,17.0,100890.0
1990-02-06 14:00:00+00:00,10.06,92.5,0.0,0.0,0.0,355.5,1.93,9.0,100930.0
1990-02-06 15:00:00+00:00,9.86,92.5,0.0,0.0,0.0,356.1,2.0,357.0,100950.0
1990-02-06 16:00:00+00:00,9.65,95.85,0.0,0.0,0.0,356.3,2.14,355.0,100930.0
1990-02-06 17:00:00+00:00,9.47,92.45,0.0,0.0,0.0,354.75,2.14,352.0,100910.0
1990-02-06 18:00:00+00:00,9.29,95.85,0.0,0.0,0.0,355.3,2.28,344.0,100910.0
1990-02-06 19:00:00+00:00,8.76,95.85,0.0,0.0,0.0,352.6,2.41,347.0,100890.0
1990-02-06 20:00:00+00:00,8.57,95.85,0.0,0.0,0.0,352.0,2.48,351.0,100850.0
1990-02-06 21:00:00+00:00,8.45,95.85,0.0,0.0,0.0,351.05,2.62,352.0,100850.0
1990-02-06 22:00:00+00:00,8.33,95.8,0.0,0.0,0.0,350.65,2.62,348.0,100880.0
1990-02-06 23:00:00+00:00,8.18,95.8,0.0,0.0,0.0,349.9,2.69,345.0,100930.0
1990-02-07 00:00:00+00:00,8.07,92.4,17.1,0.0,17.1,349.3,2.76,342.0,100990.0
1990-02-07 01:00:00+00:00,8.05,92.4,28.25,0.0,28.25,349.05,2.9,342.0,101070.0
1990-02-07 02:00:00+00:00,8.05,92.4,43.05,0.11,43.0,348.75,2.83,342.0,101110.0
1990-02-07 03:00:00+00:00,8.07,92.4,87.8,1.44,86.95,347.95,3.03,340.0,101120.0
1990-02-07 04:00:00+00:00,8.21,92.4,55.1,0.0,55.1,347.4,3.66,346.0,101110.0
1990-02-07 05:00:00+00:00,8.03,89.05,34.45,0.0,34.45,347.0,3.66,344.0,101080.0
1990-02-07 06:00:00+00:00,7.96,89.05,53.15,0.0,53.15,345.85,3.38,345.0,101030.0
1990-02-07 07:00:00+00:00,8.17,82.7,40.55,0.83,40.1,344.65,3.45,349.0,101000.0
1990-02-07 08:00:00+00:00,8.27,82.7,33.0,0.0,33.0,344.3,3.31,349.0,101030.0
1990-02-07 09:00:00+00:00,8.39,76.85,9.15,0.0,9.15,344.65,3.24,354.0,101110.0
1990-02-07 10:00:00+00:00,8.23,79.7,0.05,0.0,0.05,343.3,2.83,3.0,101170.0
1990-02-07 11:00:00+00:00,8.02,79.7,0.0,0.0,0.0,343.7,2.69,12.0,101230.0
1990-02-07 12:00:00+00:00,7.81,82.65,0.0,0.0,0.0,343.3,2.55,19.0,101290.0
1990-02-07 13:00:00+00:00,7.51,79.65,0.0,0.0,0.0,336.35,2.21,20.0,101350.0
1990-02-07 14:00:00+00:00,7.33,79.65,0.0,0.0,0.0,338.3,1.93,14.0,101400.0
1990-02-07 15:00:00+00:00,7.16,79.55,0.0,0.0,0.0,337.9,2.41,12.0,101420.0
1990-02-07 16:00:00+00:00,6.96,79.55,0.0,0.0,0.0,337.3,2.76,11.0,101400.0
1990-02-07 17:00:00+00:00,6.68,82.55,0.0,0.0,0.0,330.15,2.69,11.0,101400.0
1990-02-07 18:00:00+00:00,6.49,79.5,0.0,0.0,0.0,330.75,2.41,11.0,101410.0
1990-02-07 19:00:00+00:00,5.41,79.4,0.0,0.0,0.0,309.85,2.34,6.0,101420.0
1990-02-07 20:00:00+00:00,5.2,82.4,0.0,0.0,0.0,314.1,2.28,5.0,101380.0
1990-02-07 21:00:00+00:00,5.07,79.35,0.0,0.0,0.0,315.65,2.14,3.0,101380.0
1990-02-07 22:00:00+00:00,4.85,79.35,0.0,0.0,0.0,311.0,2.14,2.0,101400.0
1990-02-07 23:00:00+00:00,4.71,82.35,0.0,0.0,0.0,311.75,2.07,358.0,101460.0
1990-02-08 00:00:00+00:00,4.63,82.35,100.05,279.22,65.65,304.05,2.0,355.0,101530.0
1990-02-08 01:00:00+00:00,5.33,76.5,182.65,261.64,100.15,299.1,2.41,358.0,101590.0
1990-02-08 02:00:00+00:00,6.36,73.7,254.2,239.31,140.15,313.5,2.48,358.0,101640.0
1990-02-08 03:00:00+00:00,7.41,71.15,308.4,254.35,156.8,309.25,2.48,356.0,101610.0
1990-02-08 04:00:00+00:00,8.47,66.15,331.35,222.69,183.15,320.3,2.62,352.0,101560.0
1990-02-08 05:00:00+00:00,9.28,66.25,234.8,81.14,179.6,320.3,2.76,344.0,101470.0
1990-02-08 06:00:00+00:00,9.46,66.35,169.5,36.44,146.2,331.9,2.76,336.0,101350.0
1990-02-08 07:00:00+00:00,8.34,73.95,193.95,72.32,154.5,336.15,2.76,330.0,101360.0
1990-02-08 08:00:00+00:00,8.68,71.35,73.5,32.46,60.35,325.9,2.69,333.0,101360.0
1990-02-08 09:00:00+00:00,8.42,76.85,31.8,16.03,28.15,332.5,2.07,321.0,101380.0
1990-02-08 10:00:00+00:00,8.1,82.7,0.15,0.0,0.15,327.85,1.59,318.0,101420.0
1990-02-08 11:00:00+00:00,7.74,85.8,0.0,0.0,0.0,329.2,1.59,312.0,101430.0
1990-02-08 12:00:00+00:00,7.53,85.8,0.0,0.0,0.0,324.95,1.38,302.0,101480.0
1990-02-08 13:00:00+00:00,7.22,92.35,0.0,0.0,0.0,333.65,0.9,286.0,101490.0
1990-02-08 14:00:00+00:00,7.47,85.8,0.0,0.0,0.0,329.0,0.62,260.0,101470.0
1990-02-08 15:00:00+00:00,7.84,82.7,0.0,0.0,0.0,323.0,0.34,288.0,101450.0
1990-02-08 16:00:00+00:00,7.91,82.7,0.0,0.0,0.0,327.05,0.34,328.0,101440.0
1990-02-08 17:00:00+00:00,7.77,85.8,0.0,0.0,0.0,323.75,0.55,344.0,101400.0
1990-02-08 18:00:00+00:00,7.05,89.0,0.0,0.0,0.0,324.35,0.76,340.0,101380.0
1990-02-08 19:00:00+00:00,5.43,85.65,0.0,0.0,0.0,272.1,0.83,337.0,101340.0
1990-02-08 20:00:00+00:00,5.05,88.85,0.0,0.0,0.0,300.35,0.9,330.0,101270.0
1990-02-08 21:00:00+00:00,4.7,92.25,0.0,0.0,0.0,296.5,1.1,332.0,101270.0
1990-02-08 22:00:00+00:00,4.76,92.25,0.0,0.0,0.0,297.65,1.03,331.0,101290.0
1990-02-08 23:00:00+00:00,4.68,92.25,0.0,0.0,0.0,293.0,0.97,331.0,101340.0
1990-02-09 00:00:00+00:00,5.04,92.25,123.95,312.12,84.55,310.2,0.83,336.0,101360.0
1990-02-09 01:00:00+00:00,7.21,89.0,347.2,755.37,106.5,293.9,0.97,349.0,101390.0
1990-02-09 02:00:00+00:00,9.8,77.0,489.85,691.48,157.8,266.5,1.1,345.0,101400.0
1990-02-09 03:00:00+00:00,12.0,64.45,578.25,601.8,217.25,273.25,0.9,326.0,101380.0
1990-02-09 04:00:00+00:00,13.83,55.9,639.25,639.13,211.35,282.95,1.1,315.0,101330.0
1990-02-09 05:00:00+00:00,15.23,46.75,639.45,670.27,180.75,288.35,1.24,317.0,101200.0
1990-02-09 06:00:00+00:00,16.1,40.5,465.45,347.75,241.7,290.1,1.1,316.0,101070.0
1990-02-09 07:00:00+00:00,15.39,41.75,324.45,231.04,197.5,296.85,1.1,322.0,101000.0
1990-02-09 08:00:00+00:00,15.29,40.2,189.0,105.28,145.95,299.4,0.76,312.0,100970.0
1990-02-09 09:00:00+00:00,14.95,41.75,60.5,62.46,46.05,305.2,0.34,249.0,100980.0
1990-02-09 10:00:00+00:00,13.77,48.15,0.45,0.0,0.45,294.95,1.31,178.0,101000.0
1990-02-09 11:00:00+00:00,11.84,55.4,0.0,0.0,0.0,305.55,2.21,179.0,101050.0
1990-02-09 12:00:00+00:00,10.45,59.5,0.0,0.0,0.0,303.65,2.34,186.0,101090.0
1990-02-09 13:00:00+00:00,9.72,63.9,0.0,0.0,0.0,306.35,2.28,193.0,101120.0
1990-02-09 14:00:00+00:00,8.89,66.25,0.0,0.0,0.0,294.35,2.28,198.0,101100.0
1990-02-09 15:00:00+00:00,8.45,71.35,0.0,0.0,0.0,305.0,2.07,200.0,101090.0
1990-02-09 16:00:00+00:00,7.49,76.7,0.0,0.0,0.0,289.1,1.93,199.0,101080.0
1990-02-09 17:00:00+00:00,6.67,82.55,0.0,0.0,0.0,293.6,1.59,197.0,101080.0
1990-02-09 18:00:00+00:00,6.0,82.55,0.0,0.0,0.0,279.05,1.17,200.0,101090.0
1990-02-09 19:00:00+00:00,6.35,82.55,0.0,0.0,0.0,272.3,0.41,229.0,101130.0
1990-02-09 20:00:00+00:00,5.61,85.65,0.0,0.0,0.0,257.95,0.55,308.0,101130.0
1990-02-09 21:00:00+00:00,4.8,88.85,0.0,0.0,0.0,254.65,1.03,338.0,101130.0
1990-02-09 22:00:00+00:00,3.62,88.75,0.0,0.0,0.0,252.15,1.31,341.0,101190.0
1990-02-09 23:00:00+00:00,2.04,95.65,0.0,0.0,0.0,249.25,1.86,340.0,101260.0
1990-02-10 00:00:00+00:00,1.99,95.65,175.55,848.13,65.85,247.5,1.86,348.0,101360.0
1990-02-10 01:00:00+00:00,6.72,82.55,371.25,848.12,98.1,249.75,1.93,11.0,101450.0
1990-02-10 02:00:00+00:00,10.26,55.05,541.4,876.56,117.25,252.75,3.1,31.0,101490.0
1990-02-10 03:00:00+00:00,11.78,40.8,659.75,880.89,127.9,255.45,3.24,40.0,101530.0
1990-02-10 04:00:00+00:00,13.03,35.3,712.95,862.61,131.95,257.2,2.97,41.0,101490.0
1990-02-10 05:00:00+00:00,13.98,32.95,696.2,822.56,129.9,259.7,2.83,45.0,101380.0
1990-02-10 06:00:00+00:00,14.59,33.05,609.3,751.19,122.9,262.05,2.69,50.0,101260.0
1990-02-10 07:00:00+00:00,14.47,33.05,464.35,643.4,108.25,262.4,2.41,52.0,101220.0
1990-02-10 08:00:00+00:00,14.37,32.95,277.6,468.2,84.35,262.6,2.21,54.0,101190.0
1990-02-10 09:00:00+00:00,13.81,35.45,87.7,201.75,40.3,261.85,1.79,54.0,101210.0
1990-02-10 10:00:00+00:00,12.32,42.55,0.8,0.0,0.8,259.9,1.93,50.0,101220.0
1990-02-10 11:00:00+00:00,10.11,49.05,0.0,0.0,0.0,256.2,2.21,60.0,101260.0
1990-02-10 12:00:00+00:00,8.21,56.7,0.0,0.0,0.0,254.85,2.21,72.0,101290.0
1990-02-10 13:00:00+00:00,6.75,63.25,0.0,0.0,0.0,253.7,2.14,82.0,101330.0
1990-02-10 14:00:00+00:00,5.59,65.65,0.0,0.0,0.0,253.7,2.07,92.0,101340.0
1990-02-10 15:00:00+00:00,4.59,70.7,0.0,0.0,0.0,252.95,1.93,104.0,101320.0
1990-02-10 16:00:00+00:00,3.84,73.4,0.0,0.0,0.0,252.15,1.86,109.0,101310.0
1990-02-10 17:00:00+00:00,3.16,76.1,0.0,0.0,0.0,253.3,1.86,116.0,101270.0
1990-02-10 18:00:00+00:00,2.99,76.1,0.0,0.0,0.0,256.2,1.72,122.0,101220.0
1990-02-10 19:00:00+00:00,3.43,79.15,0.0,0.0,0.0,256.05,1.52,125.0,101140.0
1990-02-10 20:00:00+00:00,4.17,76.25,0.0,0.0,0.0,254.85,1.1,125.0,101080.0
1990-02-10 21:00:00+00:00,4.81,70.8,0.0,0.0,0.0,254.5,0.62,117.0,101060.0
1990-02-10 22:00:00+00:00,4.56,76.3,0.0,0.0,0.0,253.9,0.07,63.0,101070.0
1990-02-10 23:00:00+00:00,4.26,79.2,0.0,0.0,0.0,252.95,0.48,338.0,101100.0
1990-02-11 00:00:00+00:00,3.95,79.2,172.0,792.63,66.95,252.75,0.76,348.0,101130.0
1990-02-11 01:00:00+00:00,5.48,82.5,363.25,808.02,100.2,256.15,0.41,355.0,101140.0
1990-02-11 02:00:00+00:00,8.7,66.15,529.8,841.23,119.6,260.65,0.14,163.0,101140.0
1990-02-11 03:00:00+00:00,11.09,57.4,639.95,820.63,141.25,266.5,1.03,174.0,101110.0
1990-02-11 04:00:00+00:00,13.03,51.75,666.5,749.32,158.75,273.65,1.79,178.0,101040.0
1990-02-11 05:00:00+00:00,14.54,50.25,669.55,755.35,146.4,281.2,2.28,183.0,100930.0
1990-02-11 06:00:00+00:00,15.79,48.65,537.0,525.32,194.7,286.4,2.34,177.0,100780.0
1990-02-11 07:00:00+00:00,15.59,48.65,371.25,307.02,200.1,295.3,1.79,167.0,100730.0
1990-02-11 08:00:00+00:00,15.66,50.5,200.4,147.28,139.05,301.3,1.31,161.0,100690.0
1990-02-11 09:00:00+00:00,15.35,54.25,52.1,11.11,49.45,311.95,1.17,145.0,100650.0
1990-02-11 10:00:00+00:00,14.32,58.1,0.75,0.0,0.75,314.5,1.03,135.0,100640.0
1990-02-11 11:00:00+00:00,12.53,69.45,0.0,0.0,0.0,308.1,0.76,120.0,100670.0
1990-02-11 12:00:00+00:00,10.61,77.15,0.0,0.0,0.0,313.7,1.66,146.0,100690.0
1990-02-11 13:00:00+00:00,10.02,77.1,0.0,0.0,0.0,320.1,2.14,172.0,100700.0
1990-02-11 14:00:00+00:00,9.88,79.95,0.0,0.0,0.0,314.5,2.9,176.0,100660.0
1990-02-11 15:00:00+00:00,10.29,79.95,0.0,0.0,0.0,326.1,2.97,180.0,100610.0
1990-02-11 16:00:00+00:00,9.79,82.9,0.0,0.0,0.0,304.05,2.69,178.0,100580.0
1990-02-11 17:00:00+00:00,9.15,85.95,0.0,0.0,0.0,295.5,2.62,173.0,100550.0
1990-02-11 18:00:00+00:00,8.53,85.9,0.0,0.0,0.0,289.7,2.55,166.0,100480.0
1990-02-11 19:00:00+00:00,7.52,92.35,0.0,0.0,0.0,287.0,1.66,176.0,100360.0
1990-02-11 20:00:00+00:00,6.85,92.35,0.0,0.0,0.0,283.5,1.38,177.0,100300.0
1990-02-11 21:00:00+00:00,6.41,92.3,0.0,0.0,0.0,277.5,1.24,181.0,100270.0
1990-02-11 22:00:00+00:00,5.91,88.95,0.0,0.0,0.0,275.75,1.31,180.0,100300.0
1990-02-11 23:00:00+00:00,5.24,92.25,0.0,0.0,0.0,275.0,1.38,184.0,100310.0
1990-02-12 00:00:00+00:00,5.98,88.95,169.25,745.94,67.95,274.6,1.1,181.0,100310.0
1990-02-12 01:00:00+00:00,8.69,92.4,356.6,775.29,101.45,277.6,0.9,157.0,100340.0
1990-02-12 02:00:00+00:00,11.72,77.3,519.75,811.02,121.2,283.3,1.24,155.0,100330.0
1990-02-12 03:00:00+00:00,13.98,67.25,633.45,818.06,133.05,290.65,1.38,163.0,100300.0
1990-02-12 04:00:00+00:00,15.87,62.85,680.9,795.26,138.75,298.6,1.52,162.0,100230.0
1990-02-12 05:00:00+00:00,17.4,58.7,669.95,764.49,137.3,305.2,2.07,153.0,100060.0
1990-02-12 06:00:00+00:00,18.64,54.95,499.25,515.23,161.4,313.1,2.76,152.0,99890.0
1990-02-12 07:00:00+00:00,18.69,54.95,360.55,397.27,137.5,332.3,2.28,161.0,99740.0
1990-02-12 08:00:00+00:00,18.83,54.95,153.9,144.39,93.2,337.9,2.48,159.0,99700.0
1990-02-12 09:00:00+00:00,18.21,58.9,37.5,61.96,22.5,352.8,1.66,147.0,99700.0
1990-02-12 10:00:00+00:00,17.07,65.35,0.6,0.0,0.6,361.7,1.17,143.0,99790.0
1990-02-12 11:00:00+00:00,15.41,72.55,0.0,0.0,0.0,352.6,1.79,123.0,99820.0
1990-02-12 12:00:00+00:00,13.97,83.4,0.0,0.0,0.0,355.1,1.79,119.0,99890.0
1990-02-12 13:00:00+00:00,13.06,92.65,0.0,0.0,0.0,350.5,1.45,104.0,99920.0
1990-02-12 14:00:00+00:00,12.58,92.6,0.0,0.0,0.0,352.8,0.97,58.0,99910.0
1990-02-12 15:00:00+00:00,11.92,95.95,0.0,0.0,0.0,352.0,1.24,24.0,99890.0
1990-02-12 16:00:00+00:00,11.76,95.9,0.0,0.0,0.0,357.05,1.38,5.0,99880.0
1990-02-12 17:00:00+00:00,11.99,95.95,0.0,0.0,0.0,363.85,1.72,340.0,99900.0
1990-02-12 18:00:00+00:00,12.07,95.95,0.0,0.0,0.0,369.25,2.28,328.0,99930.0
1990-02-12 19:00:00+00:00,11.75,92.55,0.0,0.0,0.0,365.75,3.31,331.0,100000.0
1990-02-12 20:00:00+00:00,11.57,92.55,0.0,0.0,0.0,365.0,3.59,334.0,100000.0
1990-02-12 21:00:00+00:00,11.46,89.3,0.0,0.0,0.0,362.85,3.52,338.0,100030.0
1990-02-12 22:00:00+00:00,11.38,89.3,0.0,0.0,0.0,361.1,3.38,336.0,100110.0
1990-02-12 23:00:00+00:00,11.34,92.55,0.0,0.0,0.0,359.55,3.24,334.0,100180.0
1990-02-13 00:00:00+00:00,11.32,92.55,23.4,0.0,23.4,356.85,3.1,330.0,100270.0
1990-02-13 01:00:00+00:00,11.55,89.3,57.35,6.76,55.1,355.25,3.03,325.0,100380.0
1990-02-13 02:00:00+00:00,12.04,89.35,178.8,36.85,160.55,350.65,2.83,322.0,100450.0
1990-02-13 03:00:00+00:00,13.32,80.35,343.05,196.27,222.2,339.45,3.03,323.0,100470.0
1990-02-13 04:00:00+00:00,15.54,60.65,381.05,195.37,247.05,342.55,4.14,323.0,100440.0
1990-02-13 05:00:00+00:00,16.8,47.15,448.6,274.64,256.1,339.65,4.9,325.0,100390.0
1990-02-13 06:00:00+00:00,17.74,36.4,133.2,25.31,116.5,331.9,5.31,328.0,100330.0
1990-02-13 07:00:00+00:00,15.8,46.9,93.85,20.16,82.45,343.9,3.03,320.0,100430.0
1990-02-13 08:00:00+00:00,15.56,43.5,84.7,27.7,72.95,343.3,2.97,323.0,100460.0
1990-02-13 09:00:00+00:00,15.27,43.4,20.8,1.83,20.35,336.75,2.97,322.0,100500.0
1990-02-13 10:00:00+00:00,14.62,41.65,0.65,0.0,0.65,343.7,3.1,319.0,100590.0
1990-02-13 11:00:00+00:00,14.02,39.95,0.0,0.0,0.0,338.3,3.24,315.0,100680.0
1990-02-13 12:00:00+00:00,13.71,39.8,0.0,0.0,0.0,340.2,3.38,316.0,100780.0
1990-02-13 13:00:00+00:00,13.32,41.2,0.0,0.0,0.0,335.75,3.38,319.0,100870.0
1990-02-13 14:00:00+00:00,12.95,39.65,0.0,0.0,0.0,335.55,3.38,321.0,100940.0
1990-02-13 15:00:00+00:00,12.36,42.55,0.0,0.0,0.0,324.55,3.17,322.0,101000.0
1990-02-13 16:00:00+00:00,11.8,42.4,0.0,0.0,0.0,320.3,3.1,324.0,101070.0
1990-02-13 17:00:00+00:00,11.42,42.4,0.0,0.0,0.0,322.6,2.97,327.0,101130.0
1990-02-13 18:00:00+00:00,10.79,43.8,0.0,0.0,0.0,311.95,2.83,333.0,101180.0
1990-02-13 19:00:00+00:00,9.13,54.8,0.0,0.0,0.0,285.85,2.41,346.0,101200.0
1990-02-13 20:00:00+00:00,7.96,56.7,0.0,0.0,0.0,271.3,2.55,356.0,101190.0
1990-02-13 21:00:00+00:00,7.21,58.65,0.0,0.0,0.0,266.85,2.76,2.0,101240.0
1990-02-13 22:00:00+00:00,6.45,54.15,0.0,0.0,0.0,249.85,2.97,4.0,101330.0
1990-02-13 23:00:00+00:00,6.14,46.25,0.0,0.0,0.0,251.0,3.31,13.0,101460.0
1990-02-14 00:00:00+00:00,6.25,42.7,167.95,639.34,76.8,253.1,3.17,21.0,101560.0
1990-02-14 01:00:00+00:00,7.67,43.0,307.85,523.16,131.85,258.85,2.9,24.0,101710.0
1990-02-14 02:00:00+00:00,8.82,34.05,470.1,607.18,167.0,274.6,3.59,41.0,101760.0
1990-02-14 03:00:00+00:00,9.89,30.55,581.25,599.78,209.5,274.4,3.31,50.0,101780.0
1990-02-14 04:00:00+00:00,10.91,28.45,638.95,551.05,258.7,281.75,2.83,56.0,101720.0
1990-02-14 05:00:00+00:00,11.76,28.6,623.95,530.27,250.05,282.75,2.41,61.0,101610.0
1990-02-14 06:00:00+00:00,12.38,27.6,587.25,616.28,178.05,282.15,2.28,65.0,101490.0
1990-02-14 07:00:00+00:00,12.59,27.75,453.2,550.17,139.9,274.8,2.41,61.0,101430.0
1990-02-14 08:00:00+00:00,12.58,27.75,287.55,464.49,88.75,267.45,2.28,72.0,101370.0
1990-02-14 09:00:00+00:00,12.22,28.75,97.1,212.67,44.1,259.1,2.14,82.0,101350.0
1990-02-14 10:00:00+00:00,10.94,34.75,1.7,2.21,1.6,257.6,1.86,79.0,101320.0
1990-02-14 11:00:00+00:00,9.2,43.4,0.0,0.0,0.0,254.65,2.07,88.0,101320.0
1990-02-14 12:00:00+00:00,7.71,48.4,0.0,0.0,0.0,253.9,2.14,95.0,101340.0
1990-02-14 13:00:00+00:00,6.54,52.1,0.0,0.0,0.0,252.95,2.34,102.0,101360.0
1990-02-14 14:00:00+00:00,5.72,51.95,0.0,0.0,0.0,252.15,2.41,107.0,101350.0
1990-02-14 15:00:00+00:00,5.06,53.9,0.0,0.0,0.0,251.2,2.48,112.0,101310.0
1990-02-14 16:00:00+00:00,4.58,55.95,0.0,0.0,0.0,255.45,2.34,115.0,101250.0
1990-02-14 17:00:00+00:00,4.15,58.05,0.0,0.0,0.0,257.95,2.21,114.0,101160.0
1990-02-14 18:00:00+00:00,3.7,60.3,0.0,0.0,0.0,255.25,2.21,112.0,101090.0
1990-02-14 19:00:00+00:00,3.54,62.7,0.0,0.0,0.0,253.9,2.21,123.0,100970.0
1990-02-14 20:00:00+00:00,3.09,65.1,0.0,0.0,0.0,253.7,2.07,128.0,100870.0
1990-02-14 21:00:00+00:00,2.73,70.3,0.0,0.0,0.0,256.05,1.93,131.0,100820.0
1990-02-14 22:00:00+00:00,2.28,73.1,0.0,0.0,0.0,252.35,1.86,130.0,100820.0
1990-02-14 23:00:00+00:00,2.34,76.0,0.0,0.0,0.0,265.7,1.72,123.0,100830.0
1990-02-15 00:00:00+00:00,2.99,79.1,122.4,410.78,62.4,272.65,1.52,116.0,100830.0
1990-02-15 01:00:00+00:00,6.33,65.75,269.85,410.53,130.2,285.95,1.45,118.0,100840.0
1990-02-15 02:00:00+00:00,8.71,56.8,296.1,274.37,158.05,291.25,1.86,137.0,100820.0
1990-02-15 03:00:00+00:00,9.95,51.0,327.75,140.72,239.95,322.05,2.0,140.0,100770.0
1990-02-15 04:00:00+00:00,10.62,53.1,174.75,39.9,147.05,332.65,2.28,147.0,100700.0
1990-02-15 05:00:00+00:00,9.52,63.9,103.05,19.24,89.4,334.4,2.14,145.0,100590.0
1990-02-15 06:00:00+00:00,8.39,79.75,56.05,0.0,56.05,338.85,1.72,129.0,100460.0
1990-02-15 07:00:00+00:00,7.8,89.0,48.0,0.0,48.0,338.65,1.72,96.0,100340.0
1990-02-15 08:00:00+00:00,7.74,89.0,17.55,0.0,17.55,339.25,1.45,98.0,100320.0
1990-02-15 09:00:00+00:00,7.54,89.0,12.9,9.69,10.45,341.2,1.38,84.0,100320.0
1990-02-15 10:00:00+00:00,7.43,92.35,0.15,0.0,0.15,340.2,1.38,66.0,100330.0
1990-02-15 11:00:00+00:00,7.28,95.8,0.0,0.0,0.0,340.2,1.17,53.0,100340.0
1990-02-15 12:00:00+00:00,7.23,95.8,0.0,0.0,0.0,340.2,1.1,42.0,100370.0
1990-02-15 13:00:00+00:00,7.22,95.8,0.0,0.0,0.0,340.0,1.03,30.0,100430.0
1990-02-15 14:00:00+00:00,7.18,95.8,0.0,0.0,0.0,339.65,1.1,15.0,100430.0
1990-02-15 15:00:00+00:00,7.12,95.8,0.0,0.0,0.0,338.65,1.31,11.0,100410.0
1990-02-15 16:00:00+00:00,7.04,95.8,0.0,0.0,0.0,337.7,1.45,6.0,100390.0
1990-02-15 17:00:00+00:00,7.02,95.8,0.0,0.0,0.0,338.3,1.59,2.0,100340.0
1990-02-15 18:00:00+00:00,6.97,92.35,0.0,0.0,0.0,337.9,1.86,358.0,100330.0
1990-02-15 19:00:00+00:00,6.34,92.3,0.0,0.0,0.0,335.55,2.07,355.0,100330.0
1990-02-15 20:00:00+00:00,6.23,92.3,0.0,0.0,0.0,335.4,2.28,358.0,100270.0
1990-02-15 21:00:00+00:00,6.12,92.3,0.0,0.0,0.0,335.0,2.48,1.0,100270.0
1990-02-15 22:00:00+00:00,6.03,88.95,0.0,0.0,0.0,334.8,2.55,359.0,100310.0
1990-02-15 23:00:00+00:00,5.94,88.95,0.0,0.0,0.0,334.4,2.62,359.0,100350.0
1990-02-16 00:00:00+00:00,5.88,88.95,18.4,0.0,18.4,333.25,2.76,359.0,100420.0
1990-02-16 01:00:00+00:00,5.85,88.95,31.65,0.29,31.55,333.55,2.97,2.0,100510.0
1990-02-16 02:00:00+00:00,5.88,88.95,53.4,0.0,53.4,333.45,2.9,2.0,100550.0
1990-02-16 03:00:00+00:00,6.02,88.95,80.45,8.6,75.05,333.05,3.1,2.0,100600.0
1990-02-16 04:00:00+00:00,6.24,85.7,70.95,1.43,69.95,331.9,3.24,1.0,100560.0
1990-02-16 05:00:00+00:00,6.28,85.7,81.25,1.75,80.0,331.3,3.31,359.0,100510.0
1990-02-16 06:00:00+00:00,6.4,85.7,61.95,4.46,58.95,332.85,3.52,358.0,100390.0
1990-02-16 07:00:00+00:00,5.81,85.65,58.95,14.29,50.7,327.45,3.24,0.0,100410.0
1990-02-16 08:00:00+00:00,5.81,85.65,29.35,0.8,29.0,325.5,3.03,358.0,100400.0
1990-02-16 09:00:00+00:00,5.75,88.9,16.0,1.37,15.65,329.4,2.83,355.0,100450.0
1990-02-16 10:00:00+00:00,5.66,88.9,0.5,0.0,0.5,327.45,2.76,354.0,100510.0
1990-02-16 11:00:00+00:00,5.49,85.65,0.0,0.0,0.0,325.1,2.76,352.0,100570.0
1990-02-16 12:00:00+00:00,5.38,85.65,0.0,0.0,0.0,323.55,2.83,352.0,100630.0
1990-02-16 13:00:00+00:00,5.26,88.85,0.0,0.0,0.0,317.95,2.76,353.0,100690.0
1990-02-16 14:00:00+00:00,5.36,85.65,0.0,0.0,0.0,325.7,2.62,350.0,100750.0
1990-02-16 15:00:00+00:00,5.27,88.85,0.0,0.0,0.0,320.65,2.48,348.0,100760.0
1990-02-16 16:00:00+00:00,5.25,88.85,0.0,0.0,0.0,322.0,2.41,345.0,100750.0
1990-02-16 17:00:00+00:00,5.04,88.85,0.0,0.0,0.0,309.45,2.28,343.0,100730.0
1990-02-16 18:00:00+00:00,4.71,92.25,0.0,0.0,0.0,296.1,2.34,346.0,100710.0
1990-02-16 19:00:00+00:00,4.24,92.2,0.0,0.0,0.0,310.6,2.28,355.0,100710.0
1990-02-16 20:00:00+00:00,4.07,92.2,0.0,0.0,0.0,303.45,2.34,4.0,100670.0
1990-02-16 21:00:00+00:00,3.84,92.2,0.0,0.0,0.0,295.5,2.21,15.0,100690.0
1990-02-16 22:00:00+00:00,3.5,92.15,0.0,0.0,0.0,284.65,1.93,26.0,100710.0
1990-02-16 23:00:00+00:00,3.3,92.15,0.0,0.0,0.0,286.8,1.59,34.0,100760.0
1990-02-17 00:00:00+00:00,3.5,95.7,126.15,309.59,78.7,290.85,1.1,40.0,100810.0
1990-02-17 01:00:00+00:00,4.91,85.6,309.85,527.66,126.3,280.35,1.52,37.0,100880.0
1990-02-17 02:00:00+00:00,6.88,79.55,470.2,588.57,169.3,285.25,2.21,21.0,100920.0
1990-02-17 03:00:00+00:00,8.44,71.35,457.9,308.57,262.8,279.25,2.34,11.0,100920.0
1990-02-17 04:00:00+00:00,9.53,63.9,388.3,166.0,271.65,306.35,2.83,7.0,100870.0
1990-02-17 05:00:00+00:00,10.07,61.65,360.0,145.03,255.9,329.75,2.83,7.0,100810.0
1990-02-17 06:00:00+00:00,10.49,59.5,290.6,113.47,213.85,326.65,2.76,12.0,100740.0
1990-02-17 07:00:00+00:00,10.43,57.3,214.0,49.88,185.0,337.5,2.83,16.0,100660.0
1990-02-17 08:00:00+00:00,10.39,57.3,105.15,16.62,97.85,328.6,2.83,20.0,100680.0
1990-02-17 09:00:00+00:00,10.09,59.35,42.6,8.47,40.4,338.65,2.76,26.0,100720.0
1990-02-17 10:00:00+00:00,9.52,61.55,1.6,0.91,1.55,333.65,2.21,33.0,100760.0
1990-02-17 11:00:00+00:00,8.21,68.6,0.0,0.0,0.0,301.7,2.07,40.0,100830.0
1990-02-17 12:00:00+00:00,7.53,71.15,0.0,0.0,0.0,298.05,2.0,49.0,100910.0
1990-02-17 13:00:00+00:00,6.37,76.55,0.0,0.0,0.0,270.35,1.86,58.0,100990.0
1990-02-17 14:00:00+00:00,5.02,82.4,0.0,0.0,0.0,261.45,1.59,55.0,101040.0
1990-02-17 15:00:00+00:00,3.88,88.8,0.0,0.0,0.0,255.45,1.52,37.0,101060.0
1990-02-17 16:00:00+00:00,2.84,92.15,0.0,0.0,0.0,257.0,1.66,21.0,101060.0
1990-02-17 17:00:00+00:00,2.17,95.65,0.0,0.0,0.0,254.85,1.59,8.0,101060.0
1990-02-17 18:00:00+00:00,1.58,95.65,0.0,0.0,0.0,255.05,1.59,353.0,101060.0
1990-02-17 19:00:00+00:00,1.39,95.65,0.0,0.0,0.0,258.75,1.45,346.0,101030.0
1990-02-17 20:00:00+00:00,1.43,95.65,0.0,0.0,0.0,252.15,1.31,341.0,100980.0
1990-02-17 21:00:00+00:00,1.49,95.65,0.0,0.0,0.0,250.05,1.24,334.0,100960.0
1990-02-17 22:00:00+00:00,1.33,95.65,0.0,0.0,0.0,250.6,1.24,335.0,100980.0
1990-02-17 23:00:00+00:00,1.4,95.65,0.0,0.0,0.0,246.75,1.17,337.0,101040.0
1990-02-18 00:00:00+00:00,2.06,99.4,157.75,406.75,93.9,268.8,0.69,334.0,101110.0
1990-02-18 01:00:00+00:00,4.5,88.85,367.95,706.66,119.35,277.6,0.62,349.0,101180.0
1990-02-18 02:00:00+00:00,7.5,76.7,542.85,783.45,139.1,266.65,0.97,356.0,101190.0
1990-02-18 03:00:00+00:00,9.46,66.35,673.6,845.72,135.3,266.5,1.03,19.0,101180.0
1990-02-18 04:00:00+00:00,10.96,59.6,706.75,783.67,152.7,264.15,1.03,37.0,101110.0
1990-02-18 05:00:00+00:00,12.03,53.5,618.25,543.27,226.0,272.5,1.03,48.0,101020.0
1990-02-18 06:00:00+00:00,12.62,51.65,391.1,210.13,248.1,306.15,0.97,56.0,100900.0
1990-02-18 07:00:00+00:00,12.75,47.85,366.25,291.25,195.75,305.95,1.31,29.0,100820.0
1990-02-18 08:00:00+00:00,13.03,44.5,204.8,187.77,121.6,308.65,1.24,27.0,100790.0
1990-02-18 09:00:00+00:00,12.81,46.1,71.25,98.75,45.25,312.75,1.31,34.0,100790.0
1990-02-18 10:00:00+00:00,11.83,53.35,2.4,1.72,2.3,297.65,1.59,55.0,100800.0
1990-02-18 11:00:00+00:00,10.13,59.35,0.0,0.0,0.0,283.3,2.0,68.0,100830.0
1990-02-18 12:00:00+00:00,8.57,68.7,0.0,0.0,0.0,284.85,1.66,78.0,100870.0
1990-02-18 13:00:00+00:00,7.12,79.55,0.0,0.0,0.0,278.5,1.45,109.0,100940.0
1990-02-18 14:00:00+00:00,5.6,82.5,0.0,0.0,0.0,267.25,1.79,146.0,100970.0
1990-02-18 15:00:00+00:00,4.53,85.55,0.0,0.0,0.0,259.3,2.07,164.0,100980.0
1990-02-18 16:00:00+00:00,3.95,85.5,0.0,0.0,0.0,256.2,2.28,172.0,100970.0
1990-02-18 17:00:00+00:00,3.67,88.75,0.0,0.0,0.0,258.15,2.34,173.0,100950.0
1990-02-18 18:00:00+00:00,3.55,88.75,0.0,0.0,0.0,260.1,2.34,171.0,100900.0
1990-02-18 19:00:00+00:00,3.22,92.15,0.0,0.0,0.0,255.85,2.28,167.0,100890.0
1990-02-18 20:00:00+00:00,2.93,92.15,0.0,0.0,0.0,257.4,2.21,165.0,100810.0
1990-02-18 21:00:00+00:00,2.49,92.15,0.0,0.0,0.0,253.9,2.07,165.0,100800.0
1990-02-18 22:00:00+00:00,2.05,95.65,0.0,0.0,0.0,254.85,1.72,166.0,100810.0
1990-02-18 23:00:00+00:00,2.15,95.65,0.0,0.0,0.0,254.1,1.45,164.0,100830.0
1990-02-19 00:00:00+00:00,3.24,92.15,196.35,755.21,74.95,255.45,1.1,166.0,100860.0
1990-02-19 01:00:00+00:00,6.52,82.55,368.95,669.08,130.9,254.8,1.03,161.0,100900.0
1990-02-19 02:00:00+00:00,9.25,71.4,519.85,670.15,171.7,263.75,1.45,166.0,100890.0
1990-02-19 03:00:00+00:00,11.28,64.25,586.9,543.96,238.35,275.4,2.0,172.0,100870.0
1990-02-19 04:00:00+00:00,12.6,57.75,636.4,518.5,267.6,290.5,2.28,171.0,100800.0
1990-02-19 05:00:00+00:00,13.61,53.85,573.95,369.22,305.8,296.85,2.28,168.0,100700.0
1990-02-19 06:00:00+00:00,14.62,48.4,391.0,200.9,253.45,307.7,2.21,173.0,100590.0
1990-02-19 07:00:00+00:00,14.7,48.4,288.75,121.66,217.05,330.75,2.07,167.0,100440.0
1990-02-19 08:00:00+00:00,14.68,48.4,222.75,176.47,143.9,330.55,2.28,165.0,100400.0
1990-02-19 09:00:00+00:00,14.45,50.25,84.55,71.97,65.35,307.9,2.07,162.0,100400.0
1990-02-19 10:00:00+00:00,13.02,57.9,2.75,0.81,2.7,299.75,2.14,161.0,100430.0
1990-02-19 11:00:00+00:00,11.23,64.25,0.0,0.0,0.0,297.05,2.48,166.0,100450.0
1990-02-19 12:00:00+00:00,10.16,69.0,0.0,0.0,0.0,297.25,2.48,174.0,100500.0
1990-02-19 13:00:00+00:00,9.34,74.15,0.0,0.0,0.0,293.0,2.55,180.0,100560.0
1990-02-19 14:00:00+00:00,8.61,79.75,0.0,0.0,0.0,284.1,2.55,181.0,100600.0
1990-02-19 15:00:00+00:00,7.74,82.65,0.0,0.0,0.0,272.3,2.48,177.0,100600.0
1990-02-19 16:00:00+00:00,7.02,85.75,0.0,0.0,0.0,272.65,2.34,174.0,100620.0
1990-02-19 17:00:00+00:00,6.21,88.95,0.0,0.0,0.0,268.8,2.14,172.0,100630.0
1990-02-19 18:00:00+00:00,5.45,88.9,0.0,0.0,0.0,268.2,2.0,172.0,100610.0
1990-02-19 19:00:00+00:00,5.22,88.85,0.0,0.0,0.0,263.0,0.83,184.0,100620.0
1990-02-19 20:00:00+00:00,5.55,85.65,0.0,0.0,0.0,261.85,0.69,212.0,100600.0
1990-02-19 21:00:00+00:00,4.94,88.85,0.0,0.0,0.0,265.3,0.9,216.0,100610.0
1990-02-19 22:00:00+00:00,4.08,95.75,0.0,0.0,0.0,263.4,1.1,212.0,100630.0
1990-02-19 23:00:00+00:00,3.32,95.7,0.0,0.0,0.0,260.85,1.31,195.0,100680.0
1990-02-20 00:00:00+00:00,3.65,95.7,198.45,728.49,78.55,260.5,1.1,187.0,100720.0
1990-02-20 01:00:00+00:00,7.59,85.8,393.55,783.98,111.45,265.45,0.76,171.0,100790.0
1990-02-20 02:00:00+00:00,10.82,74.4,567.15,842.17,126.1,271.3,0.97,170.0,100840.0
1990-02-20 03:00:00+00:00,13.25,64.65,683.7,846.45,137.7,276.55,0.97,172.0,100850.0
1990-02-20 04:00:00+00:00,15.13,58.35,736.2,830.37,142.0,283.3,0.9,166.0,100800.0
1990-02-20 05:00:00+00:00,16.55,52.65,718.9,792.46,140.0,289.1,0.83,155.0,100710.0
1990-02-20 06:00:00+00:00,17.48,50.85,634.55,730.47,131.4,293.0,0.9,145.0,100620.0
1990-02-20 07:00:00+00:00,17.73,52.75,485.75,613.0,122.05,294.95,1.45,140.0,100520.0
1990-02-20 08:00:00+00:00,17.81,50.85,296.25,443.68,96.35,294.95,1.86,143.0,100490.0
1990-02-20 09:00:00+00:00,17.4,52.65,108.9,217.97,50.0,302.1,1.93,142.0,100510.0
1990-02-20 10:00:00+00:00,15.92,56.5,3.6,6.96,3.15,291.45,2.07,133.0,100540.0
1990-02-20 11:00:00+00:00,13.62,67.15,0.0,0.0,0.0,286.4,2.48,137.0,100570.0
1990-02-20 12:00:00+00:00,11.74,74.55,0.0,0.0,0.0,283.1,2.34,150.0,100670.0
1990-02-20 13:00:00+00:00,10.36,82.95,0.0,0.0,0.0,280.4,2.48,163.0,100750.0
1990-02-20 14:00:00+00:00,9.45,85.95,0.0,0.0,0.0,278.5,2.48,169.0,100810.0
1990-02-20 15:00:00+00:00,8.78,89.1,0.0,0.0,0.0,276.55,2.62,164.0,100830.0
1990-02-20 16:00:00+00:00,8.39,89.1,0.0,0.0,0.0,275.2,2.69,159.0,100810.0
1990-02-20 17:00:00+00:00,8.12,92.4,0.0,0.0,0.0,272.85,2.62,160.0,100830.0
1990-02-20 18:00:00+00:00,7.73,92.35,0.0,0.0,0.0,270.55,2.55,158.0,100810.0
1990-02-20 19:00:00+00:00,7.37,92.35,0.0,0.0,0.0,267.05,2.28,155.0,100790.0
1990-02-20 20:00:00+00:00,6.76,95.8,0.0,0.0,0.0,265.1,2.21,146.0,100760.0
1990-02-20 21:00:00+00:00,6.16,92.3,0.0,0.0,0.0,263.6,2.21,143.0,100730.0
1990-02-20 22:00:00+00:00,5.63,92.3,0.0,0.0,0.0,265.5,1.86,145.0,100750.0
1990-02-20 23:00:00+00:00,6.19,88.95,0.0,0.0,0.0,271.1,1.1,149.0,100780.0
1990-02-21 00:00:00+00:00,6.86,89.0,173.75,426.74,101.85,276.35,0.55,139.0,100830.0
1990-02-21 01:00:00+00:00,9.06,89.1,329.35,375.76,192.6,280.15,0.34,144.0,100870.0
1990-02-21 02:00:00+00:00,11.51,77.3,438.15,304.95,277.15,290.3,0.48,172.0,100920.0
1990-02-21 03:00:00+00:00,13.31,72.1,501.8,302.91,305.1,302.85,0.9,176.0,100870.0
1990-02-21 04:00:00+00:00,14.66,64.95,431.5,121.4,344.1,313.5,1.1,171.0,100790.0
1990-02-21 05:00:00+00:00,15.4,62.75,385.35,104.73,308.4,318.35,1.38,184.0,100720.0
1990-02-21 06:00:00+00:00,15.84,60.65,287.3,31.1,265.75,326.3,1.31,201.0,100610.0
1990-02-21 07:00:00+00:00,16.13,54.45,202.4,18.33,191.45,345.45,1.45,184.0,100470.0
1990-02-21 08:00:00+00:00,16.07,52.5,122.4,25.21,110.95,358.0,1.17,186.0,100430.0
1990-02-21 09:00:00+00:00,15.72,58.45,46.75,0.18,46.7,352.8,0.62,177.0,100430.0
1990-02-21 10:00:00+00:00,14.93,62.75,2.35,0.0,2.35,342.15,0.55,170.0,100450.0
1990-02-21 11:00:00+00:00,13.77,69.65,0.0,0.0,0.0,324.55,0.48,200.0,100470.0
1990-02-21 12:00:00+00:00,11.08,83.05,0.0,0.0,0.0,302.5,1.38,263.0,100600.0
1990-02-21 13:00:00+00:00,9.6,89.15,0.0,0.0,0.0,306.15,1.66,267.0,100620.0
1990-02-21 14:00:00+00:00,8.51,92.4,0.0,0.0,0.0,298.05,1.86,270.0,100640.0
1990-02-21 15:00:00+00:00,7.29,95.8,0.0,0.0,0.0,279.45,1.93,279.0,100640.0
1990-02-21 16:00:00+00:00,6.55,95.8,0.0,0.0,0.0,279.45,1.93,287.0,100630.0
1990-02-21 17:00:00+00:00,6.33,92.3,0.0,0.0,0.0,286.2,1.86,285.0,100630.0
1990-02-21 18:00:00+00:00,6.15,92.3,0.0,0.0,0.0,280.4,1.72,274.0,100570.0
1990-02-21 19:00:00+00:00,5.29,95.75,0.0,0.0,0.0,267.85,1.52,249.0,100610.0
1990-02-21 20:00:00+00:00,5.25,92.25,0.0,0.0,0.0,266.1,1.38,292.0,100520.0
1990-02-21 21:00:00+00:00,4.93,88.85,0.0,0.0,0.0,265.3,1.59,306.0,100510.0
1990-02-21 22:00:00+00:00,5.04,88.85,0.0,0.0,0.0,264.75,1.52,303.0,100500.0
1990-02-21 23:00:00+00:00,5.58,85.65,0.0,0.0,0.0,263.4,1.31,298.0,100540.0
1990-02-22 00:00:00+00:00,6.56,88.95,213.25,790.95,76.85,262.4,0.83,264.0,100610.0
1990-02-22 01:00:00+00:00,9.29,85.95,412.8,826.59,108.55,265.25,0.55,265.0,100680.0
1990-02-22 02:00:00+00:00,12.78,69.45,583.15,852.84,129.25,270.35,0.55,262.0,100730.0
1990-02-22 03:00:00+00:00,15.14,60.5,700.55,858.03,139.65,278.3,0.69,246.0,100730.0
1990-02-22 04:00:00+00:00,16.96,54.6,754.5,847.65,140.6,284.5,0.76,248.0,100680.0
1990-02-22 05:00:00+00:00,18.28,49.15,736.1,807.76,139.15,289.7,0.69,258.0,100590.0
1990-02-22 06:00:00+00:00,19.1,44.3,646.4,739.12,131.2,293.55,0.41,239.0,100450.0
1990-02-22 07:00:00+00:00,19.41,44.3,499.5,636.6,116.8,296.85,2.41,174.0,100370.0
1990-02-22 08:00:00+00:00,19.28,44.3,311.05,476.28,92.95,297.65,2.97,169.0,100300.0
1990-02-22 09:00:00+00:00,18.58,47.55,115.2,229.36,51.65,296.65,2.76,163.0,100300.0
1990-02-22 10:00:00+00:00,16.51,54.6,4.45,9.87,3.75,293.75,2.83,156.0,100300.0
1990-02-22 11:00:00+00:00,14.19,64.85,0.0,0.0,0.0,288.35,3.17,157.0,100340.0
1990-02-22 12:00:00+00:00,12.89,69.55,0.0,0.0,0.0,283.9,3.38,161.0,100360.0
1990-02-22 13:00:00+00:00,11.92,77.35,0.0,0.0,0.0,280.6,3.38,162.0,100410.0
1990-02-22 14:00:00+00:00,11.12,83.05,0.0,0.0,0.0,278.5,3.38,161.0,100450.0
1990-02-22 15:00:00+00:00,10.49,86.05,0.0,0.0,0.0,275.75,3.45,159.0,100450.0
1990-02-22 16:00:00+00:00,9.99,89.2,0.0,0.0,0.0,274.6,3.45,158.0,100430.0
1990-02-22 17:00:00+00:00,9.58,92.45,0.0,0.0,0.0,273.25,3.38,158.0,100430.0
1990-02-22 18:00:00+00:00,9.25,92.45,0.0,0.0,0.0,272.85,3.38,156.0,100420.0
1990-02-22 19:00:00+00:00,8.94,92.45,0.0,0.0,0.0,273.25,3.17,155.0,100410.0
1990-02-22 20:00:00+00:00,8.56,95.85,0.0,0.0,0.0,273.05,3.03,155.0,100370.0
1990-02-22 21:00:00+00:00,8.16,95.8,0.0,0.0,0.0,271.9,2.97,152.0,100350.0
1990-02-22 22:00:00+00:00,7.81,95.8,0.0,0.0,0.0,270.95,2.97,149.0,100340.0
1990-02-22 23:00:00+00:00,7.52,95.8,0.0,0.0,0.0,269.0,2.9,146.0,100380.0
1990-02-23 00:00:00+00:00,8.1,95.8,142.05,151.58,115.3,282.35,2.69,150.0,100430.0
1990-02-23 01:00:00+00:00,9.82,92.45,207.1,53.72,187.1,300.05,2.76,152.0,100580.0
1990-02-23 02:00:00+00:00,11.39,83.1,251.45,32.8,233.85,312.15,3.03,154.0,100630.0
1990-02-23 03:00:00+00:00,12.75,77.45,290.1,29.86,270.45,320.3,3.31,155.0,100660.0
1990-02-23 04:00:00+00:00,14.21,69.75,436.15,159.69,319.8,328.2,4.14,158.0,100620.0
1990-02-23 05:00:00+00:00,15.9,60.65,531.65,304.73,305.15,334.0,4.07,160.0,100550.0
1990-02-23 06:00:00+00:00,16.97,56.6,374.45,230.27,213.0,323.95,3.79,150.0,100430.0
1990-02-23 07:00:00+00:00,17.11,54.6,383.7,353.43,169.85,334.2,4.69,145.0,100240.0
1990-02-23 08:00:00+00:00,17.62,52.75,222.6,272.33,96.9,335.75,4.28,145.0,100220.0
1990-02-23 09:00:00+00:00,16.89,56.6,86.8,141.73,47.05,322.05,2.69,139.0,100250.0
1990-02-23 10:00:00+00:00,15.61,65.15,2.7,2.7,2.5,328.2,1.31,128.0,100300.0
1990-02-23 11:00:00+00:00,14.21,74.95,0.0,0.0,0.0,336.35,1.17,92.0,100390.0
1990-02-23 12:00:00+00:00,12.7,80.3,0.0,0.0,0.0,327.85,1.86,74.0,100460.0
1990-02-23 13:00:00+00:00,11.26,89.3,0.0,0.0,0.0,320.65,1.72,51.0,100540.0
1990-02-23 14:00:00+00:00,10.57,92.5,0.0,0.0,0.0,319.1,2.0,20.0,100610.0
1990-02-23 15:00:00+00:00,10.31,95.9,0.0,0.0,0.0,328.4,1.93,18.0,100650.0
1990-02-23 16:00:00+00:00,10.46,92.5,0.0,0.0,0.0,345.65,1.52,17.0,100630.0
1990-02-23 17:00:00+00:00,10.36,95.9,0.0,0.0,0.0,344.5,1.45,354.0,100630.0
1990-02-23 18:00:00+00:00,9.93,95.9,0.0,0.0,0.0,330.55,1.86,334.0,100630.0
1990-02-23 19:00:00+00:00,9.67,95.85,0.0,0.0,0.0,314.85,2.83,331.0,100760.0
1990-02-23 20:00:00+00:00,9.88,92.5,0.0,0.0,0.0,335.95,3.03,333.0,100760.0
1990-02-23 21:00:00+00:00,9.88,92.5,0.0,0.0,0.0,335.0,3.17,338.0,100770.0
1990-02-23 22:00:00+00:00,9.67,92.45,0.0,0.0,0.0,322.2,3.31,343.0,100780.0
1990-02-23 23:00:00+00:00,9.58,92.45,0.0,0.0,0.0,323.95,3.24,348.0,100800.0
1990-02-24 00:00:00+00:00,9.72,92.45,129.15,209.08,91.4,320.3,2.97,352.0,100830.0
1990-02-24 01:00:00+00:00,10.73,86.05,199.85,68.12,174.2,326.95,2.76,0.0,100920.0
1990-02-24 02:00:00+00:00,11.57,80.15,280.2,75.89,239.15,330.55,2.28,1.0,100950.0
1990-02-24 03:00:00+00:00,12.69,74.7,399.65,141.67,305.8,332.3,2.28,355.0,100970.0
1990-02-24 04:00:00+00:00,14.15,67.25,580.4,427.81,266.85,331.7,2.76,350.0,100920.0
1990-02-24 05:00:00+00:00,16.16,56.5,623.7,508.21,243.8,328.05,3.59,340.0,100820.0
1990-02-24 06:00:00+00:00,17.26,52.65,443.55,307.7,226.55,338.3,3.52,340.0,100660.0
1990-02-24 07:00:00+00:00,17.37,50.75,380.05,387.39,144.15,338.1,3.38,349.0,100570.0
1990-02-24 08:00:00+00:00,17.55,47.3,252.8,310.83,108.2,324.15,3.1,356.0,100550.0
1990-02-24 09:00:00+00:00,17.13,50.75,114.85,218.78,52.75,319.9,2.34,24.0,100540.0
1990-02-24 10:00:00+00:00,15.34,58.35,5.3,11.66,4.4,295.5,2.34,79.0,100580.0
1990-02-24 11:00:00+00:00,13.07,67.05,0.0,0.0,0.0,285.65,2.55,107.0,100590.0
1990-02-24 12:00:00+00:00,11.65,74.55,0.0,0.0,0.0,281.75,2.28,136.0,100640.0
1990-02-24 13:00:00+00:00,10.37,80.05,0.0,0.0,0.0,279.05,2.28,167.0,100690.0
1990-02-24 14:00:00+00:00,9.47,82.9,0.0,0.0,0.0,276.75,2.48,184.0,100710.0
1990-02-24 15:00:00+00:00,8.94,85.95,0.0,0.0,0.0,275.0,2.55,180.0,100730.0
1990-02-24 16:00:00+00:00,8.5,89.1,0.0,0.0,0.0,273.45,2.48,168.0,100720.0
1990-02-24 17:00:00+00:00,8.03,89.05,0.0,0.0,0.0,271.7,2.41,162.0,100710.0
1990-02-24 18:00:00+00:00,7.55,89.0,0.0,0.0,0.0,270.55,2.28,163.0,100700.0
1990-02-24 19:00:00+00:00,7.21,92.35,0.0,0.0,0.0,269.6,2.34,170.0,100740.0
1990-02-24 20:00:00+00:00,6.84,89.0,0.0,0.0,0.0,268.2,2.34,172.0,100690.0
1990-02-24 21:00:00+00:00,6.39,92.3,0.0,0.0,0.0,266.1,2.21,170.0,100650.0
1990-02-24 22:00:00+00:00,5.82,88.95,0.0,0.0,0.0,264.35,2.0,167.0,100670.0
1990-02-24 23:00:00+00:00,5.52,88.9,0.0,0.0,0.0,262.8,1.72,165.0,100690.0
1990-02-25 00:00:00+00:00,6.38,92.3,227.45,805.97,78.6,262.6,1.45,158.0,100750.0
1990-02-25 01:00:00+00:00,10.46,80.05,427.5,829.83,111.5,265.8,1.72,159.0,100810.0
1990-02-25 02:00:00+00:00,13.54,67.15,592.25,833.55,137.75,274.05,2.41,165.0,100830.0
1990-02-25 03:00:00+00:00,16.04,60.75,692.7,765.4,182.3,282.75,2.97,166.0,100830.0
1990-02-25 04:00:00+00:00,18.04,54.85,720.4,687.32,213.65,295.7,3.52,166.0,100790.0
1990-02-25 05:00:00+00:00,19.3,49.45,659.45,505.01,279.8,310.6,4.14,166.0,100680.0
1990-02-25 06:00:00+00:00,19.82,44.45,584.9,488.72,238.25,318.55,4.62,165.0,100580.0
1990-02-25 07:00:00+00:00,19.65,44.45,420.75,342.12,211.1,318.95,5.1,166.0,100460.0
1990-02-25 08:00:00+00:00,19.24,45.95,245.35,250.2,128.05,326.1,4.97,165.0,100440.0
1990-02-25 09:00:00+00:00,18.35,49.15,97.65,101.5,68.5,319.5,4.21,160.0,100460.0
1990-02-25 10:00:00+00:00,16.87,52.65,5.1,1.25,5.0,313.3,4.14,156.0,100490.0
1990-02-25 11:00:00+00:00,15.33,56.25,0.0,0.0,0.0,310.05,4.21,155.0,100510.0
1990-02-25 12:00:00+00:00,14.37,60.3,0.0,0.0,0.0,306.35,4.14,156.0,100570.0
1990-02-25 13:00:00+00:00,13.88,62.45,0.0,0.0,0.0,319.1,4.14,157.0,100610.0
1990-02-25 14:00:00+00:00,13.24,64.65,0.0,0.0,0.0,311.95,4.07,157.0,100650.0
1990-02-25 15:00:00+00:00,12.53,66.95,0.0,0.0,0.0,303.45,4.14,157.0,100650.0
1990-02-25 16:00:00+00:00,11.66,71.85,0.0,0.0,0.0,287.95,4.07,158.0,100640.0
1990-02-25 17:00:00+00:00,10.82,80.05,0.0,0.0,0.0,278.5,3.93,158.0,100630.0
1990-02-25 18:00:00+00:00,10.13,82.95,0.0,0.0,0.0,276.15,3.72,159.0,100620.0
1990-02-25 19:00:00+00:00,9.86,79.95,0.0,0.0,0.0,274.4,3.45,152.0,100590.0
1990-02-25 20:00:00+00:00,9.32,85.95,0.0,0.0,0.0,273.65,3.31,149.0,100540.0
1990-02-25 21:00:00+00:00,8.74,89.1,0.0,0.0,0.0,272.85,3.03,145.0,100520.0
1990-02-25 22:00:00+00:00,8.2,92.4,0.0,0.0,0.0,271.7,2.83,143.0,100590.0
1990-02-25 23:00:00+00:00,7.69,92.35,0.0,0.0,0.0,270.95,2.62,144.0,100610.0
1990-02-26 00:00:00+00:00,8.13,92.4,220.8,724.04,84.05,270.15,2.28,144.0,100700.0
1990-02-26 01:00:00+00:00,10.76,80.05,417.0,775.72,118.25,274.5,2.76,148.0,100770.0
1990-02-26 02:00:00+00:00,13.11,67.05,582.1,799.22,142.8,280.6,3.17,152.0,100780.0
1990-02-26 03:00:00+00:00,15.16,60.5,678.95,766.55,164.4,287.0,3.24,153.0,100770.0
1990-02-26 04:00:00+00:00,16.76,54.6,693.9,687.94,183.7,295.3,3.31,151.0,100720.0
1990-02-26 05:00:00+00:00,17.89,50.85,629.8,457.61,283.85,307.3,3.31,147.0,100630.0
1990-02-26 06:00:00+00:00,18.56,44.2,564.9,436.6,253.45,318.75,3.45,149.0,100540.0
1990-02-26 07:00:00+00:00,19.07,42.7,464.35,472.16,173.2,322.2,3.52,151.0,100470.0
1990-02-26 08:00:00+00:00,19.11,42.7,244.75,207.03,146.95,317.95,3.45,148.0,100420.0
1990-02-26 09:00:00+00:00,18.56,45.85,82.95,38.04,71.9,331.5,2.76,141.0,100440.0
1990-02-26 10:00:00+00:00,17.09,52.65,4.9,2.4,4.7,329.95,2.28,138.0,100470.0
1990-02-26 11:00:00+00:00,15.31,58.35,0.0,0.0,0.0,324.55,2.55,130.0,100510.0
1990-02-26 12:00:00+00:00,14.14,62.55,0.0,0.0,0.0,319.9,2.48,134.0,100570.0
1990-02-26 13:00:00+00:00,13.2,67.05,0.0,0.0,0.0,314.65,2.55,134.0,100640.0
1990-02-26 14:00:00+00:00,12.43,69.45,0.0,0.0,0.0,309.25,2.48,136.0,100680.0
1990-02-26 15:00:00+00:00,11.64,74.55,0.0,0.0,0.0,302.1,2.34,130.0,100710.0
1990-02-26 16:00:00+00:00,10.72,80.05,0.0,0.0,0.0,293.0,2.34,131.0,100740.0
1990-02-26 17:00:00+00:00,9.93,82.95,0.0,0.0,0.0,289.1,2.28,124.0,100740.0
1990-02-26 18:00:00+00:00,9.11,85.95,0.0,0.0,0.0,283.7,2.21,112.0,100700.0
1990-02-26 19:00:00+00:00,8.78,85.9,0.0,0.0,0.0,288.55,2.28,101.0,100630.0
1990-02-26 20:00:00+00:00,8.54,85.9,0.0,0.0,0.0,294.35,2.07,99.0,100550.0
1990-02-26 21:00:00+00:00,8.43,82.75,0.0,0.0,0.0,305.2,1.86,97.0,100580.0
1990-02-26 22:00:00+00:00,8.42,82.75,0.0,0.0,0.0,312.55,1.79,84.0,100620.0
1990-02-26 23:00:00+00:00,8.86,79.85,0.0,0.0,0.0,334.4,1.52,65.0,100680.0
1990-02-27 00:00:00+00:00,9.69,77.0,61.0,0.0,61.0,347.95,1.45,44.0,100760.0
1990-02-27 01:00:00+00:00,10.92,69.15,74.85,0.0,74.85,348.25,1.66,38.0,100850.0
1990-02-27 02:00:00+00:00,11.37,66.75,141.85,8.03,137.4,350.65,1.93,32.0,100890.0
1990-02-27 03:00:00+00:00,12.09,64.45,169.65,15.61,159.1,351.85,2.41,34.0,100910.0
1990-02-27 04:00:00+00:00,12.6,62.2,227.0,17.69,213.8,348.35,2.41,39.0,100890.0
1990-02-27 05:00:00+00:00,13.22,62.3,212.25,9.21,205.25,348.75,2.41,44.0,100830.0
1990-02-27 06:00:00+00:00,13.14,64.65,265.15,76.74,210.1,346.0,2.34,44.0,100740.0
1990-02-27 07:00:00+00:00,13.6,67.15,257.25,132.81,174.85,344.5,2.21,60.0,100700.0
1990-02-27 08:00:00+00:00,13.83,69.65,50.05,2.42,48.9,345.25,2.07,64.0,100670.0
1990-02-27 09:00:00+00:00,13.06,77.5,43.0,26.55,35.2,354.95,1.45,57.0,100680.0
1990-02-27 10:00:00+00:00,12.66,80.3,1.85,1.16,1.75,349.7,1.86,48.0,100690.0
1990-02-27 11:00:00+00:00,11.7,86.15,0.0,0.0,0.0,343.5,2.21,43.0,100700.0
1990-02-27 12:00:00+00:00,11.36,86.1,0.0,0.0,0.0,348.95,2.55,53.0,100770.0
1990-02-27 13:00:00+00:00,11.16,83.05,0.0,0.0,0.0,348.95,2.76,58.0,100800.0
1990-02-27 14:00:00+00:00,10.91,86.1,0.0,0.0,0.0,349.3,2.48,51.0,100830.0
1990-02-27 15:00:00+00:00,10.57,89.25,0.0,0.0,0.0,350.3,2.28,41.0,100810.0
1990-02-27 16:00:00+00:00,10.39,89.25,0.0,0.0,0.0,351.85,2.28,43.0,100750.0
1990-02-27 17:00:00+00:00,10.28,92.5,0.0,0.0,0.0,351.85,2.34,48.0,100700.0
1990-02-27 18:00:00+00:00,10.18,92.5,0.0,0.0,0.0,352.4,2.28,45.0,100650.0
1990-02-27 19:00:00+00:00,9.58,89.15,0.0,0.0,0.0,348.35,2.0,27.0,100650.0
1990-02-27 20:00:00+00:00,9.43,89.15,0.0,0.0,0.0,349.3,2.07,25.0,100570.0
1990-02-27 21:00:00+00:00,9.32,95.85,0.0,0.0,0.0,347.95,2.14,25.0,100540.0
1990-02-27 22:00:00+00:00,9.32,95.85,0.0,0.0,0.0,350.3,2.21,31.0,100560.0
1990-02-27 23:00:00+00:00,9.28,95.85,0.0,0.0,0.0,350.1,2.21,31.0,100560.0
1990-02-28 00:00:00+00:00,9.35,89.15,18.75,0.25,18.7,350.3,2.14,29.0,100600.0
1990-02-28 01:00:00+00:00,9.41,92.45,37.7,0.0,37.7,350.95,2.07,25.0,100640.0
1990-02-28 02:00:00+00:00,9.56,92.45,55.75,0.0,55.75,351.65,2.07,18.0,100650.0
1990-02-28 03:00:00+00:00,9.77,92.45,49.4,0.29,49.2,352.4,2.69,29.0,100630.0
1990-02-28 04:00:00+00:00,9.77,95.85,50.9,0.0,50.9,354.75,2.76,25.0,100600.0
1990-02-28 05:00:00+00:00,9.7,95.85,39.3,0.0,39.3,354.35,2.97,23.0,100560.0
1990-02-28 06:00:00+00:00,9.45,95.85,58.45,0.0,58.45,354.55,2.97,15.0,100490.0
1990-02-28 07:00:00+00:00,9.59,92.45,76.15,15.94,66.2,354.15,3.1,16.0,100450.0
1990-02-28 08:00:00+00:00,9.53,89.15,35.0,0.52,34.75,353.4,3.45,16.0,100440.0
1990-02-28 09:00:00+00:00,9.14,92.45,7.2,0.0,7.2,353.4,3.38,13.0,100470.0
1990-02-28 10:00:00+00:00,8.7,92.4,0.8,0.0,0.8,352.2,3.1,6.0,100530.0
1990-02-28 11:00:00+00:00,8.29,95.8,0.0,0.0,0.0,349.7,3.03,2.0,100560.0
1990-02-28 12:00:00+00:00,8.1,95.8,0.0,0.0,0.0,348.55,2.97,358.0,100630.0
1990-02-28 13:00:00+00:00,7.91,95.8,0.0,0.0,0.0,347.95,2.83,350.0,100680.0
1990-02-28 14:00:00+00:00,7.83,95.8,0.0,0.0,0.0,347.0,2.97,344.0,100740.0
1990-02-28 15:00:00+00:00,7.83,95.8,0.0,0.0,0.0,346.6,2.76,343.0,100740.0
1990-02-28 16:00:00+00:00,7.08,96.82,0.0,0.0,0.0,344.98,2.75,344.0,100700.0
1990-02-28 17:00:00+00:00,7.14,95.8,0.0,0.0,0.0,343.62,2.69,342.0,100690.0
1990-02-28 18:00:00+00:00,7.2,94.78,0.0,0.0,0.0,342.26,2.63,340.0,100650.0
1990-02-28 19:00:00+00:00,7.26,93.76,0.0,0.0,0.0,340.9,2.57,350.0,100670.0
1990-02-28 20:00:00+00:00,7.32,92.74,0.0,0.0,0.0,339.54,2.51,352.0,100630.0
1990-02-28 21:00:00+00:00,7.38,91.72,0.0,0.0,0.0,338.18,2.44,354.0,100630.0
1990-02-28 22:00:00+00:00,7.44,90.7,0.0,0.0,0.0,336.82,2.38,355.0,100650.0
1990-02-28 23:00:00+00:00,7.5,89.68,0.0,0.0,0.0,335.46,2.32,357.0,100710.0
1990-03-01 00:00:00+00:00,7.56,88.66,75.5,77.33,59.9,334.1,2.26,46.0,101050.0
1990-03-01 01:00:00+00:00,7.62,87.64,102.05,77.7,71.1,332.74,2.2,31.0,101100.0
1990-03-01 02:00:00+00:00,7.68,86.62,130.0,41.38,106.7,331.38,2.14,21.0,101140.0
1990-03-01 03:00:00+00:00,7.74,85.6,106.05,3.36,103.75,330.02,2.08,16.0,101120.0
1990-03-01 04:00:00+00:00,7.8,84.58,118.65,13.65,108.35,328.66,2.02,10.0,101090.0
1990-03-01 05:00:00+00:00,7.86,83.56,198.4,68.69,145.6,327.3,1.96,14.0,101010.0
1990-03-01 06:00:00+00:00,7.92,82.54,122.7,27.36,102.85,325.94,1.9,33.0,100930.0
1990-03-01 07:00:00+00:00,7.98,81.52,168.75,99.85,106.05,324.58,1.84,41.0,100850.0
1990-03-01 08:00:00+00:00,9.04,74.15,76.15,30.75,61.3,336.15,3.31,46.0,100830.0
1990-03-01 09:00:00+00:00,8.68,79.75,28.95,8.82,26.3,331.3,2.76,45.0,100840.0
1990-03-01 10:00:00+00:00,8.16,82.7,2.8,1.08,2.7,327.65,2.41,42.0,100860.0
1990-03-01 11:00:00+00:00,7.72,85.8,0.0,0.0,0.0,333.25,2.21,38.0,100910.0
1990-03-01 12:00:00+00:00,7.24,89.0,0.0,0.0,0.0,324.95,2.0,31.0,100960.0
1990-03-01 13:00:00+00:00,6.92,85.75,0.0,0.0,0.0,324.75,2.0,27.0,100980.0
1990-03-01 14:00:00+00:00,6.73,88.95,0.0,0.0,0.0,326.5,1.93,19.0,101000.0
1990-03-01 15:00:00+00:00,6.68,92.3,0.0,0.0,0.0,333.45,1.86,12.0,100990.0
1990-03-01 16:00:00+00:00,6.6,92.3,0.0,0.0,0.0,336.75,2.0,10.0,100950.0
1990-03-01 17:00:00+00:00,6.48,92.3,0.0,0.0,0.0,334.4,2.28,10.0,100890.0
1990-03-01 18:00:00+00:00,6.28,92.3,0.0,0.0,0.0,326.5,2.34,10.0,100840.0
1990-03-01 19:00:00+00:00,6.22,95.75,0.0,0.0,0.0,331.1,2.28,5.0,100740.0
1990-03-01 20:00:00+00:00,6.05,95.75,0.0,0.0,0.0,324.75,2.34,358.0,100690.0
1990-03-01 21:00:00+00:00,6.09,95.75,0.0,0.0,0.0,332.3,2.55,359.0,100680.0
1990-03-01 22:00:00+00:00,6.11,95.75,0.0,0.0,0.0,333.25,2.69,2.0,100710.0
1990-03-01 23:00:00+00:00,6.07,95.75,0.0,0.0,0.0,331.1,2.76,5.0,100740.0
1990-03-02 00:00:00+00:00,6.22,95.75,67.85,15.77,64.6,329.4,2.76,6.0,100820.0
1990-03-02 01:00:00+00:00,6.63,92.3,171.15,89.25,135.2,324.45,3.24,7.0,100890.0
1990-03-02 02:00:00+00:00,7.41,79.65,165.3,43.79,140.45,322.05,3.86,18.0,100900.0
1990-03-02 03:00:00+00:00,7.74,76.7,266.45,63.86,222.45,329.4,3.86,18.0,100870.0
1990-03-02 04:00:00+00:00,8.4,71.35,243.2,54.02,202.2,330.55,3.66,13.0,100810.0
1990-03-02 05:00:00+00:00,8.7,71.35,220.35,16.37,207.7,336.75,3.59,9.0,100740.0
1990-03-02 06:00:00+00:00,8.88,68.8,166.5,9.87,159.3,336.75,3.59,7.0,100670.0
1990-03-02 07:00:00+00:00,8.6,71.35,161.85,19.47,149.55,334.2,3.24,8.0,100620.0
1990-03-02 08:00:00+00:00,8.74,71.35,113.95,15.62,106.35,329.0,3.17,11.0,100610.0
1990-03-02 09:00:00+00:00,8.64,71.35,61.05,22.73,54.15,334.8,2.83,15.0,100640.0
1990-03-02 10:00:00+00:00,8.11,76.8,6.35,4.19,5.95,316.4,2.07,12.0,100660.0
1990-03-02 11:00:00+00:00,7.03,79.55,0.0,0.0,0.0,297.65,2.0,2.0,100720.0
1990-03-02 12:00:00+00:00,6.5,82.55,0.0,0.0,0.0,305.2,1.79,1.0,100800.0
1990-03-02 13:00:00+00:00,5.85,85.65,0.0,0.0,0.0,295.9,1.66,0.0,100860.0
1990-03-02 14:00:00+00:00,5.08,92.25,0.0,0.0,0.0,287.0,1.72,357.0,100860.0
1990-03-02 15:00:00+00:00,4.24,92.25,0.0,0.0,0.0,276.15,1.86,359.0,100830.0
1990-03-02 16:00:00+00:00,3.36,92.15,0.0,0.0,0.0,263.6,1.79,2.0,100790.0
1990-03-02 17:00:00+00:00,2.7,95.7,0.0,0.0,0.0,263.6,1.38,11.0,100760.0
1990-03-02 18:00:00+00:00,3.04,95.7,0.0,0.0,0.0,251.75,0.97,19.0,100730.0
1990-03-02 19:00:00+00:00,3.1,95.7,0.0,0.0,0.0,254.1,0.41,350.0,100690.0
1990-03-02 20:00:00+00:00,2.83,95.7,0.0,0.0,0.0,256.6,0.28,221.0,100620.0
1990-03-02 21:00:00+00:00,1.37,99.4,0.0,0.0,0.0,260.1,0.83,206.0,100590.0
1990-03-02 22:00:00+00:00,0.03,99.4,0.0,0.0,0.0,271.1,0.83,194.0,100580.0
1990-03-02 23:00:00+00:00,-0.38,99.4,0.0,0.0,0.0,277.9,0.9,184.0,100630.0
1990-03-03 00:00:00+00:00,1.21,95.65,167.55,286.68,107.2,281.95,0.69,174.0,100690.0
1990-03-03 01:00:00+00:00,3.9,95.75,363.2,411.38,195.65,287.3,0.69,165.0,100720.0
1990-03-03 02:00:00+00:00,7.18,82.6,596.65,764.23,159.5,292.05,0.9,164.0,100720.0
1990-03-03 03:00:00+00:00,10.13,69.0,723.95,820.44,155.0,275.95,1.1,182.0,100650.0
1990-03-03 04:00:00+00:00,12.19,59.85,770.8,791.62,166.5,271.3,1.1,194.0,100570.0
1990-03-03 05:00:00+00:00,13.65,53.85,727.55,709.56,176.25,278.5,1.1,211.0,100470.0
1990-03-03 06:00:00+00:00,14.83,48.55,434.5,246.69,253.6,292.8,1.03,247.0,100360.0
1990-03-03 07:00:00+00:00,14.65,46.6,339.2,231.75,191.95,342.15,1.31,319.0,100290.0
1990-03-03 08:00:00+00:00,14.64,48.4,297.75,362.33,120.25,321.45,1.45,17.0,100220.0
1990-03-03 09:00:00+00:00,14.49,48.4,134.35,235.74,62.05,296.85,1.24,41.0,100270.0
1990-03-03 10:00:00+00:00,13.45,53.85,8.55,18.31,6.75,278.3,1.31,90.0,100300.0
1990-03-03 11:00:00+00:00,11.4,62.0,0.0,0.0,0.0,283.5,2.21,122.0,100370.0
1990-03-03 12:00:00+00:00,9.46,68.9,0.0,0.0,0.0,274.05,2.76,150.0,100420.0
1990-03-03 13:00:00+00:00,8.73,74.05,0.0,0.0,0.0,277.1,3.1,168.0,100470.0
1990-03-03 14:00:00+00:00,8.35,74.05,0.0,0.0,0.0,271.3,3.31,179.0,100500.0
1990-03-03 15:00:00+00:00,8.03,79.7,0.0,0.0,0.0,270.55,3.38,182.0,100510.0
1990-03-03 16:00:00+00:00,7.66,82.65,0.0,0.0,0.0,269.4,3.31,180.0,100470.0
1990-03-03 17:00:00+00:00,7.28,82.65,0.0,0.0,0.0,268.2,3.24,176.0,100480.0
1990-03-03 18:00:00+00:00,6.89,89.0,0.0,0.0,0.0,267.05,3.1,171.0,100470.0
1990-03-03 19:00:00+00:00,6.09,92.3,0.0,0.0,0.0,264.35,2.69,165.0,100460.0
1990-03-03 20:00:00+00:00,5.76,92.3,0.0,0.0,0.0,264.75,2.69,163.0,100430.0
1990-03-03 21:00:00+00:00,5.4,92.25,0.0,0.0,0.0,263.0,2.62,159.0,100410.0
1990-03-03 22:00:00+00:00,5.05,95.75,0.0,0.0,0.0,261.45,2.62,155.0,100400.0
1990-03-03 23:00:00+00:00,4.72,92.25,0.0,0.0,0.0,262.6,2.48,164.0,100440.0
1990-03-04 00:00:00+00:00,5.62,95.75,241.3,698.7,91.1,264.35,2.21,162.0,100560.0
1990-03-04 01:00:00+00:00,8.59,82.75,442.05,758.48,129.7,266.2,2.76,154.0,100610.0
1990-03-04 02:00:00+00:00,11.48,71.85,577.3,684.09,182.9,273.85,3.45,154.0,100630.0
1990-03-04 03:00:00+00:00,13.7,64.75,638.65,530.22,268.6,288.95,4.07,154.0,100580.0
1990-03-04 04:00:00+00:00,15.08,58.35,534.75,243.52,347.8,300.95,4.62,160.0,100540.0
1990-03-04 05:00:00+00:00,15.43,56.25,396.6,77.9,335.75,322.2,4.76,163.0,100510.0
1990-03-04 06:00:00+00:00,15.23,54.25,297.3,54.66,257.0,333.65,4.55,153.0,100410.0
1990-03-04 07:00:00+00:00,14.75,56.15,218.7,21.83,204.75,334.8,4.41,152.0,100320.0
1990-03-04 08:00:00+00:00,14.5,56.15,157.9,32.64,141.8,332.5,3.72,143.0,100250.0
1990-03-04 09:00:00+00:00,14.3,58.1,46.9,0.0,46.9,331.7,2.62,141.0,100250.0
1990-03-04 10:00:00+00:00,13.3,64.65,3.35,0.0,3.35,335.2,2.07,152.0,100330.0
1990-03-04 11:00:00+00:00,12.31,66.95,0.0,0.0,0.0,337.7,2.07,150.0,100380.0
1990-03-04 12:00:00+00:00,11.59,71.85,0.0,0.0,0.0,339.05,1.93,143.0,100450.0
1990-03-04 13:00:00+00:00,10.82,74.45,0.0,0.0,0.0,338.5,1.79,130.0,100510.0
1990-03-04 14:00:00+00:00,9.89,86.0,0.0,0.0,0.0,340.0,1.66,122.0,100520.0
1990-03-04 15:00:00+00:00,9.63,89.15,0.0,0.0,0.0,341.75,1.66,124.0,100530.0
1990-03-04 16:00:00+00:00,9.31,89.15,0.0,0.0,0.0,342.55,1.38,101.0,100490.0
1990-03-04 17:00:00+00:00,9.05,92.45,0.0,0.0,0.0,340.2,1.38,43.0,100450.0
1990-03-04 18:00:00+00:00,8.77,89.1,0.0,0.0,0.0,335.75,1.79,10.0,100460.0
1990-03-04 19:00:00+00:00,8.68,92.4,0.0,0.0,0.0,336.95,2.07,344.0,100330.0
1990-03-04 20:00:00+00:00,8.68,92.4,0.0,0.0,0.0,337.7,2.34,346.0,100330.0
1990-03-04 21:00:00+00:00,8.56,92.4,0.0,0.0,0.0,334.0,2.41,343.0,100320.0
1990-03-04 22:00:00+00:00,8.49,92.4,0.0,0.0,0.0,336.35,2.55,336.0,100360.0
1990-03-04 23:00:00+00:00,8.42,89.1,0.0,0.0,0.0,333.85,2.69,328.0,100430.0
1990-03-05 00:00:00+00:00,8.76,89.1,64.8,4.56,63.8,336.95,2.76,321.0,100520.0
1990-03-05 01:00:00+00:00,9.5,85.95,111.4,9.25,107.55,338.0,2.76,315.0,100620.0
1990-03-05 02:00:00+00:00,10.35,80.05,247.75,29.34,230.7,339.85,2.9,311.0,100660.0
1990-03-05 03:00:00+00:00,11.87,69.35,343.15,97.24,274.85,343.1,3.38,313.0,100660.0
1990-03-05 04:00:00+00:00,13.17,62.3,424.4,117.94,333.35,344.85,3.45,320.0,100640.0
1990-03-05 05:00:00+00:00,14.2,58.1,519.95,356.08,240.35,340.2,3.45,339.0,100600.0
1990-03-05 06:00:00+00:00,15.21,52.25,616.45,565.64,197.25,335.95,3.72,1.0,100540.0
1990-03-05 07:00:00+00:00,16.47,48.8,474.95,482.04,165.15,316.05,3.03,335.0,100440.0
1990-03-05 08:00:00+00:00,16.58,48.8,320.05,397.16,122.8,305.2,2.76,330.0,100440.0
1990-03-05 09:00:00+00:00,16.29,50.5,132.75,219.19,64.15,299.95,2.48,318.0,100450.0
1990-03-05 10:00:00+00:00,14.89,54.25,10.1,21.6,7.85,294.75,2.07,308.0,100480.0
1990-03-05 11:00:00+00:00,12.91,60.05,0.0,0.0,0.0,283.5,2.34,303.0,100560.0
1990-03-05 12:00:00+00:00,11.32,64.35,0.0,0.0,0.0,287.75,2.14,301.0,100630.0
1990-03-05 13:00:00+00:00,9.89,74.3,0.0,0.0,0.0,291.05,1.72,296.0,100700.0
1990-03-05 14:00:00+00:00,8.82,79.85,0.0,0.0,0.0,296.3,1.38,287.0,100750.0
1990-03-05 15:00:00+00:00,8.54,79.75,0.0,0.0,0.0,295.7,1.1,295.0,100760.0
1990-03-05 16:00:00+00:00,8.51,79.75,0.0,0.0,0.0,308.85,0.9,325.0,100780.0
1990-03-05 17:00:00+00:00,7.87,82.7,0.0,0.0,0.0,300.15,0.83,1.0,100840.0
1990-03-05 18:00:00+00:00,6.94,85.75,0.0,0.0,0.0,297.65,1.03,9.0,100890.0
1990-03-05 19:00:00+00:00,7.21,89.0,0.0,0.0,0.0,306.75,1.1,1.0,100920.0
1990-03-05 20:00:00+00:00,5.83,88.9,0.0,0.0,0.0,289.1,1.72,349.0,100870.0
1990-03-05 21:00:00+00:00,5.3,92.25,0.0,0.0,0.0,280.4,2.0,345.0,100880.0
1990-03-05 22:00:00+00:00,4.97,92.25,0.0,0.0,0.0,280.6,2.0,341.0,100900.0
1990-03-05 23:00:00+00:00,4.54,92.25,35.65,0.0,35.65,272.5,2.07,335.0,100970.0
1990-03-06 00:00:00+00:00,5.77,92.3,253.65,732.4,89.6,271.5,1.52,326.0,101060.0
1990-03-06 01:00:00+00:00,10.5,77.15,456.35,799.43,119.85,275.1,1.52,329.0,101170.0
1990-03-06 02:00:00+00:00,13.23,69.55,627.35,832.72,139.7,278.3,1.59,345.0,101220.0
1990-03-06 03:00:00+00:00,15.29,60.5,726.55,789.03,168.85,285.45,1.66,11.0,101230.0
1990-03-06 04:00:00+00:00,16.73,54.45,659.95,461.16,301.95,293.0,2.21,35.0,101190.0
1990-03-06 05:00:00+00:00,17.33,48.9,546.25,331.75,284.4,315.85,2.48,41.0,101140.0
1990-03-06 06:00:00+00:00,17.51,45.55,384.9,136.85,282.95,325.5,2.48,44.0,101050.0
1990-03-06 07:00:00+00:00,17.46,43.9,341.45,180.34,224.9,339.45,2.28,54.0,101000.0
1990-03-06 08:00:00+00:00,17.44,43.9,232.65,200.5,132.4,343.9,2.21,57.0,100960.0
1990-03-06 09:00:00+00:00,17.04,47.15,73.4,90.17,44.9,335.2,1.86,55.0,100990.0
1990-03-06 10:00:00+00:00,15.73,54.25,9.45,11.21,8.25,334.4,1.93,44.0,101010.0
1990-03-06 11:00:00+00:00,13.72,58.0,0.0,0.0,0.0,305.0,2.34,46.0,101070.0
1990-03-06 12:00:00+00:00,12.33,59.95,0.0,0.0,0.0,307.7,2.34,53.0,101170.0
1990-03-06 13:00:00+00:00,11.08,64.25,0.0,0.0,0.0,294.15,2.48,61.0,101290.0
1990-03-06 14:00:00+00:00,10.02,66.45,0.0,0.0,0.0,284.85,2.48,69.0,101350.0
1990-03-06 15:00:00+00:00,9.15,68.8,0.0,0.0,0.0,278.65,2.55,73.0,101390.0
1990-03-06 16:00:00+00:00,8.4,68.7,0.0,0.0,0.0,277.1,2.41,71.0,101400.0
1990-03-06 17:00:00+00:00,7.65,71.15,0.0,0.0,0.0,275.75,2.28,64.0,101430.0
1990-03-06 18:00:00+00:00,6.71,70.95,0.0,0.0,0.0,266.5,2.28,52.0,101460.0
1990-03-06 19:00:00+00:00,6.05,70.85,0.0,0.0,0.0,266.65,2.07,51.0,101440.0
1990-03-06 20:00:00+00:00,5.32,70.8,0.0,0.0,0.0,265.5,2.14,42.0,101430.0
1990-03-06 21:00:00+00:00,4.59,68.0,0.0,0.0,0.0,259.1,2.28,33.0,101450.0
1990-03-06 22:00:00+00:00,4.12,65.3,0.0,0.0,0.0,263.4,2.21,25.0,101540.0
1990-03-06 23:00:00+00:00,3.94,67.9,36.55,0.0,36.55,271.1,2.21,15.0,101650.0
1990-03-07 00:00:00+00:00,4.94,68.0,229.75,488.52,118.1,264.35,1.93,13.0,101750.0
1990-03-07 01:00:00+00:00,7.52,48.4,462.85,796.34,124.0,269.1,2.48,24.0,101860.0
1990-03-07 02:00:00+00:00,8.88,45.15,645.4,861.13,137.2,250.4,2.41,38.0,101850.0
1990-03-07 03:00:00+00:00,10.3,42.15,753.1,828.04,164.15,253.7,2.21,48.0,101810.0
1990-03-07 04:00:00+00:00,11.54,40.8,807.2,828.94,160.15,260.1,2.21,52.0,101750.0
1990-03-07 05:00:00+00:00,12.55,38.0,782.15,778.2,164.75,265.9,2.34,51.0,101640.0
1990-03-07 06:00:00+00:00,13.19,36.7,614.9,490.8,247.4,269.4,2.41,48.0,101500.0
1990-03-07 07:00:00+00:00,13.56,35.45,510.8,496.04,188.45,289.7,2.55,58.0,101370.0
1990-03-07 08:00:00+00:00,13.49,34.1,340.0,430.66,123.25,278.85,2.48,57.0,101260.0
1990-03-07 09:00:00+00:00,13.12,33.95,129.35,185.19,70.25,276.75,2.28,60.0,101300.0
1990-03-07 10:00:00+00:00,11.87,40.95,9.8,5.01,9.25,279.45,1.86,64.0,101270.0
1990-03-07 11:00:00+00:00,10.23,47.2,0.0,0.0,0.0,286.8,2.28,73.0,101290.0
1990-03-07 12:00:00+00:00,9.09,50.7,0.0,0.0,0.0,286.6,2.34,81.0,101340.0
1990-03-07 13:00:00+00:00,8.59,50.6,0.0,0.0,0.0,303.05,2.41,89.0,101430.0
1990-03-07 14:00:00+00:00,7.59,52.35,0.0,0.0,0.0,280.8,2.48,93.0,101430.0
1990-03-07 15:00:00+00:00,7.16,54.3,0.0,0.0,0.0,293.2,2.28,90.0,101400.0
1990-03-07 16:00:00+00:00,5.8,58.45,0.0,0.0,0.0,253.5,2.0,85.0,101340.0
1990-03-07 17:00:00+00:00,4.5,68.0,0.0,0.0,0.0,250.8,1.59,79.0,101300.0
1990-03-07 18:00:00+00:00,4.05,70.6,0.0,0.0,0.0,251.4,1.31,65.0,101270.0
1990-03-07 19:00:00+00:00,4.59,65.4,0.0,0.0,0.0,260.65,1.24,64.0,101140.0
1990-03-07 20:00:00+00:00,4.6,65.4,0.0,0.0,0.0,257.75,1.1,53.0,101090.0
1990-03-07 21:00:00+00:00,3.3,73.3,0.0,0.0,0.0,260.65,1.38,32.0,101070.0
1990-03-07 22:00:00+00:00,2.04,85.3,0.0,0.0,0.0,263.75,1.66,20.0,101070.0
1990-03-07 23:00:00+00:00,1.67,88.6,41.95,0.0,41.95,261.85,1.66,20.0,101090.0
1990-03-08 00:00:00+00:00,3.51,82.25,265.75,731.78,95.15,255.45,0.9,13.0,101120.0
1990-03-08 01:00:00+00:00,6.88,63.35,461.6,744.11,141.55,253.05,0.83,10.0,101220.0
1990-03-08 02:00:00+00:00,9.0,54.8,596.3,656.37,205.95,265.1,0.62,12.0,101190.0
1990-03-08 03:00:00+00:00,10.56,49.2,726.6,709.59,218.75,276.55,0.55,22.0,101150.0
1990-03-08 04:00:00+00:00,11.95,44.2,799.45,794.63,175.8,279.85,0.48,49.0,101070.0
1990-03-08 05:00:00+00:00,13.01,41.2,758.95,685.53,212.3,276.75,0.55,92.0,100970.0
1990-03-08 06:00:00+00:00,13.7,39.8,401.05,225.56,231.3,283.1,0.55,118.0,100870.0
1990-03-08 07:00:00+00:00,12.99,39.65,264.25,124.28,183.05,327.85,0.48,148.0,100750.0
1990-03-08 08:00:00+00:00,12.82,38.15,180.5,93.08,133.35,324.95,0.48,138.0,100700.0
1990-03-08 09:00:00+00:00,12.65,39.5,82.7,29.49,73.2,316.6,0.48,143.0,100700.0
1990-03-08 10:00:00+00:00,12.14,45.95,6.5,2.66,6.2,318.75,0.21,219.0,100710.0
1990-03-08 11:00:00+00:00,11.33,53.35,0.0,0.0,0.0,322.6,0.41,267.0,100760.0
1990-03-08 12:00:00+00:00,10.69,53.1,0.0,0.0,0.0,315.25,0.55,263.0,100790.0
1990-03-08 13:00:00+00:00,9.47,59.25,0.0,0.0,0.0,295.3,0.97,237.0,100830.0
1990-03-08 14:00:00+00:00,7.82,68.6,0.0,0.0,0.0,288.15,1.31,230.0,100870.0
1990-03-08 15:00:00+00:00,6.93,71.05,0.0,0.0,0.0,280.8,1.45,246.0,100860.0
1990-03-08 16:00:00+00:00,6.82,71.05,0.0,0.0,0.0,277.9,1.24,267.0,100840.0
1990-03-08 17:00:00+00:00,7.12,71.05,0.0,0.0,0.0,282.75,0.97,274.0,100800.0
1990-03-08 18:00:00+00:00,6.64,76.55,0.0,0.0,0.0,274.8,0.83,282.0,100760.0
1990-03-08 19:00:00+00:00,5.79,79.4,0.0,0.0,0.0,261.25,0.34,302.0,100700.0
1990-03-08 20:00:00+00:00,5.29,82.4,0.0,0.0,0.0,259.5,0.28,225.0,100660.0
1990-03-08 21:00:00+00:00,4.82,85.55,0.0,0.0,0.0,257.75,0.34,214.0,100650.0
1990-03-08 22:00:00+00:00,4.41,85.55,0.0,0.0,0.0,257.0,0.62,210.0,100680.0
1990-03-08 23:00:00+00:00,3.39,88.75,43.45,0.0,43.45,256.2,1.03,222.0,100740.0
1990-03-09 00:00:00+00:00,4.94,88.85,245.55,525.35,120.65,260.5,0.48,188.0,100770.0
1990-03-09 01:00:00+00:00,8.49,71.35,381.55,360.34,224.9,275.1,0.28,197.0,100810.0
1990-03-09 02:00:00+00:00,11.1,59.6,494.3,337.92,291.8,288.15,0.41,210.0,100810.0
1990-03-09 03:00:00+00:00,12.83,51.75,579.9,296.76,366.2,298.2,0.48,242.0,100740.0
1990-03-09 04:00:00+00:00,14.19,48.25,691.2,490.77,303.95,307.5,0.83,297.0,100690.0
1990-03-09 05:00:00+00:00,15.43,48.55,662.65,464.55,290.35,305.95,1.17,301.0,100590.0
1990-03-09 06:00:00+00:00,16.23,48.65,605.3,442.14,270.9,304.8,1.03,299.0,100500.0
1990-03-09 07:00:00+00:00,16.77,45.3,439.9,356.17,205.95,308.5,1.03,321.0,100350.0
1990-03-09 08:00:00+00:00,16.87,43.8,273.25,194.39,174.15,309.65,0.69,330.0,100350.0
1990-03-09 09:00:00+00:00,16.6,45.3,103.85,46.44,88.75,314.85,0.14,36.0,100340.0
1990-03-09 10:00:00+00:00,15.68,52.25,10.3,8.22,9.35,314.85,1.31,149.0,100350.0
1990-03-09 11:00:00+00:00,13.49,58.0,0.0,0.0,0.0,303.65,2.55,168.0,100390.0
1990-03-09 12:00:00+00:00,11.67,64.35,0.0,0.0,0.0,296.1,2.55,178.0,100450.0
1990-03-09 13:00:00+00:00,10.76,66.55,0.0,0.0,0.0,296.85,2.55,180.0,100510.0
1990-03-09 14:00:00+00:00,9.95,69.0,0.0,0.0,0.0,291.45,2.48,176.0,100550.0
1990-03-09 15:00:00+00:00,8.96,74.15,0.0,0.0,0.0,280.6,2.41,172.0,100600.0
1990-03-09 16:00:00+00:00,7.99,76.8,0.0,0.0,0.0,274.2,2.28,167.0,100600.0
1990-03-09 17:00:00+00:00,7.08,82.6,0.0,0.0,0.0,272.5,2.14,167.0,100600.0
1990-03-09 18:00:00+00:00,6.13,88.9,0.0,0.0,0.0,272.5,1.93,172.0,100620.0
1990-03-09 19:00:00+00:00,5.76,85.65,0.0,0.0,0.0,265.7,1.24,175.0,100660.0
1990-03-09 20:00:00+00:00,5.88,85.65,0.0,0.0,0.0,264.15,0.9,155.0,100610.0
1990-03-09 21:00:00+00:00,5.93,85.65,0.0,0.0,0.0,262.4,0.62,128.0,100610.0
1990-03-09 22:00:00+00:00,5.94,85.65,0.0,0.0,0.0,261.25,0.41,126.0,100660.0
1990-03-09 23:00:00+00:00,5.86,85.65,42.35,0.0,42.35,260.1,0.34,174.0,100690.0
1990-03-10 00:00:00+00:00,6.6,85.7,283.65,789.67,92.25,261.45,0.34,189.0,100750.0
1990-03-10 01:00:00+00:00,10.05,74.3,487.45,827.8,123.75,265.45,0.55,199.0,100830.0
1990-03-10 02:00:00+00:00,13.3,62.45,658.85,853.0,143.8,272.5,0.97,186.0,100850.0
1990-03-10 03:00:00+00:00,15.95,56.35,776.4,862.15,151.75,280.8,1.52,168.0,100830.0
1990-03-10 04:00:00+00:00,17.99,47.4,825.65,845.4,155.0,287.2,2.21,167.0,100760.0
1990-03-10 05:00:00+00:00,19.34,42.7,804.0,811.64,150.3,292.4,2.62,171.0,100650.0
1990-03-10 06:00:00+00:00,20.11,37.1,709.0,744.63,143.05,295.9,2.69,173.0,100550.0
1990-03-10 07:00:00+00:00,20.18,35.75,536.2,619.71,127.0,297.65,2.55,165.0,100430.0
1990-03-10 08:00:00+00:00,20.04,34.45,354.05,470.67,112.6,300.75,2.83,163.0,100360.0
1990-03-10 09:00:00+00:00,19.41,38.35,152.45,259.35,67.35,301.5,2.55,156.0,100340.0
1990-03-10 10:00:00+00:00,17.51,45.55,13.7,30.85,10.05,296.65,2.48,155.0,100350.0
1990-03-10 11:00:00+00:00,15.33,50.35,0.0,0.0,0.0,293.4,2.07,180.0,100460.0
1990-03-10 12:00:00+00:00,13.59,58.0,0.0,0.0,0.0,298.6,2.48,292.0,100650.0
1990-03-10 13:00:00+00:00,12.61,66.95,0.0,0.0,0.0,317.75,3.59,326.0,100800.0
1990-03-10 14:00:00+00:00,11.86,71.95,0.0,0.0,0.0,324.35,2.76,321.0,100840.0
1990-03-10 15:00:00+00:00,10.24,82.95,0.0,0.0,0.0,282.35,2.69,310.0,100860.0
1990-03-10 16:00:00+00:00,9.48,82.9,0.0,0.0,0.0,280.4,2.34,313.0,100850.0
1990-03-10 17:00:00+00:00,8.73,85.9,0.0,0.0,0.0,276.15,2.14,319.0,100810.0
1990-03-10 18:00:00+00:00,7.84,85.85,0.0,0.0,0.0,269.6,2.14,323.0,100790.0
1990-03-10 19:00:00+00:00,7.01,89.0,0.0,0.0,0.0,262.6,1.52,327.0,100750.0
1990-03-10 20:00:00+00:00,6.09,88.9,0.0,0.0,0.0,260.85,1.66,326.0,100730.0
1990-03-10 21:00:00+00:00,5.34,88.85,0.0,0.0,0.0,266.1,1.93,328.0,100750.0
1990-03-10 22:00:00+00:00,5.34,88.85,0.0,0.0,0.0,274.4,2.21,330.0,100760.0
1990-03-10 23:00:00+00:00,5.75,85.65,57.55,0.0,57.55,284.1,2.28,330.0,100800.0
1990-03-11 00:00:00+00:00,7.26,82.65,239.25,348.73,153.1,281.75,1.93,331.0,100890.0
1990-03-11 01:00:00+00:00,11.41,66.75,488.2,759.69,150.9,274.7,1.86,332.0,100970.0
1990-03-11 02:00:00+00:00,14.37,54.1,680.15,888.54,139.6,268.05,2.07,331.0,100990.0
1990-03-11 03:00:00+00:00,16.7,45.3,800.0,895.84,147.0,269.95,2.41,337.0,100940.0
1990-03-11 04:00:00+00:00,18.22,33.9,850.65,880.27,148.65,275.2,2.69,342.0,100910.0
1990-03-11 05:00:00+00:00,19.0,29.35,826.1,837.4,148.35,279.25,2.62,336.0,100820.0
1990-03-11 06:00:00+00:00,19.44,28.4,715.9,725.26,162.0,281.4,2.48,330.0,100710.0
1990-03-11 07:00:00+00:00,19.5,28.4,554.8,616.15,145.85,289.5,2.55,331.0,100550.0
1990-03-11 08:00:00+00:00,19.31,29.35,347.15,438.15,121.0,290.3,2.14,332.0,100460.0
1990-03-11 09:00:00+00:00,18.71,34.05,148.9,231.07,72.4,293.4,1.59,354.0,100450.0
1990-03-11 10:00:00+00:00,17.21,40.6,14.05,28.91,10.55,295.3,1.93,4.0,100480.0
1990-03-11 11:00:00+00:00,15.05,56.25,0.0,0.0,0.0,292.8,1.03,3.0,100570.0
1990-03-11 12:00:00+00:00,12.42,57.75,0.0,0.0,0.0,292.8,1.93,287.0,100680.0
1990-03-11 13:00:00+00:00,11.2,64.25,0.0,0.0,0.0,311.55,2.0,261.0,100740.0
1990-03-11 14:00:00+00:00,10.62,64.1,0.0,0.0,0.0,299.2,2.48,241.0,100730.0
1990-03-11 15:00:00+00:00,9.76,66.35,0.0,0.0,0.0,282.55,2.69,229.0,100730.0
1990-03-11 16:00:00+00:00,9.11,68.8,0.0,0.0,0.0,279.25,2.62,228.0,100710.0
1990-03-11 17:00:00+00:00,8.49,71.35,0.0,0.0,0.0,275.2,2.55,229.0,100710.0
1990-03-11 18:00:00+00:00,7.86,73.95,0.0,0.0,0.0,271.3,2.48,230.0,100690.0
1990-03-11 19:00:00+00:00,6.97,79.55,0.0,0.0,0.0,264.55,2.21,253.0,100680.0
1990-03-11 20:00:00+00:00,6.02,85.65,0.0,0.0,0.0,260.65,2.0,252.0,100670.0
1990-03-11 21:00:00+00:00,5.52,85.6,0.0,0.0,0.0,257.4,1.79,246.0,100620.0
1990-03-11 22:00:00+00:00,5.97,82.5,0.0,0.0,0.0,254.5,1.38,234.0,100650.0
1990-03-11 23:00:00+00:00,7.13,79.55,45.95,0.0,45.95,254.3,0.9,217.0,100640.0
1990-03-12 00:00:00+00:00,8.35,74.05,302.65,829.12,93.95,258.55,0.28,166.0,100720.0
1990-03-12 01:00:00+00:00,12.31,64.55,511.05,865.28,122.85,261.15,0.07,155.0,100800.0
1990-03-12 02:00:00+00:00,15.96,54.35,686.75,895.58,137.85,268.6,0.07,167.0,100830.0
1990-03-12 03:00:00+00:00,18.51,45.85,803.0,893.76,147.6,276.95,0.21,175.0,100820.0
1990-03-12 04:00:00+00:00,20.19,34.45,853.25,876.01,151.0,284.3,0.34,183.0,100790.0
1990-03-12 05:00:00+00:00,21.17,28.8,826.4,832.63,149.25,288.75,0.28,172.0,100730.0
1990-03-12 06:00:00+00:00,21.65,24.85,733.2,772.9,140.1,290.65,0.21,133.0,100650.0
1990-03-12 07:00:00+00:00,21.55,21.3,578.95,680.71,124.85,289.7,0.69,128.0,100490.0
1990-03-12 08:00:00+00:00,21.39,20.5,371.55,504.17,109.75,289.3,1.31,131.0,100440.0
1990-03-12 09:00:00+00:00,20.71,27.6,165.2,298.23,65.6,290.5,1.72,120.0,100450.0
1990-03-12 10:00:00+00:00,18.93,35.45,16.0,42.4,10.75,287.4,2.34,113.0,100470.0
1990-03-12 11:00:00+00:00,16.36,40.5,0.0,0.0,0.0,283.1,2.48,119.0,100550.0
1990-03-12 12:00:00+00:00,14.05,46.5,0.0,0.0,0.0,283.7,2.21,123.0,100650.0
1990-03-12 13:00:00+00:00,12.17,55.5,0.0,0.0,0.0,282.35,2.21,118.0,100730.0
1990-03-12 14:00:00+00:00,11.24,59.6,0.0,0.0,0.0,299.2,2.34,116.0,100760.0
1990-03-12 15:00:00+00:00,10.72,61.75,0.0,0.0,0.0,297.45,2.55,118.0,100760.0
1990-03-12 16:00:00+00:00,10.73,61.75,0.0,0.0,0.0,313.3,2.48,116.0,100770.0
1990-03-12 17:00:00+00:00,10.2,64.0,0.0,0.0,0.0,299.2,2.55,111.0,100770.0
1990-03-12 18:00:00+00:00,10.27,64.1,0.0,0.0,0.0,323.2,2.21,101.0,100800.0
1990-03-12 19:00:00+00:00,9.18,74.15,0.0,0.0,0.0,284.85,1.45,98.0,100790.0
1990-03-12 20:00:00+00:00,7.92,76.8,0.0,0.0,0.0,289.7,1.45,57.0,100760.0
1990-03-12 21:00:00+00:00,6.98,82.6,0.0,0.0,0.0,286.6,1.66,34.0,100810.0
1990-03-12 22:00:00+00:00,6.89,82.6,0.0,0.0,0.0,304.8,1.59,21.0,100840.0
1990-03-12 23:00:00+00:00,7.04,82.6,46.3,0.0,46.3,312.35,1.52,6.0,100920.0
1990-03-13 00:00:00+00:00,8.24,79.7,95.35,21.26,89.9,310.4,1.38,338.0,101000.0
1990-03-13 01:00:00+00:00,9.79,66.45,96.1,0.0,96.1,329.5,1.72,324.0,101170.0
1990-03-13 02:00:00+00:00,10.27,66.55,204.05,40.57,179.0,338.85,2.21,325.0,101240.0
1990-03-13 03:00:00+00:00,11.31,62.0,221.25,28.06,200.55,336.95,2.34,336.0,101280.0
1990-03-13 04:00:00+00:00,11.93,62.1,249.65,39.96,217.45,333.45,2.34,334.0,101270.0
1990-03-13 05:00:00+00:00,12.32,64.55,376.4,165.21,241.4,333.65,2.34,334.0,101240.0
1990-03-13 06:00:00+00:00,13.07,64.65,266.6,86.51,199.9,318.95,2.48,338.0,101190.0
1990-03-13 07:00:00+00:00,13.3,62.3,190.6,46.61,159.35,330.95,2.9,321.0,101100.0
1990-03-13 08:00:00+00:00,13.13,64.65,169.4,105.48,114.3,340.6,2.9,320.0,101130.0
1990-03-13 09:00:00+00:00,12.92,64.65,82.4,59.97,62.2,334.2,2.76,319.0,101170.0
1990-03-13 10:00:00+00:00,12.07,71.95,3.55,1.19,3.4,325.5,2.55,312.0,101200.0
1990-03-13 11:00:00+00:00,11.17,77.2,0.0,0.0,0.0,336.95,2.83,311.0,101290.0
1990-03-13 12:00:00+00:00,10.74,80.05,0.0,0.0,0.0,340.6,3.17,316.0,101380.0
1990-03-13 13:00:00+00:00,10.54,80.05,0.0,0.0,0.0,343.9,3.52,318.0,101480.0
1990-03-13 14:00:00+00:00,10.38,80.05,0.0,0.0,0.0,341.2,3.45,319.0,101550.0
1990-03-13 15:00:00+00:00,10.19,82.95,0.0,0.0,0.0,340.8,3.17,318.0,101570.0
1990-03-13 16:00:00+00:00,9.96,82.95,0.0,0.0,0.0,339.45,2.9,315.0,101550.0
1990-03-13 17:00:00+00:00,9.79,82.95,0.0,0.0,0.0,337.5,2.55,309.0,101560.0
1990-03-13 18:00:00+00:00,9.46,82.9,0.0,0.0,0.0,325.3,2.21,306.0,101520.0
1990-03-13 19:00:00+00:00,7.93,85.85,0.0,0.0,0.0,276.95,1.93,309.0,101460.0
1990-03-13 20:00:00+00:00,7.02,89.0,0.0,0.0,0.0,274.05,1.79,310.0,101420.0
1990-03-13 21:00:00+00:00,5.84,92.3,0.0,0.0,0.0,265.5,1.52,312.0,101420.0
1990-03-13 22:00:00+00:00,5.5,92.25,0.0,0.0,0.0,261.45,1.17,304.0,101410.0
1990-03-13 23:00:00+00:00,5.77,88.9,99.8,1245.6,49.71,258.95,0.9,288.0,101420.0
1990-03-14 00:00:00+00:00,7.35,85.8,304.3,796.79,96.25,257.6,0.41,278.0,101470.0
1990-03-14 01:00:00+00:00,10.49,74.4,514.1,851.43,124.2,260.4,0.48,281.0,101510.0
1990-03-14 02:00:00+00:00,13.49,62.45,687.65,878.12,141.5,267.65,0.83,285.0,101510.0
1990-03-14 03:00:00+00:00,15.95,54.35,804.2,879.31,151.75,274.6,1.24,287.0,101460.0
1990-03-14 04:00:00+00:00,17.91,45.7,852.65,861.17,155.2,281.4,1.66,294.0,101390.0
1990-03-14 05:00:00+00:00,19.33,39.65,829.0,824.62,152.0,286.4,1.86,298.0,101310.0
1990-03-14 06:00:00+00:00,20.17,34.45,638.65,454.39,286.7,290.1,1.66,295.0,101200.0
1990-03-14 07:00:00+00:00,20.19,31.95,447.05,297.82,246.4,308.85,1.52,275.0,101100.0
1990-03-14 08:00:00+00:00,20.02,30.75,288.9,196.42,185.7,313.7,1.38,264.0,101060.0
1990-03-14 09:00:00+00:00,19.51,35.6,135.75,114.37,96.9,313.1,1.03,226.0,101070.0
1990-03-14 10:00:00+00:00,18.06,44.05,13.9,15.48,11.9,309.05,2.0,197.0,101060.0
1990-03-14 11:00:00+00:00,15.54,48.55,0.0,0.0,0.0,308.5,2.76,196.0,101140.0
1990-03-14 12:00:00+00:00,14.13,48.25,0.0,0.0,0.0,305.2,2.9,199.0,101190.0
1990-03-14 13:00:00+00:00,13.09,51.75,0.0,0.0,0.0,292.4,2.97,202.0,101270.0
1990-03-14 14:00:00+00:00,12.14,57.65,0.0,0.0,0.0,289.5,2.69,205.0,101320.0
1990-03-14 15:00:00+00:00,10.93,64.25,0.0,0.0,0.0,286.05,2.41,208.0,101360.0
1990-03-14 16:00:00+00:00,9.47,74.2,0.0,0.0,0.0,274.05,2.07,211.0,101360.0
1990-03-14 17:00:00+00:00,8.05,82.7,0.0,0.0,0.0,271.3,1.38,219.0,101390.0
1990-03-14 18:00:00+00:00,9.26,76.95,0.0,0.0,0.0,268.2,0.41,279.0,101410.0
1990-03-14 19:00:00+00:00,7.52,82.65,0.0,0.0,0.0,266.1,1.03,24.0,101420.0
1990-03-14 20:00:00+00:00,6.89,82.6,0.0,0.0,0.0,265.1,1.31,360.0,101410.0
1990-03-14 21:00:00+00:00,6.98,82.6,0.0,0.0,0.0,274.05,1.31,322.0,101470.0
1990-03-14 22:00:00+00:00,5.38,88.85,0.0,0.0,0.0,273.05,1.79,302.0,101520.0
1990-03-14 23:00:00+00:00,4.88,92.25,87.25,510.0,64.35,270.95,2.0,304.0,101610.0
1990-03-15 00:00:00+00:00,7.17,82.6,255.9,389.16,152.45,275.0,1.31,315.0,101690.0
1990-03-15 01:00:00+00:00,11.98,62.1,476.8,599.68,199.4,280.5,1.24,332.0,101730.0
1990-03-15 02:00:00+00:00,15.19,50.35,630.65,613.68,246.2,276.75,1.31,342.0,101720.0
1990-03-15 03:00:00+00:00,17.42,37.8,718.4,518.48,331.45,291.65,1.31,3.0,101690.0
1990-03-15 04:00:00+00:00,18.74,30.35,753.4,501.01,345.6,298.6,1.45,23.0,101640.0
1990-03-15 05:00:00+00:00,19.57,25.3,710.9,436.72,350.7,302.65,1.52,35.0,101560.0
1990-03-15 06:00:00+00:00,19.9,23.5,613.9,374.58,322.45,305.75,1.17,39.0,101440.0
1990-03-15 07:00:00+00:00,20.03,23.5,455.25,248.16,287.25,311.95,0.48,56.0,101280.0
1990-03-15 08:00:00+00:00,19.84,23.4,294.05,170.23,204.1,315.25,0.48,133.0,101190.0
1990-03-15 09:00:00+00:00,19.34,29.35,128.7,98.4,95.0,307.3,0.97,153.0,101160.0
1990-03-15 10:00:00+00:00,17.94,36.55,14.8,3.79,14.3,309.05,1.72,159.0,101140.0
1990-03-15 11:00:00+00:00,15.83,41.75,0.0,0.0,0.0,304.2,2.14,165.0,101160.0
1990-03-15 12:00:00+00:00,13.94,44.75,0.0,0.0,0.0,300.35,2.28,163.0,101170.0
1990-03-15 13:00:00+00:00,12.49,49.7,0.0,0.0,0.0,298.6,2.34,163.0,101190.0
1990-03-15 14:00:00+00:00,10.95,55.3,0.0,0.0,0.0,279.85,2.41,171.0,101220.0
1990-03-15 15:00:00+00:00,9.84,57.15,0.0,0.0,0.0,276.55,2.48,172.0,101210.0
1990-03-15 16:00:00+00:00,9.37,59.25,0.0,0.0,0.0,285.45,2.55,170.0,101190.0
1990-03-15 17:00:00+00:00,9.07,61.45,0.0,0.0,0.0,286.4,2.55,164.0,101160.0
1990-03-15 18:00:00+00:00,9.08,61.45,0.0,0.0,0.0,293.95,2.55,159.0,101100.0
1990-03-15 19:00:00+00:00,10.01,64.0,0.0,0.0,0.0,308.65,2.55,163.0,100990.0
1990-03-15 20:00:00+00:00,10.04,66.45,0.0,0.0,0.0,314.65,2.41,165.0,100960.0
1990-03-15 21:00:00+00:00,9.54,71.5,0.0,0.0,0.0,309.25,2.14,172.0,100960.0
1990-03-15 22:00:00+00:00,9.15,76.95,0.0,0.0,0.0,310.2,1.66,181.0,100980.0
1990-03-15 23:00:00+00:00,8.92,82.85,84.75,396.05,65.1,312.75,1.45,189.0,100980.0
1990-03-16 00:00:00+00:00,10.58,80.05,248.3,374.61,146.95,303.85,0.97,192.0,101030.0
1990-03-16 01:00:00+00:00,13.99,64.85,463.3,603.24,181.45,303.75,0.97,197.0,101090.0
1990-03-16 02:00:00+00:00,16.37,56.5,641.85,704.01,197.65,302.3,1.03,201.0,101080.0
1990-03-16 03:00:00+00:00,18.39,49.3,761.85,724.68,217.9,306.95,0.9,211.0,101030.0
1990-03-16 04:00:00+00:00,20.03,44.6,735.95,601.4,244.0,314.1,0.9,216.0,100980.0
1990-03-16 05:00:00+00:00,20.97,40.2,595.55,315.49,334.15,328.05,1.03,228.0,100900.0
1990-03-16 06:00:00+00:00,21.34,38.75,631.3,578.65,179.05,346.6,0.97,231.0,100850.0
1990-03-16 07:00:00+00:00,22.06,33.7,537.5,540.5,169.85,325.9,0.28,209.0,100720.0
1990-03-16 08:00:00+00:00,22.13,33.7,334.7,323.21,162.95,319.5,0.83,170.0,100660.0
1990-03-16 09:00:00+00:00,21.68,38.9,139.75,136.41,92.65,320.5,1.31,158.0,100650.0
1990-03-16 10:00:00+00:00,20.17,46.2,16.95,16.72,14.7,325.9,2.14,159.0,100670.0
1990-03-16 11:00:00+00:00,17.76,50.85,0.0,0.0,0.0,319.9,3.38,170.0,100730.0
1990-03-16 12:00:00+00:00,16.24,50.5,0.0,0.0,0.0,306.55,4.0,177.0,100830.0
1990-03-16 13:00:00+00:00,15.22,52.25,0.0,0.0,0.0,309.25,4.0,178.0,100890.0
1990-03-16 14:00:00+00:00,14.4,54.1,0.0,0.0,0.0,308.5,4.0,176.0,100950.0
1990-03-16 15:00:00+00:00,13.53,60.2,0.0,0.0,0.0,297.85,3.79,173.0,100940.0
1990-03-16 16:00:00+00:00,12.76,64.55,0.0,0.0,0.0,295.1,3.59,171.0,100920.0
1990-03-16 17:00:00+00:00,12.14,69.35,0.0,0.0,0.0,297.05,3.38,168.0,100930.0
1990-03-16 18:00:00+00:00,11.66,71.85,0.0,0.0,0.0,302.1,3.1,166.0,100890.0
1990-03-16 19:00:00+00:00,11.78,71.85,0.0,0.0,0.0,308.3,2.83,162.0,100850.0
1990-03-16 20:00:00+00:00,11.3,71.85,0.0,0.0,0.0,309.05,2.62,159.0,100800.0
1990-03-16 21:00:00+00:00,10.86,74.45,0.0,0.0,0.0,310.05,2.41,158.0,100840.0
1990-03-16 22:00:00+00:00,10.5,80.05,0.0,0.0,0.0,312.15,2.34,154.0,100870.0
1990-03-16 23:00:00+00:00,10.27,82.95,70.0,71.76,66.1,311.4,2.34,154.0,100920.0
1990-03-17 00:00:00+00:00,11.39,77.3,184.95,98.26,157.9,316.4,2.21,155.0,100990.0
1990-03-17 01:00:00+00:00,13.13,72.1,331.0,142.73,263.65,314.0,2.76,158.0,101050.0
1990-03-17 02:00:00+00:00,15.09,65.05,484.2,273.83,310.2,324.75,3.17,163.0,101050.0
1990-03-17 03:00:00+00:00,17.08,58.7,671.1,471.34,315.3,331.5,3.59,165.0,101040.0
1990-03-17 04:00:00+00:00,18.91,49.45,638.4,314.05,380.25,326.3,4.21,167.0,100980.0
1990-03-17 05:00:00+00:00,19.61,44.45,552.95,191.82,393.3,336.35,4.55,168.0,100900.0
1990-03-17 06:00:00+00:00,19.68,42.85,307.8,67.26,255.0,345.65,4.55,169.0,100800.0
1990-03-17 07:00:00+00:00,18.24,47.4,294.3,90.0,232.8,350.65,4.0,169.0,100760.0
1990-03-17 08:00:00+00:00,18.03,47.4,191.05,110.33,132.1,344.85,3.72,167.0,100700.0
1990-03-17 09:00:00+00:00,17.62,49.05,59.7,12.93,55.2,351.05,3.17,167.0,100730.0
1990-03-17 10:00:00+00:00,16.4,54.45,8.05,1.09,7.9,341.4,2.62,160.0,100760.0
1990-03-17 11:00:00+00:00,15.4,58.35,0.0,0.0,0.0,345.05,2.62,156.0,100800.0
1990-03-17 12:00:00+00:00,14.45,60.4,0.0,0.0,0.0,331.7,2.76,156.0,100820.0
1990-03-17 13:00:00+00:00,13.34,67.15,0.0,0.0,0.0,305.75,2.9,163.0,100870.0
1990-03-17 14:00:00+00:00,12.38,72.05,0.0,0.0,0.0,292.2,2.97,169.0,100870.0
1990-03-17 15:00:00+00:00,11.65,80.15,0.0,0.0,0.0,289.5,2.83,173.0,100830.0
1990-03-17 16:00:00+00:00,10.96,83.05,0.0,0.0,0.0,286.4,2.55,174.0,100790.0
1990-03-17 17:00:00+00:00,10.37,86.05,0.0,0.0,0.0,291.05,2.28,174.0,100780.0
1990-03-17 18:00:00+00:00,9.57,92.45,0.0,0.0,0.0,283.3,2.21,162.0,100720.0
1990-03-17 19:00:00+00:00,8.77,89.1,0.0,0.0,0.0,278.5,1.79,165.0,100690.0
1990-03-17 20:00:00+00:00,7.79,92.4,0.0,0.0,0.0,276.95,1.66,165.0,100610.0
1990-03-17 21:00:00+00:00,7.12,95.8,0.0,0.0,0.0,275.2,1.59,175.0,100590.0
1990-03-17 22:00:00+00:00,6.56,95.8,0.0,0.0,0.0,275.2,1.59,187.0,100610.0
1990-03-17 23:00:00+00:00,6.42,95.8,111.1,985.67,52.85,273.45,1.45,193.0,100640.0
1990-03-18 00:00:00+00:00,8.83,89.1,313.5,764.78,99.35,274.6,1.03,183.0,100670.0
1990-03-18 01:00:00+00:00,13.22,72.1,517.8,819.75,127.2,280.5,1.31,181.0,100730.0
1990-03-18 02:00:00+00:00,15.78,65.05,685.7,844.12,145.55,288.15,1.79,185.0,100710.0
1990-03-18 03:00:00+00:00,17.95,52.9,798.65,847.06,155.65,296.1,2.0,187.0,100670.0
1990-03-18 04:00:00+00:00,19.71,47.8,844.35,829.26,159.4,303.25,1.93,191.0,100590.0
1990-03-18 05:00:00+00:00,20.99,41.7,819.4,792.01,157.3,309.25,1.79,191.0,100480.0
1990-03-18 06:00:00+00:00,21.85,40.35,727.65,736.11,147.3,313.9,2.07,190.0,100370.0
1990-03-18 07:00:00+00:00,22.4,39.15,574.95,646.25,131.3,315.45,3.17,182.0,100250.0
1990-03-18 08:00:00+00:00,22.35,40.5,378.6,503.98,107.85,316.8,3.66,173.0,100170.0
1990-03-18 09:00:00+00:00,21.63,43.4,170.95,286.82,70.35,316.6,3.72,165.0,100110.0
1990-03-18 10:00:00+00:00,19.9,49.7,20.1,47.94,13.4,315.05,3.66,160.0,100100.0
1990-03-18 11:00:00+00:00,17.79,58.8,0.0,0.0,0.0,311.4,3.79,162.0,100160.0
1990-03-18 12:00:00+00:00,16.43,62.95,0.0,0.0,0.0,306.95,3.93,164.0,100180.0
1990-03-18 13:00:00+00:00,15.51,69.9,0.0,0.0,0.0,303.65,4.14,164.0,100240.0
1990-03-18 14:00:00+00:00,14.82,69.9,0.0,0.0,0.0,301.3,4.21,166.0,100240.0
1990-03-18 15:00:00+00:00,14.26,74.95,0.0,0.0,0.0,299.55,4.14,165.0,100240.0
1990-03-18 16:00:00+00:00,13.69,80.4,0.0,0.0,0.0,298.8,4.14,162.0,100190.0
1990-03-18 17:00:00+00:00,13.18,83.25,0.0,0.0,0.0,297.65,4.14,160.0,100150.0
1990-03-18 18:00:00+00:00,12.73,86.25,0.0,0.0,0.0,297.05,4.07,159.0,100100.0
1990-03-18 19:00:00+00:00,12.53,83.25,0.0,0.0,0.0,293.2,4.48,159.0,100030.0
1990-03-18 20:00:00+00:00,12.17,86.2,0.0,0.0,0.0,293.0,4.48,158.0,99970.0
1990-03-18 21:00:00+00:00,11.81,86.2,0.0,0.0,0.0,292.6,4.48,157.0,99960.0
1990-03-18 22:00:00+00:00,11.54,86.15,0.0,0.0,0.0,293.4,4.48,157.0,99980.0
1990-03-18 23:00:00+00:00,11.42,86.15,108.65,733.63,61.8,293.2,4.48,158.0,100020.0
1990-03-19 00:00:00+00:00,12.62,80.3,308.45,704.31,107.9,295.3,4.14,158.0,100050.0
1990-03-19 01:00:00+00:00,14.7,72.4,508.05,771.56,136.85,295.45,5.17,161.0,100070.0
1990-03-19 02:00:00+00:00,16.9,65.35,665.7,784.54,160.2,304.6,5.66,163.0,100010.0
1990-03-19 03:00:00+00:00,18.92,59.15,783.45,817.83,159.2,318.95,6.07,163.0,99930.0
1990-03-19 04:00:00+00:00,20.58,51.65,757.0,712.01,166.1,324.75,6.62,164.0,99800.0
1990-03-19 05:00:00+00:00,21.42,48.3,557.6,438.24,189.65,334.8,7.1,165.0,99680.0
1990-03-19 06:00:00+00:00,21.24,49.95,426.05,254.94,224.2,355.5,7.1,166.0,99560.0
1990-03-19 07:00:00+00:00,20.33,53.35,234.85,165.32,120.85,364.4,6.76,164.0,99380.0
1990-03-19 08:00:00+00:00,19.48,57.2,174.4,161.46,87.2,371.2,6.0,163.0,99270.0
1990-03-19 09:00:00+00:00,19.04,61.3,78.8,95.35,45.1,373.7,5.72,164.0,99210.0
1990-03-19 10:00:00+00:00,18.26,67.95,11.35,16.16,9.05,365.75,5.59,168.0,99210.0
1990-03-19 11:00:00+00:00,17.28,75.3,0.0,0.0,0.0,358.4,5.31,171.0,99230.0
1990-03-19 12:00:00+00:00,16.69,77.95,0.0,0.0,0.0,356.65,4.83,170.0,99250.0
1990-03-19 13:00:00+00:00,16.42,80.75,0.0,0.0,0.0,360.15,4.21,165.0,99250.0
1990-03-19 14:00:00+00:00,16.17,83.55,0.0,0.0,0.0,360.75,3.66,159.0,99190.0
1990-03-19 15:00:00+00:00,15.97,86.5,0.0,0.0,0.0,359.55,3.17,164.0,99130.0
1990-03-19 16:00:00+00:00,15.67,89.55,0.0,0.0,0.0,359.0,2.14,173.0,99060.0
1990-03-19 17:00:00+00:00,15.23,92.75,0.0,0.0,0.0,368.65,1.03,209.0,98970.0
1990-03-19 18:00:00+00:00,14.69,92.7,0.0,0.0,0.0,367.9,1.24,282.0,98940.0
1990-03-19 19:00:00+00:00,14.04,96.0,0.0,0.0,0.0,354.75,1.52,292.0,98940.0
1990-03-19 20:00:00+00:00,13.77,95.95,0.0,0.0,0.0,353.4,2.21,308.0,98970.0
1990-03-19 21:00:00+00:00,13.85,89.5,0.0,0.0,0.0,364.8,2.28,310.0,98950.0
1990-03-19 22:00:00+00:00,13.71,92.65,0.0,0.0,0.0,354.55,2.28,308.0,99040.0
1990-03-19 23:00:00+00:00,13.6,89.45,96.3,504.83,61.65,344.1,2.07,308.0,99090.0
1990-03-20 00:00:00+00:00,14.68,86.45,290.95,639.26,105.9,330.55,1.59,315.0,99170.0
1990-03-20 01:00:00+00:00,17.43,75.4,466.9,672.53,140.25,329.3,1.66,318.0,99260.0
1990-03-20 02:00:00+00:00,19.84,68.2,666.25,800.55,146.9,330.95,1.86,312.0,99280.0
1990-03-20 03:00:00+00:00,22.42,55.9,782.65,813.39,158.4,336.15,2.55,304.0,99290.0
1990-03-20 04:00:00+00:00,24.55,49.05,834.15,808.47,160.05,342.15,3.24,305.0,99280.0
1990-03-20 05:00:00+00:00,26.04,44.45,815.15,781.06,156.55,345.25,3.59,311.0,99230.0
1990-03-20 06:00:00+00:00,26.91,40.1,716.8,711.77,150.9,347.2,3.45,314.0,99190.0
1990-03-20 07:00:00+00:00,26.6,41.55,564.55,613.89,139.35,348.15,2.69,325.0,99160.0
1990-03-20 08:00:00+00:00,26.68,40.1,362.85,468.96,108.25,349.3,2.28,330.0,99160.0
1990-03-20 09:00:00+00:00,26.29,44.45,170.15,277.88,71.2,354.95,0.83,342.0,99230.0
1990-03-20 10:00:00+00:00,25.06,49.2,21.15,43.13,14.9,351.65,1.31,135.0,99280.0
1990-03-20 11:00:00+00:00,22.37,59.8,0.0,0.0,0.0,339.85,2.41,140.0,99360.0
1990-03-20 12:00:00+00:00,19.91,65.95,0.0,0.0,0.0,332.3,2.21,154.0,99450.0
1990-03-20 13:00:00+00:00,18.14,75.45,0.0,0.0,0.0,325.7,2.41,175.0,99590.0
1990-03-20 14:00:00+00:00,16.94,80.8,0.0,0.0,0.0,325.5,2.41,186.0,99670.0
1990-03-20 15:00:00+00:00,16.04,86.5,0.0,0.0,0.0,323.55,2.14,180.0,99710.0
1990-03-20 16:00:00+00:00,15.19,89.55,0.0,0.0,0.0,327.25,1.52,154.0,99750.0
1990-03-20 17:00:00+00:00,14.97,86.5,0.0,0.0,0.0,327.65,0.9,69.0,99780.0
1990-03-20 18:00:00+00:00,13.6,92.65,0.0,0.0,0.0,332.1,1.93,14.0,99810.0
1990-03-20 19:00:00+00:00,15.21,83.5,0.0,0.0,0.0,355.1,2.9,18.0,99860.0
1990-03-20 20:00:00+00:00,16.41,56.5,0.0,0.0,0.0,355.3,4.21,22.0,99930.0
1990-03-20 21:00:00+00:00,16.87,33.6,0.0,0.0,0.0,358.0,4.55,21.0,100000.0
1990-03-20 22:00:00+00:00,16.6,27.6,0.0,0.0,0.0,359.0,4.55,13.0,100100.0
1990-03-20 23:00:00+00:00,16.33,26.4,21.3,1.36,21.2,361.3,4.9,9.0,100200.0
1990-03-21 00:00:00+00:00,15.27,30.7,51.35,9.18,48.65,359.0,6.14,13.0,100370.0
1990-03-21 01:00:00+00:00,12.34,55.65,39.65,0.0,39.65,356.8,5.79,9.0,100590.0
1990-03-21 02:00:00+00:00,10.4,77.15,43.95,0.0,43.95,355.5,5.17,360.0,100730.0
1990-03-21 03:00:00+00:00,10.15,69.0,131.7,0.06,131.65,349.1,4.69,354.0,100820.0
1990-03-21 04:00:00+00:00,10.63,55.15,92.95,0.6,92.45,344.85,4.69,347.0,100850.0
1990-03-21 05:00:00+00:00,10.69,51.1,112.0,9.62,103.85,342.15,5.03,348.0,100840.0
1990-03-21 06:00:00+00:00,10.5,51.1,93.15,2.25,91.35,337.3,5.38,349.0,100810.0
1990-03-21 07:00:00+00:00,8.64,71.35,90.75,8.12,85.1,335.2,4.62,0.0,100940.0
1990-03-21 08:00:00+00:00,8.2,76.8,109.0,18.51,98.9,330.95,4.21,358.0,100930.0
1990-03-21 09:00:00+00:00,8.18,76.8,50.7,10.45,46.95,323.95,3.52,351.0,100970.0
1990-03-21 10:00:00+00:00,8.1,79.7,6.75,1.02,6.6,328.4,2.9,340.0,101030.0
1990-03-21 11:00:00+00:00,7.74,85.8,0.0,0.0,0.0,316.4,2.69,326.0,101070.0
1990-03-21 12:00:00+00:00,7.51,85.8,0.0,0.0,0.0,309.65,3.03,316.0,101160.0
1990-03-21 13:00:00+00:00,7.67,89.0,0.0,0.0,0.0,329.0,3.17,317.0,101260.0
1990-03-21 14:00:00+00:00,7.74,89.0,0.0,0.0,0.0,329.2,3.17,320.0,101340.0
1990-03-21 15:00:00+00:00,7.57,89.0,0.0,0.0,0.0,313.9,2.9,323.0,101390.0
1990-03-21 16:00:00+00:00,7.62,89.0,0.0,0.0,0.0,326.65,2.76,325.0,101380.0
1990-03-21 17:00:00+00:00,7.67,89.0,0.0,0.0,0.0,328.4,2.41,325.0,101390.0
1990-03-21 18:00:00+00:00,7.41,89.0,0.0,0.0,0.0,314.3,2.28,322.0,101340.0
1990-03-21 19:00:00+00:00,7.2,82.6,0.0,0.0,0.0,326.1,2.21,338.0,101310.0
1990-03-21 20:00:00+00:00,7.3,79.65,0.0,0.0,0.0,329.75,2.48,341.0,101280.0
1990-03-21 21:00:00+00:00,7.36,76.7,0.0,0.0,0.0,329.2,2.55,344.0,101230.0
1990-03-21 22:00:00+00:00,7.07,82.6,0.0,0.0,0.0,308.1,2.34,339.0,101250.0
1990-03-21 23:00:00+00:00,7.32,79.65,56.45,92.06,49.25,323.95,2.07,334.0,101310.0
1990-03-22 00:00:00+00:00,7.91,79.7,106.5,70.09,85.55,315.05,2.07,331.0,101370.0
1990-03-22 01:00:00+00:00,8.77,71.4,181.7,61.94,151.05,326.8,2.62,334.0,101470.0
1990-03-22 02:00:00+00:00,9.63,66.35,195.85,26.01,178.75,323.0,3.31,336.0,101480.0
1990-03-22 03:00:00+00:00,10.24,57.15,128.0,0.0,128.0,329.95,3.52,331.0,101520.0
1990-03-22 04:00:00+00:00,10.12,52.95,142.6,1.96,140.95,332.5,3.17,330.0,101500.0
1990-03-22 05:00:00+00:00,10.04,52.95,223.7,31.75,196.7,328.8,2.83,330.0,101470.0
1990-03-22 06:00:00+00:00,10.24,52.95,244.1,46.66,206.7,328.0,2.83,328.0,101400.0
1990-03-22 07:00:00+00:00,9.7,59.25,199.5,35.21,174.9,324.55,2.48,344.0,101440.0
1990-03-22 08:00:00+00:00,9.51,59.25,110.85,15.86,102.15,325.3,2.41,330.0,101380.0
1990-03-22 09:00:00+00:00,9.16,63.8,49.1,3.32,47.9,324.75,2.55,313.0,101400.0
1990-03-22 10:00:00+00:00,8.64,71.35,7.2,0.0,7.2,327.25,2.34,297.0,101410.0
1990-03-22 11:00:00+00:00,8.05,73.95,0.0,0.0,0.0,323.2,2.14,288.0,101450.0
1990-03-22 12:00:00+00:00,7.35,76.7,0.0,0.0,0.0,302.65,2.0,278.0,101520.0
1990-03-22 13:00:00+00:00,6.62,82.55,0.0,0.0,0.0,281.2,1.93,275.0,101590.0
1990-03-22 14:00:00+00:00,6.79,79.55,0.0,0.0,0.0,314.5,1.45,274.0,101630.0
1990-03-22 15:00:00+00:00,6.69,82.55,0.0,0.0,0.0,316.8,1.1,273.0,101630.0
1990-03-22 16:00:00+00:00,5.65,88.85,0.0,0.0,0.0,281.2,1.38,285.0,101620.0
1990-03-22 17:00:00+00:00,4.74,92.25,0.0,0.0,0.0,261.25,1.24,310.0,101620.0
1990-03-22 18:00:00+00:00,4.72,92.25,0.0,0.0,0.0,277.7,1.1,322.0,101590.0
1990-03-22 19:00:00+00:00,5.19,92.25,0.0,0.0,0.0,272.5,0.55,301.0,101540.0
1990-03-22 20:00:00+00:00,4.34,92.25,0.0,0.0,0.0,269.4,0.97,303.0,101500.0
1990-03-22 21:00:00+00:00,3.4,95.7,0.0,0.0,0.0,262.8,1.24,283.0,101550.0
1990-03-22 22:00:00+00:00,2.91,95.7,0.0,0.0,0.0,260.1,1.31,273.0,101630.0
1990-03-22 23:00:00+00:00,4.63,92.25,68.5,25.9,66.35,282.75,0.41,275.0,101670.0
1990-03-23 00:00:00+00:00,5.88,85.65,252.3,271.72,169.8,297.05,0.28,325.0,101690.0
1990-03-23 01:00:00+00:00,9.1,71.4,475.95,532.33,210.1,285.75,0.76,320.0,101760.0
1990-03-23 02:00:00+00:00,11.89,57.65,704.45,823.88,159.2,282.15,1.52,326.0,101760.0
1990-03-23 03:00:00+00:00,14.43,48.4,839.95,877.77,155.5,269.95,2.28,332.0,101720.0
1990-03-23 04:00:00+00:00,16.49,40.5,891.05,865.93,159.15,274.05,2.83,353.0,101660.0
1990-03-23 05:00:00+00:00,17.48,31.25,863.8,828.77,156.25,274.2,3.24,23.0,101600.0
1990-03-23 06:00:00+00:00,17.85,28.0,764.9,766.11,148.4,275.75,3.03,32.0,101470.0
1990-03-23 07:00:00+00:00,17.56,28.95,607.6,675.61,133.65,276.95,2.62,40.0,101410.0
1990-03-23 08:00:00+00:00,17.4,27.85,405.15,530.89,112.55,276.95,2.28,47.0,101340.0
1990-03-23 09:00:00+00:00,16.92,27.7,188.0,309.3,75.45,275.75,1.86,58.0,101300.0
1990-03-23 10:00:00+00:00,15.9,36.0,25.55,61.65,16.15,274.6,1.31,57.0,101310.0
1990-03-23 11:00:00+00:00,13.61,46.35,0.0,0.0,0.0,271.1,1.45,49.0,101320.0
1990-03-23 12:00:00+00:00,10.58,59.5,0.0,0.0,0.0,267.45,1.79,50.0,101350.0
1990-03-23 13:00:00+00:00,8.7,66.15,0.0,0.0,0.0,264.15,1.86,68.0,101390.0
1990-03-23 14:00:00+00:00,7.52,68.5,0.0,0.0,0.0,263.6,1.86,93.0,101420.0
1990-03-23 15:00:00+00:00,6.68,73.7,0.0,0.0,0.0,261.25,1.79,104.0,101390.0
1990-03-23 16:00:00+00:00,6.4,73.7,0.0,0.0,0.0,264.95,1.66,116.0,101340.0
1990-03-23 17:00:00+00:00,5.89,76.5,0.0,0.0,0.0,266.65,1.66,129.0,101300.0
1990-03-23 18:00:00+00:00,5.41,82.4,0.0,0.0,0.0,272.85,1.66,144.0,101250.0
1990-03-23 19:00:00+00:00,5.0,88.85,0.0,0.0,0.0,278.85,1.72,155.0,101140.0
1990-03-23 20:00:00+00:00,4.9,88.85,0.0,0.0,0.0,283.7,1.72,152.0,101090.0
1990-03-23 21:00:00+00:00,5.12,92.25,0.0,0.0,0.0,292.6,1.72,150.0,101050.0
1990-03-23 22:00:00+00:00,5.37,88.85,0.0,0.0,0.0,296.5,1.72,148.0,101020.0
1990-03-23 23:00:00+00:00,6.16,85.65,69.65,24.49,67.5,310.8,1.66,154.0,101020.0
1990-03-24 00:00:00+00:00,8.22,82.7,143.35,34.06,132.85,315.85,1.38,157.0,101060.0
1990-03-24 01:00:00+00:00,10.83,66.65,286.3,97.04,237.4,322.5,1.66,163.0,101090.0
1990-03-24 02:00:00+00:00,12.88,57.9,355.45,150.05,255.5,325.1,2.14,173.0,101060.0
1990-03-24 03:00:00+00:00,14.26,52.0,434.6,135.75,328.2,329.2,2.62,180.0,101030.0
1990-03-24 04:00:00+00:00,15.5,46.75,543.95,199.25,374.8,341.55,3.17,185.0,100940.0
1990-03-24 05:00:00+00:00,16.56,40.5,692.25,426.53,326.65,335.0,3.52,186.0,100840.0
1990-03-24 06:00:00+00:00,17.45,35.05,638.2,431.39,289.7,323.95,3.59,181.0,100710.0
1990-03-24 07:00:00+00:00,17.7,35.05,474.65,339.02,235.85,318.35,3.45,181.0,100590.0
1990-03-24 08:00:00+00:00,17.47,33.75,288.45,180.38,188.55,327.25,3.52,174.0,100520.0
1990-03-24 09:00:00+00:00,16.8,39.0,125.55,61.81,102.9,319.3,3.38,165.0,100510.0
1990-03-24 10:00:00+00:00,15.54,45.05,19.45,19.68,16.4,323.0,3.24,158.0,100500.0
1990-03-24 11:00:00+00:00,13.91,48.25,0.0,0.0,0.0,309.85,3.31,160.0,100560.0
1990-03-24 12:00:00+00:00,13.04,53.7,0.0,0.0,0.0,314.1,3.59,165.0,100610.0
1990-03-24 13:00:00+00:00,12.34,57.75,0.0,0.0,0.0,309.85,3.79,170.0,100650.0
1990-03-24 14:00:00+00:00,11.6,64.35,0.0,0.0,0.0,304.2,3.86,173.0,100650.0
1990-03-24 15:00:00+00:00,10.87,69.15,0.0,0.0,0.0,299.0,3.66,174.0,100630.0
1990-03-24 16:00:00+00:00,10.02,74.3,0.0,0.0,0.0,290.1,3.38,173.0,100590.0
1990-03-24 17:00:00+00:00,9.03,79.85,0.0,0.0,0.0,278.1,3.03,172.0,100590.0
1990-03-24 18:00:00+00:00,8.12,85.85,0.0,0.0,0.0,274.2,2.76,175.0,100590.0
1990-03-24 19:00:00+00:00,7.3,89.0,0.0,0.0,0.0,271.3,2.21,179.0,100560.0
1990-03-24 20:00:00+00:00,6.63,92.3,0.0,0.0,0.0,271.5,2.0,180.0,100500.0
1990-03-24 21:00:00+00:00,6.0,95.75,0.0,0.0,0.0,270.75,1.79,185.0,100500.0
1990-03-24 22:00:00+00:00,5.38,95.75,0.0,0.0,0.0,269.0,1.66,187.0,100530.0
1990-03-24 23:00:00+00:00,5.09,95.75,139.55,831.06,62.6,267.45,1.72,184.0,100610.0
1990-03-25 00:00:00+00:00,8.1,89.05,351.0,784.2,105.55,268.8,1.59,174.0,100660.0
1990-03-25 01:00:00+00:00,11.93,69.35,559.65,841.42,131.85,273.75,1.79,174.0,100720.0
1990-03-25 02:00:00+00:00,14.98,60.5,730.65,868.49,148.45,280.8,1.79,183.0,100740.0
1990-03-25 03:00:00+00:00,17.62,54.7,844.2,870.96,158.1,288.55,1.79,191.0,100720.0
1990-03-25 04:00:00+00:00,19.74,49.55,889.55,854.31,161.15,295.9,1.79,200.0,100660.0
1990-03-25 05:00:00+00:00,21.26,44.85,861.85,817.71,158.2,301.7,1.93,202.0,100570.0
1990-03-25 06:00:00+00:00,22.27,40.5,764.45,758.33,149.5,305.75,2.21,193.0,100480.0
1990-03-25 07:00:00+00:00,22.2,39.05,606.1,667.12,134.3,306.35,2.48,184.0,100400.0
1990-03-25 08:00:00+00:00,22.1,40.5,404.5,527.62,110.9,307.5,3.17,180.0,100350.0
1990-03-25 09:00:00+00:00,21.37,44.85,189.05,310.76,74.4,308.65,3.59,173.0,100340.0
1990-03-25 10:00:00+00:00,19.69,51.4,26.9,63.85,16.85,308.5,3.52,168.0,100400.0
1990-03-25 11:00:00+00:00,17.38,58.8,0.0,0.0,0.0,304.4,3.66,167.0,100460.0
1990-03-25 12:00:00+00:00,15.86,62.85,0.0,0.0,0.0,299.95,3.72,165.0,100500.0
1990-03-25 13:00:00+00:00,14.78,67.35,0.0,0.0,0.0,296.65,3.72,167.0,100560.0
1990-03-25 14:00:00+00:00,13.97,69.75,0.0,0.0,0.0,293.95,3.72,168.0,100620.0
1990-03-25 15:00:00+00:00,13.31,72.2,0.0,0.0,0.0,292.6,3.66,167.0,100610.0
1990-03-25 16:00:00+00:00,12.68,77.45,0.0,0.0,0.0,291.45,3.59,166.0,100630.0
1990-03-25 17:00:00+00:00,12.14,80.2,0.0,0.0,0.0,290.5,3.59,166.0,100620.0
1990-03-25 18:00:00+00:00,11.7,83.1,0.0,0.0,0.0,293.4,3.45,167.0,100620.0
1990-03-25 19:00:00+00:00,11.9,80.2,0.0,0.0,0.0,306.15,3.31,167.0,100610.0
1990-03-25 20:00:00+00:00,11.67,80.15,0.0,0.0,0.0,311.55,3.03,168.0,100550.0
1990-03-25 21:00:00+00:00,11.51,80.15,0.0,0.0,0.0,321.45,2.76,168.0,100570.0
1990-03-25 22:00:00+00:00,11.17,83.05,0.0,0.0,0.0,318.35,2.69,170.0,100600.0
1990-03-25 23:00:00+00:00,11.24,86.1,78.4,135.04,65.25,326.1,2.76,168.0,100690.0
1990-03-26 00:00:00+00:00,12.35,77.45,262.2,354.95,149.45,326.1,2.55,160.0,100700.0
1990-03-26 01:00:00+00:00,14.79,69.85,559.3,833.7,131.7,315.75,3.31,163.0,100740.0
1990-03-26 02:00:00+00:00,17.53,60.95,720.5,843.12,151.75,292.05,3.59,171.0,100720.0
1990-03-26 03:00:00+00:00,19.82,53.25,778.25,742.27,190.6,301.3,3.72,172.0,100720.0
1990-03-26 04:00:00+00:00,21.35,48.2,827.6,713.35,216.8,316.05,4.21,167.0,100640.0
1990-03-26 05:00:00+00:00,22.41,40.6,834.25,762.24,175.8,333.45,4.83,165.0,100560.0
1990-03-26 06:00:00+00:00,22.8,39.15,709.1,667.36,165.9,323.95,5.1,166.0,100460.0
1990-03-26 07:00:00+00:00,22.79,37.75,585.6,612.6,150.65,327.85,5.31,167.0,100310.0
1990-03-26 08:00:00+00:00,22.21,39.05,393.3,479.46,125.25,320.65,5.38,165.0,100260.0
1990-03-26 09:00:00+00:00,21.18,44.85,177.5,247.16,85.7,315.65,4.83,161.0,100210.0
1990-03-26 10:00:00+00:00,19.66,53.25,27.3,62.87,17.25,316.4,4.41,160.0,100220.0
1990-03-26 11:00:00+00:00,17.81,60.95,0.0,0.0,0.0,310.2,4.34,163.0,100250.0
1990-03-26 12:00:00+00:00,16.62,67.65,0.0,0.0,0.0,308.85,4.14,161.0,100320.0
1990-03-26 13:00:00+00:00,15.73,75.1,0.0,0.0,0.0,309.65,3.86,158.0,100390.0
1990-03-26 14:00:00+00:00,14.99,75.1,0.0,0.0,0.0,309.25,3.66,158.0,100420.0
1990-03-26 15:00:00+00:00,14.32,77.75,0.0,0.0,0.0,308.1,3.52,157.0,100420.0
1990-03-26 16:00:00+00:00,13.7,83.35,0.0,0.0,0.0,306.55,3.52,159.0,100400.0
1990-03-26 17:00:00+00:00,13.09,86.3,0.0,0.0,0.0,305.4,3.1,160.0,100400.0
1990-03-26 18:00:00+00:00,12.45,89.4,0.0,0.0,0.0,306.95,2.55,161.0,100350.0
1990-03-26 19:00:00+00:00,11.87,89.35,0.0,0.0,0.0,301.3,2.55,160.0,100240.0
1990-03-26 20:00:00+00:00,11.35,92.55,0.0,0.0,0.0,303.05,2.07,166.0,100190.0
1990-03-26 21:00:00+00:00,10.78,95.9,0.0,0.0,0.0,299.2,1.31,178.0,100180.0
1990-03-26 22:00:00+00:00,10.7,95.9,0.0,0.0,0.0,304.05,0.76,191.0,100220.0
1990-03-26 23:00:00+00:00,10.6,95.9,123.5,566.75,65.6,299.4,0.76,216.0,100290.0
1990-03-27 00:00:00+00:00,11.87,92.6,273.5,452.07,127.8,299.2,0.76,210.0,100330.0
1990-03-27 01:00:00+00:00,14.37,80.55,416.95,410.95,204.35,317.3,0.76,233.0,100360.0
1990-03-27 02:00:00+00:00,16.31,75.15,612.0,589.82,211.65,340.6,0.69,268.0,100310.0
1990-03-27 03:00:00+00:00,18.4,65.65,761.05,665.37,231.7,346.2,0.69,298.0,100240.0
1990-03-27 04:00:00+00:00,20.26,59.35,752.8,621.18,218.7,334.6,0.69,304.0,100140.0
1990-03-27 05:00:00+00:00,21.59,53.75,679.55,512.34,235.3,344.1,0.76,304.0,100040.0
1990-03-27 06:00:00+00:00,22.46,50.3,670.75,597.84,182.35,350.85,0.83,309.0,99940.0
1990-03-27 07:00:00+00:00,23.0,47.0,535.1,540.79,149.65,336.75,0.83,317.0,99830.0
1990-03-27 08:00:00+00:00,23.21,45.35,310.3,341.95,118.25,343.1,0.69,312.0,99780.0
1990-03-27 09:00:00+00:00,22.91,45.35,156.5,228.55,71.05,343.1,0.28,296.0,99780.0
1990-03-27 10:00:00+00:00,22.15,52.0,21.25,48.37,13.4,342.15,0.62,184.0,99830.0
1990-03-27 11:00:00+00:00,20.41,59.5,0.0,0.0,0.0,351.45,1.72,179.0,99890.0
1990-03-27 12:00:00+00:00,18.52,68.05,0.0,0.0,0.0,347.4,2.0,177.0,99960.0
1990-03-27 13:00:00+00:00,17.67,75.4,0.0,0.0,0.0,362.65,1.93,174.0,100020.0
1990-03-27 14:00:00+00:00,16.31,83.55,0.0,0.0,0.0,338.65,1.66,178.0,100060.0
1990-03-27 15:00:00+00:00,15.97,86.5,0.0,0.0,0.0,354.95,1.17,178.0,100100.0
1990-03-27 16:00:00+00:00,16.02,83.55,0.0,0.0,0.0,353.4,0.97,144.0,100100.0
1990-03-27 17:00:00+00:00,15.5,86.5,0.0,0.0,0.0,348.95,0.76,123.0,100050.0
1990-03-27 18:00:00+00:00,15.32,83.5,0.0,0.0,0.0,339.05,0.48,117.0,100020.0
1990-03-27 19:00:00+00:00,14.56,80.55,0.0,0.0,0.0,324.55,0.34,224.0,100080.0
1990-03-27 20:00:00+00:00,13.14,89.4,0.0,0.0,0.0,337.9,1.1,357.0,100080.0
1990-03-27 21:00:00+00:00,12.58,92.6,0.0,0.0,0.0,350.5,1.45,9.0,100050.0
1990-03-27 22:00:00+00:00,12.47,92.6,0.0,0.0,0.0,347.0,1.31,3.0,100060.0
1990-03-27 23:00:00+00:00,13.17,89.4,65.0,46.29,60.05,353.55,0.9,336.0,100080.0
1990-03-28 00:00:00+00:00,14.3,89.5,196.7,115.17,159.05,353.2,0.48,277.0,100110.0
1990-03-28 01:00:00+00:00,16.87,72.7,258.75,85.2,214.3,352.5,0.62,252.0,100110.0
1990-03-28 02:00:00+00:00,18.44,65.65,246.5,28.92,226.75,363.45,0.83,255.0,100110.0
1990-03-28 03:00:00+00:00,19.38,61.4,341.8,112.08,252.2,370.2,0.9,283.0,100100.0
1990-03-28 04:00:00+00:00,20.61,55.45,699.8,496.85,270.85,368.3,1.31,300.0,100060.0
1990-03-28 05:00:00+00:00,22.94,43.75,814.45,696.81,208.0,355.3,1.66,306.0,99970.0
1990-03-28 06:00:00+00:00,24.18,39.55,725.2,681.81,166.2,330.55,1.1,303.0,99870.0
1990-03-28 07:00:00+00:00,23.97,39.55,581.2,580.19,166.1,330.15,0.41,304.0,99850.0
1990-03-28 08:00:00+00:00,24.08,36.8,392.35,470.17,127.1,330.95,0.41,144.0,99760.0
1990-03-28 09:00:00+00:00,23.74,39.45,187.4,277.17,83.1,328.2,1.59,147.0,99740.0
1990-03-28 10:00:00+00:00,22.24,50.2,29.0,54.95,19.95,324.75,2.07,156.0,99740.0
1990-03-28 11:00:00+00:00,20.0,55.3,0.0,0.0,0.0,319.9,2.34,172.0,99820.0
1990-03-28 12:00:00+00:00,18.36,61.2,0.0,0.0,0.0,314.85,2.14,172.0,99910.0
1990-03-28 13:00:00+00:00,17.0,67.75,0.0,0.0,0.0,326.85,2.0,180.0,100020.0
1990-03-28 14:00:00+00:00,15.83,75.15,0.0,0.0,0.0,330.75,1.86,187.0,100080.0
1990-03-28 15:00:00+00:00,14.9,77.8,0.0,0.0,0.0,328.6,1.38,155.0,100060.0
1990-03-28 16:00:00+00:00,13.99,83.4,0.0,0.0,0.0,325.7,1.31,110.0,100040.0
1990-03-28 17:00:00+00:00,12.83,86.3,0.0,0.0,0.0,310.8,1.52,96.0,100040.0
1990-03-28 18:00:00+00:00,12.52,89.4,0.0,0.0,0.0,308.5,1.45,112.0,100020.0
1990-03-28 19:00:00+00:00,11.41,92.55,0.0,0.0,0.0,304.4,1.59,121.0,99970.0
1990-03-28 20:00:00+00:00,11.97,89.35,0.0,0.0,0.0,301.9,1.24,111.0,99940.0
1990-03-28 21:00:00+00:00,11.76,92.55,0.0,0.0,0.0,299.75,0.97,90.0,99940.0
1990-03-28 22:00:00+00:00,11.59,92.55,0.0,0.0,0.0,297.65,0.83,84.0,100000.0
1990-03-28 23:00:00+00:00,11.69,95.9,148.45,727.02,67.25,296.3,0.62,79.0,100030.0
1990-03-29 00:00:00+00:00,12.95,92.65,353.9,728.21,112.5,298.6,0.55,96.0,100090.0
1990-03-29 01:00:00+00:00,16.44,80.75,557.1,797.45,137.55,308.0,0.48,149.0,100120.0
1990-03-29 02:00:00+00:00,18.67,75.55,717.6,814.48,158.05,312.15,0.41,253.0,100160.0
1990-03-29 03:00:00+00:00,20.55,66.05,826.8,818.09,169.7,322.05,0.83,264.0,100170.0
1990-03-29 04:00:00+00:00,22.29,57.75,735.5,529.17,276.8,328.05,1.79,263.0,100160.0
1990-03-29 05:00:00+00:00,23.01,52.25,500.45,268.63,265.8,377.55,3.38,301.0,100170.0
1990-03-29 06:00:00+00:00,21.62,57.65,303.35,42.17,268.65,384.55,4.9,325.0,100170.0
1990-03-29 07:00:00+00:00,20.99,53.6,274.95,81.05,216.75,394.8,3.52,333.0,100210.0
1990-03-29 08:00:00+00:00,21.21,49.95,132.1,46.68,105.65,382.8,3.1,342.0,100180.0
1990-03-29 09:00:00+00:00,20.65,53.5,75.6,60.34,52.75,376.2,2.28,358.0,100200.0
1990-03-29 10:00:00+00:00,19.99,57.3,21.7,38.0,15.35,380.65,2.14,12.0,100210.0
1990-03-29 11:00:00+00:00,18.66,63.4,0.0,0.0,0.0,354.15,1.79,17.0,100280.0
1990-03-29 12:00:00+00:00,17.63,70.3,0.0,0.0,0.0,332.3,0.41,341.0,100360.0
1990-03-29 13:00:00+00:00,15.59,80.6,0.0,0.0,0.0,322.2,1.17,240.0,100430.0
1990-03-29 14:00:00+00:00,15.03,77.8,0.0,0.0,0.0,324.35,1.1,247.0,100480.0
1990-03-29 15:00:00+00:00,15.35,77.8,0.0,0.0,0.0,310.05,0.69,266.0,100520.0
1990-03-29 16:00:00+00:00,14.56,80.55,0.0,0.0,0.0,306.35,0.83,227.0,100510.0
1990-03-29 17:00:00+00:00,12.65,89.4,0.0,0.0,0.0,308.3,1.24,207.0,100510.0
1990-03-29 18:00:00+00:00,12.62,89.4,0.0,0.0,0.0,293.6,1.03,212.0,100490.0
1990-03-29 19:00:00+00:00,11.33,89.3,0.0,0.0,0.0,294.35,1.24,19.0,100470.0
1990-03-29 20:00:00+00:00,9.54,95.85,0.0,0.0,0.0,293.2,2.14,11.0,100510.0
1990-03-29 21:00:00+00:00,10.19,95.9,0.0,0.0,0.0,296.65,2.76,15.0,100600.0
1990-03-29 22:00:00+00:00,10.93,83.05,0.0,0.0,0.0,293.0,3.38,23.0,100710.0
1990-03-29 23:00:00+00:00,11.03,64.25,155.1,727.47,70.4,286.8,3.38,28.0,100850.0
1990-03-30 00:00:00+00:00,12.92,49.85,291.55,506.6,121.3,285.65,2.69,27.0,101030.0
1990-03-30 01:00:00+00:00,14.93,37.25,521.65,705.82,147.25,303.35,3.31,32.0,101110.0
1990-03-30 02:00:00+00:00,16.49,36.15,568.9,572.16,173.5,296.5,4.21,40.0,101120.0
1990-03-30 03:00:00+00:00,17.4,35.05,543.7,358.26,254.6,323.2,4.07,38.0,101130.0
1990-03-30 04:00:00+00:00,17.87,30.2,541.05,338.24,246.7,333.25,4.14,40.0,101060.0
1990-03-30 05:00:00+00:00,18.16,28.0,620.55,385.01,283.05,337.9,4.0,44.0,100970.0
1990-03-30 06:00:00+00:00,18.6,25.05,251.7,43.24,216.0,338.3,3.59,45.0,100900.0
1990-03-30 07:00:00+00:00,17.6,26.8,165.05,11.52,156.75,350.1,2.83,55.0,100870.0
1990-03-30 08:00:00+00:00,17.19,28.8,117.3,8.26,112.6,349.7,2.0,65.0,100850.0
1990-03-30 09:00:00+00:00,16.79,33.5,54.5,2.23,53.65,352.6,1.66,91.0,100860.0
1990-03-30 10:00:00+00:00,15.92,36.0,3.65,1.77,3.35,347.95,1.72,120.0,100900.0
1990-03-30 11:00:00+00:00,14.73,40.1,0.0,0.0,0.0,346.0,1.93,149.0,100940.0
1990-03-30 12:00:00+00:00,13.79,44.65,0.0,0.0,0.0,340.2,2.28,167.0,101060.0
1990-03-30 13:00:00+00:00,13.06,49.85,0.0,0.0,0.0,338.3,2.83,181.0,101190.0
1990-03-30 14:00:00+00:00,12.15,55.5,0.0,0.0,0.0,330.55,3.03,190.0,101270.0
1990-03-30 15:00:00+00:00,11.31,59.7,0.0,0.0,0.0,324.15,2.76,195.0,101290.0
1990-03-30 16:00:00+00:00,10.58,66.55,0.0,0.0,0.0,314.85,2.14,195.0,101300.0
1990-03-30 17:00:00+00:00,9.77,71.6,0.0,0.0,0.0,296.3,1.52,183.0,101310.0
1990-03-30 18:00:00+00:00,8.75,85.9,0.0,0.0,0.0,284.3,1.31,155.0,101320.0
1990-03-30 19:00:00+00:00,8.42,92.4,0.0,0.0,0.0,305.4,1.17,124.0,101270.0
1990-03-30 20:00:00+00:00,7.79,92.4,0.0,0.0,0.0,285.05,1.31,113.0,101260.0
1990-03-30 21:00:00+00:00,7.55,92.35,0.0,0.0,0.0,263.95,1.24,108.0,101280.0
1990-03-30 22:00:00+00:00,8.28,89.1,0.0,0.0,0.0,256.2,0.9,119.0,101340.0
1990-03-30 23:00:00+00:00,8.15,92.4,168.65,817.96,69.55,254.85,0.34,154.0,101390.0
1990-03-31 00:00:00+00:00,9.81,79.95,387.6,818.13,108.95,257.0,0.14,274.0,101480.0
1990-03-31 01:00:00+00:00,12.58,59.95,597.15,867.33,133.35,261.75,0.41,329.0,101540.0
1990-03-31 02:00:00+00:00,14.61,46.6,765.25,885.52,149.75,267.85,0.62,6.0,101560.0
1990-03-31 03:00:00+00:00,16.21,41.9,869.15,860.84,171.3,273.25,0.76,18.0,101510.0
1990-03-31 04:00:00+00:00,17.64,36.4,903.9,825.3,182.9,279.05,0.9,30.0,101460.0
1990-03-31 05:00:00+00:00,18.65,32.75,857.55,731.86,213.75,285.65,0.97,46.0,101350.0
1990-03-31 06:00:00+00:00,19.27,30.5,720.65,569.53,248.85,291.45,0.9,67.0,101260.0
1990-03-31 07:00:00+00:00,19.38,27.3,513.65,359.39,253.7,314.3,0.62,86.0,101200.0
1990-03-31 08:00:00+00:00,19.22,28.25,336.7,245.83,196.2,313.1,0.69,124.0,101150.0
1990-03-31 09:00:00+00:00,18.94,27.2,157.4,108.88,115.65,315.85,0.76,125.0,101120.0
1990-03-31 10:00:00+00:00,17.95,36.55,26.65,18.91,23.4,308.5,0.62,145.0,101140.0
1990-03-31 11:00:00+00:00,16.55,45.3,0.0,0.0,0.0,314.5,1.17,174.0,101200.0
1990-03-31 12:00:00+00:00,14.32,50.25,0.0,0.0,0.0,305.4,1.72,184.0,101260.0
1990-03-31 13:00:00+00:00,12.76,55.65,0.0,0.0,0.0,297.45,2.0,186.0,101340.0
1990-03-31 14:00:00+00:00,12.03,55.5,0.0,0.0,0.0,300.35,2.34,182.0,101350.0
1990-03-31 15:00:00+00:00,11.13,59.6,0.0,0.0,0.0,279.85,2.76,178.0,101330.0
1990-03-31 16:00:00+00:00,5.93,72.95,0.0,0.0,0.0,253.11,2.26,174.0,101270.0
1990-03-31 17:00:00+00:00,7.21,71.65,0.0,0.0,0.0,259.69,2.36,171.0,101260.0
1990-03-31 18:00:00+00:00,8.48,70.36,0.0,0.0,0.0,266.27,2.46,167.0,101210.0
1990-03-31 19:00:00+00:00,9.75,69.07,0.0,0.0,0.0,272.84,2.57,161.0,101170.0
1990-03-31 20:00:00+00:00,11.03,67.77,0.0,0.0,0.0,279.42,2.67,165.0,101150.0
1990-03-31 21:00:00+00:00,12.3,66.48,0.0,0.0,0.0,285.99,2.77,168.0,101140.0
1990-03-31 22:00:00+00:00,13.57,65.19,0.0,0.0,0.0,292.57,2.87,171.0,101180.0
1990-03-31 23:00:00+00:00,14.84,63.89,168.75,749.25,74.45,299.15,2.97,172.0,101220.0
1990-04-01 00:00:00+00:00,16.12,62.6,362.05,725.6,111.65,305.72,3.08,164.0,100200.0
1990-04-01 01:00:00+00:00,17.39,61.31,561.7,785.07,138.55,312.3,3.18,165.0,100190.0
1990-04-01 02:00:00+00:00,18.66,60.01,725.0,813.91,156.05,318.87,3.28,167.0,100180.0
1990-04-01 03:00:00+00:00,19.93,58.72,832.55,818.86,165.75,325.45,3.38,170.0,100140.0
1990-04-01 04:00:00+00:00,21.21,57.43,873.05,802.79,169.05,332.03,3.49,171.0,100060.0
1990-04-01 05:00:00+00:00,22.48,56.13,849.05,776.94,163.25,338.6,3.59,171.0,99960.0
1990-04-01 06:00:00+00:00,23.75,54.84,719.2,636.17,190.45,345.18,3.69,167.0,99840.0
1990-04-01 07:00:00+00:00,25.03,53.55,586.75,606.4,146.6,351.76,3.79,163.0,99730.0
1990-04-01 08:00:00+00:00,25.36,44.3,406.15,507.99,114.6,354.55,5.03,160.0,99660.0
1990-04-01 09:00:00+00:00,24.93,45.75,195.05,304.59,77.55,347.95,5.03,157.0,99630.0
1990-04-01 10:00:00+00:00,23.78,50.55,32.7,71.76,20.2,344.65,4.28,151.0,99670.0
1990-04-01 11:00:00+00:00,22.0,55.65,0.0,0.0,0.0,340.2,4.21,148.0,99720.0
1990-04-01 12:00:00+00:00,20.84,57.55,0.0,0.0,0.0,336.15,4.41,149.0,99790.0
1990-04-01 13:00:00+00:00,20.07,61.5,0.0,0.0,0.0,335.2,4.48,149.0,99890.0
1990-04-01 14:00:00+00:00,19.34,63.6,0.0,0.0,0.0,333.25,4.41,148.0,99940.0
1990-04-01 15:00:00+00:00,18.67,68.05,0.0,0.0,0.0,331.5,4.34,148.0,99950.0
1990-04-01 16:00:00+00:00,18.01,70.35,0.0,0.0,0.0,329.2,4.07,150.0,99930.0
1990-04-01 17:00:00+00:00,17.36,72.8,0.0,0.0,0.0,326.65,3.93,148.0,99940.0
1990-04-01 18:00:00+00:00,16.78,75.3,0.0,0.0,0.0,325.5,3.86,145.0,99900.0
1990-04-01 19:00:00+00:00,16.77,72.7,0.0,0.0,0.0,326.3,3.66,145.0,99820.0
1990-04-01 20:00:00+00:00,16.29,75.25,0.0,0.0,0.0,323.0,3.59,145.0,99750.0
1990-04-01 21:00:00+00:00,15.84,75.15,0.0,0.0,0.0,321.05,3.59,143.0,99740.0
1990-04-01 22:00:00+00:00,15.42,77.8,0.0,0.0,0.0,319.1,3.59,143.0,99730.0
1990-04-01 23:00:00+00:00,15.48,80.6,161.2,689.06,71.25,318.75,3.66,143.0,99810.0
1990-04-02 00:00:00+00:00,17.21,70.3,337.05,633.23,115.7,323.4,3.72,140.0,99860.0
1990-04-02 01:00:00+00:00,19.32,63.6,543.95,703.69,161.7,333.75,4.55,141.0,99880.0
1990-04-02 02:00:00+00:00,21.52,55.65,627.5,581.62,218.65,341.0,4.97,142.0,99830.0
1990-04-02 03:00:00+00:00,23.19,52.1,707.05,505.38,293.7,359.2,5.17,145.0,99790.0
1990-04-02 04:00:00+00:00,24.59,47.25,704.85,470.0,291.15,369.65,5.45,148.0,99700.0
1990-04-02 05:00:00+00:00,25.58,44.3,412.5,149.55,280.05,389.2,5.72,152.0,99620.0
1990-04-02 06:00:00+00:00,25.15,45.75,164.25,5.04,160.05,404.85,5.72,153.0,99500.0
1990-04-02 07:00:00+00:00,21.2,66.25,142.0,31.99,118.7,403.7,3.59,145.0,99490.0
1990-04-02 08:00:00+00:00,20.31,75.85,49.75,1.04,49.15,394.4,3.45,132.0,99430.0
1990-04-02 09:00:00+00:00,19.59,81.1,27.25,0.0,27.25,395.95,3.24,120.0,99370.0
1990-04-02 10:00:00+00:00,18.94,86.8,3.8,0.28,3.75,393.65,3.03,119.0,99370.0
1990-04-02 11:00:00+00:00,18.57,89.75,0.0,0.0,0.0,395.4,2.83,116.0,99370.0
1990-04-02 12:00:00+00:00,18.43,89.75,0.0,0.0,0.0,395.95,2.48,107.0,99380.0
1990-04-02 13:00:00+00:00,18.36,89.75,0.0,0.0,0.0,396.55,2.14,107.0,99420.0
1990-04-02 14:00:00+00:00,18.31,89.75,0.0,0.0,0.0,398.85,1.79,95.0,99410.0
1990-04-02 15:00:00+00:00,18.25,89.75,0.0,0.0,0.0,400.0,1.72,84.0,99370.0
1990-04-02 16:00:00+00:00,18.2,92.85,0.0,0.0,0.0,401.4,1.79,91.0,99280.0
1990-04-02 17:00:00+00:00,18.2,92.85,0.0,0.0,0.0,401.75,1.59,102.0,99220.0
1990-04-02 18:00:00+00:00,18.18,92.85,0.0,0.0,0.0,402.35,1.45,116.0,99130.0
1990-04-02 19:00:00+00:00,17.23,92.85,0.0,0.0,0.0,397.7,1.79,26.0,99160.0
1990-04-02 20:00:00+00:00,17.02,96.05,0.0,0.0,0.0,397.3,1.86,15.0,99120.0
1990-04-02 21:00:00+00:00,16.85,96.05,0.0,0.0,0.0,396.9,1.79,4.0,99170.0
1990-04-02 22:00:00+00:00,16.59,96.05,0.0,0.0,0.0,396.75,2.21,353.0,99170.0
1990-04-02 23:00:00+00:00,16.28,96.05,17.0,0.0,17.0,395.55,2.76,351.0,99220.0
1990-04-03 00:00:00+00:00,16.02,96.0,20.9,0.0,20.9,393.65,2.97,352.0,99290.0
1990-04-03 01:00:00+00:00,15.6,96.0,32.55,0.0,32.55,392.0,3.38,356.0,99320.0
1990-04-03 02:00:00+00:00,15.26,96.0,38.15,0.0,38.15,390.55,3.66,357.0,99340.0
1990-04-03 03:00:00+00:00,14.93,96.0,62.05,0.0,62.05,388.0,3.79,355.0,99350.0
1990-04-03 04:00:00+00:00,14.76,92.7,35.95,0.0,35.95,386.85,4.21,351.0,99310.0
1990-04-03 05:00:00+00:00,14.44,96.0,32.45,0.0,32.45,384.35,4.28,344.0,99270.0
1990-04-03 06:00:00+00:00,14.11,95.95,60.35,1.43,59.15,382.0,4.62,345.0,99230.0
1990-04-03 07:00:00+00:00,13.94,92.65,46.55,0.27,46.35,377.2,4.41,355.0,99340.0
1990-04-03 08:00:00+00:00,13.51,95.95,27.9,0.0,27.9,375.65,4.76,356.0,99330.0
1990-04-03 09:00:00+00:00,12.95,95.95,12.25,0.0,12.25,372.75,5.03,360.0,99380.0
1990-04-03 10:00:00+00:00,12.25,95.95,2.6,0.0,2.6,369.65,5.1,3.0,99430.0
1990-04-03 11:00:00+00:00,11.78,92.55,0.0,0.0,0.0,366.15,4.9,3.0,99550.0
1990-04-03 12:00:00+00:00,11.45,95.9,0.0,0.0,0.0,363.25,4.9,2.0,99640.0
1990-04-03 13:00:00+00:00,11.37,92.55,0.0,0.0,0.0,361.3,4.9,2.0,99760.0
1990-04-03 14:00:00+00:00,11.33,89.3,0.0,0.0,0.0,360.55,4.69,358.0,99810.0
1990-04-03 15:00:00+00:00,11.4,89.3,0.0,0.0,0.0,359.95,4.41,352.0,99830.0
1990-04-03 16:00:00+00:00,11.52,86.1,0.0,0.0,0.0,360.35,4.41,350.0,99780.0
1990-04-03 17:00:00+00:00,11.72,83.1,0.0,0.0,0.0,359.55,4.07,347.0,99780.0
1990-04-03 18:00:00+00:00,11.87,83.1,0.0,0.0,0.0,358.0,4.0,346.0,99770.0
1990-04-03 19:00:00+00:00,10.96,86.1,0.0,0.0,0.0,348.35,4.14,348.0,99820.0
1990-04-03 20:00:00+00:00,10.97,83.05,0.0,0.0,0.0,353.55,4.0,351.0,99800.0
1990-04-03 21:00:00+00:00,10.87,83.05,0.0,0.0,0.0,347.0,3.86,359.0,99830.0
1990-04-03 22:00:00+00:00,10.75,80.1,0.0,0.0,0.0,341.95,3.72,5.0,99820.0
1990-04-03 23:00:00+00:00,10.82,80.1,74.1,26.46,70.4,337.3,3.31,1.0,99910.0
1990-04-04 00:00:00+00:00,11.38,80.1,156.4,44.09,140.6,334.0,3.17,2.0,99990.0
1990-04-04 01:00:00+00:00,12.23,74.6,232.1,33.82,213.45,337.25,3.72,7.0,100050.0
1990-04-04 02:00:00+00:00,13.07,69.45,172.95,25.05,155.15,345.65,4.34,10.0,100070.0
1990-04-04 03:00:00+00:00,13.26,67.05,140.05,1.03,139.2,357.85,3.93,8.0,100060.0
1990-04-04 04:00:00+00:00,13.38,67.05,119.4,0.0,119.4,360.95,3.24,6.0,100080.0
1990-04-04 05:00:00+00:00,13.21,72.1,180.7,8.69,172.95,361.1,2.69,0.0,100050.0
1990-04-04 06:00:00+00:00,13.29,77.5,246.25,32.18,219.25,359.2,2.76,355.0,99980.0
1990-04-04 07:00:00+00:00,14.56,69.75,184.05,11.39,175.7,362.65,2.62,6.0,99990.0
1990-04-04 08:00:00+00:00,14.3,74.95,82.5,0.34,82.3,360.35,1.86,353.0,99980.0
1990-04-04 09:00:00+00:00,13.9,83.35,49.5,0.0,49.5,361.7,1.31,340.0,100000.0
1990-04-04 10:00:00+00:00,13.66,83.35,12.4,0.0,12.4,361.7,1.38,349.0,100050.0
1990-04-04 11:00:00+00:00,13.22,89.4,0.0,0.0,0.0,360.15,1.52,349.0,100150.0
1990-04-04 12:00:00+00:00,12.91,89.4,0.0,0.0,0.0,352.8,1.38,7.0,100260.0
1990-04-04 13:00:00+00:00,12.61,92.6,0.0,0.0,0.0,353.75,1.45,36.0,100380.0
1990-04-04 14:00:00+00:00,12.07,92.55,0.0,0.0,0.0,343.3,2.41,48.0,100460.0
1990-04-04 15:00:00+00:00,11.19,83.05,0.0,0.0,0.0,339.45,3.24,50.0,100560.0
1990-04-04 16:00:00+00:00,9.76,77.1,0.0,0.0,0.0,316.4,3.17,43.0,100600.0
1990-04-04 17:00:00+00:00,8.99,76.95,0.0,0.0,0.0,320.5,2.76,34.0,100660.0
1990-04-04 18:00:00+00:00,8.39,74.05,0.0,0.0,0.0,307.5,2.21,30.0,100690.0
1990-04-04 19:00:00+00:00,9.16,77.0,0.0,0.0,0.0,323.0,1.79,14.0,100710.0
1990-04-04 20:00:00+00:00,8.93,76.95,0.0,0.0,0.0,328.8,1.93,30.0,100640.0
1990-04-04 21:00:00+00:00,8.41,76.85,0.0,0.0,0.0,312.55,1.52,37.0,100650.0
1990-04-04 22:00:00+00:00,8.24,79.75,0.0,0.0,0.0,323.55,1.03,34.0,100670.0
1990-04-04 23:00:00+00:00,8.35,79.75,97.2,233.35,63.5,323.2,0.9,33.0,100770.0
1990-04-05 00:00:00+00:00,9.2,68.9,227.55,200.71,154.75,324.95,1.24,34.0,100870.0
1990-04-05 01:00:00+00:00,10.06,69.0,438.4,390.86,221.25,315.55,1.52,40.0,100890.0
1990-04-05 02:00:00+00:00,11.65,64.35,646.55,592.82,223.05,325.1,1.31,44.0,100910.0
1990-04-05 03:00:00+00:00,13.25,62.3,783.25,663.01,234.05,311.95,0.97,48.0,100870.0
1990-04-05 04:00:00+00:00,14.82,60.4,866.65,754.48,195.4,307.9,1.1,37.0,100790.0
1990-04-05 05:00:00+00:00,16.36,56.5,719.5,434.9,330.6,309.45,1.79,17.0,100690.0
1990-04-05 06:00:00+00:00,16.96,54.6,519.8,299.17,268.0,325.9,2.41,7.0,100610.0
1990-04-05 07:00:00+00:00,17.71,49.15,356.8,150.84,245.85,345.65,3.03,11.0,100540.0
1990-04-05 08:00:00+00:00,17.46,50.85,188.65,92.08,134.95,355.5,2.62,14.0,100480.0
1990-04-05 09:00:00+00:00,16.79,52.65,84.25,39.76,68.55,356.85,1.72,26.0,100470.0
1990-04-05 10:00:00+00:00,15.81,60.65,23.65,30.52,18.05,344.5,0.69,65.0,100480.0
1990-04-05 11:00:00+00:00,14.68,75.0,0.0,0.0,0.0,336.55,0.55,111.0,100540.0
1990-04-05 12:00:00+00:00,13.72,77.6,0.0,0.0,0.0,337.3,0.69,174.0,100630.0
1990-04-05 13:00:00+00:00,12.95,80.3,0.0,0.0,0.0,317.95,0.83,200.0,100760.0
1990-04-05 14:00:00+00:00,12.58,83.15,0.0,0.0,0.0,329.75,0.83,213.0,100790.0
1990-04-05 15:00:00+00:00,11.96,86.15,0.0,0.0,0.0,342.15,0.97,256.0,100820.0
1990-04-05 16:00:00+00:00,11.28,92.55,0.0,0.0,0.0,338.3,1.31,287.0,100820.0
1990-04-05 17:00:00+00:00,11.64,89.3,0.0,0.0,0.0,347.95,1.59,303.0,100860.0
1990-04-05 18:00:00+00:00,12.12,83.15,0.0,0.0,0.0,353.55,2.0,315.0,100840.0
1990-04-05 19:00:00+00:00,12.11,86.2,0.0,0.0,0.0,353.4,3.24,313.0,100870.0
1990-04-05 20:00:00+00:00,12.16,86.2,0.0,0.0,0.0,354.15,5.03,311.0,100900.0
1990-04-05 21:00:00+00:00,11.68,86.15,0.0,0.0,0.0,354.15,5.31,311.0,100930.0
1990-04-05 22:00:00+00:00,11.13,77.2,0.0,0.0,0.0,341.75,4.9,309.0,100930.0
1990-04-05 23:00:00+00:00,11.12,71.75,122.8,250.7,85.45,330.35,4.76,310.0,100980.0
1990-04-06 00:00:00+00:00,11.86,64.35,399.0,773.66,115.05,308.5,5.03,312.0,101050.0
1990-04-06 01:00:00+00:00,13.61,51.75,602.05,834.54,135.05,278.4,5.66,312.0,101070.0
1990-04-06 02:00:00+00:00,14.96,40.1,776.8,870.22,151.9,276.55,6.41,320.0,101080.0
1990-04-06 03:00:00+00:00,16.01,34.65,890.95,879.98,159.05,280.2,5.93,323.0,101030.0
1990-04-06 04:00:00+00:00,16.96,32.35,935.9,864.25,164.35,276.95,5.45,322.0,100960.0
1990-04-06 05:00:00+00:00,17.79,31.4,908.2,832.24,161.7,277.3,5.03,322.0,100870.0
1990-04-06 06:00:00+00:00,18.42,31.55,807.15,775.2,152.75,278.65,4.69,323.0,100760.0
1990-04-06 07:00:00+00:00,18.73,29.35,646.35,688.79,138.1,280.6,4.76,321.0,100700.0
1990-04-06 08:00:00+00:00,18.84,29.35,442.0,557.92,115.4,282.15,4.28,322.0,100650.0
1990-04-06 09:00:00+00:00,18.58,32.75,221.2,353.09,81.0,282.75,3.31,325.0,100600.0
1990-04-06 10:00:00+00:00,17.48,39.25,41.5,96.1,23.65,282.75,1.79,333.0,100630.0
1990-04-06 11:00:00+00:00,15.56,60.5,0.0,0.0,0.0,279.25,1.1,340.0,100650.0
1990-04-06 12:00:00+00:00,15.6,41.75,0.0,0.0,0.0,275.95,0.28,322.0,100720.0
1990-04-06 13:00:00+00:00,14.5,46.5,0.0,0.0,0.0,274.05,0.48,218.0,100820.0
1990-04-06 14:00:00+00:00,13.21,51.75,0.0,0.0,0.0,272.1,0.97,205.0,100880.0
1990-04-06 15:00:00+00:00,11.62,59.7,0.0,0.0,0.0,270.15,1.1,201.0,100940.0
1990-04-06 16:00:00+00:00,10.98,64.25,0.0,0.0,0.0,268.6,0.76,200.0,100950.0
1990-04-06 17:00:00+00:00,10.35,69.1,0.0,0.0,0.0,267.65,0.34,170.0,100980.0
1990-04-06 18:00:00+00:00,9.79,71.6,0.0,0.0,0.0,265.1,0.34,151.0,100960.0
1990-04-06 19:00:00+00:00,8.69,79.85,0.0,0.0,0.0,265.7,0.97,139.0,100970.0
1990-04-06 20:00:00+00:00,8.8,79.85,0.0,0.0,0.0,264.55,0.62,141.0,100980.0
1990-04-06 21:00:00+00:00,8.64,79.85,0.0,0.0,0.0,263.95,0.41,142.0,101010.0
1990-04-06 22:00:00+00:00,8.46,82.75,0.0,0.0,0.0,263.4,0.21,215.0,101080.0
1990-04-06 23:00:00+00:00,8.43,82.75,197.6,792.46,75.95,263.2,0.62,304.0,101180.0
1990-04-07 00:00:00+00:00,10.06,86.0,416.05,817.98,112.35,267.25,0.69,325.0,101280.0
1990-04-07 01:00:00+00:00,13.96,67.15,621.45,859.36,137.15,271.45,1.24,335.0,101340.0
1990-04-07 02:00:00+00:00,16.37,56.5,786.45,877.19,153.35,278.5,1.38,352.0,101380.0
1990-04-07 03:00:00+00:00,18.32,45.85,893.8,877.57,161.0,285.65,1.31,19.0,101380.0
1990-04-07 04:00:00+00:00,19.55,36.95,932.95,858.13,164.3,290.65,1.72,30.0,101380.0
1990-04-07 05:00:00+00:00,20.2,33.3,890.95,816.35,156.5,293.55,1.66,28.0,101330.0
1990-04-07 06:00:00+00:00,20.56,33.3,765.8,694.58,177.75,296.3,1.45,29.0,101260.0
1990-04-07 07:00:00+00:00,20.31,33.3,627.8,650.99,145.95,304.05,0.97,26.0,101170.0
1990-04-07 08:00:00+00:00,20.25,33.3,414.3,475.33,135.0,300.35,1.1,32.0,101120.0
1990-04-07 09:00:00+00:00,19.88,34.45,201.85,277.01,91.25,309.25,1.38,37.0,101120.0
1990-04-07 10:00:00+00:00,19.06,42.7,39.25,76.32,24.9,313.1,0.76,58.0,101140.0
1990-04-07 11:00:00+00:00,17.03,58.7,0.0,0.0,0.0,302.1,1.24,159.0,101190.0
1990-04-07 12:00:00+00:00,14.08,62.45,0.0,0.0,0.0,292.8,2.0,171.0,101260.0
1990-04-07 13:00:00+00:00,12.5,69.35,0.0,0.0,0.0,293.55,2.21,157.0,101360.0
1990-04-07 14:00:00+00:00,11.32,74.45,0.0,0.0,0.0,291.25,2.14,148.0,101420.0
1990-04-07 15:00:00+00:00,10.63,74.45,0.0,0.0,0.0,299.0,1.93,144.0,101450.0
1990-04-07 16:00:00+00:00,10.34,77.15,0.0,0.0,0.0,307.9,1.86,146.0,101430.0
1990-04-07 17:00:00+00:00,10.17,77.15,0.0,0.0,0.0,311.4,1.79,148.0,101440.0
1990-04-07 18:00:00+00:00,9.9,77.1,0.0,0.0,0.0,308.3,1.86,146.0,101400.0
1990-04-07 19:00:00+00:00,9.62,79.95,0.0,0.0,0.0,303.25,1.52,133.0,101380.0
1990-04-07 20:00:00+00:00,9.01,82.85,0.0,0.0,0.0,299.0,1.72,140.0,101360.0
1990-04-07 21:00:00+00:00,8.7,82.85,0.0,0.0,0.0,295.5,1.72,146.0,101390.0
1990-04-07 22:00:00+00:00,8.57,85.9,0.0,0.0,0.0,297.05,1.66,147.0,101450.0
1990-04-07 23:00:00+00:00,9.0,85.95,151.1,244.3,112.5,306.15,1.52,145.0,101500.0
1990-04-08 00:00:00+00:00,12.43,77.35,366.6,515.33,173.1,297.05,1.38,142.0,101540.0
1990-04-08 01:00:00+00:00,16.21,58.6,545.1,570.42,221.4,300.45,1.86,151.0,101580.0
1990-04-08 02:00:00+00:00,18.55,49.3,743.4,755.59,195.35,314.3,2.62,161.0,101560.0
1990-04-08 03:00:00+00:00,20.24,38.65,870.95,813.74,188.8,307.7,3.59,168.0,101530.0
1990-04-08 04:00:00+00:00,21.1,33.45,890.1,746.5,219.25,310.2,4.07,170.0,101440.0
1990-04-08 05:00:00+00:00,21.53,32.35,900.1,818.94,161.15,323.0,4.21,173.0,101320.0
1990-04-08 06:00:00+00:00,21.84,33.6,735.15,661.81,173.25,307.1,4.48,174.0,101190.0
1990-04-08 07:00:00+00:00,21.78,33.6,560.9,537.5,161.85,327.65,4.48,171.0,101050.0
1990-04-08 08:00:00+00:00,21.3,33.6,398.3,434.59,142.0,328.6,4.55,167.0,100930.0
1990-04-08 09:00:00+00:00,20.64,38.65,218.6,342.02,81.3,322.2,4.34,165.0,100880.0
1990-04-08 10:00:00+00:00,19.34,41.3,42.1,92.49,24.5,307.5,4.21,163.0,100860.0
1990-04-08 11:00:00+00:00,17.62,45.55,0.0,0.0,0.0,303.65,4.34,162.0,100860.0
1990-04-08 12:00:00+00:00,16.62,47.0,0.0,0.0,0.0,301.7,4.41,163.0,100880.0
1990-04-08 13:00:00+00:00,15.88,48.65,0.0,0.0,0.0,299.2,4.28,167.0,100940.0
1990-04-08 14:00:00+00:00,15.15,52.25,0.0,0.0,0.0,297.65,4.07,171.0,100950.0
1990-04-08 15:00:00+00:00,14.48,58.1,0.0,0.0,0.0,296.1,4.0,172.0,100950.0
1990-04-08 16:00:00+00:00,13.94,60.2,0.0,0.0,0.0,294.95,3.86,173.0,100920.0
1990-04-08 17:00:00+00:00,13.41,62.3,0.0,0.0,0.0,294.15,3.66,173.0,100860.0
1990-04-08 18:00:00+00:00,12.85,64.55,0.0,0.0,0.0,292.4,3.45,175.0,100800.0
1990-04-08 19:00:00+00:00,13.05,62.2,0.0,0.0,0.0,291.85,3.38,178.0,100670.0
1990-04-08 20:00:00+00:00,12.6,66.85,0.0,0.0,0.0,296.1,3.17,180.0,100610.0
1990-04-08 21:00:00+00:00,12.05,69.25,0.0,0.0,0.0,296.1,2.9,182.0,100590.0
1990-04-08 22:00:00+00:00,11.61,71.85,0.0,0.0,0.0,302.85,2.34,178.0,100580.0
1990-04-08 23:00:00+00:00,11.32,80.1,164.25,358.57,106.0,298.8,1.86,172.0,100610.0
1990-04-09 00:00:00+00:00,13.57,72.1,312.0,289.08,202.25,305.4,1.79,171.0,100620.0
1990-04-09 01:00:00+00:00,15.8,62.85,519.3,455.77,258.9,316.9,2.28,174.0,100630.0
1990-04-09 02:00:00+00:00,18.15,56.85,651.65,433.42,335.75,319.7,2.62,174.0,100610.0
1990-04-09 03:00:00+00:00,20.05,51.5,860.5,772.09,210.8,328.2,2.97,173.0,100550.0
1990-04-09 04:00:00+00:00,21.97,50.05,922.85,839.34,166.15,316.4,3.52,174.0,100480.0
1990-04-09 05:00:00+00:00,23.29,45.35,888.9,801.56,163.55,319.3,4.07,175.0,100360.0
1990-04-09 06:00:00+00:00,24.02,43.9,788.05,743.83,154.75,323.55,4.41,174.0,100220.0
1990-04-09 07:00:00+00:00,24.6,42.5,630.5,660.66,138.55,327.05,4.41,169.0,100030.0
1990-04-09 08:00:00+00:00,24.39,42.5,408.35,441.21,147.2,328.6,4.69,167.0,99940.0
1990-04-09 09:00:00+00:00,23.63,47.0,177.7,140.86,120.85,335.2,4.28,162.0,99920.0
1990-04-09 10:00:00+00:00,22.12,51.9,33.95,21.03,29.9,343.9,4.21,157.0,99920.0
1990-04-09 11:00:00+00:00,20.49,53.5,0.0,0.0,0.0,335.75,4.34,156.0,99980.0
1990-04-09 12:00:00+00:00,19.49,57.2,0.0,0.0,0.0,333.65,4.34,159.0,100040.0
1990-04-09 13:00:00+00:00,18.65,61.2,0.0,0.0,0.0,329.0,4.14,162.0,100130.0
1990-04-09 14:00:00+00:00,17.76,63.3,0.0,0.0,0.0,323.75,3.79,165.0,100160.0
1990-04-09 15:00:00+00:00,16.87,70.2,0.0,0.0,0.0,320.3,3.59,167.0,100180.0
1990-04-09 16:00:00+00:00,16.16,72.65,0.0,0.0,0.0,321.25,3.52,168.0,100130.0
1990-04-09 17:00:00+00:00,15.6,77.8,0.0,0.0,0.0,322.8,3.31,170.0,100100.0
1990-04-09 18:00:00+00:00,15.02,80.55,0.0,0.0,0.0,323.95,3.03,167.0,100030.0
1990-04-09 19:00:00+00:00,14.71,77.75,0.0,0.0,0.0,316.4,2.76,165.0,99930.0
1990-04-09 20:00:00+00:00,14.31,80.45,0.0,0.0,0.0,324.95,2.62,166.0,99840.0
1990-04-09 21:00:00+00:00,13.99,83.35,0.0,0.0,0.0,326.65,2.48,171.0,99850.0
1990-04-09 22:00:00+00:00,13.62,86.3,0.0,0.0,0.0,326.65,2.34,170.0,99800.0
1990-04-09 23:00:00+00:00,13.64,86.35,187.45,617.29,84.45,320.65,2.14,167.0,99850.0
1990-04-10 00:00:00+00:00,15.81,80.65,364.05,513.74,166.9,317.4,1.93,162.0,99880.0
1990-04-10 01:00:00+00:00,18.03,70.35,542.65,605.15,194.6,330.65,2.14,164.0,99890.0
1990-04-10 02:00:00+00:00,20.08,63.7,752.45,790.42,173.6,334.8,2.41,169.0,99900.0
1990-04-10 03:00:00+00:00,22.27,59.8,863.4,828.59,163.55,336.75,2.76,173.0,99850.0
1990-04-10 04:00:00+00:00,24.11,56.15,899.45,807.92,168.8,341.2,3.03,175.0,99760.0
1990-04-10 05:00:00+00:00,25.54,52.75,867.25,773.15,165.65,348.15,3.31,175.0,99670.0
1990-04-10 06:00:00+00:00,26.52,51.2,770.95,718.38,157.65,354.55,3.72,174.0,99550.0
1990-04-10 07:00:00+00:00,26.61,49.45,609.85,613.68,151.55,354.55,3.38,171.0,99420.0
1990-04-10 08:00:00+00:00,26.67,49.45,380.25,366.91,162.3,359.4,3.52,168.0,99350.0
1990-04-10 09:00:00+00:00,26.16,51.05,184.95,185.1,109.85,367.7,3.38,163.0,99290.0
1990-04-10 10:00:00+00:00,24.9,56.35,37.7,43.12,29.3,367.1,3.17,155.0,99310.0
1990-04-10 11:00:00+00:00,23.14,64.2,0.0,0.0,0.0,364.0,3.1,154.0,99400.0
1990-04-10 12:00:00+00:00,21.82,68.6,0.0,0.0,0.0,361.7,2.83,151.0,99540.0
1990-04-10 13:00:00+00:00,20.75,73.35,0.0,0.0,0.0,356.1,3.17,158.0,99660.0
1990-04-10 14:00:00+00:00,20.07,78.45,0.0,0.0,0.0,353.0,3.59,167.0,99710.0
1990-04-10 15:00:00+00:00,19.52,81.1,0.0,0.0,0.0,353.75,3.38,172.0,99750.0
1990-04-10 16:00:00+00:00,18.68,83.85,0.0,0.0,0.0,346.0,2.69,170.0,99780.0
1990-04-10 17:00:00+00:00,17.87,89.75,0.0,0.0,0.0,343.1,2.14,169.0,99840.0
1990-04-10 18:00:00+00:00,17.04,92.8,0.0,0.0,0.0,341.4,1.03,178.0,99850.0
1990-04-10 19:00:00+00:00,17.51,89.7,0.0,0.0,0.0,338.3,0.28,156.0,99810.0
1990-04-10 20:00:00+00:00,16.98,89.65,0.0,0.0,0.0,335.75,0.28,51.0,99810.0
1990-04-10 21:00:00+00:00,16.51,92.8,0.0,0.0,0.0,333.65,0.21,265.0,99900.0
1990-04-10 22:00:00+00:00,15.82,92.75,0.0,0.0,0.0,337.5,0.76,288.0,99960.0
1990-04-10 23:00:00+00:00,15.27,96.0,121.1,28.91,116.15,341.2,1.03,321.0,100050.0
1990-04-11 00:00:00+00:00,17.68,86.7,249.4,120.81,202.55,352.2,1.1,328.0,100170.0
1990-04-11 01:00:00+00:00,20.27,78.5,386.1,183.71,279.75,352.5,1.45,339.0,100280.0
1990-04-11 02:00:00+00:00,22.25,68.7,509.15,287.67,297.5,354.55,2.0,6.0,100370.0
1990-04-11 03:00:00+00:00,23.61,48.7,695.95,397.6,358.9,357.85,3.45,31.0,100420.0
1990-04-11 04:00:00+00:00,24.62,27.45,746.9,387.71,395.2,355.1,4.97,39.0,100420.0
1990-04-11 05:00:00+00:00,24.96,22.05,665.35,347.38,349.25,349.7,5.24,44.0,100390.0
1990-04-11 06:00:00+00:00,24.78,22.9,611.4,307.19,348.45,347.95,4.83,45.0,100340.0
1990-04-11 07:00:00+00:00,25.3,23.9,593.25,527.81,197.95,349.7,4.28,49.0,100200.0
1990-04-11 08:00:00+00:00,25.19,25.6,432.35,518.63,123.2,331.7,3.93,53.0,100180.0
1990-04-11 09:00:00+00:00,24.49,30.7,205.5,271.06,94.95,324.55,3.03,59.0,100180.0
1990-04-11 10:00:00+00:00,22.88,37.75,45.05,93.13,26.7,323.95,2.34,58.0,100250.0
1990-04-11 11:00:00+00:00,20.78,41.7,0.0,0.0,0.0,318.35,2.28,57.0,100340.0
1990-04-11 12:00:00+00:00,18.7,47.65,0.0,0.0,0.0,313.3,2.14,65.0,100420.0
1990-04-11 13:00:00+00:00,16.79,58.7,0.0,0.0,0.0,310.6,1.72,69.0,100520.0
1990-04-11 14:00:00+00:00,16.17,58.6,0.0,0.0,0.0,304.4,1.31,53.0,100590.0
1990-04-11 15:00:00+00:00,16.35,56.5,0.0,0.0,0.0,298.8,0.97,42.0,100620.0
1990-04-11 16:00:00+00:00,15.43,62.75,0.0,0.0,0.0,297.25,1.1,4.0,100610.0
1990-04-11 17:00:00+00:00,13.37,72.1,0.0,0.0,0.0,295.9,1.45,347.0,100620.0
1990-04-11 18:00:00+00:00,11.81,80.15,0.0,0.0,0.0,295.7,1.59,346.0,100570.0
1990-04-11 19:00:00+00:00,14.19,69.75,0.0,0.0,0.0,305.4,1.03,350.0,100450.0
1990-04-11 20:00:00+00:00,13.27,77.5,0.0,0.0,0.0,306.55,1.17,354.0,100440.0
1990-04-11 21:00:00+00:00,11.0,86.1,0.0,0.0,0.0,309.65,1.66,10.0,100450.0
1990-04-11 22:00:00+00:00,10.68,83.05,0.0,0.0,0.0,309.25,1.86,21.0,100440.0
1990-04-11 23:00:00+00:00,11.55,86.1,201.8,698.13,79.25,310.2,1.31,30.0,100470.0
1990-04-12 00:00:00+00:00,15.46,65.05,411.6,758.91,114.25,311.95,0.69,51.0,100510.0
1990-04-12 01:00:00+00:00,18.38,54.95,600.4,765.99,154.15,318.25,0.62,80.0,100530.0
1990-04-12 02:00:00+00:00,20.85,48.2,724.05,687.39,216.0,331.9,1.03,100.0,100500.0
1990-04-12 03:00:00+00:00,22.74,46.85,795.15,635.82,254.25,349.3,1.59,126.0,100440.0
1990-04-12 04:00:00+00:00,24.23,47.25,768.75,467.62,343.3,361.3,2.48,150.0,100350.0
1990-04-12 05:00:00+00:00,25.27,49.2,643.45,301.74,368.15,369.85,3.1,158.0,100210.0
1990-04-12 06:00:00+00:00,25.8,51.05,581.55,279.59,341.6,377.4,3.38,162.0,100100.0
1990-04-12 07:00:00+00:00,26.03,49.3,352.35,95.0,281.0,379.5,3.66,161.0,100000.0
1990-04-12 08:00:00+00:00,25.71,52.75,214.3,30.09,196.3,379.9,3.72,160.0,99910.0
1990-04-12 09:00:00+00:00,25.14,58.35,129.2,23.05,119.75,383.75,3.24,158.0,99870.0
1990-04-12 10:00:00+00:00,24.42,62.35,25.55,7.78,24.0,383.55,3.45,158.0,99840.0
1990-04-12 11:00:00+00:00,23.2,68.75,0.0,0.0,0.0,381.25,3.59,159.0,99870.0
1990-04-12 12:00:00+00:00,22.39,71.05,0.0,0.0,0.0,378.75,3.59,160.0,99900.0
1990-04-12 13:00:00+00:00,22.0,73.45,0.0,0.0,0.0,383.2,3.45,160.0,99970.0
1990-04-12 14:00:00+00:00,21.04,75.95,0.0,0.0,0.0,369.85,2.83,157.0,100030.0
1990-04-12 15:00:00+00:00,20.03,81.15,0.0,0.0,0.0,361.1,2.76,152.0,100010.0
1990-04-12 16:00:00+00:00,19.56,83.9,0.0,0.0,0.0,368.45,2.69,148.0,100000.0
1990-04-12 17:00:00+00:00,18.98,86.8,0.0,0.0,0.0,362.65,2.55,146.0,100000.0
1990-04-12 18:00:00+00:00,18.63,92.85,0.0,0.0,0.0,365.4,2.55,145.0,99960.0
1990-04-12 19:00:00+00:00,18.64,86.75,0.0,0.0,0.0,367.7,2.07,142.0,99880.0
1990-04-12 20:00:00+00:00,18.22,86.75,0.0,0.0,0.0,372.35,1.72,144.0,99840.0
1990-04-12 21:00:00+00:00,17.63,92.85,0.0,0.0,0.0,368.65,1.52,156.0,99840.0
1990-04-12 22:00:00+00:00,17.16,92.8,0.0,0.0,0.0,351.25,1.24,164.0,99810.0
1990-04-12 23:00:00+00:00,17.54,92.85,182.15,546.14,83.95,346.8,0.55,178.0,99880.0
1990-04-13 00:00:00+00:00,19.51,83.9,376.85,641.81,122.85,346.8,0.83,176.0,99930.0
1990-04-13 01:00:00+00:00,21.28,73.45,511.65,539.75,195.25,351.15,1.31,196.0,99940.0
1990-04-13 02:00:00+00:00,22.67,68.7,592.9,405.18,292.1,362.3,1.52,218.0,99930.0
1990-04-13 03:00:00+00:00,23.85,62.25,625.25,445.08,245.3,383.2,1.38,239.0,99900.0
1990-04-13 04:00:00+00:00,24.8,58.35,756.7,503.03,297.7,392.3,1.03,254.0,99820.0
1990-04-13 05:00:00+00:00,25.83,54.7,691.15,435.96,292.35,389.75,0.69,268.0,99720.0
1990-04-13 06:00:00+00:00,26.36,52.95,642.15,452.75,252.6,394.4,0.28,232.0,99630.0
1990-04-13 07:00:00+00:00,27.47,46.4,448.8,342.85,190.6,398.65,0.9,317.0,99570.0
1990-04-13 08:00:00+00:00,27.22,47.9,300.35,248.26,151.35,389.55,1.1,340.0,99510.0
1990-04-13 09:00:00+00:00,26.9,47.9,132.65,109.82,87.4,394.2,1.31,330.0,99540.0
1990-04-13 10:00:00+00:00,25.96,56.6,22.45,18.36,18.75,392.85,1.52,310.0,99580.0
1990-04-13 11:00:00+00:00,24.53,62.35,0.0,0.0,0.0,404.85,2.07,328.0,99660.0
1990-04-13 12:00:00+00:00,23.0,66.45,0.0,0.0,0.0,397.1,2.28,343.0,99770.0
1990-04-13 13:00:00+00:00,21.62,76.0,0.0,0.0,0.0,388.4,2.41,348.0,99930.0
1990-04-13 14:00:00+00:00,20.28,84.05,0.0,0.0,0.0,368.1,2.34,341.0,100000.0
1990-04-13 15:00:00+00:00,19.51,89.85,0.0,0.0,0.0,366.75,2.41,328.0,100030.0
1990-04-13 16:00:00+00:00,19.25,89.85,0.0,0.0,0.0,380.1,2.41,321.0,100060.0
1990-04-13 17:00:00+00:00,19.01,89.8,0.0,0.0,0.0,380.45,2.34,319.0,100070.0
1990-04-13 18:00:00+00:00,18.96,89.8,0.0,0.0,0.0,389.0,2.21,322.0,100030.0
1990-04-13 19:00:00+00:00,18.36,83.8,0.0,0.0,0.0,367.7,2.41,322.0,100020.0
1990-04-13 20:00:00+00:00,18.24,81.0,0.0,0.0,0.0,371.95,2.34,320.0,100010.0
1990-04-13 21:00:00+00:00,18.08,80.9,0.0,0.0,0.0,368.45,2.55,323.0,99980.0
1990-04-13 22:00:00+00:00,17.68,78.15,0.0,0.0,0.0,350.3,2.76,324.0,100000.0
1990-04-13 23:00:00+00:00,17.88,78.15,121.2,188.56,86.5,349.7,2.62,321.0,100080.0
1990-04-14 00:00:00+00:00,19.38,70.65,191.8,108.47,148.45,365.0,2.76,322.0,100200.0
1990-04-14 01:00:00+00:00,20.8,61.7,239.0,93.17,184.05,376.5,3.72,322.0,100250.0
1990-04-14 02:00:00+00:00,21.85,57.65,384.0,193.0,240.1,376.8,4.28,320.0,100290.0
1990-04-14 03:00:00+00:00,23.18,52.1,612.1,357.07,306.25,370.8,4.83,321.0,100300.0
1990-04-14 04:00:00+00:00,24.84,41.15,519.1,273.32,269.0,377.2,5.52,324.0,100300.0
1990-04-14 05:00:00+00:00,25.08,35.65,682.5,392.76,322.3,372.55,5.52,330.0,100270.0
1990-04-14 06:00:00+00:00,25.76,29.95,681.35,455.63,288.35,365.55,5.66,339.0,100230.0
1990-04-14 07:00:00+00:00,25.79,24.9,605.2,544.07,194.35,354.95,4.83,355.0,100230.0
1990-04-14 08:00:00+00:00,25.8,21.45,397.95,355.71,183.75,338.3,4.34,2.0,100180.0
1990-04-14 09:00:00+00:00,25.11,26.6,200.85,204.55,116.15,329.75,3.03,358.0,100210.0
1990-04-14 10:00:00+00:00,23.48,35.25,47.05,74.62,31.85,327.05,2.28,344.0,100240.0
1990-04-14 11:00:00+00:00,21.26,38.9,0.0,0.0,0.0,322.05,2.28,328.0,100330.0
1990-04-14 12:00:00+00:00,19.45,46.1,0.0,0.0,0.0,323.2,2.0,320.0,100390.0
1990-04-14 13:00:00+00:00,17.76,52.9,0.0,0.0,0.0,314.5,2.14,322.0,100470.0
1990-04-14 14:00:00+00:00,16.66,56.6,0.0,0.0,0.0,315.45,2.41,322.0,100520.0
1990-04-14 15:00:00+00:00,16.03,58.45,0.0,0.0,0.0,312.35,2.62,324.0,100540.0
1990-04-14 16:00:00+00:00,15.29,56.25,0.0,0.0,0.0,301.1,2.62,324.0,100550.0
1990-04-14 17:00:00+00:00,14.35,58.1,0.0,0.0,0.0,297.85,2.28,318.0,100500.0
1990-04-14 18:00:00+00:00,13.51,64.65,0.0,0.0,0.0,300.75,1.93,299.0,100450.0
1990-04-14 19:00:00+00:00,14.35,62.55,0.0,0.0,0.0,296.3,1.31,310.0,100420.0
1990-04-14 20:00:00+00:00,14.15,62.55,0.0,0.0,0.0,293.95,1.31,305.0,100380.0
1990-04-14 21:00:00+00:00,13.55,67.05,0.0,0.0,0.0,289.1,1.31,276.0,100400.0
1990-04-14 22:00:00+00:00,13.96,62.45,0.0,0.0,0.0,289.7,1.17,256.0,100430.0
1990-04-14 23:00:00+00:00,14.38,64.85,201.15,566.98,94.45,287.4,0.55,242.0,100470.0
1990-04-15 00:00:00+00:00,16.03,77.85,355.25,396.32,195.35,305.2,0.62,240.0,100530.0
1990-04-15 01:00:00+00:00,19.82,51.5,605.1,690.92,195.2,320.0,1.1,218.0,100510.0
1990-04-15 02:00:00+00:00,22.8,42.1,803.55,853.06,164.8,313.3,2.07,210.0,100430.0
1990-04-15 03:00:00+00:00,25.15,34.4,916.0,877.94,161.5,316.2,3.1,212.0,100280.0
1990-04-15 04:00:00+00:00,26.9,29.15,950.0,855.95,164.6,318.15,3.45,216.0,100120.0
1990-04-15 05:00:00+00:00,28.19,25.45,910.55,814.85,161.4,324.75,3.72,219.0,99930.0
1990-04-15 06:00:00+00:00,29.08,23.85,806.1,757.77,150.9,332.1,3.79,220.0,99750.0
1990-04-15 07:00:00+00:00,29.18,25.7,637.6,658.28,139.2,336.95,4.48,212.0,99580.0
1990-04-15 08:00:00+00:00,29.19,27.6,431.6,522.47,115.95,342.15,3.93,213.0,99460.0
1990-04-15 09:00:00+00:00,28.3,34.1,226.55,345.8,82.65,345.45,3.1,196.0,99340.0
1990-04-15 10:00:00+00:00,26.57,41.55,49.15,100.05,28.55,346.8,3.17,187.0,99310.0
1990-04-15 11:00:00+00:00,24.28,47.25,0.0,0.0,0.0,340.8,3.45,180.0,99350.0
1990-04-15 12:00:00+00:00,22.35,55.8,0.0,0.0,0.0,337.3,3.59,178.0,99380.0
1990-04-15 13:00:00+00:00,21.07,59.6,0.0,0.0,0.0,334.8,3.45,182.0,99410.0
1990-04-15 14:00:00+00:00,19.97,65.95,0.0,0.0,0.0,332.5,3.17,185.0,99430.0
1990-04-15 15:00:00+00:00,18.81,70.55,0.0,0.0,0.0,329.95,3.03,187.0,99380.0
1990-04-15 16:00:00+00:00,17.87,75.45,0.0,0.0,0.0,327.65,2.83,188.0,99330.0
1990-04-15 17:00:00+00:00,17.12,80.8,0.0,0.0,0.0,325.3,2.62,186.0,99310.0
1990-04-15 18:00:00+00:00,16.45,83.6,0.0,0.0,0.0,322.6,2.34,185.0,99260.0
1990-04-15 19:00:00+00:00,16.3,77.95,0.0,0.0,0.0,324.15,2.07,183.0,99170.0
1990-04-15 20:00:00+00:00,15.4,83.5,0.0,0.0,0.0,322.8,1.86,175.0,99170.0
1990-04-15 21:00:00+00:00,14.73,86.45,0.0,0.0,0.0,321.25,1.59,164.0,99170.0
1990-04-15 22:00:00+00:00,15.31,83.5,0.0,0.0,0.0,318.35,1.03,158.0,99220.0
1990-04-15 23:00:00+00:00,16.29,80.75,221.75,726.2,82.1,315.85,0.62,153.0,99310.0
1990-04-16 00:00:00+00:00,19.01,73.05,435.2,784.33,115.8,319.5,0.28,93.0,99400.0
1990-04-16 01:00:00+00:00,21.78,64.0,633.0,828.38,138.7,326.0,0.97,39.0,99430.0
1990-04-16 02:00:00+00:00,23.9,58.1,789.4,844.22,154.65,334.0,1.17,49.0,99460.0
1990-04-16 03:00:00+00:00,25.74,54.55,889.0,840.56,164.3,342.15,1.03,77.0,99470.0
1990-04-16 04:00:00+00:00,27.35,49.7,923.25,821.48,167.45,350.3,1.24,105.0,99420.0
1990-04-16 05:00:00+00:00,28.72,46.65,889.4,786.52,164.55,357.65,1.72,120.0,99340.0
1990-04-16 06:00:00+00:00,29.77,45.35,794.95,738.32,155.05,363.05,2.28,130.0,99230.0
1990-04-16 07:00:00+00:00,30.22,39.65,637.8,655.92,139.9,360.55,3.17,134.0,99110.0
1990-04-16 08:00:00+00:00,30.38,38.4,437.8,528.38,117.55,364.4,3.66,140.0,99030.0
1990-04-16 09:00:00+00:00,29.98,42.45,224.75,336.58,84.0,368.3,3.59,147.0,99000.0
1990-04-16 10:00:00+00:00,28.59,48.25,49.75,102.59,28.4,369.85,3.31,147.0,99010.0
1990-04-16 11:00:00+00:00,26.47,56.7,0.0,0.0,0.0,368.3,3.59,142.0,99030.0
1990-04-16 12:00:00+00:00,25.1,64.6,0.0,0.0,0.0,367.1,3.93,140.0,99060.0
1990-04-16 13:00:00+00:00,24.39,69.05,0.0,0.0,0.0,368.1,4.34,146.0,99110.0
1990-04-16 14:00:00+00:00,23.89,71.35,0.0,0.0,0.0,367.9,4.69,153.0,99130.0
1990-04-16 15:00:00+00:00,23.37,73.7,0.0,0.0,0.0,364.6,4.97,160.0,99110.0
1990-04-16 16:00:00+00:00,22.81,76.15,0.0,0.0,0.0,359.95,4.97,164.0,99090.0
1990-04-16 17:00:00+00:00,22.21,76.1,0.0,0.0,0.0,355.5,4.69,168.0,99080.0
1990-04-16 18:00:00+00:00,21.49,78.65,0.0,0.0,0.0,350.5,4.34,171.0,99030.0
1990-04-16 19:00:00+00:00,21.02,75.95,0.0,0.0,0.0,347.75,3.52,170.0,98980.0
1990-04-16 20:00:00+00:00,20.35,78.5,0.0,0.0,0.0,344.3,2.97,177.0,98960.0
1990-04-16 21:00:00+00:00,19.51,81.1,0.0,0.0,0.0,341.75,2.34,187.0,99000.0
1990-04-16 22:00:00+00:00,18.46,86.75,0.0,0.0,0.0,339.85,1.86,198.0,99010.0
1990-04-16 23:00:00+00:00,18.52,89.75,219.1,688.03,84.0,337.7,1.45,196.0,99090.0
1990-04-17 00:00:00+00:00,21.31,76.0,428.9,752.44,119.7,340.4,1.24,191.0,99170.0
1990-04-17 01:00:00+00:00,23.44,68.85,625.55,804.73,142.65,346.5,1.59,188.0,99210.0
1990-04-17 02:00:00+00:00,25.53,62.55,780.55,822.49,159.65,354.15,2.21,186.0,99230.0
1990-04-17 03:00:00+00:00,27.6,55.05,877.8,816.77,171.4,362.5,3.03,182.0,99200.0
1990-04-17 04:00:00+00:00,29.58,50.2,913.9,806.97,169.5,372.75,3.86,179.0,99140.0
1990-04-17 05:00:00+00:00,31.25,44.2,863.1,724.26,194.05,380.85,4.76,178.0,99020.0
1990-04-17 06:00:00+00:00,32.42,41.55,748.35,635.89,195.95,389.2,5.38,176.0,98940.0
1990-04-17 07:00:00+00:00,32.77,41.55,590.65,549.99,172.1,402.15,4.48,178.0,98950.0
1990-04-17 08:00:00+00:00,32.69,41.55,320.95,213.07,191.4,405.65,4.0,173.0,98930.0
1990-04-17 09:00:00+00:00,31.71,45.85,110.85,23.8,100.85,411.45,3.24,162.0,98970.0
1990-04-17 10:00:00+00:00,30.1,50.3,18.55,4.76,17.55,418.4,3.03,165.0,99080.0
1990-04-17 11:00:00+00:00,28.76,55.3,0.0,0.0,0.0,419.55,2.83,163.0,99120.0
1990-04-17 12:00:00+00:00,27.6,58.9,0.0,0.0,0.0,412.8,2.69,173.0,99200.0
1990-04-17 13:00:00+00:00,26.58,64.95,0.0,0.0,0.0,411.25,2.41,189.0,99340.0
1990-04-17 14:00:00+00:00,25.53,71.6,0.0,0.0,0.0,410.1,2.07,186.0,99360.0
1990-04-17 15:00:00+00:00,24.67,76.35,0.0,0.0,0.0,413.75,1.93,194.0,99370.0
1990-04-17 16:00:00+00:00,23.93,78.9,0.0,0.0,0.0,405.65,2.28,187.0,99410.0
1990-04-17 17:00:00+00:00,23.49,84.25,0.0,0.0,0.0,404.65,2.55,183.0,99430.0
1990-04-17 18:00:00+00:00,22.95,87.1,0.0,0.0,0.0,401.4,2.62,178.0,99380.0
1990-04-17 19:00:00+00:00,21.82,93.0,0.0,0.0,0.0,390.55,2.97,151.0,99420.0
1990-04-17 20:00:00+00:00,21.52,93.0,0.0,0.0,0.0,386.3,2.76,148.0,99410.0
1990-04-17 21:00:00+00:00,21.35,93.0,0.0,0.0,0.0,387.05,2.55,141.0,99450.0
1990-04-17 22:00:00+00:00,21.26,93.0,0.0,0.0,0.0,393.65,2.14,139.0,99480.0
1990-04-17 23:00:00+00:00,21.58,93.0,117.1,88.59,99.35,399.45,1.72,133.0,99580.0
1990-04-18 00:00:00+00:00,22.85,87.1,113.8,81.17,80.15,407.95,2.14,137.0,99670.0
1990-04-18 01:00:00+00:00,23.33,84.25,199.55,68.36,158.3,416.95,1.52,136.0,99740.0
1990-04-18 02:00:00+00:00,23.76,81.55,98.55,4.29,95.3,421.1,1.17,102.0,99770.0
1990-04-18 03:00:00+00:00,23.62,84.25,102.3,3.92,98.9,424.2,2.0,67.0,99770.0
1990-04-18 04:00:00+00:00,23.01,90.05,168.5,2.54,166.15,423.45,2.48,64.0,99760.0
1990-04-18 05:00:00+00:00,23.22,84.25,171.75,43.09,131.85,422.85,2.55,61.0,99720.0
1990-04-18 06:00:00+00:00,23.89,78.9,241.6,38.59,208.0,421.1,2.62,55.0,99670.0
1990-04-18 07:00:00+00:00,25.64,69.25,176.15,33.1,150.9,425.75,1.93,104.0,99590.0
1990-04-18 08:00:00+00:00,25.58,69.25,201.95,42.38,176.1,417.45,1.38,125.0,99580.0
1990-04-18 09:00:00+00:00,25.29,69.25,106.85,28.54,94.8,412.0,1.1,99.0,99570.0
1990-04-18 10:00:00+00:00,24.74,71.5,28.7,7.29,27.15,401.55,0.21,162.0,99610.0
1990-04-18 11:00:00+00:00,23.87,78.9,0.0,0.0,0.0,396.95,1.1,265.0,99650.0
1990-04-18 12:00:00+00:00,22.72,84.25,0.0,0.0,0.0,400.8,1.31,295.0,99680.0
1990-04-18 13:00:00+00:00,21.78,89.95,0.0,0.0,0.0,389.0,1.79,304.0,99770.0
1990-04-18 14:00:00+00:00,21.26,89.95,0.0,0.0,0.0,388.6,1.86,305.0,99790.0
1990-04-18 15:00:00+00:00,21.15,89.95,0.0,0.0,0.0,395.75,1.86,306.0,99790.0
1990-04-18 16:00:00+00:00,20.73,89.95,0.0,0.0,0.0,386.65,1.93,314.0,99740.0
1990-04-18 17:00:00+00:00,20.32,89.9,0.0,0.0,0.0,378.75,2.14,327.0,99690.0
1990-04-18 18:00:00+00:00,20.18,89.85,0.0,0.0,0.0,379.9,2.28,337.0,99630.0
1990-04-18 19:00:00+00:00,19.54,89.85,0.0,0.0,0.0,366.95,2.48,347.0,99640.0
1990-04-18 20:00:00+00:00,19.25,86.85,0.0,0.0,0.0,367.7,2.55,349.0,99660.0
1990-04-18 21:00:00+00:00,18.91,86.8,0.0,0.0,0.0,367.1,2.28,349.0,99670.0
1990-04-18 22:00:00+00:00,18.5,86.75,0.0,0.0,0.0,362.3,2.0,343.0,99710.0
1990-04-18 23:00:00+00:00,18.93,83.85,187.55,396.74,106.5,369.45,1.59,334.0,99760.0
1990-04-19 00:00:00+00:00,20.73,73.35,373.05,500.32,163.85,367.1,1.79,339.0,99790.0
1990-04-19 01:00:00+00:00,22.57,68.7,604.2,719.31,167.85,374.0,2.14,353.0,99770.0
1990-04-19 02:00:00+00:00,24.61,62.35,755.9,740.96,192.2,369.25,2.21,4.0,99760.0
1990-04-19 03:00:00+00:00,26.32,56.7,846.8,737.17,205.4,372.55,2.07,13.0,99710.0
1990-04-19 04:00:00+00:00,27.64,55.05,834.3,654.4,227.6,387.85,1.66,19.0,99610.0
1990-04-19 05:00:00+00:00,28.58,51.65,753.15,590.11,205.55,397.3,1.1,42.0,99500.0
1990-04-19 06:00:00+00:00,29.23,50.05,679.25,529.46,217.25,389.95,0.83,95.0,99400.0
1990-04-19 07:00:00+00:00,29.47,48.5,563.7,500.16,181.2,409.5,1.66,145.0,99370.0
1990-04-19 08:00:00+00:00,29.81,45.45,353.4,298.21,170.95,401.0,2.07,148.0,99300.0
1990-04-19 09:00:00+00:00,29.64,46.9,218.65,308.12,87.95,409.5,2.14,151.0,99260.0
1990-04-19 10:00:00+00:00,28.82,50.05,52.05,102.26,30.1,387.85,1.38,158.0,99220.0
1990-04-19 11:00:00+00:00,27.09,58.8,0.0,0.0,0.0,381.25,1.79,165.0,99260.0
1990-04-19 12:00:00+00:00,25.07,66.85,0.0,0.0,0.0,375.85,2.28,162.0,99300.0
1990-04-19 13:00:00+00:00,23.66,73.7,0.0,0.0,0.0,371.2,2.34,158.0,99380.0
1990-04-19 14:00:00+00:00,22.68,78.7,0.0,0.0,0.0,366.75,2.34,159.0,99420.0
1990-04-19 15:00:00+00:00,21.88,81.35,0.0,0.0,0.0,363.45,2.34,162.0,99450.0
1990-04-19 16:00:00+00:00,21.29,81.35,0.0,0.0,0.0,360.75,2.41,166.0,99450.0
1990-04-19 17:00:00+00:00,20.87,86.95,0.0,0.0,0.0,359.4,2.41,165.0,99430.0
1990-04-19 18:00:00+00:00,20.52,89.9,0.0,0.0,0.0,357.45,2.41,162.0,99390.0
1990-04-19 19:00:00+00:00,20.05,92.95,0.0,0.0,0.0,352.6,2.28,159.0,99350.0
1990-04-19 20:00:00+00:00,19.72,89.85,0.0,0.0,0.0,350.85,2.21,156.0,99360.0
1990-04-19 21:00:00+00:00,19.39,92.9,0.0,0.0,0.0,349.1,2.14,154.0,99370.0
1990-04-19 22:00:00+00:00,19.06,96.1,0.0,0.0,0.0,346.8,2.07,152.0,99390.0
1990-04-19 23:00:00+00:00,19.56,92.9,225.2,665.82,86.6,345.85,1.72,152.0,99470.0
1990-04-20 00:00:00+00:00,22.72,81.45,431.3,735.82,121.05,352.0,1.72,152.0,99520.0
1990-04-20 01:00:00+00:00,25.23,71.5,623.15,781.66,146.5,359.9,2.21,158.0,99550.0
1990-04-20 02:00:00+00:00,27.23,62.9,776.65,804.08,162.65,370.8,2.48,164.0,99550.0
1990-04-20 03:00:00+00:00,28.81,53.55,827.2,749.31,173.35,379.1,2.34,161.0,99520.0
1990-04-20 04:00:00+00:00,29.92,48.65,767.95,619.73,192.0,388.4,2.28,148.0,99450.0
1990-04-20 05:00:00+00:00,30.57,45.6,768.95,644.47,169.6,400.6,2.34,139.0,99380.0
1990-04-20 06:00:00+00:00,31.03,41.3,552.15,423.4,181.9,393.45,2.48,135.0,99310.0
1990-04-20 07:00:00+00:00,30.73,42.6,421.6,353.97,150.25,407.75,2.41,128.0,99240.0
1990-04-20 08:00:00+00:00,30.42,42.6,314.9,288.67,137.75,401.75,2.62,132.0,99220.0
1990-04-20 09:00:00+00:00,29.99,43.95,147.8,160.97,79.2,400.2,2.62,134.0,99210.0
1990-04-20 10:00:00+00:00,28.88,50.05,43.8,75.41,27.45,404.45,2.07,136.0,99250.0
1990-04-20 11:00:00+00:00,27.18,56.85,0.0,0.0,0.0,391.5,2.21,138.0,99310.0
1990-04-20 12:00:00+00:00,25.52,64.7,0.0,0.0,0.0,383.75,2.07,139.0,99430.0
1990-04-20 13:00:00+00:00,24.32,71.4,0.0,0.0,0.0,392.45,1.38,113.0,99540.0
1990-04-20 14:00:00+00:00,22.86,76.15,0.0,0.0,0.0,388.8,3.52,29.0,99700.0
1990-04-20 15:00:00+00:00,20.97,75.95,0.0,0.0,0.0,402.35,5.24,31.0,99860.0
1990-04-20 16:00:00+00:00,18.89,73.05,0.0,0.0,0.0,393.05,5.38,34.0,99930.0
1990-04-20 17:00:00+00:00,17.25,72.8,0.0,0.0,0.0,376.8,4.9,30.0,99960.0
1990-04-20 18:00:00+00:00,15.91,75.15,0.0,0.0,0.0,364.6,4.55,24.0,100010.0
1990-04-20 19:00:00+00:00,15.48,69.9,0.0,0.0,0.0,376.8,3.52,17.0,100020.0
1990-04-20 20:00:00+00:00,14.86,69.85,0.0,0.0,0.0,367.7,3.1,356.0,100120.0
1990-04-20 21:00:00+00:00,14.15,69.75,0.0,0.0,0.0,368.85,3.45,352.0,100200.0
1990-04-20 22:00:00+00:00,13.43,74.75,0.0,0.0,0.0,374.45,3.59,353.0,100270.0
1990-04-20 23:00:00+00:00,12.73,83.25,26.3,0.47,26.2,371.55,3.45,354.0,100370.0
1990-04-21 00:00:00+00:00,12.38,89.35,37.35,0.0,37.35,367.5,3.38,348.0,100470.0
1990-04-21 01:00:00+00:00,12.37,86.2,119.95,65.18,80.0,366.25,3.52,343.0,100490.0
1990-04-21 02:00:00+00:00,13.06,80.3,207.75,61.39,160.7,359.2,3.86,338.0,100540.0
1990-04-21 03:00:00+00:00,13.98,74.85,208.05,23.71,187.3,365.0,4.28,350.0,100520.0
1990-04-21 04:00:00+00:00,14.82,67.35,237.25,15.08,223.2,372.15,4.76,6.0,100480.0
1990-04-21 05:00:00+00:00,15.37,65.05,183.15,32.3,153.05,375.05,4.83,13.0,100410.0
1990-04-21 06:00:00+00:00,15.76,62.85,252.0,51.52,206.85,369.05,4.83,20.0,100350.0
1990-04-21 07:00:00+00:00,15.46,62.75,243.5,73.6,186.95,371.4,5.1,19.0,100360.0
1990-04-21 08:00:00+00:00,15.3,60.5,93.75,9.59,87.85,371.0,5.1,22.0,100330.0
1990-04-21 09:00:00+00:00,14.9,62.65,71.9,31.88,58.25,371.0,4.9,23.0,100340.0
1990-04-21 10:00:00+00:00,14.52,62.55,21.9,18.04,17.95,360.15,4.62,20.0,100320.0
1990-04-21 11:00:00+00:00,14.16,58.1,0.0,0.0,0.0,352.4,4.0,12.0,100380.0
1990-04-21 12:00:00+00:00,13.94,58.0,0.0,0.0,0.0,361.3,3.72,4.0,100450.0
1990-04-21 13:00:00+00:00,13.98,53.85,0.0,0.0,0.0,364.0,3.24,351.0,100550.0
1990-04-21 14:00:00+00:00,14.07,50.0,0.0,0.0,0.0,364.0,3.17,347.0,100590.0
1990-04-21 15:00:00+00:00,14.22,43.1,0.0,0.0,0.0,366.75,3.17,346.0,100580.0
1990-04-21 16:00:00+00:00,14.3,41.5,0.0,0.0,0.0,365.2,3.52,349.0,100580.0
1990-04-21 17:00:00+00:00,14.26,38.45,0.0,0.0,0.0,366.55,3.86,355.0,100580.0
1990-04-21 18:00:00+00:00,13.95,38.3,0.0,0.0,0.0,365.55,4.21,359.0,100580.0
1990-04-21 19:00:00+00:00,9.93,71.6,0.0,0.0,0.0,350.65,4.28,1.0,100670.0
1990-04-21 20:00:00+00:00,9.28,74.2,0.0,0.0,0.0,347.75,4.55,2.0,100720.0
1990-04-21 21:00:00+00:00,8.55,82.75,0.0,0.0,0.0,345.25,4.69,1.0,100750.0
1990-04-21 22:00:00+00:00,8.24,79.75,0.0,0.0,0.0,343.9,4.55,1.0,100800.0
1990-04-21 23:00:00+00:00,7.98,82.7,13.05,4.4,12.1,341.4,4.48,3.0,100850.0
1990-04-22 00:00:00+00:00,7.89,82.7,28.9,0.0,28.9,340.0,4.41,3.0,100940.0
1990-04-22 01:00:00+00:00,7.85,82.7,45.65,0.57,45.3,339.95,4.28,3.0,100960.0
1990-04-22 02:00:00+00:00,7.81,82.7,83.3,0.85,82.65,338.85,4.41,2.0,100980.0
1990-04-22 03:00:00+00:00,8.06,82.7,86.35,0.0,86.35,339.05,4.28,352.0,100970.0
1990-04-22 04:00:00+00:00,8.06,85.85,74.2,0.0,74.2,338.5,4.48,346.0,100960.0
1990-04-22 05:00:00+00:00,7.96,85.85,108.7,0.05,108.65,338.5,4.69,346.0,100920.0
1990-04-22 06:00:00+00:00,8.08,82.75,72.0,5.41,67.25,339.25,4.62,349.0,100880.0
1990-04-22 07:00:00+00:00,7.66,82.7,47.9,0.52,47.5,337.3,4.9,9.0,100900.0
1990-04-22 08:00:00+00:00,7.32,82.65,37.65,0.16,37.55,336.55,4.76,9.0,100890.0
1990-04-22 09:00:00+00:00,7.14,82.65,14.05,0.0,14.05,335.2,4.48,6.0,100920.0
1990-04-22 10:00:00+00:00,6.94,85.75,7.35,0.68,7.2,333.85,4.28,4.0,100920.0
1990-04-22 11:00:00+00:00,6.86,85.75,0.0,0.0,0.0,334.6,4.0,2.0,100970.0
1990-04-22 12:00:00+00:00,6.91,85.75,0.0,0.0,0.0,334.4,3.79,359.0,101030.0
1990-04-22 13:00:00+00:00,7.13,82.65,0.0,0.0,0.0,334.6,3.66,357.0,101090.0
1990-04-22 14:00:00+00:00,7.24,82.65,0.0,0.0,0.0,335.4,3.59,354.0,101140.0
1990-04-22 15:00:00+00:00,7.34,82.65,0.0,0.0,0.0,336.55,3.45,349.0,101190.0
1990-04-22 16:00:00+00:00,7.36,82.65,0.0,0.0,0.0,336.35,3.79,349.0,101160.0
1990-04-22 17:00:00+00:00,7.35,82.65,0.0,0.0,0.0,336.55,3.66,347.0,101140.0
1990-04-22 18:00:00+00:00,7.38,82.65,0.0,0.0,0.0,337.3,3.72,350.0,101080.0
1990-04-22 19:00:00+00:00,7.02,82.6,0.0,0.0,0.0,334.8,3.38,346.0,101180.0
1990-04-22 20:00:00+00:00,7.04,82.6,0.0,0.0,0.0,333.85,3.59,351.0,101160.0
1990-04-22 21:00:00+00:00,7.1,79.65,0.0,0.0,0.0,334.2,3.45,355.0,101140.0
1990-04-22 22:00:00+00:00,7.19,79.65,8.15,0.0,8.15,336.35,3.52,355.0,101130.0
1990-04-22 23:00:00+00:00,7.32,79.65,8.65,0.0,8.65,335.95,3.66,357.0,101210.0
1990-04-23 00:00:00+00:00,7.25,82.65,37.25,0.23,37.15,336.15,3.72,356.0,101290.0
1990-04-23 01:00:00+00:00,7.22,85.8,38.2,0.16,38.1,336.05,3.66,354.0,101360.0
1990-04-23 02:00:00+00:00,7.38,89.0,36.0,0.26,35.8,337.7,3.66,351.0,101380.0
1990-04-23 03:00:00+00:00,7.5,89.0,59.95,0.0,59.95,337.9,3.66,348.0,101410.0
1990-04-23 04:00:00+00:00,7.79,89.05,63.55,0.91,62.7,339.25,3.72,345.0,101370.0
1990-04-23 05:00:00+00:00,7.97,89.05,39.5,0.0,39.5,340.0,4.07,347.0,101340.0
1990-04-23 06:00:00+00:00,7.94,92.4,40.7,0.0,40.7,341.55,4.07,352.0,101280.0
1990-04-23 07:00:00+00:00,8.3,82.75,57.0,0.0,57.0,341.75,4.48,10.0,101240.0
1990-04-23 08:00:00+00:00,8.6,79.85,40.75,0.32,40.55,341.75,4.9,10.0,101220.0
1990-04-23 09:00:00+00:00,8.48,85.9,11.1,0.0,11.1,340.4,4.34,4.0,101250.0
1990-04-23 10:00:00+00:00,8.18,85.9,3.2,0.0,3.2,342.35,4.41,357.0,101290.0
1990-04-23 11:00:00+00:00,7.8,89.05,0.0,0.0,0.0,341.2,4.34,355.0,101360.0
1990-04-23 12:00:00+00:00,7.75,85.85,0.0,0.0,0.0,341.55,4.14,357.0,101380.0
1990-04-23 13:00:00+00:00,7.75,85.85,0.0,0.0,0.0,341.55,4.0,352.0,101470.0
1990-04-23 14:00:00+00:00,7.8,85.85,0.0,0.0,0.0,341.0,3.86,344.0,101540.0
1990-04-23 15:00:00+00:00,7.84,85.85,0.0,0.0,0.0,341.0,3.66,343.0,101540.0
1990-04-23 16:00:00+00:00,7.88,85.85,0.0,0.0,0.0,341.0,3.59,341.0,101500.0
1990-04-23 17:00:00+00:00,7.82,89.05,0.0,0.0,0.0,341.95,3.66,339.0,101470.0
1990-04-23 18:00:00+00:00,7.93,89.05,0.0,0.0,0.0,342.55,3.86,337.0,101450.0
1990-04-23 19:00:00+00:00,8.04,85.85,0.0,0.0,0.0,342.75,3.86,346.0,101490.0
1990-04-23 20:00:00+00:00,7.93,89.05,0.0,0.0,0.0,344.1,3.79,348.0,101450.0
1990-04-23 21:00:00+00:00,7.89,92.4,0.0,0.0,0.0,345.05,3.52,348.0,101490.0
1990-04-23 22:00:00+00:00,7.99,92.4,3.75,0.0,3.75,346.8,3.45,347.0,101520.0
1990-04-23 23:00:00+00:00,8.18,89.1,10.35,1.12,10.1,346.6,3.45,351.0,101610.0
1990-04-24 00:00:00+00:00,8.41,89.1,20.45,0.0,20.45,347.55,3.24,356.0,101650.0
1990-04-24 01:00:00+00:00,8.64,85.95,64.8,0.96,64.2,347.1,3.31,359.0,101650.0
1990-04-24 02:00:00+00:00,9.2,82.9,109.9,7.56,104.05,347.55,4.28,12.0,101670.0
1990-04-24 03:00:00+00:00,9.88,77.1,130.35,2.55,128.1,347.95,3.59,12.0,101660.0
1990-04-24 04:00:00+00:00,10.47,74.4,179.15,6.08,173.45,349.5,3.17,9.0,101600.0
1990-04-24 05:00:00+00:00,11.15,71.75,159.65,17.6,143.15,350.3,3.24,7.0,101500.0
1990-04-24 06:00:00+00:00,11.51,69.15,73.05,0.0,73.05,353.2,3.1,3.0,101390.0
1990-04-24 07:00:00+00:00,10.81,71.75,72.8,0.0,72.8,350.1,3.52,6.0,101360.0
1990-04-24 08:00:00+00:00,10.83,71.75,42.0,3.38,39.9,350.5,3.52,1.0,101320.0
1990-04-24 09:00:00+00:00,10.68,71.75,37.95,2.3,36.95,350.5,2.97,354.0,101310.0
1990-04-24 10:00:00+00:00,10.55,77.15,10.15,3.33,9.4,349.7,2.62,345.0,101290.0
1990-04-24 11:00:00+00:00,10.32,77.15,0.0,0.0,0.0,348.55,2.55,341.0,101340.0
1990-04-24 12:00:00+00:00,10.11,77.15,0.0,0.0,0.0,347.55,2.41,337.0,101410.0
1990-04-24 13:00:00+00:00,9.93,79.95,0.0,0.0,0.0,344.65,2.34,334.0,101460.0
1990-04-24 14:00:00+00:00,9.84,79.95,0.0,0.0,0.0,346.2,2.34,329.0,101480.0
1990-04-24 15:00:00+00:00,9.72,79.95,0.0,0.0,0.0,344.3,2.34,319.0,101480.0
1990-04-24 16:00:00+00:00,9.51,82.9,0.0,0.0,0.0,340.0,2.28,317.0,101400.0
1990-04-24 17:00:00+00:00,9.35,82.9,0.0,0.0,0.0,337.3,2.28,317.0,101340.0
1990-04-24 18:00:00+00:00,9.08,82.9,0.0,0.0,0.0,330.35,2.14,315.0,101250.0
1990-04-24 19:00:00+00:00,8.92,89.1,0.0,0.0,0.0,324.75,1.72,310.0,101170.0
1990-04-24 20:00:00+00:00,7.97,92.4,0.0,0.0,0.0,290.1,1.86,313.0,101130.0
1990-04-24 21:00:00+00:00,7.1,92.35,0.0,0.0,0.0,278.1,1.72,313.0,101130.0
1990-04-24 22:00:00+00:00,6.18,92.3,36.45,0.0,36.45,274.4,1.31,306.0,101080.0
1990-04-24 23:00:00+00:00,7.72,89.05,241.3,653.67,93.2,274.4,0.62,282.0,101070.0
1990-04-25 00:00:00+00:00,10.66,77.2,450.7,730.16,130.8,276.55,0.76,283.0,101100.0
1990-04-25 01:00:00+00:00,13.1,66.95,648.8,776.91,163.55,283.25,1.45,289.0,101040.0
1990-04-25 02:00:00+00:00,15.31,56.25,803.0,798.26,182.95,289.7,2.28,296.0,101000.0
1990-04-25 03:00:00+00:00,17.35,49.05,913.35,828.52,180.75,296.85,2.83,300.0,100940.0
1990-04-25 04:00:00+00:00,19.17,45.95,951.25,826.6,174.5,299.95,3.1,299.0,100830.0
1990-04-25 05:00:00+00:00,20.61,41.55,917.25,794.42,171.0,305.0,3.03,296.0,100710.0
1990-04-25 06:00:00+00:00,21.74,40.35,816.85,739.86,163.35,309.85,2.97,296.0,100570.0
1990-04-25 07:00:00+00:00,22.3,37.65,661.65,667.01,144.55,314.1,3.59,314.0,100530.0
1990-04-25 08:00:00+00:00,22.55,37.65,467.1,560.36,118.2,313.5,3.31,322.0,100470.0
1990-04-25 09:00:00+00:00,22.49,39.05,239.25,342.44,90.0,314.1,2.55,329.0,100460.0
1990-04-25 10:00:00+00:00,21.76,44.95,64.5,129.62,35.0,319.7,0.41,319.0,100420.0
1990-04-25 11:00:00+00:00,19.82,47.9,0.05,0.0,0.05,313.1,2.14,177.0,100460.0
1990-04-25 12:00:00+00:00,16.74,58.7,0.0,0.0,0.0,308.1,2.9,183.0,100480.0
1990-04-25 13:00:00+00:00,15.63,62.75,0.0,0.0,0.0,306.15,3.24,190.0,100560.0
1990-04-25 14:00:00+00:00,15.01,64.95,0.0,0.0,0.0,303.45,3.38,191.0,100590.0
1990-04-25 15:00:00+00:00,14.44,67.25,0.0,0.0,0.0,300.75,3.31,188.0,100580.0
1990-04-25 16:00:00+00:00,13.73,72.2,0.0,0.0,0.0,298.6,3.03,184.0,100580.0
1990-04-25 17:00:00+00:00,12.85,77.45,0.0,0.0,0.0,296.65,2.76,180.0,100560.0
1990-04-25 18:00:00+00:00,11.97,83.1,0.0,0.0,0.0,294.95,2.55,176.0,100510.0
1990-04-25 19:00:00+00:00,11.31,92.55,0.0,0.0,0.0,296.65,2.34,168.0,100520.0
1990-04-25 20:00:00+00:00,10.8,89.3,0.0,0.0,0.0,295.7,2.28,164.0,100520.0
1990-04-25 21:00:00+00:00,10.41,92.5,0.0,0.0,0.0,294.35,2.21,157.0,100530.0
1990-04-25 22:00:00+00:00,10.1,92.5,37.75,0.0,37.75,293.0,2.14,153.0,100550.0
1990-04-25 23:00:00+00:00,11.07,92.55,252.6,700.74,91.4,292.4,1.86,151.0,100610.0
1990-04-26 00:00:00+00:00,14.35,80.45,465.3,772.66,124.4,296.65,2.48,154.0,100650.0
1990-04-26 01:00:00+00:00,16.97,70.2,661.75,821.01,146.7,303.15,2.9,156.0,100640.0
1990-04-26 02:00:00+00:00,19.47,63.6,816.95,841.53,161.25,311.2,3.24,158.0,100600.0
1990-04-26 03:00:00+00:00,21.76,55.65,913.7,836.29,172.45,319.1,3.72,160.0,100580.0
1990-04-26 04:00:00+00:00,23.59,52.25,936.75,786.86,195.85,327.85,4.21,163.0,100510.0
1990-04-26 05:00:00+00:00,24.77,45.75,893.65,727.61,208.9,335.95,4.69,166.0,100420.0
1990-04-26 06:00:00+00:00,25.33,42.75,806.1,716.73,171.85,341.75,5.17,167.0,100320.0
1990-04-26 07:00:00+00:00,25.31,42.75,650.65,641.21,152.5,339.65,5.52,164.0,100220.0
1990-04-26 08:00:00+00:00,24.95,44.15,452.35,522.37,126.2,339.25,6.0,167.0,100150.0
1990-04-26 09:00:00+00:00,24.26,45.6,243.9,349.41,90.95,338.3,5.79,165.0,100130.0
1990-04-26 10:00:00+00:00,23.02,50.3,63.55,116.22,36.85,335.95,5.17,157.0,100080.0
1990-04-26 11:00:00+00:00,21.34,51.9,0.1,0.0,0.1,335.4,5.1,154.0,100120.0
1990-04-26 12:00:00+00:00,20.08,57.3,0.0,0.0,0.0,334.0,5.31,158.0,100160.0
1990-04-26 13:00:00+00:00,19.38,59.25,0.0,0.0,0.0,341.55,5.31,161.0,100250.0
1990-04-26 14:00:00+00:00,18.55,63.4,0.0,0.0,0.0,330.35,5.17,161.0,100290.0
1990-04-26 15:00:00+00:00,18.0,65.55,0.0,0.0,0.0,337.1,5.1,161.0,100290.0
1990-04-26 16:00:00+00:00,17.2,67.85,0.0,0.0,0.0,319.7,5.24,164.0,100270.0
1990-04-26 17:00:00+00:00,16.58,72.65,0.0,0.0,0.0,313.7,5.17,166.0,100240.0
1990-04-26 18:00:00+00:00,16.03,75.15,0.0,0.0,0.0,310.8,5.03,165.0,100200.0
1990-04-26 19:00:00+00:00,15.55,75.1,0.0,0.0,0.0,310.05,4.55,159.0,100090.0
1990-04-26 20:00:00+00:00,15.23,72.45,0.0,0.0,0.0,308.65,4.69,160.0,100070.0
1990-04-26 21:00:00+00:00,14.9,75.0,0.0,0.0,0.0,306.75,4.48,161.0,100040.0
1990-04-26 22:00:00+00:00,14.51,77.65,46.75,0.0,46.75,307.5,4.0,160.0,100070.0
1990-04-26 23:00:00+00:00,15.03,77.75,222.7,400.73,129.15,311.75,3.59,161.0,100110.0
1990-04-27 00:00:00+00:00,16.73,70.2,388.75,518.22,158.55,318.95,3.86,165.0,100110.0
1990-04-27 01:00:00+00:00,18.47,65.65,604.8,605.14,223.55,324.05,4.21,172.0,100140.0
1990-04-27 02:00:00+00:00,20.38,59.5,767.05,689.93,227.85,332.3,4.41,176.0,100130.0
1990-04-27 03:00:00+00:00,22.01,55.65,834.75,701.4,211.6,334.8,4.62,175.0,100100.0
1990-04-27 04:00:00+00:00,23.3,50.45,926.75,784.37,186.75,343.1,4.83,174.0,100040.0
1990-04-27 05:00:00+00:00,24.43,47.25,899.35,773.45,170.15,342.95,5.1,173.0,99940.0
1990-04-27 06:00:00+00:00,25.1,44.15,744.7,601.61,211.35,344.5,5.31,172.0,99850.0
1990-04-27 07:00:00+00:00,24.72,47.25,629.15,608.28,155.6,365.4,5.52,166.0,99760.0
1990-04-27 08:00:00+00:00,24.39,45.6,445.75,516.55,122.35,348.15,5.72,164.0,99680.0
1990-04-27 09:00:00+00:00,23.7,48.7,243.05,351.78,88.4,351.25,5.59,164.0,99680.0
1990-04-27 10:00:00+00:00,22.67,53.85,63.85,122.27,35.5,343.3,4.69,159.0,99730.0
1990-04-27 11:00:00+00:00,21.17,57.55,0.15,0.0,0.15,340.0,4.34,154.0,99820.0
1990-04-27 12:00:00+00:00,19.97,61.5,0.0,0.0,0.0,336.55,4.14,152.0,99890.0
1990-04-27 13:00:00+00:00,19.13,65.75,0.0,0.0,0.0,334.8,3.72,153.0,99990.0
1990-04-27 14:00:00+00:00,18.45,70.45,0.0,0.0,0.0,335.75,3.52,153.0,100050.0
1990-04-27 15:00:00+00:00,17.99,75.45,0.0,0.0,0.0,339.05,3.52,156.0,100040.0
1990-04-27 16:00:00+00:00,17.7,75.45,0.0,0.0,0.0,342.35,3.52,161.0,100010.0
1990-04-27 17:00:00+00:00,17.4,78.1,0.0,0.0,0.0,342.15,3.03,165.0,99990.0
1990-04-27 18:00:00+00:00,17.16,80.85,0.0,0.0,0.0,355.3,1.86,167.0,100000.0
1990-04-27 19:00:00+00:00,17.31,83.7,0.0,0.0,0.0,360.35,0.48,210.0,99960.0
1990-04-27 20:00:00+00:00,16.82,86.6,0.0,0.0,0.0,350.3,0.62,323.0,100010.0
1990-04-27 21:00:00+00:00,15.87,89.6,0.0,0.0,0.0,350.1,1.03,318.0,100100.0
1990-04-27 22:00:00+00:00,14.9,92.7,37.3,0.0,37.3,347.4,1.66,309.0,100140.0
1990-04-27 23:00:00+00:00,16.29,89.65,196.85,412.41,99.2,348.75,1.79,322.0,100230.0
1990-04-28 00:00:00+00:00,18.7,73.05,295.45,321.15,151.85,353.2,2.41,333.0,100300.0
1990-04-28 01:00:00+00:00,20.31,66.05,338.0,159.26,237.25,370.35,3.17,338.0,100330.0
1990-04-28 02:00:00+00:00,21.3,59.7,224.95,15.37,212.9,371.95,3.79,332.0,100420.0
1990-04-28 03:00:00+00:00,21.15,57.55,216.3,9.6,207.75,383.55,4.28,324.0,100490.0
1990-04-28 04:00:00+00:00,20.55,59.5,267.55,44.49,225.5,387.45,5.03,317.0,100520.0
1990-04-28 05:00:00+00:00,20.27,53.5,256.2,30.76,227.15,383.55,5.45,313.0,100540.0
1990-04-28 06:00:00+00:00,20.71,48.2,145.15,10.3,136.0,383.95,5.66,315.0,100500.0
1990-04-28 07:00:00+00:00,18.16,75.45,176.7,17.88,162.75,377.95,3.66,306.0,100560.0
1990-04-28 08:00:00+00:00,19.12,65.75,103.15,19.83,90.7,373.9,3.93,311.0,100530.0
1990-04-28 09:00:00+00:00,19.5,59.25,74.05,11.55,68.95,374.65,4.76,314.0,100530.0
1990-04-28 10:00:00+00:00,19.72,51.5,10.85,0.21,10.8,374.45,4.55,308.0,100500.0
1990-04-28 11:00:00+00:00,19.34,47.8,0.05,0.0,0.05,371.95,3.59,299.0,100540.0
1990-04-28 12:00:00+00:00,18.96,44.3,0.0,0.0,0.0,368.85,3.66,301.0,100590.0
1990-04-28 13:00:00+00:00,18.8,41.15,0.0,0.0,0.0,363.05,4.14,305.0,100680.0
1990-04-28 14:00:00+00:00,18.81,39.65,0.0,0.0,0.0,360.95,4.97,307.0,100780.0
1990-04-28 15:00:00+00:00,18.82,36.8,0.0,0.0,0.0,357.25,5.52,315.0,100830.0
1990-04-28 16:00:00+00:00,18.63,32.75,0.0,0.0,0.0,353.95,5.24,322.0,100830.0
1990-04-28 17:00:00+00:00,18.18,28.1,0.0,0.0,0.0,350.65,4.55,326.0,100800.0
1990-04-28 18:00:00+00:00,17.61,27.85,0.0,0.0,0.0,349.3,4.0,329.0,100780.0
1990-04-28 19:00:00+00:00,17.06,27.7,0.0,0.0,0.0,347.75,3.86,337.0,100830.0
1990-04-28 20:00:00+00:00,16.66,26.65,0.0,0.0,0.0,347.75,3.52,331.0,100880.0
1990-04-28 21:00:00+00:00,16.19,26.5,0.0,0.0,0.0,340.2,3.45,328.0,100910.0
1990-04-28 22:00:00+00:00,15.65,28.55,47.7,0.0,47.7,329.2,3.45,326.0,100930.0
1990-04-28 23:00:00+00:00,15.32,33.2,226.0,367.86,137.7,294.75,3.31,326.0,101000.0
1990-04-29 00:00:00+00:00,16.72,33.6,452.55,574.55,194.0,302.5,3.03,328.0,101050.0
1990-04-29 01:00:00+00:00,18.79,25.15,642.4,638.9,236.6,301.05,4.34,329.0,101020.0
1990-04-29 02:00:00+00:00,20.15,19.35,833.1,794.81,208.35,303.45,4.62,335.0,100990.0
1990-04-29 03:00:00+00:00,21.24,18.2,963.3,880.16,177.85,292.05,3.79,339.0,100960.0
1990-04-29 04:00:00+00:00,22.16,18.95,1000.5,878.02,169.05,285.65,3.1,336.0,100880.0
1990-04-29 05:00:00+00:00,22.88,18.45,960.6,831.17,174.3,287.0,2.62,329.0,100780.0
1990-04-29 06:00:00+00:00,23.37,18.55,859.05,789.25,156.9,290.65,2.14,317.0,100660.0
1990-04-29 07:00:00+00:00,23.63,19.3,697.6,710.6,142.15,293.75,1.86,310.0,100590.0
1990-04-29 08:00:00+00:00,23.59,19.3,494.05,592.74,120.95,294.55,1.31,296.0,100460.0
1990-04-29 09:00:00+00:00,23.33,19.3,272.2,410.5,90.2,295.1,0.62,283.0,100430.0
1990-04-29 10:00:00+00:00,22.48,25.95,75.95,156.72,38.95,294.15,0.83,143.0,100350.0
1990-04-29 11:00:00+00:00,20.29,32.1,0.3,0.0,0.3,290.5,2.48,152.0,100410.0
1990-04-29 12:00:00+00:00,17.61,37.8,0.0,0.0,0.0,286.2,2.9,169.0,100430.0
1990-04-29 13:00:00+00:00,16.32,37.55,0.0,0.0,0.0,285.45,3.03,182.0,100490.0
1990-04-29 14:00:00+00:00,15.53,40.2,0.0,0.0,0.0,284.65,3.03,184.0,100510.0
1990-04-29 15:00:00+00:00,14.93,41.65,0.0,0.0,0.0,284.5,3.17,184.0,100500.0
1990-04-29 16:00:00+00:00,14.62,43.1,0.0,0.0,0.0,284.5,3.38,180.0,100460.0
1990-04-29 17:00:00+00:00,14.41,43.1,0.0,0.0,0.0,288.35,3.52,178.0,100380.0
1990-04-29 18:00:00+00:00,14.0,44.65,0.0,0.0,0.0,289.1,3.38,178.0,100290.0
1990-04-29 19:00:00+00:00,13.08,51.65,0.0,0.0,0.0,283.1,3.03,178.0,100270.0
1990-04-29 20:00:00+00:00,12.57,55.5,0.0,0.0,0.0,286.2,2.97,178.0,100250.0
1990-04-29 21:00:00+00:00,11.99,62.0,0.0,0.0,0.0,283.7,2.69,180.0,100250.0
1990-04-29 22:00:00+00:00,11.33,66.65,42.1,0.0,42.1,282.15,2.34,183.0,100250.0
1990-04-29 23:00:00+00:00,12.19,71.95,276.55,760.0,91.7,283.5,1.79,180.0,100320.0
1990-04-30 00:00:00+00:00,15.92,56.35,493.4,822.24,121.1,288.95,1.86,184.0,100360.0
1990-04-30 01:00:00+00:00,19.06,47.65,688.85,858.05,141.75,297.35,1.79,192.0,100380.0
1990-04-30 02:00:00+00:00,21.8,43.4,843.95,873.77,155.25,307.3,1.79,195.0,100350.0
1990-04-30 03:00:00+00:00,24.23,36.8,940.85,870.09,162.75,316.2,1.79,195.0,100330.0
1990-04-30 04:00:00+00:00,25.98,32.25,972.1,850.48,165.3,325.1,1.66,205.0,100270.0
1990-04-30 05:00:00+00:00,27.09,31.35,933.8,812.92,163.5,331.5,1.66,209.0,100200.0
1990-04-30 06:00:00+00:00,27.83,29.4,835.8,763.68,155.25,336.55,1.93,199.0,100120.0
1990-04-30 07:00:00+00:00,27.9,29.4,676.55,684.12,140.75,335.75,1.72,196.0,100080.0
1990-04-30 08:00:00+00:00,27.91,29.4,476.8,565.68,119.8,337.3,2.34,181.0,100010.0
1990-04-30 09:00:00+00:00,27.46,30.35,261.4,387.0,89.1,337.5,2.83,172.0,100000.0
1990-04-30 10:00:00+00:00,26.03,37.2,73.6,147.77,38.4,335.95,2.69,160.0,100020.0
1990-04-30 11:00:00+00:00,23.54,43.75,0.4,0.0,0.4,330.75,3.1,153.0,100060.0
1990-04-30 12:00:00+00:00,21.63,44.95,0.0,0.0,0.0,324.35,3.45,154.0,100110.0
1990-04-30 13:00:00+00:00,20.53,49.8,0.0,0.0,0.0,320.85,3.72,158.0,100180.0
1990-04-30 14:00:00+00:00,19.65,57.2,0.0,0.0,0.0,319.7,3.93,161.0,100220.0
1990-04-30 15:00:00+00:00,18.87,61.3,0.0,0.0,0.0,318.15,3.93,162.0,100230.0
1990-04-30 16:00:00+00:00,13.88,87.23,0.0,0.0,0.0,305.93,3.18,163.0,100190.0
1990-04-30 17:00:00+00:00,14.82,83.1,0.0,0.0,0.0,307.56,3.45,162.0,100150.0
1990-04-30 18:00:00+00:00,15.76,78.98,0.0,0.0,0.0,309.2,3.72,159.0,100110.0
1990-04-30 19:00:00+00:00,16.69,74.85,0.0,0.0,0.0,310.83,3.99,157.0,100100.0
1990-04-30 20:00:00+00:00,17.63,70.73,0.0,0.0,0.0,312.46,4.26,155.0,100090.0
1990-04-30 21:00:00+00:00,18.57,66.6,0.0,0.0,0.0,314.09,4.53,156.0,100110.0
1990-04-30 22:00:00+00:00,19.51,62.48,42.75,0.0,42.75,315.73,4.8,158.0,100120.0
1990-04-30 23:00:00+00:00,20.45,58.36,272.8,732.54,92.35,317.36,5.08,160.0,100180.0
1990-05-01 00:00:00+00:00,21.39,54.23,488.25,802.53,122.7,318.99,5.35,161.0,100220.0
1990-05-01 01:00:00+00:00,22.33,50.11,685.7,846.89,143.7,320.62,5.62,163.0,100240.0
1990-05-01 02:00:00+00:00,23.26,45.98,842.65,866.54,157.85,322.26,5.89,164.0,100190.0
1990-05-01 03:00:00+00:00,24.2,41.86,944.05,869.38,165.0,323.89,6.16,167.0,100160.0
1990-05-01 04:00:00+00:00,25.14,37.73,979.35,855.23,166.65,325.52,6.43,169.0,100110.0
1990-05-01 05:00:00+00:00,26.08,33.61,944.3,823.22,163.0,327.15,6.7,170.0,100050.0
1990-05-01 06:00:00+00:00,27.02,29.49,839.85,767.98,154.35,328.79,6.97,171.0,99980.0
1990-05-01 07:00:00+00:00,27.96,25.36,682.95,691.85,140.05,330.42,7.25,165.0,99850.0
1990-05-01 08:00:00+00:00,28.48,22.9,483.8,575.75,119.5,334.6,7.24,167.0,99780.0
1990-05-01 09:00:00+00:00,27.8,24.5,267.15,398.61,88.95,333.05,6.48,165.0,99760.0
1990-05-01 10:00:00+00:00,26.45,28.0,76.2,153.97,39.2,330.15,5.66,158.0,99790.0
1990-05-01 11:00:00+00:00,24.58,30.7,0.5,0.0,0.5,325.1,5.24,155.0,99840.0
1990-05-01 12:00:00+00:00,23.06,35.1,0.0,0.0,0.0,319.9,5.03,156.0,99930.0
1990-05-01 13:00:00+00:00,21.93,38.9,0.0,0.0,0.0,317.4,4.83,160.0,100050.0
1990-05-01 14:00:00+00:00,20.94,41.7,0.0,0.0,0.0,316.4,4.62,163.0,100100.0
1990-05-01 15:00:00+00:00,20.13,46.2,0.0,0.0,0.0,317.75,4.55,163.0,100090.0
1990-05-01 16:00:00+00:00,19.39,49.55,0.0,0.0,0.0,317.2,4.34,160.0,100050.0
1990-05-01 17:00:00+00:00,18.68,53.15,0.0,0.0,0.0,316.0,4.14,154.0,100000.0
1990-05-01 18:00:00+00:00,17.98,58.9,0.0,0.0,0.0,316.8,4.0,150.0,99920.0
1990-05-01 19:00:00+00:00,18.21,56.95,0.0,0.0,0.0,324.95,3.86,148.0,99810.0
1990-05-01 20:00:00+00:00,18.01,61.05,0.0,0.0,0.0,328.6,4.0,150.0,99770.0
1990-05-01 21:00:00+00:00,18.1,61.05,0.0,0.0,0.0,342.15,4.0,154.0,99760.0
1990-05-01 22:00:00+00:00,17.7,61.05,43.2,0.0,43.2,325.3,3.93,158.0,99760.0
1990-05-01 23:00:00+00:00,18.43,61.2,260.7,670.5,93.5,326.65,3.38,162.0,99800.0
1990-05-02 00:00:00+00:00,20.48,55.45,446.25,643.81,151.3,333.25,3.24,168.0,99850.0
1990-05-02 01:00:00+00:00,22.59,52.0,607.1,658.33,184.25,345.75,3.31,177.0,99870.0
1990-05-02 02:00:00+00:00,24.43,47.25,736.7,717.35,168.35,359.55,3.38,181.0,99840.0
1990-05-02 03:00:00+00:00,26.08,44.45,805.75,661.23,212.05,362.3,3.17,188.0,99850.0
1990-05-02 04:00:00+00:00,27.35,41.8,701.5,505.23,220.6,369.05,2.41,196.0,99820.0
1990-05-02 05:00:00+00:00,27.9,40.5,737.05,512.03,250.35,386.45,2.0,191.0,99750.0
1990-05-02 06:00:00+00:00,28.37,42.05,540.7,257.37,310.6,402.9,1.72,195.0,99700.0
1990-05-02 07:00:00+00:00,28.41,42.05,399.65,222.46,224.75,405.25,4.9,168.0,99570.0
1990-05-02 08:00:00+00:00,27.62,46.4,387.8,376.12,149.2,402.9,5.1,167.0,99530.0
1990-05-02 09:00:00+00:00,27.05,49.55,171.3,201.05,81.05,391.3,5.24,162.0,99520.0
1990-05-02 10:00:00+00:00,26.02,54.7,57.5,90.34,35.6,406.8,4.48,156.0,99510.0
1990-05-02 11:00:00+00:00,24.82,60.35,0.35,0.0,0.35,402.9,4.62,151.0,99590.0
1990-05-02 12:00:00+00:00,23.54,66.55,0.0,0.0,0.0,394.4,4.62,151.0,99620.0
1990-05-02 13:00:00+00:00,22.69,73.55,0.0,0.0,0.0,387.45,4.55,154.0,99700.0
1990-05-02 14:00:00+00:00,22.23,76.1,0.0,0.0,0.0,389.2,4.41,155.0,99720.0
1990-05-02 15:00:00+00:00,21.82,84.1,0.0,0.0,0.0,388.2,4.34,155.0,99690.0
1990-05-02 16:00:00+00:00,21.56,87.0,0.0,0.0,0.0,398.3,4.14,155.0,99660.0
1990-05-02 17:00:00+00:00,21.22,87.0,0.0,0.0,0.0,400.6,4.0,154.0,99580.0
1990-05-02 18:00:00+00:00,20.98,93.0,0.0,0.0,0.0,403.5,3.93,154.0,99490.0
1990-05-02 19:00:00+00:00,20.36,89.9,0.0,0.0,0.0,394.2,3.24,151.0,99480.0
1990-05-02 20:00:00+00:00,20.4,89.9,0.0,0.0,0.0,401.2,3.31,152.0,99440.0
1990-05-02 21:00:00+00:00,20.42,92.95,0.0,0.0,0.0,401.4,3.17,156.0,99450.0
1990-05-02 22:00:00+00:00,20.48,92.95,26.05,0.0,26.05,404.85,3.1,157.0,99420.0
1990-05-02 23:00:00+00:00,20.78,93.0,62.4,8.52,60.25,403.7,3.24,159.0,99470.0
1990-05-03 00:00:00+00:00,21.19,93.0,82.8,2.06,81.85,411.05,3.38,156.0,99470.0
1990-05-03 01:00:00+00:00,21.34,93.0,118.75,1.78,117.6,412.7,3.52,154.0,99460.0
1990-05-03 02:00:00+00:00,21.52,96.15,91.9,0.0,91.9,414.15,3.66,155.0,99390.0
1990-05-03 03:00:00+00:00,21.47,96.15,91.75,2.17,89.8,418.0,3.79,150.0,99360.0
1990-05-03 04:00:00+00:00,21.56,96.15,88.05,0.1,87.95,418.8,4.21,146.0,99280.0
1990-05-03 05:00:00+00:00,21.72,96.15,114.25,2.52,111.85,420.15,4.28,144.0,99170.0
1990-05-03 06:00:00+00:00,22.31,93.05,188.0,16.75,173.0,420.75,4.34,151.0,99060.0
1990-05-03 07:00:00+00:00,24.21,84.35,276.0,126.2,176.6,421.1,1.24,183.0,99050.0
1990-05-03 08:00:00+00:00,25.21,79.05,260.15,177.68,147.15,421.1,1.93,200.0,98990.0
1990-05-03 09:00:00+00:00,25.37,76.5,103.0,49.81,80.55,406.2,0.83,205.0,98940.0
1990-05-03 10:00:00+00:00,24.83,79.05,29.9,19.22,25.2,418.8,0.21,74.0,98960.0
1990-05-03 11:00:00+00:00,23.46,90.05,0.15,0.0,0.15,424.6,0.14,176.0,99050.0
1990-05-03 12:00:00+00:00,22.48,96.15,0.0,0.0,0.0,423.45,0.0,103.0,99100.0
1990-05-03 13:00:00+00:00,21.95,99.4,0.0,0.0,0.0,421.9,0.34,96.0,99150.0
1990-05-03 14:00:00+00:00,21.71,96.15,0.0,0.0,0.0,419.0,0.34,111.0,99170.0
1990-05-03 15:00:00+00:00,21.4,96.15,0.0,0.0,0.0,415.5,0.34,149.0,99180.0
1990-05-03 16:00:00+00:00,21.17,99.4,0.0,0.0,0.0,417.25,0.55,181.0,99200.0
1990-05-03 17:00:00+00:00,20.91,96.15,0.0,0.0,0.0,412.6,0.34,165.0,99180.0
1990-05-03 18:00:00+00:00,20.79,96.15,0.0,0.0,0.0,416.85,0.14,152.0,99140.0
1990-05-03 19:00:00+00:00,20.44,99.4,0.0,0.0,0.0,415.7,1.38,306.0,99160.0
1990-05-03 20:00:00+00:00,20.39,96.15,0.0,0.0,0.0,416.65,1.66,320.0,99180.0
1990-05-03 21:00:00+00:00,20.27,96.15,0.0,0.0,0.0,415.9,1.72,337.0,99180.0
1990-05-03 22:00:00+00:00,20.13,99.4,8.3,7.13,8.0,414.35,1.72,346.0,99250.0
1990-05-03 23:00:00+00:00,20.05,96.1,28.95,4.31,27.85,415.1,2.21,7.0,99320.0
1990-05-04 00:00:00+00:00,20.01,96.1,137.05,41.02,118.05,413.2,2.0,11.0,99380.0
1990-05-04 01:00:00+00:00,20.69,89.9,134.2,10.75,127.25,415.05,3.03,20.0,99380.0
1990-05-04 02:00:00+00:00,21.17,86.95,152.75,23.61,133.95,413.4,2.97,22.0,99370.0
1990-05-04 03:00:00+00:00,21.82,81.35,203.65,24.08,181.95,413.75,3.1,26.0,99340.0
1990-05-04 04:00:00+00:00,22.69,78.7,141.7,4.45,137.45,416.45,3.03,33.0,99320.0
1990-05-04 05:00:00+00:00,22.94,76.15,124.4,3.04,121.5,416.85,2.14,42.0,99290.0
1990-05-04 06:00:00+00:00,22.99,78.75,304.6,68.69,243.0,418.8,1.24,49.0,99260.0
1990-05-04 07:00:00+00:00,24.9,71.5,242.75,36.5,213.95,416.65,2.07,19.0,99100.0
1990-05-04 08:00:00+00:00,24.81,73.95,144.95,4.16,142.3,418.4,1.79,15.0,99020.0
1990-05-04 09:00:00+00:00,24.42,78.95,76.5,2.21,75.5,418.6,1.72,20.0,99030.0
1990-05-04 10:00:00+00:00,23.62,84.25,22.3,0.61,22.15,414.55,2.14,21.0,99070.0
1990-05-04 11:00:00+00:00,22.45,87.05,0.25,0.0,0.25,406.2,2.55,27.0,99170.0
1990-05-04 12:00:00+00:00,21.18,89.95,0.0,0.0,0.0,403.1,3.03,38.0,99230.0
1990-05-04 13:00:00+00:00,20.45,89.9,0.0,0.0,0.0,405.65,3.17,46.0,99350.0
1990-05-04 14:00:00+00:00,19.83,89.85,0.0,0.0,0.0,395.55,2.83,46.0,99420.0
1990-05-04 15:00:00+00:00,19.39,89.85,0.0,0.0,0.0,392.45,2.28,41.0,99440.0
1990-05-04 16:00:00+00:00,19.15,92.9,0.0,0.0,0.0,398.45,1.66,26.0,99440.0
1990-05-04 17:00:00+00:00,18.87,92.9,0.0,0.0,0.0,391.1,1.45,340.0,99430.0
1990-05-04 18:00:00+00:00,18.47,92.85,0.0,0.0,0.0,377.95,1.93,330.0,99410.0
1990-05-04 19:00:00+00:00,18.71,92.9,0.0,0.0,0.0,389.2,1.66,330.0,99380.0
1990-05-04 20:00:00+00:00,18.43,96.1,0.0,0.0,0.0,378.35,1.66,330.0,99350.0
1990-05-04 21:00:00+00:00,18.1,96.05,0.0,0.0,0.0,371.55,1.38,333.0,99340.0
1990-05-04 22:00:00+00:00,17.56,96.05,75.5,613.88,47.75,358.4,1.52,16.0,99370.0
1990-05-04 23:00:00+00:00,18.38,96.1,244.6,555.99,101.15,350.3,1.24,33.0,99430.0
1990-05-05 00:00:00+00:00,19.92,83.95,384.3,512.6,145.65,357.25,1.38,49.0,99530.0
1990-05-05 01:00:00+00:00,21.25,76.0,544.9,540.84,194.0,377.3,1.45,59.0,99540.0
1990-05-05 02:00:00+00:00,23.0,71.15,638.7,454.68,275.9,378.35,1.52,57.0,99520.0
1990-05-05 03:00:00+00:00,24.17,68.95,536.25,293.92,270.9,391.7,1.72,51.0,99500.0
1990-05-05 04:00:00+00:00,24.99,62.45,633.0,283.76,361.65,407.75,1.93,60.0,99440.0
1990-05-05 05:00:00+00:00,25.93,58.55,568.95,244.27,335.75,417.05,2.34,66.0,99370.0
1990-05-05 06:00:00+00:00,26.34,54.8,475.25,206.71,289.6,409.5,2.69,64.0,99290.0
1990-05-05 07:00:00+00:00,26.05,56.6,273.85,97.53,196.75,417.05,2.55,81.0,99250.0
1990-05-05 08:00:00+00:00,25.81,56.6,226.45,81.99,174.05,420.9,2.69,73.0,99200.0
1990-05-05 09:00:00+00:00,25.58,58.45,108.6,42.26,89.4,408.75,3.03,63.0,99170.0
1990-05-05 10:00:00+00:00,24.81,60.35,43.15,31.77,35.25,407.4,2.76,59.0,99230.0
1990-05-05 11:00:00+00:00,23.86,64.4,0.4,0.0,0.4,405.05,3.17,59.0,99360.0
1990-05-05 12:00:00+00:00,22.85,66.45,0.0,0.0,0.0,401.95,3.24,59.0,99450.0
1990-05-05 13:00:00+00:00,22.22,68.7,0.0,0.0,0.0,400.8,2.97,61.0,99580.0
1990-05-05 14:00:00+00:00,21.67,68.6,0.0,0.0,0.0,395.55,2.97,57.0,99690.0
1990-05-05 15:00:00+00:00,21.01,70.9,0.0,0.0,0.0,392.3,3.45,48.0,99750.0
1990-05-05 16:00:00+00:00,20.04,73.2,0.0,0.0,0.0,385.5,3.59,43.0,99760.0
1990-05-05 17:00:00+00:00,19.27,75.7,0.0,0.0,0.0,386.45,3.1,35.0,99770.0
1990-05-05 18:00:00+00:00,18.57,81.0,0.0,0.0,0.0,384.15,2.97,21.0,99760.0
1990-05-05 19:00:00+00:00,18.79,75.65,0.0,0.0,0.0,380.1,2.9,25.0,99730.0
1990-05-05 20:00:00+00:00,18.56,78.25,0.0,0.0,0.0,384.95,3.45,24.0,99720.0
1990-05-05 21:00:00+00:00,18.39,75.55,0.0,0.0,0.0,392.65,3.86,24.0,99760.0
1990-05-05 22:00:00+00:00,18.05,75.45,15.85,2.07,15.75,389.95,4.14,24.0,99820.0
1990-05-05 23:00:00+00:00,17.63,72.8,40.4,0.19,40.35,390.55,4.83,26.0,99910.0
1990-05-06 00:00:00+00:00,17.13,70.2,91.25,9.19,86.95,386.65,4.62,26.0,99990.0
1990-05-06 01:00:00+00:00,16.91,65.35,99.2,0.92,98.6,380.95,4.07,19.0,100110.0
1990-05-06 02:00:00+00:00,16.63,62.95,149.0,0.0,149.0,380.85,4.0,12.0,100110.0
1990-05-06 03:00:00+00:00,16.61,58.6,218.35,3.59,215.1,376.8,4.14,10.0,100110.0
1990-05-06 04:00:00+00:00,16.96,54.6,245.8,12.06,234.25,376.4,4.34,8.0,100100.0
1990-05-06 05:00:00+00:00,17.32,52.75,206.95,6.59,200.65,372.75,4.34,2.0,100070.0
1990-05-06 06:00:00+00:00,17.41,52.75,44.15,0.11,44.05,371.55,4.14,355.0,100060.0
1990-05-06 07:00:00+00:00,14.38,86.4,29.2,0.06,29.15,371.0,3.66,333.0,100160.0
1990-05-06 08:00:00+00:00,14.18,89.5,29.5,0.0,29.5,369.85,3.38,329.0,100160.0
1990-05-06 09:00:00+00:00,14.26,89.5,21.85,0.0,21.85,369.65,3.24,330.0,100180.0
1990-05-06 10:00:00+00:00,14.38,89.5,8.5,0.0,8.5,369.85,3.52,335.0,100230.0
1990-05-06 11:00:00+00:00,14.44,89.5,0.2,0.0,0.2,370.4,3.72,347.0,100310.0
1990-05-06 12:00:00+00:00,14.28,86.4,0.0,0.0,0.0,370.2,3.86,357.0,100410.0
1990-05-06 13:00:00+00:00,14.17,80.45,0.0,0.0,0.0,366.75,3.79,1.0,100510.0
1990-05-06 14:00:00+00:00,14.1,80.4,0.0,0.0,0.0,365.4,3.79,358.0,100580.0
1990-05-06 15:00:00+00:00,14.08,74.85,0.0,0.0,0.0,362.65,3.72,355.0,100630.0
1990-05-06 16:00:00+00:00,14.1,72.2,0.0,0.0,0.0,363.85,3.59,353.0,100620.0
1990-05-06 17:00:00+00:00,14.14,64.85,0.0,0.0,0.0,363.45,3.24,350.0,100590.0
1990-05-06 18:00:00+00:00,14.01,64.75,0.0,0.0,0.0,353.55,2.9,343.0,100550.0
1990-05-06 19:00:00+00:00,13.65,67.15,0.0,0.0,0.0,336.15,2.76,346.0,100530.0
1990-05-06 20:00:00+00:00,13.02,69.45,0.0,0.0,0.0,317.2,2.83,340.0,100560.0
1990-05-06 21:00:00+00:00,12.44,71.95,0.0,0.0,0.0,304.4,2.83,343.0,100590.0
1990-05-06 22:00:00+00:00,12.57,71.95,83.9,696.43,48.25,322.05,2.76,345.0,100630.0
1990-05-06 23:00:00+00:00,13.45,69.55,256.05,598.58,98.4,313.7,2.34,342.0,100710.0
1990-05-07 00:00:00+00:00,15.26,58.35,483.6,742.85,134.35,307.7,2.9,345.0,100750.0
1990-05-07 01:00:00+00:00,17.09,50.75,616.2,677.27,174.1,304.5,3.59,356.0,100760.0
1990-05-07 02:00:00+00:00,18.51,42.6,723.2,563.91,271.3,318.35,3.93,1.0,100780.0
1990-05-07 03:00:00+00:00,19.7,37.1,745.9,436.08,350.9,326.5,4.07,4.0,100750.0
1990-05-07 04:00:00+00:00,20.64,37.25,503.3,129.2,379.4,338.85,4.07,8.0,100680.0
1990-05-07 05:00:00+00:00,20.77,36.0,511.25,137.32,379.8,348.75,3.79,4.0,100620.0
1990-05-07 06:00:00+00:00,21.31,36.15,543.45,333.4,243.15,360.15,3.79,3.0,100550.0
1990-05-07 07:00:00+00:00,21.15,44.85,346.95,111.31,258.65,355.1,3.1,359.0,100580.0
1990-05-07 08:00:00+00:00,21.04,44.85,125.1,14.87,115.55,362.3,2.69,339.0,100520.0
1990-05-07 09:00:00+00:00,19.75,53.35,108.6,40.84,89.9,373.1,2.07,303.0,100540.0
1990-05-07 10:00:00+00:00,19.17,61.3,43.45,30.86,35.65,364.8,2.28,297.0,100540.0
1990-05-07 11:00:00+00:00,17.83,65.55,0.45,0.0,0.45,354.75,2.34,296.0,100620.0
1990-05-07 12:00:00+00:00,16.59,75.25,0.0,0.0,0.0,359.55,2.48,285.0,100650.0
1990-05-07 13:00:00+00:00,15.82,77.85,0.0,0.0,0.0,353.2,2.48,288.0,100780.0
1990-05-07 14:00:00+00:00,15.57,77.8,0.0,0.0,0.0,364.4,2.41,293.0,100810.0
1990-05-07 15:00:00+00:00,15.36,77.8,0.0,0.0,0.0,360.15,2.41,297.0,100850.0
1990-05-07 16:00:00+00:00,15.17,75.1,0.0,0.0,0.0,355.9,2.55,298.0,100840.0
1990-05-07 17:00:00+00:00,15.18,75.1,0.0,0.0,0.0,360.35,2.48,302.0,100830.0
1990-05-07 18:00:00+00:00,15.08,77.75,0.0,0.0,0.0,357.25,2.21,305.0,100780.0
1990-05-07 19:00:00+00:00,14.78,77.75,0.0,0.0,0.0,362.65,1.93,294.0,100860.0
1990-05-07 20:00:00+00:00,14.72,77.75,0.0,0.0,0.0,361.1,1.79,295.0,100840.0
1990-05-07 21:00:00+00:00,14.76,77.75,0.0,0.0,0.0,365.0,1.72,299.0,100860.0
1990-05-07 22:00:00+00:00,14.77,77.75,17.3,17.57,16.35,365.4,1.52,302.0,100900.0
1990-05-07 23:00:00+00:00,14.91,83.45,94.45,42.11,83.25,363.45,1.24,308.0,100950.0
1990-05-08 00:00:00+00:00,16.12,75.15,229.85,96.44,184.3,361.3,1.17,315.0,100990.0
1990-05-08 01:00:00+00:00,17.71,65.55,486.55,434.43,202.15,366.85,1.52,321.0,100990.0
1990-05-08 02:00:00+00:00,19.55,55.2,790.2,747.65,189.85,346.6,1.72,332.0,100980.0
1990-05-08 03:00:00+00:00,21.33,46.6,910.1,796.45,187.55,333.25,1.03,350.0,100980.0
1990-05-08 04:00:00+00:00,22.44,46.75,972.3,838.7,166.95,331.1,0.21,30.0,100920.0
1990-05-08 05:00:00+00:00,23.3,43.75,883.3,710.89,201.95,334.4,0.62,150.0,100830.0
1990-05-08 06:00:00+00:00,23.79,40.9,625.5,436.33,231.95,340.8,1.24,141.0,100740.0
1990-05-08 07:00:00+00:00,23.71,43.75,471.45,320.59,216.7,364.4,1.59,108.0,100680.0
1990-05-08 08:00:00+00:00,23.67,42.25,209.4,90.25,151.3,383.75,1.59,113.0,100620.0
1990-05-08 09:00:00+00:00,23.11,45.25,153.85,138.81,90.05,386.65,1.24,125.0,100610.0
1990-05-08 10:00:00+00:00,22.64,50.2,63.95,104.59,37.3,376.2,0.76,150.0,100600.0
1990-05-08 11:00:00+00:00,21.2,61.85,1.3,0.0,1.3,344.85,0.83,183.0,100600.0
1990-05-08 12:00:00+00:00,19.89,61.5,0.0,0.0,0.0,337.5,0.83,191.0,100640.0
1990-05-08 13:00:00+00:00,19.46,61.4,0.0,0.0,0.0,326.1,0.41,176.0,100700.0
1990-05-08 14:00:00+00:00,17.96,67.95,0.0,0.0,0.0,335.75,0.9,105.0,100740.0
1990-05-08 15:00:00+00:00,15.31,83.5,0.0,0.0,0.0,322.4,1.45,95.0,100770.0
1990-05-08 16:00:00+00:00,14.26,89.5,0.0,0.0,0.0,320.1,2.0,96.0,100760.0
1990-05-08 17:00:00+00:00,14.38,86.4,0.0,0.0,0.0,331.1,2.14,105.0,100730.0
1990-05-08 18:00:00+00:00,14.04,86.35,0.0,0.0,0.0,319.7,2.21,109.0,100690.0
1990-05-08 19:00:00+00:00,13.96,86.35,0.0,0.0,0.0,329.2,1.79,119.0,100640.0
1990-05-08 20:00:00+00:00,13.7,83.35,0.0,0.0,0.0,331.7,1.72,109.0,100670.0
1990-05-08 21:00:00+00:00,13.37,86.3,0.0,0.0,0.0,327.25,1.86,95.0,100660.0
1990-05-08 22:00:00+00:00,13.27,86.3,84.65,654.28,47.45,335.2,1.66,90.0,100650.0
1990-05-08 23:00:00+00:00,14.62,86.4,277.2,663.32,99.15,318.55,0.97,94.0,100700.0
1990-05-09 00:00:00+00:00,17.85,58.9,470.4,698.55,139.0,318.55,1.38,103.0,100710.0
1990-05-09 01:00:00+00:00,19.53,53.25,628.75,692.74,174.0,324.85,1.59,111.0,100720.0
1990-05-09 02:00:00+00:00,21.04,46.5,826.5,823.96,163.6,336.15,1.86,116.0,100670.0
1990-05-09 03:00:00+00:00,22.44,41.95,814.45,631.05,241.1,334.0,1.93,123.0,100650.0
1990-05-09 04:00:00+00:00,23.19,40.6,890.65,697.89,219.65,352.0,1.86,122.0,100590.0
1990-05-09 05:00:00+00:00,23.87,38.05,720.0,500.04,240.15,349.5,1.59,114.0,100520.0
1990-05-09 06:00:00+00:00,24.02,36.7,252.95,36.21,220.25,368.65,1.52,116.0,100440.0
1990-05-09 07:00:00+00:00,19.41,59.25,325.5,99.32,246.45,380.3,1.45,239.0,100530.0
1990-05-09 08:00:00+00:00,18.84,61.3,196.6,117.71,120.65,379.9,0.76,266.0,100530.0
1990-05-09 09:00:00+00:00,18.2,65.65,41.15,1.84,40.3,363.65,0.9,255.0,100510.0
1990-05-09 10:00:00+00:00,17.4,72.8,6.75,0.0,6.75,377.4,0.97,266.0,100540.0
1990-05-09 11:00:00+00:00,16.41,80.75,0.2,0.0,0.2,376.2,1.1,274.0,100590.0
1990-05-09 12:00:00+00:00,15.82,86.5,0.0,0.0,0.0,374.65,0.9,295.0,100630.0
1990-05-09 13:00:00+00:00,15.85,80.65,0.0,0.0,0.0,373.3,0.76,316.0,100680.0
1990-05-09 14:00:00+00:00,15.87,80.65,0.0,0.0,0.0,372.35,0.9,336.0,100710.0
1990-05-09 15:00:00+00:00,15.85,80.65,0.0,0.0,0.0,372.95,1.03,338.0,100700.0
1990-05-09 16:00:00+00:00,15.68,80.65,0.0,0.0,0.0,368.65,1.31,335.0,100700.0
1990-05-09 17:00:00+00:00,15.47,83.5,0.0,0.0,0.0,365.0,1.52,334.0,100680.0
1990-05-09 18:00:00+00:00,15.28,83.5,0.0,0.0,0.0,362.85,1.66,331.0,100640.0
1990-05-09 19:00:00+00:00,15.12,86.45,0.0,0.0,0.0,369.45,1.86,325.0,100620.0
1990-05-09 20:00:00+00:00,15.08,86.45,0.0,0.0,0.0,372.75,1.79,325.0,100640.0
1990-05-09 21:00:00+00:00,15.16,83.5,0.0,0.0,0.0,373.1,2.0,332.0,100660.0
1990-05-09 22:00:00+00:00,14.9,86.45,6.65,0.0,6.65,372.95,1.86,332.0,100690.0
1990-05-09 23:00:00+00:00,14.93,89.5,21.85,0.37,21.75,372.75,1.93,326.0,100780.0
1990-05-10 00:00:00+00:00,15.06,89.5,37.2,0.0,37.2,371.95,1.93,329.0,100860.0
1990-05-10 01:00:00+00:00,15.2,86.5,48.05,2.43,46.45,372.85,2.07,340.0,100870.0
1990-05-10 02:00:00+00:00,15.32,89.55,93.75,0.0,93.75,372.35,2.14,343.0,100860.0
1990-05-10 03:00:00+00:00,15.69,86.5,125.75,3.57,122.5,372.55,2.14,339.0,100880.0
1990-05-10 04:00:00+00:00,16.05,83.55,183.95,5.19,178.95,372.95,2.34,341.0,100860.0
1990-05-10 05:00:00+00:00,16.76,75.3,174.1,14.52,160.15,374.65,2.55,343.0,100830.0
1990-05-10 06:00:00+00:00,17.26,70.3,92.8,0.5,92.35,376.0,2.55,345.0,100790.0
1990-05-10 07:00:00+00:00,16.54,77.95,80.85,0.31,80.6,374.3,3.17,313.0,100730.0
1990-05-10 08:00:00+00:00,16.63,77.95,42.0,0.08,41.95,375.65,2.97,317.0,100730.0
1990-05-10 09:00:00+00:00,16.43,77.95,20.9,1.51,20.2,374.65,2.76,321.0,100740.0
1990-05-10 10:00:00+00:00,16.2,77.95,8.55,0.39,8.45,373.7,2.69,323.0,100770.0
1990-05-10 11:00:00+00:00,15.96,80.65,0.2,0.0,0.2,374.3,2.48,324.0,100830.0
1990-05-10 12:00:00+00:00,15.71,80.65,0.0,0.0,0.0,373.1,2.28,325.0,100850.0
1990-05-10 13:00:00+00:00,15.55,83.5,0.0,0.0,0.0,371.0,2.28,323.0,100920.0
1990-05-10 14:00:00+00:00,15.36,83.5,0.0,0.0,0.0,365.2,2.21,322.0,100970.0
1990-05-10 15:00:00+00:00,15.03,86.45,0.0,0.0,0.0,356.1,2.07,318.0,100990.0
1990-05-10 16:00:00+00:00,14.67,86.45,0.0,0.0,0.0,350.3,2.0,316.0,100990.0
1990-05-10 17:00:00+00:00,13.98,92.65,0.0,0.0,0.0,331.1,1.93,316.0,100940.0
1990-05-10 18:00:00+00:00,13.33,95.95,0.0,0.0,0.0,321.05,1.86,316.0,100910.0
1990-05-10 19:00:00+00:00,12.77,95.95,0.0,0.0,0.0,312.15,1.93,312.0,100890.0
1990-05-10 20:00:00+00:00,12.28,95.95,0.0,0.0,0.0,310.4,1.79,313.0,100890.0
1990-05-10 21:00:00+00:00,11.76,95.9,0.0,0.0,0.0,310.4,1.66,304.0,100920.0
1990-05-10 22:00:00+00:00,11.23,95.9,92.95,670.42,51.25,307.5,1.59,309.0,100950.0
1990-05-10 23:00:00+00:00,12.98,95.95,271.4,624.74,100.75,309.05,1.1,320.0,101010.0
1990-05-11 00:00:00+00:00,16.47,77.95,478.1,721.4,133.0,316.8,1.38,330.0,101040.0
1990-05-11 01:00:00+00:00,18.67,65.75,668.8,779.81,154.25,320.0,2.0,332.0,101030.0
1990-05-11 02:00:00+00:00,20.52,59.5,814.0,798.51,169.25,327.05,2.41,328.0,100990.0
1990-05-11 03:00:00+00:00,22.0,53.75,855.25,713.36,205.3,333.45,2.83,329.0,100940.0
1990-05-11 04:00:00+00:00,23.15,48.55,789.75,525.74,283.05,341.95,3.1,334.0,100880.0
1990-05-11 05:00:00+00:00,23.99,43.9,540.2,234.02,315.1,367.9,3.1,335.0,100790.0
1990-05-11 06:00:00+00:00,24.19,42.35,450.35,184.1,283.65,390.15,2.69,338.0,100700.0
1990-05-11 07:00:00+00:00,23.86,40.9,414.05,208.26,247.75,384.95,1.59,342.0,100660.0
1990-05-11 08:00:00+00:00,24.06,42.35,391.65,337.61,172.8,379.9,1.31,338.0,100600.0
1990-05-11 09:00:00+00:00,24.23,41.0,224.8,263.21,102.45,379.3,1.03,340.0,100550.0
1990-05-11 10:00:00+00:00,23.66,47.0,80.35,132.82,45.7,352.8,0.07,25.0,100540.0
1990-05-11 11:00:00+00:00,22.08,59.7,1.75,1.0,1.7,350.65,1.24,182.0,100570.0
1990-05-11 12:00:00+00:00,19.67,63.6,0.0,0.0,0.0,341.4,2.21,191.0,100590.0
1990-05-11 13:00:00+00:00,18.03,70.35,0.0,0.0,0.0,331.9,2.34,199.0,100660.0
1990-05-11 14:00:00+00:00,17.2,72.8,0.0,0.0,0.0,332.85,2.41,202.0,100690.0
1990-05-11 15:00:00+00:00,16.52,75.25,0.0,0.0,0.0,327.25,2.41,201.0,100670.0
1990-05-11 16:00:00+00:00,15.91,77.85,0.0,0.0,0.0,325.5,2.34,199.0,100660.0
1990-05-11 17:00:00+00:00,15.32,80.6,0.0,0.0,0.0,323.4,2.28,197.0,100620.0
1990-05-11 18:00:00+00:00,14.68,83.45,0.0,0.0,0.0,320.85,2.14,196.0,100570.0
1990-05-11 19:00:00+00:00,13.8,92.65,0.0,0.0,0.0,319.7,1.66,199.0,100570.0
1990-05-11 20:00:00+00:00,13.23,92.65,0.0,0.0,0.0,317.95,1.38,200.0,100560.0
1990-05-11 21:00:00+00:00,13.08,95.95,0.0,0.0,0.0,315.65,1.24,198.0,100570.0
1990-05-11 22:00:00+00:00,13.02,95.95,99.95,759.86,50.75,314.1,1.1,199.0,100590.0
1990-05-11 23:00:00+00:00,14.96,86.45,289.2,698.27,96.9,315.05,0.69,191.0,100640.0
1990-05-12 00:00:00+00:00,18.46,72.95,497.75,773.16,126.45,319.3,0.76,189.0,100650.0
1990-05-12 01:00:00+00:00,21.28,61.85,687.95,817.47,147.25,326.2,1.03,193.0,100620.0
1990-05-12 02:00:00+00:00,23.72,54.2,834.75,826.28,166.45,333.85,1.31,203.0,100590.0
1990-05-12 03:00:00+00:00,25.65,49.2,928.5,825.17,175.7,342.55,1.38,220.0,100530.0
1990-05-12 04:00:00+00:00,27.18,43.15,923.9,773.42,177.65,348.75,1.52,237.0,100480.0
1990-05-12 05:00:00+00:00,28.15,40.5,890.65,732.29,185.5,353.95,1.66,239.0,100380.0
1990-05-12 06:00:00+00:00,28.84,36.7,763.1,649.66,174.1,356.85,1.79,239.0,100290.0
1990-05-12 07:00:00+00:00,29.08,35.45,633.3,596.28,156.4,370.2,2.07,252.0,100240.0
1990-05-12 08:00:00+00:00,29.11,35.45,413.0,424.74,137.05,366.15,1.93,250.0,100170.0
1990-05-12 09:00:00+00:00,28.53,37.9,236.1,298.46,96.85,364.6,1.45,219.0,100130.0
1990-05-12 10:00:00+00:00,27.06,49.55,86.2,152.35,46.15,362.5,2.0,185.0,100120.0
1990-05-12 11:00:00+00:00,24.68,58.2,2.1,1.9,2.0,349.9,2.9,184.0,100170.0
1990-05-12 12:00:00+00:00,22.72,62.05,0.0,0.0,0.0,345.05,3.17,187.0,100190.0
1990-05-12 13:00:00+00:00,21.63,64.0,0.0,0.0,0.0,338.85,3.24,189.0,100250.0
1990-05-12 14:00:00+00:00,20.72,66.15,0.0,0.0,0.0,334.0,3.1,191.0,100280.0
1990-05-12 15:00:00+00:00,19.77,68.3,0.0,0.0,0.0,331.3,2.97,194.0,100290.0
1990-05-12 16:00:00+00:00,18.87,70.55,0.0,0.0,0.0,328.2,2.83,194.0,100270.0
1990-05-12 17:00:00+00:00,17.92,75.45,0.0,0.0,0.0,324.95,2.55,194.0,100230.0
1990-05-12 18:00:00+00:00,16.98,78.0,0.0,0.0,0.0,321.25,2.34,195.0,100190.0
1990-05-12 19:00:00+00:00,16.98,80.8,0.0,0.0,0.0,319.5,2.34,196.0,100140.0
1990-05-12 20:00:00+00:00,15.91,86.5,0.0,0.0,0.0,317.2,2.07,195.0,100120.0
1990-05-12 21:00:00+00:00,14.86,89.5,0.0,0.0,0.0,315.45,1.79,193.0,100130.0
1990-05-12 22:00:00+00:00,14.38,89.5,93.65,613.7,52.4,314.1,1.45,190.0,100150.0
1990-05-12 23:00:00+00:00,16.49,86.55,277.9,577.17,117.7,321.05,0.9,182.0,100190.0
1990-05-13 00:00:00+00:00,20.36,70.8,483.65,670.09,160.65,329.0,0.83,173.0,100240.0
1990-05-13 01:00:00+00:00,23.34,62.15,696.3,822.15,151.25,339.35,0.83,180.0,100230.0
1990-05-13 02:00:00+00:00,26.13,52.85,846.1,843.54,162.75,340.2,0.97,197.0,100210.0
1990-05-13 03:00:00+00:00,28.38,42.05,939.4,842.53,169.8,348.95,1.17,216.0,100140.0
1990-05-13 04:00:00+00:00,30.01,36.95,975.6,840.8,163.45,357.25,1.45,236.0,100090.0
1990-05-13 05:00:00+00:00,31.03,34.75,935.35,802.25,162.0,361.3,1.66,230.0,100000.0
1990-05-13 06:00:00+00:00,31.59,32.55,792.0,648.1,203.7,367.5,2.14,208.0,99930.0
1990-05-13 07:00:00+00:00,31.16,31.3,587.25,437.19,237.05,376.6,2.14,195.0,99940.0
1990-05-13 08:00:00+00:00,30.67,33.4,330.15,233.67,178.0,379.5,2.55,177.0,99900.0
1990-05-13 09:00:00+00:00,29.37,42.3,231.25,267.91,105.8,380.3,2.69,161.0,99890.0
1990-05-13 10:00:00+00:00,27.98,51.55,74.9,80.8,53.5,373.7,2.83,156.0,99890.0
1990-05-13 11:00:00+00:00,26.02,58.55,2.1,0.91,2.05,373.3,3.1,163.0,99940.0
1990-05-13 12:00:00+00:00,24.44,62.35,0.0,0.0,0.0,369.85,3.31,174.0,99950.0
1990-05-13 13:00:00+00:00,23.23,66.55,0.0,0.0,0.0,357.25,3.24,180.0,99980.0
1990-05-13 14:00:00+00:00,22.18,71.0,0.0,0.0,0.0,346.4,3.03,183.0,100000.0
1990-05-13 15:00:00+00:00,21.22,71.0,0.0,0.0,0.0,341.95,2.83,183.0,99980.0
1990-05-13 16:00:00+00:00,20.1,78.45,0.0,0.0,0.0,334.8,2.55,184.0,99940.0
1990-05-13 17:00:00+00:00,18.98,83.85,0.0,0.0,0.0,329.95,2.28,186.0,99890.0
1990-05-13 18:00:00+00:00,17.95,89.75,0.0,0.0,0.0,327.25,2.07,186.0,99830.0
1990-05-13 19:00:00+00:00,17.49,92.85,0.0,0.0,0.0,324.55,2.07,183.0,99820.0
1990-05-13 20:00:00+00:00,16.7,92.8,0.0,0.0,0.0,322.0,1.79,187.0,99770.0
1990-05-13 21:00:00+00:00,16.05,96.0,0.0,0.0,0.0,319.3,1.45,191.0,99780.0
1990-05-13 22:00:00+00:00,15.82,96.0,107.4,786.66,52.65,317.95,1.24,192.0,99820.0
1990-05-13 23:00:00+00:00,17.27,92.85,300.45,721.82,98.6,318.95,1.03,174.0,99860.0
1990-05-14 00:00:00+00:00,21.43,76.0,512.4,801.06,124.9,324.55,1.38,170.0,99860.0
1990-05-14 01:00:00+00:00,24.15,66.65,702.6,840.53,144.15,333.15,1.79,173.0,99840.0
1990-05-14 02:00:00+00:00,26.56,56.7,850.3,854.64,156.9,343.3,1.93,178.0,99820.0
1990-05-14 03:00:00+00:00,28.61,49.95,941.3,849.08,164.8,353.4,2.0,178.0,99780.0
1990-05-14 04:00:00+00:00,30.22,42.45,969.75,831.5,165.75,362.5,2.28,176.0,99730.0
1990-05-14 05:00:00+00:00,31.34,37.35,928.5,788.88,167.25,369.45,2.83,178.0,99630.0
1990-05-14 06:00:00+00:00,31.91,35.0,799.6,635.61,221.95,375.05,3.45,179.0,99550.0
1990-05-14 07:00:00+00:00,31.75,37.35,623.5,501.53,221.15,379.1,4.48,181.0,99510.0
1990-05-14 08:00:00+00:00,31.29,39.9,385.55,231.4,234.55,387.05,4.69,179.0,99430.0
1990-05-14 09:00:00+00:00,30.21,45.45,203.6,133.95,140.65,389.75,4.28,172.0,99360.0
1990-05-14 10:00:00+00:00,28.71,49.95,68.0,37.29,58.05,383.0,4.34,170.0,99360.0
1990-05-14 11:00:00+00:00,27.06,54.95,2.3,0.0,2.3,378.95,4.28,171.0,99400.0
1990-05-14 12:00:00+00:00,25.74,60.45,0.0,0.0,0.0,377.4,4.14,172.0,99450.0
1990-05-14 13:00:00+00:00,24.78,62.45,0.0,0.0,0.0,373.5,4.0,174.0,99490.0
1990-05-14 14:00:00+00:00,23.85,66.65,0.0,0.0,0.0,366.35,3.79,176.0,99550.0
1990-05-14 15:00:00+00:00,22.9,73.6,0.0,0.0,0.0,361.9,3.59,176.0,99540.0
1990-05-14 16:00:00+00:00,22.1,78.65,0.0,0.0,0.0,362.85,3.45,175.0,99490.0
1990-05-14 17:00:00+00:00,21.31,81.35,0.0,0.0,0.0,356.85,3.24,174.0,99450.0
1990-05-14 18:00:00+00:00,20.64,86.9,0.0,0.0,0.0,355.3,2.97,173.0,99400.0
1990-05-14 19:00:00+00:00,20.73,84.05,0.0,0.0,0.0,355.5,3.03,175.0,99380.0
1990-05-14 20:00:00+00:00,20.17,89.85,0.0,0.0,0.0,351.45,2.76,172.0,99370.0
1990-05-14 21:00:00+00:00,19.69,89.85,0.0,0.0,0.0,351.85,2.48,169.0,99390.0
1990-05-14 22:00:00+00:00,19.1,92.9,105.2,738.54,52.1,341.95,2.28,171.0,99390.0
1990-05-14 23:00:00+00:00,20.17,89.85,294.4,703.73,96.2,341.75,1.93,165.0,99470.0
1990-05-15 00:00:00+00:00,23.0,78.75,500.2,770.03,126.45,346.8,2.28,165.0,99520.0
1990-05-15 01:00:00+00:00,25.21,71.5,685.15,800.48,152.2,354.85,2.41,165.0,99520.0
1990-05-15 02:00:00+00:00,27.32,63.0,831.8,821.77,164.1,364.0,2.62,167.0,99490.0
1990-05-15 03:00:00+00:00,29.28,55.5,915.85,785.32,196.85,371.75,2.9,168.0,99450.0
1990-05-15 04:00:00+00:00,30.86,50.55,904.2,634.47,290.1,382.2,3.31,166.0,99380.0
1990-05-15 05:00:00+00:00,31.94,45.95,870.65,615.46,276.15,392.65,4.0,168.0,99290.0
1990-05-15 06:00:00+00:00,32.65,44.45,704.8,401.55,339.45,397.3,4.62,170.0,99200.0
1990-05-15 07:00:00+00:00,32.46,42.95,562.05,378.24,258.15,403.5,4.9,168.0,99180.0
1990-05-15 08:00:00+00:00,32.06,42.95,373.65,232.73,221.45,402.9,5.24,167.0,99130.0
1990-05-15 09:00:00+00:00,31.15,48.9,204.4,108.99,153.0,402.55,5.1,162.0,99090.0
1990-05-15 10:00:00+00:00,29.84,52.05,60.9,11.72,57.75,398.65,5.31,163.0,99060.0
1990-05-15 11:00:00+00:00,28.48,55.3,2.35,0.0,2.35,397.3,5.38,165.0,99090.0
1990-05-15 12:00:00+00:00,27.41,58.9,0.0,0.0,0.0,392.1,5.52,167.0,99120.0
1990-05-15 13:00:00+00:00,26.58,64.95,0.0,0.0,0.0,390.35,5.52,167.0,99180.0
1990-05-15 14:00:00+00:00,25.85,67.05,0.0,0.0,0.0,390.55,5.45,167.0,99210.0
1990-05-15 15:00:00+00:00,25.23,71.5,0.0,0.0,0.0,390.35,5.45,167.0,99210.0
1990-05-15 16:00:00+00:00,24.69,73.85,0.0,0.0,0.0,387.25,5.24,168.0,99190.0
1990-05-15 17:00:00+00:00,24.0,76.3,0.0,0.0,0.0,374.65,5.03,167.0,99160.0
1990-05-15 18:00:00+00:00,23.57,78.85,0.0,0.0,0.0,381.05,4.83,166.0,99090.0
1990-05-15 19:00:00+00:00,23.36,81.5,0.0,0.0,0.0,378.75,4.34,167.0,99060.0
1990-05-15 20:00:00+00:00,22.96,84.25,0.0,0.0,0.0,381.85,3.86,168.0,99020.0
1990-05-15 21:00:00+00:00,22.62,87.05,0.0,0.0,0.0,387.05,3.45,169.0,99020.0
1990-05-15 22:00:00+00:00,22.38,87.05,42.95,51.95,39.1,389.2,3.03,171.0,99060.0
1990-05-15 23:00:00+00:00,22.75,84.25,117.7,27.33,109.95,388.4,2.76,176.0,99100.0
1990-05-16 00:00:00+00:00,23.96,78.9,176.3,20.23,166.45,392.1,2.62,183.0,99180.0
1990-05-16 01:00:00+00:00,25.15,71.5,295.2,79.52,242.15,395.85,3.66,183.0,99210.0
1990-05-16 02:00:00+00:00,25.82,60.6,471.85,105.51,386.0,399.85,4.97,184.0,99230.0
1990-05-16 03:00:00+00:00,26.39,54.8,425.2,53.3,376.35,398.65,5.45,180.0,99220.0
1990-05-16 04:00:00+00:00,25.46,58.45,355.7,36.18,320.65,401.95,6.14,175.0,99250.0
1990-05-16 05:00:00+00:00,24.21,64.4,395.05,66.35,330.9,399.25,6.07,172.0,99220.0
1990-05-16 06:00:00+00:00,23.75,66.65,286.2,28.65,260.1,399.05,5.79,170.0,99170.0
1990-05-16 07:00:00+00:00,23.41,73.7,185.9,10.81,177.2,401.95,4.55,157.0,99160.0
1990-05-16 08:00:00+00:00,22.45,81.4,88.7,0.61,88.3,397.5,3.79,145.0,99180.0
1990-05-16 09:00:00+00:00,21.42,87.0,71.3,16.59,63.45,398.45,3.38,132.0,99150.0
1990-05-16 10:00:00+00:00,20.82,86.95,15.0,0.0,15.0,394.8,3.38,133.0,99180.0
1990-05-16 11:00:00+00:00,20.39,89.9,1.0,0.0,1.0,403.5,3.45,137.0,99230.0
1990-05-16 12:00:00+00:00,20.25,86.9,0.0,0.0,0.0,401.75,3.03,139.0,99260.0
1990-05-16 13:00:00+00:00,20.36,86.9,0.0,0.0,0.0,403.9,2.41,148.0,99320.0
1990-05-16 14:00:00+00:00,20.38,86.9,0.0,0.0,0.0,400.8,1.31,159.0,99380.0
1990-05-16 15:00:00+00:00,20.5,86.9,0.0,0.0,0.0,399.85,0.07,111.0,99390.0
1990-05-16 16:00:00+00:00,20.05,92.95,0.0,0.0,0.0,401.0,0.83,29.0,99370.0
1990-05-16 17:00:00+00:00,19.78,92.95,0.0,0.0,0.0,394.0,1.31,39.0,99310.0
1990-05-16 18:00:00+00:00,19.52,92.9,0.0,0.0,0.0,394.0,1.24,32.0,99250.0
1990-05-16 19:00:00+00:00,18.69,92.9,0.0,0.0,0.0,374.1,1.52,350.0,99230.0
1990-05-16 20:00:00+00:00,18.46,96.1,0.0,0.0,0.0,372.75,1.52,351.0,99230.0
1990-05-16 21:00:00+00:00,18.25,96.1,0.0,0.0,0.0,368.3,1.52,349.0,99270.0
1990-05-16 22:00:00+00:00,17.88,96.05,92.2,487.89,55.0,352.6,1.52,343.0,99310.0
1990-05-16 23:00:00+00:00,19.19,89.85,221.2,368.08,116.15,365.2,1.38,341.0,99410.0
1990-05-17 00:00:00+00:00,20.86,81.3,415.1,514.62,163.75,366.75,2.07,339.0,99460.0
1990-05-17 01:00:00+00:00,22.68,76.1,599.15,544.85,235.0,367.6,2.21,336.0,99450.0
1990-05-17 02:00:00+00:00,24.58,66.75,783.8,739.12,181.65,375.65,1.45,336.0,99430.0
1990-05-17 03:00:00+00:00,26.42,58.7,922.35,815.45,174.2,366.35,0.97,336.0,99400.0
1990-05-17 04:00:00+00:00,28.07,55.15,965.95,820.73,170.1,370.0,0.83,338.0,99360.0
1990-05-17 05:00:00+00:00,29.47,50.2,927.5,791.71,161.3,375.45,0.9,337.0,99320.0
1990-05-17 06:00:00+00:00,30.53,45.6,836.7,752.24,150.75,379.5,0.9,338.0,99240.0
1990-05-17 07:00:00+00:00,30.44,44.05,680.45,671.58,139.3,378.15,0.34,356.0,99230.0
1990-05-17 08:00:00+00:00,30.76,44.05,488.95,557.67,122.7,381.05,0.14,11.0,99180.0
1990-05-17 09:00:00+00:00,30.8,41.3,277.7,388.07,93.4,382.8,0.0,33.0,99180.0
1990-05-17 10:00:00+00:00,30.31,45.6,93.15,165.58,48.0,384.75,0.83,137.0,99230.0
1990-05-17 11:00:00+00:00,28.35,55.3,3.2,3.13,3.0,384.55,2.0,136.0,99330.0
1990-05-17 12:00:00+00:00,26.06,64.8,0.0,0.0,0.0,383.55,2.21,150.0,99420.0
1990-05-17 13:00:00+00:00,24.9,69.15,0.0,0.0,0.0,391.7,2.14,175.0,99540.0
1990-05-17 14:00:00+00:00,23.97,73.75,0.0,0.0,0.0,388.8,2.14,190.0,99600.0
1990-05-17 15:00:00+00:00,23.15,78.75,0.0,0.0,0.0,383.0,2.07,188.0,99640.0
1990-05-17 16:00:00+00:00,22.39,81.4,0.0,0.0,0.0,380.45,1.93,176.0,99630.0
1990-05-17 17:00:00+00:00,21.77,87.0,0.0,0.0,0.0,380.3,1.72,165.0,99600.0
1990-05-17 18:00:00+00:00,21.02,89.95,0.0,0.0,0.0,375.65,1.52,158.0,99590.0
1990-05-17 19:00:00+00:00,20.51,92.95,0.0,0.0,0.0,376.2,1.38,182.0,99650.0
1990-05-17 20:00:00+00:00,20.44,92.95,0.0,0.0,0.0,373.5,1.1,170.0,99640.0
1990-05-17 21:00:00+00:00,20.09,92.95,0.0,0.0,0.0,373.1,1.1,163.0,99690.0
1990-05-17 22:00:00+00:00,20.08,92.95,99.2,613.71,51.15,373.9,1.03,163.0,99710.0
1990-05-17 23:00:00+00:00,21.63,93.0,275.7,593.05,105.4,372.55,0.69,160.0,99810.0
1990-05-18 00:00:00+00:00,24.81,76.45,460.1,649.72,141.85,383.95,0.76,164.0,99870.0
1990-05-18 01:00:00+00:00,26.73,69.4,547.75,505.21,209.5,392.6,0.55,174.0,99890.0
1990-05-18 02:00:00+00:00,28.15,63.1,646.15,424.37,300.0,414.9,0.28,162.0,99920.0
1990-05-18 03:00:00+00:00,29.27,59.2,633.65,368.87,294.9,416.45,0.14,94.0,99940.0
1990-05-18 04:00:00+00:00,29.58,57.4,642.5,301.8,349.6,421.7,0.34,41.0,99920.0
1990-05-18 05:00:00+00:00,29.9,57.5,594.15,240.7,361.0,426.55,0.41,77.0,99870.0
1990-05-18 06:00:00+00:00,30.07,57.5,611.7,290.35,346.65,423.45,0.55,119.0,99790.0
1990-05-18 07:00:00+00:00,30.58,50.45,483.3,224.12,302.45,420.35,0.62,125.0,99810.0
1990-05-18 08:00:00+00:00,30.53,50.45,298.55,104.31,229.9,418.8,0.76,155.0,99760.0
1990-05-18 09:00:00+00:00,29.81,50.3,165.35,48.16,142.4,416.65,0.69,172.0,99710.0
1990-05-18 10:00:00+00:00,28.39,57.15,47.35,5.64,45.8,415.5,0.76,160.0,99720.0
1990-05-18 11:00:00+00:00,26.83,65.0,2.0,0.0,2.0,422.3,1.59,140.0,99760.0
1990-05-18 12:00:00+00:00,25.76,71.65,0.0,0.0,0.0,413.55,1.66,149.0,99770.0
1990-05-18 13:00:00+00:00,24.85,76.45,0.0,0.0,0.0,400.4,1.72,152.0,99850.0
1990-05-18 14:00:00+00:00,24.07,81.55,0.0,0.0,0.0,395.0,1.79,149.0,99880.0
1990-05-18 15:00:00+00:00,23.47,84.25,0.0,0.0,0.0,392.85,1.86,147.0,99870.0
1990-05-18 16:00:00+00:00,22.95,87.1,0.0,0.0,0.0,388.8,1.93,144.0,99850.0
1990-05-18 17:00:00+00:00,22.5,87.05,0.0,0.0,0.0,384.35,2.07,142.0,99800.0
1990-05-18 18:00:00+00:00,22.01,89.95,0.0,0.0,0.0,377.55,2.0,144.0,99760.0
1990-05-18 19:00:00+00:00,21.04,93.0,0.0,0.0,0.0,372.95,1.52,144.0,99760.0
1990-05-18 20:00:00+00:00,20.53,96.15,0.0,0.0,0.0,373.1,1.31,141.0,99730.0
1990-05-18 21:00:00+00:00,20.42,92.95,0.0,0.0,0.0,372.95,1.17,140.0,99780.0
1990-05-18 22:00:00+00:00,20.24,92.95,98.35,529.54,55.85,372.55,1.1,146.0,99760.0
1990-05-18 23:00:00+00:00,21.98,93.0,280.05,622.49,100.25,372.95,1.03,152.0,99830.0
1990-05-19 00:00:00+00:00,24.45,78.95,478.1,705.06,131.8,377.95,1.59,163.0,99840.0
1990-05-19 01:00:00+00:00,26.33,69.4,658.85,754.58,152.8,385.8,2.21,175.0,99850.0
1990-05-19 02:00:00+00:00,28.0,63.1,791.65,738.89,188.25,393.05,2.83,178.0,99810.0
1990-05-19 03:00:00+00:00,29.41,57.4,900.4,790.43,173.85,398.85,3.24,179.0,99760.0
1990-05-19 04:00:00+00:00,30.62,53.9,846.9,595.48,268.5,404.3,3.59,180.0,99730.0
1990-05-19 05:00:00+00:00,31.24,52.25,826.85,559.52,284.4,412.6,3.93,177.0,99640.0
1990-05-19 06:00:00+00:00,31.73,49.0,570.3,230.74,359.45,416.1,4.21,175.0,99560.0
1990-05-19 07:00:00+00:00,31.17,48.9,403.5,143.06,287.9,420.9,4.34,180.0,99550.0
1990-05-19 08:00:00+00:00,30.88,48.9,204.6,46.93,173.65,420.35,4.21,176.0,99490.0
1990-05-19 09:00:00+00:00,30.12,52.05,119.1,31.27,104.15,422.85,3.52,166.0,99430.0
1990-05-19 10:00:00+00:00,29.19,57.3,41.05,21.88,35.0,418.8,3.38,158.0,99420.0
1990-05-19 11:00:00+00:00,28.17,59.0,2.45,0.0,2.45,415.1,3.59,155.0,99420.0
1990-05-19 12:00:00+00:00,27.39,60.9,0.0,0.0,0.0,411.25,3.79,158.0,99450.0
1990-05-19 13:00:00+00:00,26.9,62.9,0.0,0.0,0.0,410.45,3.86,161.0,99500.0
1990-05-19 14:00:00+00:00,26.49,67.15,0.0,0.0,0.0,411.05,3.93,164.0,99540.0
1990-05-19 15:00:00+00:00,26.04,69.3,0.0,0.0,0.0,407.95,4.07,167.0,99560.0
1990-05-19 16:00:00+00:00,25.63,71.6,0.0,0.0,0.0,406.2,4.07,172.0,99560.0
1990-05-19 17:00:00+00:00,25.35,69.25,0.0,0.0,0.0,405.05,3.93,175.0,99540.0
1990-05-19 18:00:00+00:00,25.15,66.85,0.0,0.0,0.0,399.65,3.93,179.0,99480.0
1990-05-19 19:00:00+00:00,24.21,71.35,0.0,0.0,0.0,384.75,3.72,173.0,99450.0
1990-05-19 20:00:00+00:00,23.71,73.7,0.0,0.0,0.0,379.9,3.38,168.0,99390.0
1990-05-19 21:00:00+00:00,23.14,76.15,0.0,0.0,0.0,372.75,3.17,170.0,99400.0
1990-05-19 22:00:00+00:00,22.79,78.75,106.2,641.6,53.5,371.55,3.1,171.0,99390.0
1990-05-19 23:00:00+00:00,23.8,76.3,288.3,653.67,98.45,372.35,2.9,169.0,99450.0
1990-05-20 00:00:00+00:00,25.6,71.6,484.35,719.8,129.9,377.55,3.86,170.0,99500.0
1990-05-20 01:00:00+00:00,27.17,65.0,661.75,758.84,152.05,386.6,4.48,171.0,99510.0
1990-05-20 02:00:00+00:00,28.59,61.1,771.75,705.49,195.0,395.2,4.69,174.0,99520.0
1990-05-20 03:00:00+00:00,29.75,57.4,808.95,673.23,189.6,405.05,4.62,175.0,99500.0
1990-05-20 04:00:00+00:00,30.58,53.9,874.4,629.37,262.6,408.75,4.62,174.0,99460.0
1990-05-20 05:00:00+00:00,31.3,50.7,689.1,370.04,330.05,417.45,4.69,172.0,99400.0
1990-05-20 06:00:00+00:00,31.25,50.55,601.95,368.47,264.9,424.2,4.76,166.0,99340.0
1990-05-20 07:00:00+00:00,31.06,47.25,529.55,346.78,248.95,421.9,5.31,173.0,99310.0
1990-05-20 08:00:00+00:00,30.96,47.25,355.35,229.04,204.0,420.15,5.31,175.0,99260.0
1990-05-20 09:00:00+00:00,30.37,48.75,171.25,60.66,142.15,419.55,4.76,170.0,99220.0
1990-05-20 10:00:00+00:00,29.45,53.7,53.15,26.76,45.7,416.3,4.0,159.0,99250.0
1990-05-20 11:00:00+00:00,28.3,57.15,3.1,1.42,3.0,419.4,3.72,148.0,99340.0
1990-05-20 12:00:00+00:00,27.06,62.9,0.0,0.0,0.0,405.45,3.59,150.0,99400.0
1990-05-20 13:00:00+00:00,26.21,69.3,0.0,0.0,0.0,401.55,3.31,155.0,99540.0
1990-05-20 14:00:00+00:00,25.36,71.6,0.0,0.0,0.0,396.35,2.97,153.0,99630.0
1990-05-20 15:00:00+00:00,24.61,78.95,0.0,0.0,0.0,392.85,2.83,150.0,99650.0
1990-05-20 16:00:00+00:00,24.13,81.55,0.0,0.0,0.0,397.7,2.76,146.0,99660.0
1990-05-20 17:00:00+00:00,23.6,87.1,0.0,0.0,0.0,402.55,2.48,140.0,99620.0
1990-05-20 18:00:00+00:00,23.01,93.05,0.0,0.0,0.0,396.55,2.07,120.0,99580.0
1990-05-20 19:00:00+00:00,22.59,99.4,0.0,0.0,0.0,404.65,1.93,72.0,99520.0
1990-05-20 20:00:00+00:00,22.21,96.15,0.0,0.0,0.0,416.1,2.83,53.0,99560.0
1990-05-20 21:00:00+00:00,21.46,93.0,0.0,0.0,0.0,421.7,3.93,46.0,99570.0
1990-05-20 22:00:00+00:00,20.11,92.95,7.8,0.0,7.8,418.8,4.76,40.0,99600.0
1990-05-20 23:00:00+00:00,18.53,89.75,19.75,0.0,19.75,412.6,5.03,36.0,99670.0
1990-05-21 00:00:00+00:00,17.6,86.65,45.65,1.11,45.1,403.1,4.55,30.0,99750.0
1990-05-21 01:00:00+00:00,17.11,89.65,97.65,2.08,96.25,395.5,3.45,14.0,99850.0
1990-05-21 02:00:00+00:00,17.31,86.65,177.55,35.56,148.45,394.2,3.17,353.0,99890.0
1990-05-21 03:00:00+00:00,17.84,86.7,107.5,0.0,107.5,393.65,3.52,357.0,99920.0
1990-05-21 04:00:00+00:00,17.7,86.7,350.15,110.4,242.75,393.05,4.0,7.0,99940.0
1990-05-21 05:00:00+00:00,18.29,75.55,293.35,102.52,193.8,389.4,5.1,10.0,99920.0
1990-05-21 06:00:00+00:00,18.11,78.15,96.9,6.44,91.0,392.85,4.97,359.0,99970.0
1990-05-21 07:00:00+00:00,15.34,83.5,69.85,0.06,69.8,380.1,5.79,0.0,100240.0
1990-05-21 08:00:00+00:00,14.67,83.45,40.2,0.0,40.2,376.4,5.93,358.0,100280.0
1990-05-21 09:00:00+00:00,14.19,86.4,16.25,0.0,16.25,373.3,5.52,352.0,100380.0
1990-05-21 10:00:00+00:00,13.8,86.35,8.25,0.0,8.25,371.0,5.45,356.0,100470.0
1990-05-21 11:00:00+00:00,13.77,83.35,0.35,0.0,0.35,368.5,5.31,2.0,100550.0
1990-05-21 12:00:00+00:00,13.91,83.35,0.0,0.0,0.0,367.9,4.83,1.0,100630.0
1990-05-21 13:00:00+00:00,14.11,86.35,0.0,0.0,0.0,367.1,4.28,359.0,100720.0
1990-05-21 14:00:00+00:00,14.3,86.4,0.0,0.0,0.0,369.65,4.0,354.0,100740.0
1990-05-21 15:00:00+00:00,14.38,86.4,0.0,0.0,0.0,368.65,3.86,342.0,100710.0
1990-05-21 16:00:00+00:00,14.36,89.5,0.0,0.0,0.0,368.65,3.86,335.0,100670.0
1990-05-21 17:00:00+00:00,14.6,86.4,0.0,0.0,0.0,367.5,3.93,333.0,100610.0
1990-05-21 18:00:00+00:00,14.88,77.75,0.0,0.0,0.0,369.25,4.07,332.0,100550.0
1990-05-21 19:00:00+00:00,14.54,77.65,0.0,0.0,0.0,361.7,3.79,329.0,100610.0
1990-05-21 20:00:00+00:00,14.59,74.95,0.0,0.0,0.0,358.8,3.59,328.0,100600.0
1990-05-21 21:00:00+00:00,14.58,69.75,0.0,0.0,0.0,354.15,3.59,328.0,100620.0
1990-05-21 22:00:00+00:00,14.36,69.75,83.95,415.67,48.35,337.1,3.45,330.0,100660.0
1990-05-21 23:00:00+00:00,14.78,67.35,228.85,407.81,109.2,323.0,3.1,328.0,100700.0
1990-05-22 00:00:00+00:00,15.96,60.65,459.05,679.05,123.1,317.2,4.0,324.0,100750.0
1990-05-22 01:00:00+00:00,17.6,54.7,616.65,660.35,171.85,326.95,4.41,325.0,100720.0
1990-05-22 02:00:00+00:00,19.02,49.45,775.8,731.7,176.45,328.4,4.28,329.0,100700.0
1990-05-22 03:00:00+00:00,20.41,46.35,903.45,765.67,197.95,329.55,4.07,335.0,100650.0
1990-05-22 04:00:00+00:00,21.71,44.95,910.55,679.92,248.65,333.65,3.93,339.0,100600.0
1990-05-22 05:00:00+00:00,22.68,43.5,694.45,370.9,334.0,344.85,3.72,340.0,100560.0
1990-05-22 06:00:00+00:00,22.94,42.1,414.8,143.1,283.65,361.1,3.31,343.0,100490.0
1990-05-22 07:00:00+00:00,22.79,42.1,447.3,236.04,255.8,382.4,3.17,343.0,100460.0
1990-05-22 08:00:00+00:00,23.18,42.1,427.35,367.56,183.5,371.4,2.55,348.0,100420.0
1990-05-22 09:00:00+00:00,23.36,40.75,250.5,284.43,113.15,359.2,2.21,344.0,100370.0
1990-05-22 10:00:00+00:00,22.84,46.85,95.7,152.28,52.75,352.2,1.38,321.0,100350.0
1990-05-22 11:00:00+00:00,21.49,53.75,4.25,4.69,3.9,343.5,1.66,293.0,100350.0
1990-05-22 12:00:00+00:00,19.65,61.4,0.0,0.0,0.0,342.95,1.79,285.0,100390.0
1990-05-22 13:00:00+00:00,18.4,65.65,0.0,0.0,0.0,348.55,1.66,282.0,100440.0
1990-05-22 14:00:00+00:00,17.61,72.8,0.0,0.0,0.0,350.3,1.31,275.0,100490.0
1990-05-22 15:00:00+00:00,17.39,70.3,0.0,0.0,0.0,347.4,1.1,264.0,100490.0
1990-05-22 16:00:00+00:00,16.9,70.2,0.0,0.0,0.0,337.9,1.03,261.0,100460.0
1990-05-22 17:00:00+00:00,16.73,70.2,0.0,0.0,0.0,346.2,0.97,246.0,100420.0
1990-05-22 18:00:00+00:00,16.5,75.25,0.0,0.0,0.0,354.55,0.9,232.0,100380.0
1990-05-22 19:00:00+00:00,16.48,75.25,0.0,0.0,0.0,338.1,0.41,29.0,100410.0
1990-05-22 20:00:00+00:00,16.33,75.25,0.0,0.0,0.0,343.9,0.21,121.0,100400.0
1990-05-22 21:00:00+00:00,16.2,77.95,0.0,0.0,0.0,343.1,0.55,179.0,100410.0
1990-05-22 22:00:00+00:00,15.92,80.65,90.35,448.03,51.25,328.6,0.62,178.0,100400.0
1990-05-22 23:00:00+00:00,16.04,83.55,179.75,245.46,107.4,328.2,0.48,176.0,100440.0
1990-05-23 00:00:00+00:00,18.27,68.05,349.65,353.99,174.15,353.0,0.69,193.0,100460.0
1990-05-23 01:00:00+00:00,19.81,61.5,420.25,269.04,238.8,352.35,0.69,174.0,100460.0
1990-05-23 02:00:00+00:00,20.9,55.55,408.35,96.3,329.4,363.05,0.76,161.0,100420.0
1990-05-23 03:00:00+00:00,21.57,53.75,314.35,35.63,281.5,377.2,1.1,170.0,100400.0
1990-05-23 04:00:00+00:00,21.63,53.75,392.6,95.98,299.1,382.0,1.66,184.0,100350.0
1990-05-23 05:00:00+00:00,21.76,53.75,312.9,64.88,249.8,382.8,2.0,197.0,100300.0
1990-05-23 06:00:00+00:00,20.53,61.6,221.45,28.01,195.75,384.55,1.72,201.0,100240.0
1990-05-23 07:00:00+00:00,20.0,68.3,256.4,70.04,199.5,384.15,0.69,263.0,100230.0
1990-05-23 08:00:00+00:00,19.97,68.3,170.75,92.45,109.3,383.95,0.62,272.0,100180.0
1990-05-23 09:00:00+00:00,19.41,70.65,70.35,24.36,58.55,380.65,0.48,230.0,100090.0
1990-05-23 10:00:00+00:00,18.88,81.05,23.6,4.05,22.45,382.8,0.41,163.0,100100.0
1990-05-23 11:00:00+00:00,18.58,78.25,0.95,0.0,0.95,381.25,0.34,162.0,100080.0
1990-05-23 12:00:00+00:00,18.42,81.0,0.0,0.0,0.0,382.8,0.21,239.0,100110.0
1990-05-23 13:00:00+00:00,18.4,78.25,0.0,0.0,0.0,380.85,0.07,159.0,100150.0
1990-05-23 14:00:00+00:00,18.18,81.0,0.0,0.0,0.0,381.45,0.41,148.0,100140.0
1990-05-23 15:00:00+00:00,17.64,89.7,0.0,0.0,0.0,381.05,0.62,156.0,100140.0
1990-05-23 16:00:00+00:00,17.8,83.75,0.0,0.0,0.0,379.5,0.41,165.0,100080.0
1990-05-23 17:00:00+00:00,17.75,83.75,0.0,0.0,0.0,380.1,0.21,134.0,100040.0
1990-05-23 18:00:00+00:00,17.62,86.65,0.0,0.0,0.0,380.45,0.34,100.0,99990.0
1990-05-23 19:00:00+00:00,16.4,86.55,0.0,0.0,0.0,374.1,0.97,303.0,100060.0
1990-05-23 20:00:00+00:00,16.12,89.6,0.0,0.0,0.0,375.25,0.76,302.0,100060.0
1990-05-23 21:00:00+00:00,15.51,92.75,0.0,0.0,0.0,358.4,0.9,280.0,100050.0
1990-05-23 22:00:00+00:00,14.53,99.35,100.4,454.89,60.0,339.65,0.83,253.0,100030.0
1990-05-23 23:00:00+00:00,15.71,89.6,272.6,530.0,115.7,334.2,0.62,234.0,100060.0
1990-05-24 00:00:00+00:00,17.3,80.85,496.1,706.48,145.15,334.4,0.76,237.0,100090.0
1990-05-24 01:00:00+00:00,19.09,70.55,677.9,769.07,158.6,327.15,0.76,241.0,100110.0
1990-05-24 02:00:00+00:00,20.57,63.8,829.05,784.46,185.4,328.2,0.69,235.0,100080.0
1990-05-24 03:00:00+00:00,22.09,59.7,807.6,626.39,229.65,341.2,0.62,226.0,100030.0
1990-05-24 04:00:00+00:00,22.99,57.9,934.05,708.63,243.3,367.1,0.76,185.0,99970.0
1990-05-24 05:00:00+00:00,24.02,54.2,858.05,661.35,214.4,364.0,1.03,162.0,99880.0
1990-05-24 06:00:00+00:00,24.65,52.5,813.25,654.16,212.6,360.15,1.45,169.0,99800.0
1990-05-24 07:00:00+00:00,24.58,52.5,628.05,492.69,227.3,355.3,1.03,184.0,99800.0
1990-05-24 08:00:00+00:00,24.76,50.8,446.1,383.05,191.0,372.75,1.52,156.0,99750.0
1990-05-24 09:00:00+00:00,24.65,52.5,258.15,273.57,125.2,379.9,2.21,154.0,99710.0
1990-05-24 10:00:00+00:00,24.13,56.15,101.0,169.6,52.55,365.2,2.48,151.0,99720.0
1990-05-24 11:00:00+00:00,22.59,64.1,5.3,8.26,4.65,353.0,2.83,149.0,99730.0
1990-05-24 12:00:00+00:00,21.14,68.5,0.0,0.0,0.0,351.05,3.17,156.0,99760.0
1990-05-24 13:00:00+00:00,20.24,70.8,0.0,0.0,0.0,342.95,3.24,163.0,99850.0
1990-05-24 14:00:00+00:00,19.65,75.7,0.0,0.0,0.0,341.0,3.24,162.0,99910.0
1990-05-24 15:00:00+00:00,19.23,78.35,0.0,0.0,0.0,340.8,3.17,156.0,99920.0
1990-05-24 16:00:00+00:00,18.86,81.05,0.0,0.0,0.0,340.6,3.03,147.0,99930.0
1990-05-24 17:00:00+00:00,18.5,81.0,0.0,0.0,0.0,339.05,3.24,146.0,99900.0
1990-05-24 18:00:00+00:00,18.38,81.0,0.0,0.0,0.0,341.2,3.52,151.0,99810.0
1990-05-24 19:00:00+00:00,17.92,86.7,0.0,0.0,0.0,341.95,2.9,151.0,99890.0
1990-05-24 20:00:00+00:00,17.78,86.7,0.0,0.0,0.0,344.1,2.69,149.0,99900.0
1990-05-24 21:00:00+00:00,17.53,89.7,0.0,0.0,0.0,341.75,2.76,146.0,99870.0
1990-05-24 22:00:00+00:00,17.38,86.65,103.9,499.05,58.85,341.2,2.34,145.0,99880.0
1990-05-24 23:00:00+00:00,18.62,86.75,259.45,457.71,123.4,348.15,1.66,145.0,99960.0
1990-05-25 00:00:00+00:00,20.38,75.85,384.95,412.13,179.85,353.95,2.14,158.0,100000.0
1990-05-25 01:00:00+00:00,21.69,71.0,477.1,331.53,253.0,367.05,2.62,172.0,100010.0
1990-05-25 02:00:00+00:00,22.79,68.75,526.8,296.18,283.6,374.45,2.41,184.0,99990.0
1990-05-25 03:00:00+00:00,23.85,64.4,504.3,148.07,367.6,406.0,2.41,193.0,99990.0
1990-05-25 04:00:00+00:00,24.67,64.5,398.2,55.72,343.85,420.55,1.72,202.0,99960.0
1990-05-25 05:00:00+00:00,24.99,64.6,323.1,26.8,297.0,422.85,1.03,222.0,99910.0
1990-05-25 06:00:00+00:00,25.23,62.55,289.6,41.08,251.85,424.0,0.62,278.0,99870.0
1990-05-25 07:00:00+00:00,25.53,62.55,248.65,33.83,221.1,423.05,1.52,321.0,99890.0
1990-05-25 08:00:00+00:00,25.32,62.55,178.7,28.93,159.4,425.2,1.79,338.0,99900.0
1990-05-25 09:00:00+00:00,25.05,62.45,105.45,44.0,84.0,419.0,1.72,355.0,99880.0
1990-05-25 10:00:00+00:00,24.76,64.6,61.8,67.67,42.35,419.75,1.03,12.0,99850.0
1990-05-25 11:00:00+00:00,24.39,71.4,2.85,3.1,2.6,403.9,0.28,49.0,99870.0
1990-05-25 12:00:00+00:00,23.74,71.35,0.0,0.0,0.0,402.35,0.34,109.0,99900.0
1990-05-25 13:00:00+00:00,23.32,73.7,0.0,0.0,0.0,403.9,0.14,145.0,99990.0
1990-05-25 14:00:00+00:00,22.69,78.7,0.0,0.0,0.0,394.4,0.28,300.0,100040.0
1990-05-25 15:00:00+00:00,21.75,81.35,0.0,0.0,0.0,394.6,0.62,323.0,100040.0
1990-05-25 16:00:00+00:00,21.32,81.35,0.0,0.0,0.0,401.0,0.69,344.0,100000.0
1990-05-25 17:00:00+00:00,20.87,86.95,0.0,0.0,0.0,405.85,0.76,2.0,99970.0
1990-05-25 18:00:00+00:00,20.91,86.95,0.0,0.0,0.0,403.3,0.55,22.0,99930.0
1990-05-25 19:00:00+00:00,21.24,81.35,0.0,0.0,0.0,409.3,0.34,130.0,99890.0
1990-05-25 20:00:00+00:00,21.0,86.95,0.0,0.0,0.0,411.65,0.55,138.0,99930.0
1990-05-25 21:00:00+00:00,20.97,86.95,0.0,0.0,0.0,412.6,0.55,72.0,99930.0
1990-05-25 22:00:00+00:00,20.63,89.9,28.45,1.64,28.3,412.4,1.24,44.0,99930.0
1990-05-25 23:00:00+00:00,20.96,89.95,33.15,0.0,33.15,411.85,1.1,56.0,99970.0
1990-05-26 00:00:00+00:00,21.11,93.0,67.2,0.0,67.2,415.3,1.03,56.0,100000.0
1990-05-26 01:00:00+00:00,21.38,89.95,78.15,1.7,77.0,415.05,0.97,53.0,100020.0
1990-05-26 02:00:00+00:00,21.58,93.0,84.9,0.91,84.15,416.85,1.1,50.0,100000.0
1990-05-26 03:00:00+00:00,21.82,93.0,97.75,0.87,96.95,417.45,1.24,63.0,99980.0
1990-05-26 04:00:00+00:00,22.22,90.0,130.25,4.51,125.85,418.6,1.45,84.0,99960.0
1990-05-26 05:00:00+00:00,22.77,90.05,118.7,1.13,117.6,422.1,1.52,101.0,99900.0
1990-05-26 06:00:00+00:00,22.99,93.05,111.45,0.6,110.9,424.4,1.45,121.0,99820.0
1990-05-26 07:00:00+00:00,21.42,89.95,144.05,11.65,134.55,414.9,2.21,4.0,99810.0
1990-05-26 08:00:00+00:00,21.65,87.0,78.15,5.24,74.65,417.05,2.55,20.0,99760.0
1990-05-26 09:00:00+00:00,21.76,89.95,36.0,0.0,36.0,417.45,2.41,27.0,99710.0
1990-05-26 10:00:00+00:00,21.53,89.95,18.8,1.21,18.45,417.65,2.0,18.0,99700.0
1990-05-26 11:00:00+00:00,21.27,89.95,0.8,0.0,0.8,416.1,1.79,7.0,99730.0
1990-05-26 12:00:00+00:00,20.98,93.0,0.0,0.0,0.0,417.05,1.66,5.0,99780.0
1990-05-26 13:00:00+00:00,20.8,89.95,0.0,0.0,0.0,415.9,1.52,9.0,99840.0
1990-05-26 14:00:00+00:00,20.65,92.95,0.0,0.0,0.0,415.1,1.38,7.0,99870.0
1990-05-26 15:00:00+00:00,20.5,92.95,0.0,0.0,0.0,414.15,1.17,354.0,99860.0
1990-05-26 16:00:00+00:00,20.38,92.95,0.0,0.0,0.0,414.75,1.24,342.0,99820.0
1990-05-26 17:00:00+00:00,20.2,92.95,0.0,0.0,0.0,414.55,1.52,338.0,99740.0
1990-05-26 18:00:00+00:00,20.11,96.1,0.0,0.0,0.0,414.55,1.24,332.0,99690.0
1990-05-26 19:00:00+00:00,19.91,96.1,0.0,0.0,0.0,414.75,1.52,346.0,99630.0
1990-05-26 20:00:00+00:00,19.84,96.1,0.0,0.0,0.0,413.95,1.24,356.0,99600.0
1990-05-26 21:00:00+00:00,19.81,96.1,0.0,0.0,0.0,413.4,1.1,7.0,99600.0
1990-05-26 22:00:00+00:00,19.82,96.1,15.6,4.84,15.15,413.75,0.9,359.0,99640.0
1990-05-26 23:00:00+00:00,20.03,96.1,56.25,1.67,55.75,414.15,1.24,15.0,99650.0
1990-05-27 00:00:00+00:00,20.61,92.95,56.8,3.0,55.3,415.3,1.1,14.0,99690.0
1990-05-27 01:00:00+00:00,20.96,93.0,87.75,0.96,87.1,417.15,0.83,21.0,99680.0
1990-05-27 02:00:00+00:00,21.48,89.95,113.65,2.55,111.55,418.4,0.41,38.0,99650.0
1990-05-27 03:00:00+00:00,21.97,93.0,200.9,12.12,189.7,420.75,0.14,72.0,99610.0
1990-05-27 04:00:00+00:00,22.82,87.1,162.8,3.02,159.85,423.45,0.76,111.0,99610.0
1990-05-27 05:00:00+00:00,23.33,87.1,157.8,0.0,157.8,426.35,1.38,102.0,99580.0
1990-05-27 06:00:00+00:00,23.71,90.05,186.3,16.62,171.0,429.85,1.31,102.0,99530.0
1990-05-27 07:00:00+00:00,25.43,81.75,199.4,4.53,195.7,435.65,1.45,152.0,99500.0
1990-05-27 08:00:00+00:00,26.0,79.15,91.95,0.0,91.95,437.0,1.24,158.0,99440.0
1990-05-27 09:00:00+00:00,25.82,81.8,66.35,10.4,61.25,439.1,0.41,34.0,99410.0
1990-05-27 10:00:00+00:00,25.38,84.45,39.3,10.14,36.35,437.0,1.59,23.0,99440.0
1990-05-27 11:00:00+00:00,24.66,90.1,1.8,1.18,1.7,433.9,2.28,18.0,99540.0
1990-05-27 12:00:00+00:00,23.67,93.05,0.0,0.0,0.0,430.8,2.69,14.0,99610.0
1990-05-27 13:00:00+00:00,23.04,96.15,0.0,0.0,0.0,426.9,2.76,16.0,99690.0
1990-05-27 14:00:00+00:00,22.64,99.4,0.0,0.0,0.0,426.15,2.48,19.0,99730.0
1990-05-27 15:00:00+00:00,22.38,99.4,0.0,0.0,0.0,427.9,2.07,17.0,99730.0
1990-05-27 16:00:00+00:00,22.04,99.4,0.0,0.0,0.0,423.05,1.66,7.0,99730.0
1990-05-27 17:00:00+00:00,21.8,99.4,0.0,0.0,0.0,426.75,1.72,356.0,99690.0
1990-05-27 18:00:00+00:00,21.48,99.4,0.0,0.0,0.0,425.75,2.0,352.0,99670.0
1990-05-27 19:00:00+00:00,20.57,99.4,0.0,0.0,0.0,420.9,2.55,355.0,99690.0
1990-05-27 20:00:00+00:00,20.05,96.1,0.0,0.0,0.0,418.6,2.62,357.0,99700.0
1990-05-27 21:00:00+00:00,19.63,96.1,0.0,0.0,0.0,416.1,2.55,358.0,99720.0
1990-05-27 22:00:00+00:00,19.32,96.1,8.5,0.0,8.5,413.4,2.48,359.0,99750.0
1990-05-27 23:00:00+00:00,19.15,96.1,20.2,1.17,19.85,411.05,2.41,359.0,99810.0
1990-05-28 00:00:00+00:00,19.18,96.1,32.5,0.0,32.5,410.3,2.34,354.0,99850.0
1990-05-28 01:00:00+00:00,19.15,96.1,43.1,0.0,43.1,409.6,2.41,348.0,99900.0
1990-05-28 02:00:00+00:00,19.23,92.9,71.5,0.0,71.5,409.3,2.34,348.0,99920.0
1990-05-28 03:00:00+00:00,19.41,92.9,131.05,6.98,124.6,409.9,2.62,357.0,99910.0
1990-05-28 04:00:00+00:00,19.96,92.95,136.7,5.63,131.2,411.45,2.62,3.0,99900.0
1990-05-28 05:00:00+00:00,20.45,89.9,188.05,23.67,164.95,413.55,2.48,10.0,99850.0
1990-05-28 06:00:00+00:00,21.11,89.95,171.95,7.38,165.15,415.3,2.55,11.0,99800.0
1990-05-28 07:00:00+00:00,21.45,81.35,133.05,54.93,88.15,414.9,3.03,14.0,99810.0
1990-05-28 08:00:00+00:00,21.56,81.35,92.05,3.65,89.6,416.3,3.03,13.0,99780.0
1990-05-28 09:00:00+00:00,21.49,81.35,54.95,3.66,53.15,414.35,2.9,10.0,99780.0
1990-05-28 10:00:00+00:00,21.33,81.35,21.15,3.76,20.05,415.1,2.41,358.0,99800.0
1990-05-28 11:00:00+00:00,21.02,81.3,1.25,0.0,1.25,413.95,2.41,348.0,99870.0
1990-05-28 12:00:00+00:00,20.65,84.05,0.0,0.0,0.0,413.55,2.62,347.0,99930.0
1990-05-28 13:00:00+00:00,20.4,84.05,0.0,0.0,0.0,410.45,2.69,348.0,100030.0
1990-05-28 14:00:00+00:00,20.22,84.05,0.0,0.0,0.0,410.85,2.76,350.0,100080.0
1990-05-28 15:00:00+00:00,19.77,89.85,0.0,0.0,0.0,410.3,2.55,348.0,100110.0
1990-05-28 16:00:00+00:00,19.55,92.9,0.0,0.0,0.0,408.9,2.34,342.0,100120.0
1990-05-28 17:00:00+00:00,19.41,92.9,0.0,0.0,0.0,407.2,2.34,337.0,100090.0
1990-05-28 18:00:00+00:00,19.34,92.9,0.0,0.0,0.0,407.4,2.41,336.0,100060.0
1990-05-28 19:00:00+00:00,18.95,92.9,0.0,0.0,0.0,405.45,2.41,340.0,100090.0
1990-05-28 20:00:00+00:00,18.9,92.9,0.0,0.0,0.0,405.65,2.21,343.0,100070.0
1990-05-28 21:00:00+00:00,18.93,92.9,0.0,0.0,0.0,404.45,1.93,347.0,100050.0
1990-05-28 22:00:00+00:00,18.95,92.9,13.55,0.0,13.55,405.65,1.79,345.0,100060.0
1990-05-28 23:00:00+00:00,18.96,92.9,35.7,0.0,35.7,406.6,1.79,343.0,100090.0
1990-05-29 00:00:00+00:00,19.23,89.85,69.05,0.0,69.05,406.6,2.07,349.0,100120.0
1990-05-29 01:00:00+00:00,19.45,92.9,53.7,0.0,53.7,407.85,2.69,0.0,100120.0
1990-05-29 02:00:00+00:00,19.46,92.9,79.8,0.0,79.8,407.55,2.55,1.0,100120.0
1990-05-29 03:00:00+00:00,19.75,86.85,130.95,0.0,130.95,408.35,2.76,15.0,100090.0
1990-05-29 04:00:00+00:00,20.48,86.9,186.3,16.32,170.35,410.1,2.41,21.0,100070.0
1990-05-29 05:00:00+00:00,21.2,81.35,165.4,4.71,160.8,412.4,2.34,24.0,100030.0
1990-05-29 06:00:00+00:00,21.7,84.1,222.5,33.51,191.6,415.1,2.28,21.0,99970.0
1990-05-29 07:00:00+00:00,23.46,78.85,173.7,22.0,155.7,420.75,2.69,29.0,99930.0
1990-05-29 08:00:00+00:00,23.64,81.5,101.75,9.0,95.7,419.95,2.48,34.0,99920.0
1990-05-29 09:00:00+00:00,23.51,81.5,62.3,21.89,51.5,424.6,2.14,32.0,99900.0
1990-05-29 10:00:00+00:00,23.14,84.25,11.8,0.68,11.6,419.4,2.0,26.0,99940.0
1990-05-29 11:00:00+00:00,22.53,87.05,1.4,0.0,1.4,420.55,1.86,15.0,100000.0
1990-05-29 12:00:00+00:00,22.06,89.95,0.0,0.0,0.0,418.8,1.86,10.0,100070.0
1990-05-29 13:00:00+00:00,21.78,89.95,0.0,0.0,0.0,418.8,1.93,8.0,100140.0
1990-05-29 14:00:00+00:00,21.53,89.95,0.0,0.0,0.0,418.8,2.07,0.0,100170.0
1990-05-29 15:00:00+00:00,21.27,87.0,0.0,0.0,0.0,417.65,2.28,359.0,100180.0
1990-05-29 16:00:00+00:00,21.0,89.95,0.0,0.0,0.0,417.25,2.41,358.0,100160.0
1990-05-29 17:00:00+00:00,20.69,89.9,0.0,0.0,0.0,413.4,2.48,356.0,100150.0
1990-05-29 18:00:00+00:00,20.46,89.9,0.0,0.0,0.0,414.55,2.55,356.0,100120.0
1990-05-29 19:00:00+00:00,20.3,89.9,0.0,0.0,0.0,413.55,2.69,351.0,100140.0
1990-05-29 20:00:00+00:00,20.14,89.85,0.0,0.0,0.0,412.6,2.76,353.0,100120.0
1990-05-29 21:00:00+00:00,20.01,89.85,0.0,0.0,0.0,411.45,2.69,355.0,100160.0
1990-05-29 22:00:00+00:00,19.89,89.85,9.85,0.0,9.85,410.65,2.62,359.0,100180.0
1990-05-29 23:00:00+00:00,19.89,89.85,56.3,10.26,53.2,409.7,2.28,4.0,100200.0
1990-05-30 00:00:00+00:00,20.25,86.9,103.15,2.49,101.9,409.3,2.34,5.0,100240.0
1990-05-30 01:00:00+00:00,20.8,84.05,156.25,21.29,141.8,410.4,3.1,7.0,100270.0
1990-05-30 02:00:00+00:00,21.35,81.35,164.25,12.27,154.15,408.15,3.17,359.0,100280.0
1990-05-30 03:00:00+00:00,21.9,81.35,402.65,80.93,327.75,414.55,3.31,358.0,100270.0
1990-05-30 04:00:00+00:00,23.43,73.7,615.75,240.9,380.2,415.7,3.72,3.0,100200.0
1990-05-30 05:00:00+00:00,24.96,69.15,477.8,141.52,339.55,416.65,3.72,6.0,100120.0
1990-05-30 06:00:00+00:00,25.51,66.95,358.6,63.12,300.35,423.25,3.66,7.0,100020.0
1990-05-30 07:00:00+00:00,26.11,64.8,314.65,73.0,254.85,429.65,3.1,358.0,99980.0
1990-05-30 08:00:00+00:00,26.42,64.95,386.4,301.32,183.55,424.4,2.83,2.0,99900.0
1990-05-30 09:00:00+00:00,27.03,60.8,188.55,99.85,139.15,424.0,2.97,12.0,99840.0
1990-05-30 10:00:00+00:00,26.59,64.95,74.6,92.42,47.25,420.75,1.72,23.0,99810.0
1990-05-30 11:00:00+00:00,25.83,69.3,7.0,12.17,5.9,417.85,1.03,54.0,99810.0
1990-05-30 12:00:00+00:00,23.8,78.9,0.0,0.0,0.0,380.1,1.03,94.0,99860.0
1990-05-30 13:00:00+00:00,21.78,87.0,0.0,0.0,0.0,370.8,1.59,110.0,99940.0
1990-05-30 14:00:00+00:00,20.57,89.9,0.0,0.0,0.0,367.5,1.66,120.0,99990.0
1990-05-30 15:00:00+00:00,20.18,89.85,0.0,0.0,0.0,372.15,1.45,120.0,100020.0
1990-05-30 16:00:00+00:00,20.5,86.9,0.0,0.0,0.0,367.5,1.1,106.0,99990.0
1990-05-30 17:00:00+00:00,20.64,86.9,0.0,0.0,0.0,361.7,0.83,70.0,99960.0
1990-05-30 18:00:00+00:00,19.64,92.9,0.0,0.0,0.0,358.2,1.03,34.0,99900.0
1990-05-30 19:00:00+00:00,20.04,92.95,0.0,0.0,0.0,368.5,0.97,15.0,99910.0
1990-05-30 20:00:00+00:00,18.5,96.1,0.0,0.0,0.0,362.5,1.24,9.0,99900.0
1990-05-30 21:00:00+00:00,17.69,96.05,0.0,0.0,0.0,359.75,1.45,20.0,99880.0
1990-05-30 22:00:00+00:00,17.23,96.05,116.2,588.05,59.0,348.35,1.66,20.0,99910.0
1990-05-30 23:00:00+00:00,19.53,96.1,299.7,647.05,103.75,348.55,1.1,28.0,99960.0
1990-05-31 00:00:00+00:00,22.32,84.15,500.2,731.06,133.45,352.2,1.1,42.0,99970.0
1990-05-31 01:00:00+00:00,24.0,76.3,665.0,732.71,167.4,360.45,1.38,55.0,99960.0
1990-05-31 02:00:00+00:00,25.37,66.95,590.8,375.89,281.15,366.95,2.0,76.0,99900.0
1990-05-31 03:00:00+00:00,26.09,62.65,479.95,155.22,336.25,407.0,2.0,82.0,99850.0
1990-05-31 04:00:00+00:00,26.38,60.7,440.05,89.76,352.25,421.7,1.86,80.0,99770.0
1990-05-31 05:00:00+00:00,26.65,60.7,464.55,110.6,356.45,425.4,1.79,84.0,99700.0
1990-05-31 06:00:00+00:00,26.97,58.8,430.85,108.83,330.35,424.6,1.79,96.0,99620.0
1990-05-31 07:00:00+00:00,27.0,56.85,314.5,45.66,277.05,424.0,1.52,72.0,99690.0
1990-05-31 08:00:00+00:00,26.92,56.85,162.5,12.09,154.35,427.7,1.79,59.0,99620.0
1990-05-31 09:00:00+00:00,26.47,60.7,112.55,13.61,105.8,423.65,1.66,51.0,99610.0
1990-05-31 10:00:00+00:00,25.99,64.8,40.9,5.21,39.35,419.55,1.38,49.0,99600.0
1990-05-31 11:00:00+00:00,25.09,73.95,4.2,0.54,4.15,414.9,0.83,19.0,99650.0
1990-05-31 12:00:00+00:00,23.79,78.9,0.0,0.0,0.0,409.5,1.1,334.0,99710.0
1990-05-31 13:00:00+00:00,22.76,81.45,0.0,0.0,0.0,404.3,1.31,347.0,99760.0
1990-05-31 14:00:00+00:00,22.09,87.0,0.0,0.0,0.0,403.7,1.31,347.0,99810.0
1990-05-31 15:00:00+00:00,21.16,89.95,0.0,0.0,0.0,385.5,1.17,341.0,99780.0
1990-05-31 16:00:00+00:00,18.75,99.0,0.0,0.0,0.0,373.57,1.91,327.0,99750.0
1990-05-31 17:00:00+00:00,19.18,97.52,0.0,0.0,0.0,375.68,1.79,323.0,99730.0
1990-05-31 18:00:00+00:00,19.61,94.95,0.0,0.0,0.0,377.8,1.68,324.0,99680.0
1990-05-31 19:00:00+00:00,20.04,92.38,0.0,0.0,0.0,379.92,1.56,320.0,99690.0
1990-05-31 20:00:00+00:00,20.48,89.81,0.0,0.0,0.0,382.03,1.45,327.0,99660.0
1990-05-31 21:00:00+00:00,20.91,87.24,0.0,0.0,0.0,384.15,1.33,328.0,99680.0
1990-05-31 22:00:00+00:00,21.34,84.67,98.65,355.58,63.75,386.27,1.21,323.0,99670.0
1990-05-31 23:00:00+00:00,21.77,82.1,248.35,454.68,110.35,388.39,1.1,318.0,99680.0
1990-06-01 00:00:00+00:00,22.2,79.53,153.35,22.29,142.15,390.5,0.98,88.0,100120.0
1990-06-01 01:00:00+00:00,22.63,76.96,278.3,58.19,238.75,392.62,0.86,101.0,100130.0
1990-06-01 02:00:00+00:00,23.06,74.39,268.5,14.19,256.8,394.74,0.75,134.0,100140.0
1990-06-01 03:00:00+00:00,23.49,71.82,305.8,45.39,263.75,396.85,0.63,117.0,100080.0
1990-06-01 04:00:00+00:00,23.92,69.26,221.25,33.46,188.5,398.97,0.52,4.0,100050.0
1990-06-01 05:00:00+00:00,24.36,66.69,391.85,78.04,315.5,401.09,0.4,351.0,100020.0
1990-06-01 06:00:00+00:00,24.79,64.12,485.3,159.22,338.05,403.2,0.28,19.0,99950.0
1990-06-01 07:00:00+00:00,25.22,61.55,414.95,178.86,267.95,405.32,0.17,143.0,99910.0
1990-06-01 08:00:00+00:00,25.8,58.55,345.7,205.6,206.6,399.65,0.83,156.0,99880.0
1990-06-01 09:00:00+00:00,25.71,58.55,235.65,198.78,136.5,391.3,1.24,164.0,99840.0
1990-06-01 10:00:00+00:00,25.39,62.55,74.3,68.18,53.8,389.95,1.66,173.0,99840.0
1990-06-01 11:00:00+00:00,24.34,69.05,5.85,6.79,5.2,388.6,1.66,169.0,99850.0
1990-06-01 12:00:00+00:00,23.02,76.2,0.0,0.0,0.0,384.15,2.0,158.0,99890.0
1990-06-01 13:00:00+00:00,21.86,84.1,0.0,0.0,0.0,369.25,2.14,159.0,99950.0
1990-06-01 14:00:00+00:00,21.04,86.95,0.0,0.0,0.0,362.65,2.14,162.0,100030.0
1990-06-01 15:00:00+00:00,20.3,92.95,0.0,0.0,0.0,356.1,2.14,164.0,100050.0
1990-06-01 16:00:00+00:00,19.78,92.9,0.0,0.0,0.0,357.25,2.0,166.0,100040.0
1990-06-01 17:00:00+00:00,19.17,96.1,0.0,0.0,0.0,351.45,1.93,170.0,100000.0
1990-06-01 18:00:00+00:00,18.76,96.1,0.0,0.0,0.0,349.1,1.86,173.0,99930.0
1990-06-01 19:00:00+00:00,18.1,96.05,0.0,0.0,0.0,338.65,1.52,186.0,99900.0
1990-06-01 20:00:00+00:00,17.38,96.05,0.0,0.0,0.0,336.75,1.31,184.0,99890.0
1990-06-01 21:00:00+00:00,17.8,96.05,0.0,0.0,0.0,334.0,0.97,180.0,99930.0
1990-06-01 22:00:00+00:00,17.47,96.05,103.95,361.22,67.95,342.75,0.62,164.0,99940.0
1990-06-01 23:00:00+00:00,18.73,96.1,241.45,329.74,141.0,357.05,0.48,152.0,99990.0
1990-06-02 00:00:00+00:00,20.55,86.9,452.7,588.42,156.85,367.9,0.41,151.0,100020.0
1990-06-02 01:00:00+00:00,22.7,78.75,613.45,590.27,212.1,360.05,0.48,145.0,100040.0
1990-06-02 02:00:00+00:00,24.38,66.75,674.2,477.03,280.9,366.55,0.69,116.0,100020.0
1990-06-02 03:00:00+00:00,25.66,58.55,757.15,507.58,286.85,382.4,1.17,106.0,99980.0
1990-06-02 04:00:00+00:00,26.66,53.1,819.55,544.54,286.35,384.15,1.52,112.0,99940.0
1990-06-02 05:00:00+00:00,27.54,49.7,851.45,602.52,261.7,393.45,1.93,119.0,99850.0
1990-06-02 06:00:00+00:00,28.18,46.5,697.35,446.93,283.75,379.5,2.07,127.0,99770.0
1990-06-02 07:00:00+00:00,28.22,46.5,493.85,256.83,282.55,392.65,2.0,136.0,99760.0
1990-06-02 08:00:00+00:00,28.01,46.5,349.7,196.05,216.85,399.05,2.14,144.0,99670.0
1990-06-02 09:00:00+00:00,27.68,44.95,199.7,105.78,146.8,390.15,2.41,147.0,99610.0
1990-06-02 10:00:00+00:00,26.9,53.1,82.2,30.44,73.0,388.6,2.0,155.0,99600.0
1990-06-02 11:00:00+00:00,25.68,58.55,6.9,1.03,6.8,384.75,1.86,158.0,99650.0
1990-06-02 12:00:00+00:00,24.25,64.5,0.0,0.0,0.0,381.05,2.14,154.0,99690.0
1990-06-02 13:00:00+00:00,22.98,73.6,0.0,0.0,0.0,371.2,2.21,151.0,99740.0
1990-06-02 14:00:00+00:00,22.2,76.1,0.0,0.0,0.0,373.5,2.28,153.0,99780.0
1990-06-02 15:00:00+00:00,21.86,78.65,0.0,0.0,0.0,382.0,2.21,158.0,99780.0
1990-06-02 16:00:00+00:00,21.5,84.05,0.0,0.0,0.0,381.45,2.14,166.0,99740.0
1990-06-02 17:00:00+00:00,21.07,84.05,0.0,0.0,0.0,377.95,2.0,167.0,99670.0
1990-06-02 18:00:00+00:00,20.37,89.85,0.0,0.0,0.0,364.4,1.93,165.0,99640.0
1990-06-02 19:00:00+00:00,20.44,89.85,0.0,0.0,0.0,374.3,1.86,166.0,99580.0
1990-06-02 20:00:00+00:00,20.01,89.85,0.0,0.0,0.0,368.85,1.93,156.0,99560.0
1990-06-02 21:00:00+00:00,19.81,92.9,0.0,0.0,0.0,370.0,2.14,144.0,99520.0
1990-06-02 22:00:00+00:00,19.96,92.9,74.0,37.89,70.2,373.5,2.21,138.0,99550.0
1990-06-02 23:00:00+00:00,21.07,84.05,193.6,85.22,167.6,374.3,2.14,135.0,99560.0
1990-06-03 00:00:00+00:00,22.68,76.15,390.65,295.5,242.0,375.25,2.62,142.0,99640.0
1990-06-03 01:00:00+00:00,24.37,69.05,582.0,504.25,239.05,377.7,3.17,154.0,99670.0
1990-06-03 02:00:00+00:00,25.78,60.6,637.55,435.83,278.15,384.15,3.31,161.0,99660.0
1990-06-03 03:00:00+00:00,26.66,54.95,711.6,519.62,230.05,396.35,3.31,159.0,99620.0
1990-06-03 04:00:00+00:00,27.4,53.2,729.3,408.08,329.6,391.1,3.31,160.0,99580.0
1990-06-03 05:00:00+00:00,27.84,49.8,647.1,277.87,375.0,394.8,3.24,161.0,99510.0
1990-06-03 06:00:00+00:00,28.09,49.8,543.25,227.2,332.85,414.55,3.17,161.0,99460.0
1990-06-03 07:00:00+00:00,27.62,49.8,389.75,162.65,255.8,411.65,3.03,158.0,99410.0
1990-06-03 08:00:00+00:00,27.39,51.45,323.65,172.17,206.8,413.0,3.03,156.0,99370.0
1990-06-03 09:00:00+00:00,27.19,51.45,173.7,68.71,139.25,411.45,3.24,155.0,99340.0
1990-06-03 10:00:00+00:00,26.52,56.7,67.1,16.14,62.2,408.55,2.83,156.0,99330.0
1990-06-03 11:00:00+00:00,25.51,62.55,5.15,0.0,5.15,404.85,2.62,158.0,99360.0
1990-06-03 12:00:00+00:00,24.48,66.75,0.0,0.0,0.0,402.15,2.48,159.0,99410.0
1990-06-03 13:00:00+00:00,23.65,68.95,0.0,0.0,0.0,395.75,2.48,157.0,99470.0
1990-06-03 14:00:00+00:00,22.84,76.15,0.0,0.0,0.0,385.1,2.41,155.0,99520.0
1990-06-03 15:00:00+00:00,21.91,81.35,0.0,0.0,0.0,369.45,2.34,152.0,99510.0
1990-06-03 16:00:00+00:00,21.16,86.95,0.0,0.0,0.0,362.1,2.34,153.0,99500.0
1990-06-03 17:00:00+00:00,20.6,89.9,0.0,0.0,0.0,360.75,2.21,154.0,99460.0
1990-06-03 18:00:00+00:00,20.07,92.95,0.0,0.0,0.0,358.2,2.0,152.0,99420.0
1990-06-03 19:00:00+00:00,19.61,92.9,0.0,0.0,0.0,352.8,1.79,161.0,99440.0
1990-06-03 20:00:00+00:00,18.96,96.1,0.0,0.0,0.0,352.8,1.38,162.0,99430.0
1990-06-03 21:00:00+00:00,19.11,92.9,0.0,0.0,0.0,350.3,0.9,152.0,99450.0
1990-06-03 22:00:00+00:00,19.4,96.1,82.05,98.65,72.1,356.5,0.55,134.0,99480.0
1990-06-03 23:00:00+00:00,20.21,92.95,245.95,315.58,149.55,369.05,0.28,122.0,99520.0
1990-06-04 00:00:00+00:00,22.24,81.4,448.6,528.49,182.65,366.75,0.28,151.0,99570.0
1990-06-04 01:00:00+00:00,24.01,73.75,600.85,517.69,248.7,370.15,0.34,192.0,99600.0
1990-06-04 02:00:00+00:00,25.49,64.7,746.15,569.15,276.75,377.0,0.28,200.0,99610.0
1990-06-04 03:00:00+00:00,26.85,56.85,765.55,517.81,285.6,387.25,0.28,156.0,99600.0
1990-06-04 04:00:00+00:00,27.71,51.55,777.3,473.2,313.7,393.25,0.62,134.0,99540.0
1990-06-04 05:00:00+00:00,28.37,51.55,675.5,367.48,315.5,399.45,1.03,130.0,99460.0
1990-06-04 06:00:00+00:00,28.67,49.95,473.75,240.87,250.55,404.1,1.31,134.0,99400.0
1990-06-04 07:00:00+00:00,28.67,48.25,442.55,241.4,243.55,415.3,1.66,143.0,99340.0
1990-06-04 08:00:00+00:00,28.66,49.95,273.1,131.45,183.75,414.35,1.86,142.0,99280.0
1990-06-04 09:00:00+00:00,28.3,51.55,230.3,208.6,125.45,407.55,2.14,150.0,99250.0
1990-06-04 10:00:00+00:00,27.81,53.35,105.8,163.04,56.05,398.85,2.21,160.0,99270.0
1990-06-04 11:00:00+00:00,26.48,60.7,7.05,11.42,5.9,390.75,2.28,169.0,99290.0
1990-06-04 12:00:00+00:00,24.89,66.85,0.0,0.0,0.0,388.0,2.62,173.0,99340.0
1990-06-04 13:00:00+00:00,23.88,73.75,0.0,0.0,0.0,383.75,2.69,178.0,99400.0
1990-06-04 14:00:00+00:00,22.89,78.75,0.0,0.0,0.0,371.55,2.62,177.0,99430.0
1990-06-04 15:00:00+00:00,22.14,81.4,0.0,0.0,0.0,368.3,2.48,175.0,99430.0
1990-06-04 16:00:00+00:00,21.53,84.1,0.0,0.0,0.0,368.65,2.34,174.0,99400.0
1990-06-04 17:00:00+00:00,21.07,86.95,0.0,0.0,0.0,369.65,2.21,175.0,99380.0
1990-06-04 18:00:00+00:00,20.51,86.9,0.0,0.0,0.0,362.65,2.07,172.0,99380.0
1990-06-04 19:00:00+00:00,20.4,89.85,0.0,0.0,0.0,363.25,1.93,162.0,99320.0
1990-06-04 20:00:00+00:00,20.33,89.85,0.0,0.0,0.0,372.75,2.0,151.0,99350.0
1990-06-04 21:00:00+00:00,20.29,89.85,0.0,0.0,0.0,377.95,2.0,147.0,99330.0
1990-06-04 22:00:00+00:00,20.4,89.85,44.65,31.58,41.45,381.05,1.86,140.0,99340.0
1990-06-04 23:00:00+00:00,21.14,84.05,168.0,60.34,149.55,385.5,1.72,135.0,99370.0
1990-06-05 00:00:00+00:00,22.81,76.15,255.4,113.64,198.2,390.55,2.14,146.0,99410.0
1990-06-05 01:00:00+00:00,23.95,71.35,256.25,72.61,206.85,395.5,2.34,149.0,99430.0
1990-06-05 02:00:00+00:00,24.52,69.05,416.35,153.79,289.5,401.2,2.55,153.0,99450.0
1990-06-05 03:00:00+00:00,25.38,62.55,419.85,69.36,355.55,404.45,2.9,164.0,99440.0
1990-06-05 04:00:00+00:00,25.41,62.55,387.5,61.38,327.35,408.35,2.83,175.0,99430.0
1990-06-05 05:00:00+00:00,25.24,62.55,227.0,19.08,208.3,412.2,2.62,177.0,99360.0
1990-06-05 06:00:00+00:00,24.74,64.6,198.5,10.78,188.5,414.15,2.14,174.0,99320.0
1990-06-05 07:00:00+00:00,25.81,62.65,177.45,25.21,156.65,418.6,2.48,160.0,99240.0
1990-06-05 08:00:00+00:00,25.74,62.65,188.9,52.37,153.25,416.3,2.55,164.0,99200.0
1990-06-05 09:00:00+00:00,25.88,64.8,99.75,58.55,70.25,416.85,2.41,165.0,99200.0
1990-06-05 10:00:00+00:00,25.32,69.25,47.25,42.08,34.35,402.55,1.66,158.0,99200.0
1990-06-05 11:00:00+00:00,24.81,71.5,3.85,4.4,3.4,411.85,1.66,147.0,99200.0
1990-06-05 12:00:00+00:00,24.0,76.3,0.0,0.0,0.0,410.85,1.79,148.0,99240.0
1990-06-05 13:00:00+00:00,23.45,81.5,0.0,0.0,0.0,413.75,1.93,152.0,99280.0
1990-06-05 14:00:00+00:00,22.82,84.25,0.0,0.0,0.0,401.95,2.14,152.0,99310.0
1990-06-05 15:00:00+00:00,22.54,84.25,0.0,0.0,0.0,406.0,1.93,162.0,99310.0
1990-06-05 16:00:00+00:00,22.14,87.05,0.0,0.0,0.0,401.75,1.86,171.0,99260.0
1990-06-05 17:00:00+00:00,21.63,89.95,0.0,0.0,0.0,391.3,1.72,168.0,99220.0
1990-06-05 18:00:00+00:00,21.27,93.0,0.0,0.0,0.0,391.3,1.66,150.0,99160.0
1990-06-05 19:00:00+00:00,20.62,96.15,0.0,0.0,0.0,385.1,1.24,158.0,99140.0
1990-06-05 20:00:00+00:00,20.27,99.4,0.0,0.0,0.0,388.0,1.1,149.0,99130.0
1990-06-05 21:00:00+00:00,20.41,96.1,0.0,0.0,0.0,385.9,0.76,141.0,99110.0
1990-06-05 22:00:00+00:00,20.68,96.15,64.0,229.02,40.7,389.0,0.41,127.0,99120.0
1990-06-05 23:00:00+00:00,21.26,96.15,215.25,370.56,101.85,393.25,0.21,146.0,99160.0
1990-06-06 00:00:00+00:00,22.92,87.1,257.4,200.72,156.35,394.8,0.34,193.0,99180.0
1990-06-06 01:00:00+00:00,23.83,81.55,492.85,457.57,181.55,400.7,0.62,226.0,99200.0
1990-06-06 02:00:00+00:00,25.49,71.6,616.6,471.0,228.1,402.35,1.17,239.0,99180.0
1990-06-06 03:00:00+00:00,26.93,62.9,605.3,361.56,270.1,412.6,1.38,263.0,99160.0
1990-06-06 04:00:00+00:00,27.87,57.05,505.15,170.94,337.6,420.75,1.45,285.0,99110.0
1990-06-06 05:00:00+00:00,28.42,57.05,673.25,436.36,245.45,427.3,1.38,300.0,99070.0
1990-06-06 06:00:00+00:00,29.52,51.8,559.05,275.23,303.7,418.0,1.38,315.0,99000.0
1990-06-06 07:00:00+00:00,29.11,53.55,420.5,144.21,301.4,429.85,1.31,333.0,98980.0
1990-06-06 08:00:00+00:00,29.42,51.8,339.7,211.45,195.55,436.8,1.52,340.0,98930.0
1990-06-06 09:00:00+00:00,29.42,51.8,244.1,251.46,117.1,417.25,1.17,357.0,98870.0
1990-06-06 10:00:00+00:00,29.27,51.8,105.65,162.54,55.6,415.3,0.55,37.0,98920.0
1990-06-06 11:00:00+00:00,28.23,59.0,8.45,12.04,7.2,409.5,0.83,149.0,98920.0
1990-06-06 12:00:00+00:00,26.52,67.15,0.0,0.0,0.0,401.2,1.31,166.0,98950.0
1990-06-06 13:00:00+00:00,25.06,71.6,0.0,0.0,0.0,401.95,1.52,172.0,98990.0
1990-06-06 14:00:00+00:00,24.14,78.95,0.0,0.0,0.0,401.95,1.93,183.0,99090.0
1990-06-06 15:00:00+00:00,23.66,81.55,0.0,0.0,0.0,405.65,1.59,197.0,99130.0
1990-06-06 16:00:00+00:00,22.77,87.1,0.0,0.0,0.0,386.85,1.52,188.0,99120.0
1990-06-06 17:00:00+00:00,22.01,90.0,0.0,0.0,0.0,383.95,1.52,186.0,99100.0
1990-06-06 18:00:00+00:00,21.36,93.0,0.0,0.0,0.0,381.25,1.31,181.0,99060.0
1990-06-06 19:00:00+00:00,22.1,87.05,0.0,0.0,0.0,388.0,0.9,180.0,99060.0
1990-06-06 20:00:00+00:00,22.0,89.95,0.0,0.0,0.0,382.4,0.83,184.0,99050.0
1990-06-06 21:00:00+00:00,22.07,90.0,0.0,0.0,0.0,378.15,0.62,205.0,99050.0
1990-06-06 22:00:00+00:00,21.82,93.0,111.35,515.87,58.7,379.3,0.41,211.0,99060.0
1990-06-06 23:00:00+00:00,22.48,96.15,275.95,548.02,108.15,377.75,0.28,219.0,99090.0
1990-06-07 00:00:00+00:00,24.96,81.7,486.3,701.56,133.1,381.25,0.55,219.0,99120.0
1990-06-07 01:00:00+00:00,27.06,67.3,659.65,729.45,163.4,389.3,0.9,220.0,99180.0
1990-06-07 02:00:00+00:00,28.8,61.1,799.7,768.7,165.65,397.3,1.03,233.0,99190.0
1990-06-07 03:00:00+00:00,30.09,53.8,765.2,577.14,230.1,403.9,1.38,254.0,99160.0
1990-06-07 04:00:00+00:00,30.88,48.75,649.4,483.71,175.2,412.8,1.45,262.0,99160.0
1990-06-07 05:00:00+00:00,31.16,47.25,754.2,569.17,196.0,435.65,1.31,250.0,99090.0
1990-06-07 06:00:00+00:00,31.82,44.3,472.15,153.56,329.6,424.8,1.45,235.0,99020.0
1990-06-07 07:00:00+00:00,30.93,48.75,294.0,68.71,237.2,427.7,1.86,238.0,98970.0
1990-06-07 08:00:00+00:00,30.22,52.05,222.4,66.72,176.85,428.3,2.34,225.0,98980.0
1990-06-07 09:00:00+00:00,29.02,63.2,90.8,42.87,69.1,422.1,2.21,203.0,98930.0
1990-06-07 10:00:00+00:00,27.92,69.65,58.65,56.26,41.25,421.3,2.21,193.0,98940.0
1990-06-07 11:00:00+00:00,27.02,76.7,8.7,11.87,7.45,412.2,2.55,183.0,98920.0
1990-06-07 12:00:00+00:00,25.94,81.8,0.0,0.0,0.0,403.1,2.62,185.0,98940.0
1990-06-07 13:00:00+00:00,24.94,87.25,0.0,0.0,0.0,385.3,2.76,182.0,98970.0
1990-06-07 14:00:00+00:00,24.35,87.2,0.0,0.0,0.0,383.55,2.83,181.0,99040.0
1990-06-07 15:00:00+00:00,23.87,90.1,0.0,0.0,0.0,383.55,2.69,182.0,99110.0
1990-06-07 16:00:00+00:00,23.42,90.05,0.0,0.0,0.0,383.95,2.41,180.0,99130.0
1990-06-07 17:00:00+00:00,22.84,93.05,0.0,0.0,0.0,378.95,2.21,178.0,99100.0
1990-06-07 18:00:00+00:00,22.36,93.05,0.0,0.0,0.0,378.15,2.07,178.0,99100.0
1990-06-07 19:00:00+00:00,22.05,90.0,0.0,0.0,0.0,374.45,2.07,174.0,99060.0
1990-06-07 20:00:00+00:00,21.48,96.15,0.0,0.0,0.0,368.1,2.07,177.0,99020.0
1990-06-07 21:00:00+00:00,21.04,93.0,0.0,0.0,0.0,365.2,1.93,180.0,99050.0
1990-06-07 22:00:00+00:00,20.77,96.15,124.3,662.71,56.5,363.45,1.72,181.0,99050.0
1990-06-07 23:00:00+00:00,22.57,90.05,310.95,702.74,95.7,365.0,1.31,180.0,99100.0
1990-06-08 00:00:00+00:00,25.61,74.1,509.8,763.7,125.35,370.4,1.1,191.0,99140.0
1990-06-08 01:00:00+00:00,27.99,65.2,692.5,809.94,141.55,379.05,0.76,212.0,99160.0
1990-06-08 02:00:00+00:00,30.17,57.5,832.25,815.12,159.95,387.85,0.69,231.0,99130.0
1990-06-08 03:00:00+00:00,32.09,49.0,917.4,783.92,190.55,396.35,0.83,235.0,99100.0
1990-06-08 04:00:00+00:00,33.48,41.8,925.6,709.38,230.05,404.45,1.03,232.0,99070.0
1990-06-08 05:00:00+00:00,34.31,39.3,896.35,736.14,174.15,409.5,1.31,213.0,99000.0
1990-06-08 06:00:00+00:00,34.82,36.9,822.05,726.5,147.25,410.45,1.52,202.0,98940.0
1990-06-08 07:00:00+00:00,35.2,33.45,625.7,598.51,130.5,411.65,1.38,209.0,98900.0
1990-06-08 08:00:00+00:00,34.96,34.45,486.65,550.16,110.55,414.15,1.72,202.0,98880.0
1990-06-08 09:00:00+00:00,34.47,38.0,300.8,415.89,89.8,413.75,2.07,195.0,98840.0
1990-06-08 10:00:00+00:00,33.15,46.2,117.1,188.84,58.45,408.35,2.14,184.0,98810.0
1990-06-08 11:00:00+00:00,31.11,55.85,10.0,13.59,8.55,409.9,2.69,181.0,98830.0
1990-06-08 12:00:00+00:00,29.47,65.4,0.0,0.0,0.0,414.55,2.97,181.0,98910.0
1990-06-08 13:00:00+00:00,28.59,67.5,0.0,0.0,0.0,415.7,3.1,182.0,98970.0
1990-06-08 14:00:00+00:00,27.94,69.65,0.0,0.0,0.0,412.2,3.17,184.0,99020.0
1990-06-08 15:00:00+00:00,27.68,69.65,0.0,0.0,0.0,420.9,3.24,184.0,99050.0
1990-06-08 16:00:00+00:00,27.35,71.9,0.0,0.0,0.0,419.95,3.1,183.0,99030.0
1990-06-08 17:00:00+00:00,26.97,71.85,0.0,0.0,0.0,418.2,2.9,182.0,98990.0
1990-06-08 18:00:00+00:00,26.37,74.15,0.0,0.0,0.0,405.85,2.83,179.0,98950.0
1990-06-08 19:00:00+00:00,26.02,76.6,0.0,0.0,0.0,412.6,2.41,173.0,98910.0
1990-06-08 20:00:00+00:00,25.58,76.6,0.0,0.0,0.0,408.75,2.07,170.0,98900.0
1990-06-08 21:00:00+00:00,25.12,79.1,0.0,0.0,0.0,410.85,1.79,170.0,98890.0
1990-06-08 22:00:00+00:00,24.54,84.4,66.5,278.11,38.0,403.5,1.38,169.0,98900.0
1990-06-08 23:00:00+00:00,25.29,84.45,163.5,169.58,111.55,404.3,1.1,165.0,98910.0
1990-06-09 00:00:00+00:00,26.86,74.25,250.85,174.15,163.2,412.4,1.24,174.0,98930.0
1990-06-09 01:00:00+00:00,28.04,69.65,352.4,213.13,207.45,420.85,1.17,189.0,98960.0
1990-06-09 02:00:00+00:00,29.17,65.4,467.85,254.94,257.6,424.8,1.03,207.0,98950.0
1990-06-09 03:00:00+00:00,30.35,59.45,599.75,345.5,279.4,425.75,1.17,211.0,98940.0
1990-06-09 04:00:00+00:00,31.67,52.4,579.55,275.33,309.55,437.4,1.45,208.0,98910.0
1990-06-09 05:00:00+00:00,32.32,49.15,632.1,370.96,268.05,430.2,1.72,205.0,98850.0
1990-06-09 06:00:00+00:00,33.0,47.65,561.15,317.11,266.45,440.65,1.86,204.0,98770.0
1990-06-09 07:00:00+00:00,33.37,46.2,623.85,538.77,177.7,431.0,2.28,204.0,98740.0
1990-06-09 08:00:00+00:00,33.78,43.35,463.75,485.44,131.45,427.3,2.28,201.0,98630.0
1990-06-09 09:00:00+00:00,33.56,44.7,304.1,408.2,96.55,421.3,2.21,194.0,98560.0
1990-06-09 10:00:00+00:00,32.87,49.25,122.6,213.09,56.15,418.2,1.93,176.0,98510.0
1990-06-09 11:00:00+00:00,31.16,55.85,11.05,24.05,8.45,410.85,2.21,165.0,98550.0
1990-06-09 12:00:00+00:00,29.22,63.3,0.0,0.0,0.0,406.0,2.76,164.0,98600.0
1990-06-09 13:00:00+00:00,28.14,67.4,0.0,0.0,0.0,400.8,3.03,169.0,98670.0
1990-06-09 14:00:00+00:00,27.29,69.6,0.0,0.0,0.0,396.75,3.1,173.0,98730.0
1990-06-09 15:00:00+00:00,26.6,71.85,0.0,0.0,0.0,394.8,3.03,176.0,98720.0
1990-06-09 16:00:00+00:00,25.89,74.1,0.0,0.0,0.0,384.15,3.03,176.0,98720.0
1990-06-09 17:00:00+00:00,25.35,76.5,0.0,0.0,0.0,378.35,2.9,177.0,98650.0
1990-06-09 18:00:00+00:00,24.75,79.05,0.0,0.0,0.0,375.05,2.62,177.0,98620.0
1990-06-09 19:00:00+00:00,24.89,79.05,0.0,0.0,0.0,380.85,2.62,172.0,98540.0
1990-06-09 20:00:00+00:00,24.44,81.65,0.0,0.0,0.0,381.85,2.34,172.0,98510.0
1990-06-09 21:00:00+00:00,23.7,84.35,0.0,0.0,0.0,373.9,2.14,172.0,98520.0
1990-06-09 22:00:00+00:00,23.11,90.05,123.2,620.52,59.55,371.55,1.79,175.0,98550.0
1990-06-09 23:00:00+00:00,24.88,84.4,311.95,698.46,98.0,373.1,1.17,178.0,98600.0
1990-06-10 00:00:00+00:00,27.66,69.65,508.75,759.21,126.75,378.55,1.17,185.0,98630.0
1990-06-10 01:00:00+00:00,29.65,61.35,685.0,772.7,159.6,385.8,1.1,189.0,98640.0
1990-06-10 02:00:00+00:00,31.47,54.05,828.45,801.26,167.75,395.75,1.31,183.0,98640.0
1990-06-10 03:00:00+00:00,33.01,47.65,912.3,770.13,198.25,402.55,1.72,177.0,98620.0
1990-06-10 04:00:00+00:00,34.17,40.65,946.05,764.11,196.65,410.1,1.93,174.0,98600.0
1990-06-10 05:00:00+00:00,34.94,36.9,869.95,635.66,245.95,413.75,2.0,173.0,98540.0
1990-06-10 06:00:00+00:00,35.31,34.6,454.6,107.12,355.0,427.7,2.0,178.0,98500.0
1990-06-10 07:00:00+00:00,32.86,44.55,363.25,107.09,274.5,437.95,2.97,185.0,98510.0
1990-06-10 08:00:00+00:00,32.14,45.95,251.05,53.18,214.6,436.4,2.97,184.0,98490.0
1990-06-10 09:00:00+00:00,31.32,50.55,98.4,1.96,97.4,436.8,2.97,177.0,98460.0
1990-06-10 10:00:00+00:00,29.92,57.4,40.4,2.4,39.65,433.9,2.83,171.0,98460.0
1990-06-10 11:00:00+00:00,28.72,61.1,5.0,1.83,4.8,429.05,2.55,170.0,98510.0
1990-06-10 12:00:00+00:00,27.73,61.0,0.0,0.0,0.0,424.0,2.62,165.0,98610.0
1990-06-10 13:00:00+00:00,26.75,65.0,0.0,0.0,0.0,403.5,2.76,172.0,98670.0
1990-06-10 14:00:00+00:00,26.17,67.15,0.0,0.0,0.0,399.65,2.48,182.0,98760.0
1990-06-10 15:00:00+00:00,25.84,69.3,0.0,0.0,0.0,409.1,2.07,185.0,98770.0
1990-06-10 16:00:00+00:00,25.14,74.0,0.0,0.0,0.0,399.65,1.72,168.0,98750.0
1990-06-10 17:00:00+00:00,24.21,81.65,0.0,0.0,0.0,389.2,1.24,137.0,98690.0
1990-06-10 18:00:00+00:00,23.25,90.05,0.0,0.0,0.0,385.9,1.1,72.0,98690.0
1990-06-10 19:00:00+00:00,23.03,84.25,0.0,0.0,0.0,380.85,1.93,40.0,98760.0
1990-06-10 20:00:00+00:00,22.83,87.1,0.0,0.0,0.0,380.65,2.14,23.0,98810.0
1990-06-10 21:00:00+00:00,22.8,84.25,0.0,0.0,0.0,378.95,2.62,6.0,98820.0
1990-06-10 22:00:00+00:00,23.03,78.85,113.05,506.84,61.05,378.55,3.03,7.0,98890.0
1990-06-10 23:00:00+00:00,24.13,71.4,281.55,568.53,107.45,381.25,3.45,10.0,98960.0
1990-06-11 00:00:00+00:00,25.4,66.95,465.1,638.83,143.8,385.5,4.07,14.0,99020.0
1990-06-11 01:00:00+00:00,26.81,60.8,655.6,721.37,165.25,398.0,4.0,11.0,99050.0
1990-06-11 02:00:00+00:00,28.34,57.05,805.9,751.07,186.7,394.4,3.86,7.0,99040.0
1990-06-11 03:00:00+00:00,29.91,51.9,883.85,755.35,183.55,397.3,3.66,9.0,99000.0
1990-06-11 04:00:00+00:00,31.28,47.25,952.15,791.51,175.8,402.75,3.45,13.0,98970.0
1990-06-11 05:00:00+00:00,32.46,41.55,881.7,659.68,233.95,399.25,3.17,17.0,98910.0
1990-06-11 06:00:00+00:00,33.17,35.25,631.3,287.06,364.25,406.6,2.76,22.0,98850.0
1990-06-11 07:00:00+00:00,33.14,32.9,471.7,167.94,332.4,416.3,2.41,27.0,98810.0
1990-06-11 08:00:00+00:00,32.95,32.8,404.5,239.77,239.95,417.05,1.72,34.0,98740.0
1990-06-11 09:00:00+00:00,32.79,31.65,247.2,163.84,163.55,415.3,0.9,46.0,98710.0
1990-06-11 10:00:00+00:00,32.24,36.25,101.45,87.51,73.95,412.2,0.41,162.0,98710.0
1990-06-11 11:00:00+00:00,30.93,44.05,10.8,15.35,9.1,403.1,1.52,185.0,98740.0
1990-06-11 12:00:00+00:00,28.89,51.65,0.0,0.0,0.0,390.55,2.28,187.0,98800.0
1990-06-11 13:00:00+00:00,27.27,56.95,0.0,0.0,0.0,379.3,2.28,184.0,98890.0
1990-06-11 14:00:00+00:00,26.11,60.7,0.0,0.0,0.0,371.0,2.41,178.0,98950.0
1990-06-11 15:00:00+00:00,25.28,62.55,0.0,0.0,0.0,371.4,2.34,181.0,98980.0
1990-06-11 16:00:00+00:00,24.67,64.6,0.0,0.0,0.0,371.75,2.34,188.0,98990.0
1990-06-11 17:00:00+00:00,24.03,66.75,0.0,0.0,0.0,369.05,2.34,194.0,98950.0
1990-06-11 18:00:00+00:00,23.31,71.25,0.0,0.0,0.0,363.05,2.28,196.0,98910.0
1990-06-11 19:00:00+00:00,23.04,71.25,0.0,0.0,0.0,370.8,2.14,194.0,98910.0
1990-06-11 20:00:00+00:00,22.04,76.1,0.0,0.0,0.0,355.1,2.07,195.0,98910.0
1990-06-11 21:00:00+00:00,21.1,84.05,0.0,0.0,0.0,350.65,1.93,196.0,98890.0
1990-06-11 22:00:00+00:00,20.39,89.85,132.9,751.86,55.8,347.55,1.59,195.0,98890.0
1990-06-11 23:00:00+00:00,22.89,84.25,327.35,766.97,92.6,348.55,0.97,194.0,98890.0
1990-06-12 00:00:00+00:00,27.01,62.9,527.3,806.16,122.05,355.5,1.03,193.0,98930.0
1990-06-12 01:00:00+00:00,29.82,51.9,645.55,722.88,154.35,366.85,1.31,199.0,98930.0
1990-06-12 02:00:00+00:00,31.94,42.85,854.75,836.71,165.1,381.45,1.52,207.0,98910.0
1990-06-12 03:00:00+00:00,33.91,35.4,950.75,857.4,155.9,383.4,1.66,227.0,98860.0
1990-06-12 04:00:00+00:00,35.27,30.15,961.1,814.45,162.2,390.75,1.72,242.0,98830.0
1990-06-12 05:00:00+00:00,36.18,25.6,915.4,768.71,160.4,401.2,1.66,244.0,98770.0
1990-06-12 06:00:00+00:00,36.74,24.0,808.3,694.78,161.65,402.75,1.31,238.0,98700.0
1990-06-12 07:00:00+00:00,37.39,18.2,701.0,669.93,144.9,401.4,1.72,259.0,98590.0
1990-06-12 08:00:00+00:00,37.21,18.2,539.9,611.46,119.75,396.9,1.93,231.0,98560.0
1990-06-12 09:00:00+00:00,36.46,23.05,332.55,470.03,92.1,387.25,2.41,202.0,98530.0
1990-06-12 10:00:00+00:00,34.56,33.2,134.6,241.93,58.3,386.3,3.45,187.0,98540.0
1990-06-12 11:00:00+00:00,32.05,44.3,12.75,29.93,9.4,385.9,4.14,185.0,98560.0
1990-06-12 12:00:00+00:00,30.11,48.65,0.0,0.0,0.0,381.45,4.21,187.0,98630.0
1990-06-12 13:00:00+00:00,28.9,53.45,0.0,0.0,0.0,374.65,4.0,187.0,98670.0
1990-06-12 14:00:00+00:00,27.92,55.15,0.0,0.0,0.0,370.8,3.86,185.0,98720.0
1990-06-12 15:00:00+00:00,26.94,58.8,0.0,0.0,0.0,367.9,3.66,182.0,98750.0
1990-06-12 16:00:00+00:00,26.09,60.7,0.0,0.0,0.0,364.4,3.52,179.0,98760.0
1990-06-12 17:00:00+00:00,25.28,66.95,0.0,0.0,0.0,361.3,3.31,176.0,98740.0
1990-06-12 18:00:00+00:00,24.47,71.4,0.0,0.0,0.0,358.8,2.97,175.0,98720.0
1990-06-12 19:00:00+00:00,24.48,69.05,0.0,0.0,0.0,358.6,2.9,173.0,98720.0
1990-06-12 20:00:00+00:00,23.77,71.35,0.0,0.0,0.0,357.25,2.62,174.0,98720.0
1990-06-12 21:00:00+00:00,22.96,78.75,0.0,0.0,0.0,355.7,2.28,178.0,98730.0
1990-06-12 22:00:00+00:00,22.22,84.15,130.95,733.72,55.8,353.4,1.79,182.0,98750.0
1990-06-12 23:00:00+00:00,24.09,76.35,322.85,751.98,92.85,355.3,1.38,181.0,98810.0
1990-06-13 00:00:00+00:00,27.13,63.0,524.85,811.23,117.3,362.1,1.45,186.0,98870.0
1990-06-13 01:00:00+00:00,29.68,55.5,705.85,840.46,135.0,372.65,1.45,184.0,98910.0
1990-06-13 02:00:00+00:00,32.08,49.0,849.35,853.44,146.1,384.55,1.66,179.0,98890.0
1990-06-13 03:00:00+00:00,34.16,40.65,939.75,848.06,153.65,394.6,2.07,175.0,98900.0
1990-06-13 04:00:00+00:00,35.61,35.8,925.0,782.8,157.1,403.5,2.76,172.0,98860.0
1990-06-13 05:00:00+00:00,36.29,33.7,878.6,709.49,181.6,411.85,3.79,174.0,98800.0
1990-06-13 06:00:00+00:00,36.63,33.7,786.0,655.86,175.3,412.4,4.55,178.0,98740.0
1990-06-13 07:00:00+00:00,37.08,25.75,667.85,644.87,132.15,415.1,5.03,179.0,98650.0
1990-06-13 08:00:00+00:00,36.65,26.5,465.5,513.06,112.55,401.55,5.31,177.0,98630.0
1990-06-13 09:00:00+00:00,35.52,32.3,302.45,385.73,104.75,407.4,4.97,172.0,98590.0
1990-06-13 10:00:00+00:00,34.2,39.3,113.95,107.27,80.0,401.75,4.69,169.0,98630.0
1990-06-13 11:00:00+00:00,32.33,47.5,12.05,16.35,10.2,401.4,4.34,167.0,98680.0
1990-06-13 12:00:00+00:00,30.67,52.15,0.0,0.0,0.0,399.05,4.21,166.0,98750.0
1990-06-13 13:00:00+00:00,29.42,59.2,0.0,0.0,0.0,390.75,4.0,165.0,98800.0
1990-06-13 14:00:00+00:00,28.5,63.1,0.0,0.0,0.0,388.0,3.93,164.0,98870.0
1990-06-13 15:00:00+00:00,27.77,63.1,0.0,0.0,0.0,385.3,4.0,165.0,98900.0
1990-06-13 16:00:00+00:00,27.06,65.1,0.0,0.0,0.0,379.1,3.86,169.0,98900.0
1990-06-13 17:00:00+00:00,26.28,69.4,0.0,0.0,0.0,372.55,3.59,170.0,98860.0
1990-06-13 18:00:00+00:00,25.46,74.0,0.0,0.0,0.0,366.55,3.31,168.0,98830.0
1990-06-13 19:00:00+00:00,25.65,69.3,0.0,0.0,0.0,376.2,3.17,169.0,98770.0
1990-06-13 20:00:00+00:00,25.19,71.6,0.0,0.0,0.0,375.65,2.97,168.0,98790.0
1990-06-13 21:00:00+00:00,24.71,73.95,0.0,0.0,0.0,377.4,2.69,168.0,98790.0
1990-06-13 22:00:00+00:00,24.39,76.35,116.15,470.52,68.05,377.4,2.34,169.0,98820.0
1990-06-13 23:00:00+00:00,25.75,71.65,302.45,655.63,102.1,380.65,1.93,171.0,98910.0
1990-06-14 00:00:00+00:00,28.17,63.1,492.35,668.19,156.9,383.95,2.0,178.0,98910.0
1990-06-14 01:00:00+00:00,30.41,55.6,574.55,549.8,201.3,398.2,1.79,193.0,98960.0
1990-06-14 02:00:00+00:00,31.89,49.0,431.6,121.21,331.75,413.4,1.17,232.0,98980.0
1990-06-14 03:00:00+00:00,32.44,45.95,497.4,122.62,383.75,432.15,1.31,296.0,99020.0
1990-06-14 04:00:00+00:00,33.46,41.8,617.05,187.06,433.55,437.75,2.34,335.0,99010.0
1990-06-14 05:00:00+00:00,34.65,35.65,544.3,147.92,398.95,441.05,3.31,3.0,98990.0
1990-06-14 06:00:00+00:00,34.93,32.2,448.1,124.9,331.75,442.6,3.45,13.0,99000.0
1990-06-14 07:00:00+00:00,34.27,34.35,343.95,107.48,254.6,441.05,3.1,21.0,99010.0
1990-06-14 08:00:00+00:00,32.95,37.65,280.35,169.81,163.4,441.05,3.03,26.0,99060.0
1990-06-14 09:00:00+00:00,32.72,37.65,281.0,319.01,117.2,428.65,3.31,46.0,99060.0
1990-06-14 10:00:00+00:00,32.42,41.55,125.0,225.97,53.25,416.45,2.97,59.0,99070.0
1990-06-14 11:00:00+00:00,31.15,45.7,12.95,32.39,9.25,404.3,2.07,58.0,99080.0
1990-06-14 12:00:00+00:00,29.66,50.2,0.0,0.0,0.0,393.65,1.72,54.0,99130.0
1990-06-14 13:00:00+00:00,28.01,57.05,0.0,0.0,0.0,386.85,1.45,55.0,99190.0
1990-06-14 14:00:00+00:00,27.37,58.9,0.0,0.0,0.0,390.15,1.1,55.0,99250.0
1990-06-14 15:00:00+00:00,27.26,56.95,0.0,0.0,0.0,380.85,0.55,45.0,99280.0
1990-06-14 16:00:00+00:00,26.58,58.8,0.0,0.0,0.0,378.35,0.76,317.0,99300.0
1990-06-14 17:00:00+00:00,23.54,71.35,0.0,0.0,0.0,376.8,1.79,317.0,99280.0
1990-06-14 18:00:00+00:00,23.1,73.7,0.0,0.0,0.0,374.85,2.14,328.0,99300.0
1990-06-14 19:00:00+00:00,22.79,73.6,0.0,0.0,0.0,371.0,2.21,347.0,99410.0
1990-06-14 20:00:00+00:00,22.54,71.15,0.0,0.0,0.0,368.1,2.28,358.0,99450.0
1990-06-14 21:00:00+00:00,22.2,71.05,0.0,0.0,0.0,364.8,2.21,3.0,99460.0
1990-06-14 22:00:00+00:00,21.99,73.45,125.4,677.7,56.3,361.7,2.07,2.0,99480.0
1990-06-14 23:00:00+00:00,23.82,64.4,313.7,714.34,95.65,361.3,1.93,1.0,99540.0
1990-06-15 00:00:00+00:00,26.33,52.95,514.55,782.07,122.25,364.8,2.41,7.0,99540.0
1990-06-15 01:00:00+00:00,28.38,49.8,698.15,821.65,140.65,370.9,2.55,11.0,99540.0
1990-06-15 02:00:00+00:00,30.24,43.95,845.8,841.91,152.5,377.4,2.55,11.0,99540.0
1990-06-15 03:00:00+00:00,31.88,37.35,934.35,839.68,156.25,383.2,2.48,19.0,99510.0
1990-06-15 04:00:00+00:00,33.13,30.7,970.7,811.57,174.55,386.85,2.28,32.0,99470.0
1990-06-15 05:00:00+00:00,33.95,28.75,948.5,805.76,156.6,395.2,2.07,40.0,99380.0
1990-06-15 06:00:00+00:00,34.46,26.0,859.8,766.31,145.65,389.55,1.86,43.0,99310.0
1990-06-15 07:00:00+00:00,34.84,22.7,717.55,698.96,136.1,387.45,1.59,49.0,99230.0
1990-06-15 08:00:00+00:00,34.82,22.7,539.55,611.86,117.7,387.25,1.59,55.0,99180.0
1990-06-15 09:00:00+00:00,34.55,22.55,309.7,359.87,124.6,384.95,1.45,65.0,99160.0
1990-06-15 10:00:00+00:00,33.75,25.9,108.95,132.01,66.9,384.75,1.17,98.0,99170.0
1990-06-15 11:00:00+00:00,32.04,32.55,11.6,3.9,11.15,388.4,1.45,136.0,99210.0
1990-06-15 12:00:00+00:00,29.9,36.85,0.0,0.0,0.0,381.25,1.93,148.0,99260.0
1990-06-15 13:00:00+00:00,28.2,41.95,0.0,0.0,0.0,378.95,2.07,150.0,99340.0
1990-06-15 14:00:00+00:00,26.79,46.25,0.0,0.0,0.0,373.1,2.0,152.0,99390.0
1990-06-15 15:00:00+00:00,25.28,52.75,0.0,0.0,0.0,361.3,1.86,157.0,99420.0
1990-06-15 16:00:00+00:00,23.97,62.25,0.0,0.0,0.0,357.25,1.52,164.0,99420.0
1990-06-15 17:00:00+00:00,24.42,60.25,0.0,0.0,0.0,356.1,1.1,177.0,99390.0
1990-06-15 18:00:00+00:00,24.79,58.35,0.0,0.0,0.0,353.95,0.55,189.0,99380.0
1990-06-15 19:00:00+00:00,24.6,52.6,0.0,0.0,0.0,375.65,0.97,138.0,99460.0
1990-06-15 20:00:00+00:00,23.82,54.2,0.0,0.0,0.0,368.45,1.1,116.0,99450.0
1990-06-15 21:00:00+00:00,23.09,56.0,0.0,0.0,0.0,371.2,1.31,98.0,99440.0
1990-06-15 22:00:00+00:00,22.94,59.95,48.55,12.3,47.3,375.45,1.24,84.0,99470.0
1990-06-15 23:00:00+00:00,23.87,56.15,43.35,30.34,34.1,380.1,0.97,79.0,99530.0
1990-06-16 00:00:00+00:00,24.17,54.35,155.7,73.43,118.9,387.05,0.76,76.0,99550.0
1990-06-16 01:00:00+00:00,25.76,49.3,403.25,270.09,220.1,386.4,0.41,91.0,99600.0
1990-06-16 02:00:00+00:00,28.35,41.95,639.45,435.33,281.1,386.85,0.69,145.0,99610.0
1990-06-16 03:00:00+00:00,30.7,37.1,736.45,490.84,281.7,390.95,1.38,166.0,99590.0
1990-06-16 04:00:00+00:00,32.4,33.8,979.3,800.78,193.75,394.6,1.93,165.0,99550.0
1990-06-16 05:00:00+00:00,34.03,28.75,884.9,740.16,157.35,387.85,2.28,148.0,99490.0
1990-06-16 06:00:00+00:00,34.59,25.1,797.75,680.31,163.5,389.75,2.62,140.0,99420.0
1990-06-16 07:00:00+00:00,34.62,25.1,698.95,649.48,158.3,397.3,2.76,146.0,99380.0
1990-06-16 08:00:00+00:00,34.63,24.25,501.25,465.1,180.25,394.8,3.03,145.0,99320.0
1990-06-16 09:00:00+00:00,34.18,24.25,291.3,261.93,156.35,391.1,2.97,146.0,99280.0
1990-06-16 10:00:00+00:00,33.21,27.65,111.4,103.45,78.35,388.4,2.41,143.0,99300.0
1990-06-16 11:00:00+00:00,31.37,33.55,11.2,3.87,10.75,396.15,2.55,134.0,99300.0
1990-06-16 12:00:00+00:00,29.4,38.0,0.0,0.0,0.0,390.15,2.9,129.0,99360.0
1990-06-16 13:00:00+00:00,28.18,40.5,0.0,0.0,0.0,385.5,2.97,130.0,99420.0
1990-06-16 14:00:00+00:00,27.2,41.8,0.0,0.0,0.0,381.25,2.76,137.0,99490.0
1990-06-16 15:00:00+00:00,26.35,46.15,0.0,0.0,0.0,380.45,2.41,150.0,99530.0
1990-06-16 16:00:00+00:00,25.53,50.95,0.0,0.0,0.0,380.3,2.07,163.0,99510.0
1990-06-16 17:00:00+00:00,24.75,54.45,0.0,0.0,0.0,381.65,1.79,169.0,99470.0
1990-06-16 18:00:00+00:00,23.95,62.25,0.0,0.0,0.0,381.85,1.59,169.0,99460.0
1990-06-16 19:00:00+00:00,23.6,62.25,0.0,0.0,0.0,388.0,1.72,164.0,99430.0
1990-06-16 20:00:00+00:00,23.48,66.55,0.0,0.0,0.0,393.25,1.72,157.0,99430.0
1990-06-16 21:00:00+00:00,23.47,66.55,0.0,0.0,0.0,397.9,1.72,149.0,99450.0
1990-06-16 22:00:00+00:00,23.48,68.85,41.25,6.42,40.6,400.2,1.59,143.0,99460.0
1990-06-16 23:00:00+00:00,24.07,71.4,136.45,26.45,128.4,401.4,1.1,142.0,99480.0
1990-06-17 00:00:00+00:00,26.45,56.7,389.5,329.07,224.75,403.5,0.9,141.0,99480.0
1990-06-17 01:00:00+00:00,29.18,45.2,634.65,628.48,208.75,394.15,1.38,154.0,99490.0
1990-06-17 02:00:00+00:00,31.41,38.55,718.6,582.01,239.7,398.65,1.45,161.0,99430.0
1990-06-17 03:00:00+00:00,32.71,32.8,860.7,702.16,210.3,413.95,1.17,135.0,99420.0
1990-06-17 04:00:00+00:00,33.79,28.75,890.45,720.27,183.9,403.3,1.72,119.0,99390.0
1990-06-17 05:00:00+00:00,34.45,26.95,863.2,711.51,163.7,407.4,2.07,123.0,99330.0
1990-06-17 06:00:00+00:00,34.83,25.25,712.7,581.73,170.15,400.0,2.21,125.0,99260.0
1990-06-17 07:00:00+00:00,34.83,23.5,459.95,333.87,181.85,406.4,2.62,138.0,99210.0
1990-06-17 08:00:00+00:00,34.31,24.25,387.9,340.01,153.0,421.1,2.41,141.0,99180.0
1990-06-17 09:00:00+00:00,34.04,25.9,279.2,328.76,109.55,419.2,2.41,140.0,99140.0
1990-06-17 10:00:00+00:00,33.43,27.65,133.2,225.67,60.9,401.95,2.28,139.0,99120.0
1990-06-17 11:00:00+00:00,31.86,32.55,13.45,36.25,9.2,396.75,2.28,144.0,99130.0
1990-06-17 12:00:00+00:00,29.76,38.15,0.0,0.0,0.0,388.8,2.62,146.0,99200.0
1990-06-17 13:00:00+00:00,28.29,43.4,0.0,0.0,0.0,383.55,2.62,148.0,99250.0
1990-06-17 14:00:00+00:00,27.17,48.0,0.0,0.0,0.0,380.3,2.55,156.0,99310.0
1990-06-17 15:00:00+00:00,26.29,52.95,0.0,0.0,0.0,378.75,2.55,164.0,99320.0
1990-06-17 16:00:00+00:00,25.68,58.55,0.0,0.0,0.0,382.0,2.34,167.0,99300.0
1990-06-17 17:00:00+00:00,24.9,62.45,0.0,0.0,0.0,374.85,2.28,164.0,99240.0
1990-06-17 18:00:00+00:00,24.28,66.75,0.0,0.0,0.0,371.75,2.28,169.0,99200.0
1990-06-17 19:00:00+00:00,23.43,71.25,0.0,0.0,0.0,366.75,1.72,152.0,99160.0
1990-06-17 20:00:00+00:00,22.57,73.6,0.0,0.0,0.0,364.8,1.59,151.0,99140.0
1990-06-17 21:00:00+00:00,22.08,76.1,0.0,0.0,0.0,362.85,1.38,148.0,99120.0
1990-06-17 22:00:00+00:00,22.29,78.7,124.95,687.8,55.65,360.35,0.97,146.0,99160.0
1990-06-17 23:00:00+00:00,23.83,78.9,312.35,719.02,93.85,361.7,0.69,149.0,99170.0
1990-06-18 00:00:00+00:00,26.82,56.85,510.75,778.53,121.4,367.9,0.69,173.0,99200.0
1990-06-18 01:00:00+00:00,28.98,51.65,691.3,808.43,143.85,375.95,0.55,211.0,99210.0
1990-06-18 02:00:00+00:00,30.98,44.05,833.25,817.18,161.15,385.7,0.41,246.0,99160.0
1990-06-18 03:00:00+00:00,32.74,36.35,907.1,770.2,193.85,394.6,0.14,180.0,99130.0
1990-06-18 04:00:00+00:00,34.0,31.95,929.15,727.75,215.3,403.1,0.62,126.0,99090.0
1990-06-18 05:00:00+00:00,34.9,29.05,861.05,580.57,290.2,411.65,0.97,125.0,99030.0
1990-06-18 06:00:00+00:00,35.36,27.2,841.25,721.08,168.5,412.8,1.24,133.0,98940.0
1990-06-18 07:00:00+00:00,36.05,25.5,709.35,684.67,138.7,407.75,1.38,121.0,98840.0
1990-06-18 08:00:00+00:00,36.09,25.5,510.3,522.33,149.1,407.0,1.66,132.0,98800.0
1990-06-18 09:00:00+00:00,35.72,25.5,302.85,345.2,124.45,410.65,1.79,144.0,98730.0
1990-06-18 10:00:00+00:00,35.03,27.05,130.6,190.05,69.55,407.2,1.86,153.0,98700.0
1990-06-18 11:00:00+00:00,33.42,32.9,14.0,29.2,10.55,403.9,2.07,169.0,98740.0
1990-06-18 12:00:00+00:00,31.16,38.55,0.0,0.0,0.0,395.55,2.34,171.0,98750.0
1990-06-18 13:00:00+00:00,29.79,43.8,0.0,0.0,0.0,403.1,2.14,166.0,98830.0
1990-06-18 14:00:00+00:00,28.53,49.8,0.0,0.0,0.0,396.15,2.0,159.0,98900.0
1990-06-18 15:00:00+00:00,27.36,55.05,0.0,0.0,0.0,389.75,2.07,154.0,98920.0
1990-06-18 16:00:00+00:00,26.46,60.7,0.0,0.0,0.0,385.5,2.07,158.0,98900.0
1990-06-18 17:00:00+00:00,25.63,64.8,0.0,0.0,0.0,378.15,2.14,165.0,98850.0
1990-06-18 18:00:00+00:00,25.0,71.5,0.0,0.0,0.0,377.75,2.07,166.0,98830.0
1990-06-18 19:00:00+00:00,24.83,69.15,0.0,0.0,0.0,386.3,1.79,151.0,98770.0
1990-06-18 20:00:00+00:00,24.04,73.85,0.0,0.0,0.0,377.2,1.66,150.0,98760.0
1990-06-18 21:00:00+00:00,23.74,78.9,0.0,0.0,0.0,376.0,1.24,152.0,98770.0
1990-06-18 22:00:00+00:00,23.95,78.9,120.6,629.61,57.5,370.2,0.83,148.0,98800.0
1990-06-18 23:00:00+00:00,25.22,76.5,307.2,695.63,96.2,371.95,0.55,130.0,98840.0
1990-06-19 00:00:00+00:00,28.16,61.0,507.2,763.74,125.7,377.95,0.62,130.0,98870.0
1990-06-19 01:00:00+00:00,30.41,52.05,689.95,806.98,143.9,392.6,0.69,136.0,98900.0
1990-06-19 02:00:00+00:00,32.38,44.45,811.85,801.28,153.15,397.9,0.9,133.0,98870.0
1990-06-19 03:00:00+00:00,33.98,35.4,893.35,763.66,186.35,406.0,1.1,106.0,98860.0
1990-06-19 04:00:00+00:00,35.12,30.05,885.6,691.97,206.9,412.8,1.59,81.0,98820.0
1990-06-19 05:00:00+00:00,35.74,27.3,892.3,724.04,180.3,416.85,1.93,79.0,98740.0
1990-06-19 06:00:00+00:00,36.14,26.4,822.8,707.14,162.85,414.35,1.93,82.0,98650.0
1990-06-19 07:00:00+00:00,36.38,25.6,681.75,633.44,153.5,424.4,1.86,86.0,98580.0
1990-06-19 08:00:00+00:00,36.31,24.75,472.9,459.81,154.65,416.3,1.93,94.0,98520.0
1990-06-19 09:00:00+00:00,35.95,25.5,277.7,328.09,107.9,412.2,2.14,106.0,98480.0
1990-06-19 10:00:00+00:00,35.16,26.25,100.7,119.24,62.3,418.0,2.07,134.0,98490.0
1990-06-19 11:00:00+00:00,33.29,30.7,11.45,24.38,8.55,416.85,1.66,139.0,98570.0
1990-06-19 12:00:00+00:00,31.83,36.1,0.0,0.0,0.0,417.65,1.72,158.0,98620.0
1990-06-19 13:00:00+00:00,30.04,42.3,0.0,0.0,0.0,400.4,2.0,148.0,98690.0
1990-06-19 14:00:00+00:00,28.74,46.65,0.0,0.0,0.0,393.65,2.07,138.0,98770.0
1990-06-19 15:00:00+00:00,27.72,49.8,0.0,0.0,0.0,390.75,2.21,135.0,98850.0
1990-06-19 16:00:00+00:00,26.96,53.1,0.0,0.0,0.0,387.85,2.41,137.0,98850.0
1990-06-19 17:00:00+00:00,26.3,56.7,0.0,0.0,0.0,383.2,2.34,141.0,98810.0
1990-06-19 18:00:00+00:00,25.7,60.6,0.0,0.0,0.0,382.2,2.21,140.0,98800.0
1990-06-19 19:00:00+00:00,25.68,62.65,0.0,0.0,0.0,385.7,2.07,120.0,98770.0
1990-06-19 20:00:00+00:00,25.12,66.95,0.0,0.0,0.0,384.55,2.07,112.0,98770.0
1990-06-19 21:00:00+00:00,24.56,69.15,0.0,0.0,0.0,383.0,1.93,112.0,98790.0
1990-06-19 22:00:00+00:00,24.3,73.85,112.15,601.79,52.2,385.1,1.79,111.0,98830.0
1990-06-19 23:00:00+00:00,26.08,64.95,300.8,675.26,96.4,389.95,1.72,110.0,98850.0
1990-06-20 00:00:00+00:00,28.28,61.0,487.6,723.62,126.6,388.4,2.07,118.0,98870.0
1990-06-20 01:00:00+00:00,30.19,55.6,677.05,787.67,144.5,397.4,2.0,127.0,98890.0
1990-06-20 02:00:00+00:00,31.79,50.7,700.4,653.09,163.8,406.6,1.38,125.0,98890.0
1990-06-20 03:00:00+00:00,32.9,44.55,746.05,613.16,178.55,419.55,1.24,103.0,98920.0
1990-06-20 04:00:00+00:00,33.84,39.2,869.1,704.83,177.85,425.75,1.45,97.0,98910.0
1990-06-20 05:00:00+00:00,34.91,34.45,744.0,558.12,195.1,424.2,1.52,102.0,98850.0
1990-06-20 06:00:00+00:00,35.1,33.3,757.35,594.77,202.1,426.75,1.52,113.0,98800.0
1990-06-20 07:00:00+00:00,35.81,27.3,639.15,595.95,141.9,426.75,1.45,98.0,98770.0
1990-06-20 08:00:00+00:00,35.88,27.3,459.0,475.8,129.4,421.9,1.45,124.0,98730.0
1990-06-20 09:00:00+00:00,34.85,29.05,277.25,304.79,119.3,415.1,2.0,162.0,98700.0
1990-06-20 10:00:00+00:00,33.67,34.2,110.95,172.71,55.2,417.25,2.97,181.0,98730.0
1990-06-20 11:00:00+00:00,32.09,42.85,14.5,34.66,10.35,405.45,2.69,183.0,98770.0
1990-06-20 12:00:00+00:00,30.26,50.3,0.0,0.0,0.0,401.4,2.55,187.0,98830.0
1990-06-20 13:00:00+00:00,29.08,57.3,0.0,0.0,0.0,400.0,2.28,181.0,98900.0
1990-06-20 14:00:00+00:00,28.07,63.1,0.0,0.0,0.0,393.85,2.14,173.0,98980.0
1990-06-20 15:00:00+00:00,27.27,65.1,0.0,0.0,0.0,390.55,2.14,175.0,99050.0
1990-06-20 16:00:00+00:00,26.64,67.2,0.0,0.0,0.0,389.75,2.0,175.0,99080.0
1990-06-20 17:00:00+00:00,25.98,74.1,0.0,0.0,0.0,387.65,1.86,169.0,99050.0
1990-06-20 18:00:00+00:00,25.39,76.5,0.0,0.0,0.0,387.25,1.72,159.0,99040.0
1990-06-20 19:00:00+00:00,25.06,79.1,0.0,0.0,0.0,390.35,1.31,135.0,99010.0
1990-06-20 20:00:00+00:00,24.63,81.7,0.0,0.0,0.0,395.0,1.45,122.0,99050.0
1990-06-20 21:00:00+00:00,24.28,84.35,0.0,0.0,0.0,390.95,1.59,117.0,99070.0
1990-06-20 22:00:00+00:00,24.09,84.35,115.35,546.22,61.3,387.45,1.52,119.0,99100.0
1990-06-20 23:00:00+00:00,26.42,74.15,298.1,643.0,103.9,386.1,1.24,121.0,99140.0
1990-06-21 00:00:00+00:00,29.29,61.25,493.9,716.28,137.05,390.75,1.45,131.0,99160.0
1990-06-21 01:00:00+00:00,31.42,52.25,653.9,680.36,194.3,400.5,1.79,144.0,99190.0
1990-06-21 02:00:00+00:00,33.07,44.55,723.5,575.15,251.2,414.55,1.79,150.0,99200.0
1990-06-21 03:00:00+00:00,34.17,38.0,821.25,551.04,311.4,424.6,1.79,152.0,99200.0
1990-06-21 04:00:00+00:00,35.11,34.45,761.25,423.91,345.55,427.3,1.86,152.0,99180.0
1990-06-21 05:00:00+00:00,35.63,33.45,717.8,330.49,392.75,443.2,2.07,152.0,99120.0
1990-06-21 06:00:00+00:00,35.96,31.35,805.75,634.87,212.9,436.8,2.48,151.0,99050.0
1990-06-21 07:00:00+00:00,36.86,28.55,634.1,471.72,240.3,430.6,2.76,142.0,98920.0
1990-06-21 08:00:00+00:00,36.87,28.55,325.45,155.92,217.35,431.95,3.45,157.0,98910.0
1990-06-21 09:00:00+00:00,35.39,31.25,148.9,47.51,124.25,440.85,4.21,174.0,98940.0
1990-06-21 10:00:00+00:00,33.83,37.9,75.5,34.0,64.5,442.6,3.86,173.0,98940.0
1990-06-21 11:00:00+00:00,32.6,45.95,10.2,1.66,10.0,434.85,3.86,172.0,98970.0
1990-06-21 12:00:00+00:00,31.26,50.55,0.0,0.0,0.0,425.2,3.45,169.0,99000.0
1990-06-21 13:00:00+00:00,30.51,55.6,0.0,0.0,0.0,427.3,3.31,170.0,99060.0
1990-06-21 14:00:00+00:00,29.89,57.4,0.0,0.0,0.0,422.45,3.24,170.0,99140.0
1990-06-21 15:00:00+00:00,29.22,61.25,0.0,0.0,0.0,415.1,3.03,168.0,99140.0
1990-06-21 16:00:00+00:00,28.8,63.2,0.0,0.0,0.0,420.75,2.76,161.0,99130.0
1990-06-21 17:00:00+00:00,28.25,65.2,0.0,0.0,0.0,415.7,2.76,152.0,99100.0
1990-06-21 18:00:00+00:00,27.73,67.4,0.0,0.0,0.0,410.65,2.83,147.0,99060.0
1990-06-21 19:00:00+00:00,27.27,65.1,0.0,0.0,0.0,398.65,2.62,152.0,99030.0
1990-06-21 20:00:00+00:00,26.63,67.2,0.0,0.0,0.0,389.95,2.69,147.0,99000.0
1990-06-21 21:00:00+00:00,26.13,71.75,0.0,0.0,0.0,388.0,2.55,148.0,99020.0
1990-06-21 22:00:00+00:00,25.76,74.1,117.25,636.81,54.7,384.55,2.34,150.0,99040.0
1990-06-21 23:00:00+00:00,27.16,67.3,302.1,686.37,95.3,387.45,2.14,151.0,99070.0
1990-06-22 00:00:00+00:00,29.42,61.25,494.35,748.17,122.15,394.4,2.62,156.0,99120.0
1990-06-22 01:00:00+00:00,31.45,54.05,678.35,795.29,141.6,404.0,2.9,164.0,99120.0
1990-06-22 02:00:00+00:00,33.18,47.75,821.7,808.39,158.25,413.4,2.83,167.0,99110.0
1990-06-22 03:00:00+00:00,34.68,42.2,914.15,807.08,167.65,421.5,2.41,163.0,99090.0
1990-06-22 04:00:00+00:00,35.96,37.15,953.25,811.42,157.65,429.05,2.28,154.0,99040.0
1990-06-22 05:00:00+00:00,36.99,32.7,881.95,724.58,169.25,432.9,2.34,148.0,98970.0
1990-06-22 06:00:00+00:00,37.54,30.7,693.55,542.05,187.25,437.75,2.55,146.0,98880.0
1990-06-22 07:00:00+00:00,37.46,29.65,585.5,544.9,130.4,444.15,2.76,150.0,98820.0
1990-06-22 08:00:00+00:00,36.79,29.55,370.05,344.69,130.9,441.05,2.83,156.0,98740.0
1990-06-22 09:00:00+00:00,36.02,32.45,265.5,309.54,104.7,443.2,3.1,159.0,98730.0
1990-06-22 10:00:00+00:00,35.22,35.8,112.55,145.47,65.4,432.15,3.79,160.0,98740.0
1990-06-22 11:00:00+00:00,33.94,41.95,11.25,18.59,9.0,435.25,3.52,160.0,98770.0
1990-06-22 12:00:00+00:00,32.36,50.8,0.0,0.0,0.0,429.05,3.45,163.0,98820.0
1990-06-22 13:00:00+00:00,31.34,57.75,0.0,0.0,0.0,429.85,3.72,163.0,98910.0
1990-06-22 14:00:00+00:00,30.41,63.5,0.0,0.0,0.0,424.8,4.0,162.0,98990.0
1990-06-22 15:00:00+00:00,29.47,69.85,0.0,0.0,0.0,417.45,3.93,163.0,99010.0
1990-06-22 16:00:00+00:00,28.69,74.5,0.0,0.0,0.0,415.5,3.72,165.0,98980.0
1990-06-22 17:00:00+00:00,28.07,76.85,0.0,0.0,0.0,413.0,3.24,163.0,98920.0
1990-06-22 18:00:00+00:00,27.47,76.8,0.0,0.0,0.0,409.1,2.97,153.0,98880.0
1990-06-22 19:00:00+00:00,26.98,79.3,0.0,0.0,0.0,400.6,3.17,152.0,98840.0
1990-06-22 20:00:00+00:00,26.43,81.85,0.0,0.0,0.0,394.6,3.17,152.0,98840.0
1990-06-22 21:00:00+00:00,25.93,84.5,0.0,0.0,0.0,392.3,3.1,155.0,98830.0
1990-06-22 22:00:00+00:00,25.61,84.5,116.7,629.14,55.4,388.4,2.97,159.0,98860.0
1990-06-22 23:00:00+00:00,26.52,81.85,295.3,656.04,98.15,388.0,3.38,164.0,98850.0
1990-06-23 00:00:00+00:00,28.2,72.0,494.2,743.58,124.85,393.25,3.38,166.0,98880.0
1990-06-23 01:00:00+00:00,30.28,61.45,676.35,791.61,142.6,400.5,3.17,164.0,98900.0
1990-06-23 02:00:00+00:00,32.41,52.5,819.85,806.81,158.1,409.9,2.97,159.0,98890.0
1990-06-23 03:00:00+00:00,34.26,43.45,869.5,769.68,157.85,418.8,3.03,148.0,98860.0
1990-06-23 04:00:00+00:00,35.55,37.0,905.1,755.64,164.3,425.2,3.31,138.0,98810.0
1990-06-23 05:00:00+00:00,36.43,32.55,923.4,777.71,158.4,429.25,3.66,137.0,98750.0
1990-06-23 06:00:00+00:00,36.95,30.55,774.0,661.85,155.65,427.7,3.93,141.0,98670.0
1990-06-23 07:00:00+00:00,36.93,31.6,585.45,496.79,170.35,436.8,4.34,146.0,98620.0
1990-06-23 08:00:00+00:00,35.65,33.55,358.7,356.12,111.45,431.2,4.41,154.0,98590.0
1990-06-23 09:00:00+00:00,34.57,39.3,244.0,282.19,97.25,433.5,4.34,161.0,98610.0
1990-06-23 10:00:00+00:00,33.65,41.95,95.95,154.6,45.75,441.25,4.41,162.0,98600.0
1990-06-23 11:00:00+00:00,32.54,49.15,11.55,23.85,8.65,434.3,4.07,163.0,98670.0
1990-06-23 12:00:00+00:00,31.35,54.05,0.0,0.0,0.0,427.1,3.72,161.0,98700.0
1990-06-23 13:00:00+00:00,30.58,59.45,0.0,0.0,0.0,426.75,3.52,164.0,98790.0
1990-06-23 14:00:00+00:00,29.86,63.4,0.0,0.0,0.0,421.5,3.52,167.0,98840.0
1990-06-23 15:00:00+00:00,29.23,65.4,0.0,0.0,0.0,417.05,3.52,168.0,98870.0
1990-06-23 16:00:00+00:00,28.6,67.5,0.0,0.0,0.0,412.2,3.52,165.0,98850.0
1990-06-23 17:00:00+00:00,27.91,72.0,0.0,0.0,0.0,403.9,3.59,159.0,98780.0
1990-06-23 18:00:00+00:00,27.34,74.3,0.0,0.0,0.0,401.0,3.66,154.0,98760.0
1990-06-23 19:00:00+00:00,26.67,74.25,0.0,0.0,0.0,393.65,3.72,152.0,98740.0
1990-06-23 20:00:00+00:00,26.21,76.65,0.0,0.0,0.0,392.85,3.93,151.0,98740.0
1990-06-23 21:00:00+00:00,25.74,79.15,0.0,0.0,0.0,389.95,3.93,155.0,98750.0
1990-06-23 22:00:00+00:00,25.42,81.75,115.6,625.88,55.15,387.45,3.79,159.0,98780.0
1990-06-23 23:00:00+00:00,26.14,74.15,288.95,630.0,100.15,385.7,4.28,163.0,98820.0
1990-06-24 00:00:00+00:00,27.57,67.4,491.1,741.66,123.3,389.75,4.34,166.0,98840.0
1990-06-24 01:00:00+00:00,29.53,61.25,672.5,784.17,144.3,397.25,4.41,166.0,98880.0
1990-06-24 02:00:00+00:00,31.44,52.25,813.6,802.33,155.95,406.4,4.62,166.0,98870.0
1990-06-24 03:00:00+00:00,33.02,47.65,906.45,802.05,165.15,414.35,4.76,165.0,98840.0
1990-06-24 04:00:00+00:00,34.29,42.05,944.85,794.49,166.1,422.45,4.76,164.0,98800.0
1990-06-24 05:00:00+00:00,35.22,38.3,921.05,772.66,161.0,425.95,4.76,163.0,98750.0
1990-06-24 06:00:00+00:00,35.8,35.9,732.2,588.73,182.05,428.85,4.9,161.0,98680.0
1990-06-24 07:00:00+00:00,35.37,37.0,577.95,459.56,193.8,438.75,4.9,161.0,98710.0
1990-06-24 08:00:00+00:00,34.76,36.9,342.8,271.47,154.2,437.0,4.9,164.0,98630.0
1990-06-24 09:00:00+00:00,34.04,40.55,199.4,152.24,120.15,434.85,4.76,168.0,98650.0
1990-06-24 10:00:00+00:00,33.31,41.8,101.1,82.55,74.25,437.0,4.83,165.0,98620.0
1990-06-24 11:00:00+00:00,32.51,45.95,13.8,14.74,12.0,432.75,4.0,161.0,98650.0
1990-06-24 12:00:00+00:00,31.28,48.9,0.0,0.0,0.0,419.95,3.38,160.0,98720.0
1990-06-24 13:00:00+00:00,30.41,53.8,0.0,0.0,0.0,420.35,3.17,157.0,98790.0
1990-06-24 14:00:00+00:00,29.57,57.3,0.0,0.0,0.0,413.4,3.24,154.0,98830.0
1990-06-24 15:00:00+00:00,28.98,61.1,0.0,0.0,0.0,413.75,3.45,156.0,98850.0
1990-06-24 16:00:00+00:00,28.5,63.1,0.0,0.0,0.0,414.75,3.52,158.0,98840.0
1990-06-24 17:00:00+00:00,27.98,65.2,0.0,0.0,0.0,409.7,3.38,159.0,98790.0
1990-06-24 18:00:00+00:00,27.5,67.3,0.0,0.0,0.0,406.6,3.24,157.0,98780.0
1990-06-24 19:00:00+00:00,27.51,69.6,0.0,0.0,0.0,413.55,2.62,160.0,98720.0
1990-06-24 20:00:00+00:00,27.18,69.6,0.0,0.0,0.0,412.0,2.41,152.0,98780.0
1990-06-24 21:00:00+00:00,26.8,71.85,0.0,0.0,0.0,410.85,2.28,137.0,98770.0
1990-06-24 22:00:00+00:00,26.55,71.85,54.35,4.18,53.95,409.3,2.41,127.0,98810.0
1990-06-24 23:00:00+00:00,27.12,69.6,157.5,37.65,146.25,413.0,2.62,126.0,98870.0
1990-06-25 00:00:00+00:00,28.23,67.4,241.5,57.57,213.0,417.85,3.24,132.0,98900.0
1990-06-25 01:00:00+00:00,29.24,63.3,353.1,109.09,279.7,424.7,3.1,142.0,98940.0
1990-06-25 02:00:00+00:00,30.42,59.45,371.25,72.52,311.85,427.9,2.83,142.0,98940.0
1990-06-25 03:00:00+00:00,31.19,55.85,422.4,107.26,323.3,435.25,2.69,138.0,98940.0
1990-06-25 04:00:00+00:00,31.9,52.4,537.95,184.59,357.05,440.65,2.97,133.0,98930.0
1990-06-25 05:00:00+00:00,32.88,47.65,550.4,226.5,327.6,442.4,3.17,128.0,98880.0
1990-06-25 06:00:00+00:00,33.66,41.95,254.45,55.37,202.7,447.65,3.38,123.0,98820.0
1990-06-25 07:00:00+00:00,32.8,44.55,305.45,83.17,235.9,447.65,3.1,129.0,98810.0
1990-06-25 08:00:00+00:00,32.89,44.55,260.15,133.07,167.65,449.0,2.97,120.0,98750.0
1990-06-25 09:00:00+00:00,32.97,44.55,125.3,66.5,90.65,449.2,3.03,109.0,98730.0
1990-06-25 10:00:00+00:00,32.35,45.95,45.1,14.12,40.5,443.35,2.62,105.0,98720.0
1990-06-25 11:00:00+00:00,31.63,49.0,4.25,1.22,4.1,443.2,2.21,100.0,98780.0
1990-06-25 12:00:00+00:00,30.66,52.15,0.0,0.0,0.0,440.65,1.86,102.0,98840.0
1990-06-25 13:00:00+00:00,29.69,57.4,0.0,0.0,0.0,436.8,1.52,79.0,98910.0
1990-06-25 14:00:00+00:00,28.8,63.2,0.0,0.0,0.0,437.2,1.72,32.0,98950.0
1990-06-25 15:00:00+00:00,28.21,65.2,0.0,0.0,0.0,438.35,1.45,29.0,98950.0
1990-06-25 16:00:00+00:00,27.42,69.6,0.0,0.0,0.0,433.7,1.38,25.0,98930.0
1990-06-25 17:00:00+00:00,26.92,71.85,0.0,0.0,0.0,434.45,1.1,18.0,98900.0
1990-06-25 18:00:00+00:00,26.42,76.65,0.0,0.0,0.0,434.45,1.1,17.0,98870.0
1990-06-25 19:00:00+00:00,26.76,65.0,0.0,0.0,0.0,431.0,1.72,344.0,98860.0
1990-06-25 20:00:00+00:00,26.5,64.95,0.0,0.0,0.0,424.6,1.86,2.0,98890.0
1990-06-25 21:00:00+00:00,26.14,64.95,0.0,0.0,0.0,424.4,1.93,19.0,98890.0
1990-06-25 22:00:00+00:00,25.58,69.3,34.4,91.86,25.7,423.45,2.07,27.0,98940.0
1990-06-25 23:00:00+00:00,24.88,79.05,58.65,24.67,51.3,425.75,2.34,28.0,99000.0
1990-06-26 00:00:00+00:00,25.02,76.45,121.3,50.89,96.15,425.95,2.48,25.0,99040.0
1990-06-26 01:00:00+00:00,25.8,74.1,187.55,16.96,176.15,426.45,2.9,29.0,99050.0
1990-06-26 02:00:00+00:00,26.52,74.15,227.5,56.62,181.15,427.5,2.9,33.0,99050.0
1990-06-26 03:00:00+00:00,26.72,74.25,196.1,51.54,148.5,431.0,2.48,20.0,99060.0
1990-06-26 04:00:00+00:00,26.3,84.55,125.75,3.83,122.0,426.9,2.21,13.0,99070.0
1990-06-26 05:00:00+00:00,26.16,87.35,181.05,32.43,149.15,431.75,2.41,16.0,99030.0
1990-06-26 06:00:00+00:00,26.3,87.35,144.8,5.88,139.3,428.1,2.41,22.0,99000.0
1990-06-26 07:00:00+00:00,27.19,71.9,154.6,22.77,135.55,438.35,2.9,46.0,98940.0
1990-06-26 08:00:00+00:00,27.92,72.0,142.0,16.61,130.45,438.55,2.07,32.0,98920.0
1990-06-26 09:00:00+00:00,28.16,72.0,133.25,39.6,112.6,437.2,1.93,24.0,98900.0
1990-06-26 10:00:00+00:00,28.36,69.65,37.15,5.21,35.45,437.2,1.79,44.0,98920.0
1990-06-26 11:00:00+00:00,27.06,76.8,4.6,1.22,4.45,438.15,1.45,67.0,98960.0
1990-06-26 12:00:00+00:00,25.99,90.2,0.0,0.0,0.0,437.75,1.17,81.0,98980.0
1990-06-26 13:00:00+00:00,25.83,87.3,0.0,0.0,0.0,433.9,1.59,89.0,99050.0
1990-06-26 14:00:00+00:00,25.6,87.3,0.0,0.0,0.0,435.85,1.86,84.0,99120.0
1990-06-26 15:00:00+00:00,25.3,90.2,0.0,0.0,0.0,431.0,2.21,76.0,99090.0
1990-06-26 16:00:00+00:00,25.06,90.2,0.0,0.0,0.0,429.65,2.48,71.0,99080.0
1990-06-26 17:00:00+00:00,24.81,93.15,0.0,0.0,0.0,433.5,2.76,70.0,99030.0
1990-06-26 18:00:00+00:00,24.65,93.15,0.0,0.0,0.0,434.85,3.17,69.0,99020.0
1990-06-26 19:00:00+00:00,24.22,90.1,0.0,0.0,0.0,431.95,3.66,48.0,99090.0
1990-06-26 20:00:00+00:00,23.81,93.1,0.0,0.0,0.0,432.35,4.0,45.0,99120.0
1990-06-26 21:00:00+00:00,23.56,93.1,0.0,0.0,0.0,432.9,4.14,44.0,99100.0
1990-06-26 22:00:00+00:00,23.43,96.2,17.35,0.0,17.35,431.2,4.28,47.0,99140.0
1990-06-26 23:00:00+00:00,23.37,96.2,24.1,0.34,24.0,429.85,4.55,50.0,99160.0
1990-06-27 00:00:00+00:00,23.29,93.05,46.25,0.0,46.25,429.45,4.69,53.0,99200.0
1990-06-27 01:00:00+00:00,23.15,93.05,35.9,0.0,35.9,427.05,4.83,55.0,99270.0
1990-06-27 02:00:00+00:00,22.82,93.05,57.35,0.31,57.1,426.9,4.97,56.0,99260.0
1990-06-27 03:00:00+00:00,22.65,93.05,102.65,0.81,101.9,426.15,4.76,56.0,99260.0
1990-06-27 04:00:00+00:00,22.71,96.15,79.65,0.51,79.15,423.85,4.55,53.0,99250.0
1990-06-27 05:00:00+00:00,22.47,99.4,118.45,7.12,111.45,424.4,4.55,50.0,99230.0
1990-06-27 06:00:00+00:00,22.58,96.15,143.9,13.69,131.1,425.4,4.0,46.0,99180.0
1990-06-27 07:00:00+00:00,23.8,84.35,81.15,8.6,73.95,428.3,4.34,59.0,99270.0
1990-06-27 08:00:00+00:00,23.47,87.1,60.45,0.65,60.0,427.5,4.0,54.0,99240.0
1990-06-27 09:00:00+00:00,22.91,90.05,28.65,0.19,28.55,426.15,3.52,50.0,99220.0
1990-06-27 10:00:00+00:00,22.63,90.05,8.45,0.0,8.45,423.85,3.31,44.0,99190.0
1990-06-27 11:00:00+00:00,22.42,93.05,1.15,0.0,1.15,423.25,2.97,42.0,99250.0
1990-06-27 12:00:00+00:00,22.23,93.05,0.0,0.0,0.0,423.25,2.55,38.0,99320.0
1990-06-27 13:00:00+00:00,22.11,93.05,0.0,0.0,0.0,421.3,2.21,27.0,99380.0
1990-06-27 14:00:00+00:00,22.01,93.05,0.0,0.0,0.0,422.3,2.21,13.0,99420.0
1990-06-27 15:00:00+00:00,21.92,96.15,0.0,0.0,0.0,423.45,2.28,8.0,99410.0
1990-06-27 16:00:00+00:00,21.85,99.4,0.0,0.0,0.0,423.05,2.14,360.0,99380.0
1990-06-27 17:00:00+00:00,21.84,99.4,0.0,0.0,0.0,423.25,2.07,351.0,99340.0
1990-06-27 18:00:00+00:00,21.84,99.4,0.0,0.0,0.0,423.65,2.0,345.0,99320.0
1990-06-27 19:00:00+00:00,21.81,99.4,0.0,0.0,0.0,423.05,2.14,11.0,99330.0
1990-06-27 20:00:00+00:00,21.8,99.4,0.0,0.0,0.0,423.65,2.0,12.0,99330.0
1990-06-27 21:00:00+00:00,21.76,99.4,0.0,0.0,0.0,423.65,2.0,7.0,99340.0
1990-06-27 22:00:00+00:00,21.72,99.4,6.5,0.0,6.5,423.05,1.86,359.0,99350.0
1990-06-27 23:00:00+00:00,21.77,99.4,21.1,0.17,21.05,424.0,1.93,1.0,99370.0
1990-06-28 00:00:00+00:00,21.91,99.4,44.05,0.81,43.65,424.0,2.0,6.0,99390.0
1990-06-28 01:00:00+00:00,22.06,96.15,80.95,3.06,78.9,424.9,2.21,16.0,99410.0
1990-06-28 02:00:00+00:00,22.38,96.15,157.35,20.8,140.35,425.95,2.28,26.0,99390.0
1990-06-28 03:00:00+00:00,22.8,93.05,112.65,6.72,106.45,427.9,2.48,27.0,99410.0
1990-06-28 04:00:00+00:00,23.08,93.05,100.85,2.45,98.45,428.65,2.28,28.0,99410.0
1990-06-28 05:00:00+00:00,23.14,93.05,98.05,2.59,95.5,430.2,2.0,24.0,99360.0
1990-06-28 06:00:00+00:00,23.26,96.2,241.35,22.62,220.2,430.8,1.38,3.0,99330.0
1990-06-28 07:00:00+00:00,25.95,81.8,165.3,11.05,156.05,437.35,1.59,10.0,99280.0
1990-06-28 08:00:00+00:00,26.13,79.2,76.7,5.53,72.85,440.3,1.79,20.0,99230.0
1990-06-28 09:00:00+00:00,25.73,81.8,60.65,1.24,60.0,437.75,1.72,17.0,99210.0
1990-06-28 10:00:00+00:00,25.45,84.45,23.15,1.07,22.8,437.95,1.79,19.0,99210.0
1990-06-28 11:00:00+00:00,25.0,87.25,2.75,0.0,2.75,436.8,1.93,18.0,99250.0
1990-06-28 12:00:00+00:00,24.58,87.25,0.0,0.0,0.0,435.65,2.0,17.0,99270.0
1990-06-28 13:00:00+00:00,24.33,90.1,0.0,0.0,0.0,434.1,1.86,15.0,99370.0
1990-06-28 14:00:00+00:00,24.11,90.1,0.0,0.0,0.0,434.45,1.86,7.0,99410.0
1990-06-28 15:00:00+00:00,23.92,93.1,0.0,0.0,0.0,433.9,1.79,3.0,99420.0
1990-06-28 16:00:00+00:00,23.74,93.1,0.0,0.0,0.0,433.5,1.52,3.0,99390.0
1990-06-28 17:00:00+00:00,23.55,93.1,0.0,0.0,0.0,431.95,1.1,358.0,99290.0
1990-06-28 18:00:00+00:00,23.46,96.2,0.0,0.0,0.0,432.35,0.83,358.0,99250.0
1990-06-28 19:00:00+00:00,23.4,96.2,0.0,0.0,0.0,429.65,0.21,286.0,99200.0
1990-06-28 20:00:00+00:00,23.18,96.2,0.0,0.0,0.0,428.1,0.48,309.0,99160.0
1990-06-28 21:00:00+00:00,23.04,96.2,0.0,0.0,0.0,425.0,0.62,326.0,99160.0
1990-06-28 22:00:00+00:00,23.13,96.2,21.85,0.0,21.85,430.2,0.41,352.0,99190.0
1990-06-28 23:00:00+00:00,23.54,93.1,69.9,47.15,56.0,428.45,0.41,20.0,99190.0
1990-06-29 00:00:00+00:00,24.07,90.1,126.25,0.61,125.95,429.85,0.21,42.0,99200.0
1990-06-29 01:00:00+00:00,24.9,87.25,213.5,33.22,191.25,436.9,0.34,122.0,99190.0
1990-06-29 02:00:00+00:00,25.99,84.5,377.45,109.22,288.25,437.75,0.55,162.0,99180.0
1990-06-29 03:00:00+00:00,27.48,76.8,425.85,93.09,340.0,443.75,0.9,204.0,99140.0
1990-06-29 04:00:00+00:00,28.48,76.85,329.9,17.57,312.7,449.55,1.1,210.0,99110.0
1990-06-29 05:00:00+00:00,28.85,74.5,407.35,59.64,348.7,453.05,1.03,212.0,99050.0
1990-06-29 06:00:00+00:00,29.49,72.15,270.9,82.24,194.0,453.25,0.9,212.0,98980.0
1990-06-29 07:00:00+00:00,28.24,76.85,173.25,32.73,145.85,445.7,0.48,197.0,99050.0
1990-06-29 08:00:00+00:00,28.1,76.85,177.5,24.2,160.65,449.55,0.21,243.0,99020.0
1990-06-29 09:00:00+00:00,28.09,76.85,158.95,138.5,86.6,446.85,0.69,343.0,99020.0
1990-06-29 10:00:00+00:00,28.05,76.85,55.5,43.73,41.2,437.55,1.24,349.0,99010.0
1990-06-29 11:00:00+00:00,27.56,79.4,8.45,8.9,7.35,437.55,0.9,344.0,99050.0
1990-06-29 12:00:00+00:00,26.8,84.6,0.0,0.0,0.0,429.05,1.03,339.0,99130.0
1990-06-29 13:00:00+00:00,26.02,90.2,0.0,0.0,0.0,431.55,0.97,352.0,99160.0
1990-06-29 14:00:00+00:00,25.5,93.15,0.0,0.0,0.0,429.45,1.17,4.0,99240.0
1990-06-29 15:00:00+00:00,25.08,93.15,0.0,0.0,0.0,422.45,1.45,14.0,99250.0
1990-06-29 16:00:00+00:00,25.08,93.15,0.0,0.0,0.0,429.65,1.52,28.0,99240.0
1990-06-29 17:00:00+00:00,24.94,93.15,0.0,0.0,0.0,427.3,1.72,25.0,99180.0
1990-06-29 18:00:00+00:00,24.82,93.15,0.0,0.0,0.0,432.75,1.59,29.0,99150.0
1990-06-29 19:00:00+00:00,24.7,90.15,0.0,0.0,0.0,436.0,2.28,45.0,99200.0
1990-06-29 20:00:00+00:00,24.38,93.1,0.0,0.0,0.0,434.1,2.0,45.0,99200.0
1990-06-29 21:00:00+00:00,24.08,93.1,0.0,0.0,0.0,432.75,1.66,39.0,99190.0
1990-06-29 22:00:00+00:00,23.96,96.2,15.1,1.66,14.95,433.7,1.86,20.0,99230.0
1990-06-29 23:00:00+00:00,23.89,96.2,23.2,0.85,22.95,432.15,2.14,12.0,99280.0
1990-06-30 00:00:00+00:00,23.84,96.2,71.65,4.28,69.55,432.75,2.28,12.0,99350.0
1990-06-30 01:00:00+00:00,23.95,96.2,64.9,7.7,59.75,432.85,2.55,14.0,99390.0
1990-06-30 02:00:00+00:00,23.83,96.2,82.8,1.41,81.65,433.9,2.48,18.0,99430.0
1990-06-30 03:00:00+00:00,23.86,93.1,85.55,0.16,85.4,433.3,2.28,22.0,99460.0
1990-06-30 04:00:00+00:00,23.89,93.1,114.45,0.0,114.45,431.55,2.0,19.0,99470.0
1990-06-30 05:00:00+00:00,24.13,90.1,146.9,7.02,140.0,431.75,2.0,4.0,99450.0
1990-06-30 06:00:00+00:00,24.38,90.1,154.4,10.21,144.85,432.15,2.28,357.0,99410.0
1990-06-30 07:00:00+00:00,24.4,84.35,151.65,7.4,145.45,429.25,2.62,15.0,99420.0
1990-06-30 08:00:00+00:00,24.42,84.35,122.1,2.73,120.2,427.5,2.62,7.0,99390.0
1990-06-30 09:00:00+00:00,24.42,81.65,67.9,3.25,66.2,428.3,2.48,2.0,99400.0
1990-06-30 10:00:00+00:00,24.25,81.65,25.4,2.14,24.7,426.75,2.14,356.0,99400.0
1990-06-30 11:00:00+00:00,23.95,84.35,4.9,0.0,4.9,426.15,1.93,352.0,99430.0
1990-06-30 12:00:00+00:00,23.59,84.35,0.0,0.0,0.0,422.1,1.66,352.0,99490.0
1990-06-30 13:00:00+00:00,23.28,87.1,0.0,0.0,0.0,418.8,1.72,346.0,99540.0
1990-06-30 14:00:00+00:00,23.12,87.1,0.0,0.0,0.0,421.9,1.86,339.0,99580.0
1990-06-30 15:00:00+00:00,22.92,87.1,0.0,0.0,0.0,421.1,2.0,343.0,99570.0
1990-06-30 16:00:00+00:00,20.19,96.77,0.0,0.0,0.0,422.18,0.81,346.0,99550.0
1990-06-30 17:00:00+00:00,20.82,94.1,0.0,0.0,0.0,418.54,0.98,344.0,99500.0
1990-06-30 18:00:00+00:00,21.44,91.44,0.0,0.0,0.0,414.91,1.16,345.0,99460.0
1990-06-30 19:00:00+00:00,22.06,88.77,0.0,0.0,0.0,411.28,1.33,15.0,99450.0
1990-06-30 20:00:00+00:00,22.69,86.11,0.0,0.0,0.0,407.64,1.5,29.0,99430.0
1990-06-30 21:00:00+00:00,23.31,83.44,0.0,0.0,0.0,404.01,1.67,32.0,99450.0
1990-06-30 22:00:00+00:00,23.94,80.78,31.3,1.68,31.15,400.38,1.85,33.0,99450.0
1990-06-30 23:00:00+00:00,24.56,78.11,64.6,10.43,61.55,396.74,2.02,12.0,99520.0
1990-07-01 00:00:00+00:00,25.19,75.45,508.2,776.09,127.65,393.11,2.19,167.0,99400.0
1990-07-01 01:00:00+00:00,25.81,72.78,631.05,616.77,218.5,389.47,2.37,168.0,99410.0
1990-07-01 02:00:00+00:00,26.44,70.12,786.7,670.32,239.7,385.84,2.54,168.0,99380.0
1990-07-01 03:00:00+00:00,27.06,67.45,869.0,626.86,291.2,382.21,2.71,167.0,99360.0
1990-07-01 04:00:00+00:00,27.69,64.78,934.2,684.9,263.8,378.57,2.89,166.0,99320.0
1990-07-01 05:00:00+00:00,28.31,62.12,944.4,777.78,179.55,374.94,3.06,167.0,99290.0
1990-07-01 06:00:00+00:00,28.93,59.45,847.65,731.58,163.55,371.31,3.23,168.0,99220.0
1990-07-01 07:00:00+00:00,29.56,56.79,717.3,690.68,139.0,367.67,3.41,169.0,99200.0
1990-07-01 08:00:00+00:00,30.79,57.6,525.9,572.94,126.8,390.95,4.0,168.0,99150.0
1990-07-01 09:00:00+00:00,30.26,61.45,318.2,367.97,125.9,390.75,4.0,165.0,99090.0
1990-07-01 10:00:00+00:00,29.28,67.6,111.7,70.14,88.75,394.4,4.07,163.0,99090.0
1990-07-01 11:00:00+00:00,27.84,69.65,12.45,16.17,10.45,396.55,4.28,163.0,99090.0
1990-07-01 12:00:00+00:00,26.66,71.85,0.0,0.0,0.0,393.65,4.34,164.0,99130.0
1990-07-01 13:00:00+00:00,25.78,74.1,0.0,0.0,0.0,392.3,4.28,164.0,99160.0
1990-07-01 14:00:00+00:00,25.07,79.05,0.0,0.0,0.0,391.5,4.14,164.0,99230.0
1990-07-01 15:00:00+00:00,24.39,81.65,0.0,0.0,0.0,388.6,4.07,162.0,99250.0
1990-07-01 16:00:00+00:00,23.9,81.55,0.0,0.0,0.0,392.85,3.86,160.0,99220.0
1990-07-01 17:00:00+00:00,23.26,84.25,0.0,0.0,0.0,382.2,3.72,157.0,99180.0
1990-07-01 18:00:00+00:00,22.49,90.0,0.0,0.0,0.0,363.45,3.52,156.0,99160.0
1990-07-01 19:00:00+00:00,22.67,87.1,0.0,0.0,0.0,375.25,3.17,152.0,99190.0
1990-07-01 20:00:00+00:00,22.22,90.0,0.0,0.0,0.0,371.75,2.9,149.0,99190.0
1990-07-01 21:00:00+00:00,21.8,93.0,0.0,0.0,0.0,365.75,2.62,146.0,99240.0
1990-07-01 22:00:00+00:00,21.61,93.0,95.9,330.78,66.45,369.25,2.28,147.0,99250.0
1990-07-01 23:00:00+00:00,22.42,93.05,293.15,635.07,107.35,368.5,2.0,156.0,99280.0
1990-07-02 00:00:00+00:00,24.01,84.35,468.55,683.94,133.9,362.5,2.28,168.0,99290.0
1990-07-02 01:00:00+00:00,25.31,76.5,643.0,702.23,173.9,366.45,1.93,171.0,99310.0
1990-07-02 02:00:00+00:00,26.58,74.15,801.65,722.33,212.7,375.85,1.72,165.0,99320.0
1990-07-02 03:00:00+00:00,27.89,67.4,865.15,679.23,239.4,381.05,1.72,157.0,99320.0
1990-07-02 04:00:00+00:00,28.95,63.3,916.65,703.76,228.0,398.85,2.34,155.0,99300.0
1990-07-02 05:00:00+00:00,29.74,59.35,904.5,712.78,203.65,394.2,3.17,160.0,99290.0
1990-07-02 06:00:00+00:00,30.08,57.4,756.45,500.79,288.15,400.2,3.86,167.0,99240.0
1990-07-02 07:00:00+00:00,29.43,61.25,629.45,484.83,223.45,402.55,3.79,169.0,99270.0
1990-07-02 08:00:00+00:00,29.26,59.2,503.3,477.36,170.7,404.45,3.79,166.0,99240.0
1990-07-02 09:00:00+00:00,28.83,59.2,334.65,441.6,103.8,393.25,3.86,163.0,99220.0
1990-07-02 10:00:00+00:00,27.98,63.1,144.2,257.88,59.8,383.95,3.52,161.0,99200.0
1990-07-02 11:00:00+00:00,26.59,69.4,16.15,43.67,10.75,375.25,3.66,160.0,99190.0
1990-07-02 12:00:00+00:00,25.15,71.6,0.0,0.0,0.0,368.3,3.72,158.0,99250.0
1990-07-02 13:00:00+00:00,24.2,76.35,0.0,0.0,0.0,363.85,3.59,156.0,99300.0
1990-07-02 14:00:00+00:00,23.36,81.5,0.0,0.0,0.0,357.25,3.38,152.0,99350.0
1990-07-02 15:00:00+00:00,22.69,81.45,0.0,0.0,0.0,356.5,3.1,152.0,99330.0
1990-07-02 16:00:00+00:00,22.05,87.0,0.0,0.0,0.0,352.2,2.83,156.0,99290.0
1990-07-02 17:00:00+00:00,21.65,87.0,0.0,0.0,0.0,358.6,2.48,155.0,99270.0
1990-07-02 18:00:00+00:00,21.05,89.95,0.0,0.0,0.0,348.95,2.21,148.0,99250.0
1990-07-02 19:00:00+00:00,21.04,92.95,0.0,0.0,0.0,346.6,2.62,155.0,99300.0
1990-07-02 20:00:00+00:00,20.7,92.95,0.0,0.0,0.0,345.85,2.34,158.0,99270.0
1990-07-02 21:00:00+00:00,20.2,92.95,0.0,0.0,0.0,344.3,1.86,158.0,99280.0
1990-07-02 22:00:00+00:00,19.88,96.1,115.25,718.61,52.2,342.75,1.38,157.0,99300.0
1990-07-02 23:00:00+00:00,21.34,93.0,301.85,715.06,93.5,345.05,0.97,150.0,99350.0
1990-07-03 00:00:00+00:00,23.57,78.9,503.45,786.95,119.25,352.6,1.1,152.0,99380.0
1990-07-03 01:00:00+00:00,25.17,74.0,685.6,816.2,141.1,358.5,1.31,165.0,99400.0
1990-07-03 02:00:00+00:00,26.78,67.2,834.65,840.37,150.05,368.45,1.52,170.0,99390.0
1990-07-03 03:00:00+00:00,28.32,61.1,929.8,837.79,158.4,374.1,1.86,170.0,99360.0
1990-07-03 04:00:00+00:00,29.61,57.3,967.5,824.87,160.6,380.65,2.21,167.0,99310.0
1990-07-03 05:00:00+00:00,30.53,52.05,945.2,799.65,159.05,385.7,2.41,166.0,99270.0
1990-07-03 06:00:00+00:00,31.11,50.45,730.65,595.44,173.85,389.55,2.55,163.0,99200.0
1990-07-03 07:00:00+00:00,31.14,52.15,672.8,627.0,147.7,400.8,3.45,164.0,99190.0
1990-07-03 08:00:00+00:00,31.01,52.15,443.65,424.11,148.1,402.9,3.59,164.0,99130.0
1990-07-03 09:00:00+00:00,30.38,55.6,318.4,418.18,99.75,399.05,3.17,165.0,99110.0
1990-07-03 10:00:00+00:00,29.68,61.35,138.75,239.36,60.4,400.4,2.76,167.0,99090.0
1990-07-03 11:00:00+00:00,28.35,65.3,15.5,40.86,10.45,396.15,2.62,168.0,99120.0
1990-07-03 12:00:00+00:00,26.8,69.5,0.0,0.0,0.0,388.6,2.62,167.0,99150.0
1990-07-03 13:00:00+00:00,25.82,74.1,0.0,0.0,0.0,383.75,2.55,168.0,99210.0
1990-07-03 14:00:00+00:00,24.94,79.05,0.0,0.0,0.0,376.4,2.41,169.0,99260.0
1990-07-03 15:00:00+00:00,24.14,81.65,0.0,0.0,0.0,373.1,2.28,173.0,99280.0
1990-07-03 16:00:00+00:00,23.38,87.1,0.0,0.0,0.0,368.3,2.21,172.0,99260.0
1990-07-03 17:00:00+00:00,22.77,87.1,0.0,0.0,0.0,365.95,2.28,162.0,99250.0
1990-07-03 18:00:00+00:00,22.42,90.0,0.0,0.0,0.0,365.2,2.34,154.0,99200.0
1990-07-03 19:00:00+00:00,22.68,84.25,0.0,0.0,0.0,366.75,2.48,156.0,99190.0
1990-07-03 20:00:00+00:00,22.57,84.25,0.0,0.0,0.0,369.85,2.48,154.0,99160.0
1990-07-03 21:00:00+00:00,22.31,87.05,0.0,0.0,0.0,369.25,2.41,149.0,99170.0
1990-07-03 22:00:00+00:00,22.13,87.05,94.15,220.49,75.1,368.85,2.28,143.0,99180.0
1990-07-03 23:00:00+00:00,23.24,87.1,245.35,319.15,152.75,367.7,2.0,140.0,99250.0
1990-07-04 00:00:00+00:00,25.32,79.1,435.3,456.47,212.95,374.65,2.41,142.0,99280.0
1990-07-04 01:00:00+00:00,27.11,69.6,637.15,643.36,208.55,382.15,2.9,148.0,99310.0
1990-07-04 02:00:00+00:00,28.51,65.3,783.25,680.9,229.05,384.75,3.38,154.0,99310.0
1990-07-04 03:00:00+00:00,29.56,61.25,898.8,737.42,220.2,392.65,3.59,155.0,99300.0
1990-07-04 04:00:00+00:00,30.44,57.5,915.85,673.95,256.8,396.75,3.66,154.0,99280.0
1990-07-04 05:00:00+00:00,30.97,53.9,847.8,599.37,258.65,401.4,3.72,152.0,99230.0
1990-07-04 06:00:00+00:00,31.17,50.55,796.35,603.86,231.7,410.65,3.66,151.0,99160.0
1990-07-04 07:00:00+00:00,31.42,50.55,657.8,550.85,196.45,410.45,4.07,156.0,99120.0
1990-07-04 08:00:00+00:00,31.21,50.55,452.8,414.38,164.0,410.1,3.79,160.0,99090.0
1990-07-04 09:00:00+00:00,30.74,53.9,250.95,188.65,152.3,421.7,3.31,163.0,99060.0
1990-07-04 10:00:00+00:00,30.01,61.35,96.4,47.36,80.9,430.0,2.48,165.0,99050.0
1990-07-04 11:00:00+00:00,28.81,63.3,12.1,1.62,11.9,423.45,2.14,160.0,99060.0
1990-07-04 12:00:00+00:00,27.67,67.4,0.0,0.0,0.0,419.2,2.34,155.0,99110.0
1990-07-04 13:00:00+00:00,27.0,71.85,0.0,0.0,0.0,417.65,2.34,150.0,99200.0
1990-07-04 14:00:00+00:00,26.45,74.15,0.0,0.0,0.0,415.7,2.34,146.0,99230.0
1990-07-04 15:00:00+00:00,26.01,79.15,0.0,0.0,0.0,414.75,2.34,147.0,99260.0
1990-07-04 16:00:00+00:00,25.8,79.15,0.0,0.0,0.0,420.55,2.34,148.0,99240.0
1990-07-04 17:00:00+00:00,25.67,79.15,0.0,0.0,0.0,425.2,2.34,149.0,99210.0
1990-07-04 18:00:00+00:00,25.49,81.75,0.0,0.0,0.0,425.2,2.41,147.0,99160.0
1990-07-04 19:00:00+00:00,25.14,81.75,0.0,0.0,0.0,419.4,2.07,147.0,99190.0
1990-07-04 20:00:00+00:00,24.8,87.25,0.0,0.0,0.0,420.9,1.72,150.0,99170.0
1990-07-04 21:00:00+00:00,24.19,90.1,0.0,0.0,0.0,418.2,2.14,133.0,99200.0
1990-07-04 22:00:00+00:00,23.96,96.2,13.7,29.41,11.2,417.25,1.93,134.0,99220.0
1990-07-04 23:00:00+00:00,24.01,96.2,24.25,5.37,22.7,425.2,2.21,122.0,99240.0
1990-07-05 00:00:00+00:00,24.17,93.1,38.95,5.97,36.05,427.3,2.21,128.0,99260.0
1990-07-05 01:00:00+00:00,24.26,96.2,65.65,0.0,65.65,427.4,2.28,134.0,99320.0
1990-07-05 02:00:00+00:00,24.45,96.2,109.7,19.43,93.9,426.75,2.41,132.0,99320.0
1990-07-05 03:00:00+00:00,24.69,93.15,206.75,88.4,125.45,432.9,3.17,146.0,99320.0
1990-07-05 04:00:00+00:00,25.42,93.15,168.25,35.7,133.35,431.95,2.69,150.0,99320.0
1990-07-05 05:00:00+00:00,25.65,93.2,256.95,137.11,122.2,439.3,2.69,151.0,99270.0
1990-07-05 06:00:00+00:00,26.22,90.25,249.4,107.01,149.35,433.5,2.9,142.0,99210.0
1990-07-05 07:00:00+00:00,27.44,87.45,320.85,185.19,165.75,437.95,3.31,155.0,99190.0
1990-07-05 08:00:00+00:00,27.21,81.95,178.9,130.49,87.95,438.15,3.31,157.0,99160.0
1990-07-05 09:00:00+00:00,26.89,84.6,158.7,101.07,105.85,434.85,3.24,153.0,99140.0
1990-07-05 10:00:00+00:00,27.03,87.4,87.3,86.64,58.95,433.7,2.83,147.0,99130.0
1990-07-05 11:00:00+00:00,26.78,87.4,11.8,17.86,9.6,426.35,3.03,147.0,99140.0
1990-07-05 12:00:00+00:00,26.25,90.25,0.0,0.0,0.0,422.45,3.1,152.0,99220.0
1990-07-05 13:00:00+00:00,25.97,93.2,0.0,0.0,0.0,419.55,3.24,156.0,99320.0
1990-07-05 14:00:00+00:00,25.86,93.2,0.0,0.0,0.0,420.75,3.24,158.0,99370.0
1990-07-05 15:00:00+00:00,25.74,93.2,0.0,0.0,0.0,420.75,3.24,168.0,99400.0
1990-07-05 16:00:00+00:00,25.44,93.15,0.0,0.0,0.0,426.15,3.31,174.0,99360.0
1990-07-05 17:00:00+00:00,25.11,93.15,0.0,0.0,0.0,427.9,3.1,171.0,99320.0
1990-07-05 18:00:00+00:00,24.85,96.2,0.0,0.0,0.0,425.75,3.17,162.0,99290.0
1990-07-05 19:00:00+00:00,25.45,96.25,0.0,0.0,0.0,430.0,2.83,163.0,99260.0
1990-07-05 20:00:00+00:00,25.3,96.25,0.0,0.0,0.0,423.05,2.55,166.0,99260.0
1990-07-05 21:00:00+00:00,25.13,93.15,0.0,0.0,0.0,424.0,2.07,166.0,99250.0
1990-07-05 22:00:00+00:00,25.01,96.2,37.7,78.38,31.15,423.65,1.93,165.0,99290.0
1990-07-05 23:00:00+00:00,25.34,96.25,177.05,275.06,97.95,426.75,1.93,175.0,99310.0
1990-07-06 00:00:00+00:00,26.48,90.25,359.8,474.52,129.75,420.35,2.69,183.0,99340.0
1990-07-06 01:00:00+00:00,27.7,82.05,426.05,293.85,230.85,426.25,2.34,190.0,99350.0
1990-07-06 02:00:00+00:00,28.74,77.0,614.15,456.72,243.1,440.1,1.86,196.0,99340.0
1990-07-06 03:00:00+00:00,29.72,77.1,541.6,380.57,191.8,434.1,1.72,198.0,99330.0
1990-07-06 04:00:00+00:00,30.14,74.7,736.9,495.72,252.5,446.45,1.93,186.0,99300.0
1990-07-06 05:00:00+00:00,30.88,74.8,774.9,523.33,260.7,445.3,2.34,182.0,99250.0
1990-07-06 06:00:00+00:00,31.48,74.85,638.2,419.94,245.6,447.85,2.41,180.0,99190.0
1990-07-06 07:00:00+00:00,31.58,72.5,514.25,341.2,228.5,450.55,2.41,184.0,99140.0
1990-07-06 08:00:00+00:00,31.54,72.5,376.55,249.81,202.45,448.6,2.28,175.0,99070.0
1990-07-06 09:00:00+00:00,31.42,72.5,250.7,234.78,127.95,449.55,2.34,176.0,99020.0
1990-07-06 10:00:00+00:00,30.56,77.15,94.3,109.01,58.65,444.55,2.9,174.0,99020.0
1990-07-06 11:00:00+00:00,29.54,82.15,10.0,10.17,8.75,441.25,2.83,164.0,99100.0
1990-07-06 12:00:00+00:00,28.47,84.75,0.0,0.0,0.0,438.9,2.97,161.0,99070.0
1990-07-06 13:00:00+00:00,27.66,84.7,0.0,0.0,0.0,425.95,2.97,154.0,99120.0
1990-07-06 14:00:00+00:00,27.2,87.45,0.0,0.0,0.0,423.85,3.03,155.0,99210.0
1990-07-06 15:00:00+00:00,27.06,90.25,0.0,0.0,0.0,427.3,3.31,163.0,99220.0
1990-07-06 16:00:00+00:00,26.97,93.2,0.0,0.0,0.0,425.2,3.45,168.0,99170.0
1990-07-06 17:00:00+00:00,26.88,93.2,0.0,0.0,0.0,422.85,3.52,170.0,99090.0
1990-07-06 18:00:00+00:00,26.71,90.25,0.0,0.0,0.0,421.1,3.17,171.0,99060.0
1990-07-06 19:00:00+00:00,26.87,90.25,0.0,0.0,0.0,424.4,2.76,165.0,99050.0
1990-07-06 20:00:00+00:00,26.61,90.25,0.0,0.0,0.0,426.35,2.0,157.0,99040.0
1990-07-06 21:00:00+00:00,26.28,93.2,0.0,0.0,0.0,431.0,1.24,140.0,99080.0
1990-07-06 22:00:00+00:00,26.24,93.2,65.95,165.06,52.4,432.75,0.76,125.0,99120.0
1990-07-06 23:00:00+00:00,26.9,90.25,153.45,152.85,109.7,428.1,0.76,126.0,99160.0
1990-07-07 00:00:00+00:00,27.68,84.7,282.15,238.0,167.05,436.8,1.24,132.0,99210.0
1990-07-07 01:00:00+00:00,28.56,82.1,437.05,310.12,231.35,439.25,1.31,148.0,99230.0
1990-07-07 02:00:00+00:00,29.51,82.15,439.05,165.03,305.1,447.25,1.24,152.0,99200.0
1990-07-07 03:00:00+00:00,30.14,79.65,323.3,93.19,237.7,454.4,1.1,154.0,99200.0
1990-07-07 04:00:00+00:00,30.25,79.65,565.75,260.91,310.9,453.85,1.38,142.0,99150.0
1990-07-07 05:00:00+00:00,31.15,77.3,618.1,346.33,277.9,457.1,2.28,143.0,99080.0
1990-07-07 06:00:00+00:00,31.59,77.3,653.55,396.35,283.05,455.2,2.69,148.0,99020.0
1990-07-07 07:00:00+00:00,32.26,72.65,451.85,229.63,259.55,455.0,2.83,149.0,98970.0
1990-07-07 08:00:00+00:00,30.99,77.2,144.25,22.89,128.3,456.55,3.52,162.0,98950.0
1990-07-07 09:00:00+00:00,28.89,84.8,102.1,16.17,93.65,441.85,1.52,164.0,98970.0
1990-07-07 10:00:00+00:00,29.1,84.8,78.65,47.89,63.0,443.2,1.66,138.0,98930.0
1990-07-07 11:00:00+00:00,29.05,84.8,11.85,10.2,10.6,435.05,2.69,144.0,98880.0
1990-07-07 12:00:00+00:00,28.7,82.15,0.0,0.0,0.0,435.45,3.59,149.0,98890.0
1990-07-07 13:00:00+00:00,28.43,82.1,0.0,0.0,0.0,430.2,3.79,154.0,98980.0
1990-07-07 14:00:00+00:00,28.09,82.05,0.0,0.0,0.0,425.75,4.07,156.0,99010.0
1990-07-07 15:00:00+00:00,27.81,79.4,0.0,0.0,0.0,424.4,4.28,159.0,99010.0
1990-07-07 16:00:00+00:00,27.52,81.95,0.0,0.0,0.0,422.65,4.41,162.0,98960.0
1990-07-07 17:00:00+00:00,27.31,79.35,0.0,0.0,0.0,424.2,4.55,163.0,98880.0
1990-07-07 18:00:00+00:00,27.11,79.35,0.0,0.0,0.0,422.3,4.48,165.0,98830.0
1990-07-07 19:00:00+00:00,27.1,79.35,0.0,0.0,0.0,421.3,4.48,166.0,98800.0
1990-07-07 20:00:00+00:00,27.07,81.9,0.0,0.0,0.0,424.2,4.41,168.0,98790.0
1990-07-07 21:00:00+00:00,26.87,81.9,0.0,0.0,0.0,418.2,4.41,170.0,98760.0
1990-07-07 22:00:00+00:00,26.73,81.9,91.3,490.9,51.75,416.3,4.41,172.0,98770.0
1990-07-07 23:00:00+00:00,27.09,81.9,230.7,428.64,108.6,417.45,4.41,174.0,98760.0
1990-07-08 00:00:00+00:00,27.92,79.4,437.05,572.67,160.8,418.4,4.28,174.0,98750.0
1990-07-08 01:00:00+00:00,29.11,74.55,590.75,555.51,222.85,422.4,5.17,176.0,98770.0
1990-07-08 02:00:00+00:00,30.11,74.65,735.6,645.8,211.95,429.05,5.38,178.0,98760.0
1990-07-08 03:00:00+00:00,31.12,70.1,817.75,658.4,213.35,437.2,5.72,182.0,98780.0
1990-07-08 04:00:00+00:00,32.01,65.9,827.6,604.27,237.6,439.1,6.07,186.0,98720.0
1990-07-08 05:00:00+00:00,32.59,63.9,647.4,358.48,295.35,442.6,6.21,184.0,98640.0
1990-07-08 06:00:00+00:00,32.46,63.9,710.85,506.79,237.2,450.55,6.21,176.0,98590.0
1990-07-08 07:00:00+00:00,32.7,64.0,592.7,443.98,220.95,449.35,6.28,178.0,98530.0
1990-07-08 08:00:00+00:00,32.47,66.0,443.8,352.35,198.3,452.45,6.14,171.0,98480.0
1990-07-08 09:00:00+00:00,32.04,70.3,280.5,274.34,137.15,447.65,5.17,164.0,98470.0
1990-07-08 10:00:00+00:00,31.44,70.2,92.6,61.25,72.6,445.1,5.59,168.0,98460.0
1990-07-08 11:00:00+00:00,30.55,72.35,10.9,0.0,10.9,443.35,5.45,169.0,98500.0
1990-07-08 12:00:00+00:00,29.98,69.95,0.0,0.0,0.0,438.9,5.45,172.0,98520.0
1990-07-08 13:00:00+00:00,29.6,72.15,0.0,0.0,0.0,438.35,5.31,176.0,98580.0
1990-07-08 14:00:00+00:00,29.22,69.85,0.0,0.0,0.0,437.2,4.9,179.0,98620.0
1990-07-08 15:00:00+00:00,28.8,69.85,0.0,0.0,0.0,435.05,4.28,182.0,98640.0
1990-07-08 16:00:00+00:00,28.31,72.1,0.0,0.0,0.0,433.1,3.45,184.0,98640.0
1990-07-08 17:00:00+00:00,27.75,74.4,0.0,0.0,0.0,431.35,2.83,185.0,98630.0
1990-07-08 18:00:00+00:00,27.32,76.8,0.0,0.0,0.0,434.65,2.21,191.0,98620.0
1990-07-08 19:00:00+00:00,26.83,81.9,0.0,0.0,0.0,430.2,1.45,210.0,98760.0
1990-07-08 20:00:00+00:00,26.31,87.35,0.0,0.0,0.0,431.75,1.17,222.0,98790.0
1990-07-08 21:00:00+00:00,26.06,90.2,0.0,0.0,0.0,433.9,1.1,231.0,98840.0
1990-07-08 22:00:00+00:00,25.9,93.2,50.9,56.33,46.45,433.5,0.9,246.0,98880.0
1990-07-08 23:00:00+00:00,26.94,87.4,126.7,38.81,115.7,434.3,0.83,280.0,98930.0
1990-07-09 00:00:00+00:00,27.85,84.7,187.05,83.55,146.85,438.15,1.24,315.0,99000.0
1990-07-09 01:00:00+00:00,28.0,82.05,210.6,34.1,188.05,441.95,2.28,346.0,99070.0
1990-07-09 02:00:00+00:00,27.46,81.95,335.1,101.54,252.85,447.65,2.97,360.0,99110.0
1990-07-09 03:00:00+00:00,27.34,81.95,275.95,34.06,244.7,439.5,2.97,10.0,99160.0
1990-07-09 04:00:00+00:00,27.02,84.6,600.5,344.33,264.45,440.3,2.97,13.0,99170.0
1990-07-09 05:00:00+00:00,28.06,82.05,485.45,266.05,224.25,436.0,2.9,17.0,99170.0
1990-07-09 06:00:00+00:00,28.32,76.95,381.4,138.7,251.8,438.75,2.97,19.0,99130.0
1990-07-09 07:00:00+00:00,27.17,76.8,267.7,57.1,219.9,436.4,3.45,5.0,99190.0
1990-07-09 08:00:00+00:00,26.9,76.7,228.1,98.48,159.5,437.75,3.24,8.0,99200.0
1990-07-09 09:00:00+00:00,26.8,74.25,173.0,105.11,118.1,439.3,2.83,7.0,99190.0
1990-07-09 10:00:00+00:00,26.63,74.25,86.4,88.3,57.6,422.65,2.14,4.0,99170.0
1990-07-09 11:00:00+00:00,26.38,76.65,7.9,7.82,6.95,432.55,1.66,352.0,99210.0
1990-07-09 12:00:00+00:00,25.83,79.15,0.0,0.0,0.0,429.05,1.52,351.0,99230.0
1990-07-09 13:00:00+00:00,25.46,81.75,0.0,0.0,0.0,427.5,1.38,353.0,99280.0
1990-07-09 14:00:00+00:00,25.09,81.75,0.0,0.0,0.0,423.65,1.45,350.0,99330.0
1990-07-09 15:00:00+00:00,24.67,84.4,0.0,0.0,0.0,417.85,1.59,354.0,99330.0
1990-07-09 16:00:00+00:00,24.5,87.2,0.0,0.0,0.0,423.85,1.52,359.0,99310.0
1990-07-09 17:00:00+00:00,24.28,84.35,0.0,0.0,0.0,422.45,1.52,5.0,99280.0
1990-07-09 18:00:00+00:00,24.14,84.35,0.0,0.0,0.0,424.6,1.31,11.0,99250.0
1990-07-09 19:00:00+00:00,23.68,90.1,0.0,0.0,0.0,414.15,0.9,28.0,99270.0
1990-07-09 20:00:00+00:00,23.38,90.05,0.0,0.0,0.0,409.3,1.17,36.0,99260.0
1990-07-09 21:00:00+00:00,22.96,96.15,0.0,0.0,0.0,401.55,1.17,35.0,99250.0
1990-07-09 22:00:00+00:00,22.97,96.15,64.4,244.87,45.45,410.3,1.17,37.0,99250.0
1990-07-09 23:00:00+00:00,23.75,90.1,172.6,315.6,83.6,410.85,1.17,41.0,99240.0
1990-07-10 00:00:00+00:00,24.71,84.4,240.9,282.68,105.25,414.15,1.1,39.0,99260.0
1990-07-10 01:00:00+00:00,25.43,81.75,246.25,134.05,157.75,427.4,0.9,40.0,99280.0
1990-07-10 02:00:00+00:00,25.91,79.15,239.45,73.59,179.9,435.45,0.48,46.0,99290.0
1990-07-10 03:00:00+00:00,26.19,76.65,359.1,111.86,256.55,434.45,0.62,36.0,99260.0
1990-07-10 04:00:00+00:00,26.93,76.7,605.35,332.29,281.2,438.35,1.03,33.0,99230.0
1990-07-10 05:00:00+00:00,28.25,72.1,460.8,153.34,310.3,439.7,0.97,40.0,99130.0
1990-07-10 06:00:00+00:00,28.82,69.85,472.4,181.81,302.55,442.6,0.97,16.0,99090.0
1990-07-10 07:00:00+00:00,28.86,69.85,332.9,104.9,245.1,444.75,1.52,34.0,99100.0
1990-07-10 08:00:00+00:00,28.83,69.85,216.55,87.96,155.3,452.85,1.93,5.0,99090.0
1990-07-10 09:00:00+00:00,28.21,74.5,153.35,116.48,92.55,442.0,2.55,359.0,99040.0
1990-07-10 10:00:00+00:00,27.73,76.85,63.3,44.36,48.85,439.5,2.62,358.0,99020.0
1990-07-10 11:00:00+00:00,27.03,81.9,9.35,10.34,8.1,433.1,2.41,5.0,99040.0
1990-07-10 12:00:00+00:00,26.41,81.85,0.0,0.0,0.0,430.8,2.21,8.0,99080.0
1990-07-10 13:00:00+00:00,25.98,84.5,0.0,0.0,0.0,430.2,2.0,4.0,99140.0
1990-07-10 14:00:00+00:00,25.69,84.5,0.0,0.0,0.0,434.1,1.93,357.0,99190.0
1990-07-10 15:00:00+00:00,25.25,87.3,0.0,0.0,0.0,428.45,2.0,350.0,99190.0
1990-07-10 16:00:00+00:00,24.83,87.25,0.0,0.0,0.0,426.55,2.0,346.0,99190.0
1990-07-10 17:00:00+00:00,24.6,87.25,0.0,0.0,0.0,433.5,2.0,348.0,99150.0
1990-07-10 18:00:00+00:00,24.28,90.1,0.0,0.0,0.0,429.25,1.93,345.0,99100.0
1990-07-10 19:00:00+00:00,23.74,90.1,0.0,0.0,0.0,431.95,2.14,334.0,99150.0
1990-07-10 20:00:00+00:00,23.52,93.05,0.0,0.0,0.0,433.7,2.14,330.0,99130.0
1990-07-10 21:00:00+00:00,23.28,90.05,0.0,0.0,0.0,433.1,2.28,327.0,99150.0
1990-07-10 22:00:00+00:00,23.05,93.05,27.45,50.83,23.6,430.6,2.48,325.0,99170.0
1990-07-10 23:00:00+00:00,23.1,90.05,52.25,0.0,52.25,430.8,2.62,329.0,99200.0
1990-07-11 00:00:00+00:00,23.31,90.05,97.85,9.19,93.45,431.55,2.55,334.0,99230.0
1990-07-11 01:00:00+00:00,23.79,87.15,128.0,12.06,120.05,429.95,2.9,346.0,99270.0
1990-07-11 02:00:00+00:00,24.14,84.35,202.0,45.9,164.9,430.8,2.83,350.0,99270.0
1990-07-11 03:00:00+00:00,24.74,81.7,326.0,45.41,284.4,429.85,3.31,359.0,99280.0
1990-07-11 04:00:00+00:00,25.55,81.75,334.85,43.69,292.25,434.65,3.72,2.0,99280.0
1990-07-11 05:00:00+00:00,25.88,79.15,359.45,124.86,236.95,434.45,3.66,2.0,99260.0
1990-07-11 06:00:00+00:00,26.15,74.15,257.0,82.93,179.55,433.3,3.79,1.0,99220.0
1990-07-11 07:00:00+00:00,25.13,79.1,378.15,247.99,170.65,425.55,3.52,348.0,99290.0
1990-07-11 08:00:00+00:00,25.62,76.6,249.65,128.07,160.5,425.75,3.86,346.0,99270.0
1990-07-11 09:00:00+00:00,25.54,76.5,139.75,66.33,105.15,426.75,3.72,337.0,99250.0
1990-07-11 10:00:00+00:00,25.32,76.5,84.65,62.88,64.2,424.4,3.03,338.0,99230.0
1990-07-11 11:00:00+00:00,25.05,81.7,10.4,9.15,9.3,420.75,2.48,340.0,99220.0
1990-07-11 12:00:00+00:00,24.35,84.35,0.0,0.0,0.0,407.75,1.93,348.0,99250.0
1990-07-11 13:00:00+00:00,23.98,87.15,0.0,0.0,0.0,410.65,1.45,348.0,99340.0
1990-07-11 14:00:00+00:00,23.57,87.15,0.0,0.0,0.0,408.35,1.24,341.0,99380.0
1990-07-11 15:00:00+00:00,23.31,90.05,0.0,0.0,0.0,409.7,1.52,332.0,99380.0
1990-07-11 16:00:00+00:00,23.18,90.05,0.0,0.0,0.0,413.55,1.59,338.0,99340.0
1990-07-11 17:00:00+00:00,22.94,90.05,0.0,0.0,0.0,411.25,1.52,344.0,99300.0
1990-07-11 18:00:00+00:00,22.64,87.1,0.0,0.0,0.0,410.45,1.59,349.0,99280.0
1990-07-11 19:00:00+00:00,22.38,90.0,0.0,0.0,0.0,409.1,1.93,352.0,99350.0
1990-07-11 20:00:00+00:00,22.12,87.05,0.0,0.0,0.0,412.2,1.72,357.0,99340.0
1990-07-11 21:00:00+00:00,21.71,93.0,0.0,0.0,0.0,409.1,1.17,19.0,99340.0
1990-07-11 22:00:00+00:00,21.66,93.0,29.5,64.14,24.75,411.25,0.9,53.0,99370.0
1990-07-11 23:00:00+00:00,22.22,90.0,106.9,60.21,90.1,410.65,0.41,55.0,99400.0
1990-07-12 00:00:00+00:00,22.88,84.25,171.05,66.73,139.2,411.25,0.55,65.0,99390.0
1990-07-12 01:00:00+00:00,23.52,81.5,328.5,161.01,222.55,412.15,0.62,91.0,99400.0
1990-07-12 02:00:00+00:00,24.61,76.45,597.85,345.32,319.0,417.25,0.62,102.0,99430.0
1990-07-12 03:00:00+00:00,26.16,71.75,555.15,273.74,304.55,414.9,0.76,106.0,99420.0
1990-07-12 04:00:00+00:00,26.95,71.85,583.2,303.17,287.75,421.3,0.97,118.0,99400.0
1990-07-12 05:00:00+00:00,27.7,69.65,567.5,307.77,265.65,428.45,1.1,128.0,99360.0
1990-07-12 06:00:00+00:00,28.22,67.5,278.6,38.56,242.6,435.05,1.17,134.0,99290.0
1990-07-12 07:00:00+00:00,27.19,69.6,236.95,27.32,214.1,431.0,0.83,123.0,99340.0
1990-07-12 08:00:00+00:00,27.21,69.6,186.9,5.68,182.95,434.1,0.69,103.0,99300.0
1990-07-12 09:00:00+00:00,27.22,71.9,180.3,82.7,137.2,430.0,0.55,119.0,99260.0
1990-07-12 10:00:00+00:00,27.25,71.9,87.05,64.08,66.25,424.2,0.55,139.0,99230.0
1990-07-12 11:00:00+00:00,26.82,76.7,6.45,7.53,5.55,424.0,0.69,153.0,99220.0
1990-07-12 12:00:00+00:00,25.96,87.3,0.0,0.0,0.0,426.9,0.69,156.0,99260.0
1990-07-12 13:00:00+00:00,25.4,87.3,0.0,0.0,0.0,416.85,0.69,125.0,99290.0
1990-07-12 14:00:00+00:00,24.68,87.25,0.0,0.0,0.0,411.25,0.9,82.0,99330.0
1990-07-12 15:00:00+00:00,24.04,93.1,0.0,0.0,0.0,411.05,0.97,85.0,99320.0
1990-07-12 16:00:00+00:00,23.64,93.1,0.0,0.0,0.0,414.75,1.17,98.0,99290.0
1990-07-12 17:00:00+00:00,23.54,96.2,0.0,0.0,0.0,412.4,1.31,105.0,99260.0
1990-07-12 18:00:00+00:00,23.55,96.2,0.0,0.0,0.0,413.95,1.03,102.0,99220.0
1990-07-12 19:00:00+00:00,23.77,93.1,0.0,0.0,0.0,417.25,1.1,132.0,99170.0
1990-07-12 20:00:00+00:00,23.97,93.1,0.0,0.0,0.0,417.45,1.03,143.0,99180.0
1990-07-12 21:00:00+00:00,23.85,93.1,0.0,0.0,0.0,415.3,1.24,148.0,99140.0
1990-07-12 22:00:00+00:00,24.19,93.1,68.5,249.56,50.45,421.1,1.03,159.0,99130.0
1990-07-12 23:00:00+00:00,24.96,96.2,207.6,305.96,122.7,414.9,0.62,176.0,99140.0
1990-07-13 00:00:00+00:00,26.62,84.6,370.8,370.85,194.3,420.55,0.76,210.0,99140.0
1990-07-13 01:00:00+00:00,27.96,82.05,494.2,427.29,213.5,426.45,1.79,207.0,99150.0
1990-07-13 02:00:00+00:00,29.2,79.55,416.75,246.96,217.55,437.35,2.28,215.0,99130.0
1990-07-13 03:00:00+00:00,29.78,77.1,561.15,291.33,294.65,451.1,1.79,234.0,99120.0
1990-07-13 04:00:00+00:00,30.73,74.8,699.95,366.98,342.5,450.9,1.93,245.0,99120.0
1990-07-13 05:00:00+00:00,31.7,70.3,717.8,455.19,271.55,457.3,1.79,244.0,99070.0
1990-07-13 06:00:00+00:00,32.07,70.3,430.8,109.61,328.5,450.9,1.1,246.0,99020.0
1990-07-13 07:00:00+00:00,30.54,74.7,301.35,60.04,251.15,451.5,1.93,353.0,98990.0
1990-07-13 08:00:00+00:00,29.58,79.55,228.2,112.75,149.8,452.65,1.86,340.0,99000.0
1990-07-13 09:00:00+00:00,28.76,79.55,100.1,23.81,87.7,444.75,0.97,325.0,98980.0
1990-07-13 10:00:00+00:00,27.96,84.7,52.25,34.88,40.95,441.65,0.34,335.0,99010.0
1990-07-13 11:00:00+00:00,27.59,87.45,4.85,1.26,4.7,439.7,0.28,341.0,99030.0
1990-07-13 12:00:00+00:00,26.95,93.2,0.0,0.0,0.0,440.1,0.41,308.0,99040.0
1990-07-13 13:00:00+00:00,26.35,96.25,0.0,0.0,0.0,435.85,0.76,315.0,99090.0
1990-07-13 14:00:00+00:00,26.07,96.25,0.0,0.0,0.0,433.3,1.17,55.0,99080.0
1990-07-13 15:00:00+00:00,25.77,96.25,0.0,0.0,0.0,433.1,1.24,87.0,99070.0
1990-07-13 16:00:00+00:00,25.51,96.25,0.0,0.0,0.0,434.3,0.9,60.0,99060.0
1990-07-13 17:00:00+00:00,25.5,96.25,0.0,0.0,0.0,429.05,0.55,50.0,99020.0
1990-07-13 18:00:00+00:00,24.97,99.4,0.0,0.0,0.0,427.7,0.76,9.0,99000.0
1990-07-13 19:00:00+00:00,24.81,96.2,0.0,0.0,0.0,417.45,0.76,303.0,99030.0
1990-07-13 20:00:00+00:00,25.09,96.25,0.0,0.0,0.0,418.8,0.41,114.0,99050.0
1990-07-13 21:00:00+00:00,24.93,99.4,0.0,0.0,0.0,422.1,0.48,69.0,99040.0
1990-07-13 22:00:00+00:00,24.17,99.4,75.3,374.83,48.85,421.1,0.83,2.0,99100.0
1990-07-13 23:00:00+00:00,25.31,96.25,192.05,244.81,124.5,419.0,0.97,0.0,99120.0
1990-07-14 00:00:00+00:00,26.34,90.25,328.9,244.64,212.8,425.0,1.1,355.0,99140.0
1990-07-14 01:00:00+00:00,27.47,84.65,423.65,182.6,303.9,425.85,1.38,8.0,99150.0
1990-07-14 02:00:00+00:00,28.51,79.5,448.15,229.3,263.4,432.35,1.59,14.0,99160.0
1990-07-14 03:00:00+00:00,29.17,77.0,689.55,444.76,283.0,430.0,1.66,24.0,99140.0
1990-07-14 04:00:00+00:00,30.39,70.0,849.65,568.56,296.15,441.05,1.72,41.0,99100.0
1990-07-14 05:00:00+00:00,31.36,65.8,829.0,619.32,222.1,435.65,1.72,52.0,99040.0
1990-07-14 06:00:00+00:00,31.99,61.75,570.8,391.93,205.15,438.9,1.66,58.0,98970.0
1990-07-14 07:00:00+00:00,31.69,63.8,595.45,513.62,166.2,438.75,1.86,67.0,98960.0
1990-07-14 08:00:00+00:00,31.92,63.8,428.3,395.0,153.8,435.65,1.72,71.0,98960.0
1990-07-14 09:00:00+00:00,31.74,63.8,251.4,278.21,106.7,439.5,1.72,69.0,98900.0
1990-07-14 10:00:00+00:00,31.3,67.95,95.8,110.91,59.95,431.75,1.03,72.0,98910.0
1990-07-14 11:00:00+00:00,30.54,77.15,12.9,30.17,9.35,427.7,0.34,58.0,98950.0
1990-07-14 12:00:00+00:00,29.64,77.1,0.0,0.0,0.0,415.9,0.62,54.0,98970.0
1990-07-14 13:00:00+00:00,28.76,77.0,0.0,0.0,0.0,411.25,0.69,76.0,99060.0
1990-07-14 14:00:00+00:00,27.72,82.05,0.0,0.0,0.0,409.5,0.9,89.0,99100.0
1990-07-14 15:00:00+00:00,26.04,90.2,0.0,0.0,0.0,411.05,1.24,89.0,99110.0
1990-07-14 16:00:00+00:00,25.41,93.15,0.0,0.0,0.0,416.45,1.52,89.0,99070.0
1990-07-14 17:00:00+00:00,25.44,93.15,0.0,0.0,0.0,417.85,1.79,79.0,99050.0
1990-07-14 18:00:00+00:00,25.45,90.2,0.0,0.0,0.0,419.0,1.93,86.0,99030.0
1990-07-14 19:00:00+00:00,25.31,90.2,0.0,0.0,0.0,411.25,2.0,98.0,99100.0
1990-07-14 20:00:00+00:00,25.17,87.3,0.0,0.0,0.0,415.7,1.86,92.0,99100.0
1990-07-14 21:00:00+00:00,24.77,90.15,0.0,0.0,0.0,408.55,1.72,97.0,99110.0
1990-07-14 22:00:00+00:00,24.46,93.1,77.55,537.29,40.6,406.2,1.59,108.0,99170.0
1990-07-14 23:00:00+00:00,25.51,90.2,227.95,503.75,89.75,409.9,1.31,112.0,99190.0
1990-07-15 00:00:00+00:00,27.1,84.6,408.55,603.88,122.8,415.7,1.52,116.0,99220.0
1990-07-15 01:00:00+00:00,28.41,79.5,504.05,524.23,160.85,421.8,1.66,122.0,99250.0
1990-07-15 02:00:00+00:00,29.47,79.55,697.7,646.36,177.5,431.55,1.93,126.0,99240.0
1990-07-15 03:00:00+00:00,30.69,72.4,659.45,487.92,213.8,437.0,2.62,128.0,99210.0
1990-07-15 04:00:00+00:00,31.19,72.5,620.7,359.32,271.1,445.7,3.1,134.0,99150.0
1990-07-15 05:00:00+00:00,31.51,72.5,620.25,335.23,291.9,452.85,3.24,140.0,99080.0
1990-07-15 06:00:00+00:00,31.89,72.6,659.75,492.63,200.35,458.85,3.31,144.0,99010.0
1990-07-15 07:00:00+00:00,32.72,68.25,514.0,406.85,174.15,454.0,3.93,155.0,98970.0
1990-07-15 08:00:00+00:00,32.78,70.45,378.95,334.95,146.35,455.35,3.59,151.0,98910.0
1990-07-15 09:00:00+00:00,32.61,75.0,273.55,331.48,101.35,457.3,3.1,146.0,98880.0
1990-07-15 10:00:00+00:00,32.27,75.0,93.25,138.8,48.5,448.4,2.9,139.0,98890.0
1990-07-15 11:00:00+00:00,31.26,79.8,10.75,19.72,8.45,449.35,3.03,128.0,98910.0
1990-07-15 12:00:00+00:00,30.17,82.25,0.0,0.0,0.0,443.35,2.83,122.0,98930.0
1990-07-15 13:00:00+00:00,29.51,87.55,0.0,0.0,0.0,438.75,2.9,125.0,98980.0
1990-07-15 14:00:00+00:00,29.1,87.55,0.0,0.0,0.0,437.2,2.97,135.0,99000.0
1990-07-15 15:00:00+00:00,28.89,87.55,0.0,0.0,0.0,435.05,3.17,145.0,99010.0
1990-07-15 16:00:00+00:00,28.76,87.55,0.0,0.0,0.0,431.0,3.52,152.0,98990.0
1990-07-15 17:00:00+00:00,28.71,84.8,0.0,0.0,0.0,430.8,3.79,158.0,98940.0
1990-07-15 18:00:00+00:00,28.57,84.75,0.0,0.0,0.0,426.9,4.07,161.0,98900.0
1990-07-15 19:00:00+00:00,28.3,82.1,0.0,0.0,0.0,434.1,4.21,164.0,98940.0
1990-07-15 20:00:00+00:00,28.13,82.1,0.0,0.0,0.0,433.7,4.14,162.0,98940.0
1990-07-15 21:00:00+00:00,27.8,84.7,0.0,0.0,0.0,425.55,4.07,161.0,98930.0
1990-07-15 22:00:00+00:00,27.65,84.7,85.05,578.11,46.35,425.95,4.28,161.0,98960.0
1990-07-15 23:00:00+00:00,28.01,87.5,244.75,567.6,89.95,420.9,4.62,163.0,98940.0
1990-07-16 00:00:00+00:00,28.93,84.8,443.8,680.91,122.55,423.85,4.97,165.0,98940.0
1990-07-16 01:00:00+00:00,30.02,82.2,591.85,671.52,153.0,427.25,5.86,172.0,98980.0
1990-07-16 02:00:00+00:00,31.05,77.2,755.95,714.28,181.75,435.65,5.86,176.0,98950.0
1990-07-16 03:00:00+00:00,32.11,72.6,848.15,724.0,187.4,437.2,5.72,179.0,98930.0
1990-07-16 04:00:00+00:00,33.02,70.45,862.85,659.68,221.4,442.4,5.45,177.0,98890.0
1990-07-16 05:00:00+00:00,33.61,68.3,857.75,674.25,197.65,447.85,5.45,173.0,98810.0
1990-07-16 06:00:00+00:00,34.08,66.25,736.3,545.11,228.2,450.9,5.66,173.0,98750.0
1990-07-16 07:00:00+00:00,34.15,66.25,548.6,429.72,189.85,453.85,5.86,173.0,98700.0
1990-07-16 08:00:00+00:00,33.75,66.25,413.0,358.63,164.15,456.35,5.52,171.0,98640.0
1990-07-16 09:00:00+00:00,33.33,68.3,286.9,348.5,106.1,453.45,5.59,168.0,98620.0
1990-07-16 10:00:00+00:00,32.73,68.25,109.45,165.77,56.15,449.35,5.86,169.0,98610.0
1990-07-16 11:00:00+00:00,31.83,68.05,12.4,27.27,9.25,447.65,5.79,170.0,98620.0
1990-07-16 12:00:00+00:00,31.27,67.95,0.0,0.0,0.0,434.45,5.86,172.0,98640.0
1990-07-16 13:00:00+00:00,30.89,67.85,0.0,0.0,0.0,431.55,5.86,174.0,98700.0
1990-07-16 14:00:00+00:00,30.52,67.8,0.0,0.0,0.0,426.55,5.86,175.0,98750.0
1990-07-16 15:00:00+00:00,30.19,67.8,0.0,0.0,0.0,424.0,5.93,177.0,98730.0
1990-07-16 16:00:00+00:00,29.89,69.95,0.0,0.0,0.0,421.7,5.86,178.0,98690.0
1990-07-16 17:00:00+00:00,29.59,72.15,0.0,0.0,0.0,420.15,5.79,178.0,98660.0
1990-07-16 18:00:00+00:00,29.25,69.85,0.0,0.0,0.0,418.8,5.52,178.0,98620.0
1990-07-16 19:00:00+00:00,29.31,67.6,0.0,0.0,0.0,418.6,5.66,179.0,98640.0
1990-07-16 20:00:00+00:00,29.06,67.6,0.0,0.0,0.0,416.45,5.59,177.0,98610.0
1990-07-16 21:00:00+00:00,28.77,67.6,0.0,0.0,0.0,415.3,5.52,176.0,98610.0
1990-07-16 22:00:00+00:00,28.44,69.75,89.7,580.8,51.9,412.6,5.38,176.0,98630.0
1990-07-16 23:00:00+00:00,28.38,72.1,250.9,495.59,116.55,410.65,5.31,176.0,98640.0
1990-07-17 00:00:00+00:00,29.14,74.55,440.95,603.98,156.85,411.85,4.97,177.0,98660.0
1990-07-17 01:00:00+00:00,30.31,72.35,632.55,705.68,172.2,415.6,5.1,176.0,98660.0
1990-07-17 02:00:00+00:00,31.6,70.2,768.3,692.64,212.15,418.8,5.24,179.0,98660.0
1990-07-17 03:00:00+00:00,32.77,66.1,871.4,729.91,205.8,425.75,5.24,181.0,98680.0
1990-07-17 04:00:00+00:00,33.76,62.15,926.95,758.05,190.3,431.95,5.17,183.0,98660.0
1990-07-17 05:00:00+00:00,34.49,60.3,894.0,713.44,195.9,437.35,5.17,183.0,98630.0
1990-07-17 06:00:00+00:00,34.9,58.5,818.35,713.64,153.5,442.0,5.1,181.0,98590.0
1990-07-17 07:00:00+00:00,35.19,58.6,682.35,634.51,152.95,445.9,5.24,179.0,98580.0
1990-07-17 08:00:00+00:00,34.94,60.4,489.5,505.21,139.25,449.0,4.97,172.0,98540.0
1990-07-17 09:00:00+00:00,34.31,64.3,293.55,329.32,122.95,450.55,4.69,164.0,98530.0
1990-07-17 10:00:00+00:00,33.41,68.3,116.6,125.87,76.25,449.95,4.76,165.0,98540.0
1990-07-17 11:00:00+00:00,32.37,68.15,11.5,3.5,11.1,446.3,4.41,166.0,98580.0
1990-07-17 12:00:00+00:00,31.7,68.05,0.0,0.0,0.0,442.8,4.21,167.0,98630.0
1990-07-17 13:00:00+00:00,31.26,67.95,0.0,0.0,0.0,442.4,4.14,170.0,98690.0
1990-07-17 14:00:00+00:00,30.82,70.1,0.0,0.0,0.0,440.65,4.14,172.0,98740.0
1990-07-17 15:00:00+00:00,30.44,70.0,0.0,0.0,0.0,441.85,4.0,174.0,98740.0
1990-07-17 16:00:00+00:00,30.03,72.25,0.0,0.0,0.0,439.5,3.86,173.0,98730.0
1990-07-17 17:00:00+00:00,29.58,74.55,0.0,0.0,0.0,437.75,3.59,173.0,98710.0
1990-07-17 18:00:00+00:00,29.11,74.55,0.0,0.0,0.0,436.4,3.1,173.0,98690.0
1990-07-17 19:00:00+00:00,28.83,77.0,0.0,0.0,0.0,436.2,2.48,173.0,98700.0
1990-07-17 20:00:00+00:00,28.5,79.5,0.0,0.0,0.0,440.65,2.21,175.0,98740.0
1990-07-17 21:00:00+00:00,28.03,82.05,0.0,0.0,0.0,436.2,1.79,180.0,98760.0
1990-07-17 22:00:00+00:00,27.58,87.45,75.55,338.65,54.15,436.6,1.31,182.0,98810.0
1990-07-17 23:00:00+00:00,28.4,84.75,234.2,440.19,115.6,434.65,0.83,174.0,98840.0
1990-07-18 00:00:00+00:00,29.83,82.2,437.3,639.41,137.45,435.45,0.69,169.0,98890.0
1990-07-18 01:00:00+00:00,31.23,77.3,627.85,742.29,144.5,443.3,0.48,162.0,98920.0
1990-07-18 02:00:00+00:00,32.57,75.0,742.4,717.53,166.95,449.0,0.34,154.0,98930.0
1990-07-18 03:00:00+00:00,33.64,72.8,867.1,768.5,166.9,453.05,0.14,90.0,98940.0
1990-07-18 04:00:00+00:00,34.65,68.5,868.65,687.74,200.75,459.25,0.62,31.0,98920.0
1990-07-18 05:00:00+00:00,35.32,66.55,854.4,679.52,189.85,466.8,1.1,40.0,98890.0
1990-07-18 06:00:00+00:00,35.83,64.6,660.65,456.34,235.75,468.75,1.59,53.0,98830.0
1990-07-18 07:00:00+00:00,35.96,62.55,502.35,398.37,170.2,477.8,2.0,67.0,98830.0
1990-07-18 08:00:00+00:00,35.84,62.55,351.7,294.98,147.4,476.65,1.72,72.0,98800.0
1990-07-18 09:00:00+00:00,35.59,64.5,278.2,322.8,111.25,479.95,1.59,70.0,98770.0
1990-07-18 10:00:00+00:00,35.24,66.55,91.65,120.49,53.15,473.0,1.66,68.0,98780.0
1990-07-18 11:00:00+00:00,33.96,72.9,8.8,13.71,7.25,472.2,1.72,68.0,98850.0
1990-07-18 12:00:00+00:00,32.56,79.9,0.0,0.0,0.0,466.2,1.38,74.0,98890.0
1990-07-18 13:00:00+00:00,31.08,84.95,0.0,0.0,0.0,453.45,1.59,35.0,99010.0
1990-07-18 14:00:00+00:00,29.98,90.45,0.0,0.0,0.0,454.6,1.93,24.0,99050.0
1990-07-18 15:00:00+00:00,29.36,90.4,0.0,0.0,0.0,446.3,1.31,2.0,99050.0
1990-07-18 16:00:00+00:00,28.87,90.4,0.0,0.0,0.0,446.85,1.31,336.0,99060.0
1990-07-18 17:00:00+00:00,28.45,93.3,0.0,0.0,0.0,447.25,1.59,333.0,99050.0
1990-07-18 18:00:00+00:00,28.04,93.25,0.0,0.0,0.0,446.3,2.14,345.0,99040.0
1990-07-18 19:00:00+00:00,27.72,93.25,0.0,0.0,0.0,437.75,2.34,11.0,99020.0
1990-07-18 20:00:00+00:00,27.59,96.3,0.0,0.0,0.0,443.75,2.28,13.0,99040.0
1990-07-18 21:00:00+00:00,27.33,93.25,0.0,0.0,0.0,440.85,2.0,17.0,99050.0
1990-07-18 22:00:00+00:00,27.14,93.25,62.05,368.84,39.45,438.15,1.79,20.0,99140.0
1990-07-18 23:00:00+00:00,27.45,93.25,176.2,334.27,86.7,436.2,1.52,34.0,99180.0
1990-07-19 00:00:00+00:00,28.4,87.55,337.65,391.77,154.5,439.5,1.66,68.0,99200.0
1990-07-19 01:00:00+00:00,29.78,84.85,469.0,405.79,205.25,445.6,1.59,97.0,99220.0
1990-07-19 02:00:00+00:00,31.1,79.7,559.45,427.84,216.75,448.2,1.38,112.0,99200.0
1990-07-19 03:00:00+00:00,32.36,72.65,740.65,601.15,193.4,451.7,1.86,132.0,99190.0
1990-07-19 04:00:00+00:00,33.37,68.3,839.05,641.68,216.3,452.45,2.48,144.0,99120.0
1990-07-19 05:00:00+00:00,34.24,64.3,812.15,660.28,166.8,452.85,3.03,150.0,99060.0
1990-07-19 06:00:00+00:00,34.75,60.4,729.5,591.91,178.7,452.65,3.03,153.0,99000.0
1990-07-19 07:00:00+00:00,34.8,62.35,534.35,434.37,172.45,453.65,3.03,147.0,98950.0
1990-07-19 08:00:00+00:00,34.8,60.4,454.4,409.83,170.85,458.1,2.69,142.0,98920.0
1990-07-19 09:00:00+00:00,34.75,60.4,268.15,282.69,122.2,456.75,2.62,137.0,98870.0
1990-07-19 10:00:00+00:00,34.05,66.25,95.25,118.09,57.65,458.85,2.62,137.0,98880.0
1990-07-19 11:00:00+00:00,32.71,70.45,8.95,8.51,8.0,450.35,2.69,139.0,98910.0
1990-07-19 12:00:00+00:00,31.8,72.6,0.0,0.0,0.0,452.65,2.55,141.0,98970.0
1990-07-19 13:00:00+00:00,31.11,77.2,0.0,0.0,0.0,449.0,2.34,141.0,99040.0
1990-07-19 14:00:00+00:00,30.47,79.65,0.0,0.0,0.0,444.9,2.21,141.0,99110.0
1990-07-19 15:00:00+00:00,29.97,82.2,0.0,0.0,0.0,444.55,2.07,144.0,99090.0
1990-07-19 16:00:00+00:00,29.6,84.8,0.0,0.0,0.0,445.5,2.0,150.0,99070.0
1990-07-19 17:00:00+00:00,29.29,84.8,0.0,0.0,0.0,442.6,2.28,157.0,99010.0
1990-07-19 18:00:00+00:00,29.18,84.8,0.0,0.0,0.0,438.55,2.83,162.0,98960.0
1990-07-19 19:00:00+00:00,29.41,79.55,0.0,0.0,0.0,434.65,3.72,169.0,98960.0
1990-07-19 20:00:00+00:00,29.44,77.0,0.0,0.0,0.0,431.55,3.86,172.0,98980.0
1990-07-19 21:00:00+00:00,29.16,72.15,0.0,0.0,0.0,427.7,3.86,169.0,98980.0
1990-07-19 22:00:00+00:00,28.79,69.85,78.95,360.72,57.55,425.95,4.21,166.0,99030.0
1990-07-19 23:00:00+00:00,28.69,72.15,237.55,443.54,119.55,421.9,4.76,168.0,99070.0
1990-07-20 00:00:00+00:00,29.31,74.55,425.6,571.1,159.45,421.7,4.62,168.0,99080.0
1990-07-20 01:00:00+00:00,30.22,70.0,599.55,612.26,202.35,424.3,5.52,172.0,99100.0
1990-07-20 02:00:00+00:00,31.09,67.85,746.55,654.36,223.05,429.05,5.72,175.0,99110.0
1990-07-20 03:00:00+00:00,31.89,63.8,837.9,654.46,242.65,433.7,5.79,176.0,99100.0
1990-07-20 04:00:00+00:00,32.53,63.9,872.55,619.44,271.8,438.15,5.86,174.0,99070.0
1990-07-20 05:00:00+00:00,32.97,61.95,827.75,585.03,256.3,443.55,6.0,173.0,99050.0
1990-07-20 06:00:00+00:00,33.18,60.1,776.65,623.42,196.9,445.9,6.14,174.0,99010.0
1990-07-20 07:00:00+00:00,33.33,58.15,640.15,578.26,158.75,446.85,6.28,175.0,99030.0
1990-07-20 08:00:00+00:00,33.28,58.15,481.5,513.4,126.7,445.5,6.14,175.0,98980.0
1990-07-20 09:00:00+00:00,33.08,61.95,281.6,348.81,101.85,443.95,5.1,171.0,98940.0
1990-07-20 10:00:00+00:00,32.48,63.9,122.6,205.7,57.35,442.8,4.76,169.0,98870.0
1990-07-20 11:00:00+00:00,31.72,63.8,10.9,23.13,8.35,440.3,4.55,170.0,98900.0
1990-07-20 12:00:00+00:00,31.22,63.7,0.0,0.0,0.0,437.0,4.41,170.0,98950.0
1990-07-20 13:00:00+00:00,30.85,63.6,0.0,0.0,0.0,435.45,4.34,171.0,99020.0
1990-07-20 14:00:00+00:00,30.5,65.6,0.0,0.0,0.0,433.5,4.34,173.0,99090.0
1990-07-20 15:00:00+00:00,30.1,63.4,0.0,0.0,0.0,431.4,4.34,176.0,99070.0
1990-07-20 16:00:00+00:00,29.71,61.35,0.0,0.0,0.0,430.0,4.28,177.0,99070.0
1990-07-20 17:00:00+00:00,29.39,63.3,0.0,0.0,0.0,432.75,4.07,180.0,99060.0
1990-07-20 18:00:00+00:00,28.99,61.25,0.0,0.0,0.0,431.35,3.59,183.0,99040.0
1990-07-20 19:00:00+00:00,28.85,63.3,0.0,0.0,0.0,427.9,3.03,184.0,99000.0
1990-07-20 20:00:00+00:00,28.36,67.5,0.0,0.0,0.0,427.5,2.55,183.0,98990.0
1990-07-20 21:00:00+00:00,27.87,69.65,0.0,0.0,0.0,426.35,2.28,185.0,99020.0
1990-07-20 22:00:00+00:00,27.5,74.3,80.0,590.21,46.15,426.55,2.14,188.0,99060.0
1990-07-20 23:00:00+00:00,27.89,76.85,238.05,540.83,95.1,428.45,1.86,183.0,99070.0
1990-07-21 00:00:00+00:00,29.35,74.55,431.85,637.61,135.65,428.65,1.86,183.0,99100.0
1990-07-21 01:00:00+00:00,30.83,70.1,596.9,667.78,164.5,434.4,1.72,189.0,99130.0
1990-07-21 02:00:00+00:00,32.13,68.05,710.4,649.37,191.55,442.0,1.45,193.0,99110.0
1990-07-21 03:00:00+00:00,33.23,64.1,835.65,696.27,202.95,449.55,1.17,190.0,99080.0
1990-07-21 04:00:00+00:00,34.3,62.25,853.65,658.89,215.1,454.0,1.31,177.0,99030.0
1990-07-21 05:00:00+00:00,35.05,60.4,780.95,610.72,184.8,460.6,2.0,171.0,98950.0
1990-07-21 06:00:00+00:00,35.4,58.6,617.45,444.69,204.2,465.45,2.48,170.0,98900.0
1990-07-21 07:00:00+00:00,35.25,58.6,427.85,287.52,188.7,474.15,3.17,168.0,98890.0
1990-07-21 08:00:00+00:00,34.75,60.4,419.35,366.33,166.5,466.0,3.24,176.0,98840.0
1990-07-21 09:00:00+00:00,34.71,60.4,222.6,162.07,139.25,461.0,3.03,178.0,98770.0
1990-07-21 10:00:00+00:00,33.88,66.25,80.25,49.53,64.6,459.45,2.41,165.0,98760.0
1990-07-21 11:00:00+00:00,32.78,70.45,7.15,1.38,7.0,459.65,1.93,134.0,98780.0
1990-07-21 12:00:00+00:00,31.61,74.85,0.0,0.0,0.0,455.75,2.07,108.0,98790.0
1990-07-21 13:00:00+00:00,30.7,74.8,0.0,0.0,0.0,448.2,1.93,113.0,98780.0
1990-07-21 14:00:00+00:00,29.89,82.2,0.0,0.0,0.0,447.45,1.17,94.0,98870.0
1990-07-21 15:00:00+00:00,29.23,84.8,0.0,0.0,0.0,440.45,1.17,34.0,99000.0
1990-07-21 16:00:00+00:00,28.44,87.55,0.0,0.0,0.0,440.65,1.17,56.0,98920.0
1990-07-21 17:00:00+00:00,28.58,84.75,0.0,0.0,0.0,441.25,0.48,354.0,98870.0
1990-07-21 18:00:00+00:00,27.92,87.5,0.0,0.0,0.0,444.55,0.97,305.0,98800.0
1990-07-21 19:00:00+00:00,27.17,90.3,0.0,0.0,0.0,443.0,2.83,330.0,98800.0
1990-07-21 20:00:00+00:00,26.81,93.2,0.0,0.0,0.0,440.85,2.69,322.0,98800.0
1990-07-21 21:00:00+00:00,26.69,93.2,0.0,0.0,0.0,440.85,2.48,316.0,98810.0
1990-07-21 22:00:00+00:00,26.71,90.25,29.0,9.94,28.45,444.55,2.21,314.0,98830.0
1990-07-21 23:00:00+00:00,26.86,90.25,129.9,57.32,114.85,438.75,2.0,315.0,98830.0
1990-07-22 00:00:00+00:00,27.66,84.7,239.0,120.29,183.3,443.2,2.28,326.0,98820.0
1990-07-22 01:00:00+00:00,28.72,82.15,227.5,91.45,168.4,448.3,1.72,308.0,98800.0
1990-07-22 02:00:00+00:00,29.4,82.15,280.8,101.51,199.8,458.65,1.24,289.0,98810.0
1990-07-22 03:00:00+00:00,30.27,77.15,414.75,111.31,313.7,461.75,0.76,275.0,98810.0
1990-07-22 04:00:00+00:00,31.2,72.5,456.15,100.99,358.35,464.1,0.55,226.0,98790.0
1990-07-22 05:00:00+00:00,32.03,70.3,470.15,220.71,254.85,467.35,0.83,177.0,98720.0
1990-07-22 06:00:00+00:00,32.61,68.15,464.95,232.12,249.4,467.0,1.31,178.0,98650.0
1990-07-22 07:00:00+00:00,32.53,68.15,448.35,254.39,236.95,462.15,1.03,207.0,98650.0
1990-07-22 08:00:00+00:00,32.48,70.35,257.8,109.68,182.2,462.15,1.24,204.0,98580.0
1990-07-22 09:00:00+00:00,31.21,74.85,109.8,6.72,106.35,457.9,0.48,20.0,98600.0
1990-07-22 10:00:00+00:00,30.24,82.25,44.65,7.79,42.2,456.35,2.0,51.0,98610.0
1990-07-22 11:00:00+00:00,29.05,84.8,5.25,0.47,5.2,444.75,2.69,55.0,98650.0
1990-07-22 12:00:00+00:00,27.67,90.35,0.0,0.0,0.0,445.3,2.41,35.0,98720.0
1990-07-22 13:00:00+00:00,26.82,93.2,0.0,0.0,0.0,435.45,2.0,5.0,98820.0
1990-07-22 14:00:00+00:00,26.65,90.25,0.0,0.0,0.0,435.65,2.14,1.0,98880.0
1990-07-22 15:00:00+00:00,26.48,90.25,0.0,0.0,0.0,438.35,2.07,4.0,98870.0
1990-07-22 16:00:00+00:00,26.33,90.25,0.0,0.0,0.0,440.85,2.0,359.0,98870.0
1990-07-22 17:00:00+00:00,26.07,90.2,0.0,0.0,0.0,438.9,1.93,354.0,98800.0
1990-07-22 18:00:00+00:00,25.59,90.2,0.0,0.0,0.0,437.0,1.59,350.0,98760.0
1990-07-22 19:00:00+00:00,25.04,93.15,0.0,0.0,0.0,434.3,1.52,1.0,98760.0
1990-07-22 20:00:00+00:00,24.84,93.15,0.0,0.0,0.0,430.6,1.31,358.0,98750.0
1990-07-22 21:00:00+00:00,24.66,90.15,0.0,0.0,0.0,424.8,1.45,3.0,98750.0
1990-07-22 22:00:00+00:00,24.67,90.15,32.1,54.38,29.2,425.95,1.38,350.0,98800.0
1990-07-22 23:00:00+00:00,24.72,93.15,100.2,60.58,84.4,429.25,0.9,3.0,98800.0
1990-07-23 00:00:00+00:00,25.22,87.3,172.45,139.21,108.2,425.2,0.76,11.0,98820.0
1990-07-23 01:00:00+00:00,25.65,87.3,175.95,50.77,143.2,428.2,0.9,325.0,98870.0
1990-07-23 02:00:00+00:00,25.87,87.3,142.85,35.76,114.35,432.9,1.24,328.0,98890.0
1990-07-23 03:00:00+00:00,25.89,90.2,127.65,55.79,77.05,431.95,0.83,334.0,98890.0
1990-07-23 04:00:00+00:00,26.07,90.2,331.3,158.89,177.55,433.9,0.69,36.0,98860.0
1990-07-23 05:00:00+00:00,27.26,84.65,442.0,173.68,272.7,436.4,0.62,70.0,98830.0
1990-07-23 06:00:00+00:00,28.25,79.5,643.9,455.55,221.2,434.45,0.55,97.0,98780.0
1990-07-23 07:00:00+00:00,29.42,77.0,426.15,290.78,184.75,436.6,0.28,162.0,98780.0
1990-07-23 08:00:00+00:00,29.51,77.0,365.35,254.24,190.35,436.0,0.28,134.0,98720.0
1990-07-23 09:00:00+00:00,29.73,74.65,239.8,225.69,124.25,437.75,0.55,174.0,98680.0
1990-07-23 10:00:00+00:00,29.6,77.0,86.85,60.67,67.85,432.75,1.24,186.0,98680.0
1990-07-23 11:00:00+00:00,28.85,79.55,8.55,5.22,8.0,426.75,1.24,184.0,98720.0
1990-07-23 12:00:00+00:00,27.98,84.7,0.0,0.0,0.0,424.4,1.24,174.0,98760.0
1990-07-23 13:00:00+00:00,27.14,87.45,0.0,0.0,0.0,419.2,1.45,164.0,98800.0
1990-07-23 14:00:00+00:00,26.31,93.2,0.0,0.0,0.0,414.35,1.17,160.0,98840.0
1990-07-23 15:00:00+00:00,26.12,93.2,0.0,0.0,0.0,411.85,0.83,157.0,98830.0
1990-07-23 16:00:00+00:00,26.15,93.2,0.0,0.0,0.0,411.25,0.76,165.0,98820.0
1990-07-23 17:00:00+00:00,25.87,93.2,0.0,0.0,0.0,405.45,0.76,190.0,98790.0
1990-07-23 18:00:00+00:00,25.81,96.25,0.0,0.0,0.0,403.1,0.69,200.0,98750.0
1990-07-23 19:00:00+00:00,24.17,96.2,0.0,0.0,0.0,396.35,1.1,177.0,98780.0
1990-07-23 20:00:00+00:00,24.85,96.2,0.0,0.0,0.0,393.85,0.76,156.0,98780.0
1990-07-23 21:00:00+00:00,24.73,96.2,0.0,0.0,0.0,391.1,0.69,136.0,98780.0
1990-07-23 22:00:00+00:00,24.28,99.4,72.3,420.17,50.75,393.85,0.76,136.0,98810.0
1990-07-23 23:00:00+00:00,24.65,96.2,213.3,345.9,123.7,406.6,0.41,142.0,98850.0
1990-07-24 00:00:00+00:00,26.67,90.25,440.65,653.67,139.95,418.2,0.55,149.0,98890.0
1990-07-24 01:00:00+00:00,28.43,82.1,652.05,798.53,138.0,399.35,0.9,158.0,98930.0
1990-07-24 02:00:00+00:00,29.8,77.1,793.9,795.7,160.6,400.4,0.83,147.0,98940.0
1990-07-24 03:00:00+00:00,30.89,70.1,884.1,778.99,178.25,408.9,0.69,109.0,98950.0
1990-07-24 04:00:00+00:00,31.84,65.9,863.8,666.69,219.2,415.5,0.9,73.0,98930.0
1990-07-24 05:00:00+00:00,32.53,63.9,893.7,728.88,183.75,430.6,0.97,71.0,98870.0
1990-07-24 06:00:00+00:00,33.04,60.0,789.85,622.74,212.5,427.7,0.83,89.0,98800.0
1990-07-24 07:00:00+00:00,32.76,58.05,682.4,645.54,147.05,428.45,1.17,88.0,98830.0
1990-07-24 08:00:00+00:00,32.71,58.05,495.9,533.55,129.2,416.85,1.59,102.0,98790.0
1990-07-24 09:00:00+00:00,32.39,57.95,293.65,370.56,104.4,419.75,1.86,108.0,98800.0
1990-07-24 10:00:00+00:00,31.63,65.8,121.0,188.2,62.35,414.15,1.66,113.0,98810.0
1990-07-24 11:00:00+00:00,30.4,70.0,9.95,18.82,8.0,409.5,1.72,117.0,98840.0
1990-07-24 12:00:00+00:00,28.93,74.55,0.0,0.0,0.0,402.75,2.0,116.0,98900.0
1990-07-24 13:00:00+00:00,27.64,76.85,0.0,0.0,0.0,394.8,2.14,120.0,98960.0
1990-07-24 14:00:00+00:00,26.72,79.3,0.0,0.0,0.0,391.1,2.21,133.0,99000.0
1990-07-24 15:00:00+00:00,26.01,84.5,0.0,0.0,0.0,388.8,2.21,142.0,99010.0
1990-07-24 16:00:00+00:00,25.25,84.45,0.0,0.0,0.0,385.3,1.93,137.0,99010.0
1990-07-24 17:00:00+00:00,24.54,90.1,0.0,0.0,0.0,383.95,1.79,123.0,98990.0
1990-07-24 18:00:00+00:00,24.16,90.1,0.0,0.0,0.0,386.85,1.86,102.0,98970.0
1990-07-24 19:00:00+00:00,24.28,90.1,0.0,0.0,0.0,392.3,2.21,89.0,99030.0
1990-07-24 20:00:00+00:00,24.26,87.2,0.0,0.0,0.0,395.2,2.28,79.0,99070.0
1990-07-24 21:00:00+00:00,24.12,87.2,0.0,0.0,0.0,397.1,2.07,68.0,99080.0
1990-07-24 22:00:00+00:00,24.01,90.1,68.2,360.6,50.45,401.75,1.72,57.0,99160.0
1990-07-24 23:00:00+00:00,24.74,87.25,207.55,322.46,124.6,401.95,1.38,46.0,99200.0
1990-07-25 00:00:00+00:00,25.96,81.8,366.3,454.0,158.15,404.85,1.66,50.0,99240.0
1990-07-25 01:00:00+00:00,27.04,79.3,530.95,560.5,170.85,414.85,1.86,48.0,99280.0
1990-07-25 02:00:00+00:00,28.09,74.4,665.05,608.37,181.5,410.85,1.86,47.0,99280.0
1990-07-25 03:00:00+00:00,29.25,69.85,665.05,475.2,234.9,416.3,2.0,52.0,99270.0
1990-07-25 04:00:00+00:00,30.04,65.5,676.9,315.61,372.0,432.15,2.28,47.0,99270.0
1990-07-25 05:00:00+00:00,30.66,61.55,717.8,417.16,311.8,441.85,2.48,52.0,99230.0
1990-07-25 06:00:00+00:00,31.11,61.55,516.55,257.1,278.4,435.85,2.62,60.0,99180.0
1990-07-25 07:00:00+00:00,30.59,61.45,494.95,352.56,202.9,440.3,2.76,54.0,99210.0
1990-07-25 08:00:00+00:00,30.66,57.6,327.65,200.97,189.75,430.2,2.69,60.0,99170.0
1990-07-25 09:00:00+00:00,30.36,61.45,254.45,276.9,113.4,432.75,2.41,53.0,99160.0
1990-07-25 10:00:00+00:00,29.79,65.5,101.25,145.3,56.2,417.25,2.28,43.0,99150.0
1990-07-25 11:00:00+00:00,28.69,67.6,7.45,14.74,5.95,417.25,2.48,36.0,99180.0
1990-07-25 12:00:00+00:00,27.73,69.65,0.0,0.0,0.0,418.2,2.69,37.0,99240.0
1990-07-25 13:00:00+00:00,27.08,74.25,0.0,0.0,0.0,413.0,2.69,43.0,99310.0
1990-07-25 14:00:00+00:00,26.56,76.65,0.0,0.0,0.0,408.15,2.34,42.0,99370.0
1990-07-25 15:00:00+00:00,26.11,76.65,0.0,0.0,0.0,410.3,2.07,31.0,99430.0
1990-07-25 16:00:00+00:00,25.48,79.1,0.0,0.0,0.0,403.7,1.93,20.0,99450.0
1990-07-25 17:00:00+00:00,25.04,81.7,0.0,0.0,0.0,404.85,1.93,19.0,99430.0
1990-07-25 18:00:00+00:00,24.84,81.7,0.0,0.0,0.0,412.0,1.93,20.0,99410.0
1990-07-25 19:00:00+00:00,24.09,84.35,0.0,0.0,0.0,398.3,1.59,11.0,99440.0
1990-07-25 20:00:00+00:00,23.91,87.15,0.0,0.0,0.0,405.45,1.66,11.0,99450.0
1990-07-25 21:00:00+00:00,23.85,87.15,0.0,0.0,0.0,410.65,1.72,12.0,99430.0
1990-07-25 22:00:00+00:00,23.68,87.15,41.35,93.34,36.95,407.55,1.86,10.0,99440.0
1990-07-25 23:00:00+00:00,23.99,87.15,125.2,44.44,113.85,407.4,1.93,12.0,99450.0
1990-07-26 00:00:00+00:00,24.58,81.7,285.3,138.09,222.2,405.65,2.48,21.0,99450.0
1990-07-26 01:00:00+00:00,25.54,79.1,453.85,316.38,251.0,409.8,2.76,29.0,99450.0
1990-07-26 02:00:00+00:00,26.69,74.25,548.8,311.24,301.75,413.95,2.83,38.0,99450.0
1990-07-26 03:00:00+00:00,27.78,67.4,514.3,172.68,358.15,418.8,2.83,50.0,99440.0
1990-07-26 04:00:00+00:00,28.33,65.3,470.95,99.92,374.5,428.1,2.34,48.0,99390.0
1990-07-26 05:00:00+00:00,28.52,65.3,375.0,64.63,312.15,430.2,2.21,43.0,99340.0
1990-07-26 06:00:00+00:00,28.74,61.25,210.85,4.16,207.0,435.05,2.34,43.0,99290.0
1990-07-26 07:00:00+00:00,28.2,63.2,225.7,28.1,202.45,432.15,1.86,32.0,99290.0
1990-07-26 08:00:00+00:00,27.99,67.4,98.05,1.82,96.8,427.1,1.72,16.0,99250.0
1990-07-26 09:00:00+00:00,27.34,71.9,45.1,1.57,44.3,426.15,1.59,358.0,99250.0
1990-07-26 10:00:00+00:00,26.79,74.25,29.65,1.46,29.2,427.3,1.66,348.0,99230.0
1990-07-26 11:00:00+00:00,26.27,76.65,2.6,0.0,2.6,422.45,2.0,349.0,99240.0
1990-07-26 12:00:00+00:00,25.78,79.15,0.0,0.0,0.0,422.65,2.07,347.0,99260.0
1990-07-26 13:00:00+00:00,25.4,79.1,0.0,0.0,0.0,422.3,1.86,346.0,99300.0
1990-07-26 14:00:00+00:00,25.07,84.4,0.0,0.0,0.0,421.9,1.72,343.0,99330.0
1990-07-26 15:00:00+00:00,24.73,84.4,0.0,0.0,0.0,421.1,1.59,332.0,99340.0
1990-07-26 16:00:00+00:00,24.39,87.2,0.0,0.0,0.0,419.0,1.45,327.0,99310.0
1990-07-26 17:00:00+00:00,24.06,90.1,0.0,0.0,0.0,418.4,1.52,326.0,99250.0
1990-07-26 18:00:00+00:00,23.93,90.1,0.0,0.0,0.0,416.85,1.66,328.0,99240.0
1990-07-26 19:00:00+00:00,23.41,93.05,0.0,0.0,0.0,414.55,1.31,330.0,99250.0
1990-07-26 20:00:00+00:00,23.26,93.05,0.0,0.0,0.0,413.75,1.17,324.0,99220.0
1990-07-26 21:00:00+00:00,23.22,93.05,0.0,0.0,0.0,412.4,1.59,324.0,99190.0
1990-07-26 22:00:00+00:00,23.26,90.05,14.05,35.53,12.45,411.25,1.86,326.0,99210.0
1990-07-26 23:00:00+00:00,23.3,90.05,44.85,0.0,44.85,409.7,1.93,334.0,99230.0
1990-07-27 00:00:00+00:00,23.62,90.1,139.2,29.98,125.55,411.65,1.86,342.0,99240.0
1990-07-27 01:00:00+00:00,24.54,87.2,319.85,143.31,228.15,412.9,1.93,348.0,99230.0
1990-07-27 02:00:00+00:00,25.96,76.6,393.8,130.45,290.4,411.05,2.21,355.0,99230.0
1990-07-27 03:00:00+00:00,26.9,71.85,485.1,123.43,373.6,410.45,2.14,357.0,99210.0
1990-07-27 04:00:00+00:00,27.79,65.2,336.85,27.53,310.3,415.7,2.0,0.0,99190.0
1990-07-27 05:00:00+00:00,27.96,63.1,343.2,28.61,315.4,419.4,1.52,359.0,99160.0
1990-07-27 06:00:00+00:00,28.21,61.1,472.8,85.13,394.1,419.55,0.97,14.0,99100.0
1990-07-27 07:00:00+00:00,27.81,61.0,443.9,161.98,310.05,418.8,0.48,329.0,99110.0
1990-07-27 08:00:00+00:00,28.02,61.0,319.55,180.04,196.45,409.5,0.34,28.0,99070.0
1990-07-27 09:00:00+00:00,27.96,61.0,204.45,137.71,134.7,412.0,0.55,85.0,99030.0
1990-07-27 10:00:00+00:00,27.68,61.0,91.25,92.95,62.75,410.3,0.83,102.0,99020.0
1990-07-27 11:00:00+00:00,26.84,71.85,6.95,5.63,6.4,406.8,0.76,113.0,99000.0
1990-07-27 12:00:00+00:00,25.71,76.6,0.0,0.0,0.0,393.25,0.76,156.0,99030.0
1990-07-27 13:00:00+00:00,24.39,84.35,0.0,0.0,0.0,389.55,1.1,182.0,99100.0
1990-07-27 14:00:00+00:00,23.62,84.35,0.0,0.0,0.0,393.05,1.24,194.0,99160.0
1990-07-27 15:00:00+00:00,22.88,90.05,0.0,0.0,0.0,381.25,1.24,195.0,99180.0
1990-07-27 16:00:00+00:00,22.68,90.05,0.0,0.0,0.0,377.4,1.03,202.0,99150.0
1990-07-27 17:00:00+00:00,23.19,87.1,0.0,0.0,0.0,376.6,0.76,208.0,99120.0
1990-07-27 18:00:00+00:00,23.01,90.05,0.0,0.0,0.0,377.0,0.48,202.0,99090.0
1990-07-27 19:00:00+00:00,21.06,93.0,0.0,0.0,0.0,377.55,1.38,296.0,99100.0
1990-07-27 20:00:00+00:00,20.97,96.15,0.0,0.0,0.0,373.7,1.31,323.0,99120.0
1990-07-27 21:00:00+00:00,20.68,96.15,0.0,0.0,0.0,372.15,1.38,338.0,99100.0
1990-07-27 22:00:00+00:00,20.58,96.15,76.55,820.25,41.35,371.75,1.31,343.0,99110.0
1990-07-27 23:00:00+00:00,21.91,96.15,248.05,620.61,91.8,371.2,0.97,344.0,99150.0
1990-07-28 00:00:00+00:00,24.74,81.7,447.35,711.76,124.35,375.05,1.17,353.0,99160.0
1990-07-28 01:00:00+00:00,26.29,74.15,635.0,764.79,146.65,380.95,1.31,8.0,99210.0
1990-07-28 02:00:00+00:00,27.52,67.3,781.75,766.42,175.1,387.05,1.45,32.0,99220.0
1990-07-28 03:00:00+00:00,28.43,61.1,791.2,651.4,203.4,397.9,1.45,62.0,99210.0
1990-07-28 04:00:00+00:00,29.04,59.2,787.15,528.92,277.55,396.95,1.38,83.0,99180.0
1990-07-28 05:00:00+00:00,29.6,57.3,844.25,649.18,214.1,413.55,1.38,97.0,99130.0
1990-07-28 06:00:00+00:00,30.17,53.8,680.05,508.48,210.45,405.85,1.52,112.0,99090.0
1990-07-28 07:00:00+00:00,30.02,57.4,498.5,416.19,155.05,416.3,1.79,116.0,99070.0
1990-07-28 08:00:00+00:00,29.84,57.4,428.3,434.76,131.6,416.3,2.0,129.0,99050.0
1990-07-28 09:00:00+00:00,29.73,57.4,290.0,369.46,103.45,409.3,2.07,139.0,99040.0
1990-07-28 10:00:00+00:00,29.28,61.25,108.65,179.47,53.95,407.2,1.72,146.0,99020.0
1990-07-28 11:00:00+00:00,28.24,65.3,7.9,15.68,6.4,407.0,1.52,150.0,99050.0
1990-07-28 12:00:00+00:00,26.84,71.85,0.0,0.0,0.0,397.9,1.79,147.0,99090.0
1990-07-28 13:00:00+00:00,25.79,76.6,0.0,0.0,0.0,397.1,1.86,139.0,99150.0
1990-07-28 14:00:00+00:00,24.83,81.7,0.0,0.0,0.0,387.85,1.93,135.0,99210.0
1990-07-28 15:00:00+00:00,24.17,84.35,0.0,0.0,0.0,389.4,1.93,135.0,99240.0
1990-07-28 16:00:00+00:00,23.68,84.35,0.0,0.0,0.0,384.95,2.07,137.0,99230.0
1990-07-28 17:00:00+00:00,23.36,87.1,0.0,0.0,0.0,383.95,2.14,140.0,99230.0
1990-07-28 18:00:00+00:00,23.17,87.1,0.0,0.0,0.0,387.25,2.14,139.0,99190.0
1990-07-28 19:00:00+00:00,22.92,90.05,0.0,0.0,0.0,380.1,2.21,142.0,99240.0
1990-07-28 20:00:00+00:00,22.64,90.05,0.0,0.0,0.0,377.0,2.21,137.0,99230.0
1990-07-28 21:00:00+00:00,22.36,93.05,0.0,0.0,0.0,375.25,2.07,133.0,99260.0
1990-07-28 22:00:00+00:00,22.13,93.05,74.9,828.91,41.1,373.3,2.0,132.0,99300.0
1990-07-28 23:00:00+00:00,23.02,93.05,244.75,609.4,92.45,375.85,1.72,133.0,99350.0
1990-07-29 00:00:00+00:00,25.11,81.75,434.9,673.56,130.3,379.3,1.93,139.0,99400.0
1990-07-29 01:00:00+00:00,26.65,74.25,618.85,738.61,148.2,386.4,2.14,145.0,99410.0
1990-07-29 02:00:00+00:00,28.0,67.4,673.45,636.51,170.35,392.45,2.48,147.0,99420.0
1990-07-29 03:00:00+00:00,28.86,63.3,729.9,597.15,191.65,408.55,2.34,140.0,99410.0
1990-07-29 04:00:00+00:00,29.53,63.3,773.45,547.09,246.85,413.0,2.48,136.0,99380.0
1990-07-29 05:00:00+00:00,30.08,61.35,740.95,534.0,223.1,419.2,2.62,133.0,99300.0
1990-07-29 06:00:00+00:00,30.4,59.45,697.9,581.56,161.4,416.3,2.62,133.0,99240.0
1990-07-29 07:00:00+00:00,30.51,59.45,515.4,426.49,163.95,414.35,2.69,141.0,99220.0
1990-07-29 08:00:00+00:00,30.4,59.45,357.15,328.83,133.2,431.95,2.41,142.0,99170.0
1990-07-29 09:00:00+00:00,30.16,59.45,232.25,255.62,103.6,423.25,2.28,146.0,99160.0
1990-07-29 10:00:00+00:00,29.64,63.4,101.2,161.13,52.4,422.65,1.86,145.0,99140.0
1990-07-29 11:00:00+00:00,28.54,69.75,5.8,10.7,4.8,409.3,1.93,147.0,99150.0
1990-07-29 12:00:00+00:00,27.24,71.9,0.0,0.0,0.0,408.55,2.34,151.0,99170.0
1990-07-29 13:00:00+00:00,26.69,74.25,0.0,0.0,0.0,413.95,2.48,156.0,99230.0
1990-07-29 14:00:00+00:00,26.14,76.65,0.0,0.0,0.0,407.95,2.41,162.0,99290.0
1990-07-29 15:00:00+00:00,25.55,81.75,0.0,0.0,0.0,401.75,2.28,166.0,99320.0
1990-07-29 16:00:00+00:00,25.02,84.4,0.0,0.0,0.0,398.3,2.14,162.0,99320.0
1990-07-29 17:00:00+00:00,24.57,90.1,0.0,0.0,0.0,398.45,1.93,154.0,99320.0
1990-07-29 18:00:00+00:00,24.21,90.1,0.0,0.0,0.0,399.65,2.0,148.0,99280.0
1990-07-29 19:00:00+00:00,23.77,93.1,0.0,0.0,0.0,391.1,1.86,143.0,99270.0
1990-07-29 20:00:00+00:00,23.48,96.2,0.0,0.0,0.0,390.55,2.0,131.0,99260.0
1990-07-29 21:00:00+00:00,23.36,96.2,0.0,0.0,0.0,391.5,2.14,127.0,99240.0
1990-07-29 22:00:00+00:00,23.26,96.2,48.3,0.0,48.3,392.3,2.0,125.0,99250.0
1990-07-29 23:00:00+00:00,23.91,93.1,195.5,284.0,125.05,392.85,1.86,125.0,99280.0
1990-07-30 00:00:00+00:00,25.43,87.3,362.05,395.89,183.65,402.55,2.41,132.0,99320.0
1990-07-30 01:00:00+00:00,26.74,79.3,569.65,596.9,190.1,405.95,2.48,138.0,99350.0
1990-07-30 02:00:00+00:00,28.04,72.0,643.45,567.75,195.35,409.9,2.48,134.0,99360.0
1990-07-30 03:00:00+00:00,28.9,67.6,708.65,516.63,243.5,417.85,2.55,127.0,99340.0
1990-07-30 04:00:00+00:00,29.68,65.5,812.0,613.62,221.95,431.95,2.76,119.0,99290.0
1990-07-30 05:00:00+00:00,30.44,61.45,609.25,384.3,236.95,423.05,2.83,117.0,99250.0
1990-07-30 06:00:00+00:00,30.61,61.45,594.65,366.92,256.55,434.3,2.83,119.0,99210.0
1990-07-30 07:00:00+00:00,30.67,59.55,470.45,324.55,203.4,433.1,2.69,131.0,99190.0
1990-07-30 08:00:00+00:00,30.66,59.55,353.65,243.01,188.5,434.1,2.55,131.0,99140.0
1990-07-30 09:00:00+00:00,30.52,61.45,183.4,103.27,131.6,432.9,2.21,130.0,99120.0
1990-07-30 10:00:00+00:00,29.95,67.7,71.85,28.58,63.25,435.25,1.38,111.0,99120.0
1990-07-30 11:00:00+00:00,29.02,69.85,4.55,1.1,4.45,430.6,1.31,88.0,99140.0
1990-07-30 12:00:00+00:00,27.96,74.4,0.0,0.0,0.0,425.4,1.66,84.0,99200.0
1990-07-30 13:00:00+00:00,27.22,76.8,0.0,0.0,0.0,423.25,1.79,98.0,99300.0
1990-07-30 14:00:00+00:00,26.73,79.3,0.0,0.0,0.0,426.9,1.72,118.0,99380.0
1990-07-30 15:00:00+00:00,26.46,81.85,0.0,0.0,0.0,432.55,1.66,135.0,99380.0
1990-07-30 16:00:00+00:00,26.07,84.5,0.0,0.0,0.0,427.7,1.59,140.0,99340.0
1990-07-30 17:00:00+00:00,25.73,84.5,0.0,0.0,0.0,427.1,1.59,142.0,99330.0
1990-07-30 18:00:00+00:00,25.42,87.3,0.0,0.0,0.0,425.35,1.59,131.0,99300.0
1990-07-30 19:00:00+00:00,25.14,93.15,0.0,0.0,0.0,430.8,1.52,99.0,99350.0
1990-07-30 20:00:00+00:00,25.02,96.2,0.0,0.0,0.0,430.8,1.79,92.0,99350.0
1990-07-30 21:00:00+00:00,24.86,96.2,0.0,0.0,0.0,429.05,1.52,98.0,99360.0
1990-07-30 22:00:00+00:00,24.79,96.2,7.05,0.0,7.05,430.2,1.38,82.0,99420.0
1990-07-30 23:00:00+00:00,24.79,96.2,17.8,1.62,17.4,431.2,1.45,76.0,99440.0
1990-07-31 00:00:00+00:00,24.94,96.2,46.7,1.22,46.15,432.9,1.45,67.0,99510.0
1990-07-31 01:00:00+00:00,24.99,96.2,102.35,0.71,101.9,431.5,1.72,57.0,99530.0
1990-07-31 02:00:00+00:00,25.31,93.15,99.0,0.0,99.0,432.35,2.14,48.0,99560.0
1990-07-31 03:00:00+00:00,25.21,93.15,98.15,0.78,97.45,433.9,2.28,43.0,99570.0
1990-07-31 04:00:00+00:00,25.31,93.15,51.15,0.0,51.15,435.05,2.69,43.0,99550.0
1990-07-31 05:00:00+00:00,25.1,90.2,88.6,0.0,88.6,434.65,2.69,39.0,99540.0
1990-07-31 06:00:00+00:00,25.23,90.2,60.95,2.39,58.75,434.45,2.76,38.0,99500.0
1990-07-31 07:00:00+00:00,25.23,90.2,107.95,0.0,107.95,434.45,1.86,57.0,99510.0
1990-07-31 08:00:00+00:00,25.58,90.2,123.95,7.23,119.05,434.45,2.14,54.0,99480.0
1990-07-31 09:00:00+00:00,25.6,84.5,89.6,7.9,85.65,430.2,2.0,47.0,99470.0
1990-07-31 10:00:00+00:00,25.47,84.45,51.6,10.21,48.55,425.75,1.79,60.0,99450.0
1990-07-31 11:00:00+00:00,25.26,81.75,2.65,0.0,2.65,422.1,1.31,78.0,99510.0
1990-07-31 12:00:00+00:00,24.73,87.25,0.0,0.0,0.0,422.65,0.83,50.0,99530.0
1990-07-31 13:00:00+00:00,24.23,87.2,0.0,0.0,0.0,413.75,1.45,356.0,99590.0
1990-07-31 14:00:00+00:00,23.64,87.15,0.0,0.0,0.0,405.65,1.72,4.0,99580.0
1990-07-31 15:00:00+00:00,23.36,90.05,0.0,0.0,0.0,408.15,1.45,13.0,99570.0
1990-07-31 16:00:00+00:00,19.8,99.0,0.0,0.0,0.0,397.9,0.48,12.0,99540.0
1990-07-31 17:00:00+00:00,20.77,99.0,0.0,0.0,0.0,400.04,0.74,360.0,99520.0
1990-07-31 18:00:00+00:00,21.75,97.98,0.0,0.0,0.0,402.18,0.99,353.0,99460.0
1990-07-31 19:00:00+00:00,22.72,93.64,0.0,0.0,0.0,404.31,1.25,357.0,99500.0
1990-07-31 20:00:00+00:00,23.69,89.3,0.0,0.0,0.0,406.45,1.5,360.0,99490.0
1990-07-31 21:00:00+00:00,24.66,84.96,0.0,0.0,0.0,408.59,1.76,353.0,99460.0
1990-07-31 22:00:00+00:00,25.64,80.62,34.7,0.0,34.7,410.73,2.02,346.0,99480.0
1990-07-31 23:00:00+00:00,26.61,76.27,150.6,224.92,95.65,412.87,2.27,348.0,99490.0
1990-08-01 00:00:00+00:00,27.58,71.93,429.1,671.29,128.75,415.0,2.53,4.0,99290.0
1990-08-01 01:00:00+00:00,28.55,67.59,589.1,695.18,148.95,417.14,2.78,10.0,99320.0
1990-08-01 02:00:00+00:00,29.53,63.25,670.45,634.19,171.4,419.28,3.04,10.0,99320.0
1990-08-01 03:00:00+00:00,30.5,58.91,681.25,500.42,231.75,421.42,3.3,17.0,99310.0
1990-08-01 04:00:00+00:00,31.47,54.57,670.15,503.97,186.55,423.55,3.55,24.0,99260.0
1990-08-01 05:00:00+00:00,32.45,50.23,710.85,522.91,205.35,425.69,3.81,30.0,99200.0
1990-08-01 06:00:00+00:00,33.42,45.88,633.15,512.15,162.4,427.83,4.07,36.0,99130.0
1990-08-01 07:00:00+00:00,34.39,41.54,608.35,541.83,163.95,429.97,4.32,44.0,99050.0
1990-08-01 08:00:00+00:00,34.25,43.45,445.45,462.52,132.55,431.95,3.72,49.0,99050.0
1990-08-01 09:00:00+00:00,33.84,44.8,256.85,329.07,93.0,430.6,3.45,52.0,98990.0
1990-08-01 10:00:00+00:00,33.25,47.75,89.4,131.82,50.3,431.0,2.97,56.0,99000.0
1990-08-01 11:00:00+00:00,32.21,54.15,5.85,10.43,4.95,429.65,2.0,63.0,99010.0
1990-08-01 12:00:00+00:00,30.95,59.55,0.0,0.0,0.0,424.6,1.72,77.0,99050.0
1990-08-01 13:00:00+00:00,29.9,61.45,0.0,0.0,0.0,419.0,1.66,88.0,99160.0
1990-08-01 14:00:00+00:00,28.89,69.85,0.0,0.0,0.0,418.8,1.38,90.0,99230.0
1990-08-01 15:00:00+00:00,28.44,72.1,0.0,0.0,0.0,420.75,0.9,81.0,99230.0
1990-08-01 16:00:00+00:00,28.18,74.4,0.0,0.0,0.0,419.95,0.83,48.0,99230.0
1990-08-01 17:00:00+00:00,26.92,81.9,0.0,0.0,0.0,421.5,1.24,29.0,99210.0
1990-08-01 18:00:00+00:00,26.6,81.85,0.0,0.0,0.0,420.75,1.59,24.0,99190.0
1990-08-01 19:00:00+00:00,26.04,84.5,0.0,0.0,0.0,408.35,1.66,24.0,99230.0
1990-08-01 20:00:00+00:00,25.79,84.5,0.0,0.0,0.0,412.0,1.72,22.0,99230.0
1990-08-01 21:00:00+00:00,25.59,87.3,0.0,0.0,0.0,410.85,1.79,14.0,99250.0
1990-08-01 22:00:00+00:00,25.37,87.3,34.85,0.0,34.85,409.5,1.72,7.0,99270.0
1990-08-01 23:00:00+00:00,26.07,87.3,194.25,404.88,96.1,409.1,1.59,4.0,99290.0
1990-08-02 00:00:00+00:00,27.53,79.35,372.1,515.92,142.1,414.15,1.86,14.0,99290.0
1990-08-02 01:00:00+00:00,29.1,69.85,555.35,607.11,171.8,422.8,2.14,14.0,99290.0
1990-08-02 02:00:00+00:00,30.46,63.6,578.15,489.81,193.3,425.75,2.28,15.0,99270.0
1990-08-02 03:00:00+00:00,31.46,59.65,784.15,648.99,201.9,438.15,2.07,20.0,99250.0
1990-08-02 04:00:00+00:00,32.81,54.4,721.8,569.68,175.75,445.9,1.93,27.0,99180.0
1990-08-02 05:00:00+00:00,33.46,51.05,678.2,478.3,216.35,449.35,1.72,36.0,99090.0
1990-08-02 06:00:00+00:00,34.07,49.5,663.55,498.78,205.7,447.85,1.79,51.0,99000.0
1990-08-02 07:00:00+00:00,34.13,47.9,613.15,554.73,158.95,447.25,1.79,63.0,99000.0
1990-08-02 08:00:00+00:00,34.34,46.45,446.1,466.7,131.15,443.95,1.79,75.0,98970.0
1990-08-02 09:00:00+00:00,34.18,47.9,259.95,328.44,97.05,444.35,1.79,82.0,98900.0
1990-08-02 10:00:00+00:00,33.76,46.35,86.05,131.81,47.25,442.2,1.93,89.0,98890.0
1990-08-02 11:00:00+00:00,32.72,52.5,5.4,8.96,4.65,434.85,1.79,112.0,98890.0
1990-08-02 12:00:00+00:00,31.27,57.75,0.0,0.0,0.0,428.65,2.21,137.0,98960.0
1990-08-02 13:00:00+00:00,30.28,61.55,0.0,0.0,0.0,424.6,2.21,149.0,99070.0
1990-08-02 14:00:00+00:00,29.57,65.5,0.0,0.0,0.0,426.55,2.14,152.0,99110.0
1990-08-02 15:00:00+00:00,28.87,67.6,0.0,0.0,0.0,420.9,2.07,156.0,99120.0
1990-08-02 16:00:00+00:00,28.28,72.1,0.0,0.0,0.0,418.0,2.0,157.0,99090.0
1990-08-02 17:00:00+00:00,27.89,74.4,0.0,0.0,0.0,421.5,1.79,158.0,99060.0
1990-08-02 18:00:00+00:00,27.34,76.8,0.0,0.0,0.0,414.35,1.79,159.0,99000.0
1990-08-02 19:00:00+00:00,27.02,79.3,0.0,0.0,0.0,411.45,1.86,157.0,98990.0
1990-08-02 20:00:00+00:00,26.67,79.3,0.0,0.0,0.0,410.3,1.86,148.0,98990.0
1990-08-02 21:00:00+00:00,26.4,81.85,0.0,0.0,0.0,409.5,2.0,142.0,98990.0
1990-08-02 22:00:00+00:00,26.22,81.85,37.15,0.0,37.15,408.15,2.07,141.0,99030.0
1990-08-02 23:00:00+00:00,27.2,79.35,228.5,575.0,90.2,408.15,1.93,142.0,99030.0
1990-08-03 00:00:00+00:00,29.41,69.95,423.05,670.9,125.05,413.2,2.28,147.0,99050.0
1990-08-03 01:00:00+00:00,31.42,61.65,606.9,726.48,148.95,420.85,2.62,154.0,99040.0
1990-08-03 02:00:00+00:00,33.02,54.4,748.4,741.62,166.6,429.65,2.69,156.0,99040.0
1990-08-03 03:00:00+00:00,34.18,49.5,778.5,669.32,178.75,439.1,2.69,153.0,99000.0
1990-08-03 04:00:00+00:00,34.98,46.6,851.95,690.9,190.45,442.2,2.97,152.0,98960.0
1990-08-03 05:00:00+00:00,35.78,42.45,792.25,625.37,189.1,449.0,3.1,153.0,98880.0
1990-08-03 06:00:00+00:00,36.08,42.45,719.9,593.67,175.7,451.1,3.31,154.0,98820.0
1990-08-03 07:00:00+00:00,36.1,42.45,642.7,588.77,161.5,449.35,3.72,158.0,98740.0
1990-08-03 08:00:00+00:00,36.07,42.45,467.75,499.91,131.25,449.95,3.86,158.0,98730.0
1990-08-03 09:00:00+00:00,35.57,45.2,238.85,309.44,86.0,449.55,3.72,157.0,98690.0
1990-08-03 10:00:00+00:00,34.67,48.0,95.3,155.29,49.95,453.05,3.72,158.0,98700.0
1990-08-03 11:00:00+00:00,33.46,52.75,4.85,8.02,4.2,442.2,3.31,159.0,98750.0
1990-08-03 12:00:00+00:00,32.13,59.75,0.0,0.0,0.0,438.35,3.31,160.0,98810.0
1990-08-03 13:00:00+00:00,31.23,63.7,0.0,0.0,0.0,433.5,3.24,163.0,98910.0
1990-08-03 14:00:00+00:00,30.46,65.7,0.0,0.0,0.0,427.5,3.03,164.0,98970.0
1990-08-03 15:00:00+00:00,29.82,70.0,0.0,0.0,0.0,425.35,2.76,165.0,98970.0
1990-08-03 16:00:00+00:00,29.25,72.25,0.0,0.0,0.0,422.1,2.62,160.0,98970.0
1990-08-03 17:00:00+00:00,28.75,74.55,0.0,0.0,0.0,419.75,2.62,155.0,98950.0
1990-08-03 18:00:00+00:00,28.37,76.95,0.0,0.0,0.0,418.6,2.69,152.0,98920.0
1990-08-03 19:00:00+00:00,28.36,74.5,0.0,0.0,0.0,417.85,2.48,148.0,98900.0
1990-08-03 20:00:00+00:00,28.1,76.85,0.0,0.0,0.0,416.85,2.55,149.0,98920.0
1990-08-03 21:00:00+00:00,27.84,76.85,0.0,0.0,0.0,416.1,2.62,148.0,98910.0
1990-08-03 22:00:00+00:00,27.63,79.35,36.45,0.0,36.45,414.75,2.62,146.0,98960.0
1990-08-03 23:00:00+00:00,28.4,76.95,217.75,540.62,88.75,414.15,2.41,145.0,98980.0
1990-08-04 00:00:00+00:00,30.25,67.85,420.9,669.65,124.55,419.2,3.03,153.0,99020.0
1990-08-04 01:00:00+00:00,32.22,61.85,599.0,715.3,149.1,428.0,3.45,161.0,99040.0
1990-08-04 02:00:00+00:00,33.94,54.6,748.3,745.66,164.25,437.75,3.79,167.0,99040.0
1990-08-04 03:00:00+00:00,35.35,49.85,853.3,753.87,178.65,445.9,3.93,168.0,99010.0
1990-08-04 04:00:00+00:00,36.51,45.45,877.45,736.94,172.7,452.3,3.93,167.0,98960.0
1990-08-04 05:00:00+00:00,37.28,41.45,831.4,660.45,195.2,459.65,3.93,164.0,98870.0
1990-08-04 06:00:00+00:00,37.64,41.45,638.0,526.42,156.15,462.75,4.0,161.0,98830.0
1990-08-04 07:00:00+00:00,37.26,42.7,605.4,544.95,160.85,471.05,4.07,158.0,98800.0
1990-08-04 08:00:00+00:00,36.68,45.45,344.85,323.69,127.55,463.5,3.86,160.0,98740.0
1990-08-04 09:00:00+00:00,35.84,48.4,237.5,271.93,103.75,462.55,3.86,169.0,98720.0
1990-08-04 10:00:00+00:00,35.03,53.1,89.65,139.67,49.2,461.2,3.72,158.0,98710.0
1990-08-04 11:00:00+00:00,33.96,56.4,4.3,6.38,3.8,452.3,3.17,156.0,98790.0
1990-08-04 12:00:00+00:00,32.76,61.95,0.0,0.0,0.0,445.9,3.17,153.0,98890.0
1990-08-04 13:00:00+00:00,31.81,68.05,0.0,0.0,0.0,443.0,3.31,149.0,98980.0
1990-08-04 14:00:00+00:00,31.21,70.2,0.0,0.0,0.0,442.4,3.24,156.0,99010.0
1990-08-04 15:00:00+00:00,30.66,72.4,0.0,0.0,0.0,436.0,2.9,164.0,99030.0
1990-08-04 16:00:00+00:00,30.21,74.8,0.0,0.0,0.0,434.3,2.48,169.0,99060.0
1990-08-04 17:00:00+00:00,29.76,77.15,0.0,0.0,0.0,432.75,2.48,164.0,99040.0
1990-08-04 18:00:00+00:00,29.43,79.6,0.0,0.0,0.0,433.3,2.69,157.0,98970.0
1990-08-04 19:00:00+00:00,29.01,77.0,0.0,0.0,0.0,426.35,2.48,147.0,98970.0
1990-08-04 20:00:00+00:00,28.84,79.55,0.0,0.0,0.0,427.5,2.69,146.0,98970.0
1990-08-04 21:00:00+00:00,28.63,82.1,0.0,0.0,0.0,425.4,2.62,146.0,98990.0
1990-08-04 22:00:00+00:00,28.36,82.1,30.4,0.0,30.4,421.9,2.55,147.0,99030.0
1990-08-04 23:00:00+00:00,29.06,79.55,218.25,547.1,88.75,423.65,2.34,147.0,99070.0
1990-08-05 00:00:00+00:00,30.91,72.4,412.5,652.41,124.85,426.75,2.9,153.0,99110.0
1990-08-05 01:00:00+00:00,32.94,61.95,600.6,716.91,150.7,438.05,3.1,156.0,99140.0
1990-08-05 02:00:00+00:00,34.72,54.7,710.85,703.06,161.05,446.45,3.45,157.0,99160.0
1990-08-05 03:00:00+00:00,35.95,50.0,804.85,695.38,183.35,456.55,3.66,154.0,99140.0
1990-08-05 04:00:00+00:00,36.93,45.55,791.1,612.78,205.8,462.9,3.86,151.0,99090.0
1990-08-05 05:00:00+00:00,37.43,44.25,782.7,613.58,192.4,468.35,3.93,151.0,99020.0
1990-08-05 06:00:00+00:00,37.78,42.95,640.15,510.64,173.45,472.6,3.79,151.0,98940.0
1990-08-05 07:00:00+00:00,38.13,41.55,437.5,333.6,165.9,472.2,3.86,152.0,98850.0
1990-08-05 08:00:00+00:00,36.97,42.7,311.8,283.45,122.05,477.8,3.86,152.0,98830.0
1990-08-05 09:00:00+00:00,36.41,44.0,185.4,178.38,98.05,466.6,3.52,146.0,98840.0
1990-08-05 10:00:00+00:00,34.36,52.95,65.5,84.63,41.2,463.5,3.72,123.0,98910.0
1990-08-05 11:00:00+00:00,32.54,61.85,3.0,2.65,2.8,458.1,3.17,99.0,99030.0
1990-08-05 12:00:00+00:00,31.17,70.1,0.0,0.0,0.0,451.3,3.31,99.0,99070.0
1990-08-05 13:00:00+00:00,30.35,70.1,0.0,0.0,0.0,448.2,3.24,101.0,99170.0
1990-08-05 14:00:00+00:00,29.52,77.1,0.0,0.0,0.0,444.15,2.41,99.0,99200.0
1990-08-05 15:00:00+00:00,28.85,82.15,0.0,0.0,0.0,438.75,1.45,73.0,99220.0
1990-08-05 16:00:00+00:00,27.47,90.3,0.0,0.0,0.0,441.45,1.86,33.0,99250.0
1990-08-05 17:00:00+00:00,26.51,93.2,0.0,0.0,0.0,443.95,1.79,33.0,99270.0
1990-08-05 18:00:00+00:00,26.07,96.25,0.0,0.0,0.0,447.65,1.72,43.0,99230.0
1990-08-05 19:00:00+00:00,26.72,90.25,0.0,0.0,0.0,445.7,1.52,66.0,99270.0
1990-08-05 20:00:00+00:00,26.61,93.2,0.0,0.0,0.0,448.4,2.0,68.0,99220.0
1990-08-05 21:00:00+00:00,26.58,93.2,0.0,0.0,0.0,442.6,2.0,73.0,99200.0
1990-08-05 22:00:00+00:00,26.55,93.2,19.1,0.0,19.1,442.4,2.14,78.0,99220.0
1990-08-05 23:00:00+00:00,26.66,90.25,111.85,122.45,83.1,442.8,2.41,83.0,99250.0
1990-08-06 00:00:00+00:00,27.16,87.4,234.55,234.26,131.65,437.95,2.9,88.0,99270.0
1990-08-06 01:00:00+00:00,28.13,84.7,362.45,248.19,207.05,429.35,2.69,92.0,99280.0
1990-08-06 02:00:00+00:00,29.53,77.1,519.35,352.23,244.35,445.1,2.55,96.0,99270.0
1990-08-06 03:00:00+00:00,30.69,72.4,524.45,240.21,310.05,447.65,2.41,99.0,99230.0
1990-08-06 04:00:00+00:00,31.76,65.9,442.2,195.39,255.8,462.55,2.41,89.0,99180.0
1990-08-06 05:00:00+00:00,32.02,65.9,449.0,190.68,265.8,465.45,2.21,77.0,99100.0
1990-08-06 06:00:00+00:00,31.36,67.95,309.15,97.64,220.05,463.5,2.34,59.0,99040.0
1990-08-06 07:00:00+00:00,30.0,70.0,381.0,250.1,177.8,455.55,3.45,47.0,99120.0
1990-08-06 08:00:00+00:00,30.5,67.85,229.5,172.66,114.25,451.1,3.31,44.0,99040.0
1990-08-06 09:00:00+00:00,30.1,70.0,75.0,35.18,57.85,450.15,2.69,30.0,99080.0
1990-08-06 10:00:00+00:00,29.15,74.55,19.4,0.53,19.25,455.2,2.69,25.0,99090.0
1990-08-06 11:00:00+00:00,28.24,74.5,1.15,0.0,1.15,450.9,3.1,30.0,99220.0
1990-08-06 12:00:00+00:00,27.35,76.8,0.0,0.0,0.0,442.6,3.38,32.0,99320.0
1990-08-06 13:00:00+00:00,26.66,79.2,0.0,0.0,0.0,441.85,3.24,32.0,99380.0
1990-08-06 14:00:00+00:00,25.89,81.8,0.0,0.0,0.0,437.75,2.9,29.0,99440.0
1990-08-06 15:00:00+00:00,24.74,87.25,0.0,0.0,0.0,434.65,3.03,10.0,99430.0
1990-08-06 16:00:00+00:00,23.88,90.1,0.0,0.0,0.0,433.7,3.24,357.0,99400.0
1990-08-06 17:00:00+00:00,23.07,90.05,0.0,0.0,0.0,431.55,3.24,350.0,99380.0
1990-08-06 18:00:00+00:00,22.27,87.05,0.0,0.0,0.0,428.45,3.1,346.0,99370.0
1990-08-06 19:00:00+00:00,21.72,73.45,0.0,0.0,0.0,421.5,3.38,353.0,99450.0
1990-08-06 20:00:00+00:00,20.95,81.2,0.0,0.0,0.0,417.65,3.31,353.0,99460.0
1990-08-06 21:00:00+00:00,20.46,83.95,0.0,0.0,0.0,414.75,3.31,355.0,99480.0
1990-08-06 22:00:00+00:00,20.28,86.85,7.1,0.0,7.1,411.25,3.17,357.0,99490.0
1990-08-06 23:00:00+00:00,20.3,86.85,35.15,2.36,34.6,411.85,2.97,356.0,99520.0
1990-08-07 00:00:00+00:00,20.28,86.85,59.55,0.0,59.55,410.45,3.59,0.0,99550.0
1990-08-07 01:00:00+00:00,20.45,86.85,90.55,48.26,60.4,410.4,3.79,3.0,99600.0
1990-08-07 02:00:00+00:00,20.72,84.05,65.85,0.0,65.85,409.9,3.93,6.0,99670.0
1990-08-07 03:00:00+00:00,20.63,84.05,101.4,0.0,101.4,410.3,3.38,358.0,99670.0
1990-08-07 04:00:00+00:00,20.77,84.05,96.5,0.0,96.5,410.45,3.24,353.0,99640.0
1990-08-07 05:00:00+00:00,20.84,86.9,151.05,0.0,151.05,410.3,3.31,350.0,99580.0
1990-08-07 06:00:00+00:00,21.26,84.05,58.45,2.41,56.25,411.25,3.72,351.0,99520.0
1990-08-07 07:00:00+00:00,20.72,84.05,42.3,2.65,40.15,409.1,3.24,342.0,99570.0
1990-08-07 08:00:00+00:00,20.68,84.05,27.85,0.0,27.85,409.3,3.1,335.0,99520.0
1990-08-07 09:00:00+00:00,20.62,84.05,19.05,1.44,18.35,409.5,2.83,332.0,99540.0
1990-08-07 10:00:00+00:00,20.61,84.05,9.8,0.35,9.7,409.3,2.62,335.0,99540.0
1990-08-07 11:00:00+00:00,20.68,84.05,0.2,0.0,0.2,409.7,2.48,335.0,99560.0
1990-08-07 12:00:00+00:00,20.65,86.9,0.0,0.0,0.0,410.45,2.41,335.0,99630.0
1990-08-07 13:00:00+00:00,20.94,84.05,0.0,0.0,0.0,411.25,2.34,335.0,99690.0
1990-08-07 14:00:00+00:00,21.15,81.3,0.0,0.0,0.0,411.65,2.34,335.0,99730.0
1990-08-07 15:00:00+00:00,21.28,81.3,0.0,0.0,0.0,412.4,2.34,333.0,99690.0
1990-08-07 16:00:00+00:00,21.35,81.3,0.0,0.0,0.0,412.6,2.41,332.0,99650.0
1990-08-07 17:00:00+00:00,21.41,81.3,0.0,0.0,0.0,413.0,2.41,332.0,99630.0
1990-08-07 18:00:00+00:00,21.44,78.55,0.0,0.0,0.0,413.55,2.21,335.0,99590.0
1990-08-07 19:00:00+00:00,21.22,78.55,0.0,0.0,0.0,411.85,2.21,337.0,99600.0
1990-08-07 20:00:00+00:00,21.12,78.55,0.0,0.0,0.0,407.75,2.21,337.0,99590.0
1990-08-07 21:00:00+00:00,21.13,78.55,0.0,0.0,0.0,411.65,2.21,338.0,99590.0
1990-08-07 22:00:00+00:00,21.11,78.55,12.8,0.0,12.8,412.2,2.28,345.0,99590.0
1990-08-07 23:00:00+00:00,21.2,78.55,62.6,22.08,57.5,412.2,2.14,349.0,99610.0
1990-08-08 00:00:00+00:00,21.57,78.55,107.85,22.25,98.15,411.45,2.34,356.0,99640.0
1990-08-08 01:00:00+00:00,22.05,78.65,109.2,5.54,105.75,411.95,2.41,1.0,99690.0
1990-08-08 02:00:00+00:00,22.4,76.1,166.85,8.67,160.1,415.3,2.21,1.0,99700.0
1990-08-08 03:00:00+00:00,23.12,73.6,229.65,28.42,204.35,416.85,2.28,11.0,99700.0
1990-08-08 04:00:00+00:00,24.11,68.95,274.15,35.37,240.5,416.85,2.21,21.0,99640.0
1990-08-08 05:00:00+00:00,25.03,64.6,369.45,79.9,292.9,423.65,2.0,19.0,99550.0
1990-08-08 06:00:00+00:00,26.07,62.65,213.3,18.86,196.15,423.25,2.07,11.0,99480.0
1990-08-08 07:00:00+00:00,24.64,71.4,163.4,13.54,152.45,421.5,2.41,354.0,99470.0
1990-08-08 08:00:00+00:00,24.89,66.85,98.85,5.8,95.0,425.4,2.21,347.0,99440.0
1990-08-08 09:00:00+00:00,24.82,69.15,47.65,5.8,44.85,424.2,2.07,331.0,99440.0
1990-08-08 10:00:00+00:00,24.5,71.4,19.6,0.0,19.6,424.8,2.07,321.0,99440.0
1990-08-08 11:00:00+00:00,24.09,73.75,0.8,0.0,0.8,425.0,2.14,316.0,99480.0
1990-08-08 12:00:00+00:00,23.71,73.75,0.0,0.0,0.0,423.65,2.21,319.0,99470.0
1990-08-08 13:00:00+00:00,23.57,76.2,0.0,0.0,0.0,422.65,2.0,325.0,99550.0
1990-08-08 14:00:00+00:00,23.45,76.2,0.0,0.0,0.0,422.1,1.93,332.0,99570.0
1990-08-08 15:00:00+00:00,23.35,73.7,0.0,0.0,0.0,419.95,2.21,340.0,99590.0
1990-08-08 16:00:00+00:00,23.29,73.7,0.0,0.0,0.0,421.5,2.21,346.0,99580.0
1990-08-08 17:00:00+00:00,23.18,71.25,0.0,0.0,0.0,421.3,2.07,348.0,99520.0
1990-08-08 18:00:00+00:00,23.02,71.15,0.0,0.0,0.0,420.15,2.07,351.0,99450.0
1990-08-08 19:00:00+00:00,22.31,66.35,0.0,0.0,0.0,411.85,1.93,3.0,99470.0
1990-08-08 20:00:00+00:00,21.95,66.25,0.0,0.0,0.0,405.85,2.21,356.0,99500.0
1990-08-08 21:00:00+00:00,21.88,61.85,0.0,0.0,0.0,412.8,2.48,1.0,99520.0
1990-08-08 22:00:00+00:00,21.67,59.7,13.6,0.0,13.6,412.0,2.55,5.0,99560.0
1990-08-08 23:00:00+00:00,21.56,61.7,44.45,0.87,44.25,411.45,2.48,8.0,99610.0
1990-08-09 00:00:00+00:00,21.51,61.7,56.4,0.0,56.4,410.45,2.41,7.0,99630.0
1990-08-09 01:00:00+00:00,21.32,61.7,150.2,18.09,138.95,410.2,2.69,5.0,99670.0
1990-08-09 02:00:00+00:00,21.51,63.9,181.8,27.35,160.55,410.85,2.97,5.0,99720.0
1990-08-09 03:00:00+00:00,21.61,64.0,217.65,31.84,189.35,408.15,2.83,1.0,99730.0
1990-08-09 04:00:00+00:00,21.98,66.25,262.85,99.82,168.0,411.85,2.62,1.0,99690.0
1990-08-09 05:00:00+00:00,22.51,66.35,231.1,38.94,193.85,410.1,2.48,4.0,99650.0
1990-08-09 06:00:00+00:00,22.65,64.2,103.25,4.3,99.35,409.5,2.62,3.0,99590.0
1990-08-09 07:00:00+00:00,20.94,75.85,110.0,1.92,108.45,410.1,3.17,344.0,99680.0
1990-08-09 08:00:00+00:00,20.64,78.5,84.9,2.72,83.1,409.5,3.31,346.0,99630.0
1990-08-09 09:00:00+00:00,19.83,86.85,17.65,0.0,17.65,406.6,2.76,347.0,99600.0
1990-08-09 10:00:00+00:00,19.52,89.85,8.45,0.0,8.45,405.85,2.41,338.0,99610.0
1990-08-09 11:00:00+00:00,19.38,89.85,0.75,0.0,0.75,405.45,2.21,339.0,99580.0
1990-08-09 12:00:00+00:00,19.28,89.85,0.0,0.0,0.0,402.55,2.0,338.0,99560.0
1990-08-09 13:00:00+00:00,19.23,89.85,0.0,0.0,0.0,395.75,1.79,330.0,99620.0
1990-08-09 14:00:00+00:00,19.13,89.85,0.0,0.0,0.0,388.2,1.66,325.0,99670.0
1990-08-09 15:00:00+00:00,19.02,92.9,0.0,0.0,0.0,385.1,1.59,321.0,99640.0
1990-08-09 16:00:00+00:00,19.13,89.85,0.0,0.0,0.0,395.2,1.52,331.0,99600.0
1990-08-09 17:00:00+00:00,19.19,89.85,0.0,0.0,0.0,397.9,1.66,341.0,99570.0
1990-08-09 18:00:00+00:00,19.18,89.85,0.0,0.0,0.0,395.95,1.79,345.0,99560.0
1990-08-09 19:00:00+00:00,18.86,92.9,0.0,0.0,0.0,393.85,1.31,339.0,99580.0
1990-08-09 20:00:00+00:00,18.91,92.9,0.0,0.0,0.0,397.3,1.1,339.0,99560.0
1990-08-09 21:00:00+00:00,18.98,92.9,0.0,0.0,0.0,398.45,0.97,346.0,99520.0
1990-08-09 22:00:00+00:00,19.05,92.9,10.85,0.0,10.85,399.25,0.9,358.0,99520.0
1990-08-09 23:00:00+00:00,19.28,92.9,60.7,65.18,45.9,399.45,0.62,13.0,99540.0
1990-08-10 00:00:00+00:00,19.82,86.85,134.65,109.0,87.5,400.0,0.69,13.0,99560.0
1990-08-10 01:00:00+00:00,20.57,86.85,264.95,157.83,167.05,403.25,0.9,350.0,99600.0
1990-08-10 02:00:00+00:00,21.67,81.35,425.9,274.35,213.15,401.55,0.9,346.0,99620.0
1990-08-10 03:00:00+00:00,22.96,78.75,323.2,89.86,243.45,407.4,0.69,323.0,99600.0
1990-08-10 04:00:00+00:00,23.47,76.2,490.65,223.75,278.35,410.3,0.62,297.0,99540.0
1990-08-10 05:00:00+00:00,24.38,73.85,357.6,56.27,303.85,412.2,0.34,272.0,99440.0
1990-08-10 06:00:00+00:00,24.57,73.85,118.2,11.75,107.55,416.45,0.34,205.0,99350.0
1990-08-10 07:00:00+00:00,23.13,84.25,193.6,38.01,163.0,413.95,0.48,235.0,99380.0
1990-08-10 08:00:00+00:00,23.31,84.25,117.1,44.77,87.6,413.0,0.83,214.0,99320.0
1990-08-10 09:00:00+00:00,23.24,84.25,50.8,6.6,47.65,408.75,0.62,258.0,99330.0
1990-08-10 10:00:00+00:00,22.91,90.05,25.15,6.4,23.4,412.8,0.62,227.0,99240.0
1990-08-10 11:00:00+00:00,22.62,93.05,1.1,0.0,1.1,409.9,1.1,243.0,99270.0
1990-08-10 12:00:00+00:00,22.24,93.05,0.0,0.0,0.0,408.75,1.31,254.0,99330.0
1990-08-10 13:00:00+00:00,21.9,96.15,0.0,0.0,0.0,403.5,1.17,247.0,99420.0
1990-08-10 14:00:00+00:00,21.76,96.15,0.0,0.0,0.0,409.9,1.03,220.0,99470.0
1990-08-10 15:00:00+00:00,21.78,96.15,0.0,0.0,0.0,414.35,0.83,216.0,99470.0
1990-08-10 16:00:00+00:00,21.89,96.15,0.0,0.0,0.0,416.3,0.62,242.0,99450.0
1990-08-10 17:00:00+00:00,21.98,96.15,0.0,0.0,0.0,415.1,0.55,298.0,99400.0
1990-08-10 18:00:00+00:00,21.86,96.15,0.0,0.0,0.0,415.7,0.97,336.0,99360.0
1990-08-10 19:00:00+00:00,21.73,93.0,0.0,0.0,0.0,412.6,2.34,329.0,99440.0
1990-08-10 20:00:00+00:00,21.52,96.15,0.0,0.0,0.0,411.05,2.62,333.0,99460.0
1990-08-10 21:00:00+00:00,21.42,93.0,0.0,0.0,0.0,409.9,2.28,335.0,99450.0
1990-08-10 22:00:00+00:00,21.2,89.95,6.9,0.0,6.9,408.55,2.07,327.0,99480.0
1990-08-10 23:00:00+00:00,21.0,92.95,29.4,4.0,28.5,405.45,2.21,309.0,99540.0
1990-08-11 00:00:00+00:00,20.95,89.9,118.8,33.65,104.3,400.8,2.41,302.0,99560.0
1990-08-11 01:00:00+00:00,21.5,89.95,65.95,0.32,65.75,399.95,2.62,291.0,99600.0
1990-08-11 02:00:00+00:00,21.19,89.95,137.0,4.52,133.5,404.85,2.62,288.0,99630.0
1990-08-11 03:00:00+00:00,21.66,84.1,251.65,28.77,226.15,403.7,2.34,284.0,99620.0
1990-08-11 04:00:00+00:00,22.77,78.75,162.4,0.42,162.0,402.75,2.48,289.0,99600.0
1990-08-11 05:00:00+00:00,22.8,78.75,146.75,16.36,131.15,405.45,2.41,289.0,99580.0
1990-08-11 06:00:00+00:00,22.36,84.15,205.55,14.76,192.2,404.3,2.21,294.0,99510.0
1990-08-11 07:00:00+00:00,22.84,78.75,112.35,2.55,110.3,401.4,1.66,286.0,99460.0
1990-08-11 08:00:00+00:00,22.74,78.75,95.95,11.57,88.35,401.2,1.45,278.0,99430.0
1990-08-11 09:00:00+00:00,22.58,84.15,70.55,14.21,63.8,400.8,1.72,265.0,99400.0
1990-08-11 10:00:00+00:00,22.36,84.15,28.4,7.95,26.25,399.45,1.66,264.0,99400.0
1990-08-11 11:00:00+00:00,21.95,84.1,0.8,0.0,0.8,397.9,1.59,259.0,99420.0
1990-08-11 12:00:00+00:00,21.48,86.95,0.0,0.0,0.0,398.45,1.59,257.0,99440.0
1990-08-11 13:00:00+00:00,21.23,84.05,0.0,0.0,0.0,397.9,1.52,267.0,99500.0
1990-08-11 14:00:00+00:00,20.83,86.9,0.0,0.0,0.0,387.65,1.59,279.0,99540.0
1990-08-11 15:00:00+00:00,20.38,89.85,0.0,0.0,0.0,381.85,1.45,283.0,99530.0
1990-08-11 16:00:00+00:00,19.97,89.85,0.0,0.0,0.0,385.5,1.1,288.0,99510.0
1990-08-11 17:00:00+00:00,19.93,89.85,0.0,0.0,0.0,389.2,0.9,324.0,99460.0
1990-08-11 18:00:00+00:00,19.69,89.85,0.0,0.0,0.0,390.15,0.9,339.0,99390.0
1990-08-11 19:00:00+00:00,20.45,89.85,0.0,0.0,0.0,396.75,0.69,195.0,99440.0
1990-08-11 20:00:00+00:00,19.94,89.85,0.0,0.0,0.0,395.4,1.03,187.0,99390.0
1990-08-11 21:00:00+00:00,19.8,89.85,0.0,0.0,0.0,389.55,1.31,196.0,99370.0
1990-08-11 22:00:00+00:00,19.79,89.85,21.9,0.0,21.9,394.8,0.9,214.0,99420.0
1990-08-11 23:00:00+00:00,20.25,92.95,89.95,29.57,83.35,393.25,0.69,239.0,99440.0
1990-08-12 00:00:00+00:00,21.62,84.1,133.15,38.44,116.65,392.85,0.83,213.0,99480.0
1990-08-12 01:00:00+00:00,22.2,81.4,169.95,17.01,159.45,395.3,1.31,202.0,99550.0
1990-08-12 02:00:00+00:00,22.45,78.7,155.85,5.05,151.95,398.45,2.07,227.0,99580.0
1990-08-12 03:00:00+00:00,22.24,78.7,166.3,5.99,161.0,401.75,2.14,238.0,99610.0
1990-08-12 04:00:00+00:00,22.14,78.7,142.75,0.9,141.9,401.95,2.0,244.0,99600.0
1990-08-12 05:00:00+00:00,22.1,84.1,92.7,0.0,92.7,403.7,1.66,245.0,99560.0
1990-08-12 06:00:00+00:00,21.89,84.1,107.65,1.0,106.75,405.45,1.31,250.0,99520.0
1990-08-12 07:00:00+00:00,21.73,87.0,50.7,0.0,50.7,403.7,2.0,305.0,99470.0
1990-08-12 08:00:00+00:00,21.46,89.95,45.75,0.0,45.75,404.1,2.14,307.0,99470.0
1990-08-12 09:00:00+00:00,21.46,89.95,19.3,0.0,19.3,404.1,2.0,303.0,99450.0
1990-08-12 10:00:00+00:00,21.28,89.95,5.4,0.0,5.4,404.85,1.72,305.0,99450.0
1990-08-12 11:00:00+00:00,21.13,89.95,0.15,0.0,0.15,405.05,1.72,314.0,99460.0
1990-08-12 12:00:00+00:00,21.02,89.9,0.0,0.0,0.0,405.85,1.79,307.0,99480.0
1990-08-12 13:00:00+00:00,20.97,89.9,0.0,0.0,0.0,405.25,1.93,298.0,99570.0
1990-08-12 14:00:00+00:00,20.91,89.9,0.0,0.0,0.0,405.65,2.07,296.0,99620.0
1990-08-12 15:00:00+00:00,20.75,89.9,0.0,0.0,0.0,405.05,2.21,295.0,99610.0
1990-08-12 16:00:00+00:00,20.62,86.9,0.0,0.0,0.0,406.0,2.34,298.0,99580.0
1990-08-12 17:00:00+00:00,20.54,89.85,0.0,0.0,0.0,406.6,2.55,299.0,99560.0
1990-08-12 18:00:00+00:00,20.44,89.85,0.0,0.0,0.0,406.0,2.83,300.0,99530.0
1990-08-12 19:00:00+00:00,20.11,86.85,0.0,0.0,0.0,402.95,2.48,301.0,99550.0
1990-08-12 20:00:00+00:00,20.03,86.85,0.0,0.0,0.0,402.9,2.34,303.0,99520.0
1990-08-12 21:00:00+00:00,20.05,83.95,0.0,0.0,0.0,401.4,2.21,308.0,99480.0
1990-08-12 22:00:00+00:00,20.13,83.95,12.6,0.0,12.6,397.1,2.14,312.0,99490.0
1990-08-12 23:00:00+00:00,20.37,86.85,76.55,70.97,60.85,397.3,2.07,319.0,99550.0
1990-08-13 00:00:00+00:00,21.14,84.05,195.3,185.96,115.8,393.45,1.93,323.0,99590.0
1990-08-13 01:00:00+00:00,22.68,78.75,339.9,251.7,184.9,393.75,2.07,327.0,99640.0
1990-08-13 02:00:00+00:00,24.25,71.4,615.25,528.77,207.4,393.65,2.21,332.0,99640.0
1990-08-13 03:00:00+00:00,26.17,62.8,847.0,746.17,187.8,390.35,2.34,340.0,99640.0
1990-08-13 04:00:00+00:00,27.61,58.9,850.65,702.87,186.75,380.1,2.41,350.0,99580.0
1990-08-13 05:00:00+00:00,28.37,55.3,813.05,638.04,206.6,386.65,2.41,357.0,99520.0
1990-08-13 06:00:00+00:00,28.91,53.55,737.05,609.89,187.65,392.45,2.28,1.0,99480.0
1990-08-13 07:00:00+00:00,29.2,50.2,504.35,345.7,228.15,394.6,2.34,3.0,99450.0
1990-08-13 08:00:00+00:00,29.15,51.8,385.65,312.89,181.7,414.55,2.0,9.0,99400.0
1990-08-13 09:00:00+00:00,28.98,53.55,242.05,266.05,117.15,400.8,1.31,20.0,99400.0
1990-08-13 10:00:00+00:00,28.6,59.1,82.65,147.76,43.6,396.15,0.48,64.0,99420.0
1990-08-13 11:00:00+00:00,27.05,71.85,1.7,1.99,1.6,385.7,0.62,177.0,99440.0
1990-08-13 12:00:00+00:00,24.78,79.05,0.0,0.0,0.0,381.05,1.17,213.0,99520.0
1990-08-13 13:00:00+00:00,23.15,84.25,0.0,0.0,0.0,377.75,1.52,199.0,99600.0
1990-08-13 14:00:00+00:00,22.06,89.95,0.0,0.0,0.0,378.75,1.59,177.0,99660.0
1990-08-13 15:00:00+00:00,21.22,89.95,0.0,0.0,0.0,373.9,1.31,160.0,99650.0
1990-08-13 16:00:00+00:00,20.76,92.95,0.0,0.0,0.0,371.4,1.1,155.0,99680.0
1990-08-13 17:00:00+00:00,20.72,92.95,0.0,0.0,0.0,369.25,0.9,146.0,99670.0
1990-08-13 18:00:00+00:00,20.58,96.1,0.0,0.0,0.0,368.1,0.76,132.0,99640.0
1990-08-13 19:00:00+00:00,20.16,92.95,0.0,0.0,0.0,365.55,0.9,137.0,99670.0
1990-08-13 20:00:00+00:00,20.08,92.95,0.0,0.0,0.0,366.15,0.9,143.0,99670.0
1990-08-13 21:00:00+00:00,20.2,92.95,0.0,0.0,0.0,366.15,0.76,149.0,99670.0
1990-08-13 22:00:00+00:00,20.32,92.95,35.75,0.0,35.75,365.0,0.55,145.0,99710.0
1990-08-13 23:00:00+00:00,20.78,92.95,214.5,558.9,91.95,363.85,0.41,156.0,99770.0
1990-08-14 00:00:00+00:00,22.85,87.1,411.95,667.32,127.8,367.5,0.48,165.0,99780.0
1990-08-14 01:00:00+00:00,24.78,79.05,600.45,730.21,151.9,374.2,0.48,183.0,99830.0
1990-08-14 02:00:00+00:00,26.48,71.75,752.8,758.04,169.2,383.0,0.41,177.0,99850.0
1990-08-14 03:00:00+00:00,27.88,67.4,856.35,768.74,178.3,389.75,0.41,158.0,99830.0
1990-08-14 04:00:00+00:00,28.97,63.3,847.85,716.56,172.1,395.75,0.48,136.0,99790.0
1990-08-14 05:00:00+00:00,29.55,59.35,651.8,439.71,234.6,402.9,0.48,107.0,99730.0
1990-08-14 06:00:00+00:00,29.7,57.5,634.3,491.43,192.55,422.45,0.97,105.0,99700.0
1990-08-14 07:00:00+00:00,30.27,57.6,491.35,434.77,144.95,418.2,0.9,101.0,99690.0
1990-08-14 08:00:00+00:00,30.13,59.45,390.1,389.27,137.35,415.7,1.31,121.0,99650.0
1990-08-14 09:00:00+00:00,29.63,61.35,224.65,282.48,92.85,409.7,1.59,135.0,99650.0
1990-08-14 10:00:00+00:00,28.97,67.6,62.75,72.39,43.85,405.05,1.52,141.0,99650.0
1990-08-14 11:00:00+00:00,27.81,72.0,1.4,0.0,1.4,410.1,1.93,147.0,99650.0
1990-08-14 12:00:00+00:00,26.41,76.65,0.0,0.0,0.0,402.35,2.14,155.0,99690.0
1990-08-14 13:00:00+00:00,25.49,81.75,0.0,0.0,0.0,398.45,2.21,161.0,99790.0
1990-08-14 14:00:00+00:00,24.96,81.7,0.0,0.0,0.0,401.95,2.14,167.0,99840.0
1990-08-14 15:00:00+00:00,24.36,84.35,0.0,0.0,0.0,394.8,2.14,169.0,99830.0
1990-08-14 16:00:00+00:00,24.02,87.15,0.0,0.0,0.0,397.7,2.21,167.0,99820.0
1990-08-14 17:00:00+00:00,23.81,87.15,0.0,0.0,0.0,399.85,2.21,165.0,99810.0
1990-08-14 18:00:00+00:00,23.32,90.05,0.0,0.0,0.0,391.1,2.07,160.0,99750.0
1990-08-14 19:00:00+00:00,23.1,93.05,0.0,0.0,0.0,388.6,2.28,156.0,99790.0
1990-08-14 20:00:00+00:00,22.76,93.05,0.0,0.0,0.0,385.9,2.28,157.0,99790.0
1990-08-14 21:00:00+00:00,22.42,93.05,0.0,0.0,0.0,383.0,2.14,158.0,99790.0
1990-08-14 22:00:00+00:00,22.18,93.05,32.95,0.0,32.95,385.3,1.86,160.0,99810.0
1990-08-14 23:00:00+00:00,22.65,93.05,170.45,217.89,123.1,390.15,1.45,158.0,99850.0
1990-08-15 00:00:00+00:00,24.36,87.2,364.8,447.19,175.15,391.1,1.72,159.0,99890.0
1990-08-15 01:00:00+00:00,25.94,81.8,545.5,531.88,219.6,393.55,2.14,164.0,99900.0
1990-08-15 02:00:00+00:00,27.45,76.8,636.25,486.84,262.15,401.0,2.48,167.0,99910.0
1990-08-15 03:00:00+00:00,28.52,72.1,745.55,511.2,295.4,412.0,2.76,168.0,99870.0
1990-08-15 04:00:00+00:00,29.44,67.7,690.9,328.3,381.8,414.35,2.97,169.0,99810.0
1990-08-15 05:00:00+00:00,29.94,65.6,584.35,286.93,312.6,422.85,3.03,169.0,99770.0
1990-08-15 06:00:00+00:00,30.1,63.5,414.8,152.13,278.35,430.8,3.17,164.0,99720.0
1990-08-15 07:00:00+00:00,29.87,65.6,300.65,159.54,173.9,431.55,2.62,158.0,99690.0
1990-08-15 08:00:00+00:00,29.5,67.7,270.75,140.41,179.95,426.75,2.62,151.0,99630.0
1990-08-15 09:00:00+00:00,29.3,69.95,203.8,191.42,115.05,421.9,2.69,150.0,99620.0
1990-08-15 10:00:00+00:00,28.81,72.15,63.3,83.01,41.9,416.1,2.55,151.0,99590.0
1990-08-15 11:00:00+00:00,27.7,74.4,0.9,0.0,0.9,412.4,2.48,152.0,99590.0
1990-08-15 12:00:00+00:00,26.85,79.3,0.0,0.0,0.0,417.85,2.48,151.0,99590.0
1990-08-15 13:00:00+00:00,26.35,81.85,0.0,0.0,0.0,415.9,2.48,151.0,99650.0
1990-08-15 14:00:00+00:00,25.95,84.5,0.0,0.0,0.0,413.4,2.62,152.0,99690.0
1990-08-15 15:00:00+00:00,25.67,81.8,0.0,0.0,0.0,411.65,2.9,154.0,99680.0
1990-08-15 16:00:00+00:00,25.46,84.45,0.0,0.0,0.0,411.65,2.97,158.0,99670.0
1990-08-15 17:00:00+00:00,25.31,84.45,0.0,0.0,0.0,415.3,2.83,159.0,99650.0
1990-08-15 18:00:00+00:00,24.97,87.25,0.0,0.0,0.0,410.3,2.62,159.0,99600.0
1990-08-15 19:00:00+00:00,25.09,87.25,0.0,0.0,0.0,414.15,2.9,155.0,99560.0
1990-08-15 20:00:00+00:00,24.83,87.25,0.0,0.0,0.0,410.45,2.76,151.0,99520.0
1990-08-15 21:00:00+00:00,24.65,87.25,0.0,0.0,0.0,412.0,2.48,148.0,99540.0
1990-08-15 22:00:00+00:00,24.46,90.1,15.95,0.0,15.95,414.15,2.48,142.0,99540.0
1990-08-15 23:00:00+00:00,24.51,90.1,153.9,144.41,122.8,411.65,2.69,141.0,99590.0
1990-08-16 00:00:00+00:00,25.64,87.3,328.8,383.07,167.0,404.85,2.9,145.0,99600.0
1990-08-16 01:00:00+00:00,27.02,81.9,492.6,421.56,234.95,407.85,3.31,149.0,99630.0
1990-08-16 02:00:00+00:00,28.22,74.5,657.2,494.75,277.75,412.2,3.59,151.0,99640.0
1990-08-16 03:00:00+00:00,29.35,69.95,726.2,508.26,279.4,419.0,4.07,154.0,99630.0
1990-08-16 04:00:00+00:00,30.04,65.6,718.85,434.56,310.4,420.15,4.28,156.0,99620.0
1990-08-16 05:00:00+00:00,30.38,65.7,677.55,376.12,322.0,428.3,4.41,157.0,99540.0
1990-08-16 06:00:00+00:00,30.29,63.6,453.55,119.84,346.3,419.95,4.62,155.0,99470.0
1990-08-16 07:00:00+00:00,29.73,63.5,265.8,39.39,234.6,435.25,3.38,154.0,99490.0
1990-08-16 08:00:00+00:00,29.1,67.6,193.25,51.71,159.95,434.1,3.17,156.0,99460.0
1990-08-16 09:00:00+00:00,28.44,69.75,113.6,70.13,81.3,426.9,3.1,163.0,99430.0
1990-08-16 10:00:00+00:00,27.77,72.0,40.7,42.25,29.95,426.35,3.1,165.0,99430.0
1990-08-16 11:00:00+00:00,27.0,76.7,0.45,0.0,0.45,425.0,2.83,164.0,99440.0
1990-08-16 12:00:00+00:00,26.32,76.65,0.0,0.0,0.0,421.7,2.62,165.0,99490.0
1990-08-16 13:00:00+00:00,25.56,81.75,0.0,0.0,0.0,407.0,2.55,163.0,99550.0
1990-08-16 14:00:00+00:00,24.85,84.4,0.0,0.0,0.0,395.75,2.62,163.0,99610.0
1990-08-16 15:00:00+00:00,24.39,87.2,0.0,0.0,0.0,396.75,2.48,164.0,99580.0
1990-08-16 16:00:00+00:00,23.94,87.15,0.0,0.0,0.0,392.3,2.28,162.0,99600.0
1990-08-16 17:00:00+00:00,23.78,87.15,0.0,0.0,0.0,403.5,2.14,153.0,99580.0
1990-08-16 18:00:00+00:00,23.5,90.05,0.0,0.0,0.0,399.65,2.14,149.0,99540.0
1990-08-16 19:00:00+00:00,23.17,90.05,0.0,0.0,0.0,388.8,2.21,153.0,99490.0
1990-08-16 20:00:00+00:00,22.66,93.05,0.0,0.0,0.0,375.05,2.28,148.0,99490.0
1990-08-16 21:00:00+00:00,22.31,93.05,0.0,0.0,0.0,375.25,2.14,146.0,99510.0
1990-08-16 22:00:00+00:00,22.03,93.0,0.0,0.0,0.0,375.25,2.21,148.0,99550.0
1990-08-16 23:00:00+00:00,22.56,93.05,185.7,350.28,110.95,380.45,1.79,145.0,99600.0
1990-08-17 00:00:00+00:00,24.27,81.65,342.1,379.77,182.35,382.0,1.79,143.0,99640.0
1990-08-17 01:00:00+00:00,25.69,74.1,539.3,528.04,217.4,380.2,1.72,142.0,99690.0
1990-08-17 02:00:00+00:00,27.2,63.0,635.05,494.67,256.4,392.45,1.79,138.0,99730.0
1990-08-17 03:00:00+00:00,28.1,61.0,807.9,658.76,229.8,403.7,1.93,133.0,99730.0
1990-08-17 04:00:00+00:00,29.04,59.2,711.3,539.92,204.7,406.0,2.14,127.0,99670.0
1990-08-17 05:00:00+00:00,29.49,57.4,680.6,454.85,251.45,409.1,2.48,120.0,99610.0
1990-08-17 06:00:00+00:00,29.96,53.8,645.45,425.84,265.25,410.65,2.69,124.0,99560.0
1990-08-17 07:00:00+00:00,30.15,52.05,466.6,328.91,206.85,418.0,2.41,129.0,99530.0
1990-08-17 08:00:00+00:00,29.95,52.05,344.85,291.23,158.1,416.3,2.41,141.0,99520.0
1990-08-17 09:00:00+00:00,29.59,55.5,194.1,206.89,99.45,410.65,2.0,144.0,99500.0
1990-08-17 10:00:00+00:00,28.93,61.25,67.55,109.77,40.0,407.55,1.17,118.0,99480.0
1990-08-17 11:00:00+00:00,27.57,74.3,0.8,0.0,0.8,397.9,1.03,106.0,99500.0
1990-08-17 12:00:00+00:00,25.94,79.15,0.0,0.0,0.0,391.9,1.17,118.0,99560.0
1990-08-17 13:00:00+00:00,24.77,84.4,0.0,0.0,0.0,391.1,1.38,132.0,99690.0
1990-08-17 14:00:00+00:00,23.99,87.15,0.0,0.0,0.0,392.1,1.59,123.0,99770.0
1990-08-17 15:00:00+00:00,23.68,87.15,0.0,0.0,0.0,398.65,1.59,109.0,99800.0
1990-08-17 16:00:00+00:00,23.57,87.1,0.0,0.0,0.0,402.75,1.59,98.0,99800.0
1990-08-17 17:00:00+00:00,23.44,87.1,0.0,0.0,0.0,398.85,1.86,87.0,99770.0
1990-08-17 18:00:00+00:00,23.17,87.1,0.0,0.0,0.0,398.65,1.66,80.0,99760.0
1990-08-17 19:00:00+00:00,22.87,87.1,0.0,0.0,0.0,396.15,1.59,74.0,99810.0
1990-08-17 20:00:00+00:00,22.54,90.0,0.0,0.0,0.0,395.2,1.52,58.0,99840.0
1990-08-17 21:00:00+00:00,22.27,90.0,0.0,0.0,0.0,393.05,1.59,38.0,99850.0
1990-08-17 22:00:00+00:00,22.01,93.0,0.0,0.0,0.0,390.55,1.66,22.0,99890.0
1990-08-17 23:00:00+00:00,22.43,90.0,141.2,238.36,90.8,384.95,1.45,15.0,99930.0
1990-08-18 00:00:00+00:00,23.94,81.55,282.55,226.18,187.8,385.9,1.72,16.0,99940.0
1990-08-18 01:00:00+00:00,25.14,76.45,382.15,173.59,276.6,391.6,1.93,28.0,100010.0
1990-08-18 02:00:00+00:00,26.07,69.3,595.7,402.07,288.55,401.4,1.93,38.0,100040.0
1990-08-18 03:00:00+00:00,27.33,63.0,639.35,386.99,300.35,407.4,2.14,53.0,100070.0
1990-08-18 04:00:00+00:00,28.09,57.05,697.05,401.56,320.95,412.4,2.21,69.0,100030.0
1990-08-18 05:00:00+00:00,28.61,55.3,633.85,467.34,193.8,402.35,2.14,79.0,99980.0
1990-08-18 06:00:00+00:00,28.81,53.55,410.85,244.48,193.1,411.85,1.93,85.0,99930.0
1990-08-18 07:00:00+00:00,28.75,53.55,365.15,286.69,139.45,414.55,1.59,69.0,99890.0
1990-08-18 08:00:00+00:00,28.69,55.4,361.2,351.64,136.7,416.45,1.38,87.0,99860.0
1990-08-18 09:00:00+00:00,28.79,53.55,215.25,265.23,94.75,403.5,1.38,103.0,99850.0
1990-08-18 10:00:00+00:00,28.29,59.1,58.0,95.16,34.45,405.45,1.1,135.0,99850.0
1990-08-18 11:00:00+00:00,27.1,71.85,0.5,0.0,0.5,402.9,0.97,189.0,99880.0
1990-08-18 12:00:00+00:00,25.79,76.6,0.0,0.0,0.0,397.7,0.97,234.0,99930.0
1990-08-18 13:00:00+00:00,25.74,71.65,0.0,0.0,0.0,399.85,0.76,239.0,100000.0
1990-08-18 14:00:00+00:00,25.48,74.0,0.0,0.0,0.0,390.35,0.41,220.0,100050.0
1990-08-18 15:00:00+00:00,24.89,76.45,0.0,0.0,0.0,398.85,0.14,209.0,100050.0
1990-08-18 16:00:00+00:00,24.26,81.65,0.0,0.0,0.0,392.3,0.0,23.0,100050.0
1990-08-18 17:00:00+00:00,23.62,87.1,0.0,0.0,0.0,381.05,0.21,343.0,100050.0
1990-08-18 18:00:00+00:00,22.57,93.05,0.0,0.0,0.0,385.3,0.62,333.0,100020.0
1990-08-18 19:00:00+00:00,22.48,93.05,0.0,0.0,0.0,385.7,0.55,331.0,100040.0
1990-08-18 20:00:00+00:00,21.45,96.15,0.0,0.0,0.0,371.75,0.97,326.0,100040.0
1990-08-18 21:00:00+00:00,20.55,99.4,0.0,0.0,0.0,371.2,1.38,327.0,100040.0
1990-08-18 22:00:00+00:00,20.25,96.1,0.0,0.0,0.0,367.5,1.66,330.0,100070.0
1990-08-18 23:00:00+00:00,20.96,96.15,206.45,568.31,87.4,364.4,1.38,332.0,100100.0
1990-08-19 00:00:00+00:00,23.74,81.55,405.1,669.75,125.7,367.3,1.59,339.0,100140.0
1990-08-19 01:00:00+00:00,25.54,74.0,594.65,730.18,151.85,373.25,1.86,344.0,100180.0
1990-08-19 02:00:00+00:00,27.21,65.1,741.05,749.56,169.6,380.3,2.07,348.0,100180.0
1990-08-19 03:00:00+00:00,28.5,59.1,777.05,681.49,181.15,387.85,2.21,354.0,100160.0
1990-08-19 04:00:00+00:00,29.29,53.7,769.35,605.37,203.4,396.9,2.14,6.0,100090.0
1990-08-19 05:00:00+00:00,29.8,50.3,736.15,579.09,192.0,402.75,2.0,16.0,100030.0
1990-08-19 06:00:00+00:00,30.12,50.3,650.0,519.72,188.25,398.85,1.86,25.0,99970.0
1990-08-19 07:00:00+00:00,30.48,47.15,571.4,537.96,149.25,406.0,1.86,24.0,99900.0
1990-08-19 08:00:00+00:00,30.51,47.15,331.7,317.53,129.9,399.85,1.79,30.0,99870.0
1990-08-19 09:00:00+00:00,30.04,48.65,188.15,258.05,71.75,412.0,1.59,47.0,99840.0
1990-08-19 10:00:00+00:00,29.22,55.5,58.0,105.78,32.2,404.3,1.17,86.0,99830.0
1990-08-19 11:00:00+00:00,27.85,63.1,0.4,0.0,0.4,395.75,1.52,123.0,99850.0
1990-08-19 12:00:00+00:00,26.05,71.65,0.0,0.0,0.0,387.65,1.79,147.0,99870.0
1990-08-19 13:00:00+00:00,24.57,78.95,0.0,0.0,0.0,377.2,1.79,161.0,99970.0
1990-08-19 14:00:00+00:00,23.43,84.25,0.0,0.0,0.0,375.25,1.59,173.0,99990.0
1990-08-19 15:00:00+00:00,23.17,84.25,0.0,0.0,0.0,376.8,1.24,188.0,99990.0
1990-08-19 16:00:00+00:00,23.89,81.55,0.0,0.0,0.0,367.7,0.83,200.0,99960.0
1990-08-19 17:00:00+00:00,23.49,84.25,0.0,0.0,0.0,364.2,0.34,218.0,99920.0
1990-08-19 18:00:00+00:00,22.86,87.1,0.0,0.0,0.0,362.3,0.48,8.0,99890.0
1990-08-19 19:00:00+00:00,20.46,92.95,0.0,0.0,0.0,361.7,1.38,17.0,99890.0
1990-08-19 20:00:00+00:00,19.97,92.95,0.0,0.0,0.0,361.1,1.59,23.0,99910.0
1990-08-19 21:00:00+00:00,19.74,89.85,0.0,0.0,0.0,359.75,1.52,25.0,99920.0
1990-08-19 22:00:00+00:00,19.61,89.85,0.0,0.0,0.0,358.4,1.38,17.0,99980.0
1990-08-19 23:00:00+00:00,20.61,89.9,213.8,621.63,84.8,358.0,0.97,3.0,100020.0
1990-08-20 00:00:00+00:00,23.64,76.3,414.65,704.7,121.9,361.7,1.03,352.0,100060.0
1990-08-20 01:00:00+00:00,25.57,71.6,604.2,755.2,147.45,368.2,1.24,347.0,100090.0
1990-08-20 02:00:00+00:00,27.31,63.0,758.55,781.14,164.25,375.85,1.31,358.0,100080.0
1990-08-20 03:00:00+00:00,28.69,55.4,774.5,700.11,163.45,382.6,1.59,10.0,100040.0
1990-08-20 04:00:00+00:00,29.55,51.9,857.85,728.85,177.75,388.4,1.79,11.0,99960.0
1990-08-20 05:00:00+00:00,30.32,48.75,856.8,708.24,192.7,392.1,1.72,14.0,99870.0
1990-08-20 06:00:00+00:00,30.87,47.15,681.4,553.05,191.3,392.65,1.45,21.0,99800.0
1990-08-20 07:00:00+00:00,30.68,47.15,517.05,470.14,149.35,400.4,0.9,39.0,99780.0
1990-08-20 08:00:00+00:00,30.61,47.15,342.75,340.99,127.05,399.45,0.9,86.0,99680.0
1990-08-20 09:00:00+00:00,30.27,47.15,227.15,322.06,82.95,402.15,1.24,122.0,99680.0
1990-08-20 10:00:00+00:00,29.49,55.5,63.65,117.38,35.45,400.4,1.59,149.0,99670.0
1990-08-20 11:00:00+00:00,27.84,61.0,0.35,0.0,0.35,390.55,2.21,162.0,99690.0
1990-08-20 12:00:00+00:00,26.2,67.15,0.0,0.0,0.0,378.95,2.34,169.0,99710.0
1990-08-20 13:00:00+00:00,25.14,73.95,0.0,0.0,0.0,376.2,2.28,171.0,99820.0
1990-08-20 14:00:00+00:00,24.27,76.35,0.0,0.0,0.0,374.45,2.14,170.0,99840.0
1990-08-20 15:00:00+00:00,23.46,81.5,0.0,0.0,0.0,371.4,2.0,170.0,99850.0
1990-08-20 16:00:00+00:00,22.77,84.25,0.0,0.0,0.0,369.65,2.0,166.0,99810.0
1990-08-20 17:00:00+00:00,22.25,87.05,0.0,0.0,0.0,369.45,2.0,163.0,99750.0
1990-08-20 18:00:00+00:00,21.84,89.95,0.0,0.0,0.0,368.3,2.0,162.0,99700.0
1990-08-20 19:00:00+00:00,21.64,87.0,0.0,0.0,0.0,371.4,1.72,157.0,99690.0
1990-08-20 20:00:00+00:00,21.31,89.95,0.0,0.0,0.0,371.4,1.79,150.0,99710.0
1990-08-20 21:00:00+00:00,20.91,92.95,0.0,0.0,0.0,366.15,1.86,152.0,99690.0
1990-08-20 22:00:00+00:00,20.62,92.95,0.0,0.0,0.0,364.6,1.86,156.0,99720.0
1990-08-20 23:00:00+00:00,21.21,93.0,211.5,616.38,84.8,363.05,1.59,157.0,99720.0
1990-08-21 00:00:00+00:00,24.42,78.95,413.75,707.22,121.2,365.95,1.72,157.0,99740.0
1990-08-21 01:00:00+00:00,26.39,71.75,598.45,744.39,149.45,373.25,2.0,159.0,99750.0
1990-08-21 02:00:00+00:00,28.12,63.1,740.35,735.83,181.7,382.0,2.55,163.0,99770.0
1990-08-21 03:00:00+00:00,29.36,57.4,718.75,566.45,225.3,390.55,2.9,167.0,99750.0
1990-08-21 04:00:00+00:00,30.0,53.8,776.65,578.12,238.25,395.2,2.97,167.0,99710.0
1990-08-21 05:00:00+00:00,30.59,52.15,707.5,504.26,235.7,400.6,3.1,164.0,99650.0
1990-08-21 06:00:00+00:00,30.78,52.15,653.9,471.36,237.3,410.1,3.31,162.0,99600.0
1990-08-21 07:00:00+00:00,30.92,50.45,466.6,261.73,262.6,410.85,3.45,164.0,99560.0
1990-08-21 08:00:00+00:00,30.57,52.15,336.95,185.85,219.95,420.15,3.52,164.0,99520.0
1990-08-21 09:00:00+00:00,30.11,55.6,167.25,110.05,118.35,418.8,3.52,163.0,99520.0
1990-08-21 10:00:00+00:00,29.15,61.25,42.8,10.99,40.2,416.3,2.9,160.0,99520.0
1990-08-21 11:00:00+00:00,27.89,65.2,0.15,0.0,0.15,411.05,2.76,156.0,99550.0
1990-08-21 12:00:00+00:00,27.07,69.5,0.0,0.0,0.0,415.5,2.69,157.0,99600.0
1990-08-21 13:00:00+00:00,26.41,74.15,0.0,0.0,0.0,409.9,2.83,155.0,99680.0
1990-08-21 14:00:00+00:00,25.83,76.6,0.0,0.0,0.0,404.3,2.76,154.0,99710.0
1990-08-21 15:00:00+00:00,25.45,79.1,0.0,0.0,0.0,406.8,2.83,151.0,99710.0
1990-08-21 16:00:00+00:00,24.98,81.7,0.0,0.0,0.0,398.3,3.03,153.0,99700.0
1990-08-21 17:00:00+00:00,24.75,81.7,0.0,0.0,0.0,402.9,2.97,156.0,99690.0
1990-08-21 18:00:00+00:00,24.5,84.35,0.0,0.0,0.0,402.35,2.97,154.0,99640.0
1990-08-21 19:00:00+00:00,24.26,81.65,0.0,0.0,0.0,395.95,2.48,163.0,99650.0
1990-08-21 20:00:00+00:00,24.06,84.35,0.0,0.0,0.0,401.75,2.07,158.0,99640.0
1990-08-21 21:00:00+00:00,23.7,84.35,0.0,0.0,0.0,397.5,2.34,149.0,99660.0
1990-08-21 22:00:00+00:00,23.56,87.1,0.0,0.0,0.0,399.05,2.14,156.0,99720.0
1990-08-21 23:00:00+00:00,23.72,87.15,112.8,90.38,94.4,398.1,2.0,159.0,99730.0
1990-08-22 00:00:00+00:00,24.69,81.7,211.75,84.97,176.75,396.75,2.21,162.0,99770.0
1990-08-22 01:00:00+00:00,25.87,76.6,385.05,223.27,250.75,402.85,2.55,167.0,99800.0
1990-08-22 02:00:00+00:00,27.42,71.9,506.8,329.8,256.95,409.1,2.83,175.0,99810.0
1990-08-22 03:00:00+00:00,28.87,65.4,752.0,551.51,272.5,409.9,2.76,175.0,99800.0
1990-08-22 04:00:00+00:00,30.43,59.55,769.0,549.85,257.95,416.1,2.41,184.0,99740.0
1990-08-22 05:00:00+00:00,31.34,54.05,529.2,278.35,269.35,426.35,2.14,192.0,99660.0
1990-08-22 06:00:00+00:00,31.32,54.05,536.0,296.56,274.6,426.75,1.79,190.0,99600.0
1990-08-22 07:00:00+00:00,31.67,54.05,478.55,343.9,211.45,429.65,1.93,171.0,99520.0
1990-08-22 08:00:00+00:00,31.78,52.4,318.55,297.64,132.1,432.55,2.07,169.0,99450.0
1990-08-22 09:00:00+00:00,31.46,55.85,166.15,180.32,86.65,427.7,2.21,176.0,99450.0
1990-08-22 10:00:00+00:00,30.44,61.55,55.1,93.67,33.3,427.7,1.72,174.0,99440.0
1990-08-22 11:00:00+00:00,29.2,65.5,0.1,0.0,0.1,417.85,1.86,160.0,99460.0
1990-08-22 12:00:00+00:00,27.77,72.0,0.0,0.0,0.0,409.3,2.14,157.0,99460.0
1990-08-22 13:00:00+00:00,27.02,76.7,0.0,0.0,0.0,410.1,2.14,163.0,99560.0
1990-08-22 14:00:00+00:00,26.46,79.2,0.0,0.0,0.0,407.55,2.28,166.0,99610.0
1990-08-22 15:00:00+00:00,26.25,79.2,0.0,0.0,0.0,414.15,2.55,167.0,99590.0
1990-08-22 16:00:00+00:00,26.42,79.2,0.0,0.0,0.0,428.3,2.83,169.0,99570.0
1990-08-22 17:00:00+00:00,26.35,79.2,0.0,0.0,0.0,428.65,2.55,171.0,99560.0
1990-08-22 18:00:00+00:00,26.1,81.8,0.0,0.0,0.0,427.5,2.0,169.0,99550.0
1990-08-22 19:00:00+00:00,25.76,81.8,0.0,0.0,0.0,426.75,1.45,168.0,99540.0
1990-08-22 20:00:00+00:00,25.3,87.3,0.0,0.0,0.0,421.1,1.31,165.0,99520.0
1990-08-22 21:00:00+00:00,24.91,90.15,0.0,0.0,0.0,420.75,1.17,164.0,99520.0
1990-08-22 22:00:00+00:00,24.83,93.15,0.0,0.0,0.0,425.75,0.83,193.0,99550.0
1990-08-22 23:00:00+00:00,24.75,93.15,25.4,3.97,24.6,428.1,0.97,262.0,99590.0
1990-08-23 00:00:00+00:00,24.82,93.15,26.2,3.78,24.65,426.15,1.52,298.0,99630.0
1990-08-23 01:00:00+00:00,24.43,93.1,83.75,3.17,81.85,426.25,1.93,310.0,99700.0
1990-08-23 02:00:00+00:00,24.44,93.1,49.4,3.77,46.55,425.75,2.41,322.0,99730.0
1990-08-23 03:00:00+00:00,23.92,93.1,129.55,5.01,125.2,423.25,2.55,325.0,99730.0
1990-08-23 04:00:00+00:00,24.09,93.1,55.95,0.0,55.95,421.9,2.62,326.0,99680.0
1990-08-23 05:00:00+00:00,23.67,93.1,45.4,1.56,43.95,423.05,2.9,335.0,99630.0
1990-08-23 06:00:00+00:00,23.45,96.2,48.7,0.63,48.15,425.2,3.03,333.0,99580.0
1990-08-23 07:00:00+00:00,22.66,93.05,82.4,2.07,80.8,419.0,3.31,334.0,99580.0
1990-08-23 08:00:00+00:00,22.55,93.05,48.65,0.24,48.5,419.75,3.17,325.0,99520.0
1990-08-23 09:00:00+00:00,22.37,93.05,12.15,0.23,12.05,419.0,2.9,323.0,99530.0
1990-08-23 10:00:00+00:00,22.05,93.0,3.7,0.0,3.7,416.65,2.97,329.0,99520.0
1990-08-23 11:00:00+00:00,21.88,93.0,0.0,0.0,0.0,414.15,2.62,326.0,99540.0
1990-08-23 12:00:00+00:00,21.79,93.0,0.0,0.0,0.0,410.65,2.28,329.0,99570.0
1990-08-23 13:00:00+00:00,21.79,93.0,0.0,0.0,0.0,412.4,2.21,332.0,99670.0
1990-08-23 14:00:00+00:00,21.79,93.0,0.0,0.0,0.0,412.6,2.34,334.0,99690.0
1990-08-23 15:00:00+00:00,21.79,93.0,0.0,0.0,0.0,413.4,2.34,342.0,99660.0
1990-08-23 16:00:00+00:00,21.73,93.0,0.0,0.0,0.0,412.6,1.86,349.0,99620.0
1990-08-23 17:00:00+00:00,21.66,89.95,0.0,0.0,0.0,400.8,1.59,347.0,99560.0
1990-08-23 18:00:00+00:00,21.39,93.0,0.0,0.0,0.0,392.1,1.52,336.0,99520.0
1990-08-23 19:00:00+00:00,20.67,96.15,0.0,0.0,0.0,375.85,1.03,344.0,99470.0
1990-08-23 20:00:00+00:00,20.14,96.1,0.0,0.0,0.0,374.1,1.17,336.0,99480.0
1990-08-23 21:00:00+00:00,19.89,96.1,0.0,0.0,0.0,375.45,1.17,335.0,99490.0
1990-08-23 22:00:00+00:00,19.67,92.95,0.0,0.0,0.0,370.4,1.17,332.0,99550.0
1990-08-23 23:00:00+00:00,20.9,92.95,197.45,557.22,86.2,367.9,0.55,323.0,99570.0
1990-08-24 00:00:00+00:00,22.82,87.1,381.05,591.3,139.6,371.55,0.41,304.0,99610.0
1990-08-24 01:00:00+00:00,24.75,79.05,543.2,585.79,192.8,380.2,0.62,300.0,99650.0
1990-08-24 02:00:00+00:00,26.65,74.15,724.95,712.3,187.7,389.55,1.31,300.0,99690.0
1990-08-24 03:00:00+00:00,28.55,65.3,828.35,721.72,203.4,394.4,1.93,306.0,99720.0
1990-08-24 04:00:00+00:00,30.02,59.45,834.45,663.64,220.2,401.55,2.41,313.0,99660.0
1990-08-24 05:00:00+00:00,30.98,57.6,852.35,723.28,180.3,405.65,2.48,315.0,99620.0
1990-08-24 06:00:00+00:00,31.77,50.7,679.3,546.19,200.6,405.85,2.55,317.0,99560.0
1990-08-24 07:00:00+00:00,31.68,48.9,572.4,512.4,177.35,408.9,2.48,328.0,99520.0
1990-08-24 08:00:00+00:00,31.77,47.4,354.25,315.49,158.65,410.85,1.86,330.0,99510.0
1990-08-24 09:00:00+00:00,31.56,50.55,188.35,167.38,115.75,410.3,0.62,339.0,99540.0
1990-08-24 10:00:00+00:00,29.9,74.7,50.55,63.13,36.35,406.8,0.69,137.0,99540.0
1990-08-24 11:00:00+00:00,28.85,65.4,0.0,0.0,0.0,414.35,1.79,148.0,99570.0
1990-08-24 12:00:00+00:00,27.01,74.25,0.0,0.0,0.0,404.3,2.07,155.0,99640.0
1990-08-24 13:00:00+00:00,25.91,79.15,0.0,0.0,0.0,398.3,2.14,165.0,99760.0
1990-08-24 14:00:00+00:00,25.07,81.7,0.0,0.0,0.0,391.7,2.14,176.0,99810.0
1990-08-24 15:00:00+00:00,24.48,84.35,0.0,0.0,0.0,393.25,1.93,186.0,99830.0
1990-08-24 16:00:00+00:00,23.94,87.15,0.0,0.0,0.0,395.95,1.79,182.0,99820.0
1990-08-24 17:00:00+00:00,23.22,93.05,0.0,0.0,0.0,388.6,1.59,174.0,99810.0
1990-08-24 18:00:00+00:00,22.4,96.15,0.0,0.0,0.0,382.4,1.31,173.0,99780.0
1990-08-24 19:00:00+00:00,23.17,93.05,0.0,0.0,0.0,393.05,0.9,155.0,99840.0
1990-08-24 20:00:00+00:00,23.09,96.15,0.0,0.0,0.0,394.2,0.76,156.0,99870.0
1990-08-24 21:00:00+00:00,22.92,93.05,0.0,0.0,0.0,388.6,0.76,176.0,99860.0
1990-08-24 22:00:00+00:00,22.99,96.15,0.0,0.0,0.0,384.95,0.48,230.0,99890.0
1990-08-24 23:00:00+00:00,22.92,96.15,196.7,562.28,85.55,381.65,0.48,296.0,99950.0
1990-08-25 00:00:00+00:00,24.95,87.25,390.95,639.79,130.85,379.9,0.76,312.0,99990.0
1990-08-25 01:00:00+00:00,26.73,79.3,569.35,654.86,178.75,386.0,1.03,320.0,100040.0
1990-08-25 02:00:00+00:00,28.32,72.1,682.35,626.35,211.0,394.4,0.97,325.0,100070.0
1990-08-25 03:00:00+00:00,29.53,67.7,789.05,627.53,246.8,402.55,0.69,326.0,100060.0
1990-08-25 04:00:00+00:00,30.52,61.55,754.25,488.97,302.65,407.4,0.28,315.0,100020.0
1990-08-25 05:00:00+00:00,30.96,57.6,669.85,374.64,322.6,412.6,0.14,180.0,99970.0
1990-08-25 06:00:00+00:00,31.07,57.6,699.95,558.33,212.05,415.3,0.55,131.0,99900.0
1990-08-25 07:00:00+00:00,31.75,50.7,516.45,465.99,158.55,415.7,1.03,135.0,99840.0
1990-08-25 08:00:00+00:00,31.44,52.25,361.75,349.21,146.4,416.3,1.66,143.0,99800.0
1990-08-25 09:00:00+00:00,30.85,57.6,192.05,226.36,94.7,414.75,1.79,146.0,99800.0
1990-08-25 10:00:00+00:00,29.83,63.5,48.0,76.71,31.05,413.0,1.72,149.0,99820.0
1990-08-25 11:00:00+00:00,28.53,69.75,0.0,0.0,0.0,412.8,1.86,157.0,99860.0
1990-08-25 12:00:00+00:00,27.18,74.3,0.0,0.0,0.0,395.75,1.93,173.0,99920.0
1990-08-25 13:00:00+00:00,26.1,81.8,0.0,0.0,0.0,388.2,2.14,176.0,100020.0
1990-08-25 14:00:00+00:00,25.49,84.45,0.0,0.0,0.0,395.55,2.21,180.0,100080.0
1990-08-25 15:00:00+00:00,24.85,87.25,0.0,0.0,0.0,388.2,2.21,178.0,100060.0
1990-08-25 16:00:00+00:00,24.49,90.1,0.0,0.0,0.0,397.1,1.93,173.0,100080.0
1990-08-25 17:00:00+00:00,23.96,93.1,0.0,0.0,0.0,397.5,1.59,170.0,100040.0
1990-08-25 18:00:00+00:00,23.56,96.2,0.0,0.0,0.0,401.75,1.31,152.0,100020.0
1990-08-25 19:00:00+00:00,23.58,96.2,0.0,0.0,0.0,405.45,1.52,149.0,100040.0
1990-08-25 20:00:00+00:00,23.33,96.2,0.0,0.0,0.0,404.1,1.24,141.0,100020.0
1990-08-25 21:00:00+00:00,23.29,96.2,0.0,0.0,0.0,407.55,1.24,130.0,100020.0
1990-08-25 22:00:00+00:00,23.13,99.4,0.0,0.0,0.0,405.65,1.17,123.0,100050.0
1990-08-25 23:00:00+00:00,23.59,99.4,78.45,54.16,67.85,409.1,0.9,119.0,100090.0
1990-08-26 00:00:00+00:00,24.73,93.15,135.15,44.23,117.25,413.4,1.45,128.0,100120.0
1990-08-26 01:00:00+00:00,24.81,93.15,139.2,32.11,120.1,413.5,2.41,141.0,100170.0
1990-08-26 02:00:00+00:00,24.86,93.15,158.6,24.51,140.2,420.55,2.41,141.0,100240.0
1990-08-26 03:00:00+00:00,24.99,93.15,115.45,0.12,115.35,421.9,2.48,127.0,100220.0
1990-08-26 04:00:00+00:00,24.84,93.15,143.6,1.3,142.4,425.75,1.93,126.0,100200.0
1990-08-26 05:00:00+00:00,24.99,93.15,144.9,8.27,137.25,427.1,1.72,129.0,100150.0
1990-08-26 06:00:00+00:00,25.09,93.15,60.7,1.84,59.1,427.5,1.79,130.0,100110.0
1990-08-26 07:00:00+00:00,24.74,90.15,99.85,31.18,76.0,421.1,0.62,146.0,100130.0
1990-08-26 08:00:00+00:00,24.67,90.15,53.45,0.24,53.3,421.7,0.83,154.0,100110.0
1990-08-26 09:00:00+00:00,24.54,93.1,33.75,0.23,33.65,420.35,0.28,240.0,100070.0
1990-08-26 10:00:00+00:00,24.47,93.1,11.1,0.0,11.1,423.05,0.41,287.0,100110.0
1990-08-26 11:00:00+00:00,24.15,96.2,0.0,0.0,0.0,421.3,0.62,235.0,100070.0
1990-08-26 12:00:00+00:00,23.93,96.2,0.0,0.0,0.0,421.3,0.9,160.0,100100.0
1990-08-26 13:00:00+00:00,23.72,96.2,0.0,0.0,0.0,422.45,1.17,118.0,100180.0
1990-08-26 14:00:00+00:00,23.42,96.2,0.0,0.0,0.0,423.05,1.45,135.0,100200.0
1990-08-26 15:00:00+00:00,23.07,96.15,0.0,0.0,0.0,422.3,1.72,143.0,100200.0
1990-08-26 16:00:00+00:00,22.49,96.15,0.0,0.0,0.0,419.55,1.93,132.0,100210.0
1990-08-26 17:00:00+00:00,22.14,96.15,0.0,0.0,0.0,418.4,1.31,130.0,100170.0
1990-08-26 18:00:00+00:00,22.05,99.4,0.0,0.0,0.0,419.55,0.48,133.0,100120.0
1990-08-26 19:00:00+00:00,22.24,96.15,0.0,0.0,0.0,415.3,0.76,339.0,100090.0
1990-08-26 20:00:00+00:00,22.21,96.15,0.0,0.0,0.0,415.1,0.97,355.0,100060.0
1990-08-26 21:00:00+00:00,22.14,96.15,0.0,0.0,0.0,418.0,0.55,9.0,100030.0
1990-08-26 22:00:00+00:00,22.21,96.15,0.0,0.0,0.0,418.0,0.76,17.0,100060.0
1990-08-26 23:00:00+00:00,22.23,96.15,22.05,0.0,22.05,414.55,0.97,44.0,100090.0
1990-08-27 00:00:00+00:00,22.35,96.15,56.2,1.99,55.4,416.3,1.17,44.0,100120.0
1990-08-27 01:00:00+00:00,22.62,96.15,59.85,0.0,59.85,416.0,1.1,44.0,100180.0
1990-08-27 02:00:00+00:00,22.83,96.15,84.25,1.13,83.4,421.1,1.38,42.0,100200.0
1990-08-27 03:00:00+00:00,23.16,93.05,64.0,0.0,64.0,419.55,1.17,52.0,100230.0
1990-08-27 04:00:00+00:00,23.28,93.05,109.75,1.69,108.2,420.9,0.9,60.0,100210.0
1990-08-27 05:00:00+00:00,23.59,93.05,51.9,3.74,48.45,417.85,0.83,59.0,100200.0
1990-08-27 06:00:00+00:00,23.4,93.05,85.25,0.75,84.6,421.5,1.1,57.0,100180.0
1990-08-27 07:00:00+00:00,23.35,90.05,105.45,2.03,103.9,414.55,1.31,62.0,100190.0
1990-08-27 08:00:00+00:00,23.35,90.05,81.0,4.02,78.55,413.75,1.45,47.0,100190.0
1990-08-27 09:00:00+00:00,23.2,90.05,27.95,0.0,27.95,414.9,1.52,44.0,100130.0
1990-08-27 10:00:00+00:00,22.8,93.05,17.05,0.0,17.05,412.4,1.24,27.0,100100.0
1990-08-27 11:00:00+00:00,22.54,96.15,0.0,0.0,0.0,408.55,1.38,12.0,100100.0
1990-08-27 12:00:00+00:00,22.16,93.05,0.0,0.0,0.0,405.25,1.45,14.0,100150.0
1990-08-27 13:00:00+00:00,22.02,96.15,0.0,0.0,0.0,402.9,1.45,18.0,100270.0
1990-08-27 14:00:00+00:00,21.75,96.15,0.0,0.0,0.0,404.65,1.38,15.0,100330.0
1990-08-27 15:00:00+00:00,21.63,96.15,0.0,0.0,0.0,410.45,1.38,21.0,100320.0
1990-08-27 16:00:00+00:00,21.4,96.15,0.0,0.0,0.0,404.85,1.59,14.0,100330.0
1990-08-27 17:00:00+00:00,21.21,96.15,0.0,0.0,0.0,406.2,1.31,11.0,100310.0
1990-08-27 18:00:00+00:00,21.0,99.4,0.0,0.0,0.0,402.75,1.03,0.0,100300.0
1990-08-27 19:00:00+00:00,20.82,96.15,0.0,0.0,0.0,404.1,0.97,16.0,100290.0
1990-08-27 20:00:00+00:00,20.67,96.15,0.0,0.0,0.0,401.0,0.9,355.0,100280.0
1990-08-27 21:00:00+00:00,20.59,99.4,0.0,0.0,0.0,402.35,1.17,345.0,100260.0
1990-08-27 22:00:00+00:00,20.48,99.4,0.0,0.0,0.0,401.0,1.45,347.0,100270.0
1990-08-27 23:00:00+00:00,20.49,99.4,45.65,58.67,34.4,404.1,1.45,351.0,100310.0
1990-08-28 00:00:00+00:00,20.76,96.15,192.55,202.45,111.35,403.1,1.66,354.0,100330.0
1990-08-28 01:00:00+00:00,21.71,89.95,241.8,190.87,128.95,399.75,2.14,1.0,100360.0
1990-08-28 02:00:00+00:00,22.61,84.15,323.4,135.5,222.15,395.75,2.14,2.0,100380.0
1990-08-28 03:00:00+00:00,23.67,73.75,386.5,156.51,252.15,407.95,2.0,357.0,100380.0
1990-08-28 04:00:00+00:00,24.59,71.4,381.8,97.79,292.1,414.15,1.31,15.0,100360.0
1990-08-28 05:00:00+00:00,25.19,69.25,528.25,269.64,280.25,424.8,0.9,43.0,100300.0
1990-08-28 06:00:00+00:00,26.01,67.05,231.8,22.7,212.15,415.5,0.62,60.0,100240.0
1990-08-28 07:00:00+00:00,23.57,84.25,152.85,17.73,139.4,409.7,0.69,151.0,100290.0
1990-08-28 08:00:00+00:00,23.31,84.25,116.1,11.71,109.0,410.65,0.83,157.0,100230.0
1990-08-28 09:00:00+00:00,23.24,84.25,87.15,13.97,81.3,408.15,0.69,169.0,100160.0
1990-08-28 10:00:00+00:00,23.15,84.25,26.0,8.39,24.25,405.45,0.83,196.0,100170.0
1990-08-28 11:00:00+00:00,22.72,90.05,0.0,0.0,0.0,398.65,1.17,224.0,100170.0
1990-08-28 12:00:00+00:00,22.04,96.15,0.0,0.0,0.0,392.45,1.59,209.0,100230.0
1990-08-28 13:00:00+00:00,21.6,96.15,0.0,0.0,0.0,391.1,1.52,192.0,100290.0
1990-08-28 14:00:00+00:00,21.35,96.15,0.0,0.0,0.0,395.4,1.38,179.0,100340.0
1990-08-28 15:00:00+00:00,21.27,96.15,0.0,0.0,0.0,399.85,1.24,169.0,100360.0
1990-08-28 16:00:00+00:00,21.13,96.15,0.0,0.0,0.0,398.3,1.1,155.0,100360.0
1990-08-28 17:00:00+00:00,20.98,99.4,0.0,0.0,0.0,400.2,0.9,122.0,100320.0
1990-08-28 18:00:00+00:00,20.84,99.4,0.0,0.0,0.0,397.7,0.97,95.0,100250.0
1990-08-28 19:00:00+00:00,20.79,99.4,0.0,0.0,0.0,394.8,0.9,116.0,100230.0
1990-08-28 20:00:00+00:00,20.65,99.4,0.0,0.0,0.0,395.75,0.97,158.0,100270.0
1990-08-28 21:00:00+00:00,20.55,100.0,0.0,0.0,0.0,390.55,0.9,131.0,100260.0
1990-08-28 22:00:00+00:00,20.39,99.4,0.0,0.0,0.0,395.0,1.17,98.0,100280.0
1990-08-28 23:00:00+00:00,20.74,99.4,36.15,33.73,29.75,403.7,1.03,90.0,100290.0
1990-08-29 00:00:00+00:00,21.43,99.4,51.5,18.28,44.2,403.9,0.97,90.0,100320.0
1990-08-29 01:00:00+00:00,21.76,96.15,136.2,53.69,104.55,405.35,0.76,92.0,100380.0
1990-08-29 02:00:00+00:00,22.55,93.05,233.75,72.92,179.4,406.4,1.31,81.0,100360.0
1990-08-29 03:00:00+00:00,23.54,87.1,396.85,151.26,267.3,408.55,1.24,94.0,100370.0
1990-08-29 04:00:00+00:00,24.74,76.45,287.75,48.3,243.55,416.1,1.59,106.0,100290.0
1990-08-29 05:00:00+00:00,24.98,76.45,423.4,175.25,262.65,418.8,1.72,122.0,100240.0
1990-08-29 06:00:00+00:00,25.57,76.5,301.0,78.92,232.9,411.25,1.72,130.0,100180.0
1990-08-29 07:00:00+00:00,25.69,74.1,222.8,83.78,159.5,418.6,1.59,115.0,100180.0
1990-08-29 08:00:00+00:00,25.67,76.6,107.4,39.49,83.6,426.35,1.38,126.0,100150.0
1990-08-29 09:00:00+00:00,25.4,81.75,84.55,43.76,66.4,431.75,1.1,110.0,100090.0
1990-08-29 10:00:00+00:00,25.33,81.75,14.2,8.81,12.4,425.55,0.62,102.0,100110.0
1990-08-29 11:00:00+00:00,24.89,84.4,0.0,0.0,0.0,429.45,0.97,80.0,100110.0
1990-08-29 12:00:00+00:00,24.5,87.2,0.0,0.0,0.0,431.4,1.31,96.0,100140.0
1990-08-29 13:00:00+00:00,24.3,87.2,0.0,0.0,0.0,431.0,1.59,117.0,100230.0
1990-08-29 14:00:00+00:00,24.16,87.2,0.0,0.0,0.0,429.85,1.79,114.0,100240.0
1990-08-29 15:00:00+00:00,23.97,90.1,0.0,0.0,0.0,431.75,1.72,112.0,100250.0
1990-08-29 16:00:00+00:00,23.72,93.1,0.0,0.0,0.0,431.95,1.66,111.0,100250.0
1990-08-29 17:00:00+00:00,23.57,96.2,0.0,0.0,0.0,431.0,1.66,111.0,100200.0
1990-08-29 18:00:00+00:00,23.48,96.2,0.0,0.0,0.0,431.4,1.79,117.0,100150.0
1990-08-29 19:00:00+00:00,23.37,93.05,0.0,0.0,0.0,425.2,2.34,129.0,100120.0
1990-08-29 20:00:00+00:00,23.34,93.05,0.0,0.0,0.0,425.75,2.41,134.0,100120.0
1990-08-29 21:00:00+00:00,23.27,93.05,0.0,0.0,0.0,425.75,2.41,133.0,100050.0
1990-08-29 22:00:00+00:00,23.2,93.05,0.0,0.0,0.0,424.8,2.34,126.0,100060.0
1990-08-29 23:00:00+00:00,23.24,93.05,67.95,41.27,60.2,421.1,2.34,119.0,100050.0
1990-08-30 00:00:00+00:00,23.78,93.1,127.45,32.08,114.7,427.9,2.21,125.0,100080.0
1990-08-30 01:00:00+00:00,24.49,93.1,253.9,174.26,151.5,431.5,2.62,131.0,100040.0
1990-08-30 02:00:00+00:00,25.59,90.2,295.3,96.3,223.7,430.8,3.45,143.0,100010.0
1990-08-30 03:00:00+00:00,26.48,87.35,287.65,125.81,180.15,437.0,3.66,153.0,99970.0
1990-08-30 04:00:00+00:00,27.27,81.95,485.55,205.35,298.1,436.4,3.79,159.0,99890.0
1990-08-30 05:00:00+00:00,28.69,74.55,569.3,394.49,208.45,432.35,3.93,161.0,99780.0
1990-08-30 06:00:00+00:00,29.58,72.25,401.4,240.13,194.9,431.0,3.59,160.0,99690.0
1990-08-30 07:00:00+00:00,29.21,72.25,326.85,181.64,190.2,439.7,2.55,122.0,99680.0
1990-08-30 08:00:00+00:00,28.66,76.95,88.05,6.01,84.45,438.15,1.66,96.0,99670.0
1990-08-30 09:00:00+00:00,26.12,90.2,30.45,0.0,30.45,441.25,1.59,4.0,99700.0
1990-08-30 10:00:00+00:00,25.05,96.2,3.1,0.0,3.1,440.65,2.07,25.0,99730.0
1990-08-30 11:00:00+00:00,24.41,99.4,0.0,0.0,0.0,438.75,2.34,32.0,99720.0
1990-08-30 12:00:00+00:00,24.09,99.4,0.0,0.0,0.0,435.85,2.34,38.0,99760.0
1990-08-30 13:00:00+00:00,23.91,99.4,0.0,0.0,0.0,434.85,2.21,49.0,99830.0
1990-08-30 14:00:00+00:00,23.74,99.4,0.0,0.0,0.0,434.65,1.86,66.0,99860.0
1990-08-30 15:00:00+00:00,23.61,99.4,0.0,0.0,0.0,434.3,1.38,95.0,99840.0
1990-08-30 16:00:00+00:00,23.55,99.4,0.0,0.0,0.0,433.5,0.9,114.0,99830.0
1990-08-30 17:00:00+00:00,23.39,99.4,0.0,0.0,0.0,431.4,0.21,39.0,99770.0
1990-08-30 18:00:00+00:00,23.18,99.4,0.0,0.0,0.0,426.15,1.03,344.0,99750.0
1990-08-30 19:00:00+00:00,22.53,100.0,0.0,0.0,0.0,431.55,2.9,355.0,99640.0
1990-08-30 20:00:00+00:00,21.7,99.4,0.0,0.0,0.0,427.5,3.79,8.0,99670.0
1990-08-30 21:00:00+00:00,21.11,96.15,0.0,0.0,0.0,421.9,3.79,7.0,99710.0
1990-08-30 22:00:00+00:00,20.9,96.15,0.0,0.0,0.0,418.2,3.86,10.0,99780.0
1990-08-30 23:00:00+00:00,20.81,96.15,8.9,0.0,8.9,415.9,3.66,14.0,99850.0
1990-08-31 00:00:00+00:00,20.74,92.95,26.2,0.0,26.2,414.55,3.45,14.0,99900.0
1990-08-31 01:00:00+00:00,20.73,92.95,30.35,3.24,28.45,412.5,3.24,6.0,99990.0
1990-08-31 02:00:00+00:00,20.69,92.95,60.45,0.54,60.05,409.9,3.1,353.0,100030.0
1990-08-31 03:00:00+00:00,20.9,92.95,90.25,6.34,84.85,408.9,3.1,341.0,100100.0
1990-08-31 04:00:00+00:00,21.21,89.95,160.0,5.44,155.05,407.75,3.1,331.0,100040.0
1990-08-31 05:00:00+00:00,21.83,89.95,138.4,33.55,107.8,405.85,2.97,326.0,99980.0
1990-08-31 06:00:00+00:00,22.19,87.05,181.9,30.22,156.0,406.4,2.83,320.0,99910.0
1990-08-31 07:00:00+00:00,23.12,84.25,115.55,8.61,109.1,410.3,2.48,313.0,99920.0
1990-08-31 08:00:00+00:00,23.28,84.25,181.6,80.37,133.75,414.35,2.21,307.0,99870.0
1990-08-31 09:00:00+00:00,24.0,81.55,102.85,55.57,80.25,410.65,2.28,315.0,99870.0
1990-08-31 10:00:00+00:00,23.91,81.55,25.1,36.27,18.0,403.9,2.07,321.0,99870.0
1990-08-31 11:00:00+00:00,23.35,81.5,0.0,0.0,0.0,404.65,1.93,320.0,99880.0
1990-08-31 12:00:00+00:00,22.85,84.25,0.0,0.0,0.0,404.3,1.79,321.0,99930.0
1990-08-31 13:00:00+00:00,22.19,84.15,0.0,0.0,0.0,390.35,1.66,320.0,100020.0
1990-08-31 14:00:00+00:00,21.74,87.0,0.0,0.0,0.0,392.45,1.66,316.0,100080.0
1990-08-31 15:00:00+00:00,21.25,89.95,0.0,0.0,0.0,386.85,1.66,310.0,100080.0
1990-08-31 16:00:00+00:00,19.5,99.0,0.0,0.0,0.0,393.56,0.92,316.0,100060.0
1990-08-31 17:00:00+00:00,19.87,98.96,0.0,0.0,0.0,394.27,1.08,324.0,100030.0
1990-08-31 18:00:00+00:00,20.23,96.33,0.0,0.0,0.0,394.98,1.25,332.0,99980.0
1990-08-31 19:00:00+00:00,20.6,93.69,0.0,0.0,0.0,395.7,1.41,353.0,100020.0
1990-08-31 20:00:00+00:00,20.96,91.06,0.0,0.0,0.0,396.41,1.57,0.0,99990.0
1990-08-31 21:00:00+00:00,21.32,88.42,0.0,0.0,0.0,397.13,1.74,360.0,100020.0
1990-08-31 22:00:00+00:00,21.69,85.78,0.0,0.0,0.0,397.84,1.9,2.0,100040.0
1990-08-31 23:00:00+00:00,22.05,83.15,14.6,0.27,14.55,398.55,2.06,11.0,100070.0
1990-09-01 00:00:00+00:00,22.42,80.51,168.8,139.71,113.8,399.27,2.23,346.0,99930.0
1990-09-01 01:00:00+00:00,22.78,77.88,332.05,303.28,154.95,399.98,2.39,346.0,99970.0
1990-09-01 02:00:00+00:00,23.14,75.24,638.1,538.94,239.45,400.69,2.56,350.0,100010.0
1990-09-01 03:00:00+00:00,23.51,72.61,567.3,306.19,306.95,401.41,2.72,7.0,99990.0
1990-09-01 04:00:00+00:00,23.87,69.97,339.55,62.16,283.1,402.12,2.88,14.0,99940.0
1990-09-01 05:00:00+00:00,24.24,67.34,389.3,67.62,327.8,402.83,3.05,18.0,99890.0
1990-09-01 06:00:00+00:00,24.6,64.7,351.15,98.25,267.25,403.55,3.21,16.0,99830.0
1990-09-01 07:00:00+00:00,24.97,62.06,312.6,85.37,248.95,404.26,3.37,16.0,99820.0
1990-09-01 08:00:00+00:00,25.63,60.6,186.3,64.65,148.05,416.85,2.62,20.0,99760.0
1990-09-01 09:00:00+00:00,25.35,66.95,123.85,42.35,106.8,412.0,1.59,24.0,99720.0
1990-09-01 10:00:00+00:00,24.97,71.5,28.65,12.28,26.3,395.55,0.9,24.0,99690.0
1990-09-01 11:00:00+00:00,24.31,73.85,0.0,0.0,0.0,391.9,0.48,18.0,99680.0
1990-09-01 12:00:00+00:00,23.9,73.75,0.0,0.0,0.0,379.3,0.14,271.0,99720.0
1990-09-01 13:00:00+00:00,23.25,76.2,0.0,0.0,0.0,375.85,0.55,283.0,99830.0
1990-09-01 14:00:00+00:00,22.51,78.75,0.0,0.0,0.0,373.9,0.76,293.0,99870.0
1990-09-01 15:00:00+00:00,22.11,81.4,0.0,0.0,0.0,368.3,0.62,273.0,99890.0
1990-09-01 16:00:00+00:00,21.4,86.95,0.0,0.0,0.0,367.3,0.69,276.0,99880.0
1990-09-01 17:00:00+00:00,21.16,86.95,0.0,0.0,0.0,372.75,0.55,299.0,99860.0
1990-09-01 18:00:00+00:00,20.49,89.9,0.0,0.0,0.0,371.95,0.76,354.0,99840.0
1990-09-01 19:00:00+00:00,20.78,89.9,0.0,0.0,0.0,373.3,0.55,15.0,99840.0
1990-09-01 20:00:00+00:00,20.56,89.9,0.0,0.0,0.0,373.9,0.62,45.0,99880.0
1990-09-01 21:00:00+00:00,20.25,89.85,0.0,0.0,0.0,372.35,0.69,60.0,99860.0
1990-09-01 22:00:00+00:00,20.26,92.95,0.0,0.0,0.0,365.2,0.55,62.0,99900.0
1990-09-01 23:00:00+00:00,20.3,92.95,175.45,434.55,96.45,359.55,0.34,48.0,99940.0
1990-09-02 00:00:00+00:00,21.83,87.0,385.5,664.81,125.05,358.4,0.14,69.0,99960.0
1990-09-02 01:00:00+00:00,23.79,76.3,587.55,772.68,137.8,362.2,0.21,84.0,99980.0
1990-09-02 02:00:00+00:00,25.17,69.25,741.5,798.06,152.75,366.75,0.41,40.0,99990.0
1990-09-02 03:00:00+00:00,26.26,62.8,835.6,787.48,167.7,372.15,1.03,31.0,99980.0
1990-09-02 04:00:00+00:00,27.11,56.95,741.8,549.69,243.9,376.4,1.31,34.0,99910.0
1990-09-02 05:00:00+00:00,27.59,56.95,693.4,428.52,304.85,402.55,1.38,39.0,99830.0
1990-09-02 06:00:00+00:00,28.03,55.05,502.15,186.86,343.15,418.6,1.52,33.0,99770.0
1990-09-02 07:00:00+00:00,28.01,55.05,422.0,221.26,257.8,423.65,0.69,68.0,99690.0
1990-09-02 08:00:00+00:00,28.02,55.05,298.0,236.23,159.15,418.2,0.48,48.0,99650.0
1990-09-02 09:00:00+00:00,27.82,55.05,163.55,193.52,86.45,408.15,0.55,43.0,99630.0
1990-09-02 10:00:00+00:00,27.25,58.9,34.8,48.42,25.75,397.1,0.28,120.0,99630.0
1990-09-02 11:00:00+00:00,25.68,71.65,0.0,0.0,0.0,383.0,0.62,210.0,99640.0
1990-09-02 12:00:00+00:00,24.93,71.5,0.0,0.0,0.0,377.75,0.76,268.0,99720.0
1990-09-02 13:00:00+00:00,24.36,73.85,0.0,0.0,0.0,381.65,0.76,314.0,99800.0
1990-09-02 14:00:00+00:00,24.08,73.85,0.0,0.0,0.0,387.85,0.21,20.0,99870.0
1990-09-02 15:00:00+00:00,23.38,78.85,0.0,0.0,0.0,388.0,0.48,140.0,99860.0
1990-09-02 16:00:00+00:00,22.82,84.25,0.0,0.0,0.0,391.1,0.55,129.0,99860.0
1990-09-02 17:00:00+00:00,22.54,84.25,0.0,0.0,0.0,396.75,0.48,114.0,99850.0
1990-09-02 18:00:00+00:00,22.39,87.05,0.0,0.0,0.0,392.3,0.41,79.0,99820.0
1990-09-02 19:00:00+00:00,21.92,89.95,0.0,0.0,0.0,398.1,0.76,39.0,99820.0
1990-09-02 20:00:00+00:00,21.35,93.0,0.0,0.0,0.0,398.3,1.1,38.0,99830.0
1990-09-02 21:00:00+00:00,21.04,93.0,0.0,0.0,0.0,389.95,1.24,28.0,99810.0
1990-09-02 22:00:00+00:00,20.52,92.95,0.0,0.0,0.0,379.9,1.24,14.0,99860.0
1990-09-02 23:00:00+00:00,20.83,96.15,172.0,427.44,95.15,383.4,1.1,359.0,99900.0
1990-09-03 00:00:00+00:00,23.57,81.55,378.0,623.56,134.9,382.0,1.38,351.0,99960.0
1990-09-03 01:00:00+00:00,25.17,74.0,545.55,651.97,167.3,375.95,1.79,353.0,100000.0
1990-09-03 02:00:00+00:00,26.45,69.4,609.9,540.48,212.25,389.95,1.93,8.0,100020.0
1990-09-03 03:00:00+00:00,27.1,63.0,505.0,248.18,295.05,404.3,2.07,26.0,100010.0
1990-09-03 04:00:00+00:00,27.19,65.1,505.15,195.72,328.35,411.05,2.0,30.0,99980.0
1990-09-03 05:00:00+00:00,27.34,65.1,434.4,160.19,289.6,416.1,1.72,21.0,99950.0
1990-09-03 06:00:00+00:00,26.75,67.2,562.35,381.83,238.65,418.8,2.07,39.0,99910.0
1990-09-03 07:00:00+00:00,27.68,67.3,457.45,406.59,157.15,410.45,1.66,55.0,99810.0
1990-09-03 08:00:00+00:00,27.17,67.3,330.8,352.47,125.0,405.85,1.72,64.0,99770.0
1990-09-03 09:00:00+00:00,25.55,71.65,119.8,140.67,64.35,400.8,2.0,38.0,99800.0
1990-09-03 10:00:00+00:00,23.74,81.55,18.75,29.6,13.35,404.3,2.34,40.0,99850.0
1990-09-03 11:00:00+00:00,22.5,87.1,0.0,0.0,0.0,404.85,1.52,77.0,99920.0
1990-09-03 12:00:00+00:00,22.25,90.0,0.0,0.0,0.0,398.1,0.07,147.0,99980.0
1990-09-03 13:00:00+00:00,21.78,93.0,0.0,0.0,0.0,389.55,0.48,354.0,100080.0
1990-09-03 14:00:00+00:00,21.54,93.0,0.0,0.0,0.0,395.95,0.83,23.0,100130.0
1990-09-03 15:00:00+00:00,21.33,96.15,0.0,0.0,0.0,395.55,0.97,352.0,100110.0
1990-09-03 16:00:00+00:00,21.13,96.15,0.0,0.0,0.0,391.5,1.45,326.0,100060.0
1990-09-03 17:00:00+00:00,21.11,96.15,0.0,0.0,0.0,397.3,1.45,335.0,100070.0
1990-09-03 18:00:00+00:00,21.15,96.15,0.0,0.0,0.0,400.2,1.45,348.0,100070.0
1990-09-03 19:00:00+00:00,21.07,93.0,0.0,0.0,0.0,399.25,2.21,359.0,100110.0
1990-09-03 20:00:00+00:00,20.84,96.15,0.0,0.0,0.0,397.5,2.34,4.0,100110.0
1990-09-03 21:00:00+00:00,20.59,92.95,0.0,0.0,0.0,392.1,2.21,6.0,100140.0
1990-09-03 22:00:00+00:00,20.49,92.95,0.0,0.0,0.0,396.75,2.07,6.0,100180.0
1990-09-03 23:00:00+00:00,20.61,92.95,78.8,89.72,62.85,400.2,2.14,12.0,100240.0
1990-09-04 00:00:00+00:00,21.14,89.95,108.0,35.19,94.35,398.1,2.69,29.0,100290.0
1990-09-04 01:00:00+00:00,21.73,87.0,223.85,136.8,144.75,412.7,2.48,34.0,100310.0
1990-09-04 02:00:00+00:00,22.52,81.45,319.05,93.98,250.1,406.2,2.14,28.0,100350.0
1990-09-04 03:00:00+00:00,23.22,81.5,455.1,161.13,319.15,410.3,2.07,24.0,100340.0
1990-09-04 04:00:00+00:00,24.07,78.95,441.5,124.66,329.2,413.55,2.07,19.0,100290.0
1990-09-04 05:00:00+00:00,24.5,79.05,470.85,154.64,331.5,412.2,2.14,12.0,100210.0
1990-09-04 06:00:00+00:00,24.92,79.05,402.15,264.22,179.0,419.0,2.07,3.0,100130.0
1990-09-04 07:00:00+00:00,24.86,76.45,340.85,216.19,181.95,405.05,2.69,338.0,100110.0
1990-09-04 08:00:00+00:00,24.71,76.45,204.1,157.43,112.8,404.85,2.55,354.0,100050.0
1990-09-04 09:00:00+00:00,24.47,78.95,89.55,46.42,71.45,396.9,2.21,356.0,100060.0
1990-09-04 10:00:00+00:00,23.42,84.25,10.8,2.81,10.3,403.1,1.31,343.0,100030.0
1990-09-04 11:00:00+00:00,22.64,87.1,0.0,0.0,0.0,396.15,1.24,316.0,100090.0
1990-09-04 12:00:00+00:00,21.97,93.0,0.0,0.0,0.0,395.75,1.86,319.0,100160.0
1990-09-04 13:00:00+00:00,21.39,96.15,0.0,0.0,0.0,394.4,1.93,325.0,100250.0
1990-09-04 14:00:00+00:00,21.23,93.0,0.0,0.0,0.0,401.0,1.86,323.0,100280.0
1990-09-04 15:00:00+00:00,20.98,93.0,0.0,0.0,0.0,393.05,2.0,328.0,100250.0
1990-09-04 16:00:00+00:00,20.93,96.15,0.0,0.0,0.0,397.3,1.86,330.0,100230.0
1990-09-04 17:00:00+00:00,20.67,92.95,0.0,0.0,0.0,393.05,1.79,334.0,100200.0
1990-09-04 18:00:00+00:00,20.55,92.95,0.0,0.0,0.0,394.6,1.79,328.0,100180.0
1990-09-04 19:00:00+00:00,19.82,96.1,0.0,0.0,0.0,367.5,1.66,318.0,100220.0
1990-09-04 20:00:00+00:00,19.54,92.9,0.0,0.0,0.0,369.45,1.66,314.0,100210.0
1990-09-04 21:00:00+00:00,19.37,96.1,0.0,0.0,0.0,369.85,1.72,321.0,100210.0
1990-09-04 22:00:00+00:00,19.35,96.1,0.0,0.0,0.0,372.75,1.86,328.0,100260.0
1990-09-04 23:00:00+00:00,19.52,92.9,137.5,349.05,76.15,360.75,1.86,333.0,100310.0
1990-09-05 00:00:00+00:00,20.68,89.9,282.75,413.87,123.0,364.8,2.0,340.0,100360.0
1990-09-05 01:00:00+00:00,21.98,81.4,499.7,577.24,167.05,373.8,2.34,351.0,100350.0
1990-09-05 02:00:00+00:00,23.47,76.2,649.9,662.02,165.55,368.85,2.55,1.0,100380.0
1990-09-05 03:00:00+00:00,24.73,66.85,736.0,647.69,191.0,373.3,2.62,12.0,100340.0
1990-09-05 04:00:00+00:00,25.7,60.6,807.35,710.36,169.25,372.35,2.55,21.0,100280.0
1990-09-05 05:00:00+00:00,26.51,58.7,680.75,588.05,152.55,380.3,2.48,27.0,100230.0
1990-09-05 06:00:00+00:00,26.68,53.1,643.0,565.44,167.3,385.3,2.48,32.0,100130.0
1990-09-05 07:00:00+00:00,26.97,53.1,500.3,524.29,116.85,382.2,2.76,40.0,100070.0
1990-09-05 08:00:00+00:00,26.86,51.3,379.45,463.16,112.7,377.2,2.76,48.0,100020.0
1990-09-05 09:00:00+00:00,26.63,53.1,178.45,280.34,70.35,382.6,2.21,51.0,99980.0
1990-09-05 10:00:00+00:00,25.79,58.55,30.6,70.68,18.35,382.2,1.52,38.0,100000.0
1990-09-05 11:00:00+00:00,24.26,64.5,0.0,0.0,0.0,365.55,1.66,21.0,100050.0
1990-09-05 12:00:00+00:00,22.77,73.6,0.0,0.0,0.0,371.0,1.66,16.0,100090.0
1990-09-05 13:00:00+00:00,21.45,78.55,0.0,0.0,0.0,359.55,1.72,13.0,100150.0
1990-09-05 14:00:00+00:00,20.49,81.2,0.0,0.0,0.0,357.05,1.72,18.0,100200.0
1990-09-05 15:00:00+00:00,19.97,83.95,0.0,0.0,0.0,364.2,1.66,18.0,100190.0
1990-09-05 16:00:00+00:00,19.48,86.85,0.0,0.0,0.0,360.55,1.66,18.0,100150.0
1990-09-05 17:00:00+00:00,19.09,86.8,0.0,0.0,0.0,360.75,1.59,16.0,100140.0
1990-09-05 18:00:00+00:00,18.9,89.75,0.0,0.0,0.0,366.75,1.45,4.0,100100.0
1990-09-05 19:00:00+00:00,18.22,92.85,0.0,0.0,0.0,351.25,1.24,355.0,100120.0
1990-09-05 20:00:00+00:00,17.69,92.85,0.0,0.0,0.0,345.65,1.45,348.0,100090.0
1990-09-05 21:00:00+00:00,17.24,92.8,0.0,0.0,0.0,342.55,1.45,346.0,100080.0
1990-09-05 22:00:00+00:00,17.0,92.8,0.0,0.0,0.0,342.75,1.38,342.0,100130.0
1990-09-05 23:00:00+00:00,17.62,92.85,186.65,593.99,83.45,340.6,1.03,341.0,100160.0
1990-09-06 00:00:00+00:00,20.6,78.5,387.6,691.6,122.0,344.85,0.83,352.0,100180.0
1990-09-06 01:00:00+00:00,22.53,68.75,583.5,764.77,144.3,349.05,0.97,13.0,100160.0
1990-09-06 02:00:00+00:00,24.29,62.35,746.55,820.74,147.8,355.1,1.1,34.0,100170.0
1990-09-06 03:00:00+00:00,25.6,54.7,847.7,830.26,151.0,358.2,1.31,50.0,100140.0
1990-09-06 04:00:00+00:00,26.46,51.2,883.55,799.17,167.75,361.1,1.52,50.0,100080.0
1990-09-06 05:00:00+00:00,27.04,46.4,823.2,732.68,167.25,364.6,1.72,47.0,100020.0
1990-09-06 06:00:00+00:00,27.29,46.4,726.15,669.71,164.95,369.05,1.86,45.0,99940.0
1990-09-06 07:00:00+00:00,27.47,48.0,585.65,615.32,137.9,373.5,1.66,51.0,99880.0
1990-09-06 08:00:00+00:00,27.38,46.4,386.5,486.73,108.15,370.0,1.72,52.0,99820.0
1990-09-06 09:00:00+00:00,26.99,49.55,195.05,317.92,73.85,368.45,1.38,50.0,99820.0
1990-09-06 10:00:00+00:00,26.12,56.7,31.85,80.92,18.2,363.45,0.97,48.0,99830.0
1990-09-06 11:00:00+00:00,24.24,71.4,0.0,0.0,0.0,359.4,1.03,25.0,99840.0
1990-09-06 12:00:00+00:00,22.74,73.6,0.0,0.0,0.0,352.6,1.17,22.0,99910.0
1990-09-06 13:00:00+00:00,21.77,76.0,0.0,0.0,0.0,353.75,1.24,22.0,99990.0
1990-09-06 14:00:00+00:00,20.31,81.15,0.0,0.0,0.0,349.1,1.45,41.0,100030.0
1990-09-06 15:00:00+00:00,19.47,83.9,0.0,0.0,0.0,348.55,1.52,64.0,99990.0
1990-09-06 16:00:00+00:00,19.29,83.85,0.0,0.0,0.0,348.95,1.45,78.0,99950.0
1990-09-06 17:00:00+00:00,19.43,83.85,0.0,0.0,0.0,346.8,1.24,92.0,99900.0
1990-09-06 18:00:00+00:00,19.96,78.45,0.0,0.0,0.0,347.55,0.83,104.0,99880.0
1990-09-06 19:00:00+00:00,20.07,78.45,0.0,0.0,0.0,345.45,0.83,131.0,99850.0
1990-09-06 20:00:00+00:00,19.87,81.1,0.0,0.0,0.0,343.7,0.76,124.0,99840.0
1990-09-06 21:00:00+00:00,19.36,83.85,0.0,0.0,0.0,341.95,0.9,131.0,99810.0
1990-09-06 22:00:00+00:00,19.3,83.85,0.0,0.0,0.0,341.55,0.76,122.0,99850.0
1990-09-06 23:00:00+00:00,19.41,86.8,192.8,692.16,73.95,341.4,0.48,90.0,99890.0
1990-09-07 00:00:00+00:00,21.22,81.3,394.45,746.09,109.4,345.65,0.41,60.0,99980.0
1990-09-07 01:00:00+00:00,23.33,71.25,572.75,773.57,130.05,352.9,0.55,80.0,99990.0
1990-09-07 02:00:00+00:00,24.96,62.45,737.65,806.46,151.05,359.95,1.03,101.0,99990.0
1990-09-07 03:00:00+00:00,26.15,54.8,843.15,820.17,156.85,365.95,1.59,107.0,99930.0
1990-09-07 04:00:00+00:00,26.9,51.3,863.9,772.32,174.2,369.45,1.86,105.0,99860.0
1990-09-07 05:00:00+00:00,27.39,49.7,660.0,541.93,176.45,383.4,2.0,104.0,99780.0
1990-09-07 06:00:00+00:00,27.32,49.7,664.1,568.78,189.4,395.75,1.93,103.0,99730.0
1990-09-07 07:00:00+00:00,27.71,48.0,498.6,460.55,165.2,392.3,1.93,116.0,99650.0
1990-09-07 08:00:00+00:00,27.62,48.0,316.9,311.3,140.15,395.75,1.72,116.0,99630.0
1990-09-07 09:00:00+00:00,27.29,51.45,155.1,193.87,82.05,396.75,1.24,111.0,99610.0
1990-09-07 10:00:00+00:00,26.46,60.7,29.05,67.67,17.95,391.9,0.69,95.0,99630.0
1990-09-07 11:00:00+00:00,25.39,64.7,0.0,0.0,0.0,374.45,0.76,73.0,99670.0
1990-09-07 12:00:00+00:00,23.44,76.2,0.0,0.0,0.0,377.0,1.24,64.0,99720.0
1990-09-07 13:00:00+00:00,22.73,78.75,0.0,0.0,0.0,393.85,1.31,63.0,99800.0
1990-09-07 14:00:00+00:00,22.23,78.7,0.0,0.0,0.0,390.75,1.31,48.0,99830.0
1990-09-07 15:00:00+00:00,21.76,81.35,0.0,0.0,0.0,393.65,1.45,35.0,99850.0
1990-09-07 16:00:00+00:00,21.62,78.65,0.0,0.0,0.0,396.95,1.59,39.0,99840.0
1990-09-07 17:00:00+00:00,21.43,81.3,0.0,0.0,0.0,394.0,1.66,49.0,99840.0
1990-09-07 18:00:00+00:00,21.26,78.55,0.0,0.0,0.0,393.45,1.66,62.0,99810.0
1990-09-07 19:00:00+00:00,21.33,75.95,0.0,0.0,0.0,399.25,1.59,62.0,99760.0
1990-09-07 20:00:00+00:00,21.2,78.55,0.0,0.0,0.0,400.2,1.38,53.0,99810.0
1990-09-07 21:00:00+00:00,21.0,78.55,0.0,0.0,0.0,396.15,1.38,35.0,99810.0
1990-09-07 22:00:00+00:00,20.92,81.2,0.0,0.0,0.0,396.55,1.52,13.0,99860.0
1990-09-07 23:00:00+00:00,20.98,78.55,55.2,7.96,53.85,394.0,1.72,358.0,99910.0
1990-09-08 00:00:00+00:00,21.5,76.0,92.5,16.44,86.25,394.8,1.86,350.0,100000.0
1990-09-08 01:00:00+00:00,21.94,76.0,95.2,3.68,93.1,397.6,1.79,347.0,100050.0
1990-09-08 02:00:00+00:00,21.97,76.0,150.15,22.41,133.9,399.45,1.66,341.0,100110.0
1990-09-08 03:00:00+00:00,22.26,73.55,199.4,37.81,167.85,399.45,1.59,348.0,100120.0
1990-09-08 04:00:00+00:00,22.78,71.15,239.65,59.7,186.5,398.65,1.45,351.0,100090.0
1990-09-08 05:00:00+00:00,23.33,68.85,380.1,108.13,283.95,397.7,1.17,343.0,100020.0
1990-09-08 06:00:00+00:00,24.27,64.5,561.9,366.83,257.0,396.95,0.62,336.0,99980.0
1990-09-08 07:00:00+00:00,25.34,58.45,456.9,334.12,216.3,391.7,0.28,145.0,99900.0
1990-09-08 08:00:00+00:00,25.54,56.6,291.65,236.69,158.25,401.0,0.21,222.0,99880.0
1990-09-08 09:00:00+00:00,25.38,58.45,123.65,71.57,97.0,393.45,0.28,286.0,99880.0
1990-09-08 10:00:00+00:00,24.83,62.45,13.0,3.45,12.45,391.5,0.55,271.0,99920.0
1990-09-08 11:00:00+00:00,23.67,73.75,0.0,0.0,0.0,395.95,1.03,253.0,99960.0
1990-09-08 12:00:00+00:00,22.58,76.15,0.0,0.0,0.0,391.9,1.24,259.0,100030.0
1990-09-08 13:00:00+00:00,21.66,84.1,0.0,0.0,0.0,383.55,1.17,270.0,100130.0
1990-09-08 14:00:00+00:00,20.92,86.9,0.0,0.0,0.0,378.95,1.1,292.0,100160.0
1990-09-08 15:00:00+00:00,20.36,89.85,0.0,0.0,0.0,380.85,1.24,319.0,100170.0
1990-09-08 16:00:00+00:00,20.0,86.85,0.0,0.0,0.0,375.85,1.52,336.0,100130.0
1990-09-08 17:00:00+00:00,19.78,86.85,0.0,0.0,0.0,373.9,1.72,351.0,100120.0
1990-09-08 18:00:00+00:00,19.28,89.8,0.0,0.0,0.0,362.1,1.86,350.0,100080.0
1990-09-08 19:00:00+00:00,19.04,86.8,0.0,0.0,0.0,359.55,2.0,343.0,100060.0
1990-09-08 20:00:00+00:00,18.8,86.75,0.0,0.0,0.0,358.6,2.07,341.0,100050.0
1990-09-08 21:00:00+00:00,18.38,86.7,0.0,0.0,0.0,350.1,2.07,338.0,100060.0
1990-09-08 22:00:00+00:00,18.01,86.7,0.0,0.0,0.0,347.55,2.0,334.0,100070.0
1990-09-08 23:00:00+00:00,18.17,89.75,182.55,641.92,74.95,346.2,1.66,330.0,100140.0
1990-09-09 00:00:00+00:00,20.46,75.85,377.75,682.18,119.85,349.1,1.79,336.0,100190.0
1990-09-09 01:00:00+00:00,22.46,68.7,565.1,740.18,144.55,357.15,2.0,343.0,100200.0
1990-09-09 02:00:00+00:00,24.19,62.35,720.55,781.49,155.55,361.1,2.14,351.0,100220.0
1990-09-09 03:00:00+00:00,25.54,58.55,782.05,742.93,164.0,367.5,2.07,2.0,100200.0
1990-09-09 04:00:00+00:00,26.4,56.7,696.5,527.41,228.4,373.5,1.86,24.0,100140.0
1990-09-09 05:00:00+00:00,26.82,54.95,618.75,440.8,228.15,390.55,1.66,48.0,100080.0
1990-09-09 06:00:00+00:00,27.16,51.45,497.3,332.8,221.85,400.2,1.38,60.0,100030.0
1990-09-09 07:00:00+00:00,27.26,51.45,523.95,508.69,159.6,401.2,0.97,43.0,99920.0
1990-09-09 08:00:00+00:00,27.55,51.45,329.95,373.34,121.1,393.85,0.97,41.0,99890.0
1990-09-09 09:00:00+00:00,27.38,51.45,153.05,227.41,69.4,389.55,0.62,29.0,99900.0
1990-09-09 10:00:00+00:00,26.61,60.8,23.05,52.39,14.95,387.25,0.62,291.0,99920.0
1990-09-09 11:00:00+00:00,24.79,69.15,0.0,0.0,0.0,381.45,1.45,283.0,99930.0
1990-09-09 12:00:00+00:00,22.92,78.75,0.0,0.0,0.0,367.9,1.59,293.0,100000.0
1990-09-09 13:00:00+00:00,21.8,84.1,0.0,0.0,0.0,367.1,1.38,311.0,100070.0
1990-09-09 14:00:00+00:00,21.22,84.05,0.0,0.0,0.0,362.5,1.17,337.0,100140.0
1990-09-09 15:00:00+00:00,20.54,86.9,0.0,0.0,0.0,358.8,1.17,0.0,100130.0
1990-09-09 16:00:00+00:00,20.29,86.85,0.0,0.0,0.0,355.1,1.03,15.0,100120.0
1990-09-09 17:00:00+00:00,20.44,86.85,0.0,0.0,0.0,356.85,0.83,23.0,100080.0
1990-09-09 18:00:00+00:00,20.71,84.05,0.0,0.0,0.0,353.75,0.48,10.0,100070.0
1990-09-09 19:00:00+00:00,20.47,81.2,0.0,0.0,0.0,352.0,0.69,336.0,100060.0
1990-09-09 20:00:00+00:00,19.15,89.8,0.0,0.0,0.0,347.2,1.03,332.0,100060.0
1990-09-09 21:00:00+00:00,17.88,96.05,0.0,0.0,0.0,345.25,1.38,333.0,100050.0
1990-09-09 22:00:00+00:00,17.35,96.05,0.0,0.0,0.0,345.45,1.52,338.0,100090.0
1990-09-09 23:00:00+00:00,18.17,96.05,182.45,675.56,70.6,353.75,1.1,342.0,100150.0
1990-09-10 00:00:00+00:00,21.12,81.3,388.3,749.7,106.4,345.85,0.97,345.0,100180.0
1990-09-10 01:00:00+00:00,23.32,73.7,583.2,803.25,128.5,351.75,1.17,348.0,100190.0
1990-09-10 02:00:00+00:00,25.22,62.55,736.05,821.54,143.95,356.5,1.24,358.0,100230.0
1990-09-10 03:00:00+00:00,26.62,54.95,839.5,833.0,148.6,362.65,1.31,5.0,100230.0
1990-09-10 04:00:00+00:00,27.57,49.7,878.4,824.98,148.5,365.75,1.45,8.0,100150.0
1990-09-10 05:00:00+00:00,28.17,48.15,819.15,741.16,164.75,369.25,1.45,15.0,100090.0
1990-09-10 06:00:00+00:00,28.47,46.5,685.05,601.11,189.65,372.55,1.45,19.0,100020.0
1990-09-10 07:00:00+00:00,28.54,44.95,540.7,500.54,184.15,383.75,1.17,21.0,99960.0
1990-09-10 08:00:00+00:00,28.44,44.95,350.65,384.04,137.45,379.5,1.1,17.0,99920.0
1990-09-10 09:00:00+00:00,28.05,48.15,148.55,132.54,100.4,376.4,0.83,26.0,99920.0
1990-09-10 10:00:00+00:00,26.89,53.1,21.55,26.36,17.6,374.65,0.41,31.0,99930.0
1990-09-10 11:00:00+00:00,26.22,54.8,0.0,0.0,0.0,370.2,0.41,50.0,99950.0
1990-09-10 12:00:00+00:00,25.19,58.45,0.0,0.0,0.0,366.55,0.21,36.0,99990.0
1990-09-10 13:00:00+00:00,24.25,62.35,0.0,0.0,0.0,362.85,0.0,300.0,100060.0
1990-09-10 14:00:00+00:00,23.31,68.85,0.0,0.0,0.0,354.15,0.28,245.0,100120.0
1990-09-10 15:00:00+00:00,22.33,73.55,0.0,0.0,0.0,348.75,0.41,252.0,100120.0
1990-09-10 16:00:00+00:00,21.42,81.3,0.0,0.0,0.0,344.3,0.48,296.0,100100.0
1990-09-10 17:00:00+00:00,20.75,84.05,0.0,0.0,0.0,343.1,0.69,344.0,100070.0
1990-09-10 18:00:00+00:00,19.27,89.8,0.0,0.0,0.0,340.4,1.03,356.0,100020.0
1990-09-10 19:00:00+00:00,19.3,89.8,0.0,0.0,0.0,343.1,1.1,2.0,100050.0
1990-09-10 20:00:00+00:00,18.47,89.75,0.0,0.0,0.0,339.85,1.24,8.0,100050.0
1990-09-10 21:00:00+00:00,17.92,92.85,0.0,0.0,0.0,337.3,1.31,3.0,100030.0
1990-09-10 22:00:00+00:00,17.45,92.85,0.0,0.0,0.0,335.0,1.31,348.0,100070.0
1990-09-10 23:00:00+00:00,17.68,92.85,190.05,729.06,70.85,334.2,1.17,332.0,100120.0
1990-09-11 00:00:00+00:00,20.96,84.05,394.65,772.8,105.65,337.3,1.03,328.0,100170.0
1990-09-11 01:00:00+00:00,23.33,71.25,587.4,813.91,128.4,343.8,1.24,334.0,100190.0
1990-09-11 02:00:00+00:00,25.32,62.55,739.05,829.94,142.8,352.4,1.38,349.0,100230.0
1990-09-11 03:00:00+00:00,26.86,56.85,834.45,825.53,151.85,359.75,1.38,7.0,100220.0
1990-09-11 04:00:00+00:00,27.98,53.2,864.8,803.56,156.15,366.35,1.31,27.0,100180.0
1990-09-11 05:00:00+00:00,28.61,46.65,819.55,751.08,158.8,371.0,1.17,42.0,100090.0
1990-09-11 06:00:00+00:00,28.99,46.65,726.15,710.93,142.8,373.9,0.97,45.0,100050.0
1990-09-11 07:00:00+00:00,29.17,43.65,568.45,615.71,132.3,376.2,0.62,65.0,99960.0
1990-09-11 08:00:00+00:00,29.12,43.65,376.0,490.7,105.7,382.8,0.69,57.0,99910.0
1990-09-11 09:00:00+00:00,28.8,46.65,170.05,285.47,67.65,378.15,0.62,55.0,99900.0
1990-09-11 10:00:00+00:00,27.56,58.9,21.65,54.47,13.75,377.2,0.48,322.0,99890.0
1990-09-11 11:00:00+00:00,25.55,67.05,0.0,0.0,0.0,377.2,1.17,300.0,99910.0
1990-09-11 12:00:00+00:00,23.73,73.75,0.0,0.0,0.0,371.2,1.38,309.0,99950.0
1990-09-11 13:00:00+00:00,24.07,69.05,0.0,0.0,0.0,374.3,0.9,331.0,100030.0
1990-09-11 14:00:00+00:00,23.7,71.35,0.0,0.0,0.0,371.2,0.48,19.0,100050.0
1990-09-11 15:00:00+00:00,22.87,76.15,0.0,0.0,0.0,372.55,0.41,74.0,100040.0
1990-09-11 16:00:00+00:00,22.47,81.4,0.0,0.0,0.0,380.1,0.34,104.0,100030.0
1990-09-11 17:00:00+00:00,22.32,81.4,0.0,0.0,0.0,380.45,0.14,91.0,100020.0
1990-09-11 18:00:00+00:00,21.9,84.1,0.0,0.0,0.0,376.8,0.34,317.0,99980.0
1990-09-11 19:00:00+00:00,21.11,86.95,0.0,0.0,0.0,379.9,0.83,323.0,99960.0
1990-09-11 20:00:00+00:00,20.35,92.95,0.0,0.0,0.0,375.45,1.1,323.0,99950.0
1990-09-11 21:00:00+00:00,19.92,92.9,0.0,0.0,0.0,376.8,1.24,320.0,99960.0
1990-09-11 22:00:00+00:00,19.91,96.1,0.0,0.0,0.0,382.2,1.17,317.0,99980.0
1990-09-11 23:00:00+00:00,20.7,89.9,77.75,96.33,62.2,389.55,0.83,318.0,99990.0
1990-09-12 00:00:00+00:00,22.19,84.15,145.5,43.7,129.25,398.85,0.48,324.0,100030.0
1990-09-12 01:00:00+00:00,23.32,81.5,298.7,109.74,237.05,403.8,0.34,331.0,100050.0
1990-09-12 02:00:00+00:00,24.87,73.95,496.15,333.13,257.6,412.0,0.21,326.0,100080.0
1990-09-12 03:00:00+00:00,26.23,69.4,623.7,455.86,247.95,409.1,0.14,216.0,100040.0
1990-09-12 04:00:00+00:00,27.36,65.1,632.1,405.87,275.35,414.75,0.55,195.0,100010.0
1990-09-12 05:00:00+00:00,27.97,65.1,457.85,288.83,204.7,414.35,0.83,210.0,99940.0
1990-09-12 06:00:00+00:00,28.0,65.1,409.35,179.77,262.5,422.45,0.76,223.0,99880.0
1990-09-12 07:00:00+00:00,27.03,65.1,294.55,137.86,197.45,422.3,1.03,299.0,99830.0
1990-09-12 08:00:00+00:00,26.78,67.2,93.1,14.64,85.1,423.05,1.52,314.0,99820.0
1990-09-12 09:00:00+00:00,25.94,74.1,17.25,0.0,17.25,424.4,1.93,328.0,99840.0
1990-09-12 10:00:00+00:00,24.79,81.7,1.7,0.0,1.7,423.05,1.93,341.0,99880.0
1990-09-12 11:00:00+00:00,23.71,90.1,0.0,0.0,0.0,422.1,1.93,0.0,99950.0
1990-09-12 12:00:00+00:00,23.21,93.05,0.0,0.0,0.0,419.0,1.79,15.0,100000.0
1990-09-12 13:00:00+00:00,22.99,93.05,0.0,0.0,0.0,420.35,1.66,15.0,100110.0
1990-09-12 14:00:00+00:00,22.68,93.05,0.0,0.0,0.0,416.65,1.79,4.0,100120.0
1990-09-12 15:00:00+00:00,22.37,96.15,0.0,0.0,0.0,414.9,1.72,351.0,100100.0
1990-09-12 16:00:00+00:00,22.12,93.05,0.0,0.0,0.0,414.75,1.59,341.0,100080.0
1990-09-12 17:00:00+00:00,21.91,96.15,0.0,0.0,0.0,413.55,1.59,334.0,100070.0
1990-09-12 18:00:00+00:00,21.73,96.15,0.0,0.0,0.0,413.4,1.59,336.0,100030.0
1990-09-12 19:00:00+00:00,21.01,93.0,0.0,0.0,0.0,408.15,1.79,321.0,100080.0
1990-09-12 20:00:00+00:00,20.93,96.15,0.0,0.0,0.0,408.9,1.93,323.0,100090.0
1990-09-12 21:00:00+00:00,20.97,89.95,0.0,0.0,0.0,408.15,2.0,327.0,100060.0
1990-09-12 22:00:00+00:00,20.89,92.95,0.0,0.0,0.0,400.6,1.93,328.0,100080.0
1990-09-12 23:00:00+00:00,20.98,89.95,32.5,14.75,30.15,406.0,1.79,329.0,100090.0
1990-09-13 00:00:00+00:00,21.3,89.95,52.6,1.22,52.15,406.8,1.66,331.0,100120.0
1990-09-13 01:00:00+00:00,21.61,89.95,101.6,16.35,92.45,407.3,1.86,334.0,100130.0
1990-09-13 02:00:00+00:00,22.0,84.15,51.15,0.0,51.15,407.95,2.28,333.0,100180.0
1990-09-13 03:00:00+00:00,21.76,89.95,64.6,0.0,64.6,407.95,2.14,329.0,100190.0
1990-09-13 04:00:00+00:00,21.73,89.95,85.8,0.0,85.8,409.7,2.34,330.0,100130.0
1990-09-13 05:00:00+00:00,21.79,89.95,52.4,0.0,52.4,409.5,2.48,329.0,100100.0
1990-09-13 06:00:00+00:00,21.48,89.95,53.85,0.0,53.85,409.3,2.55,329.0,100060.0
1990-09-13 07:00:00+00:00,21.14,89.95,56.2,0.0,56.2,406.0,2.34,330.0,100070.0
1990-09-13 08:00:00+00:00,21.18,89.95,22.05,0.0,22.05,406.6,2.28,332.0,100050.0
1990-09-13 09:00:00+00:00,21.0,89.95,11.1,0.0,11.1,406.0,2.07,332.0,100050.0
1990-09-13 10:00:00+00:00,20.86,92.95,1.95,0.0,1.95,405.45,1.79,333.0,100030.0
1990-09-13 11:00:00+00:00,20.73,92.95,0.0,0.0,0.0,404.1,1.66,338.0,100030.0
1990-09-13 12:00:00+00:00,20.61,92.95,0.0,0.0,0.0,401.75,1.52,346.0,100070.0
1990-09-13 13:00:00+00:00,20.44,96.1,0.0,0.0,0.0,396.55,1.31,356.0,100090.0
1990-09-13 14:00:00+00:00,20.32,96.1,0.0,0.0,0.0,393.25,1.38,354.0,100190.0
1990-09-13 15:00:00+00:00,20.06,92.95,0.0,0.0,0.0,386.1,1.45,358.0,100170.0
1990-09-13 16:00:00+00:00,19.84,96.1,0.0,0.0,0.0,384.55,1.38,9.0,100150.0
1990-09-13 17:00:00+00:00,19.57,96.1,0.0,0.0,0.0,381.45,1.31,15.0,100100.0
1990-09-13 18:00:00+00:00,19.19,96.1,0.0,0.0,0.0,376.0,1.24,8.0,100060.0
1990-09-13 19:00:00+00:00,19.45,92.9,0.0,0.0,0.0,388.2,1.03,10.0,100060.0
1990-09-13 20:00:00+00:00,19.21,96.1,0.0,0.0,0.0,378.55,0.9,8.0,100030.0
1990-09-13 21:00:00+00:00,19.6,92.9,0.0,0.0,0.0,375.85,0.55,359.0,100020.0
1990-09-13 22:00:00+00:00,19.56,92.9,0.0,0.0,0.0,377.0,0.14,55.0,100040.0
1990-09-13 23:00:00+00:00,19.38,96.1,70.55,13.67,68.4,377.4,0.21,130.0,100080.0
1990-09-14 00:00:00+00:00,20.03,92.95,196.65,83.23,166.05,376.6,0.07,206.0,100120.0
1990-09-14 01:00:00+00:00,21.48,84.1,353.05,180.13,252.65,373.6,0.34,300.0,100110.0
1990-09-14 02:00:00+00:00,22.96,78.75,493.25,296.78,282.15,379.3,1.03,317.0,100130.0
1990-09-14 03:00:00+00:00,24.3,71.4,629.5,344.53,347.35,379.3,1.45,316.0,100110.0
1990-09-14 04:00:00+00:00,25.62,64.8,719.25,482.93,297.65,382.2,1.66,314.0,100020.0
1990-09-14 05:00:00+00:00,26.89,60.8,765.7,654.43,196.5,382.4,1.72,311.0,99950.0
1990-09-14 06:00:00+00:00,27.92,58.9,724.9,722.71,139.9,374.65,1.66,309.0,99870.0
1990-09-14 07:00:00+00:00,29.02,51.65,568.55,638.19,124.25,371.95,2.21,318.0,99720.0
1990-09-14 08:00:00+00:00,29.08,48.4,364.3,489.6,101.05,371.0,1.93,320.0,99680.0
1990-09-14 09:00:00+00:00,28.68,53.45,163.3,286.16,64.65,372.75,1.03,324.0,99670.0
1990-09-14 10:00:00+00:00,27.68,58.9,18.3,51.34,11.6,369.45,0.14,198.0,99630.0
1990-09-14 11:00:00+00:00,24.73,73.95,0.0,0.0,0.0,362.5,1.52,173.0,99650.0
1990-09-14 12:00:00+00:00,22.72,81.45,0.0,0.0,0.0,356.85,2.21,180.0,99680.0
1990-09-14 13:00:00+00:00,21.57,84.1,0.0,0.0,0.0,357.45,2.21,184.0,99760.0
1990-09-14 14:00:00+00:00,20.86,89.9,0.0,0.0,0.0,354.35,2.21,187.0,99790.0
1990-09-14 15:00:00+00:00,20.27,92.95,0.0,0.0,0.0,353.95,2.07,184.0,99810.0
1990-09-14 16:00:00+00:00,19.78,92.9,0.0,0.0,0.0,352.6,1.93,178.0,99800.0
1990-09-14 17:00:00+00:00,19.29,96.1,0.0,0.0,0.0,350.1,1.79,174.0,99780.0
1990-09-14 18:00:00+00:00,18.83,96.1,0.0,0.0,0.0,347.55,1.79,175.0,99740.0
1990-09-14 19:00:00+00:00,18.47,96.1,0.0,0.0,0.0,342.75,1.79,174.0,99740.0
1990-09-14 20:00:00+00:00,18.01,96.05,0.0,0.0,0.0,340.8,1.59,177.0,99740.0
1990-09-14 21:00:00+00:00,17.58,96.05,0.0,0.0,0.0,338.3,1.38,183.0,99750.0
1990-09-14 22:00:00+00:00,17.17,99.4,0.0,0.0,0.0,336.15,1.24,192.0,99800.0
1990-09-14 23:00:00+00:00,17.96,96.05,180.55,701.1,71.8,334.6,0.83,203.0,99810.0
1990-09-15 00:00:00+00:00,20.59,89.9,386.3,762.2,107.7,337.5,0.55,203.0,99850.0
1990-09-15 01:00:00+00:00,23.03,76.2,581.55,813.44,130.0,343.25,0.34,220.0,99860.0
1990-09-15 02:00:00+00:00,25.12,69.25,737.45,838.77,142.9,350.65,0.21,257.0,99900.0
1990-09-15 03:00:00+00:00,26.87,62.9,834.7,838.81,150.05,358.0,0.21,292.0,99870.0
1990-09-15 04:00:00+00:00,28.31,57.05,867.05,822.88,151.2,365.2,0.14,309.0,99810.0
1990-09-15 05:00:00+00:00,29.28,51.8,827.75,785.61,147.15,369.45,0.21,323.0,99750.0
1990-09-15 06:00:00+00:00,29.88,48.5,729.9,736.48,136.55,372.15,0.14,1.0,99700.0
1990-09-15 07:00:00+00:00,30.17,43.95,569.05,646.71,121.5,369.65,0.34,13.0,99590.0
1990-09-15 08:00:00+00:00,30.11,42.45,370.8,508.14,99.85,369.65,0.28,90.0,99580.0
1990-09-15 09:00:00+00:00,29.65,46.9,163.2,293.36,63.45,367.5,0.62,137.0,99540.0
1990-09-15 10:00:00+00:00,28.04,63.1,17.25,50.15,10.95,364.6,0.97,155.0,99550.0
1990-09-15 11:00:00+00:00,25.35,71.6,0.0,0.0,0.0,356.5,1.45,163.0,99550.0
1990-09-15 12:00:00+00:00,23.35,78.85,0.0,0.0,0.0,350.1,1.52,171.0,99620.0
1990-09-15 13:00:00+00:00,22.51,76.15,0.0,0.0,0.0,346.0,1.38,174.0,99660.0
1990-09-15 14:00:00+00:00,22.02,78.7,0.0,0.0,0.0,343.9,1.31,183.0,99720.0
1990-09-15 15:00:00+00:00,21.02,81.3,0.0,0.0,0.0,342.95,1.31,190.0,99740.0
1990-09-15 16:00:00+00:00,19.53,86.85,0.0,0.0,0.0,342.95,1.52,182.0,99750.0
1990-09-15 17:00:00+00:00,18.65,92.85,0.0,0.0,0.0,342.35,1.59,174.0,99750.0
1990-09-15 18:00:00+00:00,18.35,92.85,0.0,0.0,0.0,341.4,1.52,169.0,99730.0
1990-09-15 19:00:00+00:00,17.48,92.85,0.0,0.0,0.0,333.65,1.59,164.0,99710.0
1990-09-15 20:00:00+00:00,17.54,92.85,0.0,0.0,0.0,332.65,1.45,157.0,99720.0
1990-09-15 21:00:00+00:00,18.17,92.85,0.0,0.0,0.0,330.75,1.17,160.0,99710.0
1990-09-15 22:00:00+00:00,18.5,89.75,0.0,0.0,0.0,329.75,0.9,174.0,99760.0
1990-09-15 23:00:00+00:00,18.67,92.85,184.6,755.3,69.05,329.95,0.83,180.0,99810.0
1990-09-16 00:00:00+00:00,20.91,89.9,392.4,794.96,103.55,333.85,0.62,171.0,99830.0
1990-09-16 01:00:00+00:00,23.87,76.3,585.45,831.19,125.95,341.3,0.83,163.0,99860.0
1990-09-16 02:00:00+00:00,26.04,67.15,737.6,846.13,139.95,351.05,1.1,161.0,99890.0
1990-09-16 03:00:00+00:00,27.93,63.0,831.6,839.95,148.35,359.95,1.38,160.0,99880.0
1990-09-16 04:00:00+00:00,29.33,50.05,860.3,819.78,149.7,367.3,1.93,164.0,99830.0
1990-09-16 05:00:00+00:00,29.93,43.8,794.65,732.22,162.85,371.4,1.93,162.0,99780.0
1990-09-16 06:00:00+00:00,30.11,41.0,718.95,729.22,134.25,376.2,1.72,154.0,99730.0
1990-09-16 07:00:00+00:00,30.27,38.3,556.35,627.4,124.8,368.45,1.93,150.0,99650.0
1990-09-16 08:00:00+00:00,29.98,40.9,356.85,485.14,100.35,369.25,1.86,154.0,99640.0
1990-09-16 09:00:00+00:00,29.27,48.4,152.9,265.3,63.95,370.6,1.31,164.0,99650.0
1990-09-16 10:00:00+00:00,27.73,63.0,14.95,41.0,10.0,372.15,1.1,174.0,99680.0
1990-09-16 11:00:00+00:00,25.8,67.05,0.0,0.0,0.0,364.2,1.03,189.0,99720.0
1990-09-16 12:00:00+00:00,25.58,60.6,0.0,0.0,0.0,359.55,0.83,204.0,99780.0
1990-09-16 13:00:00+00:00,25.2,60.45,0.0,0.0,0.0,357.05,0.62,194.0,99860.0
1990-09-16 14:00:00+00:00,24.28,64.5,0.0,0.0,0.0,360.95,0.48,164.0,99940.0
1990-09-16 15:00:00+00:00,23.16,71.25,0.0,0.0,0.0,355.7,0.48,113.0,99980.0
1990-09-16 16:00:00+00:00,22.33,76.1,0.0,0.0,0.0,364.4,0.48,90.0,100000.0
1990-09-16 17:00:00+00:00,22.07,78.7,0.0,0.0,0.0,374.85,0.28,78.0,100000.0
1990-09-16 18:00:00+00:00,21.83,81.35,0.0,0.0,0.0,378.15,0.21,105.0,99970.0
1990-09-16 19:00:00+00:00,21.76,81.35,0.0,0.0,0.0,365.2,0.55,21.0,99940.0
1990-09-16 20:00:00+00:00,21.68,81.35,0.0,0.0,0.0,367.3,0.62,335.0,99970.0
1990-09-16 21:00:00+00:00,20.72,86.9,0.0,0.0,0.0,363.65,0.97,301.0,100020.0
1990-09-16 22:00:00+00:00,19.38,92.9,0.0,0.0,0.0,357.05,1.31,290.0,100090.0
1990-09-16 23:00:00+00:00,19.4,92.9,147.4,475.99,75.6,356.85,1.17,298.0,100160.0
1990-09-17 00:00:00+00:00,22.27,84.15,298.35,494.66,119.7,366.95,0.76,312.0,100210.0
1990-09-17 01:00:00+00:00,24.5,69.15,387.75,357.95,190.7,379.05,0.97,324.0,100230.0
1990-09-17 02:00:00+00:00,25.82,64.8,591.6,582.84,181.4,395.2,1.17,330.0,100270.0
1990-09-17 03:00:00+00:00,27.26,56.95,686.25,560.75,231.7,392.65,1.52,330.0,100250.0
1990-09-17 04:00:00+00:00,28.29,53.35,659.7,494.46,232.65,397.3,1.93,323.0,100200.0
1990-09-17 05:00:00+00:00,28.73,51.65,445.55,179.09,291.65,398.85,2.41,318.0,100170.0
1990-09-17 06:00:00+00:00,28.52,51.55,183.0,17.55,169.0,411.05,2.9,317.0,100130.0
1990-09-17 07:00:00+00:00,26.84,60.8,129.95,7.61,124.75,412.0,3.31,311.0,100120.0
1990-09-17 08:00:00+00:00,26.19,60.7,71.9,0.0,71.9,408.75,3.93,317.0,100100.0
1990-09-17 09:00:00+00:00,25.56,60.6,37.05,0.0,37.05,407.2,3.66,320.0,100110.0
1990-09-17 10:00:00+00:00,24.95,64.6,6.55,2.59,6.25,406.2,3.03,324.0,100140.0
1990-09-17 11:00:00+00:00,24.21,66.75,0.0,0.0,0.0,400.0,2.55,324.0,100170.0
1990-09-17 12:00:00+00:00,23.38,68.85,0.0,0.0,0.0,387.45,2.48,320.0,100230.0
1990-09-17 13:00:00+00:00,22.83,68.75,0.0,0.0,0.0,384.55,2.62,318.0,100300.0
1990-09-17 14:00:00+00:00,22.37,68.7,0.0,0.0,0.0,377.2,2.83,317.0,100340.0
1990-09-17 15:00:00+00:00,22.16,64.1,0.0,0.0,0.0,377.75,3.03,315.0,100360.0
1990-09-17 16:00:00+00:00,21.66,61.85,0.0,0.0,0.0,363.85,3.31,312.0,100330.0
1990-09-17 17:00:00+00:00,21.32,61.7,0.0,0.0,0.0,360.95,3.59,312.0,100300.0
1990-09-17 18:00:00+00:00,20.72,61.6,0.0,0.0,0.0,346.2,3.59,313.0,100270.0
1990-09-17 19:00:00+00:00,20.42,65.95,0.0,0.0,0.0,354.15,3.31,318.0,100310.0
1990-09-17 20:00:00+00:00,19.85,63.6,0.0,0.0,0.0,343.5,3.31,316.0,100280.0
1990-09-17 21:00:00+00:00,19.21,63.5,0.0,0.0,0.0,329.2,3.31,316.0,100250.0
1990-09-17 22:00:00+00:00,18.69,63.4,0.0,0.0,0.0,317.75,3.31,316.0,100280.0
1990-09-17 23:00:00+00:00,18.45,65.65,189.45,815.15,68.25,309.45,3.17,317.0,100290.0
1990-09-18 00:00:00+00:00,20.02,65.95,404.65,844.58,101.5,307.5,2.97,318.0,100290.0
1990-09-18 01:00:00+00:00,22.44,59.8,603.6,877.7,122.5,311.7,3.52,319.0,100270.0
1990-09-18 02:00:00+00:00,24.38,50.7,758.35,886.46,136.75,317.95,4.21,320.0,100270.0
1990-09-18 03:00:00+00:00,25.82,44.45,855.0,880.3,143.95,324.75,4.62,323.0,100260.0
1990-09-18 04:00:00+00:00,26.83,37.5,884.6,859.32,145.2,329.95,4.62,329.0,100170.0
1990-09-18 05:00:00+00:00,27.47,35.05,843.25,819.8,141.7,333.05,4.21,333.0,100100.0
1990-09-18 06:00:00+00:00,27.82,35.05,735.4,758.39,133.25,335.4,3.86,333.0,100010.0
1990-09-18 07:00:00+00:00,27.87,35.05,569.6,663.22,119.05,336.75,4.0,333.0,99890.0
1990-09-18 08:00:00+00:00,27.71,37.6,365.25,516.53,96.85,338.5,3.38,334.0,99860.0
1990-09-18 09:00:00+00:00,26.98,44.7,154.45,289.2,60.25,340.2,2.28,332.0,99790.0
1990-09-18 10:00:00+00:00,25.53,49.3,13.4,41.04,8.85,339.25,1.79,322.0,99780.0
1990-09-18 11:00:00+00:00,23.04,60.05,0.0,0.0,0.0,334.6,1.66,316.0,99800.0
1990-09-18 12:00:00+00:00,20.91,70.8,0.0,0.0,0.0,331.5,1.52,339.0,99860.0
1990-09-18 13:00:00+00:00,19.28,75.65,0.0,0.0,0.0,329.2,1.86,2.0,99940.0
1990-09-18 14:00:00+00:00,18.28,78.15,0.0,0.0,0.0,326.85,2.0,2.0,99990.0
1990-09-18 15:00:00+00:00,17.65,80.85,0.0,0.0,0.0,323.2,2.21,346.0,99990.0
1990-09-18 16:00:00+00:00,17.14,80.8,0.0,0.0,0.0,319.1,2.34,332.0,99970.0
1990-09-18 17:00:00+00:00,16.66,78.0,0.0,0.0,0.0,316.8,2.34,328.0,99950.0
1990-09-18 18:00:00+00:00,16.07,80.75,0.0,0.0,0.0,315.05,2.07,345.0,99950.0
1990-09-18 19:00:00+00:00,15.95,75.25,0.0,0.0,0.0,313.9,2.34,349.0,100000.0
1990-09-18 20:00:00+00:00,15.79,75.15,0.0,0.0,0.0,313.1,2.55,354.0,100010.0
1990-09-18 21:00:00+00:00,15.73,75.15,0.0,0.0,0.0,312.35,2.69,349.0,100040.0
1990-09-18 22:00:00+00:00,15.76,72.55,0.0,0.0,0.0,312.35,2.83,348.0,100060.0
1990-09-18 23:00:00+00:00,16.22,72.65,181.4,769.23,68.7,311.55,2.83,349.0,100110.0
1990-09-19 00:00:00+00:00,18.43,70.35,391.25,804.62,104.25,313.3,2.76,347.0,100120.0
1990-09-19 01:00:00+00:00,21.04,59.6,588.3,846.56,126.3,317.3,3.52,352.0,100160.0
1990-09-19 02:00:00+00:00,22.93,55.9,743.5,863.67,140.15,322.8,4.07,359.0,100160.0
1990-09-19 03:00:00+00:00,24.46,50.7,840.45,861.06,147.45,328.6,4.34,1.0,100110.0
1990-09-19 04:00:00+00:00,25.68,46.0,868.95,838.9,149.85,333.25,4.48,358.0,100050.0
1990-09-19 05:00:00+00:00,26.48,43.05,827.3,799.05,146.4,337.5,4.69,354.0,99950.0
1990-09-19 06:00:00+00:00,26.93,40.25,723.35,743.85,135.7,339.85,4.9,351.0,99860.0
1990-09-19 07:00:00+00:00,27.25,36.3,559.7,651.16,120.15,339.45,4.62,347.0,99820.0
1990-09-19 08:00:00+00:00,27.22,36.3,358.35,507.74,96.85,340.2,4.07,348.0,99780.0
1990-09-19 09:00:00+00:00,26.52,43.05,150.35,283.87,59.25,339.85,2.97,353.0,99750.0
1990-09-19 10:00:00+00:00,24.8,49.05,12.15,38.23,8.1,335.95,2.41,3.0,99770.0
1990-09-19 11:00:00+00:00,22.69,54.0,0.0,0.0,0.0,328.2,2.55,17.0,99840.0
1990-09-19 12:00:00+00:00,21.23,55.55,0.0,0.0,0.0,323.55,2.69,26.0,99900.0
1990-09-19 13:00:00+00:00,20.12,57.3,0.0,0.0,0.0,320.1,2.55,25.0,100010.0
1990-09-19 14:00:00+00:00,18.93,61.2,0.0,0.0,0.0,318.55,2.28,16.0,100050.0
1990-09-19 15:00:00+00:00,17.73,65.45,0.0,0.0,0.0,317.0,2.07,3.0,100060.0
1990-09-19 16:00:00+00:00,16.87,67.75,0.0,0.0,0.0,316.6,2.14,350.0,100080.0
1990-09-19 17:00:00+00:00,16.27,70.1,0.0,0.0,0.0,315.25,2.21,336.0,100110.0
1990-09-19 18:00:00+00:00,15.83,72.55,0.0,0.0,0.0,315.05,2.21,326.0,100120.0
1990-09-19 19:00:00+00:00,15.31,75.1,0.0,0.0,0.0,311.75,2.14,335.0,100180.0
1990-09-19 20:00:00+00:00,14.84,77.75,0.0,0.0,0.0,311.55,2.0,333.0,100190.0
1990-09-19 21:00:00+00:00,14.45,77.75,0.0,0.0,0.0,310.6,1.79,328.0,100260.0
1990-09-19 22:00:00+00:00,14.22,80.45,0.0,0.0,0.0,309.45,1.72,320.0,100290.0
1990-09-19 23:00:00+00:00,14.32,83.4,179.5,774.67,67.7,308.85,1.59,312.0,100380.0
1990-09-20 00:00:00+00:00,18.26,78.15,389.05,808.38,102.55,311.95,0.97,320.0,100410.0
1990-09-20 01:00:00+00:00,21.6,57.65,584.6,847.12,124.35,317.5,1.17,343.0,100470.0
1990-09-20 02:00:00+00:00,23.25,52.25,737.75,860.73,138.75,324.55,1.59,12.0,100490.0
1990-09-20 03:00:00+00:00,24.66,49.05,833.2,856.26,146.6,330.95,1.86,23.0,100470.0
1990-09-20 04:00:00+00:00,25.87,46.0,862.1,835.76,148.45,337.3,1.86,24.0,100440.0
1990-09-20 05:00:00+00:00,26.69,43.15,821.55,797.31,145.05,341.75,1.79,18.0,100380.0
1990-09-20 06:00:00+00:00,27.18,41.8,721.65,747.98,133.75,344.1,1.72,16.0,100310.0
1990-09-20 07:00:00+00:00,27.87,38.95,558.1,655.16,118.7,342.35,1.86,18.0,100260.0
1990-09-20 08:00:00+00:00,27.74,37.6,354.95,507.34,96.0,341.95,1.79,27.0,100260.0
1990-09-20 09:00:00+00:00,27.08,43.3,145.5,275.71,58.35,341.2,1.31,44.0,100280.0
1990-09-20 10:00:00+00:00,25.57,56.6,10.8,32.68,7.5,339.65,1.17,66.0,100320.0
1990-09-20 11:00:00+00:00,23.58,58.1,0.0,0.0,0.0,333.25,1.03,92.0,100370.0
1990-09-20 12:00:00+00:00,23.17,56.0,0.0,0.0,0.0,329.95,0.9,116.0,100450.0
1990-09-20 13:00:00+00:00,22.66,55.9,0.0,0.0,0.0,327.65,0.76,124.0,100520.0
1990-09-20 14:00:00+00:00,21.75,59.7,0.0,0.0,0.0,325.5,0.55,111.0,100560.0
1990-09-20 15:00:00+00:00,20.86,66.05,0.0,0.0,0.0,323.4,0.41,86.0,100570.0
1990-09-20 16:00:00+00:00,19.85,70.65,0.0,0.0,0.0,321.25,0.48,72.0,100560.0
1990-09-20 17:00:00+00:00,19.21,73.05,0.0,0.0,0.0,319.7,0.48,68.0,100590.0
1990-09-20 18:00:00+00:00,18.72,75.55,0.0,0.0,0.0,317.95,0.41,34.0,100580.0
1990-09-20 19:00:00+00:00,18.25,75.45,0.0,0.0,0.0,312.35,0.34,5.0,100590.0
1990-09-20 20:00:00+00:00,17.83,78.1,0.0,0.0,0.0,311.55,0.83,349.0,100600.0
1990-09-20 21:00:00+00:00,15.43,83.55,0.0,0.0,0.0,311.75,1.38,342.0,100620.0
1990-09-20 22:00:00+00:00,14.1,89.5,0.0,0.0,0.0,311.95,1.66,340.0,100690.0
1990-09-20 23:00:00+00:00,14.34,92.7,178.15,778.61,67.5,311.95,1.45,340.0,100740.0
1990-09-21 00:00:00+00:00,18.13,78.15,386.85,806.84,102.75,315.25,0.97,340.0,100780.0
1990-09-21 01:00:00+00:00,21.48,64.0,581.3,843.68,125.0,321.55,0.97,340.0,100840.0
1990-09-21 02:00:00+00:00,23.84,56.15,733.4,856.88,139.4,330.35,1.03,347.0,100850.0
1990-09-21 03:00:00+00:00,25.61,49.3,826.9,850.23,147.7,338.5,1.03,1.0,100840.0
1990-09-21 04:00:00+00:00,26.68,44.7,836.05,793.73,160.95,345.05,1.17,24.0,100770.0
1990-09-21 05:00:00+00:00,27.3,43.3,808.75,777.73,151.75,350.3,1.45,34.0,100690.0
1990-09-21 06:00:00+00:00,27.71,41.8,707.8,731.98,135.45,354.35,1.59,36.0,100610.0
1990-09-21 07:00:00+00:00,28.03,39.1,544.3,636.35,120.3,349.9,1.59,37.0,100540.0
1990-09-21 08:00:00+00:00,27.93,40.35,344.05,490.25,96.1,349.7,1.52,39.0,100500.0
1990-09-21 09:00:00+00:00,27.41,43.3,138.4,260.23,57.4,349.5,1.03,29.0,100470.0
1990-09-21 10:00:00+00:00,25.79,60.6,9.45,27.07,6.85,347.75,0.97,334.0,100470.0
1990-09-21 11:00:00+00:00,23.08,64.3,0.0,0.0,0.0,341.2,1.45,318.0,100500.0
1990-09-21 12:00:00+00:00,21.22,68.5,0.0,0.0,0.0,338.5,1.38,333.0,100580.0
1990-09-21 13:00:00+00:00,20.47,68.4,0.0,0.0,0.0,337.3,1.1,5.0,100670.0
1990-09-21 14:00:00+00:00,19.43,75.65,0.0,0.0,0.0,335.75,1.03,28.0,100690.0
1990-09-21 15:00:00+00:00,18.83,78.25,0.0,0.0,0.0,334.0,1.1,31.0,100690.0
1990-09-21 16:00:00+00:00,17.97,80.9,0.0,0.0,0.0,331.9,1.24,19.0,100660.0
1990-09-21 17:00:00+00:00,17.11,83.65,0.0,0.0,0.0,329.95,1.31,8.0,100650.0
1990-09-21 18:00:00+00:00,16.25,86.55,0.0,0.0,0.0,327.85,1.45,1.0,100630.0
1990-09-21 19:00:00+00:00,15.91,89.6,0.0,0.0,0.0,325.1,1.45,354.0,100590.0
1990-09-21 20:00:00+00:00,15.17,92.75,0.0,0.0,0.0,322.4,1.66,348.0,100600.0
1990-09-21 21:00:00+00:00,14.75,92.7,0.0,0.0,0.0,320.85,1.79,344.0,100610.0
1990-09-21 22:00:00+00:00,14.54,92.7,0.0,0.0,0.0,319.1,1.93,342.0,100670.0
1990-09-21 23:00:00+00:00,14.79,92.7,171.25,740.25,67.7,318.75,1.72,341.0,100720.0
1990-09-22 00:00:00+00:00,18.45,78.25,375.8,776.34,104.25,321.65,1.66,342.0,100780.0
1990-09-22 01:00:00+00:00,21.34,70.9,566.6,815.1,127.8,328.9,1.86,346.0,100820.0
1990-09-22 02:00:00+00:00,23.56,62.25,706.15,780.92,166.95,338.3,2.07,356.0,100810.0
1990-09-22 03:00:00+00:00,25.15,52.75,687.25,653.88,166.9,347.55,2.48,16.0,100780.0
1990-09-22 04:00:00+00:00,25.97,49.3,609.5,463.26,217.05,363.25,2.9,29.0,100700.0
1990-09-22 05:00:00+00:00,26.37,46.15,673.65,566.22,197.45,369.85,3.03,35.0,100620.0
1990-09-22 06:00:00+00:00,26.89,44.7,509.4,370.01,221.6,379.7,3.03,35.0,100520.0
1990-09-22 07:00:00+00:00,27.2,41.8,455.05,497.97,125.45,387.45,2.76,39.0,100490.0
1990-09-22 08:00:00+00:00,27.14,40.35,276.95,335.86,108.65,363.25,2.62,40.0,100420.0
1990-09-22 09:00:00+00:00,26.48,46.15,114.85,173.79,61.6,361.9,1.72,32.0,100410.0
1990-09-22 10:00:00+00:00,25.11,50.95,7.65,19.76,5.85,353.0,1.66,10.0,100400.0
1990-09-22 11:00:00+00:00,22.94,59.95,0.0,0.0,0.0,351.45,2.0,1.0,100420.0
1990-09-22 12:00:00+00:00,21.08,63.9,0.0,0.0,0.0,344.65,1.93,2.0,100480.0
1990-09-22 13:00:00+00:00,19.62,70.65,0.0,0.0,0.0,337.3,1.86,2.0,100540.0
1990-09-22 14:00:00+00:00,18.65,75.55,0.0,0.0,0.0,340.6,1.86,357.0,100560.0
1990-09-22 15:00:00+00:00,18.06,78.15,0.0,0.0,0.0,344.3,1.86,346.0,100560.0
1990-09-22 16:00:00+00:00,17.47,78.1,0.0,0.0,0.0,337.5,1.93,334.0,100540.0
1990-09-22 17:00:00+00:00,17.12,80.8,0.0,0.0,0.0,340.6,2.0,323.0,100530.0
1990-09-22 18:00:00+00:00,16.66,80.8,0.0,0.0,0.0,332.65,2.07,318.0,100490.0
1990-09-22 19:00:00+00:00,16.37,80.75,0.0,0.0,0.0,331.7,2.0,316.0,100500.0
1990-09-22 20:00:00+00:00,15.93,77.95,0.0,0.0,0.0,325.5,2.07,323.0,100480.0
1990-09-22 21:00:00+00:00,15.96,77.95,0.0,0.0,0.0,335.75,2.14,332.0,100470.0
1990-09-22 22:00:00+00:00,15.58,80.65,0.0,0.0,0.0,321.65,2.21,337.0,100510.0
1990-09-22 23:00:00+00:00,15.85,83.55,157.1,696.74,61.2,328.2,2.0,340.0,100510.0
1990-09-23 00:00:00+00:00,18.75,72.95,340.0,654.54,112.6,329.4,1.86,344.0,100580.0
1990-09-23 01:00:00+00:00,21.5,61.85,478.4,624.77,143.65,336.05,2.21,349.0,100600.0
1990-09-23 02:00:00+00:00,23.38,56.0,695.6,799.65,145.7,339.45,2.48,354.0,100570.0
1990-09-23 03:00:00+00:00,25.37,50.95,784.35,778.24,167.45,348.35,2.55,2.0,100550.0
1990-09-23 04:00:00+00:00,26.74,46.25,814.25,781.98,154.5,351.65,2.83,17.0,100480.0
1990-09-23 05:00:00+00:00,27.5,43.3,767.9,742.76,146.05,357.65,3.17,26.0,100390.0
1990-09-23 06:00:00+00:00,27.83,41.8,663.8,663.06,150.8,360.15,3.1,27.0,100300.0
1990-09-23 07:00:00+00:00,28.08,41.95,460.55,501.18,131.05,371.95,2.9,35.0,100260.0
1990-09-23 08:00:00+00:00,27.86,43.3,317.95,446.81,96.15,375.45,2.69,38.0,100230.0
1990-09-23 09:00:00+00:00,27.27,44.8,122.75,225.83,54.65,365.2,2.21,29.0,100190.0
1990-09-23 10:00:00+00:00,25.8,51.05,6.5,16.25,5.1,363.85,2.0,20.0,100220.0
1990-09-23 11:00:00+00:00,23.98,56.15,0.0,0.0,0.0,363.05,2.28,18.0,100280.0
1990-09-23 12:00:00+00:00,22.77,57.9,0.0,0.0,0.0,365.0,2.41,19.0,100340.0
1990-09-23 13:00:00+00:00,22.09,59.8,0.0,0.0,0.0,372.35,2.34,21.0,100410.0
1990-09-23 14:00:00+00:00,21.41,63.9,0.0,0.0,0.0,372.35,2.07,14.0,100450.0
1990-09-23 15:00:00+00:00,20.84,66.05,0.0,0.0,0.0,373.9,2.0,9.0,100460.0
1990-09-23 16:00:00+00:00,20.37,68.3,0.0,0.0,0.0,372.55,2.14,359.0,100410.0
1990-09-23 17:00:00+00:00,19.76,70.65,0.0,0.0,0.0,372.35,1.79,6.0,100400.0
1990-09-23 18:00:00+00:00,19.44,73.05,0.0,0.0,0.0,378.55,1.52,354.0,100380.0
1990-09-23 19:00:00+00:00,20.46,68.3,0.0,0.0,0.0,376.8,0.48,272.0,100420.0
1990-09-23 20:00:00+00:00,19.84,73.15,0.0,0.0,0.0,380.65,0.62,342.0,100380.0
1990-09-23 21:00:00+00:00,18.76,86.75,0.0,0.0,0.0,383.2,0.9,354.0,100410.0
1990-09-23 22:00:00+00:00,18.7,86.75,0.0,0.0,0.0,385.3,1.31,338.0,100470.0
1990-09-23 23:00:00+00:00,18.54,86.75,40.5,11.08,39.0,386.65,1.31,324.0,100530.0
1990-09-24 00:00:00+00:00,19.06,86.8,72.8,31.59,61.9,393.45,1.59,327.0,100600.0
1990-09-24 01:00:00+00:00,19.49,83.9,52.25,0.66,51.9,397.25,1.93,328.0,100590.0
1990-09-24 02:00:00+00:00,19.51,86.85,170.4,19.13,157.3,397.7,2.21,330.0,100640.0
1990-09-24 03:00:00+00:00,20.38,86.85,185.7,40.78,153.5,398.3,2.55,334.0,100620.0
1990-09-24 04:00:00+00:00,21.03,78.55,347.1,214.11,167.2,406.2,2.76,331.0,100560.0
1990-09-24 05:00:00+00:00,22.39,73.55,196.55,56.1,149.8,405.25,2.9,346.0,100500.0
1990-09-24 06:00:00+00:00,22.76,71.15,420.1,267.05,214.6,410.45,2.9,351.0,100390.0
1990-09-24 07:00:00+00:00,22.66,73.6,168.9,117.92,91.9,393.85,3.1,340.0,100390.0
1990-09-24 08:00:00+00:00,22.5,73.6,84.65,55.42,57.4,401.95,2.55,338.0,100360.0
1990-09-24 09:00:00+00:00,22.29,76.1,38.15,19.04,32.5,404.3,2.21,326.0,100350.0
1990-09-24 10:00:00+00:00,22.02,76.1,3.15,3.69,2.85,402.35,2.14,317.0,100370.0
1990-09-24 11:00:00+00:00,21.56,78.65,0.0,0.0,0.0,398.65,2.21,311.0,100400.0
1990-09-24 12:00:00+00:00,21.41,78.55,0.0,0.0,0.0,401.75,2.0,313.0,100450.0
1990-09-24 13:00:00+00:00,21.45,78.55,0.0,0.0,0.0,409.3,1.79,313.0,100530.0
1990-09-24 14:00:00+00:00,21.48,76.0,0.0,0.0,0.0,413.55,1.86,316.0,100540.0
1990-09-24 15:00:00+00:00,21.41,78.55,0.0,0.0,0.0,411.45,2.0,319.0,100520.0
1990-09-24 16:00:00+00:00,21.32,78.55,0.0,0.0,0.0,408.35,2.07,322.0,100490.0
1990-09-24 17:00:00+00:00,21.32,78.55,0.0,0.0,0.0,410.85,2.07,327.0,100470.0
1990-09-24 18:00:00+00:00,21.34,78.55,0.0,0.0,0.0,413.2,2.07,333.0,100430.0
1990-09-24 19:00:00+00:00,21.2,75.95,0.0,0.0,0.0,411.25,1.86,326.0,100430.0
1990-09-24 20:00:00+00:00,21.26,75.95,0.0,0.0,0.0,413.95,1.79,325.0,100430.0
1990-09-24 21:00:00+00:00,21.15,75.95,0.0,0.0,0.0,408.75,1.86,325.0,100450.0
1990-09-24 22:00:00+00:00,21.13,75.95,0.0,0.0,0.0,408.75,1.93,326.0,100500.0
1990-09-24 23:00:00+00:00,21.03,78.55,81.85,203.99,54.7,400.4,1.86,327.0,100530.0
1990-09-25 00:00:00+00:00,22.04,76.1,195.7,233.5,115.7,407.95,1.79,331.0,100600.0
1990-09-25 01:00:00+00:00,23.27,71.25,384.1,346.02,200.5,393.35,1.86,337.0,100640.0
1990-09-25 02:00:00+00:00,24.81,66.85,523.05,503.99,179.35,408.75,1.86,348.0,100650.0
1990-09-25 03:00:00+00:00,25.96,64.8,527.55,334.58,264.45,397.3,1.59,356.0,100620.0
1990-09-25 04:00:00+00:00,26.69,62.9,694.1,628.62,168.15,415.1,1.31,5.0,100540.0
1990-09-25 05:00:00+00:00,27.71,63.0,585.05,473.72,192.1,400.6,1.03,14.0,100470.0
1990-09-25 06:00:00+00:00,28.27,61.0,406.9,316.41,164.75,418.4,0.97,15.0,100360.0
1990-09-25 07:00:00+00:00,28.09,61.0,301.7,219.51,159.35,417.65,1.24,15.0,100310.0
1990-09-25 08:00:00+00:00,28.12,61.0,214.55,223.41,105.75,423.45,1.03,19.0,100270.0
1990-09-25 09:00:00+00:00,27.9,65.1,91.3,149.75,47.6,412.4,0.76,18.0,100220.0
1990-09-25 10:00:00+00:00,27.14,71.9,4.0,5.9,3.55,405.85,0.62,348.0,100240.0
1990-09-25 11:00:00+00:00,26.26,71.75,0.0,0.0,0.0,406.0,0.55,346.0,100250.0
1990-09-25 12:00:00+00:00,25.84,71.65,0.0,0.0,0.0,401.95,0.0,61.0,100270.0
1990-09-25 13:00:00+00:00,25.16,74.0,0.0,0.0,0.0,398.45,0.34,174.0,100310.0
1990-09-25 14:00:00+00:00,24.29,78.95,0.0,0.0,0.0,396.35,0.62,200.0,100340.0
1990-09-25 15:00:00+00:00,23.4,84.25,0.0,0.0,0.0,399.45,0.76,206.0,100300.0
1990-09-25 16:00:00+00:00,23.04,84.25,0.0,0.0,0.0,399.45,0.55,210.0,100250.0
1990-09-25 17:00:00+00:00,22.91,87.1,0.0,0.0,0.0,401.75,0.14,172.0,100230.0
1990-09-25 18:00:00+00:00,22.57,87.1,0.0,0.0,0.0,399.25,0.34,79.0,100190.0
1990-09-25 19:00:00+00:00,21.49,93.0,0.0,0.0,0.0,397.5,0.9,127.0,100120.0
1990-09-25 20:00:00+00:00,21.69,93.0,0.0,0.0,0.0,395.95,0.76,134.0,100080.0
1990-09-25 21:00:00+00:00,21.37,96.15,0.0,0.0,0.0,395.0,0.83,141.0,100070.0
1990-09-25 22:00:00+00:00,21.02,93.0,0.0,0.0,0.0,399.45,0.97,153.0,100110.0
1990-09-25 23:00:00+00:00,21.07,96.15,105.6,152.92,85.6,395.75,0.97,163.0,100110.0
1990-09-26 00:00:00+00:00,23.38,87.1,259.95,263.55,170.3,397.7,0.97,162.0,100170.0
1990-09-26 01:00:00+00:00,25.36,79.1,417.4,395.11,208.8,403.05,1.52,160.0,100170.0
1990-09-26 02:00:00+00:00,27.14,71.9,543.55,385.54,281.75,411.25,2.41,163.0,100190.0
1990-09-26 03:00:00+00:00,28.52,69.65,655.1,497.94,265.15,416.1,3.24,168.0,100140.0
1990-09-26 04:00:00+00:00,29.66,65.5,647.35,421.86,295.9,420.35,3.93,176.0,100050.0
1990-09-26 05:00:00+00:00,30.55,61.45,588.45,388.82,267.45,428.3,4.62,184.0,99940.0
1990-09-26 06:00:00+00:00,31.07,57.75,440.5,248.66,251.25,440.3,4.55,183.0,99820.0
1990-09-26 07:00:00+00:00,30.55,63.5,367.2,269.42,193.7,442.0,4.41,173.0,99760.0
1990-09-26 08:00:00+00:00,30.37,63.5,228.0,257.23,103.95,437.0,4.34,170.0,99720.0
1990-09-26 09:00:00+00:00,29.8,67.7,97.4,159.44,51.65,429.05,3.52,162.0,99710.0
1990-09-26 10:00:00+00:00,28.77,72.1,4.15,7.01,3.65,423.25,3.24,156.0,99700.0
1990-09-26 11:00:00+00:00,27.55,74.3,0.0,0.0,0.0,414.75,3.17,153.0,99750.0
1990-09-26 12:00:00+00:00,26.91,76.7,0.0,0.0,0.0,414.35,3.31,152.0,99820.0
1990-09-26 13:00:00+00:00,26.45,79.2,0.0,0.0,0.0,409.9,3.45,158.0,99870.0
1990-09-26 14:00:00+00:00,26.07,79.2,0.0,0.0,0.0,407.75,3.38,161.0,99910.0
1990-09-26 15:00:00+00:00,25.74,81.8,0.0,0.0,0.0,408.35,3.17,161.0,99940.0
1990-09-26 16:00:00+00:00,25.36,84.45,0.0,0.0,0.0,405.85,3.1,161.0,99910.0
1990-09-26 17:00:00+00:00,25.0,87.25,0.0,0.0,0.0,403.5,2.97,164.0,99890.0
1990-09-26 18:00:00+00:00,24.6,87.25,0.0,0.0,0.0,401.75,2.76,167.0,99830.0
1990-09-26 19:00:00+00:00,24.13,90.1,0.0,0.0,0.0,400.6,2.28,169.0,99820.0
1990-09-26 20:00:00+00:00,23.72,93.1,0.0,0.0,0.0,398.45,2.0,175.0,99810.0
1990-09-26 21:00:00+00:00,23.31,96.2,0.0,0.0,0.0,400.8,1.66,179.0,99810.0
1990-09-26 22:00:00+00:00,22.88,96.15,0.0,0.0,0.0,399.05,1.38,181.0,99860.0
1990-09-26 23:00:00+00:00,22.88,99.4,136.45,549.96,65.8,396.95,1.1,180.0,99920.0
1990-09-27 00:00:00+00:00,24.8,90.15,319.2,619.96,109.85,401.4,1.03,178.0,99960.0
1990-09-27 01:00:00+00:00,26.64,79.3,450.65,559.15,156.95,409.05,1.45,190.0,99990.0
1990-09-27 02:00:00+00:00,27.92,79.35,481.3,404.54,207.8,421.3,1.17,189.0,100000.0
1990-09-27 03:00:00+00:00,29.02,74.5,559.45,428.55,225.25,436.8,1.31,183.0,99960.0
1990-09-27 04:00:00+00:00,29.66,69.95,548.0,373.0,238.6,436.4,1.31,181.0,99860.0
1990-09-27 05:00:00+00:00,30.23,67.8,593.55,469.37,207.9,445.5,0.9,160.0,99790.0
1990-09-27 06:00:00+00:00,30.74,65.7,470.8,419.99,152.95,439.5,0.97,108.0,99700.0
1990-09-27 07:00:00+00:00,29.75,69.95,267.25,129.02,184.75,431.4,1.38,69.0,99710.0
1990-09-27 08:00:00+00:00,27.86,76.8,99.05,49.42,75.45,436.0,3.03,32.0,99720.0
1990-09-27 09:00:00+00:00,25.55,81.8,47.95,38.11,37.2,429.85,4.48,29.0,99800.0
1990-09-27 10:00:00+00:00,23.67,81.55,1.75,0.0,1.75,425.55,4.69,37.0,99820.0
1990-09-27 11:00:00+00:00,22.49,76.15,0.0,0.0,0.0,414.55,4.76,38.0,99950.0
1990-09-27 12:00:00+00:00,21.35,75.95,0.0,0.0,0.0,408.9,4.34,33.0,100080.0
1990-09-27 13:00:00+00:00,19.99,78.45,0.0,0.0,0.0,406.2,3.86,28.0,100220.0
1990-09-27 14:00:00+00:00,19.12,81.05,0.0,0.0,0.0,409.7,3.38,18.0,100300.0
1990-09-27 15:00:00+00:00,18.54,83.8,0.0,0.0,0.0,405.05,2.69,356.0,100340.0
1990-09-27 16:00:00+00:00,18.19,83.75,0.0,0.0,0.0,403.1,2.83,340.0,100380.0
1990-09-27 17:00:00+00:00,17.54,89.7,0.0,0.0,0.0,398.85,3.17,347.0,100390.0
1990-09-27 18:00:00+00:00,17.15,89.65,0.0,0.0,0.0,397.5,3.38,351.0,100380.0
1990-09-27 19:00:00+00:00,16.2,86.55,0.0,0.0,0.0,390.35,3.93,3.0,100520.0
1990-09-27 20:00:00+00:00,15.69,89.6,0.0,0.0,0.0,385.5,4.0,5.0,100570.0
1990-09-27 21:00:00+00:00,15.21,89.55,0.0,0.0,0.0,383.55,4.0,6.0,100650.0
1990-09-27 22:00:00+00:00,14.75,89.5,0.0,0.0,0.0,380.85,3.93,3.0,100730.0
1990-09-27 23:00:00+00:00,14.38,89.5,12.15,0.0,12.15,379.1,3.93,360.0,100850.0
1990-09-28 00:00:00+00:00,14.14,89.5,39.3,8.2,36.55,376.6,4.0,1.0,100910.0
1990-09-28 01:00:00+00:00,14.09,89.5,63.9,6.89,60.3,375.35,3.86,1.0,101000.0
1990-09-28 02:00:00+00:00,14.32,83.4,61.6,0.82,61.05,374.45,3.79,356.0,101070.0
1990-09-28 03:00:00+00:00,14.42,80.55,102.2,7.86,96.1,375.25,3.79,355.0,101050.0
1990-09-28 04:00:00+00:00,14.68,80.55,145.0,4.36,141.4,375.45,4.07,359.0,101000.0
1990-09-28 05:00:00+00:00,15.03,75.1,102.8,0.0,102.8,376.6,4.34,2.0,100940.0
1990-09-28 06:00:00+00:00,15.04,72.45,136.75,16.88,124.05,377.2,4.14,351.0,100870.0
1990-09-28 07:00:00+00:00,15.82,65.15,74.0,17.96,62.6,378.35,4.14,358.0,100870.0
1990-09-28 08:00:00+00:00,16.02,60.75,43.4,0.0,43.4,378.15,4.0,2.0,100840.0
1990-09-28 09:00:00+00:00,16.0,60.75,9.95,0.0,9.95,379.9,3.79,360.0,100860.0
1990-09-28 10:00:00+00:00,15.78,62.85,0.45,0.0,0.45,379.1,3.72,356.0,100870.0
1990-09-28 11:00:00+00:00,15.49,65.15,0.0,0.0,0.0,376.8,3.59,352.0,100930.0
1990-09-28 12:00:00+00:00,15.01,69.9,0.0,0.0,0.0,375.45,3.31,344.0,101000.0
1990-09-28 13:00:00+00:00,14.71,77.75,0.0,0.0,0.0,377.4,3.17,338.0,101050.0
1990-09-28 14:00:00+00:00,14.6,80.55,0.0,0.0,0.0,378.15,3.24,335.0,101080.0
1990-09-28 15:00:00+00:00,14.15,89.5,0.0,0.0,0.0,376.6,3.03,330.0,101070.0
1990-09-28 16:00:00+00:00,14.19,89.5,0.0,0.0,0.0,377.75,3.03,326.0,101040.0
1990-09-28 17:00:00+00:00,14.4,86.45,0.0,0.0,0.0,378.55,2.9,323.0,101000.0
1990-09-28 18:00:00+00:00,14.38,89.5,0.0,0.0,0.0,378.15,2.97,324.0,100960.0
1990-09-28 19:00:00+00:00,14.26,89.5,0.0,0.0,0.0,377.95,3.24,330.0,100960.0
1990-09-28 20:00:00+00:00,14.19,92.7,0.0,0.0,0.0,377.75,3.24,333.0,100950.0
1990-09-28 21:00:00+00:00,14.19,92.7,0.0,0.0,0.0,377.55,3.1,336.0,100970.0
1990-09-28 22:00:00+00:00,14.22,92.7,0.0,0.0,0.0,375.85,2.97,339.0,101010.0
1990-09-28 23:00:00+00:00,14.43,86.45,19.95,0.0,19.95,377.75,2.76,342.0,101070.0
1990-09-29 00:00:00+00:00,14.65,89.5,49.3,3.46,48.15,378.75,2.69,342.0,101070.0
1990-09-29 01:00:00+00:00,15.11,86.5,74.9,2.12,73.8,379.8,2.76,339.0,101120.0
1990-09-29 02:00:00+00:00,15.51,83.55,80.25,0.52,79.9,381.25,3.03,345.0,101110.0
1990-09-29 03:00:00+00:00,15.93,80.75,72.45,2.46,70.55,381.85,3.17,358.0,101100.0
1990-09-29 04:00:00+00:00,16.14,80.75,77.3,0.0,77.3,383.75,3.03,356.0,101050.0
1990-09-29 05:00:00+00:00,16.33,80.75,85.65,0.0,85.65,384.95,3.17,357.0,100980.0
1990-09-29 06:00:00+00:00,16.47,78.0,42.6,0.2,42.45,386.1,3.24,360.0,100890.0
1990-09-29 07:00:00+00:00,15.98,80.75,39.3,0.0,39.3,382.2,3.03,7.0,100870.0
1990-09-29 08:00:00+00:00,16.09,80.75,34.15,0.0,34.15,383.55,2.97,8.0,100860.0
1990-09-29 09:00:00+00:00,16.17,80.75,13.35,1.29,13.0,383.95,2.9,11.0,100850.0
1990-09-29 10:00:00+00:00,16.09,80.75,0.4,0.0,0.4,383.2,2.9,10.0,100860.0
1990-09-29 11:00:00+00:00,15.89,86.5,0.0,0.0,0.0,383.55,2.55,5.0,100870.0
1990-09-29 12:00:00+00:00,15.76,86.5,0.0,0.0,0.0,383.2,2.28,0.0,100910.0
1990-09-29 13:00:00+00:00,15.71,86.5,0.0,0.0,0.0,383.75,2.21,357.0,100950.0
1990-09-29 14:00:00+00:00,15.62,86.5,0.0,0.0,0.0,384.15,2.21,353.0,100960.0
1990-09-29 15:00:00+00:00,15.51,89.6,0.0,0.0,0.0,383.95,2.21,348.0,100940.0
1990-09-29 16:00:00+00:00,15.39,92.75,0.0,0.0,0.0,383.55,2.34,346.0,100910.0
1990-09-29 17:00:00+00:00,15.3,92.75,0.0,0.0,0.0,383.75,2.28,345.0,100880.0
1990-09-29 18:00:00+00:00,15.21,92.75,0.0,0.0,0.0,383.75,2.41,348.0,100810.0
1990-09-29 19:00:00+00:00,15.02,89.55,0.0,0.0,0.0,382.2,2.21,342.0,100800.0
1990-09-29 20:00:00+00:00,14.99,89.55,0.0,0.0,0.0,383.0,2.21,344.0,100780.0
1990-09-29 21:00:00+00:00,14.95,89.55,0.0,0.0,0.0,383.4,2.14,347.0,100780.0
1990-09-29 22:00:00+00:00,14.92,89.55,0.0,0.0,0.0,383.2,2.0,348.0,100760.0
1990-09-29 23:00:00+00:00,14.99,92.75,32.65,17.72,30.5,383.2,1.72,345.0,100800.0
1990-09-30 00:00:00+00:00,15.25,89.55,55.7,0.0,55.7,379.5,2.28,353.0,100820.0
1990-09-30 01:00:00+00:00,15.63,86.5,68.6,0.0,68.6,385.8,2.34,357.0,100830.0
1990-09-30 02:00:00+00:00,15.89,86.5,99.15,0.0,99.15,386.85,2.34,360.0,100830.0
1990-09-30 03:00:00+00:00,16.28,86.55,158.95,0.0,158.95,387.85,2.28,0.0,100770.0
1990-09-30 04:00:00+00:00,16.84,83.65,236.85,67.51,181.6,389.0,2.0,356.0,100690.0
1990-09-30 05:00:00+00:00,17.62,80.85,275.9,66.27,222.25,387.65,1.86,358.0,100590.0
1990-09-30 06:00:00+00:00,18.39,78.15,144.6,0.47,144.25,395.55,1.79,359.0,100500.0
1990-09-30 07:00:00+00:00,17.59,80.85,103.7,3.84,101.3,392.85,2.07,18.0,100430.0
1990-09-30 08:00:00+00:00,17.78,80.85,88.45,41.98,69.0,391.9,1.79,18.0,100400.0
1990-09-30 09:00:00+00:00,18.04,78.15,30.45,0.0,30.45,392.3,1.52,18.0,100360.0
1990-09-30 10:00:00+00:00,18.12,80.9,0.9,0.0,0.9,395.2,1.24,7.0,100360.0
1990-09-30 11:00:00+00:00,17.86,83.7,0.0,0.0,0.0,395.4,1.38,337.0,100380.0
1990-09-30 12:00:00+00:00,17.74,83.7,0.0,0.0,0.0,396.55,1.66,335.0,100410.0
1990-09-30 13:00:00+00:00,17.5,83.7,0.0,0.0,0.0,388.4,1.79,333.0,100480.0
1990-09-30 14:00:00+00:00,17.26,86.6,0.0,0.0,0.0,384.55,1.93,334.0,100480.0
1990-09-30 15:00:00+00:00,17.05,86.6,0.0,0.0,0.0,381.05,1.93,336.0,100470.0
1990-09-30 16:00:00+00:00,15.42,87.55,0.0,0.0,0.0,378.03,1.69,334.0,100450.0
1990-09-30 17:00:00+00:00,15.87,87.41,0.0,0.0,0.0,380.91,1.76,332.0,100450.0
1990-09-30 18:00:00+00:00,16.32,87.26,0.0,0.0,0.0,383.8,1.82,332.0,100420.0
1990-09-30 19:00:00+00:00,16.77,87.12,0.0,0.0,0.0,386.68,1.89,337.0,100420.0
1990-09-30 20:00:00+00:00,17.23,86.98,0.0,0.0,0.0,389.56,1.96,337.0,100400.0
1990-09-30 21:00:00+00:00,17.68,86.84,0.0,0.0,0.0,392.45,2.02,331.0,100390.0
1990-09-30 22:00:00+00:00,18.13,86.69,0.0,0.0,0.0,395.33,2.09,330.0,100420.0
1990-09-30 23:00:00+00:00,18.58,86.55,66.2,160.59,47.1,398.21,2.16,332.0,100440.0
1990-10-01 00:00:00+00:00,19.03,86.41,35.0,0.0,35.0,401.1,2.22,355.0,100560.0
1990-10-01 01:00:00+00:00,19.48,86.26,76.6,14.78,69.0,403.98,2.29,1.0,100610.0
1990-10-01 02:00:00+00:00,19.94,86.12,66.15,0.0,66.15,406.87,2.36,7.0,100620.0
1990-10-01 03:00:00+00:00,20.39,85.98,203.95,48.87,166.5,409.75,2.42,14.0,100560.0
1990-10-01 04:00:00+00:00,20.84,85.83,88.3,0.0,88.3,412.63,2.49,33.0,100470.0
1990-10-01 05:00:00+00:00,21.29,85.69,122.0,10.12,113.85,415.52,2.56,1.0,100410.0
1990-10-01 06:00:00+00:00,21.74,85.55,103.65,10.35,96.0,418.4,2.62,339.0,100370.0
1990-10-01 07:00:00+00:00,22.19,85.41,74.45,4.43,71.7,421.28,2.69,18.0,100430.0
1990-10-01 08:00:00+00:00,20.74,86.9,24.35,0.0,24.35,411.45,3.1,10.0,100440.0
1990-10-01 09:00:00+00:00,20.42,86.9,5.55,0.0,5.55,410.65,3.17,5.0,100470.0
1990-10-01 10:00:00+00:00,19.87,89.85,0.2,0.0,0.2,409.1,3.24,4.0,100540.0
1990-10-01 11:00:00+00:00,19.64,92.9,0.0,0.0,0.0,408.15,3.45,3.0,100620.0
1990-10-01 12:00:00+00:00,19.5,92.9,0.0,0.0,0.0,407.95,3.66,4.0,100730.0
1990-10-01 13:00:00+00:00,19.38,92.9,0.0,0.0,0.0,406.6,3.66,4.0,100800.0
1990-10-01 14:00:00+00:00,19.23,92.9,0.0,0.0,0.0,405.45,3.66,4.0,100830.0
1990-10-01 15:00:00+00:00,19.04,89.8,0.0,0.0,0.0,404.1,3.66,0.0,100840.0
1990-10-01 16:00:00+00:00,18.79,89.8,0.0,0.0,0.0,401.0,3.72,356.0,100830.0
1990-10-01 17:00:00+00:00,18.54,89.75,0.0,0.0,0.0,401.4,3.72,356.0,100810.0
1990-10-01 18:00:00+00:00,18.33,86.75,0.0,0.0,0.0,399.45,3.79,357.0,100770.0
1990-10-01 19:00:00+00:00,17.74,83.75,0.0,0.0,0.0,394.8,3.72,357.0,100810.0
1990-10-01 20:00:00+00:00,17.37,86.65,0.0,0.0,0.0,393.65,3.52,357.0,100800.0
1990-10-01 21:00:00+00:00,17.14,89.65,0.0,0.0,0.0,391.1,3.31,356.0,100840.0
1990-10-01 22:00:00+00:00,17.09,89.65,0.0,0.0,0.0,392.1,3.17,354.0,100890.0
1990-10-01 23:00:00+00:00,17.09,89.65,18.1,0.0,18.1,391.7,3.17,353.0,100950.0
1990-10-02 00:00:00+00:00,17.23,86.65,22.85,0.0,22.85,391.3,3.24,356.0,101010.0
1990-10-02 01:00:00+00:00,17.31,89.7,31.35,0.0,31.35,392.0,3.38,358.0,101050.0
1990-10-02 02:00:00+00:00,17.33,89.7,76.05,25.51,59.2,392.65,3.52,359.0,101060.0
1990-10-02 03:00:00+00:00,17.57,89.7,115.35,22.48,98.2,393.05,3.52,2.0,101060.0
1990-10-02 04:00:00+00:00,17.86,86.7,79.95,0.68,79.4,391.1,3.79,7.0,101000.0
1990-10-02 05:00:00+00:00,17.81,89.75,81.0,0.0,81.0,395.2,3.66,8.0,100940.0
1990-10-02 06:00:00+00:00,17.76,89.75,72.2,0.68,71.7,394.4,3.66,5.0,100850.0
1990-10-02 07:00:00+00:00,17.58,89.7,41.7,4.87,38.7,392.45,4.21,6.0,100920.0
1990-10-02 08:00:00+00:00,17.41,89.7,25.1,0.0,25.1,390.75,4.34,6.0,100920.0
1990-10-02 09:00:00+00:00,17.35,86.65,9.3,0.0,9.3,390.95,4.28,5.0,100940.0
1990-10-02 10:00:00+00:00,17.18,89.65,0.1,0.0,0.1,388.2,4.07,8.0,100950.0
1990-10-02 11:00:00+00:00,16.95,89.65,0.0,0.0,0.0,387.65,3.86,7.0,101020.0
1990-10-02 12:00:00+00:00,16.78,86.6,0.0,0.0,0.0,387.45,4.0,5.0,101070.0
1990-10-02 13:00:00+00:00,16.4,89.65,0.0,0.0,0.0,386.45,4.21,2.0,101160.0
1990-10-02 14:00:00+00:00,15.69,89.55,0.0,0.0,0.0,385.5,4.41,358.0,101200.0
1990-10-02 15:00:00+00:00,14.85,89.5,0.0,0.0,0.0,381.65,4.48,356.0,101220.0
1990-10-02 16:00:00+00:00,14.2,89.5,0.0,0.0,0.0,377.4,4.34,357.0,101190.0
1990-10-02 17:00:00+00:00,13.84,89.45,0.0,0.0,0.0,375.25,4.28,358.0,101160.0
1990-10-02 18:00:00+00:00,13.57,92.65,0.0,0.0,0.0,373.3,4.21,358.0,101110.0
1990-10-02 19:00:00+00:00,13.08,92.6,0.0,0.0,0.0,371.2,4.21,2.0,101120.0
1990-10-02 20:00:00+00:00,12.97,92.6,0.0,0.0,0.0,370.2,4.07,5.0,101090.0
1990-10-02 21:00:00+00:00,12.88,92.6,0.0,0.0,0.0,370.0,3.79,4.0,101120.0
1990-10-02 22:00:00+00:00,12.79,92.6,0.0,0.0,0.0,369.05,3.72,360.0,101160.0
1990-10-02 23:00:00+00:00,12.73,92.6,15.9,0.0,15.9,369.25,3.79,355.0,101240.0
1990-10-03 00:00:00+00:00,12.74,92.6,41.8,0.31,41.7,367.9,3.86,355.0,101290.0
1990-10-03 01:00:00+00:00,13.02,89.4,44.3,1.18,43.7,367.6,3.59,352.0,101320.0
1990-10-03 02:00:00+00:00,13.26,86.3,78.25,8.97,72.35,367.7,3.79,349.0,101350.0
1990-10-03 03:00:00+00:00,13.61,83.25,83.55,2.44,81.7,368.65,4.07,349.0,101360.0
1990-10-03 04:00:00+00:00,13.78,80.4,71.05,0.0,71.05,368.85,4.14,347.0,101290.0
1990-10-03 05:00:00+00:00,13.81,77.6,116.2,18.19,101.7,368.85,4.21,345.0,101210.0
1990-10-03 06:00:00+00:00,14.11,77.6,75.35,0.62,74.9,369.05,4.55,355.0,101130.0
1990-10-03 07:00:00+00:00,14.5,77.65,72.65,11.44,65.65,371.2,3.79,353.0,101080.0
1990-10-03 08:00:00+00:00,14.57,77.65,32.65,22.94,22.35,370.6,3.59,353.0,101070.0
1990-10-03 09:00:00+00:00,14.42,77.65,15.85,8.1,13.8,370.0,3.24,345.0,101050.0
1990-10-03 10:00:00+00:00,14.26,77.65,0.15,0.0,0.15,368.3,3.1,341.0,101050.0
1990-10-03 11:00:00+00:00,14.08,80.4,0.0,0.0,0.0,368.65,3.1,342.0,101120.0
1990-10-03 12:00:00+00:00,13.91,83.35,0.0,0.0,0.0,369.45,3.03,342.0,101130.0
1990-10-03 13:00:00+00:00,13.77,83.35,0.0,0.0,0.0,368.65,2.83,341.0,101170.0
1990-10-03 14:00:00+00:00,13.66,89.4,0.0,0.0,0.0,368.1,2.69,338.0,101170.0
1990-10-03 15:00:00+00:00,13.59,89.4,0.0,0.0,0.0,367.5,2.55,338.0,101180.0
1990-10-03 16:00:00+00:00,13.58,89.4,0.0,0.0,0.0,367.1,2.34,337.0,101190.0
1990-10-03 17:00:00+00:00,13.57,89.4,0.0,0.0,0.0,365.4,2.14,338.0,101140.0
1990-10-03 18:00:00+00:00,13.6,89.4,0.0,0.0,0.0,365.4,2.0,340.0,101090.0
1990-10-03 19:00:00+00:00,13.34,89.4,0.0,0.0,0.0,366.75,2.14,341.0,101080.0
1990-10-03 20:00:00+00:00,13.23,92.65,0.0,0.0,0.0,365.75,2.07,339.0,101070.0
1990-10-03 21:00:00+00:00,13.26,92.65,0.0,0.0,0.0,365.95,2.0,338.0,101070.0
1990-10-03 22:00:00+00:00,13.31,92.65,0.0,0.0,0.0,366.35,1.86,340.0,101070.0
1990-10-03 23:00:00+00:00,13.47,92.65,59.7,67.68,52.15,365.2,1.66,344.0,101080.0
1990-10-04 00:00:00+00:00,14.22,89.5,148.05,100.18,116.05,359.55,1.79,349.0,101130.0
1990-10-04 01:00:00+00:00,15.26,83.5,210.45,100.62,159.6,359.1,2.14,353.0,101150.0
1990-10-04 02:00:00+00:00,16.25,75.25,365.4,237.39,210.1,359.4,2.28,356.0,101150.0
1990-10-04 03:00:00+00:00,17.57,70.3,401.2,184.72,261.6,361.3,2.34,3.0,101110.0
1990-10-04 04:00:00+00:00,18.44,65.65,536.6,293.92,300.55,367.3,2.34,8.0,101050.0
1990-10-04 05:00:00+00:00,19.58,61.4,381.25,212.34,212.85,366.95,2.41,14.0,100960.0
1990-10-04 06:00:00+00:00,19.88,59.35,402.95,214.59,247.1,375.45,2.34,18.0,100880.0
1990-10-04 07:00:00+00:00,19.89,61.5,317.4,237.11,173.4,364.2,1.66,33.0,100880.0
1990-10-04 08:00:00+00:00,20.0,61.5,176.95,122.79,122.4,369.85,1.66,33.0,100840.0
1990-10-04 09:00:00+00:00,19.8,59.35,41.75,30.81,34.1,367.9,1.52,29.0,100830.0
1990-10-04 10:00:00+00:00,19.12,65.75,0.35,0.0,0.35,370.0,1.1,10.0,100840.0
1990-10-04 11:00:00+00:00,18.52,75.55,0.0,0.0,0.0,384.75,0.9,351.0,100860.0
1990-10-04 12:00:00+00:00,17.86,78.15,0.0,0.0,0.0,378.75,0.76,324.0,100870.0
1990-10-04 13:00:00+00:00,17.36,80.85,0.0,0.0,0.0,379.7,0.83,300.0,100900.0
1990-10-04 14:00:00+00:00,16.94,86.6,0.0,0.0,0.0,379.9,0.83,311.0,100900.0
1990-10-04 15:00:00+00:00,16.65,89.65,0.0,0.0,0.0,379.7,0.83,334.0,100910.0
1990-10-04 16:00:00+00:00,16.46,89.65,0.0,0.0,0.0,379.3,0.97,346.0,100870.0
1990-10-04 17:00:00+00:00,16.19,89.6,0.0,0.0,0.0,374.1,1.03,347.0,100820.0
1990-10-04 18:00:00+00:00,16.01,89.6,0.0,0.0,0.0,374.85,1.03,357.0,100780.0
1990-10-04 19:00:00+00:00,15.52,96.0,0.0,0.0,0.0,364.6,0.83,357.0,100800.0
1990-10-04 20:00:00+00:00,15.52,96.0,0.0,0.0,0.0,370.2,0.76,4.0,100800.0
1990-10-04 21:00:00+00:00,15.98,89.6,0.0,0.0,0.0,371.0,0.34,33.0,100740.0
1990-10-04 22:00:00+00:00,16.04,89.6,0.0,0.0,0.0,375.85,0.14,120.0,100740.0
1990-10-04 23:00:00+00:00,16.04,89.6,30.45,28.89,27.3,376.6,0.28,151.0,100740.0
1990-10-05 00:00:00+00:00,16.24,89.65,118.3,106.41,84.6,376.0,0.28,102.0,100770.0
1990-10-05 01:00:00+00:00,16.97,83.65,300.65,167.9,216.3,372.25,0.55,119.0,100800.0
1990-10-05 02:00:00+00:00,18.28,75.55,552.55,550.31,194.35,368.85,0.62,129.0,100800.0
1990-10-05 03:00:00+00:00,19.75,68.3,556.5,382.24,269.0,361.9,0.62,114.0,100750.0
1990-10-05 04:00:00+00:00,20.61,63.8,648.45,535.41,220.55,370.8,0.69,86.0,100720.0
1990-10-05 05:00:00+00:00,21.65,59.7,544.8,393.29,234.55,367.5,0.9,73.0,100620.0
1990-10-05 06:00:00+00:00,22.18,57.75,250.7,105.22,174.75,377.55,0.9,69.0,100530.0
1990-10-05 07:00:00+00:00,21.06,61.7,280.1,225.08,144.45,384.15,0.83,95.0,100530.0
1990-10-05 08:00:00+00:00,21.3,59.7,167.5,167.45,93.9,374.1,0.97,114.0,100490.0
1990-10-05 09:00:00+00:00,21.2,61.7,60.1,103.08,35.0,376.0,1.1,127.0,100480.0
1990-10-05 10:00:00+00:00,20.52,66.05,0.35,0.0,0.35,372.35,1.24,147.0,100490.0
1990-10-05 11:00:00+00:00,19.45,70.65,0.0,0.0,0.0,370.0,1.24,160.0,100510.0
1990-10-05 12:00:00+00:00,18.61,81.0,0.0,0.0,0.0,363.25,0.83,158.0,100550.0
1990-10-05 13:00:00+00:00,18.68,75.55,0.0,0.0,0.0,354.15,0.55,142.0,100600.0
1990-10-05 14:00:00+00:00,18.5,75.55,0.0,0.0,0.0,354.15,0.48,87.0,100610.0
1990-10-05 15:00:00+00:00,17.51,80.85,0.0,0.0,0.0,355.1,0.76,75.0,100600.0
1990-10-05 16:00:00+00:00,17.11,83.65,0.0,0.0,0.0,357.25,0.69,95.0,100580.0
1990-10-05 17:00:00+00:00,16.93,83.65,0.0,0.0,0.0,358.4,0.69,119.0,100550.0
1990-10-05 18:00:00+00:00,16.82,86.6,0.0,0.0,0.0,369.25,0.69,141.0,100500.0
1990-10-05 19:00:00+00:00,16.09,92.75,0.0,0.0,0.0,372.15,1.03,144.0,100510.0
1990-10-05 20:00:00+00:00,16.0,92.75,0.0,0.0,0.0,367.5,1.17,137.0,100500.0
1990-10-05 21:00:00+00:00,15.98,92.75,0.0,0.0,0.0,369.25,1.17,131.0,100490.0
1990-10-05 22:00:00+00:00,15.94,96.0,0.0,0.0,0.0,369.45,1.1,129.0,100530.0
1990-10-05 23:00:00+00:00,16.25,92.8,56.4,119.26,43.7,377.2,0.9,132.0,100550.0
1990-10-06 00:00:00+00:00,17.43,86.65,205.25,308.51,108.4,368.3,0.69,139.0,100580.0
1990-10-06 01:00:00+00:00,19.08,78.3,406.85,510.36,152.0,368.0,0.9,147.0,100620.0
1990-10-06 02:00:00+00:00,20.69,73.3,444.05,341.81,222.7,373.3,0.97,155.0,100660.0
1990-10-06 03:00:00+00:00,21.74,66.25,513.1,384.83,225.05,372.75,1.45,173.0,100600.0
1990-10-06 04:00:00+00:00,22.7,62.05,341.35,90.66,269.25,387.85,1.24,180.0,100540.0
1990-10-06 05:00:00+00:00,22.86,60.05,289.25,71.56,233.1,406.4,0.69,192.0,100470.0
1990-10-06 06:00:00+00:00,22.91,60.05,130.1,30.39,108.3,407.95,0.41,278.0,100390.0
1990-10-06 07:00:00+00:00,21.45,68.6,116.45,29.26,98.95,405.65,2.83,328.0,100450.0
1990-10-06 08:00:00+00:00,20.98,68.5,51.45,4.94,49.3,405.45,2.97,329.0,100470.0
1990-10-06 09:00:00+00:00,20.33,70.8,25.0,23.45,19.4,401.95,2.83,328.0,100520.0
1990-10-06 10:00:00+00:00,19.65,75.7,0.05,0.0,0.05,390.95,2.34,327.0,100570.0
1990-10-06 11:00:00+00:00,19.24,75.7,0.0,0.0,0.0,393.65,2.07,325.0,100620.0
1990-10-06 12:00:00+00:00,18.97,78.3,0.0,0.0,0.0,389.75,2.07,322.0,100710.0
1990-10-06 13:00:00+00:00,18.88,78.3,0.0,0.0,0.0,390.55,2.21,321.0,100760.0
1990-10-06 14:00:00+00:00,18.9,78.3,0.0,0.0,0.0,389.55,2.21,320.0,100780.0
1990-10-06 15:00:00+00:00,19.03,78.3,0.0,0.0,0.0,388.4,2.28,319.0,100780.0
1990-10-06 16:00:00+00:00,19.26,75.7,0.0,0.0,0.0,388.8,2.55,317.0,100760.0
1990-10-06 17:00:00+00:00,19.5,75.7,0.0,0.0,0.0,387.45,2.76,314.0,100740.0
1990-10-06 18:00:00+00:00,19.69,75.7,0.0,0.0,0.0,386.1,2.83,314.0,100720.0
1990-10-06 19:00:00+00:00,19.32,70.65,0.0,0.0,0.0,378.35,2.9,308.0,100800.0
1990-10-06 20:00:00+00:00,19.27,70.65,0.0,0.0,0.0,375.45,3.03,316.0,100790.0
1990-10-06 21:00:00+00:00,19.07,70.55,0.0,0.0,0.0,363.25,3.45,320.0,100810.0
1990-10-06 22:00:00+00:00,18.61,72.95,0.0,0.0,0.0,342.55,3.79,323.0,100860.0
1990-10-06 23:00:00+00:00,18.31,72.95,136.2,715.39,61.85,330.75,4.0,324.0,100940.0
1990-10-07 00:00:00+00:00,19.3,70.65,334.0,752.12,100.0,320.5,4.07,323.0,101030.0
1990-10-07 01:00:00+00:00,21.14,66.15,517.15,766.49,136.75,323.7,4.69,323.0,101070.0
1990-10-07 02:00:00+00:00,22.62,52.1,661.7,776.36,161.55,328.6,5.59,325.0,101100.0
1990-10-07 03:00:00+00:00,23.46,39.3,763.9,798.56,169.1,329.2,5.93,330.0,101130.0
1990-10-07 04:00:00+00:00,23.94,34.1,782.9,771.84,172.15,329.75,5.79,333.0,101080.0
1990-10-07 05:00:00+00:00,24.24,34.1,754.35,784.65,142.0,323.2,5.52,336.0,101050.0
1990-10-07 06:00:00+00:00,24.36,33.0,567.8,490.58,218.05,316.6,5.17,339.0,101010.0
1990-10-07 07:00:00+00:00,24.27,34.1,416.65,420.67,167.0,347.95,4.62,340.0,101020.0
1990-10-07 08:00:00+00:00,23.86,36.7,235.9,280.15,115.4,334.6,3.52,339.0,100990.0
1990-10-07 09:00:00+00:00,22.83,42.25,74.55,151.88,39.0,330.35,2.34,335.0,101010.0
1990-10-07 10:00:00+00:00,21.16,49.95,0.25,0.0,0.25,324.15,2.14,328.0,101010.0
1990-10-07 11:00:00+00:00,19.09,57.1,0.0,0.0,0.0,310.6,1.86,330.0,101080.0
1990-10-07 12:00:00+00:00,17.07,72.7,0.0,0.0,0.0,310.05,1.38,345.0,101160.0
1990-10-07 13:00:00+00:00,15.99,72.55,0.0,0.0,0.0,299.95,1.24,9.0,101220.0
1990-10-07 14:00:00+00:00,14.98,75.0,0.0,0.0,0.0,297.25,1.31,18.0,101250.0
1990-10-07 15:00:00+00:00,14.07,80.4,0.0,0.0,0.0,295.7,1.38,8.0,101270.0
1990-10-07 16:00:00+00:00,13.12,83.25,0.0,0.0,0.0,294.15,1.52,343.0,101290.0
1990-10-07 17:00:00+00:00,12.01,86.2,0.0,0.0,0.0,291.85,1.86,324.0,101280.0
1990-10-07 18:00:00+00:00,11.46,86.15,0.0,0.0,0.0,289.9,0.0,0.0,101270.0
1990-10-07 19:00:00+00:00,11.15,89.3,0.0,0.0,0.0,288.75,0.0,0.0,101320.0
1990-10-07 20:00:00+00:00,10.73,86.1,0.0,0.0,0.0,287.4,1.72,318.0,101310.0
1990-10-07 21:00:00+00:00,10.7,86.1,0.0,0.0,0.0,285.05,1.52,323.0,101310.0
1990-10-07 22:00:00+00:00,11.11,86.1,0.0,0.0,0.0,283.7,1.24,333.0,101340.0
1990-10-07 23:00:00+00:00,11.19,83.1,143.15,847.64,57.25,282.55,1.17,349.0,101390.0
1990-10-08 00:00:00+00:00,13.26,86.3,347.65,825.21,93.25,285.45,0.76,4.0,101430.0
1990-10-08 01:00:00+00:00,17.38,65.45,539.1,859.11,115.4,289.8,0.9,5.0,101460.0
1990-10-08 02:00:00+00:00,19.7,53.25,686.8,870.36,129.05,297.25,1.03,357.0,101490.0
1990-10-08 03:00:00+00:00,21.3,43.4,771.85,853.68,139.15,303.85,1.38,356.0,101450.0
1990-10-08 04:00:00+00:00,22.31,37.75,790.85,825.1,141.25,309.05,1.38,2.0,101400.0
1990-10-08 05:00:00+00:00,22.92,36.55,731.6,743.28,154.7,314.1,1.38,7.0,101330.0
1990-10-08 06:00:00+00:00,23.23,36.55,625.35,706.6,124.75,320.85,1.45,16.0,101250.0
1990-10-08 07:00:00+00:00,23.31,35.25,457.65,586.91,112.05,317.95,1.52,2.0,101190.0
1990-10-08 08:00:00+00:00,23.07,35.25,258.75,406.4,85.85,320.3,1.31,11.0,101170.0
1990-10-08 09:00:00+00:00,22.37,42.1,71.0,147.78,37.1,319.3,1.17,358.0,101150.0
1990-10-08 10:00:00+00:00,20.77,48.2,0.1,0.0,0.1,316.4,1.66,348.0,101150.0
1990-10-08 11:00:00+00:00,18.26,61.2,0.0,0.0,0.0,308.85,1.79,342.0,101160.0
1990-10-08 12:00:00+00:00,16.44,70.1,0.0,0.0,0.0,310.4,1.79,331.0,101220.0
1990-10-08 13:00:00+00:00,15.25,72.45,0.0,0.0,0.0,303.85,1.66,327.0,101270.0
1990-10-08 14:00:00+00:00,15.51,69.9,0.0,0.0,0.0,314.65,1.24,331.0,101300.0
1990-10-08 15:00:00+00:00,16.2,67.55,0.0,0.0,0.0,320.3,0.69,355.0,101290.0
1990-10-08 16:00:00+00:00,15.75,70.0,0.0,0.0,0.0,319.7,0.34,59.0,101280.0
1990-10-08 17:00:00+00:00,15.3,75.1,0.0,0.0,0.0,325.7,0.41,109.0,101270.0
1990-10-08 18:00:00+00:00,15.19,77.75,0.0,0.0,0.0,328.4,0.48,126.0,101250.0
1990-10-08 19:00:00+00:00,15.98,75.15,0.0,0.0,0.0,347.0,0.07,279.0,101190.0
1990-10-08 20:00:00+00:00,16.0,77.85,0.0,0.0,0.0,359.0,0.14,170.0,101170.0
1990-10-08 21:00:00+00:00,15.95,77.85,0.0,0.0,0.0,347.55,0.55,135.0,101170.0
1990-10-08 22:00:00+00:00,14.99,80.55,0.0,0.0,0.0,325.9,0.9,123.0,101180.0
1990-10-08 23:00:00+00:00,13.98,86.35,132.75,764.25,57.3,302.85,1.17,134.0,101220.0
1990-10-09 00:00:00+00:00,15.38,89.55,321.1,708.7,104.65,307.3,0.76,144.0,101270.0
1990-10-09 01:00:00+00:00,19.11,65.75,484.6,657.49,162.4,317.7,1.03,148.0,101310.0
1990-10-09 02:00:00+00:00,20.98,55.55,649.05,789.0,146.15,330.15,1.38,152.0,101320.0
1990-10-09 03:00:00+00:00,22.31,46.85,739.85,801.72,148.65,328.2,1.79,149.0,101280.0
1990-10-09 04:00:00+00:00,23.11,43.75,755.3,761.73,158.65,330.15,1.72,139.0,101220.0
1990-10-09 05:00:00+00:00,23.59,43.75,695.65,664.41,182.8,339.65,1.66,129.0,101110.0
1990-10-09 06:00:00+00:00,23.82,42.35,568.05,540.06,187.85,339.25,1.59,121.0,101010.0
1990-10-09 07:00:00+00:00,23.78,43.75,410.65,448.36,148.7,348.75,1.38,108.0,100980.0
1990-10-09 08:00:00+00:00,23.55,43.75,226.35,290.89,103.95,347.95,1.31,112.0,100930.0
1990-10-09 09:00:00+00:00,22.91,47.0,65.65,143.27,33.45,342.35,0.9,106.0,100900.0
1990-10-09 10:00:00+00:00,21.4,61.85,0.05,0.0,0.05,329.95,0.83,94.0,100890.0
1990-10-09 11:00:00+00:00,20.01,59.35,0.0,0.0,0.0,323.55,0.9,91.0,100920.0
1990-10-09 12:00:00+00:00,18.62,65.65,0.0,0.0,0.0,319.9,1.03,93.0,100970.0
1990-10-09 13:00:00+00:00,16.93,72.7,0.0,0.0,0.0,316.6,1.31,95.0,101010.0
1990-10-09 14:00:00+00:00,16.02,77.85,0.0,0.0,0.0,314.65,1.31,98.0,101030.0
1990-10-09 15:00:00+00:00,15.41,77.8,0.0,0.0,0.0,312.35,1.31,101.0,101030.0
1990-10-09 16:00:00+00:00,14.43,83.4,0.0,0.0,0.0,310.8,1.45,106.0,101040.0
1990-10-09 17:00:00+00:00,13.84,83.35,0.0,0.0,0.0,309.65,1.52,108.0,101030.0
1990-10-09 18:00:00+00:00,13.44,83.25,0.0,0.0,0.0,308.3,1.52,108.0,100990.0
1990-10-09 19:00:00+00:00,14.84,77.75,0.0,0.0,0.0,307.7,0.97,119.0,100920.0
1990-10-09 20:00:00+00:00,14.4,80.45,0.0,0.0,0.0,307.3,1.03,124.0,100910.0
1990-10-09 21:00:00+00:00,14.48,80.45,0.0,0.0,0.0,306.15,0.83,117.0,100930.0
1990-10-09 22:00:00+00:00,14.49,80.45,0.0,0.0,0.0,307.5,0.69,91.0,100940.0
1990-10-09 23:00:00+00:00,14.34,80.45,131.45,786.82,55.85,304.2,0.62,58.0,101000.0
1990-10-10 00:00:00+00:00,14.7,89.5,327.1,771.19,93.8,306.95,0.48,24.0,101060.0
1990-10-10 01:00:00+00:00,18.21,70.35,513.3,815.2,116.4,312.05,0.55,29.0,101100.0
1990-10-10 02:00:00+00:00,20.23,61.5,658.05,832.12,130.55,319.3,0.48,46.0,101110.0
1990-10-10 03:00:00+00:00,21.81,53.85,744.45,826.35,138.2,326.1,0.62,71.0,101060.0
1990-10-10 04:00:00+00:00,22.99,50.45,764.05,800.91,139.95,331.9,0.83,95.0,100980.0
1990-10-10 05:00:00+00:00,23.72,48.7,715.2,754.49,136.05,336.55,1.17,106.0,100870.0
1990-10-10 06:00:00+00:00,24.13,47.15,603.7,683.89,125.3,338.85,1.38,107.0,100780.0
1990-10-10 07:00:00+00:00,24.22,47.15,439.2,570.78,108.35,340.6,1.45,105.0,100720.0
1990-10-10 08:00:00+00:00,24.09,47.15,244.65,393.14,81.05,340.6,1.59,113.0,100690.0
1990-10-10 09:00:00+00:00,23.41,52.25,64.4,149.67,31.45,338.85,1.31,116.0,100660.0
1990-10-10 10:00:00+00:00,21.99,57.75,0.0,0.0,0.0,335.55,1.52,113.0,100670.0
1990-10-10 11:00:00+00:00,19.75,65.95,0.0,0.0,0.0,328.4,1.79,111.0,100700.0
1990-10-10 12:00:00+00:00,17.9,75.45,0.0,0.0,0.0,325.1,1.93,112.0,100750.0
1990-10-10 13:00:00+00:00,16.54,83.6,0.0,0.0,0.0,322.8,1.93,116.0,100800.0
1990-10-10 14:00:00+00:00,15.51,86.5,0.0,0.0,0.0,320.5,1.79,117.0,100820.0
1990-10-10 15:00:00+00:00,14.77,89.5,0.0,0.0,0.0,318.95,1.79,116.0,100820.0
1990-10-10 16:00:00+00:00,14.19,89.5,0.0,0.0,0.0,318.15,1.72,114.0,100820.0
1990-10-10 17:00:00+00:00,13.8,92.65,0.0,0.0,0.0,317.0,1.72,109.0,100810.0
1990-10-10 18:00:00+00:00,13.62,92.65,0.0,0.0,0.0,315.65,1.59,103.0,100790.0
1990-10-10 19:00:00+00:00,13.58,92.65,0.0,0.0,0.0,316.05,1.59,120.0,100740.0
1990-10-10 20:00:00+00:00,13.63,92.65,0.0,0.0,0.0,314.85,1.45,120.0,100740.0
1990-10-10 21:00:00+00:00,13.94,89.45,0.0,0.0,0.0,313.5,1.31,110.0,100760.0
1990-10-10 22:00:00+00:00,14.1,89.45,0.0,0.0,0.0,312.35,1.17,85.0,100810.0
1990-10-10 23:00:00+00:00,14.03,89.45,127.7,776.64,55.15,311.75,1.03,58.0,100830.0
1990-10-11 00:00:00+00:00,15.21,92.75,320.65,757.04,93.85,314.1,0.55,41.0,100900.0
1990-10-11 01:00:00+00:00,18.72,75.55,504.65,801.89,116.8,320.0,0.55,48.0,100940.0
1990-10-11 02:00:00+00:00,20.81,66.15,647.95,819.84,131.1,327.65,0.48,83.0,100930.0
1990-10-11 03:00:00+00:00,22.49,59.95,732.95,813.8,139.0,335.4,0.76,111.0,100900.0
1990-10-11 04:00:00+00:00,23.66,58.0,751.75,787.69,141.15,341.75,1.17,126.0,100800.0
1990-10-11 05:00:00+00:00,24.41,54.35,704.05,742.17,137.55,346.4,1.38,126.0,100710.0
1990-10-11 06:00:00+00:00,24.88,50.8,571.7,632.54,132.05,349.3,1.66,124.0,100610.0
1990-10-11 07:00:00+00:00,25.06,50.8,413.9,527.59,110.5,355.5,1.93,134.0,100530.0
1990-10-11 08:00:00+00:00,24.93,50.8,232.65,368.5,81.0,353.0,1.79,128.0,100510.0
1990-10-11 09:00:00+00:00,24.34,56.25,59.55,137.31,29.95,352.0,1.24,113.0,100520.0
1990-10-11 10:00:00+00:00,22.94,62.15,0.0,0.0,0.0,350.5,1.1,81.0,100540.0
1990-10-11 11:00:00+00:00,20.71,73.3,0.0,0.0,0.0,347.4,1.24,60.0,100580.0
1990-10-11 12:00:00+00:00,19.25,75.7,0.0,0.0,0.0,347.55,1.38,47.0,100630.0
1990-10-11 13:00:00+00:00,18.59,81.0,0.0,0.0,0.0,344.65,1.24,50.0,100690.0
1990-10-11 14:00:00+00:00,18.01,83.75,0.0,0.0,0.0,343.3,1.17,56.0,100690.0
1990-10-11 15:00:00+00:00,17.83,83.75,0.0,0.0,0.0,355.5,1.03,59.0,100670.0
1990-10-11 16:00:00+00:00,17.26,86.65,0.0,0.0,0.0,340.4,1.03,50.0,100680.0
1990-10-11 17:00:00+00:00,16.76,86.6,0.0,0.0,0.0,338.85,1.03,44.0,100650.0
1990-10-11 18:00:00+00:00,16.29,89.65,0.0,0.0,0.0,345.65,1.03,36.0,100660.0
1990-10-11 19:00:00+00:00,16.27,89.65,0.0,0.0,0.0,345.05,0.9,360.0,100580.0
1990-10-11 20:00:00+00:00,15.47,96.0,0.0,0.0,0.0,343.3,1.1,351.0,100560.0
1990-10-11 21:00:00+00:00,14.9,99.4,0.0,0.0,0.0,348.55,1.45,342.0,100560.0
1990-10-11 22:00:00+00:00,15.18,99.4,0.0,0.0,0.0,358.8,1.52,338.0,100580.0
1990-10-11 23:00:00+00:00,15.18,99.4,85.0,378.63,50.65,348.55,1.66,338.0,100620.0
1990-10-12 00:00:00+00:00,16.89,89.65,178.85,294.99,91.35,354.15,1.38,345.0,100660.0
1990-10-12 01:00:00+00:00,18.44,81.0,228.35,218.87,123.2,362.8,1.45,337.0,100710.0
1990-10-12 02:00:00+00:00,19.55,78.35,493.15,549.38,148.75,370.8,1.45,334.0,100710.0
1990-10-12 03:00:00+00:00,21.59,68.6,575.5,553.42,173.7,370.4,1.45,346.0,100680.0
1990-10-12 04:00:00+00:00,22.81,64.3,678.5,667.5,163.8,358.8,1.45,356.0,100600.0
1990-10-12 05:00:00+00:00,23.93,62.25,626.9,557.25,203.95,366.35,1.38,18.0,100490.0
1990-10-12 06:00:00+00:00,24.65,58.2,347.5,250.8,174.3,384.95,1.31,38.0,100380.0
1990-10-12 07:00:00+00:00,24.55,56.25,286.65,228.66,156.2,400.6,1.17,30.0,100350.0
1990-10-12 08:00:00+00:00,24.59,56.25,160.75,201.75,78.65,403.3,1.31,17.0,100360.0
1990-10-12 09:00:00+00:00,24.19,58.1,43.25,82.92,25.75,395.75,1.24,6.0,100370.0
1990-10-12 10:00:00+00:00,23.21,62.15,0.0,0.0,0.0,392.1,1.72,359.0,100390.0
1990-10-12 11:00:00+00:00,22.17,66.35,0.0,0.0,0.0,391.9,1.79,355.0,100430.0
1990-10-12 12:00:00+00:00,21.12,70.9,0.0,0.0,0.0,380.65,1.66,349.0,100500.0
1990-10-12 13:00:00+00:00,20.1,75.75,0.0,0.0,0.0,373.7,1.79,340.0,100570.0
1990-10-12 14:00:00+00:00,19.25,78.35,0.0,0.0,0.0,365.4,1.86,345.0,100600.0
1990-10-12 15:00:00+00:00,18.88,81.05,0.0,0.0,0.0,375.25,1.72,350.0,100630.0
1990-10-12 16:00:00+00:00,18.31,83.8,0.0,0.0,0.0,364.6,1.79,339.0,100610.0
1990-10-12 17:00:00+00:00,18.03,86.7,0.0,0.0,0.0,372.15,1.66,333.0,100580.0
1990-10-12 18:00:00+00:00,17.61,89.7,0.0,0.0,0.0,364.2,1.79,330.0,100560.0
1990-10-12 19:00:00+00:00,17.42,86.65,0.0,0.0,0.0,365.75,1.93,336.0,100580.0
1990-10-12 20:00:00+00:00,17.37,89.7,0.0,0.0,0.0,370.4,1.93,333.0,100590.0
1990-10-12 21:00:00+00:00,17.47,89.7,0.0,0.0,0.0,379.1,1.86,334.0,100610.0
1990-10-12 22:00:00+00:00,17.61,89.7,0.0,0.0,0.0,386.85,1.86,333.0,100670.0
1990-10-12 23:00:00+00:00,17.82,86.7,36.2,19.89,34.45,387.65,1.79,328.0,100720.0
1990-10-13 00:00:00+00:00,18.41,86.75,97.55,53.81,81.75,389.55,1.79,329.0,100810.0
1990-10-13 01:00:00+00:00,19.35,81.1,175.35,88.76,133.0,387.35,2.0,332.0,100870.0
1990-10-13 02:00:00+00:00,20.42,75.85,331.85,221.23,193.95,383.55,2.28,330.0,100920.0
1990-10-13 03:00:00+00:00,21.84,68.7,338.35,196.56,196.4,389.95,2.69,330.0,100890.0
1990-10-13 04:00:00+00:00,22.6,64.2,413.3,270.54,205.8,396.95,3.03,327.0,100830.0
1990-10-13 05:00:00+00:00,23.17,62.15,298.0,168.94,170.5,394.0,3.72,326.0,100790.0
1990-10-13 06:00:00+00:00,22.81,64.3,93.1,0.0,93.1,401.55,4.21,325.0,100760.0
1990-10-13 07:00:00+00:00,20.53,73.3,61.3,0.0,61.3,397.1,4.76,321.0,100830.0
1990-10-13 08:00:00+00:00,19.04,75.65,32.5,0.0,32.5,391.9,5.72,320.0,100920.0
1990-10-13 09:00:00+00:00,17.46,72.8,5.85,0.24,5.8,387.05,5.24,319.0,101000.0
1990-10-13 10:00:00+00:00,16.53,72.65,0.0,0.0,0.0,381.65,4.55,313.0,101080.0
1990-10-13 11:00:00+00:00,16.16,67.55,0.0,0.0,0.0,374.1,3.93,309.0,101140.0
1990-10-13 12:00:00+00:00,16.37,60.75,0.0,0.0,0.0,372.35,3.45,308.0,101210.0
1990-10-13 13:00:00+00:00,16.63,56.5,0.0,0.0,0.0,370.2,3.17,308.0,101230.0
1990-10-13 14:00:00+00:00,16.74,52.65,0.0,0.0,0.0,363.65,3.17,311.0,101250.0
1990-10-13 15:00:00+00:00,16.91,50.75,0.0,0.0,0.0,367.5,3.24,315.0,101270.0
1990-10-13 16:00:00+00:00,16.99,50.75,0.0,0.0,0.0,370.6,3.24,319.0,101270.0
1990-10-13 17:00:00+00:00,16.99,50.75,0.0,0.0,0.0,371.0,3.17,322.0,101240.0
1990-10-13 18:00:00+00:00,16.96,50.75,0.0,0.0,0.0,373.3,3.17,322.0,101250.0
1990-10-13 19:00:00+00:00,16.28,48.8,0.0,0.0,0.0,367.7,2.62,317.0,101280.0
1990-10-13 20:00:00+00:00,16.07,52.4,0.0,0.0,0.0,364.4,2.41,330.0,101280.0
1990-10-13 21:00:00+00:00,15.92,52.4,0.0,0.0,0.0,365.55,2.41,338.0,101270.0
1990-10-13 22:00:00+00:00,15.78,54.35,0.0,0.0,0.0,365.0,2.48,341.0,101310.0
1990-10-13 23:00:00+00:00,15.68,58.35,30.55,1.17,30.45,364.0,2.69,340.0,101370.0
1990-10-14 00:00:00+00:00,15.86,56.35,56.8,22.37,50.3,364.2,3.1,343.0,101430.0
1990-10-14 01:00:00+00:00,16.09,58.45,116.95,41.89,97.1,364.35,2.83,342.0,101490.0
1990-10-14 02:00:00+00:00,16.61,54.45,153.55,0.0,153.55,365.2,0.0,0.0,101480.0
1990-10-14 03:00:00+00:00,17.06,50.75,296.6,110.82,217.0,367.3,0.0,0.0,101440.0
1990-10-14 04:00:00+00:00,17.9,40.9,231.75,41.42,200.15,360.55,3.52,348.0,101340.0
1990-10-14 05:00:00+00:00,17.93,39.4,230.45,95.35,158.9,368.65,3.59,351.0,101250.0
1990-10-14 06:00:00+00:00,17.98,39.4,130.85,43.13,101.45,367.9,3.52,348.0,101170.0
1990-10-14 07:00:00+00:00,17.52,42.3,95.95,27.96,80.25,365.75,2.9,338.0,101140.0
1990-10-14 08:00:00+00:00,17.2,45.45,61.75,41.72,45.15,366.35,2.48,329.0,101160.0
1990-10-14 09:00:00+00:00,16.73,45.45,12.1,12.37,9.6,360.95,2.21,321.0,101140.0
1990-10-14 10:00:00+00:00,16.09,48.65,0.0,0.0,0.0,359.95,2.0,311.0,101130.0
1990-10-14 11:00:00+00:00,15.69,52.25,0.0,0.0,0.0,361.3,2.07,310.0,101180.0
1990-10-14 12:00:00+00:00,15.44,52.25,0.0,0.0,0.0,361.7,1.86,308.0,101220.0
1990-10-14 13:00:00+00:00,15.1,54.1,0.0,0.0,0.0,356.3,1.66,300.0,101230.0
1990-10-14 14:00:00+00:00,14.43,58.1,0.0,0.0,0.0,336.95,1.59,293.0,101210.0
1990-10-14 15:00:00+00:00,13.89,64.75,0.0,0.0,0.0,335.2,1.59,295.0,101210.0
1990-10-14 16:00:00+00:00,12.78,69.45,0.0,0.0,0.0,305.95,1.72,297.0,101170.0
1990-10-14 17:00:00+00:00,12.17,74.6,0.0,0.0,0.0,314.5,1.66,300.0,101130.0
1990-10-14 18:00:00+00:00,11.5,77.3,0.0,0.0,0.0,303.65,1.66,300.0,101100.0
1990-10-14 19:00:00+00:00,10.74,80.1,0.0,0.0,0.0,293.6,1.79,301.0,101030.0
1990-10-14 20:00:00+00:00,10.27,83.0,0.0,0.0,0.0,290.65,1.79,308.0,101030.0
1990-10-14 21:00:00+00:00,9.91,82.95,0.0,0.0,0.0,287.75,1.66,312.0,101020.0
1990-10-14 22:00:00+00:00,10.02,82.95,0.0,0.0,0.0,283.1,1.31,313.0,101070.0
1990-10-14 23:00:00+00:00,10.48,80.05,125.1,866.2,53.65,279.45,1.03,312.0,101120.0
1990-10-15 00:00:00+00:00,11.96,83.15,322.7,796.04,93.8,281.4,0.69,315.0,101180.0
1990-10-15 01:00:00+00:00,15.92,65.15,511.15,839.62,116.1,285.55,1.24,317.0,101230.0
1990-10-15 02:00:00+00:00,18.29,54.95,657.0,853.51,131.15,293.0,2.07,316.0,101230.0
1990-10-15 03:00:00+00:00,20.19,47.9,743.65,843.21,141.25,299.4,2.69,318.0,101180.0
1990-10-15 04:00:00+00:00,21.61,41.85,761.95,820.19,139.65,304.05,2.76,322.0,101110.0
1990-10-15 05:00:00+00:00,22.53,36.4,714.95,781.33,132.05,308.3,2.41,323.0,101000.0
1990-10-15 06:00:00+00:00,23.02,34.0,593.15,677.79,134.15,309.85,1.93,326.0,100900.0
1990-10-15 07:00:00+00:00,22.91,32.75,431.85,581.86,107.8,311.55,1.93,314.0,100780.0
1990-10-15 08:00:00+00:00,22.68,33.85,235.6,402.92,77.1,308.1,1.59,319.0,100760.0
1990-10-15 09:00:00+00:00,21.88,40.5,53.85,138.07,26.55,306.35,0.83,336.0,100730.0
1990-10-15 10:00:00+00:00,20.89,41.7,0.0,0.0,0.0,301.1,0.34,12.0,100710.0
1990-10-15 11:00:00+00:00,19.71,46.1,0.0,0.0,0.0,294.95,0.48,142.0,100740.0
1990-10-15 12:00:00+00:00,15.96,60.65,0.0,0.0,0.0,292.2,1.52,169.0,100780.0
1990-10-15 13:00:00+00:00,13.12,77.45,0.0,0.0,0.0,289.9,2.14,181.0,100800.0
1990-10-15 14:00:00+00:00,12.25,74.7,0.0,0.0,0.0,288.55,2.28,192.0,100830.0
1990-10-15 15:00:00+00:00,11.67,77.35,0.0,0.0,0.0,288.75,2.21,202.0,100870.0
1990-10-15 16:00:00+00:00,11.12,83.05,0.0,0.0,0.0,287.2,2.07,197.0,100860.0
1990-10-15 17:00:00+00:00,10.7,83.05,0.0,0.0,0.0,287.0,2.14,186.0,100820.0
1990-10-15 18:00:00+00:00,10.16,83.0,0.0,0.0,0.0,285.05,2.0,181.0,100760.0
1990-10-15 19:00:00+00:00,9.76,86.0,0.0,0.0,0.0,284.5,1.93,178.0,100740.0
1990-10-15 20:00:00+00:00,9.39,89.15,0.0,0.0,0.0,286.4,1.79,178.0,100720.0
1990-10-15 21:00:00+00:00,9.26,89.15,0.0,0.0,0.0,292.05,1.72,178.0,100690.0
1990-10-15 22:00:00+00:00,9.1,95.85,0.0,0.0,0.0,292.4,1.66,181.0,100730.0
1990-10-15 23:00:00+00:00,9.44,92.45,103.9,392.77,72.6,300.75,1.45,180.0,100740.0
1990-10-16 00:00:00+00:00,12.43,89.4,255.2,374.56,148.65,308.1,1.17,174.0,100770.0
1990-10-16 01:00:00+00:00,16.1,72.55,445.9,541.38,193.0,319.8,1.24,174.0,100810.0
1990-10-16 02:00:00+00:00,18.51,63.4,628.45,783.17,148.8,323.55,1.17,180.0,100820.0
1990-10-16 03:00:00+00:00,20.61,55.45,735.95,838.37,140.3,310.8,1.17,184.0,100780.0
1990-10-16 04:00:00+00:00,22.28,48.55,757.6,821.65,137.6,311.55,1.31,186.0,100700.0
1990-10-16 05:00:00+00:00,23.43,45.35,701.1,755.62,140.65,316.4,1.31,184.0,100610.0
1990-10-16 06:00:00+00:00,24.06,42.35,565.8,598.87,162.9,322.6,1.24,182.0,100520.0
1990-10-16 07:00:00+00:00,24.18,39.45,415.75,543.32,115.6,332.1,0.76,197.0,100430.0
1990-10-16 08:00:00+00:00,24.02,39.45,214.45,313.17,92.65,325.5,0.9,180.0,100420.0
1990-10-16 09:00:00+00:00,23.08,47.0,40.65,36.71,33.55,325.7,1.24,165.0,100410.0
1990-10-16 10:00:00+00:00,21.22,53.6,0.0,0.0,0.0,331.9,2.21,165.0,100420.0
1990-10-16 11:00:00+00:00,19.16,63.5,0.0,0.0,0.0,325.5,2.48,172.0,100470.0
1990-10-16 12:00:00+00:00,17.94,67.95,0.0,0.0,0.0,325.3,2.62,178.0,100560.0
1990-10-16 13:00:00+00:00,17.03,72.7,0.0,0.0,0.0,320.3,2.62,180.0,100600.0
1990-10-16 14:00:00+00:00,16.18,80.65,0.0,0.0,0.0,313.3,2.55,178.0,100650.0
1990-10-16 15:00:00+00:00,15.22,80.6,0.0,0.0,0.0,304.2,2.34,176.0,100680.0
1990-10-16 16:00:00+00:00,14.26,86.4,0.0,0.0,0.0,303.05,2.07,175.0,100710.0
1990-10-16 17:00:00+00:00,13.14,92.6,0.0,0.0,0.0,299.4,1.86,172.0,100700.0
1990-10-16 18:00:00+00:00,12.24,89.4,0.0,0.0,0.0,297.05,1.59,173.0,100690.0
1990-10-16 19:00:00+00:00,12.34,89.4,0.0,0.0,0.0,296.65,1.24,173.0,100730.0
1990-10-16 20:00:00+00:00,12.78,89.4,0.0,0.0,0.0,295.7,1.03,174.0,100750.0
1990-10-16 21:00:00+00:00,13.38,86.3,0.0,0.0,0.0,294.75,0.69,187.0,100790.0
1990-10-16 22:00:00+00:00,13.27,86.3,0.0,0.0,0.0,295.7,0.55,211.0,100860.0
1990-10-16 23:00:00+00:00,13.12,89.4,114.15,720.7,58.75,298.05,0.69,218.0,100900.0
1990-10-17 00:00:00+00:00,14.32,86.4,305.9,716.01,104.45,299.95,0.28,203.0,100990.0
1990-10-17 01:00:00+00:00,17.25,75.4,478.2,709.01,149.4,302.0,0.28,186.0,101040.0
1990-10-17 02:00:00+00:00,19.73,68.2,584.55,597.6,220.75,317.4,0.21,189.0,101070.0
1990-10-17 03:00:00+00:00,21.53,64.0,645.9,525.44,274.65,329.55,0.0,14.0,101070.0
1990-10-17 04:00:00+00:00,22.91,58.0,644.5,464.08,296.25,340.2,0.21,31.0,101010.0
1990-10-17 05:00:00+00:00,23.85,56.15,531.45,288.66,318.6,347.95,0.48,41.0,100920.0
1990-10-17 06:00:00+00:00,24.19,54.2,482.65,361.57,241.0,355.5,0.62,53.0,100840.0
1990-10-17 07:00:00+00:00,24.65,48.95,305.8,226.92,181.45,360.55,0.83,53.0,100810.0
1990-10-17 08:00:00+00:00,24.43,48.95,168.9,144.08,113.5,358.6,1.31,79.0,100820.0
1990-10-17 09:00:00+00:00,23.62,58.0,39.2,57.91,28.25,351.05,1.17,85.0,100840.0
1990-10-17 10:00:00+00:00,21.83,64.1,0.0,0.0,0.0,338.1,1.17,92.0,100880.0
1990-10-17 11:00:00+00:00,19.58,75.7,0.0,0.0,0.0,330.15,1.24,85.0,100940.0
1990-10-17 12:00:00+00:00,18.63,75.55,0.0,0.0,0.0,325.3,1.17,52.0,101010.0
1990-10-17 13:00:00+00:00,16.47,83.6,0.0,0.0,0.0,322.05,1.59,27.0,101100.0
1990-10-17 14:00:00+00:00,14.97,89.5,0.0,0.0,0.0,318.75,2.07,19.0,101150.0
1990-10-17 15:00:00+00:00,14.47,89.5,0.0,0.0,0.0,318.55,2.14,23.0,101200.0
1990-10-17 16:00:00+00:00,14.07,92.65,0.0,0.0,0.0,317.55,2.14,18.0,101220.0
1990-10-17 17:00:00+00:00,13.87,89.45,0.0,0.0,0.0,315.05,2.41,8.0,101220.0
1990-10-17 18:00:00+00:00,13.76,89.45,0.0,0.0,0.0,313.1,2.55,4.0,101230.0
1990-10-17 19:00:00+00:00,13.69,86.35,0.0,0.0,0.0,311.2,2.28,14.0,101270.0
1990-10-17 20:00:00+00:00,13.04,92.6,0.0,0.0,0.0,309.25,1.86,1.0,101240.0
1990-10-17 21:00:00+00:00,12.44,89.4,0.0,0.0,0.0,306.95,1.86,339.0,101260.0
1990-10-17 22:00:00+00:00,12.17,89.4,0.0,0.0,0.0,305.55,2.28,333.0,101290.0
1990-10-17 23:00:00+00:00,12.2,89.4,111.15,809.87,51.2,305.2,2.28,336.0,101340.0
1990-10-18 00:00:00+00:00,14.19,89.45,260.25,549.41,107.4,312.55,2.07,339.0,101410.0
1990-10-18 01:00:00+00:00,16.59,77.95,420.1,633.04,128.7,325.6,2.14,345.0,101450.0
1990-10-18 02:00:00+00:00,18.48,70.45,526.35,598.78,164.05,326.85,1.79,352.0,101460.0
1990-10-18 03:00:00+00:00,20.16,65.95,636.7,638.99,187.75,335.4,1.52,7.0,101400.0
1990-10-18 04:00:00+00:00,21.67,59.7,711.0,761.34,142.85,339.05,1.17,32.0,101310.0
1990-10-18 05:00:00+00:00,22.86,54.1,614.05,634.6,148.85,339.25,1.17,59.0,101180.0
1990-10-18 06:00:00+00:00,23.54,54.1,537.15,622.66,123.75,347.95,1.31,73.0,101070.0
1990-10-18 07:00:00+00:00,23.84,52.35,379.8,493.97,111.3,346.8,1.24,67.0,101020.0
1990-10-18 08:00:00+00:00,23.89,50.55,182.05,268.31,80.05,346.2,1.38,69.0,101010.0
1990-10-18 09:00:00+00:00,23.38,54.1,38.75,92.23,21.7,360.15,0.9,52.0,101030.0
1990-10-18 10:00:00+00:00,21.86,59.8,0.0,0.0,0.0,351.85,1.31,19.0,101040.0
1990-10-18 11:00:00+00:00,20.32,66.05,0.0,0.0,0.0,366.95,1.79,17.0,101090.0
1990-10-18 12:00:00+00:00,19.46,68.2,0.0,0.0,0.0,367.1,2.14,25.0,101140.0
1990-10-18 13:00:00+00:00,18.91,68.1,0.0,0.0,0.0,364.8,2.41,39.0,101160.0
1990-10-18 14:00:00+00:00,18.66,68.05,0.0,0.0,0.0,365.95,2.28,53.0,101190.0
1990-10-18 15:00:00+00:00,18.23,67.95,0.0,0.0,0.0,365.0,1.86,65.0,101220.0
1990-10-18 16:00:00+00:00,17.77,70.35,0.0,0.0,0.0,371.4,1.52,74.0,101200.0
1990-10-18 17:00:00+00:00,17.86,67.95,0.0,0.0,0.0,372.15,0.97,74.0,101190.0
1990-10-18 18:00:00+00:00,17.48,72.8,0.0,0.0,0.0,375.45,0.97,58.0,101150.0
1990-10-18 19:00:00+00:00,16.65,80.75,0.0,0.0,0.0,375.45,1.17,351.0,101110.0
1990-10-18 20:00:00+00:00,16.39,80.75,0.0,0.0,0.0,371.0,1.24,7.0,101090.0
1990-10-18 21:00:00+00:00,16.22,80.75,0.0,0.0,0.0,372.75,1.17,15.0,101110.0
1990-10-18 22:00:00+00:00,15.88,83.55,0.0,0.0,0.0,364.2,1.24,21.0,101160.0
1990-10-18 23:00:00+00:00,16.04,83.55,36.55,70.27,31.55,376.4,1.17,20.0,101200.0
1990-10-19 00:00:00+00:00,16.74,78.0,61.65,39.09,50.9,373.9,1.1,32.0,101250.0
1990-10-19 01:00:00+00:00,17.3,75.4,119.65,57.89,93.2,375.35,1.17,44.0,101320.0
1990-10-19 02:00:00+00:00,18.17,72.9,91.2,8.15,86.3,378.95,1.03,46.0,101360.0
1990-10-19 03:00:00+00:00,18.34,70.45,71.15,0.0,71.15,382.6,0.97,38.0,101360.0
1990-10-19 04:00:00+00:00,18.34,72.95,115.0,9.7,107.8,385.3,1.24,41.0,101310.0
1990-10-19 05:00:00+00:00,18.65,70.45,46.8,0.41,46.5,386.85,1.31,45.0,101230.0
1990-10-19 06:00:00+00:00,18.18,75.45,63.6,0.0,63.6,386.3,1.17,40.0,101170.0
1990-10-19 07:00:00+00:00,17.29,86.65,31.05,0.0,31.05,382.8,1.52,40.0,101150.0
1990-10-19 08:00:00+00:00,16.99,89.65,13.25,0.0,13.25,383.0,1.38,32.0,101180.0
1990-10-19 09:00:00+00:00,16.75,89.65,5.55,10.24,3.7,382.4,1.17,43.0,101160.0
1990-10-19 10:00:00+00:00,16.59,92.8,0.0,0.0,0.0,381.45,0.97,19.0,101170.0
1990-10-19 11:00:00+00:00,16.56,92.8,0.0,0.0,0.0,381.05,1.17,4.0,101200.0
1990-10-19 12:00:00+00:00,16.55,92.8,0.0,0.0,0.0,382.0,1.31,341.0,101240.0
1990-10-19 13:00:00+00:00,16.5,92.8,0.0,0.0,0.0,382.0,1.45,326.0,101270.0
1990-10-19 14:00:00+00:00,16.38,92.8,0.0,0.0,0.0,382.0,1.52,311.0,101290.0
1990-10-19 15:00:00+00:00,16.28,92.8,0.0,0.0,0.0,379.3,1.66,303.0,101290.0
1990-10-19 16:00:00+00:00,16.28,92.8,0.0,0.0,0.0,381.85,1.72,306.0,101260.0
1990-10-19 17:00:00+00:00,16.2,96.0,0.0,0.0,0.0,381.65,1.79,314.0,101220.0
1990-10-19 18:00:00+00:00,16.15,96.0,0.0,0.0,0.0,382.2,1.86,324.0,101180.0
1990-10-19 19:00:00+00:00,15.72,92.75,0.0,0.0,0.0,378.75,2.0,319.0,101200.0
1990-10-19 20:00:00+00:00,15.68,96.0,0.0,0.0,0.0,379.1,2.07,324.0,101200.0
1990-10-19 21:00:00+00:00,15.51,96.0,0.0,0.0,0.0,377.75,2.07,326.0,101210.0
1990-10-19 22:00:00+00:00,15.43,96.0,0.0,0.0,0.0,375.25,2.0,329.0,101240.0
1990-10-19 23:00:00+00:00,15.43,96.0,24.95,94.49,18.5,377.55,2.0,331.0,101300.0
1990-10-20 00:00:00+00:00,15.66,99.4,32.75,2.94,31.95,376.8,1.79,335.0,101360.0
1990-10-20 01:00:00+00:00,15.83,96.0,66.0,11.36,60.85,374.6,1.59,341.0,101440.0
1990-10-20 02:00:00+00:00,16.35,92.8,77.75,1.92,76.6,380.3,1.52,341.0,101450.0
1990-10-20 03:00:00+00:00,16.64,92.8,112.2,23.25,96.05,381.65,1.52,343.0,101410.0
1990-10-20 04:00:00+00:00,17.15,86.6,68.0,1.08,67.2,381.45,1.45,345.0,101360.0
1990-10-20 05:00:00+00:00,16.97,89.65,59.25,8.08,53.4,382.0,1.31,342.0,101290.0
1990-10-20 06:00:00+00:00,16.87,89.65,52.65,0.46,52.35,382.4,1.38,344.0,101200.0
1990-10-20 07:00:00+00:00,16.1,96.0,21.55,0.75,21.15,378.15,2.34,330.0,101200.0
1990-10-20 08:00:00+00:00,15.8,96.0,16.95,0.0,16.95,376.4,2.21,332.0,101210.0
1990-10-20 09:00:00+00:00,15.69,99.4,3.4,0.57,3.3,377.55,2.07,332.0,101210.0
1990-10-20 10:00:00+00:00,15.6,96.0,0.0,0.0,0.0,378.75,1.93,332.0,101240.0
1990-10-20 11:00:00+00:00,15.47,96.0,0.0,0.0,0.0,370.8,1.79,335.0,101250.0
1990-10-20 12:00:00+00:00,15.36,96.0,0.0,0.0,0.0,367.3,1.66,340.0,101310.0
1990-10-20 13:00:00+00:00,15.41,92.75,0.0,0.0,0.0,373.1,1.45,343.0,101340.0
1990-10-20 14:00:00+00:00,15.35,92.75,0.0,0.0,0.0,370.2,1.45,345.0,101350.0
1990-10-20 15:00:00+00:00,15.29,92.75,0.0,0.0,0.0,368.3,1.52,347.0,101370.0
1990-10-20 16:00:00+00:00,15.23,92.75,0.0,0.0,0.0,366.15,1.66,345.0,101350.0
1990-10-20 17:00:00+00:00,15.31,92.75,0.0,0.0,0.0,371.4,1.66,344.0,101310.0
1990-10-20 18:00:00+00:00,15.25,92.75,0.0,0.0,0.0,366.35,1.72,340.0,101290.0
1990-10-20 19:00:00+00:00,15.3,89.55,0.0,0.0,0.0,371.2,1.86,338.0,101340.0
1990-10-20 20:00:00+00:00,15.25,89.55,0.0,0.0,0.0,366.55,1.86,343.0,101330.0
1990-10-20 21:00:00+00:00,15.03,92.7,0.0,0.0,0.0,366.75,1.79,342.0,101360.0
1990-10-20 22:00:00+00:00,15.05,92.7,0.0,0.0,0.0,371.55,1.79,338.0,101380.0
1990-10-20 23:00:00+00:00,14.89,92.7,30.3,78.05,25.2,361.3,1.86,343.0,101450.0
1990-10-21 00:00:00+00:00,15.21,92.75,85.2,51.0,71.5,356.65,1.86,351.0,101520.0
1990-10-21 01:00:00+00:00,16.08,89.6,231.15,221.28,131.6,364.9,2.0,357.0,101590.0
1990-10-21 02:00:00+00:00,17.48,80.85,368.1,296.14,192.25,356.3,2.55,358.0,101640.0
1990-10-21 03:00:00+00:00,18.68,72.95,317.05,102.59,246.2,364.8,3.66,3.0,101630.0
1990-10-21 04:00:00+00:00,18.91,68.1,250.35,40.0,221.0,364.8,4.07,11.0,101610.0
1990-10-21 05:00:00+00:00,19.01,68.1,107.85,2.5,106.05,379.1,3.93,15.0,101570.0
1990-10-21 06:00:00+00:00,18.46,72.95,110.95,1.46,110.0,382.0,2.9,7.0,101540.0
1990-10-21 07:00:00+00:00,17.08,86.6,115.0,23.47,102.55,369.85,3.31,3.0,101640.0
1990-10-21 08:00:00+00:00,17.15,83.65,81.0,26.13,71.4,373.3,2.69,3.0,101630.0
1990-10-21 09:00:00+00:00,17.32,78.1,8.25,0.87,8.1,361.9,2.62,9.0,101650.0
1990-10-21 10:00:00+00:00,16.91,78.0,0.0,0.0,0.0,372.95,2.76,18.0,101680.0
1990-10-21 11:00:00+00:00,16.5,77.95,0.0,0.0,0.0,364.8,3.24,24.0,101780.0
1990-10-21 12:00:00+00:00,16.26,72.65,0.0,0.0,0.0,365.0,3.72,27.0,101870.0
1990-10-21 13:00:00+00:00,15.9,72.55,0.0,0.0,0.0,357.05,3.79,24.0,101920.0
1990-10-21 14:00:00+00:00,15.7,72.45,0.0,0.0,0.0,362.65,3.72,22.0,102020.0
1990-10-21 15:00:00+00:00,15.38,72.45,0.0,0.0,0.0,359.75,3.59,24.0,102040.0
1990-10-21 16:00:00+00:00,15.0,72.4,0.0,0.0,0.0,354.95,3.45,25.0,102040.0
1990-10-21 17:00:00+00:00,14.65,72.3,0.0,0.0,0.0,354.55,3.52,25.0,102050.0
1990-10-21 18:00:00+00:00,14.3,67.25,0.0,0.0,0.0,354.75,3.66,25.0,102050.0
1990-10-21 19:00:00+00:00,13.64,72.1,0.0,0.0,0.0,338.5,3.1,21.0,102000.0
1990-10-21 20:00:00+00:00,13.33,69.55,0.0,0.0,0.0,343.7,3.17,17.0,102000.0
1990-10-21 21:00:00+00:00,13.12,69.45,0.0,0.0,0.0,353.0,3.52,17.0,102050.0
1990-10-21 22:00:00+00:00,12.64,66.95,0.0,0.0,0.0,343.7,3.59,17.0,102060.0
1990-10-21 23:00:00+00:00,11.94,66.85,81.3,481.55,51.25,322.6,3.31,17.0,102110.0
1990-10-22 00:00:00+00:00,11.92,62.1,241.8,444.83,123.75,310.8,3.52,19.0,102160.0
1990-10-22 01:00:00+00:00,12.5,59.95,425.5,596.17,159.4,305.9,3.52,21.0,102220.0
1990-10-22 02:00:00+00:00,13.44,55.75,615.0,808.7,137.85,296.65,3.17,18.0,102210.0
1990-10-22 03:00:00+00:00,14.57,52.0,649.8,648.04,204.85,286.6,2.97,15.0,102110.0
1990-10-22 04:00:00+00:00,15.43,46.75,672.65,617.46,222.2,309.65,3.03,12.0,102030.0
1990-10-22 05:00:00+00:00,16.1,43.5,657.7,705.27,152.85,308.65,3.17,11.0,101930.0
1990-10-22 06:00:00+00:00,16.52,40.5,348.55,164.97,241.9,294.95,3.31,10.0,101810.0
1990-10-22 07:00:00+00:00,15.28,45.05,258.75,135.98,187.2,323.95,2.55,6.0,101790.0
1990-10-22 08:00:00+00:00,15.17,44.9,128.65,105.46,90.35,323.75,2.48,0.0,101760.0
1990-10-22 09:00:00+00:00,14.72,46.6,29.7,32.34,24.25,313.9,1.72,0.0,101720.0
1990-10-22 10:00:00+00:00,13.84,53.85,0.0,0.0,0.0,302.85,1.59,340.0,101690.0
1990-10-22 11:00:00+00:00,12.75,59.95,0.0,0.0,0.0,299.0,1.52,324.0,101700.0
1990-10-22 12:00:00+00:00,11.89,64.45,0.0,0.0,0.0,306.55,1.59,306.0,101690.0
1990-10-22 13:00:00+00:00,10.92,71.75,0.0,0.0,0.0,296.5,1.59,300.0,101710.0
1990-10-22 14:00:00+00:00,10.24,74.4,0.0,0.0,0.0,294.95,1.66,299.0,101730.0
1990-10-22 15:00:00+00:00,9.5,79.9,0.0,0.0,0.0,287.95,1.59,300.0,101700.0
1990-10-22 16:00:00+00:00,9.0,82.85,0.0,0.0,0.0,283.9,1.52,301.0,101670.0
1990-10-22 17:00:00+00:00,9.41,79.9,0.0,0.0,0.0,278.1,1.1,303.0,101580.0
1990-10-22 18:00:00+00:00,9.84,77.1,0.0,0.0,0.0,279.65,0.76,285.0,101540.0
1990-10-22 19:00:00+00:00,9.07,82.85,0.0,0.0,0.0,276.55,0.9,228.0,101480.0
1990-10-22 20:00:00+00:00,7.71,89.05,0.0,0.0,0.0,276.35,1.24,204.0,101430.0
1990-10-22 21:00:00+00:00,6.98,92.35,0.0,0.0,0.0,279.45,1.45,196.0,101420.0
1990-10-22 22:00:00+00:00,6.94,92.35,0.0,0.0,0.0,279.65,1.38,197.0,101460.0
1990-10-22 23:00:00+00:00,6.7,92.35,101.1,871.45,49.3,276.55,1.38,195.0,101440.0
1990-10-23 00:00:00+00:00,9.14,92.45,288.6,757.69,90.0,277.3,0.97,195.0,101470.0
1990-10-23 01:00:00+00:00,13.44,69.55,472.6,813.0,112.6,283.05,1.1,202.0,101520.0
1990-10-23 02:00:00+00:00,15.85,58.45,605.2,788.02,143.25,289.9,1.17,226.0,101490.0
1990-10-23 03:00:00+00:00,17.71,54.7,619.75,661.46,168.25,300.75,1.45,270.0,101410.0
1990-10-23 04:00:00+00:00,18.93,51.25,660.75,629.16,204.4,310.8,2.07,290.0,101340.0
1990-10-23 05:00:00+00:00,20.01,47.9,637.9,671.56,160.05,322.6,2.41,296.0,101250.0
1990-10-23 06:00:00+00:00,20.63,46.35,520.35,585.66,144.25,313.7,2.41,300.0,101120.0
1990-10-23 07:00:00+00:00,21.12,44.85,373.45,500.25,112.35,320.5,2.62,303.0,101060.0
1990-10-23 08:00:00+00:00,21.0,44.85,182.45,280.75,81.65,318.75,2.34,305.0,101040.0
1990-10-23 09:00:00+00:00,20.15,51.5,32.2,59.86,22.35,320.85,1.31,294.0,101020.0
1990-10-23 10:00:00+00:00,18.41,59.05,0.0,0.0,0.0,312.75,1.45,245.0,101020.0
1990-10-23 11:00:00+00:00,16.05,70.0,0.0,0.0,0.0,314.1,1.86,223.0,101070.0
1990-10-23 12:00:00+00:00,14.57,74.95,0.0,0.0,0.0,312.75,2.21,213.0,101100.0
1990-10-23 13:00:00+00:00,13.51,80.35,0.0,0.0,0.0,310.6,2.28,211.0,101110.0
1990-10-23 14:00:00+00:00,12.87,83.25,0.0,0.0,0.0,310.2,2.21,209.0,101170.0
1990-10-23 15:00:00+00:00,12.17,86.2,0.0,0.0,0.0,306.15,2.0,202.0,101160.0
1990-10-23 16:00:00+00:00,11.57,89.3,0.0,0.0,0.0,310.05,1.79,194.0,101140.0
1990-10-23 17:00:00+00:00,11.13,92.55,0.0,0.0,0.0,312.55,1.66,190.0,101110.0
1990-10-23 18:00:00+00:00,10.75,89.3,0.0,0.0,0.0,309.25,1.66,188.0,101090.0
1990-10-23 19:00:00+00:00,10.47,92.5,0.0,0.0,0.0,312.35,1.52,194.0,101090.0
1990-10-23 20:00:00+00:00,10.36,92.5,0.0,0.0,0.0,315.65,1.38,189.0,101060.0
1990-10-23 21:00:00+00:00,10.2,92.5,0.0,0.0,0.0,313.1,1.31,187.0,101050.0
1990-10-23 22:00:00+00:00,10.01,95.9,0.0,0.0,0.0,309.45,1.24,179.0,101070.0
1990-10-23 23:00:00+00:00,10.24,92.5,86.25,503.03,57.85,315.65,1.1,185.0,101090.0
1990-10-24 00:00:00+00:00,12.13,92.6,249.55,461.32,130.15,314.1,0.76,177.0,101140.0
1990-10-24 01:00:00+00:00,15.85,75.15,394.0,442.25,199.75,313.05,0.83,171.0,101170.0
1990-10-24 02:00:00+00:00,18.07,65.55,481.65,365.73,268.65,326.65,0.83,173.0,101160.0
1990-10-24 03:00:00+00:00,19.76,57.3,540.65,361.21,295.55,343.5,1.03,175.0,101100.0
1990-10-24 04:00:00+00:00,20.93,49.95,541.6,312.07,316.55,343.9,1.17,176.0,101050.0
1990-10-24 05:00:00+00:00,21.54,46.6,468.0,231.59,304.2,347.75,1.31,173.0,100950.0
1990-10-24 06:00:00+00:00,21.75,46.6,279.15,117.81,204.0,347.75,1.59,173.0,100860.0
1990-10-24 07:00:00+00:00,21.12,49.95,209.55,71.56,172.5,354.55,2.34,167.0,100760.0
1990-10-24 08:00:00+00:00,20.77,51.75,111.5,44.51,95.7,353.75,2.34,165.0,100760.0
1990-10-24 09:00:00+00:00,19.71,59.25,20.3,6.22,19.3,343.7,2.28,162.0,100760.0
1990-10-24 10:00:00+00:00,18.27,63.4,0.0,0.0,0.0,344.85,2.69,160.0,100760.0
1990-10-24 11:00:00+00:00,17.35,67.85,0.0,0.0,0.0,338.5,3.1,161.0,100800.0
1990-10-24 12:00:00+00:00,16.64,75.25,0.0,0.0,0.0,328.4,3.31,163.0,100840.0
1990-10-24 13:00:00+00:00,15.88,77.85,0.0,0.0,0.0,317.0,3.24,163.0,100850.0
1990-10-24 14:00:00+00:00,15.21,80.6,0.0,0.0,0.0,312.35,3.17,163.0,100860.0
1990-10-24 15:00:00+00:00,14.65,86.4,0.0,0.0,0.0,309.65,3.17,164.0,100870.0
1990-10-24 16:00:00+00:00,14.12,86.35,0.0,0.0,0.0,305.95,3.1,164.0,100840.0
1990-10-24 17:00:00+00:00,13.63,89.4,0.0,0.0,0.0,304.05,2.97,165.0,100820.0
1990-10-24 18:00:00+00:00,13.13,89.4,0.0,0.0,0.0,302.65,2.69,166.0,100800.0
1990-10-24 19:00:00+00:00,12.44,89.4,0.0,0.0,0.0,300.95,2.14,168.0,100740.0
1990-10-24 20:00:00+00:00,11.81,89.35,0.0,0.0,0.0,299.4,2.0,169.0,100720.0
1990-10-24 21:00:00+00:00,11.29,92.55,0.0,0.0,0.0,299.2,1.86,169.0,100750.0
1990-10-24 22:00:00+00:00,10.81,92.55,0.0,0.0,0.0,298.05,1.79,169.0,100760.0
1990-10-24 23:00:00+00:00,10.45,95.9,94.0,887.68,46.55,297.65,1.59,170.0,100810.0
1990-10-25 00:00:00+00:00,12.37,89.4,275.3,723.07,90.55,301.1,1.31,162.0,100860.0
1990-10-25 01:00:00+00:00,15.35,80.6,454.4,778.62,115.2,302.95,1.66,165.0,100940.0
1990-10-25 02:00:00+00:00,17.32,72.8,590.05,791.97,131.85,309.65,1.66,168.0,100920.0
1990-10-25 03:00:00+00:00,19.1,68.1,676.4,797.69,138.35,316.2,1.66,170.0,100880.0
1990-10-25 04:00:00+00:00,20.59,63.8,694.6,774.65,139.2,321.85,1.79,170.0,100820.0
1990-10-25 05:00:00+00:00,21.69,57.65,628.15,705.08,132.45,326.65,2.0,172.0,100740.0
1990-10-25 06:00:00+00:00,22.36,52.1,464.5,522.91,133.15,337.1,2.34,172.0,100660.0
1990-10-25 07:00:00+00:00,22.43,54.0,342.75,470.23,101.25,367.1,2.34,168.0,100530.0
1990-10-25 08:00:00+00:00,22.25,53.85,177.15,300.17,71.8,335.55,2.62,163.0,100540.0
1990-10-25 09:00:00+00:00,21.43,57.65,28.3,67.24,17.75,340.0,2.28,153.0,100580.0
1990-10-25 10:00:00+00:00,19.37,63.6,0.0,0.0,0.0,329.0,2.69,145.0,100590.0
1990-10-25 11:00:00+00:00,17.99,67.95,0.0,0.0,0.0,324.95,2.76,149.0,100670.0
1990-10-25 12:00:00+00:00,17.05,70.2,0.0,0.0,0.0,320.1,2.83,156.0,100720.0
1990-10-25 13:00:00+00:00,16.25,72.65,0.0,0.0,0.0,314.85,2.76,158.0,100750.0
1990-10-25 14:00:00+00:00,15.52,75.1,0.0,0.0,0.0,310.8,2.69,157.0,100790.0
1990-10-25 15:00:00+00:00,14.86,77.75,0.0,0.0,0.0,308.85,2.62,156.0,100800.0
1990-10-25 16:00:00+00:00,14.31,80.45,0.0,0.0,0.0,307.1,2.62,155.0,100790.0
1990-10-25 17:00:00+00:00,13.84,83.35,0.0,0.0,0.0,305.2,2.55,155.0,100770.0
1990-10-25 18:00:00+00:00,13.4,83.25,0.0,0.0,0.0,304.2,2.41,154.0,100770.0
1990-10-25 19:00:00+00:00,12.89,86.25,0.0,0.0,0.0,302.1,2.07,157.0,100770.0
1990-10-25 20:00:00+00:00,12.17,89.35,0.0,0.0,0.0,301.3,1.79,155.0,100770.0
1990-10-25 21:00:00+00:00,11.63,89.3,0.0,0.0,0.0,300.75,1.66,153.0,100780.0
1990-10-25 22:00:00+00:00,11.14,92.55,0.0,0.0,0.0,299.55,1.79,151.0,100820.0
1990-10-25 23:00:00+00:00,10.86,89.3,93.1,950.82,45.15,299.6,1.86,151.0,100840.0
1990-10-26 00:00:00+00:00,12.95,89.4,273.8,735.4,88.35,300.35,1.59,148.0,100920.0
1990-10-26 01:00:00+00:00,16.82,70.2,452.15,785.82,112.65,305.3,2.07,152.0,100970.0
1990-10-26 02:00:00+00:00,18.97,63.5,591.3,806.67,127.7,312.35,2.69,158.0,100970.0
1990-10-26 03:00:00+00:00,20.78,53.6,674.3,803.91,135.3,318.15,3.38,159.0,100950.0
1990-10-26 04:00:00+00:00,22.06,50.2,693.65,782.61,135.8,323.4,3.79,160.0,100860.0
1990-10-26 05:00:00+00:00,22.83,47.0,639.7,723.29,134.25,326.3,4.0,158.0,100770.0
1990-10-26 06:00:00+00:00,23.14,45.35,475.1,525.61,144.25,328.8,3.93,156.0,100650.0
1990-10-26 07:00:00+00:00,23.13,47.0,330.65,430.15,111.5,347.75,3.79,164.0,100600.0
1990-10-26 08:00:00+00:00,22.89,47.0,169.6,288.46,69.5,342.55,3.31,160.0,100600.0
1990-10-26 09:00:00+00:00,21.88,52.0,21.9,34.28,16.65,339.05,2.41,147.0,100600.0
1990-10-26 10:00:00+00:00,20.05,59.35,0.0,0.0,0.0,341.2,2.55,137.0,100640.0
1990-10-26 11:00:00+00:00,19.08,63.5,0.0,0.0,0.0,354.95,2.41,132.0,100700.0
1990-10-26 12:00:00+00:00,18.32,65.65,0.0,0.0,0.0,352.2,2.28,131.0,100790.0
1990-10-26 13:00:00+00:00,17.98,67.95,0.0,0.0,0.0,365.0,2.07,133.0,100840.0
1990-10-26 14:00:00+00:00,17.45,70.3,0.0,0.0,0.0,358.2,2.07,135.0,100870.0
1990-10-26 15:00:00+00:00,17.31,70.3,0.0,0.0,0.0,368.1,2.0,137.0,100900.0
1990-10-26 16:00:00+00:00,17.01,72.7,0.0,0.0,0.0,363.45,1.93,139.0,100890.0
1990-10-26 17:00:00+00:00,16.82,72.7,0.0,0.0,0.0,367.9,1.86,142.0,100880.0
1990-10-26 18:00:00+00:00,16.02,77.85,0.0,0.0,0.0,347.2,1.72,148.0,100850.0
1990-10-26 19:00:00+00:00,16.69,77.95,0.0,0.0,0.0,376.4,0.48,176.0,100860.0
1990-10-26 20:00:00+00:00,16.67,77.95,0.0,0.0,0.0,365.0,0.07,120.0,100870.0
1990-10-26 21:00:00+00:00,15.91,83.55,0.0,0.0,0.0,365.55,0.55,344.0,100900.0
1990-10-26 22:00:00+00:00,15.27,92.75,0.0,0.0,0.0,371.4,1.17,347.0,100960.0
1990-10-26 23:00:00+00:00,15.23,92.75,16.55,35.87,14.85,371.55,1.45,335.0,101030.0
1990-10-27 00:00:00+00:00,15.42,92.75,65.0,39.39,55.2,375.05,1.45,332.0,101120.0
1990-10-27 01:00:00+00:00,16.1,92.75,137.5,64.89,109.7,375.95,1.45,326.0,101180.0
1990-10-27 02:00:00+00:00,16.93,86.6,196.75,20.23,185.2,373.9,2.21,321.0,101200.0
1990-10-27 03:00:00+00:00,18.02,78.15,308.9,105.94,238.3,376.8,2.97,322.0,101180.0
1990-10-27 04:00:00+00:00,19.11,70.55,171.8,15.1,161.1,380.45,3.52,325.0,101160.0
1990-10-27 05:00:00+00:00,19.01,68.1,160.9,13.1,151.8,386.85,3.1,324.0,101100.0
1990-10-27 06:00:00+00:00,18.86,68.1,73.3,19.19,61.3,385.1,3.1,318.0,101030.0
1990-10-27 07:00:00+00:00,16.87,80.8,29.95,0.0,29.95,378.55,3.72,315.0,101090.0
1990-10-27 08:00:00+00:00,16.31,80.75,14.35,0.0,14.35,377.55,3.52,311.0,101140.0
1990-10-27 09:00:00+00:00,15.63,86.5,4.35,0.0,4.35,375.65,3.24,312.0,101180.0
1990-10-27 10:00:00+00:00,15.01,89.5,0.0,0.0,0.0,372.55,3.03,313.0,101260.0
1990-10-27 11:00:00+00:00,14.73,89.5,0.0,0.0,0.0,369.45,2.62,315.0,101320.0
1990-10-27 12:00:00+00:00,14.55,92.7,0.0,0.0,0.0,367.5,2.28,315.0,101380.0
1990-10-27 13:00:00+00:00,14.42,92.7,0.0,0.0,0.0,365.4,2.21,307.0,101400.0
1990-10-27 14:00:00+00:00,14.3,89.5,0.0,0.0,0.0,362.85,2.55,296.0,101470.0
1990-10-27 15:00:00+00:00,14.13,89.45,0.0,0.0,0.0,361.5,2.83,292.0,101510.0
1990-10-27 16:00:00+00:00,13.96,83.35,0.0,0.0,0.0,359.95,3.1,291.0,101500.0
1990-10-27 17:00:00+00:00,13.89,77.6,0.0,0.0,0.0,360.15,3.38,289.0,101520.0
1990-10-27 18:00:00+00:00,13.92,69.65,0.0,0.0,0.0,359.4,3.66,291.0,101510.0
1990-10-27 19:00:00+00:00,13.31,69.55,0.0,0.0,0.0,354.55,2.69,285.0,101480.0
1990-10-27 20:00:00+00:00,13.54,64.65,0.0,0.0,0.0,353.95,2.62,302.0,101430.0
1990-10-27 21:00:00+00:00,13.43,62.3,0.0,0.0,0.0,336.75,2.69,316.0,101420.0
1990-10-27 22:00:00+00:00,13.33,62.3,0.0,0.0,0.0,329.95,2.69,326.0,101460.0
1990-10-27 23:00:00+00:00,13.14,66.95,48.1,265.08,36.35,323.0,2.62,329.0,101540.0
1990-10-28 00:00:00+00:00,13.91,67.15,65.8,2.65,65.15,338.65,2.41,330.0,101640.0
1990-10-28 01:00:00+00:00,14.7,64.95,168.85,53.21,146.25,356.4,2.41,336.0,101730.0
1990-10-28 02:00:00+00:00,15.94,58.45,172.45,73.28,130.9,357.05,3.1,341.0,101730.0
1990-10-28 03:00:00+00:00,16.32,52.5,228.45,30.72,208.1,352.4,3.31,347.0,101710.0
1990-10-28 04:00:00+00:00,16.82,47.15,372.65,121.29,287.2,360.15,3.52,353.0,101630.0
1990-10-28 05:00:00+00:00,17.59,45.55,291.15,94.94,225.6,351.05,3.66,359.0,101550.0
1990-10-28 06:00:00+00:00,17.65,45.55,294.5,129.27,214.2,351.25,3.52,359.0,101480.0
1990-10-28 07:00:00+00:00,17.66,45.55,205.85,99.92,155.75,343.1,3.1,359.0,101420.0
1990-10-28 08:00:00+00:00,17.45,43.9,79.95,19.75,73.25,351.45,2.97,354.0,101430.0
1990-10-28 09:00:00+00:00,16.65,48.8,11.65,5.82,10.8,349.3,2.34,349.0,101440.0
1990-10-28 10:00:00+00:00,15.71,50.5,0.0,0.0,0.0,348.95,2.14,348.0,101480.0
1990-10-28 11:00:00+00:00,15.01,56.15,0.0,0.0,0.0,345.65,2.0,352.0,101520.0
1990-10-28 12:00:00+00:00,14.44,58.1,0.0,0.0,0.0,343.1,1.72,354.0,101570.0
1990-10-28 13:00:00+00:00,13.69,64.75,0.0,0.0,0.0,337.1,1.38,350.0,101600.0
1990-10-28 14:00:00+00:00,13.19,69.55,0.0,0.0,0.0,335.55,0.9,338.0,101610.0
1990-10-28 15:00:00+00:00,13.42,64.65,0.0,0.0,0.0,308.65,0.62,305.0,101580.0
1990-10-28 16:00:00+00:00,12.77,66.95,0.0,0.0,0.0,311.95,0.69,280.0,101520.0
1990-10-28 17:00:00+00:00,11.34,74.55,0.0,0.0,0.0,290.1,1.03,278.0,101490.0
1990-10-28 18:00:00+00:00,10.61,80.05,0.0,0.0,0.0,278.65,1.1,274.0,101470.0
1990-10-28 19:00:00+00:00,10.21,77.15,0.0,0.0,0.0,286.4,1.1,284.0,101440.0
1990-10-28 20:00:00+00:00,9.95,79.95,0.0,0.0,0.0,286.6,1.03,290.0,101390.0
1990-10-28 21:00:00+00:00,9.76,79.95,0.0,0.0,0.0,285.45,0.97,302.0,101370.0
1990-10-28 22:00:00+00:00,9.64,82.9,0.0,0.0,0.0,280.6,0.83,315.0,101360.0
1990-10-28 23:00:00+00:00,8.97,82.85,91.3,1152.74,43.75,268.6,0.9,326.0,101380.0
1990-10-29 00:00:00+00:00,10.27,77.15,277.25,784.28,87.4,267.85,0.55,335.0,101450.0
1990-10-29 01:00:00+00:00,13.14,69.45,459.45,826.01,111.6,272.2,0.55,337.0,101480.0
1990-10-29 02:00:00+00:00,15.52,56.25,601.35,844.25,125.95,278.3,0.41,317.0,101440.0
1990-10-29 03:00:00+00:00,17.37,47.3,684.75,837.54,133.35,284.5,0.48,305.0,101360.0
1990-10-29 04:00:00+00:00,18.7,42.6,700.5,807.29,135.1,289.3,0.48,313.0,101260.0
1990-10-29 05:00:00+00:00,19.5,38.35,648.3,755.15,130.05,293.2,0.21,290.0,101130.0
1990-10-29 06:00:00+00:00,19.89,35.75,531.8,669.45,118.7,295.5,0.41,188.0,101010.0
1990-10-29 07:00:00+00:00,20.12,37.1,366.35,536.34,99.55,297.85,0.9,190.0,100920.0
1990-10-29 08:00:00+00:00,19.91,37.1,175.55,320.37,68.05,297.45,1.45,172.0,100890.0
1990-10-29 09:00:00+00:00,18.79,44.3,24.45,64.95,15.2,296.5,1.72,151.0,100890.0
1990-10-29 10:00:00+00:00,16.7,52.5,0.0,0.0,0.0,292.2,2.55,144.0,100900.0
1990-10-29 11:00:00+00:00,14.98,58.25,0.0,0.0,0.0,289.7,2.62,146.0,100970.0
1990-10-29 12:00:00+00:00,13.85,60.2,0.0,0.0,0.0,287.4,2.55,152.0,101040.0
1990-10-29 13:00:00+00:00,12.99,64.55,0.0,0.0,0.0,285.45,2.55,159.0,101100.0
1990-10-29 14:00:00+00:00,12.32,64.55,0.0,0.0,0.0,284.3,2.62,163.0,101150.0
1990-10-29 15:00:00+00:00,11.81,66.85,0.0,0.0,0.0,283.1,2.55,165.0,101160.0
1990-10-29 16:00:00+00:00,11.31,69.25,0.0,0.0,0.0,282.75,2.48,163.0,101160.0
1990-10-29 17:00:00+00:00,10.75,74.45,0.0,0.0,0.0,281.6,2.34,161.0,101150.0
1990-10-29 18:00:00+00:00,10.02,79.95,0.0,0.0,0.0,281.6,2.0,165.0,101160.0
1990-10-29 19:00:00+00:00,10.74,74.45,0.0,0.0,0.0,280.4,0.69,192.0,101170.0
1990-10-29 20:00:00+00:00,11.06,74.45,0.0,0.0,0.0,282.75,0.34,301.0,101240.0
1990-10-29 21:00:00+00:00,9.48,82.9,0.0,0.0,0.0,289.3,1.1,328.0,101280.0
1990-10-29 22:00:00+00:00,9.02,89.1,0.0,0.0,0.0,314.5,1.86,331.0,101380.0
1990-10-29 23:00:00+00:00,9.3,82.9,44.4,0.0,44.4,307.9,2.21,341.0,101490.0
1990-10-30 00:00:00+00:00,10.91,77.2,244.0,665.99,85.05,299.4,2.34,348.0,101600.0
1990-10-30 01:00:00+00:00,13.44,67.05,430.9,758.28,114.35,297.75,3.17,5.0,101690.0
1990-10-30 02:00:00+00:00,15.14,60.4,573.9,794.58,129.55,295.1,3.1,18.0,101740.0
1990-10-30 03:00:00+00:00,16.65,56.5,663.05,804.19,136.85,297.65,2.76,14.0,101710.0
1990-10-30 04:00:00+00:00,17.8,51.0,675.25,770.98,138.45,299.0,2.62,7.0,101650.0
1990-10-30 05:00:00+00:00,18.52,49.3,594.3,674.98,133.85,304.05,2.69,360.0,101560.0
1990-10-30 06:00:00+00:00,18.82,45.95,486.05,577.05,132.3,310.6,2.76,357.0,101470.0
1990-10-30 07:00:00+00:00,18.87,45.95,338.3,461.36,110.6,316.2,2.07,358.0,101420.0
1990-10-30 08:00:00+00:00,18.67,45.85,167.5,298.17,68.55,312.95,1.86,6.0,101420.0
1990-10-30 09:00:00+00:00,17.83,49.15,22.8,57.2,14.85,299.95,1.24,27.0,101400.0
1990-10-30 10:00:00+00:00,16.13,60.65,0.0,0.0,0.0,292.4,1.38,57.0,101410.0
1990-10-30 11:00:00+00:00,13.85,69.65,0.0,0.0,0.0,287.6,1.31,88.0,101440.0
1990-10-30 12:00:00+00:00,12.67,72.05,0.0,0.0,0.0,284.1,1.31,129.0,101480.0
1990-10-30 13:00:00+00:00,11.13,80.1,0.0,0.0,0.0,281.2,1.52,154.0,101520.0
1990-10-30 14:00:00+00:00,9.87,82.95,0.0,0.0,0.0,279.05,1.66,162.0,101560.0
1990-10-30 15:00:00+00:00,9.01,85.95,0.0,0.0,0.0,276.75,1.72,164.0,101560.0
1990-10-30 16:00:00+00:00,8.46,89.1,0.0,0.0,0.0,275.2,1.66,162.0,101540.0
1990-10-30 17:00:00+00:00,7.93,89.05,0.0,0.0,0.0,272.85,1.66,155.0,101490.0
1990-10-30 18:00:00+00:00,7.34,92.35,0.0,0.0,0.0,271.9,1.66,154.0,101460.0
1990-10-30 19:00:00+00:00,7.21,92.35,0.0,0.0,0.0,272.5,1.79,165.0,101420.0
1990-10-30 20:00:00+00:00,7.26,89.0,0.0,0.0,0.0,272.1,1.66,160.0,101370.0
1990-10-30 21:00:00+00:00,7.06,92.35,0.0,0.0,0.0,271.7,1.66,151.0,101370.0
1990-10-30 22:00:00+00:00,6.93,92.35,0.0,0.0,0.0,275.6,1.66,143.0,101380.0
1990-10-30 23:00:00+00:00,6.76,89.0,42.05,0.0,42.05,270.35,1.66,140.0,101410.0
1990-10-31 00:00:00+00:00,8.96,89.1,267.8,772.14,86.15,272.1,1.24,139.0,101440.0
1990-10-31 01:00:00+00:00,13.65,72.1,446.45,812.02,110.45,276.85,1.59,142.0,101480.0
1990-10-31 02:00:00+00:00,16.26,58.6,583.0,823.36,125.75,284.85,2.21,150.0,101470.0
1990-10-31 03:00:00+00:00,18.1,47.4,660.1,809.25,133.85,292.8,3.03,157.0,101410.0
1990-10-31 04:00:00+00:00,19.19,39.65,672.2,776.05,135.05,299.95,3.38,158.0,101330.0
1990-10-31 05:00:00+00:00,19.82,37.1,619.55,718.79,132.15,306.75,3.52,158.0,101200.0
1990-10-31 06:00:00+00:00,20.14,37.1,512.1,651.45,115.35,310.4,3.79,160.0,101090.0
1990-10-31 07:00:00+00:00,20.07,38.5,347.0,507.35,98.55,309.85,4.21,166.0,100990.0
1990-10-31 08:00:00+00:00,19.61,41.3,160.05,265.81,72.8,310.2,4.07,167.0,100950.0
1990-10-31 09:00:00+00:00,18.4,45.85,18.9,40.55,13.4,313.3,3.38,161.0,100930.0
1990-10-31 10:00:00+00:00,16.83,48.9,0.0,0.0,0.0,322.4,3.24,156.0,100920.0
1990-10-31 11:00:00+00:00,16.02,52.4,0.0,0.0,0.0,330.35,3.17,155.0,100940.0
1990-10-31 12:00:00+00:00,15.81,52.4,0.0,0.0,0.0,347.55,3.17,159.0,100950.0
1990-10-31 13:00:00+00:00,15.56,56.25,0.0,0.0,0.0,347.55,3.24,162.0,100980.0
1990-10-31 14:00:00+00:00,15.05,58.25,0.0,0.0,0.0,334.8,3.31,162.0,101000.0
1990-10-31 15:00:00+00:00,14.47,62.55,0.0,0.0,0.0,324.15,3.24,163.0,100960.0
1990-10-31 16:00:00+00:00,11.59,84.6,0.0,0.0,0.0,324.83,2.19,162.0,100930.0
1990-10-31 17:00:00+00:00,11.93,81.21,0.0,0.0,0.0,322.68,2.27,160.0,100880.0
1990-10-31 18:00:00+00:00,12.28,77.82,0.0,0.0,0.0,320.52,2.35,161.0,100850.0
1990-10-31 19:00:00+00:00,12.63,74.43,0.0,0.0,0.0,318.37,2.44,167.0,100770.0
1990-10-31 20:00:00+00:00,12.98,71.05,0.0,0.0,0.0,316.22,2.52,167.0,100740.0
1990-10-31 21:00:00+00:00,13.32,67.66,0.0,0.0,0.0,314.07,2.6,168.0,100710.0
1990-10-31 22:00:00+00:00,13.67,64.27,0.0,0.0,0.0,311.92,2.68,166.0,100750.0
1990-10-31 23:00:00+00:00,14.02,60.88,30.55,0.0,30.55,309.77,2.76,166.0,100780.0
1990-11-01 00:00:00+00:00,14.37,57.5,250.15,635.38,102.85,307.61,2.85,345.0,102170.0
1990-11-01 01:00:00+00:00,14.72,54.11,403.7,590.33,161.6,305.46,2.93,349.0,102270.0
1990-11-01 02:00:00+00:00,15.07,50.72,494.1,484.71,226.8,303.31,3.01,355.0,102320.0
1990-11-01 03:00:00+00:00,15.41,47.34,610.2,622.41,207.95,301.16,3.09,358.0,102320.0
1990-11-01 04:00:00+00:00,15.76,43.95,638.15,628.34,205.8,299.01,3.18,358.0,102190.0
1990-11-01 05:00:00+00:00,16.11,40.56,587.65,624.82,166.5,296.86,3.26,351.0,102050.0
1990-11-01 06:00:00+00:00,16.46,37.17,451.55,411.93,202.3,294.7,3.34,344.0,101940.0
1990-11-01 07:00:00+00:00,16.81,33.79,295.2,292.33,153.15,292.55,3.42,340.0,101850.0
1990-11-01 08:00:00+00:00,17.62,33.75,148.05,190.95,86.05,302.65,2.28,337.0,101790.0
1990-11-01 09:00:00+00:00,16.84,39.15,21.2,54.4,14.0,300.55,1.17,343.0,101770.0
1990-11-01 10:00:00+00:00,15.89,40.35,0.0,0.0,0.0,277.5,0.28,329.0,101760.0
1990-11-01 11:00:00+00:00,14.72,44.9,0.0,0.0,0.0,275.6,0.76,200.0,101800.0
1990-11-01 12:00:00+00:00,11.37,57.55,0.0,0.0,0.0,272.85,1.38,202.0,101800.0
1990-11-01 13:00:00+00:00,9.78,68.9,0.0,0.0,0.0,270.95,1.59,206.0,101820.0
1990-11-01 14:00:00+00:00,8.59,74.05,0.0,0.0,0.0,268.4,1.66,214.0,101800.0
1990-11-01 15:00:00+00:00,7.69,82.65,0.0,0.0,0.0,266.3,1.72,217.0,101740.0
1990-11-01 16:00:00+00:00,7.06,85.75,0.0,0.0,0.0,263.95,1.59,217.0,101680.0
1990-11-01 17:00:00+00:00,6.94,82.6,0.0,0.0,0.0,261.05,1.38,210.0,101610.0
1990-11-01 18:00:00+00:00,6.97,82.6,0.0,0.0,0.0,259.3,1.24,196.0,101550.0
1990-11-01 19:00:00+00:00,5.73,85.65,0.0,0.0,0.0,258.15,1.52,201.0,101500.0
1990-11-01 20:00:00+00:00,5.56,85.65,0.0,0.0,0.0,257.0,1.52,194.0,101420.0
1990-11-01 21:00:00+00:00,5.32,85.65,0.0,0.0,0.0,256.05,1.45,187.0,101400.0
1990-11-01 22:00:00+00:00,5.09,88.85,0.0,0.0,0.0,254.85,1.45,184.0,101400.0
1990-11-01 23:00:00+00:00,4.42,92.25,41.2,0.0,41.2,254.3,1.59,183.0,101410.0
1990-11-02 00:00:00+00:00,6.42,88.95,268.2,794.89,86.65,256.2,1.38,178.0,101420.0
1990-11-02 01:00:00+00:00,11.93,62.1,450.6,834.48,111.45,261.15,1.79,179.0,101450.0
1990-11-02 02:00:00+00:00,14.98,48.55,591.85,849.82,126.5,268.8,2.48,183.0,101440.0
1990-11-02 03:00:00+00:00,17.13,42.15,674.05,840.37,134.3,275.6,3.03,190.0,101350.0
1990-11-02 04:00:00+00:00,18.51,36.7,688.9,808.88,135.6,281.75,3.03,193.0,101250.0
1990-11-02 05:00:00+00:00,19.26,35.45,635.4,753.27,130.7,286.8,2.62,195.0,101090.0
1990-11-02 06:00:00+00:00,19.64,34.3,518.45,663.29,119.7,289.7,2.34,194.0,100990.0
1990-11-02 07:00:00+00:00,19.75,35.6,352.85,524.26,100.05,292.6,2.28,193.0,100920.0
1990-11-02 08:00:00+00:00,19.35,38.2,164.35,304.01,66.7,293.2,2.34,180.0,100870.0
1990-11-02 09:00:00+00:00,17.83,47.3,20.15,52.26,13.4,291.85,2.34,163.0,100880.0
1990-11-02 10:00:00+00:00,15.36,52.25,0.0,0.0,0.0,287.4,2.9,163.0,100910.0
1990-11-02 11:00:00+00:00,13.92,56.0,0.0,0.0,0.0,284.1,2.9,168.0,100950.0
1990-11-02 12:00:00+00:00,12.91,60.05,0.0,0.0,0.0,281.75,2.83,174.0,101020.0
1990-11-02 13:00:00+00:00,12.04,64.45,0.0,0.0,0.0,279.45,2.69,177.0,101080.0
1990-11-02 14:00:00+00:00,11.15,71.75,0.0,0.0,0.0,277.9,2.48,180.0,101100.0
1990-11-02 15:00:00+00:00,10.23,77.1,0.0,0.0,0.0,276.15,2.28,181.0,101130.0
1990-11-02 16:00:00+00:00,9.32,82.85,0.0,0.0,0.0,275.0,2.07,181.0,101140.0
1990-11-02 17:00:00+00:00,8.39,85.9,0.0,0.0,0.0,273.45,1.79,177.0,101140.0
1990-11-02 18:00:00+00:00,7.53,92.35,0.0,0.0,0.0,272.5,1.45,176.0,101140.0
1990-11-02 19:00:00+00:00,8.19,89.05,0.0,0.0,0.0,271.5,1.03,172.0,101130.0
1990-11-02 20:00:00+00:00,8.43,85.9,0.0,0.0,0.0,271.3,0.83,184.0,101140.0
1990-11-02 21:00:00+00:00,8.74,85.9,0.0,0.0,0.0,270.55,0.69,195.0,101180.0
1990-11-02 22:00:00+00:00,8.7,85.9,0.0,0.0,0.0,270.75,0.34,219.0,101220.0
1990-11-02 23:00:00+00:00,8.7,82.75,39.75,0.0,39.75,270.35,0.21,280.0,101300.0
1990-11-03 00:00:00+00:00,9.43,79.9,255.6,752.6,86.3,272.85,0.21,321.0,101360.0
1990-11-03 01:00:00+00:00,12.16,71.95,433.05,797.18,112.0,277.25,0.28,344.0,101450.0
1990-11-03 02:00:00+00:00,14.85,62.65,571.95,817.8,127.3,283.9,0.48,352.0,101510.0
1990-11-03 03:00:00+00:00,16.99,56.6,654.1,813.35,134.95,290.5,0.9,5.0,101490.0
1990-11-03 04:00:00+00:00,18.71,53.0,670.5,785.5,136.35,296.3,1.31,21.0,101420.0
1990-11-03 05:00:00+00:00,19.92,46.1,618.9,731.64,131.6,300.35,1.93,41.0,101320.0
1990-11-03 06:00:00+00:00,20.49,38.65,498.65,604.53,137.55,301.9,2.34,59.0,101230.0
1990-11-03 07:00:00+00:00,20.42,34.45,339.05,480.2,109.25,301.3,2.28,62.0,101180.0
1990-11-03 08:00:00+00:00,20.04,33.15,158.45,286.5,67.4,298.05,2.0,64.0,101190.0
1990-11-03 09:00:00+00:00,18.79,41.05,18.65,43.63,13.15,294.75,1.79,52.0,101230.0
1990-11-03 10:00:00+00:00,16.61,43.8,0.0,0.0,0.0,289.7,2.21,45.0,101290.0
1990-11-03 11:00:00+00:00,14.71,46.6,0.0,0.0,0.0,292.4,2.28,45.0,101390.0
1990-11-03 12:00:00+00:00,13.51,50.0,0.0,0.0,0.0,299.4,2.28,46.0,101480.0
1990-11-03 13:00:00+00:00,12.54,51.65,0.0,0.0,0.0,296.65,2.34,47.0,101560.0
1990-11-03 14:00:00+00:00,11.59,55.4,0.0,0.0,0.0,292.8,2.21,46.0,101580.0
1990-11-03 15:00:00+00:00,10.64,61.75,0.0,0.0,0.0,291.45,1.93,40.0,101630.0
1990-11-03 16:00:00+00:00,9.89,64.0,0.0,0.0,0.0,294.95,1.72,25.0,101620.0
1990-11-03 17:00:00+00:00,9.09,68.8,0.0,0.0,0.0,289.9,1.79,6.0,101620.0
1990-11-03 18:00:00+00:00,8.72,71.35,0.0,0.0,0.0,296.5,1.79,355.0,101610.0
1990-11-03 19:00:00+00:00,8.56,71.35,0.0,0.0,0.0,301.9,1.59,345.0,101560.0
1990-11-03 20:00:00+00:00,8.5,71.35,0.0,0.0,0.0,302.1,1.79,332.0,101540.0
1990-11-03 21:00:00+00:00,8.55,71.35,0.0,0.0,0.0,308.1,1.72,332.0,101540.0
1990-11-03 22:00:00+00:00,8.33,73.95,0.0,0.0,0.0,301.5,1.79,338.0,101550.0
1990-11-03 23:00:00+00:00,7.9,76.8,42.3,0.0,42.3,292.4,1.72,341.0,101550.0
1990-11-04 00:00:00+00:00,9.39,74.2,219.85,488.48,111.65,300.75,1.31,337.0,101610.0
1990-11-04 01:00:00+00:00,12.29,57.65,369.35,498.82,170.3,297.35,1.45,341.0,101670.0
1990-11-04 02:00:00+00:00,14.09,52.0,533.95,668.99,172.8,296.3,1.31,352.0,101670.0
1990-11-04 03:00:00+00:00,15.95,48.8,578.6,573.22,215.0,298.05,0.97,9.0,101620.0
1990-11-04 04:00:00+00:00,17.3,48.9,589.2,561.16,209.85,314.65,0.76,29.0,101510.0
1990-11-04 05:00:00+00:00,18.22,45.7,601.25,678.22,152.2,305.2,0.76,55.0,101420.0
1990-11-04 06:00:00+00:00,18.97,41.15,497.05,624.4,126.45,301.1,0.9,82.0,101300.0
1990-11-04 07:00:00+00:00,19.09,39.65,339.4,506.36,98.9,295.7,1.24,114.0,101270.0
1990-11-04 08:00:00+00:00,18.94,39.55,155.85,290.8,64.4,294.15,1.38,111.0,101240.0
1990-11-04 09:00:00+00:00,18.18,44.05,17.6,45.52,12.0,292.2,0.83,102.0,101230.0
1990-11-04 10:00:00+00:00,16.67,50.75,0.0,0.0,0.0,287.6,0.62,94.0,101270.0
1990-11-04 11:00:00+00:00,15.69,50.5,0.0,0.0,0.0,284.5,0.69,101.0,101310.0
1990-11-04 12:00:00+00:00,14.15,56.0,0.0,0.0,0.0,281.2,0.9,105.0,101360.0
1990-11-04 13:00:00+00:00,12.67,62.2,0.0,0.0,0.0,278.5,1.03,99.0,101400.0
1990-11-04 14:00:00+00:00,11.38,66.75,0.0,0.0,0.0,275.95,1.03,90.0,101410.0
1990-11-04 15:00:00+00:00,10.62,71.7,0.0,0.0,0.0,274.2,0.97,80.0,101420.0
1990-11-04 16:00:00+00:00,9.98,71.6,0.0,0.0,0.0,272.1,0.97,72.0,101390.0
1990-11-04 17:00:00+00:00,9.59,74.2,0.0,0.0,0.0,270.55,0.97,71.0,101380.0
1990-11-04 18:00:00+00:00,9.5,74.2,0.0,0.0,0.0,268.6,0.83,70.0,101350.0
1990-11-04 19:00:00+00:00,9.11,74.15,0.0,0.0,0.0,266.1,0.62,51.0,101310.0
1990-11-04 20:00:00+00:00,8.82,76.85,0.0,0.0,0.0,264.95,0.62,10.0,101290.0
1990-11-04 21:00:00+00:00,7.79,82.65,0.0,0.0,0.0,263.75,1.03,339.0,101320.0
1990-11-04 22:00:00+00:00,5.63,88.9,0.0,0.0,0.0,263.0,1.52,330.0,101360.0
1990-11-04 23:00:00+00:00,4.95,88.85,38.05,0.0,38.05,262.2,1.66,326.0,101410.0
1990-11-05 00:00:00+00:00,7.35,85.8,252.85,769.32,85.1,263.2,0.97,328.0,101460.0
1990-11-05 01:00:00+00:00,11.23,71.75,431.9,812.18,110.8,266.6,0.97,333.0,101500.0
1990-11-05 02:00:00+00:00,13.99,56.0,571.95,831.55,126.25,272.65,1.03,340.0,101520.0
1990-11-05 03:00:00+00:00,16.1,48.8,654.2,825.08,134.1,279.85,0.83,359.0,101470.0
1990-11-05 04:00:00+00:00,17.68,45.55,669.25,793.47,136.0,285.65,0.69,31.0,101390.0
1990-11-05 05:00:00+00:00,18.76,41.05,617.35,739.35,130.7,290.5,0.83,69.0,101270.0
1990-11-05 06:00:00+00:00,19.33,38.2,502.8,650.92,118.9,293.0,1.1,89.0,101150.0
1990-11-05 07:00:00+00:00,19.57,36.95,339.55,510.78,98.75,294.75,1.31,77.0,101140.0
1990-11-05 08:00:00+00:00,19.37,36.8,154.25,288.53,64.45,294.35,1.31,87.0,101120.0
1990-11-05 09:00:00+00:00,18.54,41.05,16.9,44.14,11.6,292.8,0.69,90.0,101140.0
1990-11-05 10:00:00+00:00,17.31,45.45,0.0,0.0,0.0,287.4,0.28,86.0,101160.0
1990-11-05 11:00:00+00:00,15.92,47.0,0.0,0.0,0.0,283.7,0.28,34.0,101220.0
1990-11-05 12:00:00+00:00,14.34,53.95,0.0,0.0,0.0,281.0,0.69,41.0,101270.0
1990-11-05 13:00:00+00:00,12.12,64.45,0.0,0.0,0.0,278.65,1.1,55.0,101310.0
1990-11-05 14:00:00+00:00,10.81,71.7,0.0,0.0,0.0,276.75,1.24,59.0,101340.0
1990-11-05 15:00:00+00:00,9.9,74.3,0.0,0.0,0.0,275.6,1.38,51.0,101360.0
1990-11-05 16:00:00+00:00,9.01,79.85,0.0,0.0,0.0,274.6,1.38,33.0,101350.0
1990-11-05 17:00:00+00:00,8.31,85.85,0.0,0.0,0.0,273.65,1.38,16.0,101360.0
1990-11-05 18:00:00+00:00,7.88,82.7,0.0,0.0,0.0,273.05,1.31,359.0,101320.0
1990-11-05 19:00:00+00:00,6.95,89.0,0.0,0.0,0.0,271.7,1.45,344.0,101350.0
1990-11-05 20:00:00+00:00,6.08,88.95,0.0,0.0,0.0,271.5,1.79,331.0,101350.0
1990-11-05 21:00:00+00:00,5.84,88.95,0.0,0.0,0.0,271.1,1.93,326.0,101350.0
1990-11-05 22:00:00+00:00,5.71,92.3,0.0,0.0,0.0,270.95,2.0,323.0,101400.0
1990-11-05 23:00:00+00:00,5.59,92.3,36.6,0.0,36.6,270.75,2.0,322.0,101400.0
1990-11-06 00:00:00+00:00,7.21,92.35,242.8,737.68,84.5,271.3,1.45,321.0,101470.0
1990-11-06 01:00:00+00:00,11.7,71.85,418.0,783.83,111.0,275.1,1.59,322.0,101530.0
1990-11-06 02:00:00+00:00,14.46,60.4,555.45,806.56,126.25,282.15,1.93,328.0,101550.0
1990-11-06 03:00:00+00:00,16.61,54.6,636.75,802.96,133.75,289.3,2.21,336.0,101500.0
1990-11-06 04:00:00+00:00,18.15,51.0,651.9,772.69,135.65,295.5,2.48,341.0,101410.0
1990-11-06 05:00:00+00:00,19.09,45.95,599.4,715.89,130.95,300.15,2.48,347.0,101280.0
1990-11-06 06:00:00+00:00,19.62,42.85,464.85,542.65,146.8,303.25,2.34,353.0,101170.0
1990-11-06 07:00:00+00:00,19.89,42.85,286.75,294.35,149.0,311.4,2.07,358.0,101170.0
1990-11-06 08:00:00+00:00,19.59,42.85,118.05,91.54,89.85,319.9,1.72,355.0,101160.0
1990-11-06 09:00:00+00:00,18.61,49.3,12.5,6.4,11.75,323.95,1.52,344.0,101150.0
1990-11-06 10:00:00+00:00,17.12,54.6,0.0,0.0,0.0,329.2,1.86,332.0,101180.0
1990-11-06 11:00:00+00:00,15.53,60.65,0.0,0.0,0.0,323.2,1.86,327.0,101220.0
1990-11-06 12:00:00+00:00,14.26,67.25,0.0,0.0,0.0,325.1,1.72,319.0,101240.0
1990-11-06 13:00:00+00:00,13.01,74.75,0.0,0.0,0.0,319.3,1.66,311.0,101270.0
1990-11-06 14:00:00+00:00,12.18,77.35,0.0,0.0,0.0,309.45,1.38,305.0,101270.0
1990-11-06 15:00:00+00:00,12.14,77.35,0.0,0.0,0.0,311.55,1.1,312.0,101250.0
1990-11-06 16:00:00+00:00,12.31,77.35,0.0,0.0,0.0,321.45,0.83,328.0,101210.0
1990-11-06 17:00:00+00:00,12.49,74.7,0.0,0.0,0.0,334.6,0.69,339.0,101150.0
1990-11-06 18:00:00+00:00,12.41,77.45,0.0,0.0,0.0,332.3,0.62,338.0,101120.0
1990-11-06 19:00:00+00:00,12.27,77.35,0.0,0.0,0.0,330.35,0.69,330.0,101120.0
1990-11-06 20:00:00+00:00,12.42,74.7,0.0,0.0,0.0,330.75,0.55,328.0,101100.0
1990-11-06 21:00:00+00:00,12.35,77.35,0.0,0.0,0.0,325.7,0.34,323.0,101080.0
1990-11-06 22:00:00+00:00,12.18,77.35,0.0,0.0,0.0,317.0,0.14,262.0,101090.0
1990-11-06 23:00:00+00:00,12.01,77.35,32.05,0.0,32.05,318.35,0.34,245.0,101110.0
1990-11-07 00:00:00+00:00,12.19,80.2,223.15,649.36,86.05,311.95,0.28,231.0,101140.0
1990-11-07 01:00:00+00:00,14.95,67.45,405.45,760.34,110.45,303.35,0.07,209.0,101180.0
1990-11-07 02:00:00+00:00,17.56,60.95,543.0,791.59,124.8,303.85,0.14,248.0,101200.0
1990-11-07 03:00:00+00:00,19.46,53.25,625.4,792.82,131.85,309.25,0.28,287.0,101140.0
1990-11-07 04:00:00+00:00,20.89,49.8,643.2,768.87,132.5,314.85,0.41,300.0,101050.0
1990-11-07 05:00:00+00:00,21.84,48.3,592.8,713.61,128.55,317.95,0.62,303.0,100920.0
1990-11-07 06:00:00+00:00,22.41,46.75,426.85,403.02,192.1,320.65,0.55,308.0,100800.0
1990-11-07 07:00:00+00:00,22.64,45.25,230.5,127.31,171.35,332.3,0.55,299.0,100750.0
1990-11-07 08:00:00+00:00,22.18,46.75,78.95,12.79,75.05,341.75,0.21,296.0,100720.0
1990-11-07 09:00:00+00:00,21.12,66.15,8.65,2.18,8.4,347.4,0.48,156.0,100700.0
1990-11-07 10:00:00+00:00,18.73,68.05,0.0,0.0,0.0,345.25,1.31,167.0,100710.0
1990-11-07 11:00:00+00:00,16.73,72.7,0.0,0.0,0.0,336.75,1.79,177.0,100760.0
1990-11-07 12:00:00+00:00,15.58,75.15,0.0,0.0,0.0,338.1,1.93,185.0,100800.0
1990-11-07 13:00:00+00:00,14.67,80.55,0.0,0.0,0.0,333.05,1.86,195.0,100830.0
1990-11-07 14:00:00+00:00,13.85,86.35,0.0,0.0,0.0,327.85,1.79,204.0,100850.0
1990-11-07 15:00:00+00:00,13.05,86.3,0.0,0.0,0.0,320.65,1.66,206.0,100830.0
1990-11-07 16:00:00+00:00,12.4,86.25,0.0,0.0,0.0,315.45,1.52,200.0,100810.0
1990-11-07 17:00:00+00:00,11.8,92.55,0.0,0.0,0.0,307.5,1.45,192.0,100780.0
1990-11-07 18:00:00+00:00,11.28,92.55,0.0,0.0,0.0,293.4,1.31,192.0,100750.0
1990-11-07 19:00:00+00:00,12.05,86.2,0.0,0.0,0.0,304.2,0.97,205.0,100720.0
1990-11-07 20:00:00+00:00,12.42,83.25,0.0,0.0,0.0,311.95,0.76,214.0,100720.0
1990-11-07 21:00:00+00:00,12.34,86.2,0.0,0.0,0.0,308.5,0.55,226.0,100720.0
1990-11-07 22:00:00+00:00,12.07,86.2,0.0,0.0,0.0,305.95,0.41,255.0,100740.0
1990-11-07 23:00:00+00:00,11.84,89.3,41.65,0.0,41.65,306.75,0.48,275.0,100790.0
1990-11-08 00:00:00+00:00,12.03,86.2,213.05,547.74,99.3,296.1,0.34,298.0,100850.0
1990-11-08 01:00:00+00:00,14.95,75.1,400.35,699.83,131.4,302.2,0.34,309.0,100920.0
1990-11-08 02:00:00+00:00,18.12,63.3,550.35,806.03,127.6,301.3,0.69,318.0,100940.0
1990-11-08 03:00:00+00:00,20.6,53.5,631.25,801.19,135.6,304.4,1.17,324.0,100920.0
1990-11-08 04:00:00+00:00,22.4,48.45,648.2,777.14,135.0,310.2,2.07,329.0,100860.0
1990-11-08 05:00:00+00:00,23.53,43.9,596.85,722.61,129.45,315.85,2.9,337.0,100790.0
1990-11-08 06:00:00+00:00,24.02,39.55,483.1,631.95,117.25,318.55,3.24,351.0,100720.0
1990-11-08 07:00:00+00:00,23.64,38.05,323.15,490.36,96.95,319.1,3.31,15.0,100720.0
1990-11-08 08:00:00+00:00,22.94,42.1,142.85,267.42,62.1,317.75,2.69,28.0,100750.0
1990-11-08 09:00:00+00:00,21.12,46.5,13.95,34.45,10.1,313.9,2.41,36.0,100790.0
1990-11-08 10:00:00+00:00,18.73,53.0,0.0,0.0,0.0,307.1,2.62,44.0,100880.0
1990-11-08 11:00:00+00:00,17.1,56.6,0.0,0.0,0.0,300.95,2.48,52.0,100970.0
1990-11-08 12:00:00+00:00,15.67,58.45,0.0,0.0,0.0,296.85,2.21,58.0,101040.0
1990-11-08 13:00:00+00:00,14.09,67.25,0.0,0.0,0.0,293.55,1.86,61.0,101110.0
1990-11-08 14:00:00+00:00,13.8,67.15,0.0,0.0,0.0,290.85,1.38,52.0,101180.0
1990-11-08 15:00:00+00:00,13.38,69.55,0.0,0.0,0.0,288.55,1.17,20.0,101200.0
1990-11-08 16:00:00+00:00,11.28,80.1,0.0,0.0,0.0,286.6,1.59,352.0,101220.0
1990-11-08 17:00:00+00:00,9.75,89.15,0.0,0.0,0.0,284.3,2.0,343.0,101210.0
1990-11-08 18:00:00+00:00,9.25,89.1,0.0,0.0,0.0,282.95,2.14,342.0,101230.0
1990-11-08 19:00:00+00:00,9.02,89.1,0.0,0.0,0.0,280.8,2.14,345.0,101270.0
1990-11-08 20:00:00+00:00,8.72,89.1,0.0,0.0,0.0,278.85,2.21,347.0,101250.0
1990-11-08 21:00:00+00:00,8.43,89.1,0.0,0.0,0.0,277.3,2.21,349.0,101290.0
1990-11-08 22:00:00+00:00,8.13,89.05,0.0,0.0,0.0,275.6,2.21,351.0,101310.0
1990-11-08 23:00:00+00:00,7.82,89.0,33.8,0.0,33.8,274.4,2.14,353.0,101370.0
1990-11-09 00:00:00+00:00,8.85,85.95,232.2,728.89,83.35,274.8,1.66,350.0,101440.0
1990-11-09 01:00:00+00:00,12.76,66.95,406.15,777.11,110.35,278.0,1.86,359.0,101500.0
1990-11-09 02:00:00+00:00,14.77,60.4,543.0,800.11,126.4,282.75,1.79,14.0,101510.0
1990-11-09 03:00:00+00:00,16.48,54.6,623.9,796.13,134.45,288.95,1.72,27.0,101480.0
1990-11-09 04:00:00+00:00,17.83,52.75,639.25,766.58,135.95,294.35,1.79,38.0,101380.0
1990-11-09 05:00:00+00:00,18.8,47.55,588.35,711.6,130.7,298.2,1.86,46.0,101260.0
1990-11-09 06:00:00+00:00,19.38,45.95,478.25,625.45,118.35,301.3,2.0,57.0,101150.0
1990-11-09 07:00:00+00:00,19.37,42.7,318.45,482.47,97.45,299.0,2.28,60.0,101110.0
1990-11-09 08:00:00+00:00,19.11,41.15,139.7,261.18,61.6,299.2,2.14,66.0,101080.0
1990-11-09 09:00:00+00:00,18.03,47.4,13.15,32.06,9.65,296.65,1.66,57.0,101070.0
1990-11-09 10:00:00+00:00,16.17,52.5,0.0,0.0,0.0,291.65,1.93,47.0,101080.0
1990-11-09 11:00:00+00:00,14.22,60.3,0.0,0.0,0.0,288.75,2.07,50.0,101130.0
1990-11-09 12:00:00+00:00,12.73,64.55,0.0,0.0,0.0,286.6,2.07,53.0,101180.0
1990-11-09 13:00:00+00:00,11.52,69.25,0.0,0.0,0.0,285.05,2.0,53.0,101250.0
1990-11-09 14:00:00+00:00,10.46,74.4,0.0,0.0,0.0,284.1,1.93,50.0,101290.0
1990-11-09 15:00:00+00:00,9.65,79.9,0.0,0.0,0.0,282.35,1.79,42.0,101320.0
1990-11-09 16:00:00+00:00,9.06,82.85,0.0,0.0,0.0,281.95,1.66,32.0,101330.0
1990-11-09 17:00:00+00:00,8.45,85.9,0.0,0.0,0.0,282.55,1.59,16.0,101320.0
1990-11-09 18:00:00+00:00,7.83,89.05,0.0,0.0,0.0,281.0,1.79,7.0,101320.0
1990-11-09 19:00:00+00:00,7.51,89.0,0.0,0.0,0.0,280.6,1.79,359.0,101310.0
1990-11-09 20:00:00+00:00,7.43,89.0,0.0,0.0,0.0,287.4,1.79,358.0,101310.0
1990-11-09 21:00:00+00:00,7.18,92.35,0.0,0.0,0.0,283.7,1.79,354.0,101300.0
1990-11-09 22:00:00+00:00,6.79,92.3,0.0,0.0,0.0,275.95,1.86,349.0,101320.0
1990-11-09 23:00:00+00:00,6.56,92.3,33.45,0.0,33.45,278.1,1.86,346.0,101370.0
1990-11-10 00:00:00+00:00,7.73,89.0,223.05,693.11,83.9,276.95,1.38,345.0,101430.0
1990-11-10 01:00:00+00:00,11.55,69.25,392.65,744.33,112.05,278.8,1.59,352.0,101470.0
1990-11-10 02:00:00+00:00,13.65,62.45,526.7,766.5,130.5,284.5,1.59,359.0,101510.0
1990-11-10 03:00:00+00:00,15.43,58.45,606.3,761.99,140.75,295.7,1.52,6.0,101500.0
1990-11-10 04:00:00+00:00,16.82,56.6,623.2,739.76,140.3,298.05,1.59,15.0,101430.0
1990-11-10 05:00:00+00:00,17.87,54.7,575.75,692.75,132.75,301.9,1.66,23.0,101330.0
1990-11-10 06:00:00+00:00,18.55,51.15,417.55,452.45,158.75,303.85,1.79,37.0,101250.0
1990-11-10 07:00:00+00:00,18.61,47.55,267.0,335.35,114.45,320.1,1.93,53.0,101210.0
1990-11-10 08:00:00+00:00,18.43,47.4,120.1,190.08,63.8,323.75,1.72,52.0,101190.0
1990-11-10 09:00:00+00:00,17.67,50.85,11.9,26.72,9.05,323.0,1.38,30.0,101230.0
1990-11-10 10:00:00+00:00,15.74,56.35,0.0,0.0,0.0,298.8,1.93,20.0,101230.0
1990-11-10 11:00:00+00:00,13.98,60.3,0.0,0.0,0.0,295.5,2.14,32.0,101300.0
1990-11-10 12:00:00+00:00,12.75,64.55,0.0,0.0,0.0,292.2,2.28,46.0,101340.0
1990-11-10 13:00:00+00:00,11.94,66.85,0.0,0.0,0.0,294.55,2.28,56.0,101400.0
1990-11-10 14:00:00+00:00,11.12,69.15,0.0,0.0,0.0,289.9,2.21,59.0,101430.0
1990-11-10 15:00:00+00:00,10.18,74.3,0.0,0.0,0.0,284.3,2.0,56.0,101450.0
1990-11-10 16:00:00+00:00,9.31,79.85,0.0,0.0,0.0,284.85,1.72,50.0,101450.0
1990-11-10 17:00:00+00:00,8.57,82.75,0.0,0.0,0.0,279.85,1.59,37.0,101450.0
1990-11-10 18:00:00+00:00,7.99,82.7,0.0,0.0,0.0,283.5,1.52,25.0,101420.0
1990-11-10 19:00:00+00:00,8.81,79.75,0.0,0.0,0.0,312.95,1.31,27.0,101380.0
1990-11-10 20:00:00+00:00,7.93,82.7,0.0,0.0,0.0,291.85,1.52,22.0,101320.0
1990-11-10 21:00:00+00:00,7.73,85.8,0.0,0.0,0.0,299.95,1.52,21.0,101340.0
1990-11-10 22:00:00+00:00,7.82,85.8,0.0,0.0,0.0,308.85,1.38,23.0,101340.0
1990-11-10 23:00:00+00:00,7.55,85.8,30.0,0.0,30.0,298.8,1.45,25.0,101360.0
1990-11-11 00:00:00+00:00,8.53,82.75,159.35,271.65,105.75,282.75,0.97,32.0,101430.0
1990-11-11 01:00:00+00:00,11.3,64.25,271.9,394.81,124.5,308.4,0.97,56.0,101460.0
1990-11-11 02:00:00+00:00,12.73,57.75,432.0,445.3,203.5,299.75,0.9,79.0,101490.0
1990-11-11 03:00:00+00:00,14.42,50.25,489.8,521.1,173.4,306.15,0.9,103.0,101440.0
1990-11-11 04:00:00+00:00,15.57,48.65,555.0,600.73,165.1,311.4,0.83,122.0,101340.0
1990-11-11 05:00:00+00:00,16.65,47.15,467.8,433.64,192.05,318.15,0.9,126.0,101220.0
1990-11-11 06:00:00+00:00,17.14,47.15,331.05,338.18,138.75,324.75,0.97,124.0,101090.0
1990-11-11 07:00:00+00:00,17.31,48.9,142.45,76.58,107.85,328.8,1.45,131.0,101050.0
1990-11-11 08:00:00+00:00,17.0,48.9,34.5,0.0,34.5,355.3,1.24,114.0,101020.0
1990-11-11 09:00:00+00:00,16.37,52.5,2.85,1.44,2.7,357.05,0.97,81.0,101020.0
1990-11-11 10:00:00+00:00,15.57,56.35,0.0,0.0,0.0,352.6,1.1,49.0,101050.0
1990-11-11 11:00:00+00:00,14.7,64.95,0.0,0.0,0.0,356.85,1.17,34.0,101100.0
1990-11-11 12:00:00+00:00,14.08,67.25,0.0,0.0,0.0,356.85,1.17,36.0,101140.0
1990-11-11 13:00:00+00:00,13.45,69.65,0.0,0.0,0.0,346.0,1.17,39.0,101180.0
1990-11-11 14:00:00+00:00,13.09,69.55,0.0,0.0,0.0,349.7,1.24,48.0,101180.0
1990-11-11 15:00:00+00:00,12.5,69.45,0.0,0.0,0.0,341.55,1.45,60.0,101200.0
1990-11-11 16:00:00+00:00,12.21,69.35,0.0,0.0,0.0,341.55,1.52,77.0,101190.0
1990-11-11 17:00:00+00:00,11.87,71.85,0.0,0.0,0.0,341.4,1.45,82.0,101160.0
1990-11-11 18:00:00+00:00,11.4,71.85,0.0,0.0,0.0,335.55,1.24,82.0,101140.0
1990-11-11 19:00:00+00:00,12.0,69.35,0.0,0.0,0.0,345.25,0.76,42.0,101090.0
1990-11-11 20:00:00+00:00,11.24,77.2,0.0,0.0,0.0,339.45,1.03,39.0,101050.0
1990-11-11 21:00:00+00:00,11.23,77.2,0.0,0.0,0.0,343.1,0.9,22.0,101020.0
1990-11-11 22:00:00+00:00,11.05,77.2,0.0,0.0,0.0,345.85,1.03,18.0,101030.0
1990-11-11 23:00:00+00:00,10.84,80.05,0.0,0.0,0.0,339.45,1.17,23.0,101070.0
1990-11-12 00:00:00+00:00,11.22,83.05,59.25,6.45,58.0,343.3,0.83,16.0,101150.0
1990-11-12 01:00:00+00:00,12.33,66.85,97.7,18.39,90.9,348.05,0.83,13.0,101200.0
1990-11-12 02:00:00+00:00,12.8,62.2,141.7,40.05,121.3,347.0,0.76,351.0,101210.0
1990-11-12 03:00:00+00:00,13.2,60.05,274.95,168.87,173.05,344.85,0.97,347.0,101180.0
1990-11-12 04:00:00+00:00,13.96,58.1,140.1,5.97,136.25,347.95,0.97,344.0,101090.0
1990-11-12 05:00:00+00:00,13.9,58.1,142.7,6.88,138.35,352.8,0.97,334.0,100980.0
1990-11-12 06:00:00+00:00,14.04,58.1,233.95,101.35,176.65,349.7,0.83,342.0,100920.0
1990-11-12 07:00:00+00:00,14.54,62.65,156.9,117.75,104.05,343.1,1.24,24.0,100860.0
1990-11-12 08:00:00+00:00,14.41,62.65,73.5,105.07,42.95,338.85,1.66,20.0,100840.0
1990-11-12 09:00:00+00:00,13.81,67.15,6.05,11.28,4.9,329.2,1.52,13.0,100850.0
1990-11-12 10:00:00+00:00,13.14,72.1,0.0,0.0,0.0,347.95,1.45,1.0,100870.0
1990-11-12 11:00:00+00:00,12.38,74.7,0.0,0.0,0.0,334.0,1.52,346.0,100890.0
1990-11-12 12:00:00+00:00,11.93,77.35,0.0,0.0,0.0,337.7,1.45,332.0,100920.0
1990-11-12 13:00:00+00:00,11.81,80.15,0.0,0.0,0.0,346.8,1.38,325.0,100940.0
1990-11-12 14:00:00+00:00,11.03,83.05,0.0,0.0,0.0,319.9,1.66,317.0,100950.0
1990-11-12 15:00:00+00:00,10.39,86.05,0.0,0.0,0.0,314.1,1.52,314.0,100940.0
1990-11-12 16:00:00+00:00,9.85,92.45,0.0,0.0,0.0,313.5,1.45,315.0,100920.0
1990-11-12 17:00:00+00:00,9.54,92.45,0.0,0.0,0.0,317.2,1.38,323.0,100900.0
1990-11-12 18:00:00+00:00,9.31,95.85,0.0,0.0,0.0,316.2,1.45,330.0,100890.0
1990-11-12 19:00:00+00:00,8.23,99.4,0.0,0.0,0.0,293.6,1.45,339.0,100890.0
1990-11-12 20:00:00+00:00,8.06,99.4,0.0,0.0,0.0,307.5,1.17,340.0,100840.0
1990-11-12 21:00:00+00:00,7.98,95.8,0.0,0.0,0.0,305.0,1.03,344.0,100830.0
1990-11-12 22:00:00+00:00,8.57,95.85,0.0,0.0,0.0,297.25,0.76,350.0,100870.0
1990-11-12 23:00:00+00:00,8.92,95.85,0.0,0.0,0.0,305.75,0.48,357.0,100910.0
1990-11-13 00:00:00+00:00,9.53,92.45,139.95,333.69,76.4,314.5,0.07,12.0,100970.0
1990-11-13 01:00:00+00:00,11.07,83.05,241.75,346.62,114.85,312.65,0.07,37.0,101020.0
1990-11-13 02:00:00+00:00,12.68,72.05,398.6,517.61,136.85,323.4,0.14,29.0,101010.0
1990-11-13 03:00:00+00:00,14.24,67.25,434.8,408.03,190.1,313.3,0.14,19.0,100990.0
1990-11-13 04:00:00+00:00,15.35,65.05,459.05,416.37,191.85,335.0,0.14,29.0,100920.0
1990-11-13 05:00:00+00:00,16.16,60.75,452.45,438.85,176.45,321.45,0.14,61.0,100810.0
1990-11-13 06:00:00+00:00,16.78,58.7,349.2,365.49,143.75,328.2,0.21,119.0,100700.0
1990-11-13 07:00:00+00:00,17.2,60.85,251.05,310.38,112.65,353.75,0.34,151.0,100690.0
1990-11-13 08:00:00+00:00,17.17,60.85,110.65,165.69,62.9,337.5,0.69,153.0,100630.0
1990-11-13 09:00:00+00:00,16.67,60.85,9.15,19.05,7.25,330.35,0.76,121.0,100660.0
1990-11-13 10:00:00+00:00,15.5,65.15,0.0,0.0,0.0,328.8,1.24,102.0,100690.0
1990-11-13 11:00:00+00:00,13.75,74.85,0.0,0.0,0.0,305.2,1.52,107.0,100750.0
1990-11-13 12:00:00+00:00,12.44,80.3,0.0,0.0,0.0,313.5,1.59,118.0,100800.0
1990-11-13 13:00:00+00:00,11.71,86.15,0.0,0.0,0.0,321.65,1.45,134.0,100810.0
1990-11-13 14:00:00+00:00,11.23,89.3,0.0,0.0,0.0,311.75,1.31,150.0,100840.0
1990-11-13 15:00:00+00:00,10.89,89.3,0.0,0.0,0.0,313.9,1.31,159.0,100850.0
1990-11-13 16:00:00+00:00,10.67,89.25,0.0,0.0,0.0,314.85,1.24,158.0,100840.0
1990-11-13 17:00:00+00:00,10.75,89.25,0.0,0.0,0.0,312.35,1.17,151.0,100840.0
1990-11-13 18:00:00+00:00,11.03,86.1,0.0,0.0,0.0,304.6,0.97,136.0,100830.0
1990-11-13 19:00:00+00:00,10.73,89.25,0.0,0.0,0.0,297.85,0.55,88.0,100880.0
1990-11-13 20:00:00+00:00,10.21,92.5,0.0,0.0,0.0,306.95,0.76,61.0,100840.0
1990-11-13 21:00:00+00:00,9.92,92.5,0.0,0.0,0.0,302.5,0.76,57.0,100830.0
1990-11-13 22:00:00+00:00,9.79,95.85,0.0,0.0,0.0,293.95,0.69,40.0,100840.0
1990-11-13 23:00:00+00:00,9.74,95.85,0.0,0.0,0.0,300.55,0.69,22.0,100870.0
1990-11-14 00:00:00+00:00,10.05,92.5,183.4,521.83,85.8,296.3,0.48,2.0,100930.0
1990-11-14 01:00:00+00:00,12.35,83.15,334.05,605.08,114.7,298.15,0.21,14.0,101010.0
1990-11-14 02:00:00+00:00,14.78,72.4,477.4,667.02,142.55,311.2,0.14,117.0,101030.0
1990-11-14 03:00:00+00:00,16.68,63.05,575.25,715.91,148.55,312.55,0.76,148.0,101010.0
1990-11-14 04:00:00+00:00,18.12,58.9,598.2,711.12,144.4,314.85,1.31,154.0,100920.0
1990-11-14 05:00:00+00:00,19.16,55.05,522.75,605.66,143.9,319.7,1.59,154.0,100800.0
1990-11-14 06:00:00+00:00,19.7,53.25,370.8,419.16,136.5,330.75,1.72,151.0,100680.0
1990-11-14 07:00:00+00:00,19.33,57.1,252.35,280.32,128.15,344.1,1.03,138.0,100690.0
1990-11-14 08:00:00+00:00,19.3,55.05,102.1,92.58,75.65,344.5,1.17,118.0,100700.0
1990-11-14 09:00:00+00:00,18.58,59.05,7.65,2.05,7.45,335.4,0.97,92.0,100720.0
1990-11-14 10:00:00+00:00,17.1,72.7,0.0,0.0,0.0,336.55,0.9,73.0,100740.0
1990-11-14 11:00:00+00:00,16.44,65.35,0.0,0.0,0.0,330.95,0.69,42.0,100820.0
1990-11-14 12:00:00+00:00,15.77,70.0,0.0,0.0,0.0,329.55,0.62,33.0,100880.0
1990-11-14 13:00:00+00:00,15.08,72.45,0.0,0.0,0.0,332.5,0.69,55.0,100910.0
1990-11-14 14:00:00+00:00,14.1,77.65,0.0,0.0,0.0,328.6,0.9,65.0,100960.0
1990-11-14 15:00:00+00:00,13.07,83.25,0.0,0.0,0.0,339.85,1.1,64.0,100990.0
1990-11-14 16:00:00+00:00,12.76,89.4,0.0,0.0,0.0,345.25,1.03,60.0,101020.0
1990-11-14 17:00:00+00:00,13.01,86.3,0.0,0.0,0.0,358.2,0.9,60.0,101030.0
1990-11-14 18:00:00+00:00,13.02,86.3,0.0,0.0,0.0,366.75,0.9,32.0,101050.0
1990-11-14 19:00:00+00:00,13.22,83.25,0.0,0.0,0.0,368.3,1.31,13.0,101020.0
1990-11-14 20:00:00+00:00,13.41,80.4,0.0,0.0,0.0,369.25,1.38,6.0,101040.0
1990-11-14 21:00:00+00:00,13.39,86.3,0.0,0.0,0.0,367.7,1.52,9.0,101090.0
1990-11-14 22:00:00+00:00,13.11,89.4,0.0,0.0,0.0,365.75,1.66,15.0,101170.0
1990-11-14 23:00:00+00:00,12.98,89.4,0.0,0.0,0.0,367.3,1.93,18.0,101240.0
1990-11-15 00:00:00+00:00,12.85,92.6,23.8,0.0,23.8,366.15,2.41,18.0,101350.0
1990-11-15 01:00:00+00:00,12.71,89.4,37.4,0.0,37.4,364.9,3.03,22.0,101450.0
1990-11-15 02:00:00+00:00,12.36,92.6,37.4,0.0,37.4,364.0,3.59,23.0,101510.0
1990-11-15 03:00:00+00:00,11.75,89.3,57.65,0.34,57.45,362.3,3.86,21.0,101540.0
1990-11-15 04:00:00+00:00,11.14,89.3,59.05,0.0,59.05,360.95,4.14,20.0,101520.0
1990-11-15 05:00:00+00:00,10.42,89.25,58.75,1.29,57.95,356.5,4.21,17.0,101490.0
1990-11-15 06:00:00+00:00,9.67,92.45,43.75,0.0,43.75,355.3,4.07,13.0,101460.0
1990-11-15 07:00:00+00:00,9.1,92.45,26.65,0.0,26.65,353.55,4.0,17.0,101450.0
1990-11-15 08:00:00+00:00,8.42,92.4,7.5,0.0,7.5,350.85,3.93,16.0,101460.0
1990-11-15 09:00:00+00:00,7.83,95.8,0.75,0.0,0.75,347.95,3.93,12.0,101550.0
1990-11-15 10:00:00+00:00,7.33,92.35,0.0,0.0,0.0,344.5,3.86,8.0,101620.0
1990-11-15 11:00:00+00:00,6.97,92.35,0.0,0.0,0.0,342.95,4.0,6.0,101720.0
1990-11-15 12:00:00+00:00,6.59,92.3,0.0,0.0,0.0,340.8,4.0,4.0,101810.0
1990-11-15 13:00:00+00:00,6.2,92.3,0.0,0.0,0.0,338.3,4.14,3.0,101880.0
1990-11-15 14:00:00+00:00,5.83,88.95,0.0,0.0,0.0,336.55,4.21,1.0,101940.0
1990-11-15 15:00:00+00:00,5.55,88.9,0.0,0.0,0.0,334.8,4.14,358.0,101950.0
1990-11-15 16:00:00+00:00,5.38,88.9,0.0,0.0,0.0,333.65,4.07,357.0,101970.0
1990-11-15 17:00:00+00:00,5.28,92.25,0.0,0.0,0.0,333.05,4.07,357.0,101980.0
1990-11-15 18:00:00+00:00,5.19,88.85,0.0,0.0,0.0,332.3,3.93,356.0,101960.0
1990-11-15 19:00:00+00:00,4.86,88.85,0.0,0.0,0.0,330.95,3.86,358.0,101960.0
1990-11-15 20:00:00+00:00,4.93,88.85,0.0,0.0,0.0,330.95,3.72,356.0,101910.0
1990-11-15 21:00:00+00:00,4.96,85.6,0.0,0.0,0.0,330.15,3.59,355.0,101870.0
1990-11-15 22:00:00+00:00,5.08,85.6,0.0,0.0,0.0,330.55,3.38,353.0,101900.0
1990-11-15 23:00:00+00:00,5.25,85.6,0.0,0.0,0.0,330.75,3.59,356.0,101930.0
1990-11-16 00:00:00+00:00,5.43,82.5,19.6,0.0,19.6,330.75,3.52,1.0,101920.0
1990-11-16 01:00:00+00:00,5.68,82.5,58.35,0.98,58.0,331.6,3.52,4.0,101930.0
1990-11-16 02:00:00+00:00,6.08,76.55,52.05,0.0,52.05,332.65,3.31,1.0,101960.0
1990-11-16 03:00:00+00:00,6.33,76.55,48.5,0.0,48.5,333.85,3.24,360.0,101900.0
1990-11-16 04:00:00+00:00,6.49,79.5,55.85,0.0,55.85,334.4,3.24,357.0,101800.0
1990-11-16 05:00:00+00:00,6.65,79.5,63.3,0.0,63.3,334.8,3.17,354.0,101670.0
1990-11-16 06:00:00+00:00,6.86,76.65,27.65,2.53,26.25,335.95,3.1,355.0,101560.0
1990-11-16 07:00:00+00:00,6.36,82.55,14.95,0.0,14.95,334.8,2.55,358.0,101520.0
1990-11-16 08:00:00+00:00,6.26,85.7,5.45,0.0,5.45,335.55,2.21,357.0,101490.0
1990-11-16 09:00:00+00:00,6.26,88.95,0.65,0.0,0.65,335.75,2.0,351.0,101490.0
1990-11-16 10:00:00+00:00,6.26,88.95,0.0,0.0,0.0,336.55,2.07,350.0,101490.0
1990-11-16 11:00:00+00:00,6.38,85.7,0.0,0.0,0.0,336.35,2.07,348.0,101530.0
1990-11-16 12:00:00+00:00,6.5,85.7,0.0,0.0,0.0,336.95,2.0,343.0,101520.0
1990-11-16 13:00:00+00:00,6.64,85.7,0.0,0.0,0.0,338.1,1.79,338.0,101510.0
1990-11-16 14:00:00+00:00,6.77,85.7,0.0,0.0,0.0,338.65,1.79,335.0,101470.0
1990-11-16 15:00:00+00:00,6.91,82.6,0.0,0.0,0.0,339.45,1.66,334.0,101430.0
1990-11-16 16:00:00+00:00,7.0,85.75,0.0,0.0,0.0,336.15,1.38,333.0,101380.0
1990-11-16 17:00:00+00:00,7.2,85.75,0.0,0.0,0.0,340.8,1.38,338.0,101330.0
1990-11-16 18:00:00+00:00,7.39,82.65,0.0,0.0,0.0,341.75,1.45,344.0,101280.0
1990-11-16 19:00:00+00:00,7.56,85.8,0.0,0.0,0.0,343.1,1.31,349.0,101210.0
1990-11-16 20:00:00+00:00,7.81,85.8,0.0,0.0,0.0,345.25,1.24,344.0,101180.0
1990-11-16 21:00:00+00:00,7.88,85.85,0.0,0.0,0.0,337.7,1.17,338.0,101140.0
1990-11-16 22:00:00+00:00,7.7,89.0,0.0,0.0,0.0,323.95,0.97,326.0,101170.0
1990-11-16 23:00:00+00:00,7.33,92.35,0.0,0.0,0.0,315.25,0.83,326.0,101200.0
1990-11-17 00:00:00+00:00,7.86,89.05,159.05,339.78,98.95,304.2,0.62,334.0,101260.0
1990-11-17 01:00:00+00:00,10.34,79.95,304.25,436.66,150.6,302.8,1.03,342.0,101320.0
1990-11-17 02:00:00+00:00,12.52,69.45,409.5,430.91,197.85,314.85,1.86,336.0,101350.0
1990-11-17 03:00:00+00:00,14.41,62.65,397.95,293.8,226.0,318.75,2.55,332.0,101290.0
1990-11-17 04:00:00+00:00,15.49,58.45,236.5,57.91,200.15,330.55,2.83,326.0,101200.0
1990-11-17 05:00:00+00:00,15.65,58.45,167.05,32.81,146.85,343.3,2.55,324.0,101090.0
1990-11-17 06:00:00+00:00,15.72,60.65,291.85,286.54,134.25,348.75,2.21,320.0,101030.0
1990-11-17 07:00:00+00:00,16.39,56.5,179.8,184.57,99.5,321.05,2.41,326.0,101000.0
1990-11-17 08:00:00+00:00,16.29,58.6,63.0,63.13,45.4,332.1,2.0,328.0,101050.0
1990-11-17 09:00:00+00:00,15.33,62.75,5.1,7.63,4.4,332.3,1.72,333.0,101080.0
1990-11-17 10:00:00+00:00,14.22,67.25,0.0,0.0,0.0,335.95,1.52,341.0,101180.0
1990-11-17 11:00:00+00:00,12.81,80.3,0.0,0.0,0.0,327.65,1.17,350.0,101260.0
1990-11-17 12:00:00+00:00,11.97,80.2,0.0,0.0,0.0,336.95,1.31,0.0,101330.0
1990-11-17 13:00:00+00:00,11.69,83.1,0.0,0.0,0.0,345.45,1.59,11.0,101430.0
1990-11-17 14:00:00+00:00,11.69,80.15,0.0,0.0,0.0,340.4,2.0,12.0,101470.0
1990-11-17 15:00:00+00:00,11.82,74.55,0.0,0.0,0.0,336.75,2.34,11.0,101540.0
1990-11-17 16:00:00+00:00,11.71,66.75,0.0,0.0,0.0,331.3,2.48,9.0,101580.0
1990-11-17 17:00:00+00:00,11.77,59.7,0.0,0.0,0.0,341.95,2.41,10.0,101610.0
1990-11-17 18:00:00+00:00,11.42,57.55,0.0,0.0,0.0,334.0,2.34,8.0,101660.0
1990-11-17 19:00:00+00:00,10.68,64.1,0.0,0.0,0.0,320.85,2.14,11.0,101700.0
1990-11-17 20:00:00+00:00,10.29,66.45,0.0,0.0,0.0,322.6,2.0,7.0,101710.0
1990-11-17 21:00:00+00:00,9.91,66.45,0.0,0.0,0.0,320.85,1.93,5.0,101760.0
1990-11-17 22:00:00+00:00,9.57,68.9,0.0,0.0,0.0,318.55,2.0,9.0,101830.0
1990-11-17 23:00:00+00:00,8.9,74.15,0.0,0.0,0.0,301.1,2.14,14.0,101930.0
1990-11-18 00:00:00+00:00,9.18,74.15,133.95,161.07,106.0,306.55,2.0,22.0,102010.0
1990-11-18 01:00:00+00:00,10.44,69.1,259.95,348.32,138.6,302.95,2.28,31.0,102100.0
1990-11-18 02:00:00+00:00,11.55,62.0,406.0,435.57,193.6,300.95,2.48,46.0,102150.0
1990-11-18 03:00:00+00:00,12.61,57.75,511.45,543.34,195.35,301.5,2.14,59.0,102160.0
1990-11-18 04:00:00+00:00,13.52,51.9,487.8,419.6,225.8,299.2,2.0,68.0,102060.0
1990-11-18 05:00:00+00:00,14.07,48.25,512.35,608.07,139.85,305.55,2.0,76.0,101950.0
1990-11-18 06:00:00+00:00,14.54,44.9,448.4,601.09,119.5,297.85,2.07,83.0,101860.0
1990-11-18 07:00:00+00:00,14.82,46.6,291.15,451.36,95.9,282.15,2.0,88.0,101790.0
1990-11-18 08:00:00+00:00,14.58,43.25,120.5,231.16,56.55,281.0,2.14,95.0,101780.0
1990-11-18 09:00:00+00:00,13.44,48.15,8.35,17.78,6.75,277.3,1.79,92.0,101750.0
1990-11-18 10:00:00+00:00,11.64,53.35,0.0,0.0,0.0,271.5,2.34,93.0,101800.0
1990-11-18 11:00:00+00:00,10.09,55.05,0.0,0.0,0.0,267.85,2.48,100.0,101830.0
1990-11-18 12:00:00+00:00,9.12,52.7,0.0,0.0,0.0,266.85,2.62,107.0,101850.0
1990-11-18 13:00:00+00:00,8.36,52.6,0.0,0.0,0.0,264.95,2.48,113.0,101900.0
1990-11-18 14:00:00+00:00,7.58,54.4,0.0,0.0,0.0,261.05,2.28,116.0,101920.0
1990-11-18 15:00:00+00:00,6.88,56.45,0.0,0.0,0.0,263.95,2.07,119.0,101920.0
1990-11-18 16:00:00+00:00,6.28,60.85,0.0,0.0,0.0,269.95,1.86,124.0,101870.0
1990-11-18 17:00:00+00:00,6.02,63.25,0.0,0.0,0.0,282.55,1.72,132.0,101850.0
1990-11-18 18:00:00+00:00,5.26,68.1,0.0,0.0,0.0,261.85,1.86,139.0,101800.0
1990-11-18 19:00:00+00:00,4.97,70.8,0.0,0.0,0.0,266.1,1.86,149.0,101750.0
1990-11-18 20:00:00+00:00,4.74,76.3,0.0,0.0,0.0,269.6,1.72,151.0,101690.0
1990-11-18 21:00:00+00:00,5.51,70.85,0.0,0.0,0.0,265.3,1.24,164.0,101680.0
1990-11-18 22:00:00+00:00,6.03,68.3,0.0,0.0,0.0,263.95,0.69,185.0,101690.0
1990-11-18 23:00:00+00:00,6.23,70.95,0.0,0.0,0.0,265.5,0.76,225.0,101720.0
1990-11-19 00:00:00+00:00,6.4,73.7,187.7,644.81,77.95,262.6,0.69,244.0,101760.0
1990-11-19 01:00:00+00:00,8.45,66.15,337.7,662.02,109.35,272.0,0.83,247.0,101790.0
1990-11-19 02:00:00+00:00,10.34,61.65,413.85,515.87,164.1,276.15,1.03,258.0,101810.0
1990-11-19 03:00:00+00:00,11.77,57.55,471.65,446.28,213.55,288.15,0.97,261.0,101770.0
1990-11-19 04:00:00+00:00,13.18,53.7,572.8,681.52,149.5,294.95,0.76,265.0,101650.0
1990-11-19 05:00:00+00:00,14.85,52.15,541.95,667.96,134.8,292.4,1.17,273.0,101520.0
1990-11-19 06:00:00+00:00,16.1,48.8,443.85,597.51,118.55,287.0,1.45,279.0,101410.0
1990-11-19 07:00:00+00:00,17.84,47.3,292.8,461.78,94.15,288.95,2.07,294.0,101290.0
1990-11-19 08:00:00+00:00,17.88,45.55,120.85,234.69,56.4,288.15,1.38,299.0,101270.0
1990-11-19 09:00:00+00:00,16.91,58.7,8.1,18.12,6.5,286.05,0.55,210.0,101310.0
1990-11-19 10:00:00+00:00,13.45,62.45,0.0,0.0,0.0,281.6,2.07,179.0,101350.0
1990-11-19 11:00:00+00:00,11.16,74.45,0.0,0.0,0.0,279.45,2.41,191.0,101410.0
1990-11-19 12:00:00+00:00,9.74,82.9,0.0,0.0,0.0,275.95,2.34,198.0,101480.0
1990-11-19 13:00:00+00:00,8.66,89.1,0.0,0.0,0.0,273.25,2.14,200.0,101540.0
1990-11-19 14:00:00+00:00,7.66,92.35,0.0,0.0,0.0,270.35,1.72,200.0,101570.0
1990-11-19 15:00:00+00:00,7.81,89.0,0.0,0.0,0.0,267.05,1.1,197.0,101580.0
1990-11-19 16:00:00+00:00,8.4,82.75,0.0,0.0,0.0,264.15,0.55,193.0,101570.0
1990-11-19 17:00:00+00:00,7.88,85.85,0.0,0.0,0.0,261.45,0.34,186.0,101570.0
1990-11-19 18:00:00+00:00,7.36,85.8,0.0,0.0,0.0,259.3,0.41,187.0,101540.0
1990-11-19 19:00:00+00:00,5.73,92.3,0.0,0.0,0.0,255.65,1.03,179.0,101570.0
1990-11-19 20:00:00+00:00,5.32,88.9,0.0,0.0,0.0,254.5,1.1,180.0,101570.0
1990-11-19 21:00:00+00:00,4.74,92.25,0.0,0.0,0.0,253.9,1.24,176.0,101550.0
1990-11-19 22:00:00+00:00,4.06,95.75,0.0,0.0,0.0,252.95,1.38,173.0,101590.0
1990-11-19 23:00:00+00:00,3.92,95.75,0.0,0.0,0.0,252.35,1.38,173.0,101630.0
1990-11-20 00:00:00+00:00,5.37,88.9,200.95,739.35,77.55,252.95,1.03,174.0,101660.0
1990-11-20 01:00:00+00:00,8.84,89.1,373.95,783.44,106.4,256.7,0.9,163.0,101680.0
1990-11-20 02:00:00+00:00,12.46,69.45,512.75,812.8,122.05,262.4,1.31,166.0,101710.0
1990-11-20 03:00:00+00:00,14.9,62.65,594.4,806.32,130.8,269.6,1.66,171.0,101670.0
1990-11-20 04:00:00+00:00,16.8,54.6,610.75,773.92,132.55,277.1,2.0,174.0,101560.0
1990-11-20 05:00:00+00:00,18.11,47.4,560.7,714.26,127.45,282.55,2.34,176.0,101440.0
1990-11-20 06:00:00+00:00,18.76,42.6,448.4,614.85,115.3,286.6,2.34,177.0,101310.0
1990-11-20 07:00:00+00:00,18.46,42.6,291.95,463.22,93.75,288.95,1.93,170.0,101260.0
1990-11-20 08:00:00+00:00,18.02,45.7,118.4,226.64,56.6,289.7,1.66,159.0,101210.0
1990-11-20 09:00:00+00:00,16.53,52.65,7.65,15.56,6.3,287.6,2.07,147.0,101230.0
1990-11-20 10:00:00+00:00,14.09,60.3,0.0,0.0,0.0,284.3,2.69,154.0,101250.0
1990-11-20 11:00:00+00:00,12.36,69.35,0.0,0.0,0.0,282.55,2.76,166.0,101310.0
1990-11-20 12:00:00+00:00,11.39,74.55,0.0,0.0,0.0,281.6,2.83,171.0,101360.0
1990-11-20 13:00:00+00:00,10.69,80.05,0.0,0.0,0.0,282.35,2.76,170.0,101410.0
1990-11-20 14:00:00+00:00,10.05,82.95,0.0,0.0,0.0,282.15,2.76,168.0,101430.0
1990-11-20 15:00:00+00:00,9.52,85.95,0.0,0.0,0.0,281.75,2.62,166.0,101440.0
1990-11-20 16:00:00+00:00,8.89,89.1,0.0,0.0,0.0,275.75,2.48,166.0,101430.0
1990-11-20 17:00:00+00:00,8.27,92.4,0.0,0.0,0.0,273.85,2.28,166.0,101450.0
1990-11-20 18:00:00+00:00,7.62,92.35,0.0,0.0,0.0,272.1,2.07,167.0,101440.0
1990-11-20 19:00:00+00:00,6.93,92.35,0.0,0.0,0.0,271.7,1.52,168.0,101420.0
1990-11-20 20:00:00+00:00,6.54,92.3,0.0,0.0,0.0,273.25,1.38,167.0,101410.0
1990-11-20 21:00:00+00:00,6.31,92.3,0.0,0.0,0.0,265.9,1.31,171.0,101450.0
1990-11-20 22:00:00+00:00,6.63,92.3,0.0,0.0,0.0,267.45,1.1,176.0,101490.0
1990-11-20 23:00:00+00:00,6.65,92.3,0.0,0.0,0.0,264.35,1.03,178.0,101560.0
1990-11-21 00:00:00+00:00,7.25,89.0,182.45,631.61,79.1,267.45,0.83,185.0,101630.0
1990-11-21 01:00:00+00:00,9.57,85.95,346.15,721.79,102.1,267.55,0.69,173.0,101670.0
1990-11-21 02:00:00+00:00,12.41,72.05,491.35,766.85,125.35,278.3,0.9,168.0,101710.0
1990-11-21 03:00:00+00:00,14.56,64.95,580.75,787.58,130.55,283.1,1.03,166.0,101670.0
1990-11-21 04:00:00+00:00,16.2,58.6,598.25,757.48,132.6,284.5,0.97,160.0,101580.0
1990-11-21 05:00:00+00:00,17.4,56.6,551.25,703.12,126.8,289.5,1.24,154.0,101490.0
1990-11-21 06:00:00+00:00,18.18,51.0,438.2,590.44,119.85,292.05,1.66,153.0,101390.0
1990-11-21 07:00:00+00:00,18.05,51.0,285.65,447.42,95.2,293.75,1.45,150.0,101380.0
1990-11-21 08:00:00+00:00,17.82,50.85,116.5,223.93,55.85,293.75,1.52,152.0,101390.0
1990-11-21 09:00:00+00:00,16.71,54.6,7.4,15.24,6.1,290.3,1.52,159.0,101400.0
1990-11-21 10:00:00+00:00,14.57,62.65,0.0,0.0,0.0,285.05,1.79,168.0,101460.0
1990-11-21 11:00:00+00:00,12.36,71.95,0.0,0.0,0.0,281.4,1.93,179.0,101490.0
1990-11-21 12:00:00+00:00,10.55,77.15,0.0,0.0,0.0,277.7,2.0,183.0,101530.0
1990-11-21 13:00:00+00:00,9.46,82.9,0.0,0.0,0.0,284.85,2.0,179.0,101580.0
1990-11-21 14:00:00+00:00,8.36,85.9,0.0,0.0,0.0,275.2,1.93,171.0,101600.0
1990-11-21 15:00:00+00:00,7.83,89.0,0.0,0.0,0.0,281.95,1.79,162.0,101590.0
1990-11-21 16:00:00+00:00,7.5,89.0,0.0,0.0,0.0,286.8,1.72,153.0,101590.0
1990-11-21 17:00:00+00:00,7.68,89.0,0.0,0.0,0.0,298.05,1.52,150.0,101580.0
1990-11-21 18:00:00+00:00,8.14,85.85,0.0,0.0,0.0,309.45,1.31,149.0,101540.0
1990-11-21 19:00:00+00:00,9.39,79.9,0.0,0.0,0.0,310.6,0.34,108.0,101520.0
1990-11-21 20:00:00+00:00,9.37,79.9,0.0,0.0,0.0,317.95,0.21,53.0,101530.0
1990-11-21 21:00:00+00:00,9.2,82.85,0.0,0.0,0.0,306.55,0.28,332.0,101490.0
1990-11-21 22:00:00+00:00,8.68,85.9,0.0,0.0,0.0,299.55,0.62,299.0,101540.0
1990-11-21 23:00:00+00:00,7.17,92.35,0.0,0.0,0.0,274.2,1.17,293.0,101560.0
1990-11-22 00:00:00+00:00,7.0,92.35,192.45,727.93,75.7,267.25,1.1,297.0,101590.0
1990-11-22 01:00:00+00:00,10.48,86.05,362.55,774.72,103.2,264.05,0.55,300.0,101620.0
1990-11-22 02:00:00+00:00,13.71,69.65,489.4,769.65,124.65,272.65,0.41,294.0,101620.0
1990-11-22 03:00:00+00:00,15.74,58.45,563.85,749.35,137.95,281.6,0.41,252.0,101580.0
1990-11-22 04:00:00+00:00,17.11,52.65,563.05,686.17,143.35,295.1,0.62,227.0,101470.0
1990-11-22 05:00:00+00:00,17.92,47.3,497.65,571.85,154.05,304.2,0.76,224.0,101340.0
1990-11-22 06:00:00+00:00,18.26,45.7,387.25,499.08,119.4,306.75,0.76,213.0,101240.0
1990-11-22 07:00:00+00:00,18.31,49.15,253.55,367.03,98.1,317.95,0.62,201.0,101200.0
1990-11-22 08:00:00+00:00,18.14,49.15,111.15,207.35,55.35,324.95,0.97,184.0,101200.0
1990-11-22 09:00:00+00:00,17.13,54.6,6.9,12.51,5.85,301.3,1.52,174.0,101210.0
1990-11-22 10:00:00+00:00,15.21,58.35,0.0,0.0,0.0,298.05,2.07,178.0,101250.0
1990-11-22 11:00:00+00:00,13.51,62.45,0.0,0.0,0.0,298.2,2.21,188.0,101300.0
1990-11-22 12:00:00+00:00,12.29,66.85,0.0,0.0,0.0,295.9,2.28,194.0,101340.0
1990-11-22 13:00:00+00:00,11.28,69.15,0.0,0.0,0.0,294.15,2.28,194.0,101340.0
1990-11-22 14:00:00+00:00,10.34,74.3,0.0,0.0,0.0,295.3,2.07,190.0,101340.0
1990-11-22 15:00:00+00:00,9.43,77.0,0.0,0.0,0.0,297.25,1.79,184.0,101310.0
1990-11-22 16:00:00+00:00,8.51,82.75,0.0,0.0,0.0,290.65,1.52,178.0,101300.0
1990-11-22 17:00:00+00:00,8.36,82.75,0.0,0.0,0.0,289.5,1.24,173.0,101280.0
1990-11-22 18:00:00+00:00,8.36,82.75,0.0,0.0,0.0,288.75,1.03,176.0,101240.0
1990-11-22 19:00:00+00:00,8.96,79.85,0.0,0.0,0.0,286.2,0.55,193.0,101260.0
1990-11-22 20:00:00+00:00,8.72,82.75,0.0,0.0,0.0,285.25,0.48,232.0,101210.0
1990-11-22 21:00:00+00:00,8.4,82.75,0.0,0.0,0.0,284.1,0.62,247.0,101200.0
1990-11-22 22:00:00+00:00,8.23,85.85,0.0,0.0,0.0,282.75,0.69,233.0,101210.0
1990-11-22 23:00:00+00:00,8.05,85.85,0.0,0.0,0.0,281.4,0.83,210.0,101230.0
1990-11-23 00:00:00+00:00,8.33,85.85,182.45,688.42,74.25,280.6,0.76,191.0,101270.0
1990-11-23 01:00:00+00:00,10.98,80.1,349.0,739.01,104.05,283.45,0.41,178.0,101320.0
1990-11-23 02:00:00+00:00,14.38,67.25,484.6,771.98,121.3,288.75,0.28,182.0,101350.0
1990-11-23 03:00:00+00:00,16.72,60.85,567.25,773.51,130.1,294.75,0.14,303.0,101300.0
1990-11-23 04:00:00+00:00,18.42,58.9,586.65,747.15,131.9,299.55,0.55,336.0,101220.0
1990-11-23 05:00:00+00:00,19.54,53.25,540.85,692.26,126.8,303.25,0.97,340.0,101090.0
1990-11-23 06:00:00+00:00,20.13,49.7,433.7,597.34,114.55,305.4,1.03,348.0,101000.0
1990-11-23 07:00:00+00:00,20.19,49.7,282.15,448.99,92.9,306.15,1.38,7.0,101020.0
1990-11-23 08:00:00+00:00,19.77,51.4,113.8,220.59,54.8,304.8,1.03,38.0,101000.0
1990-11-23 09:00:00+00:00,18.73,56.95,6.95,14.52,5.75,301.5,1.17,70.0,101020.0
1990-11-23 10:00:00+00:00,15.9,72.55,0.0,0.0,0.0,294.35,1.24,76.0,101080.0
1990-11-23 11:00:00+00:00,13.83,77.6,0.0,0.0,0.0,290.5,1.31,75.0,101150.0
1990-11-23 12:00:00+00:00,12.73,77.45,0.0,0.0,0.0,287.0,1.31,78.0,101210.0
1990-11-23 13:00:00+00:00,12.11,77.35,0.0,0.0,0.0,284.1,1.17,76.0,101250.0
1990-11-23 14:00:00+00:00,10.98,80.1,0.0,0.0,0.0,281.2,1.24,62.0,101290.0
1990-11-23 15:00:00+00:00,9.68,85.95,0.0,0.0,0.0,278.5,1.38,46.0,101310.0
1990-11-23 16:00:00+00:00,7.88,89.05,0.0,0.0,0.0,275.6,1.66,32.0,101340.0
1990-11-23 17:00:00+00:00,6.8,92.3,0.0,0.0,0.0,274.05,1.86,24.0,101370.0
1990-11-23 18:00:00+00:00,6.29,88.95,0.0,0.0,0.0,272.3,1.93,22.0,101370.0
1990-11-23 19:00:00+00:00,6.15,88.95,0.0,0.0,0.0,272.65,1.59,26.0,101350.0
1990-11-23 20:00:00+00:00,5.59,88.9,0.0,0.0,0.0,271.1,1.59,20.0,101340.0
1990-11-23 21:00:00+00:00,5.09,92.25,0.0,0.0,0.0,269.95,1.72,7.0,101340.0
1990-11-23 22:00:00+00:00,4.75,92.25,0.0,0.0,0.0,269.0,1.79,360.0,101360.0
1990-11-23 23:00:00+00:00,4.44,92.25,0.0,0.0,0.0,267.65,1.72,354.0,101400.0
1990-11-24 00:00:00+00:00,5.34,92.3,181.1,688.03,75.15,266.85,1.17,351.0,101440.0
1990-11-24 01:00:00+00:00,8.82,82.75,348.35,741.81,104.9,270.05,0.9,351.0,101500.0
1990-11-24 02:00:00+00:00,11.36,74.45,484.15,774.68,122.1,274.4,0.76,353.0,101510.0
1990-11-24 03:00:00+00:00,13.56,64.75,567.1,776.23,130.85,280.8,0.62,6.0,101460.0
1990-11-24 04:00:00+00:00,15.37,60.5,586.6,749.21,132.8,286.4,0.55,39.0,101330.0
1990-11-24 05:00:00+00:00,16.78,56.6,540.05,692.49,127.7,291.25,0.69,98.0,101170.0
1990-11-24 06:00:00+00:00,17.83,56.75,420.85,543.45,131.75,295.1,1.31,131.0,101050.0
1990-11-24 07:00:00+00:00,17.97,56.85,278.9,440.81,93.95,306.95,1.72,138.0,101020.0
1990-11-24 08:00:00+00:00,18.02,56.85,111.75,214.73,54.65,299.95,2.14,139.0,100980.0
1990-11-24 09:00:00+00:00,16.85,60.85,6.65,12.89,5.6,298.6,2.0,132.0,100970.0
1990-11-24 10:00:00+00:00,14.83,69.85,0.0,0.0,0.0,293.55,2.55,137.0,100990.0
1990-11-24 11:00:00+00:00,13.32,74.75,0.0,0.0,0.0,290.1,2.69,150.0,101030.0
1990-11-24 12:00:00+00:00,12.28,80.2,0.0,0.0,0.0,286.2,2.76,158.0,101040.0
1990-11-24 13:00:00+00:00,11.52,83.1,0.0,0.0,0.0,282.55,2.83,160.0,101070.0
1990-11-24 14:00:00+00:00,10.89,83.05,0.0,0.0,0.0,279.05,2.83,159.0,101080.0
1990-11-24 15:00:00+00:00,10.37,86.05,0.0,0.0,0.0,275.75,2.83,158.0,101060.0
1990-11-24 16:00:00+00:00,9.9,86.0,0.0,0.0,0.0,273.45,2.76,158.0,101050.0
1990-11-24 17:00:00+00:00,9.43,85.95,0.0,0.0,0.0,270.95,2.69,159.0,101030.0
1990-11-24 18:00:00+00:00,8.92,89.1,0.0,0.0,0.0,268.8,2.48,164.0,101010.0
1990-11-24 19:00:00+00:00,8.06,92.4,0.0,0.0,0.0,268.05,1.52,174.0,101000.0
1990-11-24 20:00:00+00:00,7.77,92.35,0.0,0.0,0.0,265.9,1.1,202.0,100960.0
1990-11-24 21:00:00+00:00,7.61,89.0,0.0,0.0,0.0,265.3,0.97,265.0,100990.0
1990-11-24 22:00:00+00:00,5.6,92.3,0.0,0.0,0.0,264.75,1.72,310.0,101040.0
1990-11-24 23:00:00+00:00,5.04,95.75,0.0,0.0,0.0,265.1,2.0,319.0,101120.0
1990-11-25 00:00:00+00:00,5.74,95.75,177.55,681.83,74.7,268.6,1.45,315.0,101200.0
1990-11-25 01:00:00+00:00,9.86,86.0,342.0,732.86,103.85,274.5,1.17,310.0,101290.0
1990-11-25 02:00:00+00:00,12.87,77.45,474.5,761.71,120.95,281.4,1.31,308.0,101310.0
1990-11-25 03:00:00+00:00,15.27,67.45,556.15,761.36,130.6,291.45,1.86,318.0,101290.0
1990-11-25 04:00:00+00:00,17.11,60.85,570.5,727.3,132.05,299.0,2.62,324.0,101230.0
1990-11-25 05:00:00+00:00,18.51,56.95,527.9,678.12,125.85,305.75,3.24,323.0,101140.0
1990-11-25 06:00:00+00:00,19.38,53.15,426.25,592.26,112.5,308.3,4.07,324.0,101070.0
1990-11-25 07:00:00+00:00,19.37,55.05,275.85,439.16,92.4,307.9,3.79,337.0,101090.0
1990-11-25 08:00:00+00:00,19.06,55.05,109.25,209.1,53.95,309.65,3.38,341.0,101140.0
1990-11-25 09:00:00+00:00,17.59,60.95,6.35,11.82,5.4,308.3,2.62,343.0,101220.0
1990-11-25 10:00:00+00:00,15.53,65.15,0.0,0.0,0.0,302.85,2.41,344.0,101300.0
1990-11-25 11:00:00+00:00,14.2,69.75,0.0,0.0,0.0,298.6,2.62,334.0,101400.0
1990-11-25 12:00:00+00:00,13.35,62.3,0.0,0.0,0.0,299.55,3.52,320.0,101500.0
1990-11-25 13:00:00+00:00,13.18,49.85,0.0,0.0,0.0,301.3,4.34,319.0,101600.0
1990-11-25 14:00:00+00:00,12.66,36.55,0.0,0.0,0.0,288.15,4.69,321.0,101710.0
1990-11-25 15:00:00+00:00,12.13,31.1,0.0,0.0,0.0,288.75,4.62,322.0,101760.0
1990-11-25 16:00:00+00:00,11.61,29.75,0.0,0.0,0.0,284.5,4.55,322.0,101820.0
1990-11-25 17:00:00+00:00,11.44,26.35,0.0,0.0,0.0,292.4,4.69,322.0,101870.0
1990-11-25 18:00:00+00:00,10.91,26.25,0.0,0.0,0.0,271.5,4.76,324.0,101890.0
1990-11-25 19:00:00+00:00,10.08,40.4,0.0,0.0,0.0,281.95,3.79,336.0,101990.0
1990-11-25 20:00:00+00:00,9.68,38.7,0.0,0.0,0.0,280.05,3.72,337.0,102000.0
1990-11-25 21:00:00+00:00,8.81,39.95,0.0,0.0,0.0,261.05,3.45,340.0,101990.0
1990-11-25 22:00:00+00:00,8.04,41.45,0.0,0.0,0.0,258.75,3.1,346.0,102030.0
1990-11-25 23:00:00+00:00,7.44,43.0,0.0,0.0,0.0,263.0,2.9,352.0,102110.0
1990-11-26 00:00:00+00:00,7.1,46.4,173.5,672.83,74.1,250.2,2.69,356.0,102200.0
1990-11-26 01:00:00+00:00,8.63,45.0,352.85,780.65,101.65,248.4,2.55,360.0,102280.0
1990-11-26 02:00:00+00:00,10.61,34.6,491.1,805.51,119.75,251.2,3.17,356.0,102310.0
1990-11-26 03:00:00+00:00,12.07,28.75,574.5,800.2,129.65,252.95,3.72,352.0,102260.0
1990-11-26 04:00:00+00:00,13.13,24.7,597.65,780.25,129.45,253.9,4.07,349.0,102170.0
1990-11-26 05:00:00+00:00,13.79,22.0,553.05,725.01,125.0,254.3,4.14,347.0,102030.0
1990-11-26 06:00:00+00:00,14.13,20.4,447.75,636.34,112.0,253.7,4.07,345.0,101920.0
1990-11-26 07:00:00+00:00,14.01,20.4,291.3,478.85,92.1,252.35,3.52,354.0,101900.0
1990-11-26 08:00:00+00:00,13.59,22.9,117.25,238.49,54.5,251.6,2.83,356.0,101890.0
1990-11-26 09:00:00+00:00,12.16,28.75,6.6,15.11,5.4,249.25,2.0,6.0,101890.0
1990-11-26 10:00:00+00:00,10.38,34.6,0.0,0.0,0.0,244.8,1.86,20.0,101910.0
1990-11-26 11:00:00+00:00,8.46,46.8,0.0,0.0,0.0,243.25,1.52,33.0,101920.0
1990-11-26 12:00:00+00:00,7.9,46.65,0.0,0.0,0.0,241.3,1.17,36.0,101920.0
1990-11-26 13:00:00+00:00,7.55,46.55,0.0,0.0,0.0,241.3,0.9,35.0,101920.0
1990-11-26 14:00:00+00:00,7.39,46.55,0.0,0.0,0.0,240.95,0.69,23.0,101930.0
1990-11-26 15:00:00+00:00,6.65,52.1,0.0,0.0,0.0,240.35,0.83,6.0,101930.0
1990-11-26 16:00:00+00:00,5.45,56.2,0.0,0.0,0.0,238.8,1.03,349.0,101880.0
1990-11-26 17:00:00+00:00,3.58,67.8,0.0,0.0,0.0,237.45,1.38,338.0,101830.0
1990-11-26 18:00:00+00:00,2.18,78.95,0.0,0.0,0.0,235.9,1.66,334.0,101770.0
1990-11-26 19:00:00+00:00,1.84,75.95,0.0,0.0,0.0,233.6,1.59,331.0,101760.0
1990-11-26 20:00:00+00:00,1.81,78.95,0.0,0.0,0.0,233.0,1.45,329.0,101690.0
1990-11-26 21:00:00+00:00,2.32,76.0,0.0,0.0,0.0,232.05,1.24,330.0,101630.0
1990-11-26 22:00:00+00:00,3.4,73.3,0.0,0.0,0.0,231.25,0.9,335.0,101590.0
1990-11-26 23:00:00+00:00,3.3,73.3,0.0,0.0,0.0,230.5,0.62,345.0,101580.0
1990-11-27 00:00:00+00:00,3.34,76.15,186.45,785.96,72.75,230.5,0.48,350.0,101590.0
1990-11-27 01:00:00+00:00,5.23,79.35,360.75,810.75,102.4,233.5,0.21,356.0,101610.0
1990-11-27 02:00:00+00:00,8.79,50.6,501.3,833.86,119.45,237.45,0.28,348.0,101600.0
1990-11-27 03:00:00+00:00,11.14,40.65,586.25,828.32,128.2,242.5,0.34,352.0,101540.0
1990-11-27 04:00:00+00:00,12.68,33.8,605.75,796.34,130.05,247.9,0.41,27.0,101410.0
1990-11-27 05:00:00+00:00,13.6,30.3,558.0,736.04,125.2,251.6,0.55,60.0,101280.0
1990-11-27 06:00:00+00:00,14.03,28.15,447.85,636.42,113.35,254.5,0.55,78.0,101170.0
1990-11-27 07:00:00+00:00,14.26,29.25,290.95,479.55,92.25,257.75,0.55,106.0,101110.0
1990-11-27 08:00:00+00:00,13.96,29.25,116.35,236.19,54.5,257.75,0.9,130.0,101090.0
1990-11-27 09:00:00+00:00,12.85,38.0,6.5,14.01,5.4,256.6,1.38,136.0,101080.0
1990-11-27 10:00:00+00:00,10.52,45.55,0.0,0.0,0.0,252.95,1.66,143.0,101090.0
1990-11-27 11:00:00+00:00,8.14,56.7,0.0,0.0,0.0,251.75,1.72,155.0,101140.0
1990-11-27 12:00:00+00:00,6.39,63.25,0.0,0.0,0.0,250.6,1.86,165.0,101120.0
1990-11-27 13:00:00+00:00,5.19,68.1,0.0,0.0,0.0,249.25,2.14,169.0,101130.0
1990-11-27 14:00:00+00:00,4.34,70.7,0.0,0.0,0.0,248.3,2.14,169.0,101130.0
1990-11-27 15:00:00+00:00,3.59,79.15,0.0,0.0,0.0,246.95,2.0,167.0,101120.0
1990-11-27 16:00:00+00:00,2.92,82.2,0.0,0.0,0.0,245.95,1.86,165.0,101090.0
1990-11-27 17:00:00+00:00,2.47,85.35,0.0,0.0,0.0,245.2,1.72,164.0,101070.0
1990-11-27 18:00:00+00:00,2.33,85.35,0.0,0.0,0.0,244.6,1.52,161.0,101020.0
1990-11-27 19:00:00+00:00,3.31,79.15,0.0,0.0,0.0,243.45,1.17,160.0,100990.0
1990-11-27 20:00:00+00:00,3.49,79.15,0.0,0.0,0.0,242.65,0.97,160.0,100950.0
1990-11-27 21:00:00+00:00,4.0,79.2,0.0,0.0,0.0,242.1,0.69,170.0,100960.0
1990-11-27 22:00:00+00:00,4.01,79.2,0.0,0.0,0.0,241.5,0.62,180.0,100960.0
1990-11-27 23:00:00+00:00,3.98,79.2,0.0,0.0,0.0,241.3,0.83,187.0,101020.0
1990-11-28 00:00:00+00:00,3.75,82.25,178.05,755.11,71.1,241.7,0.97,191.0,101070.0
1990-11-28 01:00:00+00:00,5.71,82.5,348.05,783.64,100.75,245.3,0.76,172.0,101130.0
1990-11-28 02:00:00+00:00,9.21,61.45,485.15,806.76,118.15,250.4,1.24,168.0,101150.0
1990-11-28 03:00:00+00:00,11.43,51.35,568.5,802.19,127.2,257.0,1.59,172.0,101110.0
1990-11-28 04:00:00+00:00,13.13,46.2,588.05,771.35,129.3,262.05,1.72,175.0,101010.0
1990-11-28 05:00:00+00:00,14.35,43.1,541.9,712.55,124.55,266.85,1.79,174.0,100920.0
1990-11-28 06:00:00+00:00,15.1,40.2,435.8,617.29,112.55,270.15,1.86,171.0,100840.0
1990-11-28 07:00:00+00:00,15.02,40.2,282.5,462.93,91.4,271.1,1.31,168.0,100810.0
1990-11-28 08:00:00+00:00,14.77,41.65,112.45,225.53,53.65,271.3,1.45,160.0,100810.0
1990-11-28 09:00:00+00:00,13.57,48.15,6.2,12.86,5.2,269.4,1.79,149.0,100880.0
1990-11-28 10:00:00+00:00,11.45,55.4,0.0,0.0,0.0,265.1,2.34,153.0,100930.0
1990-11-28 11:00:00+00:00,9.7,61.55,0.0,0.0,0.0,263.6,2.41,163.0,101020.0
1990-11-28 12:00:00+00:00,8.41,66.15,0.0,0.0,0.0,261.85,2.41,172.0,101080.0
1990-11-28 13:00:00+00:00,7.37,71.15,0.0,0.0,0.0,259.9,2.21,177.0,101130.0
1990-11-28 14:00:00+00:00,6.28,79.5,0.0,0.0,0.0,258.55,1.93,178.0,101170.0
1990-11-28 15:00:00+00:00,5.38,82.5,0.0,0.0,0.0,257.2,1.59,180.0,101200.0
1990-11-28 16:00:00+00:00,5.68,79.4,0.0,0.0,0.0,256.05,1.17,179.0,101200.0
1990-11-28 17:00:00+00:00,6.26,76.55,0.0,0.0,0.0,255.25,0.83,179.0,101230.0
1990-11-28 18:00:00+00:00,6.12,76.55,0.0,0.0,0.0,254.85,0.48,182.0,101210.0
1990-11-28 19:00:00+00:00,5.55,79.4,0.0,0.0,0.0,252.95,0.28,205.0,101190.0
1990-11-28 20:00:00+00:00,5.38,79.4,0.0,0.0,0.0,252.75,0.28,235.0,101190.0
1990-11-28 21:00:00+00:00,5.23,82.4,0.0,0.0,0.0,251.95,0.21,282.0,101200.0
1990-11-28 22:00:00+00:00,4.99,82.4,0.0,0.0,0.0,251.6,0.07,149.0,101220.0
1990-11-28 23:00:00+00:00,4.79,85.55,0.0,0.0,0.0,253.1,0.21,105.0,101300.0
1990-11-29 00:00:00+00:00,4.81,82.4,168.05,688.07,72.65,254.5,0.41,11.0,101410.0
1990-11-29 01:00:00+00:00,6.39,88.95,337.65,757.78,100.8,260.6,0.28,20.0,101510.0
1990-11-29 02:00:00+00:00,9.96,64.0,471.6,777.85,120.05,259.5,0.55,38.0,101580.0
1990-11-29 03:00:00+00:00,12.19,55.5,515.3,645.31,162.1,265.5,1.03,30.0,101600.0
1990-11-29 04:00:00+00:00,13.49,48.15,451.85,374.45,230.1,276.95,2.0,36.0,101540.0
1990-11-29 05:00:00+00:00,13.97,41.5,330.1,175.32,227.8,294.15,2.55,38.0,101490.0
1990-11-29 06:00:00+00:00,13.91,38.45,383.15,471.05,137.35,312.15,2.69,37.0,101440.0
1990-11-29 07:00:00+00:00,14.37,35.6,236.55,287.22,118.4,287.95,2.9,45.0,101400.0
1990-11-29 08:00:00+00:00,13.8,36.85,68.0,39.67,57.7,295.3,2.62,38.0,101420.0
1990-11-29 09:00:00+00:00,12.15,44.2,3.9,0.0,3.9,299.4,2.48,27.0,101520.0
1990-11-29 10:00:00+00:00,10.85,47.35,0.0,0.0,0.0,314.3,2.76,24.0,101580.0
1990-11-29 11:00:00+00:00,9.81,50.85,0.0,0.0,0.0,304.8,2.9,26.0,101640.0
1990-11-29 12:00:00+00:00,8.68,54.65,0.0,0.0,0.0,285.25,2.69,30.0,101680.0
1990-11-29 13:00:00+00:00,7.97,56.7,0.0,0.0,0.0,288.95,2.34,30.0,101710.0
1990-11-29 14:00:00+00:00,6.87,63.35,0.0,0.0,0.0,267.45,2.14,22.0,101760.0
1990-11-29 15:00:00+00:00,6.11,65.75,0.0,0.0,0.0,272.85,2.0,6.0,101770.0
1990-11-29 16:00:00+00:00,5.46,68.2,0.0,0.0,0.0,272.85,1.86,353.0,101770.0
1990-11-29 17:00:00+00:00,4.61,73.45,0.0,0.0,0.0,258.75,2.0,343.0,101760.0
1990-11-29 18:00:00+00:00,4.12,76.25,0.0,0.0,0.0,261.45,2.0,341.0,101750.0
1990-11-29 19:00:00+00:00,3.57,79.15,0.0,0.0,0.0,259.7,1.72,344.0,101690.0
1990-11-29 20:00:00+00:00,3.13,82.2,0.0,0.0,0.0,258.75,1.93,349.0,101650.0
1990-11-29 21:00:00+00:00,2.8,79.1,0.0,0.0,0.0,257.95,1.93,350.0,101670.0
1990-11-29 22:00:00+00:00,2.54,82.15,0.0,0.0,0.0,258.95,1.86,350.0,101680.0
1990-11-29 23:00:00+00:00,2.13,85.3,0.0,0.0,0.0,254.3,1.86,346.0,101710.0
1990-11-30 00:00:00+00:00,2.54,85.35,138.45,457.97,76.3,264.55,1.45,341.0,101750.0
1990-11-30 01:00:00+00:00,5.54,68.2,285.4,528.12,121.9,261.0,1.52,347.0,101770.0
1990-11-30 02:00:00+00:00,7.4,61.1,396.6,555.72,147.05,262.05,1.52,358.0,101760.0
1990-11-30 03:00:00+00:00,9.0,54.8,535.6,744.65,130.05,262.05,1.17,10.0,101710.0
1990-11-30 04:00:00+00:00,10.69,51.1,540.1,694.28,130.65,265.3,1.03,38.0,101620.0
1990-11-30 05:00:00+00:00,11.81,47.6,500.9,642.27,127.5,273.25,1.1,71.0,101470.0
1990-11-30 06:00:00+00:00,12.61,44.35,331.4,396.87,125.0,275.2,1.17,97.0,101360.0
1990-11-30 07:00:00+00:00,12.63,44.35,214.85,246.82,113.65,283.7,1.1,103.0,101250.0
1990-11-30 08:00:00+00:00,12.62,44.35,96.7,178.96,50.4,299.55,0.97,111.0,101240.0
1990-11-30 09:00:00+00:00,12.13,47.75,5.2,10.46,4.4,287.95,0.34,80.0,101250.0
1990-11-30 10:00:00+00:00,11.13,49.3,0.0,0.0,0.0,277.3,0.55,9.0,101270.0
1990-11-30 11:00:00+00:00,9.82,57.05,0.0,0.0,0.0,267.45,0.76,9.0,101300.0
1990-11-30 12:00:00+00:00,8.63,61.3,0.0,0.0,0.0,266.85,0.83,14.0,101310.0
1990-11-30 13:00:00+00:00,7.51,65.95,0.0,0.0,0.0,264.15,0.9,37.0,101320.0
1990-11-30 14:00:00+00:00,6.6,73.7,0.0,0.0,0.0,260.85,0.97,51.0,101320.0
1990-11-30 15:00:00+00:00,5.68,76.5,0.0,0.0,0.0,264.95,1.03,60.0,101310.0
1990-11-30 16:00:00+00:00,2.12,97.87,0.0,0.0,0.0,273.16,0.74,61.0,101260.0
1990-11-30 17:00:00+00:00,2.88,94.38,0.0,0.0,0.0,277.32,0.86,56.0,101250.0
1990-11-30 18:00:00+00:00,3.65,90.88,0.0,0.0,0.0,281.48,0.98,48.0,101220.0
1990-11-30 19:00:00+00:00,4.41,87.38,0.0,0.0,0.0,285.64,1.1,16.0,101160.0
1990-11-30 20:00:00+00:00,5.18,83.88,0.0,0.0,0.0,289.8,1.22,354.0,101130.0
1990-11-30 21:00:00+00:00,5.94,80.38,0.0,0.0,0.0,293.96,1.34,339.0,101130.0
1990-11-30 22:00:00+00:00,6.71,76.88,0.0,0.0,0.0,298.13,1.46,336.0,101130.0
1990-11-30 23:00:00+00:00,7.47,73.39,0.0,0.0,0.0,302.29,1.58,331.0,101160.0
1990-12-01 00:00:00+00:00,8.23,69.89,102.25,226.63,72.15,306.45,1.7,352.0,100940.0
1990-12-01 01:00:00+00:00,9.0,66.39,165.45,115.76,129.95,310.61,1.82,353.0,101050.0
1990-12-01 02:00:00+00:00,9.76,62.89,163.9,52.44,140.5,314.77,1.94,358.0,101130.0
1990-12-01 03:00:00+00:00,10.53,59.39,172.7,21.03,161.3,318.93,2.06,3.0,101120.0
1990-12-01 04:00:00+00:00,11.29,55.9,165.25,29.28,148.05,323.1,2.18,9.0,101090.0
1990-12-01 05:00:00+00:00,12.06,52.4,198.55,127.04,124.95,327.26,2.3,19.0,101050.0
1990-12-01 06:00:00+00:00,12.82,48.9,194.75,126.05,129.4,331.42,2.42,32.0,101020.0
1990-12-01 07:00:00+00:00,13.59,45.4,135.0,122.8,84.8,335.58,2.54,44.0,100940.0
1990-12-01 08:00:00+00:00,13.7,34.1,52.2,50.22,39.25,321.65,2.41,39.0,100960.0
1990-12-01 09:00:00+00:00,12.79,36.55,3.5,5.27,3.1,325.3,2.28,32.0,101040.0
1990-12-01 10:00:00+00:00,11.07,39.1,0.0,0.0,0.0,291.85,2.48,27.0,101120.0
1990-12-01 11:00:00+00:00,10.44,40.55,0.0,0.0,0.0,313.1,2.41,25.0,101250.0
1990-12-01 12:00:00+00:00,10.05,42.0,0.0,0.0,0.0,317.75,2.41,22.0,101360.0
1990-12-01 13:00:00+00:00,9.78,42.0,0.0,0.0,0.0,321.25,2.34,18.0,101440.0
1990-12-01 14:00:00+00:00,9.61,43.55,0.0,0.0,0.0,325.9,2.07,14.0,101500.0
1990-12-01 15:00:00+00:00,9.29,43.55,0.0,0.0,0.0,323.55,1.93,1.0,101570.0
1990-12-01 16:00:00+00:00,8.83,45.15,0.0,0.0,0.0,317.75,1.93,351.0,101600.0
1990-12-01 17:00:00+00:00,8.38,48.65,0.0,0.0,0.0,313.5,1.93,347.0,101630.0
1990-12-01 18:00:00+00:00,8.1,50.45,0.0,0.0,0.0,316.6,1.79,345.0,101600.0
1990-12-01 19:00:00+00:00,5.8,60.75,0.0,0.0,0.0,254.85,1.45,346.0,101560.0
1990-12-01 20:00:00+00:00,4.56,73.4,0.0,0.0,0.0,252.55,1.38,340.0,101530.0
1990-12-01 21:00:00+00:00,3.7,73.3,0.0,0.0,0.0,250.4,1.52,338.0,101530.0
1990-12-01 22:00:00+00:00,3.25,76.1,0.0,0.0,0.0,249.25,1.45,344.0,101510.0
1990-12-01 23:00:00+00:00,2.65,82.15,0.0,0.0,0.0,250.6,1.52,359.0,101510.0
1990-12-02 00:00:00+00:00,3.04,82.15,158.55,687.07,69.25,248.65,1.24,8.0,101550.0
1990-12-02 01:00:00+00:00,6.37,70.95,320.6,710.6,104.7,251.7,0.76,23.0,101580.0
1990-12-02 02:00:00+00:00,9.28,47.05,460.25,774.89,116.6,256.4,0.83,42.0,101610.0
1990-12-02 03:00:00+00:00,10.83,39.1,539.35,772.03,122.9,260.3,0.83,92.0,101580.0
1990-12-02 04:00:00+00:00,11.96,36.45,552.85,716.79,133.45,264.35,0.83,121.0,101500.0
1990-12-02 05:00:00+00:00,12.88,35.15,446.05,567.0,118.65,282.75,1.17,122.0,101360.0
1990-12-02 06:00:00+00:00,13.21,33.95,395.2,554.08,108.8,282.35,1.52,118.0,101250.0
1990-12-02 07:00:00+00:00,13.64,33.95,177.45,235.01,81.65,285.85,1.86,103.0,101120.0
1990-12-02 08:00:00+00:00,13.21,33.95,39.75,48.42,27.3,307.3,1.66,91.0,101110.0
1990-12-02 09:00:00+00:00,12.33,39.5,1.75,1.32,1.65,320.5,1.45,66.0,101150.0
1990-12-02 10:00:00+00:00,11.38,44.1,0.0,0.0,0.0,321.25,1.59,51.0,101190.0
1990-12-02 11:00:00+00:00,10.63,49.2,0.0,0.0,0.0,326.3,1.52,51.0,101230.0
1990-12-02 12:00:00+00:00,10.11,55.05,0.0,0.0,0.0,331.9,1.45,51.0,101260.0
1990-12-02 13:00:00+00:00,9.74,55.05,0.0,0.0,0.0,332.5,1.45,51.0,101280.0
1990-12-02 14:00:00+00:00,9.42,59.25,0.0,0.0,0.0,331.1,1.45,52.0,101320.0
1990-12-02 15:00:00+00:00,9.08,63.8,0.0,0.0,0.0,328.2,1.45,44.0,101340.0
1990-12-02 16:00:00+00:00,8.77,66.25,0.0,0.0,0.0,329.2,1.31,34.0,101310.0
1990-12-02 17:00:00+00:00,8.37,68.7,0.0,0.0,0.0,324.15,1.31,15.0,101320.0
1990-12-02 18:00:00+00:00,8.17,68.7,0.0,0.0,0.0,325.5,1.45,354.0,101320.0
1990-12-02 19:00:00+00:00,6.34,76.55,0.0,0.0,0.0,283.7,1.93,341.0,101340.0
1990-12-02 20:00:00+00:00,5.77,76.5,0.0,0.0,0.0,275.2,2.21,334.0,101340.0
1990-12-02 21:00:00+00:00,5.31,79.35,0.0,0.0,0.0,269.4,2.34,330.0,101350.0
1990-12-02 22:00:00+00:00,5.51,76.4,0.0,0.0,0.0,288.35,2.34,330.0,101380.0
1990-12-02 23:00:00+00:00,5.63,70.85,0.0,0.0,0.0,290.1,2.34,328.0,101410.0
1990-12-03 00:00:00+00:00,6.12,68.3,98.6,215.05,71.25,291.85,2.28,326.0,101500.0
1990-12-03 01:00:00+00:00,7.89,61.2,194.0,259.77,115.8,304.35,2.34,326.0,101600.0
1990-12-03 02:00:00+00:00,9.78,52.95,310.25,326.79,166.2,310.6,2.9,325.0,101670.0
1990-12-03 03:00:00+00:00,11.32,44.1,228.5,72.82,189.4,298.4,4.0,323.0,101710.0
1990-12-03 04:00:00+00:00,11.73,42.55,244.2,55.67,211.75,327.65,4.69,325.0,101700.0
1990-12-03 05:00:00+00:00,12.14,42.55,133.1,33.36,113.9,329.4,5.45,328.0,101680.0
1990-12-03 06:00:00+00:00,11.72,42.55,268.5,272.67,127.95,327.45,5.72,331.0,101700.0
1990-12-03 07:00:00+00:00,11.96,35.05,149.45,118.79,101.15,309.25,6.14,351.0,101640.0
1990-12-03 08:00:00+00:00,11.36,32.25,69.95,82.47,48.8,317.55,5.72,349.0,101750.0
1990-12-03 09:00:00+00:00,10.28,30.7,4.3,4.65,3.95,293.0,5.24,345.0,101860.0
1990-12-03 10:00:00+00:00,9.04,31.55,0.0,0.0,0.0,272.5,4.76,343.0,101980.0
1990-12-03 11:00:00+00:00,8.1,33.9,0.0,0.0,0.0,264.35,4.07,343.0,102070.0
1990-12-03 12:00:00+00:00,7.01,36.5,0.0,0.0,0.0,252.55,3.17,346.0,102130.0
1990-12-03 13:00:00+00:00,5.63,40.9,0.0,0.0,0.0,236.65,2.62,355.0,102200.0
1990-12-03 14:00:00+00:00,4.46,47.6,0.0,0.0,0.0,232.2,2.55,8.0,102240.0
1990-12-03 15:00:00+00:00,3.5,49.25,0.0,0.0,0.0,228.55,2.69,21.0,102280.0
1990-12-03 16:00:00+00:00,2.73,45.3,0.0,0.0,0.0,225.65,2.9,31.0,102280.0
1990-12-03 17:00:00+00:00,2.01,43.3,0.0,0.0,0.0,220.4,2.9,32.0,102270.0
1990-12-03 18:00:00+00:00,1.4,39.75,0.0,0.0,0.0,216.95,2.69,33.0,102290.0
1990-12-03 19:00:00+00:00,1.27,36.55,0.0,0.0,0.0,215.95,2.21,33.0,102290.0
1990-12-03 20:00:00+00:00,0.26,41.15,0.0,0.0,0.0,212.85,1.79,30.0,102250.0
1990-12-03 21:00:00+00:00,-0.54,44.45,0.0,0.0,0.0,210.35,1.59,31.0,102240.0
1990-12-03 22:00:00+00:00,-0.66,42.6,0.0,0.0,0.0,209.6,1.38,34.0,102220.0
1990-12-03 23:00:00+00:00,-0.58,42.6,0.0,0.0,0.0,209.6,1.31,32.0,102250.0
1990-12-04 00:00:00+00:00,-0.5,44.45,165.1,779.5,68.1,209.0,1.17,33.0,102290.0
1990-12-04 01:00:00+00:00,1.36,30.85,327.35,745.86,104.85,211.6,1.66,50.0,102330.0
1990-12-04 02:00:00+00:00,2.87,25.15,435.8,669.33,142.5,216.55,2.69,49.0,102360.0
1990-12-04 03:00:00+00:00,3.92,23.3,531.7,715.36,149.3,231.85,3.03,40.0,102310.0
1990-12-04 04:00:00+00:00,4.79,22.6,571.0,740.24,141.05,231.05,2.9,31.0,102190.0
1990-12-04 05:00:00+00:00,5.42,23.7,524.3,662.98,143.85,228.15,2.69,24.0,102050.0
1990-12-04 06:00:00+00:00,5.76,23.85,419.25,590.83,115.5,226.8,2.55,20.0,101940.0
1990-12-04 07:00:00+00:00,5.87,24.9,276.8,459.86,90.25,230.1,2.55,27.0,101800.0
1990-12-04 08:00:00+00:00,5.62,23.85,110.3,221.94,53.5,237.25,2.55,26.0,101830.0
1990-12-04 09:00:00+00:00,4.84,26.8,5.65,11.99,4.75,237.45,2.0,30.0,101890.0
1990-12-04 10:00:00+00:00,3.58,34.0,0.0,0.0,0.0,226.2,1.79,37.0,101970.0
1990-12-04 11:00:00+00:00,2.43,47.05,0.0,0.0,0.0,228.35,1.38,46.0,102040.0
1990-12-04 12:00:00+00:00,2.06,47.05,0.0,0.0,0.0,231.65,1.03,48.0,102120.0
1990-12-04 13:00:00+00:00,2.15,47.05,0.0,0.0,0.0,249.85,0.76,51.0,102200.0
1990-12-04 14:00:00+00:00,2.21,49.0,0.0,0.0,0.0,268.4,0.69,42.0,102280.0
1990-12-04 15:00:00+00:00,1.65,53.15,0.0,0.0,0.0,260.5,0.97,33.0,102330.0
1990-12-04 16:00:00+00:00,-0.01,64.45,0.0,0.0,0.0,242.1,1.59,22.0,102380.0
1990-12-04 17:00:00+00:00,-0.39,57.1,0.0,0.0,0.0,242.1,1.93,20.0,102410.0
1990-12-04 18:00:00+00:00,-1.1,56.85,0.0,0.0,0.0,224.5,2.21,18.0,102450.0
1990-12-04 19:00:00+00:00,-1.87,52.2,0.0,0.0,0.0,215.0,2.21,23.0,102480.0
1990-12-04 20:00:00+00:00,-2.18,47.9,0.0,0.0,0.0,213.45,2.34,27.0,102490.0
1990-12-04 21:00:00+00:00,-2.3,42.2,0.0,0.0,0.0,215.95,2.41,32.0,102510.0
1990-12-04 22:00:00+00:00,-2.43,37.1,0.0,0.0,0.0,216.95,2.34,35.0,102540.0
1990-12-04 23:00:00+00:00,-2.51,38.6,0.0,0.0,0.0,222.75,2.14,37.0,102620.0
1990-12-05 00:00:00+00:00,-1.86,34.15,99.05,117.04,84.8,247.9,1.93,43.0,102660.0
1990-12-05 01:00:00+00:00,-0.46,27.75,244.3,259.59,167.55,251.5,2.21,50.0,102730.0
1990-12-05 02:00:00+00:00,0.86,22.65,373.8,362.89,215.7,250.8,2.55,54.0,102770.0
1990-12-05 03:00:00+00:00,2.06,20.95,395.1,331.52,218.65,257.0,2.55,52.0,102750.0
1990-12-05 04:00:00+00:00,2.71,20.2,460.75,359.78,252.5,265.1,2.07,46.0,102660.0
1990-12-05 05:00:00+00:00,3.36,21.25,416.45,375.03,201.85,258.15,1.72,31.0,102520.0
1990-12-05 06:00:00+00:00,3.7,20.45,396.75,481.4,149.85,248.85,1.72,23.0,102420.0
1990-12-05 07:00:00+00:00,4.04,20.45,252.8,343.84,113.6,241.5,2.07,29.0,102330.0
1990-12-05 08:00:00+00:00,3.78,19.55,97.65,163.42,55.9,241.9,2.0,34.0,102320.0
1990-12-05 09:00:00+00:00,3.0,24.05,5.65,9.34,4.95,233.0,1.59,46.0,102350.0
1990-12-05 10:00:00+00:00,1.9,28.45,0.0,0.0,0.0,231.05,1.79,57.0,102390.0
1990-12-05 11:00:00+00:00,0.85,34.9,0.0,0.0,0.0,223.7,1.79,70.0,102400.0
1990-12-05 12:00:00+00:00,-0.21,41.0,0.0,0.0,0.0,222.15,1.66,89.0,102420.0
1990-12-05 13:00:00+00:00,-1.48,54.4,0.0,0.0,0.0,216.15,1.59,112.0,102430.0
1990-12-05 14:00:00+00:00,-2.13,56.6,0.0,0.0,0.0,221.4,1.52,132.0,102450.0
1990-12-05 15:00:00+00:00,-2.79,58.85,0.0,0.0,0.0,214.4,1.59,141.0,102420.0
1990-12-05 16:00:00+00:00,-2.87,58.85,0.0,0.0,0.0,210.35,1.45,142.0,102400.0
1990-12-05 17:00:00+00:00,-3.12,61.2,0.0,0.0,0.0,211.5,1.45,140.0,102390.0
1990-12-05 18:00:00+00:00,-3.3,63.8,0.0,0.0,0.0,216.15,1.45,139.0,102390.0
1990-12-05 19:00:00+00:00,-4.06,69.05,0.0,0.0,0.0,209.75,1.59,129.0,102330.0
1990-12-05 20:00:00+00:00,-4.38,69.05,0.0,0.0,0.0,215.2,1.66,138.0,102280.0
1990-12-05 21:00:00+00:00,-4.41,71.95,0.0,0.0,0.0,216.55,1.59,144.0,102270.0
1990-12-05 22:00:00+00:00,-4.56,74.9,0.0,0.0,0.0,212.65,1.59,139.0,102250.0
1990-12-05 23:00:00+00:00,-4.43,71.95,0.0,0.0,0.0,209.6,1.52,131.0,102290.0
1990-12-06 00:00:00+00:00,-3.48,72.05,153.05,690.86,70.75,211.3,1.17,121.0,102350.0
1990-12-06 01:00:00+00:00,-0.51,61.8,320.95,738.75,104.45,214.35,0.76,125.0,102420.0
1990-12-06 02:00:00+00:00,2.04,38.25,462.2,786.33,121.55,219.05,1.03,145.0,102430.0
1990-12-06 03:00:00+00:00,3.63,30.1,553.85,812.49,123.2,223.5,1.1,158.0,102400.0
1990-12-06 04:00:00+00:00,4.75,29.15,577.2,782.6,125.7,224.85,0.97,165.0,102290.0
1990-12-06 05:00:00+00:00,5.65,28.25,533.25,721.5,121.5,228.35,0.9,165.0,102140.0
1990-12-06 06:00:00+00:00,6.25,28.35,428.5,619.84,111.3,231.25,0.83,163.0,102030.0
1990-12-06 07:00:00+00:00,6.42,29.6,278.6,465.46,90.5,233.6,0.9,154.0,101960.0
1990-12-06 08:00:00+00:00,6.3,29.6,110.65,226.94,52.75,233.95,1.1,149.0,101960.0
1990-12-06 09:00:00+00:00,5.49,36.05,5.85,12.67,4.9,233.95,1.38,132.0,101970.0
1990-12-06 10:00:00+00:00,3.87,42.0,0.0,0.0,0.0,230.5,1.86,125.0,102000.0
1990-12-06 11:00:00+00:00,2.28,49.0,0.0,0.0,0.0,231.65,1.93,129.0,102010.0
1990-12-06 12:00:00+00:00,0.85,55.05,0.0,0.0,0.0,228.95,2.0,142.0,102030.0
1990-12-06 13:00:00+00:00,-0.27,61.9,0.0,0.0,0.0,226.8,2.07,158.0,102040.0
1990-12-06 14:00:00+00:00,-1.07,66.9,0.0,0.0,0.0,225.65,2.14,168.0,102050.0
1990-12-06 15:00:00+00:00,-1.72,69.55,0.0,0.0,0.0,224.5,2.07,170.0,102080.0
1990-12-06 16:00:00+00:00,-2.31,75.3,0.0,0.0,0.0,223.7,1.93,167.0,102060.0
1990-12-06 17:00:00+00:00,-2.77,78.3,0.0,0.0,0.0,223.5,1.79,165.0,102050.0
1990-12-06 18:00:00+00:00,-2.47,78.3,0.0,0.0,0.0,223.3,1.52,160.0,102040.0
1990-12-06 19:00:00+00:00,-2.07,75.3,0.0,0.0,0.0,221.95,1.24,157.0,102040.0
1990-12-06 20:00:00+00:00,-2.26,75.3,0.0,0.0,0.0,221.75,1.24,161.0,102020.0
1990-12-06 21:00:00+00:00,-2.08,75.3,0.0,0.0,0.0,221.4,1.1,166.0,102000.0
1990-12-06 22:00:00+00:00,-1.8,72.4,0.0,0.0,0.0,221.75,0.9,160.0,102020.0
1990-12-06 23:00:00+00:00,-1.53,72.4,0.0,0.0,0.0,225.45,0.69,132.0,102020.0
1990-12-07 00:00:00+00:00,-1.36,72.5,147.85,661.9,70.7,227.95,0.55,135.0,102050.0
1990-12-07 01:00:00+00:00,0.46,72.75,318.95,759.1,98.4,230.4,0.55,156.0,102090.0
1990-12-07 02:00:00+00:00,3.34,57.8,449.75,757.82,123.25,229.9,1.03,169.0,102080.0
1990-12-07 03:00:00+00:00,5.43,49.8,540.4,780.44,128.4,236.1,1.38,168.0,102040.0
1990-12-07 04:00:00+00:00,7.14,43.0,568.5,759.94,131.45,239.95,1.59,163.0,101930.0
1990-12-07 05:00:00+00:00,8.43,41.6,527.75,707.25,125.15,244.2,1.86,159.0,101820.0
1990-12-07 06:00:00+00:00,9.22,38.7,417.75,580.46,121.3,244.8,2.21,158.0,101720.0
1990-12-07 07:00:00+00:00,9.25,40.25,275.2,459.11,89.95,249.05,2.07,151.0,101630.0
1990-12-07 08:00:00+00:00,9.05,41.7,108.9,220.87,52.6,248.65,2.14,148.0,101600.0
1990-12-07 09:00:00+00:00,7.78,46.65,5.85,12.66,4.9,247.7,2.07,139.0,101630.0
1990-12-07 10:00:00+00:00,5.78,54.05,0.0,0.0,0.0,245.0,2.55,143.0,101670.0
1990-12-07 11:00:00+00:00,4.47,58.05,0.0,0.0,0.0,248.3,2.62,151.0,101730.0
1990-12-07 12:00:00+00:00,3.58,62.6,0.0,0.0,0.0,243.25,2.76,158.0,101760.0
1990-12-07 13:00:00+00:00,2.98,62.5,0.0,0.0,0.0,243.65,2.76,162.0,101780.0
1990-12-07 14:00:00+00:00,2.45,64.9,0.0,0.0,0.0,241.15,2.83,162.0,101790.0
1990-12-07 15:00:00+00:00,2.03,64.9,0.0,0.0,0.0,240.35,2.83,159.0,101770.0
1990-12-07 16:00:00+00:00,1.64,64.9,0.0,0.0,0.0,239.95,2.69,157.0,101740.0
1990-12-07 17:00:00+00:00,1.19,67.4,0.0,0.0,0.0,239.6,2.48,157.0,101710.0
1990-12-07 18:00:00+00:00,0.69,70.05,0.0,0.0,0.0,239.6,2.28,158.0,101700.0
1990-12-07 19:00:00+00:00,0.25,75.7,0.0,0.0,0.0,239.6,1.52,162.0,101690.0
1990-12-07 20:00:00+00:00,-0.38,78.65,0.0,0.0,0.0,239.95,1.52,164.0,101640.0
1990-12-07 21:00:00+00:00,-1.01,81.7,0.0,0.0,0.0,239.2,1.66,166.0,101600.0
1990-12-07 22:00:00+00:00,-1.44,81.7,0.0,0.0,0.0,239.4,1.72,165.0,101550.0
1990-12-07 23:00:00+00:00,-1.76,84.95,0.0,0.0,0.0,238.2,1.86,162.0,101580.0
1990-12-08 00:00:00+00:00,-1.47,84.95,146.15,717.24,64.35,238.6,1.72,160.0,101600.0
1990-12-08 01:00:00+00:00,2.26,73.0,310.05,739.01,97.15,240.65,1.59,155.0,101640.0
1990-12-08 02:00:00+00:00,5.29,58.3,447.25,773.53,115.75,244.4,2.07,158.0,101640.0
1990-12-08 03:00:00+00:00,7.35,50.35,533.45,775.48,125.65,248.85,2.34,161.0,101590.0
1990-12-08 04:00:00+00:00,8.99,48.8,557.9,749.47,128.15,253.5,2.41,163.0,101490.0
1990-12-08 05:00:00+00:00,10.26,45.55,518.15,694.55,123.7,256.8,2.55,160.0,101380.0
1990-12-08 06:00:00+00:00,11.12,43.95,416.85,598.48,111.75,259.5,2.62,156.0,101270.0
1990-12-08 07:00:00+00:00,11.44,45.8,270.5,447.05,90.35,262.2,2.41,155.0,101130.0
1990-12-08 08:00:00+00:00,11.32,44.1,107.55,217.07,52.25,263.0,2.21,149.0,101120.0
1990-12-08 09:00:00+00:00,10.15,49.2,5.8,11.96,4.9,261.05,1.79,131.0,101180.0
1990-12-08 10:00:00+00:00,8.15,54.65,0.0,0.0,0.0,256.8,2.21,129.0,101230.0
1990-12-08 11:00:00+00:00,6.4,60.85,0.0,0.0,0.0,254.5,2.34,138.0,101280.0
1990-12-08 12:00:00+00:00,4.99,68.0,0.0,0.0,0.0,251.95,2.34,146.0,101310.0
1990-12-08 13:00:00+00:00,3.89,70.5,0.0,0.0,0.0,249.25,2.21,149.0,101350.0
1990-12-08 14:00:00+00:00,2.91,76.0,0.0,0.0,0.0,247.15,2.07,149.0,101350.0
1990-12-08 15:00:00+00:00,1.95,78.95,0.0,0.0,0.0,246.15,1.93,148.0,101380.0
1990-12-08 16:00:00+00:00,1.22,82.0,0.0,0.0,0.0,245.2,1.72,149.0,101380.0
1990-12-08 17:00:00+00:00,1.45,82.0,0.0,0.0,0.0,244.8,1.31,147.0,101380.0
1990-12-08 18:00:00+00:00,1.93,78.95,0.0,0.0,0.0,245.75,0.9,134.0,101360.0
1990-12-08 19:00:00+00:00,2.2,78.95,0.0,0.0,0.0,248.3,0.48,52.0,101320.0
1990-12-08 20:00:00+00:00,1.94,82.05,0.0,0.0,0.0,247.3,0.28,27.0,101290.0
1990-12-08 21:00:00+00:00,1.71,82.05,0.0,0.0,0.0,245.95,0.55,316.0,101300.0
1990-12-08 22:00:00+00:00,0.45,88.5,0.0,0.0,0.0,246.35,1.17,317.0,101320.0
1990-12-08 23:00:00+00:00,-0.18,88.45,0.0,0.0,0.0,245.6,1.24,325.0,101360.0
1990-12-09 00:00:00+00:00,1.07,85.25,140.35,693.08,63.0,246.35,0.83,331.0,101380.0
1990-12-09 01:00:00+00:00,2.73,88.65,302.3,721.36,96.2,253.05,0.34,341.0,101410.0
1990-12-09 02:00:00+00:00,6.31,68.3,429.55,731.56,117.65,253.3,0.55,346.0,101400.0
1990-12-09 03:00:00+00:00,8.49,59.0,517.85,747.63,126.15,259.15,0.55,360.0,101370.0
1990-12-09 04:00:00+00:00,10.02,55.05,548.45,735.14,128.1,264.35,0.55,25.0,101270.0
1990-12-09 05:00:00+00:00,11.11,51.25,506.95,677.79,122.85,268.4,0.69,55.0,101120.0
1990-12-09 06:00:00+00:00,11.77,47.75,403.25,580.78,107.65,270.55,0.83,69.0,101030.0
1990-12-09 07:00:00+00:00,11.92,45.95,265.5,433.1,91.15,270.75,0.83,105.0,100940.0
1990-12-09 08:00:00+00:00,11.78,45.95,96.5,169.99,53.2,271.5,0.97,104.0,100930.0
1990-12-09 09:00:00+00:00,11.02,51.25,5.65,10.59,4.85,271.1,0.97,77.0,100980.0
1990-12-09 10:00:00+00:00,8.94,61.45,0.0,0.0,0.0,267.85,1.31,48.0,101030.0
1990-12-09 11:00:00+00:00,6.77,68.4,0.0,0.0,0.0,271.1,1.86,29.0,101090.0
1990-12-09 12:00:00+00:00,5.0,79.3,0.0,0.0,0.0,263.75,1.93,21.0,101120.0
1990-12-09 13:00:00+00:00,4.11,79.2,0.0,0.0,0.0,264.15,2.21,11.0,101180.0
1990-12-09 14:00:00+00:00,3.51,82.2,0.0,0.0,0.0,262.4,2.28,8.0,101240.0
1990-12-09 15:00:00+00:00,3.18,82.2,0.0,0.0,0.0,263.95,2.34,8.0,101310.0
1990-12-09 16:00:00+00:00,2.94,82.15,0.0,0.0,0.0,263.95,2.34,5.0,101340.0
1990-12-09 17:00:00+00:00,2.73,82.15,0.0,0.0,0.0,263.95,2.41,360.0,101350.0
1990-12-09 18:00:00+00:00,2.67,82.15,0.0,0.0,0.0,266.85,2.48,355.0,101400.0
1990-12-09 19:00:00+00:00,3.04,79.0,0.0,0.0,0.0,271.9,2.55,352.0,101400.0
1990-12-09 20:00:00+00:00,3.04,76.0,0.0,0.0,0.0,274.4,2.69,351.0,101440.0
1990-12-09 21:00:00+00:00,3.21,70.4,0.0,0.0,0.0,287.55,2.83,352.0,101460.0
1990-12-09 22:00:00+00:00,3.0,70.3,0.0,0.0,0.0,278.5,2.9,353.0,101530.0
1990-12-09 23:00:00+00:00,3.22,62.6,0.0,0.0,0.0,299.0,2.83,355.0,101640.0
1990-12-10 00:00:00+00:00,3.19,60.15,76.15,237.14,50.25,288.75,2.83,356.0,101760.0
1990-12-10 01:00:00+00:00,3.84,55.7,124.35,108.5,93.6,294.85,3.17,359.0,101870.0
1990-12-10 02:00:00+00:00,4.39,51.55,240.1,170.08,167.95,294.35,3.24,359.0,101960.0
1990-12-10 03:00:00+00:00,5.55,47.85,154.0,53.73,125.95,310.05,3.52,360.0,101990.0
1990-12-10 04:00:00+00:00,5.71,46.1,244.7,80.4,198.85,308.5,3.59,356.0,101950.0
1990-12-10 05:00:00+00:00,6.5,46.25,216.2,56.31,184.35,309.65,4.0,358.0,101860.0
1990-12-10 06:00:00+00:00,6.89,44.6,237.15,165.86,152.85,309.25,4.28,1.0,101790.0
1990-12-10 07:00:00+00:00,7.07,41.15,159.0,174.89,88.65,290.3,4.34,8.0,101690.0
1990-12-10 08:00:00+00:00,7.05,41.15,59.2,63.19,43.1,287.0,4.07,6.0,101750.0
1990-12-10 09:00:00+00:00,6.56,44.45,4.1,5.27,3.7,290.3,3.38,1.0,101830.0
1990-12-10 10:00:00+00:00,5.65,46.1,0.0,0.0,0.0,276.75,3.24,359.0,101910.0
1990-12-10 11:00:00+00:00,5.27,47.85,0.0,0.0,0.0,285.65,3.24,1.0,102000.0
1990-12-10 12:00:00+00:00,5.21,47.85,0.0,0.0,0.0,304.2,3.52,9.0,102070.0
1990-12-10 13:00:00+00:00,4.56,49.55,0.0,0.0,0.0,283.3,3.59,15.0,102130.0
1990-12-10 14:00:00+00:00,4.18,51.55,0.0,0.0,0.0,289.9,3.59,15.0,102230.0
1990-12-10 15:00:00+00:00,3.67,55.7,0.0,0.0,0.0,287.0,3.66,13.0,102320.0
1990-12-10 16:00:00+00:00,3.22,60.15,0.0,0.0,0.0,291.65,3.72,12.0,102380.0
1990-12-10 17:00:00+00:00,2.8,65.0,0.0,0.0,0.0,295.3,3.59,11.0,102400.0
1990-12-10 18:00:00+00:00,2.17,67.5,0.0,0.0,0.0,275.6,3.24,9.0,102420.0
1990-12-10 19:00:00+00:00,0.59,72.85,0.0,0.0,0.0,234.55,2.62,1.0,102420.0
1990-12-10 20:00:00+00:00,-0.04,78.65,0.0,0.0,0.0,234.35,2.62,357.0,102400.0
1990-12-10 21:00:00+00:00,-0.63,78.6,0.0,0.0,0.0,229.3,2.62,351.0,102410.0
1990-12-10 22:00:00+00:00,-0.89,78.6,0.0,0.0,0.0,235.5,2.62,352.0,102460.0
1990-12-10 23:00:00+00:00,-1.09,81.7,0.0,0.0,0.0,238.05,2.48,352.0,102530.0
1990-12-11 00:00:00+00:00,-0.99,81.7,117.15,478.0,66.05,240.95,2.34,353.0,102610.0
1990-12-11 01:00:00+00:00,0.17,69.95,266.6,609.04,95.35,245.9,2.9,1.0,102700.0
1990-12-11 02:00:00+00:00,1.5,64.8,371.3,569.53,130.85,244.4,2.97,8.0,102740.0
1990-12-11 03:00:00+00:00,2.71,62.5,414.55,514.78,146.7,249.85,2.9,6.0,102680.0
1990-12-11 04:00:00+00:00,3.81,57.95,501.6,610.06,154.55,265.5,2.9,1.0,102570.0
1990-12-11 05:00:00+00:00,4.93,51.7,441.2,515.36,150.25,251.75,2.9,359.0,102440.0
1990-12-11 06:00:00+00:00,5.5,49.8,408.75,567.6,120.6,246.35,2.69,1.0,102330.0
1990-12-11 07:00:00+00:00,6.17,44.45,263.35,419.22,94.8,239.6,2.41,11.0,102230.0
1990-12-11 08:00:00+00:00,6.01,46.1,107.45,210.63,53.75,241.3,2.34,13.0,102220.0
1990-12-11 09:00:00+00:00,5.15,47.85,6.0,11.79,5.1,239.75,1.72,8.0,102240.0
1990-12-11 10:00:00+00:00,3.77,55.7,0.0,0.0,0.0,236.85,1.93,1.0,102290.0
1990-12-11 11:00:00+00:00,2.66,62.5,0.0,0.0,0.0,238.6,1.79,2.0,102350.0
1990-12-11 12:00:00+00:00,1.54,70.1,0.0,0.0,0.0,235.5,1.45,6.0,102380.0
1990-12-11 13:00:00+00:00,1.59,64.9,0.0,0.0,0.0,234.95,0.97,15.0,102400.0
1990-12-11 14:00:00+00:00,2.03,62.35,0.0,0.0,0.0,245.2,0.55,68.0,102390.0
1990-12-11 15:00:00+00:00,1.53,67.4,0.0,0.0,0.0,230.1,0.48,102.0,102400.0
1990-12-11 16:00:00+00:00,0.99,70.05,0.0,0.0,0.0,230.5,0.62,135.0,102380.0
1990-12-11 17:00:00+00:00,0.5,72.75,0.0,0.0,0.0,228.35,0.69,158.0,102380.0
1990-12-11 18:00:00+00:00,0.1,72.75,0.0,0.0,0.0,227.4,0.76,157.0,102360.0
1990-12-11 19:00:00+00:00,-2.36,84.85,0.0,0.0,0.0,224.85,1.31,164.0,102360.0
1990-12-11 20:00:00+00:00,-1.4,81.7,0.0,0.0,0.0,232.2,1.1,133.0,102330.0
1990-12-11 21:00:00+00:00,-2.02,84.85,0.0,0.0,0.0,221.4,1.24,122.0,102280.0
1990-12-11 22:00:00+00:00,-1.94,81.65,0.0,0.0,0.0,221.0,1.03,127.0,102250.0
1990-12-11 23:00:00+00:00,-1.52,81.65,0.0,0.0,0.0,220.2,0.69,132.0,102290.0
1990-12-12 00:00:00+00:00,-1.31,78.5,141.85,757.25,62.6,220.2,0.41,148.0,102340.0
1990-12-12 01:00:00+00:00,0.35,78.75,308.1,760.12,96.0,223.25,0.07,323.0,102440.0
1990-12-12 02:00:00+00:00,3.47,62.6,447.25,790.26,115.15,227.95,0.21,330.0,102470.0
1990-12-12 03:00:00+00:00,5.54,53.9,535.5,790.89,125.3,232.8,0.34,352.0,102450.0
1990-12-12 04:00:00+00:00,6.94,48.25,562.05,764.75,128.0,237.85,0.69,9.0,102340.0
1990-12-12 05:00:00+00:00,7.91,44.85,518.6,704.07,121.75,240.95,0.97,19.0,102200.0
1990-12-12 06:00:00+00:00,8.46,43.25,412.45,595.37,110.5,243.25,1.24,26.0,102090.0
1990-12-12 07:00:00+00:00,8.61,45.0,264.75,429.02,92.3,248.85,1.66,16.0,102020.0
1990-12-12 08:00:00+00:00,8.29,43.25,107.1,214.14,52.45,249.85,1.66,23.0,101980.0
1990-12-12 09:00:00+00:00,7.36,48.4,5.8,12.35,4.85,246.15,1.59,29.0,102040.0
1990-12-12 10:00:00+00:00,5.97,56.2,0.0,0.0,0.0,257.4,1.86,33.0,102080.0
1990-12-12 11:00:00+00:00,4.58,62.8,0.0,0.0,0.0,259.5,1.79,36.0,102150.0
1990-12-12 12:00:00+00:00,3.08,73.1,0.0,0.0,0.0,250.05,1.52,40.0,102200.0
1990-12-12 13:00:00+00:00,2.8,67.6,0.0,0.0,0.0,245.2,1.17,50.0,102230.0
1990-12-12 14:00:00+00:00,2.37,70.2,0.0,0.0,0.0,237.45,0.9,67.0,102260.0
1990-12-12 15:00:00+00:00,1.93,67.5,0.0,0.0,0.0,244.2,0.83,85.0,102280.0
1990-12-12 16:00:00+00:00,1.48,70.1,0.0,0.0,0.0,239.75,0.83,101.0,102270.0
1990-12-12 17:00:00+00:00,0.92,70.05,0.0,0.0,0.0,237.05,0.83,114.0,102260.0
1990-12-12 18:00:00+00:00,0.75,70.05,0.0,0.0,0.0,245.95,0.83,121.0,102260.0
1990-12-12 19:00:00+00:00,0.74,70.05,0.0,0.0,0.0,231.85,0.41,70.0,102290.0
1990-12-12 20:00:00+00:00,0.42,72.75,0.0,0.0,0.0,228.15,0.55,45.0,102280.0
1990-12-12 21:00:00+00:00,0.0,72.65,0.0,0.0,0.0,226.2,0.76,50.0,102250.0
1990-12-12 22:00:00+00:00,-0.59,75.55,0.0,0.0,0.0,228.15,0.76,69.0,102230.0
1990-12-12 23:00:00+00:00,-0.85,72.6,0.0,0.0,0.0,232.8,0.76,83.0,102250.0
1990-12-13 00:00:00+00:00,-1.03,75.45,131.1,686.03,60.8,229.9,0.83,68.0,102290.0
1990-12-13 01:00:00+00:00,0.44,78.75,288.0,686.55,97.85,232.7,0.62,58.0,102330.0
1990-12-13 02:00:00+00:00,4.18,47.6,432.35,743.7,121.2,238.4,0.97,60.0,102380.0
1990-12-13 03:00:00+00:00,5.89,32.0,410.45,512.96,145.2,241.9,1.52,68.0,102350.0
1990-12-13 04:00:00+00:00,6.49,29.6,535.3,696.01,141.1,257.4,1.38,56.0,102240.0
1990-12-13 05:00:00+00:00,7.41,29.85,433.55,515.86,143.2,248.85,1.17,31.0,102110.0
1990-12-13 06:00:00+00:00,7.69,31.25,325.2,351.83,146.9,261.65,1.24,7.0,102020.0
1990-12-13 07:00:00+00:00,7.58,35.15,164.9,175.26,94.45,265.1,1.17,2.0,101930.0
1990-12-13 08:00:00+00:00,7.36,33.75,79.15,125.99,46.95,292.6,1.24,359.0,101950.0
1990-12-13 09:00:00+00:00,6.81,38.0,5.55,8.38,4.9,286.8,1.17,11.0,101980.0
1990-12-13 10:00:00+00:00,5.39,44.15,0.0,0.0,0.0,258.35,1.59,15.0,102020.0
1990-12-13 11:00:00+00:00,3.31,55.55,0.0,0.0,0.0,243.25,1.66,10.0,102070.0
1990-12-13 12:00:00+00:00,2.14,59.95,0.0,0.0,0.0,245.75,1.45,6.0,102120.0
1990-12-13 13:00:00+00:00,2.28,55.3,0.0,0.0,0.0,238.4,1.17,353.0,102180.0
1990-12-13 14:00:00+00:00,2.4,55.3,0.0,0.0,0.0,229.7,0.97,337.0,102230.0
1990-12-13 15:00:00+00:00,2.18,57.6,0.0,0.0,0.0,237.45,0.83,325.0,102280.0
1990-12-13 16:00:00+00:00,1.63,57.6,0.0,0.0,0.0,240.75,0.83,330.0,102280.0
1990-12-13 17:00:00+00:00,0.38,67.2,0.0,0.0,0.0,250.8,1.03,340.0,102310.0
1990-12-13 18:00:00+00:00,-0.67,75.55,0.0,0.0,0.0,265.1,1.24,346.0,102340.0
1990-12-13 19:00:00+00:00,-1.99,81.55,0.0,0.0,0.0,240.15,1.66,353.0,102390.0
1990-12-13 20:00:00+00:00,-1.71,75.35,0.0,0.0,0.0,253.3,1.93,342.0,102360.0
1990-12-13 21:00:00+00:00,-1.12,69.65,0.0,0.0,0.0,263.0,2.14,334.0,102390.0
1990-12-13 22:00:00+00:00,-0.95,64.35,0.0,0.0,0.0,254.3,2.34,332.0,102400.0
1990-12-13 23:00:00+00:00,-0.99,61.65,0.0,0.0,0.0,243.85,2.48,333.0,102490.0
1990-12-14 00:00:00+00:00,-0.91,54.7,136.1,722.87,63.55,232.4,2.41,333.0,102580.0
1990-12-14 01:00:00+00:00,1.37,48.85,307.1,775.7,93.8,221.7,2.41,331.0,102680.0
1990-12-14 02:00:00+00:00,4.18,34.3,450.5,813.46,111.6,221.4,3.72,326.0,102740.0
1990-12-14 03:00:00+00:00,5.85,25.95,540.0,809.98,122.35,224.5,5.24,327.0,102730.0
1990-12-14 04:00:00+00:00,6.75,23.1,558.75,752.12,133.6,227.0,5.38,329.0,102620.0
1990-12-14 05:00:00+00:00,7.29,23.25,529.5,724.27,122.35,230.5,5.17,331.0,102500.0
1990-12-14 06:00:00+00:00,7.59,24.25,430.5,630.61,111.1,229.7,4.9,332.0,102420.0
1990-12-14 07:00:00+00:00,7.63,23.4,283.75,479.63,90.9,230.5,4.55,336.0,102330.0
1990-12-14 08:00:00+00:00,7.26,24.25,116.25,241.76,54.35,229.15,4.07,337.0,102330.0
1990-12-14 09:00:00+00:00,5.97,29.45,6.95,15.96,5.7,227.0,2.76,341.0,102330.0
1990-12-14 10:00:00+00:00,3.84,35.6,0.0,0.0,0.0,222.55,2.62,344.0,102400.0
1990-12-14 11:00:00+00:00,2.46,39.9,0.0,0.0,0.0,219.05,2.62,346.0,102420.0
1990-12-14 12:00:00+00:00,1.42,39.75,0.0,0.0,0.0,215.75,2.62,349.0,102460.0
1990-12-14 13:00:00+00:00,0.42,42.9,0.0,0.0,0.0,212.3,2.41,351.0,102500.0
1990-12-14 14:00:00+00:00,-0.7,46.35,0.0,0.0,0.0,209.95,2.21,350.0,102540.0
1990-12-14 15:00:00+00:00,-2.0,54.3,0.0,0.0,0.0,207.65,1.93,345.0,102540.0
1990-12-14 16:00:00+00:00,-2.86,58.85,0.0,0.0,0.0,206.1,1.59,334.0,102520.0
1990-12-14 17:00:00+00:00,-2.22,56.6,0.0,0.0,0.0,204.55,1.24,314.0,102470.0
1990-12-14 18:00:00+00:00,-1.66,54.4,0.0,0.0,0.0,203.95,0.9,283.0,102430.0
1990-12-14 19:00:00+00:00,-1.53,61.55,0.0,0.0,0.0,205.15,0.76,255.0,102450.0
1990-12-14 20:00:00+00:00,-1.78,61.55,0.0,0.0,0.0,205.15,0.69,230.0,102440.0
1990-12-14 21:00:00+00:00,-2.13,66.65,0.0,0.0,0.0,205.3,0.62,200.0,102380.0
1990-12-14 22:00:00+00:00,-2.39,69.45,0.0,0.0,0.0,205.3,0.62,187.0,102360.0
1990-12-14 23:00:00+00:00,-2.62,75.2,0.0,0.0,0.0,205.5,0.69,187.0,102360.0
1990-12-15 00:00:00+00:00,-2.69,75.2,141.75,815.14,61.6,206.3,0.76,189.0,102410.0
1990-12-15 01:00:00+00:00,-1.07,72.5,312.65,796.86,95.05,209.3,0.34,192.0,102440.0
1990-12-15 02:00:00+00:00,3.16,51.3,456.1,825.06,113.75,213.65,0.55,192.0,102490.0
1990-12-15 03:00:00+00:00,5.41,37.55,547.15,823.6,123.6,218.85,0.62,209.0,102430.0
1990-12-15 04:00:00+00:00,6.79,32.25,574.55,794.29,126.35,224.1,0.55,239.0,102310.0
1990-12-15 05:00:00+00:00,7.72,31.25,535.4,735.35,122.45,227.75,0.48,262.0,102170.0
1990-12-15 06:00:00+00:00,8.33,30.15,433.7,636.85,111.25,231.45,0.28,275.0,102070.0
1990-12-15 07:00:00+00:00,8.4,31.4,285.0,482.6,90.85,234.35,0.76,315.0,101940.0
1990-12-15 08:00:00+00:00,8.24,31.4,116.05,241.04,54.2,235.3,0.48,322.0,101940.0
1990-12-15 09:00:00+00:00,7.56,43.0,6.95,15.79,5.7,234.75,0.41,102.0,101960.0
1990-12-15 10:00:00+00:00,5.42,46.0,0.0,0.0,0.0,233.0,1.1,129.0,102030.0
1990-12-15 11:00:00+00:00,2.6,53.25,0.0,0.0,0.0,232.6,1.66,142.0,102060.0
1990-12-15 12:00:00+00:00,0.72,59.7,0.0,0.0,0.0,237.85,2.0,157.0,102100.0
1990-12-15 13:00:00+00:00,-0.33,64.45,0.0,0.0,0.0,237.65,2.07,170.0,102130.0
1990-12-15 14:00:00+00:00,-1.11,69.65,0.0,0.0,0.0,231.65,2.14,179.0,102150.0
1990-12-15 15:00:00+00:00,-1.71,75.35,0.0,0.0,0.0,229.15,2.14,182.0,102140.0
1990-12-15 16:00:00+00:00,-2.01,78.35,0.0,0.0,0.0,229.5,2.0,182.0,102120.0
1990-12-15 17:00:00+00:00,-1.99,78.35,0.0,0.0,0.0,235.5,1.79,180.0,102060.0
1990-12-15 18:00:00+00:00,-2.34,78.35,0.0,0.0,0.0,225.65,1.72,177.0,102030.0
1990-12-15 19:00:00+00:00,-1.76,75.35,0.0,0.0,0.0,223.15,1.24,181.0,102020.0
1990-12-15 20:00:00+00:00,-1.35,72.5,0.0,0.0,0.0,222.15,1.03,185.0,101990.0
1990-12-15 21:00:00+00:00,-0.93,72.6,0.0,0.0,0.0,222.55,0.69,181.0,101970.0
1990-12-15 22:00:00+00:00,-1.11,75.45,0.0,0.0,0.0,221.0,0.48,179.0,102000.0
1990-12-15 23:00:00+00:00,-1.23,75.45,0.0,0.0,0.0,221.95,0.34,190.0,102040.0
1990-12-16 00:00:00+00:00,-1.27,75.45,135.7,776.24,60.9,221.95,0.28,220.0,102090.0
1990-12-16 01:00:00+00:00,0.49,75.7,303.35,771.98,93.95,225.0,0.21,247.0,102160.0
1990-12-16 02:00:00+00:00,4.01,62.7,445.0,803.41,112.9,229.5,0.28,238.0,102200.0
1990-12-16 03:00:00+00:00,6.61,52.1,527.45,786.54,123.95,234.55,0.41,234.0,102160.0
1990-12-16 04:00:00+00:00,8.4,46.8,543.55,736.7,128.5,240.35,0.34,260.0,102050.0
1990-12-16 05:00:00+00:00,9.6,41.85,524.85,717.89,122.05,244.6,0.41,298.0,101940.0
1990-12-16 06:00:00+00:00,10.44,37.45,423.4,617.87,110.6,248.1,0.62,315.0,101850.0
1990-12-16 07:00:00+00:00,10.65,37.45,277.95,465.57,90.5,252.95,0.76,334.0,101760.0
1990-12-16 08:00:00+00:00,10.51,38.95,113.7,232.25,53.95,253.5,0.76,344.0,101800.0
1990-12-16 09:00:00+00:00,9.69,43.7,7.1,15.61,5.85,251.6,0.76,23.0,101850.0
1990-12-16 10:00:00+00:00,8.37,46.8,0.0,0.0,0.0,246.75,0.69,51.0,101920.0
1990-12-16 11:00:00+00:00,7.17,48.4,0.0,0.0,0.0,244.4,0.69,82.0,101980.0
1990-12-16 12:00:00+00:00,5.94,54.05,0.0,0.0,0.0,242.65,0.69,117.0,102030.0
1990-12-16 13:00:00+00:00,4.84,58.2,0.0,0.0,0.0,240.75,0.62,143.0,102090.0
1990-12-16 14:00:00+00:00,3.9,62.7,0.0,0.0,0.0,239.0,0.21,163.0,102160.0
1990-12-16 15:00:00+00:00,3.03,67.6,0.0,0.0,0.0,237.45,0.83,334.0,102220.0
1990-12-16 16:00:00+00:00,-1.26,81.7,0.0,0.0,0.0,235.7,1.93,344.0,102290.0
1990-12-16 17:00:00+00:00,-1.84,81.65,0.0,0.0,0.0,233.2,2.28,343.0,102350.0
1990-12-16 18:00:00+00:00,-1.86,81.65,0.0,0.0,0.0,229.15,2.48,339.0,102400.0
1990-12-16 19:00:00+00:00,-1.78,78.45,0.0,0.0,0.0,225.25,2.48,336.0,102520.0
1990-12-16 20:00:00+00:00,-1.82,72.4,0.0,0.0,0.0,222.55,2.62,339.0,102510.0
1990-12-16 21:00:00+00:00,-1.79,66.8,0.0,0.0,0.0,220.2,2.69,344.0,102560.0
1990-12-16 22:00:00+00:00,-1.89,59.1,0.0,0.0,0.0,215.0,2.76,349.0,102600.0
1990-12-16 23:00:00+00:00,-2.15,56.6,0.0,0.0,0.0,211.15,2.69,354.0,102690.0
1990-12-17 00:00:00+00:00,-2.41,56.6,139.75,835.69,60.8,206.1,2.48,359.0,102780.0
1990-12-17 01:00:00+00:00,0.19,54.95,313.3,810.34,94.9,205.05,2.07,4.0,102850.0
1990-12-17 02:00:00+00:00,3.5,41.85,459.8,840.06,113.8,206.5,2.55,8.0,102900.0
1990-12-17 03:00:00+00:00,5.69,32.0,553.05,838.44,123.9,209.95,3.03,13.0,102910.0
1990-12-17 04:00:00+00:00,7.14,24.25,582.0,809.08,126.8,213.85,3.52,20.0,102830.0
1990-12-17 05:00:00+00:00,7.66,18.9,544.0,751.08,122.85,216.35,3.79,28.0,102730.0
1990-12-17 06:00:00+00:00,7.78,19.75,442.95,654.26,111.7,217.9,3.52,32.0,102650.0
1990-12-17 07:00:00+00:00,7.71,19.75,292.9,499.44,91.6,220.4,3.1,42.0,102620.0
1990-12-17 08:00:00+00:00,7.19,20.45,121.3,255.6,55.35,220.4,2.83,49.0,102630.0
1990-12-17 09:00:00+00:00,5.61,27.05,7.7,19.12,6.15,219.05,2.14,54.0,102600.0
1990-12-17 10:00:00+00:00,3.43,34.0,0.0,0.0,0.0,215.6,2.34,57.0,102620.0
1990-12-17 11:00:00+00:00,1.78,36.7,0.0,0.0,0.0,214.05,2.21,66.0,102620.0
1990-12-17 12:00:00+00:00,0.15,44.75,0.0,0.0,0.0,212.1,2.0,76.0,102630.0
1990-12-17 13:00:00+00:00,-1.29,52.35,0.0,0.0,0.0,211.3,1.79,89.0,102630.0
1990-12-17 14:00:00+00:00,-2.02,56.6,0.0,0.0,0.0,210.15,1.72,109.0,102610.0
1990-12-17 15:00:00+00:00,-2.88,58.85,0.0,0.0,0.0,210.15,1.79,132.0,102600.0
1990-12-17 16:00:00+00:00,-3.56,66.35,0.0,0.0,0.0,209.95,1.86,146.0,102560.0
1990-12-17 17:00:00+00:00,-3.93,66.35,0.0,0.0,0.0,210.35,1.86,150.0,102520.0
1990-12-17 18:00:00+00:00,-4.23,69.05,0.0,0.0,0.0,210.75,1.86,144.0,102480.0
1990-12-17 19:00:00+00:00,-4.34,71.95,0.0,0.0,0.0,210.55,1.93,148.0,102400.0
1990-12-17 20:00:00+00:00,-4.43,71.95,0.0,0.0,0.0,210.95,1.93,146.0,102320.0
1990-12-17 21:00:00+00:00,-4.5,74.9,0.0,0.0,0.0,211.5,1.86,146.0,102250.0
1990-12-17 22:00:00+00:00,-4.44,71.95,0.0,0.0,0.0,212.1,1.86,147.0,102210.0
1990-12-17 23:00:00+00:00,-4.26,71.95,0.0,0.0,0.0,212.85,1.79,148.0,102200.0
1990-12-18 00:00:00+00:00,-3.79,69.15,132.6,789.44,59.45,213.85,1.66,151.0,102210.0
1990-12-18 01:00:00+00:00,-0.43,54.8,290.5,710.05,100.3,218.4,1.38,153.0,102210.0
1990-12-18 02:00:00+00:00,2.94,47.15,440.5,800.15,112.05,225.25,1.86,161.0,102210.0
1990-12-18 03:00:00+00:00,4.86,39.0,532.3,803.17,122.05,227.2,2.41,169.0,102140.0
1990-12-18 04:00:00+00:00,6.33,34.9,560.15,775.79,124.2,232.05,2.48,173.0,102000.0
1990-12-18 05:00:00+00:00,7.4,32.4,505.15,679.44,124.35,239.0,2.34,176.0,101830.0
1990-12-18 06:00:00+00:00,8.01,32.55,422.15,616.45,109.95,240.95,2.14,179.0,101730.0
1990-12-18 07:00:00+00:00,8.11,33.9,277.6,468.3,88.6,242.1,1.52,182.0,101610.0
1990-12-18 08:00:00+00:00,8.07,33.9,111.3,227.71,52.35,243.45,1.38,174.0,101610.0
1990-12-18 09:00:00+00:00,7.24,38.1,6.6,15.21,5.35,253.3,1.17,154.0,101600.0
1990-12-18 10:00:00+00:00,5.04,51.7,0.0,0.0,0.0,258.55,1.52,147.0,101620.0
1990-12-18 11:00:00+00:00,2.92,55.45,0.0,0.0,0.0,256.8,1.79,160.0,101600.0
1990-12-18 12:00:00+00:00,1.46,57.45,0.0,0.0,0.0,251.75,2.0,173.0,101580.0
1990-12-18 13:00:00+00:00,0.56,62.0,0.0,0.0,0.0,246.55,1.93,177.0,101610.0
1990-12-18 14:00:00+00:00,0.11,62.0,0.0,0.0,0.0,251.4,1.86,176.0,101600.0
1990-12-18 15:00:00+00:00,-0.43,64.45,0.0,0.0,0.0,246.95,1.79,175.0,101640.0
1990-12-18 16:00:00+00:00,-0.79,67.0,0.0,0.0,0.0,249.45,1.79,175.0,101630.0
1990-12-18 17:00:00+00:00,-1.14,69.65,0.0,0.0,0.0,243.65,1.72,177.0,101600.0
1990-12-18 18:00:00+00:00,-1.38,69.65,0.0,0.0,0.0,240.35,1.59,176.0,101590.0
1990-12-18 19:00:00+00:00,-1.51,75.35,0.0,0.0,0.0,241.5,1.66,177.0,101560.0
1990-12-18 20:00:00+00:00,-1.93,75.35,0.0,0.0,0.0,240.55,1.72,177.0,101540.0
1990-12-18 21:00:00+00:00,-1.97,78.35,0.0,0.0,0.0,244.05,1.66,176.0,101500.0
1990-12-18 22:00:00+00:00,-1.9,78.45,0.0,0.0,0.0,244.05,1.59,173.0,101500.0
1990-12-18 23:00:00+00:00,-1.52,78.45,0.0,0.0,0.0,245.0,1.38,171.0,101530.0
1990-12-19 00:00:00+00:00,-0.56,72.6,123.8,693.98,60.7,242.65,1.1,171.0,101570.0
1990-12-19 01:00:00+00:00,1.31,75.85,289.3,740.87,92.0,241.25,0.62,158.0,101650.0
1990-12-19 02:00:00+00:00,5.01,55.95,429.25,776.66,111.45,243.45,0.55,155.0,101700.0
1990-12-19 03:00:00+00:00,7.39,48.4,520.0,780.84,121.9,248.5,0.41,156.0,101690.0
1990-12-19 04:00:00+00:00,9.24,43.55,549.75,756.26,125.2,253.1,0.21,115.0,101580.0
1990-12-19 05:00:00+00:00,10.59,42.15,514.75,700.14,122.45,257.4,0.41,59.0,101480.0
1990-12-19 06:00:00+00:00,11.39,39.25,420.95,613.66,110.0,259.7,0.97,55.0,101380.0
1990-12-19 07:00:00+00:00,11.22,39.25,281.1,475.36,88.95,259.5,0.97,61.0,101350.0
1990-12-19 08:00:00+00:00,11.03,39.1,116.95,241.88,54.1,257.6,1.24,75.0,101370.0
1990-12-19 09:00:00+00:00,10.01,45.4,7.7,18.59,6.15,255.65,1.66,66.0,101400.0
1990-12-19 10:00:00+00:00,7.88,52.45,0.0,0.0,0.0,252.95,2.07,59.0,101440.0
1990-12-19 11:00:00+00:00,5.54,63.05,0.0,0.0,0.0,254.1,2.0,49.0,101510.0
1990-12-19 12:00:00+00:00,3.45,73.2,0.0,0.0,0.0,249.05,1.79,48.0,101550.0
1990-12-19 13:00:00+00:00,2.45,75.95,0.0,0.0,0.0,246.35,1.59,51.0,101610.0
1990-12-19 14:00:00+00:00,2.15,73.0,0.0,0.0,0.0,254.1,1.38,51.0,101660.0
1990-12-19 15:00:00+00:00,0.94,75.75,0.0,0.0,0.0,246.95,1.52,41.0,101720.0
1990-12-19 16:00:00+00:00,-0.06,81.8,0.0,0.0,0.0,256.4,1.79,25.0,101750.0
1990-12-19 17:00:00+00:00,-0.05,78.65,0.0,0.0,0.0,271.9,1.86,15.0,101790.0
1990-12-19 18:00:00+00:00,0.45,69.95,0.0,0.0,0.0,280.05,2.07,4.0,101810.0
1990-12-19 19:00:00+00:00,1.14,59.8,0.0,0.0,0.0,290.1,2.14,357.0,101860.0
1990-12-19 20:00:00+00:00,1.51,57.45,0.0,0.0,0.0,293.0,2.0,348.0,101860.0
1990-12-19 21:00:00+00:00,1.91,55.3,0.0,0.0,0.0,301.5,2.07,340.0,101870.0
1990-12-19 22:00:00+00:00,1.9,55.3,0.0,0.0,0.0,291.25,2.41,334.0,101890.0
1990-12-19 23:00:00+00:00,2.1,55.3,0.0,0.0,0.0,297.05,2.69,332.0,101970.0
1990-12-20 00:00:00+00:00,2.33,55.3,28.8,0.0,28.8,299.75,2.55,331.0,102060.0
1990-12-20 01:00:00+00:00,2.96,55.45,96.05,43.05,84.65,306.25,2.28,330.0,102150.0
1990-12-20 02:00:00+00:00,4.12,51.55,208.5,114.95,161.6,300.95,2.48,336.0,102230.0
1990-12-20 03:00:00+00:00,5.76,46.1,321.8,262.88,188.0,294.75,2.48,342.0,102270.0
1990-12-20 04:00:00+00:00,7.39,41.3,457.7,489.82,182.95,299.75,2.55,348.0,102190.0
1990-12-20 05:00:00+00:00,9.04,38.55,464.55,524.74,170.55,268.8,3.1,344.0,102090.0
1990-12-20 06:00:00+00:00,10.2,36.0,364.05,395.8,163.35,273.45,3.93,340.0,102000.0
1990-12-20 07:00:00+00:00,9.85,35.85,261.3,370.03,111.45,281.4,3.31,349.0,102010.0
1990-12-20 08:00:00+00:00,9.88,34.45,112.8,207.18,58.75,269.0,3.31,349.0,102060.0
1990-12-20 09:00:00+00:00,8.67,38.55,7.65,14.17,6.45,255.25,2.48,354.0,102160.0
1990-12-20 10:00:00+00:00,6.68,44.6,0.0,0.0,0.0,258.75,2.62,357.0,102250.0
1990-12-20 11:00:00+00:00,5.72,46.1,0.0,0.0,0.0,264.95,2.9,353.0,102350.0
1990-12-20 12:00:00+00:00,4.94,45.85,0.0,0.0,0.0,251.0,3.59,351.0,102460.0
1990-12-20 13:00:00+00:00,4.22,42.15,0.0,0.0,0.0,237.65,3.86,353.0,102570.0
1990-12-20 14:00:00+00:00,3.3,40.15,0.0,0.0,0.0,228.15,3.38,356.0,102650.0
1990-12-20 15:00:00+00:00,2.23,39.9,0.0,0.0,0.0,225.25,2.76,360.0,102690.0
1990-12-20 16:00:00+00:00,1.19,41.45,0.0,0.0,0.0,226.6,2.41,2.0,102700.0
1990-12-20 17:00:00+00:00,0.13,46.6,0.0,0.0,0.0,222.15,2.21,7.0,102720.0
1990-12-20 18:00:00+00:00,-0.73,48.3,0.0,0.0,0.0,218.1,2.28,360.0,102750.0
1990-12-20 19:00:00+00:00,-1.43,48.15,0.0,0.0,0.0,215.95,2.21,356.0,102800.0
1990-12-20 20:00:00+00:00,-2.01,49.95,0.0,0.0,0.0,212.5,2.55,341.0,102830.0
1990-12-20 21:00:00+00:00,-1.69,44.15,0.0,0.0,0.0,209.4,3.03,336.0,102850.0
1990-12-20 22:00:00+00:00,-0.83,34.45,0.0,0.0,0.0,206.3,3.72,332.0,102870.0
1990-12-20 23:00:00+00:00,0.47,26.85,0.0,0.0,0.0,203.95,5.03,329.0,102950.0
1990-12-21 00:00:00+00:00,1.03,22.65,134.7,869.51,58.45,202.6,5.24,332.0,103040.0
1990-12-21 01:00:00+00:00,2.12,23.95,308.6,818.73,92.9,201.35,4.76,338.0,103140.0
1990-12-21 02:00:00+00:00,3.25,20.3,456.5,846.77,111.95,201.85,6.55,341.0,103220.0
1990-12-21 03:00:00+00:00,3.91,19.55,552.75,847.24,122.15,203.2,7.31,335.0,103200.0
1990-12-21 04:00:00+00:00,4.5,18.85,585.3,820.49,125.35,203.6,7.24,332.0,103100.0
1990-12-21 05:00:00+00:00,4.96,19.0,549.95,764.17,121.75,204.75,6.97,332.0,102950.0
1990-12-21 06:00:00+00:00,5.32,19.1,450.2,668.21,111.05,206.3,6.48,333.0,102850.0
1990-12-21 07:00:00+00:00,5.83,18.4,301.05,516.26,91.55,210.55,5.93,334.0,102700.0
1990-12-21 08:00:00+00:00,5.58,19.1,128.1,273.06,56.55,211.5,5.24,337.0,102640.0
1990-12-21 09:00:00+00:00,4.61,21.65,9.2,25.57,7.0,211.5,3.59,345.0,102640.0
1990-12-21 10:00:00+00:00,2.62,26.25,0.0,0.0,0.0,210.35,2.76,354.0,102600.0
1990-12-21 11:00:00+00:00,1.19,29.55,0.0,0.0,0.0,208.8,2.41,355.0,102590.0
1990-12-21 12:00:00+00:00,0.02,36.1,0.0,0.0,0.0,208.05,2.14,348.0,102560.0
1990-12-21 13:00:00+00:00,-1.38,48.15,0.0,0.0,0.0,208.05,1.59,334.0,102520.0
1990-12-21 14:00:00+00:00,0.14,37.8,0.0,0.0,0.0,209.0,0.83,301.0,102480.0
1990-12-21 15:00:00+00:00,-0.79,42.6,0.0,0.0,0.0,210.95,0.97,214.0,102410.0
1990-12-21 16:00:00+00:00,-4.17,66.25,0.0,0.0,0.0,211.3,1.93,191.0,102370.0
1990-12-21 17:00:00+00:00,-4.45,69.05,0.0,0.0,0.0,212.3,2.07,187.0,102290.0
1990-12-21 18:00:00+00:00,-4.46,66.25,0.0,0.0,0.0,211.5,2.07,190.0,102230.0
1990-12-21 19:00:00+00:00,-4.45,71.95,0.0,0.0,0.0,211.9,1.66,215.0,102120.0
1990-12-21 20:00:00+00:00,-4.59,78.0,0.0,0.0,0.0,212.3,1.45,199.0,102040.0
1990-12-21 21:00:00+00:00,-4.54,81.25,0.0,0.0,0.0,213.25,1.31,182.0,101980.0
1990-12-21 22:00:00+00:00,-4.84,81.25,0.0,0.0,0.0,214.4,1.38,174.0,101900.0
1990-12-21 23:00:00+00:00,-5.06,81.2,0.0,0.0,0.0,214.6,1.52,170.0,101880.0
1990-12-22 00:00:00+00:00,-4.67,78.0,130.45,850.36,57.15,215.0,1.72,168.0,101880.0
1990-12-22 01:00:00+00:00,-0.71,59.35,301.4,801.01,91.4,217.25,1.66,162.0,101870.0
1990-12-22 02:00:00+00:00,3.03,47.15,448.05,832.34,110.2,220.2,2.21,164.0,101840.0
1990-12-22 03:00:00+00:00,5.71,39.25,543.0,832.84,120.25,225.25,2.41,170.0,101770.0
1990-12-22 04:00:00+00:00,8.02,35.3,575.05,805.94,123.45,230.1,2.55,173.0,101610.0
1990-12-22 05:00:00+00:00,9.79,31.8,540.3,748.41,120.8,235.15,2.69,174.0,101450.0
1990-12-22 06:00:00+00:00,10.93,29.6,442.7,654.26,110.25,239.75,2.83,177.0,101330.0
1990-12-22 07:00:00+00:00,11.19,29.75,295.9,504.86,90.55,242.85,2.83,178.0,101230.0
1990-12-22 08:00:00+00:00,10.88,32.1,126.15,267.02,55.85,244.8,2.83,168.0,101160.0
1990-12-22 09:00:00+00:00,9.02,38.55,9.3,25.72,7.05,244.6,2.76,159.0,101140.0
1990-12-22 10:00:00+00:00,6.59,44.45,0.0,0.0,0.0,241.9,3.1,162.0,101120.0
1990-12-22 11:00:00+00:00,5.32,47.85,0.0,0.0,0.0,240.55,3.17,168.0,101120.0
1990-12-22 12:00:00+00:00,4.46,53.65,0.0,0.0,0.0,239.95,3.17,172.0,101110.0
1990-12-22 13:00:00+00:00,3.78,55.7,0.0,0.0,0.0,239.75,3.17,174.0,101080.0
1990-12-22 14:00:00+00:00,3.16,60.15,0.0,0.0,0.0,240.15,3.1,175.0,101070.0
1990-12-22 15:00:00+00:00,2.5,67.5,0.0,0.0,0.0,241.7,2.9,177.0,101050.0
1990-12-22 16:00:00+00:00,1.73,70.2,0.0,0.0,0.0,240.55,2.69,178.0,101010.0
1990-12-22 17:00:00+00:00,0.94,78.8,0.0,0.0,0.0,239.6,2.48,179.0,100990.0
1990-12-22 18:00:00+00:00,0.07,81.9,0.0,0.0,0.0,238.6,2.14,178.0,100980.0
1990-12-22 19:00:00+00:00,-0.66,88.45,0.0,0.0,0.0,238.4,1.86,174.0,100930.0
1990-12-22 20:00:00+00:00,-1.21,88.4,0.0,0.0,0.0,237.25,1.66,180.0,100940.0
1990-12-22 21:00:00+00:00,-1.51,88.35,0.0,0.0,0.0,236.5,1.52,184.0,100960.0
1990-12-22 22:00:00+00:00,-1.69,88.35,0.0,0.0,0.0,235.5,1.45,186.0,100990.0
1990-12-22 23:00:00+00:00,-1.5,88.35,0.0,0.0,0.0,236.1,1.38,183.0,101010.0
1990-12-23 00:00:00+00:00,-0.86,85.05,118.35,626.28,65.25,239.95,1.17,185.0,101090.0
1990-12-23 01:00:00+00:00,1.27,85.25,279.45,663.67,106.25,242.6,0.76,169.0,101150.0
1990-12-23 02:00:00+00:00,5.46,68.1,407.45,645.55,146.0,246.75,0.76,165.0,101180.0
1990-12-23 03:00:00+00:00,8.15,56.8,499.55,673.48,158.05,256.4,0.55,170.0,101180.0
1990-12-23 04:00:00+00:00,10.37,49.2,545.5,719.01,142.7,260.85,0.07,295.0,101090.0
1990-12-23 05:00:00+00:00,12.2,41.1,523.05,714.86,122.15,264.75,0.62,326.0,100990.0
1990-12-23 06:00:00+00:00,13.44,38.15,391.65,451.92,161.7,264.35,1.31,327.0,100930.0
1990-12-23 07:00:00+00:00,13.97,35.45,236.75,223.77,145.5,277.5,1.86,342.0,100880.0
1990-12-23 08:00:00+00:00,13.61,38.15,97.85,70.67,79.15,285.45,1.59,358.0,100940.0
1990-12-23 09:00:00+00:00,12.31,42.7,7.9,2.25,7.7,289.7,2.0,31.0,100990.0
1990-12-23 10:00:00+00:00,9.93,49.05,0.0,0.0,0.0,284.85,2.41,53.0,101030.0
1990-12-23 11:00:00+00:00,8.05,56.7,0.0,0.0,0.0,275.6,2.14,51.0,101100.0
1990-12-23 12:00:00+00:00,6.52,63.25,0.0,0.0,0.0,278.3,1.86,43.0,101180.0
1990-12-23 13:00:00+00:00,5.28,68.1,0.0,0.0,0.0,266.1,1.66,28.0,101240.0
1990-12-23 14:00:00+00:00,4.32,70.6,0.0,0.0,0.0,256.4,1.66,13.0,101290.0
1990-12-23 15:00:00+00:00,2.94,76.0,0.0,0.0,0.0,260.5,1.86,4.0,101350.0
1990-12-23 16:00:00+00:00,1.91,75.95,0.0,0.0,0.0,260.85,2.07,10.0,101350.0
1990-12-23 17:00:00+00:00,1.37,72.95,0.0,0.0,0.0,262.4,2.14,7.0,101390.0
1990-12-23 18:00:00+00:00,0.95,72.85,0.0,0.0,0.0,263.0,2.07,10.0,101400.0
1990-12-23 19:00:00+00:00,2.19,64.9,0.0,0.0,0.0,276.55,1.66,3.0,101310.0
1990-12-23 20:00:00+00:00,1.79,62.35,0.0,0.0,0.0,280.05,1.72,352.0,101270.0
1990-12-23 21:00:00+00:00,1.81,64.9,0.0,0.0,0.0,288.75,1.66,339.0,101250.0
1990-12-23 22:00:00+00:00,1.41,67.4,0.0,0.0,0.0,282.35,1.86,333.0,101250.0
1990-12-23 23:00:00+00:00,1.53,67.4,0.0,0.0,0.0,288.35,1.93,334.0,101290.0
1990-12-24 00:00:00+00:00,1.71,64.9,74.75,94.06,66.9,287.55,1.86,334.0,101340.0
1990-12-24 01:00:00+00:00,3.67,65.2,164.8,102.55,138.15,288.25,1.66,338.0,101380.0
1990-12-24 02:00:00+00:00,6.12,48.15,258.9,115.16,212.35,293.95,1.79,341.0,101380.0
1990-12-24 03:00:00+00:00,7.69,44.85,347.15,222.44,234.45,304.05,1.86,338.0,101350.0
1990-12-24 04:00:00+00:00,9.14,40.25,375.4,268.39,225.05,307.3,2.0,333.0,101260.0
1990-12-24 05:00:00+00:00,10.14,38.85,339.0,184.6,235.4,303.25,2.0,334.0,101140.0
1990-12-24 06:00:00+00:00,10.59,37.45,424.4,607.71,114.7,296.1,1.79,335.0,101060.0
1990-12-24 07:00:00+00:00,11.91,33.7,282.3,468.9,90.55,261.85,0.97,336.0,100920.0
1990-12-24 08:00:00+00:00,11.79,33.7,120.7,238.88,57.15,262.4,0.9,351.0,100940.0
1990-12-24 09:00:00+00:00,10.96,39.1,9.6,25.93,7.25,259.5,0.83,10.0,100960.0
1990-12-24 10:00:00+00:00,9.62,43.55,0.0,0.0,0.0,256.4,0.55,14.0,100980.0
1990-12-24 11:00:00+00:00,8.7,43.4,0.0,0.0,0.0,255.45,0.07,175.0,101020.0
1990-12-24 12:00:00+00:00,7.75,46.65,0.0,0.0,0.0,253.9,0.9,207.0,101030.0
1990-12-24 13:00:00+00:00,5.72,56.2,0.0,0.0,0.0,254.3,1.24,218.0,101060.0
1990-12-24 14:00:00+00:00,4.52,62.8,0.0,0.0,0.0,257.75,1.38,220.0,101080.0
1990-12-24 15:00:00+00:00,3.36,67.7,0.0,0.0,0.0,263.95,1.45,213.0,101100.0
1990-12-24 16:00:00+00:00,2.19,73.0,0.0,0.0,0.0,255.65,1.52,205.0,101090.0
1990-12-24 17:00:00+00:00,1.21,75.85,0.0,0.0,0.0,251.75,1.59,196.0,101070.0
1990-12-24 18:00:00+00:00,0.65,78.8,0.0,0.0,0.0,251.0,1.52,191.0,101090.0
1990-12-24 19:00:00+00:00,0.76,78.8,0.0,0.0,0.0,249.05,1.31,191.0,101070.0
1990-12-24 20:00:00+00:00,0.66,78.8,0.0,0.0,0.0,246.75,1.24,192.0,101050.0
1990-12-24 21:00:00+00:00,0.77,78.8,0.0,0.0,0.0,245.2,1.1,192.0,101060.0
1990-12-24 22:00:00+00:00,1.4,78.9,0.0,0.0,0.0,243.85,0.76,199.0,101070.0
1990-12-24 23:00:00+00:00,1.12,75.85,0.0,0.0,0.0,242.3,0.41,230.0,101130.0
1990-12-25 00:00:00+00:00,0.95,78.8,122.65,830.13,54.4,240.55,0.34,305.0,101200.0
1990-12-25 01:00:00+00:00,2.94,76.0,289.95,776.48,88.95,242.0,0.34,329.0,101290.0
1990-12-25 02:00:00+00:00,6.67,63.35,435.0,810.37,108.0,244.8,0.69,334.0,101340.0
1990-12-25 03:00:00+00:00,9.75,51.0,530.15,811.82,119.1,249.85,1.24,331.0,101340.0
1990-12-25 04:00:00+00:00,12.09,44.2,564.3,788.08,122.75,254.85,1.86,330.0,101240.0
1990-12-25 05:00:00+00:00,13.74,38.3,532.0,730.62,121.6,259.7,2.48,334.0,101150.0
1990-12-25 06:00:00+00:00,14.6,32.95,432.0,613.59,118.75,261.25,2.83,339.0,101060.0
1990-12-25 07:00:00+00:00,14.42,29.25,294.1,495.02,91.05,265.1,2.69,352.0,101020.0
1990-12-25 08:00:00+00:00,14.0,31.55,128.45,270.42,56.1,263.75,1.93,10.0,101050.0
1990-12-25 09:00:00+00:00,12.57,36.55,10.3,27.08,7.8,259.1,2.0,50.0,101110.0
1990-12-25 10:00:00+00:00,9.99,43.7,0.0,0.0,0.0,258.55,2.48,68.0,101160.0
1990-12-25 11:00:00+00:00,7.73,50.45,0.0,0.0,0.0,260.1,2.14,79.0,101230.0
1990-12-25 12:00:00+00:00,5.9,60.75,0.0,0.0,0.0,261.05,1.66,91.0,101270.0
1990-12-25 13:00:00+00:00,5.17,60.65,0.0,0.0,0.0,262.6,1.38,97.0,101320.0
1990-12-25 14:00:00+00:00,4.87,60.5,0.0,0.0,0.0,262.4,1.31,98.0,101370.0
1990-12-25 15:00:00+00:00,4.2,58.05,0.0,0.0,0.0,250.8,1.31,97.0,101390.0
1990-12-25 16:00:00+00:00,3.7,57.95,0.0,0.0,0.0,247.3,1.17,93.0,101400.0
1990-12-25 17:00:00+00:00,3.25,57.8,0.0,0.0,0.0,242.85,1.1,87.0,101420.0
1990-12-25 18:00:00+00:00,2.97,60.05,0.0,0.0,0.0,247.1,0.97,58.0,101430.0
1990-12-25 19:00:00+00:00,0.79,64.65,0.0,0.0,0.0,241.7,1.45,12.0,101410.0
1990-12-25 20:00:00+00:00,-0.55,72.6,0.0,0.0,0.0,239.2,1.66,5.0,101430.0
1990-12-25 21:00:00+00:00,-1.14,75.45,0.0,0.0,0.0,248.3,1.66,359.0,101450.0
1990-12-25 22:00:00+00:00,-1.7,78.45,0.0,0.0,0.0,241.5,1.66,357.0,101470.0
1990-12-25 23:00:00+00:00,-1.59,78.45,0.0,0.0,0.0,245.95,1.52,353.0,101540.0
1990-12-26 00:00:00+00:00,-1.01,75.45,86.4,260.92,65.25,254.65,1.24,347.0,101630.0
1990-12-26 01:00:00+00:00,1.54,75.85,206.9,270.99,137.0,280.35,0.83,350.0,101700.0
1990-12-26 02:00:00+00:00,4.67,51.7,296.5,239.37,200.05,273.45,0.69,350.0,101740.0
1990-12-26 03:00:00+00:00,6.91,44.6,315.85,178.71,225.4,293.2,0.62,347.0,101730.0
1990-12-26 04:00:00+00:00,8.29,39.95,232.75,71.81,192.5,292.05,0.76,352.0,101640.0
1990-12-26 05:00:00+00:00,8.86,38.55,271.7,67.66,233.65,310.2,0.9,5.0,101520.0
1990-12-26 06:00:00+00:00,9.68,35.85,223.8,68.91,188.55,305.75,0.9,20.0,101440.0
1990-12-26 07:00:00+00:00,9.89,34.45,157.15,84.44,122.4,306.55,0.97,15.0,101480.0
1990-12-26 08:00:00+00:00,9.9,35.85,78.2,41.98,66.9,304.05,0.83,29.0,101500.0
1990-12-26 09:00:00+00:00,9.54,41.85,8.45,8.5,7.65,304.8,0.62,5.0,101540.0
1990-12-26 10:00:00+00:00,8.47,46.8,0.0,0.0,0.0,287.0,0.69,330.0,101610.0
1990-12-26 11:00:00+00:00,7.71,46.65,0.0,0.0,0.0,297.45,0.83,325.0,101680.0
1990-12-26 12:00:00+00:00,7.18,46.55,0.0,0.0,0.0,270.35,0.83,327.0,101730.0
1990-12-26 13:00:00+00:00,6.0,54.05,0.0,0.0,0.0,282.35,0.9,351.0,101760.0
1990-12-26 14:00:00+00:00,4.57,60.4,0.0,0.0,0.0,252.55,0.97,30.0,101810.0
1990-12-26 15:00:00+00:00,3.3,65.1,0.0,0.0,0.0,244.8,0.97,49.0,101840.0
1990-12-26 16:00:00+00:00,2.41,73.0,0.0,0.0,0.0,243.05,1.03,34.0,101830.0
1990-12-26 17:00:00+00:00,0.96,75.75,0.0,0.0,0.0,245.75,1.31,18.0,101850.0
1990-12-26 18:00:00+00:00,-0.3,81.8,0.0,0.0,0.0,245.0,1.52,16.0,101840.0
1990-12-26 19:00:00+00:00,-0.94,81.75,0.0,0.0,0.0,239.2,1.45,14.0,101810.0
1990-12-26 20:00:00+00:00,-1.29,85.0,0.0,0.0,0.0,235.5,1.38,2.0,101770.0
1990-12-26 21:00:00+00:00,-2.37,88.3,0.0,0.0,0.0,234.55,1.72,352.0,101800.0
1990-12-26 22:00:00+00:00,-2.64,91.85,0.0,0.0,0.0,235.5,1.86,348.0,101830.0
1990-12-26 23:00:00+00:00,-2.75,88.25,0.0,0.0,0.0,235.3,1.86,346.0,101880.0
1990-12-27 00:00:00+00:00,-2.6,91.85,112.55,575.08,66.55,237.65,1.66,342.0,101960.0
1990-12-27 01:00:00+00:00,0.56,81.95,265.15,577.33,116.7,240.45,1.38,345.0,102010.0
1990-12-27 02:00:00+00:00,4.01,73.3,403.65,637.49,147.1,253.15,1.45,352.0,102040.0
1990-12-27 03:00:00+00:00,6.37,65.75,466.25,524.39,200.9,256.05,1.38,359.0,102030.0
1990-12-27 04:00:00+00:00,8.05,61.2,480.8,473.34,215.35,267.45,1.24,4.0,101910.0
1990-12-27 05:00:00+00:00,9.24,52.85,451.4,440.27,203.5,275.75,1.24,9.0,101780.0
1990-12-27 06:00:00+00:00,9.99,49.05,370.6,369.27,181.3,272.5,1.38,28.0,101650.0
1990-12-27 07:00:00+00:00,9.74,51.0,275.0,392.76,112.8,273.25,1.59,36.0,101570.0
1990-12-27 08:00:00+00:00,9.75,49.05,108.45,111.31,78.3,268.8,1.45,49.0,101550.0
1990-12-27 09:00:00+00:00,9.13,54.8,9.95,16.15,8.4,267.25,0.83,43.0,101610.0
1990-12-27 10:00:00+00:00,7.26,68.5,0.0,0.0,0.0,265.1,0.97,19.0,101630.0
1990-12-27 11:00:00+00:00,5.02,76.3,0.0,0.0,0.0,270.35,1.66,25.0,101650.0
1990-12-27 12:00:00+00:00,3.46,85.4,0.0,0.0,0.0,265.3,1.79,35.0,101650.0
1990-12-27 13:00:00+00:00,2.21,88.65,0.0,0.0,0.0,253.5,1.79,42.0,101670.0
1990-12-27 14:00:00+00:00,1.6,85.3,0.0,0.0,0.0,257.4,1.79,47.0,101690.0
1990-12-27 15:00:00+00:00,0.99,88.55,0.0,0.0,0.0,253.5,1.79,46.0,101690.0
1990-12-27 16:00:00+00:00,1.43,88.6,0.0,0.0,0.0,279.05,1.45,38.0,101680.0
1990-12-27 17:00:00+00:00,1.78,88.65,0.0,0.0,0.0,296.3,1.24,20.0,101660.0
1990-12-27 18:00:00+00:00,1.34,92.05,0.0,0.0,0.0,289.1,1.45,1.0,101640.0
1990-12-27 19:00:00+00:00,1.28,92.05,0.0,0.0,0.0,281.6,1.45,1.0,101600.0
1990-12-27 20:00:00+00:00,1.69,92.1,0.0,0.0,0.0,303.85,1.38,356.0,101530.0
1990-12-27 21:00:00+00:00,1.72,92.1,0.0,0.0,0.0,293.75,1.79,348.0,101490.0
1990-12-27 22:00:00+00:00,1.84,92.1,0.0,0.0,0.0,298.6,1.79,342.0,101480.0
1990-12-27 23:00:00+00:00,1.22,92.05,0.0,0.0,0.0,274.05,1.79,335.0,101540.0
1990-12-28 00:00:00+00:00,0.92,95.65,84.3,424.65,50.75,271.5,1.59,329.0,101580.0
1990-12-28 01:00:00+00:00,2.62,88.65,220.3,460.59,102.2,279.95,1.45,330.0,101640.0
1990-12-28 02:00:00+00:00,4.52,79.2,357.15,552.16,135.15,266.85,1.45,333.0,101670.0
1990-12-28 03:00:00+00:00,6.47,70.95,505.25,729.61,136.05,272.1,1.24,342.0,101680.0
1990-12-28 04:00:00+00:00,8.29,63.7,515.55,668.81,140.2,268.6,1.03,357.0,101580.0
1990-12-28 05:00:00+00:00,9.36,59.25,508.35,693.48,117.3,262.4,0.69,36.0,101440.0
1990-12-28 06:00:00+00:00,10.15,55.15,434.75,636.37,107.75,263.75,0.69,85.0,101320.0
1990-12-28 07:00:00+00:00,10.38,53.1,289.15,477.55,91.2,265.5,0.76,103.0,101280.0
1990-12-28 08:00:00+00:00,10.32,53.1,127.35,255.83,57.6,266.3,0.76,93.0,101280.0
1990-12-28 09:00:00+00:00,9.79,55.05,11.55,31.15,8.5,266.1,0.83,72.0,101340.0
1990-12-28 10:00:00+00:00,8.11,66.05,0.0,0.0,0.0,261.25,1.17,56.0,101360.0
1990-12-28 11:00:00+00:00,5.78,76.5,0.0,0.0,0.0,258.75,1.45,56.0,101420.0
1990-12-28 12:00:00+00:00,4.31,82.3,0.0,0.0,0.0,257.95,1.52,62.0,101460.0
1990-12-28 13:00:00+00:00,3.82,82.25,0.0,0.0,0.0,256.4,1.31,74.0,101480.0
1990-12-28 14:00:00+00:00,3.92,82.25,0.0,0.0,0.0,254.85,1.03,82.0,101520.0
1990-12-28 15:00:00+00:00,3.68,82.25,0.0,0.0,0.0,254.85,0.83,75.0,101560.0
1990-12-28 16:00:00+00:00,3.09,82.2,0.0,0.0,0.0,252.15,0.83,48.0,101560.0
1990-12-28 17:00:00+00:00,1.81,85.3,0.0,0.0,0.0,251.2,1.1,24.0,101520.0
1990-12-28 18:00:00+00:00,0.15,88.5,0.0,0.0,0.0,251.0,1.45,13.0,101540.0
1990-12-28 19:00:00+00:00,-0.64,91.95,0.0,0.0,0.0,249.05,1.45,357.0,101600.0
1990-12-28 20:00:00+00:00,-1.09,95.6,0.0,0.0,0.0,245.95,1.52,348.0,101600.0
1990-12-28 21:00:00+00:00,-1.52,95.6,0.0,0.0,0.0,244.8,1.66,338.0,101600.0
1990-12-28 22:00:00+00:00,-1.68,95.6,0.0,0.0,0.0,247.9,1.72,336.0,101620.0
1990-12-28 23:00:00+00:00,-1.81,95.6,0.0,0.0,0.0,246.95,1.66,334.0,101640.0
1990-12-29 00:00:00+00:00,-1.66,95.6,110.1,712.43,54.45,247.7,1.52,330.0,101680.0
1990-12-29 01:00:00+00:00,1.13,92.05,274.55,720.72,90.2,246.05,0.97,326.0,101720.0
1990-12-29 02:00:00+00:00,4.66,76.3,408.75,743.45,110.05,250.05,1.03,333.0,101790.0
1990-12-29 03:00:00+00:00,7.03,71.05,510.35,768.77,121.25,262.6,0.97,350.0,101790.0
1990-12-29 04:00:00+00:00,8.89,63.8,492.0,584.87,163.45,261.65,1.03,15.0,101700.0
1990-12-29 05:00:00+00:00,10.06,59.35,477.8,562.65,160.0,272.85,1.17,43.0,101570.0
1990-12-29 06:00:00+00:00,10.99,55.3,221.35,99.97,169.85,281.6,1.38,66.0,101460.0
1990-12-29 07:00:00+00:00,9.96,57.15,145.9,52.14,124.2,330.75,1.66,87.0,101480.0
1990-12-29 08:00:00+00:00,9.93,59.35,59.3,44.62,47.05,329.0,1.72,90.0,101440.0
1990-12-29 09:00:00+00:00,9.67,59.35,4.95,0.5,4.9,336.35,1.17,86.0,101470.0
1990-12-29 10:00:00+00:00,9.01,66.25,0.0,0.0,0.0,329.0,0.69,58.0,101480.0
1990-12-29 11:00:00+00:00,7.99,76.8,0.0,0.0,0.0,325.5,0.83,12.0,101530.0
1990-12-29 12:00:00+00:00,7.23,76.7,0.0,0.0,0.0,328.6,1.17,17.0,101570.0
1990-12-29 13:00:00+00:00,6.82,76.65,0.0,0.0,0.0,328.05,1.45,28.0,101600.0
1990-12-29 14:00:00+00:00,6.84,76.65,0.0,0.0,0.0,334.6,1.59,36.0,101630.0
1990-12-29 15:00:00+00:00,6.57,79.5,0.0,0.0,0.0,326.1,1.66,37.0,101640.0
1990-12-29 16:00:00+00:00,6.55,76.55,0.0,0.0,0.0,332.85,1.72,36.0,101620.0
1990-12-29 17:00:00+00:00,6.41,76.55,0.0,0.0,0.0,329.75,1.79,36.0,101580.0
1990-12-29 18:00:00+00:00,6.33,76.55,0.0,0.0,0.0,333.65,1.72,31.0,101580.0
1990-12-29 19:00:00+00:00,5.68,82.5,0.0,0.0,0.0,327.45,1.66,27.0,101540.0
1990-12-29 20:00:00+00:00,5.46,85.6,0.0,0.0,0.0,329.0,1.72,19.0,101520.0
1990-12-29 21:00:00+00:00,5.08,92.25,0.0,0.0,0.0,328.6,1.72,12.0,101480.0
1990-12-29 22:00:00+00:00,4.93,92.25,0.0,0.0,0.0,328.8,1.79,8.0,101510.0
1990-12-29 23:00:00+00:00,4.77,92.25,0.0,0.0,0.0,326.1,1.86,6.0,101570.0
1990-12-30 00:00:00+00:00,4.67,92.25,30.25,22.64,28.5,326.85,1.86,0.0,101600.0
1990-12-30 01:00:00+00:00,4.94,95.75,91.9,83.05,70.7,328.7,2.0,358.0,101670.0
1990-12-30 02:00:00+00:00,5.38,88.85,130.25,26.89,119.45,325.5,2.55,8.0,101700.0
1990-12-30 03:00:00+00:00,6.07,85.65,177.3,21.53,166.4,328.05,2.55,13.0,101720.0
1990-12-30 04:00:00+00:00,6.69,79.55,169.45,12.71,162.3,330.55,2.48,9.0,101640.0
1990-12-30 05:00:00+00:00,7.04,79.55,109.4,2.21,108.15,334.6,2.69,6.0,101560.0
1990-12-30 06:00:00+00:00,6.95,79.55,74.3,1.65,73.45,333.45,2.76,6.0,101480.0
1990-12-30 07:00:00+00:00,6.3,82.55,72.5,5.86,70.05,332.3,2.97,15.0,101400.0
1990-12-30 08:00:00+00:00,6.21,82.55,29.0,0.0,29.0,333.45,3.1,13.0,101440.0
1990-12-30 09:00:00+00:00,5.84,85.65,1.8,0.0,1.8,332.5,2.9,8.0,101530.0
1990-12-30 10:00:00+00:00,5.38,85.6,0.0,0.0,0.0,332.1,2.76,3.0,101590.0
1990-12-30 11:00:00+00:00,5.05,88.85,0.0,0.0,0.0,329.4,2.76,0.0,101670.0
1990-12-30 12:00:00+00:00,4.8,88.85,0.0,0.0,0.0,329.2,2.76,358.0,101710.0
1990-12-30 13:00:00+00:00,4.6,88.85,0.0,0.0,0.0,328.0,2.62,354.0,101750.0
1990-12-30 14:00:00+00:00,4.44,92.2,0.0,0.0,0.0,326.65,2.48,350.0,101780.0
1990-12-30 15:00:00+00:00,4.33,88.8,0.0,0.0,0.0,326.65,2.41,349.0,101810.0
1990-12-30 16:00:00+00:00,4.22,88.8,0.0,0.0,0.0,326.5,2.55,348.0,101800.0
1990-12-30 17:00:00+00:00,4.12,88.8,0.0,0.0,0.0,326.1,2.62,347.0,101780.0
1990-12-30 18:00:00+00:00,4.03,92.15,0.0,0.0,0.0,324.55,2.62,351.0,101790.0
1990-12-30 19:00:00+00:00,3.31,88.7,0.0,0.0,0.0,320.3,2.48,358.0,101890.0
1990-12-30 20:00:00+00:00,3.06,92.15,0.0,0.0,0.0,311.2,2.21,357.0,101850.0
1990-12-30 21:00:00+00:00,3.02,88.65,0.0,0.0,0.0,316.8,2.21,358.0,101810.0
1990-12-30 22:00:00+00:00,2.68,88.65,0.0,0.0,0.0,299.2,2.14,2.0,101810.0
1990-12-30 23:00:00+00:00,2.11,92.1,0.0,0.0,0.0,277.5,2.07,1.0,101840.0
1990-12-31 00:00:00+00:00,2.17,92.1,57.55,84.21,51.1,290.1,1.86,1.0,101920.0
1990-12-31 01:00:00+00:00,2.71,85.35,130.75,90.45,107.7,299.7,2.55,14.0,101960.0
1990-12-31 02:00:00+00:00,3.42,85.4,264.3,193.88,186.45,303.85,2.41,13.0,102010.0
1990-12-31 03:00:00+00:00,4.66,76.3,335.6,212.46,227.95,309.85,2.28,11.0,102010.0
1990-12-31 04:00:00+00:00,5.89,70.85,394.15,422.72,156.1,312.15,2.48,11.0,101920.0
1990-12-31 05:00:00+00:00,6.83,65.85,365.45,365.41,158.25,296.1,2.34,6.0,101820.0
1990-12-31 06:00:00+00:00,7.39,63.5,289.25,251.97,158.7,295.7,2.07,0.0,101750.0
1990-12-31 07:00:00+00:00,7.47,63.5,189.45,205.5,103.2,296.1,2.0,3.0,101690.0
1990-12-31 08:00:00+00:00,7.47,63.5,88.75,132.67,51.8,297.05,1.93,14.0,101640.0
1990-12-31 09:00:00+00:00,6.96,65.85,10.7,25.44,8.05,282.15,1.59,8.0,101640.0
1990-12-31 10:00:00+00:00,5.94,70.85,0.0,0.0,0.0,287.4,1.79,347.0,101680.0
1990-12-31 11:00:00+00:00,5.05,76.3,0.0,0.0,0.0,284.5,1.79,346.0,101720.0
1990-12-31 12:00:00+00:00,4.46,79.2,0.0,0.0,0.0,287.4,1.59,352.0,101760.0
1990-12-31 13:00:00+00:00,4.09,85.45,0.0,0.0,0.0,295.5,1.38,359.0,101780.0
1990-12-31 14:00:00+00:00,2.92,88.65,0.0,0.0,0.0,263.6,1.52,4.0,101800.0
1990-12-31 15:00:00+00:00,2.23,92.1,0.0,0.0,0.0,274.6,1.31,10.0,101840.0
1990-12-31 16:00:00+00:00,1.02,99.0,0.0,0.0,0.0,301.79,0.88,9.0,101820.0
1990-12-31 17:00:00+00:00,1.22,99.0,0.0,0.0,0.0,296.53,0.92,2.0,101800.0
1990-12-31 18:00:00+00:00,1.42,96.09,0.0,0.0,0.0,291.27,0.96,353.0,101790.0
1990-12-31 19:00:00+00:00,1.61,90.46,0.0,0.0,0.0,286.01,1.0,343.0,101820.0
1990-12-31 20:00:00+00:00,1.81,84.83,0.0,0.0,0.0,280.75,1.03,343.0,101720.0
1990-12-31 21:00:00+00:00,2.01,79.2,0.0,0.0,0.0,275.49,1.07,302.0,101690.0
1990-12-31 22:00:00+00:00,2.21,73.57,0.0,0.0,0.0,270.23,1.11,280.0,101690.0
1990-12-31 23:00:00+00:00,2.4,67.94,0.0,0.0,0.0,264.97,1.15,1.0,101720.0
