time(UTC),temp_air,relative_humidity,ghi,dni,dhi,IR(h),wind_speed,wind_direction,pressure
1990-01-01 00:00:00+00:00,1.35,74.01,96.95,872.51,45.5,248.29,0.98,296.0,101250.0
1990-01-01 01:00:00+00:00,2.0,71.86,241.35,704.64,84.15,249.79,0.86,296.0,101300.0
1990-01-01 02:00:00+00:00,2.66,69.7,359.55,696.56,111.6,251.29,0.74,72.0,101320.0
1990-01-01 03:00:00+00:00,3.32,67.54,439.25,687.04,131.1,252.78,0.63,104.0,101310.0
1990-01-01 04:00:00+00:00,3.98,65.38,462.15,655.56,138.0,254.28,0.51,105.0,101200.0
1990-01-01 05:00:00+00:00,4.63,63.23,390.45,478.34,155.75,255.78,0.39,89.0,101080.0
1990-01-01 06:00:00+00:00,5.29,61.07,221.75,109.41,173.9,257.27,0.27,88.0,101030.0
1990-01-01 07:00:00+00:00,5.95,58.91,133.75,61.35,113.0,258.77,0.16,84.0,101060.0
1990-01-01 08:00:00+00:00,4.8,76.3,46.8,34.51,39.9,286.6,0.76,52.0,101050.0
1990-01-01 09:00:00+00:00,3.54,82.25,0.85,0.0,0.85,284.85,0.9,29.0,101080.0
1990-01-01 10:00:00+00:00,2.13,88.65,0.0,0.0,0.0,278.3,0.83,16.0,101120.0
1990-01-01 11:00:00+00:00,1.47,88.6,0.0,0.0,0.0,284.3,0.76,358.0,101130.0
1990-01-01 12:00:00+00:00,0.44,92.0,0.0,0.0,0.0,285.25,0.97,344.0,101130.0
1990-01-01 13:00:00+00:00,-0.4,95.6,0.0,0.0,0.0,281.95,1.38,338.0,101180.0
1990-01-01 14:00:00+00:00,-0.94,91.95,0.0,0.0,0.0,266.65,1.59,348.0,101220.0
1990-01-01 15:00:00+00:00,-1.21,91.95,0.0,0.0,0.0,262.05,1.66,352.0,101270.0
1990-01-01 16:00:00+00:00,-1.48,91.9,0.0,0.0,0.0,258.95,1.38,338.0,101260.0
1990-01-01 17:00:00+00:00,-1.62,88.35,0.0,0.0,0.0,262.6,1.17,315.0,101290.0
1990-01-01 18:00:00+00:00,-2.05,88.3,0.0,0.0,0.0,256.6,1.17,306.0,101280.0
1990-01-01 19:00:00+00:00,-2.85,88.25,0.0,0.0,0.0,255.45,1.17,292.0,101360.0
1990-01-01 20:00:00+00:00,-3.16,88.25,0.0,0.0,0.0,253.15,1.03,302.0,101320.0
1990-01-01 21:00:00+00:00,-3.37,88.2,0.0,0.0,0.0,254.3,0.9,301.0,101330.0
1990-01-01 22:00:00+00:00,-3.62,84.7,0.0,0.0,0.0,251.2,0.76,300.0,101370.0
1990-01-01 23:00:00+00:00,-3.7,81.4,0.0,0.0,0.0,251.95,0.76,301.0,101430.0
1990-01-02 00:00:00+00:00,-3.36,78.2,81.7,604.19,46.25,252.35,0.69,304.0,101490.0
1990-01-02 01:00:00+00:00,-1.52,75.35,204.9,514.35,90.15,254.0,0.28,343.0,101590.0
1990-01-02 02:00:00+00:00,0.81,67.3,321.5,533.51,131.4,256.2,0.41,46.0,101650.0
1990-01-02 03:00:00+00:00,2.7,65.1,395.65,560.92,143.65,262.4,0.62,64.0,101670.0
1990-01-02 04:00:00+00:00,4.24,65.3,392.15,494.76,146.95,265.3,0.76,72.0,101600.0
1990-01-02 05:00:00+00:00,4.95,65.4,400.9,504.72,152.5,268.4,1.1,93.0,101490.0
1990-01-02 06:00:00+00:00,5.46,65.55,364.55,595.42,103.05,265.7,1.38,109.0,101420.0
1990-01-02 07:00:00+00:00,5.55,65.55,232.55,466.23,73.9,241.15,1.66,137.0,101340.0
1990-01-02 08:00:00+00:00,4.73,70.7,81.05,211.67,38.25,235.9,1.52,139.0,101350.0
1990-01-02 09:00:00+00:00,2.98,76.1,1.4,0.0,1.4,232.4,2.14,149.0,101380.0
1990-01-02 10:00:00+00:00,0.96,85.2,0.0,0.0,0.0,228.75,2.28,178.0,101400.0
1990-01-02 11:00:00+00:00,-0.25,85.1,0.0,0.0,0.0,228.75,2.34,197.0,101400.0
1990-01-02 12:00:00+00:00,-0.94,88.4,0.0,0.0,0.0,228.55,2.28,203.0,101390.0
1990-01-02 13:00:00+00:00,-1.53,88.35,0.0,0.0,0.0,228.95,2.14,209.0,101390.0
1990-01-02 14:00:00+00:00,-2.08,88.3,0.0,0.0,0.0,228.15,2.07,212.0,101340.0
1990-01-02 15:00:00+00:00,-2.45,88.25,0.0,0.0,0.0,229.15,2.0,215.0,101300.0
1990-01-02 16:00:00+00:00,-2.93,91.8,0.0,0.0,0.0,229.7,1.79,218.0,101250.0
1990-01-02 17:00:00+00:00,-3.46,91.8,0.0,0.0,0.0,228.95,1.66,222.0,101190.0
1990-01-02 18:00:00+00:00,-3.89,91.75,0.0,0.0,0.0,229.5,1.52,223.0,101170.0
1990-01-02 19:00:00+00:00,-4.06,88.15,0.0,0.0,0.0,229.15,1.45,224.0,101140.0
1990-01-02 20:00:00+00:00,-4.32,84.65,0.0,0.0,0.0,228.35,1.45,224.0,101080.0
1990-01-02 21:00:00+00:00,-4.54,88.1,0.0,0.0,0.0,227.0,1.45,228.0,101050.0
1990-01-02 22:00:00+00:00,-4.81,84.6,0.0,0.0,0.0,226.2,1.31,230.0,101000.0
1990-01-02 23:00:00+00:00,-5.05,88.05,0.0,0.0,0.0,226.05,1.24,231.0,101040.0
1990-01-03 00:00:00+00:00,-5.1,88.05,101.45,962.72,45.15,225.05,1.1,232.0,101070.0
1990-01-03 01:00:00+00:00,-1.93,81.55,254.3,782.01,79.75,226.9,0.69,238.0,101100.0
1990-01-03 02:00:00+00:00,2.7,67.7,373.35,725.08,114.65,233.4,0.34,210.0,101120.0
1990-01-03 03:00:00+00:00,6.01,58.45,439.6,659.83,142.6,249.45,0.41,131.0,101120.0
1990-01-03 04:00:00+00:00,7.85,50.45,477.65,688.35,135.65,257.6,0.76,124.0,101030.0
1990-01-03 05:00:00+00:00,9.15,48.8,444.45,633.29,131.75,256.4,1.03,115.0,100930.0
1990-01-03 06:00:00+00:00,9.71,48.95,368.65,615.94,96.95,261.25,1.24,109.0,100870.0
1990-01-03 07:00:00+00:00,9.29,50.85,234.4,466.18,74.75,252.35,1.31,121.0,100870.0
1990-01-03 08:00:00+00:00,8.32,59.0,82.15,207.78,39.65,250.4,1.1,110.0,100890.0
1990-01-03 09:00:00+00:00,6.45,65.75,1.55,0.0,1.55,244.4,0.55,112.0,100960.0
1990-01-03 10:00:00+00:00,4.74,73.45,0.0,0.0,0.0,239.95,0.55,239.0,100990.0
1990-01-03 11:00:00+00:00,3.09,79.1,0.0,0.0,0.0,239.6,1.1,251.0,101040.0
1990-01-03 12:00:00+00:00,1.55,82.0,0.0,0.0,0.0,239.95,1.38,254.0,101080.0
1990-01-03 13:00:00+00:00,0.95,78.8,0.0,0.0,0.0,239.95,1.38,267.0,101100.0
1990-01-03 14:00:00+00:00,0.66,78.75,0.0,0.0,0.0,240.75,1.31,283.0,101130.0
1990-01-03 15:00:00+00:00,0.66,78.75,0.0,0.0,0.0,239.75,1.24,300.0,101150.0
1990-01-03 16:00:00+00:00,-0.91,81.7,0.0,0.0,0.0,245.75,1.38,326.0,101170.0
1990-01-03 17:00:00+00:00,-2.25,84.85,0.0,0.0,0.0,257.4,1.59,336.0,101170.0
1990-01-03 18:00:00+00:00,-2.14,84.85,0.0,0.0,0.0,259.5,1.79,349.0,101180.0
1990-01-03 19:00:00+00:00,-1.93,84.85,0.0,0.0,0.0,251.2,2.0,356.0,101200.0
1990-01-03 20:00:00+00:00,-1.97,84.85,0.0,0.0,0.0,254.85,2.0,0.0,101200.0
1990-01-03 21:00:00+00:00,-2.01,81.55,0.0,0.0,0.0,257.95,1.93,1.0,101160.0
1990-01-03 22:00:00+00:00,-2.09,81.55,0.0,0.0,0.0,259.5,1.66,2.0,101170.0
1990-01-03 23:00:00+00:00,-2.02,81.55,0.0,0.0,0.0,262.4,1.38,1.0,101210.0
1990-01-04 00:00:00+00:00,-2.06,81.55,73.4,417.89,49.0,257.6,1.24,355.0,101290.0
1990-01-04 01:00:00+00:00,-0.47,75.55,182.6,326.29,109.7,262.15,1.03,355.0,101350.0
1990-01-04 02:00:00+00:00,1.82,70.2,274.05,337.05,153.6,267.65,1.17,19.0,101380.0
1990-01-04 03:00:00+00:00,3.36,73.3,319.75,259.48,202.7,276.95,1.38,34.0,101380.0
1990-01-04 04:00:00+00:00,4.38,76.25,318.2,240.57,198.35,283.1,1.38,41.0,101310.0
1990-01-04 05:00:00+00:00,5.14,76.3,327.2,323.31,167.0,293.55,1.52,49.0,101210.0
1990-01-04 06:00:00+00:00,5.69,76.4,176.35,56.19,151.45,285.65,1.79,53.0,101140.0
1990-01-04 07:00:00+00:00,3.35,85.45,114.95,41.92,100.5,300.15,1.59,62.0,101120.0
1990-01-04 08:00:00+00:00,2.81,88.7,40.55,4.35,39.65,303.05,1.52,61.0,101160.0
1990-01-04 09:00:00+00:00,1.62,95.65,1.05,0.0,1.05,298.8,1.59,56.0,101230.0
1990-01-04 10:00:00+00:00,0.62,99.4,0.0,0.0,0.0,296.85,1.45,43.0,101270.0
1990-01-04 11:00:00+00:00,0.26,99.4,0.0,0.0,0.0,304.2,1.45,28.0,101330.0
1990-01-04 12:00:00+00:00,-0.01,99.4,0.0,0.0,0.0,306.55,1.38,17.0,101340.0
1990-01-04 13:00:00+00:00,-0.2,99.4,0.0,0.0,0.0,304.05,1.45,9.0,101360.0
1990-01-04 14:00:00+00:00,-0.23,99.4,0.0,0.0,0.0,307.7,1.52,10.0,101390.0
1990-01-04 15:00:00+00:00,-0.17,99.4,0.0,0.0,0.0,309.25,1.59,14.0,101420.0
1990-01-04 16:00:00+00:00,-0.14,99.4,0.0,0.0,0.0,309.85,1.66,14.0,101440.0
1990-01-04 17:00:00+00:00,-0.19,95.6,0.0,0.0,0.0,306.75,1.72,10.0,101430.0
1990-01-04 18:00:00+00:00,-0.25,95.6,0.0,0.0,0.0,302.85,1.93,9.0,101430.0
1990-01-04 19:00:00+00:00,-0.13,99.4,0.0,0.0,0.0,311.95,2.0,13.0,101460.0
1990-01-04 20:00:00+00:00,0.03,99.4,0.0,0.0,0.0,311.4,2.34,8.0,101470.0
1990-01-04 21:00:00+00:00,0.19,95.65,0.0,0.0,0.0,311.55,2.83,8.0,101470.0
1990-01-04 22:00:00+00:00,0.3,95.65,0.0,0.0,0.0,311.2,3.24,10.0,101480.0
1990-01-04 23:00:00+00:00,0.24,92.0,0.0,0.0,0.0,310.05,3.38,13.0,101540.0
1990-01-05 00:00:00+00:00,0.07,95.6,26.0,0.0,26.0,309.65,3.45,13.0,101620.0
1990-01-05 01:00:00+00:00,0.2,88.5,53.4,41.34,44.15,308.8,3.24,11.0,101680.0
1990-01-05 02:00:00+00:00,0.53,88.5,77.25,2.51,76.35,307.3,3.72,11.0,101760.0
1990-01-05 03:00:00+00:00,0.99,85.2,94.1,25.21,82.7,308.3,4.0,10.0,101810.0
1990-01-05 04:00:00+00:00,1.38,82.0,114.2,12.51,107.95,309.45,3.86,9.0,101730.0
1990-01-05 05:00:00+00:00,1.74,82.05,146.5,26.74,133.2,309.05,3.38,9.0,101650.0
1990-01-05 06:00:00+00:00,2.31,79.0,136.8,53.45,113.0,310.6,3.45,10.0,101590.0
1990-01-05 07:00:00+00:00,2.6,76.0,105.6,51.14,87.85,309.05,3.45,10.0,101630.0
1990-01-05 08:00:00+00:00,2.6,76.0,32.15,12.89,29.45,303.85,2.97,15.0,101660.0
1990-01-05 09:00:00+00:00,1.8,78.95,0.85,0.0,0.85,303.65,2.34,18.0,101690.0
1990-01-05 10:00:00+00:00,1.24,82.0,0.0,0.0,0.0,311.2,2.21,15.0,101740.0
1990-01-05 11:00:00+00:00,0.8,85.2,0.0,0.0,0.0,302.1,2.14,11.0,101780.0
1990-01-05 12:00:00+00:00,0.66,92.0,0.0,0.0,0.0,305.95,2.14,6.0,101810.0
1990-01-05 13:00:00+00:00,0.58,92.0,0.0,0.0,0.0,307.7,2.14,2.0,101850.0
1990-01-05 14:00:00+00:00,0.44,92.0,0.0,0.0,0.0,304.8,2.07,358.0,101860.0
1990-01-05 15:00:00+00:00,0.3,92.0,0.0,0.0,0.0,302.1,1.93,356.0,101850.0
1990-01-05 16:00:00+00:00,0.04,92.0,0.0,0.0,0.0,292.05,1.72,351.0,101820.0
1990-01-05 17:00:00+00:00,0.03,92.0,0.0,0.0,0.0,297.85,1.38,350.0,101780.0
1990-01-05 18:00:00+00:00,-0.14,92.0,0.0,0.0,0.0,290.65,1.17,358.0,101750.0
1990-01-05 19:00:00+00:00,-0.39,95.6,0.0,0.0,0.0,274.05,0.69,9.0,101660.0
1990-01-05 20:00:00+00:00,-0.54,91.95,0.0,0.0,0.0,270.15,0.62,356.0,101600.0
1990-01-05 21:00:00+00:00,-0.64,91.95,0.0,0.0,0.0,268.6,0.62,338.0,101590.0
1990-01-05 22:00:00+00:00,-0.79,91.95,0.0,0.0,0.0,267.85,0.55,324.0,101570.0
1990-01-05 23:00:00+00:00,-0.83,91.95,0.0,0.0,0.0,274.2,0.48,319.0,101590.0
1990-01-06 00:00:00+00:00,-0.77,91.95,63.2,422.99,38.45,276.55,0.34,310.0,101600.0
1990-01-06 01:00:00+00:00,0.16,95.6,150.05,262.28,91.25,276.45,0.21,253.0,101650.0
1990-01-06 02:00:00+00:00,1.67,88.6,232.35,292.18,127.5,286.6,0.21,138.0,101670.0
1990-01-06 03:00:00+00:00,2.65,82.15,303.65,328.66,154.65,294.55,0.41,167.0,101650.0
1990-01-06 04:00:00+00:00,3.67,79.15,341.5,368.28,156.9,279.65,0.69,161.0,101510.0
1990-01-06 05:00:00+00:00,4.52,76.25,380.75,470.5,145.85,283.1,1.1,147.0,101390.0
1990-01-06 06:00:00+00:00,5.39,73.55,301.75,416.63,115.3,281.4,1.45,141.0,101260.0
1990-01-06 07:00:00+00:00,5.04,76.3,182.6,281.06,84.35,283.5,1.17,129.0,101200.0
1990-01-06 08:00:00+00:00,4.78,76.3,77.15,165.98,41.95,274.05,1.03,125.0,101190.0
1990-01-06 09:00:00+00:00,3.97,79.2,2.35,4.5,2.15,257.0,1.03,117.0,101200.0
1990-01-06 10:00:00+00:00,2.52,88.65,0.0,0.0,0.0,248.65,0.48,97.0,101250.0
1990-01-06 11:00:00+00:00,2.19,85.35,0.0,0.0,0.0,263.75,0.41,10.0,101270.0
1990-01-06 12:00:00+00:00,1.37,88.6,0.0,0.0,0.0,260.65,0.76,349.0,101280.0
1990-01-06 13:00:00+00:00,0.71,92.05,0.0,0.0,0.0,272.3,0.9,346.0,101280.0
1990-01-06 14:00:00+00:00,0.14,95.6,0.0,0.0,0.0,275.6,1.03,338.0,101280.0
1990-01-06 15:00:00+00:00,-0.3,95.6,0.0,0.0,0.0,276.75,1.1,334.0,101270.0
1990-01-06 16:00:00+00:00,-0.56,95.6,0.0,0.0,0.0,278.85,1.17,330.0,101240.0
1990-01-06 17:00:00+00:00,-0.79,95.6,0.0,0.0,0.0,275.0,1.17,328.0,101190.0
1990-01-06 18:00:00+00:00,-0.99,99.4,0.0,0.0,0.0,270.35,1.24,334.0,101180.0
1990-01-06 19:00:00+00:00,-1.41,95.6,0.0,0.0,0.0,262.6,1.24,345.0,101100.0
1990-01-06 20:00:00+00:00,-1.14,95.6,0.0,0.0,0.0,278.5,1.17,359.0,101110.0
1990-01-06 21:00:00+00:00,-0.71,95.6,0.0,0.0,0.0,291.45,1.31,4.0,101080.0
1990-01-06 22:00:00+00:00,-0.42,99.4,0.0,0.0,0.0,293.75,1.38,2.0,101080.0
1990-01-06 23:00:00+00:00,-0.24,95.6,0.0,0.0,0.0,295.3,1.45,353.0,101090.0
1990-01-07 00:00:00+00:00,-0.22,95.6,68.15,257.97,53.0,288.55,1.52,350.0,101120.0
1990-01-07 01:00:00+00:00,0.71,92.05,151.7,301.7,83.9,271.8,1.31,354.0,101150.0
1990-01-07 02:00:00+00:00,2.14,88.65,204.95,225.42,123.85,269.2,1.72,6.0,101170.0
1990-01-07 03:00:00+00:00,3.17,85.4,279.05,260.63,160.55,290.85,1.93,10.0,101170.0
1990-01-07 04:00:00+00:00,4.13,79.2,286.8,219.41,176.45,297.85,2.28,15.0,101080.0
1990-01-07 05:00:00+00:00,4.69,82.3,266.8,221.23,155.9,302.65,2.48,14.0,100980.0
1990-01-07 06:00:00+00:00,4.97,76.3,142.75,24.34,131.8,298.4,2.69,16.0,100920.0
1990-01-07 07:00:00+00:00,4.78,79.3,118.05,38.34,104.55,317.75,2.48,22.0,100890.0
1990-01-07 08:00:00+00:00,4.74,76.3,48.25,27.47,42.35,312.15,2.83,20.0,100920.0
1990-01-07 09:00:00+00:00,3.97,79.2,1.5,0.0,1.5,302.5,2.34,15.0,100990.0
1990-01-07 10:00:00+00:00,3.25,82.25,0.0,0.0,0.0,313.7,2.34,11.0,101060.0
1990-01-07 11:00:00+00:00,2.42,88.65,0.0,0.0,0.0,295.9,2.41,7.0,101130.0
1990-01-07 12:00:00+00:00,2.01,92.1,0.0,0.0,0.0,299.4,2.34,4.0,101180.0
1990-01-07 13:00:00+00:00,1.79,88.65,0.0,0.0,0.0,305.75,2.21,3.0,101200.0
1990-01-07 14:00:00+00:00,1.06,95.65,0.0,0.0,0.0,279.25,2.14,2.0,101230.0
1990-01-07 15:00:00+00:00,0.87,92.05,0.0,0.0,0.0,289.7,1.79,0.0,101220.0
1990-01-07 16:00:00+00:00,0.42,95.65,0.0,0.0,0.0,274.8,1.45,345.0,101210.0
1990-01-07 17:00:00+00:00,-0.09,95.6,0.0,0.0,0.0,273.65,1.24,321.0,101180.0
1990-01-07 18:00:00+00:00,-0.69,95.6,0.0,0.0,0.0,265.7,1.24,303.0,101160.0
1990-01-07 19:00:00+00:00,-1.2,91.95,0.0,0.0,0.0,232.2,1.17,317.0,101170.0
1990-01-07 20:00:00+00:00,-1.7,91.9,0.0,0.0,0.0,227.75,1.17,303.0,101120.0
1990-01-07 21:00:00+00:00,-2.43,95.55,0.0,0.0,0.0,227.4,1.38,284.0,101080.0
1990-01-07 22:00:00+00:00,-2.95,95.55,0.0,0.0,0.0,227.75,1.45,274.0,101070.0
1990-01-07 23:00:00+00:00,-3.16,95.55,0.0,0.0,0.0,242.5,1.45,267.0,101120.0
1990-01-08 00:00:00+00:00,-3.07,95.55,82.65,679.13,42.55,249.25,1.31,260.0,101180.0
1990-01-08 01:00:00+00:00,-0.58,95.6,205.5,508.26,90.95,256.15,0.69,238.0,101220.0
1990-01-08 02:00:00+00:00,1.86,88.65,324.55,528.83,133.75,257.0,0.83,196.0,101220.0
1990-01-08 03:00:00+00:00,3.67,82.25,406.35,575.01,144.1,262.6,1.17,171.0,101210.0
1990-01-08 04:00:00+00:00,5.18,79.3,441.55,563.27,157.25,267.05,1.66,160.0,101100.0
1990-01-08 05:00:00+00:00,6.22,70.85,457.95,681.22,115.0,260.85,2.07,156.0,100970.0
1990-01-08 06:00:00+00:00,7.1,65.85,367.4,569.23,109.95,248.3,2.28,156.0,100860.0
1990-01-08 07:00:00+00:00,6.95,63.35,244.6,467.51,78.75,253.7,2.07,136.0,100810.0
1990-01-08 08:00:00+00:00,6.48,65.75,95.1,243.91,42.05,244.6,2.21,128.0,100830.0
1990-01-08 09:00:00+00:00,4.9,73.45,3.25,11.03,2.7,239.6,2.21,115.0,100890.0
1990-01-08 10:00:00+00:00,3.13,79.1,0.0,0.0,0.0,236.3,1.52,112.0,100960.0
1990-01-08 11:00:00+00:00,2.34,79.0,0.0,0.0,0.0,233.75,0.28,129.0,101010.0
1990-01-08 12:00:00+00:00,1.77,82.05,0.0,0.0,0.0,232.6,0.48,261.0,101050.0
1990-01-08 13:00:00+00:00,0.74,81.95,0.0,0.0,0.0,231.45,0.97,267.0,101080.0
1990-01-08 14:00:00+00:00,-0.71,85.05,0.0,0.0,0.0,230.65,1.31,266.0,101130.0
1990-01-08 15:00:00+00:00,-2.32,88.3,0.0,0.0,0.0,229.7,1.72,263.0,101190.0
1990-01-08 16:00:00+00:00,-2.95,91.8,0.0,0.0,0.0,228.55,2.07,264.0,101210.0
1990-01-08 17:00:00+00:00,-3.27,88.25,0.0,0.0,0.0,227.75,2.14,264.0,101230.0
1990-01-08 18:00:00+00:00,-3.63,88.2,0.0,0.0,0.0,226.8,2.0,268.0,101260.0
1990-01-08 19:00:00+00:00,-4.22,88.15,0.0,0.0,0.0,225.25,1.72,284.0,101320.0
1990-01-08 20:00:00+00:00,-4.18,88.15,0.0,0.0,0.0,226.2,1.72,308.0,101330.0
1990-01-08 21:00:00+00:00,-3.85,81.4,0.0,0.0,0.0,224.1,1.93,329.0,101340.0
1990-01-08 22:00:00+00:00,-3.18,78.2,0.0,0.0,0.0,224.1,2.41,352.0,101380.0
1990-01-08 23:00:00+00:00,-2.75,78.3,0.0,0.0,0.0,223.9,2.83,11.0,101470.0
1990-01-09 00:00:00+00:00,-2.76,81.5,100.95,950.09,44.45,222.55,2.55,13.0,101580.0
1990-01-09 01:00:00+00:00,-1.14,78.5,257.9,803.51,76.2,221.3,2.07,10.0,101680.0
1990-01-09 02:00:00+00:00,0.95,64.65,394.4,833.03,92.9,221.0,2.21,23.0,101740.0
1990-01-09 03:00:00+00:00,2.2,51.15,487.3,843.63,101.25,223.3,2.0,42.0,101730.0
1990-01-09 04:00:00+00:00,3.04,47.3,518.65,820.81,102.8,224.3,1.66,57.0,101590.0
1990-01-09 05:00:00+00:00,3.72,42.15,481.75,747.61,103.7,225.65,1.24,86.0,101440.0
1990-01-09 06:00:00+00:00,4.2,42.15,365.35,538.48,120.45,231.65,1.17,122.0,101340.0
1990-01-09 07:00:00+00:00,3.83,45.7,256.3,508.57,74.5,243.65,2.07,151.0,101260.0
1990-01-09 08:00:00+00:00,3.61,49.4,98.25,254.17,42.25,227.0,2.55,154.0,101220.0
1990-01-09 09:00:00+00:00,2.37,55.45,3.65,12.33,3.0,225.85,1.93,162.0,101230.0
1990-01-09 10:00:00+00:00,0.94,62.15,0.0,0.0,0.0,226.05,1.66,182.0,101250.0
1990-01-09 11:00:00+00:00,-0.49,72.6,0.0,0.0,0.0,231.45,1.93,220.0,101280.0
1990-01-09 12:00:00+00:00,-1.29,78.5,0.0,0.0,0.0,249.65,2.0,220.0,101270.0
1990-01-09 13:00:00+00:00,-1.61,84.95,0.0,0.0,0.0,250.8,2.0,216.0,101240.0
1990-01-09 14:00:00+00:00,-1.41,84.95,0.0,0.0,0.0,263.75,1.93,212.0,101230.0
1990-01-09 15:00:00+00:00,-1.27,85.0,0.0,0.0,0.0,267.85,1.79,212.0,101230.0
1990-01-09 16:00:00+00:00,-1.85,91.85,0.0,0.0,0.0,253.15,1.59,221.0,101230.0
1990-01-09 17:00:00+00:00,-2.23,84.85,0.0,0.0,0.0,236.5,1.24,241.0,101250.0
1990-01-09 18:00:00+00:00,-1.99,84.85,0.0,0.0,0.0,224.3,1.03,304.0,101300.0
1990-01-09 19:00:00+00:00,-3.15,84.8,0.0,0.0,0.0,217.5,1.38,316.0,101380.0
1990-01-09 20:00:00+00:00,-3.98,84.65,0.0,0.0,0.0,218.5,1.66,332.0,101420.0
1990-01-09 21:00:00+00:00,-4.37,81.3,0.0,0.0,0.0,215.75,1.86,334.0,101470.0
1990-01-09 22:00:00+00:00,-4.22,81.3,0.0,0.0,0.0,224.5,1.86,340.0,101550.0
1990-01-09 23:00:00+00:00,-3.91,81.3,0.0,0.0,0.0,227.6,2.0,346.0,101650.0
1990-01-10 00:00:00+00:00,-3.34,75.1,87.7,473.39,59.3,229.7,2.34,0.0,101810.0
1990-01-10 01:00:00+00:00,-0.79,64.35,237.5,587.01,104.25,235.25,2.55,22.0,101920.0
1990-01-10 02:00:00+00:00,1.03,50.75,405.0,864.74,90.95,237.05,3.31,36.0,102030.0
1990-01-10 03:00:00+00:00,2.11,43.3,496.95,858.71,102.6,214.8,3.17,46.0,102050.0
1990-01-10 04:00:00+00:00,3.02,37.0,525.8,830.94,103.15,216.35,2.69,51.0,101990.0
1990-01-10 05:00:00+00:00,3.55,34.15,493.65,772.21,101.35,217.15,2.14,60.0,101880.0
1990-01-10 06:00:00+00:00,3.89,31.55,401.45,676.85,91.85,218.5,1.86,78.0,101800.0
1990-01-10 07:00:00+00:00,4.05,31.55,262.75,520.57,75.2,220.4,1.66,107.0,101700.0
1990-01-10 08:00:00+00:00,3.74,31.55,103.2,267.89,43.4,220.6,1.93,128.0,101690.0
1990-01-10 09:00:00+00:00,2.68,38.4,4.3,17.09,3.35,219.05,1.66,144.0,101720.0
1990-01-10 10:00:00+00:00,0.58,48.6,0.0,0.0,0.0,215.2,1.52,167.0,101760.0
1990-01-10 11:00:00+00:00,-0.97,54.55,0.0,0.0,0.0,215.4,1.38,196.0,101790.0
1990-01-10 12:00:00+00:00,-1.93,56.6,0.0,0.0,0.0,215.95,1.52,211.0,101790.0
1990-01-10 13:00:00+00:00,-3.24,61.2,0.0,0.0,0.0,216.75,1.86,214.0,101810.0
1990-01-10 14:00:00+00:00,-3.68,63.7,0.0,0.0,0.0,219.05,2.28,212.0,101800.0
1990-01-10 15:00:00+00:00,-3.56,66.35,0.0,0.0,0.0,222.75,2.34,210.0,101810.0
1990-01-10 16:00:00+00:00,-2.64,61.35,0.0,0.0,0.0,249.85,2.14,207.0,101750.0
1990-01-10 17:00:00+00:00,-1.95,58.95,0.0,0.0,0.0,259.9,2.14,202.0,101710.0
1990-01-10 18:00:00+00:00,-1.57,56.7,0.0,0.0,0.0,260.5,2.28,199.0,101690.0
1990-01-10 19:00:00+00:00,-1.69,56.7,0.0,0.0,0.0,255.65,1.93,205.0,101680.0
1990-01-10 20:00:00+00:00,-2.11,61.45,0.0,0.0,0.0,246.95,1.93,206.0,101590.0
1990-01-10 21:00:00+00:00,-2.56,63.9,0.0,0.0,0.0,242.3,1.86,208.0,101530.0
1990-01-10 22:00:00+00:00,-3.23,66.45,0.0,0.0,0.0,230.5,1.79,212.0,101480.0
1990-01-10 23:00:00+00:00,-3.74,69.15,0.0,0.0,0.0,224.5,1.86,214.0,101500.0
1990-01-11 00:00:00+00:00,-3.95,71.95,93.85,604.56,57.2,223.5,1.72,217.0,101510.0
1990-01-11 01:00:00+00:00,-1.27,64.25,239.4,586.69,105.65,231.95,1.24,208.0,101560.0
1990-01-11 02:00:00+00:00,2.51,51.15,371.25,654.69,132.6,231.05,1.45,198.0,101550.0
1990-01-11 03:00:00+00:00,4.79,45.85,468.25,702.85,144.25,240.15,1.31,194.0,101490.0
1990-01-11 04:00:00+00:00,6.52,44.45,505.75,724.32,135.8,242.3,1.17,180.0,101360.0
1990-01-11 05:00:00+00:00,7.64,41.3,491.3,755.89,105.45,237.65,1.17,158.0,101200.0
1990-01-11 06:00:00+00:00,8.39,38.4,403.4,669.82,95.2,235.3,1.59,144.0,101080.0
1990-01-11 07:00:00+00:00,8.67,35.45,267.35,530.62,74.65,235.5,2.14,145.0,101000.0
1990-01-11 08:00:00+00:00,8.11,39.85,106.75,278.3,43.8,235.7,2.14,136.0,101010.0
1990-01-11 09:00:00+00:00,6.15,49.95,4.9,19.64,3.75,233.95,2.48,134.0,101050.0
1990-01-11 10:00:00+00:00,3.96,55.85,0.0,0.0,0.0,230.5,2.34,147.0,101100.0
1990-01-11 11:00:00+00:00,2.13,67.5,0.0,0.0,0.0,231.45,2.07,175.0,101130.0
1990-01-11 12:00:00+00:00,0.27,72.75,0.0,0.0,0.0,230.1,1.93,207.0,101130.0
1990-01-11 13:00:00+00:00,-1.18,78.5,0.0,0.0,0.0,224.1,1.86,242.0,101150.0
1990-01-11 14:00:00+00:00,-2.73,81.5,0.0,0.0,0.0,223.3,2.0,261.0,101150.0
1990-01-11 15:00:00+00:00,-3.22,81.45,0.0,0.0,0.0,232.05,2.21,272.0,101150.0
1990-01-11 16:00:00+00:00,-3.78,78.15,0.0,0.0,0.0,221.2,2.28,276.0,101150.0
1990-01-11 17:00:00+00:00,-3.97,74.95,0.0,0.0,0.0,213.25,2.28,280.0,101130.0
1990-01-11 18:00:00+00:00,-4.01,69.05,0.0,0.0,0.0,210.95,2.28,286.0,101110.0
1990-01-11 19:00:00+00:00,-4.08,69.05,0.0,0.0,0.0,210.75,2.14,286.0,101120.0
1990-01-11 20:00:00+00:00,-4.43,68.95,0.0,0.0,0.0,209.2,2.07,288.0,101090.0
1990-01-11 21:00:00+00:00,-4.84,66.15,0.0,0.0,0.0,207.85,1.93,292.0,101040.0
1990-01-11 22:00:00+00:00,-5.27,68.85,0.0,0.0,0.0,206.7,1.79,295.0,101010.0
1990-01-11 23:00:00+00:00,-5.58,71.65,0.0,0.0,0.0,206.3,1.72,290.0,101060.0
1990-01-12 00:00:00+00:00,-5.65,71.65,111.1,1087.12,44.4,206.1,1.79,278.0,101100.0
1990-01-12 01:00:00+00:00,-2.23,64.0,275.45,875.78,74.85,208.55,0.97,266.0,101160.0
1990-01-12 02:00:00+00:00,3.04,45.4,416.5,889.38,91.0,212.85,0.62,245.0,101150.0
1990-01-12 03:00:00+00:00,5.86,33.35,508.3,883.7,99.3,218.3,0.83,180.0,101110.0
1990-01-12 04:00:00+00:00,7.45,28.65,539.3,852.59,101.95,223.15,1.45,156.0,100960.0
1990-01-12 05:00:00+00:00,8.4,27.75,506.8,794.64,99.15,226.6,1.86,154.0,100810.0
1990-01-12 06:00:00+00:00,8.89,26.75,415.05,700.89,90.6,229.7,1.93,150.0,100700.0
1990-01-12 07:00:00+00:00,9.15,26.75,274.85,546.8,74.65,232.05,1.66,128.0,100650.0
1990-01-12 08:00:00+00:00,8.57,31.4,111.7,292.93,44.55,232.2,1.86,109.0,100630.0
1990-01-12 09:00:00+00:00,6.39,39.4,5.55,25.17,4.0,230.5,2.28,95.0,100630.0
1990-01-12 10:00:00+00:00,3.83,45.7,0.0,0.0,0.0,227.0,1.93,108.0,100650.0
1990-01-12 11:00:00+00:00,2.47,49.15,0.0,0.0,0.0,224.65,1.31,152.0,100690.0
1990-01-12 12:00:00+00:00,1.73,49.0,0.0,0.0,0.0,221.6,1.17,213.0,100700.0
1990-01-12 13:00:00+00:00,-1.16,61.65,0.0,0.0,0.0,219.05,1.66,254.0,100740.0
1990-01-12 14:00:00+00:00,-3.48,72.05,0.0,0.0,0.0,217.15,2.28,272.0,100780.0
1990-01-12 15:00:00+00:00,-4.21,74.95,0.0,0.0,0.0,214.8,2.41,275.0,100820.0
1990-01-12 16:00:00+00:00,-4.55,78.0,0.0,0.0,0.0,213.05,2.28,274.0,100840.0
1990-01-12 17:00:00+00:00,-4.44,71.85,0.0,0.0,0.0,211.7,2.34,277.0,100860.0
1990-01-12 18:00:00+00:00,-4.39,71.85,0.0,0.0,0.0,210.55,2.28,282.0,100890.0
1990-01-12 19:00:00+00:00,-4.37,71.85,0.0,0.0,0.0,211.15,2.14,286.0,100930.0
1990-01-12 20:00:00+00:00,-4.74,71.85,0.0,0.0,0.0,210.35,1.93,293.0,100910.0
1990-01-12 21:00:00+00:00,-5.14,74.8,0.0,0.0,0.0,209.6,1.72,305.0,100920.0
1990-01-12 22:00:00+00:00,-5.48,77.85,0.0,0.0,0.0,208.6,1.52,319.0,100950.0
1990-01-12 23:00:00+00:00,-5.72,77.85,0.0,0.0,0.0,207.85,1.59,327.0,101020.0
1990-01-13 00:00:00+00:00,-5.36,74.8,112.3,1091.8,44.4,207.05,1.45,345.0,101130.0
1990-01-13 01:00:00+00:00,-2.01,58.95,277.05,878.43,74.8,208.7,1.38,24.0,101270.0
1990-01-13 02:00:00+00:00,1.39,45.0,417.7,889.53,90.75,212.3,2.41,53.0,101380.0
1990-01-13 03:00:00+00:00,2.44,41.7,508.7,880.1,99.65,214.6,2.34,61.0,101450.0
1990-01-13 04:00:00+00:00,3.43,38.7,540.4,850.02,102.4,217.15,2.34,67.0,101390.0
1990-01-13 05:00:00+00:00,4.17,37.25,508.5,792.43,99.9,218.85,2.41,73.0,101310.0
1990-01-13 06:00:00+00:00,4.59,35.75,416.05,696.45,91.65,220.6,2.48,79.0,101250.0
1990-01-13 07:00:00+00:00,4.7,37.25,276.35,543.92,75.55,222.95,2.34,88.0,101250.0
1990-01-13 08:00:00+00:00,4.25,37.25,113.65,293.74,45.4,222.55,1.86,87.0,101240.0
1990-01-13 09:00:00+00:00,3.24,38.7,6.15,27.07,4.4,221.0,1.38,66.0,101310.0
1990-01-13 10:00:00+00:00,0.91,50.75,0.0,0.0,0.0,216.35,1.31,45.0,101340.0
1990-01-13 11:00:00+00:00,0.97,46.75,0.0,0.0,0.0,215.2,0.69,31.0,101430.0
1990-01-13 12:00:00+00:00,0.58,48.6,0.0,0.0,0.0,214.2,0.0,9.0,101480.0
1990-01-13 13:00:00+00:00,0.1,50.5,0.0,0.0,0.0,213.85,0.62,196.0,101550.0
1990-01-13 14:00:00+00:00,-1.36,56.7,0.0,0.0,0.0,213.45,1.24,190.0,101610.0
1990-01-13 15:00:00+00:00,-3.45,66.35,0.0,0.0,0.0,212.85,1.72,192.0,101660.0
1990-01-13 16:00:00+00:00,-4.16,69.05,0.0,0.0,0.0,212.5,1.86,194.0,101680.0
1990-01-13 17:00:00+00:00,-4.59,71.85,0.0,0.0,0.0,211.7,2.0,193.0,101680.0
1990-01-13 18:00:00+00:00,-4.82,71.85,0.0,0.0,0.0,211.15,2.0,193.0,101720.0
1990-01-13 19:00:00+00:00,-4.09,69.05,0.0,0.0,0.0,211.7,1.59,200.0,101760.0
1990-01-13 20:00:00+00:00,-4.17,69.05,0.0,0.0,0.0,210.75,1.52,198.0,101750.0
1990-01-13 21:00:00+00:00,-4.49,71.85,0.0,0.0,0.0,210.15,1.52,197.0,101730.0
1990-01-13 22:00:00+00:00,-4.63,71.85,0.0,0.0,0.0,209.6,1.52,198.0,101740.0
1990-01-13 23:00:00+00:00,-4.48,71.85,0.0,0.0,0.0,209.0,1.31,195.0,101800.0
1990-01-14 00:00:00+00:00,-4.27,69.05,110.75,1044.66,44.8,208.8,1.17,193.0,101870.0
1990-01-14 01:00:00+00:00,-1.87,64.0,272.65,843.73,77.3,210.65,0.69,181.0,101950.0
1990-01-14 02:00:00+00:00,1.23,45.0,411.95,856.11,95.85,214.4,1.31,160.0,102000.0
1990-01-14 03:00:00+00:00,2.96,37.0,501.5,840.23,109.25,217.3,2.21,154.0,102000.0
1990-01-14 04:00:00+00:00,3.95,30.25,535.45,824.03,108.85,221.2,2.9,152.0,101920.0
1990-01-14 05:00:00+00:00,4.5,27.8,498.1,735.89,116.65,222.95,3.03,150.0,101820.0
1990-01-14 06:00:00+00:00,4.72,27.95,401.6,616.52,112.6,225.45,2.9,147.0,101740.0
1990-01-14 07:00:00+00:00,4.28,30.25,258.5,426.55,99.7,225.25,2.48,137.0,101780.0
1990-01-14 08:00:00+00:00,3.78,31.55,103.45,198.5,56.7,225.65,2.14,130.0,101820.0
1990-01-14 09:00:00+00:00,2.46,38.4,6.4,15.49,5.35,233.2,2.0,106.0,101890.0
1990-01-14 10:00:00+00:00,0.49,44.75,0.0,0.0,0.0,226.4,2.0,98.0,101940.0
1990-01-14 11:00:00+00:00,-1.12,52.35,0.0,0.0,0.0,227.0,1.59,96.0,102030.0
1990-01-14 12:00:00+00:00,-1.83,50.1,0.0,0.0,0.0,224.5,1.31,95.0,102070.0
1990-01-14 13:00:00+00:00,-1.82,50.1,0.0,0.0,0.0,215.4,1.17,92.0,102130.0
1990-01-14 14:00:00+00:00,-2.01,49.95,0.0,0.0,0.0,214.8,0.97,88.0,102180.0
1990-01-14 15:00:00+00:00,-1.66,48.05,0.0,0.0,0.0,213.45,0.41,73.0,102230.0
1990-01-14 16:00:00+00:00,-1.94,49.95,0.0,0.0,0.0,209.6,0.21,301.0,102260.0
1990-01-14 17:00:00+00:00,-2.18,49.95,0.0,0.0,0.0,209.6,0.55,282.0,102250.0
1990-01-14 18:00:00+00:00,-2.5,51.95,0.0,0.0,0.0,209.2,0.34,283.0,102230.0
1990-01-14 19:00:00+00:00,-3.04,54.0,0.0,0.0,0.0,209.0,0.69,15.0,102260.0
1990-01-14 20:00:00+00:00,-4.02,60.95,0.0,0.0,0.0,208.2,0.97,57.0,102230.0
1990-01-14 21:00:00+00:00,-4.81,63.45,0.0,0.0,0.0,207.45,1.03,79.0,102200.0
1990-01-14 22:00:00+00:00,-5.31,68.85,0.0,0.0,0.0,206.7,0.97,99.0,102160.0
1990-01-14 23:00:00+00:00,-5.33,68.85,0.0,0.0,0.0,205.9,0.9,120.0,102150.0
1990-01-15 00:00:00+00:00,-5.16,68.85,96.85,575.78,59.9,206.3,0.69,146.0,102170.0
1990-01-15 01:00:00+00:00,-3.53,63.7,217.6,338.94,138.65,220.9,0.76,161.0,102170.0
1990-01-15 02:00:00+00:00,-1.45,54.4,308.8,284.09,203.4,233.4,1.45,164.0,102140.0
1990-01-15 03:00:00+00:00,0.08,48.45,357.6,232.63,248.5,238.6,2.0,165.0,102100.0
1990-01-15 04:00:00+00:00,1.37,43.2,351.6,177.81,259.1,248.85,2.48,165.0,101970.0
1990-01-15 05:00:00+00:00,2.24,40.05,305.6,135.08,235.2,256.8,2.9,166.0,101790.0
1990-01-15 06:00:00+00:00,2.74,38.55,250.7,135.54,186.75,261.25,3.1,167.0,101690.0
1990-01-15 07:00:00+00:00,2.61,41.7,140.7,25.3,131.2,263.0,2.9,162.0,101610.0
1990-01-15 08:00:00+00:00,2.39,41.7,54.5,11.1,51.85,270.15,2.55,162.0,101600.0
1990-01-15 09:00:00+00:00,1.37,46.9,3.65,0.0,3.65,268.6,2.0,153.0,101570.0
1990-01-15 10:00:00+00:00,0.35,50.65,0.0,0.0,0.0,272.3,1.79,154.0,101600.0
1990-01-15 11:00:00+00:00,-0.38,56.95,0.0,0.0,0.0,269.0,1.45,162.0,101610.0
1990-01-15 12:00:00+00:00,-0.96,59.2,0.0,0.0,0.0,270.95,1.1,171.0,101650.0
1990-01-15 13:00:00+00:00,-1.17,59.2,0.0,0.0,0.0,261.85,1.03,168.0,101650.0
1990-01-15 14:00:00+00:00,-1.03,61.65,0.0,0.0,0.0,258.75,0.9,170.0,101670.0
1990-01-15 15:00:00+00:00,-0.93,61.65,0.0,0.0,0.0,251.6,0.55,174.0,101680.0
1990-01-15 16:00:00+00:00,-1.02,61.65,0.0,0.0,0.0,253.3,0.14,54.0,101660.0
1990-01-15 17:00:00+00:00,-1.61,64.1,0.0,0.0,0.0,248.3,0.69,27.0,101660.0
1990-01-15 18:00:00+00:00,-2.96,72.1,0.0,0.0,0.0,228.15,0.97,18.0,101640.0
1990-01-15 19:00:00+00:00,-5.05,84.55,0.0,0.0,0.0,220.6,1.59,1.0,101660.0
1990-01-15 20:00:00+00:00,-5.37,84.55,0.0,0.0,0.0,218.5,1.59,354.0,101630.0
1990-01-15 21:00:00+00:00,-5.51,88.0,0.0,0.0,0.0,217.9,1.59,348.0,101640.0
1990-01-15 22:00:00+00:00,-5.6,84.5,0.0,0.0,0.0,216.95,1.52,352.0,101660.0
1990-01-15 23:00:00+00:00,-5.62,84.5,0.0,0.0,0.0,216.35,1.38,12.0,101730.0
1990-01-16 00:00:00+00:00,-5.69,84.5,109.15,987.44,44.65,216.35,1.59,19.0,101780.0
1990-01-16 01:00:00+00:00,-3.08,69.25,269.75,829.44,75.3,218.6,1.52,20.0,101850.0
1990-01-16 02:00:00+00:00,-0.97,61.65,407.95,844.61,93.0,219.45,1.72,27.0,101900.0
1990-01-16 03:00:00+00:00,0.67,54.95,499.65,843.7,102.05,223.3,1.79,36.0,101900.0
1990-01-16 04:00:00+00:00,1.91,51.0,533.8,821.02,104.55,225.65,1.72,48.0,101800.0
1990-01-16 05:00:00+00:00,2.82,47.3,506.55,777.37,99.15,227.95,1.45,60.0,101690.0
1990-01-16 06:00:00+00:00,3.37,47.45,388.5,536.28,133.8,229.15,1.17,79.0,101620.0
1990-01-16 07:00:00+00:00,2.9,51.3,239.9,315.52,120.4,243.25,1.38,93.0,101650.0
1990-01-16 08:00:00+00:00,2.47,53.25,87.25,60.52,72.6,240.35,1.1,96.0,101670.0
1990-01-16 09:00:00+00:00,1.72,55.3,6.25,0.0,6.25,248.3,0.9,71.0,101720.0
1990-01-16 10:00:00+00:00,0.14,69.85,0.0,0.0,0.0,251.6,0.97,14.0,101770.0
1990-01-16 11:00:00+00:00,-0.93,69.65,0.0,0.0,0.0,254.3,1.03,3.0,101810.0
1990-01-16 12:00:00+00:00,-0.81,67.0,0.0,0.0,0.0,254.65,0.76,7.0,101820.0
1990-01-16 13:00:00+00:00,-0.98,69.65,0.0,0.0,0.0,253.1,0.55,338.0,101800.0
1990-01-16 14:00:00+00:00,-1.14,69.65,0.0,0.0,0.0,243.25,0.55,312.0,101850.0
1990-01-16 15:00:00+00:00,-1.52,72.4,0.0,0.0,0.0,248.65,0.34,356.0,101840.0
1990-01-16 16:00:00+00:00,-1.78,72.4,0.0,0.0,0.0,251.2,0.28,36.0,101810.0
1990-01-16 17:00:00+00:00,-2.09,75.3,0.0,0.0,0.0,250.05,0.34,64.0,101760.0
1990-01-16 18:00:00+00:00,-2.6,78.3,0.0,0.0,0.0,245.6,0.69,39.0,101740.0
1990-01-16 19:00:00+00:00,-4.49,88.1,0.0,0.0,0.0,225.45,1.1,356.0,101760.0
1990-01-16 20:00:00+00:00,-5.08,88.05,0.0,0.0,0.0,218.3,1.31,349.0,101750.0
1990-01-16 21:00:00+00:00,-5.29,88.05,0.0,0.0,0.0,217.15,1.24,352.0,101700.0
1990-01-16 22:00:00+00:00,-5.27,84.55,0.0,0.0,0.0,214.8,1.03,354.0,101690.0
1990-01-16 23:00:00+00:00,-4.67,84.6,0.0,0.0,0.0,215.2,0.69,339.0,101730.0
1990-01-17 00:00:00+00:00,-4.48,84.6,112.05,989.93,46.15,214.05,0.62,306.0,101780.0
1990-01-17 01:00:00+00:00,-2.83,75.2,275.65,845.81,76.0,216.45,0.28,326.0,101830.0
1990-01-17 02:00:00+00:00,-0.13,64.45,415.45,857.87,93.85,218.3,0.14,89.0,101840.0
1990-01-17 03:00:00+00:00,1.92,59.95,510.45,863.46,101.5,223.5,0.69,117.0,101830.0
1990-01-17 04:00:00+00:00,3.44,55.7,545.0,840.3,103.4,226.4,1.1,123.0,101740.0
1990-01-17 05:00:00+00:00,4.54,58.05,515.15,786.14,100.8,230.1,1.24,122.0,101610.0
1990-01-17 06:00:00+00:00,5.19,58.2,430.4,715.58,88.25,232.6,1.38,115.0,101560.0
1990-01-17 07:00:00+00:00,4.68,58.05,280.25,531.57,77.15,229.3,2.0,108.0,101520.0
1990-01-17 08:00:00+00:00,4.24,60.4,123.35,300.09,49.7,234.75,1.79,102.0,101550.0
1990-01-17 09:00:00+00:00,3.09,65.1,8.65,35.49,5.9,228.15,1.59,62.0,101630.0
1990-01-17 10:00:00+00:00,0.95,72.85,0.0,0.0,0.0,231.45,1.93,24.0,101690.0
1990-01-17 11:00:00+00:00,-0.64,78.6,0.0,0.0,0.0,234.55,1.86,360.0,101770.0
1990-01-17 12:00:00+00:00,-1.79,84.95,0.0,0.0,0.0,236.1,1.72,346.0,101830.0
1990-01-17 13:00:00+00:00,-2.61,88.25,0.0,0.0,0.0,223.7,1.38,336.0,101900.0
1990-01-17 14:00:00+00:00,-2.06,84.85,0.0,0.0,0.0,230.3,0.9,317.0,101950.0
1990-01-17 15:00:00+00:00,-1.41,81.65,0.0,0.0,0.0,249.05,0.69,309.0,102000.0
1990-01-17 16:00:00+00:00,-1.43,81.65,0.0,0.0,0.0,251.4,0.55,317.0,102010.0
1990-01-17 17:00:00+00:00,-1.61,81.65,0.0,0.0,0.0,257.0,0.62,334.0,102010.0
1990-01-17 18:00:00+00:00,-1.74,81.65,0.0,0.0,0.0,262.6,0.76,341.0,102030.0
1990-01-17 19:00:00+00:00,-2.8,88.25,0.0,0.0,0.0,258.75,1.66,8.0,102060.0
1990-01-17 20:00:00+00:00,-3.01,91.8,0.0,0.0,0.0,251.6,1.72,1.0,101990.0
1990-01-17 21:00:00+00:00,-3.21,88.25,0.0,0.0,0.0,248.3,1.59,346.0,102030.0
1990-01-17 22:00:00+00:00,-3.59,91.8,0.0,0.0,0.0,239.2,1.52,345.0,102040.0
1990-01-17 23:00:00+00:00,-3.5,91.8,0.0,0.0,0.0,251.75,1.45,348.0,102100.0
1990-01-18 00:00:00+00:00,-2.95,88.25,59.4,298.87,39.1,269.4,1.31,359.0,102180.0
1990-01-18 01:00:00+00:00,-1.46,78.45,128.55,151.2,92.6,274.9,1.31,10.0,102220.0
1990-01-18 02:00:00+00:00,-0.27,69.85,238.75,278.8,133.65,275.6,1.38,18.0,102260.0
1990-01-18 03:00:00+00:00,1.31,64.8,292.25,317.8,140.95,287.95,1.52,35.0,102240.0
1990-01-18 04:00:00+00:00,2.35,62.5,377.4,387.35,172.75,289.5,1.59,52.0,102130.0
1990-01-18 05:00:00+00:00,3.4,60.3,372.95,428.65,145.7,277.7,1.66,69.0,101990.0
1990-01-18 06:00:00+00:00,4.08,60.4,256.0,232.12,144.25,265.5,1.38,105.0,101920.0
1990-01-18 07:00:00+00:00,2.6,65.0,198.65,195.86,123.15,276.95,0.97,104.0,101810.0
1990-01-18 08:00:00+00:00,2.86,60.15,79.7,101.47,54.45,275.4,1.52,135.0,101840.0
1990-01-18 09:00:00+00:00,2.33,62.5,5.45,6.8,4.9,276.95,1.45,142.0,101810.0
1990-01-18 10:00:00+00:00,1.35,72.95,0.0,0.0,0.0,277.5,0.9,160.0,101820.0
1990-01-18 11:00:00+00:00,1.02,70.05,0.0,0.0,0.0,275.4,0.62,227.0,101820.0
1990-01-18 12:00:00+00:00,0.11,75.6,0.0,0.0,0.0,264.55,0.83,260.0,101820.0
1990-01-18 13:00:00+00:00,0.24,72.75,0.0,0.0,0.0,257.95,0.62,269.0,101820.0
1990-01-18 14:00:00+00:00,-0.2,75.6,0.0,0.0,0.0,258.95,0.14,219.0,101820.0
1990-01-18 15:00:00+00:00,-1.52,81.65,0.0,0.0,0.0,249.45,0.83,163.0,101800.0
1990-01-18 16:00:00+00:00,-3.35,88.25,0.0,0.0,0.0,234.55,1.79,181.0,101790.0
1990-01-18 17:00:00+00:00,-3.37,88.2,0.0,0.0,0.0,229.5,2.34,182.0,101700.0
1990-01-18 18:00:00+00:00,-2.71,88.25,0.0,0.0,0.0,234.95,2.62,185.0,101610.0
1990-01-18 19:00:00+00:00,-2.99,88.25,0.0,0.0,0.0,218.5,2.69,198.0,101480.0
1990-01-18 20:00:00+00:00,-2.85,84.85,0.0,0.0,0.0,219.45,2.83,207.0,101420.0
1990-01-18 21:00:00+00:00,-2.92,84.8,0.0,0.0,0.0,216.95,2.62,224.0,101340.0
1990-01-18 22:00:00+00:00,-3.18,84.8,0.0,0.0,0.0,217.7,2.34,255.0,101390.0
1990-01-18 23:00:00+00:00,-2.9,75.1,0.0,0.0,0.0,216.55,2.55,295.0,101500.0
1990-01-19 00:00:00+00:00,-1.52,52.2,122.9,1106.97,46.1,204.55,3.24,320.0,101630.0
1990-01-19 01:00:00+00:00,1.07,32.05,295.75,919.75,75.4,200.8,3.59,322.0,101750.0
1990-01-19 02:00:00+00:00,2.82,21.25,442.45,925.71,91.45,201.85,4.69,323.0,101810.0
1990-01-19 03:00:00+00:00,3.59,18.75,538.95,916.76,100.15,202.2,5.52,328.0,101880.0
1990-01-19 04:00:00+00:00,4.01,18.05,575.15,888.62,103.1,202.2,5.93,332.0,101870.0
1990-01-19 05:00:00+00:00,4.13,16.5,547.05,836.84,100.75,201.65,6.14,335.0,101780.0
1990-01-19 06:00:00+00:00,4.13,15.8,455.8,748.68,92.85,199.15,5.86,338.0,101740.0
1990-01-19 07:00:00+00:00,4.11,15.8,312.9,604.33,77.85,198.95,5.79,341.0,101750.0
1990-01-19 08:00:00+00:00,3.49,15.65,140.35,357.29,50.2,196.6,4.69,351.0,101820.0
1990-01-19 09:00:00+00:00,1.78,18.35,11.7,54.62,7.1,194.3,3.52,9.0,101890.0
1990-01-19 10:00:00+00:00,-0.75,21.25,0.0,0.0,0.0,190.05,3.03,20.0,101940.0
1990-01-19 11:00:00+00:00,-2.1,23.9,0.0,0.0,0.0,187.15,2.69,18.0,102050.0
1990-01-19 12:00:00+00:00,-3.03,24.7,0.0,0.0,0.0,184.6,2.41,12.0,102160.0
1990-01-19 13:00:00+00:00,-4.03,26.75,0.0,0.0,0.0,182.3,2.28,9.0,102250.0
1990-01-19 14:00:00+00:00,-5.06,27.7,0.0,0.0,0.0,180.75,2.0,11.0,102340.0
1990-01-19 15:00:00+00:00,-5.57,28.8,0.0,0.0,0.0,179.4,1.72,13.0,102390.0
1990-01-19 16:00:00+00:00,-5.55,28.8,0.0,0.0,0.0,178.8,1.38,13.0,102430.0
1990-01-19 17:00:00+00:00,-5.42,27.55,0.0,0.0,0.0,177.45,0.97,11.0,102420.0
1990-01-19 18:00:00+00:00,-5.51,27.55,0.0,0.0,0.0,176.7,0.55,26.0,102450.0
1990-01-19 19:00:00+00:00,-5.04,28.95,0.0,0.0,0.0,176.3,0.48,154.0,102420.0
1990-01-19 20:00:00+00:00,-5.77,31.55,0.0,0.0,0.0,176.1,0.9,174.0,102410.0
1990-01-19 21:00:00+00:00,-5.64,31.55,0.0,0.0,0.0,175.9,0.76,177.0,102390.0
1990-01-19 22:00:00+00:00,-5.91,34.35,0.0,0.0,0.0,175.5,0.62,162.0,102370.0
1990-01-19 23:00:00+00:00,-7.21,35.75,0.0,0.0,0.0,175.5,1.03,169.0,102390.0
1990-01-20 00:00:00+00:00,-8.15,40.55,126.7,1122.83,47.05,175.3,1.45,181.0,102440.0
1990-01-20 01:00:00+00:00,-4.86,30.45,301.6,931.07,76.75,177.35,1.59,174.0,102490.0
1990-01-20 02:00:00+00:00,-2.69,24.85,450.2,937.18,92.7,179.6,2.55,169.0,102500.0
1990-01-20 03:00:00+00:00,-1.14,22.1,547.35,927.07,101.15,182.85,3.03,167.0,102470.0
1990-01-20 04:00:00+00:00,0.05,21.4,582.0,894.89,103.95,186.95,3.24,166.0,102340.0
1990-01-20 05:00:00+00:00,0.93,20.7,550.85,837.56,101.45,191.0,3.38,167.0,102170.0
1990-01-20 06:00:00+00:00,1.5,20.85,458.3,747.31,93.45,194.85,3.72,169.0,102050.0
1990-01-20 07:00:00+00:00,1.67,21.8,313.75,599.41,78.5,197.2,3.79,164.0,101920.0
1990-01-20 08:00:00+00:00,1.25,23.8,141.5,354.12,50.9,199.3,4.07,157.0,101890.0
1990-01-20 09:00:00+00:00,-0.07,29.1,12.45,56.48,7.5,199.9,3.52,154.0,101880.0
1990-01-20 10:00:00+00:00,-2.11,32.55,0.0,0.0,0.0,197.6,2.97,165.0,101880.0
1990-01-20 11:00:00+00:00,-3.21,36.8,0.0,0.0,0.0,195.45,2.69,178.0,101850.0
1990-01-20 12:00:00+00:00,-3.89,41.6,0.0,0.0,0.0,195.05,2.62,189.0,101840.0
1990-01-20 13:00:00+00:00,-4.32,43.45,0.0,0.0,0.0,195.25,2.69,192.0,101800.0
1990-01-20 14:00:00+00:00,-4.5,47.2,0.0,0.0,0.0,195.65,2.83,189.0,101740.0
1990-01-20 15:00:00+00:00,-4.45,47.2,0.0,0.0,0.0,196.2,2.97,190.0,101670.0
1990-01-20 16:00:00+00:00,-4.31,45.35,0.0,0.0,0.0,200.85,2.83,195.0,101610.0
1990-01-20 17:00:00+00:00,-4.25,45.35,0.0,0.0,0.0,206.3,2.55,200.0,101520.0
1990-01-20 18:00:00+00:00,-4.26,47.35,0.0,0.0,0.0,212.1,2.21,209.0,101470.0
1990-01-20 19:00:00+00:00,-5.25,49.1,0.0,0.0,0.0,196.4,1.66,224.0,101430.0
1990-01-20 20:00:00+00:00,-6.1,53.25,0.0,0.0,0.0,196.2,1.59,235.0,101380.0
1990-01-20 21:00:00+00:00,-6.74,51.0,0.0,0.0,0.0,195.45,1.52,254.0,101380.0
1990-01-20 22:00:00+00:00,-7.13,50.85,0.0,0.0,0.0,194.5,1.66,285.0,101430.0
1990-01-20 23:00:00+00:00,-7.13,48.7,0.0,0.0,0.0,193.9,2.0,301.0,101560.0
1990-01-21 00:00:00+00:00,-6.71,44.75,126.5,1091.64,47.25,193.7,2.0,303.0,101670.0
1990-01-21 01:00:00+00:00,-2.67,40.3,301.1,920.26,77.0,194.4,1.45,317.0,101780.0
1990-01-21 02:00:00+00:00,2.44,26.25,450.05,930.29,92.95,197.0,1.86,351.0,101870.0
1990-01-21 03:00:00+00:00,4.56,17.25,548.05,922.53,101.5,200.3,3.59,2.0,101890.0
1990-01-21 04:00:00+00:00,5.16,15.2,583.95,892.57,104.4,201.85,4.28,5.0,101850.0
1990-01-21 05:00:00+00:00,5.44,14.65,554.35,837.87,102.0,203.0,3.79,12.0,101750.0
1990-01-21 06:00:00+00:00,5.65,14.65,461.6,747.48,94.05,203.75,3.24,20.0,101700.0
1990-01-21 07:00:00+00:00,5.74,14.75,317.85,602.81,79.1,206.65,2.9,47.0,101640.0
1990-01-21 08:00:00+00:00,4.85,20.7,145.1,359.65,51.8,206.85,2.83,74.0,101670.0
1990-01-21 09:00:00+00:00,2.48,27.4,13.5,59.26,8.1,205.5,2.76,96.0,101760.0
1990-01-21 10:00:00+00:00,0.13,31.75,0.0,0.0,0.0,202.05,2.34,106.0,101870.0
1990-01-21 11:00:00+00:00,-1.24,34.3,0.0,0.0,0.0,199.5,0.9,123.0,101960.0
1990-01-21 12:00:00+00:00,-0.7,31.6,0.0,0.0,0.0,197.95,0.76,241.0,102060.0
1990-01-21 13:00:00+00:00,-2.11,35.55,0.0,0.0,0.0,198.15,1.17,271.0,102120.0
1990-01-21 14:00:00+00:00,-3.22,40.15,0.0,0.0,0.0,198.15,1.31,285.0,102160.0
1990-01-21 15:00:00+00:00,-3.52,41.75,0.0,0.0,0.0,198.35,1.24,286.0,102210.0
1990-01-21 16:00:00+00:00,-2.85,40.3,0.0,0.0,0.0,197.75,0.9,297.0,102250.0
1990-01-21 17:00:00+00:00,-3.43,43.6,0.0,0.0,0.0,197.2,0.55,10.0,102240.0
1990-01-21 18:00:00+00:00,-4.41,45.2,0.0,0.0,0.0,197.2,1.03,58.0,102260.0
1990-01-21 19:00:00+00:00,-6.41,46.75,0.0,0.0,0.0,195.85,1.45,46.0,102320.0
1990-01-21 20:00:00+00:00,-6.02,46.75,0.0,0.0,0.0,194.7,1.1,56.0,102310.0
1990-01-21 21:00:00+00:00,-5.67,43.0,0.0,0.0,0.0,193.7,0.9,61.0,102300.0
1990-01-21 22:00:00+00:00,-5.97,44.75,0.0,0.0,0.0,192.55,0.83,68.0,102290.0
1990-01-21 23:00:00+00:00,-6.11,44.75,0.0,0.0,0.0,191.95,0.69,78.0,102310.0
1990-01-22 00:00:00+00:00,-6.1,42.85,125.45,1048.97,47.45,191.75,0.62,107.0,102350.0
1990-01-22 01:00:00+00:00,-4.52,38.0,297.2,895.61,77.2,193.8,0.83,139.0,102400.0
1990-01-22 02:00:00+00:00,-2.46,31.05,443.55,906.17,93.45,196.05,1.52,151.0,102390.0
1990-01-22 03:00:00+00:00,-0.66,27.75,540.35,900.71,101.8,199.3,2.0,150.0,102380.0
1990-01-22 04:00:00+00:00,0.87,26.95,575.8,871.36,104.9,203.2,2.34,143.0,102260.0
1990-01-22 05:00:00+00:00,1.99,26.1,546.5,817.16,102.55,206.7,2.41,140.0,102120.0
1990-01-22 06:00:00+00:00,2.69,27.4,455.7,728.97,94.65,209.95,2.55,137.0,102000.0
1990-01-22 07:00:00+00:00,3.23,28.9,313.8,585.18,79.9,213.65,2.69,134.0,101910.0
1990-01-22 08:00:00+00:00,2.97,30.0,143.95,347.65,52.5,214.6,2.28,129.0,101940.0
1990-01-22 09:00:00+00:00,1.8,36.7,14.15,58.65,8.6,213.65,1.59,107.0,101950.0
1990-01-22 10:00:00+00:00,-0.14,42.75,0.0,0.0,0.0,209.6,1.24,80.0,102010.0
1990-01-22 11:00:00+00:00,-0.88,44.3,0.0,0.0,0.0,209.2,0.62,50.0,102080.0
1990-01-22 12:00:00+00:00,-1.13,46.2,0.0,0.0,0.0,208.4,0.34,342.0,102120.0
1990-01-22 13:00:00+00:00,-1.65,48.05,0.0,0.0,0.0,207.85,0.34,36.0,102120.0
1990-01-22 14:00:00+00:00,-2.35,49.95,0.0,0.0,0.0,207.45,0.34,81.0,102130.0
1990-01-22 15:00:00+00:00,-2.88,54.0,0.0,0.0,0.0,207.05,0.55,101.0,102170.0
1990-01-22 16:00:00+00:00,-3.3,51.8,0.0,0.0,0.0,206.3,0.62,96.0,102190.0
1990-01-22 17:00:00+00:00,-3.85,53.9,0.0,0.0,0.0,205.9,0.83,71.0,102220.0
1990-01-22 18:00:00+00:00,-4.6,58.35,0.0,0.0,0.0,205.3,0.97,52.0,102230.0
1990-01-22 19:00:00+00:00,-6.26,65.8,0.0,0.0,0.0,204.75,1.45,12.0,102180.0
1990-01-22 20:00:00+00:00,-6.58,65.8,0.0,0.0,0.0,204.35,1.45,4.0,102160.0
1990-01-22 21:00:00+00:00,-6.68,63.1,0.0,0.0,0.0,203.75,1.31,4.0,102160.0
1990-01-22 22:00:00+00:00,-6.89,63.1,0.0,0.0,0.0,204.15,1.38,9.0,102170.0
1990-01-22 23:00:00+00:00,-7.02,63.0,0.0,0.0,0.0,203.95,1.59,18.0,102240.0
1990-01-23 00:00:00+00:00,-6.84,58.0,124.35,997.75,48.3,203.95,1.59,19.0,102290.0
1990-01-23 01:00:00+00:00,-4.25,49.4,293.85,868.82,78.5,205.45,1.52,22.0,102340.0
1990-01-23 02:00:00+00:00,-2.06,42.2,439.15,885.1,94.9,207.85,1.66,33.0,102350.0
1990-01-23 03:00:00+00:00,-0.3,37.7,535.4,881.22,103.75,211.15,1.45,47.0,102320.0
1990-01-23 04:00:00+00:00,1.16,37.95,571.25,854.3,106.8,214.8,1.17,68.0,102230.0
1990-01-23 05:00:00+00:00,2.33,36.85,542.75,801.81,104.35,218.1,1.1,99.0,102070.0
1990-01-23 06:00:00+00:00,3.14,38.55,454.45,718.14,96.15,220.8,1.31,122.0,101950.0
1990-01-23 07:00:00+00:00,3.6,38.7,313.45,576.21,81.0,222.15,1.86,139.0,101840.0
1990-01-23 08:00:00+00:00,3.47,40.3,144.85,342.12,53.6,222.95,1.86,142.0,101840.0
1990-01-23 09:00:00+00:00,2.56,47.15,14.9,59.58,9.05,222.35,1.17,112.0,101870.0
1990-01-23 10:00:00+00:00,0.54,54.95,0.0,0.0,0.0,218.85,1.38,32.0,101940.0
1990-01-23 11:00:00+00:00,-2.06,66.65,0.0,0.0,0.0,219.85,2.21,4.0,102030.0
1990-01-23 12:00:00+00:00,-3.05,69.25,0.0,0.0,0.0,219.65,2.21,355.0,102050.0
1990-01-23 13:00:00+00:00,-3.59,69.15,0.0,0.0,0.0,219.25,2.21,347.0,102090.0
1990-01-23 14:00:00+00:00,-3.92,69.05,0.0,0.0,0.0,219.45,2.14,346.0,102140.0
1990-01-23 15:00:00+00:00,-4.04,69.05,0.0,0.0,0.0,219.05,2.21,351.0,102170.0
1990-01-23 16:00:00+00:00,-4.09,66.25,0.0,0.0,0.0,218.7,2.34,355.0,102200.0
1990-01-23 17:00:00+00:00,-4.14,63.55,0.0,0.0,0.0,217.9,2.41,355.0,102210.0
1990-01-23 18:00:00+00:00,-4.21,60.95,0.0,0.0,0.0,217.15,2.48,354.0,102230.0
1990-01-23 19:00:00+00:00,-4.27,56.1,0.0,0.0,0.0,214.4,2.62,351.0,102290.0
1990-01-23 20:00:00+00:00,-4.37,53.75,0.0,0.0,0.0,213.65,2.55,353.0,102260.0
1990-01-23 21:00:00+00:00,-4.49,55.95,0.0,0.0,0.0,212.7,2.48,356.0,102260.0
1990-01-23 22:00:00+00:00,-4.65,53.65,0.0,0.0,0.0,211.9,2.48,359.0,102290.0
1990-01-23 23:00:00+00:00,-4.84,53.65,0.0,0.0,0.0,210.95,2.55,4.0,102360.0
1990-01-24 00:00:00+00:00,-4.86,51.4,123.5,957.99,48.6,210.95,2.48,5.0,102410.0
1990-01-24 01:00:00+00:00,-3.08,47.6,291.25,848.96,78.85,211.8,2.55,7.0,102490.0
1990-01-24 02:00:00+00:00,-1.02,40.7,434.3,858.86,97.95,214.05,2.83,11.0,102510.0
1990-01-24 03:00:00+00:00,0.76,36.4,530.5,859.79,106.75,217.15,2.76,19.0,102510.0
1990-01-24 04:00:00+00:00,2.21,35.35,567.45,838.33,108.9,221.4,2.41,27.0,102450.0
1990-01-24 05:00:00+00:00,3.22,37.15,539.7,788.73,105.65,223.5,1.86,39.0,102350.0
1990-01-24 06:00:00+00:00,3.81,37.25,454.1,713.06,95.7,226.2,1.59,54.0,102260.0
1990-01-24 07:00:00+00:00,3.83,37.25,316.05,577.77,80.8,225.85,1.38,70.0,102200.0
1990-01-24 08:00:00+00:00,3.57,40.3,147.05,343.51,54.15,225.65,1.17,99.0,102200.0
1990-01-24 09:00:00+00:00,2.69,43.6,16.0,61.9,9.7,224.5,1.31,112.0,102230.0
1990-01-24 10:00:00+00:00,0.62,54.95,0.0,0.0,0.0,220.8,1.17,118.0,102260.0
1990-01-24 11:00:00+00:00,-0.61,56.95,0.0,0.0,0.0,220.8,1.03,150.0,102270.0
1990-01-24 12:00:00+00:00,-1.43,61.55,0.0,0.0,0.0,220.2,1.17,196.0,102290.0
1990-01-24 13:00:00+00:00,-2.58,66.6,0.0,0.0,0.0,220.8,1.38,223.0,102290.0
1990-01-24 14:00:00+00:00,-3.46,72.05,0.0,0.0,0.0,220.8,1.52,229.0,102270.0
1990-01-24 15:00:00+00:00,-3.99,78.05,0.0,0.0,0.0,221.6,1.66,224.0,102220.0
1990-01-24 16:00:00+00:00,-4.35,78.05,0.0,0.0,0.0,221.75,1.66,218.0,102180.0
1990-01-24 17:00:00+00:00,-4.43,81.25,0.0,0.0,0.0,222.35,1.59,212.0,102120.0
1990-01-24 18:00:00+00:00,-4.54,81.25,0.0,0.0,0.0,222.35,1.66,201.0,102090.0
1990-01-24 19:00:00+00:00,-3.1,72.1,0.0,0.0,0.0,221.2,0.9,207.0,102080.0
1990-01-24 20:00:00+00:00,-2.7,69.35,0.0,0.0,0.0,220.05,0.28,287.0,102090.0
1990-01-24 21:00:00+00:00,-2.88,72.1,0.0,0.0,0.0,220.2,0.55,340.0,102050.0
1990-01-24 22:00:00+00:00,-3.31,72.1,0.0,0.0,0.0,219.45,0.76,329.0,102040.0
1990-01-24 23:00:00+00:00,-4.0,74.95,0.0,0.0,0.0,219.25,1.03,340.0,102080.0
1990-01-25 00:00:00+00:00,-3.87,74.95,125.4,949.55,49.2,218.85,0.9,358.0,102110.0
1990-01-25 01:00:00+00:00,-2.05,66.65,294.4,851.11,79.4,221.5,0.21,29.0,102100.0
1990-01-25 02:00:00+00:00,0.66,59.6,440.15,873.21,95.75,224.85,0.48,134.0,102120.0
1990-01-25 03:00:00+00:00,2.92,51.3,537.35,872.74,104.5,229.5,1.1,152.0,102080.0
1990-01-25 04:00:00+00:00,4.83,47.7,574.25,847.96,107.55,233.75,1.66,155.0,101990.0
1990-01-25 05:00:00+00:00,6.37,44.45,547.05,798.11,104.95,237.45,2.07,160.0,101840.0
1990-01-25 06:00:00+00:00,7.41,44.75,459.65,715.76,97.2,240.35,2.34,163.0,101730.0
1990-01-25 07:00:00+00:00,7.17,46.4,319.85,578.26,82.2,239.2,2.41,162.0,101650.0
1990-01-25 08:00:00+00:00,6.93,46.4,151.25,350.11,55.25,239.6,2.69,165.0,101620.0
1990-01-25 09:00:00+00:00,5.05,55.95,17.4,66.89,10.35,237.45,2.55,160.0,101580.0
1990-01-25 10:00:00+00:00,2.6,62.5,0.0,0.0,0.0,232.05,2.76,173.0,101600.0
1990-01-25 11:00:00+00:00,0.91,70.05,0.0,0.0,0.0,231.65,2.62,195.0,101560.0
1990-01-25 12:00:00+00:00,-0.05,75.6,0.0,0.0,0.0,230.5,2.62,200.0,101560.0
1990-01-25 13:00:00+00:00,-0.65,78.6,0.0,0.0,0.0,229.9,2.83,197.0,101500.0
1990-01-25 14:00:00+00:00,-0.84,85.0,0.0,0.0,0.0,229.5,2.9,196.0,101450.0
1990-01-25 15:00:00+00:00,-0.95,85.0,0.0,0.0,0.0,229.15,2.83,196.0,101370.0
1990-01-25 16:00:00+00:00,-0.93,85.0,0.0,0.0,0.0,231.85,2.9,193.0,101250.0
1990-01-25 17:00:00+00:00,-0.72,85.05,0.0,0.0,0.0,238.2,3.1,194.0,101090.0
1990-01-25 18:00:00+00:00,-0.45,85.05,0.0,0.0,0.0,241.7,3.03,199.0,101040.0
1990-01-25 19:00:00+00:00,-0.39,81.75,0.0,0.0,0.0,249.05,2.76,206.0,101030.0
1990-01-25 20:00:00+00:00,-0.24,78.65,0.0,0.0,0.0,254.1,3.03,200.0,100900.0
1990-01-25 21:00:00+00:00,0.09,81.8,0.0,0.0,0.0,254.5,3.45,198.0,100750.0
1990-01-25 22:00:00+00:00,0.26,78.75,0.0,0.0,0.0,256.2,3.17,206.0,100690.0
1990-01-25 23:00:00+00:00,0.04,81.8,0.0,0.0,0.0,257.95,2.9,215.0,100720.0
1990-01-26 00:00:00+00:00,0.17,78.75,98.0,336.12,70.3,261.85,2.9,216.0,100720.0
1990-01-26 01:00:00+00:00,2.43,70.3,201.8,253.4,137.15,265.8,2.48,227.0,100730.0
1990-01-26 02:00:00+00:00,5.49,60.65,346.55,427.28,176.8,270.15,2.34,229.0,100720.0
1990-01-26 03:00:00+00:00,9.36,48.95,502.95,721.8,142.65,272.85,2.21,235.0,100720.0
1990-01-26 04:00:00+00:00,12.73,38.0,556.1,770.14,129.55,263.0,1.79,275.0,100720.0
1990-01-26 05:00:00+00:00,14.43,29.4,546.1,790.95,105.05,264.35,2.97,337.0,100730.0
1990-01-26 06:00:00+00:00,15.01,27.2,456.15,707.86,95.0,263.6,4.0,359.0,100810.0
1990-01-26 07:00:00+00:00,13.97,32.95,304.9,489.24,101.95,264.75,3.38,37.0,100860.0
1990-01-26 08:00:00+00:00,12.57,39.5,152.0,344.06,56.35,263.75,2.62,52.0,101010.0
1990-01-26 09:00:00+00:00,10.07,45.4,17.3,39.89,12.95,254.65,2.48,53.0,101150.0
1990-01-26 10:00:00+00:00,7.25,50.35,0.0,0.0,0.0,251.95,2.34,40.0,101340.0
1990-01-26 11:00:00+00:00,4.89,58.2,0.0,0.0,0.0,251.75,2.14,17.0,101490.0
1990-01-26 12:00:00+00:00,2.84,60.15,0.0,0.0,0.0,250.05,2.28,1.0,101650.0
1990-01-26 13:00:00+00:00,1.51,62.25,0.0,0.0,0.0,252.35,2.34,2.0,101820.0
1990-01-26 14:00:00+00:00,0.67,62.15,0.0,0.0,0.0,252.75,2.41,16.0,101940.0
1990-01-26 15:00:00+00:00,0.0,67.1,0.0,0.0,0.0,253.7,2.21,26.0,102020.0
1990-01-26 16:00:00+00:00,-0.81,69.75,0.0,0.0,0.0,243.05,1.79,33.0,102060.0
1990-01-26 17:00:00+00:00,-0.73,67.0,0.0,0.0,0.0,242.85,1.31,16.0,102130.0
1990-01-26 18:00:00+00:00,-0.6,64.35,0.0,0.0,0.0,227.4,1.1,326.0,102200.0
1990-01-26 19:00:00+00:00,-0.45,64.35,0.0,0.0,0.0,213.85,0.69,329.0,102200.0
1990-01-26 20:00:00+00:00,-0.95,64.25,0.0,0.0,0.0,211.5,0.83,288.0,102170.0
1990-01-26 21:00:00+00:00,-1.41,66.8,0.0,0.0,0.0,209.0,0.97,265.0,102170.0
1990-01-26 22:00:00+00:00,-2.28,66.65,0.0,0.0,0.0,207.25,1.1,253.0,102170.0
1990-01-26 23:00:00+00:00,-2.93,72.1,0.0,0.0,0.0,205.7,1.17,240.0,102190.0
1990-01-27 00:00:00+00:00,-3.34,69.25,131.85,922.38,53.75,204.95,1.31,226.0,102220.0
1990-01-27 01:00:00+00:00,-0.99,64.25,289.45,717.96,104.4,208.55,0.83,190.0,102230.0
1990-01-27 02:00:00+00:00,2.69,32.6,411.45,634.24,157.6,218.85,2.28,175.0,102200.0
1990-01-27 03:00:00+00:00,3.85,27.8,524.4,758.28,143.4,231.85,3.45,174.0,102150.0
1990-01-27 04:00:00+00:00,4.76,27.95,581.05,815.28,126.6,227.6,3.86,173.0,102050.0
1990-01-27 05:00:00+00:00,5.48,28.1,551.5,762.32,123.55,221.75,4.41,172.0,101890.0
1990-01-27 06:00:00+00:00,5.98,28.25,456.3,658.95,117.55,230.3,4.69,173.0,101710.0
1990-01-27 07:00:00+00:00,6.24,27.2,328.25,585.22,83.2,233.6,4.83,171.0,101510.0
1990-01-27 08:00:00+00:00,6.15,29.45,158.15,362.26,56.05,229.15,4.83,170.0,101420.0
1990-01-27 09:00:00+00:00,5.14,34.45,19.85,74.95,11.4,230.65,3.79,168.0,101360.0
1990-01-27 10:00:00+00:00,3.04,38.55,0.0,0.0,0.0,228.75,3.31,171.0,101370.0
1990-01-27 11:00:00+00:00,1.72,41.55,0.0,0.0,0.0,227.75,2.9,180.0,101350.0
1990-01-27 12:00:00+00:00,0.72,46.75,0.0,0.0,0.0,227.2,2.69,188.0,101360.0
1990-01-27 13:00:00+00:00,0.04,50.5,0.0,0.0,0.0,228.55,2.76,189.0,101280.0
1990-01-27 14:00:00+00:00,-0.37,52.45,0.0,0.0,0.0,229.7,2.76,192.0,101270.0
1990-01-27 15:00:00+00:00,-0.53,52.45,0.0,0.0,0.0,235.3,2.83,188.0,101210.0
1990-01-27 16:00:00+00:00,-0.63,52.45,0.0,0.0,0.0,234.35,3.03,187.0,101130.0
1990-01-27 17:00:00+00:00,-0.75,52.45,0.0,0.0,0.0,233.95,2.9,188.0,101060.0
1990-01-27 18:00:00+00:00,-0.76,54.7,0.0,0.0,0.0,243.05,2.69,184.0,101060.0
1990-01-27 19:00:00+00:00,-0.48,54.7,0.0,0.0,0.0,249.85,2.41,174.0,100940.0
1990-01-27 20:00:00+00:00,-0.52,56.95,0.0,0.0,0.0,259.3,2.34,171.0,100860.0
1990-01-27 21:00:00+00:00,-0.54,59.35,0.0,0.0,0.0,263.2,2.34,173.0,100800.0
1990-01-27 22:00:00+00:00,-0.52,61.8,0.0,0.0,0.0,264.95,2.41,176.0,100820.0
1990-01-27 23:00:00+00:00,-0.36,64.35,0.0,0.0,0.0,270.55,2.41,177.0,100810.0
1990-01-28 00:00:00+00:00,0.08,64.45,69.5,241.29,48.5,284.1,2.21,180.0,100860.0
1990-01-28 01:00:00+00:00,1.17,64.65,142.45,171.82,97.7,279.0,2.14,174.0,100860.0
1990-01-28 02:00:00+00:00,2.5,62.5,244.75,246.84,145.2,284.5,2.9,172.0,100850.0
1990-01-28 03:00:00+00:00,3.79,58.05,345.1,355.66,165.2,283.1,3.52,172.0,100800.0
1990-01-28 04:00:00+00:00,5.06,60.5,420.9,470.02,157.2,282.95,3.45,171.0,100740.0
1990-01-28 05:00:00+00:00,6.18,58.45,479.3,608.28,135.5,281.95,2.97,170.0,100640.0
1990-01-28 06:00:00+00:00,7.11,56.45,366.3,480.88,117.2,271.5,2.28,160.0,100560.0
1990-01-28 07:00:00+00:00,6.59,56.3,305.2,529.13,81.55,273.85,2.0,145.0,100490.0
1990-01-28 08:00:00+00:00,6.5,56.3,146.05,313.77,56.4,254.1,1.59,133.0,100520.0
1990-01-28 09:00:00+00:00,5.73,60.75,19.35,66.55,11.6,259.7,1.38,108.0,100560.0
1990-01-28 10:00:00+00:00,4.01,67.9,0.0,0.0,0.0,243.05,1.59,102.0,100630.0
1990-01-28 11:00:00+00:00,2.52,76.0,0.0,0.0,0.0,239.4,0.9,134.0,100690.0
1990-01-28 12:00:00+00:00,1.66,82.0,0.0,0.0,0.0,241.9,0.83,193.0,100730.0
1990-01-28 13:00:00+00:00,1.37,78.9,0.0,0.0,0.0,241.9,0.0,124.0,100780.0
1990-01-28 14:00:00+00:00,-0.32,85.1,0.0,0.0,0.0,244.05,1.03,42.0,100760.0
1990-01-28 15:00:00+00:00,-0.05,85.1,0.0,0.0,0.0,251.6,0.83,42.0,100800.0
1990-01-28 16:00:00+00:00,-0.12,85.1,0.0,0.0,0.0,246.35,0.62,307.0,100840.0
1990-01-28 17:00:00+00:00,-2.3,91.85,0.0,0.0,0.0,252.35,1.59,322.0,100840.0
1990-01-28 18:00:00+00:00,-2.26,91.85,0.0,0.0,0.0,254.3,1.86,334.0,100850.0
1990-01-28 19:00:00+00:00,-2.48,91.85,0.0,0.0,0.0,236.1,1.52,333.0,100950.0
1990-01-28 20:00:00+00:00,-3.02,91.8,0.0,0.0,0.0,232.05,1.79,350.0,100990.0
1990-01-28 21:00:00+00:00,-2.75,88.25,0.0,0.0,0.0,237.85,2.41,2.0,101060.0
1990-01-28 22:00:00+00:00,-2.41,84.85,0.0,0.0,0.0,234.55,2.83,5.0,101160.0
1990-01-28 23:00:00+00:00,-2.06,78.35,0.0,0.0,0.0,240.35,2.97,3.0,101280.0
1990-01-29 00:00:00+00:00,-1.87,75.3,117.3,558.17,67.35,229.9,3.03,4.0,101400.0
1990-01-29 01:00:00+00:00,0.03,69.85,265.7,569.21,115.85,232.9,2.97,15.0,101520.0
1990-01-29 02:00:00+00:00,1.31,48.85,399.3,628.63,143.8,232.8,4.07,32.0,101620.0
1990-01-29 03:00:00+00:00,2.17,39.9,438.4,532.04,167.45,237.85,4.07,32.0,101700.0
1990-01-29 04:00:00+00:00,2.69,34.0,414.85,389.03,195.15,248.1,4.14,35.0,101680.0
1990-01-29 05:00:00+00:00,2.82,31.25,420.7,414.44,184.85,261.65,4.21,35.0,101600.0
1990-01-29 06:00:00+00:00,2.92,28.75,336.55,254.32,203.8,255.45,4.07,40.0,101560.0
1990-01-29 07:00:00+00:00,3.17,30.0,227.3,233.91,127.5,272.3,4.0,44.0,101530.0
1990-01-29 08:00:00+00:00,2.64,28.6,118.45,167.29,70.0,264.55,4.07,43.0,101620.0
1990-01-29 09:00:00+00:00,1.88,28.45,20.3,64.07,12.6,254.85,3.66,38.0,101720.0
1990-01-29 10:00:00+00:00,0.21,31.9,0.0,0.0,0.0,230.65,3.1,27.0,101870.0
1990-01-29 11:00:00+00:00,-0.86,34.3,0.0,0.0,0.0,232.2,2.9,18.0,101990.0
1990-01-29 12:00:00+00:00,-1.82,32.7,0.0,0.0,0.0,219.45,2.76,10.0,102110.0
1990-01-29 13:00:00+00:00,-2.72,33.9,0.0,0.0,0.0,208.05,2.48,3.0,102220.0
1990-01-29 14:00:00+00:00,-3.46,36.65,0.0,0.0,0.0,203.75,2.28,3.0,102320.0
1990-01-29 15:00:00+00:00,-4.2,36.5,0.0,0.0,0.0,197.95,2.14,1.0,102390.0
1990-01-29 16:00:00+00:00,-4.82,38.0,0.0,0.0,0.0,194.5,2.0,355.0,102410.0
1990-01-29 17:00:00+00:00,-5.33,37.85,0.0,0.0,0.0,191.6,2.0,344.0,102440.0
1990-01-29 18:00:00+00:00,-5.7,39.4,0.0,0.0,0.0,190.05,1.93,343.0,102490.0
1990-01-29 19:00:00+00:00,-6.34,35.9,0.0,0.0,0.0,186.75,2.14,358.0,102600.0
1990-01-29 20:00:00+00:00,-6.54,34.35,0.0,0.0,0.0,185.0,2.14,2.0,102570.0
1990-01-29 21:00:00+00:00,-6.78,34.35,0.0,0.0,0.0,184.05,1.93,2.0,102600.0
1990-01-29 22:00:00+00:00,-7.12,35.75,0.0,0.0,0.0,182.7,1.72,7.0,102610.0
1990-01-29 23:00:00+00:00,-7.32,35.75,0.0,0.0,0.0,182.5,1.38,9.0,102670.0
1990-01-30 00:00:00+00:00,-7.09,35.75,144.25,984.34,53.65,182.3,1.03,10.0,102730.0
1990-01-30 01:00:00+00:00,-4.45,30.45,322.65,896.84,83.95,184.55,1.17,30.0,102790.0
1990-01-30 02:00:00+00:00,-2.83,21.7,468.4,878.4,108.55,187.9,1.59,53.0,102790.0
1990-01-30 03:00:00+00:00,-1.69,20.05,569.5,887.88,114.2,193.5,1.17,81.0,102760.0
1990-01-30 04:00:00+00:00,-0.71,19.4,555.75,710.72,151.7,196.4,1.17,112.0,102680.0
1990-01-30 05:00:00+00:00,-0.14,18.7,577.8,798.05,120.5,204.55,1.38,120.0,102520.0
1990-01-30 06:00:00+00:00,0.41,19.7,491.35,743.33,100.35,201.65,1.52,129.0,102380.0
1990-01-30 07:00:00+00:00,0.36,19.7,346.75,606.93,85.35,201.05,1.72,123.0,102280.0
1990-01-30 08:00:00+00:00,0.1,20.45,169.4,376.58,58.85,203.4,1.86,133.0,102260.0
1990-01-30 09:00:00+00:00,-0.59,22.25,22.25,71.8,13.35,212.1,1.79,133.0,102240.0
1990-01-30 10:00:00+00:00,-1.85,26.25,0.0,0.0,0.0,227.4,2.0,132.0,102210.0
1990-01-30 11:00:00+00:00,-2.84,29.7,0.0,0.0,0.0,221.6,1.79,149.0,102210.0
1990-01-30 12:00:00+00:00,-3.51,33.6,0.0,0.0,0.0,224.1,1.79,175.0,102200.0
1990-01-30 13:00:00+00:00,-3.79,35.1,0.0,0.0,0.0,231.45,1.93,188.0,102180.0
1990-01-30 14:00:00+00:00,-3.51,35.1,0.0,0.0,0.0,246.75,2.21,194.0,102150.0
1990-01-30 15:00:00+00:00,-3.12,35.25,0.0,0.0,0.0,257.2,2.48,191.0,102140.0
1990-01-30 16:00:00+00:00,-2.93,35.25,0.0,0.0,0.0,259.9,2.69,184.0,102060.0
1990-01-30 17:00:00+00:00,-3.06,35.25,0.0,0.0,0.0,248.85,2.76,182.0,102020.0
1990-01-30 18:00:00+00:00,-3.05,36.8,0.0,0.0,0.0,252.15,2.9,178.0,101970.0
1990-01-30 19:00:00+00:00,-3.46,40.0,0.0,0.0,0.0,238.8,2.69,178.0,101890.0
1990-01-30 20:00:00+00:00,-3.78,41.75,0.0,0.0,0.0,223.3,2.55,175.0,101770.0
1990-01-30 21:00:00+00:00,-4.21,45.35,0.0,0.0,0.0,212.1,2.34,176.0,101710.0
1990-01-30 22:00:00+00:00,-4.48,49.25,0.0,0.0,0.0,212.3,2.14,176.0,101660.0
1990-01-30 23:00:00+00:00,-4.73,49.25,0.0,0.0,0.0,211.3,2.0,174.0,101690.0
1990-01-31 00:00:00+00:00,-4.73,51.4,139.2,909.81,53.05,212.3,1.79,176.0,101710.0
1990-01-31 01:00:00+00:00,-2.44,47.75,312.3,855.49,82.05,214.35,2.07,181.0,101720.0
1990-01-31 02:00:00+00:00,-0.25,41.0,460.35,877.16,98.1,217.3,2.34,179.0,101720.0
1990-01-31 03:00:00+00:00,1.78,36.7,547.45,812.84,127.7,221.4,2.48,176.0,101670.0
1990-01-31 04:00:00+00:00,3.48,34.15,543.65,635.98,179.65,229.15,2.28,176.0,101610.0
1990-01-31 05:00:00+00:00,4.52,35.75,512.9,567.4,185.5,236.65,2.07,171.0,101510.0
1990-01-31 06:00:00+00:00,5.14,35.9,411.4,407.67,195.3,243.25,2.0,162.0,101420.0
1990-01-31 07:00:00+00:00,5.0,34.45,245.4,155.95,177.6,253.7,2.0,147.0,101350.0
1990-01-31 08:00:00+00:00,4.65,35.75,104.5,37.14,93.45,263.75,1.93,146.0,101400.0
1990-01-31 09:00:00+00:00,3.75,38.85,14.95,1.17,14.8,261.25,1.45,142.0,101480.0
1990-01-31 10:00:00+00:00,2.48,43.45,0.0,0.0,0.0,264.75,1.52,160.0,101560.0
1990-01-31 11:00:00+00:00,0.94,50.75,0.0,0.0,0.0,266.65,1.79,184.0,101620.0
1990-01-31 12:00:00+00:00,-0.27,57.1,0.0,0.0,0.0,259.3,1.79,203.0,101670.0
1990-01-31 13:00:00+00:00,-1.12,61.65,0.0,0.0,0.0,254.3,1.86,212.0,101680.0
1990-01-31 14:00:00+00:00,-1.74,64.1,0.0,0.0,0.0,241.5,1.59,224.0,101730.0
1990-01-31 15:00:00+00:00,-1.0,61.65,0.0,0.0,0.0,231.85,1.03,255.0,101790.0
1990-01-31 16:00:00+00:00,-6.44,78.73,0.0,0.0,0.0,210.89,1.68,310.0,101860.0
1990-01-31 17:00:00+00:00,-5.61,77.02,0.0,0.0,0.0,213.08,1.67,342.0,101920.0
1990-01-31 18:00:00+00:00,-4.79,75.32,0.0,0.0,0.0,215.28,1.66,348.0,101990.0
1990-01-31 19:00:00+00:00,-3.96,73.61,0.0,0.0,0.0,217.48,1.65,346.0,102060.0
1990-01-31 20:00:00+00:00,-3.14,71.91,0.0,0.0,0.0,219.67,1.64,345.0,102140.0
1990-01-31 21:00:00+00:00,-2.31,70.2,0.0,0.0,0.0,221.87,1.63,2.0,102230.0
1990-01-31 22:00:00+00:00,-1.49,68.5,0.0,0.0,0.0,224.07,1.62,13.0,102300.0
1990-01-31 23:00:00+00:00,-0.67,66.79,0.0,0.0,0.0,226.26,1.61,16.0,102430.0
1990-02-01 00:00:00+00:00,0.16,65.08,117.3,589.12,59.9,228.46,1.6,318.0,101310.0
1990-02-01 01:00:00+00:00,0.98,63.38,287.8,697.22,98.0,230.65,1.59,305.0,101470.0
1990-02-01 02:00:00+00:00,1.81,61.67,458.8,858.47,101.35,232.85,1.58,4.0,101570.0
1990-02-01 03:00:00+00:00,2.63,59.97,561.1,870.16,108.55,235.05,1.57,47.0,101630.0
1990-02-01 04:00:00+00:00,3.46,58.26,594.95,839.74,111.05,237.24,1.56,72.0,101650.0
1990-02-01 05:00:00+00:00,4.28,56.56,569.35,785.45,112.95,239.44,1.55,81.0,101570.0
1990-02-01 06:00:00+00:00,5.11,54.85,466.25,662.66,112.25,241.63,1.54,88.0,101500.0
1990-02-01 07:00:00+00:00,5.93,53.15,339.65,570.91,89.1,243.83,1.53,78.0,101490.0
1990-02-01 08:00:00+00:00,5.84,42.55,170.75,355.53,63.55,241.9,2.21,75.0,101550.0
1990-02-01 09:00:00+00:00,4.85,45.85,25.55,65.37,16.95,236.85,1.45,62.0,101620.0
1990-02-01 10:00:00+00:00,3.32,51.3,0.0,0.0,0.0,233.4,1.31,35.0,101690.0
1990-02-01 11:00:00+00:00,1.38,59.7,0.0,0.0,0.0,244.2,1.45,5.0,101770.0
1990-02-01 12:00:00+00:00,0.52,57.35,0.0,0.0,0.0,246.95,1.31,4.0,101820.0
1990-02-01 13:00:00+00:00,0.36,57.2,0.0,0.0,0.0,241.7,1.24,25.0,101900.0
1990-02-01 14:00:00+00:00,-0.87,59.35,0.0,0.0,0.0,240.75,1.31,49.0,101960.0
1990-02-01 15:00:00+00:00,-1.93,59.1,0.0,0.0,0.0,242.65,1.52,59.0,102000.0
1990-02-01 16:00:00+00:00,-2.66,58.85,0.0,0.0,0.0,238.4,1.52,55.0,102070.0
1990-02-01 17:00:00+00:00,-3.36,56.35,0.0,0.0,0.0,228.95,1.52,37.0,102130.0
1990-02-01 18:00:00+00:00,-4.1,58.5,0.0,0.0,0.0,218.5,1.59,11.0,102160.0
1990-02-01 19:00:00+00:00,-4.68,60.85,0.0,0.0,0.0,217.3,1.79,3.0,102090.0
1990-02-01 20:00:00+00:00,-4.85,60.85,0.0,0.0,0.0,215.6,1.66,359.0,102050.0
1990-02-01 21:00:00+00:00,-4.97,58.35,0.0,0.0,0.0,213.45,1.45,358.0,102020.0
1990-02-01 22:00:00+00:00,-5.18,60.75,0.0,0.0,0.0,211.7,1.38,2.0,102050.0
1990-02-01 23:00:00+00:00,-5.36,60.75,0.0,0.0,0.0,209.4,1.24,4.0,102090.0
1990-02-02 00:00:00+00:00,-5.0,58.35,147.7,920.52,55.4,208.8,1.03,5.0,102160.0
1990-02-02 01:00:00+00:00,-2.23,44.0,324.65,872.04,84.5,210.1,0.97,24.0,102230.0
1990-02-02 02:00:00+00:00,0.0,34.6,475.45,891.85,101.0,212.65,1.03,51.0,102230.0
1990-02-02 03:00:00+00:00,1.79,32.2,576.25,890.37,109.85,215.6,1.1,91.0,102170.0
1990-02-02 04:00:00+00:00,3.24,31.25,614.35,861.06,114.75,219.05,1.38,121.0,102080.0
1990-02-02 05:00:00+00:00,4.34,30.25,583.9,793.95,119.3,222.75,1.59,136.0,101940.0
1990-02-02 06:00:00+00:00,5.09,30.55,471.65,611.01,142.7,225.05,2.14,149.0,101820.0
1990-02-02 07:00:00+00:00,5.73,32.0,303.8,348.77,149.3,233.75,2.62,154.0,101660.0
1990-02-02 08:00:00+00:00,5.49,33.2,158.0,237.94,85.3,245.2,2.55,154.0,101590.0
1990-02-02 09:00:00+00:00,4.59,37.4,26.0,53.92,18.7,248.5,1.93,147.0,101570.0
1990-02-02 10:00:00+00:00,2.93,45.3,0.0,0.0,0.0,243.45,2.21,153.0,101580.0
1990-02-02 11:00:00+00:00,1.43,50.75,0.0,0.0,0.0,240.35,2.07,176.0,101600.0
1990-02-02 12:00:00+00:00,0.36,52.75,0.0,0.0,0.0,255.05,2.07,195.0,101570.0
1990-02-02 13:00:00+00:00,-0.26,57.1,0.0,0.0,0.0,264.35,1.93,207.0,101550.0
1990-02-02 14:00:00+00:00,-0.21,59.45,0.0,0.0,0.0,285.85,1.66,208.0,101490.0
1990-02-02 15:00:00+00:00,0.07,59.6,0.0,0.0,0.0,297.65,1.59,199.0,101470.0
1990-02-02 16:00:00+00:00,0.36,67.2,0.0,0.0,0.0,305.75,1.52,183.0,101390.0
1990-02-02 17:00:00+00:00,0.38,69.95,0.0,0.0,0.0,305.0,1.45,166.0,101320.0
1990-02-02 18:00:00+00:00,0.32,78.75,0.0,0.0,0.0,305.2,1.72,156.0,101270.0
1990-02-02 19:00:00+00:00,0.1,88.5,0.0,0.0,0.0,302.3,1.93,153.0,101200.0
1990-02-02 20:00:00+00:00,0.04,92.0,0.0,0.0,0.0,304.8,2.21,153.0,101110.0
1990-02-02 21:00:00+00:00,-0.07,95.6,0.0,0.0,0.0,306.95,2.28,152.0,101030.0
1990-02-02 22:00:00+00:00,-0.25,92.0,0.0,0.0,0.0,306.15,2.34,149.0,101000.0
1990-02-02 23:00:00+00:00,-0.41,92.0,0.0,0.0,0.0,305.95,2.41,150.0,100960.0
1990-02-03 00:00:00+00:00,-0.49,92.0,21.35,0.0,21.35,305.95,2.41,154.0,100950.0
1990-02-03 01:00:00+00:00,-0.4,88.45,69.3,10.59,66.35,305.3,2.55,161.0,100960.0
1990-02-03 02:00:00+00:00,0.0,88.45,87.3,5.55,84.95,305.0,2.55,166.0,100920.0
1990-02-03 03:00:00+00:00,0.21,85.15,168.4,17.63,159.1,303.45,2.69,167.0,100870.0
1990-02-03 04:00:00+00:00,0.77,81.95,234.45,36.97,212.85,301.3,2.97,172.0,100770.0
1990-02-03 05:00:00+00:00,1.35,81.95,175.85,0.0,175.85,304.2,2.97,174.0,100610.0
1990-02-03 06:00:00+00:00,1.35,81.95,177.05,5.9,173.85,307.9,2.55,169.0,100490.0
1990-02-03 07:00:00+00:00,1.4,78.8,136.05,20.13,127.05,300.75,2.0,170.0,100470.0
1990-02-03 08:00:00+00:00,1.42,81.95,88.0,17.44,82.6,296.65,1.93,175.0,100440.0
1990-02-03 09:00:00+00:00,1.2,81.95,15.3,6.46,14.4,288.35,1.79,176.0,100380.0
1990-02-03 10:00:00+00:00,0.27,85.15,0.0,0.0,0.0,274.2,1.38,167.0,100380.0
1990-02-03 11:00:00+00:00,-0.57,91.95,0.0,0.0,0.0,265.1,0.48,161.0,100420.0
1990-02-03 12:00:00+00:00,-0.77,88.45,0.0,0.0,0.0,241.9,0.28,129.0,100490.0
1990-02-03 13:00:00+00:00,-1.1,91.95,0.0,0.0,0.0,248.3,0.34,178.0,100580.0
1990-02-03 14:00:00+00:00,-1.37,91.95,0.0,0.0,0.0,245.4,0.41,220.0,100650.0
1990-02-03 15:00:00+00:00,-1.62,91.9,0.0,0.0,0.0,247.15,0.41,278.0,100700.0
1990-02-03 16:00:00+00:00,-1.69,91.9,0.0,0.0,0.0,270.35,0.48,328.0,100750.0
1990-02-03 17:00:00+00:00,-1.63,95.6,0.0,0.0,0.0,281.75,0.55,326.0,100810.0
1990-02-03 18:00:00+00:00,-1.5,91.95,0.0,0.0,0.0,280.2,0.41,307.0,100900.0
1990-02-03 19:00:00+00:00,-1.86,88.35,0.0,0.0,0.0,258.55,0.41,174.0,100990.0
1990-02-03 20:00:00+00:00,-2.73,91.85,0.0,0.0,0.0,257.6,1.03,57.0,101080.0
1990-02-03 21:00:00+00:00,-3.06,95.55,0.0,0.0,0.0,255.05,1.45,41.0,101230.0
1990-02-03 22:00:00+00:00,-2.96,91.85,0.0,0.0,0.0,264.15,1.24,25.0,101430.0
1990-02-03 23:00:00+00:00,-2.74,95.55,0.0,0.0,0.0,269.2,1.17,355.0,101570.0
1990-02-04 00:00:00+00:00,-2.11,95.55,84.45,272.08,55.55,277.1,1.52,341.0,101670.0
1990-02-04 01:00:00+00:00,-0.53,88.45,222.55,435.13,99.85,276.05,2.0,347.0,101790.0
1990-02-04 02:00:00+00:00,1.18,72.85,375.8,496.07,163.95,261.85,2.76,17.0,101880.0
1990-02-04 03:00:00+00:00,2.28,57.6,379.3,425.84,152.95,273.05,3.1,29.0,101890.0
1990-02-04 04:00:00+00:00,2.53,45.3,487.65,470.66,210.75,251.0,3.31,32.0,101880.0
1990-02-04 05:00:00+00:00,3.17,38.55,459.2,495.26,165.25,258.75,3.38,34.0,101770.0
1990-02-04 06:00:00+00:00,3.41,34.0,361.05,401.97,141.25,252.95,3.31,38.0,101690.0
1990-02-04 07:00:00+00:00,2.74,33.9,322.5,474.14,108.5,257.6,3.17,33.0,101630.0
1990-02-04 08:00:00+00:00,2.69,32.5,165.2,299.87,71.15,248.5,2.9,38.0,101610.0
1990-02-04 09:00:00+00:00,1.87,36.55,29.15,64.3,19.95,232.2,1.72,45.0,101620.0
1990-02-04 10:00:00+00:00,0.73,39.6,0.0,0.0,0.0,241.7,1.59,35.0,101630.0
1990-02-04 11:00:00+00:00,-0.67,48.3,0.0,0.0,0.0,239.2,1.31,35.0,101670.0
1990-02-04 12:00:00+00:00,-1.59,52.2,0.0,0.0,0.0,248.3,1.24,33.0,101670.0
1990-02-04 13:00:00+00:00,-2.02,56.6,0.0,0.0,0.0,247.15,1.24,55.0,101640.0
1990-02-04 14:00:00+00:00,-2.41,61.45,0.0,0.0,0.0,241.3,1.17,83.0,101620.0
1990-02-04 15:00:00+00:00,-2.95,66.6,0.0,0.0,0.0,232.05,1.1,87.0,101600.0
1990-02-04 16:00:00+00:00,-3.4,69.25,0.0,0.0,0.0,238.2,1.1,98.0,101540.0
1990-02-04 17:00:00+00:00,-3.98,75.05,0.0,0.0,0.0,238.4,1.24,127.0,101530.0
1990-02-04 18:00:00+00:00,-3.18,72.1,0.0,0.0,0.0,272.1,0.9,140.0,101450.0
1990-02-04 19:00:00+00:00,-2.09,69.45,0.0,0.0,0.0,293.75,0.97,140.0,101330.0
1990-02-04 20:00:00+00:00,-2.12,72.3,0.0,0.0,0.0,292.6,1.03,135.0,101250.0
1990-02-04 21:00:00+00:00,-2.29,75.3,0.0,0.0,0.0,291.05,1.24,137.0,101200.0
1990-02-04 22:00:00+00:00,-2.47,78.35,0.0,0.0,0.0,289.3,1.31,134.0,101200.0
1990-02-04 23:00:00+00:00,-2.63,84.85,0.0,0.0,0.0,289.9,1.24,128.0,101190.0
1990-02-05 00:00:00+00:00,-2.8,84.85,126.05,568.02,63.95,272.1,1.1,131.0,101210.0
1990-02-05 01:00:00+00:00,-2.21,81.55,299.9,682.53,105.1,250.35,1.38,150.0,101230.0
1990-02-05 02:00:00+00:00,-0.42,72.65,408.65,626.67,138.7,241.15,1.59,158.0,101230.0
1990-02-05 03:00:00+00:00,0.95,67.3,486.75,620.27,154.6,256.05,1.79,155.0,101170.0
1990-02-05 04:00:00+00:00,2.28,62.35,555.45,649.16,170.85,241.3,1.72,169.0,101110.0
1990-02-05 05:00:00+00:00,3.29,60.15,537.35,631.84,159.65,254.65,1.52,170.0,101020.0
1990-02-05 06:00:00+00:00,4.07,58.05,444.7,558.36,137.0,256.05,1.93,157.0,100930.0
1990-02-05 07:00:00+00:00,4.3,58.05,356.25,563.16,99.7,258.95,2.28,123.0,100880.0
1990-02-05 08:00:00+00:00,4.1,58.05,183.5,366.37,67.1,244.05,2.07,107.0,100890.0
1990-02-05 09:00:00+00:00,3.17,65.1,31.95,89.83,18.75,236.85,1.24,120.0,100970.0
1990-02-05 10:00:00+00:00,1.7,70.1,0.0,0.0,0.0,235.9,1.45,141.0,101010.0
1990-02-05 11:00:00+00:00,-0.36,78.65,0.0,0.0,0.0,229.7,1.38,191.0,101090.0
1990-02-05 12:00:00+00:00,-2.11,88.3,0.0,0.0,0.0,228.95,1.86,216.0,101120.0
1990-02-05 13:00:00+00:00,-2.8,88.25,0.0,0.0,0.0,228.75,2.0,213.0,101140.0
1990-02-05 14:00:00+00:00,-3.11,91.8,0.0,0.0,0.0,228.35,2.14,207.0,101140.0
1990-02-05 15:00:00+00:00,-3.33,91.8,0.0,0.0,0.0,228.15,1.93,209.0,101130.0
1990-02-05 16:00:00+00:00,-3.67,91.8,0.0,0.0,0.0,226.8,1.79,210.0,101150.0
1990-02-05 17:00:00+00:00,-3.83,91.8,0.0,0.0,0.0,225.65,1.45,216.0,101140.0
1990-02-05 18:00:00+00:00,-3.24,88.25,0.0,0.0,0.0,226.05,0.97,217.0,101150.0
1990-02-05 19:00:00+00:00,-3.19,91.8,0.0,0.0,0.0,226.05,0.76,177.0,101170.0
1990-02-05 20:00:00+00:00,-3.24,91.8,0.0,0.0,0.0,224.3,0.69,115.0,101150.0
1990-02-05 21:00:00+00:00,-3.92,91.8,0.0,0.0,0.0,236.5,0.97,90.0,101110.0
1990-02-05 22:00:00+00:00,-3.37,91.8,0.0,0.0,0.0,250.4,0.55,107.0,101150.0
1990-02-05 23:00:00+00:00,-3.2,91.8,0.0,0.0,0.0,256.05,0.41,121.0,101150.0
1990-02-06 00:00:00+00:00,-2.78,91.85,77.75,58.21,71.2,277.3,0.48,126.0,101190.0
1990-02-06 01:00:00+00:00,-1.63,88.35,192.55,151.95,148.65,273.35,0.55,126.0,101230.0
1990-02-06 02:00:00+00:00,-0.23,85.1,286.05,299.85,155.75,273.45,0.69,118.0,101250.0
1990-02-06 03:00:00+00:00,1.12,81.95,473.75,558.09,172.65,280.2,1.03,118.0,101250.0
1990-02-06 04:00:00+00:00,2.96,76.0,532.25,600.18,174.15,267.05,1.1,92.0,101160.0
1990-02-06 05:00:00+00:00,4.41,70.6,545.9,663.8,146.25,261.85,1.52,62.0,101080.0
1990-02-06 06:00:00+00:00,5.37,65.55,495.55,659.73,129.15,249.65,1.79,59.0,101020.0
1990-02-06 07:00:00+00:00,4.93,65.4,321.5,485.66,98.2,241.15,2.0,74.0,100970.0
1990-02-06 08:00:00+00:00,4.63,62.95,156.45,290.08,63.1,254.85,2.14,64.0,101060.0
1990-02-06 09:00:00+00:00,3.69,67.8,31.1,84.54,18.35,258.95,1.79,58.0,101110.0
1990-02-06 10:00:00+00:00,1.74,75.85,0.0,0.0,0.0,237.45,2.14,44.0,101210.0
1990-02-06 11:00:00+00:00,0.21,81.9,0.0,0.0,0.0,242.65,1.93,32.0,101320.0
1990-02-06 12:00:00+00:00,-0.62,85.05,0.0,0.0,0.0,249.25,2.21,25.0,101470.0
1990-02-06 13:00:00+00:00,-0.88,85.05,0.0,0.0,0.0,257.6,2.48,22.0,101590.0
1990-02-06 14:00:00+00:00,-1.13,88.4,0.0,0.0,0.0,254.3,2.9,29.0,101720.0
1990-02-06 15:00:00+00:00,-0.98,81.75,0.0,0.0,0.0,273.05,4.21,43.0,101870.0
1990-02-06 16:00:00+00:00,-2.58,49.8,0.0,0.0,0.0,269.6,6.14,56.0,102040.0
1990-02-06 17:00:00+00:00,-4.39,22.3,0.0,0.0,0.0,263.4,4.48,52.0,102220.0
1990-02-06 18:00:00+00:00,-5.32,21.0,0.0,0.0,0.0,256.6,3.72,44.0,102310.0
1990-02-06 19:00:00+00:00,-5.17,20.05,0.0,0.0,0.0,251.0,3.52,40.0,102230.0
1990-02-06 20:00:00+00:00,-5.77,20.9,0.0,0.0,0.0,240.15,3.24,39.0,102270.0
1990-02-06 21:00:00+00:00,-6.39,21.75,0.0,0.0,0.0,235.9,3.17,45.0,102310.0
1990-02-06 22:00:00+00:00,-7.02,21.6,0.0,0.0,0.0,222.35,3.03,46.0,102390.0
1990-02-06 23:00:00+00:00,-7.56,22.5,0.0,0.0,0.0,213.05,2.69,50.0,102490.0
1990-02-07 00:00:00+00:00,-7.76,22.35,107.95,223.64,82.05,221.75,2.55,51.0,102590.0
1990-02-07 01:00:00+00:00,-7.35,21.5,285.85,480.85,145.2,225.55,2.48,57.0,102730.0
1990-02-07 02:00:00+00:00,-6.53,20.75,461.1,686.68,160.05,215.4,2.21,64.0,102740.0
1990-02-07 03:00:00+00:00,-5.45,20.05,579.05,777.04,156.65,209.95,2.07,71.0,102770.0
1990-02-07 04:00:00+00:00,-4.52,19.4,644.35,876.03,117.95,198.35,1.93,76.0,102720.0
1990-02-07 05:00:00+00:00,-3.67,20.45,617.2,829.01,114.5,190.8,1.66,76.0,102610.0
1990-02-07 06:00:00+00:00,-3.05,21.55,525.95,751.9,105.1,192.15,1.66,81.0,102510.0
1990-02-07 07:00:00+00:00,-3.03,23.6,378.9,612.87,94.5,193.15,2.0,81.0,102460.0
1990-02-07 08:00:00+00:00,-3.23,23.6,202.5,418.06,66.25,194.1,2.07,85.0,102480.0
1990-02-07 09:00:00+00:00,-3.86,24.55,39.5,126.36,19.95,192.15,2.07,97.0,102500.0
1990-02-07 10:00:00+00:00,-5.04,27.85,0.0,0.0,0.0,190.6,1.79,105.0,102550.0
1990-02-07 11:00:00+00:00,-5.94,31.55,0.0,0.0,0.0,190.2,1.72,113.0,102610.0
1990-02-07 12:00:00+00:00,-6.31,32.85,0.0,0.0,0.0,203.75,1.66,128.0,102650.0
1990-02-07 13:00:00+00:00,-6.07,32.85,0.0,0.0,0.0,224.5,1.59,154.0,102740.0
1990-02-07 14:00:00+00:00,-5.96,30.15,0.0,0.0,0.0,228.95,1.93,165.0,102810.0
1990-02-07 15:00:00+00:00,-6.29,31.4,0.0,0.0,0.0,216.55,2.0,161.0,102790.0
1990-02-07 16:00:00+00:00,-6.23,31.4,0.0,0.0,0.0,227.2,2.14,171.0,102820.0
1990-02-07 17:00:00+00:00,-6.44,32.85,0.0,0.0,0.0,217.5,1.93,172.0,102820.0
1990-02-07 18:00:00+00:00,-6.42,32.85,0.0,0.0,0.0,224.5,1.79,171.0,102810.0
1990-02-07 19:00:00+00:00,-6.83,35.75,0.0,0.0,0.0,206.5,1.72,169.0,102670.0
1990-02-07 20:00:00+00:00,-7.13,37.25,0.0,0.0,0.0,204.55,2.0,162.0,102620.0
1990-02-07 21:00:00+00:00,-7.24,37.25,0.0,0.0,0.0,207.65,2.0,162.0,102560.0
1990-02-07 22:00:00+00:00,-7.28,37.25,0.0,0.0,0.0,209.6,2.07,164.0,102600.0
1990-02-07 23:00:00+00:00,-7.46,35.6,0.0,0.0,0.0,205.15,2.14,166.0,102600.0
1990-02-08 00:00:00+00:00,-6.91,32.7,115.4,153.12,97.15,219.65,2.69,175.0,102650.0
1990-02-08 01:00:00+00:00,-5.62,28.8,256.2,270.28,176.15,225.75,3.38,179.0,102660.0
1990-02-08 02:00:00+00:00,-4.08,23.35,381.35,336.95,232.3,227.75,3.86,176.0,102610.0
1990-02-08 03:00:00+00:00,-2.71,19.8,447.65,293.75,286.75,233.0,4.41,175.0,102540.0
1990-02-08 04:00:00+00:00,-1.76,18.3,453.05,233.32,311.85,236.65,4.69,174.0,102430.0
1990-02-08 05:00:00+00:00,-1.14,18.45,416.0,174.37,309.5,237.25,4.62,176.0,102280.0
1990-02-08 06:00:00+00:00,-0.72,19.4,431.35,360.68,227.9,240.75,4.62,173.0,102130.0
1990-02-08 07:00:00+00:00,-0.37,23.4,296.9,239.69,184.65,229.9,4.48,168.0,102040.0
1990-02-08 08:00:00+00:00,-0.52,25.4,155.95,143.02,108.75,234.15,4.07,167.0,101980.0
1990-02-08 09:00:00+00:00,-1.19,27.6,29.5,20.49,26.25,228.35,3.24,167.0,101940.0
1990-02-08 10:00:00+00:00,-2.63,32.45,0.0,0.0,0.0,227.4,2.48,169.0,101940.0
1990-02-08 11:00:00+00:00,-3.63,35.1,0.0,0.0,0.0,224.85,2.55,178.0,101970.0
1990-02-08 12:00:00+00:00,-3.95,35.1,0.0,0.0,0.0,229.5,2.83,176.0,101930.0
1990-02-08 13:00:00+00:00,-3.99,36.65,0.0,0.0,0.0,236.3,3.03,179.0,101890.0
1990-02-08 14:00:00+00:00,-4.13,39.85,0.0,0.0,0.0,235.3,3.24,179.0,101850.0
1990-02-08 15:00:00+00:00,-4.37,39.85,0.0,0.0,0.0,228.75,3.38,181.0,101790.0
1990-02-08 16:00:00+00:00,-4.58,43.3,0.0,0.0,0.0,225.05,3.17,183.0,101740.0
1990-02-08 17:00:00+00:00,-4.79,45.2,0.0,0.0,0.0,222.35,2.9,183.0,101670.0
1990-02-08 18:00:00+00:00,-5.03,47.2,0.0,0.0,0.0,213.45,2.9,188.0,101630.0
1990-02-08 19:00:00+00:00,-5.64,51.15,0.0,0.0,0.0,206.7,2.41,186.0,101520.0
1990-02-08 20:00:00+00:00,-5.71,53.35,0.0,0.0,0.0,211.5,2.34,184.0,101430.0
1990-02-08 21:00:00+00:00,-5.7,55.7,0.0,0.0,0.0,215.95,2.34,185.0,101340.0
1990-02-08 22:00:00+00:00,-5.74,58.1,0.0,0.0,0.0,212.3,2.34,190.0,101320.0
1990-02-08 23:00:00+00:00,-5.84,58.1,0.0,0.0,0.0,209.95,2.07,203.0,101250.0
1990-02-09 00:00:00+00:00,-5.5,58.2,168.25,878.56,60.5,210.75,1.72,205.0,101250.0
1990-02-09 01:00:00+00:00,-2.21,49.95,349.5,870.41,88.45,214.7,2.0,186.0,101230.0
1990-02-09 02:00:00+00:00,1.14,43.05,502.5,891.36,104.65,219.65,2.83,181.0,101220.0
1990-02-09 03:00:00+00:00,3.99,38.7,604.3,888.77,113.75,225.25,3.17,181.0,101180.0
1990-02-09 04:00:00+00:00,6.47,34.9,643.95,864.45,117.05,231.05,3.31,177.0,101100.0
1990-02-09 05:00:00+00:00,8.28,31.4,617.8,817.84,114.7,236.65,3.38,170.0,100970.0
1990-02-09 06:00:00+00:00,9.25,31.7,526.35,738.58,106.5,240.15,3.52,162.0,100850.0
1990-02-09 07:00:00+00:00,8.98,35.6,382.3,614.67,91.8,241.3,3.86,154.0,100810.0
1990-02-09 08:00:00+00:00,8.14,38.4,204.25,409.4,67.45,242.1,3.72,147.0,100800.0
1990-02-09 09:00:00+00:00,6.15,46.25,42.1,126.76,21.5,240.35,2.55,131.0,100840.0
1990-02-09 10:00:00+00:00,3.5,57.8,0.0,0.0,0.0,234.35,1.93,111.0,100900.0
1990-02-09 11:00:00+00:00,0.98,67.3,0.0,0.0,0.0,230.1,1.38,74.0,100980.0
1990-02-09 12:00:00+00:00,-0.56,72.6,0.0,0.0,0.0,229.9,1.1,48.0,101060.0
1990-02-09 13:00:00+00:00,-2.51,81.55,0.0,0.0,0.0,228.75,1.59,29.0,101110.0
1990-02-09 14:00:00+00:00,-3.45,84.8,0.0,0.0,0.0,228.35,2.14,17.0,101170.0
1990-02-09 15:00:00+00:00,-3.55,88.2,0.0,0.0,0.0,227.4,2.55,3.0,101200.0
1990-02-09 16:00:00+00:00,-3.55,84.7,0.0,0.0,0.0,226.4,3.17,360.0,101260.0
1990-02-09 17:00:00+00:00,-3.64,75.05,0.0,0.0,0.0,224.65,3.38,2.0,101300.0
1990-02-09 18:00:00+00:00,-3.79,66.35,0.0,0.0,0.0,222.35,3.31,4.0,101330.0
1990-02-09 19:00:00+00:00,-4.34,66.25,0.0,0.0,0.0,218.85,3.1,3.0,101340.0
1990-02-09 20:00:00+00:00,-4.5,63.55,0.0,0.0,0.0,217.9,3.24,4.0,101330.0
1990-02-09 21:00:00+00:00,-4.27,60.95,0.0,0.0,0.0,233.6,3.45,6.0,101320.0
1990-02-09 22:00:00+00:00,-4.34,58.5,0.0,0.0,0.0,223.9,3.79,4.0,101390.0
1990-02-09 23:00:00+00:00,-3.68,56.2,0.0,0.0,0.0,255.85,4.07,7.0,101490.0
1990-02-10 00:00:00+00:00,-2.99,51.95,73.9,155.72,54.25,282.55,3.93,11.0,101580.0
1990-02-10 01:00:00+00:00,-2.39,52.05,125.25,18.6,119.6,279.35,4.76,11.0,101710.0
1990-02-10 02:00:00+00:00,-1.91,54.4,175.1,49.51,152.8,287.4,4.83,12.0,101780.0
1990-02-10 03:00:00+00:00,-1.43,52.35,225.75,57.62,193.7,291.65,4.97,12.0,101830.0
1990-02-10 04:00:00+00:00,-1.04,52.35,203.3,7.41,198.75,290.65,5.03,14.0,101840.0
1990-02-10 05:00:00+00:00,-1.04,52.35,235.8,15.49,226.2,293.75,4.97,15.0,101800.0
1990-02-10 06:00:00+00:00,-0.75,48.3,80.1,0.0,80.1,292.4,4.9,16.0,101770.0
1990-02-10 07:00:00+00:00,-1.91,56.7,105.3,5.98,102.45,293.55,4.14,16.0,101720.0
1990-02-10 08:00:00+00:00,-1.69,54.4,53.0,0.0,53.0,293.0,3.93,17.0,101770.0
1990-02-10 09:00:00+00:00,-1.81,54.4,9.85,0.0,9.85,292.4,3.45,16.0,101790.0
1990-02-10 10:00:00+00:00,-2.1,56.6,0.0,0.0,0.0,292.6,2.83,7.0,101850.0
1990-02-10 11:00:00+00:00,-2.24,56.6,0.0,0.0,0.0,291.85,2.69,355.0,101910.0
1990-02-10 12:00:00+00:00,-2.3,56.6,0.0,0.0,0.0,286.4,2.9,349.0,102000.0
1990-02-10 13:00:00+00:00,-2.23,58.95,0.0,0.0,0.0,288.75,2.83,348.0,102060.0
1990-02-10 14:00:00+00:00,-2.16,61.45,0.0,0.0,0.0,292.05,2.48,351.0,102090.0
1990-02-10 15:00:00+00:00,-2.29,64.0,0.0,0.0,0.0,286.2,2.07,354.0,102100.0
1990-02-10 16:00:00+00:00,-2.37,64.0,0.0,0.0,0.0,288.55,1.79,358.0,102090.0
1990-02-10 17:00:00+00:00,-2.43,66.65,0.0,0.0,0.0,290.65,1.86,358.0,102090.0
1990-02-10 18:00:00+00:00,-2.64,72.25,0.0,0.0,0.0,284.1,2.21,359.0,102130.0
1990-02-10 19:00:00+00:00,-3.03,69.35,0.0,0.0,0.0,281.2,1.86,12.0,102120.0
1990-02-10 20:00:00+00:00,-3.2,75.1,0.0,0.0,0.0,277.9,1.59,22.0,102080.0
1990-02-10 21:00:00+00:00,-3.39,75.1,0.0,0.0,0.0,273.45,1.66,23.0,102040.0
1990-02-10 22:00:00+00:00,-3.55,81.4,0.0,0.0,0.0,270.35,1.72,18.0,102060.0
1990-02-10 23:00:00+00:00,-3.68,81.4,0.0,0.0,0.0,267.65,1.59,9.0,102090.0
1990-02-11 00:00:00+00:00,-3.49,78.2,107.55,210.7,80.2,273.05,1.79,12.0,102120.0
1990-02-11 01:00:00+00:00,-2.71,72.25,233.3,276.3,148.3,265.25,1.86,24.0,102180.0
1990-02-11 02:00:00+00:00,-1.54,64.1,418.8,500.95,191.1,266.65,1.59,37.0,102180.0
1990-02-11 03:00:00+00:00,-0.13,57.1,434.05,358.96,232.85,254.5,1.24,54.0,102150.0
1990-02-11 04:00:00+00:00,0.74,52.85,465.95,261.43,304.3,271.9,1.03,91.0,102080.0
1990-02-11 05:00:00+00:00,1.67,53.0,349.65,141.5,261.35,268.8,1.17,133.0,101970.0
1990-02-11 06:00:00+00:00,1.85,55.2,225.8,66.17,187.6,269.6,1.66,148.0,101830.0
1990-02-11 07:00:00+00:00,0.64,57.35,130.75,14.55,123.75,278.85,0.9,124.0,101800.0
1990-02-11 08:00:00+00:00,0.19,62.0,62.15,5.26,60.35,285.05,0.97,135.0,101780.0
1990-02-11 09:00:00+00:00,-0.33,69.85,18.6,13.8,16.25,283.9,1.03,131.0,101810.0
1990-02-11 10:00:00+00:00,-1.11,78.5,0.0,0.0,0.0,280.8,0.97,121.0,101790.0
1990-02-11 11:00:00+00:00,-1.7,81.65,0.0,0.0,0.0,276.75,0.83,138.0,101810.0
1990-02-11 12:00:00+00:00,-2.16,84.85,0.0,0.0,0.0,273.05,1.24,174.0,101810.0
1990-02-11 13:00:00+00:00,-2.55,88.25,0.0,0.0,0.0,267.25,1.66,190.0,101810.0
1990-02-11 14:00:00+00:00,-2.71,88.25,0.0,0.0,0.0,263.6,1.86,190.0,101810.0
1990-02-11 15:00:00+00:00,-2.6,88.25,0.0,0.0,0.0,271.3,2.07,186.0,101760.0
1990-02-11 16:00:00+00:00,-2.65,88.25,0.0,0.0,0.0,264.75,2.21,190.0,101700.0
1990-02-11 17:00:00+00:00,-3.21,91.8,0.0,0.0,0.0,234.55,2.14,197.0,101660.0
1990-02-11 18:00:00+00:00,-3.7,91.8,0.0,0.0,0.0,221.95,2.0,217.0,101640.0
1990-02-11 19:00:00+00:00,-4.71,91.75,0.0,0.0,0.0,207.45,1.79,234.0,101660.0
1990-02-11 20:00:00+00:00,-5.19,88.05,0.0,0.0,0.0,203.75,1.79,246.0,101630.0
1990-02-11 21:00:00+00:00,-5.73,84.5,0.0,0.0,0.0,198.75,1.93,254.0,101640.0
1990-02-11 22:00:00+00:00,-6.3,77.75,0.0,0.0,0.0,195.05,2.0,261.0,101680.0
1990-02-11 23:00:00+00:00,-6.85,74.55,0.0,0.0,0.0,191.95,2.0,264.0,101690.0
1990-02-12 00:00:00+00:00,-6.43,68.65,189.45,928.4,65.5,190.6,1.45,263.0,101740.0
1990-02-12 01:00:00+00:00,-1.23,52.35,380.4,918.81,94.1,192.65,0.97,244.0,101790.0
1990-02-12 02:00:00+00:00,3.71,31.4,540.4,935.53,111.25,197.75,1.24,189.0,101800.0
1990-02-12 03:00:00+00:00,5.46,17.5,646.85,930.75,121.1,202.6,1.24,190.0,101760.0
1990-02-12 04:00:00+00:00,6.67,15.0,688.2,904.81,124.7,205.9,1.79,176.0,101710.0
1990-02-12 05:00:00+00:00,7.56,16.5,660.4,856.19,122.25,208.05,2.62,171.0,101580.0
1990-02-12 06:00:00+00:00,8.05,16.6,564.9,776.13,113.4,209.95,3.52,171.0,101460.0
1990-02-12 07:00:00+00:00,8.01,16.6,415.45,653.58,98.1,212.65,3.66,172.0,101400.0
1990-02-12 08:00:00+00:00,7.99,16.6,229.5,452.3,72.75,214.2,3.66,165.0,101310.0
1990-02-12 09:00:00+00:00,6.08,21.1,52.65,156.41,25.4,214.05,3.31,146.0,101280.0
1990-02-12 10:00:00+00:00,2.81,28.6,0.0,0.0,0.0,211.9,3.52,157.0,101250.0
1990-02-12 11:00:00+00:00,0.82,33.45,0.0,0.0,0.0,209.95,3.52,176.0,101290.0
1990-02-12 12:00:00+00:00,-0.26,37.7,0.0,0.0,0.0,208.4,3.38,194.0,101290.0
1990-02-12 13:00:00+00:00,-0.88,39.15,0.0,0.0,0.0,212.85,3.1,205.0,101310.0
1990-02-12 14:00:00+00:00,-1.47,40.7,0.0,0.0,0.0,209.0,2.97,211.0,101290.0
1990-02-12 15:00:00+00:00,-1.98,42.35,0.0,0.0,0.0,210.15,2.76,219.0,101260.0
1990-02-12 16:00:00+00:00,-2.41,40.4,0.0,0.0,0.0,220.2,2.48,224.0,101240.0
1990-02-12 17:00:00+00:00,-3.2,41.9,0.0,0.0,0.0,214.2,2.28,233.0,101240.0
1990-02-12 18:00:00+00:00,-3.95,40.0,0.0,0.0,0.0,210.75,2.14,236.0,101180.0
1990-02-12 19:00:00+00:00,-4.59,41.45,0.0,0.0,0.0,215.6,1.79,236.0,101170.0
1990-02-12 20:00:00+00:00,-4.82,39.7,0.0,0.0,0.0,213.05,1.79,238.0,101080.0
1990-02-12 21:00:00+00:00,-5.28,39.55,0.0,0.0,0.0,209.0,1.66,237.0,101040.0
1990-02-12 22:00:00+00:00,-5.74,41.15,0.0,0.0,0.0,205.5,1.59,230.0,101020.0
1990-02-12 23:00:00+00:00,-5.9,41.15,0.0,0.0,0.0,207.45,1.59,226.0,101030.0
1990-02-13 00:00:00+00:00,-5.2,41.3,186.85,863.86,68.25,204.35,1.45,227.0,101040.0
1990-02-13 01:00:00+00:00,-0.62,34.45,361.45,786.19,113.3,208.35,1.24,213.0,101100.0
1990-02-13 02:00:00+00:00,3.67,26.5,495.0,711.81,165.45,220.05,1.24,191.0,101080.0
1990-02-13 03:00:00+00:00,6.78,22.15,590.75,694.92,195.15,234.15,1.72,176.0,101080.0
1990-02-13 04:00:00+00:00,8.99,22.65,615.6,642.45,212.6,242.1,2.28,165.0,101020.0
1990-02-13 05:00:00+00:00,10.21,22.15,586.5,574.04,223.1,252.15,2.97,161.0,100900.0
1990-02-13 06:00:00+00:00,10.78,23.2,536.35,677.77,139.05,257.75,3.45,161.0,100790.0
1990-02-13 07:00:00+00:00,10.72,23.2,359.85,420.71,153.75,242.65,3.38,153.0,100740.0
1990-02-13 08:00:00+00:00,10.01,28.15,176.65,156.54,121.75,253.9,3.03,154.0,100740.0
1990-02-13 09:00:00+00:00,7.84,36.75,41.75,44.91,33.75,255.85,2.55,157.0,100770.0
1990-02-13 10:00:00+00:00,5.64,42.55,0.0,0.0,0.0,253.9,2.28,180.0,100790.0
1990-02-13 11:00:00+00:00,4.04,47.6,0.0,0.0,0.0,257.2,2.14,205.0,100870.0
1990-02-13 12:00:00+00:00,2.62,55.45,0.0,0.0,0.0,258.35,2.14,216.0,100910.0
1990-02-13 13:00:00+00:00,1.31,62.15,0.0,0.0,0.0,257.2,2.07,217.0,100950.0
1990-02-13 14:00:00+00:00,0.21,64.55,0.0,0.0,0.0,259.9,2.07,216.0,100940.0
1990-02-13 15:00:00+00:00,-0.9,67.0,0.0,0.0,0.0,247.15,2.07,217.0,100920.0
1990-02-13 16:00:00+00:00,-1.94,72.4,0.0,0.0,0.0,235.15,2.0,215.0,100900.0
1990-02-13 17:00:00+00:00,-2.47,75.3,0.0,0.0,0.0,231.85,1.93,214.0,100910.0
1990-02-13 18:00:00+00:00,-2.94,75.2,0.0,0.0,0.0,227.95,1.79,218.0,100910.0
1990-02-13 19:00:00+00:00,-4.04,74.95,0.0,0.0,0.0,221.6,1.38,224.0,100920.0
1990-02-13 20:00:00+00:00,-3.83,69.15,0.0,0.0,0.0,226.6,1.03,239.0,100860.0
1990-02-13 21:00:00+00:00,-3.1,66.45,0.0,0.0,0.0,238.4,0.62,298.0,100850.0
1990-02-13 22:00:00+00:00,-4.05,69.05,0.0,0.0,0.0,233.6,1.31,344.0,100920.0
1990-02-13 23:00:00+00:00,-4.48,66.25,0.0,0.0,0.0,220.2,1.93,358.0,101000.0
1990-02-14 00:00:00+00:00,-3.66,66.35,181.05,759.12,73.9,222.15,1.86,4.0,101120.0
1990-02-14 01:00:00+00:00,0.03,54.95,365.75,826.61,101.45,223.25,2.28,14.0,101240.0
1990-02-14 02:00:00+00:00,2.36,49.0,523.7,877.09,113.85,223.9,3.24,18.0,101270.0
1990-02-14 03:00:00+00:00,4.23,43.9,623.65,869.14,125.0,227.75,3.93,19.0,101290.0
1990-02-14 04:00:00+00:00,5.69,40.9,654.0,808.86,142.95,231.25,4.21,20.0,101270.0
1990-02-14 05:00:00+00:00,6.62,39.55,532.25,434.92,254.95,237.45,4.34,22.0,101190.0
1990-02-14 06:00:00+00:00,6.78,39.55,448.05,410.22,205.75,263.2,4.21,23.0,101140.0
1990-02-14 07:00:00+00:00,6.51,41.0,283.05,203.45,182.5,265.5,4.48,24.0,101150.0
1990-02-14 08:00:00+00:00,5.71,40.9,151.8,92.72,118.9,274.05,3.72,30.0,101160.0
1990-02-14 09:00:00+00:00,4.67,45.85,44.0,59.33,33.2,275.0,2.21,32.0,101220.0
1990-02-14 10:00:00+00:00,2.96,51.15,0.0,0.0,0.0,250.2,1.66,19.0,101270.0
1990-02-14 11:00:00+00:00,1.22,59.7,0.0,0.0,0.0,243.25,1.38,333.0,101340.0
1990-02-14 12:00:00+00:00,-0.22,61.9,0.0,0.0,0.0,247.15,1.59,307.0,101440.0
1990-02-14 13:00:00+00:00,-1.21,64.25,0.0,0.0,0.0,240.55,1.72,328.0,101500.0
1990-02-14 14:00:00+00:00,-2.01,66.8,0.0,0.0,0.0,237.65,2.14,359.0,101560.0
1990-02-14 15:00:00+00:00,-2.14,69.45,0.0,0.0,0.0,233.0,2.76,15.0,101630.0
1990-02-14 16:00:00+00:00,-2.83,78.3,0.0,0.0,0.0,224.65,2.83,20.0,101710.0
1990-02-14 17:00:00+00:00,-3.64,84.7,0.0,0.0,0.0,216.55,2.55,14.0,101760.0
1990-02-14 18:00:00+00:00,-4.18,88.15,0.0,0.0,0.0,214.4,2.34,8.0,101800.0
1990-02-14 19:00:00+00:00,-4.51,81.3,0.0,0.0,0.0,210.95,2.14,5.0,101840.0
1990-02-14 20:00:00+00:00,-4.83,84.6,0.0,0.0,0.0,209.2,1.86,5.0,101750.0
1990-02-14 21:00:00+00:00,-5.29,88.05,0.0,0.0,0.0,207.45,1.52,5.0,101730.0
1990-02-14 22:00:00+00:00,-5.46,84.55,0.0,0.0,0.0,206.3,1.1,10.0,101760.0
1990-02-14 23:00:00+00:00,-5.04,81.25,0.0,0.0,0.0,205.5,0.62,7.0,101800.0
1990-02-15 00:00:00+00:00,-4.64,84.6,188.25,823.32,68.8,205.9,0.0,26.0,101860.0
1990-02-15 01:00:00+00:00,-2.72,75.2,370.85,839.12,99.05,209.1,0.28,81.0,101890.0
1990-02-15 02:00:00+00:00,-0.47,59.45,526.2,871.94,114.95,213.85,0.69,108.0,101880.0
1990-02-15 03:00:00+00:00,1.4,52.85,627.5,865.15,127.25,217.3,1.38,126.0,101800.0
1990-02-15 04:00:00+00:00,3.01,47.15,659.65,802.19,149.15,222.95,2.0,131.0,101720.0
1990-02-15 05:00:00+00:00,4.08,42.15,645.7,812.74,123.8,230.5,2.55,132.0,101580.0
1990-02-15 06:00:00+00:00,4.86,42.3,547.55,709.33,125.4,227.0,3.38,136.0,101410.0
1990-02-15 07:00:00+00:00,4.91,44.05,404.35,598.73,105.85,229.5,3.66,150.0,101320.0
1990-02-15 08:00:00+00:00,4.83,44.05,221.1,400.86,77.2,231.05,3.52,156.0,101250.0
1990-02-15 09:00:00+00:00,4.28,47.6,54.7,142.8,28.15,233.2,2.69,160.0,101220.0
1990-02-15 10:00:00+00:00,2.73,55.45,0.0,0.0,0.0,232.2,2.14,166.0,101230.0
1990-02-15 11:00:00+00:00,1.28,62.15,0.0,0.0,0.0,228.55,2.0,182.0,101240.0
1990-02-15 12:00:00+00:00,-0.24,67.1,0.0,0.0,0.0,229.9,2.07,195.0,101270.0
1990-02-15 13:00:00+00:00,-1.6,75.35,0.0,0.0,0.0,225.85,2.14,204.0,101270.0
1990-02-15 14:00:00+00:00,-2.47,81.55,0.0,0.0,0.0,225.25,2.21,204.0,101240.0
1990-02-15 15:00:00+00:00,-2.95,84.85,0.0,0.0,0.0,225.85,2.21,201.0,101190.0
1990-02-15 16:00:00+00:00,-3.08,88.25,0.0,0.0,0.0,226.2,2.28,195.0,101140.0
1990-02-15 17:00:00+00:00,-2.91,84.85,0.0,0.0,0.0,226.8,2.41,190.0,101090.0
1990-02-15 18:00:00+00:00,-2.67,88.25,0.0,0.0,0.0,229.15,2.41,190.0,101010.0
1990-02-15 19:00:00+00:00,-3.47,88.25,0.0,0.0,0.0,224.65,1.86,185.0,101050.0
1990-02-15 20:00:00+00:00,-3.7,91.8,0.0,0.0,0.0,225.25,1.59,174.0,101000.0
1990-02-15 21:00:00+00:00,-3.66,91.8,0.0,0.0,0.0,226.05,1.31,168.0,100930.0
1990-02-15 22:00:00+00:00,-3.13,88.25,0.0,0.0,0.0,225.85,1.03,168.0,100940.0
1990-02-15 23:00:00+00:00,-3.06,91.8,0.0,0.0,0.0,226.05,0.83,148.0,100920.0
1990-02-16 00:00:00+00:00,-2.45,84.85,184.15,771.0,69.2,226.8,0.55,134.0,100930.0
1990-02-16 01:00:00+00:00,-0.03,78.65,357.85,765.51,106.65,231.0,0.76,157.0,100960.0
1990-02-16 02:00:00+00:00,2.61,70.3,496.45,740.03,144.15,237.05,1.79,173.0,100960.0
1990-02-16 03:00:00+00:00,4.75,65.4,562.45,650.44,183.4,249.05,2.28,172.0,100860.0
1990-02-16 04:00:00+00:00,6.67,61.0,571.25,517.03,239.85,255.85,2.83,174.0,100790.0
1990-02-16 05:00:00+00:00,8.03,58.9,488.8,318.45,282.85,265.5,3.1,172.0,100680.0
1990-02-16 06:00:00+00:00,8.95,54.8,336.45,189.12,223.05,277.7,3.52,174.0,100550.0
1990-02-16 07:00:00+00:00,6.7,63.35,170.45,29.53,155.6,303.85,1.66,151.0,100610.0
1990-02-16 08:00:00+00:00,7.04,63.35,100.4,0.0,100.4,314.5,1.72,152.0,100550.0
1990-02-16 09:00:00+00:00,7.04,63.35,34.35,51.37,24.6,312.15,0.48,134.0,100490.0
1990-02-16 10:00:00+00:00,5.91,68.2,0.0,0.0,0.0,298.6,1.52,349.0,100560.0
1990-02-16 11:00:00+00:00,4.06,76.25,0.0,0.0,0.0,303.45,1.93,355.0,100600.0
1990-02-16 12:00:00+00:00,3.05,82.2,0.0,0.0,0.0,300.35,2.14,3.0,100700.0
1990-02-16 13:00:00+00:00,2.12,85.3,0.0,0.0,0.0,295.9,2.21,12.0,100760.0
1990-02-16 14:00:00+00:00,1.45,92.05,0.0,0.0,0.0,294.75,1.86,25.0,100750.0
1990-02-16 15:00:00+00:00,0.91,92.05,0.0,0.0,0.0,298.4,1.31,33.0,100740.0
1990-02-16 16:00:00+00:00,0.69,88.55,0.0,0.0,0.0,290.85,0.62,80.0,100650.0
1990-02-16 17:00:00+00:00,0.54,88.55,0.0,0.0,0.0,275.4,0.41,182.0,100600.0
1990-02-16 18:00:00+00:00,-1.04,95.6,0.0,0.0,0.0,242.65,1.03,224.0,100520.0
1990-02-16 19:00:00+00:00,-0.98,88.45,0.0,0.0,0.0,240.55,0.34,318.0,100470.0
1990-02-16 20:00:00+00:00,-2.78,91.85,0.0,0.0,0.0,239.2,1.31,356.0,100430.0
1990-02-16 21:00:00+00:00,-2.89,91.85,0.0,0.0,0.0,255.65,1.52,5.0,100440.0
1990-02-16 22:00:00+00:00,-2.68,95.55,0.0,0.0,0.0,261.45,1.52,10.0,100460.0
1990-02-16 23:00:00+00:00,-2.64,95.55,0.0,0.0,0.0,260.1,1.03,349.0,100510.0
1990-02-17 00:00:00+00:00,-2.16,95.55,165.8,501.4,89.0,254.5,1.03,335.0,100580.0
1990-02-17 01:00:00+00:00,0.95,85.2,321.2,525.05,146.65,260.6,1.17,360.0,100660.0
1990-02-17 02:00:00+00:00,3.4,79.1,496.05,729.51,145.5,261.25,1.72,19.0,100640.0
1990-02-17 03:00:00+00:00,5.8,68.2,590.65,697.38,181.05,256.4,2.28,26.0,100600.0
1990-02-17 04:00:00+00:00,7.68,61.2,619.2,723.68,152.0,258.55,2.55,35.0,100590.0
1990-02-17 05:00:00+00:00,8.94,54.8,580.9,659.13,151.6,266.3,2.97,46.0,100550.0
1990-02-17 06:00:00+00:00,9.57,50.85,532.6,667.33,129.45,262.05,3.31,49.0,100490.0
1990-02-17 07:00:00+00:00,9.22,47.05,408.25,597.26,105.3,256.4,4.14,50.0,100480.0
1990-02-17 08:00:00+00:00,8.78,46.95,219.15,386.39,77.25,255.25,3.79,50.0,100570.0
1990-02-17 09:00:00+00:00,7.67,52.45,54.55,109.19,33.4,250.05,2.83,51.0,100640.0
1990-02-17 10:00:00+00:00,5.53,65.55,0.0,0.0,0.0,257.2,2.48,38.0,100720.0
1990-02-17 11:00:00+00:00,3.64,70.5,0.0,0.0,0.0,256.05,2.55,14.0,100830.0
1990-02-17 12:00:00+00:00,2.31,78.95,0.0,0.0,0.0,249.45,2.55,2.0,100910.0
1990-02-17 13:00:00+00:00,1.39,81.95,0.0,0.0,0.0,246.75,2.55,357.0,101040.0
1990-02-17 14:00:00+00:00,0.91,78.8,0.0,0.0,0.0,255.05,2.34,2.0,101160.0
1990-02-17 15:00:00+00:00,0.64,78.8,0.0,0.0,0.0,266.5,2.55,11.0,101270.0
1990-02-17 16:00:00+00:00,0.71,75.75,0.0,0.0,0.0,282.95,2.28,17.0,101290.0
1990-02-17 17:00:00+00:00,0.36,72.75,0.0,0.0,0.0,279.25,2.0,7.0,101300.0
1990-02-17 18:00:00+00:00,0.08,69.95,0.0,0.0,0.0,274.8,2.14,342.0,101350.0
1990-02-17 19:00:00+00:00,0.37,72.75,0.0,0.0,0.0,283.7,1.93,343.0,101350.0
1990-02-17 20:00:00+00:00,0.26,69.95,0.0,0.0,0.0,278.5,2.14,349.0,101330.0
1990-02-17 21:00:00+00:00,0.19,62.0,0.0,0.0,0.0,278.1,2.21,358.0,101350.0
1990-02-17 22:00:00+00:00,-0.05,57.1,0.0,0.0,0.0,276.35,2.14,18.0,101390.0
1990-02-17 23:00:00+00:00,-0.71,52.45,0.0,0.0,0.0,261.85,2.21,25.0,101430.0
1990-02-18 00:00:00+00:00,-0.75,48.3,115.05,151.6,91.2,260.65,1.93,31.0,101540.0
1990-02-18 01:00:00+00:00,0.21,37.8,177.7,38.75,164.65,266.0,2.21,36.0,101640.0
1990-02-18 02:00:00+00:00,0.71,36.4,306.45,183.9,217.25,275.2,1.93,43.0,101650.0
1990-02-18 03:00:00+00:00,1.58,38.1,345.65,166.57,247.05,273.45,1.1,56.0,101660.0
1990-02-18 04:00:00+00:00,2.22,38.25,398.1,144.79,303.95,271.3,0.62,90.0,101610.0
1990-02-18 05:00:00+00:00,2.9,38.4,355.95,124.33,274.4,279.05,0.62,104.0,101520.0
1990-02-18 06:00:00+00:00,3.11,40.15,302.3,71.97,258.5,279.65,0.9,129.0,101410.0
1990-02-18 07:00:00+00:00,3.4,40.15,217.55,45.16,194.45,278.3,1.38,143.0,101360.0
1990-02-18 08:00:00+00:00,3.3,43.6,133.8,69.74,107.9,276.15,2.07,161.0,101370.0
1990-02-18 09:00:00+00:00,2.97,47.15,40.95,24.8,36.05,273.45,2.34,171.0,101400.0
1990-02-18 10:00:00+00:00,1.85,53.0,0.0,0.0,0.0,264.55,2.14,181.0,101430.0
1990-02-18 11:00:00+00:00,0.32,59.6,0.0,0.0,0.0,242.5,2.41,195.0,101460.0
1990-02-18 12:00:00+00:00,-0.42,64.45,0.0,0.0,0.0,243.45,2.48,205.0,101540.0
1990-02-18 13:00:00+00:00,-0.66,67.0,0.0,0.0,0.0,249.45,2.34,207.0,101570.0
1990-02-18 14:00:00+00:00,-1.18,72.5,0.0,0.0,0.0,240.55,2.28,204.0,101560.0
1990-02-18 15:00:00+00:00,-1.62,75.35,0.0,0.0,0.0,235.7,2.21,199.0,101560.0
1990-02-18 16:00:00+00:00,-2.1,81.55,0.0,0.0,0.0,233.2,1.93,191.0,101540.0
1990-02-18 17:00:00+00:00,-2.7,84.85,0.0,0.0,0.0,232.6,1.59,185.0,101550.0
1990-02-18 18:00:00+00:00,-2.17,81.55,0.0,0.0,0.0,230.1,0.83,159.0,101560.0
1990-02-18 19:00:00+00:00,-2.35,78.35,0.0,0.0,0.0,231.85,0.62,125.0,101540.0
1990-02-18 20:00:00+00:00,-3.48,84.8,0.0,0.0,0.0,228.15,1.1,40.0,101510.0
1990-02-18 21:00:00+00:00,-4.43,88.15,0.0,0.0,0.0,223.5,1.79,25.0,101550.0
1990-02-18 22:00:00+00:00,-4.72,91.75,0.0,0.0,0.0,220.05,1.79,18.0,101590.0
1990-02-18 23:00:00+00:00,-4.79,88.1,0.0,0.0,0.0,219.85,1.79,7.0,101670.0
1990-02-19 00:00:00+00:00,-3.85,84.7,179.4,648.15,74.7,222.95,1.52,3.0,101750.0
1990-02-19 01:00:00+00:00,-0.79,67.0,355.95,697.07,118.1,225.95,1.93,14.0,101850.0
1990-02-19 02:00:00+00:00,1.33,62.15,494.65,698.52,152.65,233.95,2.41,26.0,101880.0
1990-02-19 03:00:00+00:00,2.66,55.45,632.75,771.12,172.7,227.75,2.48,41.0,101850.0
1990-02-19 04:00:00+00:00,3.97,53.5,660.9,752.17,168.3,233.2,2.28,55.0,101800.0
1990-02-19 05:00:00+00:00,4.82,49.65,591.75,605.95,191.5,235.7,2.21,71.0,101720.0
1990-02-19 06:00:00+00:00,5.18,46.0,419.8,339.74,211.5,256.05,2.41,96.0,101600.0
1990-02-19 07:00:00+00:00,4.06,49.55,383.7,483.34,134.35,271.1,3.1,115.0,101520.0
1990-02-19 08:00:00+00:00,4.15,49.55,233.2,389.51,86.95,255.85,3.03,126.0,101470.0
1990-02-19 09:00:00+00:00,3.74,51.4,61.5,133.55,34.6,242.3,2.41,132.0,101480.0
1990-02-19 10:00:00+00:00,2.41,59.95,0.0,0.0,0.0,234.55,1.59,128.0,101480.0
1990-02-19 11:00:00+00:00,0.76,64.65,0.0,0.0,0.0,226.05,1.1,133.0,101510.0
1990-02-19 12:00:00+00:00,-0.17,69.85,0.0,0.0,0.0,241.7,0.76,162.0,101540.0
1990-02-19 13:00:00+00:00,-1.18,75.45,0.0,0.0,0.0,227.4,0.97,181.0,101560.0
1990-02-19 14:00:00+00:00,-2.79,81.5,0.0,0.0,0.0,223.9,1.38,192.0,101550.0
1990-02-19 15:00:00+00:00,-3.83,88.2,0.0,0.0,0.0,223.9,1.79,194.0,101490.0
1990-02-19 16:00:00+00:00,-4.08,91.75,0.0,0.0,0.0,220.6,1.86,190.0,101450.0
1990-02-19 17:00:00+00:00,-4.02,88.2,0.0,0.0,0.0,219.65,1.79,192.0,101410.0
1990-02-19 18:00:00+00:00,-3.92,88.2,0.0,0.0,0.0,221.75,1.72,204.0,101410.0
1990-02-19 19:00:00+00:00,-3.61,84.7,0.0,0.0,0.0,216.55,0.76,213.0,101410.0
1990-02-19 20:00:00+00:00,-3.98,84.7,0.0,0.0,0.0,216.95,0.83,222.0,101360.0
1990-02-19 21:00:00+00:00,-4.47,84.65,0.0,0.0,0.0,216.55,0.97,218.0,101340.0
1990-02-19 22:00:00+00:00,-4.55,84.6,0.0,0.0,0.0,215.75,0.97,222.0,101320.0
1990-02-19 23:00:00+00:00,-4.58,84.6,0.0,0.0,0.0,215.75,0.9,225.0,101350.0
1990-02-20 00:00:00+00:00,-3.39,78.2,212.85,824.4,76.15,215.6,0.55,220.0,101400.0
1990-02-20 01:00:00+00:00,-0.18,67.1,402.7,850.48,108.7,219.15,0.62,174.0,101460.0
1990-02-20 02:00:00+00:00,2.37,59.95,564.15,890.71,123.95,224.3,0.9,167.0,101490.0
1990-02-20 03:00:00+00:00,4.46,53.65,670.6,893.43,133.4,226.8,1.1,155.0,101450.0
1990-02-20 04:00:00+00:00,6.19,50.05,711.2,870.7,136.9,231.25,1.45,138.0,101410.0
1990-02-20 05:00:00+00:00,7.51,48.4,682.05,824.09,133.9,235.7,1.79,126.0,101320.0
1990-02-20 06:00:00+00:00,8.38,46.8,578.5,747.95,116.55,239.4,2.21,117.0,101230.0
1990-02-20 07:00:00+00:00,9.07,45.15,429.25,629.36,101.85,243.45,2.76,119.0,101140.0
1990-02-20 08:00:00+00:00,9.07,46.95,244.9,440.76,77.6,245.6,2.9,121.0,101140.0
1990-02-20 09:00:00+00:00,8.4,48.65,67.45,169.77,32.6,246.75,2.21,116.0,101190.0
1990-02-20 10:00:00+00:00,6.64,56.45,0.05,0.0,0.05,244.2,1.86,83.0,101240.0
1990-02-20 11:00:00+00:00,4.35,67.9,0.0,0.0,0.0,239.95,1.72,57.0,101330.0
1990-02-20 12:00:00+00:00,2.56,73.1,0.0,0.0,0.0,238.8,1.17,39.0,101420.0
1990-02-20 13:00:00+00:00,2.81,70.3,0.0,0.0,0.0,239.2,0.41,33.0,101470.0
1990-02-20 14:00:00+00:00,2.29,73.0,0.0,0.0,0.0,237.65,0.07,149.0,101500.0
1990-02-20 15:00:00+00:00,1.74,75.85,0.0,0.0,0.0,237.05,0.41,301.0,101500.0
1990-02-20 16:00:00+00:00,0.16,78.75,0.0,0.0,0.0,236.65,1.17,334.0,101530.0
1990-02-20 17:00:00+00:00,-2.61,88.25,0.0,0.0,0.0,235.3,2.14,350.0,101580.0
1990-02-20 18:00:00+00:00,-2.76,88.25,0.0,0.0,0.0,238.05,2.28,357.0,101610.0
1990-02-20 19:00:00+00:00,-2.57,88.25,0.0,0.0,0.0,238.05,2.21,359.0,101620.0
1990-02-20 20:00:00+00:00,-2.61,88.25,0.0,0.0,0.0,238.05,2.0,358.0,101600.0
1990-02-20 21:00:00+00:00,-2.87,88.25,0.0,0.0,0.0,229.9,1.79,358.0,101620.0
1990-02-20 22:00:00+00:00,-3.0,88.25,0.0,0.0,0.0,229.5,1.59,358.0,101650.0
1990-02-20 23:00:00+00:00,-2.89,88.25,0.0,0.0,0.0,223.9,1.31,360.0,101670.0
1990-02-21 00:00:00+00:00,-1.24,78.5,211.05,798.94,75.1,222.35,0.62,352.0,101710.0
1990-02-21 01:00:00+00:00,0.87,72.85,397.9,841.35,103.25,224.8,0.34,19.0,101790.0
1990-02-21 02:00:00+00:00,3.34,67.7,546.55,824.68,135.15,229.15,0.28,89.0,101790.0
1990-02-21 03:00:00+00:00,5.4,65.55,636.75,764.95,173.2,236.5,1.03,128.0,101720.0
1990-02-21 04:00:00+00:00,7.21,58.8,651.4,678.77,200.5,245.6,1.79,143.0,101600.0
1990-02-21 05:00:00+00:00,8.57,56.8,565.65,466.71,253.05,255.05,2.21,147.0,101470.0
1990-02-21 06:00:00+00:00,9.34,52.85,430.1,246.82,276.55,267.25,2.55,149.0,101330.0
1990-02-21 07:00:00+00:00,9.9,51.0,325.85,211.33,215.0,280.6,3.17,152.0,101260.0
1990-02-21 08:00:00+00:00,9.83,52.95,193.95,159.26,132.85,279.05,3.24,152.0,101230.0
1990-02-21 09:00:00+00:00,9.17,57.05,53.5,33.24,46.55,275.6,2.69,151.0,101230.0
1990-02-21 10:00:00+00:00,7.38,65.95,0.1,0.0,0.1,274.4,2.55,159.0,101260.0
1990-02-21 11:00:00+00:00,5.72,73.65,0.0,0.0,0.0,271.1,2.55,173.0,101300.0
1990-02-21 12:00:00+00:00,4.62,79.3,0.0,0.0,0.0,264.95,2.41,189.0,101360.0
1990-02-21 13:00:00+00:00,3.6,82.25,0.0,0.0,0.0,259.7,2.21,212.0,101400.0
1990-02-21 14:00:00+00:00,1.87,88.6,0.0,0.0,0.0,239.95,2.14,233.0,101420.0
1990-02-21 15:00:00+00:00,-0.13,88.45,0.0,0.0,0.0,231.05,2.21,242.0,101430.0
1990-02-21 16:00:00+00:00,-1.75,88.35,0.0,0.0,0.0,225.45,2.14,246.0,101430.0
1990-02-21 17:00:00+00:00,-2.92,88.25,0.0,0.0,0.0,220.2,2.21,251.0,101420.0
1990-02-21 18:00:00+00:00,-3.65,88.2,0.0,0.0,0.0,216.15,2.21,259.0,101430.0
1990-02-21 19:00:00+00:00,-3.6,84.7,0.0,0.0,0.0,219.05,2.07,290.0,101450.0
1990-02-21 20:00:00+00:00,-3.76,78.15,0.0,0.0,0.0,216.55,1.93,307.0,101430.0
1990-02-21 21:00:00+00:00,-3.76,75.05,0.0,0.0,0.0,215.6,1.93,319.0,101480.0
1990-02-21 22:00:00+00:00,-3.99,72.05,0.0,0.0,0.0,214.05,1.93,324.0,101570.0
1990-02-21 23:00:00+00:00,-4.05,74.95,0.0,0.0,0.0,213.25,2.07,335.0,101670.0
1990-02-22 00:00:00+00:00,-1.94,64.1,226.25,875.86,73.35,213.25,2.48,360.0,101800.0
1990-02-22 01:00:00+00:00,2.75,53.25,416.9,896.6,98.8,217.05,3.1,24.0,101950.0
1990-02-22 02:00:00+00:00,4.71,44.05,574.4,913.32,114.5,220.8,4.0,36.0,102040.0
1990-02-22 03:00:00+00:00,5.98,39.25,680.1,915.39,121.05,223.9,3.45,46.0,102060.0
1990-02-22 04:00:00+00:00,7.19,32.4,719.3,887.73,125.4,226.8,3.1,55.0,102020.0
1990-02-22 05:00:00+00:00,8.03,30.0,689.35,836.56,125.15,229.3,2.83,67.0,101920.0
1990-02-22 06:00:00+00:00,8.58,27.9,593.35,761.0,116.5,232.05,2.55,85.0,101830.0
1990-02-22 07:00:00+00:00,8.75,30.3,443.45,643.88,102.95,235.9,2.21,110.0,101730.0
1990-02-22 08:00:00+00:00,8.64,30.3,257.7,459.86,79.4,236.85,2.21,115.0,101690.0
1990-02-22 09:00:00+00:00,8.03,33.9,75.05,185.97,35.45,236.5,2.0,113.0,101690.0
1990-02-22 10:00:00+00:00,6.43,39.4,0.2,0.0,0.2,233.75,2.0,105.0,101710.0
1990-02-22 11:00:00+00:00,4.48,45.7,0.0,0.0,0.0,230.1,1.79,120.0,101750.0
1990-02-22 12:00:00+00:00,2.29,55.3,0.0,0.0,0.0,229.3,1.66,148.0,101800.0
1990-02-22 13:00:00+00:00,0.52,57.35,0.0,0.0,0.0,228.55,1.79,168.0,101830.0
1990-02-22 14:00:00+00:00,-0.91,61.8,0.0,0.0,0.0,228.55,2.0,178.0,101820.0
1990-02-22 15:00:00+00:00,-1.93,66.8,0.0,0.0,0.0,228.55,2.28,180.0,101800.0
1990-02-22 16:00:00+00:00,-2.36,69.45,0.0,0.0,0.0,228.95,2.34,187.0,101780.0
1990-02-22 17:00:00+00:00,-2.55,72.25,0.0,0.0,0.0,228.95,2.34,190.0,101760.0
1990-02-22 18:00:00+00:00,-2.6,72.25,0.0,0.0,0.0,229.15,2.34,189.0,101730.0
1990-02-22 19:00:00+00:00,-2.66,75.2,0.0,0.0,0.0,229.3,1.79,190.0,101640.0
1990-02-22 20:00:00+00:00,-2.27,75.3,0.0,0.0,0.0,229.5,1.38,193.0,101600.0
1990-02-22 21:00:00+00:00,-1.2,69.65,0.0,0.0,0.0,229.5,0.69,187.0,101600.0
1990-02-22 22:00:00+00:00,-0.88,67.0,0.0,0.0,0.0,229.3,0.14,186.0,101630.0
1990-02-22 23:00:00+00:00,-1.06,69.65,0.0,0.0,0.0,229.15,0.14,262.0,101660.0
1990-02-23 00:00:00+00:00,-0.79,69.75,221.35,823.84,73.85,229.7,0.28,286.0,101690.0
1990-02-23 01:00:00+00:00,1.96,64.8,404.25,829.84,106.0,232.9,0.21,111.0,101750.0
1990-02-23 02:00:00+00:00,4.84,53.8,549.65,807.05,139.45,240.75,0.55,128.0,101730.0
1990-02-23 03:00:00+00:00,7.04,52.2,631.45,723.9,185.9,247.15,0.83,127.0,101700.0
1990-02-23 04:00:00+00:00,8.89,48.8,650.0,628.96,226.25,258.15,1.1,125.0,101600.0
1990-02-23 05:00:00+00:00,10.39,45.55,615.45,558.64,236.1,265.15,1.17,125.0,101530.0
1990-02-23 06:00:00+00:00,11.47,44.1,478.7,342.66,262.45,272.3,1.31,124.0,101370.0
1990-02-23 07:00:00+00:00,11.91,44.1,335.3,224.53,215.6,283.1,1.86,140.0,101310.0
1990-02-23 08:00:00+00:00,11.76,44.1,171.0,99.54,132.0,286.6,1.86,132.0,101240.0
1990-02-23 09:00:00+00:00,10.87,49.3,54.5,28.37,48.35,284.1,1.38,115.0,101270.0
1990-02-23 10:00:00+00:00,9.73,55.05,0.3,0.0,0.3,282.75,1.17,104.0,101300.0
1990-02-23 11:00:00+00:00,8.7,56.9,0.0,0.0,0.0,283.3,0.48,136.0,101360.0
1990-02-23 12:00:00+00:00,8.02,61.2,0.0,0.0,0.0,276.15,0.34,229.0,101440.0
1990-02-23 13:00:00+00:00,7.5,63.5,0.0,0.0,0.0,282.55,0.55,272.0,101450.0
1990-02-23 14:00:00+00:00,6.85,65.85,0.0,0.0,0.0,281.4,0.76,287.0,101440.0
1990-02-23 15:00:00+00:00,5.88,70.85,0.0,0.0,0.0,278.65,0.83,284.0,101430.0
1990-02-23 16:00:00+00:00,4.97,73.45,0.0,0.0,0.0,274.2,0.9,284.0,101400.0
1990-02-23 17:00:00+00:00,4.27,76.25,0.0,0.0,0.0,265.3,0.97,293.0,101370.0
1990-02-23 18:00:00+00:00,2.53,79.0,0.0,0.0,0.0,254.85,1.31,319.0,101350.0
1990-02-23 19:00:00+00:00,2.07,82.05,0.0,0.0,0.0,255.65,1.38,345.0,101290.0
1990-02-23 20:00:00+00:00,0.88,85.2,0.0,0.0,0.0,251.2,1.45,355.0,101230.0
1990-02-23 21:00:00+00:00,0.36,85.15,0.0,0.0,0.0,261.05,1.45,11.0,101210.0
1990-02-23 22:00:00+00:00,-0.24,88.45,0.0,0.0,0.0,256.05,1.45,12.0,101190.0
1990-02-23 23:00:00+00:00,-0.75,88.45,0.0,0.0,0.0,264.15,1.52,359.0,101210.0
1990-02-24 00:00:00+00:00,0.4,88.5,194.3,541.23,94.95,261.85,1.03,355.0,101250.0
1990-02-24 01:00:00+00:00,3.77,82.25,382.65,730.48,116.7,256.7,0.69,22.0,101280.0
1990-02-24 02:00:00+00:00,6.4,76.55,528.75,738.46,149.9,258.35,0.62,52.0,101290.0
1990-02-24 03:00:00+00:00,8.5,71.35,600.65,710.67,159.85,265.1,0.62,102.0,101220.0
1990-02-24 04:00:00+00:00,10.33,64.1,661.65,742.18,158.1,270.55,1.31,143.0,101120.0
1990-02-24 05:00:00+00:00,12.05,62.0,623.3,687.88,153.0,278.1,2.14,156.0,100970.0
1990-02-24 06:00:00+00:00,13.09,55.65,537.35,618.42,144.3,284.1,2.34,158.0,100860.0
1990-02-24 07:00:00+00:00,13.45,51.75,402.15,520.3,122.55,291.45,1.86,149.0,100790.0
1990-02-24 08:00:00+00:00,13.53,49.85,231.95,343.08,96.15,292.4,1.93,132.0,100780.0
1990-02-24 09:00:00+00:00,13.01,51.65,75.8,177.75,36.6,291.05,2.14,122.0,100740.0
1990-02-24 10:00:00+00:00,11.44,57.55,0.45,0.0,0.45,271.7,1.86,89.0,100810.0
1990-02-24 11:00:00+00:00,9.38,66.35,0.0,0.0,0.0,268.4,2.14,19.0,100940.0
1990-02-24 12:00:00+00:00,7.37,73.9,0.0,0.0,0.0,277.1,2.62,347.0,101090.0
1990-02-24 13:00:00+00:00,6.35,79.5,0.0,0.0,0.0,275.4,2.48,350.0,101130.0
1990-02-24 14:00:00+00:00,5.7,82.5,0.0,0.0,0.0,282.55,2.55,348.0,101140.0
1990-02-24 15:00:00+00:00,4.97,88.85,0.0,0.0,0.0,272.65,2.55,349.0,101170.0
1990-02-24 16:00:00+00:00,4.29,88.8,0.0,0.0,0.0,269.95,3.1,359.0,101200.0
1990-02-24 17:00:00+00:00,3.59,92.15,0.0,0.0,0.0,266.65,3.31,3.0,101250.0
1990-02-24 18:00:00+00:00,2.93,95.7,0.0,0.0,0.0,269.2,3.38,1.0,101270.0
1990-02-24 19:00:00+00:00,2.33,92.1,0.0,0.0,0.0,268.6,3.52,3.0,101330.0
1990-02-24 20:00:00+00:00,1.85,92.05,0.0,0.0,0.0,266.65,3.31,6.0,101280.0
1990-02-24 21:00:00+00:00,1.75,92.05,0.0,0.0,0.0,287.95,3.03,9.0,101270.0
1990-02-24 22:00:00+00:00,1.58,88.6,0.0,0.0,0.0,294.15,3.1,9.0,101290.0
1990-02-24 23:00:00+00:00,1.42,92.05,0.0,0.0,0.0,292.6,3.24,8.0,101370.0
1990-02-25 00:00:00+00:00,1.76,88.6,80.05,24.45,75.45,304.4,3.59,12.0,101410.0
1990-02-25 01:00:00+00:00,2.23,82.05,124.85,4.88,123.05,305.3,3.72,14.0,101490.0
1990-02-25 02:00:00+00:00,2.85,79.0,225.75,61.7,193.8,315.45,3.66,12.0,101530.0
1990-02-25 03:00:00+00:00,3.87,76.15,274.05,32.0,254.05,315.65,3.52,12.0,101500.0
1990-02-25 04:00:00+00:00,4.7,70.7,318.85,67.4,272.8,317.0,2.83,20.0,101420.0
1990-02-25 05:00:00+00:00,5.43,70.8,343.5,102.35,273.05,305.0,2.55,27.0,101290.0
1990-02-25 06:00:00+00:00,6.0,68.2,377.55,217.1,238.6,298.2,2.69,32.0,101170.0
1990-02-25 07:00:00+00:00,6.04,65.65,203.95,88.16,156.2,304.2,2.83,26.0,101130.0
1990-02-25 08:00:00+00:00,5.57,65.65,128.5,67.53,101.5,300.55,2.76,33.0,101100.0
1990-02-25 09:00:00+00:00,5.08,65.55,47.85,24.07,42.45,299.4,2.69,37.0,101100.0
1990-02-25 10:00:00+00:00,4.22,70.6,0.45,0.0,0.45,290.5,1.86,40.0,101120.0
1990-02-25 11:00:00+00:00,3.19,76.1,0.0,0.0,0.0,283.7,1.38,32.0,101130.0
1990-02-25 12:00:00+00:00,2.54,79.0,0.0,0.0,0.0,282.15,1.03,20.0,101150.0
1990-02-25 13:00:00+00:00,1.51,88.55,0.0,0.0,0.0,265.1,0.9,9.0,101180.0
1990-02-25 14:00:00+00:00,0.62,88.55,0.0,0.0,0.0,259.3,0.97,20.0,101170.0
1990-02-25 15:00:00+00:00,-0.66,91.95,0.0,0.0,0.0,243.65,1.31,22.0,101170.0
1990-02-25 16:00:00+00:00,-1.43,91.95,0.0,0.0,0.0,245.75,1.45,13.0,101120.0
1990-02-25 17:00:00+00:00,-1.83,91.9,0.0,0.0,0.0,242.85,1.31,3.0,101080.0
1990-02-25 18:00:00+00:00,-1.43,88.4,0.0,0.0,0.0,248.1,0.97,3.0,101050.0
1990-02-25 19:00:00+00:00,-1.61,91.9,0.0,0.0,0.0,239.0,0.62,33.0,101040.0
1990-02-25 20:00:00+00:00,-1.97,91.9,0.0,0.0,0.0,235.7,0.69,21.0,100940.0
1990-02-25 21:00:00+00:00,-2.29,91.85,0.0,0.0,0.0,231.05,0.83,8.0,100940.0
1990-02-25 22:00:00+00:00,-2.54,95.55,0.0,0.0,0.0,235.15,0.76,14.0,100970.0
1990-02-25 23:00:00+00:00,-2.32,95.55,0.0,0.0,0.0,236.5,0.21,346.0,101000.0
1990-02-26 00:00:00+00:00,-1.71,91.9,222.25,707.82,85.8,237.25,0.34,217.0,101020.0
1990-02-26 01:00:00+00:00,0.98,85.2,419.65,818.64,113.85,240.65,0.76,165.0,101050.0
1990-02-26 02:00:00+00:00,3.64,76.15,577.85,886.28,114.65,245.0,1.31,158.0,101030.0
1990-02-26 03:00:00+00:00,6.02,70.85,687.15,903.35,118.15,243.65,1.59,156.0,100980.0
1990-02-26 04:00:00+00:00,8.38,63.7,720.8,859.19,129.7,250.8,1.66,151.0,100930.0
1990-02-26 05:00:00+00:00,10.29,57.3,686.0,799.25,132.15,258.75,1.79,144.0,100840.0
1990-02-26 06:00:00+00:00,11.7,57.55,597.2,741.59,119.25,265.1,2.0,141.0,100740.0
1990-02-26 07:00:00+00:00,11.93,55.4,450.55,634.11,104.4,263.6,2.07,144.0,100680.0
1990-02-26 08:00:00+00:00,12.1,55.4,266.65,458.35,81.55,264.35,2.0,146.0,100670.0
1990-02-26 09:00:00+00:00,11.58,55.4,83.55,193.37,39.45,263.0,1.79,151.0,100660.0
1990-02-26 10:00:00+00:00,9.93,64.0,0.85,0.0,0.85,259.7,2.14,153.0,100700.0
1990-02-26 11:00:00+00:00,7.79,71.25,0.0,0.0,0.0,255.65,2.55,174.0,100710.0
1990-02-26 12:00:00+00:00,6.03,82.5,0.0,0.0,0.0,255.05,2.69,193.0,100740.0
1990-02-26 13:00:00+00:00,5.0,85.55,0.0,0.0,0.0,253.7,2.69,204.0,100770.0
1990-02-26 14:00:00+00:00,4.3,88.8,0.0,0.0,0.0,252.75,2.69,208.0,100760.0
1990-02-26 15:00:00+00:00,3.76,88.75,0.0,0.0,0.0,252.15,2.62,210.0,100740.0
1990-02-26 16:00:00+00:00,3.13,92.15,0.0,0.0,0.0,251.75,2.41,212.0,100690.0
1990-02-26 17:00:00+00:00,2.51,95.65,0.0,0.0,0.0,252.15,2.28,215.0,100670.0
1990-02-26 18:00:00+00:00,1.86,95.65,0.0,0.0,0.0,254.65,2.07,219.0,100630.0
1990-02-26 19:00:00+00:00,0.79,92.05,0.0,0.0,0.0,251.95,1.66,224.0,100610.0
1990-02-26 20:00:00+00:00,-0.23,92.0,0.0,0.0,0.0,254.3,1.31,229.0,100530.0
1990-02-26 21:00:00+00:00,-0.83,91.95,0.0,0.0,0.0,256.6,1.1,231.0,100500.0
1990-02-26 22:00:00+00:00,-1.22,91.95,0.0,0.0,0.0,255.45,1.17,240.0,100550.0
1990-02-26 23:00:00+00:00,-1.2,91.95,0.0,0.0,0.0,258.75,0.97,223.0,100570.0
1990-02-27 00:00:00+00:00,0.48,92.0,125.55,59.51,113.8,280.2,0.76,229.0,100600.0
1990-02-27 01:00:00+00:00,3.66,88.75,224.6,64.76,200.1,285.0,0.62,206.0,100640.0
1990-02-27 02:00:00+00:00,6.94,73.8,340.2,119.15,277.35,295.9,0.69,171.0,100650.0
1990-02-27 03:00:00+00:00,9.44,61.55,431.6,174.88,320.6,302.5,0.83,152.0,100610.0
1990-02-27 04:00:00+00:00,11.38,55.4,486.7,230.1,327.3,306.15,1.03,136.0,100560.0
1990-02-27 05:00:00+00:00,12.82,55.65,502.9,307.2,288.6,307.7,1.45,122.0,100490.0
1990-02-27 06:00:00+00:00,13.75,53.85,568.75,633.73,157.5,309.25,1.86,121.0,100420.0
1990-02-27 07:00:00+00:00,14.76,54.1,447.05,622.7,104.5,289.1,1.93,119.0,100300.0
1990-02-27 08:00:00+00:00,14.85,54.1,265.75,448.97,82.65,278.65,1.93,132.0,100250.0
1990-02-27 09:00:00+00:00,14.31,58.1,84.1,189.18,40.25,278.85,1.59,140.0,100190.0
1990-02-27 10:00:00+00:00,12.91,64.55,1.05,0.0,1.05,275.75,1.79,141.0,100160.0
1990-02-27 11:00:00+00:00,10.77,71.75,0.0,0.0,0.0,271.3,1.79,160.0,100170.0
1990-02-27 12:00:00+00:00,8.59,79.85,0.0,0.0,0.0,270.35,2.0,177.0,100190.0
1990-02-27 13:00:00+00:00,6.96,89.0,0.0,0.0,0.0,269.4,2.28,189.0,100190.0
1990-02-27 14:00:00+00:00,5.95,92.3,0.0,0.0,0.0,269.2,2.34,197.0,100180.0
1990-02-27 15:00:00+00:00,5.24,92.25,0.0,0.0,0.0,267.45,2.55,191.0,100120.0
1990-02-27 16:00:00+00:00,4.8,95.75,0.0,0.0,0.0,264.75,2.69,188.0,100050.0
1990-02-27 17:00:00+00:00,4.61,95.75,0.0,0.0,0.0,265.3,2.83,193.0,99980.0
1990-02-27 18:00:00+00:00,4.73,95.75,0.0,0.0,0.0,268.2,2.97,195.0,99930.0
1990-02-27 19:00:00+00:00,5.55,92.3,0.0,0.0,0.0,283.1,3.38,191.0,99820.0
1990-02-27 20:00:00+00:00,5.89,95.75,0.0,0.0,0.0,282.35,3.38,193.0,99670.0
1990-02-27 21:00:00+00:00,6.02,95.75,0.0,0.0,0.0,286.6,3.24,194.0,99620.0
1990-02-27 22:00:00+00:00,5.79,95.75,0.0,0.0,0.0,278.3,3.38,199.0,99620.0
1990-02-27 23:00:00+00:00,5.75,95.75,0.0,0.0,0.0,295.3,3.1,198.0,99600.0
1990-02-28 00:00:00+00:00,6.37,95.8,177.75,378.61,101.2,299.75,3.1,197.0,99560.0
1990-02-28 01:00:00+00:00,8.43,85.9,308.6,453.85,134.7,294.45,2.9,202.0,99620.0
1990-02-28 02:00:00+00:00,11.03,74.45,482.55,547.95,190.85,311.4,3.17,202.0,99620.0
1990-02-28 03:00:00+00:00,13.62,67.05,640.45,731.68,172.5,311.95,2.34,195.0,99610.0
1990-02-28 04:00:00+00:00,15.91,58.45,701.7,827.47,124.55,304.2,0.9,160.0,99650.0
1990-02-28 05:00:00+00:00,17.64,52.75,638.4,705.08,143.3,299.4,2.07,53.0,99690.0
1990-02-28 06:00:00+00:00,18.43,44.2,559.6,608.25,162.2,308.65,4.9,35.0,99740.0
1990-02-28 07:00:00+00:00,16.69,43.8,381.45,404.02,157.5,294.35,7.24,32.0,99800.0
1990-02-28 08:00:00+00:00,15.07,35.75,226.05,225.36,133.25,301.3,7.31,34.0,99920.0
1990-02-28 09:00:00+00:00,13.22,27.85,67.85,51.8,55.65,290.3,7.1,34.0,100120.0
1990-02-28 10:00:00+00:00,10.83,18.85,1.2,0.0,1.2,280.05,6.41,31.0,100340.0
1990-02-28 11:00:00+00:00,8.68,17.6,0.0,0.0,0.0,258.55,5.93,26.0,100600.0
1990-02-28 12:00:00+00:00,7.31,19.6,0.0,0.0,0.0,254.1,5.59,20.0,100810.0
1990-02-28 13:00:00+00:00,6.27,21.1,0.0,0.0,0.0,244.8,5.1,15.0,101020.0
1990-02-28 14:00:00+00:00,5.31,21.75,0.0,0.0,0.0,233.4,4.9,12.0,101140.0
1990-02-28 15:00:00+00:00,4.55,20.7,0.0,0.0,0.0,230.3,4.69,12.0,101260.0
1990-02-28 16:00:00+00:00,-0.47,28.75,0.0,0.0,0.0,208.39,3.89,14.0,101380.0
1990-02-28 17:00:00+00:00,0.08,28.38,0.0,0.0,0.0,210.56,3.75,16.0,101510.0
1990-02-28 18:00:00+00:00,0.62,28.01,0.0,0.0,0.0,212.73,3.62,18.0,101590.0
1990-02-28 19:00:00+00:00,1.17,27.63,0.0,0.0,0.0,214.9,3.49,18.0,101630.0
1990-02-28 20:00:00+00:00,1.72,27.26,0.0,0.0,0.0,217.07,3.36,19.0,101650.0
1990-02-28 21:00:00+00:00,2.26,26.89,0.0,0.0,0.0,219.24,3.22,19.0,101720.0
1990-02-28 22:00:00+00:00,2.81,26.52,0.0,0.0,0.0,221.41,3.09,18.0,101820.0
1990-02-28 23:00:00+00:00,3.36,26.15,34.15,0.0,34.15,223.59,2.96,16.0,101920.0
1990-03-01 00:00:00+00:00,3.9,25.78,222.8,658.08,86.6,225.76,2.83,21.0,101070.0
1990-03-01 01:00:00+00:00,4.45,25.41,395.2,699.55,123.75,227.93,2.69,98.0,101200.0
1990-03-01 02:00:00+00:00,5.0,25.04,563.05,739.52,165.75,230.1,2.56,108.0,101190.0
1990-03-01 03:00:00+00:00,5.54,24.67,674.2,765.51,180.9,232.27,2.43,112.0,101160.0
1990-03-01 04:00:00+00:00,6.09,24.3,717.6,764.13,181.0,234.44,2.3,125.0,101040.0
1990-03-01 05:00:00+00:00,6.64,23.93,695.0,746.82,167.15,236.62,2.16,141.0,100940.0
1990-03-01 06:00:00+00:00,7.18,23.56,607.8,698.89,148.1,238.79,2.03,150.0,100790.0
1990-03-01 07:00:00+00:00,7.73,23.18,457.05,586.51,129.5,240.96,1.9,160.0,100610.0
1990-03-01 08:00:00+00:00,9.75,19.25,269.35,413.87,97.3,240.95,4.0,160.0,100580.0
1990-03-01 09:00:00+00:00,9.39,20.0,92.15,210.29,41.85,243.45,4.07,160.0,100560.0
1990-03-01 10:00:00+00:00,8.11,21.6,1.4,1.22,1.35,240.75,3.17,157.0,100570.0
1990-03-01 11:00:00+00:00,6.72,24.1,0.0,0.0,0.0,259.5,2.69,164.0,100580.0
1990-03-01 12:00:00+00:00,5.54,27.05,0.0,0.0,0.0,247.15,2.69,176.0,100600.0
1990-03-01 13:00:00+00:00,4.76,29.15,0.0,0.0,0.0,247.15,2.9,183.0,100580.0
1990-03-01 14:00:00+00:00,4.14,30.25,0.0,0.0,0.0,239.75,3.24,189.0,100550.0
1990-03-01 15:00:00+00:00,3.95,31.55,0.0,0.0,0.0,239.75,3.72,192.0,100490.0
1990-03-01 16:00:00+00:00,3.99,31.55,0.0,0.0,0.0,240.15,4.28,193.0,100390.0
1990-03-01 17:00:00+00:00,3.99,32.9,0.0,0.0,0.0,241.3,4.62,191.0,100280.0
1990-03-01 18:00:00+00:00,3.77,35.6,0.0,0.0,0.0,242.1,4.69,190.0,100180.0
1990-03-01 19:00:00+00:00,2.89,38.55,0.0,0.0,0.0,239.75,3.72,189.0,100140.0
1990-03-01 20:00:00+00:00,2.47,41.7,0.0,0.0,0.0,240.15,3.52,189.0,100030.0
1990-03-01 21:00:00+00:00,2.06,47.05,0.0,0.0,0.0,239.95,3.38,191.0,99980.0
1990-03-01 22:00:00+00:00,1.69,53.0,0.0,0.0,0.0,239.95,3.31,192.0,99910.0
1990-03-01 23:00:00+00:00,1.44,55.2,33.95,0.0,33.95,239.95,3.24,193.0,99850.0
1990-03-02 00:00:00+00:00,2.6,55.45,252.5,815.69,79.75,241.3,2.83,192.0,99880.0
1990-03-02 01:00:00+00:00,5.82,48.0,441.65,857.79,104.6,245.9,3.79,190.0,99890.0
1990-03-02 02:00:00+00:00,9.16,43.4,596.8,879.74,119.85,252.75,4.28,187.0,99840.0
1990-03-02 03:00:00+00:00,12.19,37.9,698.5,877.99,128.45,260.65,4.76,182.0,99770.0
1990-03-02 04:00:00+00:00,14.82,34.35,735.95,854.96,131.5,268.8,5.31,182.0,99640.0
1990-03-02 05:00:00+00:00,16.93,32.35,705.8,810.89,128.95,276.35,5.72,183.0,99530.0
1990-03-02 06:00:00+00:00,18.26,30.35,611.9,741.61,120.85,283.1,6.07,182.0,99370.0
1990-03-02 07:00:00+00:00,18.66,30.5,462.15,632.92,106.05,285.45,6.14,179.0,99290.0
1990-03-02 08:00:00+00:00,18.47,31.55,277.9,468.4,81.35,288.55,6.34,176.0,99230.0
1990-03-02 09:00:00+00:00,17.44,35.05,78.7,128.05,47.6,289.9,5.93,174.0,99200.0
1990-03-02 10:00:00+00:00,15.47,41.75,1.55,1.13,1.5,300.95,5.66,175.0,99180.0
1990-03-02 11:00:00+00:00,13.78,48.15,0.0,0.0,0.0,298.4,5.52,180.0,99180.0
1990-03-02 12:00:00+00:00,12.5,51.65,0.0,0.0,0.0,281.95,5.38,184.0,99200.0
1990-03-02 13:00:00+00:00,11.48,57.55,0.0,0.0,0.0,278.3,5.45,185.0,99210.0
1990-03-02 14:00:00+00:00,10.76,64.1,0.0,0.0,0.0,284.5,5.52,184.0,99210.0
1990-03-02 15:00:00+00:00,9.95,69.0,0.0,0.0,0.0,276.95,5.24,185.0,99180.0
1990-03-02 16:00:00+00:00,9.2,74.15,0.0,0.0,0.0,275.4,4.9,185.0,99140.0
1990-03-02 17:00:00+00:00,8.49,76.85,0.0,0.0,0.0,273.25,4.55,186.0,99100.0
1990-03-02 18:00:00+00:00,7.79,79.7,0.0,0.0,0.0,272.1,4.14,190.0,99050.0
1990-03-02 19:00:00+00:00,6.79,89.0,0.0,0.0,0.0,268.6,3.1,192.0,99060.0
1990-03-02 20:00:00+00:00,6.13,88.95,0.0,0.0,0.0,265.7,2.83,192.0,99030.0
1990-03-02 21:00:00+00:00,5.54,88.9,0.0,0.0,0.0,265.1,2.55,195.0,99010.0
1990-03-02 22:00:00+00:00,4.95,88.85,0.0,0.0,0.0,264.55,2.34,198.0,99010.0
1990-03-02 23:00:00+00:00,4.45,88.85,35.6,0.0,35.6,262.4,2.34,198.0,99020.0
1990-03-03 00:00:00+00:00,5.36,88.85,252.2,790.93,80.85,263.0,1.93,192.0,99050.0
1990-03-03 01:00:00+00:00,9.16,71.4,441.95,849.05,104.15,266.6,2.62,179.0,99120.0
1990-03-03 02:00:00+00:00,12.31,59.85,596.35,872.55,119.0,274.4,3.24,177.0,99080.0
1990-03-03 03:00:00+00:00,15.5,48.65,696.05,867.41,128.65,283.1,3.52,175.0,99050.0
1990-03-03 04:00:00+00:00,18.24,41.05,734.25,847.02,131.4,292.4,3.59,169.0,98980.0
1990-03-03 05:00:00+00:00,20.33,38.5,695.25,762.62,149.25,299.95,3.79,163.0,98920.0
1990-03-03 06:00:00+00:00,21.69,34.85,610.3,734.5,120.75,306.75,4.21,165.0,98840.0
1990-03-03 07:00:00+00:00,19.84,41.3,447.65,574.15,122.25,300.75,3.52,159.0,98920.0
1990-03-03 08:00:00+00:00,19.98,41.3,232.3,238.49,131.3,306.15,2.69,155.0,98950.0
1990-03-03 09:00:00+00:00,19.5,42.7,86.55,151.31,49.25,318.55,1.93,135.0,99030.0
1990-03-03 10:00:00+00:00,18.16,47.55,2.0,2.09,1.9,310.8,1.79,78.0,99140.0
1990-03-03 11:00:00+00:00,15.95,56.35,0.0,0.0,0.0,304.8,2.41,38.0,99290.0
1990-03-03 12:00:00+00:00,13.63,64.75,0.0,0.0,0.0,313.5,2.69,17.0,99410.0
1990-03-03 13:00:00+00:00,12.76,69.45,0.0,0.0,0.0,325.3,3.1,359.0,99500.0
1990-03-03 14:00:00+00:00,12.21,69.35,0.0,0.0,0.0,326.65,4.0,353.0,99580.0
1990-03-03 15:00:00+00:00,11.69,69.25,0.0,0.0,0.0,328.2,4.55,353.0,99670.0
1990-03-03 16:00:00+00:00,11.38,71.75,0.0,0.0,0.0,335.95,4.83,354.0,99740.0
1990-03-03 17:00:00+00:00,11.42,69.15,0.0,0.0,0.0,355.5,5.24,358.0,99800.0
1990-03-03 18:00:00+00:00,11.03,69.15,0.0,0.0,0.0,351.05,5.38,2.0,99810.0
1990-03-03 19:00:00+00:00,9.9,71.5,0.0,0.0,0.0,341.95,4.55,3.0,99970.0
1990-03-03 20:00:00+00:00,9.51,71.5,0.0,0.0,0.0,340.6,5.17,8.0,99970.0
1990-03-03 21:00:00+00:00,8.98,74.15,0.0,0.0,0.0,339.65,5.86,11.0,100070.0
1990-03-03 22:00:00+00:00,8.65,74.05,0.0,0.0,0.0,336.75,6.07,8.0,100160.0
1990-03-03 23:00:00+00:00,8.48,71.35,16.9,0.0,16.9,329.0,6.14,9.0,100250.0
1990-03-04 00:00:00+00:00,8.37,71.35,45.25,23.92,39.95,325.3,6.21,11.0,100400.0
1990-03-04 01:00:00+00:00,7.95,71.35,49.7,8.32,46.35,328.9,6.9,16.0,100550.0
1990-03-04 02:00:00+00:00,7.19,73.9,140.1,15.76,131.4,331.9,6.55,16.0,100660.0
1990-03-04 03:00:00+00:00,6.71,71.05,168.7,14.95,158.85,328.6,6.83,16.0,100760.0
1990-03-04 04:00:00+00:00,6.16,70.95,170.4,10.89,162.6,323.75,6.62,14.0,100820.0
1990-03-04 05:00:00+00:00,5.72,70.85,198.8,66.34,151.0,322.4,6.21,12.0,100820.0
1990-03-04 06:00:00+00:00,5.63,68.2,163.75,9.39,157.45,315.45,5.93,12.0,100770.0
1990-03-04 07:00:00+00:00,5.84,63.15,195.2,34.68,175.4,317.2,4.83,18.0,100720.0
1990-03-04 08:00:00+00:00,6.04,60.85,153.75,45.04,134.5,310.4,4.55,21.0,100730.0
1990-03-04 09:00:00+00:00,6.1,56.3,40.9,16.19,36.85,310.05,4.07,23.0,100820.0
1990-03-04 10:00:00+00:00,5.56,56.2,1.1,0.0,1.1,302.85,3.03,29.0,100920.0
1990-03-04 11:00:00+00:00,5.05,56.05,0.0,0.0,0.0,305.0,2.48,38.0,101000.0
1990-03-04 12:00:00+00:00,4.61,55.95,0.0,0.0,0.0,300.15,2.21,43.0,101110.0
1990-03-04 13:00:00+00:00,4.09,53.65,0.0,0.0,0.0,291.45,2.07,40.0,101180.0
1990-03-04 14:00:00+00:00,3.45,53.5,0.0,0.0,0.0,279.65,2.0,33.0,101230.0
1990-03-04 15:00:00+00:00,2.68,55.45,0.0,0.0,0.0,264.55,2.07,30.0,101300.0
1990-03-04 16:00:00+00:00,2.04,53.15,0.0,0.0,0.0,261.65,2.07,32.0,101350.0
1990-03-04 17:00:00+00:00,1.22,55.05,0.0,0.0,0.0,248.85,2.28,30.0,101400.0
1990-03-04 18:00:00+00:00,0.39,52.75,0.0,0.0,0.0,237.85,2.34,23.0,101430.0
1990-03-04 19:00:00+00:00,-0.3,56.95,0.0,0.0,0.0,238.2,1.93,27.0,101430.0
1990-03-04 20:00:00+00:00,-0.89,54.55,0.0,0.0,0.0,235.9,1.86,18.0,101460.0
1990-03-04 21:00:00+00:00,-1.41,56.7,0.0,0.0,0.0,233.75,1.66,13.0,101580.0
1990-03-04 22:00:00+00:00,-1.96,58.95,0.0,0.0,0.0,232.4,1.59,18.0,101690.0
1990-03-04 23:00:00+00:00,-2.57,61.45,36.35,0.0,36.35,230.3,1.45,18.0,101770.0
1990-03-05 00:00:00+00:00,-1.01,54.55,243.55,684.61,88.5,234.75,1.17,21.0,101860.0
1990-03-05 01:00:00+00:00,1.34,41.3,409.45,718.03,116.65,239.5,1.24,30.0,101920.0
1990-03-05 02:00:00+00:00,3.12,30.0,546.6,710.27,151.0,236.3,1.17,56.0,101950.0
1990-03-05 03:00:00+00:00,4.86,24.6,662.1,788.94,138.35,250.2,1.24,79.0,101960.0
1990-03-05 04:00:00+00:00,6.44,21.25,711.0,792.36,139.55,242.5,1.66,83.0,101910.0
1990-03-05 05:00:00+00:00,7.68,19.75,686.45,754.71,139.25,248.1,1.93,83.0,101840.0
1990-03-05 06:00:00+00:00,8.42,20.7,589.8,635.48,160.75,247.9,1.93,87.0,101720.0
1990-03-05 07:00:00+00:00,8.51,23.5,459.25,584.25,123.35,259.3,1.86,116.0,101560.0
1990-03-05 08:00:00+00:00,8.72,24.5,271.2,401.1,98.25,254.85,2.0,132.0,101540.0
1990-03-05 09:00:00+00:00,8.44,25.55,79.45,94.78,55.4,252.55,2.21,136.0,101560.0
1990-03-05 10:00:00+00:00,7.56,27.6,2.35,0.91,2.3,271.7,1.93,132.0,101560.0
1990-03-05 11:00:00+00:00,6.33,32.15,0.0,0.0,0.0,268.6,1.93,141.0,101600.0
1990-03-05 12:00:00+00:00,5.64,33.35,0.0,0.0,0.0,279.45,1.86,153.0,101660.0
1990-03-05 13:00:00+00:00,4.77,35.9,0.0,0.0,0.0,268.6,1.93,157.0,101690.0
1990-03-05 14:00:00+00:00,3.87,38.7,0.0,0.0,0.0,258.75,2.07,165.0,101710.0
1990-03-05 15:00:00+00:00,3.1,40.15,0.0,0.0,0.0,256.05,2.07,174.0,101730.0
1990-03-05 16:00:00+00:00,2.69,41.7,0.0,0.0,0.0,263.4,2.0,176.0,101720.0
1990-03-05 17:00:00+00:00,2.41,43.45,0.0,0.0,0.0,271.1,1.72,163.0,101750.0
1990-03-05 18:00:00+00:00,1.94,47.05,0.0,0.0,0.0,275.0,1.45,151.0,101750.0
1990-03-05 19:00:00+00:00,1.96,47.05,0.0,0.0,0.0,279.45,0.83,158.0,101710.0
1990-03-05 20:00:00+00:00,2.29,47.05,0.0,0.0,0.0,280.8,0.62,121.0,101660.0
1990-03-05 21:00:00+00:00,1.1,52.85,0.0,0.0,0.0,275.6,1.17,56.0,101670.0
1990-03-05 22:00:00+00:00,0.81,54.95,0.0,0.0,0.0,281.2,1.52,41.0,101730.0
1990-03-05 23:00:00+00:00,0.89,52.85,46.65,0.0,46.65,285.45,1.52,27.0,101810.0
1990-03-06 00:00:00+00:00,1.86,49.0,161.35,92.68,139.9,283.9,1.66,17.0,101930.0
1990-03-06 01:00:00+00:00,3.48,43.75,289.4,135.18,233.6,286.7,2.0,19.0,102020.0
1990-03-06 02:00:00+00:00,5.02,39.1,363.8,187.48,258.45,287.2,2.34,21.0,102030.0
1990-03-06 03:00:00+00:00,6.34,36.35,408.5,214.96,264.75,296.85,2.83,25.0,102080.0
1990-03-06 04:00:00+00:00,7.23,35.15,498.7,236.46,327.05,296.5,3.31,30.0,102030.0
1990-03-06 05:00:00+00:00,8.18,32.7,499.85,204.16,350.9,300.55,3.38,35.0,101990.0
1990-03-06 06:00:00+00:00,8.63,32.7,516.65,377.73,260.0,293.75,3.31,38.0,101880.0
1990-03-06 07:00:00+00:00,8.92,34.05,398.9,333.61,205.75,284.85,3.24,48.0,101810.0
1990-03-06 08:00:00+00:00,8.81,34.05,237.9,220.35,142.05,278.1,2.97,52.0,101790.0
1990-03-06 09:00:00+00:00,8.33,34.05,81.9,75.01,62.6,274.6,2.83,50.0,101790.0
1990-03-06 10:00:00+00:00,7.41,38.1,2.3,0.0,2.3,277.3,2.21,34.0,101830.0
1990-03-06 11:00:00+00:00,6.26,41.0,0.0,0.0,0.0,290.65,2.34,15.0,101890.0
1990-03-06 12:00:00+00:00,5.7,40.9,0.0,0.0,0.0,300.15,2.34,9.0,101920.0
1990-03-06 13:00:00+00:00,5.08,42.45,0.0,0.0,0.0,295.1,2.28,1.0,101960.0
1990-03-06 14:00:00+00:00,4.55,44.05,0.0,0.0,0.0,293.4,2.07,356.0,101950.0
1990-03-06 15:00:00+00:00,4.17,45.7,0.0,0.0,0.0,298.4,1.93,360.0,101960.0
1990-03-06 16:00:00+00:00,3.61,47.45,0.0,0.0,0.0,296.1,1.79,8.0,101950.0
1990-03-06 17:00:00+00:00,3.19,51.3,0.0,0.0,0.0,301.3,1.59,20.0,101940.0
1990-03-06 18:00:00+00:00,2.73,53.25,0.0,0.0,0.0,300.75,1.59,24.0,101920.0
1990-03-06 19:00:00+00:00,2.24,53.15,0.0,0.0,0.0,299.75,1.17,65.0,101740.0
1990-03-06 20:00:00+00:00,1.66,55.2,0.0,0.0,0.0,283.3,0.9,83.0,101680.0
1990-03-06 21:00:00+00:00,0.9,59.7,0.0,0.0,0.0,267.05,0.69,101.0,101620.0
1990-03-06 22:00:00+00:00,0.62,62.0,0.0,0.0,0.0,265.5,0.62,142.0,101600.0
1990-03-06 23:00:00+00:00,-0.13,67.1,50.0,0.0,50.0,258.15,0.9,167.0,101550.0
1990-03-07 00:00:00+00:00,1.32,59.7,220.25,335.81,140.85,265.9,1.45,168.0,101550.0
1990-03-07 01:00:00+00:00,3.62,51.4,404.05,605.8,150.95,261.35,2.34,178.0,101560.0
1990-03-07 02:00:00+00:00,5.98,48.15,564.1,712.74,160.05,253.3,3.59,177.0,101480.0
1990-03-07 03:00:00+00:00,8.42,46.8,703.25,833.59,141.75,257.95,4.62,179.0,101370.0
1990-03-07 04:00:00+00:00,10.52,43.8,692.2,722.69,164.2,259.5,5.03,187.0,101220.0
1990-03-07 05:00:00+00:00,11.99,39.4,657.5,627.47,196.9,268.4,4.97,188.0,101090.0
1990-03-07 06:00:00+00:00,13.39,38.15,479.4,359.15,233.85,284.65,4.76,180.0,100930.0
1990-03-07 07:00:00+00:00,14.14,34.25,363.6,330.28,171.05,305.55,4.07,159.0,100770.0
1990-03-07 08:00:00+00:00,13.81,36.85,228.45,306.55,93.95,298.8,4.21,147.0,100750.0
1990-03-07 09:00:00+00:00,12.29,42.55,85.3,154.3,45.05,288.15,4.55,146.0,100830.0
1990-03-07 10:00:00+00:00,10.18,49.05,3.6,7.33,3.15,281.0,4.62,158.0,100920.0
1990-03-07 11:00:00+00:00,8.19,56.8,0.0,0.0,0.0,258.95,3.79,177.0,101030.0
1990-03-07 12:00:00+00:00,6.93,61.1,0.0,0.0,0.0,254.65,2.9,196.0,101130.0
1990-03-07 13:00:00+00:00,5.83,68.2,0.0,0.0,0.0,250.2,2.0,214.0,101210.0
1990-03-07 14:00:00+00:00,4.64,73.45,0.0,0.0,0.0,251.0,0.97,307.0,101300.0
1990-03-07 15:00:00+00:00,3.36,82.2,0.0,0.0,0.0,250.2,2.9,5.0,101480.0
1990-03-07 16:00:00+00:00,3.63,79.15,0.0,0.0,0.0,257.4,3.72,4.0,101590.0
1990-03-07 17:00:00+00:00,3.65,76.15,0.0,0.0,0.0,266.65,4.21,0.0,101720.0
1990-03-07 18:00:00+00:00,2.89,70.4,0.0,0.0,0.0,246.75,4.14,8.0,101820.0
1990-03-07 19:00:00+00:00,2.1,75.95,0.0,0.0,0.0,251.6,3.72,9.0,101850.0
1990-03-07 20:00:00+00:00,1.21,75.75,0.0,0.0,0.0,237.25,3.45,11.0,101920.0
1990-03-07 21:00:00+00:00,0.21,78.65,0.0,0.0,0.0,220.4,3.03,5.0,101990.0
1990-03-07 22:00:00+00:00,-0.56,78.6,0.0,0.0,0.0,218.3,2.76,1.0,102090.0
1990-03-07 23:00:00+00:00,-1.2,81.65,46.2,0.0,46.2,216.95,2.62,1.0,102170.0
1990-03-08 00:00:00+00:00,-0.04,72.65,268.95,690.15,102.3,216.55,2.41,8.0,102270.0
1990-03-08 01:00:00+00:00,1.41,62.25,440.15,665.52,158.75,233.9,2.97,27.0,102370.0
1990-03-08 02:00:00+00:00,2.73,55.45,595.1,729.36,178.0,243.25,2.55,34.0,102370.0
1990-03-08 03:00:00+00:00,4.15,47.6,726.75,834.26,160.75,246.55,2.21,44.0,102340.0
1990-03-08 04:00:00+00:00,5.58,40.9,773.15,842.93,153.35,239.4,1.93,58.0,102240.0
1990-03-08 05:00:00+00:00,6.76,36.5,747.35,825.43,137.75,233.0,1.79,76.0,102150.0
1990-03-08 06:00:00+00:00,7.6,32.55,640.35,713.87,149.25,234.95,1.79,97.0,102000.0
1990-03-08 07:00:00+00:00,8.22,30.15,498.3,653.53,114.7,241.9,2.48,120.0,101910.0
1990-03-08 08:00:00+00:00,8.31,30.15,307.5,489.27,91.0,238.4,2.76,124.0,101830.0
1990-03-08 09:00:00+00:00,7.84,30.0,112.45,234.32,50.5,237.45,2.55,122.0,101810.0
1990-03-08 10:00:00+00:00,6.71,32.25,4.2,10.04,3.55,235.3,1.86,116.0,101830.0
1990-03-08 11:00:00+00:00,5.28,36.05,0.0,0.0,0.0,231.45,1.72,142.0,101860.0
1990-03-08 12:00:00+00:00,3.93,38.85,0.0,0.0,0.0,229.5,2.14,180.0,101890.0
1990-03-08 13:00:00+00:00,2.69,43.45,0.0,0.0,0.0,229.15,2.21,188.0,101860.0
1990-03-08 14:00:00+00:00,1.78,46.9,0.0,0.0,0.0,227.6,2.41,192.0,101840.0
1990-03-08 15:00:00+00:00,1.15,48.7,0.0,0.0,0.0,226.6,2.76,190.0,101780.0
1990-03-08 16:00:00+00:00,0.82,50.65,0.0,0.0,0.0,226.2,3.03,190.0,101710.0
1990-03-08 17:00:00+00:00,0.56,52.75,0.0,0.0,0.0,225.05,3.1,189.0,101660.0
1990-03-08 18:00:00+00:00,0.23,54.8,0.0,0.0,0.0,225.05,2.97,186.0,101600.0
1990-03-08 19:00:00+00:00,-0.12,57.1,0.0,0.0,0.0,225.25,2.41,182.0,101550.0
1990-03-08 20:00:00+00:00,-0.61,61.8,0.0,0.0,0.0,224.65,2.34,184.0,101460.0
1990-03-08 21:00:00+00:00,-1.14,64.25,0.0,0.0,0.0,223.3,2.21,188.0,101410.0
1990-03-08 22:00:00+00:00,-1.74,72.3,0.0,0.0,0.0,221.95,2.14,191.0,101370.0
1990-03-08 23:00:00+00:00,-2.2,72.3,100.4,1248.83,50.25,221.6,2.21,192.0,101340.0
1990-03-09 00:00:00+00:00,0.21,67.1,296.2,844.35,88.05,222.95,2.28,185.0,101310.0
1990-03-09 01:00:00+00:00,4.09,51.55,491.3,886.48,112.0,228.05,3.38,183.0,101300.0
1990-03-09 02:00:00+00:00,7.24,44.75,648.65,904.05,127.15,234.95,3.86,183.0,101190.0
1990-03-09 03:00:00+00:00,10.27,38.85,750.1,899.54,135.45,243.25,4.07,181.0,101120.0
1990-03-09 04:00:00+00:00,13.01,32.65,785.4,874.92,138.0,251.75,4.48,179.0,100990.0
1990-03-09 05:00:00+00:00,15.19,28.4,752.05,830.59,134.95,260.5,4.9,180.0,100870.0
1990-03-09 06:00:00+00:00,16.77,26.65,655.1,763.51,126.65,267.65,5.31,180.0,100690.0
1990-03-09 07:00:00+00:00,17.44,25.75,501.4,658.21,112.45,270.95,5.59,178.0,100550.0
1990-03-09 08:00:00+00:00,17.64,25.9,308.65,485.2,92.15,274.8,6.0,176.0,100450.0
1990-03-09 09:00:00+00:00,16.85,29.95,114.1,232.94,51.7,275.75,5.79,170.0,100400.0
1990-03-09 10:00:00+00:00,14.87,35.75,4.65,9.55,4.0,275.4,5.79,172.0,100400.0
1990-03-09 11:00:00+00:00,12.93,44.35,0.0,0.0,0.0,272.1,5.38,181.0,100400.0
1990-03-09 12:00:00+00:00,11.74,49.45,0.0,0.0,0.0,270.95,4.83,187.0,100440.0
1990-03-09 13:00:00+00:00,10.78,53.1,0.0,0.0,0.0,273.05,4.48,193.0,100440.0
1990-03-09 14:00:00+00:00,10.04,55.05,0.0,0.0,0.0,273.25,4.14,198.0,100440.0
1990-03-09 15:00:00+00:00,9.29,59.15,0.0,0.0,0.0,270.75,3.72,204.0,100420.0
1990-03-09 16:00:00+00:00,8.17,61.3,0.0,0.0,0.0,264.55,3.24,210.0,100410.0
1990-03-09 17:00:00+00:00,6.96,65.95,0.0,0.0,0.0,260.85,2.76,215.0,100390.0
1990-03-09 18:00:00+00:00,5.81,73.65,0.0,0.0,0.0,258.15,2.34,221.0,100410.0
1990-03-09 19:00:00+00:00,4.57,79.3,0.0,0.0,0.0,256.2,1.45,240.0,100370.0
1990-03-09 20:00:00+00:00,3.8,82.25,0.0,0.0,0.0,253.5,1.1,273.0,100390.0
1990-03-09 21:00:00+00:00,2.35,92.1,0.0,0.0,0.0,251.95,1.79,342.0,100450.0
1990-03-09 22:00:00+00:00,1.84,88.6,0.0,0.0,0.0,251.2,2.41,358.0,100560.0
1990-03-09 23:00:00+00:00,1.94,85.3,100.65,1200.35,46.45,250.6,2.55,353.0,100640.0
1990-03-10 00:00:00+00:00,4.48,73.45,291.0,805.66,88.3,251.95,2.62,353.0,100770.0
1990-03-10 01:00:00+00:00,8.69,54.65,480.9,851.18,112.4,255.95,4.0,1.0,100850.0
1990-03-10 02:00:00+00:00,11.21,47.45,634.8,871.75,127.6,261.45,4.83,8.0,100880.0
1990-03-10 03:00:00+00:00,13.13,42.8,733.7,867.65,136.65,267.25,5.38,13.0,100890.0
1990-03-10 04:00:00+00:00,14.51,40.1,769.95,848.05,138.5,273.05,5.45,17.0,100890.0
1990-03-10 05:00:00+00:00,15.51,37.4,737.7,803.94,136.85,276.95,5.24,21.0,100860.0
1990-03-10 06:00:00+00:00,16.15,36.15,639.65,723.61,135.8,281.4,5.03,24.0,100820.0
1990-03-10 07:00:00+00:00,16.24,37.55,491.15,632.02,115.2,282.75,4.21,33.0,100740.0
1990-03-10 08:00:00+00:00,16.17,39.0,303.95,473.89,90.75,284.5,3.79,35.0,100760.0
1990-03-10 09:00:00+00:00,15.61,40.35,109.95,222.22,49.65,283.1,3.17,37.0,100780.0
1990-03-10 10:00:00+00:00,14.12,46.5,4.85,11.21,4.05,281.6,2.21,21.0,100850.0
1990-03-10 11:00:00+00:00,11.99,53.5,0.0,0.0,0.0,277.5,2.62,355.0,100910.0
1990-03-10 12:00:00+00:00,10.43,61.65,0.0,0.0,0.0,275.2,2.55,342.0,100960.0
1990-03-10 13:00:00+00:00,9.18,63.8,0.0,0.0,0.0,276.15,2.48,321.0,100990.0
1990-03-10 14:00:00+00:00,8.04,66.15,0.0,0.0,0.0,274.4,2.41,314.0,101030.0
1990-03-10 15:00:00+00:00,7.16,68.5,0.0,0.0,0.0,273.45,2.28,324.0,101070.0
1990-03-10 16:00:00+00:00,6.45,71.05,0.0,0.0,0.0,271.5,2.28,342.0,101090.0
1990-03-10 17:00:00+00:00,5.81,76.5,0.0,0.0,0.0,270.15,2.48,354.0,101110.0
1990-03-10 18:00:00+00:00,5.19,76.4,0.0,0.0,0.0,269.0,2.69,358.0,101120.0
1990-03-10 19:00:00+00:00,4.5,79.3,0.0,0.0,0.0,261.45,2.69,0.0,101060.0
1990-03-10 20:00:00+00:00,3.83,85.45,0.0,0.0,0.0,258.55,2.76,5.0,101040.0
1990-03-10 21:00:00+00:00,3.15,82.2,0.0,0.0,0.0,255.85,2.76,9.0,101080.0
1990-03-10 22:00:00+00:00,2.46,82.15,0.0,0.0,0.0,253.9,2.62,11.0,101110.0
1990-03-10 23:00:00+00:00,1.86,85.25,100.65,1050.21,47.95,250.8,2.48,11.0,101180.0
1990-03-11 00:00:00+00:00,2.86,76.0,288.0,765.12,91.6,250.4,2.48,13.0,101230.0
1990-03-11 01:00:00+00:00,4.89,62.95,478.2,829.92,114.7,254.0,2.41,16.0,101260.0
1990-03-11 02:00:00+00:00,7.22,54.4,625.4,840.08,132.45,257.2,2.14,29.0,101200.0
1990-03-11 03:00:00+00:00,9.49,50.85,731.15,853.61,139.65,264.75,1.79,50.0,101140.0
1990-03-11 04:00:00+00:00,11.59,47.6,768.05,834.47,142.85,269.95,1.52,80.0,101030.0
1990-03-11 05:00:00+00:00,13.44,44.5,738.0,796.32,139.35,275.75,1.45,110.0,100920.0
1990-03-11 06:00:00+00:00,14.99,40.2,643.2,732.04,130.45,281.2,1.72,137.0,100780.0
1990-03-11 07:00:00+00:00,15.34,41.75,492.7,630.1,115.45,281.4,2.07,155.0,100690.0
1990-03-11 08:00:00+00:00,15.97,41.9,304.85,464.68,94.1,284.85,2.62,161.0,100580.0
1990-03-11 09:00:00+00:00,16.06,42.05,111.15,202.33,55.55,286.6,2.97,163.0,100550.0
1990-03-11 10:00:00+00:00,14.86,50.25,5.4,11.38,4.55,286.6,2.41,157.0,100530.0
1990-03-11 11:00:00+00:00,13.08,55.75,0.0,0.0,0.0,287.0,2.14,159.0,100550.0
1990-03-11 12:00:00+00:00,11.83,64.35,0.0,0.0,0.0,285.45,1.38,172.0,100590.0
1990-03-11 13:00:00+00:00,10.94,69.1,0.0,0.0,0.0,284.85,0.97,173.0,100570.0
1990-03-11 14:00:00+00:00,10.77,71.7,0.0,0.0,0.0,283.3,0.83,212.0,100560.0
1990-03-11 15:00:00+00:00,9.99,74.3,0.0,0.0,0.0,282.35,0.9,258.0,100550.0
1990-03-11 16:00:00+00:00,9.06,76.95,0.0,0.0,0.0,280.6,0.83,286.0,100480.0
1990-03-11 17:00:00+00:00,7.78,82.7,0.0,0.0,0.0,278.65,0.9,297.0,100440.0
1990-03-11 18:00:00+00:00,6.76,85.75,0.0,0.0,0.0,277.7,0.97,293.0,100370.0
1990-03-11 19:00:00+00:00,3.7,88.75,0.0,0.0,0.0,271.9,1.66,349.0,100320.0
1990-03-11 20:00:00+00:00,3.23,92.15,0.0,0.0,0.0,270.75,1.66,353.0,100270.0
1990-03-11 21:00:00+00:00,2.71,92.15,0.0,0.0,0.0,269.95,1.72,349.0,100220.0
1990-03-11 22:00:00+00:00,2.34,95.65,0.0,0.0,0.0,269.4,1.45,349.0,100220.0
1990-03-11 23:00:00+00:00,2.56,92.15,103.7,1000.22,48.45,268.6,1.1,344.0,100200.0
1990-03-12 00:00:00+00:00,5.77,79.4,291.2,771.77,89.15,271.5,0.14,322.0,100200.0
1990-03-12 01:00:00+00:00,9.89,66.35,478.85,825.73,113.0,277.8,0.83,170.0,100200.0
1990-03-12 02:00:00+00:00,13.82,55.9,631.65,851.7,127.65,287.4,2.0,176.0,100120.0
1990-03-12 03:00:00+00:00,17.43,45.55,730.75,852.46,135.95,296.85,3.03,175.0,100060.0
1990-03-12 04:00:00+00:00,20.66,38.65,766.5,833.77,138.0,306.75,4.0,176.0,99940.0
1990-03-12 05:00:00+00:00,23.21,34.0,735.75,794.71,134.85,315.65,4.69,179.0,99810.0
1990-03-12 06:00:00+00:00,24.81,30.8,639.9,727.99,127.0,323.2,5.17,181.0,99680.0
1990-03-12 07:00:00+00:00,24.75,30.8,492.1,632.29,111.1,323.75,4.83,180.0,99630.0
1990-03-12 08:00:00+00:00,25.28,29.85,307.65,477.85,89.2,327.45,5.24,178.0,99530.0
1990-03-12 09:00:00+00:00,24.78,30.8,116.3,227.71,52.95,328.6,4.76,169.0,99490.0
1990-03-12 10:00:00+00:00,22.67,35.1,5.95,14.11,4.85,325.7,4.62,166.0,99510.0
1990-03-12 11:00:00+00:00,20.51,39.95,0.0,0.0,0.0,319.1,4.69,178.0,99540.0
1990-03-12 12:00:00+00:00,19.06,44.3,0.0,0.0,0.0,312.95,4.28,190.0,99590.0
1990-03-12 13:00:00+00:00,17.76,47.4,0.0,0.0,0.0,309.45,3.93,199.0,99630.0
1990-03-12 14:00:00+00:00,16.43,52.5,0.0,0.0,0.0,306.15,3.59,206.0,99650.0
1990-03-12 15:00:00+00:00,15.14,56.25,0.0,0.0,0.0,302.5,3.31,212.0,99660.0
1990-03-12 16:00:00+00:00,13.86,62.45,0.0,0.0,0.0,298.8,2.69,219.0,99650.0
1990-03-12 17:00:00+00:00,12.4,69.35,0.0,0.0,0.0,294.35,2.07,228.0,99680.0
1990-03-12 18:00:00+00:00,10.85,77.15,0.0,0.0,0.0,290.3,1.86,232.0,99660.0
1990-03-12 19:00:00+00:00,9.3,79.85,0.0,0.0,0.0,286.4,1.66,318.0,99680.0
1990-03-12 20:00:00+00:00,8.12,82.75,0.0,0.0,0.0,283.5,1.59,297.0,99640.0
1990-03-12 21:00:00+00:00,7.46,82.7,0.0,0.0,0.0,280.8,1.31,269.0,99640.0
1990-03-12 22:00:00+00:00,6.63,85.75,0.0,0.0,0.0,279.05,1.17,240.0,99640.0
1990-03-12 23:00:00+00:00,5.83,92.3,111.7,1021.15,50.1,278.3,1.24,227.0,99680.0
1990-03-13 00:00:00+00:00,9.33,82.85,304.25,804.71,89.45,281.0,0.76,230.0,99710.0
1990-03-13 01:00:00+00:00,15.05,58.35,494.5,852.75,112.35,288.45,0.62,194.0,99740.0
1990-03-13 02:00:00+00:00,19.0,45.95,647.9,873.45,126.7,299.4,1.1,169.0,99740.0
1990-03-13 03:00:00+00:00,22.19,39.05,746.5,870.5,134.95,310.2,1.93,163.0,99710.0
1990-03-13 04:00:00+00:00,24.94,34.4,780.35,847.53,137.6,319.7,2.69,162.0,99660.0
1990-03-13 05:00:00+00:00,27.15,29.3,723.2,742.65,158.45,329.2,3.31,165.0,99570.0
1990-03-13 06:00:00+00:00,28.59,27.5,649.0,732.92,129.65,336.15,3.66,167.0,99450.0
1990-03-13 07:00:00+00:00,28.37,26.5,502.0,645.39,110.65,336.95,3.38,162.0,99390.0
1990-03-13 08:00:00+00:00,28.64,25.7,311.5,477.5,91.5,339.25,3.86,164.0,99330.0
1990-03-13 09:00:00+00:00,28.01,28.35,107.4,190.52,53.75,341.2,3.59,164.0,99320.0
1990-03-13 10:00:00+00:00,25.53,33.3,5.3,9.24,4.55,344.5,3.38,171.0,99380.0
1990-03-13 11:00:00+00:00,22.86,39.15,0.0,0.0,0.0,335.95,3.59,176.0,99430.0
1990-03-13 12:00:00+00:00,21.6,41.85,0.0,0.0,0.0,337.7,3.72,180.0,99490.0
1990-03-13 13:00:00+00:00,20.01,49.55,0.0,0.0,0.0,319.9,3.66,192.0,99540.0
1990-03-13 14:00:00+00:00,18.48,53.0,0.0,0.0,0.0,316.8,3.45,197.0,99580.0
1990-03-13 15:00:00+00:00,17.28,58.8,0.0,0.0,0.0,308.85,3.52,195.0,99570.0
1990-03-13 16:00:00+00:00,16.3,65.25,0.0,0.0,0.0,305.75,3.31,197.0,99560.0
1990-03-13 17:00:00+00:00,15.23,67.45,0.0,0.0,0.0,303.45,2.76,207.0,99570.0
1990-03-13 18:00:00+00:00,13.74,74.85,0.0,0.0,0.0,300.15,1.79,227.0,99570.0
1990-03-13 19:00:00+00:00,11.82,80.15,0.0,0.0,0.0,296.5,1.31,246.0,99530.0
1990-03-13 20:00:00+00:00,10.98,80.1,0.0,0.0,0.0,293.6,1.17,253.0,99510.0
1990-03-13 21:00:00+00:00,10.69,80.05,0.0,0.0,0.0,291.25,1.1,256.0,99510.0
1990-03-13 22:00:00+00:00,10.75,80.05,0.0,0.0,0.0,288.95,0.97,282.0,99560.0
1990-03-13 23:00:00+00:00,10.55,80.05,114.65,967.36,51.35,286.8,0.9,302.0,99620.0
1990-03-14 00:00:00+00:00,12.69,72.05,306.65,793.37,90.8,288.15,0.21,272.0,99670.0
1990-03-14 01:00:00+00:00,16.08,60.75,496.55,844.2,113.95,294.45,0.62,158.0,99720.0
1990-03-14 02:00:00+00:00,19.0,53.15,650.6,868.18,128.25,302.85,1.38,174.0,99700.0
1990-03-14 03:00:00+00:00,21.75,44.95,750.05,867.67,136.35,311.0,1.93,175.0,99670.0
1990-03-14 04:00:00+00:00,24.4,38.15,784.85,846.55,139.0,319.5,2.76,175.0,99580.0
1990-03-14 05:00:00+00:00,26.76,32.5,752.25,806.16,135.75,327.05,3.66,178.0,99490.0
1990-03-14 06:00:00+00:00,28.44,27.5,654.75,742.31,125.75,334.4,4.55,180.0,99370.0
1990-03-14 07:00:00+00:00,28.61,27.5,501.5,634.51,114.35,338.5,4.55,181.0,99300.0
1990-03-14 08:00:00+00:00,28.73,25.7,317.35,488.49,90.55,339.65,4.9,179.0,99280.0
1990-03-14 09:00:00+00:00,28.0,27.35,119.8,228.27,54.75,337.9,4.69,178.0,99250.0
1990-03-14 10:00:00+00:00,25.85,32.25,7.05,15.99,5.7,337.1,4.21,175.0,99330.0
1990-03-14 11:00:00+00:00,23.22,40.75,0.0,0.0,0.0,329.4,4.07,180.0,99370.0
1990-03-14 12:00:00+00:00,21.41,48.2,0.0,0.0,0.0,320.5,4.07,187.0,99450.0
1990-03-14 13:00:00+00:00,20.08,53.35,0.0,0.0,0.0,316.4,4.14,193.0,99540.0
1990-03-14 14:00:00+00:00,19.01,59.15,0.0,0.0,0.0,313.5,4.21,196.0,99550.0
1990-03-14 15:00:00+00:00,18.11,63.4,0.0,0.0,0.0,311.55,4.21,198.0,99550.0
1990-03-14 16:00:00+00:00,17.32,67.85,0.0,0.0,0.0,308.85,4.07,198.0,99510.0
1990-03-14 17:00:00+00:00,16.45,72.65,0.0,0.0,0.0,305.2,3.59,201.0,99510.0
1990-03-14 18:00:00+00:00,15.3,75.1,0.0,0.0,0.0,300.75,2.9,207.0,99520.0
1990-03-14 19:00:00+00:00,13.65,77.6,0.0,0.0,0.0,296.1,1.24,322.0,99580.0
1990-03-14 20:00:00+00:00,13.02,77.5,0.0,0.0,0.0,294.55,4.83,1.0,99790.0
1990-03-14 21:00:00+00:00,13.02,77.5,0.0,0.0,0.0,298.6,6.76,355.0,99950.0
1990-03-14 22:00:00+00:00,13.11,74.75,0.0,0.0,0.0,325.7,8.28,3.0,100170.0
1990-03-14 23:00:00+00:00,11.15,69.15,21.65,0.0,21.65,365.4,9.38,15.0,100500.0
1990-03-15 00:00:00+00:00,8.42,74.05,41.1,0.0,41.1,352.8,8.62,18.0,100870.0
1990-03-15 01:00:00+00:00,7.19,82.65,63.95,2.51,62.8,338.2,7.03,21.0,101160.0
1990-03-15 02:00:00+00:00,6.77,82.6,144.55,58.61,109.0,331.5,6.76,24.0,101280.0
1990-03-15 03:00:00+00:00,6.72,71.05,162.65,44.24,131.15,323.4,6.62,28.0,101400.0
1990-03-15 04:00:00+00:00,6.97,61.1,279.8,135.32,175.95,327.05,6.62,28.0,101460.0
1990-03-15 05:00:00+00:00,7.61,50.45,371.2,231.54,193.15,316.05,6.69,30.0,101470.0
1990-03-15 06:00:00+00:00,8.29,43.25,257.35,147.64,151.55,310.4,6.41,34.0,101430.0
1990-03-15 07:00:00+00:00,8.45,41.6,331.2,322.45,133.25,308.3,5.66,40.0,101410.0
1990-03-15 08:00:00+00:00,8.58,38.4,184.3,181.59,99.35,285.45,5.38,43.0,101400.0
1990-03-15 09:00:00+00:00,8.0,35.45,106.25,188.17,52.0,293.0,4.76,47.0,101460.0
1990-03-15 10:00:00+00:00,7.24,36.6,6.7,15.98,5.3,269.0,3.86,50.0,101540.0
1990-03-15 11:00:00+00:00,6.12,39.4,0.0,0.0,0.0,260.3,2.9,56.0,101680.0
1990-03-15 12:00:00+00:00,5.05,42.45,0.0,0.0,0.0,245.6,2.41,62.0,101820.0
1990-03-15 13:00:00+00:00,4.1,43.9,0.0,0.0,0.0,238.8,2.14,64.0,101950.0
1990-03-15 14:00:00+00:00,3.19,47.3,0.0,0.0,0.0,232.8,1.79,59.0,102040.0
1990-03-15 15:00:00+00:00,2.22,49.0,0.0,0.0,0.0,227.4,1.59,49.0,102100.0
1990-03-15 16:00:00+00:00,1.13,52.85,0.0,0.0,0.0,225.45,1.45,31.0,102130.0
1990-03-15 17:00:00+00:00,0.3,57.1,0.0,0.0,0.0,222.75,1.52,26.0,102140.0
1990-03-15 18:00:00+00:00,-0.13,54.8,0.0,0.0,0.0,229.15,1.52,31.0,102140.0
1990-03-15 19:00:00+00:00,-0.75,59.2,0.0,0.0,0.0,221.0,1.52,29.0,102070.0
1990-03-15 20:00:00+00:00,-1.4,59.1,0.0,0.0,0.0,218.85,1.59,34.0,102040.0
1990-03-15 21:00:00+00:00,-1.87,61.45,0.0,0.0,0.0,219.45,1.59,35.0,102060.0
1990-03-15 22:00:00+00:00,-2.14,58.95,0.0,0.0,0.0,220.2,1.52,32.0,102110.0
1990-03-15 23:00:00+00:00,-2.04,61.45,125.4,868.92,59.6,225.25,1.31,27.0,102160.0
1990-03-16 00:00:00+00:00,0.74,48.6,324.85,789.93,101.8,221.75,1.24,30.0,102240.0
1990-03-16 01:00:00+00:00,2.97,32.6,524.6,874.72,119.3,223.45,2.0,43.0,102290.0
1990-03-16 02:00:00+00:00,4.4,26.8,683.05,901.62,131.7,225.65,2.14,47.0,102280.0
1990-03-16 03:00:00+00:00,5.9,23.85,781.85,895.22,140.2,228.95,2.14,56.0,102210.0
1990-03-16 04:00:00+00:00,7.32,21.35,814.9,868.43,144.55,232.05,2.0,68.0,102090.0
1990-03-16 05:00:00+00:00,8.51,19.85,783.2,830.56,141.0,234.75,2.07,77.0,101940.0
1990-03-16 06:00:00+00:00,9.43,19.15,678.0,748.01,139.0,242.1,2.21,84.0,101770.0
1990-03-16 07:00:00+00:00,9.5,19.25,499.15,553.51,157.3,247.7,2.21,79.0,101710.0
1990-03-16 08:00:00+00:00,9.54,18.45,265.25,238.92,152.65,252.55,2.14,85.0,101590.0
1990-03-16 09:00:00+00:00,9.1,19.15,91.75,40.12,80.05,260.1,2.21,91.0,101560.0
1990-03-16 10:00:00+00:00,8.41,20.7,6.95,0.55,6.9,274.05,1.86,97.0,101530.0
1990-03-16 11:00:00+00:00,7.37,23.25,0.0,0.0,0.0,263.95,1.52,91.0,101520.0
1990-03-16 12:00:00+00:00,6.59,26.25,0.0,0.0,0.0,268.6,1.03,80.0,101560.0
1990-03-16 13:00:00+00:00,6.23,28.35,0.0,0.0,0.0,269.2,0.69,60.0,101590.0
1990-03-16 14:00:00+00:00,5.7,29.45,0.0,0.0,0.0,258.35,0.69,27.0,101600.0
1990-03-16 15:00:00+00:00,5.36,31.85,0.0,0.0,0.0,286.6,0.83,352.0,101610.0
1990-03-16 16:00:00+00:00,5.53,30.7,0.0,0.0,0.0,289.9,0.34,68.0,101550.0
1990-03-16 17:00:00+00:00,5.12,33.2,0.0,0.0,0.0,296.65,0.62,16.0,101480.0
1990-03-16 18:00:00+00:00,4.79,35.9,0.0,0.0,0.0,305.75,0.69,20.0,101430.0
1990-03-16 19:00:00+00:00,6.05,28.35,0.0,0.0,0.0,321.25,0.21,169.0,101260.0
1990-03-16 20:00:00+00:00,5.93,30.85,0.0,0.0,0.0,322.8,0.48,112.0,101210.0
1990-03-16 21:00:00+00:00,5.33,34.6,0.0,0.0,0.0,322.2,0.83,94.0,101200.0
1990-03-16 22:00:00+00:00,5.35,34.6,0.0,0.0,0.0,324.55,0.97,71.0,101230.0
1990-03-16 23:00:00+00:00,5.4,33.35,32.5,64.28,27.3,321.65,1.1,45.0,101230.0
1990-03-17 00:00:00+00:00,5.95,30.85,85.8,93.04,59.05,318.15,1.38,36.0,101300.0
1990-03-17 01:00:00+00:00,6.47,29.7,144.75,57.32,117.9,322.35,1.52,43.0,101340.0
1990-03-17 02:00:00+00:00,6.99,29.85,230.65,79.41,181.7,321.65,1.59,51.0,101330.0
1990-03-17 03:00:00+00:00,7.64,30.0,279.2,63.28,233.55,328.2,1.59,52.0,101290.0
1990-03-17 04:00:00+00:00,8.2,28.95,281.7,89.39,212.3,327.25,1.59,60.0,101240.0
1990-03-17 05:00:00+00:00,8.55,30.15,358.85,171.28,225.7,324.35,1.52,65.0,101180.0
1990-03-17 06:00:00+00:00,9.17,29.05,82.5,0.21,82.35,323.95,1.72,60.0,101080.0
1990-03-17 07:00:00+00:00,5.82,58.45,95.35,2.98,93.5,325.9,2.48,33.0,101080.0
1990-03-17 08:00:00+00:00,5.31,65.55,45.15,0.63,44.85,323.55,2.28,37.0,101030.0
1990-03-17 09:00:00+00:00,4.2,79.2,15.7,0.0,15.7,321.05,1.59,25.0,101060.0
1990-03-17 10:00:00+00:00,3.6,85.45,1.25,0.0,1.25,321.05,1.45,10.0,101070.0
1990-03-17 11:00:00+00:00,2.96,88.7,0.0,0.0,0.0,319.5,1.38,6.0,101140.0
1990-03-17 12:00:00+00:00,2.43,92.15,0.0,0.0,0.0,317.95,1.45,356.0,101210.0
1990-03-17 13:00:00+00:00,2.09,95.65,0.0,0.0,0.0,317.55,1.52,349.0,101250.0
1990-03-17 14:00:00+00:00,1.79,99.4,0.0,0.0,0.0,314.5,1.45,350.0,101250.0
1990-03-17 15:00:00+00:00,1.64,99.4,0.0,0.0,0.0,316.2,1.38,351.0,101250.0
1990-03-17 16:00:00+00:00,1.64,99.4,0.0,0.0,0.0,316.8,1.31,358.0,101210.0
1990-03-17 17:00:00+00:00,1.64,99.4,0.0,0.0,0.0,311.0,1.17,16.0,101180.0
1990-03-17 18:00:00+00:00,1.74,99.4,0.0,0.0,0.0,317.0,1.24,30.0,101110.0
1990-03-17 19:00:00+00:00,1.9,92.1,0.0,0.0,0.0,317.0,1.38,25.0,101040.0
1990-03-17 20:00:00+00:00,1.81,95.65,0.0,0.0,0.0,308.3,1.52,25.0,101010.0
1990-03-17 21:00:00+00:00,1.78,95.65,0.0,0.0,0.0,309.85,1.66,28.0,101000.0
1990-03-17 22:00:00+00:00,1.78,95.65,0.0,0.0,0.0,308.1,1.52,33.0,101030.0
1990-03-17 23:00:00+00:00,1.75,95.65,64.2,91.19,56.35,301.9,1.31,36.0,101070.0
1990-03-18 00:00:00+00:00,2.17,92.1,170.25,100.79,140.75,294.55,1.17,20.0,101120.0
1990-03-18 01:00:00+00:00,3.32,85.4,326.75,265.07,201.25,304.15,1.45,13.0,101180.0
1990-03-18 02:00:00+00:00,4.97,70.8,417.7,286.58,239.65,302.3,1.79,21.0,101170.0
1990-03-18 03:00:00+00:00,6.64,63.35,453.1,231.99,284.65,306.15,2.41,24.0,101160.0
1990-03-18 04:00:00+00:00,7.72,58.9,431.6,130.19,329.95,318.75,2.62,24.0,101090.0
1990-03-18 05:00:00+00:00,8.63,56.8,470.35,198.52,315.2,324.35,2.97,27.0,101030.0
1990-03-18 06:00:00+00:00,9.58,52.85,221.85,41.81,191.4,309.05,3.17,28.0,100930.0
1990-03-18 07:00:00+00:00,7.66,58.9,177.8,75.61,130.55,326.85,2.83,30.0,100930.0
1990-03-18 08:00:00+00:00,7.91,58.9,137.1,92.65,92.8,323.75,2.55,31.0,100920.0
1990-03-18 09:00:00+00:00,7.91,58.9,73.2,86.54,47.4,322.6,2.21,40.0,100910.0
1990-03-18 10:00:00+00:00,7.47,58.9,4.9,2.57,4.65,304.05,1.93,50.0,100900.0
1990-03-18 11:00:00+00:00,6.8,63.35,0.0,0.0,0.0,314.65,1.59,58.0,100960.0
1990-03-18 12:00:00+00:00,5.91,65.75,0.0,0.0,0.0,289.1,1.52,55.0,101040.0
1990-03-18 13:00:00+00:00,5.43,68.2,0.0,0.0,0.0,296.85,1.1,43.0,101110.0
1990-03-18 14:00:00+00:00,4.73,76.3,0.0,0.0,0.0,291.85,0.97,17.0,101160.0
1990-03-18 15:00:00+00:00,4.17,79.2,0.0,0.0,0.0,292.2,1.1,354.0,101150.0
1990-03-18 16:00:00+00:00,3.5,82.25,0.0,0.0,0.0,283.9,1.38,340.0,101140.0
1990-03-18 17:00:00+00:00,3.24,82.2,0.0,0.0,0.0,288.95,1.38,335.0,101110.0
1990-03-18 18:00:00+00:00,2.95,82.2,0.0,0.0,0.0,283.9,1.59,340.0,101100.0
1990-03-18 19:00:00+00:00,2.78,85.35,0.0,0.0,0.0,290.1,1.17,356.0,101080.0
1990-03-18 20:00:00+00:00,2.9,82.2,0.0,0.0,0.0,297.85,1.45,6.0,101080.0
1990-03-18 21:00:00+00:00,3.58,79.15,0.0,0.0,0.0,309.65,1.93,14.0,101080.0
1990-03-18 22:00:00+00:00,4.04,73.4,0.0,0.0,0.0,312.55,2.28,17.0,101140.0
1990-03-18 23:00:00+00:00,4.23,73.4,61.1,37.79,57.65,304.8,2.41,15.0,101180.0
1990-03-19 00:00:00+00:00,5.32,70.8,197.45,199.43,138.05,303.85,2.41,15.0,101270.0
1990-03-19 01:00:00+00:00,7.36,61.1,375.5,325.6,219.7,293.9,3.1,17.0,101350.0
1990-03-19 02:00:00+00:00,9.44,50.85,583.45,588.04,215.25,280.6,3.66,22.0,101380.0
1990-03-19 03:00:00+00:00,11.45,42.3,744.4,740.96,202.95,277.3,4.0,30.0,101350.0
1990-03-19 04:00:00+00:00,13.11,35.3,806.6,816.93,165.2,275.2,4.34,36.0,101300.0
1990-03-19 05:00:00+00:00,14.22,30.45,721.65,726.61,150.8,269.2,4.69,39.0,101240.0
1990-03-19 06:00:00+00:00,14.73,28.25,667.0,703.84,151.65,274.05,4.69,39.0,101150.0
1990-03-19 07:00:00+00:00,14.86,29.4,499.15,560.41,146.95,269.0,4.21,42.0,101080.0
1990-03-19 08:00:00+00:00,14.75,29.4,320.8,437.26,110.25,274.4,4.21,41.0,101060.0
1990-03-19 09:00:00+00:00,14.25,30.45,133.8,224.64,66.1,272.5,4.07,40.0,101070.0
1990-03-19 10:00:00+00:00,12.99,33.95,10.35,12.96,9.05,266.85,3.1,41.0,101120.0
1990-03-19 11:00:00+00:00,10.91,38.95,0.0,0.0,0.0,271.7,3.17,46.0,101190.0
1990-03-19 12:00:00+00:00,9.43,41.7,0.0,0.0,0.0,270.55,3.93,60.0,101340.0
1990-03-19 13:00:00+00:00,8.09,41.6,0.0,0.0,0.0,280.05,3.86,61.0,101490.0
1990-03-19 14:00:00+00:00,7.05,41.3,0.0,0.0,0.0,285.65,3.17,52.0,101570.0
1990-03-19 15:00:00+00:00,6.36,42.7,0.0,0.0,0.0,288.95,2.34,33.0,101630.0
1990-03-19 16:00:00+00:00,5.83,44.3,0.0,0.0,0.0,289.1,2.07,8.0,101640.0
1990-03-19 17:00:00+00:00,5.33,46.0,0.0,0.0,0.0,287.4,2.07,2.0,101630.0
1990-03-19 18:00:00+00:00,5.03,44.15,0.0,0.0,0.0,287.95,2.28,9.0,101650.0
1990-03-19 19:00:00+00:00,4.91,46.0,0.0,0.0,0.0,287.2,2.0,16.0,101590.0
1990-03-19 20:00:00+00:00,4.54,45.85,0.0,0.0,0.0,284.65,2.21,25.0,101630.0
1990-03-19 21:00:00+00:00,4.26,43.9,0.0,0.0,0.0,288.35,2.48,24.0,101680.0
1990-03-19 22:00:00+00:00,3.97,42.15,0.0,0.0,0.0,287.0,2.69,17.0,101750.0
1990-03-19 23:00:00+00:00,3.77,42.0,70.95,27.98,68.25,283.7,2.83,10.0,101810.0
1990-03-20 00:00:00+00:00,4.32,37.25,186.7,68.81,165.85,280.4,3.52,10.0,101860.0
1990-03-20 01:00:00+00:00,5.1,29.3,308.5,100.62,259.85,279.0,4.21,14.0,101900.0
1990-03-20 02:00:00+00:00,5.94,26.1,453.2,167.44,347.55,279.85,4.41,18.0,101860.0
1990-03-20 03:00:00+00:00,7.04,23.25,538.0,240.57,361.1,279.65,4.55,21.0,101800.0
1990-03-20 04:00:00+00:00,8.03,20.7,621.0,337.57,354.5,280.6,4.69,20.0,101730.0
1990-03-20 05:00:00+00:00,8.99,20.0,639.9,453.53,281.75,273.05,4.83,20.0,101650.0
1990-03-20 06:00:00+00:00,9.67,19.25,665.5,655.92,182.75,268.05,4.83,22.0,101550.0
1990-03-20 07:00:00+00:00,10.76,19.5,535.65,633.29,135.4,251.4,4.55,35.0,101470.0
1990-03-20 08:00:00+00:00,10.65,18.7,347.55,501.17,104.55,246.35,4.41,36.0,101420.0
1990-03-20 09:00:00+00:00,9.99,17.8,144.95,272.19,62.05,241.9,3.93,36.0,101420.0
1990-03-20 10:00:00+00:00,8.72,19.85,11.8,31.43,8.55,237.05,2.83,40.0,101440.0
1990-03-20 11:00:00+00:00,6.57,22.15,0.0,0.0,0.0,233.2,2.48,39.0,101490.0
1990-03-20 12:00:00+00:00,5.18,24.75,0.0,0.0,0.0,230.65,2.21,35.0,101550.0
1990-03-20 13:00:00+00:00,4.01,26.65,0.0,0.0,0.0,229.3,2.07,38.0,101610.0
1990-03-20 14:00:00+00:00,2.83,29.85,0.0,0.0,0.0,229.7,2.0,53.0,101640.0
1990-03-20 15:00:00+00:00,1.59,33.6,0.0,0.0,0.0,230.1,1.72,62.0,101670.0
1990-03-20 16:00:00+00:00,0.97,36.4,0.0,0.0,0.0,228.75,1.17,43.0,101650.0
1990-03-20 17:00:00+00:00,0.32,39.3,0.0,0.0,0.0,230.3,1.24,337.0,101600.0
1990-03-20 18:00:00+00:00,-0.9,44.3,0.0,0.0,0.0,232.05,1.66,310.0,101570.0
1990-03-20 19:00:00+00:00,0.67,41.15,0.0,0.0,0.0,242.85,1.1,293.0,101420.0
1990-03-20 20:00:00+00:00,0.35,42.9,0.0,0.0,0.0,253.5,1.17,289.0,101370.0
1990-03-20 21:00:00+00:00,0.18,48.45,0.0,0.0,0.0,256.4,1.24,285.0,101300.0
1990-03-20 22:00:00+00:00,0.81,48.6,0.0,0.0,0.0,249.25,0.97,279.0,101310.0
1990-03-20 23:00:00+00:00,1.35,46.75,129.25,573.68,70.9,239.4,0.62,266.0,101310.0
1990-03-21 00:00:00+00:00,3.31,41.85,304.4,601.99,118.9,246.35,0.21,197.0,101360.0
1990-03-21 01:00:00+00:00,5.85,20.95,463.85,732.92,105.8,248.8,0.69,145.0,101390.0
1990-03-21 02:00:00+00:00,7.34,18.8,699.65,886.61,135.95,240.15,1.24,135.0,101370.0
1990-03-21 03:00:00+00:00,9.05,16.85,796.8,881.4,144.65,241.7,1.59,140.0,101290.0
1990-03-21 04:00:00+00:00,10.45,16.5,832.45,863.54,147.0,245.75,1.86,154.0,101160.0
1990-03-21 05:00:00+00:00,11.72,17.45,801.2,831.79,141.0,249.25,1.93,167.0,101040.0
1990-03-21 06:00:00+00:00,12.78,17.65,709.45,776.56,135.0,253.15,2.07,170.0,100910.0
1990-03-21 07:00:00+00:00,13.57,17.9,553.4,683.76,118.85,256.4,2.28,162.0,100820.0
1990-03-21 08:00:00+00:00,13.82,18.65,349.5,517.13,97.05,257.2,2.41,163.0,100740.0
1990-03-21 09:00:00+00:00,13.53,19.45,146.95,276.53,61.85,259.5,2.69,160.0,100670.0
1990-03-21 10:00:00+00:00,12.29,21.6,12.3,29.58,9.15,261.25,2.55,153.0,100640.0
1990-03-21 11:00:00+00:00,9.87,26.9,0.0,0.0,0.0,255.65,2.76,164.0,100620.0
1990-03-21 12:00:00+00:00,8.48,28.95,0.0,0.0,0.0,256.6,2.62,177.0,100620.0
1990-03-21 13:00:00+00:00,7.36,31.1,0.0,0.0,0.0,253.3,2.55,186.0,100630.0
1990-03-21 14:00:00+00:00,6.66,33.6,0.0,0.0,0.0,262.05,2.55,192.0,100610.0
1990-03-21 15:00:00+00:00,6.11,36.35,0.0,0.0,0.0,263.95,2.62,194.0,100550.0
1990-03-21 16:00:00+00:00,5.74,37.7,0.0,0.0,0.0,268.4,2.55,193.0,100490.0
1990-03-21 17:00:00+00:00,5.22,40.75,0.0,0.0,0.0,265.3,2.41,194.0,100420.0
1990-03-21 18:00:00+00:00,4.87,45.85,0.0,0.0,0.0,275.95,1.93,198.0,100370.0
1990-03-21 19:00:00+00:00,4.47,53.8,0.0,0.0,0.0,272.85,0.69,224.0,100310.0
1990-03-21 20:00:00+00:00,4.53,55.95,0.0,0.0,0.0,280.8,0.62,233.0,100270.0
1990-03-21 21:00:00+00:00,4.16,62.8,0.0,0.0,0.0,286.8,0.76,239.0,100260.0
1990-03-21 22:00:00+00:00,3.86,70.5,0.0,0.0,0.0,292.05,0.83,240.0,100270.0
1990-03-21 23:00:00+00:00,4.13,76.25,93.2,86.04,84.0,296.1,0.69,241.0,100270.0
1990-03-22 00:00:00+00:00,5.96,76.55,268.9,447.05,128.85,298.05,0.21,288.0,100330.0
1990-03-22 01:00:00+00:00,9.21,59.15,460.15,566.96,180.35,284.4,0.62,62.0,100340.0
1990-03-22 02:00:00+00:00,11.62,47.6,610.35,644.34,197.6,286.05,1.24,88.0,100330.0
1990-03-22 03:00:00+00:00,13.65,41.35,742.1,752.65,181.8,288.55,1.79,98.0,100330.0
1990-03-22 04:00:00+00:00,15.59,37.4,811.65,831.43,148.15,283.7,1.66,108.0,100270.0
1990-03-22 05:00:00+00:00,17.3,33.75,790.45,820.94,135.6,288.35,1.17,99.0,100190.0
1990-03-22 06:00:00+00:00,18.47,31.55,631.25,623.45,167.75,289.1,1.24,83.0,100120.0
1990-03-22 07:00:00+00:00,19.28,27.2,480.4,527.78,143.15,305.0,1.93,63.0,100040.0
1990-03-22 08:00:00+00:00,18.98,26.15,281.2,378.98,94.95,296.3,0.97,72.0,100040.0
1990-03-22 09:00:00+00:00,18.56,26.15,129.95,201.04,67.45,310.4,0.83,169.0,100100.0
1990-03-22 10:00:00+00:00,17.45,32.5,12.3,26.92,9.35,297.05,1.86,176.0,100130.0
1990-03-22 11:00:00+00:00,14.81,40.1,0.0,0.0,0.0,288.95,2.41,184.0,100150.0
1990-03-22 12:00:00+00:00,12.71,46.1,0.0,0.0,0.0,277.9,2.07,204.0,100200.0
1990-03-22 13:00:00+00:00,10.85,53.1,0.0,0.0,0.0,274.8,2.07,224.0,100260.0
1990-03-22 14:00:00+00:00,9.05,61.45,0.0,0.0,0.0,272.85,2.28,236.0,100270.0
1990-03-22 15:00:00+00:00,8.01,66.15,0.0,0.0,0.0,270.95,2.34,236.0,100300.0
1990-03-22 16:00:00+00:00,7.63,68.6,0.0,0.0,0.0,269.6,2.48,232.0,100260.0
1990-03-22 17:00:00+00:00,7.52,68.6,0.0,0.0,0.0,268.4,2.55,229.0,100230.0
1990-03-22 18:00:00+00:00,7.34,71.15,0.0,0.0,0.0,267.25,2.62,228.0,100210.0
1990-03-22 19:00:00+00:00,6.84,71.05,0.0,0.0,0.0,267.25,2.28,222.0,100150.0
1990-03-22 20:00:00+00:00,6.08,73.7,0.0,0.0,0.0,266.65,2.21,220.0,100120.0
1990-03-22 21:00:00+00:00,5.42,73.65,0.0,0.0,0.0,265.3,2.21,220.0,100120.0
1990-03-22 22:00:00+00:00,4.93,76.4,0.0,0.0,0.0,264.35,2.28,221.0,100140.0
1990-03-22 23:00:00+00:00,5.1,76.4,153.15,770.83,66.7,263.75,2.28,221.0,100140.0
1990-03-23 00:00:00+00:00,9.11,59.15,348.8,753.13,109.0,268.2,2.0,216.0,100180.0
1990-03-23 01:00:00+00:00,14.77,40.1,530.75,769.24,147.3,274.7,2.21,208.0,100180.0
1990-03-23 02:00:00+00:00,18.69,30.5,679.9,786.12,172.6,287.4,2.41,201.0,100160.0
1990-03-23 03:00:00+00:00,21.58,24.85,792.5,854.82,152.3,299.0,2.28,199.0,100130.0
1990-03-23 04:00:00+00:00,23.5,20.85,809.75,807.68,161.8,300.95,1.86,191.0,100070.0
1990-03-23 05:00:00+00:00,24.57,18.8,733.65,685.24,184.35,310.2,1.52,180.0,100000.0
1990-03-23 06:00:00+00:00,25.09,16.95,493.45,424.77,176.1,314.85,1.59,163.0,99940.0
1990-03-23 07:00:00+00:00,24.71,14.95,413.1,367.44,177.05,334.4,1.66,137.0,99920.0
1990-03-23 08:00:00+00:00,24.58,15.45,164.3,162.42,83.95,337.3,2.34,132.0,99880.0
1990-03-23 09:00:00+00:00,23.19,19.3,56.0,27.87,47.25,346.2,1.79,106.0,99970.0
1990-03-23 10:00:00+00:00,21.4,25.65,5.6,5.77,4.95,352.2,1.31,22.0,100090.0
1990-03-23 11:00:00+00:00,18.44,31.55,0.0,0.0,0.0,344.1,4.0,354.0,100280.0
1990-03-23 12:00:00+00:00,17.39,36.4,0.0,0.0,0.0,348.75,5.03,359.0,100380.0
1990-03-23 13:00:00+00:00,15.87,43.5,0.0,0.0,0.0,323.55,4.07,4.0,100500.0
1990-03-23 14:00:00+00:00,14.44,50.1,0.0,0.0,0.0,308.5,3.31,2.0,100600.0
1990-03-23 15:00:00+00:00,13.4,55.75,0.0,0.0,0.0,304.05,2.76,349.0,100690.0
1990-03-23 16:00:00+00:00,12.29,59.85,0.0,0.0,0.0,297.45,2.34,333.0,100740.0
1990-03-23 17:00:00+00:00,11.27,64.25,0.0,0.0,0.0,296.1,2.28,324.0,100790.0
1990-03-23 18:00:00+00:00,10.58,66.55,0.0,0.0,0.0,293.4,2.28,324.0,100800.0
1990-03-23 19:00:00+00:00,9.58,71.5,0.0,0.0,0.0,282.95,1.72,316.0,100830.0
1990-03-23 20:00:00+00:00,8.66,76.85,0.0,0.0,0.0,285.05,1.86,318.0,100850.0
1990-03-23 21:00:00+00:00,7.67,79.7,0.0,0.0,0.0,278.5,1.93,318.0,100900.0
1990-03-23 22:00:00+00:00,6.86,82.6,0.0,0.0,0.0,276.15,1.93,320.0,100950.0
1990-03-23 23:00:00+00:00,6.57,82.6,156.4,773.62,65.6,274.05,1.79,320.0,101020.0
1990-03-24 00:00:00+00:00,10.67,71.7,356.45,786.98,101.85,275.75,1.45,333.0,101090.0
1990-03-24 01:00:00+00:00,15.93,46.9,548.1,841.25,124.6,281.7,2.21,359.0,101150.0
1990-03-24 02:00:00+00:00,18.35,38.1,701.95,865.64,139.25,288.15,2.83,9.0,101170.0
1990-03-24 03:00:00+00:00,20.22,33.15,801.3,868.88,146.7,293.55,2.69,20.0,101170.0
1990-03-24 04:00:00+00:00,21.59,26.8,834.75,851.37,148.2,298.05,2.21,39.0,101110.0
1990-03-24 05:00:00+00:00,22.44,24.95,799.7,811.18,146.3,301.5,1.72,57.0,101040.0
1990-03-24 06:00:00+00:00,22.91,23.25,705.75,759.27,135.75,302.85,1.31,63.0,100940.0
1990-03-24 07:00:00+00:00,22.88,21.55,550.45,664.13,121.55,299.75,1.31,65.0,100850.0
1990-03-24 08:00:00+00:00,22.73,20.7,356.05,514.66,99.8,298.2,1.1,82.0,100820.0
1990-03-24 09:00:00+00:00,22.27,20.6,153.75,283.52,63.85,296.3,1.17,104.0,100830.0
1990-03-24 10:00:00+00:00,21.35,23.8,15.2,38.03,10.8,292.4,1.38,123.0,100870.0
1990-03-24 11:00:00+00:00,19.33,27.2,0.0,0.0,0.0,285.85,1.66,142.0,100870.0
1990-03-24 12:00:00+00:00,16.67,31.15,0.0,0.0,0.0,282.35,1.93,167.0,100940.0
1990-03-24 13:00:00+00:00,14.14,35.6,0.0,0.0,0.0,279.85,2.21,197.0,100980.0
1990-03-24 14:00:00+00:00,12.26,39.4,0.0,0.0,0.0,276.75,2.41,216.0,101030.0
1990-03-24 15:00:00+00:00,10.82,43.8,0.0,0.0,0.0,274.4,2.48,226.0,101050.0
1990-03-24 16:00:00+00:00,9.77,48.95,0.0,0.0,0.0,272.3,2.48,231.0,101050.0
1990-03-24 17:00:00+00:00,9.09,50.7,0.0,0.0,0.0,270.55,2.55,232.0,101000.0
1990-03-24 18:00:00+00:00,8.72,52.6,0.0,0.0,0.0,268.4,2.55,231.0,100970.0
1990-03-24 19:00:00+00:00,8.91,52.6,0.0,0.0,0.0,269.75,2.55,224.0,100840.0
1990-03-24 20:00:00+00:00,8.33,52.6,0.0,0.0,0.0,269.6,2.48,224.0,100800.0
1990-03-24 21:00:00+00:00,7.61,56.7,0.0,0.0,0.0,268.2,2.34,226.0,100820.0
1990-03-24 22:00:00+00:00,6.87,61.0,0.0,0.0,0.0,267.25,2.28,229.0,100820.0
1990-03-24 23:00:00+00:00,6.68,65.85,167.7,819.02,67.3,266.1,2.07,231.0,100870.0
1990-03-25 00:00:00+00:00,10.83,53.1,372.45,822.26,102.25,268.6,1.66,226.0,100900.0
1990-03-25 01:00:00+00:00,16.86,34.9,566.05,869.02,124.3,276.25,1.72,211.0,100920.0
1990-03-25 02:00:00+00:00,20.68,27.6,719.85,887.79,138.6,286.4,2.07,197.0,100920.0
1990-03-25 03:00:00+00:00,23.48,23.4,817.3,884.48,147.05,295.9,2.69,190.0,100910.0
1990-03-25 04:00:00+00:00,25.28,18.3,850.2,864.13,149.8,301.9,2.97,189.0,100830.0
1990-03-25 05:00:00+00:00,26.28,14.1,814.95,825.49,146.85,304.8,2.83,182.0,100750.0
1990-03-25 06:00:00+00:00,26.8,12.15,716.05,765.82,138.4,305.2,2.97,179.0,100650.0
1990-03-25 07:00:00+00:00,26.98,10.35,559.4,671.5,123.5,303.05,3.45,176.0,100540.0
1990-03-25 08:00:00+00:00,26.63,9.95,363.7,524.28,101.0,301.1,3.79,176.0,100470.0
1990-03-25 09:00:00+00:00,25.81,11.05,158.55,292.2,65.0,299.2,3.93,174.0,100470.0
1990-03-25 10:00:00+00:00,23.59,14.15,16.3,41.27,11.4,295.5,3.59,167.0,100480.0
1990-03-25 11:00:00+00:00,20.55,18.7,0.0,0.0,0.0,290.5,3.86,172.0,100540.0
1990-03-25 12:00:00+00:00,18.7,23.25,0.0,0.0,0.0,286.2,3.93,183.0,100590.0
1990-03-25 13:00:00+00:00,17.21,28.95,0.0,0.0,0.0,283.7,3.72,194.0,100630.0
1990-03-25 14:00:00+00:00,15.87,34.65,0.0,0.0,0.0,281.2,3.31,203.0,100650.0
1990-03-25 15:00:00+00:00,14.5,38.55,0.0,0.0,0.0,279.05,3.03,209.0,100640.0
1990-03-25 16:00:00+00:00,13.2,44.5,0.0,0.0,0.0,276.55,2.76,212.0,100600.0
1990-03-25 17:00:00+00:00,12.02,47.75,0.0,0.0,0.0,274.05,2.62,216.0,100570.0
1990-03-25 18:00:00+00:00,10.87,51.1,0.0,0.0,0.0,272.5,2.48,219.0,100510.0
1990-03-25 19:00:00+00:00,10.39,52.95,0.0,0.0,0.0,271.3,2.48,217.0,100400.0
1990-03-25 20:00:00+00:00,9.52,52.85,0.0,0.0,0.0,269.4,2.34,220.0,100360.0
1990-03-25 21:00:00+00:00,8.71,54.65,0.0,0.0,0.0,267.85,2.28,224.0,100350.0
1990-03-25 22:00:00+00:00,8.01,54.65,0.0,0.0,0.0,266.3,2.21,225.0,100350.0
1990-03-25 23:00:00+00:00,8.0,54.65,173.85,820.86,68.95,265.1,2.0,227.0,100360.0
1990-03-26 00:00:00+00:00,12.09,45.95,379.9,827.89,103.65,268.8,1.72,221.0,100380.0
1990-03-26 01:00:00+00:00,18.0,32.65,572.8,871.76,125.4,277.45,1.72,204.0,100360.0
1990-03-26 02:00:00+00:00,22.23,24.05,721.05,875.17,144.0,290.1,2.21,193.0,100320.0
1990-03-26 03:00:00+00:00,25.45,19.75,796.2,828.76,164.55,303.05,2.76,188.0,100270.0
1990-03-26 04:00:00+00:00,27.58,16.75,817.8,813.89,154.8,315.85,3.17,182.0,100200.0
1990-03-26 05:00:00+00:00,28.77,13.55,791.65,778.97,158.25,322.4,3.24,187.0,100090.0
1990-03-26 06:00:00+00:00,29.36,13.15,629.6,562.93,203.0,330.15,2.76,194.0,99990.0
1990-03-26 07:00:00+00:00,29.34,13.65,501.55,524.79,159.15,345.45,2.62,190.0,99910.0
1990-03-26 08:00:00+00:00,29.33,13.65,223.9,167.29,139.55,335.4,2.55,198.0,99840.0
1990-03-26 09:00:00+00:00,27.98,17.5,92.8,47.19,77.55,349.7,2.41,225.0,99880.0
1990-03-26 10:00:00+00:00,25.59,22.15,13.25,16.43,11.25,349.1,2.76,226.0,99900.0
1990-03-26 11:00:00+00:00,22.51,29.05,0.0,0.0,0.0,326.65,2.97,240.0,99930.0
1990-03-26 12:00:00+00:00,19.92,36.95,0.0,0.0,0.0,324.55,2.76,237.0,99940.0
1990-03-26 13:00:00+00:00,17.73,42.45,0.0,0.0,0.0,309.65,2.62,230.0,99970.0
1990-03-26 14:00:00+00:00,16.5,47.0,0.0,0.0,0.0,306.35,2.62,227.0,99960.0
1990-03-26 15:00:00+00:00,15.54,48.65,0.0,0.0,0.0,303.45,2.62,229.0,99930.0
1990-03-26 16:00:00+00:00,14.63,50.25,0.0,0.0,0.0,300.35,2.62,231.0,99890.0
1990-03-26 17:00:00+00:00,13.83,53.85,0.0,0.0,0.0,295.1,2.69,233.0,99880.0
1990-03-26 18:00:00+00:00,13.2,53.7,0.0,0.0,0.0,291.85,2.76,238.0,99840.0
1990-03-26 19:00:00+00:00,12.53,57.75,0.0,0.0,0.0,288.35,2.41,238.0,99810.0
1990-03-26 20:00:00+00:00,11.92,59.7,0.0,0.0,0.0,285.25,2.48,241.0,99760.0
1990-03-26 21:00:00+00:00,11.37,57.4,0.0,0.0,0.0,282.35,2.55,242.0,99750.0
1990-03-26 22:00:00+00:00,10.94,57.3,0.0,0.0,0.0,280.8,2.55,242.0,99750.0
1990-03-26 23:00:00+00:00,11.24,53.25,174.95,794.8,69.25,280.2,2.34,242.0,99770.0
1990-03-27 00:00:00+00:00,15.31,40.2,378.65,812.45,103.45,284.85,1.93,238.0,99760.0
1990-03-27 01:00:00+00:00,22.16,24.95,569.35,857.32,125.2,294.85,1.93,227.0,99760.0
1990-03-27 02:00:00+00:00,27.19,16.1,719.55,873.92,139.3,308.3,2.48,227.0,99720.0
1990-03-27 03:00:00+00:00,30.26,12.25,813.45,868.71,147.6,320.3,2.83,236.0,99690.0
1990-03-27 04:00:00+00:00,31.92,9.9,843.15,846.53,150.15,330.15,2.69,239.0,99590.0
1990-03-27 05:00:00+00:00,32.88,8.95,806.55,807.23,147.15,335.95,2.83,238.0,99500.0
1990-03-27 06:00:00+00:00,33.46,8.7,708.85,748.92,138.7,338.1,3.1,239.0,99410.0
1990-03-27 07:00:00+00:00,33.63,8.7,553.9,656.08,123.7,337.3,3.79,231.0,99320.0
1990-03-27 08:00:00+00:00,33.46,8.7,360.9,512.11,101.1,337.1,3.93,230.0,99240.0
1990-03-27 09:00:00+00:00,32.8,9.7,159.0,286.78,65.45,336.15,3.31,222.0,99220.0
1990-03-27 10:00:00+00:00,30.26,12.7,17.55,43.29,12.15,332.65,3.03,204.0,99220.0
1990-03-27 11:00:00+00:00,26.83,14.8,0.0,0.0,0.0,324.55,3.31,209.0,99260.0
1990-03-27 12:00:00+00:00,24.04,17.95,0.0,0.0,0.0,319.1,3.03,217.0,99300.0
1990-03-27 13:00:00+00:00,21.36,23.8,0.0,0.0,0.0,313.7,2.97,219.0,99350.0
1990-03-27 14:00:00+00:00,19.59,29.5,0.0,0.0,0.0,308.65,3.1,222.0,99350.0
1990-03-27 15:00:00+00:00,18.64,29.35,0.0,0.0,0.0,305.0,3.17,227.0,99340.0
1990-03-27 16:00:00+00:00,18.04,27.05,0.0,0.0,0.0,302.3,3.24,234.0,99350.0
1990-03-27 17:00:00+00:00,18.07,25.05,0.0,0.0,0.0,301.3,3.45,240.0,99330.0
1990-03-27 18:00:00+00:00,18.1,23.15,0.0,0.0,0.0,300.35,3.52,245.0,99310.0
1990-03-27 19:00:00+00:00,16.43,27.6,0.0,0.0,0.0,297.05,2.97,246.0,99320.0
1990-03-27 20:00:00+00:00,15.93,27.45,0.0,0.0,0.0,296.65,2.97,249.0,99290.0
1990-03-27 21:00:00+00:00,14.95,30.6,0.0,0.0,0.0,294.75,2.69,250.0,99310.0
1990-03-27 22:00:00+00:00,13.82,34.1,0.0,0.0,0.0,293.0,2.21,253.0,99400.0
1990-03-27 23:00:00+00:00,13.62,39.8,179.2,787.78,70.35,290.85,1.17,277.0,99480.0
1990-03-28 00:00:00+00:00,16.86,33.6,383.25,811.05,104.45,294.15,1.1,339.0,99600.0
1990-03-28 01:00:00+00:00,21.99,23.9,573.65,855.74,126.2,300.85,2.34,16.0,99710.0
1990-03-28 02:00:00+00:00,24.75,18.2,723.1,871.47,140.5,309.65,3.79,17.0,99750.0
1990-03-28 03:00:00+00:00,26.8,17.25,816.85,867.13,148.5,315.85,5.03,13.0,99780.0
1990-03-28 04:00:00+00:00,28.02,18.2,842.9,837.15,154.25,320.85,5.38,14.0,99780.0
1990-03-28 05:00:00+00:00,28.74,18.4,788.25,763.56,161.7,327.25,5.52,16.0,99760.0
1990-03-28 06:00:00+00:00,28.97,21.35,699.1,733.13,138.45,334.8,5.79,21.0,99730.0
1990-03-28 07:00:00+00:00,29.17,24.9,542.05,635.27,123.45,339.45,5.1,28.0,99720.0
1990-03-28 08:00:00+00:00,28.63,27.6,349.4,486.21,101.25,343.3,5.03,29.0,99720.0
1990-03-28 09:00:00+00:00,27.56,32.65,152.75,266.71,64.95,347.95,5.1,28.0,99800.0
1990-03-28 10:00:00+00:00,25.67,35.9,17.35,38.76,12.4,343.9,4.9,22.0,99880.0
1990-03-28 11:00:00+00:00,22.83,39.15,0.0,0.0,0.0,336.75,5.03,21.0,100020.0
1990-03-28 12:00:00+00:00,20.46,37.1,0.0,0.0,0.0,327.45,4.9,20.0,100140.0
1990-03-28 13:00:00+00:00,18.51,34.05,0.0,0.0,0.0,317.55,4.28,16.0,100300.0
1990-03-28 14:00:00+00:00,16.93,34.9,0.0,0.0,0.0,310.2,4.0,11.0,100370.0
1990-03-28 15:00:00+00:00,15.6,33.35,0.0,0.0,0.0,305.0,4.14,11.0,100430.0
1990-03-28 16:00:00+00:00,14.45,34.25,0.0,0.0,0.0,300.95,4.34,10.0,100480.0
1990-03-28 17:00:00+00:00,13.48,33.95,0.0,0.0,0.0,297.45,4.55,9.0,100520.0
1990-03-28 18:00:00+00:00,12.76,32.5,0.0,0.0,0.0,295.1,4.76,7.0,100520.0
1990-03-28 19:00:00+00:00,12.38,28.75,0.0,0.0,0.0,287.55,5.03,6.0,100570.0
1990-03-28 20:00:00+00:00,12.2,27.6,0.0,0.0,0.0,289.1,5.1,6.0,100610.0
1990-03-28 21:00:00+00:00,12.06,26.5,0.0,0.0,0.0,287.95,5.38,5.0,100690.0
1990-03-28 22:00:00+00:00,12.08,26.5,0.0,0.0,0.0,292.8,5.52,5.0,100810.0
1990-03-28 23:00:00+00:00,12.32,27.6,151.8,577.64,69.0,292.8,5.52,5.0,100930.0
1990-03-29 00:00:00+00:00,13.51,26.9,285.8,485.45,116.5,303.05,6.48,7.0,101090.0
1990-03-29 01:00:00+00:00,14.51,29.4,331.95,346.24,149.25,322.35,6.97,10.0,101180.0
1990-03-29 02:00:00+00:00,15.21,31.95,390.7,279.18,202.8,345.65,6.97,8.0,101210.0
1990-03-29 03:00:00+00:00,15.98,32.1,454.5,316.39,209.3,338.65,6.83,11.0,101210.0
1990-03-29 04:00:00+00:00,17.05,26.8,441.5,208.64,269.05,352.4,6.83,18.0,101210.0
1990-03-29 05:00:00+00:00,17.79,23.95,400.7,191.4,242.95,352.0,6.62,22.0,101160.0
1990-03-29 06:00:00+00:00,18.11,21.4,277.35,37.3,248.7,349.5,6.21,27.0,101080.0
1990-03-29 07:00:00+00:00,17.7,21.25,284.65,92.43,223.45,364.0,5.59,31.0,101050.0
1990-03-29 08:00:00+00:00,17.71,20.45,158.3,73.53,120.55,363.65,5.38,34.0,101010.0
1990-03-29 09:00:00+00:00,17.19,19.5,61.3,15.2,56.25,361.9,4.83,36.0,101060.0
1990-03-29 10:00:00+00:00,16.53,19.4,5.45,0.77,5.35,365.75,4.21,34.0,101100.0
1990-03-29 11:00:00+00:00,15.78,19.95,0.0,0.0,0.0,364.4,3.86,32.0,101150.0
1990-03-29 12:00:00+00:00,14.98,20.5,0.0,0.0,0.0,350.85,3.59,28.0,101220.0
1990-03-29 13:00:00+00:00,14.32,20.4,0.0,0.0,0.0,347.75,3.45,25.0,101300.0
1990-03-29 14:00:00+00:00,13.94,20.25,0.0,0.0,0.0,359.2,3.66,20.0,101330.0
1990-03-29 15:00:00+00:00,13.28,20.15,0.0,0.0,0.0,340.0,3.52,16.0,101370.0
1990-03-29 16:00:00+00:00,12.92,20.85,0.0,0.0,0.0,346.8,3.45,14.0,101350.0
1990-03-29 17:00:00+00:00,12.59,20.85,0.0,0.0,0.0,346.2,3.17,13.0,101360.0
1990-03-29 18:00:00+00:00,12.12,20.75,0.0,0.0,0.0,335.95,2.76,9.0,101300.0
1990-03-29 19:00:00+00:00,11.73,21.5,0.0,0.0,0.0,351.05,2.69,6.0,101250.0
1990-03-29 20:00:00+00:00,11.48,20.6,0.0,0.0,0.0,341.55,2.34,4.0,101180.0
1990-03-29 21:00:00+00:00,11.15,21.35,0.0,0.0,0.0,330.95,1.93,6.0,101200.0
1990-03-29 22:00:00+00:00,10.63,22.15,0.0,0.0,0.0,315.65,1.79,4.0,101230.0
1990-03-29 23:00:00+00:00,10.77,23.05,89.35,166.0,64.7,324.15,1.66,7.0,101290.0
1990-03-30 00:00:00+00:00,11.78,19.75,252.6,389.44,114.85,338.65,2.21,15.0,101340.0
1990-03-30 01:00:00+00:00,13.08,18.55,474.0,563.19,174.15,319.45,2.0,21.0,101340.0
1990-03-30 02:00:00+00:00,14.9,18.15,643.6,666.62,191.95,308.3,1.31,33.0,101320.0
1990-03-30 03:00:00+00:00,16.74,17.85,781.4,759.2,189.85,305.0,0.76,85.0,101240.0
1990-03-30 04:00:00+00:00,18.81,20.7,826.4,799.1,162.8,307.7,1.31,146.0,101120.0
1990-03-30 05:00:00+00:00,20.65,22.75,805.3,788.84,152.3,307.3,2.28,161.0,100960.0
1990-03-30 06:00:00+00:00,22.12,23.15,702.4,726.35,142.05,306.35,3.17,166.0,100800.0
1990-03-30 07:00:00+00:00,23.13,24.3,550.45,638.18,125.9,312.35,4.28,175.0,100670.0
1990-03-30 08:00:00+00:00,23.52,25.2,358.65,495.44,102.8,315.05,4.62,176.0,100560.0
1990-03-30 09:00:00+00:00,23.38,24.3,160.4,276.79,67.65,318.35,4.9,177.0,100500.0
1990-03-30 10:00:00+00:00,22.33,25.95,19.75,45.27,13.7,315.85,4.28,173.0,100450.0
1990-03-30 11:00:00+00:00,20.35,29.6,0.0,0.0,0.0,311.55,4.14,173.0,100440.0
1990-03-30 12:00:00+00:00,19.04,32.9,0.0,0.0,0.0,307.3,4.14,180.0,100450.0
1990-03-30 13:00:00+00:00,18.07,35.35,0.0,0.0,0.0,304.2,4.21,188.0,100510.0
1990-03-30 14:00:00+00:00,17.23,40.75,0.0,0.0,0.0,301.9,4.21,193.0,100540.0
1990-03-30 15:00:00+00:00,16.52,43.8,0.0,0.0,0.0,300.35,4.21,194.0,100540.0
1990-03-30 16:00:00+00:00,15.92,48.65,0.0,0.0,0.0,298.8,4.07,194.0,100510.0
1990-03-30 17:00:00+00:00,15.45,52.25,0.0,0.0,0.0,298.6,4.07,195.0,100460.0
1990-03-30 18:00:00+00:00,14.95,54.1,0.0,0.0,0.0,298.6,3.93,196.0,100370.0
1990-03-30 19:00:00+00:00,14.09,52.0,0.0,0.0,0.0,298.8,3.03,202.0,100300.0
1990-03-30 20:00:00+00:00,13.48,53.7,0.0,0.0,0.0,299.55,2.83,204.0,100230.0
1990-03-30 21:00:00+00:00,12.85,55.65,0.0,0.0,0.0,299.55,2.55,207.0,100210.0
1990-03-30 22:00:00+00:00,12.07,55.5,0.0,0.0,0.0,297.85,2.14,213.0,100230.0
1990-03-30 23:00:00+00:00,11.96,57.65,178.85,673.07,75.45,301.7,1.72,212.0,100250.0
1990-03-31 00:00:00+00:00,15.46,46.75,363.4,705.7,110.3,305.4,1.72,201.0,100270.0
1990-03-31 01:00:00+00:00,19.18,36.8,546.95,743.05,147.85,317.1,2.0,194.0,100250.0
1990-03-31 02:00:00+00:00,22.22,30.15,702.85,817.5,145.35,323.95,1.72,185.0,100200.0
1990-03-31 03:00:00+00:00,24.8,25.6,787.1,803.58,157.65,334.4,1.31,160.0,100180.0
1990-03-31 04:00:00+00:00,26.72,23.4,811.75,776.92,163.6,344.3,1.31,124.0,100140.0
1990-03-31 05:00:00+00:00,28.05,22.75,775.25,740.07,160.0,352.4,1.59,103.0,100050.0
1990-03-31 06:00:00+00:00,28.97,21.35,584.4,534.36,170.4,354.95,1.79,103.0,99960.0
1990-03-31 07:00:00+00:00,28.36,23.75,508.35,555.17,137.3,361.1,1.72,115.0,99900.0
1990-03-31 08:00:00+00:00,28.52,22.9,339.1,416.75,122.65,355.7,1.52,136.0,99850.0
1990-03-31 09:00:00+00:00,28.2,22.9,143.3,192.01,78.4,349.7,1.52,145.0,99800.0
1990-03-31 10:00:00+00:00,27.23,25.3,17.9,13.18,16.1,342.35,1.45,147.0,99820.0
1990-03-31 11:00:00+00:00,25.42,29.85,0.0,0.0,0.0,341.75,1.59,172.0,99850.0
1990-03-31 12:00:00+00:00,23.06,35.1,0.0,0.0,0.0,337.5,1.93,202.0,99900.0
1990-03-31 13:00:00+00:00,21.26,38.75,0.0,0.0,0.0,342.75,2.34,212.0,99950.0
1990-03-31 14:00:00+00:00,20.09,43.0,0.0,0.0,0.0,346.2,2.48,215.0,99940.0
1990-03-31 15:00:00+00:00,19.08,45.95,0.0,0.0,0.0,342.75,2.41,220.0,99950.0
1990-03-31 16:00:00+00:00,15.21,62.58,0.0,0.0,0.0,307.82,1.28,227.0,99910.0
1990-03-31 17:00:00+00:00,15.16,61.57,0.0,0.0,0.0,311.47,1.4,232.0,99890.0
1990-03-31 18:00:00+00:00,15.12,60.56,0.0,0.0,0.0,315.11,1.53,238.0,99820.0
1990-03-31 19:00:00+00:00,15.07,59.56,0.0,0.0,0.0,318.76,1.66,270.0,99870.0
1990-03-31 20:00:00+00:00,15.03,58.55,0.0,0.0,0.0,322.41,1.78,285.0,99830.0
1990-03-31 21:00:00+00:00,14.98,57.55,0.0,0.0,0.0,326.06,1.91,284.0,99860.0
1990-03-31 22:00:00+00:00,14.94,56.54,0.0,0.0,0.0,329.71,2.04,289.0,99880.0
1990-03-31 23:00:00+00:00,14.89,55.54,192.4,739.62,75.0,333.35,2.16,287.0,99960.0
1990-04-01 00:00:00+00:00,14.85,54.53,59.0,0.96,58.65,337.0,2.29,22.0,100140.0
1990-04-01 01:00:00+00:00,14.8,53.53,90.35,0.65,90.0,340.65,2.42,15.0,100220.0
1990-04-01 02:00:00+00:00,14.76,52.52,100.5,15.08,90.15,344.3,2.55,9.0,100320.0
1990-04-01 03:00:00+00:00,14.72,51.52,94.5,2.41,92.6,347.95,2.67,14.0,100330.0
1990-04-01 04:00:00+00:00,14.67,50.51,236.2,27.56,213.1,351.59,2.8,15.0,100320.0
1990-04-01 05:00:00+00:00,14.63,49.5,217.9,32.34,190.9,355.24,2.93,14.0,100280.0
1990-04-01 06:00:00+00:00,14.58,48.5,192.25,28.15,170.35,358.89,3.05,18.0,100230.0
1990-04-01 07:00:00+00:00,14.54,47.49,201.95,75.29,151.4,362.54,3.18,9.0,100120.0
1990-04-01 08:00:00+00:00,16.6,36.15,163.05,93.14,114.4,357.45,3.79,3.0,100090.0
1990-04-01 09:00:00+00:00,16.56,32.2,40.1,12.03,36.0,354.35,3.86,355.0,100160.0
1990-04-01 10:00:00+00:00,15.69,34.5,4.25,0.0,4.25,359.75,3.52,345.0,100200.0
1990-04-01 11:00:00+00:00,14.9,35.75,0.0,0.0,0.0,356.1,3.72,341.0,100180.0
1990-04-01 12:00:00+00:00,14.56,37.0,0.0,0.0,0.0,354.75,3.72,340.0,100220.0
1990-04-01 13:00:00+00:00,14.43,35.6,0.0,0.0,0.0,353.75,3.72,338.0,100270.0
1990-04-01 14:00:00+00:00,14.4,34.25,0.0,0.0,0.0,354.95,3.79,339.0,100280.0
1990-04-01 15:00:00+00:00,14.36,34.25,0.0,0.0,0.0,354.95,3.86,341.0,100310.0
1990-04-01 16:00:00+00:00,14.24,32.95,0.0,0.0,0.0,355.3,3.86,346.0,100290.0
1990-04-01 17:00:00+00:00,14.07,32.95,0.0,0.0,0.0,353.2,3.93,351.0,100300.0
1990-04-01 18:00:00+00:00,13.94,32.95,0.0,0.0,0.0,355.7,4.0,353.0,100290.0
1990-04-01 19:00:00+00:00,13.66,30.3,0.0,0.0,0.0,350.1,4.0,354.0,100280.0
1990-04-01 20:00:00+00:00,13.51,30.3,0.0,0.0,0.0,351.45,4.0,354.0,100300.0
1990-04-01 21:00:00+00:00,13.24,31.4,0.0,0.0,0.0,351.85,4.07,351.0,100340.0
1990-04-01 22:00:00+00:00,12.67,36.55,0.0,0.0,0.0,350.1,4.14,346.0,100430.0
1990-04-01 23:00:00+00:00,11.76,44.2,22.3,0.0,22.3,347.95,3.93,342.0,100490.0
1990-04-02 00:00:00+00:00,11.04,57.4,40.8,0.0,40.8,346.0,3.66,338.0,100570.0
1990-04-02 01:00:00+00:00,11.03,59.6,48.9,0.0,48.9,345.75,3.59,336.0,100620.0
1990-04-02 02:00:00+00:00,11.05,61.85,112.75,0.14,112.65,347.0,3.17,338.0,100650.0
1990-04-02 03:00:00+00:00,11.83,57.65,245.9,50.73,205.75,347.75,3.24,344.0,100640.0
1990-04-02 04:00:00+00:00,13.33,48.15,190.8,23.17,171.3,349.5,3.59,359.0,100610.0
1990-04-02 05:00:00+00:00,13.9,43.1,146.55,0.66,146.0,352.8,3.31,15.0,100560.0
1990-04-02 06:00:00+00:00,14.11,41.5,141.9,16.83,128.75,353.75,3.03,24.0,100500.0
1990-04-02 07:00:00+00:00,14.4,41.5,113.0,18.91,100.25,349.3,3.93,32.0,100440.0
1990-04-02 08:00:00+00:00,14.31,39.95,75.65,12.66,69.0,353.95,3.59,34.0,100430.0
1990-04-02 09:00:00+00:00,13.98,41.5,35.1,0.44,34.95,349.3,3.1,34.0,100440.0
1990-04-02 10:00:00+00:00,13.25,46.2,3.3,2.46,2.95,349.7,2.55,32.0,100480.0
1990-04-02 11:00:00+00:00,12.09,53.5,0.0,0.0,0.0,346.8,2.0,28.0,100540.0
1990-04-02 12:00:00+00:00,10.69,66.55,0.0,0.0,0.0,340.2,1.79,22.0,100610.0
1990-04-02 13:00:00+00:00,9.63,82.9,0.0,0.0,0.0,340.4,1.72,11.0,100700.0
1990-04-02 14:00:00+00:00,9.36,85.95,0.0,0.0,0.0,340.6,1.72,7.0,100720.0
1990-04-02 15:00:00+00:00,9.18,89.1,0.0,0.0,0.0,339.45,1.72,4.0,100750.0
1990-04-02 16:00:00+00:00,9.08,89.1,0.0,0.0,0.0,338.1,1.66,2.0,100740.0
1990-04-02 17:00:00+00:00,9.11,92.45,0.0,0.0,0.0,340.2,1.72,7.0,100740.0
1990-04-02 18:00:00+00:00,9.16,92.45,0.0,0.0,0.0,341.4,2.07,13.0,100750.0
1990-04-02 19:00:00+00:00,9.64,89.15,0.0,0.0,0.0,343.1,2.97,15.0,100710.0
1990-04-02 20:00:00+00:00,9.78,86.0,0.0,0.0,0.0,345.45,3.24,15.0,100720.0
1990-04-02 21:00:00+00:00,9.85,86.0,0.0,0.0,0.0,345.05,3.66,10.0,100760.0
1990-04-02 22:00:00+00:00,9.82,86.0,0.0,0.0,0.0,344.1,4.0,7.0,100860.0
1990-04-02 23:00:00+00:00,9.76,86.0,26.1,0.0,26.1,339.05,4.21,7.0,100990.0
1990-04-03 00:00:00+00:00,9.95,86.0,78.95,0.0,78.95,344.3,4.48,11.0,101110.0
1990-04-03 01:00:00+00:00,10.45,83.0,158.85,16.79,149.6,345.15,5.03,16.0,101170.0
1990-04-03 02:00:00+00:00,10.59,80.05,235.5,44.46,204.6,343.3,5.79,21.0,101200.0
1990-04-03 03:00:00+00:00,10.86,77.2,307.5,91.46,234.75,342.35,6.21,29.0,101230.0
1990-04-03 04:00:00+00:00,11.51,71.85,500.6,305.7,242.15,341.55,5.38,35.0,101230.0
1990-04-03 05:00:00+00:00,12.92,57.9,694.55,522.18,255.05,323.2,5.17,37.0,101180.0
1990-04-03 06:00:00+00:00,14.5,50.1,480.85,314.34,234.3,310.4,5.1,33.0,101130.0
1990-04-03 07:00:00+00:00,13.77,50.1,315.5,212.73,171.4,326.5,4.07,38.0,101110.0
1990-04-03 08:00:00+00:00,14.21,46.5,234.75,131.13,165.5,335.0,3.38,35.0,101060.0
1990-04-03 09:00:00+00:00,14.43,43.1,133.55,121.18,91.55,324.75,2.55,33.0,101050.0
1990-04-03 10:00:00+00:00,14.15,41.5,19.35,15.49,17.1,310.8,0.97,32.0,101020.0
1990-04-03 11:00:00+00:00,12.98,53.7,0.0,0.0,0.0,305.55,0.69,241.0,101010.0
1990-04-03 12:00:00+00:00,10.8,57.4,0.0,0.0,0.0,298.8,1.52,238.0,101050.0
1990-04-03 13:00:00+00:00,8.7,71.35,0.0,0.0,0.0,275.4,1.66,230.0,101160.0
1990-04-03 14:00:00+00:00,6.88,79.55,0.0,0.0,0.0,264.55,1.72,230.0,101210.0
1990-04-03 15:00:00+00:00,5.56,88.85,0.0,0.0,0.0,262.2,1.79,237.0,101260.0
1990-04-03 16:00:00+00:00,4.61,92.2,0.0,0.0,0.0,259.7,1.93,245.0,101260.0
1990-04-03 17:00:00+00:00,3.9,95.7,0.0,0.0,0.0,258.35,1.93,253.0,101260.0
1990-04-03 18:00:00+00:00,3.36,92.15,0.0,0.0,0.0,256.4,2.0,262.0,101260.0
1990-04-03 19:00:00+00:00,2.97,95.7,0.0,0.0,0.0,253.7,1.72,261.0,101210.0
1990-04-03 20:00:00+00:00,2.46,95.7,0.0,0.0,0.0,252.75,1.72,260.0,101210.0
1990-04-03 21:00:00+00:00,1.97,95.65,0.0,0.0,0.0,251.0,1.52,257.0,101230.0
1990-04-03 22:00:00+00:00,1.54,95.65,0.0,0.0,0.0,249.45,1.52,256.0,101290.0
1990-04-03 23:00:00+00:00,3.0,92.15,208.05,724.32,82.1,250.05,1.1,266.0,101360.0
1990-04-04 00:00:00+00:00,8.36,76.85,412.1,782.63,116.25,255.25,0.55,272.0,101460.0
1990-04-04 01:00:00+00:00,12.9,53.7,601.65,835.21,137.7,264.85,0.21,203.0,101470.0
1990-04-04 02:00:00+00:00,14.98,43.25,751.05,858.86,150.55,272.3,0.62,134.0,101470.0
1990-04-04 03:00:00+00:00,16.21,36.0,844.0,858.93,157.45,276.95,0.9,124.0,101430.0
1990-04-04 04:00:00+00:00,17.11,31.15,877.1,851.54,154.1,279.85,0.97,135.0,101350.0
1990-04-04 05:00:00+00:00,17.82,28.0,825.65,777.33,168.8,280.6,0.9,143.0,101270.0
1990-04-04 06:00:00+00:00,18.25,28.0,705.3,635.27,205.05,284.85,0.97,140.0,101170.0
1990-04-04 07:00:00+00:00,18.05,29.1,561.35,596.62,155.45,291.45,1.1,115.0,101130.0
1990-04-04 08:00:00+00:00,18.03,28.0,368.45,450.44,129.3,292.6,1.79,137.0,101050.0
1990-04-04 09:00:00+00:00,17.65,27.85,170.75,262.01,79.2,289.1,2.28,150.0,101030.0
1990-04-04 10:00:00+00:00,16.49,33.5,26.0,58.72,17.3,285.65,2.07,155.0,101000.0
1990-04-04 11:00:00+00:00,14.45,39.95,0.0,0.0,0.0,274.05,2.48,166.0,101060.0
1990-04-04 12:00:00+00:00,12.56,42.7,0.0,0.0,0.0,270.55,2.41,184.0,101110.0
1990-04-04 13:00:00+00:00,11.22,47.45,0.0,0.0,0.0,267.65,2.41,201.0,101170.0
1990-04-04 14:00:00+00:00,10.02,49.05,0.0,0.0,0.0,264.55,2.41,215.0,101190.0
1990-04-04 15:00:00+00:00,8.96,50.7,0.0,0.0,0.0,262.6,2.48,223.0,101180.0
1990-04-04 16:00:00+00:00,8.16,54.55,0.0,0.0,0.0,260.3,2.48,225.0,101150.0
1990-04-04 17:00:00+00:00,7.51,54.4,0.0,0.0,0.0,258.75,2.48,224.0,101130.0
1990-04-04 18:00:00+00:00,6.92,56.45,0.0,0.0,0.0,257.0,2.41,222.0,101070.0
1990-04-04 19:00:00+00:00,6.19,60.85,0.0,0.0,0.0,254.65,2.14,224.0,100980.0
1990-04-04 20:00:00+00:00,5.3,65.55,0.0,0.0,0.0,254.1,2.07,221.0,100930.0
1990-04-04 21:00:00+00:00,4.71,68.0,0.0,0.0,0.0,255.65,2.21,212.0,100910.0
1990-04-04 22:00:00+00:00,4.67,70.6,0.0,0.0,0.0,257.6,2.41,206.0,100910.0
1990-04-04 23:00:00+00:00,5.94,65.65,198.8,569.39,96.95,258.75,2.48,201.0,100940.0
1990-04-05 00:00:00+00:00,10.46,49.2,342.35,458.77,166.75,271.7,2.69,189.0,100960.0
1990-04-05 01:00:00+00:00,13.59,38.3,454.75,375.65,244.4,292.5,4.0,186.0,100940.0
1990-04-05 02:00:00+00:00,15.52,31.95,498.1,324.02,270.2,313.3,5.38,189.0,100920.0
1990-04-05 03:00:00+00:00,16.52,27.6,517.5,253.87,313.6,325.3,5.72,192.0,100860.0
1990-04-05 04:00:00+00:00,17.12,25.6,490.7,185.49,332.55,328.6,5.72,191.0,100780.0
1990-04-05 05:00:00+00:00,17.47,24.75,387.2,72.56,325.65,335.95,5.52,188.0,100700.0
1990-04-05 06:00:00+00:00,17.46,25.75,341.35,123.65,243.6,342.55,5.31,185.0,100590.0
1990-04-05 07:00:00+00:00,16.59,29.8,195.75,60.08,154.7,342.15,5.24,185.0,100600.0
1990-04-05 08:00:00+00:00,16.13,30.85,215.45,161.6,129.2,346.8,4.97,180.0,100510.0
1990-04-05 09:00:00+00:00,15.93,30.85,93.4,110.02,54.65,325.7,4.83,179.0,100500.0
1990-04-05 10:00:00+00:00,15.01,34.35,13.05,19.2,10.15,322.8,3.86,176.0,100530.0
1990-04-05 11:00:00+00:00,13.95,34.25,0.0,0.0,0.0,327.45,3.59,175.0,100580.0
1990-04-05 12:00:00+00:00,12.9,38.15,0.0,0.0,0.0,311.2,3.38,177.0,100630.0
1990-04-05 13:00:00+00:00,11.94,40.95,0.0,0.0,0.0,299.0,3.1,183.0,100680.0
1990-04-05 14:00:00+00:00,11.42,42.4,0.0,0.0,0.0,309.45,3.03,190.0,100710.0
1990-04-05 15:00:00+00:00,10.45,47.35,0.0,0.0,0.0,290.5,2.76,197.0,100680.0
1990-04-05 16:00:00+00:00,9.33,50.85,0.0,0.0,0.0,275.2,2.48,208.0,100700.0
1990-04-05 17:00:00+00:00,8.22,56.8,0.0,0.0,0.0,271.5,2.07,215.0,100690.0
1990-04-05 18:00:00+00:00,7.12,65.85,0.0,0.0,0.0,273.65,1.72,220.0,100660.0
1990-04-05 19:00:00+00:00,5.36,73.55,0.0,0.0,0.0,261.65,1.24,254.0,100640.0
1990-04-05 20:00:00+00:00,4.8,76.3,0.0,0.0,0.0,261.45,1.17,279.0,100650.0
1990-04-05 21:00:00+00:00,4.77,73.45,0.0,0.0,0.0,260.5,1.1,295.0,100700.0
1990-04-05 22:00:00+00:00,4.44,76.25,0.0,0.0,0.0,259.9,1.24,299.0,100760.0
1990-04-05 23:00:00+00:00,5.68,73.65,204.6,621.24,90.4,262.05,0.97,293.0,100870.0
1990-04-06 00:00:00+00:00,9.6,63.9,388.1,622.01,147.1,270.35,0.41,321.0,100930.0
1990-04-06 01:00:00+00:00,12.6,47.85,585.0,752.59,160.25,282.05,0.83,32.0,100960.0
1990-04-06 02:00:00+00:00,14.72,46.5,745.0,826.11,160.55,283.3,1.31,43.0,100970.0
1990-04-06 03:00:00+00:00,16.43,42.05,840.55,845.69,158.1,284.85,1.52,48.0,100940.0
1990-04-06 04:00:00+00:00,17.75,40.75,861.1,815.08,163.3,289.5,1.52,49.0,100900.0
1990-04-06 05:00:00+00:00,18.69,38.1,806.8,729.93,185.25,294.35,1.03,40.0,100860.0
1990-04-06 06:00:00+00:00,19.41,35.6,641.2,474.15,264.95,300.55,1.17,43.0,100780.0
1990-04-06 07:00:00+00:00,19.51,35.6,525.9,558.17,142.95,327.25,1.79,51.0,100750.0
1990-04-06 08:00:00+00:00,19.39,35.6,365.75,451.26,123.65,309.65,2.34,60.0,100670.0
1990-04-06 09:00:00+00:00,18.91,35.45,170.6,258.75,78.75,301.7,2.34,69.0,100660.0
1990-04-06 10:00:00+00:00,17.95,39.4,25.65,41.91,19.2,299.2,1.38,89.0,100750.0
1990-04-06 11:00:00+00:00,16.7,43.65,0.0,0.0,0.0,305.2,0.97,128.0,100810.0
1990-04-06 12:00:00+00:00,15.55,48.55,0.0,0.0,0.0,301.9,0.69,198.0,100890.0
1990-04-06 13:00:00+00:00,14.2,52.0,0.0,0.0,0.0,302.85,0.97,250.0,100940.0
1990-04-06 14:00:00+00:00,12.16,59.85,0.0,0.0,0.0,303.45,1.38,261.0,100950.0
1990-04-06 15:00:00+00:00,10.62,66.55,0.0,0.0,0.0,307.5,1.86,260.0,100950.0
1990-04-06 16:00:00+00:00,10.1,71.6,0.0,0.0,0.0,312.55,2.0,266.0,100920.0
1990-04-06 17:00:00+00:00,9.21,76.95,0.0,0.0,0.0,297.45,2.0,267.0,100890.0
1990-04-06 18:00:00+00:00,8.31,79.75,0.0,0.0,0.0,290.65,1.93,265.0,100860.0
1990-04-06 19:00:00+00:00,6.9,89.0,0.0,0.0,0.0,277.3,1.79,268.0,100810.0
1990-04-06 20:00:00+00:00,6.24,88.95,0.0,0.0,0.0,276.15,1.79,266.0,100780.0
1990-04-06 21:00:00+00:00,5.79,92.3,0.0,0.0,0.0,276.95,1.72,269.0,100770.0
1990-04-06 22:00:00+00:00,5.38,92.25,0.0,0.0,0.0,274.2,1.72,278.0,100780.0
1990-04-06 23:00:00+00:00,6.38,92.3,216.6,703.35,83.85,270.95,1.17,284.0,100850.0
1990-04-07 00:00:00+00:00,11.97,71.95,419.55,767.79,118.5,273.85,0.55,295.0,100890.0
1990-04-07 01:00:00+00:00,16.46,48.8,581.65,715.08,174.95,284.4,0.28,13.0,100940.0
1990-04-07 02:00:00+00:00,18.5,39.55,699.2,731.87,178.45,296.3,0.9,81.0,100940.0
1990-04-07 03:00:00+00:00,19.88,34.45,817.4,774.37,189.6,309.25,1.38,82.0,100920.0
1990-04-07 04:00:00+00:00,21.04,31.05,855.95,795.35,172.3,306.35,1.66,80.0,100850.0
1990-04-07 05:00:00+00:00,21.93,26.95,805.45,742.89,170.5,310.6,1.93,80.0,100770.0
1990-04-07 06:00:00+00:00,22.36,25.1,697.3,674.59,160.0,310.8,2.21,77.0,100710.0
1990-04-07 07:00:00+00:00,22.48,24.15,566.45,612.8,144.3,318.15,1.79,91.0,100590.0
1990-04-07 08:00:00+00:00,22.4,24.15,367.0,465.01,116.25,308.65,2.07,93.0,100550.0
1990-04-07 09:00:00+00:00,21.86,24.95,175.55,267.66,79.8,303.65,2.34,96.0,100530.0
1990-04-07 10:00:00+00:00,20.4,32.1,27.2,36.69,21.45,302.65,2.07,96.0,100550.0
1990-04-07 11:00:00+00:00,18.55,38.1,0.0,0.0,0.0,308.3,2.07,102.0,100620.0
1990-04-07 12:00:00+00:00,16.73,43.65,0.0,0.0,0.0,302.1,1.79,110.0,100690.0
1990-04-07 13:00:00+00:00,14.79,50.25,0.0,0.0,0.0,300.15,1.45,112.0,100770.0
1990-04-07 14:00:00+00:00,14.49,50.1,0.0,0.0,0.0,297.05,1.03,89.0,100830.0
1990-04-07 15:00:00+00:00,11.62,59.7,0.0,0.0,0.0,297.25,1.66,48.0,100860.0
1990-04-07 16:00:00+00:00,10.16,66.45,0.0,0.0,0.0,290.85,2.14,40.0,100890.0
1990-04-07 17:00:00+00:00,9.28,66.35,0.0,0.0,0.0,281.95,2.48,17.0,100940.0
1990-04-07 18:00:00+00:00,8.68,66.15,0.0,0.0,0.0,276.15,2.83,4.0,100980.0
1990-04-07 19:00:00+00:00,8.5,66.15,0.0,0.0,0.0,272.65,2.76,5.0,100960.0
1990-04-07 20:00:00+00:00,7.97,63.6,0.0,0.0,0.0,268.4,2.55,10.0,100930.0
1990-04-07 21:00:00+00:00,7.39,61.1,0.0,0.0,0.0,265.1,2.41,12.0,100960.0
1990-04-07 22:00:00+00:00,6.78,61.0,0.0,0.0,0.0,263.0,2.21,11.0,100990.0
1990-04-07 23:00:00+00:00,7.06,65.85,223.5,725.41,83.05,262.4,1.66,6.0,101020.0
1990-04-08 00:00:00+00:00,9.86,49.05,430.8,797.47,114.45,264.95,1.72,7.0,101070.0
1990-04-08 01:00:00+00:00,12.39,41.1,624.15,849.03,137.6,270.25,1.52,12.0,101080.0
1990-04-08 02:00:00+00:00,14.8,38.55,775.2,871.58,151.55,276.95,1.17,34.0,101060.0
1990-04-08 03:00:00+00:00,16.94,37.65,866.05,864.61,161.9,284.5,0.9,80.0,101020.0
1990-04-08 04:00:00+00:00,18.82,35.45,889.45,821.49,180.55,291.85,1.38,133.0,100940.0
1990-04-08 05:00:00+00:00,20.38,33.3,835.0,732.49,206.65,299.4,2.21,157.0,100850.0
1990-04-08 06:00:00+00:00,21.41,31.15,681.25,589.44,210.05,308.85,2.97,173.0,100740.0
1990-04-08 07:00:00+00:00,21.88,29.05,474.25,327.54,247.7,318.75,3.45,175.0,100660.0
1990-04-08 08:00:00+00:00,21.71,28.9,260.55,127.87,191.25,327.25,3.52,179.0,100570.0
1990-04-08 09:00:00+00:00,21.21,29.9,133.45,71.71,107.6,340.2,3.31,181.0,100560.0
1990-04-08 10:00:00+00:00,20.12,33.15,23.15,11.28,21.35,335.55,2.62,173.0,100550.0
1990-04-08 11:00:00+00:00,18.16,37.95,0.0,0.0,0.0,326.1,2.69,171.0,100600.0
1990-04-08 12:00:00+00:00,16.72,42.05,0.0,0.0,0.0,315.45,2.76,177.0,100640.0
1990-04-08 13:00:00+00:00,15.62,45.05,0.0,0.0,0.0,306.35,2.76,188.0,100720.0
1990-04-08 14:00:00+00:00,14.64,48.25,0.0,0.0,0.0,301.9,2.76,199.0,100760.0
1990-04-08 15:00:00+00:00,13.66,50.0,0.0,0.0,0.0,293.4,2.83,208.0,100760.0
1990-04-08 16:00:00+00:00,12.92,53.7,0.0,0.0,0.0,292.4,2.83,210.0,100740.0
1990-04-08 17:00:00+00:00,12.29,55.65,0.0,0.0,0.0,290.85,2.83,210.0,100740.0
1990-04-08 18:00:00+00:00,11.92,57.65,0.0,0.0,0.0,294.95,2.76,210.0,100700.0
1990-04-08 19:00:00+00:00,12.05,57.65,0.0,0.0,0.0,302.3,2.55,211.0,100650.0
1990-04-08 20:00:00+00:00,11.84,57.65,0.0,0.0,0.0,307.7,2.55,211.0,100630.0
1990-04-08 21:00:00+00:00,11.72,59.7,0.0,0.0,0.0,315.45,2.55,211.0,100650.0
1990-04-08 22:00:00+00:00,11.11,61.85,0.0,0.0,0.0,299.2,2.69,209.0,100680.0
1990-04-08 23:00:00+00:00,11.47,59.7,212.2,623.6,88.45,286.8,2.55,211.0,100720.0
1990-04-09 00:00:00+00:00,14.33,52.0,393.6,614.23,147.15,288.75,2.69,205.0,100780.0
1990-04-09 01:00:00+00:00,17.6,42.3,582.8,724.38,164.6,303.75,3.31,198.0,100810.0
1990-04-09 02:00:00+00:00,20.05,34.45,695.2,694.25,195.7,301.9,3.79,196.0,100810.0
1990-04-09 03:00:00+00:00,21.77,26.8,828.3,771.78,196.95,311.4,4.0,194.0,100800.0
1990-04-09 04:00:00+00:00,23.1,20.85,830.95,670.34,250.25,310.6,4.34,190.0,100740.0
1990-04-09 05:00:00+00:00,23.82,17.95,737.35,496.17,310.2,321.65,4.69,185.0,100670.0
1990-04-09 06:00:00+00:00,23.97,16.05,670.75,521.52,252.35,320.3,5.31,183.0,100620.0
1990-04-09 07:00:00+00:00,23.48,17.25,553.85,524.77,189.45,324.15,5.66,182.0,100610.0
1990-04-09 08:00:00+00:00,23.02,18.55,282.25,195.55,175.75,318.15,6.07,182.0,100580.0
1990-04-09 09:00:00+00:00,21.77,22.15,128.6,56.31,108.15,319.7,5.45,177.0,100580.0
1990-04-09 10:00:00+00:00,20.33,25.55,20.6,2.77,20.15,326.1,5.17,176.0,100640.0
1990-04-09 11:00:00+00:00,18.83,29.35,0.0,0.0,0.0,326.5,4.97,178.0,100690.0
1990-04-09 12:00:00+00:00,17.94,32.65,0.0,0.0,0.0,329.55,4.76,182.0,100750.0
1990-04-09 13:00:00+00:00,17.23,36.3,0.0,0.0,0.0,324.75,4.55,186.0,100840.0
1990-04-09 14:00:00+00:00,16.41,39.0,0.0,0.0,0.0,311.4,4.28,191.0,100890.0
1990-04-09 15:00:00+00:00,15.4,43.4,0.0,0.0,0.0,293.4,4.0,195.0,100890.0
1990-04-09 16:00:00+00:00,14.47,48.25,0.0,0.0,0.0,285.25,3.72,198.0,100910.0
1990-04-09 17:00:00+00:00,13.62,50.0,0.0,0.0,0.0,282.95,3.38,201.0,100940.0
1990-04-09 18:00:00+00:00,12.79,51.75,0.0,0.0,0.0,280.8,3.1,202.0,100940.0
1990-04-09 19:00:00+00:00,11.69,57.55,0.0,0.0,0.0,275.6,2.41,203.0,100960.0
1990-04-09 20:00:00+00:00,11.02,59.6,0.0,0.0,0.0,276.75,2.41,200.0,100960.0
1990-04-09 21:00:00+00:00,10.4,61.75,0.0,0.0,0.0,280.8,2.34,206.0,100980.0
1990-04-09 22:00:00+00:00,9.74,66.45,0.0,0.0,0.0,281.2,2.21,208.0,101000.0
1990-04-09 23:00:00+00:00,10.52,64.1,203.85,459.58,110.45,287.75,2.0,202.0,101080.0
1990-04-10 00:00:00+00:00,13.89,52.0,417.55,685.44,139.45,290.85,2.55,192.0,101110.0
1990-04-10 01:00:00+00:00,16.95,43.8,605.35,775.73,154.25,291.15,3.72,188.0,101150.0
1990-04-10 02:00:00+00:00,19.17,36.8,759.9,827.52,161.3,296.1,4.97,190.0,101120.0
1990-04-10 03:00:00+00:00,20.6,29.75,844.5,806.77,181.65,298.8,5.59,190.0,101070.0
1990-04-10 04:00:00+00:00,21.57,25.8,850.6,728.08,217.5,302.5,5.86,187.0,100980.0
1990-04-10 05:00:00+00:00,22.22,24.05,768.05,570.31,275.35,309.05,6.07,184.0,100900.0
1990-04-10 06:00:00+00:00,22.49,22.4,717.1,653.4,191.05,315.25,6.14,184.0,100810.0
1990-04-10 07:00:00+00:00,22.57,21.55,554.8,539.81,178.5,306.95,6.0,182.0,100750.0
1990-04-10 08:00:00+00:00,22.32,22.25,356.0,377.6,149.35,308.85,5.86,182.0,100720.0
1990-04-10 09:00:00+00:00,21.68,23.0,163.9,168.1,102.4,310.8,5.45,181.0,100690.0
1990-04-10 10:00:00+00:00,20.55,25.55,28.6,21.49,25.05,311.55,4.14,178.0,100730.0
1990-04-10 11:00:00+00:00,18.63,29.2,0.0,0.0,0.0,307.3,3.45,177.0,100760.0
1990-04-10 12:00:00+00:00,17.09,33.6,0.0,0.0,0.0,304.6,3.17,178.0,100820.0
1990-04-10 13:00:00+00:00,15.97,37.4,0.0,0.0,0.0,302.3,3.03,180.0,100870.0
1990-04-10 14:00:00+00:00,14.94,40.1,0.0,0.0,0.0,295.5,2.97,183.0,100920.0
1990-04-10 15:00:00+00:00,14.06,43.1,0.0,0.0,0.0,293.2,2.83,185.0,100930.0
1990-04-10 16:00:00+00:00,13.17,46.2,0.0,0.0,0.0,287.4,2.83,184.0,100910.0
1990-04-10 17:00:00+00:00,12.77,46.2,0.0,0.0,0.0,297.05,3.17,185.0,100920.0
1990-04-10 18:00:00+00:00,12.25,47.85,0.0,0.0,0.0,289.5,3.24,188.0,100870.0
1990-04-10 19:00:00+00:00,11.25,49.45,0.0,0.0,0.0,276.95,2.34,202.0,100860.0
1990-04-10 20:00:00+00:00,10.44,53.1,0.0,0.0,0.0,275.95,2.21,198.0,100850.0
1990-04-10 21:00:00+00:00,9.71,57.05,0.0,0.0,0.0,279.05,2.07,188.0,100830.0
1990-04-10 22:00:00+00:00,9.06,61.45,34.35,0.0,34.35,280.4,2.14,179.0,100850.0
1990-04-10 23:00:00+00:00,9.96,59.35,166.45,288.75,106.4,291.65,2.21,172.0,100890.0
1990-04-11 00:00:00+00:00,12.56,51.65,188.95,57.3,165.45,311.2,2.97,171.0,100920.0
1990-04-11 01:00:00+00:00,13.82,50.1,332.55,92.03,278.65,329.1,3.45,176.0,100910.0
1990-04-11 02:00:00+00:00,15.56,48.55,458.55,129.95,364.05,329.75,3.79,180.0,100900.0
1990-04-11 03:00:00+00:00,17.27,45.45,677.0,412.12,336.95,333.45,4.0,180.0,100840.0
1990-04-11 04:00:00+00:00,19.19,38.2,625.7,300.2,363.7,333.85,4.14,178.0,100760.0
1990-04-11 05:00:00+00:00,20.05,34.45,554.9,254.71,334.1,347.4,4.21,175.0,100670.0
1990-04-11 06:00:00+00:00,20.43,33.3,419.15,142.41,304.1,353.95,4.14,170.0,100570.0
1990-04-11 07:00:00+00:00,20.2,35.75,293.25,76.74,239.55,360.15,3.31,165.0,100550.0
1990-04-11 08:00:00+00:00,20.09,34.45,156.5,32.1,138.85,363.65,3.1,167.0,100500.0
1990-04-11 09:00:00+00:00,19.68,35.6,40.3,0.0,40.3,368.1,2.9,162.0,100480.0
1990-04-11 10:00:00+00:00,18.61,39.55,8.7,0.6,8.6,366.35,2.55,151.0,100510.0
1990-04-11 11:00:00+00:00,17.45,43.9,0.0,0.0,0.0,359.95,2.41,153.0,100520.0
1990-04-11 12:00:00+00:00,16.56,50.6,0.0,0.0,0.0,357.05,2.14,161.0,100540.0
1990-04-11 13:00:00+00:00,15.77,56.25,0.0,0.0,0.0,346.4,1.79,172.0,100570.0
1990-04-11 14:00:00+00:00,14.87,58.25,0.0,0.0,0.0,336.55,1.52,193.0,100580.0
1990-04-11 15:00:00+00:00,13.62,64.75,0.0,0.0,0.0,318.15,1.72,208.0,100580.0
1990-04-11 16:00:00+00:00,12.41,69.45,0.0,0.0,0.0,313.9,1.66,218.0,100520.0
1990-04-11 17:00:00+00:00,11.45,74.55,0.0,0.0,0.0,310.4,1.66,225.0,100480.0
1990-04-11 18:00:00+00:00,10.54,83.0,0.0,0.0,0.0,305.75,1.59,231.0,100420.0
1990-04-11 19:00:00+00:00,10.38,80.05,0.0,0.0,0.0,314.3,1.45,225.0,100370.0
1990-04-11 20:00:00+00:00,10.19,82.95,0.0,0.0,0.0,320.1,1.45,224.0,100290.0
1990-04-11 21:00:00+00:00,10.05,86.0,0.0,0.0,0.0,322.2,1.38,225.0,100200.0
1990-04-11 22:00:00+00:00,9.39,89.15,33.95,0.0,33.95,309.05,1.45,230.0,100200.0
1990-04-11 23:00:00+00:00,10.9,83.05,142.75,206.67,98.8,311.0,0.97,221.0,100230.0
1990-04-12 00:00:00+00:00,14.13,67.25,282.2,262.46,173.4,330.95,0.97,201.0,100230.0
1990-04-12 01:00:00+00:00,16.72,56.5,533.1,578.23,192.1,341.1,1.24,195.0,100200.0
1990-04-12 02:00:00+00:00,19.15,45.95,706.6,691.02,201.5,323.75,1.59,193.0,100160.0
1990-04-12 03:00:00+00:00,21.06,38.75,773.8,699.82,193.95,321.25,1.52,177.0,100090.0
1990-04-12 04:00:00+00:00,22.44,35.1,746.95,609.64,212.95,339.85,1.24,161.0,100010.0
1990-04-12 05:00:00+00:00,23.25,34.0,666.05,512.08,220.65,345.65,1.1,145.0,99940.0
1990-04-12 06:00:00+00:00,23.66,32.9,656.85,594.81,174.7,343.9,1.1,145.0,99860.0
1990-04-12 07:00:00+00:00,23.65,34.1,483.8,410.89,195.2,336.55,0.9,104.0,99830.0
1990-04-12 08:00:00+00:00,23.83,34.1,240.05,214.66,121.45,354.55,1.38,43.0,99810.0
1990-04-12 09:00:00+00:00,21.48,44.95,46.8,7.95,43.85,367.9,4.76,348.0,100010.0
1990-04-12 10:00:00+00:00,16.77,80.75,17.7,26.06,13.25,382.6,4.62,1.0,100150.0
1990-04-12 11:00:00+00:00,15.54,77.8,0.0,0.0,0.0,355.7,3.52,9.0,100180.0
1990-04-12 12:00:00+00:00,14.65,74.95,0.0,0.0,0.0,310.4,3.17,356.0,100340.0
1990-04-12 13:00:00+00:00,14.13,69.75,0.0,0.0,0.0,307.7,2.97,356.0,100460.0
1990-04-12 14:00:00+00:00,13.44,64.75,0.0,0.0,0.0,299.2,2.76,356.0,100570.0
1990-04-12 15:00:00+00:00,12.77,64.65,0.0,0.0,0.0,293.75,2.62,354.0,100660.0
1990-04-12 16:00:00+00:00,12.11,66.85,0.0,0.0,0.0,292.05,2.62,354.0,100720.0
1990-04-12 17:00:00+00:00,11.55,64.35,0.0,0.0,0.0,289.3,2.97,0.0,100790.0
1990-04-12 18:00:00+00:00,11.33,59.7,0.0,0.0,0.0,292.6,3.52,8.0,100870.0
1990-04-12 19:00:00+00:00,11.21,34.75,0.0,0.0,0.0,317.75,4.28,33.0,100990.0
1990-04-12 20:00:00+00:00,10.44,29.5,0.0,0.0,0.0,307.9,3.93,27.0,101060.0
1990-04-12 21:00:00+00:00,9.93,28.15,0.0,0.0,0.0,306.95,3.72,21.0,101110.0
1990-04-12 22:00:00+00:00,9.3,28.05,26.25,0.0,26.25,289.1,3.45,16.0,101170.0
1990-04-12 23:00:00+00:00,9.33,28.05,175.1,408.44,86.35,284.65,3.1,12.0,101220.0
1990-04-13 00:00:00+00:00,10.24,23.05,397.15,647.61,125.9,287.4,3.79,19.0,101260.0
1990-04-13 01:00:00+00:00,11.25,19.75,596.15,740.89,156.25,259.25,3.79,28.0,101230.0
1990-04-13 02:00:00+00:00,12.32,17.65,779.15,834.35,166.2,263.4,3.31,34.0,101170.0
1990-04-13 03:00:00+00:00,13.33,17.9,884.1,860.93,167.85,265.1,2.21,37.0,101100.0
1990-04-13 04:00:00+00:00,14.28,18.8,905.05,833.37,172.5,258.75,1.45,33.0,101030.0
1990-04-13 05:00:00+00:00,15.16,19.7,804.0,682.92,208.05,265.9,1.24,67.0,100910.0
1990-04-13 06:00:00+00:00,15.7,20.65,612.4,424.33,267.3,284.5,1.45,85.0,100810.0
1990-04-13 07:00:00+00:00,15.73,22.4,488.2,424.64,188.85,304.6,2.34,105.0,100690.0
1990-04-13 08:00:00+00:00,15.64,24.25,328.4,305.65,158.75,303.05,2.21,99.0,100640.0
1990-04-13 09:00:00+00:00,15.32,24.25,167.2,172.69,102.65,296.5,2.28,99.0,100600.0
1990-04-13 10:00:00+00:00,14.78,26.1,35.65,71.17,23.3,303.65,2.07,110.0,100600.0
1990-04-13 11:00:00+00:00,13.3,29.15,0.0,0.0,0.0,273.85,1.59,132.0,100640.0
1990-04-13 12:00:00+00:00,12.14,32.35,0.0,0.0,0.0,268.8,1.52,170.0,100720.0
1990-04-13 13:00:00+00:00,10.63,37.45,0.0,0.0,0.0,263.75,1.66,206.0,100800.0
1990-04-13 14:00:00+00:00,9.17,43.4,0.0,0.0,0.0,260.1,1.93,219.0,100860.0
1990-04-13 15:00:00+00:00,8.1,44.85,0.0,0.0,0.0,256.8,2.28,222.0,100870.0
1990-04-13 16:00:00+00:00,7.09,50.2,0.0,0.0,0.0,254.85,2.34,231.0,100850.0
1990-04-13 17:00:00+00:00,6.15,54.05,0.0,0.0,0.0,251.75,2.28,240.0,100850.0
1990-04-13 18:00:00+00:00,5.34,58.3,0.0,0.0,0.0,247.5,2.21,247.0,100830.0
1990-04-13 19:00:00+00:00,4.58,70.6,0.0,0.0,0.0,248.3,1.86,250.0,100780.0
1990-04-13 20:00:00+00:00,3.74,73.3,0.0,0.0,0.0,243.65,1.93,245.0,100750.0
1990-04-13 21:00:00+00:00,3.01,73.2,0.0,0.0,0.0,240.35,1.93,244.0,100720.0
1990-04-13 22:00:00+00:00,2.46,76.0,40.9,0.0,40.9,237.25,2.0,243.0,100730.0
1990-04-13 23:00:00+00:00,4.2,76.25,262.2,762.82,92.95,237.05,1.52,241.0,100740.0
1990-04-14 00:00:00+00:00,10.53,47.35,474.65,827.93,124.35,241.7,1.45,230.0,100760.0
1990-04-14 01:00:00+00:00,15.09,30.6,666.65,871.85,145.55,250.15,1.72,216.0,100760.0
1990-04-14 02:00:00+00:00,17.8,18.1,814.9,887.61,159.6,258.95,2.34,205.0,100690.0
1990-04-14 03:00:00+00:00,19.28,14.4,905.95,885.82,166.05,264.75,2.28,194.0,100630.0
1990-04-14 04:00:00+00:00,20.33,12.5,928.5,860.54,169.45,268.6,2.69,187.0,100540.0
1990-04-14 05:00:00+00:00,21.07,12.05,884.7,821.8,165.25,272.3,3.1,189.0,100420.0
1990-04-14 06:00:00+00:00,21.61,12.15,776.95,762.15,155.1,275.2,3.38,190.0,100290.0
1990-04-14 07:00:00+00:00,21.65,12.15,614.9,671.8,139.6,276.55,3.66,186.0,100160.0
1990-04-14 08:00:00+00:00,21.6,12.15,407.2,503.24,126.6,278.1,4.21,185.0,100050.0
1990-04-14 09:00:00+00:00,21.14,13.1,171.95,158.61,112.25,282.35,4.48,179.0,99970.0
1990-04-14 10:00:00+00:00,19.76,16.35,28.85,9.36,27.2,298.05,4.07,167.0,99930.0
1990-04-14 11:00:00+00:00,17.9,18.1,0.0,0.0,0.0,305.95,4.34,166.0,99940.0
1990-04-14 12:00:00+00:00,16.81,20.2,0.0,0.0,0.0,305.55,4.55,173.0,99970.0
1990-04-14 13:00:00+00:00,16.03,25.35,0.0,0.0,0.0,301.9,4.48,179.0,99990.0
1990-04-14 14:00:00+00:00,15.49,29.55,0.0,0.0,0.0,303.65,4.34,185.0,99970.0
1990-04-14 15:00:00+00:00,15.02,34.35,0.0,0.0,0.0,303.05,4.34,192.0,99940.0
1990-04-14 16:00:00+00:00,14.36,38.45,0.0,0.0,0.0,291.65,4.41,197.0,99920.0
1990-04-14 17:00:00+00:00,13.63,42.95,0.0,0.0,0.0,284.5,4.14,196.0,99870.0
1990-04-14 18:00:00+00:00,12.75,49.7,0.0,0.0,0.0,275.6,3.93,199.0,99800.0
1990-04-14 19:00:00+00:00,11.61,51.35,0.0,0.0,0.0,270.95,3.52,203.0,99720.0
1990-04-14 20:00:00+00:00,11.28,53.35,0.0,0.0,0.0,279.45,3.59,202.0,99670.0
1990-04-14 21:00:00+00:00,11.17,53.25,0.0,0.0,0.0,289.1,3.66,203.0,99620.0
1990-04-14 22:00:00+00:00,11.06,53.25,48.2,0.0,48.2,294.15,3.59,204.0,99600.0
1990-04-14 23:00:00+00:00,11.96,51.5,194.25,268.11,133.55,298.8,3.52,203.0,99590.0
1990-04-15 00:00:00+00:00,14.21,46.5,348.8,349.99,199.25,300.15,3.86,202.0,99570.0
1990-04-15 01:00:00+00:00,17.09,39.15,589.45,641.14,203.75,317.1,4.34,203.0,99540.0
1990-04-15 02:00:00+00:00,20.26,31.95,773.05,825.04,161.0,307.3,4.69,206.0,99460.0
1990-04-15 03:00:00+00:00,22.97,27.2,865.55,826.51,172.5,309.05,5.1,208.0,99380.0
1990-04-15 04:00:00+00:00,25.01,25.6,890.6,811.21,172.65,311.75,5.52,209.0,99270.0
1990-04-15 05:00:00+00:00,26.82,21.55,802.05,686.22,199.4,321.45,5.38,224.0,99170.0
1990-04-15 06:00:00+00:00,28.03,14.45,646.6,487.84,247.3,333.25,5.38,252.0,99050.0
1990-04-15 07:00:00+00:00,28.17,10.1,555.55,546.76,167.35,341.2,5.66,256.0,99020.0
1990-04-15 08:00:00+00:00,27.79,9.6,343.7,366.37,138.5,325.9,6.69,276.0,99040.0
1990-04-15 09:00:00+00:00,26.38,11.05,196.1,265.84,95.35,318.55,6.41,294.0,99180.0
1990-04-15 10:00:00+00:00,23.85,11.1,41.8,80.16,27.45,306.95,6.83,313.0,99380.0
1990-04-15 11:00:00+00:00,20.59,11.95,0.0,0.0,0.0,284.5,5.93,315.0,99580.0
1990-04-15 12:00:00+00:00,18.35,12.6,0.0,0.0,0.0,269.95,5.17,312.0,99760.0
1990-04-15 13:00:00+00:00,16.84,13.4,0.0,0.0,0.0,261.65,5.03,314.0,99890.0
1990-04-15 14:00:00+00:00,15.51,14.85,0.0,0.0,0.0,257.95,4.28,315.0,100010.0
1990-04-15 15:00:00+00:00,14.01,16.6,0.0,0.0,0.0,253.7,2.9,317.0,100060.0
1990-04-15 16:00:00+00:00,12.62,19.2,0.0,0.0,0.0,248.3,1.93,328.0,100130.0
1990-04-15 17:00:00+00:00,12.51,20.0,0.0,0.0,0.0,245.2,0.9,2.0,100200.0
1990-04-15 18:00:00+00:00,12.13,20.75,0.0,0.0,0.0,243.65,0.34,94.0,100200.0
1990-04-15 19:00:00+00:00,11.8,23.45,0.0,0.0,0.0,248.85,1.03,351.0,100150.0
1990-04-15 20:00:00+00:00,11.84,22.5,0.0,0.0,0.0,247.7,0.48,97.0,100100.0
1990-04-15 21:00:00+00:00,7.47,33.75,0.0,0.0,0.0,247.5,1.79,173.0,100100.0
1990-04-15 22:00:00+00:00,5.6,44.15,43.5,0.0,43.5,247.7,2.34,198.0,100120.0
1990-04-15 23:00:00+00:00,7.4,46.55,267.4,747.82,94.75,248.85,2.28,211.0,100170.0
1990-04-16 00:00:00+00:00,13.26,24.85,477.8,816.47,125.55,251.6,2.97,201.0,100230.0
1990-04-16 01:00:00+00:00,16.68,19.25,667.25,860.34,146.4,258.65,4.55,194.0,100200.0
1990-04-16 02:00:00+00:00,19.12,15.6,813.2,875.24,160.85,265.9,5.72,194.0,100140.0
1990-04-16 03:00:00+00:00,21.19,14.8,902.8,872.26,168.6,273.65,5.59,203.0,100040.0
1990-04-16 04:00:00+00:00,23.14,13.0,910.15,818.73,183.15,280.8,4.69,228.0,99970.0
1990-04-16 05:00:00+00:00,24.81,9.2,859.0,760.12,189.4,290.65,5.38,277.0,99840.0
1990-04-16 06:00:00+00:00,25.22,8.45,673.1,512.02,252.7,299.55,6.41,298.0,99770.0
1990-04-16 07:00:00+00:00,25.04,7.8,582.5,557.84,185.05,310.05,6.41,311.0,99740.0
1990-04-16 08:00:00+00:00,24.01,8.75,402.2,481.18,131.5,301.3,6.83,324.0,99780.0
1990-04-16 09:00:00+00:00,21.99,11.75,207.45,319.48,85.55,288.35,6.21,346.0,99940.0
1990-04-16 10:00:00+00:00,19.75,13.9,42.85,88.58,26.75,279.65,6.14,357.0,100070.0
1990-04-16 11:00:00+00:00,17.35,12.4,0.0,0.0,0.0,270.75,5.72,1.0,100250.0
1990-04-16 12:00:00+00:00,15.51,11.5,0.0,0.0,0.0,262.4,4.9,4.0,100400.0
1990-04-16 13:00:00+00:00,14.02,11.8,0.0,0.0,0.0,255.05,3.86,8.0,100590.0
1990-04-16 14:00:00+00:00,12.53,13.7,0.0,0.0,0.0,249.65,2.9,358.0,100650.0
1990-04-16 15:00:00+00:00,10.94,16.6,0.0,0.0,0.0,245.75,2.41,333.0,100710.0
1990-04-16 16:00:00+00:00,9.32,20.95,0.0,0.0,0.0,243.25,2.48,310.0,100730.0
1990-04-16 17:00:00+00:00,7.94,26.5,0.0,0.0,0.0,240.75,2.41,300.0,100790.0
1990-04-16 18:00:00+00:00,6.8,32.25,0.0,0.0,0.0,238.8,2.34,300.0,100810.0
1990-04-16 19:00:00+00:00,7.71,31.25,0.0,0.0,0.0,241.3,2.83,309.0,100850.0
1990-04-16 20:00:00+00:00,8.11,26.5,0.0,0.0,0.0,239.75,3.03,316.0,100920.0
1990-04-16 21:00:00+00:00,7.78,25.4,0.0,0.0,0.0,238.4,2.76,314.0,100990.0
1990-04-16 22:00:00+00:00,6.94,28.5,45.7,0.0,45.7,235.5,2.55,309.0,101060.0
1990-04-16 23:00:00+00:00,7.7,35.3,276.65,766.1,96.4,233.75,2.0,307.0,101140.0
1990-04-17 00:00:00+00:00,11.68,21.5,490.5,833.31,127.6,235.7,2.48,312.0,101200.0
1990-04-17 01:00:00+00:00,13.94,15.25,682.35,875.56,149.0,239.7,3.59,330.0,101230.0
1990-04-17 02:00:00+00:00,15.42,12.55,829.45,889.65,163.3,244.6,3.59,348.0,101190.0
1990-04-17 03:00:00+00:00,16.68,11.7,918.2,883.95,171.4,248.85,3.31,352.0,101130.0
1990-04-17 04:00:00+00:00,17.78,11.4,941.0,861.74,173.35,253.7,2.76,345.0,101030.0
1990-04-17 05:00:00+00:00,18.78,11.6,895.4,821.79,169.3,258.35,2.0,334.0,100940.0
1990-04-17 06:00:00+00:00,19.65,11.8,786.25,761.45,159.15,263.75,1.31,321.0,100830.0
1990-04-17 07:00:00+00:00,20.06,12.4,623.75,672.95,142.65,267.65,0.62,273.0,100740.0
1990-04-17 08:00:00+00:00,20.55,12.5,424.35,540.6,118.9,271.5,0.28,204.0,100600.0
1990-04-17 09:00:00+00:00,20.59,12.5,214.05,338.19,84.15,273.65,1.17,129.0,100550.0
1990-04-17 10:00:00+00:00,19.5,16.35,44.35,91.61,27.45,274.8,2.41,121.0,100560.0
1990-04-17 11:00:00+00:00,16.78,20.05,0.0,0.0,0.0,272.5,2.76,127.0,100580.0
1990-04-17 12:00:00+00:00,15.08,20.5,0.0,0.0,0.0,269.2,2.41,146.0,100630.0
1990-04-17 13:00:00+00:00,13.8,20.4,0.0,0.0,0.0,265.3,2.41,178.0,100750.0
1990-04-17 14:00:00+00:00,12.49,22.65,0.0,0.0,0.0,263.0,2.62,195.0,100770.0
1990-04-17 15:00:00+00:00,11.56,24.3,0.0,0.0,0.0,260.5,2.62,204.0,100780.0
1990-04-17 16:00:00+00:00,10.72,26.1,0.0,0.0,0.0,258.35,2.69,210.0,100750.0
1990-04-17 17:00:00+00:00,9.92,27.05,0.0,0.0,0.0,257.2,2.69,211.0,100730.0
1990-04-17 18:00:00+00:00,9.07,29.05,0.0,0.0,0.0,258.15,2.62,211.0,100690.0
1990-04-17 19:00:00+00:00,7.9,35.3,0.0,0.0,0.0,254.85,2.28,214.0,100580.0
1990-04-17 20:00:00+00:00,7.15,41.15,0.0,0.0,0.0,253.5,2.21,216.0,100570.0
1990-04-17 21:00:00+00:00,6.52,44.45,0.0,0.0,0.0,253.3,2.21,215.0,100540.0
1990-04-17 22:00:00+00:00,5.98,48.0,46.2,0.0,46.2,252.55,2.07,216.0,100560.0
1990-04-17 23:00:00+00:00,7.51,52.35,273.2,743.01,95.15,253.9,1.66,208.0,100550.0
1990-04-18 00:00:00+00:00,12.63,35.15,481.05,809.91,125.1,258.75,2.07,193.0,100540.0
1990-04-18 01:00:00+00:00,16.09,27.45,667.25,854.88,143.35,267.95,2.69,187.0,100530.0
1990-04-18 02:00:00+00:00,19.01,24.2,804.2,847.71,166.6,276.95,3.17,185.0,100470.0
1990-04-18 03:00:00+00:00,21.74,20.5,834.95,746.96,201.6,289.5,3.66,184.0,100420.0
1990-04-18 04:00:00+00:00,23.73,17.25,876.95,767.0,191.55,307.5,4.28,184.0,100300.0
1990-04-18 05:00:00+00:00,25.19,15.55,853.15,761.67,178.2,309.65,4.76,186.0,100170.0
1990-04-18 06:00:00+00:00,26.07,14.6,752.55,711.43,164.9,310.4,5.17,185.0,100040.0
1990-04-18 07:00:00+00:00,26.04,15.15,575.3,585.17,155.55,312.75,5.59,185.0,99970.0
1990-04-18 08:00:00+00:00,25.91,15.15,395.5,470.71,128.4,319.3,5.93,182.0,99860.0
1990-04-18 09:00:00+00:00,25.22,15.55,194.55,277.39,87.3,316.4,6.21,178.0,99800.0
1990-04-18 10:00:00+00:00,23.65,17.25,43.55,85.21,27.6,316.6,6.0,173.0,99790.0
1990-04-18 11:00:00+00:00,21.64,18.95,0.0,0.0,0.0,305.95,5.93,178.0,99810.0
1990-04-18 12:00:00+00:00,20.3,20.1,0.0,0.0,0.0,301.5,5.79,185.0,99880.0
1990-04-18 13:00:00+00:00,19.28,20.7,0.0,0.0,0.0,299.4,5.52,193.0,99960.0
1990-04-18 14:00:00+00:00,18.29,23.0,0.0,0.0,0.0,298.4,5.03,199.0,99990.0
1990-04-18 15:00:00+00:00,17.23,25.6,0.0,0.0,0.0,296.65,4.41,202.0,99970.0
1990-04-18 16:00:00+00:00,16.17,29.7,0.0,0.0,0.0,296.65,3.79,202.0,99930.0
1990-04-18 17:00:00+00:00,15.18,34.35,0.0,0.0,0.0,296.5,3.38,204.0,99900.0
1990-04-18 18:00:00+00:00,14.05,37.0,0.0,0.0,0.0,293.0,3.03,207.0,99860.0
1990-04-18 19:00:00+00:00,12.95,42.8,0.0,0.0,0.0,291.85,2.41,211.0,99810.0
1990-04-18 20:00:00+00:00,12.14,47.75,0.0,0.0,0.0,290.5,2.28,218.0,99820.0
1990-04-18 21:00:00+00:00,11.28,51.35,0.0,0.0,0.0,289.7,1.86,228.0,99810.0
1990-04-18 22:00:00+00:00,10.21,64.0,45.6,0.0,45.6,288.75,1.45,231.0,99810.0
1990-04-18 23:00:00+00:00,11.64,66.75,262.5,691.01,93.95,290.3,1.03,225.0,99860.0
1990-04-19 00:00:00+00:00,16.12,46.9,463.6,765.41,124.2,295.7,1.1,198.0,99890.0
1990-04-19 01:00:00+00:00,19.49,36.95,645.55,811.91,145.05,304.35,1.52,181.0,99920.0
1990-04-19 02:00:00+00:00,22.35,31.45,786.5,830.78,158.9,313.7,2.21,175.0,99890.0
1990-04-19 03:00:00+00:00,24.89,28.65,867.45,820.95,168.9,322.2,2.97,174.0,99870.0
1990-04-19 04:00:00+00:00,26.9,25.2,889.75,803.75,169.3,329.75,3.66,175.0,99790.0
1990-04-19 05:00:00+00:00,28.26,22.75,837.4,746.66,173.85,336.15,4.0,173.0,99700.0
1990-04-19 06:00:00+00:00,29.03,19.85,726.65,674.17,168.15,339.45,4.28,169.0,99640.0
1990-04-19 07:00:00+00:00,28.84,19.7,594.85,633.41,139.0,338.85,4.48,169.0,99600.0
1990-04-19 08:00:00+00:00,28.57,19.7,406.05,509.18,115.9,334.6,4.69,166.0,99530.0
1990-04-19 09:00:00+00:00,27.76,21.8,204.1,308.75,83.95,333.45,4.76,165.0,99540.0
1990-04-19 10:00:00+00:00,26.16,24.9,43.75,81.1,28.35,330.15,3.93,164.0,99580.0
1990-04-19 11:00:00+00:00,23.75,29.45,0.0,0.0,0.0,329.95,3.59,166.0,99660.0
1990-04-19 12:00:00+00:00,21.89,32.5,0.0,0.0,0.0,324.75,3.52,170.0,99760.0
1990-04-19 13:00:00+00:00,20.67,35.9,0.0,0.0,0.0,322.05,3.66,177.0,99860.0
1990-04-19 14:00:00+00:00,19.82,35.6,0.0,0.0,0.0,323.75,3.66,184.0,99920.0
1990-04-19 15:00:00+00:00,19.09,36.8,0.0,0.0,0.0,325.9,3.52,189.0,99950.0
1990-04-19 16:00:00+00:00,18.54,38.1,0.0,0.0,0.0,335.0,3.31,190.0,99960.0
1990-04-19 17:00:00+00:00,18.01,39.4,0.0,0.0,0.0,341.75,3.03,188.0,99950.0
1990-04-19 18:00:00+00:00,17.24,42.15,0.0,0.0,0.0,333.65,2.83,185.0,99910.0
1990-04-19 19:00:00+00:00,16.06,45.15,0.0,0.0,0.0,323.95,2.41,182.0,99880.0
1990-04-19 20:00:00+00:00,15.39,46.75,0.0,0.0,0.0,319.1,2.34,182.0,99870.0
1990-04-19 21:00:00+00:00,14.85,48.4,0.0,0.0,0.0,320.3,2.21,177.0,99900.0
1990-04-19 22:00:00+00:00,14.44,50.1,57.8,185.58,49.65,320.65,2.34,180.0,99960.0
1990-04-19 23:00:00+00:00,15.27,50.25,142.35,138.03,108.1,326.5,2.28,180.0,100030.0
1990-04-20 00:00:00+00:00,16.86,45.45,199.65,50.19,177.2,336.95,2.76,180.0,100080.0
1990-04-20 01:00:00+00:00,17.99,44.05,347.8,195.32,226.7,348.65,3.45,183.0,100140.0
1990-04-20 02:00:00+00:00,19.41,42.85,355.1,157.45,235.65,351.25,4.28,191.0,100200.0
1990-04-20 03:00:00+00:00,19.88,41.45,430.85,159.34,294.8,357.65,4.62,192.0,100250.0
1990-04-20 04:00:00+00:00,20.05,43.0,474.7,208.44,287.3,360.15,4.55,188.0,100230.0
1990-04-20 05:00:00+00:00,20.04,46.2,448.35,176.68,290.9,355.7,4.14,176.0,100220.0
1990-04-20 06:00:00+00:00,19.73,49.55,360.2,154.13,232.15,360.15,4.07,164.0,100180.0
1990-04-20 07:00:00+00:00,18.4,53.0,201.6,88.02,138.05,362.5,4.07,154.0,100240.0
1990-04-20 08:00:00+00:00,17.63,58.8,132.35,51.2,103.05,363.45,3.72,151.0,100180.0
1990-04-20 09:00:00+00:00,16.98,60.85,69.5,31.53,57.15,370.2,3.66,148.0,100230.0
1990-04-20 10:00:00+00:00,16.24,65.15,13.5,14.28,10.75,366.15,3.31,148.0,100230.0
1990-04-20 11:00:00+00:00,15.58,69.9,0.0,0.0,0.0,367.1,2.41,157.0,100270.0
1990-04-20 12:00:00+00:00,15.18,72.4,0.0,0.0,0.0,360.95,1.52,178.0,100340.0
1990-04-20 13:00:00+00:00,15.06,72.4,0.0,0.0,0.0,365.55,0.83,208.0,100380.0
1990-04-20 14:00:00+00:00,14.93,72.4,0.0,0.0,0.0,363.05,0.55,243.0,100390.0
1990-04-20 15:00:00+00:00,14.73,80.45,0.0,0.0,0.0,363.25,0.41,272.0,100380.0
1990-04-20 16:00:00+00:00,14.79,75.0,0.0,0.0,0.0,364.4,0.28,317.0,100360.0
1990-04-20 17:00:00+00:00,14.54,80.45,0.0,0.0,0.0,367.1,0.41,47.0,100360.0
1990-04-20 18:00:00+00:00,14.38,80.45,0.0,0.0,0.0,366.95,0.41,109.0,100330.0
1990-04-20 19:00:00+00:00,14.34,77.65,0.0,0.0,0.0,366.55,0.21,161.0,100290.0
1990-04-20 20:00:00+00:00,14.24,77.65,0.0,0.0,0.0,364.0,0.07,219.0,100310.0
1990-04-20 21:00:00+00:00,13.82,80.45,0.0,0.0,0.0,362.65,0.62,340.0,100290.0
1990-04-20 22:00:00+00:00,13.77,77.65,9.45,2.07,9.35,361.7,1.17,347.0,100320.0
1990-04-20 23:00:00+00:00,13.57,83.35,22.6,0.0,22.6,360.75,1.24,359.0,100350.0
1990-04-21 00:00:00+00:00,13.6,80.4,49.35,0.0,49.35,360.75,0.9,357.0,100420.0
1990-04-21 01:00:00+00:00,14.23,72.3,71.8,0.08,71.75,361.25,0.97,358.0,100450.0
1990-04-21 02:00:00+00:00,14.54,67.25,97.1,0.26,96.9,362.1,1.17,9.0,100450.0
1990-04-21 03:00:00+00:00,14.81,62.65,120.85,3.79,117.6,362.5,1.24,28.0,100440.0
1990-04-21 04:00:00+00:00,15.0,60.4,110.75,0.67,110.15,363.85,1.03,53.0,100400.0
1990-04-21 05:00:00+00:00,15.05,60.4,111.3,4.87,106.95,364.2,1.1,76.0,100340.0
1990-04-21 06:00:00+00:00,15.12,58.25,88.55,7.44,82.35,364.6,1.17,84.0,100280.0
1990-04-21 07:00:00+00:00,13.99,72.3,72.1,1.24,71.2,361.1,2.0,353.0,100260.0
1990-04-21 08:00:00+00:00,14.04,67.25,62.7,6.0,59.25,361.1,1.86,341.0,100180.0
1990-04-21 09:00:00+00:00,14.12,64.85,35.25,2.03,34.45,359.4,1.79,324.0,100160.0
1990-04-21 10:00:00+00:00,14.06,64.85,6.8,0.77,6.65,360.95,1.72,316.0,100150.0
1990-04-21 11:00:00+00:00,13.81,62.55,0.0,0.0,0.0,361.7,1.52,316.0,100150.0
1990-04-21 12:00:00+00:00,13.64,64.75,0.0,0.0,0.0,361.1,1.31,315.0,100190.0
1990-04-21 13:00:00+00:00,13.53,64.75,0.0,0.0,0.0,362.65,1.31,309.0,100210.0
1990-04-21 14:00:00+00:00,13.39,64.75,0.0,0.0,0.0,360.55,1.45,300.0,100200.0
1990-04-21 15:00:00+00:00,13.35,64.75,0.0,0.0,0.0,363.25,1.52,294.0,100210.0
1990-04-21 16:00:00+00:00,13.01,69.55,0.0,0.0,0.0,363.05,1.59,299.0,100170.0
1990-04-21 17:00:00+00:00,12.15,83.15,0.0,0.0,0.0,362.65,1.24,312.0,100110.0
1990-04-21 18:00:00+00:00,11.89,86.2,0.0,0.0,0.0,361.3,0.97,340.0,100030.0
1990-04-21 19:00:00+00:00,11.71,83.1,0.0,0.0,0.0,355.7,1.17,348.0,100010.0
1990-04-21 20:00:00+00:00,11.28,86.15,0.0,0.0,0.0,353.4,1.24,11.0,100000.0
1990-04-21 21:00:00+00:00,11.03,89.3,0.0,0.0,0.0,352.8,1.24,16.0,99980.0
1990-04-21 22:00:00+00:00,10.91,89.3,38.5,109.17,32.75,348.15,1.24,7.0,100050.0
1990-04-21 23:00:00+00:00,11.33,86.15,111.55,78.59,91.4,347.0,1.38,358.0,100090.0
1990-04-22 00:00:00+00:00,12.35,80.3,314.85,306.3,175.55,349.5,1.72,8.0,100120.0
1990-04-22 01:00:00+00:00,13.98,69.75,647.2,786.21,154.35,332.4,2.21,19.0,100070.0
1990-04-22 02:00:00+00:00,16.53,60.75,742.3,732.83,181.75,302.5,2.48,17.0,100070.0
1990-04-22 03:00:00+00:00,18.83,47.65,674.35,395.98,334.0,317.2,2.9,17.0,100030.0
1990-04-22 04:00:00+00:00,19.83,44.6,536.2,206.59,349.4,360.55,2.97,19.0,99960.0
1990-04-22 05:00:00+00:00,20.34,43.1,428.15,82.31,354.4,372.35,2.97,16.0,99910.0
1990-04-22 06:00:00+00:00,20.8,43.1,438.4,144.42,317.75,380.85,3.03,15.0,99850.0
1990-04-22 07:00:00+00:00,20.93,41.7,332.15,135.5,233.7,379.3,3.17,18.0,99830.0
1990-04-22 08:00:00+00:00,20.9,41.7,183.85,35.54,163.35,375.65,3.1,17.0,99820.0
1990-04-22 09:00:00+00:00,20.42,41.55,147.35,119.65,99.9,381.85,3.03,34.0,99830.0
1990-04-22 10:00:00+00:00,19.73,46.1,44.45,71.99,30.2,350.3,2.69,52.0,99820.0
1990-04-22 11:00:00+00:00,17.93,51.0,0.0,0.0,0.0,321.85,2.07,66.0,99850.0
1990-04-22 12:00:00+00:00,16.48,56.5,0.0,0.0,0.0,310.6,1.66,74.0,99900.0
1990-04-22 13:00:00+00:00,14.84,64.95,0.0,0.0,0.0,306.35,1.24,81.0,99980.0
1990-04-22 14:00:00+00:00,14.64,67.25,0.0,0.0,0.0,304.6,0.55,112.0,100050.0
1990-04-22 15:00:00+00:00,14.2,67.25,0.0,0.0,0.0,305.0,0.28,140.0,100090.0
1990-04-22 16:00:00+00:00,13.5,69.65,0.0,0.0,0.0,306.15,0.34,94.0,100130.0
1990-04-22 17:00:00+00:00,11.99,77.35,0.0,0.0,0.0,311.2,1.03,57.0,100100.0
1990-04-22 18:00:00+00:00,10.46,86.05,0.0,0.0,0.0,309.05,1.24,37.0,100120.0
1990-04-22 19:00:00+00:00,9.33,92.45,0.0,0.0,0.0,305.0,1.52,11.0,100180.0
1990-04-22 20:00:00+00:00,9.34,92.45,0.0,0.0,0.0,314.5,1.59,9.0,100220.0
1990-04-22 21:00:00+00:00,9.39,92.45,0.0,0.0,0.0,317.55,1.59,5.0,100230.0
1990-04-22 22:00:00+00:00,9.63,92.45,65.95,93.06,60.65,321.25,1.72,3.0,100250.0
1990-04-22 23:00:00+00:00,11.23,83.05,214.15,273.04,143.05,320.1,1.93,4.0,100310.0
1990-04-23 00:00:00+00:00,13.26,67.15,404.85,476.19,186.55,317.4,2.41,3.0,100370.0
1990-04-23 01:00:00+00:00,15.2,62.65,591.55,577.28,227.75,313.8,2.76,5.0,100440.0
1990-04-23 02:00:00+00:00,17.16,54.6,694.25,526.87,289.65,318.75,3.38,10.0,100430.0
1990-04-23 03:00:00+00:00,18.78,49.3,725.15,422.33,361.0,327.25,3.86,15.0,100410.0
1990-04-23 04:00:00+00:00,20.12,46.2,676.1,305.82,398.8,338.1,4.41,20.0,100350.0
1990-04-23 05:00:00+00:00,21.35,40.35,552.75,207.22,366.6,350.85,5.03,22.0,100310.0
1990-04-23 06:00:00+00:00,21.99,37.65,523.45,266.22,300.45,359.95,5.45,22.0,100230.0
1990-04-23 07:00:00+00:00,22.79,36.4,482.8,306.27,259.6,363.05,5.31,30.0,100190.0
1990-04-23 08:00:00+00:00,22.6,36.4,389.9,451.94,128.15,348.95,5.72,35.0,100150.0
1990-04-23 09:00:00+00:00,21.38,41.85,202.75,274.93,93.05,332.85,5.86,45.0,100240.0
1990-04-23 10:00:00+00:00,19.49,51.4,45.4,63.56,32.65,330.15,4.69,53.0,100320.0
1990-04-23 11:00:00+00:00,17.43,58.8,0.0,0.0,0.0,319.3,4.21,48.0,100480.0
1990-04-23 12:00:00+00:00,16.09,62.85,0.0,0.0,0.0,328.6,4.21,39.0,100570.0
1990-04-23 13:00:00+00:00,14.95,64.95,0.0,0.0,0.0,317.95,4.28,34.0,100680.0
1990-04-23 14:00:00+00:00,14.02,67.25,0.0,0.0,0.0,318.95,4.34,29.0,100740.0
1990-04-23 15:00:00+00:00,13.29,69.65,0.0,0.0,0.0,319.9,4.28,21.0,100780.0
1990-04-23 16:00:00+00:00,12.81,72.1,0.0,0.0,0.0,320.85,4.55,12.0,100790.0
1990-04-23 17:00:00+00:00,12.52,74.7,0.0,0.0,0.0,317.0,4.62,5.0,100800.0
1990-04-23 18:00:00+00:00,12.46,74.7,0.0,0.0,0.0,321.65,4.76,6.0,100820.0
1990-04-23 19:00:00+00:00,12.03,77.35,0.0,0.0,0.0,335.55,4.97,13.0,100880.0
1990-04-23 20:00:00+00:00,12.16,77.35,0.0,0.0,0.0,347.55,4.69,12.0,100930.0
1990-04-23 21:00:00+00:00,12.2,77.35,0.0,0.0,0.0,352.4,5.1,12.0,100950.0
1990-04-23 22:00:00+00:00,12.35,74.7,19.25,27.79,17.55,361.1,5.1,12.0,101000.0
1990-04-23 23:00:00+00:00,12.55,74.7,56.2,24.02,49.85,359.75,4.69,10.0,101050.0
1990-04-24 00:00:00+00:00,12.94,72.1,118.3,23.7,107.35,353.0,5.17,11.0,101110.0
1990-04-24 01:00:00+00:00,13.8,67.25,155.0,37.49,131.25,358.15,5.45,16.0,101150.0
1990-04-24 02:00:00+00:00,14.61,67.25,309.3,113.05,222.15,360.35,5.17,17.0,101180.0
1990-04-24 03:00:00+00:00,16.02,60.65,296.2,111.69,199.6,356.65,5.31,21.0,101130.0
1990-04-24 04:00:00+00:00,17.0,54.6,354.65,111.64,253.15,366.15,4.97,25.0,101090.0
1990-04-24 05:00:00+00:00,18.04,51.0,219.45,27.59,194.6,366.35,4.55,29.0,101060.0
1990-04-24 06:00:00+00:00,18.14,49.15,214.25,35.66,184.3,371.2,4.97,26.0,100940.0
1990-04-24 07:00:00+00:00,17.81,51.0,156.4,18.33,143.0,373.5,4.9,21.0,100920.0
1990-04-24 08:00:00+00:00,18.08,51.0,68.45,0.95,67.9,374.1,4.83,29.0,100880.0
1990-04-24 09:00:00+00:00,17.78,52.75,25.95,0.0,25.95,376.2,4.14,33.0,100880.0
1990-04-24 10:00:00+00:00,17.28,54.6,8.6,0.0,8.6,375.65,3.38,31.0,100950.0
1990-04-24 11:00:00+00:00,16.78,58.6,0.0,0.0,0.0,373.5,2.97,26.0,101010.0
1990-04-24 12:00:00+00:00,16.13,60.65,0.0,0.0,0.0,362.45,2.69,13.0,101070.0
1990-04-24 13:00:00+00:00,15.6,62.75,0.0,0.0,0.0,357.25,2.62,6.0,101120.0
1990-04-24 14:00:00+00:00,15.24,67.35,0.0,0.0,0.0,355.3,2.69,11.0,101170.0
1990-04-24 15:00:00+00:00,14.96,67.35,0.0,0.0,0.0,357.05,2.97,20.0,101180.0
1990-04-24 16:00:00+00:00,14.58,69.75,0.0,0.0,0.0,356.5,3.03,22.0,101180.0
1990-04-24 17:00:00+00:00,14.08,69.75,0.0,0.0,0.0,352.0,3.03,18.0,101160.0
1990-04-24 18:00:00+00:00,13.69,72.2,0.0,0.0,0.0,353.55,3.1,15.0,101130.0
1990-04-24 19:00:00+00:00,13.12,74.75,0.0,0.0,0.0,343.9,2.76,13.0,101060.0
1990-04-24 20:00:00+00:00,12.69,77.45,0.0,0.0,0.0,334.8,2.69,13.0,101070.0
1990-04-24 21:00:00+00:00,12.23,77.35,0.0,0.0,0.0,329.2,2.48,13.0,101080.0
1990-04-24 22:00:00+00:00,12.21,77.35,35.3,20.67,33.95,341.95,2.41,15.0,101160.0
1990-04-24 23:00:00+00:00,12.58,74.7,74.25,15.29,70.15,350.65,2.55,18.0,101230.0
1990-04-25 00:00:00+00:00,12.82,69.55,113.5,25.24,101.75,346.0,2.62,18.0,101260.0
1990-04-25 01:00:00+00:00,13.33,64.75,161.95,41.15,135.75,352.35,2.62,9.0,101270.0
1990-04-25 02:00:00+00:00,14.02,62.55,243.15,47.95,206.05,352.0,2.62,1.0,101270.0
1990-04-25 03:00:00+00:00,14.97,58.25,213.3,25.76,190.95,355.1,2.55,3.0,101230.0
1990-04-25 04:00:00+00:00,15.44,56.25,262.25,39.33,226.4,356.65,2.48,5.0,101170.0
1990-04-25 05:00:00+00:00,16.16,54.35,239.95,72.33,174.65,360.95,2.55,10.0,101080.0
1990-04-25 06:00:00+00:00,16.59,50.6,232.8,68.59,175.05,361.5,2.55,17.0,100980.0
1990-04-25 07:00:00+00:00,17.04,48.9,208.5,58.58,165.55,358.0,1.93,39.0,100880.0
1990-04-25 08:00:00+00:00,17.36,47.3,88.2,17.22,78.15,364.0,1.59,25.0,100830.0
1990-04-25 09:00:00+00:00,17.15,48.9,60.4,20.06,52.3,368.3,0.97,18.0,100790.0
1990-04-25 10:00:00+00:00,16.97,50.75,19.45,11.17,17.15,366.55,0.21,5.0,100780.0
1990-04-25 11:00:00+00:00,16.51,54.45,0.0,0.0,0.0,358.2,0.41,234.0,100780.0
1990-04-25 12:00:00+00:00,15.6,58.35,0.0,0.0,0.0,362.65,1.03,219.0,100800.0
1990-04-25 13:00:00+00:00,14.99,62.65,0.0,0.0,0.0,364.8,1.17,208.0,100860.0
1990-04-25 14:00:00+00:00,14.63,64.85,0.0,0.0,0.0,366.35,1.38,194.0,100840.0
1990-04-25 15:00:00+00:00,14.41,64.85,0.0,0.0,0.0,366.75,1.59,191.0,100820.0
1990-04-25 16:00:00+00:00,14.17,64.85,0.0,0.0,0.0,365.4,1.86,186.0,100760.0
1990-04-25 17:00:00+00:00,13.89,64.85,0.0,0.0,0.0,362.1,1.86,183.0,100710.0
1990-04-25 18:00:00+00:00,13.59,67.15,0.0,0.0,0.0,359.4,1.86,178.0,100620.0
1990-04-25 19:00:00+00:00,13.25,67.05,0.0,0.0,0.0,357.65,1.59,175.0,100550.0
1990-04-25 20:00:00+00:00,12.83,67.05,0.0,0.0,0.0,348.35,1.59,165.0,100480.0
1990-04-25 21:00:00+00:00,12.44,69.45,0.0,0.0,0.0,342.15,1.52,193.0,100470.0
1990-04-25 22:00:00+00:00,11.9,74.6,39.6,77.1,34.25,327.85,1.52,188.0,100480.0
1990-04-25 23:00:00+00:00,12.53,72.05,95.05,15.26,90.9,342.35,1.1,167.0,100500.0
1990-04-26 00:00:00+00:00,13.47,67.15,346.4,343.66,185.25,346.4,1.1,167.0,100470.0
1990-04-26 01:00:00+00:00,15.46,58.35,501.35,429.39,226.65,323.3,1.59,179.0,100470.0
1990-04-26 02:00:00+00:00,17.23,54.6,775.7,769.35,178.25,329.4,1.93,166.0,100400.0
1990-04-26 03:00:00+00:00,19.4,46.1,816.3,720.58,189.35,314.65,2.21,162.0,100310.0
1990-04-26 04:00:00+00:00,20.94,43.25,795.75,636.84,213.75,333.85,2.41,155.0,100220.0
1990-04-26 05:00:00+00:00,21.97,40.5,711.65,514.46,246.05,335.4,2.28,155.0,100140.0
1990-04-26 06:00:00+00:00,22.65,39.15,554.45,431.17,190.5,350.1,2.21,160.0,100060.0
1990-04-26 07:00:00+00:00,22.05,43.5,385.05,325.8,145.5,352.2,2.21,155.0,100010.0
1990-04-26 08:00:00+00:00,22.03,43.5,344.45,342.8,143.6,364.4,2.55,157.0,99990.0
1990-04-26 09:00:00+00:00,21.98,43.5,194.2,252.56,91.6,346.2,3.17,158.0,99940.0
1990-04-26 10:00:00+00:00,21.32,48.2,50.9,89.45,32.25,340.4,2.97,158.0,99940.0
1990-04-26 11:00:00+00:00,19.51,53.25,0.05,0.0,0.05,331.5,2.55,157.0,99940.0
1990-04-26 12:00:00+00:00,17.8,60.95,0.0,0.0,0.0,319.7,2.48,174.0,100000.0
1990-04-26 13:00:00+00:00,16.7,65.25,0.0,0.0,0.0,315.65,2.41,195.0,100050.0
1990-04-26 14:00:00+00:00,15.83,67.55,0.0,0.0,0.0,313.5,2.48,207.0,100100.0
1990-04-26 15:00:00+00:00,14.9,72.4,0.0,0.0,0.0,309.85,2.55,222.0,100100.0
1990-04-26 16:00:00+00:00,13.86,74.95,0.0,0.0,0.0,303.25,2.41,228.0,100060.0
1990-04-26 17:00:00+00:00,12.81,80.35,0.0,0.0,0.0,299.75,2.14,239.0,100020.0
1990-04-26 18:00:00+00:00,11.86,80.2,0.0,0.0,0.0,294.15,2.21,256.0,100010.0
1990-04-26 19:00:00+00:00,13.46,46.35,0.0,0.0,0.0,289.9,3.1,307.0,100120.0
1990-04-26 20:00:00+00:00,14.23,23.05,0.0,0.0,0.0,278.5,3.45,317.0,100150.0
1990-04-26 21:00:00+00:00,13.28,19.45,0.0,0.0,0.0,261.85,2.83,311.0,100220.0
1990-04-26 22:00:00+00:00,11.57,29.75,113.0,750.67,57.9,257.0,2.14,292.0,100250.0
1990-04-26 23:00:00+00:00,11.98,49.6,307.45,740.87,103.15,258.75,1.45,275.0,100290.0
1990-04-27 00:00:00+00:00,17.32,27.85,512.95,806.32,132.15,263.6,0.55,263.0,100340.0
1990-04-27 01:00:00+00:00,20.19,16.5,694.6,843.38,152.5,273.75,0.62,56.0,100310.0
1990-04-27 02:00:00+00:00,21.84,14.45,831.6,854.1,166.0,282.15,1.31,43.0,100280.0
1990-04-27 03:00:00+00:00,23.08,14.65,912.55,846.66,173.8,290.1,1.1,11.0,100250.0
1990-04-27 04:00:00+00:00,24.13,14.85,931.0,824.64,175.5,296.65,0.34,270.0,100180.0
1990-04-27 05:00:00+00:00,25.28,14.95,885.6,788.01,170.75,301.9,1.66,204.0,100070.0
1990-04-27 06:00:00+00:00,26.18,14.0,658.35,523.53,215.35,306.35,2.34,194.0,99960.0
1990-04-27 07:00:00+00:00,26.94,11.65,347.05,209.53,192.55,336.15,1.38,205.0,99850.0
1990-04-27 08:00:00+00:00,26.65,12.05,156.65,0.0,156.65,345.85,1.17,207.0,99780.0
1990-04-27 09:00:00+00:00,25.61,16.95,84.0,0.0,84.0,360.35,1.24,207.0,99800.0
1990-04-27 10:00:00+00:00,24.14,19.55,23.7,0.0,23.7,356.3,2.14,231.0,99860.0
1990-04-27 11:00:00+00:00,22.52,19.95,0.05,0.0,0.05,351.85,2.69,255.0,99900.0
1990-04-27 12:00:00+00:00,20.88,20.35,0.0,0.0,0.0,340.6,2.9,278.0,100020.0
1990-04-27 13:00:00+00:00,19.28,20.7,0.0,0.0,0.0,321.45,3.03,297.0,100160.0
1990-04-27 14:00:00+00:00,17.7,21.15,0.0,0.0,0.0,307.5,3.03,308.0,100280.0
1990-04-27 15:00:00+00:00,16.32,20.9,0.0,0.0,0.0,298.8,2.83,310.0,100340.0
1990-04-27 16:00:00+00:00,15.21,22.25,0.0,0.0,0.0,294.75,2.69,312.0,100390.0
1990-04-27 17:00:00+00:00,13.8,22.1,0.0,0.0,0.0,283.1,2.34,324.0,100460.0
1990-04-27 18:00:00+00:00,12.0,26.5,0.0,0.0,0.0,265.7,2.14,326.0,100490.0
1990-04-27 19:00:00+00:00,12.1,24.45,0.0,0.0,0.0,263.2,2.55,322.0,100550.0
1990-04-27 20:00:00+00:00,10.78,28.45,0.0,0.0,0.0,261.05,2.34,306.0,100570.0
1990-04-27 21:00:00+00:00,9.39,33.0,0.0,0.0,0.0,258.95,2.34,292.0,100580.0
1990-04-27 22:00:00+00:00,8.45,39.95,113.9,717.01,58.45,256.6,2.21,287.0,100610.0
1990-04-27 23:00:00+00:00,10.49,53.1,307.95,731.91,103.45,257.6,1.45,286.0,100620.0
1990-04-28 00:00:00+00:00,16.57,29.8,514.9,803.83,132.65,262.6,1.03,283.0,100600.0
1990-04-28 01:00:00+00:00,19.39,15.7,698.95,845.71,152.85,271.05,1.24,292.0,100570.0
1990-04-28 02:00:00+00:00,20.67,14.1,789.35,716.34,229.2,277.3,1.86,297.0,100520.0
1990-04-28 03:00:00+00:00,21.89,12.8,800.65,575.92,296.75,290.3,2.76,290.0,100450.0
1990-04-28 04:00:00+00:00,22.78,11.4,756.2,492.45,303.95,301.9,3.24,287.0,100310.0
1990-04-28 05:00:00+00:00,23.15,11.0,744.25,477.1,310.45,315.05,3.45,287.0,100180.0
1990-04-28 06:00:00+00:00,23.69,10.25,693.3,535.13,239.4,322.4,3.72,292.0,100040.0
1990-04-28 07:00:00+00:00,24.05,9.5,592.0,553.48,182.75,302.5,3.79,298.0,99870.0
1990-04-28 08:00:00+00:00,24.21,9.5,358.1,346.7,153.45,299.2,3.79,291.0,99750.0
1990-04-28 09:00:00+00:00,23.89,8.75,206.45,258.91,100.05,308.3,3.1,292.0,99640.0
1990-04-28 10:00:00+00:00,23.08,12.45,61.05,112.08,37.1,305.0,1.24,289.0,99600.0
1990-04-28 11:00:00+00:00,21.47,14.9,0.1,0.0,0.1,282.95,1.17,195.0,99550.0
1990-04-28 12:00:00+00:00,18.14,19.65,0.0,0.0,0.0,276.55,2.21,205.0,99570.0
1990-04-28 13:00:00+00:00,15.52,23.3,0.0,0.0,0.0,273.45,2.69,213.0,99550.0
1990-04-28 14:00:00+00:00,14.42,23.05,0.0,0.0,0.0,270.95,2.97,223.0,99490.0
1990-04-28 15:00:00+00:00,13.94,22.1,0.0,0.0,0.0,271.3,3.17,237.0,99430.0
1990-04-28 16:00:00+00:00,13.91,21.25,0.0,0.0,0.0,278.3,3.38,249.0,99400.0
1990-04-28 17:00:00+00:00,13.69,22.0,0.0,0.0,0.0,281.75,3.38,254.0,99360.0
1990-04-28 18:00:00+00:00,13.2,22.75,0.0,0.0,0.0,276.75,3.31,254.0,99270.0
1990-04-28 19:00:00+00:00,13.55,22.0,0.0,0.0,0.0,294.75,2.83,253.0,99140.0
1990-04-28 20:00:00+00:00,13.18,23.7,0.0,0.0,0.0,307.3,2.41,248.0,99010.0
1990-04-28 21:00:00+00:00,12.21,26.5,0.0,0.0,0.0,297.65,2.21,246.0,98910.0
1990-04-28 22:00:00+00:00,11.45,31.0,90.5,200.13,74.25,291.25,2.07,242.0,98870.0
1990-04-28 23:00:00+00:00,13.03,33.95,245.9,332.7,151.75,298.6,1.66,252.0,98800.0
1990-04-29 00:00:00+00:00,17.06,28.8,482.25,674.6,159.3,304.4,1.93,289.0,98810.0
1990-04-29 01:00:00+00:00,21.22,20.35,691.85,824.15,157.3,300.65,3.24,327.0,98850.0
1990-04-29 02:00:00+00:00,23.37,14.15,804.65,776.75,195.25,296.3,4.97,347.0,98850.0
1990-04-29 03:00:00+00:00,24.13,13.2,919.05,848.28,174.85,297.25,5.52,343.0,98850.0
1990-04-29 04:00:00+00:00,25.04,12.25,934.05,813.67,185.05,298.05,6.55,330.0,98820.0
1990-04-29 05:00:00+00:00,25.71,11.4,819.75,649.42,227.95,300.35,7.59,326.0,98780.0
1990-04-29 06:00:00+00:00,25.72,11.4,721.2,579.22,228.75,312.95,7.24,332.0,98740.0
1990-04-29 07:00:00+00:00,25.53,10.1,624.5,622.97,162.6,317.2,7.03,343.0,98830.0
1990-04-29 08:00:00+00:00,25.64,9.7,435.15,510.02,133.0,303.25,6.28,347.0,98810.0
1990-04-29 09:00:00+00:00,25.47,9.3,236.9,354.71,90.3,299.0,5.17,348.0,98820.0
1990-04-29 10:00:00+00:00,24.25,11.65,62.7,118.14,37.15,294.95,3.38,4.0,98880.0
1990-04-29 11:00:00+00:00,21.69,14.3,0.2,0.0,0.2,290.65,2.97,23.0,98980.0
1990-04-29 12:00:00+00:00,19.51,15.7,0.0,0.0,0.0,287.2,2.9,36.0,99100.0
1990-04-29 13:00:00+00:00,17.78,17.3,0.0,0.0,0.0,283.3,2.21,57.0,99210.0
1990-04-29 14:00:00+00:00,16.21,20.75,0.0,0.0,0.0,279.65,1.1,101.0,99280.0
1990-04-29 15:00:00+00:00,14.04,23.05,0.0,0.0,0.0,278.85,1.66,203.0,99290.0
1990-04-29 16:00:00+00:00,12.35,25.6,0.0,0.0,0.0,274.4,2.34,228.0,99290.0
1990-04-29 17:00:00+00:00,11.41,28.6,0.0,0.0,0.0,272.5,2.41,230.0,99260.0
1990-04-29 18:00:00+00:00,10.62,31.95,0.0,0.0,0.0,271.9,2.48,223.0,99170.0
1990-04-29 19:00:00+00:00,10.36,31.95,0.0,0.0,0.0,272.85,2.62,209.0,99070.0
1990-04-29 20:00:00+00:00,10.53,30.7,0.0,0.0,0.0,273.05,2.9,200.0,98960.0
1990-04-29 21:00:00+00:00,10.86,30.85,0.0,0.0,0.0,274.2,3.1,194.0,98820.0
1990-04-29 22:00:00+00:00,11.81,29.9,73.6,192.99,57.2,295.9,3.1,198.0,98830.0
1990-04-29 23:00:00+00:00,14.05,29.25,192.3,204.38,133.75,318.35,3.72,184.0,98750.0
1990-04-30 00:00:00+00:00,16.45,28.7,443.4,555.89,175.55,316.8,2.97,184.0,98680.0
1990-04-30 01:00:00+00:00,19.43,25.3,665.85,758.81,171.55,306.45,0.48,243.0,98670.0
1990-04-30 02:00:00+00:00,21.16,22.9,726.35,661.37,205.8,308.5,3.86,14.0,98690.0
1990-04-30 03:00:00+00:00,20.88,22.0,808.35,615.24,267.2,323.4,5.45,22.0,98740.0
1990-04-30 04:00:00+00:00,20.87,20.35,810.15,562.09,291.55,317.4,6.21,21.0,98800.0
1990-04-30 05:00:00+00:00,21.68,20.5,812.85,634.97,232.95,330.15,6.0,16.0,98820.0
1990-04-30 06:00:00+00:00,22.54,19.95,731.85,600.48,220.15,318.55,6.0,16.0,98820.0
1990-04-30 07:00:00+00:00,22.36,22.4,549.25,462.38,205.5,312.95,6.41,22.0,98920.0
1990-04-30 08:00:00+00:00,21.35,23.9,376.85,369.78,157.0,319.9,7.45,23.0,99050.0
1990-04-30 09:00:00+00:00,19.78,27.3,194.9,266.83,84.0,316.4,7.38,24.0,99160.0
1990-04-30 10:00:00+00:00,18.38,29.2,60.95,107.84,37.35,309.45,6.0,22.0,99280.0
1990-04-30 11:00:00+00:00,16.8,32.35,0.25,0.0,0.25,292.8,4.97,22.0,99400.0
1990-04-30 12:00:00+00:00,15.3,34.5,0.0,0.0,0.0,286.6,4.07,24.0,99540.0
1990-04-30 13:00:00+00:00,14.1,37.0,0.0,0.0,0.0,285.45,2.83,31.0,99660.0
1990-04-30 14:00:00+00:00,12.97,41.2,0.0,0.0,0.0,279.05,1.24,18.0,99750.0
1990-04-30 15:00:00+00:00,11.76,45.95,0.0,0.0,0.0,275.75,1.17,254.0,99760.0
1990-04-30 16:00:00+00:00,5.4,67.71,0.0,0.0,0.0,248.12,1.79,238.0,99780.0
1990-04-30 17:00:00+00:00,6.99,65.63,0.0,0.0,0.0,257.84,1.88,233.0,99790.0
1990-04-30 18:00:00+00:00,8.58,63.54,0.0,0.0,0.0,267.56,1.96,230.0,99740.0
1990-04-30 19:00:00+00:00,10.18,61.46,0.0,0.0,0.0,277.27,2.05,230.0,99710.0
1990-04-30 20:00:00+00:00,11.77,59.37,0.0,0.0,0.0,286.99,2.14,234.0,99700.0
1990-04-30 21:00:00+00:00,13.36,57.28,0.0,0.0,0.0,296.71,2.22,238.0,99700.0
1990-04-30 22:00:00+00:00,14.95,55.2,111.3,576.17,60.2,306.43,2.31,236.0,99760.0
1990-04-30 23:00:00+00:00,16.54,53.11,247.65,432.39,122.3,316.15,2.4,228.0,99810.0
1990-05-01 00:00:00+00:00,18.13,51.02,354.1,213.15,250.75,325.87,2.48,195.0,99870.0
1990-05-01 01:00:00+00:00,19.73,48.94,447.8,197.05,318.9,335.58,2.57,217.0,99940.0
1990-05-01 02:00:00+00:00,21.32,46.85,566.45,243.06,374.55,345.3,2.66,2.0,99950.0
1990-05-01 03:00:00+00:00,22.91,44.76,703.55,377.24,370.9,355.02,2.74,18.0,99970.0
1990-05-01 04:00:00+00:00,24.5,42.68,625.05,278.26,367.75,364.74,2.83,8.0,100000.0
1990-05-01 05:00:00+00:00,26.09,40.59,353.05,73.26,286.0,374.46,2.92,7.0,100010.0
1990-05-01 06:00:00+00:00,27.68,38.5,539.9,318.59,267.8,384.17,3.0,12.0,99980.0
1990-05-01 07:00:00+00:00,29.28,36.42,557.35,502.07,183.1,393.89,3.09,24.0,100030.0
1990-05-01 08:00:00+00:00,26.63,32.5,408.6,467.19,129.85,356.3,3.66,39.0,100020.0
1990-05-01 09:00:00+00:00,26.14,32.35,223.25,320.04,89.5,344.65,3.59,58.0,100000.0
1990-05-01 10:00:00+00:00,25.07,36.95,58.6,79.5,41.0,341.55,2.83,74.0,100040.0
1990-05-01 11:00:00+00:00,23.17,42.25,0.35,0.0,0.35,338.1,1.86,79.0,100160.0
1990-05-01 12:00:00+00:00,21.68,48.3,0.0,0.0,0.0,328.05,1.17,65.0,100280.0
1990-05-01 13:00:00+00:00,20.74,53.5,0.0,0.0,0.0,322.2,0.41,21.0,100410.0
1990-05-01 14:00:00+00:00,19.66,59.25,0.0,0.0,0.0,323.0,0.62,265.0,100490.0
1990-05-01 15:00:00+00:00,17.83,65.55,0.0,0.0,0.0,320.5,1.1,252.0,100530.0
1990-05-01 16:00:00+00:00,16.34,72.65,0.0,0.0,0.0,320.5,1.24,246.0,100540.0
1990-05-01 17:00:00+00:00,15.37,77.8,0.0,0.0,0.0,320.85,1.17,244.0,100530.0
1990-05-01 18:00:00+00:00,14.32,83.4,0.0,0.0,0.0,324.55,1.31,243.0,100490.0
1990-05-01 19:00:00+00:00,13.76,83.35,0.0,0.0,0.0,313.9,1.24,263.0,100570.0
1990-05-01 20:00:00+00:00,13.25,83.25,0.0,0.0,0.0,307.5,1.24,260.0,100560.0
1990-05-01 21:00:00+00:00,12.49,80.3,0.0,0.0,0.0,309.25,1.31,254.0,100540.0
1990-05-01 22:00:00+00:00,11.95,86.15,105.75,353.67,73.1,305.4,1.52,249.0,100590.0
1990-05-01 23:00:00+00:00,14.2,77.65,299.95,606.33,122.15,298.6,1.03,247.0,100630.0
1990-05-02 00:00:00+00:00,19.65,53.25,508.7,735.82,149.75,293.75,0.9,223.0,100660.0
1990-05-02 01:00:00+00:00,23.47,37.9,691.05,799.71,165.8,302.2,1.45,203.0,100680.0
1990-05-02 02:00:00+00:00,26.12,24.15,836.15,840.94,170.2,311.55,2.28,199.0,100680.0
1990-05-02 03:00:00+00:00,27.79,15.6,886.9,757.17,217.6,317.0,2.48,205.0,100630.0
1990-05-02 04:00:00+00:00,28.57,12.45,858.5,643.77,261.95,326.3,2.07,218.0,100580.0
1990-05-02 05:00:00+00:00,28.94,11.6,813.0,614.33,249.6,326.1,1.52,224.0,100470.0
1990-05-02 06:00:00+00:00,29.23,11.15,717.5,569.96,229.65,332.3,1.1,227.0,100380.0
1990-05-02 07:00:00+00:00,29.38,8.75,524.3,377.4,242.25,326.5,0.69,204.0,100290.0
1990-05-02 08:00:00+00:00,29.2,8.75,362.05,322.27,169.1,336.35,1.38,159.0,100250.0
1990-05-02 09:00:00+00:00,28.51,11.95,188.35,191.69,107.8,329.4,2.48,149.0,100190.0
1990-05-02 10:00:00+00:00,26.71,16.6,62.4,100.48,39.9,338.85,3.24,157.0,100190.0
1990-05-02 11:00:00+00:00,24.41,19.55,0.45,0.0,0.45,320.3,3.86,178.0,100250.0
1990-05-02 12:00:00+00:00,22.73,23.25,0.0,0.0,0.0,316.2,4.28,202.0,100330.0
1990-05-02 13:00:00+00:00,21.66,26.8,0.0,0.0,0.0,311.0,4.41,217.0,100440.0
1990-05-02 14:00:00+00:00,20.88,30.9,0.0,0.0,0.0,310.6,4.14,222.0,100460.0
1990-05-02 15:00:00+00:00,20.03,31.95,0.0,0.0,0.0,303.85,3.79,223.0,100440.0
1990-05-02 16:00:00+00:00,19.16,35.45,0.0,0.0,0.0,300.95,3.52,224.0,100420.0
1990-05-02 17:00:00+00:00,18.19,36.7,0.0,0.0,0.0,299.0,3.24,226.0,100360.0
1990-05-02 18:00:00+00:00,16.95,42.15,0.0,0.0,0.0,295.3,2.9,229.0,100300.0
1990-05-02 19:00:00+00:00,14.85,50.25,0.0,0.0,0.0,290.1,2.28,234.0,100320.0
1990-05-02 20:00:00+00:00,13.87,51.9,0.0,0.0,0.0,287.75,2.14,235.0,100310.0
1990-05-02 21:00:00+00:00,12.89,55.65,0.0,0.0,0.0,284.5,2.07,238.0,100280.0
1990-05-02 22:00:00+00:00,12.25,55.5,125.75,658.7,62.6,281.75,1.86,241.0,100300.0
1990-05-02 23:00:00+00:00,14.63,52.15,320.2,724.62,105.35,281.6,1.24,247.0,100330.0
1990-05-03 00:00:00+00:00,19.54,42.85,525.7,798.76,133.75,286.8,0.69,246.0,100360.0
1990-05-03 01:00:00+00:00,23.62,29.45,708.2,840.72,153.85,295.45,0.0,45.0,100380.0
1990-05-03 02:00:00+00:00,26.34,23.25,847.25,856.56,166.95,305.2,0.83,79.0,100380.0
1990-05-03 03:00:00+00:00,28.34,19.7,914.05,820.79,186.8,312.95,1.38,95.0,100350.0
1990-05-03 04:00:00+00:00,29.75,15.3,854.25,658.21,243.05,318.95,1.17,106.0,100300.0
1990-05-03 05:00:00+00:00,30.32,11.3,864.65,744.12,180.85,338.1,0.83,119.0,100220.0
1990-05-03 06:00:00+00:00,30.53,10.45,773.85,684.62,186.6,328.4,1.03,137.0,100150.0
1990-05-03 07:00:00+00:00,30.63,8.9,649.65,680.67,139.65,328.0,2.07,144.0,100070.0
1990-05-03 08:00:00+00:00,30.47,9.3,453.75,559.44,117.65,316.8,2.55,148.0,99980.0
1990-05-03 09:00:00+00:00,29.9,10.8,243.45,362.63,90.25,316.2,2.76,151.0,99960.0
1990-05-03 10:00:00+00:00,28.16,16.95,68.25,124.75,40.0,316.8,2.62,154.0,99960.0
1990-05-03 11:00:00+00:00,25.5,22.15,0.6,0.0,0.6,314.3,3.1,167.0,100000.0
1990-05-03 12:00:00+00:00,23.1,26.2,0.0,0.0,0.0,311.2,3.24,181.0,100090.0
1990-05-03 13:00:00+00:00,21.48,32.2,0.0,0.0,0.0,309.85,3.24,192.0,100170.0
1990-05-03 14:00:00+00:00,20.37,37.1,0.0,0.0,0.0,307.9,3.59,196.0,100190.0
1990-05-03 15:00:00+00:00,19.58,42.85,0.0,0.0,0.0,307.5,3.59,202.0,100180.0
1990-05-03 16:00:00+00:00,18.8,47.55,0.0,0.0,0.0,308.5,3.31,206.0,100140.0
1990-05-03 17:00:00+00:00,18.03,49.3,0.0,0.0,0.0,308.3,3.1,206.0,100110.0
1990-05-03 18:00:00+00:00,17.32,52.75,0.0,0.0,0.0,306.15,2.97,207.0,100060.0
1990-05-03 19:00:00+00:00,16.7,52.65,0.0,0.0,0.0,301.7,2.48,205.0,100020.0
1990-05-03 20:00:00+00:00,15.98,56.35,0.0,0.0,0.0,300.95,2.41,204.0,100040.0
1990-05-03 21:00:00+00:00,15.29,58.35,0.0,0.0,0.0,299.55,2.55,202.0,100040.0
1990-05-03 22:00:00+00:00,14.99,58.35,123.7,620.08,62.1,298.6,2.69,199.0,100090.0
1990-05-03 23:00:00+00:00,16.82,54.6,312.0,693.41,104.2,299.4,2.69,191.0,100100.0
1990-05-04 00:00:00+00:00,19.77,47.8,511.65,768.71,132.3,304.05,3.72,184.0,100130.0
1990-05-04 01:00:00+00:00,22.29,41.95,688.75,810.2,152.5,311.5,4.48,181.0,100170.0
1990-05-04 02:00:00+00:00,24.64,36.95,824.4,827.22,165.55,319.5,5.03,179.0,100140.0
1990-05-04 03:00:00+00:00,26.72,32.5,889.7,799.38,179.8,328.05,5.52,178.0,100100.0
1990-05-04 04:00:00+00:00,28.32,29.55,903.7,758.98,197.5,339.65,5.93,178.0,100040.0
1990-05-04 05:00:00+00:00,29.44,26.65,841.15,685.54,209.95,348.75,6.28,180.0,99940.0
1990-05-04 06:00:00+00:00,30.04,24.0,716.95,575.23,222.5,353.0,6.55,181.0,99870.0
1990-05-04 07:00:00+00:00,30.28,19.35,522.95,455.04,181.15,357.85,6.83,183.0,99800.0
1990-05-04 08:00:00+00:00,29.57,18.4,396.8,388.35,162.7,347.55,6.69,180.0,99750.0
1990-05-04 09:00:00+00:00,28.84,18.4,204.3,180.95,127.45,348.15,6.34,178.0,99770.0
1990-05-04 10:00:00+00:00,27.42,21.8,58.4,42.36,48.7,345.05,5.66,175.0,99800.0
1990-05-04 11:00:00+00:00,25.74,24.9,0.65,0.0,0.65,343.3,5.52,176.0,99860.0
1990-05-04 12:00:00+00:00,24.52,28.5,0.0,0.0,0.0,346.2,5.38,180.0,99930.0
1990-05-04 13:00:00+00:00,23.58,31.7,0.0,0.0,0.0,339.65,5.38,185.0,100010.0
1990-05-04 14:00:00+00:00,22.85,36.4,0.0,0.0,0.0,338.85,5.45,189.0,100050.0
1990-05-04 15:00:00+00:00,22.02,38.9,0.0,0.0,0.0,328.4,5.31,193.0,100040.0
1990-05-04 16:00:00+00:00,21.23,40.2,0.0,0.0,0.0,326.3,4.97,196.0,100070.0
1990-05-04 17:00:00+00:00,20.31,43.0,0.0,0.0,0.0,319.9,4.69,193.0,100070.0
1990-05-04 18:00:00+00:00,19.49,45.95,0.0,0.0,0.0,319.1,4.55,191.0,100030.0
1990-05-04 19:00:00+00:00,18.83,47.55,0.0,0.0,0.0,324.15,4.34,189.0,99990.0
1990-05-04 20:00:00+00:00,18.4,47.55,0.0,0.0,0.0,328.0,4.0,190.0,100000.0
1990-05-04 21:00:00+00:00,17.84,49.15,0.0,0.0,0.0,325.1,3.59,187.0,100030.0
1990-05-04 22:00:00+00:00,17.42,50.85,118.65,479.4,69.4,324.35,3.38,182.0,100110.0
1990-05-04 23:00:00+00:00,18.4,47.55,307.85,641.56,113.6,320.1,3.45,176.0,100170.0
1990-05-05 00:00:00+00:00,20.24,43.0,503.95,748.78,132.4,314.3,4.62,177.0,100240.0
1990-05-05 01:00:00+00:00,22.27,37.65,679.2,796.32,150.2,319.05,5.24,178.0,100280.0
1990-05-05 02:00:00+00:00,24.21,33.0,812.7,812.21,164.05,326.5,5.52,179.0,100270.0
1990-05-05 03:00:00+00:00,25.88,29.95,892.4,808.34,172.95,332.5,5.72,178.0,100230.0
1990-05-05 04:00:00+00:00,27.28,27.25,912.4,791.83,174.2,337.7,5.86,177.0,100210.0
1990-05-05 05:00:00+00:00,28.31,25.55,877.05,766.51,169.95,342.15,5.93,177.0,100140.0
1990-05-05 06:00:00+00:00,28.97,23.85,783.45,725.27,158.75,342.55,6.07,175.0,100060.0
1990-05-05 07:00:00+00:00,29.21,22.2,623.2,635.87,144.4,341.2,6.0,177.0,100000.0
1990-05-05 08:00:00+00:00,29.05,21.35,435.8,519.49,121.6,342.15,5.72,175.0,99980.0
1990-05-05 09:00:00+00:00,28.48,22.05,238.85,350.52,89.2,340.4,5.38,173.0,99970.0
1990-05-05 10:00:00+00:00,27.37,25.3,69.4,124.0,40.7,339.65,4.41,168.0,100020.0
1990-05-05 11:00:00+00:00,25.29,28.75,0.9,0.0,0.9,333.25,3.79,166.0,100060.0
1990-05-05 12:00:00+00:00,23.39,32.75,0.0,0.0,0.0,329.75,3.52,171.0,100140.0
1990-05-05 13:00:00+00:00,22.03,36.15,0.0,0.0,0.0,325.7,3.31,178.0,100230.0
1990-05-05 14:00:00+00:00,20.92,40.1,0.0,0.0,0.0,323.55,3.17,188.0,100270.0
1990-05-05 15:00:00+00:00,19.96,42.85,0.0,0.0,0.0,321.65,3.1,193.0,100230.0
1990-05-05 16:00:00+00:00,19.15,45.95,0.0,0.0,0.0,319.3,3.03,192.0,100210.0
1990-05-05 17:00:00+00:00,18.4,47.55,0.0,0.0,0.0,318.15,3.03,189.0,100160.0
1990-05-05 18:00:00+00:00,17.72,49.15,0.0,0.0,0.0,315.65,2.97,189.0,100110.0
1990-05-05 19:00:00+00:00,17.43,52.75,0.0,0.0,0.0,313.9,2.76,191.0,100040.0
1990-05-05 20:00:00+00:00,16.97,56.6,0.0,0.0,0.0,312.75,2.83,192.0,100070.0
1990-05-05 21:00:00+00:00,16.5,56.6,0.0,0.0,0.0,311.0,2.83,195.0,100060.0
1990-05-05 22:00:00+00:00,16.31,60.75,125.15,583.27,63.3,309.45,2.69,196.0,100130.0
1990-05-05 23:00:00+00:00,17.99,56.85,309.85,669.08,105.25,311.55,2.55,189.0,100160.0
1990-05-06 00:00:00+00:00,20.87,49.8,505.45,745.23,133.7,317.4,3.66,182.0,100210.0
1990-05-06 01:00:00+00:00,23.45,42.25,679.8,788.64,154.05,325.8,4.48,180.0,100210.0
1990-05-06 02:00:00+00:00,25.76,37.2,813.4,806.52,167.6,334.6,5.17,179.0,100220.0
1990-05-06 03:00:00+00:00,27.51,33.8,893.6,805.61,175.05,342.55,5.72,179.0,100170.0
1990-05-06 04:00:00+00:00,28.74,29.7,913.3,788.72,176.6,348.55,6.07,179.0,100130.0
1990-05-06 05:00:00+00:00,29.58,29.7,870.75,755.9,172.15,352.6,6.34,181.0,100010.0
1990-05-06 06:00:00+00:00,30.1,27.75,768.95,703.19,162.05,354.75,6.48,182.0,99910.0
1990-05-06 07:00:00+00:00,30.16,27.85,618.1,625.52,145.95,356.3,6.48,182.0,99800.0
1990-05-06 08:00:00+00:00,29.98,27.75,434.3,514.25,122.25,355.9,6.41,182.0,99740.0
1990-05-06 09:00:00+00:00,29.37,28.65,237.85,342.07,91.05,353.4,6.21,181.0,99680.0
1990-05-06 10:00:00+00:00,28.24,29.55,70.3,121.19,41.95,350.1,5.31,177.0,99680.0
1990-05-06 11:00:00+00:00,26.38,33.55,1.05,0.0,1.05,344.5,4.97,177.0,99660.0
1990-05-06 12:00:00+00:00,24.77,35.65,0.0,0.0,0.0,338.65,4.83,180.0,99680.0
1990-05-06 13:00:00+00:00,23.62,36.7,0.0,0.0,0.0,333.85,4.69,185.0,99740.0
1990-05-06 14:00:00+00:00,22.69,39.15,0.0,0.0,0.0,329.95,4.55,190.0,99780.0
1990-05-06 15:00:00+00:00,21.85,41.85,0.0,0.0,0.0,326.65,4.34,193.0,99780.0
1990-05-06 16:00:00+00:00,21.04,44.7,0.0,0.0,0.0,323.4,4.14,194.0,99770.0
1990-05-06 17:00:00+00:00,20.26,46.2,0.0,0.0,0.0,320.5,3.93,194.0,99730.0
1990-05-06 18:00:00+00:00,19.47,51.25,0.0,0.0,0.0,317.75,3.66,195.0,99700.0
1990-05-06 19:00:00+00:00,18.92,53.0,0.0,0.0,0.0,316.6,3.31,196.0,99630.0
1990-05-06 20:00:00+00:00,18.19,53.0,0.0,0.0,0.0,314.65,3.17,199.0,99590.0
1990-05-06 21:00:00+00:00,17.45,56.75,0.0,0.0,0.0,312.95,3.03,202.0,99580.0
1990-05-06 22:00:00+00:00,17.03,58.8,129.25,591.67,64.6,311.2,2.83,205.0,99610.0
1990-05-06 23:00:00+00:00,18.73,56.95,316.4,681.84,105.9,312.35,2.55,201.0,99640.0
1990-05-07 00:00:00+00:00,21.85,48.3,511.65,745.23,138.0,317.75,3.31,194.0,99680.0
1990-05-07 01:00:00+00:00,24.76,39.7,684.5,776.02,165.4,327.15,3.86,189.0,99690.0
1990-05-07 02:00:00+00:00,27.32,33.8,813.55,778.69,188.45,337.3,4.41,188.0,99650.0
1990-05-07 03:00:00+00:00,29.37,29.7,891.65,773.75,200.1,346.4,4.9,188.0,99610.0
1990-05-07 04:00:00+00:00,30.84,26.05,902.5,735.77,214.0,353.95,5.31,187.0,99530.0
1990-05-07 05:00:00+00:00,31.78,22.8,848.65,668.35,229.85,359.55,5.52,186.0,99430.0
1990-05-07 06:00:00+00:00,32.3,22.1,748.25,626.89,206.15,364.2,5.66,185.0,99350.0
1990-05-07 07:00:00+00:00,32.18,22.1,612.7,595.03,162.5,367.5,5.59,181.0,99300.0
1990-05-07 08:00:00+00:00,31.93,22.0,426.95,477.85,136.05,363.25,5.72,181.0,99230.0
1990-05-07 09:00:00+00:00,31.22,22.65,233.9,307.76,101.15,360.55,5.66,180.0,99190.0
1990-05-07 10:00:00+00:00,29.94,26.75,70.45,104.06,45.85,357.45,4.9,176.0,99200.0
1990-05-07 11:00:00+00:00,28.05,29.4,1.25,0.0,1.25,355.7,4.62,174.0,99230.0
1990-05-07 12:00:00+00:00,26.33,33.55,0.0,0.0,0.0,346.4,4.34,175.0,99290.0
1990-05-07 13:00:00+00:00,25.12,35.8,0.0,0.0,0.0,342.55,4.14,179.0,99400.0
1990-05-07 14:00:00+00:00,24.11,39.55,0.0,0.0,0.0,339.25,3.93,189.0,99460.0
1990-05-07 15:00:00+00:00,23.24,42.25,0.0,0.0,0.0,336.95,3.79,198.0,99460.0
1990-05-07 16:00:00+00:00,22.45,45.1,0.0,0.0,0.0,334.6,3.52,202.0,99450.0
1990-05-07 17:00:00+00:00,21.65,46.6,0.0,0.0,0.0,332.65,3.17,200.0,99400.0
1990-05-07 18:00:00+00:00,20.85,49.8,0.0,0.0,0.0,332.85,2.97,196.0,99390.0
1990-05-07 19:00:00+00:00,20.4,49.7,0.0,0.0,0.0,333.65,2.83,191.0,99340.0
1990-05-07 20:00:00+00:00,19.84,53.25,0.0,0.0,0.0,334.0,2.83,194.0,99360.0
1990-05-07 21:00:00+00:00,19.36,55.05,0.0,0.0,0.0,334.4,2.76,198.0,99340.0
1990-05-07 22:00:00+00:00,19.24,57.1,125.75,544.89,64.5,335.4,2.69,201.0,99390.0
1990-05-07 23:00:00+00:00,21.02,53.5,305.25,638.05,106.45,339.65,2.62,196.0,99400.0
1990-05-08 00:00:00+00:00,23.82,47.15,495.3,714.18,135.45,347.4,3.59,191.0,99440.0
1990-05-08 01:00:00+00:00,26.3,43.05,668.05,764.32,155.1,357.75,4.41,186.0,99410.0
1990-05-08 02:00:00+00:00,28.37,42.05,796.85,780.71,168.6,366.95,5.52,185.0,99370.0
1990-05-08 03:00:00+00:00,29.97,40.9,856.35,752.84,182.15,375.45,6.55,186.0,99270.0
1990-05-08 04:00:00+00:00,31.32,37.25,818.35,659.37,200.25,391.1,7.1,189.0,99190.0
1990-05-08 05:00:00+00:00,32.19,33.8,840.1,723.04,169.5,394.8,7.24,189.0,99070.0
1990-05-08 06:00:00+00:00,32.96,31.65,649.5,538.61,182.85,392.1,7.66,187.0,98960.0
1990-05-08 07:00:00+00:00,32.94,33.95,522.95,508.53,137.3,409.3,7.93,188.0,98840.0
1990-05-08 08:00:00+00:00,32.78,33.95,345.55,348.37,132.8,409.9,8.28,189.0,98780.0
1990-05-08 09:00:00+00:00,32.15,36.1,159.85,168.16,86.95,417.45,7.86,189.0,98720.0
1990-05-08 10:00:00+00:00,31.15,37.25,47.1,43.96,36.6,420.15,6.83,188.0,98710.0
1990-05-08 11:00:00+00:00,29.92,42.3,1.05,0.0,1.05,415.9,6.28,186.0,98720.0
1990-05-08 12:00:00+00:00,28.87,43.65,0.0,0.0,0.0,405.85,5.93,186.0,98770.0
1990-05-08 13:00:00+00:00,28.17,45.05,0.0,0.0,0.0,402.9,5.86,186.0,98870.0
1990-05-08 14:00:00+00:00,27.44,48.0,0.0,0.0,0.0,397.7,5.66,188.0,98880.0
1990-05-08 15:00:00+00:00,26.85,51.3,0.0,0.0,0.0,396.95,5.45,190.0,98840.0
1990-05-08 16:00:00+00:00,26.26,52.95,0.0,0.0,0.0,389.4,5.24,192.0,98820.0
1990-05-08 17:00:00+00:00,25.92,54.7,0.0,0.0,0.0,398.3,4.9,192.0,98770.0
1990-05-08 18:00:00+00:00,25.62,54.7,0.0,0.0,0.0,403.5,4.62,194.0,98730.0
1990-05-08 19:00:00+00:00,25.2,56.5,0.0,0.0,0.0,406.4,4.0,194.0,98750.0
1990-05-08 20:00:00+00:00,24.95,60.35,0.0,0.0,0.0,411.45,4.0,196.0,98760.0
1990-05-08 21:00:00+00:00,24.19,64.5,0.0,0.0,0.0,399.45,3.72,198.0,98740.0
1990-05-08 22:00:00+00:00,23.73,66.65,78.75,176.24,58.4,397.5,3.38,198.0,98770.0
1990-05-08 23:00:00+00:00,24.33,66.75,189.85,249.41,111.45,403.7,2.97,198.0,98800.0
1990-05-09 00:00:00+00:00,25.64,60.6,233.5,185.68,139.5,404.65,2.97,203.0,98840.0
1990-05-09 01:00:00+00:00,26.54,58.7,384.25,189.53,256.65,410.0,2.21,203.0,98920.0
1990-05-09 02:00:00+00:00,27.88,55.15,481.55,324.26,220.0,412.6,1.31,194.0,98910.0
1990-05-09 03:00:00+00:00,28.59,53.45,471.75,241.9,254.7,420.75,1.1,172.0,98920.0
1990-05-09 04:00:00+00:00,28.94,53.55,340.7,111.29,236.2,424.8,0.97,170.0,98950.0
1990-05-09 05:00:00+00:00,28.07,59.0,253.8,65.6,192.85,423.85,1.1,152.0,98910.0
1990-05-09 06:00:00+00:00,27.01,67.2,179.5,20.62,161.6,425.95,2.14,176.0,98890.0
1990-05-09 07:00:00+00:00,25.42,79.1,144.25,26.71,123.95,419.55,1.59,184.0,98920.0
1990-05-09 08:00:00+00:00,24.86,84.4,107.35,26.28,91.25,416.65,1.17,168.0,98980.0
1990-05-09 09:00:00+00:00,24.5,84.35,43.7,4.82,41.6,413.95,0.76,120.0,98930.0
1990-05-09 10:00:00+00:00,23.91,90.1,10.05,1.66,9.65,414.55,0.69,32.0,98980.0
1990-05-09 11:00:00+00:00,23.44,93.05,0.45,0.0,0.45,413.95,1.38,25.0,99060.0
1990-05-09 12:00:00+00:00,22.57,93.05,0.0,0.0,0.0,412.8,2.07,31.0,99150.0
1990-05-09 13:00:00+00:00,21.68,93.0,0.0,0.0,0.0,410.1,3.79,31.0,99270.0
1990-05-09 14:00:00+00:00,18.26,96.1,0.0,0.0,0.0,407.75,6.14,20.0,99430.0
1990-05-09 15:00:00+00:00,14.41,92.7,0.0,0.0,0.0,400.4,6.9,360.0,99600.0
1990-05-09 16:00:00+00:00,13.79,92.65,0.0,0.0,0.0,379.1,7.38,0.0,99690.0
1990-05-09 17:00:00+00:00,13.54,89.45,0.0,0.0,0.0,371.55,7.1,2.0,99700.0
1990-05-09 18:00:00+00:00,13.28,89.4,0.0,0.0,0.0,370.4,6.97,2.0,99730.0
1990-05-09 19:00:00+00:00,12.76,89.4,0.0,0.0,0.0,368.65,6.41,5.0,99750.0
1990-05-09 20:00:00+00:00,12.54,89.4,0.0,0.0,0.0,366.95,6.34,9.0,99760.0
1990-05-09 21:00:00+00:00,12.32,89.35,0.0,0.0,0.0,365.4,5.79,9.0,99780.0
1990-05-09 22:00:00+00:00,12.23,89.35,12.9,3.38,12.5,363.05,5.52,8.0,99850.0
1990-05-09 23:00:00+00:00,12.23,89.35,22.35,0.0,22.35,362.3,4.97,7.0,99920.0
1990-05-10 00:00:00+00:00,12.38,86.2,80.8,0.69,80.45,362.5,4.97,6.0,100010.0
1990-05-10 01:00:00+00:00,13.11,77.5,203.2,33.99,180.25,363.55,5.79,8.0,100050.0
1990-05-10 02:00:00+00:00,14.02,69.75,403.4,176.76,260.5,359.75,5.93,11.0,100030.0
1990-05-10 03:00:00+00:00,15.55,65.15,340.65,119.48,233.25,359.4,5.79,13.0,100030.0
1990-05-10 04:00:00+00:00,16.28,62.95,367.5,162.93,214.25,366.15,5.17,15.0,100000.0
1990-05-10 05:00:00+00:00,16.95,63.05,371.85,199.39,186.3,365.0,4.69,19.0,99930.0
1990-05-10 06:00:00+00:00,17.57,61.05,480.45,279.9,237.05,357.45,4.0,21.0,99880.0
1990-05-10 07:00:00+00:00,17.64,56.85,338.85,199.92,186.55,358.8,4.14,18.0,99850.0
1990-05-10 08:00:00+00:00,17.45,60.95,187.5,98.37,127.05,363.85,3.59,22.0,99840.0
1990-05-10 09:00:00+00:00,16.62,63.05,72.5,14.39,66.2,363.65,2.69,31.0,99770.0
1990-05-10 10:00:00+00:00,15.8,70.0,21.7,6.16,20.2,367.3,1.86,38.0,99770.0
1990-05-10 11:00:00+00:00,14.92,83.45,0.75,0.0,0.75,360.55,1.1,44.0,99780.0
1990-05-10 12:00:00+00:00,14.34,86.4,0.0,0.0,0.0,354.15,1.03,48.0,99810.0
1990-05-10 13:00:00+00:00,13.95,89.45,0.0,0.0,0.0,355.7,0.69,63.0,99850.0
1990-05-10 14:00:00+00:00,13.93,89.45,0.0,0.0,0.0,345.65,0.34,170.0,99930.0
1990-05-10 15:00:00+00:00,13.92,86.35,0.0,0.0,0.0,344.3,0.21,218.0,99880.0
1990-05-10 16:00:00+00:00,13.68,89.45,0.0,0.0,0.0,349.9,0.55,155.0,99870.0
1990-05-10 17:00:00+00:00,13.62,89.45,0.0,0.0,0.0,353.2,0.69,102.0,99800.0
1990-05-10 18:00:00+00:00,13.3,92.65,0.0,0.0,0.0,350.5,0.62,84.0,99760.0
1990-05-10 19:00:00+00:00,13.07,89.4,0.0,0.0,0.0,333.85,0.41,54.0,99730.0
1990-05-10 20:00:00+00:00,13.14,89.4,0.0,0.0,0.0,335.55,0.21,359.0,99740.0
1990-05-10 21:00:00+00:00,12.97,86.3,0.0,0.0,0.0,325.1,0.34,199.0,99740.0
1990-05-10 22:00:00+00:00,12.37,95.95,114.75,376.26,69.1,325.1,0.69,174.0,99780.0
1990-05-10 23:00:00+00:00,13.99,83.4,289.65,544.56,115.6,324.35,0.34,169.0,99810.0
1990-05-11 00:00:00+00:00,15.77,75.15,473.55,644.1,144.55,330.15,0.55,144.0,99850.0
1990-05-11 01:00:00+00:00,17.68,67.95,638.1,705.42,160.35,332.4,0.83,129.0,99880.0
1990-05-11 02:00:00+00:00,19.43,65.75,689.5,568.33,229.05,336.35,1.24,132.0,99870.0
1990-05-11 03:00:00+00:00,20.76,61.6,826.5,641.85,248.5,354.75,1.45,140.0,99840.0
1990-05-11 04:00:00+00:00,22.21,57.75,723.8,419.02,329.05,358.8,1.31,136.0,99800.0
1990-05-11 05:00:00+00:00,22.94,55.9,551.15,287.75,282.95,370.4,1.1,137.0,99730.0
1990-05-11 06:00:00+00:00,23.13,54.1,208.35,31.8,180.65,382.4,1.03,132.0,99670.0
1990-05-11 07:00:00+00:00,21.11,61.7,190.6,27.18,169.85,386.65,0.76,142.0,99750.0
1990-05-11 08:00:00+00:00,20.67,68.4,136.2,66.68,95.1,383.4,0.83,134.0,99780.0
1990-05-11 09:00:00+00:00,20.42,70.7,77.55,15.91,70.55,379.3,0.97,135.0,99770.0
1990-05-11 10:00:00+00:00,20.03,78.35,22.9,3.86,21.95,380.85,0.83,161.0,99770.0
1990-05-11 11:00:00+00:00,19.44,83.85,0.95,0.0,0.95,381.05,1.24,207.0,99800.0
1990-05-11 12:00:00+00:00,18.77,86.75,0.0,0.0,0.0,380.1,1.79,230.0,99830.0
1990-05-11 13:00:00+00:00,18.37,86.75,0.0,0.0,0.0,375.65,1.86,234.0,99900.0
1990-05-11 14:00:00+00:00,18.12,86.75,0.0,0.0,0.0,377.2,1.72,233.0,99920.0
1990-05-11 15:00:00+00:00,17.71,89.75,0.0,0.0,0.0,370.2,1.59,232.0,99920.0
1990-05-11 16:00:00+00:00,17.11,92.85,0.0,0.0,0.0,361.5,1.38,230.0,99900.0
1990-05-11 17:00:00+00:00,15.91,96.0,0.0,0.0,0.0,335.55,1.45,234.0,99890.0
1990-05-11 18:00:00+00:00,15.01,92.75,0.0,0.0,0.0,327.85,1.59,242.0,99880.0
1990-05-11 19:00:00+00:00,14.59,92.7,0.0,0.0,0.0,325.7,1.79,253.0,99950.0
1990-05-11 20:00:00+00:00,14.26,96.0,0.0,0.0,0.0,324.95,1.86,260.0,100010.0
1990-05-11 21:00:00+00:00,14.17,92.7,0.0,0.0,0.0,326.85,1.93,267.0,100030.0
1990-05-11 22:00:00+00:00,14.64,92.7,105.4,353.68,61.5,337.9,1.79,282.0,100120.0
1990-05-11 23:00:00+00:00,16.98,86.6,267.0,465.03,117.2,330.95,1.59,303.0,100180.0
1990-05-12 00:00:00+00:00,21.08,70.9,502.05,668.99,158.9,332.65,1.72,333.0,100240.0
1990-05-12 01:00:00+00:00,24.46,50.7,702.55,809.46,152.8,333.55,3.03,355.0,100320.0
1990-05-12 02:00:00+00:00,26.51,36.05,839.05,826.42,168.1,326.5,4.55,6.0,100350.0
1990-05-12 03:00:00+00:00,27.65,27.35,912.5,804.05,187.2,326.3,5.17,16.0,100370.0
1990-05-12 04:00:00+00:00,28.11,26.4,936.25,798.11,183.2,329.75,5.59,27.0,100370.0
1990-05-12 05:00:00+00:00,28.13,25.55,892.4,771.76,171.95,333.45,5.52,36.0,100360.0
1990-05-12 06:00:00+00:00,27.97,26.4,742.85,594.84,223.75,332.3,5.1,43.0,100330.0
1990-05-12 07:00:00+00:00,27.67,27.35,557.5,482.93,188.0,341.4,4.34,41.0,100280.0
1990-05-12 08:00:00+00:00,26.98,32.5,310.25,200.17,186.5,348.55,3.66,44.0,100270.0
1990-05-12 09:00:00+00:00,25.73,42.9,161.25,83.6,124.3,355.3,2.69,43.0,100270.0
1990-05-12 10:00:00+00:00,24.21,50.7,59.6,33.81,51.2,356.3,2.41,48.0,100280.0
1990-05-12 11:00:00+00:00,22.61,55.9,1.95,0.0,1.95,354.15,2.28,52.0,100320.0
1990-05-12 12:00:00+00:00,21.09,59.6,0.0,0.0,0.0,347.75,2.0,48.0,100380.0
1990-05-12 13:00:00+00:00,19.63,65.85,0.0,0.0,0.0,341.95,1.45,36.0,100470.0
1990-05-12 14:00:00+00:00,18.71,72.95,0.0,0.0,0.0,341.55,1.03,359.0,100540.0
1990-05-12 15:00:00+00:00,17.9,70.35,0.0,0.0,0.0,334.2,1.17,310.0,100550.0
1990-05-12 16:00:00+00:00,16.8,75.3,0.0,0.0,0.0,326.85,1.31,296.0,100540.0
1990-05-12 17:00:00+00:00,16.52,72.7,0.0,0.0,0.0,317.75,1.03,301.0,100520.0
1990-05-12 18:00:00+00:00,16.28,75.25,0.0,0.0,0.0,313.3,0.83,316.0,100490.0
1990-05-12 19:00:00+00:00,14.43,83.4,0.0,0.0,0.0,300.75,0.76,252.0,100470.0
1990-05-12 20:00:00+00:00,14.27,83.4,0.0,0.0,0.0,309.85,0.69,241.0,100480.0
1990-05-12 21:00:00+00:00,13.8,86.35,0.0,0.0,0.0,312.55,0.83,248.0,100500.0
1990-05-12 22:00:00+00:00,13.61,86.35,120.1,297.23,82.4,317.2,1.03,263.0,100540.0
1990-05-12 23:00:00+00:00,15.53,86.5,328.5,663.83,113.05,314.85,0.62,280.0,100560.0
1990-05-13 00:00:00+00:00,19.68,65.85,529.15,767.37,133.95,306.95,0.21,317.0,100580.0
1990-05-13 01:00:00+00:00,21.94,59.7,707.85,819.19,150.0,311.1,0.55,95.0,100590.0
1990-05-13 02:00:00+00:00,23.72,54.2,853.15,854.77,157.8,317.55,1.1,111.0,100550.0
1990-05-13 03:00:00+00:00,25.12,47.5,912.1,784.2,203.55,324.15,1.59,120.0,100510.0
1990-05-13 04:00:00+00:00,26.13,41.55,924.45,767.18,199.5,332.65,2.0,132.0,100430.0
1990-05-13 05:00:00+00:00,26.91,38.85,867.25,703.96,209.1,339.85,2.48,145.0,100360.0
1990-05-13 06:00:00+00:00,27.36,35.05,647.9,507.24,204.5,346.6,2.9,157.0,100250.0
1990-05-13 07:00:00+00:00,26.71,36.2,527.55,413.17,210.75,361.7,2.97,169.0,100210.0
1990-05-13 08:00:00+00:00,26.47,37.35,258.4,164.26,156.55,365.75,3.1,175.0,100180.0
1990-05-13 09:00:00+00:00,25.54,45.9,144.1,70.04,113.0,383.2,2.62,172.0,100130.0
1990-05-13 10:00:00+00:00,24.43,52.5,53.0,33.7,44.55,379.7,2.62,168.0,100100.0
1990-05-13 11:00:00+00:00,22.98,59.95,2.1,0.0,2.1,370.0,2.62,171.0,100090.0
1990-05-13 12:00:00+00:00,21.76,66.25,0.0,0.0,0.0,368.1,2.62,184.0,100110.0
1990-05-13 13:00:00+00:00,21.0,70.8,0.0,0.0,0.0,368.3,2.48,201.0,100160.0
1990-05-13 14:00:00+00:00,20.48,75.75,0.0,0.0,0.0,371.95,2.34,215.0,100170.0
1990-05-13 15:00:00+00:00,20.28,73.2,0.0,0.0,0.0,379.9,2.34,228.0,100160.0
1990-05-13 16:00:00+00:00,20.21,73.2,0.0,0.0,0.0,381.25,2.48,234.0,100150.0
1990-05-13 17:00:00+00:00,20.28,70.7,0.0,0.0,0.0,385.9,2.69,232.0,100150.0
1990-05-13 18:00:00+00:00,20.14,70.7,0.0,0.0,0.0,387.85,2.55,219.0,100150.0
1990-05-13 19:00:00+00:00,18.98,81.0,0.0,0.0,0.0,382.0,2.14,198.0,100150.0
1990-05-13 20:00:00+00:00,18.69,81.0,0.0,0.0,0.0,382.2,2.62,190.0,100170.0
1990-05-13 21:00:00+00:00,18.42,81.0,0.0,0.0,0.0,382.0,3.03,191.0,100170.0
1990-05-13 22:00:00+00:00,18.14,78.25,23.15,0.0,23.15,378.95,3.31,196.0,100210.0
1990-05-13 23:00:00+00:00,17.94,78.15,64.3,0.31,64.2,379.1,3.45,196.0,100230.0
1990-05-14 00:00:00+00:00,17.97,75.45,119.2,10.44,113.8,378.15,3.38,192.0,100210.0
1990-05-14 01:00:00+00:00,18.2,68.05,175.85,21.75,161.0,377.5,3.66,189.0,100220.0
1990-05-14 02:00:00+00:00,18.68,65.65,199.4,18.83,184.05,377.75,3.72,192.0,100180.0
1990-05-14 03:00:00+00:00,19.18,61.3,183.45,16.24,168.75,377.95,4.07,196.0,100210.0
1990-05-14 04:00:00+00:00,19.46,61.3,164.95,2.17,162.9,380.45,4.0,199.0,100250.0
1990-05-14 05:00:00+00:00,19.41,57.1,112.0,1.39,110.7,380.3,3.79,198.0,100240.0
1990-05-14 06:00:00+00:00,18.53,56.95,62.55,0.0,62.55,379.1,4.07,195.0,100250.0
1990-05-14 07:00:00+00:00,16.16,75.25,42.25,0.0,42.25,371.0,2.9,204.0,100260.0
1990-05-14 08:00:00+00:00,14.94,80.55,50.45,0.0,50.45,367.7,2.62,206.0,100250.0
1990-05-14 09:00:00+00:00,14.65,75.0,38.55,3.14,37.15,365.2,2.28,214.0,100180.0
1990-05-14 10:00:00+00:00,15.03,69.9,18.05,8.5,15.9,361.1,1.79,216.0,100170.0
1990-05-14 11:00:00+00:00,15.1,67.45,0.5,0.0,0.5,362.65,1.59,209.0,100150.0
1990-05-14 12:00:00+00:00,14.96,69.85,0.0,0.0,0.0,362.85,1.59,194.0,100190.0
1990-05-14 13:00:00+00:00,14.93,72.4,0.0,0.0,0.0,364.8,1.72,185.0,100250.0
1990-05-14 14:00:00+00:00,14.71,72.4,0.0,0.0,0.0,357.25,1.93,184.0,100280.0
1990-05-14 15:00:00+00:00,14.38,74.95,0.0,0.0,0.0,348.95,2.07,184.0,100250.0
1990-05-14 16:00:00+00:00,13.83,80.4,0.0,0.0,0.0,333.05,2.21,183.0,100240.0
1990-05-14 17:00:00+00:00,13.71,80.4,0.0,0.0,0.0,344.1,2.28,177.0,100170.0
1990-05-14 18:00:00+00:00,13.33,83.25,0.0,0.0,0.0,335.0,2.34,171.0,100130.0
1990-05-14 19:00:00+00:00,12.78,89.4,0.0,0.0,0.0,321.85,2.28,171.0,100080.0
1990-05-14 20:00:00+00:00,12.54,89.4,0.0,0.0,0.0,327.85,2.07,164.0,100060.0
1990-05-14 21:00:00+00:00,12.17,92.6,0.0,0.0,0.0,322.6,1.79,162.0,100030.0
1990-05-14 22:00:00+00:00,12.09,92.6,98.45,121.59,82.4,318.95,1.31,156.0,100070.0
1990-05-14 23:00:00+00:00,13.16,89.4,189.0,87.04,160.35,328.8,1.38,163.0,100110.0
1990-05-15 00:00:00+00:00,14.39,80.45,235.5,53.57,207.7,341.4,1.38,171.0,100160.0
1990-05-15 01:00:00+00:00,15.15,72.45,271.25,47.34,238.85,350.4,1.03,146.0,100190.0
1990-05-15 02:00:00+00:00,15.77,70.0,285.2,51.44,243.2,361.1,1.45,122.0,100160.0
1990-05-15 03:00:00+00:00,16.03,67.65,333.7,69.84,270.4,359.2,1.79,137.0,100130.0
1990-05-15 04:00:00+00:00,16.44,67.65,348.95,44.53,306.75,364.4,1.79,149.0,100110.0
1990-05-15 05:00:00+00:00,16.98,65.35,273.95,19.84,255.35,374.65,1.45,150.0,100040.0
1990-05-15 06:00:00+00:00,17.35,63.2,205.25,36.37,173.35,379.9,1.31,145.0,99980.0
1990-05-15 07:00:00+00:00,17.01,60.95,148.1,15.52,136.15,373.1,0.55,112.0,99960.0
1990-05-15 08:00:00+00:00,17.06,63.2,155.6,65.98,114.45,373.7,1.17,124.0,99940.0
1990-05-15 09:00:00+00:00,17.11,63.2,81.8,22.76,71.6,368.1,1.38,135.0,99920.0
1990-05-15 10:00:00+00:00,16.87,65.35,29.05,17.23,24.65,363.45,1.38,150.0,99920.0
1990-05-15 11:00:00+00:00,16.38,70.1,1.7,0.0,1.7,362.5,1.17,163.0,99890.0
1990-05-15 12:00:00+00:00,15.73,72.55,0.0,0.0,0.0,357.45,1.45,175.0,99890.0
1990-05-15 13:00:00+00:00,14.88,77.75,0.0,0.0,0.0,339.45,1.79,182.0,99960.0
1990-05-15 14:00:00+00:00,14.07,80.45,0.0,0.0,0.0,325.3,1.93,196.0,99980.0
1990-05-15 15:00:00+00:00,13.36,86.3,0.0,0.0,0.0,317.0,2.0,209.0,99970.0
1990-05-15 16:00:00+00:00,12.89,89.4,0.0,0.0,0.0,315.65,1.93,209.0,99960.0
1990-05-15 17:00:00+00:00,12.36,89.35,0.0,0.0,0.0,312.35,1.79,206.0,99870.0
1990-05-15 18:00:00+00:00,11.92,92.55,0.0,0.0,0.0,310.8,1.93,207.0,99830.0
1990-05-15 19:00:00+00:00,11.76,92.55,0.0,0.0,0.0,306.95,2.0,205.0,99760.0
1990-05-15 20:00:00+00:00,11.41,92.55,0.0,0.0,0.0,304.8,1.93,200.0,99730.0
1990-05-15 21:00:00+00:00,10.91,95.9,0.0,0.0,0.0,303.05,1.66,198.0,99710.0
1990-05-15 22:00:00+00:00,10.92,95.9,131.55,394.93,78.45,305.0,1.38,200.0,99740.0
1990-05-15 23:00:00+00:00,13.63,83.35,315.65,603.63,115.65,309.45,1.52,191.0,99760.0
1990-05-16 00:00:00+00:00,16.08,72.65,508.35,704.1,141.7,312.75,2.07,185.0,99760.0
1990-05-16 01:00:00+00:00,18.34,65.65,669.4,715.01,178.9,318.85,2.41,178.0,99760.0
1990-05-16 02:00:00+00:00,20.27,63.7,769.2,642.44,243.7,327.05,2.62,170.0,99740.0
1990-05-16 03:00:00+00:00,21.86,59.7,846.55,654.89,252.15,342.15,2.76,163.0,99690.0
1990-05-16 04:00:00+00:00,23.28,56.0,890.15,717.21,209.6,348.75,2.83,164.0,99630.0
1990-05-16 05:00:00+00:00,24.45,54.35,857.7,718.76,182.85,351.05,2.9,164.0,99560.0
1990-05-16 06:00:00+00:00,25.34,52.75,687.7,547.71,206.6,355.1,3.17,165.0,99470.0
1990-05-16 07:00:00+00:00,24.92,54.45,541.5,460.63,186.15,374.45,2.9,165.0,99450.0
1990-05-16 08:00:00+00:00,25.04,56.35,358.8,349.87,140.0,368.45,2.69,177.0,99420.0
1990-05-16 09:00:00+00:00,24.73,56.35,177.95,179.17,97.3,361.1,2.0,181.0,99450.0
1990-05-16 10:00:00+00:00,24.3,60.25,54.55,57.25,39.8,380.65,1.17,190.0,99500.0
1990-05-16 11:00:00+00:00,22.0,78.65,1.65,0.0,1.65,374.65,1.93,234.0,99590.0
1990-05-16 12:00:00+00:00,20.36,86.85,0.0,0.0,0.0,376.8,1.72,255.0,99660.0
1990-05-16 13:00:00+00:00,19.33,92.9,0.0,0.0,0.0,373.1,1.38,314.0,99740.0
1990-05-16 14:00:00+00:00,18.33,89.75,0.0,0.0,0.0,349.5,2.14,342.0,99820.0
1990-05-16 15:00:00+00:00,17.56,89.75,0.0,0.0,0.0,336.35,2.48,332.0,99890.0
1990-05-16 16:00:00+00:00,17.06,80.85,0.0,0.0,0.0,322.2,2.9,321.0,99960.0
1990-05-16 17:00:00+00:00,16.76,65.35,0.0,0.0,0.0,304.4,3.66,322.0,100000.0
1990-05-16 18:00:00+00:00,16.15,50.6,0.0,0.0,0.0,289.7,3.59,323.0,100030.0
1990-05-16 19:00:00+00:00,14.99,40.2,0.0,0.0,0.0,270.95,3.17,311.0,100110.0
1990-05-16 20:00:00+00:00,14.19,41.5,0.0,0.0,0.0,270.15,3.03,307.0,100160.0
1990-05-16 21:00:00+00:00,13.19,46.2,0.0,0.0,0.0,270.95,2.83,300.0,100230.0
1990-05-16 22:00:00+00:00,12.44,57.65,157.6,613.24,73.7,270.15,2.55,292.0,100310.0
1990-05-16 23:00:00+00:00,14.56,60.4,353.5,720.43,113.3,270.95,1.93,285.0,100360.0
1990-05-17 00:00:00+00:00,18.88,54.95,554.35,791.7,140.7,276.15,1.45,278.0,100410.0
1990-05-17 01:00:00+00:00,22.15,31.3,730.95,830.43,160.0,285.55,1.52,283.0,100410.0
1990-05-17 02:00:00+00:00,23.67,21.8,863.85,843.01,173.15,293.75,1.66,303.0,100390.0
1990-05-17 03:00:00+00:00,24.75,20.4,942.05,838.01,180.4,300.15,1.45,296.0,100310.0
1990-05-17 04:00:00+00:00,25.74,20.65,960.2,820.55,180.6,305.75,1.31,280.0,100250.0
1990-05-17 05:00:00+00:00,26.59,21.55,908.5,759.98,194.0,311.0,1.24,255.0,100140.0
1990-05-17 06:00:00+00:00,27.32,21.0,749.15,558.97,257.4,315.45,1.59,222.0,100050.0
1990-05-17 07:00:00+00:00,27.59,21.8,553.7,359.53,275.8,331.9,2.34,195.0,99930.0
1990-05-17 08:00:00+00:00,27.27,24.4,406.05,327.38,200.75,339.45,3.31,181.0,99850.0
1990-05-17 09:00:00+00:00,26.28,31.2,240.7,253.81,125.95,340.2,3.66,173.0,99800.0
1990-05-17 10:00:00+00:00,24.7,35.65,84.5,94.84,59.85,334.4,3.86,179.0,99780.0
1990-05-17 11:00:00+00:00,22.74,39.15,3.85,0.79,3.8,325.1,3.86,189.0,99780.0
1990-05-17 12:00:00+00:00,21.18,41.7,0.0,0.0,0.0,323.0,3.59,202.0,99830.0
1990-05-17 13:00:00+00:00,19.82,47.8,0.0,0.0,0.0,318.95,3.1,216.0,99890.0
1990-05-17 14:00:00+00:00,18.44,54.95,0.0,0.0,0.0,320.65,2.76,229.0,99930.0
1990-05-17 15:00:00+00:00,17.23,58.8,0.0,0.0,0.0,318.35,2.62,234.0,99900.0
1990-05-17 16:00:00+00:00,16.29,60.75,0.0,0.0,0.0,309.05,2.62,237.0,99850.0
1990-05-17 17:00:00+00:00,15.53,58.45,0.0,0.0,0.0,295.7,2.9,242.0,99790.0
1990-05-17 18:00:00+00:00,14.92,60.4,0.0,0.0,0.0,292.4,2.97,247.0,99730.0
1990-05-17 19:00:00+00:00,14.18,58.1,0.0,0.0,0.0,285.85,3.03,252.0,99670.0
1990-05-17 20:00:00+00:00,13.57,53.85,0.0,0.0,0.0,280.2,3.03,253.0,99640.0
1990-05-17 21:00:00+00:00,13.1,53.7,0.0,0.0,0.0,281.75,2.97,255.0,99650.0
1990-05-17 22:00:00+00:00,13.23,53.7,136.5,310.95,93.25,286.4,2.83,256.0,99670.0
1990-05-17 23:00:00+00:00,15.3,56.25,306.75,414.71,167.65,290.85,2.34,254.0,99710.0
1990-05-18 00:00:00+00:00,19.59,51.4,479.35,466.56,234.8,303.65,2.0,251.0,99700.0
1990-05-18 01:00:00+00:00,23.99,43.9,664.9,579.98,265.3,316.35,1.79,242.0,99690.0
1990-05-18 02:00:00+00:00,27.3,31.5,822.15,689.35,256.45,324.35,2.0,249.0,99660.0
1990-05-18 03:00:00+00:00,29.31,26.65,905.3,737.08,234.5,328.05,1.93,262.0,99610.0
1990-05-18 04:00:00+00:00,30.6,23.25,908.1,705.75,236.75,334.0,1.52,259.0,99570.0
1990-05-18 05:00:00+00:00,31.35,18.85,882.8,728.84,196.7,338.1,1.17,236.0,99480.0
1990-05-18 06:00:00+00:00,31.77,17.6,810.75,723.96,172.9,341.55,1.31,214.0,99400.0
1990-05-18 07:00:00+00:00,31.78,15.75,662.55,660.41,151.1,332.3,1.38,220.0,99350.0
1990-05-18 08:00:00+00:00,31.6,17.5,472.15,543.81,130.2,330.95,1.93,190.0,99300.0
1990-05-18 09:00:00+00:00,30.43,27.85,271.25,380.89,98.3,332.1,2.55,178.0,99280.0
1990-05-18 10:00:00+00:00,28.3,34.1,93.55,157.56,52.25,329.4,3.17,184.0,99260.0
1990-05-18 11:00:00+00:00,25.71,35.9,4.3,3.78,4.05,323.4,3.59,197.0,99270.0
1990-05-18 12:00:00+00:00,23.69,38.05,0.0,0.0,0.0,318.55,3.59,211.0,99330.0
1990-05-18 13:00:00+00:00,22.2,39.05,0.0,0.0,0.0,315.45,3.38,223.0,99380.0
1990-05-18 14:00:00+00:00,20.47,44.6,0.0,0.0,0.0,312.95,3.17,233.0,99410.0
1990-05-18 15:00:00+00:00,18.78,49.3,0.0,0.0,0.0,309.25,2.97,238.0,99370.0
1990-05-18 16:00:00+00:00,17.62,49.15,0.0,0.0,0.0,305.95,2.9,240.0,99330.0
1990-05-18 17:00:00+00:00,17.04,50.85,0.0,0.0,0.0,303.25,2.9,243.0,99270.0
1990-05-18 18:00:00+00:00,16.67,48.9,0.0,0.0,0.0,300.95,2.9,247.0,99240.0
1990-05-18 19:00:00+00:00,16.88,45.45,0.0,0.0,0.0,300.95,3.03,257.0,99270.0
1990-05-18 20:00:00+00:00,16.0,45.3,0.0,0.0,0.0,297.85,2.9,257.0,99240.0
1990-05-18 21:00:00+00:00,15.24,48.55,0.0,0.0,0.0,295.1,2.76,256.0,99280.0
1990-05-18 22:00:00+00:00,14.89,54.1,159.05,606.28,73.4,293.2,2.41,254.0,99330.0
1990-05-18 23:00:00+00:00,17.04,56.75,353.2,714.87,112.05,294.55,1.72,255.0,99370.0
1990-05-19 00:00:00+00:00,21.47,53.6,552.8,787.08,139.0,300.35,1.17,241.0,99390.0
1990-05-19 01:00:00+00:00,25.47,45.9,728.3,825.49,158.4,309.75,1.03,217.0,99400.0
1990-05-19 02:00:00+00:00,28.46,36.6,861.65,841.44,170.1,321.05,1.31,192.0,99380.0
1990-05-19 03:00:00+00:00,30.54,32.15,934.1,821.8,185.25,330.75,1.93,179.0,99370.0
1990-05-19 04:00:00+00:00,31.97,28.25,953.65,807.03,185.05,339.05,2.83,177.0,99340.0
1990-05-19 05:00:00+00:00,32.88,22.2,910.2,776.68,178.15,344.1,3.79,183.0,99260.0
1990-05-19 06:00:00+00:00,33.15,19.2,786.3,645.44,216.8,345.65,4.41,188.0,99190.0
1990-05-19 07:00:00+00:00,32.91,15.95,624.3,555.74,193.1,347.2,4.48,197.0,99140.0
1990-05-19 08:00:00+00:00,32.19,19.8,424.15,368.29,191.95,347.55,4.21,195.0,99140.0
1990-05-19 09:00:00+00:00,30.79,26.05,230.9,186.41,145.9,348.95,3.72,189.0,99120.0
1990-05-19 10:00:00+00:00,28.67,31.85,83.0,63.56,66.2,345.05,3.45,185.0,99100.0
1990-05-19 11:00:00+00:00,26.19,38.7,4.1,0.0,4.1,338.85,3.45,189.0,99130.0
1990-05-19 12:00:00+00:00,24.22,42.5,0.0,0.0,0.0,338.5,3.31,195.0,99220.0
1990-05-19 13:00:00+00:00,22.66,46.85,0.0,0.0,0.0,333.45,2.97,199.0,99290.0
1990-05-19 14:00:00+00:00,21.29,51.75,0.0,0.0,0.0,331.5,2.62,204.0,99290.0
1990-05-19 15:00:00+00:00,20.06,55.3,0.0,0.0,0.0,330.75,2.41,207.0,99280.0
1990-05-19 16:00:00+00:00,19.28,59.15,0.0,0.0,0.0,335.0,2.34,205.0,99240.0
1990-05-19 17:00:00+00:00,18.79,61.2,0.0,0.0,0.0,336.15,2.55,203.0,99190.0
1990-05-19 18:00:00+00:00,18.45,61.2,0.0,0.0,0.0,335.0,2.62,204.0,99150.0
1990-05-19 19:00:00+00:00,18.09,59.05,0.0,0.0,0.0,332.65,2.48,205.0,99150.0
1990-05-19 20:00:00+00:00,17.51,58.9,0.0,0.0,0.0,326.3,2.55,204.0,99110.0
1990-05-19 21:00:00+00:00,17.22,60.95,0.0,0.0,0.0,329.2,2.55,203.0,99110.0
1990-05-19 22:00:00+00:00,17.19,60.95,135.35,273.42,96.15,325.5,2.48,204.0,99130.0
1990-05-19 23:00:00+00:00,18.88,63.4,332.25,573.02,137.9,321.85,2.21,196.0,99120.0
1990-05-20 00:00:00+00:00,21.84,51.9,547.9,762.91,145.65,314.5,2.9,186.0,99130.0
1990-05-20 01:00:00+00:00,24.37,44.05,721.15,812.28,159.3,318.25,3.59,181.0,99170.0
1990-05-20 02:00:00+00:00,26.51,40.1,854.45,838.78,164.1,327.45,4.14,177.0,99160.0
1990-05-20 03:00:00+00:00,28.29,35.3,931.6,835.01,169.8,335.4,4.97,175.0,99140.0
1990-05-20 04:00:00+00:00,29.55,33.05,946.0,810.2,173.5,342.55,5.86,177.0,99120.0
1990-05-20 05:00:00+00:00,30.24,28.9,901.3,775.27,169.7,347.4,6.41,183.0,99100.0
1990-05-20 06:00:00+00:00,30.42,27.85,754.4,640.45,188.5,351.85,6.76,186.0,99050.0
1990-05-20 07:00:00+00:00,29.98,29.8,620.2,598.0,155.35,356.1,6.14,181.0,99030.0
1990-05-20 08:00:00+00:00,29.45,30.75,414.15,458.6,124.25,361.3,6.41,179.0,99020.0
1990-05-20 09:00:00+00:00,28.32,32.9,249.85,340.8,93.8,361.5,5.72,175.0,98990.0
1990-05-20 10:00:00+00:00,26.96,37.5,90.2,143.54,51.95,352.6,5.45,175.0,99030.0
1990-05-20 11:00:00+00:00,25.19,41.25,4.55,4.23,4.25,348.95,5.31,173.0,99100.0
1990-05-20 12:00:00+00:00,23.53,48.7,0.0,0.0,0.0,345.65,5.66,175.0,99190.0
1990-05-20 13:00:00+00:00,22.17,52.0,0.0,0.0,0.0,341.75,5.79,180.0,99340.0
1990-05-20 14:00:00+00:00,21.04,53.6,0.0,0.0,0.0,337.5,5.66,182.0,99400.0
1990-05-20 15:00:00+00:00,20.14,53.35,0.0,0.0,0.0,335.95,5.52,185.0,99380.0
1990-05-20 16:00:00+00:00,19.27,57.1,0.0,0.0,0.0,329.55,5.1,186.0,99340.0
1990-05-20 17:00:00+00:00,18.48,59.05,0.0,0.0,0.0,325.7,4.69,183.0,99300.0
1990-05-20 18:00:00+00:00,17.74,61.05,0.0,0.0,0.0,323.0,4.34,176.0,99260.0
1990-05-20 19:00:00+00:00,17.53,58.9,0.0,0.0,0.0,320.85,4.28,174.0,99350.0
1990-05-20 20:00:00+00:00,16.99,65.35,0.0,0.0,0.0,319.7,3.93,176.0,99370.0
1990-05-20 21:00:00+00:00,16.46,72.65,0.0,0.0,0.0,319.1,3.38,176.0,99410.0
1990-05-20 22:00:00+00:00,16.36,75.25,146.9,505.93,73.35,318.35,2.9,175.0,99490.0
1990-05-20 23:00:00+00:00,17.64,72.9,334.05,656.91,110.1,322.05,2.9,176.0,99530.0
1990-05-21 00:00:00+00:00,19.72,68.2,464.6,491.12,204.95,326.65,2.9,180.0,99560.0
1990-05-21 01:00:00+00:00,21.63,61.85,508.55,308.68,294.65,346.9,2.41,170.0,99610.0
1990-05-21 02:00:00+00:00,22.99,57.9,510.9,156.04,382.3,364.6,2.14,155.0,99620.0
1990-05-21 03:00:00+00:00,24.01,56.15,702.2,366.29,367.65,376.6,2.0,149.0,99590.0
1990-05-21 04:00:00+00:00,25.31,52.75,760.75,433.32,347.15,375.05,1.45,151.0,99570.0
1990-05-21 05:00:00+00:00,26.3,49.45,669.15,339.56,348.35,376.8,1.03,147.0,99540.0
1990-05-21 06:00:00+00:00,26.84,47.9,398.6,85.84,322.65,385.7,1.45,133.0,99480.0
1990-05-21 07:00:00+00:00,25.69,51.05,356.35,117.24,265.05,394.4,1.31,151.0,99570.0
1990-05-21 08:00:00+00:00,25.49,54.55,292.75,198.34,167.05,387.65,1.1,132.0,99550.0
1990-05-21 09:00:00+00:00,25.56,54.55,149.35,111.25,98.2,383.4,1.24,150.0,99560.0
1990-05-21 10:00:00+00:00,25.14,54.55,45.75,22.34,39.75,390.15,0.21,188.0,99580.0
1990-05-21 11:00:00+00:00,24.29,62.35,2.45,0.0,2.45,396.15,1.24,325.0,99650.0
1990-05-21 12:00:00+00:00,22.76,71.15,0.0,0.0,0.0,392.45,1.86,328.0,99700.0
1990-05-21 13:00:00+00:00,21.7,76.0,0.0,0.0,0.0,390.35,1.59,319.0,99800.0
1990-05-21 14:00:00+00:00,21.01,84.05,0.0,0.0,0.0,389.55,0.83,263.0,99830.0
1990-05-21 15:00:00+00:00,20.63,84.05,0.0,0.0,0.0,393.85,1.24,213.0,99800.0
1990-05-21 16:00:00+00:00,20.13,86.85,0.0,0.0,0.0,390.75,1.17,294.0,99820.0
1990-05-21 17:00:00+00:00,19.69,86.85,0.0,0.0,0.0,392.85,4.28,360.0,99910.0
1990-05-21 18:00:00+00:00,18.53,68.05,0.0,0.0,0.0,377.0,5.72,6.0,99980.0
1990-05-21 19:00:00+00:00,17.73,61.05,0.0,0.0,0.0,361.1,4.14,3.0,100010.0
1990-05-21 20:00:00+00:00,17.67,58.9,0.0,0.0,0.0,345.05,3.52,2.0,100090.0
1990-05-21 21:00:00+00:00,17.51,58.9,0.0,0.0,0.0,347.0,2.9,358.0,100150.0
1990-05-21 22:00:00+00:00,17.29,60.95,66.85,0.0,66.85,341.95,2.28,347.0,100200.0
1990-05-21 23:00:00+00:00,17.75,58.9,222.1,115.3,182.6,338.5,1.79,336.0,100260.0
1990-05-22 00:00:00+00:00,19.78,49.55,394.8,228.47,273.7,334.6,1.72,333.0,100300.0
1990-05-22 01:00:00+00:00,21.93,36.15,521.8,250.96,347.6,334.15,2.21,335.0,100360.0
1990-05-22 02:00:00+00:00,23.58,24.4,594.9,270.3,371.85,340.4,3.17,348.0,100380.0
1990-05-22 03:00:00+00:00,24.53,20.3,715.9,326.3,417.55,340.4,3.86,1.0,100380.0
1990-05-22 04:00:00+00:00,25.39,19.0,813.7,450.61,383.15,341.4,3.93,4.0,100320.0
1990-05-22 05:00:00+00:00,26.2,17.85,804.2,488.2,342.45,332.65,3.86,7.0,100250.0
1990-05-22 06:00:00+00:00,26.73,17.95,687.8,406.6,327.55,332.5,3.52,9.0,100190.0
1990-05-22 07:00:00+00:00,26.31,20.0,535.35,317.71,287.5,337.1,3.31,18.0,100190.0
1990-05-22 08:00:00+00:00,26.19,20.0,409.45,330.91,199.2,332.1,2.48,27.0,100170.0
1990-05-22 09:00:00+00:00,25.91,21.45,235.9,235.15,127.35,332.65,1.66,52.0,100140.0
1990-05-22 10:00:00+00:00,25.05,29.7,92.45,126.51,58.2,326.85,1.24,127.0,100120.0
1990-05-22 11:00:00+00:00,23.4,35.25,5.8,3.96,5.5,316.8,2.28,180.0,100160.0
1990-05-22 12:00:00+00:00,20.71,41.55,0.0,0.0,0.0,311.0,2.55,209.0,100210.0
1990-05-22 13:00:00+00:00,18.94,47.55,0.0,0.0,0.0,307.5,2.62,221.0,100290.0
1990-05-22 14:00:00+00:00,17.61,49.15,0.0,0.0,0.0,302.5,2.69,222.0,100290.0
1990-05-22 15:00:00+00:00,16.89,50.75,0.0,0.0,0.0,299.95,2.83,222.0,100270.0
1990-05-22 16:00:00+00:00,16.44,50.6,0.0,0.0,0.0,296.85,2.9,226.0,100250.0
1990-05-22 17:00:00+00:00,15.9,48.65,0.0,0.0,0.0,294.55,2.83,228.0,100180.0
1990-05-22 18:00:00+00:00,15.03,50.35,0.0,0.0,0.0,291.65,2.48,225.0,100140.0
1990-05-22 19:00:00+00:00,13.97,58.0,0.0,0.0,0.0,289.3,2.14,223.0,100160.0
1990-05-22 20:00:00+00:00,13.13,62.3,0.0,0.0,0.0,287.6,2.14,216.0,100160.0
1990-05-22 21:00:00+00:00,12.43,69.35,0.0,0.0,0.0,285.85,2.21,216.0,100170.0
1990-05-22 22:00:00+00:00,12.56,69.45,165.25,607.56,74.65,285.25,2.14,218.0,100180.0
1990-05-22 23:00:00+00:00,15.8,62.85,359.1,716.82,112.4,287.2,1.86,215.0,100180.0
1990-05-23 00:00:00+00:00,20.3,51.5,557.8,788.68,138.75,293.95,2.14,209.0,100170.0
1990-05-23 01:00:00+00:00,23.87,38.05,733.1,827.78,157.6,303.75,2.55,204.0,100180.0
1990-05-23 02:00:00+00:00,26.58,31.2,866.25,842.48,170.2,313.3,2.97,202.0,100170.0
1990-05-23 03:00:00+00:00,28.57,25.55,944.3,838.05,177.25,321.25,3.24,201.0,100130.0
1990-05-23 04:00:00+00:00,29.8,19.95,961.35,818.3,178.7,327.65,3.24,199.0,100090.0
1990-05-23 05:00:00+00:00,30.4,17.95,916.6,783.6,174.65,332.1,3.1,195.0,100030.0
1990-05-23 06:00:00+00:00,30.68,18.05,814.7,732.44,164.9,335.2,3.17,190.0,99940.0
1990-05-23 07:00:00+00:00,30.84,18.05,663.0,657.16,149.45,337.5,2.28,183.0,99860.0
1990-05-23 08:00:00+00:00,30.67,18.75,477.2,548.48,127.85,338.85,2.83,178.0,99800.0
1990-05-23 09:00:00+00:00,29.99,22.3,278.7,389.15,98.35,338.1,3.03,173.0,99770.0
1990-05-23 10:00:00+00:00,28.3,28.5,101.4,171.36,54.65,336.35,2.97,171.0,99770.0
1990-05-23 11:00:00+00:00,25.75,33.4,6.2,7.69,5.6,331.1,3.17,180.0,99790.0
1990-05-23 12:00:00+00:00,23.46,39.3,0.0,0.0,0.0,324.15,3.24,194.0,99850.0
1990-05-23 13:00:00+00:00,21.91,43.4,0.0,0.0,0.0,320.5,3.24,207.0,99930.0
1990-05-23 14:00:00+00:00,20.65,46.35,0.0,0.0,0.0,317.75,3.17,217.0,99960.0
1990-05-23 15:00:00+00:00,19.52,51.25,0.0,0.0,0.0,315.25,3.03,218.0,99940.0
1990-05-23 16:00:00+00:00,18.47,54.95,0.0,0.0,0.0,311.95,2.76,217.0,99930.0
1990-05-23 17:00:00+00:00,17.56,56.85,0.0,0.0,0.0,308.3,2.69,216.0,99850.0
1990-05-23 18:00:00+00:00,16.82,60.85,0.0,0.0,0.0,306.95,2.62,217.0,99800.0
1990-05-23 19:00:00+00:00,16.75,58.7,0.0,0.0,0.0,305.55,2.69,218.0,99800.0
1990-05-23 20:00:00+00:00,16.39,60.75,0.0,0.0,0.0,310.8,2.62,220.0,99780.0
1990-05-23 21:00:00+00:00,16.1,58.6,0.0,0.0,0.0,315.05,2.34,224.0,99790.0
1990-05-23 22:00:00+00:00,16.12,60.75,131.3,173.01,105.2,317.4,1.93,226.0,99800.0
1990-05-23 23:00:00+00:00,18.07,56.95,283.6,269.34,190.5,322.05,1.52,217.0,99820.0
1990-05-24 00:00:00+00:00,21.03,55.45,464.8,427.95,236.9,323.4,1.79,198.0,99860.0
1990-05-24 01:00:00+00:00,24.05,47.15,650.8,532.19,280.25,335.7,2.34,185.0,99890.0
1990-05-24 02:00:00+00:00,26.54,40.1,780.25,583.1,297.95,341.55,3.17,181.0,99850.0
1990-05-24 03:00:00+00:00,28.65,33.05,826.5,510.93,358.4,347.75,3.79,186.0,99820.0
1990-05-24 04:00:00+00:00,30.12,30.9,843.7,507.97,357.4,360.75,4.28,186.0,99790.0
1990-05-24 05:00:00+00:00,31.07,27.0,775.2,437.36,360.65,367.3,4.55,184.0,99730.0
1990-05-24 06:00:00+00:00,31.32,24.35,633.95,294.16,372.65,368.3,4.76,182.0,99680.0
1990-05-24 07:00:00+00:00,31.06,23.4,506.05,242.47,316.25,372.75,4.62,181.0,99660.0
1990-05-24 08:00:00+00:00,30.54,24.1,382.65,249.1,223.6,370.0,4.69,181.0,99650.0
1990-05-24 09:00:00+00:00,29.74,26.75,221.2,156.58,148.35,365.55,4.14,177.0,99630.0
1990-05-24 10:00:00+00:00,28.29,30.65,76.1,38.2,65.6,364.0,3.79,172.0,99650.0
1990-05-24 11:00:00+00:00,26.35,34.8,5.1,0.0,5.1,363.85,3.72,174.0,99690.0
1990-05-24 12:00:00+00:00,24.7,38.3,0.0,0.0,0.0,362.3,3.66,179.0,99740.0
1990-05-24 13:00:00+00:00,23.42,42.25,0.0,0.0,0.0,357.45,3.52,184.0,99800.0
1990-05-24 14:00:00+00:00,22.44,46.75,0.0,0.0,0.0,356.65,3.38,187.0,99820.0
1990-05-24 15:00:00+00:00,21.47,49.95,0.0,0.0,0.0,345.65,3.38,189.0,99810.0
1990-05-24 16:00:00+00:00,20.71,51.65,0.0,0.0,0.0,342.55,3.38,187.0,99780.0
1990-05-24 17:00:00+00:00,19.98,55.2,0.0,0.0,0.0,336.55,3.31,187.0,99730.0
1990-05-24 18:00:00+00:00,19.26,59.15,0.0,0.0,0.0,327.45,3.24,190.0,99710.0
1990-05-24 19:00:00+00:00,18.91,59.05,0.0,0.0,0.0,323.95,2.97,194.0,99750.0
1990-05-24 20:00:00+00:00,18.28,59.05,0.0,0.0,0.0,321.85,2.62,197.0,99760.0
1990-05-24 21:00:00+00:00,17.53,61.05,0.0,0.0,0.0,315.05,2.41,200.0,99750.0
1990-05-24 22:00:00+00:00,17.24,65.45,147.05,447.17,78.85,309.45,2.14,203.0,99840.0
1990-05-24 23:00:00+00:00,19.09,63.5,349.1,666.0,117.95,310.2,1.93,196.0,99900.0
1990-05-25 00:00:00+00:00,22.12,52.0,546.4,768.55,136.25,314.1,3.03,191.0,99960.0
1990-05-25 01:00:00+00:00,24.69,44.15,710.7,794.55,156.7,324.25,4.48,189.0,100020.0
1990-05-25 02:00:00+00:00,26.45,41.55,833.5,798.91,172.0,336.95,6.76,187.0,100030.0
1990-05-25 03:00:00+00:00,27.22,38.95,908.2,794.81,179.35,346.2,7.1,186.0,100050.0
1990-05-25 04:00:00+00:00,27.76,37.75,926.1,776.61,181.95,352.0,6.83,184.0,100050.0
1990-05-25 05:00:00+00:00,28.21,35.3,871.3,731.35,177.4,354.75,6.41,184.0,100030.0
1990-05-25 06:00:00+00:00,28.37,34.1,798.7,714.13,163.55,356.85,6.28,184.0,99980.0
1990-05-25 07:00:00+00:00,27.92,32.75,651.15,639.09,150.05,345.65,6.62,183.0,100020.0
1990-05-25 08:00:00+00:00,27.38,33.8,468.7,530.38,129.25,344.1,6.48,185.0,99990.0
1990-05-25 09:00:00+00:00,26.5,34.8,274.3,375.15,99.1,341.55,6.21,187.0,100020.0
1990-05-25 10:00:00+00:00,25.24,37.1,101.15,165.42,55.35,337.3,5.31,186.0,100070.0
1990-05-25 11:00:00+00:00,23.46,42.25,6.8,8.48,6.1,331.7,4.9,185.0,100140.0
1990-05-25 12:00:00+00:00,21.62,44.95,0.0,0.0,0.0,325.7,4.55,190.0,100220.0
1990-05-25 13:00:00+00:00,20.27,49.7,0.0,0.0,0.0,319.5,4.28,196.0,100300.0
1990-05-25 14:00:00+00:00,19.15,53.15,0.0,0.0,0.0,315.05,3.86,200.0,100350.0
1990-05-25 15:00:00+00:00,18.18,54.95,0.0,0.0,0.0,311.2,3.38,203.0,100360.0
1990-05-25 16:00:00+00:00,17.35,58.8,0.0,0.0,0.0,307.7,3.03,206.0,100360.0
1990-05-25 17:00:00+00:00,16.64,63.05,0.0,0.0,0.0,305.55,2.83,210.0,100330.0
1990-05-25 18:00:00+00:00,16.06,65.25,0.0,0.0,0.0,303.65,2.62,213.0,100320.0
1990-05-25 19:00:00+00:00,16.05,62.95,0.0,0.0,0.0,303.45,2.28,210.0,100260.0
1990-05-25 20:00:00+00:00,15.37,67.45,0.0,0.0,0.0,303.25,2.07,208.0,100270.0
1990-05-25 21:00:00+00:00,14.63,69.85,0.0,0.0,0.0,302.3,1.93,208.0,100300.0
1990-05-25 22:00:00+00:00,14.56,72.4,163.2,576.66,74.35,302.1,1.66,208.0,100380.0
1990-05-25 23:00:00+00:00,17.8,61.05,351.25,687.43,111.75,305.4,1.59,196.0,100430.0
1990-05-26 00:00:00+00:00,21.08,49.95,544.7,760.3,138.15,311.95,2.0,186.0,100460.0
1990-05-26 01:00:00+00:00,23.66,42.35,714.95,798.17,157.7,320.4,2.62,185.0,100500.0
1990-05-26 02:00:00+00:00,25.61,34.65,844.95,813.27,170.9,328.8,3.17,193.0,100470.0
1990-05-26 03:00:00+00:00,26.99,31.35,921.5,807.69,180.2,335.4,3.59,190.0,100450.0
1990-05-26 04:00:00+00:00,27.96,30.5,939.1,786.0,185.3,340.8,3.86,184.0,100390.0
1990-05-26 05:00:00+00:00,28.59,29.55,898.25,759.07,177.35,345.25,4.07,180.0,100310.0
1990-05-26 06:00:00+00:00,28.95,28.65,798.95,710.64,166.15,347.4,4.07,176.0,100260.0
1990-05-26 07:00:00+00:00,28.91,29.7,651.7,638.06,150.6,349.3,4.28,177.0,100190.0
1990-05-26 08:00:00+00:00,28.69,29.7,470.2,531.4,129.3,349.1,4.14,175.0,100140.0
1990-05-26 09:00:00+00:00,28.15,31.75,276.35,378.98,98.7,348.55,4.0,176.0,100120.0
1990-05-26 10:00:00+00:00,27.25,35.05,102.35,166.04,56.05,346.4,3.45,177.0,100120.0
1990-05-26 11:00:00+00:00,25.4,42.75,7.3,6.49,6.75,343.5,2.76,176.0,100120.0
1990-05-26 12:00:00+00:00,23.34,48.7,0.0,0.0,0.0,338.85,2.62,181.0,100150.0
1990-05-26 13:00:00+00:00,22.0,55.65,0.0,0.0,0.0,335.95,2.48,189.0,100230.0
1990-05-26 14:00:00+00:00,20.96,59.5,0.0,0.0,0.0,334.8,2.28,201.0,100280.0
1990-05-26 15:00:00+00:00,20.04,61.5,0.0,0.0,0.0,333.85,2.14,216.0,100290.0
1990-05-26 16:00:00+00:00,19.29,65.75,0.0,0.0,0.0,334.0,2.07,232.0,100280.0
1990-05-26 17:00:00+00:00,18.51,68.05,0.0,0.0,0.0,330.55,2.07,242.0,100220.0
1990-05-26 18:00:00+00:00,17.78,70.35,0.0,0.0,0.0,329.95,1.93,248.0,100170.0
1990-05-26 19:00:00+00:00,17.05,70.3,0.0,0.0,0.0,321.05,1.86,242.0,100140.0
1990-05-26 20:00:00+00:00,16.07,75.25,0.0,0.0,0.0,319.7,1.66,230.0,100150.0
1990-05-26 21:00:00+00:00,15.23,80.6,0.0,0.0,0.0,318.95,1.45,219.0,100130.0
1990-05-26 22:00:00+00:00,15.59,80.65,156.4,491.8,79.9,316.6,1.17,219.0,100180.0
1990-05-26 23:00:00+00:00,19.04,68.1,331.35,565.85,133.5,321.05,0.97,189.0,100180.0
1990-05-27 00:00:00+00:00,22.29,53.85,495.5,553.85,198.8,328.2,1.79,175.0,100190.0
1990-05-27 01:00:00+00:00,24.26,47.25,646.45,552.5,260.25,339.55,2.97,170.0,100190.0
1990-05-27 02:00:00+00:00,25.79,41.4,770.75,605.49,268.45,348.35,4.34,173.0,100160.0
1990-05-27 03:00:00+00:00,26.94,36.2,812.95,523.39,332.2,356.45,4.97,174.0,100100.0
1990-05-27 04:00:00+00:00,27.8,31.6,717.5,332.56,398.3,364.8,4.97,175.0,100060.0
1990-05-27 05:00:00+00:00,28.17,28.5,535.35,145.49,397.05,370.8,4.97,177.0,100000.0
1990-05-27 06:00:00+00:00,28.03,28.35,434.1,76.22,366.15,381.65,4.9,184.0,99950.0
1990-05-27 07:00:00+00:00,27.08,31.35,304.25,41.76,271.4,382.2,4.69,182.0,99900.0
1990-05-27 08:00:00+00:00,26.75,31.35,175.25,7.47,170.45,383.0,4.28,184.0,99890.0
1990-05-27 09:00:00+00:00,26.18,33.55,100.7,2.87,99.35,383.2,3.1,189.0,99940.0
1990-05-27 10:00:00+00:00,25.38,38.45,29.75,0.0,29.75,383.4,2.48,195.0,99970.0
1990-05-27 11:00:00+00:00,24.17,42.5,2.45,0.0,2.45,384.15,2.21,208.0,100010.0
1990-05-27 12:00:00+00:00,23.16,45.35,0.0,0.0,0.0,383.4,2.07,225.0,100080.0
1990-05-27 13:00:00+00:00,22.51,48.45,0.0,0.0,0.0,384.15,1.86,245.0,100160.0
1990-05-27 14:00:00+00:00,22.02,50.05,0.0,0.0,0.0,384.35,1.93,271.0,100230.0
1990-05-27 15:00:00+00:00,21.63,48.3,0.0,0.0,0.0,384.75,2.14,286.0,100270.0
1990-05-27 16:00:00+00:00,21.33,48.2,0.0,0.0,0.0,383.95,2.21,288.0,100290.0
1990-05-27 17:00:00+00:00,21.01,48.05,0.0,0.0,0.0,383.55,2.34,282.0,100300.0
1990-05-27 18:00:00+00:00,20.64,46.35,0.0,0.0,0.0,381.85,2.55,278.0,100280.0
1990-05-27 19:00:00+00:00,20.67,46.35,0.0,0.0,0.0,383.55,2.28,275.0,100310.0
1990-05-27 20:00:00+00:00,20.67,44.7,0.0,0.0,0.0,383.4,2.48,268.0,100350.0
1990-05-27 21:00:00+00:00,20.5,47.9,0.0,0.0,0.0,382.6,2.76,265.0,100380.0
1990-05-27 22:00:00+00:00,20.51,47.9,26.2,0.0,26.2,383.2,2.83,263.0,100410.0
1990-05-27 23:00:00+00:00,20.71,48.05,50.15,0.0,50.15,383.75,2.83,260.0,100440.0
1990-05-28 00:00:00+00:00,21.1,46.5,82.1,0.0,82.1,385.7,2.9,258.0,100490.0
1990-05-28 01:00:00+00:00,21.45,48.2,76.35,0.0,76.35,387.35,3.03,256.0,100570.0
1990-05-28 02:00:00+00:00,21.3,51.75,90.8,2.29,88.9,387.85,2.83,253.0,100590.0
1990-05-28 03:00:00+00:00,21.28,53.6,120.7,0.0,120.7,388.4,2.14,249.0,100590.0
1990-05-28 04:00:00+00:00,21.67,51.9,125.7,0.1,125.6,389.55,2.48,245.0,100570.0
1990-05-28 05:00:00+00:00,21.97,50.05,127.7,2.26,125.55,389.95,2.62,240.0,100560.0
1990-05-28 06:00:00+00:00,22.02,50.05,117.3,0.0,117.3,392.1,2.83,230.0,100540.0
1990-05-28 07:00:00+00:00,22.06,53.85,125.25,0.57,124.8,391.3,1.72,241.0,100520.0
1990-05-28 08:00:00+00:00,22.15,53.85,96.55,5.82,92.8,389.0,1.86,226.0,100520.0
1990-05-28 09:00:00+00:00,21.94,57.65,74.05,0.95,73.6,388.6,2.07,206.0,100480.0
1990-05-28 10:00:00+00:00,21.69,57.65,23.05,1.59,22.6,383.75,2.62,199.0,100410.0
1990-05-28 11:00:00+00:00,20.99,61.6,2.9,0.56,2.85,381.05,2.48,205.0,100410.0
1990-05-28 12:00:00+00:00,20.16,63.7,0.0,0.0,0.0,370.0,2.48,214.0,100440.0
1990-05-28 13:00:00+00:00,19.49,68.1,0.0,0.0,0.0,360.55,2.55,221.0,100470.0
1990-05-28 14:00:00+00:00,18.58,70.45,0.0,0.0,0.0,338.3,2.62,229.0,100460.0
1990-05-28 15:00:00+00:00,17.82,72.9,0.0,0.0,0.0,331.9,2.62,233.0,100440.0
1990-05-28 16:00:00+00:00,17.14,72.8,0.0,0.0,0.0,327.05,2.55,234.0,100410.0
1990-05-28 17:00:00+00:00,16.34,77.95,0.0,0.0,0.0,321.25,2.41,234.0,100340.0
1990-05-28 18:00:00+00:00,15.45,83.5,0.0,0.0,0.0,315.45,2.28,233.0,100280.0
1990-05-28 19:00:00+00:00,14.88,83.45,0.0,0.0,0.0,320.1,1.86,247.0,100280.0
1990-05-28 20:00:00+00:00,14.2,86.4,0.0,0.0,0.0,312.15,1.79,245.0,100270.0
1990-05-28 21:00:00+00:00,13.54,86.35,0.0,0.0,0.0,314.65,1.72,246.0,100280.0
1990-05-28 22:00:00+00:00,13.63,86.35,163.05,551.08,75.85,317.4,1.52,249.0,100300.0
1990-05-28 23:00:00+00:00,16.34,75.25,356.95,703.74,109.3,313.7,1.24,245.0,100300.0
1990-05-29 00:00:00+00:00,20.52,61.5,552.35,776.62,134.95,311.0,1.1,228.0,100290.0
1990-05-29 01:00:00+00:00,24.28,45.6,724.5,813.28,154.8,319.25,1.38,206.0,100270.0
1990-05-29 02:00:00+00:00,27.29,33.8,855.8,828.88,167.05,329.95,2.21,196.0,100220.0
1990-05-29 03:00:00+00:00,29.32,26.65,932.25,824.35,173.95,338.1,2.76,195.0,100170.0
1990-05-29 04:00:00+00:00,30.56,23.25,945.45,798.43,177.95,345.05,2.34,194.0,100120.0
1990-05-29 05:00:00+00:00,31.36,21.05,892.75,732.41,195.3,353.0,1.24,214.0,100070.0
1990-05-29 06:00:00+00:00,32.0,19.7,601.1,368.94,271.45,358.8,1.03,316.0,99980.0
1990-05-29 07:00:00+00:00,31.84,19.0,578.95,463.51,213.25,391.9,2.48,358.0,99930.0
1990-05-29 08:00:00+00:00,31.69,18.3,447.6,478.3,138.7,376.8,3.38,10.0,99890.0
1990-05-29 09:00:00+00:00,30.82,19.45,277.35,385.83,94.55,359.4,4.0,22.0,99870.0
1990-05-29 10:00:00+00:00,29.16,22.2,105.45,176.22,55.3,351.05,4.14,27.0,99900.0
1990-05-29 11:00:00+00:00,26.76,20.9,8.25,10.97,7.25,342.95,3.86,24.0,99930.0
1990-05-29 12:00:00+00:00,24.51,21.1,0.0,0.0,0.0,329.55,3.24,14.0,100010.0
1990-05-29 13:00:00+00:00,23.01,23.25,0.0,0.0,0.0,332.5,2.97,358.0,100090.0
1990-05-29 14:00:00+00:00,21.48,25.65,0.0,0.0,0.0,319.1,2.83,347.0,100150.0
1990-05-29 15:00:00+00:00,20.28,28.5,0.0,0.0,0.0,318.15,2.69,337.0,100190.0
1990-05-29 16:00:00+00:00,19.11,30.5,0.0,0.0,0.0,317.2,2.55,328.0,100190.0
1990-05-29 17:00:00+00:00,17.94,33.9,0.0,0.0,0.0,309.25,2.48,316.0,100170.0
1990-05-29 18:00:00+00:00,16.73,39.15,0.0,0.0,0.0,304.05,2.41,305.0,100150.0
1990-05-29 19:00:00+00:00,16.5,37.65,0.0,0.0,0.0,300.55,2.14,301.0,100180.0
1990-05-29 20:00:00+00:00,15.28,45.05,0.0,0.0,0.0,295.9,2.14,285.0,100150.0
1990-05-29 21:00:00+00:00,13.96,51.9,0.0,0.0,0.0,285.45,2.21,269.0,100120.0
1990-05-29 22:00:00+00:00,13.45,62.3,176.35,630.3,75.85,282.95,1.93,260.0,100110.0
1990-05-29 23:00:00+00:00,17.41,52.75,372.7,739.14,111.85,283.7,1.45,255.0,100100.0
1990-05-30 00:00:00+00:00,22.53,36.3,571.0,805.62,137.4,290.65,1.59,246.0,100060.0
1990-05-30 01:00:00+00:00,25.74,19.9,745.55,841.26,155.7,300.05,2.14,243.0,100060.0
1990-05-30 02:00:00+00:00,27.37,14.9,877.35,852.82,168.2,308.65,1.59,267.0,100000.0
1990-05-30 03:00:00+00:00,28.59,13.45,954.8,847.16,175.0,315.45,0.97,281.0,99940.0
1990-05-30 04:00:00+00:00,29.55,13.05,971.9,827.09,176.3,321.45,0.9,266.0,99830.0
1990-05-30 05:00:00+00:00,30.36,12.25,929.3,796.12,170.55,325.5,1.31,264.0,99730.0
1990-05-30 06:00:00+00:00,30.98,12.35,829.45,744.47,163.55,328.6,1.52,265.0,99610.0
1990-05-30 07:00:00+00:00,31.13,11.4,676.8,665.07,151.3,328.0,1.38,290.0,99500.0
1990-05-30 08:00:00+00:00,31.44,10.65,423.95,405.36,161.6,330.15,1.31,296.0,99420.0
1990-05-30 09:00:00+00:00,31.18,10.65,271.2,347.4,106.05,342.95,0.69,291.0,99340.0
1990-05-30 10:00:00+00:00,30.12,18.5,109.8,172.82,60.3,337.1,1.24,143.0,99300.0
1990-05-30 11:00:00+00:00,27.95,23.6,9.2,15.03,7.8,328.4,2.14,133.0,99340.0
1990-05-30 12:00:00+00:00,25.57,26.7,0.0,0.0,0.0,319.5,2.14,129.0,99360.0
1990-05-30 13:00:00+00:00,23.29,30.4,0.0,0.0,0.0,316.2,1.59,140.0,99450.0
1990-05-30 14:00:00+00:00,22.48,31.3,0.0,0.0,0.0,313.3,1.1,186.0,99470.0
1990-05-30 15:00:00+00:00,19.22,38.2,0.0,0.0,0.0,308.85,1.66,232.0,99450.0
1990-05-30 16:00:00+00:00,17.54,42.45,0.0,0.0,0.0,306.55,2.28,242.0,99420.0
1990-05-30 17:00:00+00:00,16.06,48.8,0.0,0.0,0.0,302.5,2.41,247.0,99340.0
1990-05-30 18:00:00+00:00,15.28,52.25,0.0,0.0,0.0,297.85,2.62,251.0,99290.0
1990-05-30 19:00:00+00:00,14.9,50.25,0.0,0.0,0.0,294.35,2.55,251.0,99320.0
1990-05-30 20:00:00+00:00,14.73,48.4,0.0,0.0,0.0,292.4,2.62,260.0,99270.0
1990-05-30 21:00:00+00:00,14.58,44.9,0.0,0.0,0.0,291.45,2.69,272.0,99310.0
1990-05-30 22:00:00+00:00,15.34,43.4,176.0,627.14,75.3,291.25,2.55,307.0,99430.0
1990-05-30 23:00:00+00:00,18.89,38.1,370.05,732.54,110.85,294.35,2.62,342.0,99500.0
1990-05-31 00:00:00+00:00,23.02,27.05,567.45,800.41,136.1,299.95,3.03,358.0,99520.0
1990-05-31 01:00:00+00:00,25.95,19.9,741.1,835.99,154.45,307.45,3.45,2.0,99530.0
1990-05-31 02:00:00+00:00,28.23,15.1,872.9,848.41,166.95,315.45,3.38,8.0,99520.0
1990-05-31 03:00:00+00:00,29.79,13.15,950.15,842.9,173.8,322.4,3.03,23.0,99480.0
1990-05-31 04:00:00+00:00,30.72,11.85,966.85,822.44,175.2,329.55,2.55,39.0,99380.0
1990-05-31 05:00:00+00:00,31.28,12.45,922.4,787.42,171.35,336.15,1.66,59.0,99320.0
1990-05-31 06:00:00+00:00,31.65,13.0,825.2,740.07,162.55,340.8,1.17,99.0,99230.0
1990-05-31 07:00:00+00:00,32.14,13.0,674.75,666.27,147.55,341.95,2.0,150.0,99070.0
1990-05-31 08:00:00+00:00,32.16,13.1,482.1,553.0,123.45,344.1,2.69,155.0,99000.0
1990-05-31 09:00:00+00:00,31.79,14.6,292.45,402.22,100.6,344.85,3.1,152.0,98930.0
1990-05-31 10:00:00+00:00,30.6,19.35,112.95,192.74,57.4,344.1,2.69,145.0,98900.0
1990-05-31 11:00:00+00:00,28.35,22.9,9.6,16.29,8.05,340.8,2.69,147.0,98890.0
1990-05-31 12:00:00+00:00,26.38,24.15,0.0,0.0,0.0,332.85,2.48,155.0,98900.0
1990-05-31 13:00:00+00:00,24.9,26.6,0.0,0.0,0.0,328.8,2.07,169.0,98930.0
1990-05-31 14:00:00+00:00,22.98,31.45,0.0,0.0,0.0,326.65,1.72,195.0,98940.0
1990-05-31 15:00:00+00:00,20.98,38.65,0.0,0.0,0.0,324.35,1.72,222.0,98910.0
1990-05-31 16:00:00+00:00,14.98,52.16,0.0,0.0,0.0,290.8,1.54,236.0,98870.0
1990-05-31 17:00:00+00:00,15.91,51.51,0.0,0.0,0.0,299.81,1.83,239.0,98800.0
1990-05-31 18:00:00+00:00,16.83,50.85,0.0,0.0,0.0,308.82,2.12,243.0,98740.0
1990-05-31 19:00:00+00:00,17.76,50.2,0.0,0.0,0.0,317.84,2.41,254.0,98690.0
1990-05-31 20:00:00+00:00,18.68,49.55,0.0,0.0,0.0,326.85,2.7,257.0,98650.0
1990-05-31 21:00:00+00:00,19.6,48.9,0.0,0.0,0.0,335.86,2.99,259.0,98640.0
1990-05-31 22:00:00+00:00,20.53,48.25,177.55,634.87,74.95,344.87,3.28,259.0,98660.0
1990-05-31 23:00:00+00:00,21.45,47.6,372.45,739.25,110.25,353.88,3.57,259.0,98640.0
1990-06-01 00:00:00+00:00,22.38,46.95,202.7,117.23,139.45,362.89,3.86,9.0,99500.0
1990-06-01 01:00:00+00:00,23.3,46.29,274.25,170.73,154.35,371.9,4.16,9.0,99540.0
1990-06-01 02:00:00+00:00,24.23,45.64,456.3,188.51,299.35,380.92,4.45,8.0,99500.0
1990-06-01 03:00:00+00:00,25.15,44.99,366.05,126.36,249.6,389.93,4.74,10.0,99480.0
1990-06-01 04:00:00+00:00,26.07,44.34,421.3,112.7,312.75,398.94,5.03,12.0,99470.0
1990-06-01 05:00:00+00:00,27.0,43.69,338.15,59.19,281.65,407.95,5.32,15.0,99460.0
1990-06-01 06:00:00+00:00,27.92,43.04,559.4,374.94,223.35,416.96,5.61,15.0,99410.0
1990-06-01 07:00:00+00:00,28.85,42.39,505.0,421.33,171.15,425.97,5.9,23.0,99340.0
1990-06-01 08:00:00+00:00,28.8,38.0,338.7,319.75,130.9,389.75,4.76,23.0,99310.0
1990-06-01 09:00:00+00:00,28.37,39.25,225.5,270.1,96.25,392.85,4.69,20.0,99300.0
1990-06-01 10:00:00+00:00,27.75,40.5,92.15,127.6,55.15,382.0,4.41,17.0,99280.0
1990-06-01 11:00:00+00:00,26.8,43.15,8.85,11.33,7.75,378.55,3.79,4.0,99320.0
1990-06-01 12:00:00+00:00,25.23,47.5,0.0,0.0,0.0,365.55,3.45,346.0,99380.0
1990-06-01 13:00:00+00:00,24.21,50.7,0.0,0.0,0.0,362.85,3.31,343.0,99490.0
1990-06-01 14:00:00+00:00,23.44,54.1,0.0,0.0,0.0,360.95,2.76,358.0,99560.0
1990-06-01 15:00:00+00:00,22.46,57.75,0.0,0.0,0.0,355.5,1.72,20.0,99580.0
1990-06-01 16:00:00+00:00,21.38,61.7,0.0,0.0,0.0,353.0,1.31,46.0,99600.0
1990-06-01 17:00:00+00:00,20.55,65.95,0.0,0.0,0.0,352.4,1.79,61.0,99630.0
1990-06-01 18:00:00+00:00,19.79,65.95,0.0,0.0,0.0,351.25,2.21,59.0,99640.0
1990-06-01 19:00:00+00:00,18.65,68.1,0.0,0.0,0.0,348.55,2.9,23.0,99740.0
1990-06-01 20:00:00+00:00,18.13,70.45,0.0,0.0,0.0,338.5,3.17,14.0,99750.0
1990-06-01 21:00:00+00:00,17.71,70.35,0.0,0.0,0.0,328.2,3.38,10.0,99770.0
1990-06-01 22:00:00+00:00,18.0,70.35,154.8,470.9,78.25,326.1,3.31,6.0,99820.0
1990-06-01 23:00:00+00:00,19.38,63.6,325.85,582.36,118.85,327.45,4.28,8.0,99870.0
1990-06-02 00:00:00+00:00,20.76,57.45,511.05,666.83,150.9,333.65,5.24,13.0,99890.0
1990-06-02 01:00:00+00:00,22.29,50.2,667.6,687.23,184.65,340.7,5.86,13.0,99920.0
1990-06-02 02:00:00+00:00,24.03,42.35,679.55,521.0,245.55,346.4,6.14,17.0,99880.0
1990-06-02 03:00:00+00:00,25.41,35.8,740.05,497.71,281.15,371.75,5.93,19.0,99820.0
1990-06-02 04:00:00+00:00,27.41,30.35,831.15,562.72,288.85,377.0,5.66,18.0,99710.0
1990-06-02 05:00:00+00:00,28.44,28.5,639.55,353.48,301.9,379.1,5.38,18.0,99650.0
1990-06-02 06:00:00+00:00,28.82,27.6,452.75,184.19,287.5,393.65,5.31,18.0,99570.0
1990-06-02 07:00:00+00:00,25.69,37.2,268.1,76.69,207.25,394.6,5.31,23.0,99760.0
1990-06-02 08:00:00+00:00,25.32,38.45,210.0,90.99,150.75,404.85,4.83,25.0,99700.0
1990-06-02 09:00:00+00:00,24.98,38.3,170.85,100.62,122.55,384.95,4.62,30.0,99680.0
1990-06-02 10:00:00+00:00,24.66,39.7,91.9,93.77,64.55,394.2,4.14,37.0,99680.0
1990-06-02 11:00:00+00:00,23.74,43.9,9.15,5.56,8.6,359.0,2.97,42.0,99720.0
1990-06-02 12:00:00+00:00,22.32,48.45,0.0,0.0,0.0,352.8,2.28,42.0,99760.0
1990-06-02 13:00:00+00:00,21.28,53.6,0.0,0.0,0.0,347.75,2.07,32.0,99820.0
1990-06-02 14:00:00+00:00,20.76,57.45,0.0,0.0,0.0,358.0,1.79,14.0,99890.0
1990-06-02 15:00:00+00:00,20.05,59.35,0.0,0.0,0.0,350.3,1.86,346.0,99890.0
1990-06-02 16:00:00+00:00,19.47,61.4,0.0,0.0,0.0,350.5,1.93,324.0,99880.0
1990-06-02 17:00:00+00:00,18.81,63.5,0.0,0.0,0.0,340.4,2.07,313.0,99850.0
1990-06-02 18:00:00+00:00,17.99,67.95,0.0,0.0,0.0,323.95,2.21,304.0,99800.0
1990-06-02 19:00:00+00:00,17.17,72.8,0.0,0.0,0.0,322.05,1.86,296.0,99840.0
1990-06-02 20:00:00+00:00,16.58,72.7,0.0,0.0,0.0,319.5,2.07,283.0,99800.0
1990-06-02 21:00:00+00:00,16.06,75.25,0.0,0.0,0.0,320.1,2.0,282.0,99810.0
1990-06-02 22:00:00+00:00,16.22,77.95,161.4,524.09,75.75,319.3,1.45,286.0,99760.0
1990-06-02 23:00:00+00:00,19.8,61.5,344.25,646.09,114.15,322.2,1.03,301.0,99740.0
1990-06-03 00:00:00+00:00,22.89,48.55,533.5,725.51,141.3,330.75,1.45,333.0,99720.0
1990-06-03 01:00:00+00:00,24.93,41.15,702.0,769.74,160.75,339.35,1.24,347.0,99720.0
1990-06-03 02:00:00+00:00,26.71,33.7,831.25,788.93,173.75,347.95,0.62,354.0,99680.0
1990-06-03 03:00:00+00:00,28.29,30.65,909.9,790.88,180.35,355.1,0.34,42.0,99650.0
1990-06-03 04:00:00+00:00,29.56,28.75,930.1,776.47,181.4,361.5,0.55,73.0,99600.0
1990-06-03 05:00:00+00:00,30.52,27.0,891.85,750.14,174.8,366.55,0.76,82.0,99530.0
1990-06-03 06:00:00+00:00,31.13,27.0,813.05,720.72,165.85,369.65,0.83,84.0,99440.0
1990-06-03 07:00:00+00:00,31.15,28.0,573.3,501.21,175.1,374.1,1.17,96.0,99440.0
1990-06-03 08:00:00+00:00,31.14,27.0,338.95,242.4,180.8,385.3,1.59,90.0,99360.0
1990-06-03 09:00:00+00:00,30.63,27.0,174.65,85.88,133.3,395.2,1.72,90.0,99340.0
1990-06-03 10:00:00+00:00,29.98,28.9,88.7,66.64,69.15,393.25,1.59,98.0,99340.0
1990-06-03 11:00:00+00:00,29.05,33.05,9.0,3.47,8.65,379.5,0.9,126.0,99350.0
1990-06-03 12:00:00+00:00,27.79,35.2,0.0,0.0,0.0,366.55,0.83,221.0,99420.0
1990-06-03 13:00:00+00:00,25.85,41.4,0.0,0.0,0.0,362.3,0.9,259.0,99460.0
1990-06-03 14:00:00+00:00,24.95,44.15,0.0,0.0,0.0,373.9,0.62,318.0,99490.0
1990-06-03 15:00:00+00:00,23.1,52.1,0.0,0.0,0.0,378.95,1.17,4.0,99510.0
1990-06-03 16:00:00+00:00,22.54,53.85,0.0,0.0,0.0,381.85,1.45,12.0,99520.0
1990-06-03 17:00:00+00:00,22.14,53.85,0.0,0.0,0.0,378.55,1.72,22.0,99490.0
1990-06-03 18:00:00+00:00,21.7,55.65,0.0,0.0,0.0,377.0,1.59,22.0,99450.0
1990-06-03 19:00:00+00:00,21.16,57.55,0.0,0.0,0.0,359.4,2.0,4.0,99480.0
1990-06-03 20:00:00+00:00,21.05,59.5,0.0,0.0,0.0,371.95,2.0,356.0,99480.0
1990-06-03 21:00:00+00:00,20.58,61.5,0.0,0.0,0.0,362.3,1.93,351.0,99480.0
1990-06-03 22:00:00+00:00,20.73,61.6,143.65,352.3,85.8,361.5,1.66,353.0,99500.0
1990-06-03 23:00:00+00:00,22.65,54.0,343.15,638.67,115.3,352.4,1.79,5.0,99520.0
1990-06-04 00:00:00+00:00,24.76,45.75,524.7,697.13,147.55,347.2,2.28,23.0,99520.0
1990-06-04 01:00:00+00:00,26.48,41.55,695.65,764.94,157.5,356.95,2.34,40.0,99530.0
1990-06-04 02:00:00+00:00,27.9,35.2,748.8,650.19,206.7,363.05,2.28,52.0,99490.0
1990-06-04 03:00:00+00:00,28.85,33.05,819.85,680.94,191.45,380.45,2.07,56.0,99460.0
1990-06-04 04:00:00+00:00,29.73,31.0,775.0,566.07,228.9,377.75,1.79,58.0,99410.0
1990-06-04 05:00:00+00:00,30.24,30.05,787.05,560.11,251.3,382.8,1.59,56.0,99340.0
1990-06-04 06:00:00+00:00,30.85,30.05,467.45,273.31,221.8,385.1,1.45,47.0,99270.0
1990-06-04 07:00:00+00:00,30.55,32.25,294.2,99.69,214.9,414.75,1.1,42.0,99230.0
1990-06-04 08:00:00+00:00,30.29,32.25,251.75,130.8,166.25,420.75,0.9,18.0,99220.0
1990-06-04 09:00:00+00:00,30.21,32.25,176.75,157.47,100.7,416.65,1.31,18.0,99190.0
1990-06-04 10:00:00+00:00,29.94,33.3,93.1,126.96,55.65,415.5,1.31,32.0,99190.0
1990-06-04 11:00:00+00:00,29.13,38.0,9.0,11.21,7.85,392.1,0.97,35.0,99210.0
1990-06-04 12:00:00+00:00,27.94,40.5,0.0,0.0,0.0,388.2,0.97,47.0,99240.0
1990-06-04 13:00:00+00:00,26.55,44.55,0.0,0.0,0.0,388.6,0.76,67.0,99280.0
1990-06-04 14:00:00+00:00,25.76,46.0,0.0,0.0,0.0,379.9,0.48,121.0,99340.0
1990-06-04 15:00:00+00:00,24.81,50.8,0.0,0.0,0.0,372.55,0.62,188.0,99330.0
1990-06-04 16:00:00+00:00,23.22,56.0,0.0,0.0,0.0,367.5,1.03,215.0,99340.0
1990-06-04 17:00:00+00:00,22.22,59.8,0.0,0.0,0.0,368.1,1.17,237.0,99340.0
1990-06-04 18:00:00+00:00,21.79,61.85,0.0,0.0,0.0,369.65,1.1,258.0,99370.0
1990-06-04 19:00:00+00:00,20.79,68.4,0.0,0.0,0.0,369.05,1.59,282.0,99320.0
1990-06-04 20:00:00+00:00,20.4,70.7,0.0,0.0,0.0,368.5,1.66,287.0,99360.0
1990-06-04 21:00:00+00:00,20.6,68.4,0.0,0.0,0.0,389.2,1.17,293.0,99350.0
1990-06-04 22:00:00+00:00,21.09,73.3,87.15,144.63,63.3,382.2,0.83,297.0,99390.0
1990-06-04 23:00:00+00:00,23.25,62.15,261.25,337.26,140.75,388.2,0.34,296.0,99400.0
1990-06-05 00:00:00+00:00,26.17,46.15,462.25,556.1,161.2,388.0,0.14,33.0,99450.0
1990-06-05 01:00:00+00:00,28.26,39.25,671.0,710.49,170.95,384.45,0.48,115.0,99470.0
1990-06-05 02:00:00+00:00,30.0,35.7,796.6,707.81,206.25,383.0,0.83,140.0,99430.0
1990-06-05 03:00:00+00:00,31.4,33.55,850.4,665.95,235.6,389.75,1.24,147.0,99400.0
1990-06-05 04:00:00+00:00,32.46,31.55,834.15,618.6,237.1,404.1,1.38,147.0,99340.0
1990-06-05 05:00:00+00:00,33.19,30.6,835.65,625.01,237.45,406.2,1.45,136.0,99270.0
1990-06-05 06:00:00+00:00,33.91,28.75,634.7,435.37,243.05,406.6,1.59,129.0,99210.0
1990-06-05 07:00:00+00:00,33.57,29.65,484.15,307.85,238.95,423.45,1.31,110.0,99180.0
1990-06-05 08:00:00+00:00,33.57,29.65,286.4,151.94,186.9,425.75,1.52,99.0,99120.0
1990-06-05 09:00:00+00:00,33.15,30.6,220.75,150.51,147.85,426.15,2.07,101.0,99080.0
1990-06-05 10:00:00+00:00,32.77,30.6,92.0,78.57,68.7,414.9,2.34,109.0,99080.0
1990-06-05 11:00:00+00:00,31.43,34.75,9.35,7.19,8.6,404.3,2.07,118.0,99110.0
1990-06-05 12:00:00+00:00,29.91,36.95,0.0,0.0,0.0,402.9,2.21,134.0,99150.0
1990-06-05 13:00:00+00:00,28.66,40.65,0.0,0.0,0.0,392.3,2.41,148.0,99230.0
1990-06-05 14:00:00+00:00,27.64,43.3,0.0,0.0,0.0,389.2,2.34,161.0,99270.0
1990-06-05 15:00:00+00:00,26.8,46.25,0.0,0.0,0.0,388.6,2.28,178.0,99290.0
1990-06-05 16:00:00+00:00,26.07,49.3,0.0,0.0,0.0,390.55,2.21,190.0,99270.0
1990-06-05 17:00:00+00:00,25.34,50.95,0.0,0.0,0.0,384.95,2.14,194.0,99230.0
1990-06-05 18:00:00+00:00,24.85,52.6,0.0,0.0,0.0,388.8,2.0,193.0,99220.0
1990-06-05 19:00:00+00:00,24.57,52.5,0.0,0.0,0.0,385.9,1.72,192.0,99160.0
1990-06-05 20:00:00+00:00,24.05,54.2,0.0,0.0,0.0,387.45,1.72,199.0,99190.0
1990-06-05 21:00:00+00:00,23.39,58.0,0.0,0.0,0.0,384.15,1.52,210.0,99160.0
1990-06-05 22:00:00+00:00,23.45,58.0,121.5,313.87,69.55,386.3,1.31,213.0,99170.0
1990-06-05 23:00:00+00:00,25.72,51.05,273.8,456.18,110.6,385.5,1.52,199.0,99160.0
1990-06-06 00:00:00+00:00,28.22,42.05,455.4,581.01,140.7,391.5,2.55,193.0,99110.0
1990-06-06 01:00:00+00:00,30.47,37.1,610.5,582.34,200.5,393.15,3.45,189.0,99090.0
1990-06-06 02:00:00+00:00,32.4,33.8,688.25,511.81,261.25,401.95,3.93,191.0,99030.0
1990-06-06 03:00:00+00:00,33.79,29.8,657.35,393.34,294.1,418.6,4.07,192.0,98960.0
1990-06-06 04:00:00+00:00,34.61,28.9,725.45,441.55,299.1,425.2,4.34,192.0,98900.0
1990-06-06 05:00:00+00:00,35.44,27.2,634.2,353.2,295.95,434.1,4.0,199.0,98830.0
1990-06-06 06:00:00+00:00,35.86,26.4,268.75,99.19,179.45,438.55,3.66,204.0,98730.0
1990-06-06 07:00:00+00:00,29.02,53.55,348.2,200.14,188.6,426.15,3.38,357.0,99040.0
1990-06-06 08:00:00+00:00,28.47,55.3,298.95,251.67,133.85,417.25,3.1,18.0,99040.0
1990-06-06 09:00:00+00:00,28.61,55.3,220.0,222.36,112.0,412.6,3.24,38.0,98980.0
1990-06-06 10:00:00+00:00,28.12,57.05,85.75,105.0,54.45,404.45,3.59,37.0,99030.0
1990-06-06 11:00:00+00:00,26.78,60.8,7.95,6.6,7.25,402.9,3.72,32.0,99140.0
1990-06-06 12:00:00+00:00,25.49,66.95,0.0,0.0,0.0,396.15,3.24,28.0,99210.0
1990-06-06 13:00:00+00:00,24.8,66.85,0.0,0.0,0.0,393.65,2.97,18.0,99340.0
1990-06-06 14:00:00+00:00,23.86,71.35,0.0,0.0,0.0,376.4,2.9,21.0,99430.0
1990-06-06 15:00:00+00:00,22.79,73.6,0.0,0.0,0.0,366.95,2.9,23.0,99450.0
1990-06-06 16:00:00+00:00,21.8,76.0,0.0,0.0,0.0,359.95,2.48,20.0,99480.0
1990-06-06 17:00:00+00:00,21.09,78.5,0.0,0.0,0.0,356.85,1.72,14.0,99480.0
1990-06-06 18:00:00+00:00,20.26,81.15,0.0,0.0,0.0,344.5,1.03,344.0,99460.0
1990-06-06 19:00:00+00:00,19.22,86.85,0.0,0.0,0.0,333.05,1.38,289.0,99400.0
1990-06-06 20:00:00+00:00,18.32,89.75,0.0,0.0,0.0,327.45,1.86,269.0,99400.0
1990-06-06 21:00:00+00:00,17.62,89.75,0.0,0.0,0.0,322.0,2.0,266.0,99400.0
1990-06-06 22:00:00+00:00,17.87,83.75,170.95,572.74,75.85,318.15,1.72,266.0,99410.0
1990-06-06 23:00:00+00:00,21.11,66.15,359.8,691.63,112.1,319.1,1.52,265.0,99420.0
1990-06-07 00:00:00+00:00,25.09,42.65,553.95,768.36,137.6,325.7,1.66,266.0,99430.0
1990-06-07 01:00:00+00:00,27.84,26.4,726.55,810.45,155.8,335.7,1.24,290.0,99410.0
1990-06-07 02:00:00+00:00,29.43,20.7,859.85,829.0,168.05,343.5,0.97,328.0,99360.0
1990-06-07 03:00:00+00:00,30.73,18.05,940.6,828.56,175.2,347.4,0.97,342.0,99280.0
1990-06-07 04:00:00+00:00,31.81,15.75,961.25,812.09,176.8,351.05,0.97,311.0,99250.0
1990-06-07 05:00:00+00:00,32.64,15.25,921.2,780.83,173.0,354.35,0.97,282.0,99170.0
1990-06-07 06:00:00+00:00,33.24,14.35,824.7,732.98,164.25,356.65,0.69,257.0,99080.0
1990-06-07 07:00:00+00:00,33.47,14.35,679.5,665.87,147.9,356.65,0.28,297.0,99070.0
1990-06-07 08:00:00+00:00,33.5,14.35,492.35,542.81,135.65,357.25,0.14,167.0,99000.0
1990-06-07 09:00:00+00:00,33.21,14.8,276.1,295.47,132.2,358.0,0.41,140.0,98990.0
1990-06-07 10:00:00+00:00,32.55,15.85,110.7,128.84,72.1,362.1,1.03,134.0,99000.0
1990-06-07 11:00:00+00:00,31.43,18.85,11.7,12.54,10.35,358.8,1.45,142.0,99000.0
1990-06-07 12:00:00+00:00,29.72,21.6,0.0,0.0,0.0,355.5,1.45,176.0,99020.0
1990-06-07 13:00:00+00:00,27.77,24.5,0.0,0.0,0.0,346.8,1.59,216.0,99100.0
1990-06-07 14:00:00+00:00,25.27,29.85,0.0,0.0,0.0,337.7,1.59,232.0,99140.0
1990-06-07 15:00:00+00:00,23.15,35.25,0.0,0.0,0.0,334.2,1.38,222.0,99140.0
1990-06-07 16:00:00+00:00,21.45,41.7,0.0,0.0,0.0,332.85,1.66,211.0,99140.0
1990-06-07 17:00:00+00:00,20.63,43.1,0.0,0.0,0.0,331.7,2.14,219.0,99120.0
1990-06-07 18:00:00+00:00,20.37,44.6,0.0,0.0,0.0,331.9,2.41,221.0,99100.0
1990-06-07 19:00:00+00:00,20.63,44.7,0.0,0.0,0.0,336.35,2.48,214.0,99100.0
1990-06-07 20:00:00+00:00,20.64,44.7,0.0,0.0,0.0,339.85,2.55,209.0,99070.0
1990-06-07 21:00:00+00:00,20.93,46.35,0.0,0.0,0.0,348.75,2.76,204.0,99070.0
1990-06-07 22:00:00+00:00,21.86,43.4,79.9,84.99,65.75,352.0,2.97,202.0,99040.0
1990-06-07 23:00:00+00:00,23.61,40.75,166.6,16.04,160.85,371.2,3.03,202.0,99060.0
1990-06-08 00:00:00+00:00,25.62,37.1,247.8,73.15,208.15,378.75,3.45,202.0,99050.0
1990-06-08 01:00:00+00:00,27.5,31.5,464.55,210.76,316.1,381.15,3.79,204.0,99050.0
1990-06-08 02:00:00+00:00,30.09,26.9,719.4,520.28,285.15,382.6,4.14,204.0,99010.0
1990-06-08 03:00:00+00:00,32.69,22.1,941.55,844.76,161.0,378.15,4.28,201.0,98930.0
1990-06-08 04:00:00+00:00,34.91,18.3,945.95,799.12,173.75,365.2,4.41,198.0,98850.0
1990-06-08 05:00:00+00:00,36.2,16.0,886.6,730.92,185.85,373.3,4.62,198.0,98750.0
1990-06-08 06:00:00+00:00,37.0,13.5,689.35,518.72,221.6,384.55,4.48,206.0,98680.0
1990-06-08 07:00:00+00:00,36.56,11.95,579.35,470.5,203.3,391.7,4.21,231.0,98660.0
1990-06-08 08:00:00+00:00,36.68,11.1,388.15,364.16,148.45,386.3,3.45,226.0,98590.0
1990-06-08 09:00:00+00:00,36.29,10.7,252.35,294.08,108.75,386.85,1.1,252.0,98570.0
1990-06-08 10:00:00+00:00,34.63,15.1,122.45,196.65,63.25,372.95,3.24,16.0,98620.0
1990-06-08 11:00:00+00:00,31.44,23.5,12.7,23.81,10.1,368.1,4.28,2.0,98740.0
1990-06-08 12:00:00+00:00,28.41,30.65,0.0,0.0,0.0,355.3,4.34,357.0,98840.0
1990-06-08 13:00:00+00:00,26.74,34.9,0.0,0.0,0.0,351.85,3.03,351.0,98930.0
1990-06-08 14:00:00+00:00,25.32,39.85,0.0,0.0,0.0,347.4,2.69,342.0,98980.0
1990-06-08 15:00:00+00:00,24.14,42.5,0.0,0.0,0.0,344.3,2.48,341.0,98960.0
1990-06-08 16:00:00+00:00,23.09,46.85,0.0,0.0,0.0,341.0,2.0,338.0,98980.0
1990-06-08 17:00:00+00:00,22.09,51.9,0.0,0.0,0.0,339.85,1.66,329.0,98990.0
1990-06-08 18:00:00+00:00,20.99,55.45,0.0,0.0,0.0,336.75,1.72,302.0,98970.0
1990-06-08 19:00:00+00:00,20.21,53.35,0.0,0.0,0.0,331.9,2.0,331.0,99000.0
1990-06-08 20:00:00+00:00,19.5,57.2,0.0,0.0,0.0,329.0,1.79,338.0,99030.0
1990-06-08 21:00:00+00:00,18.77,59.15,0.0,0.0,0.0,326.1,1.86,335.0,99060.0
1990-06-08 22:00:00+00:00,18.91,61.3,172.6,587.03,74.65,324.15,1.79,336.0,99130.0
1990-06-08 23:00:00+00:00,22.17,50.2,361.6,700.04,110.5,324.95,1.52,2.0,99170.0
1990-06-09 00:00:00+00:00,24.93,42.65,556.05,771.04,138.05,329.55,1.86,14.0,99200.0
1990-06-09 01:00:00+00:00,27.7,33.95,729.35,810.21,158.6,335.7,2.21,8.0,99240.0
1990-06-09 02:00:00+00:00,30.52,24.25,866.75,835.81,169.05,342.55,2.97,3.0,99240.0
1990-06-09 03:00:00+00:00,32.45,15.25,950.0,836.68,176.75,347.0,3.72,4.0,99210.0
1990-06-09 04:00:00+00:00,33.41,12.35,972.65,823.06,177.05,347.95,3.31,357.0,99190.0
1990-06-09 05:00:00+00:00,34.13,10.65,933.85,793.68,172.55,348.95,3.03,352.0,99120.0
1990-06-09 06:00:00+00:00,34.58,9.95,827.7,736.31,163.25,348.95,2.76,353.0,99070.0
1990-06-09 07:00:00+00:00,34.44,12.05,681.9,666.47,148.65,358.4,1.66,43.0,99080.0
1990-06-09 08:00:00+00:00,34.46,11.6,501.8,566.52,128.3,358.0,1.79,62.0,99030.0
1990-06-09 09:00:00+00:00,34.14,11.95,306.25,419.78,100.75,357.25,2.21,79.0,99000.0
1990-06-09 10:00:00+00:00,33.37,12.8,125.9,214.92,60.9,354.75,2.34,88.0,99000.0
1990-06-09 11:00:00+00:00,31.56,16.25,13.5,26.19,10.6,350.85,1.93,92.0,99030.0
1990-06-09 12:00:00+00:00,29.46,18.5,0.0,0.0,0.0,343.5,1.45,96.0,99080.0
1990-06-09 13:00:00+00:00,28.01,21.95,0.0,0.0,0.0,339.45,0.9,108.0,99190.0
1990-06-09 14:00:00+00:00,27.0,25.2,0.0,0.0,0.0,336.35,0.14,339.0,99270.0
1990-06-09 15:00:00+00:00,24.78,29.7,0.0,0.0,0.0,334.4,0.9,329.0,99300.0
1990-06-09 16:00:00+00:00,23.54,34.0,0.0,0.0,0.0,333.45,1.1,339.0,99340.0
1990-06-09 17:00:00+00:00,22.64,35.1,0.0,0.0,0.0,333.25,1.17,324.0,99370.0
1990-06-09 18:00:00+00:00,20.78,40.1,0.0,0.0,0.0,334.8,1.59,318.0,99390.0
1990-06-09 19:00:00+00:00,19.49,44.45,0.0,0.0,0.0,335.95,1.93,346.0,99460.0
1990-06-09 20:00:00+00:00,19.16,44.45,0.0,0.0,0.0,336.55,2.14,348.0,99470.0
1990-06-09 21:00:00+00:00,19.09,42.85,0.0,0.0,0.0,335.2,2.34,343.0,99500.0
1990-06-09 22:00:00+00:00,19.8,39.95,168.85,555.53,76.0,332.85,2.21,342.0,99540.0
1990-06-09 23:00:00+00:00,22.91,35.1,353.45,673.94,111.6,334.0,2.07,3.0,99530.0
1990-06-10 00:00:00+00:00,25.61,33.3,543.7,748.3,138.0,340.2,2.76,22.0,99570.0
1990-06-10 01:00:00+00:00,27.57,31.5,713.3,790.95,156.1,347.1,3.17,25.0,99580.0
1990-06-10 02:00:00+00:00,29.37,28.75,842.35,807.72,168.05,353.95,3.24,30.0,99570.0
1990-06-10 03:00:00+00:00,31.02,27.0,921.0,806.52,175.5,361.3,3.38,34.0,99550.0
1990-06-10 04:00:00+00:00,32.36,22.9,847.15,667.07,202.15,368.45,3.1,37.0,99530.0
1990-06-10 05:00:00+00:00,33.02,20.65,687.6,480.8,226.2,379.9,2.97,40.0,99470.0
1990-06-10 06:00:00+00:00,32.98,19.9,747.7,626.72,181.75,388.2,2.76,43.0,99400.0
1990-06-10 07:00:00+00:00,33.88,17.4,659.85,624.64,159.55,384.55,1.38,73.0,99340.0
1990-06-10 08:00:00+00:00,34.02,17.4,499.3,561.4,128.6,377.95,1.45,66.0,99270.0
1990-06-10 09:00:00+00:00,33.81,17.4,296.05,380.14,109.5,372.95,1.72,58.0,99230.0
1990-06-10 10:00:00+00:00,33.18,18.5,123.45,200.31,62.6,370.4,2.07,55.0,99240.0
1990-06-10 11:00:00+00:00,31.67,22.65,13.35,20.95,11.0,366.15,2.14,54.0,99270.0
1990-06-10 12:00:00+00:00,29.46,25.8,0.0,0.0,0.0,361.7,2.55,59.0,99330.0
1990-06-10 13:00:00+00:00,27.63,32.65,0.0,0.0,0.0,357.65,2.76,69.0,99440.0
1990-06-10 14:00:00+00:00,26.09,42.9,0.0,0.0,0.0,358.2,2.34,84.0,99520.0
1990-06-10 15:00:00+00:00,24.85,49.05,0.0,0.0,0.0,358.4,1.31,87.0,99570.0
1990-06-10 16:00:00+00:00,23.8,52.35,0.0,0.0,0.0,361.3,0.9,28.0,99570.0
1990-06-10 17:00:00+00:00,22.54,57.75,0.0,0.0,0.0,360.75,1.38,341.0,99560.0
1990-06-10 18:00:00+00:00,21.67,59.7,0.0,0.0,0.0,359.4,1.59,334.0,99540.0
1990-06-10 19:00:00+00:00,21.89,66.25,0.0,0.0,0.0,362.85,2.97,9.0,99620.0
1990-06-10 20:00:00+00:00,21.69,68.6,0.0,0.0,0.0,364.8,3.24,7.0,99640.0
1990-06-10 21:00:00+00:00,21.09,75.85,0.0,0.0,0.0,359.0,3.24,4.0,99690.0
1990-06-10 22:00:00+00:00,21.25,73.35,147.35,426.37,76.0,359.95,3.1,4.0,99750.0
1990-06-10 23:00:00+00:00,22.32,71.05,295.55,507.03,113.55,358.8,4.14,13.0,99780.0
1990-06-11 00:00:00+00:00,23.76,64.4,374.8,409.12,153.0,365.0,4.28,28.0,99820.0
1990-06-11 01:00:00+00:00,24.89,60.35,380.9,272.49,188.95,390.85,4.07,41.0,99840.0
1990-06-11 02:00:00+00:00,25.09,62.45,476.15,334.07,197.25,398.1,3.79,43.0,99830.0
1990-06-11 03:00:00+00:00,26.07,58.55,406.65,189.73,231.25,404.65,3.59,41.0,99830.0
1990-06-11 04:00:00+00:00,26.53,56.7,463.45,237.03,234.2,410.85,3.24,40.0,99810.0
1990-06-11 05:00:00+00:00,27.38,51.45,617.45,396.85,236.45,409.7,2.97,44.0,99750.0
1990-06-11 06:00:00+00:00,28.45,45.05,551.95,399.38,191.05,407.2,2.76,41.0,99670.0
1990-06-11 07:00:00+00:00,28.35,40.65,532.95,465.61,159.65,396.35,2.14,24.0,99660.0
1990-06-11 08:00:00+00:00,28.75,39.35,422.35,429.68,138.2,393.25,2.41,28.0,99620.0
1990-06-11 09:00:00+00:00,28.76,38.0,243.1,303.21,93.95,392.45,2.55,30.0,99570.0
1990-06-11 10:00:00+00:00,28.21,39.25,103.25,158.0,55.05,379.1,2.55,33.0,99580.0
1990-06-11 11:00:00+00:00,27.33,41.8,11.45,18.05,9.4,371.4,1.93,34.0,99600.0
1990-06-11 12:00:00+00:00,26.1,46.0,0.0,0.0,0.0,370.2,1.79,16.0,99650.0
1990-06-11 13:00:00+00:00,24.92,50.8,0.0,0.0,0.0,358.8,1.79,355.0,99720.0
1990-06-11 14:00:00+00:00,23.68,54.2,0.0,0.0,0.0,352.2,1.45,335.0,99770.0
1990-06-11 15:00:00+00:00,22.41,59.8,0.0,0.0,0.0,353.2,1.03,311.0,99780.0
1990-06-11 16:00:00+00:00,21.46,63.9,0.0,0.0,0.0,350.1,0.9,288.0,99780.0
1990-06-11 17:00:00+00:00,20.2,70.7,0.0,0.0,0.0,348.95,1.24,274.0,99790.0
1990-06-11 18:00:00+00:00,19.32,73.15,0.0,0.0,0.0,346.6,1.66,271.0,99770.0
1990-06-11 19:00:00+00:00,18.69,75.65,0.0,0.0,0.0,339.85,1.52,255.0,99720.0
1990-06-11 20:00:00+00:00,18.08,78.25,0.0,0.0,0.0,335.95,1.38,248.0,99720.0
1990-06-11 21:00:00+00:00,17.45,83.7,0.0,0.0,0.0,334.2,1.31,243.0,99700.0
1990-06-11 22:00:00+00:00,17.94,80.9,167.4,554.74,74.5,332.85,1.03,247.0,99700.0
1990-06-11 23:00:00+00:00,22.21,64.1,351.45,671.07,110.55,336.55,0.76,239.0,99680.0
1990-06-12 00:00:00+00:00,26.19,46.15,539.2,739.88,138.15,345.45,0.9,218.0,99660.0
1990-06-12 01:00:00+00:00,28.85,34.2,707.75,781.7,157.15,356.2,0.97,220.0,99670.0
1990-06-12 02:00:00+00:00,30.74,27.0,826.0,759.74,191.75,364.6,1.1,213.0,99640.0
1990-06-12 03:00:00+00:00,32.17,24.5,894.1,740.53,209.45,371.95,1.17,201.0,99590.0
1990-06-12 04:00:00+00:00,33.27,21.55,879.0,655.06,245.3,380.45,0.97,191.0,99540.0
1990-06-12 05:00:00+00:00,34.03,20.15,810.9,566.39,266.9,391.3,0.83,171.0,99450.0
1990-06-12 06:00:00+00:00,34.52,19.55,706.65,536.81,221.25,401.2,1.03,143.0,99350.0
1990-06-12 07:00:00+00:00,34.92,18.3,546.4,427.72,203.15,404.85,0.41,132.0,99280.0
1990-06-12 08:00:00+00:00,34.84,18.3,460.4,492.64,134.15,409.3,0.28,112.0,99250.0
1990-06-12 09:00:00+00:00,34.69,18.85,276.25,317.34,119.8,390.55,0.21,94.0,99220.0
1990-06-12 10:00:00+00:00,34.15,19.45,103.4,124.71,65.2,390.95,0.14,162.0,99220.0
1990-06-12 11:00:00+00:00,33.22,22.2,13.25,22.63,10.65,385.7,0.9,201.0,99230.0
1990-06-12 12:00:00+00:00,31.23,26.2,0.0,0.0,0.0,375.65,1.86,209.0,99250.0
1990-06-12 13:00:00+00:00,28.87,30.75,0.0,0.0,0.0,368.85,2.28,214.0,99320.0
1990-06-12 14:00:00+00:00,27.03,34.9,0.0,0.0,0.0,366.75,2.41,219.0,99380.0
1990-06-12 15:00:00+00:00,25.92,38.55,0.0,0.0,0.0,363.45,2.62,226.0,99360.0
1990-06-12 16:00:00+00:00,25.13,41.15,0.0,0.0,0.0,358.6,2.62,231.0,99340.0
1990-06-12 17:00:00+00:00,24.42,41.0,0.0,0.0,0.0,355.3,2.48,233.0,99300.0
1990-06-12 18:00:00+00:00,23.57,43.75,0.0,0.0,0.0,354.55,2.14,232.0,99270.0
1990-06-12 19:00:00+00:00,22.68,45.25,0.0,0.0,0.0,354.35,1.66,226.0,99240.0
1990-06-12 20:00:00+00:00,21.76,48.3,0.0,0.0,0.0,354.55,1.59,225.0,99260.0
1990-06-12 21:00:00+00:00,21.22,51.75,0.0,0.0,0.0,362.5,1.52,222.0,99250.0
1990-06-12 22:00:00+00:00,21.44,53.6,125.8,187.15,94.45,360.15,1.24,222.0,99320.0
1990-06-12 23:00:00+00:00,24.65,44.15,250.55,216.05,173.0,371.0,0.76,220.0,99320.0
1990-06-13 00:00:00+00:00,27.72,36.45,364.9,276.89,214.85,380.85,0.55,17.0,99360.0
1990-06-13 01:00:00+00:00,29.51,32.0,510.0,302.1,297.25,389.7,2.21,24.0,99410.0
1990-06-13 02:00:00+00:00,30.84,30.05,537.95,194.01,376.0,394.6,2.55,25.0,99410.0
1990-06-13 03:00:00+00:00,31.78,28.25,626.35,243.03,401.65,404.45,2.41,29.0,99420.0
1990-06-13 04:00:00+00:00,32.92,26.55,713.65,308.45,415.2,414.35,1.86,38.0,99380.0
1990-06-13 05:00:00+00:00,34.12,25.9,733.4,401.01,348.1,419.95,1.03,50.0,99340.0
1990-06-13 06:00:00+00:00,35.0,24.35,502.2,155.4,361.6,420.55,0.14,79.0,99270.0
1990-06-13 07:00:00+00:00,34.93,23.5,419.95,150.02,299.45,426.55,1.1,33.0,99290.0
1990-06-13 08:00:00+00:00,34.88,22.7,360.65,222.34,213.2,427.1,0.41,31.0,99260.0
1990-06-13 09:00:00+00:00,34.83,21.9,193.5,135.41,126.6,422.1,0.21,288.0,99230.0
1990-06-13 10:00:00+00:00,34.35,22.55,77.15,43.9,63.65,417.65,0.48,320.0,99240.0
1990-06-13 11:00:00+00:00,33.31,25.75,10.55,3.87,10.1,411.45,1.59,2.0,99270.0
1990-06-13 12:00:00+00:00,31.1,31.15,0.0,0.0,0.0,406.6,2.21,355.0,99340.0
1990-06-13 13:00:00+00:00,29.54,34.35,0.0,0.0,0.0,405.45,2.55,338.0,99400.0
1990-06-13 14:00:00+00:00,28.16,39.1,0.0,0.0,0.0,397.3,2.34,325.0,99450.0
1990-06-13 15:00:00+00:00,27.13,43.15,0.0,0.0,0.0,395.95,2.0,320.0,99430.0
1990-06-13 16:00:00+00:00,26.1,46.0,0.0,0.0,0.0,389.4,1.86,317.0,99420.0
1990-06-13 17:00:00+00:00,24.94,50.8,0.0,0.0,0.0,379.1,1.93,308.0,99380.0
1990-06-13 18:00:00+00:00,24.39,54.35,0.0,0.0,0.0,387.85,1.79,298.0,99360.0
1990-06-13 19:00:00+00:00,24.47,54.35,0.0,0.0,0.0,376.6,2.14,326.0,99400.0
1990-06-13 20:00:00+00:00,23.94,56.15,0.0,0.0,0.0,374.5,2.0,325.0,99390.0
1990-06-13 21:00:00+00:00,23.32,58.0,0.0,0.0,0.0,370.0,1.93,329.0,99430.0
1990-06-13 22:00:00+00:00,23.27,58.0,126.5,198.83,93.2,368.3,1.66,337.0,99440.0
1990-06-13 23:00:00+00:00,25.46,52.75,278.7,310.6,167.25,376.6,1.45,354.0,99490.0
1990-06-14 00:00:00+00:00,27.59,46.4,453.95,489.75,188.65,382.8,1.93,4.0,99500.0
1990-06-14 01:00:00+00:00,29.6,40.9,632.0,596.97,211.7,392.4,2.07,7.0,99520.0
1990-06-14 02:00:00+00:00,31.52,35.95,763.15,639.36,229.5,395.75,1.66,19.0,99500.0
1990-06-14 03:00:00+00:00,33.12,31.65,763.7,644.18,168.1,400.6,0.69,61.0,99490.0
1990-06-14 04:00:00+00:00,34.23,28.75,858.6,631.94,247.05,412.8,1.24,177.0,99470.0
1990-06-14 05:00:00+00:00,35.38,25.35,704.2,447.07,274.5,414.35,2.21,193.0,99390.0
1990-06-14 06:00:00+00:00,35.65,23.65,538.3,384.24,190.45,416.65,2.97,198.0,99320.0
1990-06-14 07:00:00+00:00,35.05,24.35,428.2,334.6,159.2,421.7,3.72,195.0,99300.0
1990-06-14 08:00:00+00:00,34.67,21.8,370.15,316.17,160.2,427.7,4.07,195.0,99260.0
1990-06-14 09:00:00+00:00,34.36,20.25,222.1,220.46,112.95,408.15,4.28,192.0,99220.0
1990-06-14 10:00:00+00:00,33.55,20.8,103.3,98.34,72.95,399.65,4.07,193.0,99210.0
1990-06-14 11:00:00+00:00,32.22,22.1,13.2,10.23,12.0,393.85,3.59,195.0,99240.0
1990-06-14 12:00:00+00:00,30.25,25.15,0.0,0.0,0.0,382.2,3.38,199.0,99270.0
1990-06-14 13:00:00+00:00,28.94,28.65,0.0,0.0,0.0,381.65,3.24,200.0,99330.0
1990-06-14 14:00:00+00:00,27.73,32.75,0.0,0.0,0.0,374.1,3.17,200.0,99360.0
1990-06-14 15:00:00+00:00,26.74,37.5,0.0,0.0,0.0,369.45,3.17,202.0,99380.0
1990-06-14 16:00:00+00:00,25.95,41.4,0.0,0.0,0.0,370.8,3.1,202.0,99360.0
1990-06-14 17:00:00+00:00,25.24,45.9,0.0,0.0,0.0,372.35,2.9,200.0,99340.0
1990-06-14 18:00:00+00:00,24.67,49.05,0.0,0.0,0.0,374.65,2.76,200.0,99320.0
1990-06-14 19:00:00+00:00,24.15,50.7,0.0,0.0,0.0,370.8,2.07,212.0,99280.0
1990-06-14 20:00:00+00:00,23.79,52.35,0.0,0.0,0.0,383.2,1.66,208.0,99270.0
1990-06-14 21:00:00+00:00,23.16,54.1,0.0,0.0,0.0,377.55,1.59,197.0,99260.0
1990-06-14 22:00:00+00:00,23.22,56.0,112.65,251.24,70.6,373.5,1.72,187.0,99310.0
1990-06-14 23:00:00+00:00,24.78,52.6,182.15,174.55,119.55,382.4,2.83,179.0,99340.0
1990-06-15 00:00:00+00:00,25.65,52.75,201.15,128.18,131.75,398.65,3.66,180.0,99390.0
1990-06-15 01:00:00+00:00,25.96,51.05,234.25,101.52,162.8,405.75,3.72,183.0,99430.0
1990-06-15 02:00:00+00:00,26.21,49.45,372.8,120.67,272.1,408.15,3.59,178.0,99430.0
1990-06-15 03:00:00+00:00,26.95,47.9,653.95,431.23,255.25,410.65,3.59,166.0,99400.0
1990-06-15 04:00:00+00:00,28.36,43.55,711.2,388.38,335.3,396.75,3.79,158.0,99350.0
1990-06-15 05:00:00+00:00,29.43,40.9,691.35,363.15,342.2,404.85,3.72,156.0,99290.0
1990-06-15 06:00:00+00:00,30.57,37.1,450.7,168.2,298.35,411.65,3.38,158.0,99220.0
1990-06-15 07:00:00+00:00,28.82,43.65,232.1,72.27,173.95,417.85,3.93,168.0,99190.0
1990-06-15 08:00:00+00:00,28.13,48.15,177.25,85.13,120.65,427.7,4.34,167.0,99170.0
1990-06-15 09:00:00+00:00,27.3,49.7,118.7,65.11,86.4,423.05,4.76,169.0,99150.0
1990-06-15 10:00:00+00:00,26.45,54.8,64.2,46.98,49.65,419.55,4.62,170.0,99140.0
1990-06-15 11:00:00+00:00,25.63,60.45,9.05,8.44,8.05,408.75,4.0,169.0,99170.0
1990-06-15 12:00:00+00:00,24.81,62.45,0.0,0.0,0.0,400.0,3.38,168.0,99210.0
1990-06-15 13:00:00+00:00,23.99,66.65,0.0,0.0,0.0,386.85,3.17,166.0,99250.0
1990-06-15 14:00:00+00:00,23.53,71.25,0.0,0.0,0.0,394.2,3.1,167.0,99250.0
1990-06-15 15:00:00+00:00,23.14,71.25,0.0,0.0,0.0,394.4,2.9,170.0,99270.0
1990-06-15 16:00:00+00:00,22.72,73.6,0.0,0.0,0.0,389.55,2.62,170.0,99270.0
1990-06-15 17:00:00+00:00,22.37,78.7,0.0,0.0,0.0,389.0,2.48,170.0,99260.0
1990-06-15 18:00:00+00:00,21.94,81.35,0.0,0.0,0.0,382.0,2.28,170.0,99240.0
1990-06-15 19:00:00+00:00,21.83,81.35,0.0,0.0,0.0,390.95,2.0,169.0,99220.0
1990-06-15 20:00:00+00:00,21.59,84.05,0.0,0.0,0.0,389.95,2.0,162.0,99190.0
1990-06-15 21:00:00+00:00,21.18,84.05,0.0,0.0,0.0,379.7,1.86,161.0,99180.0
1990-06-15 22:00:00+00:00,21.23,84.05,115.45,210.85,80.2,378.95,2.0,167.0,99190.0
1990-06-15 23:00:00+00:00,22.11,81.35,260.55,312.36,148.6,374.65,2.28,181.0,99230.0
1990-06-16 00:00:00+00:00,23.82,68.95,377.25,288.75,221.0,385.3,1.79,184.0,99220.0
1990-06-16 01:00:00+00:00,25.44,62.55,436.95,237.79,269.65,395.85,1.86,173.0,99210.0
1990-06-16 02:00:00+00:00,26.96,54.95,344.65,49.02,303.75,415.3,2.21,168.0,99170.0
1990-06-16 03:00:00+00:00,27.63,53.2,356.3,30.39,328.2,434.85,2.34,168.0,99120.0
1990-06-16 04:00:00+00:00,28.33,48.25,441.0,139.31,306.15,436.0,2.41,164.0,99070.0
1990-06-16 05:00:00+00:00,29.24,45.35,464.5,214.35,258.35,430.2,2.55,165.0,99010.0
1990-06-16 06:00:00+00:00,29.9,43.95,481.05,229.41,273.15,431.0,2.76,162.0,98960.0
1990-06-16 07:00:00+00:00,29.61,46.9,375.85,140.45,262.75,426.35,3.38,164.0,98920.0
1990-06-16 08:00:00+00:00,29.83,45.45,221.3,84.5,165.05,438.55,3.31,161.0,98870.0
1990-06-16 09:00:00+00:00,29.14,48.4,213.2,167.41,130.0,431.75,4.21,152.0,98780.0
1990-06-16 10:00:00+00:00,28.79,48.4,59.85,20.92,53.35,409.7,3.79,159.0,98840.0
1990-06-16 11:00:00+00:00,27.97,51.55,6.35,0.0,6.35,422.45,2.9,155.0,98910.0
1990-06-16 12:00:00+00:00,27.05,56.85,0.0,0.0,0.0,420.55,2.76,168.0,98940.0
1990-06-16 13:00:00+00:00,26.12,60.6,0.0,0.0,0.0,409.5,4.07,177.0,98890.0
1990-06-16 14:00:00+00:00,25.18,62.55,0.0,0.0,0.0,391.1,4.0,185.0,98910.0
1990-06-16 15:00:00+00:00,24.36,69.05,0.0,0.0,0.0,386.1,3.38,173.0,98940.0
1990-06-16 16:00:00+00:00,23.6,73.7,0.0,0.0,0.0,384.55,3.24,162.0,98940.0
1990-06-16 17:00:00+00:00,22.98,76.15,0.0,0.0,0.0,382.6,3.03,162.0,98960.0
1990-06-16 18:00:00+00:00,22.42,78.7,0.0,0.0,0.0,380.3,2.76,166.0,98970.0
1990-06-16 19:00:00+00:00,21.87,78.65,0.0,0.0,0.0,369.45,2.28,175.0,98970.0
1990-06-16 20:00:00+00:00,21.32,81.3,0.0,0.0,0.0,367.7,2.21,169.0,98940.0
1990-06-16 21:00:00+00:00,20.85,86.9,0.0,0.0,0.0,365.0,2.07,172.0,98960.0
1990-06-16 22:00:00+00:00,20.92,86.9,147.6,424.76,76.7,363.05,1.93,174.0,98950.0
1990-06-16 23:00:00+00:00,22.2,78.7,317.75,550.85,120.5,364.4,2.55,182.0,98960.0
1990-06-17 00:00:00+00:00,24.07,71.35,491.05,602.03,165.5,370.2,2.55,186.0,98930.0
1990-06-17 01:00:00+00:00,26.02,62.65,662.45,699.62,170.45,379.25,2.14,178.0,98950.0
1990-06-17 02:00:00+00:00,28.03,55.15,713.35,585.78,224.75,386.1,2.0,158.0,98950.0
1990-06-17 03:00:00+00:00,29.64,50.2,688.1,459.15,263.65,406.4,2.28,148.0,98920.0
1990-06-17 04:00:00+00:00,30.83,45.6,651.05,365.64,297.1,420.9,2.0,155.0,98890.0
1990-06-17 05:00:00+00:00,31.61,42.7,688.9,423.4,281.6,427.7,1.72,170.0,98870.0
1990-06-17 06:00:00+00:00,32.72,40.15,490.35,287.37,229.8,425.75,2.28,156.0,98770.0
1990-06-17 07:00:00+00:00,31.34,42.7,353.3,173.79,213.25,421.5,2.34,146.0,98860.0
1990-06-17 08:00:00+00:00,31.14,44.05,306.05,233.71,150.3,424.6,1.59,148.0,98840.0
1990-06-17 09:00:00+00:00,31.17,44.05,218.85,202.77,117.9,420.75,1.45,125.0,98820.0
1990-06-17 10:00:00+00:00,30.79,44.05,98.5,118.87,61.45,407.2,2.0,136.0,98790.0
1990-06-17 11:00:00+00:00,29.87,47.0,14.3,22.81,11.55,404.45,2.62,133.0,98820.0
1990-06-17 12:00:00+00:00,28.1,53.35,0.0,0.0,0.0,393.25,3.17,136.0,98880.0
1990-06-17 13:00:00+00:00,26.68,58.8,0.0,0.0,0.0,388.6,3.59,147.0,98950.0
1990-06-17 14:00:00+00:00,25.7,62.65,0.0,0.0,0.0,388.6,3.31,155.0,99030.0
1990-06-17 15:00:00+00:00,24.87,66.85,0.0,0.0,0.0,382.4,2.76,163.0,99070.0
1990-06-17 16:00:00+00:00,24.23,69.05,0.0,0.0,0.0,380.45,2.41,168.0,99100.0
1990-06-17 17:00:00+00:00,23.62,73.7,0.0,0.0,0.0,377.95,2.21,169.0,99100.0
1990-06-17 18:00:00+00:00,23.06,76.15,0.0,0.0,0.0,376.4,2.07,170.0,99090.0
1990-06-17 19:00:00+00:00,23.09,76.15,0.0,0.0,0.0,378.95,2.41,163.0,99060.0
1990-06-17 20:00:00+00:00,22.68,76.15,0.0,0.0,0.0,376.6,2.55,163.0,99060.0
1990-06-17 21:00:00+00:00,22.26,78.7,0.0,0.0,0.0,371.4,2.41,168.0,99090.0
1990-06-17 22:00:00+00:00,22.37,78.7,147.25,428.61,75.85,370.6,2.07,169.0,99100.0
1990-06-17 23:00:00+00:00,23.67,71.35,313.15,543.6,118.7,372.75,2.55,177.0,99120.0
1990-06-18 00:00:00+00:00,25.34,66.95,485.2,617.68,151.45,379.9,2.48,188.0,99110.0
1990-06-18 01:00:00+00:00,27.14,60.8,641.95,649.04,185.75,388.35,2.0,186.0,99110.0
1990-06-18 02:00:00+00:00,28.95,55.4,759.45,665.05,204.9,399.45,1.72,171.0,99100.0
1990-06-18 03:00:00+00:00,31.22,48.9,753.6,555.56,240.1,410.1,2.0,170.0,99050.0
1990-06-18 04:00:00+00:00,32.53,44.45,711.35,445.06,280.5,425.55,2.21,178.0,98990.0
1990-06-18 05:00:00+00:00,33.53,41.8,489.15,185.93,310.25,437.95,2.28,161.0,98920.0
1990-06-18 06:00:00+00:00,33.24,43.2,234.85,51.49,188.15,441.25,2.0,155.0,98910.0
1990-06-18 07:00:00+00:00,29.88,52.05,144.05,19.35,128.45,426.55,1.52,267.0,99030.0
1990-06-18 08:00:00+00:00,29.27,53.7,173.8,34.1,151.05,425.2,1.17,280.0,98980.0
1990-06-18 09:00:00+00:00,29.18,55.4,115.3,11.33,109.65,421.9,0.69,132.0,98930.0
1990-06-18 10:00:00+00:00,28.71,57.3,46.6,12.96,42.55,413.95,2.28,134.0,98970.0
1990-06-18 11:00:00+00:00,27.44,65.1,8.35,3.29,7.95,416.3,3.24,149.0,98990.0
1990-06-18 12:00:00+00:00,26.26,71.75,0.0,0.0,0.0,415.1,2.76,163.0,99040.0
1990-06-18 13:00:00+00:00,25.42,76.5,0.0,0.0,0.0,403.7,2.48,181.0,99140.0
1990-06-18 14:00:00+00:00,24.74,79.05,0.0,0.0,0.0,394.4,2.34,197.0,99180.0
1990-06-18 15:00:00+00:00,24.39,81.65,0.0,0.0,0.0,396.35,1.79,209.0,99150.0
1990-06-18 16:00:00+00:00,23.97,84.35,0.0,0.0,0.0,391.1,1.24,213.0,99120.0
1990-06-18 17:00:00+00:00,23.43,87.1,0.0,0.0,0.0,388.4,1.03,202.0,99070.0
1990-06-18 18:00:00+00:00,22.94,90.05,0.0,0.0,0.0,387.65,0.97,195.0,99020.0
1990-06-18 19:00:00+00:00,23.04,90.05,0.0,0.0,0.0,407.75,1.24,62.0,99120.0
1990-06-18 20:00:00+00:00,22.32,93.05,0.0,0.0,0.0,408.55,1.24,90.0,99140.0
1990-06-18 21:00:00+00:00,21.79,96.15,0.0,0.0,0.0,407.0,0.9,94.0,99160.0
1990-06-18 22:00:00+00:00,21.74,96.15,15.25,0.0,15.25,409.3,0.41,227.0,99170.0
1990-06-18 23:00:00+00:00,22.0,96.15,33.95,0.0,33.95,413.75,1.03,212.0,99160.0
1990-06-19 00:00:00+00:00,22.17,93.05,59.95,0.0,59.95,408.75,1.1,200.0,99230.0
1990-06-19 01:00:00+00:00,22.16,93.05,129.0,3.35,126.65,406.15,0.28,281.0,99260.0
1990-06-19 02:00:00+00:00,22.42,96.15,111.2,0.0,111.2,409.5,1.03,34.0,99260.0
1990-06-19 03:00:00+00:00,22.35,96.15,63.2,0.0,63.2,418.4,1.72,72.0,99250.0
1990-06-19 04:00:00+00:00,21.82,99.4,33.55,0.0,33.55,420.55,2.0,90.0,99220.0
1990-06-19 05:00:00+00:00,21.58,99.4,66.85,0.0,66.85,416.1,1.66,102.0,99170.0
1990-06-19 06:00:00+00:00,21.5,99.4,65.35,0.0,65.35,414.9,1.1,102.0,99100.0
1990-06-19 07:00:00+00:00,22.19,87.05,109.0,8.67,102.0,414.15,2.76,7.0,99190.0
1990-06-19 08:00:00+00:00,21.67,87.0,56.0,10.41,49.05,412.6,3.79,356.0,99180.0
1990-06-19 09:00:00+00:00,20.79,89.9,33.15,6.11,30.1,408.15,4.14,358.0,99160.0
1990-06-19 10:00:00+00:00,20.39,89.85,10.65,0.0,10.65,407.95,4.41,6.0,99170.0
1990-06-19 11:00:00+00:00,20.08,89.85,2.8,0.82,2.7,404.65,4.41,10.0,99210.0
1990-06-19 12:00:00+00:00,19.85,86.85,0.0,0.0,0.0,401.55,4.07,10.0,99250.0
1990-06-19 13:00:00+00:00,19.71,86.85,0.0,0.0,0.0,398.1,3.66,2.0,99280.0
1990-06-19 14:00:00+00:00,19.59,86.85,0.0,0.0,0.0,393.65,4.0,352.0,99290.0
1990-06-19 15:00:00+00:00,19.44,86.85,0.0,0.0,0.0,395.4,4.28,350.0,99250.0
1990-06-19 16:00:00+00:00,19.33,86.85,0.0,0.0,0.0,396.9,4.07,352.0,99220.0
1990-06-19 17:00:00+00:00,19.21,86.85,0.0,0.0,0.0,394.2,4.28,352.0,99180.0
1990-06-19 18:00:00+00:00,19.12,83.9,0.0,0.0,0.0,388.8,4.48,347.0,99150.0
1990-06-19 19:00:00+00:00,18.21,83.8,0.0,0.0,0.0,355.7,2.41,352.0,99310.0
1990-06-19 20:00:00+00:00,18.12,81.0,0.0,0.0,0.0,357.65,2.34,350.0,99330.0
1990-06-19 21:00:00+00:00,17.98,83.75,0.0,0.0,0.0,355.5,2.48,347.0,99360.0
1990-06-19 22:00:00+00:00,18.2,81.0,138.95,356.38,79.9,350.1,2.41,346.0,99380.0
1990-06-19 23:00:00+00:00,19.71,73.2,278.75,438.24,122.4,348.95,2.21,349.0,99380.0
1990-06-20 00:00:00+00:00,21.54,68.5,455.8,530.67,169.6,355.3,2.69,358.0,99420.0
1990-06-20 01:00:00+00:00,23.11,59.95,644.75,641.58,194.35,360.05,3.17,5.0,99430.0
1990-06-20 02:00:00+00:00,24.55,56.25,730.85,624.33,210.65,358.6,3.79,6.0,99420.0
1990-06-20 03:00:00+00:00,25.49,52.75,808.0,664.26,194.25,374.65,4.76,13.0,99390.0
1990-06-20 04:00:00+00:00,26.35,49.45,764.9,546.24,236.1,368.1,5.17,16.0,99360.0
1990-06-20 05:00:00+00:00,26.85,47.9,668.5,420.35,263.9,396.55,5.1,21.0,99340.0
1990-06-20 06:00:00+00:00,26.92,49.55,666.85,502.51,210.7,398.45,4.9,25.0,99320.0
1990-06-20 07:00:00+00:00,26.9,49.55,456.35,336.44,184.7,395.75,3.93,29.0,99320.0
1990-06-20 08:00:00+00:00,26.49,52.95,448.4,456.82,143.05,388.2,3.38,38.0,99310.0
1990-06-20 09:00:00+00:00,26.42,54.8,267.2,311.48,111.4,381.25,2.97,43.0,99290.0
1990-06-20 10:00:00+00:00,26.04,56.6,120.3,183.48,62.65,389.4,2.48,48.0,99310.0
1990-06-20 11:00:00+00:00,24.96,62.45,15.1,13.4,13.45,367.5,1.86,47.0,99320.0
1990-06-20 12:00:00+00:00,23.7,66.65,0.0,0.0,0.0,364.8,1.86,35.0,99370.0
1990-06-20 13:00:00+00:00,22.66,71.15,0.0,0.0,0.0,368.3,1.66,29.0,99450.0
1990-06-20 14:00:00+00:00,21.5,78.55,0.0,0.0,0.0,362.85,1.59,25.0,99550.0
1990-06-20 15:00:00+00:00,20.51,83.95,0.0,0.0,0.0,363.65,1.38,17.0,99570.0
1990-06-20 16:00:00+00:00,19.86,83.95,0.0,0.0,0.0,365.4,1.45,2.0,99580.0
1990-06-20 17:00:00+00:00,19.45,83.9,0.0,0.0,0.0,362.85,1.72,347.0,99560.0
1990-06-20 18:00:00+00:00,19.09,86.8,0.0,0.0,0.0,360.55,1.79,343.0,99540.0
1990-06-20 19:00:00+00:00,18.75,86.8,0.0,0.0,0.0,356.85,1.45,346.0,99540.0
1990-06-20 20:00:00+00:00,18.19,89.75,0.0,0.0,0.0,350.5,1.52,1.0,99560.0
1990-06-20 21:00:00+00:00,17.78,89.75,0.0,0.0,0.0,348.95,1.59,4.0,99580.0
1990-06-20 22:00:00+00:00,18.01,92.85,145.8,419.64,76.5,344.1,1.52,360.0,99630.0
1990-06-20 23:00:00+00:00,20.32,83.95,314.05,569.62,111.15,346.8,1.86,9.0,99640.0
1990-06-21 00:00:00+00:00,21.79,76.0,484.1,622.01,149.0,350.65,2.55,12.0,99690.0
1990-06-21 01:00:00+00:00,23.16,68.85,628.2,614.8,196.9,357.15,3.1,14.0,99700.0
1990-06-21 02:00:00+00:00,24.37,62.35,588.65,411.72,245.75,368.65,3.66,18.0,99660.0
1990-06-21 03:00:00+00:00,25.16,56.5,603.7,292.02,333.95,397.7,3.93,21.0,99650.0
1990-06-21 04:00:00+00:00,25.93,54.7,591.1,243.07,355.8,408.15,3.72,24.0,99600.0
1990-06-21 05:00:00+00:00,26.62,52.95,516.7,203.03,321.25,411.45,3.24,28.0,99550.0
1990-06-21 06:00:00+00:00,26.91,49.55,381.6,115.25,276.95,414.35,3.24,33.0,99470.0
1990-06-21 07:00:00+00:00,26.77,51.3,420.2,201.7,257.25,413.55,1.59,52.0,99480.0
1990-06-21 08:00:00+00:00,27.06,51.3,324.8,214.13,181.55,410.85,1.66,68.0,99430.0
1990-06-21 09:00:00+00:00,27.07,51.3,192.15,148.24,117.9,412.4,1.17,50.0,99420.0
1990-06-21 10:00:00+00:00,26.74,53.1,81.65,82.4,55.7,402.15,0.9,74.0,99410.0
1990-06-21 11:00:00+00:00,25.95,60.6,15.0,21.39,12.35,394.0,0.97,117.0,99430.0
1990-06-21 12:00:00+00:00,24.15,66.75,0.0,0.0,0.0,369.45,1.66,128.0,99460.0
1990-06-21 13:00:00+00:00,22.51,78.7,0.0,0.0,0.0,369.85,1.52,138.0,99530.0
1990-06-21 14:00:00+00:00,22.37,76.1,0.0,0.0,0.0,366.15,0.97,121.0,99600.0
1990-06-21 15:00:00+00:00,22.32,73.55,0.0,0.0,0.0,368.1,0.55,108.0,99610.0
1990-06-21 16:00:00+00:00,22.01,76.0,0.0,0.0,0.0,365.55,0.48,183.0,99600.0
1990-06-21 17:00:00+00:00,21.47,78.55,0.0,0.0,0.0,361.3,0.34,265.0,99590.0
1990-06-21 18:00:00+00:00,21.01,81.2,0.0,0.0,0.0,356.1,0.41,304.0,99580.0
1990-06-21 19:00:00+00:00,20.71,81.2,0.0,0.0,0.0,361.5,0.62,250.0,99650.0
1990-06-21 20:00:00+00:00,19.95,83.95,0.0,0.0,0.0,362.5,0.83,222.0,99660.0
1990-06-21 21:00:00+00:00,19.21,86.85,0.0,0.0,0.0,357.05,0.9,211.0,99640.0
1990-06-21 22:00:00+00:00,19.49,86.85,128.4,322.76,75.3,359.95,0.76,231.0,99670.0
1990-06-21 23:00:00+00:00,21.46,84.05,305.55,520.99,120.3,365.2,0.28,211.0,99670.0
1990-06-22 00:00:00+00:00,23.66,71.35,485.1,625.15,148.7,371.0,0.55,176.0,99670.0
1990-06-22 01:00:00+00:00,25.14,66.85,647.4,674.62,174.5,372.05,1.03,164.0,99680.0
1990-06-22 02:00:00+00:00,26.42,60.7,657.5,499.86,241.4,380.3,1.59,164.0,99640.0
1990-06-22 03:00:00+00:00,27.45,56.95,653.55,430.11,256.35,392.45,2.07,168.0,99620.0
1990-06-22 04:00:00+00:00,28.06,55.15,632.3,357.82,285.95,409.5,2.28,164.0,99540.0
1990-06-22 05:00:00+00:00,28.54,53.45,583.65,281.9,312.25,413.55,2.07,153.0,99480.0
1990-06-22 06:00:00+00:00,28.71,53.55,495.9,272.15,248.7,426.75,2.69,128.0,99400.0
1990-06-22 07:00:00+00:00,28.92,53.55,335.9,174.5,194.85,424.0,2.07,121.0,99410.0
1990-06-22 08:00:00+00:00,27.25,60.9,318.55,274.82,134.55,417.85,2.14,103.0,99430.0
1990-06-22 09:00:00+00:00,26.73,65.0,191.65,168.5,107.15,417.85,1.79,96.0,99390.0
1990-06-22 10:00:00+00:00,26.44,67.15,88.45,103.93,55.65,403.9,1.1,122.0,99410.0
1990-06-22 11:00:00+00:00,25.85,71.65,11.95,14.05,10.2,393.05,0.14,206.0,99450.0
1990-06-22 12:00:00+00:00,24.11,81.55,0.0,0.0,0.0,389.95,2.21,15.0,99520.0
1990-06-22 13:00:00+00:00,21.75,93.0,0.0,0.0,0.0,393.65,2.97,18.0,99670.0
1990-06-22 14:00:00+00:00,21.01,99.4,0.0,0.0,0.0,394.8,1.38,324.0,99670.0
1990-06-22 15:00:00+00:00,20.84,96.15,0.0,0.0,0.0,400.0,2.21,304.0,99680.0
1990-06-22 16:00:00+00:00,20.53,99.4,0.0,0.0,0.0,385.3,1.79,337.0,99610.0
1990-06-22 17:00:00+00:00,20.25,96.1,0.0,0.0,0.0,380.65,1.79,16.0,99570.0
1990-06-22 18:00:00+00:00,19.94,96.1,0.0,0.0,0.0,382.4,2.41,46.0,99600.0
1990-06-22 19:00:00+00:00,19.79,92.95,0.0,0.0,0.0,395.2,1.93,29.0,99690.0
1990-06-22 20:00:00+00:00,19.65,92.95,0.0,0.0,0.0,390.35,1.38,345.0,99710.0
1990-06-22 21:00:00+00:00,19.57,96.1,0.0,0.0,0.0,384.55,1.52,335.0,99710.0
1990-06-22 22:00:00+00:00,19.82,92.95,61.35,82.1,47.9,384.75,1.52,343.0,99770.0
1990-06-22 23:00:00+00:00,20.44,96.1,157.85,124.97,113.5,391.3,1.52,3.0,99780.0
1990-06-23 00:00:00+00:00,21.46,89.95,272.8,250.92,137.95,402.15,1.93,17.0,99790.0
1990-06-23 01:00:00+00:00,22.71,78.75,419.0,302.04,207.45,397.05,2.34,26.0,99760.0
1990-06-23 02:00:00+00:00,24.0,73.75,511.35,327.77,238.65,392.1,2.14,34.0,99720.0
1990-06-23 03:00:00+00:00,25.24,66.95,531.75,306.16,249.1,406.0,1.93,54.0,99670.0
1990-06-23 04:00:00+00:00,25.99,64.8,524.1,316.27,218.0,410.65,1.59,67.0,99640.0
1990-06-23 05:00:00+00:00,26.57,62.8,561.9,357.28,217.9,410.3,1.45,73.0,99580.0
1990-06-23 06:00:00+00:00,27.04,60.8,574.35,410.49,201.4,405.65,1.31,72.0,99520.0
1990-06-23 07:00:00+00:00,28.13,55.15,370.6,261.85,158.85,410.85,1.17,96.0,99440.0
1990-06-23 08:00:00+00:00,28.02,55.15,322.5,226.11,171.0,410.85,1.31,96.0,99440.0
1990-06-23 09:00:00+00:00,27.94,55.15,206.7,191.72,110.45,406.2,1.24,104.0,99380.0
1990-06-23 10:00:00+00:00,27.66,56.95,86.4,94.41,56.55,408.15,0.97,108.0,99400.0
1990-06-23 11:00:00+00:00,27.17,60.8,14.25,14.39,12.45,403.9,0.41,109.0,99420.0
1990-06-23 12:00:00+00:00,26.6,62.8,0.0,0.0,0.0,382.8,0.07,144.0,99450.0
1990-06-23 13:00:00+00:00,25.92,64.8,0.0,0.0,0.0,391.5,0.28,177.0,99510.0
1990-06-23 14:00:00+00:00,25.23,66.95,0.0,0.0,0.0,389.0,0.62,189.0,99520.0
1990-06-23 15:00:00+00:00,24.23,71.4,0.0,0.0,0.0,391.5,0.76,224.0,99480.0
1990-06-23 16:00:00+00:00,23.54,76.2,0.0,0.0,0.0,389.2,0.76,238.0,99430.0
1990-06-23 17:00:00+00:00,22.45,84.15,0.0,0.0,0.0,389.2,1.03,248.0,99410.0
1990-06-23 18:00:00+00:00,21.61,87.0,0.0,0.0,0.0,388.2,1.24,244.0,99390.0
1990-06-23 19:00:00+00:00,22.08,89.95,0.0,0.0,0.0,396.15,0.97,268.0,99370.0
1990-06-23 20:00:00+00:00,21.78,89.95,0.0,0.0,0.0,393.25,1.03,234.0,99340.0
1990-06-23 21:00:00+00:00,21.65,89.95,0.0,0.0,0.0,383.0,0.97,221.0,99320.0
1990-06-23 22:00:00+00:00,22.73,84.25,123.6,257.87,81.55,384.75,0.21,192.0,99350.0
1990-06-23 23:00:00+00:00,23.93,81.55,266.65,377.52,132.95,387.25,0.48,151.0,99360.0
1990-06-24 00:00:00+00:00,25.63,74.0,461.7,571.64,154.9,392.3,1.24,174.0,99360.0
1990-06-24 01:00:00+00:00,27.1,65.0,579.35,543.02,199.35,391.05,2.0,177.0,99380.0
1990-06-24 02:00:00+00:00,28.16,59.0,690.05,548.46,234.0,400.2,2.69,175.0,99320.0
1990-06-24 03:00:00+00:00,29.12,57.3,784.35,599.42,231.15,411.05,3.03,176.0,99280.0
1990-06-24 04:00:00+00:00,29.91,53.8,782.35,521.65,277.55,410.45,3.17,176.0,99250.0
1990-06-24 05:00:00+00:00,30.45,53.9,743.55,437.23,322.55,413.75,3.24,171.0,99170.0
1990-06-24 06:00:00+00:00,30.85,53.9,630.7,369.3,295.1,417.65,3.31,163.0,99070.0
1990-06-24 07:00:00+00:00,31.08,52.15,427.1,183.99,278.25,418.0,3.24,157.0,99050.0
1990-06-24 08:00:00+00:00,30.95,52.15,300.4,130.21,213.1,427.1,2.9,159.0,99040.0
1990-06-24 09:00:00+00:00,30.41,53.9,178.9,58.7,149.4,424.0,2.34,152.0,98960.0
1990-06-24 10:00:00+00:00,29.82,57.5,87.4,45.63,72.95,422.45,1.31,153.0,98990.0
1990-06-24 11:00:00+00:00,28.96,65.4,11.35,0.8,11.25,420.35,0.69,159.0,99020.0
1990-06-24 12:00:00+00:00,27.34,76.8,0.0,0.0,0.0,413.95,0.62,238.0,99080.0
1990-06-24 13:00:00+00:00,26.04,81.8,0.0,0.0,0.0,418.8,0.9,248.0,99180.0
1990-06-24 14:00:00+00:00,25.14,84.4,0.0,0.0,0.0,414.35,1.31,228.0,99210.0
1990-06-24 15:00:00+00:00,24.52,84.35,0.0,0.0,0.0,414.9,1.31,226.0,99190.0
1990-06-24 16:00:00+00:00,23.95,87.15,0.0,0.0,0.0,409.5,1.31,232.0,99160.0
1990-06-24 17:00:00+00:00,23.53,90.05,0.0,0.0,0.0,409.3,1.31,233.0,99130.0
1990-06-24 18:00:00+00:00,23.24,90.05,0.0,0.0,0.0,408.55,1.17,224.0,99070.0
1990-06-24 19:00:00+00:00,23.32,87.1,0.0,0.0,0.0,409.1,1.17,224.0,99030.0
1990-06-24 20:00:00+00:00,23.22,87.1,0.0,0.0,0.0,407.55,0.9,216.0,99030.0
1990-06-24 21:00:00+00:00,22.79,90.05,0.0,0.0,0.0,405.25,1.1,210.0,99040.0
1990-06-24 22:00:00+00:00,22.98,90.05,68.9,35.44,63.15,406.6,1.38,213.0,99070.0
1990-06-24 23:00:00+00:00,24.3,81.65,128.25,12.17,123.95,405.85,1.52,206.0,99090.0
1990-06-25 00:00:00+00:00,25.38,76.5,262.6,116.34,200.25,411.25,1.79,200.0,99120.0
1990-06-25 01:00:00+00:00,26.6,71.75,291.6,109.49,215.05,411.75,2.55,201.0,99170.0
1990-06-25 02:00:00+00:00,27.34,67.3,349.4,85.2,278.6,415.7,3.1,204.0,99160.0
1990-06-25 03:00:00+00:00,28.04,63.1,397.65,82.33,321.7,419.55,3.45,210.0,99160.0
1990-06-25 04:00:00+00:00,28.56,61.1,428.25,149.09,284.0,420.9,3.52,212.0,99150.0
1990-06-25 05:00:00+00:00,28.9,55.4,417.55,119.43,302.55,422.3,3.45,204.0,99120.0
1990-06-25 06:00:00+00:00,28.85,55.4,185.35,18.48,168.55,423.85,3.66,190.0,99040.0
1990-06-25 07:00:00+00:00,26.47,69.4,238.7,104.47,154.15,420.75,2.69,182.0,99140.0
1990-06-25 08:00:00+00:00,26.28,69.4,252.55,125.51,168.35,416.3,3.24,181.0,99080.0
1990-06-25 09:00:00+00:00,26.12,69.3,278.55,333.8,110.65,412.0,3.45,182.0,99030.0
1990-06-25 10:00:00+00:00,26.08,69.3,119.65,173.25,64.7,385.1,3.24,185.0,99040.0
1990-06-25 11:00:00+00:00,25.35,71.6,14.35,21.82,11.6,383.4,2.83,179.0,99090.0
1990-06-25 12:00:00+00:00,24.32,76.35,0.0,0.0,0.0,389.4,2.9,180.0,99120.0
1990-06-25 13:00:00+00:00,23.77,76.3,0.0,0.0,0.0,387.85,2.9,188.0,99210.0
1990-06-25 14:00:00+00:00,23.32,78.85,0.0,0.0,0.0,386.3,2.83,193.0,99250.0
1990-06-25 15:00:00+00:00,22.79,78.75,0.0,0.0,0.0,381.65,2.76,197.0,99250.0
1990-06-25 16:00:00+00:00,22.12,81.4,0.0,0.0,0.0,373.3,2.69,197.0,99200.0
1990-06-25 17:00:00+00:00,21.6,84.05,0.0,0.0,0.0,370.6,2.62,197.0,99170.0
1990-06-25 18:00:00+00:00,21.19,84.05,0.0,0.0,0.0,369.25,2.55,196.0,99140.0
1990-06-25 19:00:00+00:00,20.91,86.9,0.0,0.0,0.0,369.05,2.21,194.0,99160.0
1990-06-25 20:00:00+00:00,20.62,84.05,0.0,0.0,0.0,368.3,2.07,199.0,99170.0
1990-06-25 21:00:00+00:00,20.27,86.85,0.0,0.0,0.0,366.75,1.86,204.0,99140.0
1990-06-25 22:00:00+00:00,20.37,89.85,148.4,469.17,72.7,365.55,1.59,203.0,99170.0
1990-06-25 23:00:00+00:00,22.25,81.4,319.55,584.41,113.55,367.7,1.72,193.0,99170.0
1990-06-26 00:00:00+00:00,24.17,73.85,504.25,677.44,141.75,373.1,2.0,189.0,99200.0
1990-06-26 01:00:00+00:00,26.06,69.3,668.8,723.76,163.3,379.25,1.93,181.0,99240.0
1990-06-26 02:00:00+00:00,27.74,63.1,801.5,752.29,176.75,386.3,2.21,172.0,99230.0
1990-06-26 03:00:00+00:00,29.22,57.4,891.8,766.06,185.35,392.1,2.62,171.0,99210.0
1990-06-26 04:00:00+00:00,30.37,53.9,910.0,747.05,187.35,395.95,2.76,172.0,99170.0
1990-06-26 05:00:00+00:00,31.15,53.9,840.45,675.49,190.05,400.4,2.55,173.0,99110.0
1990-06-26 06:00:00+00:00,31.62,50.55,708.85,579.01,182.5,404.45,2.34,176.0,99070.0
1990-06-26 07:00:00+00:00,31.79,49.0,534.3,455.67,165.4,410.85,2.83,181.0,99060.0
1990-06-26 08:00:00+00:00,31.61,50.55,450.85,467.96,136.75,413.0,2.9,184.0,99030.0
1990-06-26 09:00:00+00:00,31.47,50.55,263.5,291.32,116.85,410.3,2.83,184.0,99010.0
1990-06-26 10:00:00+00:00,30.72,53.9,120.75,190.04,60.4,406.8,2.34,179.0,99010.0
1990-06-26 11:00:00+00:00,29.37,59.35,14.4,26.91,11.0,400.4,2.21,184.0,99050.0
1990-06-26 12:00:00+00:00,27.78,65.2,0.0,0.0,0.0,399.05,2.34,194.0,99120.0
1990-06-26 13:00:00+00:00,26.55,69.4,0.0,0.0,0.0,390.55,2.28,206.0,99180.0
1990-06-26 14:00:00+00:00,25.49,74.0,0.0,0.0,0.0,383.55,2.21,215.0,99230.0
1990-06-26 15:00:00+00:00,24.47,78.95,0.0,0.0,0.0,380.65,2.14,219.0,99230.0
1990-06-26 16:00:00+00:00,23.59,84.25,0.0,0.0,0.0,377.95,2.07,222.0,99240.0
1990-06-26 17:00:00+00:00,22.85,87.1,0.0,0.0,0.0,377.0,1.93,225.0,99220.0
1990-06-26 18:00:00+00:00,22.09,89.95,0.0,0.0,0.0,372.35,1.72,225.0,99200.0
1990-06-26 19:00:00+00:00,21.87,89.95,0.0,0.0,0.0,375.05,1.1,215.0,99240.0
1990-06-26 20:00:00+00:00,22.13,87.05,0.0,0.0,0.0,368.45,0.48,219.0,99280.0
1990-06-26 21:00:00+00:00,21.59,89.95,0.0,0.0,0.0,373.9,0.83,337.0,99330.0
1990-06-26 22:00:00+00:00,21.39,93.0,132.25,409.0,66.65,378.75,1.59,337.0,99390.0
1990-06-26 23:00:00+00:00,24.01,84.35,312.4,573.55,110.75,374.85,1.59,340.0,99440.0
1990-06-27 00:00:00+00:00,26.49,71.75,470.8,640.35,128.7,383.4,2.55,360.0,99490.0
1990-06-27 01:00:00+00:00,28.05,67.4,644.3,679.3,170.35,390.45,3.66,18.0,99530.0
1990-06-27 02:00:00+00:00,29.21,61.35,743.0,684.25,175.15,397.3,4.07,24.0,99540.0
1990-06-27 03:00:00+00:00,30.11,57.5,799.5,647.22,202.9,406.4,4.07,28.0,99560.0
1990-06-27 04:00:00+00:00,30.8,53.9,726.35,513.59,229.65,411.25,3.79,38.0,99520.0
1990-06-27 05:00:00+00:00,31.17,52.15,734.55,557.9,197.4,419.55,3.1,39.0,99510.0
1990-06-27 06:00:00+00:00,31.42,48.9,661.55,496.34,210.3,413.75,2.97,45.0,99460.0
1990-06-27 07:00:00+00:00,31.67,45.7,494.5,386.46,181.55,421.1,2.69,46.0,99490.0
1990-06-27 08:00:00+00:00,31.09,45.6,372.5,309.75,164.5,421.1,2.34,53.0,99470.0
1990-06-27 09:00:00+00:00,30.85,44.05,181.55,153.16,104.4,409.5,1.45,44.0,99440.0
1990-06-27 10:00:00+00:00,30.25,48.75,101.5,102.71,68.85,411.45,0.55,334.0,99450.0
1990-06-27 11:00:00+00:00,29.04,57.3,15.4,28.82,11.75,403.7,0.83,277.0,99450.0
1990-06-27 12:00:00+00:00,27.38,65.1,0.0,0.0,0.0,389.95,1.59,274.0,99460.0
1990-06-27 13:00:00+00:00,25.57,71.6,0.0,0.0,0.0,376.2,1.93,272.0,99520.0
1990-06-27 14:00:00+00:00,24.02,78.9,0.0,0.0,0.0,369.65,2.07,268.0,99560.0
1990-06-27 15:00:00+00:00,22.84,84.25,0.0,0.0,0.0,373.3,1.93,262.0,99570.0
1990-06-27 16:00:00+00:00,22.12,87.05,0.0,0.0,0.0,374.85,1.79,259.0,99580.0
1990-06-27 17:00:00+00:00,21.77,89.95,0.0,0.0,0.0,378.15,1.59,254.0,99550.0
1990-06-27 18:00:00+00:00,21.1,96.15,0.0,0.0,0.0,365.55,1.59,249.0,99520.0
1990-06-27 19:00:00+00:00,21.71,89.95,0.0,0.0,0.0,361.9,0.9,252.0,99530.0
1990-06-27 20:00:00+00:00,20.59,96.1,0.0,0.0,0.0,357.45,1.24,247.0,99540.0
1990-06-27 21:00:00+00:00,19.96,92.95,0.0,0.0,0.0,360.35,1.52,250.0,99530.0
1990-06-27 22:00:00+00:00,20.31,96.1,135.95,287.07,90.2,361.9,1.31,250.0,99530.0
1990-06-27 23:00:00+00:00,23.76,84.35,313.65,525.64,129.35,368.85,0.83,240.0,99520.0
1990-06-28 00:00:00+00:00,26.97,69.5,520.2,697.89,148.0,366.55,0.83,216.0,99550.0
1990-06-28 01:00:00+00:00,29.4,53.7,701.0,787.23,152.35,372.05,1.03,204.0,99530.0
1990-06-28 02:00:00+00:00,31.07,47.15,837.85,814.07,162.75,375.85,1.38,208.0,99500.0
1990-06-28 03:00:00+00:00,32.31,38.8,927.25,817.65,173.9,380.3,1.52,209.0,99510.0
1990-06-28 04:00:00+00:00,33.23,32.9,951.8,806.73,171.8,384.35,1.52,204.0,99450.0
1990-06-28 05:00:00+00:00,33.81,29.8,905.75,749.28,184.4,384.95,1.38,198.0,99410.0
1990-06-28 06:00:00+00:00,34.08,28.75,820.4,711.82,173.2,390.35,1.24,189.0,99330.0
1990-06-28 07:00:00+00:00,34.74,25.1,591.65,507.92,180.25,392.85,0.9,195.0,99260.0
1990-06-28 08:00:00+00:00,34.46,25.1,446.05,389.8,184.2,397.7,1.24,200.0,99230.0
1990-06-28 09:00:00+00:00,33.91,28.75,273.15,280.75,131.65,397.1,1.66,207.0,99230.0
1990-06-28 10:00:00+00:00,32.66,40.15,95.1,64.75,74.5,397.5,1.79,210.0,99220.0
1990-06-28 11:00:00+00:00,30.74,47.15,13.9,4.34,13.35,398.1,2.34,217.0,99260.0
1990-06-28 12:00:00+00:00,28.9,51.8,0.0,0.0,0.0,398.65,2.55,231.0,99300.0
1990-06-28 13:00:00+00:00,27.77,55.15,0.0,0.0,0.0,398.1,2.48,241.0,99380.0
1990-06-28 14:00:00+00:00,26.71,60.8,0.0,0.0,0.0,396.15,2.34,251.0,99390.0
1990-06-28 15:00:00+00:00,25.68,64.8,0.0,0.0,0.0,395.0,2.21,252.0,99380.0
1990-06-28 16:00:00+00:00,24.79,71.5,0.0,0.0,0.0,391.1,2.14,250.0,99360.0
1990-06-28 17:00:00+00:00,24.2,73.85,0.0,0.0,0.0,390.35,2.07,249.0,99340.0
1990-06-28 18:00:00+00:00,23.74,76.3,0.0,0.0,0.0,389.0,1.93,244.0,99320.0
1990-06-28 19:00:00+00:00,23.84,73.75,0.0,0.0,0.0,389.55,1.93,241.0,99300.0
1990-06-28 20:00:00+00:00,23.74,73.75,0.0,0.0,0.0,389.2,2.07,240.0,99300.0
1990-06-28 21:00:00+00:00,23.65,73.75,0.0,0.0,0.0,393.05,1.79,247.0,99310.0
1990-06-28 22:00:00+00:00,23.42,78.85,54.85,1.58,54.6,392.65,1.66,247.0,99330.0
1990-06-28 23:00:00+00:00,24.17,78.95,129.85,18.02,123.55,399.65,1.24,233.0,99380.0
1990-06-29 00:00:00+00:00,25.7,71.65,244.9,63.3,211.2,391.7,1.31,207.0,99390.0
1990-06-29 01:00:00+00:00,27.63,67.3,344.55,103.43,272.55,402.65,1.52,206.0,99430.0
1990-06-29 02:00:00+00:00,29.22,57.4,573.3,237.31,376.65,400.4,2.55,204.0,99430.0
1990-06-29 03:00:00+00:00,30.81,39.75,707.85,456.56,287.4,402.15,4.34,215.0,99450.0
1990-06-29 04:00:00+00:00,31.34,33.55,806.6,536.47,288.05,395.0,4.62,213.0,99470.0
1990-06-29 05:00:00+00:00,31.52,32.4,805.9,589.28,238.65,394.8,4.69,209.0,99460.0
1990-06-29 06:00:00+00:00,31.53,33.55,627.35,363.93,296.45,392.3,4.28,198.0,99400.0
1990-06-29 07:00:00+00:00,31.38,33.55,539.35,388.9,224.3,396.55,4.48,199.0,99400.0
1990-06-29 08:00:00+00:00,30.95,37.1,465.0,461.56,154.85,389.75,4.34,199.0,99370.0
1990-06-29 09:00:00+00:00,30.5,38.4,243.0,236.8,123.6,388.4,3.72,196.0,99350.0
1990-06-29 10:00:00+00:00,29.49,45.35,110.15,132.1,68.1,394.6,2.76,194.0,99320.0
1990-06-29 11:00:00+00:00,28.14,51.55,16.0,27.57,12.5,391.5,2.48,190.0,99310.0
1990-06-29 12:00:00+00:00,26.42,56.7,0.0,0.0,0.0,376.6,2.28,193.0,99380.0
1990-06-29 13:00:00+00:00,25.21,60.45,0.0,0.0,0.0,372.35,2.34,195.0,99430.0
1990-06-29 14:00:00+00:00,24.38,64.5,0.0,0.0,0.0,371.0,2.28,208.0,99470.0
1990-06-29 15:00:00+00:00,23.64,66.65,0.0,0.0,0.0,369.45,2.14,224.0,99460.0
1990-06-29 16:00:00+00:00,22.99,73.6,0.0,0.0,0.0,373.3,1.86,231.0,99460.0
1990-06-29 17:00:00+00:00,22.1,78.65,0.0,0.0,0.0,367.5,1.66,228.0,99450.0
1990-06-29 18:00:00+00:00,21.29,81.3,0.0,0.0,0.0,367.5,1.45,220.0,99440.0
1990-06-29 19:00:00+00:00,20.87,84.05,0.0,0.0,0.0,363.65,0.9,239.0,99460.0
1990-06-29 20:00:00+00:00,20.49,86.85,0.0,0.0,0.0,365.4,0.83,220.0,99480.0
1990-06-29 21:00:00+00:00,20.33,86.85,0.0,0.0,0.0,364.8,0.76,198.0,99490.0
1990-06-29 22:00:00+00:00,20.33,89.85,136.75,418.73,70.95,365.95,0.83,198.0,99530.0
1990-06-29 23:00:00+00:00,22.7,76.15,312.65,567.52,114.85,368.1,0.9,195.0,99540.0
1990-06-30 00:00:00+00:00,24.59,71.4,494.5,654.53,146.7,371.95,0.76,211.0,99540.0
1990-06-30 01:00:00+00:00,26.41,64.95,667.05,720.93,165.8,377.7,0.34,201.0,99540.0
1990-06-30 02:00:00+00:00,28.0,57.05,742.6,653.64,201.4,383.4,0.48,139.0,99520.0
1990-06-30 03:00:00+00:00,29.11,53.55,839.45,708.32,187.5,392.3,0.76,142.0,99520.0
1990-06-30 04:00:00+00:00,30.11,50.3,872.35,700.05,195.9,395.4,0.83,146.0,99480.0
1990-06-30 05:00:00+00:00,30.91,48.75,767.55,608.69,181.7,401.95,0.76,152.0,99430.0
1990-06-30 06:00:00+00:00,31.39,47.25,699.8,513.07,233.3,412.2,0.97,152.0,99360.0
1990-06-30 07:00:00+00:00,31.59,47.25,507.55,383.49,196.85,424.8,0.9,110.0,99300.0
1990-06-30 08:00:00+00:00,31.49,47.25,370.15,288.35,176.35,425.0,0.97,159.0,99290.0
1990-06-30 09:00:00+00:00,31.34,47.25,230.55,230.78,114.15,414.35,1.79,177.0,99240.0
1990-06-30 10:00:00+00:00,30.89,50.45,99.0,110.85,63.7,413.55,1.66,177.0,99230.0
1990-06-30 11:00:00+00:00,30.12,55.6,13.35,16.15,11.3,414.55,1.38,176.0,99230.0
1990-06-30 12:00:00+00:00,28.92,59.2,0.0,0.0,0.0,404.85,1.52,198.0,99280.0
1990-06-30 13:00:00+00:00,27.48,69.6,0.0,0.0,0.0,407.0,1.17,209.0,99330.0
1990-06-30 14:00:00+00:00,27.0,71.85,0.0,0.0,0.0,406.0,0.69,223.0,99350.0
1990-06-30 15:00:00+00:00,26.29,74.15,0.0,0.0,0.0,405.25,0.76,237.0,99350.0
1990-06-30 16:00:00+00:00,21.71,93.22,0.0,0.0,0.0,382.6,0.32,223.0,99350.0
1990-06-30 17:00:00+00:00,22.42,91.13,0.0,0.0,0.0,387.73,0.64,213.0,99340.0
1990-06-30 18:00:00+00:00,23.14,89.03,0.0,0.0,0.0,392.85,0.96,211.0,99300.0
1990-06-30 19:00:00+00:00,23.86,86.94,0.0,0.0,0.0,397.98,1.28,223.0,99270.0
1990-06-30 20:00:00+00:00,24.57,84.84,0.0,0.0,0.0,403.1,1.6,235.0,99280.0
1990-06-30 21:00:00+00:00,25.29,82.75,0.0,0.0,0.0,408.23,1.92,240.0,99270.0
1990-06-30 22:00:00+00:00,26.01,80.65,93.95,70.54,82.95,413.35,2.24,221.0,99290.0
1990-06-30 23:00:00+00:00,26.72,78.55,180.85,89.23,149.85,418.48,2.56,208.0,99320.0
1990-07-01 00:00:00+00:00,27.44,76.46,309.8,246.45,179.1,423.6,2.88,180.0,98840.0
1990-07-01 01:00:00+00:00,28.16,74.36,367.0,202.33,226.5,428.73,3.21,177.0,98870.0
1990-07-01 02:00:00+00:00,28.88,72.27,430.3,181.07,280.5,433.85,3.53,176.0,98850.0
1990-07-01 03:00:00+00:00,29.59,70.17,397.95,136.81,272.1,438.98,3.85,187.0,98800.0
1990-07-01 04:00:00+00:00,30.31,68.08,576.15,267.92,317.35,444.1,4.17,189.0,98740.0
1990-07-01 05:00:00+00:00,31.03,65.98,400.3,113.32,291.25,449.23,4.49,170.0,98680.0
1990-07-01 06:00:00+00:00,31.74,63.88,546.7,313.47,261.7,454.35,4.81,166.0,98590.0
1990-07-01 07:00:00+00:00,32.46,61.79,457.7,316.64,201.15,459.48,5.13,182.0,98390.0
1990-07-01 08:00:00+00:00,34.09,56.4,333.6,250.52,165.2,450.35,5.24,179.0,98320.0
1990-07-01 09:00:00+00:00,34.01,54.6,159.35,129.15,94.2,452.65,5.45,184.0,98260.0
1990-07-01 10:00:00+00:00,33.12,60.0,69.6,37.52,57.65,451.3,4.21,181.0,98200.0
1990-07-01 11:00:00+00:00,32.03,63.9,11.1,10.64,9.75,449.95,4.28,179.0,98230.0
1990-07-01 12:00:00+00:00,31.29,70.2,0.0,0.0,0.0,449.0,4.41,185.0,98260.0
1990-07-01 13:00:00+00:00,30.76,72.4,0.0,0.0,0.0,441.25,4.21,188.0,98260.0
1990-07-01 14:00:00+00:00,30.36,72.4,0.0,0.0,0.0,443.55,4.21,185.0,98240.0
1990-07-01 15:00:00+00:00,30.05,72.35,0.0,0.0,0.0,442.4,4.21,188.0,98180.0
1990-07-01 16:00:00+00:00,29.79,74.65,0.0,0.0,0.0,441.65,4.07,189.0,98150.0
1990-07-01 17:00:00+00:00,29.58,72.25,0.0,0.0,0.0,442.0,3.93,192.0,98110.0
1990-07-01 18:00:00+00:00,29.36,72.25,0.0,0.0,0.0,444.35,3.52,200.0,98090.0
1990-07-01 19:00:00+00:00,28.0,79.4,0.0,0.0,0.0,433.9,1.45,294.0,98130.0
1990-07-01 20:00:00+00:00,26.95,84.6,0.0,0.0,0.0,430.8,1.72,337.0,98170.0
1990-07-01 21:00:00+00:00,26.25,93.2,0.0,0.0,0.0,427.7,2.28,356.0,98300.0
1990-07-01 22:00:00+00:00,25.98,93.2,96.0,230.8,60.3,422.85,2.55,11.0,98430.0
1990-07-01 23:00:00+00:00,26.63,93.2,255.05,414.3,111.6,422.85,3.31,25.0,98510.0
1990-07-02 00:00:00+00:00,27.66,81.95,462.9,576.0,158.05,420.75,4.21,32.0,98590.0
1990-07-02 01:00:00+00:00,29.19,65.4,638.65,673.11,171.85,412.7,4.14,26.0,98650.0
1990-07-02 02:00:00+00:00,30.85,52.25,750.45,673.03,194.15,418.8,4.07,19.0,98690.0
1990-07-02 03:00:00+00:00,32.01,42.95,833.1,690.05,198.7,410.65,4.14,16.0,98730.0
1990-07-02 04:00:00+00:00,32.89,37.65,894.9,740.64,179.75,408.75,3.79,17.0,98720.0
1990-07-02 05:00:00+00:00,33.54,36.5,865.35,696.92,194.85,402.75,3.24,18.0,98700.0
1990-07-02 06:00:00+00:00,34.05,34.2,757.75,558.85,249.7,404.65,2.76,19.0,98650.0
1990-07-02 07:00:00+00:00,34.55,29.9,639.05,530.71,209.05,406.0,2.76,13.0,98640.0
1990-07-02 08:00:00+00:00,34.45,29.9,494.25,510.16,151.3,398.1,2.14,20.0,98630.0
1990-07-02 09:00:00+00:00,34.08,30.85,319.25,425.28,104.7,389.0,1.1,45.0,98620.0
1990-07-02 10:00:00+00:00,33.56,34.05,140.1,244.62,62.2,383.4,0.62,121.0,98660.0
1990-07-02 11:00:00+00:00,32.33,37.65,18.45,43.38,12.95,379.7,1.24,176.0,98690.0
1990-07-02 12:00:00+00:00,30.41,42.6,0.0,0.0,0.0,372.55,1.59,197.0,98740.0
1990-07-02 13:00:00+00:00,27.87,53.35,0.0,0.0,0.0,366.95,1.52,218.0,98750.0
1990-07-02 14:00:00+00:00,25.87,58.55,0.0,0.0,0.0,363.25,2.0,225.0,98770.0
1990-07-02 15:00:00+00:00,24.37,64.5,0.0,0.0,0.0,362.1,2.07,233.0,98720.0
1990-07-02 16:00:00+00:00,23.38,71.25,0.0,0.0,0.0,361.7,2.07,235.0,98700.0
1990-07-02 17:00:00+00:00,22.74,76.15,0.0,0.0,0.0,360.75,2.07,224.0,98660.0
1990-07-02 18:00:00+00:00,22.55,81.4,0.0,0.0,0.0,360.35,2.14,216.0,98640.0
1990-07-02 19:00:00+00:00,22.98,78.75,0.0,0.0,0.0,364.2,2.21,219.0,98580.0
1990-07-02 20:00:00+00:00,22.61,84.15,0.0,0.0,0.0,363.85,2.14,219.0,98600.0
1990-07-02 21:00:00+00:00,22.29,87.05,0.0,0.0,0.0,363.85,2.21,220.0,98580.0
1990-07-02 22:00:00+00:00,22.66,90.0,154.4,555.24,69.25,364.4,2.0,224.0,98600.0
1990-07-02 23:00:00+00:00,25.43,79.1,324.05,579.96,123.95,367.9,1.72,221.0,98590.0
1990-07-03 00:00:00+00:00,28.77,67.5,451.2,457.64,209.5,379.3,1.66,210.0,98580.0
1990-07-03 01:00:00+00:00,31.25,57.75,587.9,443.58,280.7,402.05,1.59,187.0,98580.0
1990-07-03 02:00:00+00:00,33.18,52.65,759.05,590.94,271.05,415.1,2.28,172.0,98560.0
1990-07-03 03:00:00+00:00,34.87,46.6,871.2,698.47,229.45,415.9,2.9,176.0,98530.0
1990-07-03 04:00:00+00:00,36.27,43.85,907.95,723.22,209.9,420.9,2.97,185.0,98480.0
1990-07-03 05:00:00+00:00,37.37,37.55,873.45,706.5,193.9,428.45,2.62,189.0,98400.0
1990-07-03 06:00:00+00:00,38.07,34.1,802.9,704.86,162.2,431.75,2.34,182.0,98320.0
1990-07-03 07:00:00+00:00,38.84,27.0,609.7,504.57,200.9,423.05,2.34,191.0,98310.0
1990-07-03 08:00:00+00:00,38.56,27.95,450.85,458.11,142.9,431.75,2.48,188.0,98260.0
1990-07-03 09:00:00+00:00,37.99,30.8,272.15,340.26,100.5,425.75,2.55,179.0,98240.0
1990-07-03 10:00:00+00:00,36.58,38.55,110.75,103.97,77.65,420.55,2.69,182.0,98240.0
1990-07-03 11:00:00+00:00,34.68,44.95,16.9,18.17,14.6,431.35,2.9,184.0,98260.0
1990-07-03 12:00:00+00:00,32.72,49.25,0.0,0.0,0.0,422.65,3.03,193.0,98320.0
1990-07-03 13:00:00+00:00,31.43,54.15,0.0,0.0,0.0,424.0,2.76,199.0,98360.0
1990-07-03 14:00:00+00:00,30.39,59.55,0.0,0.0,0.0,421.9,2.76,204.0,98390.0
1990-07-03 15:00:00+00:00,29.67,65.5,0.0,0.0,0.0,425.75,2.69,210.0,98380.0
1990-07-03 16:00:00+00:00,29.22,67.6,0.0,0.0,0.0,428.3,2.76,218.0,98330.0
1990-07-03 17:00:00+00:00,28.77,65.3,0.0,0.0,0.0,430.6,2.55,222.0,98260.0
1990-07-03 18:00:00+00:00,28.3,63.2,0.0,0.0,0.0,431.55,1.93,224.0,98270.0
1990-07-03 19:00:00+00:00,28.65,67.5,0.0,0.0,0.0,432.55,2.76,218.0,98170.0
1990-07-03 20:00:00+00:00,28.43,59.1,0.0,0.0,0.0,431.4,2.62,234.0,98190.0
1990-07-03 21:00:00+00:00,27.96,53.35,0.0,0.0,0.0,429.05,2.69,263.0,98210.0
1990-07-03 22:00:00+00:00,27.33,51.45,14.0,0.0,14.0,423.45,3.1,283.0,98270.0
1990-07-03 23:00:00+00:00,26.22,54.7,16.75,0.0,16.75,425.95,4.21,300.0,98310.0
1990-07-04 00:00:00+00:00,23.34,71.25,50.95,0.0,50.95,421.5,4.76,308.0,98390.0
1990-07-04 01:00:00+00:00,21.86,81.4,30.0,0.0,30.0,412.9,4.48,318.0,98430.0
1990-07-04 02:00:00+00:00,21.61,87.0,93.4,35.88,63.8,410.45,4.07,320.0,98450.0
1990-07-04 03:00:00+00:00,22.04,87.05,90.1,8.0,82.75,408.55,4.07,312.0,98430.0
1990-07-04 04:00:00+00:00,22.2,87.05,56.4,0.0,56.4,409.9,3.52,306.0,98400.0
1990-07-04 05:00:00+00:00,22.24,87.05,49.4,0.0,49.4,414.55,2.83,295.0,98410.0
1990-07-04 06:00:00+00:00,22.43,90.0,242.2,55.24,192.0,413.2,2.34,287.0,98400.0
1990-07-04 07:00:00+00:00,25.34,76.5,373.75,176.15,231.05,410.3,1.93,241.0,98270.0
1990-07-04 08:00:00+00:00,27.55,65.1,373.55,355.35,134.7,408.35,2.55,215.0,98270.0
1990-07-04 09:00:00+00:00,27.92,63.1,290.3,365.02,106.2,397.3,3.1,202.0,98240.0
1990-07-04 10:00:00+00:00,27.7,65.1,124.05,180.25,66.7,390.55,2.9,194.0,98250.0
1990-07-04 11:00:00+00:00,26.65,71.75,17.05,33.66,12.8,387.85,2.34,180.0,98270.0
1990-07-04 12:00:00+00:00,25.11,79.05,0.0,0.0,0.0,382.0,2.41,185.0,98350.0
1990-07-04 13:00:00+00:00,24.11,84.35,0.0,0.0,0.0,377.55,2.21,205.0,98390.0
1990-07-04 14:00:00+00:00,23.43,87.1,0.0,0.0,0.0,376.0,1.93,238.0,98410.0
1990-07-04 15:00:00+00:00,22.67,90.0,0.0,0.0,0.0,376.8,1.72,248.0,98370.0
1990-07-04 16:00:00+00:00,22.06,90.0,0.0,0.0,0.0,378.95,1.52,245.0,98350.0
1990-07-04 17:00:00+00:00,21.53,93.0,0.0,0.0,0.0,377.55,1.31,243.0,98320.0
1990-07-04 18:00:00+00:00,21.22,89.95,0.0,0.0,0.0,380.85,1.17,245.0,98290.0
1990-07-04 19:00:00+00:00,21.51,93.0,0.0,0.0,0.0,383.4,1.24,291.0,98450.0
1990-07-04 20:00:00+00:00,21.34,89.95,0.0,0.0,0.0,378.95,1.24,285.0,98490.0
1990-07-04 21:00:00+00:00,21.46,89.95,0.0,0.0,0.0,379.3,1.24,288.0,98540.0
1990-07-04 22:00:00+00:00,21.59,89.95,141.9,484.88,68.9,378.15,1.31,296.0,98600.0
1990-07-04 23:00:00+00:00,24.6,84.35,303.8,555.41,113.6,380.65,0.76,312.0,98630.0
1990-07-05 00:00:00+00:00,27.09,71.85,493.35,671.46,140.3,391.1,0.9,351.0,98700.0
1990-07-05 01:00:00+00:00,28.86,65.4,663.05,725.13,162.3,394.7,1.45,16.0,98740.0
1990-07-05 02:00:00+00:00,30.36,59.55,783.5,738.72,174.65,400.0,2.0,22.0,98760.0
1990-07-05 03:00:00+00:00,31.49,52.4,874.25,747.68,188.2,404.1,2.41,23.0,98750.0
1990-07-05 04:00:00+00:00,32.37,47.65,843.75,680.89,187.15,408.35,2.48,26.0,98740.0
1990-07-05 05:00:00+00:00,32.81,46.1,839.75,650.81,214.15,413.4,2.28,28.0,98700.0
1990-07-05 06:00:00+00:00,33.28,44.55,708.3,588.53,173.55,417.85,2.07,32.0,98670.0
1990-07-05 07:00:00+00:00,33.51,40.4,548.7,469.71,168.25,419.2,0.62,71.0,98670.0
1990-07-05 08:00:00+00:00,33.49,39.05,445.85,452.44,141.8,423.85,0.55,131.0,98660.0
1990-07-05 09:00:00+00:00,33.3,41.65,271.5,322.0,109.15,412.8,1.03,169.0,98650.0
1990-07-05 10:00:00+00:00,32.51,47.65,118.95,175.99,63.0,416.65,1.31,194.0,98650.0
1990-07-05 11:00:00+00:00,31.07,55.85,16.0,29.79,12.25,410.65,1.86,213.0,98710.0
1990-07-05 12:00:00+00:00,29.18,63.3,0.0,0.0,0.0,401.0,2.14,220.0,98760.0
1990-07-05 13:00:00+00:00,27.67,69.6,0.0,0.0,0.0,397.7,2.21,225.0,98850.0
1990-07-05 14:00:00+00:00,26.46,74.15,0.0,0.0,0.0,393.25,2.28,230.0,98920.0
1990-07-05 15:00:00+00:00,25.54,79.1,0.0,0.0,0.0,389.0,2.21,236.0,98940.0
1990-07-05 16:00:00+00:00,24.64,81.65,0.0,0.0,0.0,384.75,2.07,241.0,98950.0
1990-07-05 17:00:00+00:00,23.78,84.35,0.0,0.0,0.0,380.85,1.93,245.0,98910.0
1990-07-05 18:00:00+00:00,23.15,90.05,0.0,0.0,0.0,382.2,1.72,247.0,98860.0
1990-07-05 19:00:00+00:00,22.7,96.15,0.0,0.0,0.0,379.1,1.17,237.0,98810.0
1990-07-05 20:00:00+00:00,22.27,93.05,0.0,0.0,0.0,377.95,0.97,229.0,98850.0
1990-07-05 21:00:00+00:00,21.8,93.05,0.0,0.0,0.0,378.35,1.1,228.0,98880.0
1990-07-05 22:00:00+00:00,22.25,93.05,146.35,515.54,69.5,379.5,0.97,240.0,98950.0
1990-07-05 23:00:00+00:00,25.34,87.3,308.75,599.98,104.1,378.95,0.62,232.0,98960.0
1990-07-06 00:00:00+00:00,28.06,72.0,506.0,704.68,136.35,386.1,0.62,202.0,99010.0
1990-07-06 01:00:00+00:00,30.05,63.5,673.1,748.77,156.8,393.55,1.31,181.0,99040.0
1990-07-06 02:00:00+00:00,31.51,57.85,796.1,760.49,169.95,400.4,2.07,175.0,99000.0
1990-07-06 03:00:00+00:00,32.47,52.65,874.2,755.25,181.7,407.4,2.34,168.0,98950.0
1990-07-06 04:00:00+00:00,33.2,52.65,904.15,748.57,182.65,411.85,2.41,160.0,98900.0
1990-07-06 05:00:00+00:00,33.77,51.05,851.9,674.09,204.15,415.7,2.62,156.0,98840.0
1990-07-06 06:00:00+00:00,34.09,47.9,790.45,682.53,170.45,420.35,2.76,157.0,98780.0
1990-07-06 07:00:00+00:00,34.4,46.45,627.4,582.14,156.0,419.4,3.31,173.0,98760.0
1990-07-06 08:00:00+00:00,34.21,47.9,444.6,456.21,138.1,421.9,3.59,170.0,98720.0
1990-07-06 09:00:00+00:00,33.61,49.4,277.45,347.94,102.1,425.75,3.52,172.0,98680.0
1990-07-06 10:00:00+00:00,32.69,54.4,115.05,171.76,60.5,417.25,3.03,170.0,98710.0
1990-07-06 11:00:00+00:00,31.2,59.65,16.15,31.49,12.2,414.55,2.69,170.0,98760.0
1990-07-06 12:00:00+00:00,29.6,65.5,0.0,0.0,0.0,407.4,2.69,175.0,98810.0
1990-07-06 13:00:00+00:00,28.52,69.75,0.0,0.0,0.0,403.1,2.55,181.0,98910.0
1990-07-06 14:00:00+00:00,27.46,74.3,0.0,0.0,0.0,394.2,2.41,191.0,98960.0
1990-07-06 15:00:00+00:00,26.58,79.2,0.0,0.0,0.0,391.9,2.28,202.0,98980.0
1990-07-06 16:00:00+00:00,25.7,84.45,0.0,0.0,0.0,387.45,2.14,209.0,98940.0
1990-07-06 17:00:00+00:00,24.91,87.25,0.0,0.0,0.0,383.55,2.0,209.0,98880.0
1990-07-06 18:00:00+00:00,24.28,87.2,0.0,0.0,0.0,381.65,1.93,202.0,98810.0
1990-07-06 19:00:00+00:00,24.09,93.1,0.0,0.0,0.0,382.2,1.93,187.0,98790.0
1990-07-06 20:00:00+00:00,23.7,93.05,0.0,0.0,0.0,380.45,2.0,192.0,98820.0
1990-07-06 21:00:00+00:00,23.45,93.05,0.0,0.0,0.0,379.9,2.07,193.0,98810.0
1990-07-06 22:00:00+00:00,23.68,96.2,138.7,469.39,69.45,380.1,2.07,190.0,98870.0
1990-07-06 23:00:00+00:00,25.35,87.3,308.1,577.13,112.05,383.2,2.28,184.0,98880.0
1990-07-07 00:00:00+00:00,27.32,79.35,492.1,670.18,141.4,389.2,2.69,184.0,98910.0
1990-07-07 01:00:00+00:00,29.14,74.55,662.9,727.35,162.15,396.25,2.9,185.0,98920.0
1990-07-07 02:00:00+00:00,30.88,65.8,797.4,757.28,174.55,403.9,3.17,186.0,98880.0
1990-07-07 03:00:00+00:00,32.29,59.85,887.6,770.87,181.3,408.15,3.1,186.0,98850.0
1990-07-07 04:00:00+00:00,33.36,52.75,907.25,737.29,197.0,412.0,3.1,180.0,98780.0
1990-07-07 05:00:00+00:00,34.07,49.5,892.15,743.32,178.15,413.55,3.17,175.0,98690.0
1990-07-07 06:00:00+00:00,34.51,46.45,798.8,695.46,167.25,417.05,3.38,171.0,98630.0
1990-07-07 07:00:00+00:00,34.54,44.95,652.6,612.51,156.75,420.9,3.59,169.0,98640.0
1990-07-07 08:00:00+00:00,34.32,46.35,486.75,526.36,133.25,419.75,3.59,169.0,98610.0
1990-07-07 09:00:00+00:00,33.85,46.35,299.3,386.17,104.8,418.4,3.79,169.0,98590.0
1990-07-07 10:00:00+00:00,32.91,52.65,123.1,178.92,66.35,416.3,3.38,164.0,98590.0
1990-07-07 11:00:00+00:00,31.43,57.85,15.65,20.82,13.05,414.75,3.03,159.0,98600.0
1990-07-07 12:00:00+00:00,29.84,63.5,0.0,0.0,0.0,410.85,2.69,161.0,98670.0
1990-07-07 13:00:00+00:00,28.75,69.75,0.0,0.0,0.0,407.95,2.48,168.0,98770.0
1990-07-07 14:00:00+00:00,27.86,74.4,0.0,0.0,0.0,404.85,2.41,183.0,98820.0
1990-07-07 15:00:00+00:00,27.05,79.3,0.0,0.0,0.0,401.0,2.34,199.0,98830.0
1990-07-07 16:00:00+00:00,26.46,81.85,0.0,0.0,0.0,400.2,2.41,204.0,98820.0
1990-07-07 17:00:00+00:00,25.99,84.5,0.0,0.0,0.0,397.9,2.55,197.0,98760.0
1990-07-07 18:00:00+00:00,25.59,84.45,0.0,0.0,0.0,395.0,2.41,196.0,98700.0
1990-07-07 19:00:00+00:00,25.69,84.45,0.0,0.0,0.0,398.65,2.34,187.0,98760.0
1990-07-07 20:00:00+00:00,25.41,84.45,0.0,0.0,0.0,397.7,2.48,182.0,98720.0
1990-07-07 21:00:00+00:00,25.21,87.25,0.0,0.0,0.0,398.45,2.48,186.0,98750.0
1990-07-07 22:00:00+00:00,25.24,87.25,137.85,480.67,67.7,394.2,2.14,191.0,98780.0
1990-07-07 23:00:00+00:00,26.67,81.85,293.25,550.77,106.95,396.75,2.0,191.0,98820.0
1990-07-08 00:00:00+00:00,28.41,72.1,477.1,651.35,137.1,402.55,2.0,186.0,98860.0
1990-07-08 01:00:00+00:00,30.14,67.8,636.4,690.11,162.05,412.3,2.21,181.0,98900.0
1990-07-08 02:00:00+00:00,31.7,63.8,762.85,708.94,180.4,423.65,2.41,174.0,98890.0
1990-07-08 03:00:00+00:00,33.02,60.0,664.25,485.46,219.8,430.0,2.69,173.0,98870.0
1990-07-08 04:00:00+00:00,33.58,56.3,674.25,434.62,255.8,437.95,3.1,176.0,98840.0
1990-07-08 05:00:00+00:00,34.16,54.6,603.65,278.71,336.05,448.4,3.52,176.0,98790.0
1990-07-08 06:00:00+00:00,34.36,52.95,477.3,201.32,294.55,451.1,3.59,177.0,98760.0
1990-07-08 07:00:00+00:00,34.39,51.3,299.2,70.19,242.4,453.85,2.21,160.0,98770.0
1990-07-08 08:00:00+00:00,34.07,52.85,136.65,0.6,136.25,455.75,1.59,163.0,98780.0
1990-07-08 09:00:00+00:00,32.91,58.05,87.0,1.19,86.4,455.95,0.14,214.0,98790.0
1990-07-08 10:00:00+00:00,31.96,63.9,44.15,0.0,44.15,451.3,1.24,356.0,98780.0
1990-07-08 11:00:00+00:00,31.1,67.95,5.05,0.0,5.05,448.8,1.24,5.0,98840.0
1990-07-08 12:00:00+00:00,30.09,72.35,0.0,0.0,0.0,447.05,1.24,6.0,98900.0
1990-07-08 13:00:00+00:00,29.13,82.15,0.0,0.0,0.0,442.6,0.34,17.0,99000.0
1990-07-08 14:00:00+00:00,27.98,84.7,0.0,0.0,0.0,439.1,0.69,239.0,99060.0
1990-07-08 15:00:00+00:00,27.5,84.65,0.0,0.0,0.0,445.9,0.62,322.0,99010.0
1990-07-08 16:00:00+00:00,27.13,87.4,0.0,0.0,0.0,440.3,0.97,358.0,98950.0
1990-07-08 17:00:00+00:00,26.72,93.2,0.0,0.0,0.0,432.35,0.62,95.0,98910.0
1990-07-08 18:00:00+00:00,26.22,93.2,0.0,0.0,0.0,428.1,1.38,145.0,98870.0
1990-07-08 19:00:00+00:00,25.37,96.25,0.0,0.0,0.0,434.65,0.69,86.0,98920.0
1990-07-08 20:00:00+00:00,25.14,99.4,0.0,0.0,0.0,440.3,0.76,73.0,98910.0
1990-07-08 21:00:00+00:00,25.09,99.4,0.0,0.0,0.0,441.65,0.97,86.0,98900.0
1990-07-08 22:00:00+00:00,24.94,99.4,11.75,0.0,11.75,441.25,1.03,121.0,98900.0
1990-07-08 23:00:00+00:00,24.89,99.4,48.15,0.89,47.85,442.0,1.45,146.0,98880.0
1990-07-09 00:00:00+00:00,25.12,96.2,108.15,44.85,84.8,440.65,2.34,165.0,98880.0
1990-07-09 01:00:00+00:00,25.95,90.2,113.55,13.04,104.6,439.25,1.45,185.0,98900.0
1990-07-09 02:00:00+00:00,26.19,93.2,193.9,67.2,138.75,436.2,0.69,187.0,98890.0
1990-07-09 03:00:00+00:00,26.64,90.25,227.9,62.97,170.3,439.5,0.28,35.0,98870.0
1990-07-09 04:00:00+00:00,27.01,87.4,179.85,20.27,160.35,440.45,1.72,17.0,98860.0
1990-07-09 05:00:00+00:00,26.85,87.4,199.55,65.91,136.3,443.95,2.69,13.0,98830.0
1990-07-09 06:00:00+00:00,26.77,84.6,101.15,13.11,89.25,445.1,3.31,10.0,98790.0
1990-07-09 07:00:00+00:00,25.71,93.15,85.35,3.4,82.6,444.15,3.66,351.0,98850.0
1990-07-09 08:00:00+00:00,25.18,96.2,53.4,0.15,53.3,439.7,3.52,356.0,98840.0
1990-07-09 09:00:00+00:00,24.72,96.2,38.4,8.55,34.1,438.15,3.45,1.0,98830.0
1990-07-09 10:00:00+00:00,24.36,96.2,17.25,0.63,17.05,435.45,3.72,5.0,98850.0
1990-07-09 11:00:00+00:00,23.81,96.2,1.5,0.0,1.5,432.15,4.0,6.0,98900.0
1990-07-09 12:00:00+00:00,23.35,96.2,0.0,0.0,0.0,431.95,3.93,1.0,98980.0
1990-07-09 13:00:00+00:00,23.1,96.15,0.0,0.0,0.0,429.25,4.14,354.0,99020.0
1990-07-09 14:00:00+00:00,22.82,93.05,0.0,0.0,0.0,427.9,4.28,349.0,99060.0
1990-07-09 15:00:00+00:00,22.45,90.0,0.0,0.0,0.0,425.0,4.21,349.0,99040.0
1990-07-09 16:00:00+00:00,22.4,84.15,0.0,0.0,0.0,423.65,4.0,354.0,99020.0
1990-07-09 17:00:00+00:00,22.22,81.4,0.0,0.0,0.0,421.9,3.86,356.0,99000.0
1990-07-09 18:00:00+00:00,22.01,81.4,0.0,0.0,0.0,419.55,3.79,359.0,98950.0
1990-07-09 19:00:00+00:00,22.21,84.15,0.0,0.0,0.0,422.65,4.62,356.0,98950.0
1990-07-09 20:00:00+00:00,22.1,84.15,0.0,0.0,0.0,421.5,4.41,357.0,98980.0
1990-07-09 21:00:00+00:00,21.99,84.15,0.0,0.0,0.0,420.75,4.34,356.0,99000.0
1990-07-09 22:00:00+00:00,21.74,87.05,8.55,0.0,8.55,420.15,4.34,354.0,99060.0
1990-07-09 23:00:00+00:00,21.7,89.95,25.55,0.0,25.55,419.75,4.55,353.0,99110.0
1990-07-10 00:00:00+00:00,21.73,87.05,28.25,0.0,28.25,419.4,4.62,354.0,99150.0
1990-07-10 01:00:00+00:00,21.85,87.05,47.15,8.76,41.15,420.05,4.48,355.0,99170.0
1990-07-10 02:00:00+00:00,21.86,87.05,70.0,9.64,62.1,420.35,4.41,355.0,99190.0
1990-07-10 03:00:00+00:00,22.1,90.0,60.4,0.0,60.4,421.5,4.28,353.0,99170.0
1990-07-10 04:00:00+00:00,22.21,90.0,119.25,13.62,106.15,423.25,4.07,353.0,99150.0
1990-07-10 05:00:00+00:00,22.7,93.05,88.95,7.92,81.35,423.65,4.97,357.0,99130.0
1990-07-10 06:00:00+00:00,22.83,90.05,50.6,0.0,50.6,425.55,4.41,356.0,99130.0
1990-07-10 07:00:00+00:00,22.45,93.05,38.8,0.0,38.8,425.2,4.55,345.0,99110.0
1990-07-10 08:00:00+00:00,22.45,93.05,35.9,0.0,35.9,425.4,4.41,351.0,99100.0
1990-07-10 09:00:00+00:00,22.68,93.05,22.45,0.8,22.05,425.4,4.0,354.0,99100.0
1990-07-10 10:00:00+00:00,22.74,93.05,10.45,0.0,10.45,425.0,3.79,354.0,99160.0
1990-07-10 11:00:00+00:00,22.68,96.15,1.6,0.0,1.6,425.2,3.66,353.0,99210.0
1990-07-10 12:00:00+00:00,22.45,96.15,0.0,0.0,0.0,425.2,3.38,351.0,99260.0
1990-07-10 13:00:00+00:00,22.43,96.15,0.0,0.0,0.0,425.0,3.24,353.0,99340.0
1990-07-10 14:00:00+00:00,22.38,96.15,0.0,0.0,0.0,425.55,3.17,357.0,99380.0
1990-07-10 15:00:00+00:00,22.36,96.15,0.0,0.0,0.0,425.4,3.1,360.0,99390.0
1990-07-10 16:00:00+00:00,22.27,96.15,0.0,0.0,0.0,424.2,3.03,2.0,99390.0
1990-07-10 17:00:00+00:00,22.17,93.05,0.0,0.0,0.0,423.25,2.69,359.0,99370.0
1990-07-10 18:00:00+00:00,22.05,93.05,0.0,0.0,0.0,420.75,2.48,356.0,99340.0
1990-07-10 19:00:00+00:00,21.92,93.05,0.0,0.0,0.0,420.55,2.69,356.0,99370.0
1990-07-10 20:00:00+00:00,21.82,90.0,0.0,0.0,0.0,418.4,2.62,352.0,99380.0
1990-07-10 21:00:00+00:00,21.67,89.95,0.0,0.0,0.0,414.35,2.41,353.0,99410.0
1990-07-10 22:00:00+00:00,21.52,89.95,29.7,13.49,27.8,410.65,2.0,359.0,99410.0
1990-07-10 23:00:00+00:00,21.72,87.05,68.4,7.79,65.8,412.8,2.0,6.0,99470.0
1990-07-11 00:00:00+00:00,22.08,87.05,98.0,13.32,91.1,416.45,1.79,6.0,99480.0
1990-07-11 01:00:00+00:00,22.4,87.05,129.85,16.6,118.5,417.55,1.72,2.0,99540.0
1990-07-11 02:00:00+00:00,22.66,87.05,101.6,0.55,101.15,417.85,1.86,357.0,99530.0
1990-07-11 03:00:00+00:00,22.59,87.05,128.15,1.37,126.9,419.95,1.86,349.0,99530.0
1990-07-11 04:00:00+00:00,22.72,87.1,142.9,0.05,142.85,420.55,2.0,351.0,99510.0
1990-07-11 05:00:00+00:00,22.85,87.1,141.9,10.01,132.3,420.15,1.86,356.0,99490.0
1990-07-11 06:00:00+00:00,22.98,87.1,111.9,8.27,104.4,419.4,1.66,355.0,99490.0
1990-07-11 07:00:00+00:00,22.69,87.05,224.95,53.52,181.7,417.65,0.9,352.0,99480.0
1990-07-11 08:00:00+00:00,23.48,81.5,276.8,177.46,157.9,413.95,1.31,356.0,99460.0
1990-07-11 09:00:00+00:00,24.23,78.9,191.4,101.64,140.4,409.5,1.03,28.0,99400.0
1990-07-11 10:00:00+00:00,24.31,76.35,72.4,25.42,64.4,407.95,0.9,37.0,99390.0
1990-07-11 11:00:00+00:00,23.92,78.9,9.6,1.64,9.4,405.65,0.76,56.0,99430.0
1990-07-11 12:00:00+00:00,23.22,90.05,0.0,0.0,0.0,400.2,0.55,37.0,99450.0
1990-07-11 13:00:00+00:00,22.51,90.0,0.0,0.0,0.0,402.75,0.69,360.0,99490.0
1990-07-11 14:00:00+00:00,21.93,90.0,0.0,0.0,0.0,400.2,0.9,329.0,99510.0
1990-07-11 15:00:00+00:00,21.78,87.05,0.0,0.0,0.0,399.45,0.83,291.0,99500.0
1990-07-11 16:00:00+00:00,21.79,87.05,0.0,0.0,0.0,399.85,0.76,260.0,99500.0
1990-07-11 17:00:00+00:00,21.89,87.05,0.0,0.0,0.0,406.0,0.62,261.0,99470.0
1990-07-11 18:00:00+00:00,22.11,87.05,0.0,0.0,0.0,404.65,0.48,252.0,99440.0
1990-07-11 19:00:00+00:00,20.92,93.0,0.0,0.0,0.0,401.95,1.1,197.0,99390.0
1990-07-11 20:00:00+00:00,20.94,93.0,0.0,0.0,0.0,406.0,0.83,209.0,99400.0
1990-07-11 21:00:00+00:00,21.65,89.95,0.0,0.0,0.0,411.05,0.14,239.0,99390.0
1990-07-11 22:00:00+00:00,21.73,87.05,31.95,16.89,29.6,410.1,0.14,56.0,99400.0
1990-07-11 23:00:00+00:00,21.98,90.0,70.55,0.0,70.55,413.95,0.07,65.0,99430.0
1990-07-12 00:00:00+00:00,22.48,90.0,80.25,0.0,80.25,413.4,0.28,143.0,99470.0
1990-07-12 01:00:00+00:00,22.73,90.05,86.95,0.0,86.95,413.85,0.41,167.0,99540.0
1990-07-12 02:00:00+00:00,22.92,87.1,89.2,0.0,89.2,417.85,0.21,152.0,99530.0
1990-07-12 03:00:00+00:00,23.11,87.1,152.5,0.0,152.5,419.4,0.21,63.0,99530.0
1990-07-12 04:00:00+00:00,23.54,84.25,150.7,0.0,150.7,417.85,0.41,331.0,99520.0
1990-07-12 05:00:00+00:00,23.83,84.35,159.45,0.42,159.05,418.2,0.76,338.0,99510.0
1990-07-12 06:00:00+00:00,24.09,84.35,265.95,57.39,213.95,419.95,1.03,351.0,99480.0
1990-07-12 07:00:00+00:00,24.55,81.65,193.25,41.3,159.9,416.1,0.21,119.0,99490.0
1990-07-12 08:00:00+00:00,24.84,79.05,170.85,85.29,113.75,413.55,0.21,305.0,99440.0
1990-07-12 09:00:00+00:00,25.06,76.45,127.7,104.67,75.25,411.05,0.62,333.0,99390.0
1990-07-12 10:00:00+00:00,25.03,79.05,49.15,20.07,42.85,416.85,0.97,360.0,99370.0
1990-07-12 11:00:00+00:00,24.56,81.65,3.5,0.83,3.4,412.8,0.97,21.0,99400.0
1990-07-12 12:00:00+00:00,23.62,90.05,0.0,0.0,0.0,416.3,1.52,15.0,99440.0
1990-07-12 13:00:00+00:00,22.94,90.05,0.0,0.0,0.0,413.75,1.72,353.0,99490.0
1990-07-12 14:00:00+00:00,22.47,90.0,0.0,0.0,0.0,415.9,1.79,351.0,99520.0
1990-07-12 15:00:00+00:00,22.1,90.0,0.0,0.0,0.0,415.1,1.59,347.0,99510.0
1990-07-12 16:00:00+00:00,21.89,90.0,0.0,0.0,0.0,417.45,1.38,328.0,99500.0
1990-07-12 17:00:00+00:00,21.73,90.0,0.0,0.0,0.0,418.6,1.17,336.0,99430.0
1990-07-12 18:00:00+00:00,21.62,89.95,0.0,0.0,0.0,415.7,1.1,348.0,99430.0
1990-07-12 19:00:00+00:00,21.82,90.0,0.0,0.0,0.0,417.45,0.9,353.0,99430.0
1990-07-12 20:00:00+00:00,21.83,90.0,0.0,0.0,0.0,418.8,0.9,2.0,99400.0
1990-07-12 21:00:00+00:00,21.71,90.0,0.0,0.0,0.0,412.6,0.83,350.0,99420.0
1990-07-12 22:00:00+00:00,21.79,90.0,51.45,57.18,43.6,412.0,0.62,350.0,99450.0
1990-07-12 23:00:00+00:00,22.52,90.0,90.25,27.99,81.0,410.3,0.62,11.0,99460.0
1990-07-13 00:00:00+00:00,22.78,84.25,156.35,78.54,115.9,412.8,1.03,7.0,99500.0
1990-07-13 01:00:00+00:00,23.2,87.1,210.3,75.8,158.65,413.3,1.45,8.0,99550.0
1990-07-13 02:00:00+00:00,23.62,87.1,239.9,94.9,162.4,412.0,1.72,16.0,99540.0
1990-07-13 03:00:00+00:00,24.25,81.65,230.85,44.1,190.65,417.45,1.72,15.0,99530.0
1990-07-13 04:00:00+00:00,24.75,81.7,146.8,26.0,121.85,423.05,1.66,10.0,99550.0
1990-07-13 05:00:00+00:00,24.57,87.2,104.6,1.46,103.2,427.1,1.31,4.0,99520.0
1990-07-13 06:00:00+00:00,24.63,90.1,133.75,47.76,90.5,425.75,1.24,338.0,99490.0
1990-07-13 07:00:00+00:00,24.03,93.1,96.1,8.67,89.1,425.55,2.21,4.0,99520.0
1990-07-13 08:00:00+00:00,23.93,93.1,127.25,35.21,103.7,425.2,2.34,1.0,99490.0
1990-07-13 09:00:00+00:00,24.03,93.1,80.4,8.29,76.25,425.4,2.69,14.0,99470.0
1990-07-13 10:00:00+00:00,23.78,93.1,30.5,1.28,30.1,423.65,2.28,12.0,99450.0
1990-07-13 11:00:00+00:00,23.41,93.05,3.9,0.0,3.9,422.1,1.93,12.0,99470.0
1990-07-13 12:00:00+00:00,23.06,93.05,0.0,0.0,0.0,418.0,2.0,15.0,99510.0
1990-07-13 13:00:00+00:00,22.69,96.15,0.0,0.0,0.0,413.75,2.0,15.0,99550.0
1990-07-13 14:00:00+00:00,22.51,93.05,0.0,0.0,0.0,415.1,1.79,5.0,99580.0
1990-07-13 15:00:00+00:00,22.44,90.0,0.0,0.0,0.0,414.75,1.86,353.0,99540.0
1990-07-13 16:00:00+00:00,22.28,90.0,0.0,0.0,0.0,409.9,1.93,347.0,99510.0
1990-07-13 17:00:00+00:00,22.09,87.05,0.0,0.0,0.0,404.65,2.0,347.0,99480.0
1990-07-13 18:00:00+00:00,21.87,84.15,0.0,0.0,0.0,400.6,2.07,349.0,99470.0
1990-07-13 19:00:00+00:00,21.92,81.4,0.0,0.0,0.0,410.3,2.0,359.0,99540.0
1990-07-13 20:00:00+00:00,21.9,81.4,0.0,0.0,0.0,412.0,2.0,356.0,99530.0
1990-07-13 21:00:00+00:00,21.86,78.7,0.0,0.0,0.0,413.4,2.07,357.0,99520.0
1990-07-13 22:00:00+00:00,21.76,81.4,55.7,72.74,45.85,412.8,2.34,357.0,99540.0
1990-07-13 23:00:00+00:00,22.01,81.4,112.5,59.01,93.1,406.0,2.41,358.0,99560.0
1990-07-14 00:00:00+00:00,22.49,84.15,115.45,24.05,103.1,412.0,2.76,5.0,99580.0
1990-07-14 01:00:00+00:00,22.79,84.25,181.55,65.79,136.8,417.75,2.9,2.0,99630.0
1990-07-14 02:00:00+00:00,23.42,81.5,265.05,83.37,197.05,419.0,3.45,0.0,99590.0
1990-07-14 03:00:00+00:00,24.15,78.9,278.7,79.34,206.45,417.85,3.79,0.0,99550.0
1990-07-14 04:00:00+00:00,24.76,73.95,347.15,112.94,238.85,422.3,4.07,1.0,99520.0
1990-07-14 05:00:00+00:00,25.66,71.6,228.95,24.51,205.5,428.65,4.48,10.0,99470.0
1990-07-14 06:00:00+00:00,25.74,71.6,566.95,340.03,259.25,430.6,4.14,13.0,99400.0
1990-07-14 07:00:00+00:00,27.19,67.2,434.45,285.7,204.05,415.5,4.14,24.0,99340.0
1990-07-14 08:00:00+00:00,27.63,67.3,247.85,133.12,158.9,421.7,4.0,25.0,99310.0
1990-07-14 09:00:00+00:00,27.42,69.6,107.1,30.53,91.85,431.95,3.24,22.0,99260.0
1990-07-14 10:00:00+00:00,26.81,71.85,35.8,4.33,34.45,438.9,3.24,6.0,99230.0
1990-07-14 11:00:00+00:00,25.89,74.1,4.7,0.0,4.7,430.2,3.59,358.0,99220.0
1990-07-14 12:00:00+00:00,24.97,79.05,0.0,0.0,0.0,430.0,3.66,352.0,99250.0
1990-07-14 13:00:00+00:00,24.32,81.65,0.0,0.0,0.0,430.8,3.79,353.0,99300.0
1990-07-14 14:00:00+00:00,23.73,87.1,0.0,0.0,0.0,427.7,3.66,358.0,99290.0
1990-07-14 15:00:00+00:00,23.49,87.1,0.0,0.0,0.0,428.1,3.31,353.0,99220.0
1990-07-14 16:00:00+00:00,23.39,87.1,0.0,0.0,0.0,427.5,2.9,352.0,99180.0
1990-07-14 17:00:00+00:00,23.32,90.05,0.0,0.0,0.0,430.6,2.97,355.0,99120.0
1990-07-14 18:00:00+00:00,23.24,90.05,0.0,0.0,0.0,431.4,2.83,352.0,99050.0
1990-07-14 19:00:00+00:00,23.13,96.15,0.0,0.0,0.0,431.2,2.14,344.0,99030.0
1990-07-14 20:00:00+00:00,23.15,96.15,0.0,0.0,0.0,432.55,2.0,342.0,98980.0
1990-07-14 21:00:00+00:00,23.17,96.15,0.0,0.0,0.0,432.35,1.72,343.0,98960.0
1990-07-14 22:00:00+00:00,23.19,96.15,18.55,0.0,18.55,432.9,1.38,344.0,98940.0
1990-07-14 23:00:00+00:00,23.41,96.2,40.45,0.0,40.45,434.1,1.1,352.0,98910.0
1990-07-15 00:00:00+00:00,23.84,93.1,33.4,0.0,33.4,434.3,1.31,10.0,98880.0
1990-07-15 01:00:00+00:00,23.9,93.1,163.0,13.33,153.95,435.55,0.97,36.0,98850.0
1990-07-15 02:00:00+00:00,24.63,90.1,368.2,168.07,231.3,428.85,0.83,64.0,98820.0
1990-07-15 03:00:00+00:00,26.02,84.5,393.9,156.24,251.75,426.35,0.9,137.0,98770.0
1990-07-15 04:00:00+00:00,27.2,81.9,487.75,119.5,373.25,436.8,1.79,160.0,98690.0
1990-07-15 05:00:00+00:00,28.56,74.5,372.8,73.78,302.25,439.7,2.55,176.0,98640.0
1990-07-15 06:00:00+00:00,29.19,72.15,341.65,63.59,284.15,448.8,3.24,177.0,98570.0
1990-07-15 07:00:00+00:00,29.48,69.95,362.6,165.31,229.4,448.4,2.9,174.0,98510.0
1990-07-15 08:00:00+00:00,29.88,70.0,281.0,117.09,202.85,443.2,3.17,175.0,98470.0
1990-07-15 09:00:00+00:00,29.92,70.0,167.5,101.96,116.65,445.9,2.55,178.0,98470.0
1990-07-15 10:00:00+00:00,29.43,74.65,52.1,48.06,37.15,443.35,1.79,189.0,98480.0
1990-07-15 11:00:00+00:00,28.23,84.7,6.95,4.26,6.45,438.75,1.24,195.0,98510.0
1990-07-15 12:00:00+00:00,26.99,93.2,0.0,0.0,0.0,435.65,1.1,185.0,98530.0
1990-07-15 13:00:00+00:00,26.26,93.2,0.0,0.0,0.0,433.7,1.17,173.0,98560.0
1990-07-15 14:00:00+00:00,25.98,93.2,0.0,0.0,0.0,437.2,0.97,175.0,98590.0
1990-07-15 15:00:00+00:00,25.59,96.25,0.0,0.0,0.0,438.9,1.1,185.0,98550.0
1990-07-15 16:00:00+00:00,25.37,96.25,0.0,0.0,0.0,435.05,1.31,204.0,98520.0
1990-07-15 17:00:00+00:00,25.08,96.2,0.0,0.0,0.0,429.85,1.38,238.0,98490.0
1990-07-15 18:00:00+00:00,24.53,96.2,0.0,0.0,0.0,412.2,1.59,264.0,98450.0
1990-07-15 19:00:00+00:00,24.12,99.4,0.0,0.0,0.0,404.45,1.59,249.0,98490.0
1990-07-15 20:00:00+00:00,23.42,96.2,0.0,0.0,0.0,390.35,1.66,249.0,98520.0
1990-07-15 21:00:00+00:00,22.81,96.15,0.0,0.0,0.0,386.3,1.72,250.0,98580.0
1990-07-15 22:00:00+00:00,22.63,99.4,128.6,483.04,65.05,382.8,1.59,253.0,98630.0
1990-07-15 23:00:00+00:00,24.24,93.1,301.85,598.79,107.05,381.05,1.45,258.0,98690.0
1990-07-16 00:00:00+00:00,26.79,81.9,489.7,692.33,136.3,382.6,1.38,270.0,98750.0
1990-07-16 01:00:00+00:00,29.32,69.95,661.55,744.83,156.9,388.7,1.24,308.0,98810.0
1990-07-16 02:00:00+00:00,31.08,54.05,784.6,726.37,193.75,395.2,2.55,355.0,98850.0
1990-07-16 03:00:00+00:00,31.8,45.85,868.1,760.18,177.2,399.65,3.72,9.0,98900.0
1990-07-16 04:00:00+00:00,32.15,41.55,902.75,743.89,190.6,400.2,3.93,16.0,98910.0
1990-07-16 05:00:00+00:00,32.4,37.65,805.7,619.44,213.8,401.55,3.86,22.0,98940.0
1990-07-16 06:00:00+00:00,32.27,38.8,804.9,709.88,163.45,400.6,3.52,33.0,98960.0
1990-07-16 07:00:00+00:00,31.73,37.35,669.0,646.16,148.8,385.7,3.52,46.0,99000.0
1990-07-16 08:00:00+00:00,31.34,37.35,494.45,548.5,128.8,384.55,2.97,56.0,98990.0
1990-07-16 09:00:00+00:00,30.83,42.7,306.4,413.55,100.55,382.8,2.0,70.0,99020.0
1990-07-16 10:00:00+00:00,30.22,50.3,127.55,218.44,59.85,379.3,0.97,79.0,99050.0
1990-07-16 11:00:00+00:00,29.41,51.9,14.1,31.05,10.5,378.55,0.48,293.0,99100.0
1990-07-16 12:00:00+00:00,26.19,71.65,0.0,0.0,0.0,370.8,1.52,292.0,99160.0
1990-07-16 13:00:00+00:00,24.2,76.3,0.0,0.0,0.0,366.15,2.0,291.0,99270.0
1990-07-16 14:00:00+00:00,22.76,78.75,0.0,0.0,0.0,362.85,1.79,277.0,99300.0
1990-07-16 15:00:00+00:00,21.73,81.4,0.0,0.0,0.0,362.5,1.59,254.0,99340.0
1990-07-16 16:00:00+00:00,20.82,84.05,0.0,0.0,0.0,358.4,1.52,245.0,99350.0
1990-07-16 17:00:00+00:00,20.67,86.9,0.0,0.0,0.0,364.0,1.17,238.0,99350.0
1990-07-16 18:00:00+00:00,21.02,84.05,0.0,0.0,0.0,368.5,0.97,240.0,99320.0
1990-07-16 19:00:00+00:00,20.2,84.05,0.0,0.0,0.0,363.45,1.24,252.0,99320.0
1990-07-16 20:00:00+00:00,19.97,86.85,0.0,0.0,0.0,368.5,1.38,251.0,99350.0
1990-07-16 21:00:00+00:00,20.01,86.85,0.0,0.0,0.0,372.95,1.31,255.0,99360.0
1990-07-16 22:00:00+00:00,20.35,86.9,88.45,70.62,79.3,378.55,1.24,260.0,99390.0
1990-07-16 23:00:00+00:00,22.49,87.05,197.8,120.23,158.9,383.2,0.62,258.0,99430.0
1990-07-17 00:00:00+00:00,25.01,73.95,357.7,243.38,233.85,389.0,0.28,256.0,99410.0
1990-07-17 01:00:00+00:00,26.95,62.9,580.05,509.77,235.35,395.3,0.14,102.0,99420.0
1990-07-17 02:00:00+00:00,28.41,57.15,762.75,682.08,208.7,387.25,0.76,91.0,99390.0
1990-07-17 03:00:00+00:00,29.56,55.5,865.45,725.13,207.1,388.8,1.66,99.0,99380.0
1990-07-17 04:00:00+00:00,30.31,52.15,908.85,756.29,185.45,388.0,2.14,106.0,99360.0
1990-07-17 05:00:00+00:00,30.79,50.45,882.05,739.95,175.55,389.2,2.48,114.0,99320.0
1990-07-17 06:00:00+00:00,30.98,47.25,804.5,715.66,158.35,392.1,2.62,119.0,99250.0
1990-07-17 07:00:00+00:00,31.29,44.2,658.4,622.6,157.65,386.65,2.83,129.0,99180.0
1990-07-17 08:00:00+00:00,31.06,44.2,487.6,539.23,128.6,387.05,2.62,136.0,99140.0
1990-07-17 09:00:00+00:00,30.62,47.15,286.8,357.03,109.45,389.95,2.07,135.0,99100.0
1990-07-17 10:00:00+00:00,29.79,55.5,119.45,181.88,63.3,388.0,1.45,111.0,99070.0
1990-07-17 11:00:00+00:00,28.53,63.2,13.3,28.82,10.0,386.85,1.52,98.0,99120.0
1990-07-17 12:00:00+00:00,26.47,71.75,0.0,0.0,0.0,384.35,1.66,110.0,99180.0
1990-07-17 13:00:00+00:00,25.14,76.45,0.0,0.0,0.0,383.75,1.38,131.0,99280.0
1990-07-17 14:00:00+00:00,26.19,67.05,0.0,0.0,0.0,392.3,0.28,137.0,99300.0
1990-07-17 15:00:00+00:00,25.8,64.8,0.0,0.0,0.0,392.45,0.34,308.0,99300.0
1990-07-17 16:00:00+00:00,24.33,73.85,0.0,0.0,0.0,388.4,0.97,308.0,99280.0
1990-07-17 17:00:00+00:00,22.49,84.15,0.0,0.0,0.0,389.0,1.59,320.0,99220.0
1990-07-17 18:00:00+00:00,22.08,84.15,0.0,0.0,0.0,389.2,1.66,327.0,99160.0
1990-07-17 19:00:00+00:00,22.06,87.05,0.0,0.0,0.0,396.95,1.24,330.0,99180.0
1990-07-17 20:00:00+00:00,22.06,87.05,0.0,0.0,0.0,400.6,1.38,334.0,99180.0
1990-07-17 21:00:00+00:00,22.15,84.15,0.0,0.0,0.0,401.2,1.52,352.0,99170.0
1990-07-17 22:00:00+00:00,22.24,87.05,29.7,0.0,29.7,402.55,1.45,344.0,99210.0
1990-07-17 23:00:00+00:00,22.9,84.25,97.2,37.3,85.2,407.2,1.38,344.0,99230.0
1990-07-18 00:00:00+00:00,24.05,78.9,88.05,0.0,88.05,405.65,1.52,356.0,99240.0
1990-07-18 01:00:00+00:00,24.22,78.9,114.85,6.15,110.7,410.8,1.45,1.0,99310.0
1990-07-18 02:00:00+00:00,24.26,76.35,105.75,0.55,105.3,410.85,1.93,2.0,99290.0
1990-07-18 03:00:00+00:00,23.8,81.55,115.4,0.72,114.75,412.4,2.41,2.0,99300.0
1990-07-18 04:00:00+00:00,23.38,84.25,118.0,0.0,118.0,412.6,2.83,358.0,99300.0
1990-07-18 05:00:00+00:00,23.06,87.1,104.3,0.58,103.75,412.6,3.17,356.0,99270.0
1990-07-18 06:00:00+00:00,22.73,87.1,68.3,4.49,64.25,413.2,3.45,0.0,99250.0
1990-07-18 07:00:00+00:00,21.78,84.15,63.3,0.06,63.25,415.7,3.52,349.0,99270.0
1990-07-18 08:00:00+00:00,21.35,84.1,70.15,5.79,66.3,413.4,3.31,344.0,99250.0
1990-07-18 09:00:00+00:00,21.08,84.05,30.2,0.0,30.2,410.3,3.17,346.0,99220.0
1990-07-18 10:00:00+00:00,20.65,86.9,13.55,0.0,13.55,412.8,2.83,352.0,99220.0
1990-07-18 11:00:00+00:00,20.4,86.9,1.25,0.0,1.25,413.4,2.41,353.0,99260.0
1990-07-18 12:00:00+00:00,20.21,86.9,0.0,0.0,0.0,413.2,2.14,352.0,99300.0
1990-07-18 13:00:00+00:00,20.13,86.85,0.0,0.0,0.0,412.8,2.0,354.0,99340.0
1990-07-18 14:00:00+00:00,20.05,86.85,0.0,0.0,0.0,412.8,2.0,352.0,99320.0
1990-07-18 15:00:00+00:00,20.01,89.85,0.0,0.0,0.0,412.6,2.0,349.0,99290.0
1990-07-18 16:00:00+00:00,19.98,89.85,0.0,0.0,0.0,412.8,1.72,360.0,99240.0
1990-07-18 17:00:00+00:00,19.95,89.85,0.0,0.0,0.0,412.2,1.45,359.0,99160.0
1990-07-18 18:00:00+00:00,19.93,89.85,0.0,0.0,0.0,412.2,1.1,355.0,99090.0
1990-07-18 19:00:00+00:00,19.93,89.85,0.0,0.0,0.0,405.85,1.03,352.0,99090.0
1990-07-18 20:00:00+00:00,19.89,89.85,0.0,0.0,0.0,400.2,1.1,18.0,99080.0
1990-07-18 21:00:00+00:00,19.63,92.9,0.0,0.0,0.0,398.65,0.83,57.0,99080.0
1990-07-18 22:00:00+00:00,19.76,89.85,54.5,73.31,45.3,393.85,0.28,5.0,99120.0
1990-07-18 23:00:00+00:00,20.27,86.9,92.75,44.54,78.5,392.45,0.62,0.0,99120.0
1990-07-19 00:00:00+00:00,20.65,86.9,86.0,48.26,61.6,398.1,0.41,345.0,99160.0
1990-07-19 01:00:00+00:00,20.9,86.95,129.05,72.47,80.25,401.85,1.03,247.0,99190.0
1990-07-19 02:00:00+00:00,21.3,84.1,135.45,70.13,78.65,406.0,1.17,233.0,99200.0
1990-07-19 03:00:00+00:00,21.67,84.1,240.25,103.65,146.35,410.45,0.9,236.0,99190.0
1990-07-19 04:00:00+00:00,22.58,84.15,365.85,189.63,184.8,409.9,0.62,235.0,99160.0
1990-07-19 05:00:00+00:00,23.88,76.3,577.75,397.78,198.6,409.5,0.62,216.0,99120.0
1990-07-19 06:00:00+00:00,25.44,69.25,381.7,169.32,229.1,403.9,0.62,176.0,99040.0
1990-07-19 07:00:00+00:00,25.64,71.6,285.75,143.17,170.85,415.5,1.1,152.0,99040.0
1990-07-19 08:00:00+00:00,25.66,71.6,218.1,157.5,113.55,420.55,1.52,136.0,99020.0
1990-07-19 09:00:00+00:00,25.41,74.0,165.8,131.86,100.6,418.2,1.52,120.0,98980.0
1990-07-19 10:00:00+00:00,25.1,76.45,99.15,94.27,70.3,412.4,1.24,115.0,98990.0
1990-07-19 11:00:00+00:00,24.55,81.65,10.95,10.77,9.75,395.2,0.9,136.0,99030.0
1990-07-19 12:00:00+00:00,23.5,87.1,0.0,0.0,0.0,390.55,1.31,161.0,99120.0
1990-07-19 13:00:00+00:00,22.57,93.05,0.0,0.0,0.0,394.8,0.83,187.0,99200.0
1990-07-19 14:00:00+00:00,22.28,90.0,0.0,0.0,0.0,391.7,0.76,257.0,99200.0
1990-07-19 15:00:00+00:00,21.31,93.0,0.0,0.0,0.0,390.35,1.17,260.0,99220.0
1990-07-19 16:00:00+00:00,21.05,93.0,0.0,0.0,0.0,393.45,1.45,257.0,99210.0
1990-07-19 17:00:00+00:00,20.89,93.0,0.0,0.0,0.0,392.1,1.52,267.0,99160.0
1990-07-19 18:00:00+00:00,20.81,93.0,0.0,0.0,0.0,393.65,1.52,282.0,99100.0
1990-07-19 19:00:00+00:00,21.13,93.0,0.0,0.0,0.0,394.6,1.03,259.0,99130.0
1990-07-19 20:00:00+00:00,21.0,93.0,0.0,0.0,0.0,391.5,1.1,265.0,99150.0
1990-07-19 21:00:00+00:00,20.76,93.0,0.0,0.0,0.0,387.65,1.17,288.0,99140.0
1990-07-19 22:00:00+00:00,20.77,93.0,107.85,301.89,70.6,385.5,1.24,305.0,99180.0
1990-07-19 23:00:00+00:00,23.23,90.05,255.95,353.1,143.65,390.35,0.69,327.0,99210.0
1990-07-20 00:00:00+00:00,25.57,79.1,443.05,530.36,175.75,391.7,0.76,6.0,99260.0
1990-07-20 01:00:00+00:00,27.05,71.85,609.45,616.81,194.95,394.7,0.9,40.0,99290.0
1990-07-20 02:00:00+00:00,28.19,67.4,733.25,641.19,214.7,399.45,1.24,55.0,99290.0
1990-07-20 03:00:00+00:00,29.11,65.4,814.2,648.12,227.75,403.1,1.52,68.0,99290.0
1990-07-20 04:00:00+00:00,29.83,59.45,763.35,521.85,265.6,406.2,1.72,79.0,99260.0
1990-07-20 05:00:00+00:00,30.28,59.45,735.55,498.59,260.75,416.45,1.72,80.0,99210.0
1990-07-20 06:00:00+00:00,30.7,57.6,629.7,426.04,246.1,421.5,1.66,72.0,99160.0
1990-07-20 07:00:00+00:00,31.01,55.85,495.0,383.6,187.5,425.4,1.93,78.0,99110.0
1990-07-20 08:00:00+00:00,30.93,55.85,371.05,337.92,147.1,421.7,1.79,89.0,99100.0
1990-07-20 09:00:00+00:00,30.68,59.55,229.85,266.73,98.3,423.65,1.59,88.0,99080.0
1990-07-20 10:00:00+00:00,30.1,63.5,103.55,152.84,57.0,420.9,1.38,81.0,99070.0
1990-07-20 11:00:00+00:00,28.97,72.15,11.05,19.15,8.95,412.6,1.24,90.0,99090.0
1990-07-20 12:00:00+00:00,27.11,81.9,0.0,0.0,0.0,398.45,1.24,129.0,99170.0
1990-07-20 13:00:00+00:00,26.35,81.85,0.0,0.0,0.0,398.1,1.03,146.0,99280.0
1990-07-20 14:00:00+00:00,25.98,81.8,0.0,0.0,0.0,395.75,0.83,152.0,99320.0
1990-07-20 15:00:00+00:00,25.57,84.45,0.0,0.0,0.0,391.7,0.76,209.0,99340.0
1990-07-20 16:00:00+00:00,23.89,90.1,0.0,0.0,0.0,390.55,1.1,261.0,99310.0
1990-07-20 17:00:00+00:00,22.72,93.05,0.0,0.0,0.0,388.4,1.45,286.0,99260.0
1990-07-20 18:00:00+00:00,21.97,93.05,0.0,0.0,0.0,383.4,1.72,297.0,99200.0
1990-07-20 19:00:00+00:00,21.62,93.0,0.0,0.0,0.0,384.35,1.45,293.0,99200.0
1990-07-20 20:00:00+00:00,21.21,93.0,0.0,0.0,0.0,377.95,1.52,315.0,99190.0
1990-07-20 21:00:00+00:00,20.82,93.0,0.0,0.0,0.0,377.55,1.52,334.0,99200.0
1990-07-20 22:00:00+00:00,20.87,93.0,113.8,416.05,63.35,373.9,1.31,343.0,99250.0
1990-07-20 23:00:00+00:00,23.42,93.05,284.25,552.6,109.55,375.05,0.97,5.0,99290.0
1990-07-21 00:00:00+00:00,25.91,81.8,460.15,626.69,145.35,380.85,1.38,32.0,99310.0
1990-07-21 01:00:00+00:00,27.27,76.8,596.7,624.77,177.75,388.35,2.07,44.0,99330.0
1990-07-21 02:00:00+00:00,28.34,69.75,677.05,553.56,230.05,400.0,2.76,52.0,99320.0
1990-07-21 03:00:00+00:00,29.1,67.6,670.3,483.53,233.3,407.0,2.83,62.0,99310.0
1990-07-21 04:00:00+00:00,29.57,63.4,765.05,548.72,242.2,407.4,2.55,66.0,99290.0
1990-07-21 05:00:00+00:00,30.17,61.45,780.35,577.37,231.05,416.85,2.28,66.0,99250.0
1990-07-21 06:00:00+00:00,30.65,57.6,732.1,606.82,186.3,414.9,2.14,70.0,99200.0
1990-07-21 07:00:00+00:00,30.9,55.85,646.65,606.6,161.0,412.2,1.79,95.0,99150.0
1990-07-21 08:00:00+00:00,30.94,54.05,469.75,490.11,145.5,398.85,1.79,90.0,99120.0
1990-07-21 09:00:00+00:00,30.61,55.75,280.75,343.18,111.95,401.75,1.86,86.0,99080.0
1990-07-21 10:00:00+00:00,29.88,59.45,108.05,140.59,65.45,399.25,1.72,84.0,99080.0
1990-07-21 11:00:00+00:00,28.59,67.5,11.25,11.59,10.0,391.9,1.66,80.0,99120.0
1990-07-21 12:00:00+00:00,26.77,74.25,0.0,0.0,0.0,383.95,1.66,82.0,99160.0
1990-07-21 13:00:00+00:00,25.39,81.75,0.0,0.0,0.0,386.1,1.31,70.0,99270.0
1990-07-21 14:00:00+00:00,24.53,84.35,0.0,0.0,0.0,384.75,1.17,40.0,99320.0
1990-07-21 15:00:00+00:00,23.87,84.35,0.0,0.0,0.0,388.2,1.1,21.0,99310.0
1990-07-21 16:00:00+00:00,23.24,87.1,0.0,0.0,0.0,390.35,1.24,1.0,99310.0
1990-07-21 17:00:00+00:00,22.52,93.05,0.0,0.0,0.0,391.1,1.45,347.0,99290.0
1990-07-21 18:00:00+00:00,22.28,90.0,0.0,0.0,0.0,392.1,1.72,340.0,99250.0
1990-07-21 19:00:00+00:00,21.42,89.95,0.0,0.0,0.0,366.15,1.72,332.0,99230.0
1990-07-21 20:00:00+00:00,20.97,89.95,0.0,0.0,0.0,367.9,1.79,338.0,99200.0
1990-07-21 21:00:00+00:00,20.89,89.95,0.0,0.0,0.0,377.55,1.72,338.0,99210.0
1990-07-21 22:00:00+00:00,20.83,89.95,72.7,15.11,70.9,377.4,1.52,341.0,99230.0
1990-07-21 23:00:00+00:00,22.45,90.0,244.2,293.1,152.1,383.4,1.24,347.0,99240.0
1990-07-22 00:00:00+00:00,24.8,79.05,454.8,572.69,168.1,377.55,1.72,358.0,99270.0
1990-07-22 01:00:00+00:00,26.25,74.1,584.3,498.51,250.75,375.95,2.21,4.0,99320.0
1990-07-22 02:00:00+00:00,27.33,65.1,663.75,428.35,318.4,391.1,2.28,13.0,99260.0
1990-07-22 03:00:00+00:00,28.19,63.1,602.75,213.92,409.65,399.25,2.21,25.0,99260.0
1990-07-22 04:00:00+00:00,28.55,59.1,491.8,94.03,402.3,403.9,2.28,30.0,99240.0
1990-07-22 05:00:00+00:00,28.57,59.1,509.15,96.9,417.05,410.85,2.41,29.0,99200.0
1990-07-22 06:00:00+00:00,28.75,59.1,161.8,2.0,160.0,413.4,2.76,29.0,99130.0
1990-07-22 07:00:00+00:00,27.62,63.0,100.4,1.75,99.0,420.55,1.45,43.0,99140.0
1990-07-22 08:00:00+00:00,27.14,67.2,66.15,0.0,66.15,422.3,0.62,19.0,99140.0
1990-07-22 09:00:00+00:00,26.63,74.15,92.5,12.03,86.6,424.2,1.1,26.0,99040.0
1990-07-22 10:00:00+00:00,26.57,74.15,45.75,4.98,44.25,420.35,0.97,4.0,99090.0
1990-07-22 11:00:00+00:00,26.02,79.15,2.75,0.0,2.75,422.45,0.9,13.0,99080.0
1990-07-22 12:00:00+00:00,25.33,76.5,0.0,0.0,0.0,418.0,1.59,305.0,99130.0
1990-07-22 13:00:00+00:00,24.65,81.65,0.0,0.0,0.0,419.2,1.59,331.0,99170.0
1990-07-22 14:00:00+00:00,24.17,84.35,0.0,0.0,0.0,417.45,2.14,357.0,99180.0
1990-07-22 15:00:00+00:00,23.36,87.1,0.0,0.0,0.0,421.1,2.69,15.0,99200.0
1990-07-22 16:00:00+00:00,22.39,87.05,0.0,0.0,0.0,419.0,3.1,12.0,99190.0
1990-07-22 17:00:00+00:00,21.65,87.0,0.0,0.0,0.0,416.3,3.38,2.0,99150.0
1990-07-22 18:00:00+00:00,20.78,86.95,0.0,0.0,0.0,412.8,3.72,358.0,99090.0
1990-07-22 19:00:00+00:00,18.5,89.75,0.0,0.0,0.0,400.0,3.66,359.0,99080.0
1990-07-22 20:00:00+00:00,18.17,89.75,0.0,0.0,0.0,399.25,3.45,356.0,99020.0
1990-07-22 21:00:00+00:00,18.13,89.75,0.0,0.0,0.0,399.25,3.1,355.0,99010.0
1990-07-22 22:00:00+00:00,18.18,89.75,18.55,21.39,16.05,397.9,2.34,0.0,99010.0
1990-07-22 23:00:00+00:00,18.41,89.75,108.0,99.91,76.8,393.25,1.86,15.0,99040.0
1990-07-23 00:00:00+00:00,19.32,83.9,293.9,348.17,120.2,388.4,1.59,19.0,99030.0
1990-07-23 01:00:00+00:00,20.96,75.95,543.0,497.07,211.15,377.5,1.72,21.0,99040.0
1990-07-23 02:00:00+00:00,22.85,71.15,769.55,700.48,205.7,375.05,1.66,22.0,99030.0
1990-07-23 03:00:00+00:00,24.77,64.6,854.3,726.87,199.0,375.65,1.45,20.0,99010.0
1990-07-23 04:00:00+00:00,26.25,64.8,890.3,742.05,184.75,384.15,0.9,26.0,98980.0
1990-07-23 05:00:00+00:00,27.38,60.9,858.85,711.76,183.1,385.1,0.41,88.0,98920.0
1990-07-23 06:00:00+00:00,28.23,61.0,781.4,683.73,167.8,388.6,1.03,156.0,98870.0
1990-07-23 07:00:00+00:00,28.91,57.3,643.65,613.1,154.15,386.85,1.17,176.0,98900.0
1990-07-23 08:00:00+00:00,29.23,59.2,472.85,517.69,131.65,388.4,1.79,184.0,98860.0
1990-07-23 09:00:00+00:00,29.14,61.25,284.6,375.49,101.0,390.15,2.41,183.0,98830.0
1990-07-23 10:00:00+00:00,28.44,67.5,112.65,183.39,57.7,391.1,2.41,180.0,98830.0
1990-07-23 11:00:00+00:00,27.05,74.25,10.3,19.71,8.25,389.75,2.62,182.0,98820.0
1990-07-23 12:00:00+00:00,25.57,79.1,0.0,0.0,0.0,386.65,2.9,191.0,98850.0
1990-07-23 13:00:00+00:00,24.72,84.35,0.0,0.0,0.0,383.55,2.9,200.0,98920.0
1990-07-23 14:00:00+00:00,24.04,87.15,0.0,0.0,0.0,381.05,2.76,206.0,98920.0
1990-07-23 15:00:00+00:00,23.41,90.05,0.0,0.0,0.0,377.55,2.62,210.0,98900.0
1990-07-23 16:00:00+00:00,22.85,93.05,0.0,0.0,0.0,374.1,2.41,215.0,98870.0
1990-07-23 17:00:00+00:00,22.29,93.05,0.0,0.0,0.0,371.0,2.21,222.0,98820.0
1990-07-23 18:00:00+00:00,21.8,90.0,0.0,0.0,0.0,368.85,2.07,227.0,98800.0
1990-07-23 19:00:00+00:00,21.56,93.0,0.0,0.0,0.0,368.1,2.0,222.0,98880.0
1990-07-23 20:00:00+00:00,21.17,93.0,0.0,0.0,0.0,365.95,1.93,223.0,98860.0
1990-07-23 21:00:00+00:00,20.74,89.95,0.0,0.0,0.0,363.65,1.86,225.0,98890.0
1990-07-23 22:00:00+00:00,20.5,92.95,125.45,570.31,60.05,360.95,1.66,223.0,98920.0
1990-07-23 23:00:00+00:00,22.52,90.0,301.1,633.26,104.6,361.5,1.38,212.0,98920.0
1990-07-24 00:00:00+00:00,25.97,79.15,492.35,724.02,132.4,367.1,1.38,200.0,98950.0
1990-07-24 01:00:00+00:00,28.39,69.75,666.0,766.48,155.45,375.75,1.52,189.0,98960.0
1990-07-24 02:00:00+00:00,30.2,65.6,798.7,773.49,177.1,383.55,1.66,179.0,98930.0
1990-07-24 03:00:00+00:00,31.62,61.75,849.05,684.04,233.15,392.1,1.86,170.0,98940.0
1990-07-24 04:00:00+00:00,32.59,60.0,806.55,515.3,317.15,404.1,2.21,167.0,98920.0
1990-07-24 05:00:00+00:00,33.11,60.0,691.3,308.9,398.35,415.7,2.48,170.0,98870.0
1990-07-24 06:00:00+00:00,33.27,60.0,658.65,356.51,339.1,424.0,2.55,174.0,98820.0
1990-07-24 07:00:00+00:00,33.44,54.5,521.3,281.61,296.8,416.65,2.34,180.0,98820.0
1990-07-24 08:00:00+00:00,33.1,58.05,348.9,173.63,234.7,420.55,2.41,180.0,98790.0
1990-07-24 09:00:00+00:00,32.36,64.0,205.7,80.94,166.25,419.0,2.14,172.0,98780.0
1990-07-24 10:00:00+00:00,31.38,70.3,79.85,15.61,75.2,418.8,2.0,169.0,98780.0
1990-07-24 11:00:00+00:00,30.09,77.15,8.4,0.98,8.3,417.45,1.93,171.0,98780.0
1990-07-24 12:00:00+00:00,28.59,82.1,0.0,0.0,0.0,408.55,2.14,178.0,98820.0
1990-07-24 13:00:00+00:00,27.48,87.45,0.0,0.0,0.0,404.45,1.93,195.0,98880.0
1990-07-24 14:00:00+00:00,26.49,90.25,0.0,0.0,0.0,401.4,1.79,210.0,98920.0
1990-07-24 15:00:00+00:00,25.42,93.15,0.0,0.0,0.0,395.4,1.79,220.0,98880.0
1990-07-24 16:00:00+00:00,24.6,96.2,0.0,0.0,0.0,390.35,1.79,227.0,98890.0
1990-07-24 17:00:00+00:00,23.83,96.2,0.0,0.0,0.0,383.75,1.72,235.0,98880.0
1990-07-24 18:00:00+00:00,23.18,99.4,0.0,0.0,0.0,384.35,1.52,233.0,98850.0
1990-07-24 19:00:00+00:00,22.95,99.4,0.0,0.0,0.0,390.75,1.03,225.0,98830.0
1990-07-24 20:00:00+00:00,23.04,96.15,0.0,0.0,0.0,393.05,0.76,227.0,98800.0
1990-07-24 21:00:00+00:00,23.55,93.05,0.0,0.0,0.0,391.9,0.62,228.0,98860.0
1990-07-24 22:00:00+00:00,23.58,93.05,102.5,327.79,65.65,392.1,0.76,246.0,98900.0
1990-07-24 23:00:00+00:00,24.87,90.15,214.8,328.74,113.45,396.95,0.9,242.0,98910.0
1990-07-25 00:00:00+00:00,26.8,79.3,327.2,283.42,186.8,404.85,0.69,316.0,98930.0
1990-07-25 01:00:00+00:00,28.09,76.85,366.0,150.32,266.1,419.5,0.83,42.0,98970.0
1990-07-25 02:00:00+00:00,29.03,77.0,431.6,170.2,295.05,428.1,1.24,84.0,98990.0
1990-07-25 03:00:00+00:00,29.72,79.6,488.45,171.27,334.45,440.45,1.17,74.0,98990.0
1990-07-25 04:00:00+00:00,30.31,77.2,424.5,148.63,283.5,443.2,0.55,36.0,98970.0
1990-07-25 05:00:00+00:00,30.74,77.2,414.65,125.1,296.15,450.15,1.24,345.0,98940.0
1990-07-25 06:00:00+00:00,31.06,72.5,391.25,155.33,252.2,447.25,1.17,12.0,98880.0
1990-07-25 07:00:00+00:00,31.77,70.3,309.55,104.22,226.6,451.7,0.62,12.0,98870.0
1990-07-25 08:00:00+00:00,31.6,70.3,178.1,65.6,135.05,452.65,0.76,13.0,98860.0
1990-07-25 09:00:00+00:00,30.68,77.2,145.9,29.34,131.65,450.15,0.97,5.0,98820.0
1990-07-25 10:00:00+00:00,30.2,82.25,59.7,27.54,51.55,447.85,1.17,36.0,98810.0
1990-07-25 11:00:00+00:00,28.81,90.4,3.65,0.5,3.6,441.45,0.69,137.0,98870.0
1990-07-25 12:00:00+00:00,27.46,93.25,0.0,0.0,0.0,440.65,0.97,156.0,98980.0
1990-07-25 13:00:00+00:00,26.87,96.25,0.0,0.0,0.0,440.45,0.62,250.0,99030.0
1990-07-25 14:00:00+00:00,26.49,99.4,0.0,0.0,0.0,436.4,1.03,292.0,99050.0
1990-07-25 15:00:00+00:00,26.18,99.4,0.0,0.0,0.0,435.65,1.1,314.0,99010.0
1990-07-25 16:00:00+00:00,25.96,99.4,0.0,0.0,0.0,434.45,0.76,333.0,99000.0
1990-07-25 17:00:00+00:00,25.8,96.25,0.0,0.0,0.0,434.85,0.62,346.0,98970.0
1990-07-25 18:00:00+00:00,25.59,99.4,0.0,0.0,0.0,432.15,0.62,48.0,98960.0
1990-07-25 19:00:00+00:00,25.18,99.4,0.0,0.0,0.0,427.7,0.83,170.0,98930.0
1990-07-25 20:00:00+00:00,25.1,99.4,0.0,0.0,0.0,436.8,1.17,112.0,98960.0
1990-07-25 21:00:00+00:00,24.84,96.2,0.0,0.0,0.0,436.0,0.9,109.0,99030.0
1990-07-25 22:00:00+00:00,24.73,99.4,36.0,34.96,32.15,436.6,0.28,232.0,99060.0
1990-07-25 23:00:00+00:00,25.02,96.2,74.15,8.0,71.7,429.85,0.97,269.0,99010.0
1990-07-26 00:00:00+00:00,25.48,93.15,226.25,82.76,185.4,428.65,0.48,262.0,99000.0
1990-07-26 01:00:00+00:00,26.63,90.25,361.75,219.98,215.9,429.75,1.52,86.0,99070.0
1990-07-26 02:00:00+00:00,27.15,90.25,349.95,250.52,149.3,432.9,2.76,94.0,99100.0
1990-07-26 03:00:00+00:00,27.6,84.65,304.8,48.61,261.15,436.0,1.72,116.0,99040.0
1990-07-26 04:00:00+00:00,28.34,79.5,345.95,38.31,309.65,449.75,1.38,162.0,98970.0
1990-07-26 05:00:00+00:00,29.55,77.1,216.3,0.0,216.3,456.15,1.1,149.0,98980.0
1990-07-26 06:00:00+00:00,29.63,79.6,302.3,37.3,268.95,462.75,2.0,114.0,98910.0
1990-07-26 07:00:00+00:00,30.38,72.4,315.85,107.73,230.25,460.6,1.52,141.0,98870.0
1990-07-26 08:00:00+00:00,30.81,70.2,189.25,38.87,163.8,459.25,1.45,126.0,98860.0
1990-07-26 09:00:00+00:00,30.57,74.8,119.6,64.88,88.2,452.65,1.59,92.0,98840.0
1990-07-26 10:00:00+00:00,30.11,79.65,53.5,32.32,44.0,453.25,1.31,64.0,98850.0
1990-07-26 11:00:00+00:00,29.44,82.2,4.4,1.03,4.3,451.9,1.59,39.0,98870.0
1990-07-26 12:00:00+00:00,28.31,84.75,0.0,0.0,0.0,443.55,2.28,16.0,98920.0
1990-07-26 13:00:00+00:00,27.64,87.45,0.0,0.0,0.0,445.1,2.69,6.0,99030.0
1990-07-26 14:00:00+00:00,26.74,90.25,0.0,0.0,0.0,441.45,2.97,5.0,99090.0
1990-07-26 15:00:00+00:00,25.84,90.2,0.0,0.0,0.0,442.4,2.62,11.0,99100.0
1990-07-26 16:00:00+00:00,25.23,93.15,0.0,0.0,0.0,437.95,2.14,3.0,99040.0
1990-07-26 17:00:00+00:00,24.73,93.1,0.0,0.0,0.0,428.1,1.79,358.0,98990.0
1990-07-26 18:00:00+00:00,24.51,93.1,0.0,0.0,0.0,436.4,1.59,23.0,98940.0
1990-07-26 19:00:00+00:00,24.82,90.15,0.0,0.0,0.0,435.25,1.86,14.0,98940.0
1990-07-26 20:00:00+00:00,24.53,90.1,0.0,0.0,0.0,432.75,1.79,14.0,98920.0
1990-07-26 21:00:00+00:00,24.36,87.2,0.0,0.0,0.0,436.4,1.59,18.0,98920.0
1990-07-26 22:00:00+00:00,24.25,87.2,33.55,0.0,33.55,437.4,1.31,26.0,98930.0
1990-07-26 23:00:00+00:00,24.29,87.2,92.75,32.7,82.8,433.3,1.03,20.0,98940.0
1990-07-27 00:00:00+00:00,24.7,87.2,199.3,91.2,154.45,433.3,0.9,9.0,98940.0
1990-07-27 01:00:00+00:00,25.58,87.3,360.9,194.27,232.4,431.1,0.48,30.0,98950.0
1990-07-27 02:00:00+00:00,26.96,84.6,585.85,383.22,279.45,435.05,0.62,119.0,98880.0
1990-07-27 03:00:00+00:00,28.92,79.55,697.9,450.37,294.05,440.85,1.72,160.0,98840.0
1990-07-27 04:00:00+00:00,30.85,74.85,658.45,406.11,274.15,444.75,2.83,172.0,98750.0
1990-07-27 05:00:00+00:00,32.42,68.25,622.1,348.8,292.5,452.45,3.38,179.0,98680.0
1990-07-27 06:00:00+00:00,33.35,68.3,498.95,211.65,310.0,463.1,3.52,174.0,98590.0
1990-07-27 07:00:00+00:00,33.02,70.45,378.95,175.17,240.0,468.75,3.79,186.0,98620.0
1990-07-27 08:00:00+00:00,33.19,70.45,205.95,69.66,160.45,466.0,3.17,187.0,98550.0
1990-07-27 09:00:00+00:00,32.68,72.75,71.2,3.94,69.3,457.9,1.93,183.0,98600.0
1990-07-27 10:00:00+00:00,30.66,82.3,26.35,0.0,26.35,459.05,1.93,240.0,98640.0
1990-07-27 11:00:00+00:00,29.36,87.6,3.9,0.0,3.9,451.3,1.03,279.0,98600.0
1990-07-27 12:00:00+00:00,29.34,84.85,0.0,0.0,0.0,443.35,0.21,331.0,98630.0
1990-07-27 13:00:00+00:00,28.55,90.35,0.0,0.0,0.0,439.1,0.41,36.0,98700.0
1990-07-27 14:00:00+00:00,27.0,96.25,0.0,0.0,0.0,432.75,1.45,1.0,98750.0
1990-07-27 15:00:00+00:00,26.77,96.25,0.0,0.0,0.0,432.75,2.0,356.0,98790.0
1990-07-27 16:00:00+00:00,26.32,96.25,0.0,0.0,0.0,426.75,2.55,356.0,98790.0
1990-07-27 17:00:00+00:00,25.98,99.4,0.0,0.0,0.0,427.5,2.76,358.0,98790.0
1990-07-27 18:00:00+00:00,25.76,99.4,0.0,0.0,0.0,428.45,2.62,4.0,98790.0
1990-07-27 19:00:00+00:00,25.86,99.4,0.0,0.0,0.0,438.15,1.52,353.0,98850.0
1990-07-27 20:00:00+00:00,25.74,100.0,0.0,0.0,0.0,436.4,1.1,336.0,98870.0
1990-07-27 21:00:00+00:00,25.6,100.0,0.0,0.0,0.0,434.85,0.69,309.0,98930.0
1990-07-27 22:00:00+00:00,25.57,99.4,73.95,241.24,48.5,434.45,0.9,285.0,98970.0
1990-07-27 23:00:00+00:00,26.34,96.25,212.55,298.51,122.35,427.3,1.31,289.0,99000.0
1990-07-28 00:00:00+00:00,27.89,84.7,382.35,405.44,183.7,429.85,1.1,286.0,99000.0
1990-07-28 01:00:00+00:00,29.3,77.1,590.05,635.53,170.7,428.4,0.41,249.0,99020.0
1990-07-28 02:00:00+00:00,30.77,74.8,748.6,706.15,185.0,422.45,0.55,160.0,99030.0
1990-07-28 03:00:00+00:00,32.02,66.0,829.6,723.12,182.1,422.3,0.76,143.0,99030.0
1990-07-28 04:00:00+00:00,33.03,58.05,819.6,663.81,192.25,426.75,0.55,126.0,99030.0
1990-07-28 05:00:00+00:00,33.57,54.5,688.0,543.6,175.0,435.85,0.62,108.0,98990.0
1990-07-28 06:00:00+00:00,33.65,52.75,680.45,530.84,207.25,444.15,0.76,121.0,98970.0
1990-07-28 07:00:00+00:00,33.54,51.05,548.3,473.06,173.75,439.3,0.76,86.0,98970.0
1990-07-28 08:00:00+00:00,33.45,51.05,410.95,429.76,130.95,440.45,0.83,111.0,98940.0
1990-07-28 09:00:00+00:00,33.2,54.4,265.35,347.61,98.4,429.45,0.9,134.0,98910.0
1990-07-28 10:00:00+00:00,32.57,58.05,100.55,160.86,53.95,426.55,1.03,167.0,98910.0
1990-07-28 11:00:00+00:00,31.1,67.95,7.25,11.86,6.15,424.4,1.52,207.0,98940.0
1990-07-28 12:00:00+00:00,29.52,72.25,0.0,0.0,0.0,419.4,2.14,224.0,99020.0
1990-07-28 13:00:00+00:00,28.46,76.95,0.0,0.0,0.0,419.2,2.14,233.0,99060.0
1990-07-28 14:00:00+00:00,27.72,81.95,0.0,0.0,0.0,418.6,2.07,239.0,99070.0
1990-07-28 15:00:00+00:00,27.08,84.6,0.0,0.0,0.0,417.25,1.93,241.0,99020.0
1990-07-28 16:00:00+00:00,26.56,87.35,0.0,0.0,0.0,414.9,1.93,234.0,99010.0
1990-07-28 17:00:00+00:00,26.44,87.35,0.0,0.0,0.0,420.9,1.86,230.0,98960.0
1990-07-28 18:00:00+00:00,26.13,90.2,0.0,0.0,0.0,417.45,1.79,223.0,98910.0
1990-07-28 19:00:00+00:00,25.74,93.15,0.0,0.0,0.0,409.5,1.72,220.0,98900.0
1990-07-28 20:00:00+00:00,25.47,93.15,0.0,0.0,0.0,411.65,1.66,220.0,98870.0
1990-07-28 21:00:00+00:00,25.17,96.2,0.0,0.0,0.0,412.4,1.59,222.0,98860.0
1990-07-28 22:00:00+00:00,24.9,96.2,97.85,424.18,54.1,409.7,1.31,221.0,98880.0
1990-07-28 23:00:00+00:00,26.89,90.25,198.7,342.24,96.0,413.2,0.9,209.0,98880.0
1990-07-29 00:00:00+00:00,28.87,82.15,285.55,302.9,137.7,428.85,0.69,195.0,98900.0
1990-07-29 01:00:00+00:00,30.04,77.15,324.5,214.37,183.4,435.35,0.34,191.0,98920.0
1990-07-29 02:00:00+00:00,30.84,72.5,219.65,40.86,187.1,445.1,0.69,305.0,98940.0
1990-07-29 03:00:00+00:00,30.88,72.5,365.35,146.85,234.05,451.3,1.86,351.0,98960.0
1990-07-29 04:00:00+00:00,31.19,65.8,496.4,304.51,209.0,444.9,2.9,1.0,98960.0
1990-07-29 05:00:00+00:00,31.18,55.85,465.7,167.87,307.5,443.55,3.93,354.0,98930.0
1990-07-29 06:00:00+00:00,30.31,55.75,467.4,302.07,198.55,439.9,4.07,357.0,98870.0
1990-07-29 07:00:00+00:00,30.03,55.6,354.15,228.79,173.35,433.5,3.17,338.0,98920.0
1990-07-29 08:00:00+00:00,29.84,57.5,267.9,206.37,133.8,431.4,2.62,341.0,98860.0
1990-07-29 09:00:00+00:00,29.54,61.35,181.4,179.91,95.35,430.8,2.07,344.0,98770.0
1990-07-29 10:00:00+00:00,29.02,65.4,66.9,69.06,47.05,423.65,1.72,346.0,98780.0
1990-07-29 11:00:00+00:00,28.01,67.4,6.6,8.87,5.8,410.45,1.93,326.0,98770.0
1990-07-29 12:00:00+00:00,26.87,69.5,0.0,0.0,0.0,403.9,1.79,309.0,98820.0
1990-07-29 13:00:00+00:00,25.93,74.1,0.0,0.0,0.0,398.85,1.93,290.0,98880.0
1990-07-29 14:00:00+00:00,25.19,79.05,0.0,0.0,0.0,400.0,2.0,274.0,98890.0
1990-07-29 15:00:00+00:00,24.52,81.65,0.0,0.0,0.0,404.1,2.0,263.0,98880.0
1990-07-29 16:00:00+00:00,23.7,87.1,0.0,0.0,0.0,389.55,2.07,260.0,98830.0
1990-07-29 17:00:00+00:00,23.1,87.1,0.0,0.0,0.0,379.9,2.07,256.0,98750.0
1990-07-29 18:00:00+00:00,22.61,90.0,0.0,0.0,0.0,374.45,2.0,249.0,98680.0
1990-07-29 19:00:00+00:00,22.17,90.0,0.0,0.0,0.0,370.8,1.72,237.0,98690.0
1990-07-29 20:00:00+00:00,21.69,89.95,0.0,0.0,0.0,367.3,1.79,242.0,98660.0
1990-07-29 21:00:00+00:00,21.18,89.95,0.0,0.0,0.0,365.0,1.79,249.0,98660.0
1990-07-29 22:00:00+00:00,20.79,89.95,113.25,566.2,56.2,363.45,1.59,250.0,98650.0
1990-07-29 23:00:00+00:00,22.87,87.1,288.8,638.3,98.6,364.4,1.1,246.0,98690.0
1990-07-30 00:00:00+00:00,25.95,76.6,478.8,722.36,127.55,369.85,0.83,236.0,98680.0
1990-07-30 01:00:00+00:00,28.42,67.5,651.35,766.7,147.95,378.65,0.62,214.0,98740.0
1990-07-30 02:00:00+00:00,30.28,63.5,786.0,784.05,162.5,388.4,0.76,170.0,98700.0
1990-07-30 03:00:00+00:00,31.64,55.95,869.9,781.91,171.85,396.55,1.38,158.0,98690.0
1990-07-30 04:00:00+00:00,32.56,52.65,896.45,765.46,175.0,402.55,2.07,160.0,98640.0
1990-07-30 05:00:00+00:00,33.12,52.65,850.25,718.9,173.7,407.55,2.41,165.0,98580.0
1990-07-30 06:00:00+00:00,33.42,51.05,766.65,681.01,161.5,412.6,2.55,170.0,98520.0
1990-07-30 07:00:00+00:00,33.54,52.75,628.85,608.65,148.85,412.0,3.17,169.0,98510.0
1990-07-30 08:00:00+00:00,33.26,58.05,458.1,513.05,125.65,414.35,3.59,170.0,98470.0
1990-07-30 09:00:00+00:00,32.59,61.95,271.6,366.93,96.85,414.75,3.45,168.0,98450.0
1990-07-30 10:00:00+00:00,31.5,65.9,100.45,171.86,51.45,413.0,3.24,171.0,98440.0
1990-07-30 11:00:00+00:00,30.04,72.35,6.45,11.98,5.4,408.35,2.9,177.0,98450.0
1990-07-30 12:00:00+00:00,28.7,76.95,0.0,0.0,0.0,407.0,2.62,183.0,98500.0
1990-07-30 13:00:00+00:00,27.73,79.35,0.0,0.0,0.0,399.65,2.48,189.0,98630.0
1990-07-30 14:00:00+00:00,26.94,81.9,0.0,0.0,0.0,398.1,2.34,195.0,98660.0
1990-07-30 15:00:00+00:00,26.25,84.55,0.0,0.0,0.0,396.95,2.34,194.0,98660.0
1990-07-30 16:00:00+00:00,25.64,87.3,0.0,0.0,0.0,392.65,2.34,196.0,98620.0
1990-07-30 17:00:00+00:00,25.16,90.15,0.0,0.0,0.0,390.75,2.28,200.0,98590.0
1990-07-30 18:00:00+00:00,24.67,90.1,0.0,0.0,0.0,386.85,2.14,204.0,98550.0
1990-07-30 19:00:00+00:00,24.47,90.1,0.0,0.0,0.0,389.0,1.93,194.0,98600.0
1990-07-30 20:00:00+00:00,23.97,93.1,0.0,0.0,0.0,389.4,1.79,190.0,98630.0
1990-07-30 21:00:00+00:00,23.49,93.05,0.0,0.0,0.0,387.65,1.59,194.0,98620.0
1990-07-30 22:00:00+00:00,23.44,93.05,102.65,509.36,52.55,383.55,1.24,202.0,98660.0
1990-07-30 23:00:00+00:00,24.84,90.15,277.95,607.57,98.2,383.4,0.83,189.0,98660.0
1990-07-31 00:00:00+00:00,27.23,81.9,469.65,705.25,128.05,386.45,0.97,171.0,98690.0
1990-07-31 01:00:00+00:00,28.71,76.95,642.65,753.6,149.1,392.2,1.38,159.0,98750.0
1990-07-31 02:00:00+00:00,30.05,72.35,777.65,773.74,163.5,398.85,1.93,157.0,98730.0
1990-07-31 03:00:00+00:00,31.4,68.05,860.55,769.94,174.25,405.45,2.55,162.0,98750.0
1990-07-31 04:00:00+00:00,32.5,66.1,889.2,756.46,177.25,412.0,3.17,168.0,98700.0
1990-07-31 05:00:00+00:00,33.33,62.05,857.3,726.13,174.95,417.65,3.59,171.0,98650.0
1990-07-31 06:00:00+00:00,33.79,60.1,736.55,622.18,184.6,419.75,3.86,170.0,98580.0
1990-07-31 07:00:00+00:00,33.6,62.05,593.8,554.53,157.4,428.3,3.31,168.0,98560.0
1990-07-31 08:00:00+00:00,33.57,60.1,420.8,427.18,144.8,429.85,3.31,167.0,98550.0
1990-07-31 09:00:00+00:00,33.11,64.0,261.25,339.38,100.35,428.65,2.97,162.0,98520.0
1990-07-31 10:00:00+00:00,32.44,66.1,80.4,117.97,47.05,425.0,2.55,166.0,98530.0
1990-07-31 11:00:00+00:00,31.19,72.5,5.6,7.65,4.95,427.5,2.0,157.0,98560.0
1990-07-31 12:00:00+00:00,29.79,77.15,0.0,0.0,0.0,418.4,2.14,157.0,98620.0
1990-07-31 13:00:00+00:00,28.85,82.15,0.0,0.0,0.0,416.65,2.21,168.0,98720.0
1990-07-31 14:00:00+00:00,28.13,87.5,0.0,0.0,0.0,414.15,2.34,180.0,98740.0
1990-07-31 15:00:00+00:00,27.65,90.3,0.0,0.0,0.0,415.7,2.34,189.0,98740.0
1990-07-31 16:00:00+00:00,23.63,99.0,0.0,0.0,0.0,401.75,0.75,204.0,98750.0
1990-07-31 17:00:00+00:00,24.37,99.0,0.0,0.0,0.0,403.76,0.79,210.0,98710.0
1990-07-31 18:00:00+00:00,25.1,97.35,0.0,0.0,0.0,405.77,0.83,209.0,98690.0
1990-07-31 19:00:00+00:00,25.83,93.99,0.0,0.0,0.0,407.77,0.88,174.0,98760.0
1990-07-31 20:00:00+00:00,26.56,90.63,0.0,0.0,0.0,409.78,0.92,70.0,98760.0
1990-07-31 21:00:00+00:00,27.29,87.27,0.0,0.0,0.0,411.79,0.96,23.0,98790.0
1990-07-31 22:00:00+00:00,28.02,83.91,65.75,214.21,45.2,413.8,1.01,21.0,98860.0
1990-07-31 23:00:00+00:00,28.75,80.55,137.6,122.91,101.5,415.8,1.05,359.0,98930.0
1990-08-01 00:00:00+00:00,29.48,77.19,417.8,477.86,187.25,417.81,1.09,276.0,98660.0
1990-08-01 01:00:00+00:00,30.22,73.82,574.3,504.1,245.0,419.82,1.13,217.0,98720.0
1990-08-01 02:00:00+00:00,30.95,70.46,631.65,378.3,331.95,421.82,1.18,95.0,98730.0
1990-08-01 03:00:00+00:00,31.68,67.1,711.9,394.12,361.15,423.83,1.22,109.0,98730.0
1990-08-01 04:00:00+00:00,32.41,63.74,687.05,316.14,389.95,425.84,1.26,122.0,98730.0
1990-08-01 05:00:00+00:00,33.14,60.38,692.8,348.19,366.1,427.85,1.3,128.0,98690.0
1990-08-01 06:00:00+00:00,33.87,57.02,561.45,258.31,332.7,429.85,1.35,134.0,98670.0
1990-08-01 07:00:00+00:00,34.6,53.66,512.85,317.35,263.65,431.86,1.39,121.0,98640.0
1990-08-01 08:00:00+00:00,34.41,54.7,297.05,201.97,166.95,443.2,0.83,132.0,98670.0
1990-08-01 09:00:00+00:00,34.03,58.3,228.95,262.99,104.85,445.9,0.41,48.0,98620.0
1990-08-01 10:00:00+00:00,33.46,62.05,99.05,164.18,53.05,437.4,1.31,29.0,98620.0
1990-08-01 11:00:00+00:00,32.01,70.3,6.2,9.13,5.45,424.4,2.0,22.0,98640.0
1990-08-01 12:00:00+00:00,30.29,77.15,0.0,0.0,0.0,420.55,2.21,21.0,98740.0
1990-08-01 13:00:00+00:00,29.42,82.15,0.0,0.0,0.0,422.45,2.07,28.0,98860.0
1990-08-01 14:00:00+00:00,28.68,82.1,0.0,0.0,0.0,428.3,1.72,54.0,98950.0
1990-08-01 15:00:00+00:00,26.89,87.4,0.0,0.0,0.0,426.55,0.83,296.0,99000.0
1990-08-01 16:00:00+00:00,24.75,93.15,0.0,0.0,0.0,427.5,3.79,308.0,99110.0
1990-08-01 17:00:00+00:00,24.15,90.1,0.0,0.0,0.0,421.3,2.41,306.0,99050.0
1990-08-01 18:00:00+00:00,24.37,90.1,0.0,0.0,0.0,426.75,1.72,349.0,99050.0
1990-08-01 19:00:00+00:00,24.09,93.1,0.0,0.0,0.0,423.45,4.83,20.0,99150.0
1990-08-01 20:00:00+00:00,23.86,96.2,0.0,0.0,0.0,425.0,3.72,9.0,99190.0
1990-08-01 21:00:00+00:00,24.0,93.1,0.0,0.0,0.0,437.0,3.79,4.0,99230.0
1990-08-01 22:00:00+00:00,24.03,93.1,16.0,0.0,16.0,437.75,4.0,2.0,99260.0
1990-08-01 23:00:00+00:00,23.95,96.2,42.75,3.43,41.75,435.85,3.72,4.0,99290.0
1990-08-02 00:00:00+00:00,23.82,93.1,72.55,0.0,72.55,434.1,3.79,18.0,99340.0
1990-08-02 01:00:00+00:00,23.42,96.2,72.8,0.0,72.8,431.3,3.31,29.0,99460.0
1990-08-02 02:00:00+00:00,23.29,96.2,113.5,2.91,111.2,429.65,2.69,29.0,99540.0
1990-08-02 03:00:00+00:00,23.47,96.2,59.3,0.0,59.3,430.6,2.55,6.0,99580.0
1990-08-02 04:00:00+00:00,23.31,93.05,171.3,8.37,163.45,428.85,3.66,344.0,99530.0
1990-08-02 05:00:00+00:00,23.97,87.15,253.5,67.89,189.9,427.7,4.0,358.0,99490.0
1990-08-02 06:00:00+00:00,24.8,81.7,234.65,10.75,225.15,417.85,4.28,18.0,99460.0
1990-08-02 07:00:00+00:00,26.49,71.75,136.1,6.64,130.9,435.05,2.97,29.0,99380.0
1990-08-02 08:00:00+00:00,26.41,74.15,86.7,1.17,85.95,433.7,2.48,36.0,99340.0
1990-08-02 09:00:00+00:00,26.28,74.15,81.9,17.04,73.9,435.85,2.21,33.0,99310.0
1990-08-02 10:00:00+00:00,26.22,74.15,35.35,2.16,34.75,430.8,2.34,20.0,99320.0
1990-08-02 11:00:00+00:00,25.79,74.1,2.5,0.0,2.5,423.45,2.14,11.0,99350.0
1990-08-02 12:00:00+00:00,25.2,76.5,0.0,0.0,0.0,415.9,2.0,354.0,99410.0
1990-08-02 13:00:00+00:00,24.77,79.05,0.0,0.0,0.0,413.0,2.0,347.0,99500.0
1990-08-02 14:00:00+00:00,24.34,81.65,0.0,0.0,0.0,407.95,2.07,344.0,99520.0
1990-08-02 15:00:00+00:00,23.95,84.35,0.0,0.0,0.0,403.9,2.07,346.0,99520.0
1990-08-02 16:00:00+00:00,23.72,84.35,0.0,0.0,0.0,404.85,2.14,349.0,99510.0
1990-08-02 17:00:00+00:00,23.53,84.35,0.0,0.0,0.0,405.85,2.21,350.0,99470.0
1990-08-02 18:00:00+00:00,23.05,87.1,0.0,0.0,0.0,393.45,2.21,349.0,99410.0
1990-08-02 19:00:00+00:00,22.55,87.1,0.0,0.0,0.0,388.6,1.86,328.0,99420.0
1990-08-02 20:00:00+00:00,21.96,93.0,0.0,0.0,0.0,374.45,1.52,339.0,99420.0
1990-08-02 21:00:00+00:00,21.12,96.15,0.0,0.0,0.0,366.75,1.31,354.0,99410.0
1990-08-02 22:00:00+00:00,20.59,96.15,101.55,528.38,53.45,367.7,1.24,356.0,99470.0
1990-08-02 23:00:00+00:00,22.37,93.05,262.9,580.92,94.8,363.25,0.97,7.0,99470.0
1990-08-03 00:00:00+00:00,24.06,81.65,437.45,649.38,126.65,371.0,1.52,26.0,99500.0
1990-08-03 01:00:00+00:00,25.27,74.0,582.15,643.72,163.85,371.85,2.07,32.0,99520.0
1990-08-03 02:00:00+00:00,26.3,64.95,620.2,583.69,159.6,380.45,2.34,37.0,99520.0
1990-08-03 03:00:00+00:00,27.02,55.05,827.25,743.27,167.95,387.45,2.07,40.0,99510.0
1990-08-03 04:00:00+00:00,27.96,51.45,887.45,768.83,167.15,382.4,1.79,42.0,99460.0
1990-08-03 05:00:00+00:00,28.67,46.65,852.35,726.43,172.95,379.9,1.79,48.0,99410.0
1990-08-03 06:00:00+00:00,29.06,45.2,758.85,655.91,180.15,383.2,1.93,59.0,99350.0
1990-08-03 07:00:00+00:00,28.93,48.25,598.65,563.28,158.4,385.1,1.31,123.0,99280.0
1990-08-03 08:00:00+00:00,28.95,48.25,448.95,493.29,133.25,393.65,1.31,120.0,99240.0
1990-08-03 09:00:00+00:00,28.73,48.25,260.7,357.9,93.5,385.7,1.66,116.0,99210.0
1990-08-03 10:00:00+00:00,28.05,55.15,94.9,169.7,48.25,383.55,1.31,110.0,99210.0
1990-08-03 11:00:00+00:00,26.92,65.0,4.85,7.87,4.25,383.2,0.97,122.0,99230.0
1990-08-03 12:00:00+00:00,25.37,66.95,0.0,0.0,0.0,381.45,1.79,139.0,99190.0
1990-08-03 13:00:00+00:00,24.0,73.85,0.0,0.0,0.0,374.45,1.24,172.0,99240.0
1990-08-03 14:00:00+00:00,23.51,73.75,0.0,0.0,0.0,370.6,1.1,240.0,99270.0
1990-08-03 15:00:00+00:00,22.18,81.4,0.0,0.0,0.0,373.5,1.52,270.0,99290.0
1990-08-03 16:00:00+00:00,21.56,84.1,0.0,0.0,0.0,371.75,1.72,272.0,99270.0
1990-08-03 17:00:00+00:00,21.03,86.95,0.0,0.0,0.0,369.65,1.66,255.0,99240.0
1990-08-03 18:00:00+00:00,20.55,86.9,0.0,0.0,0.0,366.15,1.66,243.0,99200.0
1990-08-03 19:00:00+00:00,20.44,89.85,0.0,0.0,0.0,367.3,1.66,229.0,99230.0
1990-08-03 20:00:00+00:00,20.12,89.85,0.0,0.0,0.0,365.4,1.59,219.0,99200.0
1990-08-03 21:00:00+00:00,19.93,89.85,0.0,0.0,0.0,366.15,1.52,201.0,99200.0
1990-08-03 22:00:00+00:00,19.93,89.85,104.5,586.07,52.6,365.4,1.38,196.0,99220.0
1990-08-03 23:00:00+00:00,22.32,84.15,275.85,625.23,96.3,367.9,0.97,188.0,99230.0
1990-08-04 00:00:00+00:00,24.81,71.5,456.95,695.15,125.6,374.65,1.45,176.0,99250.0
1990-08-04 01:00:00+00:00,26.3,64.95,624.3,728.7,152.05,382.15,1.93,171.0,99260.0
1990-08-04 02:00:00+00:00,27.54,63.0,765.4,760.17,166.75,386.65,2.21,165.0,99230.0
1990-08-04 03:00:00+00:00,28.59,61.1,823.8,715.91,189.85,390.95,2.48,156.0,99230.0
1990-08-04 04:00:00+00:00,29.41,59.2,773.7,577.64,233.4,399.85,2.69,156.0,99200.0
1990-08-04 05:00:00+00:00,29.88,59.35,798.3,651.25,190.25,404.65,2.9,160.0,99180.0
1990-08-04 06:00:00+00:00,30.45,57.5,709.2,574.75,203.1,412.4,3.03,160.0,99140.0
1990-08-04 07:00:00+00:00,30.79,55.75,553.5,481.18,178.35,411.25,3.72,172.0,99050.0
1990-08-04 08:00:00+00:00,30.68,55.75,374.85,355.68,148.0,409.5,3.66,171.0,99010.0
1990-08-04 09:00:00+00:00,30.21,59.45,224.45,272.44,97.85,415.3,3.38,167.0,98970.0
1990-08-04 10:00:00+00:00,29.42,65.4,80.0,106.02,51.15,406.6,2.9,161.0,99020.0
1990-08-04 11:00:00+00:00,28.2,69.65,4.45,5.46,4.05,404.85,2.48,162.0,99040.0
1990-08-04 12:00:00+00:00,26.98,74.25,0.0,0.0,0.0,401.95,2.21,169.0,99080.0
1990-08-04 13:00:00+00:00,26.11,76.65,0.0,0.0,0.0,397.1,2.07,174.0,99180.0
1990-08-04 14:00:00+00:00,25.32,81.75,0.0,0.0,0.0,395.0,1.86,177.0,99240.0
1990-08-04 15:00:00+00:00,24.66,84.4,0.0,0.0,0.0,398.65,1.66,174.0,99250.0
1990-08-04 16:00:00+00:00,24.1,87.2,0.0,0.0,0.0,397.3,1.66,186.0,99250.0
1990-08-04 17:00:00+00:00,23.61,87.15,0.0,0.0,0.0,394.4,1.72,198.0,99240.0
1990-08-04 18:00:00+00:00,23.05,90.05,0.0,0.0,0.0,391.5,1.45,200.0,99220.0
1990-08-04 19:00:00+00:00,22.88,93.05,0.0,0.0,0.0,392.3,1.66,172.0,99240.0
1990-08-04 20:00:00+00:00,22.63,93.05,0.0,0.0,0.0,393.45,1.52,163.0,99220.0
1990-08-04 21:00:00+00:00,22.44,96.15,0.0,0.0,0.0,390.75,1.31,153.0,99290.0
1990-08-04 22:00:00+00:00,22.25,96.15,93.35,446.19,54.95,377.2,1.03,146.0,99330.0
1990-08-04 23:00:00+00:00,23.36,93.05,267.75,589.89,99.65,377.4,0.9,168.0,99340.0
1990-08-05 00:00:00+00:00,24.97,84.4,454.25,682.03,130.5,374.85,1.38,189.0,99340.0
1990-08-05 01:00:00+00:00,26.41,79.2,618.7,708.18,161.0,380.8,1.31,182.0,99380.0
1990-08-05 02:00:00+00:00,27.79,76.8,712.95,654.03,198.95,391.7,1.17,146.0,99410.0
1990-08-05 03:00:00+00:00,28.95,72.1,759.1,569.03,256.1,404.3,1.59,127.0,99400.0
1990-08-05 04:00:00+00:00,29.94,65.5,749.55,536.03,249.0,412.8,2.0,140.0,99370.0
1990-08-05 05:00:00+00:00,30.65,59.55,714.4,515.54,233.9,426.75,2.28,149.0,99320.0
1990-08-05 06:00:00+00:00,31.07,55.85,643.35,452.79,245.45,422.65,2.55,155.0,99280.0
1990-08-05 07:00:00+00:00,31.65,54.15,524.25,458.96,167.35,421.1,2.76,160.0,99250.0
1990-08-05 08:00:00+00:00,31.61,54.15,315.2,244.44,159.85,427.7,2.62,155.0,99210.0
1990-08-05 09:00:00+00:00,31.11,57.75,232.15,299.48,93.75,429.05,2.14,150.0,99200.0
1990-08-05 10:00:00+00:00,30.45,63.5,79.3,118.09,47.5,413.2,1.79,135.0,99200.0
1990-08-05 11:00:00+00:00,29.34,69.85,4.1,5.71,3.7,415.7,1.79,120.0,99240.0
1990-08-05 12:00:00+00:00,28.01,74.3,0.0,0.0,0.0,404.45,1.79,129.0,99320.0
1990-08-05 13:00:00+00:00,26.86,79.3,0.0,0.0,0.0,406.4,1.31,138.0,99440.0
1990-08-05 14:00:00+00:00,26.75,79.3,0.0,0.0,0.0,413.2,0.83,169.0,99480.0
1990-08-05 15:00:00+00:00,25.62,84.5,0.0,0.0,0.0,410.65,0.97,208.0,99470.0
1990-08-05 16:00:00+00:00,24.73,87.25,0.0,0.0,0.0,408.55,1.38,238.0,99450.0
1990-08-05 17:00:00+00:00,24.24,90.1,0.0,0.0,0.0,404.85,1.45,268.0,99420.0
1990-08-05 18:00:00+00:00,23.81,93.1,0.0,0.0,0.0,406.2,1.1,301.0,99400.0
1990-08-05 19:00:00+00:00,23.77,93.1,0.0,0.0,0.0,405.45,1.24,36.0,99430.0
1990-08-05 20:00:00+00:00,23.78,93.1,0.0,0.0,0.0,414.35,1.45,44.0,99450.0
1990-08-05 21:00:00+00:00,23.67,93.1,0.0,0.0,0.0,412.8,1.66,23.0,99490.0
1990-08-05 22:00:00+00:00,23.67,93.1,52.25,175.34,37.6,414.95,2.0,360.0,99560.0
1990-08-05 23:00:00+00:00,23.98,93.1,126.2,113.88,94.0,410.85,2.21,360.0,99560.0
1990-08-06 00:00:00+00:00,24.49,90.1,267.25,211.97,167.05,414.55,2.62,5.0,99580.0
1990-08-06 01:00:00+00:00,25.6,81.8,378.35,249.8,217.35,426.65,2.55,17.0,99600.0
1990-08-06 02:00:00+00:00,26.68,79.3,366.2,101.05,286.95,422.85,2.48,34.0,99580.0
1990-08-06 03:00:00+00:00,27.21,76.8,485.55,259.19,256.85,438.15,2.41,39.0,99560.0
1990-08-06 04:00:00+00:00,28.07,76.85,550.7,325.52,247.25,437.0,2.28,37.0,99520.0
1990-08-06 05:00:00+00:00,28.86,74.5,491.0,259.85,249.25,439.5,2.0,41.0,99440.0
1990-08-06 06:00:00+00:00,29.53,72.15,390.25,207.32,208.45,434.65,1.66,59.0,99370.0
1990-08-06 07:00:00+00:00,28.86,76.95,372.45,256.78,173.3,432.15,2.41,86.0,99290.0
1990-08-06 08:00:00+00:00,28.06,74.4,269.5,202.63,141.2,424.2,1.31,86.0,99290.0
1990-08-06 09:00:00+00:00,28.0,79.35,148.4,88.9,107.55,434.45,0.55,61.0,99180.0
1990-08-06 10:00:00+00:00,27.13,76.8,48.35,33.04,39.55,425.2,1.24,204.0,99190.0
1990-08-06 11:00:00+00:00,26.42,84.55,2.4,1.5,2.3,420.75,0.21,323.0,99210.0
1990-08-06 12:00:00+00:00,25.79,87.3,0.0,0.0,0.0,421.7,1.31,64.0,99270.0
1990-08-06 13:00:00+00:00,24.68,93.15,0.0,0.0,0.0,416.45,1.31,67.0,99400.0
1990-08-06 14:00:00+00:00,24.25,93.1,0.0,0.0,0.0,421.7,0.9,24.0,99420.0
1990-08-06 15:00:00+00:00,23.96,99.4,0.0,0.0,0.0,421.1,1.1,334.0,99370.0
1990-08-06 16:00:00+00:00,23.84,96.2,0.0,0.0,0.0,422.1,1.31,348.0,99290.0
1990-08-06 17:00:00+00:00,23.75,96.2,0.0,0.0,0.0,421.5,1.52,8.0,99240.0
1990-08-06 18:00:00+00:00,23.67,96.2,0.0,0.0,0.0,425.95,1.66,20.0,99160.0
1990-08-06 19:00:00+00:00,23.84,96.2,0.0,0.0,0.0,417.25,1.1,13.0,99170.0
1990-08-06 20:00:00+00:00,23.7,96.2,0.0,0.0,0.0,422.1,1.52,27.0,99110.0
1990-08-06 21:00:00+00:00,23.55,96.2,0.0,0.0,0.0,422.65,1.72,31.0,99150.0
1990-08-06 22:00:00+00:00,23.39,99.4,25.4,29.0,23.05,425.75,1.72,37.0,99170.0
1990-08-06 23:00:00+00:00,23.51,96.2,60.0,30.12,51.55,428.65,1.59,38.0,99180.0
1990-08-07 00:00:00+00:00,23.64,96.2,119.05,52.37,94.4,428.65,1.52,47.0,99160.0
1990-08-07 01:00:00+00:00,24.03,90.1,96.95,21.24,83.3,427.25,1.38,64.0,99210.0
1990-08-07 02:00:00+00:00,24.16,90.1,182.3,34.69,155.15,430.0,0.55,88.0,99190.0
1990-08-07 03:00:00+00:00,24.97,87.25,420.7,195.68,248.35,429.05,0.83,331.0,99160.0
1990-08-07 04:00:00+00:00,26.4,79.2,410.3,88.87,327.6,429.25,1.38,330.0,99080.0
1990-08-07 05:00:00+00:00,27.34,74.3,423.95,116.79,315.5,440.45,0.48,348.0,99010.0
1990-08-07 06:00:00+00:00,28.24,74.4,621.95,460.12,219.35,443.2,0.28,80.0,98930.0
1990-08-07 07:00:00+00:00,29.31,72.15,478.5,377.03,186.9,427.1,0.62,208.0,98810.0
1990-08-07 08:00:00+00:00,29.85,67.7,343.4,282.44,165.25,432.35,0.76,203.0,98750.0
1990-08-07 09:00:00+00:00,30.09,65.6,186.0,168.35,109.1,436.2,0.14,257.0,98730.0
1990-08-07 10:00:00+00:00,29.7,69.95,74.15,109.19,45.4,433.5,0.83,88.0,98690.0
1990-08-07 11:00:00+00:00,28.88,76.95,3.2,3.15,3.0,421.9,1.24,96.0,98730.0
1990-08-07 12:00:00+00:00,27.61,81.95,0.0,0.0,0.0,414.35,1.17,118.0,98760.0
1990-08-07 13:00:00+00:00,26.39,87.35,0.0,0.0,0.0,411.45,1.31,163.0,98830.0
1990-08-07 14:00:00+00:00,25.41,90.2,0.0,0.0,0.0,406.0,1.31,187.0,98860.0
1990-08-07 15:00:00+00:00,24.96,93.15,0.0,0.0,0.0,410.45,1.24,197.0,98860.0
1990-08-07 16:00:00+00:00,24.38,96.2,0.0,0.0,0.0,404.3,1.38,197.0,98820.0
1990-08-07 17:00:00+00:00,24.1,93.1,0.0,0.0,0.0,403.9,1.66,203.0,98790.0
1990-08-07 18:00:00+00:00,23.99,96.2,0.0,0.0,0.0,401.55,1.79,209.0,98780.0
1990-08-07 19:00:00+00:00,24.1,93.1,0.0,0.0,0.0,400.2,2.07,208.0,98830.0
1990-08-07 20:00:00+00:00,24.07,93.1,0.0,0.0,0.0,395.75,2.14,205.0,98780.0
1990-08-07 21:00:00+00:00,24.04,93.1,0.0,0.0,0.0,393.25,2.14,208.0,98800.0
1990-08-07 22:00:00+00:00,23.93,96.2,92.95,498.15,53.85,392.85,2.0,217.0,98810.0
1990-08-07 23:00:00+00:00,24.96,93.15,251.85,480.5,118.15,391.1,1.52,219.0,98850.0
1990-08-08 00:00:00+00:00,27.43,81.95,390.45,405.39,200.45,391.3,1.38,212.0,98850.0
1990-08-08 01:00:00+00:00,29.24,77.0,462.15,253.79,299.5,408.65,1.24,199.0,98880.0
1990-08-08 02:00:00+00:00,30.5,72.35,686.8,557.13,251.75,422.45,1.24,180.0,98880.0
1990-08-08 03:00:00+00:00,31.94,68.05,751.75,553.18,265.45,420.35,1.45,175.0,98890.0
1990-08-08 04:00:00+00:00,33.05,64.0,803.55,581.84,263.1,430.4,1.93,171.0,98870.0
1990-08-08 05:00:00+00:00,33.93,62.15,696.85,420.59,307.05,433.9,2.21,168.0,98830.0
1990-08-08 06:00:00+00:00,34.4,60.3,625.8,425.43,254.4,445.5,2.34,179.0,98810.0
1990-08-08 07:00:00+00:00,33.98,58.3,381.4,166.69,252.85,442.4,1.38,205.0,98840.0
1990-08-08 08:00:00+00:00,33.72,58.3,237.95,90.49,181.1,448.6,1.93,195.0,98840.0
1990-08-08 09:00:00+00:00,33.09,64.1,126.5,18.83,117.95,448.0,1.86,193.0,98850.0
1990-08-08 10:00:00+00:00,32.21,70.35,44.3,2.31,43.7,445.9,1.79,205.0,98890.0
1990-08-08 11:00:00+00:00,31.12,74.85,1.65,0.0,1.65,443.55,2.0,210.0,98920.0
1990-08-08 12:00:00+00:00,30.06,79.65,0.0,0.0,0.0,439.3,2.07,206.0,98970.0
1990-08-08 13:00:00+00:00,29.24,84.8,0.0,0.0,0.0,434.1,2.07,209.0,99050.0
1990-08-08 14:00:00+00:00,28.4,90.35,0.0,0.0,0.0,426.75,1.93,218.0,99070.0
1990-08-08 15:00:00+00:00,27.4,90.3,0.0,0.0,0.0,413.55,1.79,228.0,99040.0
1990-08-08 16:00:00+00:00,26.64,90.25,0.0,0.0,0.0,412.8,1.66,234.0,99030.0
1990-08-08 17:00:00+00:00,26.08,93.2,0.0,0.0,0.0,413.95,1.59,228.0,99020.0
1990-08-08 18:00:00+00:00,25.99,93.2,0.0,0.0,0.0,424.0,1.52,217.0,99000.0
1990-08-08 19:00:00+00:00,25.82,93.2,0.0,0.0,0.0,420.35,1.52,218.0,99010.0
1990-08-08 20:00:00+00:00,25.76,93.2,0.0,0.0,0.0,423.85,1.45,218.0,99040.0
1990-08-08 21:00:00+00:00,25.64,93.2,0.0,0.0,0.0,423.85,1.45,218.0,99060.0
1990-08-08 22:00:00+00:00,25.45,96.25,42.25,102.71,34.45,419.4,1.38,217.0,99110.0
1990-08-08 23:00:00+00:00,26.1,90.25,130.3,99.46,102.85,420.15,1.24,216.0,99150.0
1990-08-09 00:00:00+00:00,27.88,84.65,326.1,299.9,186.15,422.3,1.17,211.0,99200.0
1990-08-09 01:00:00+00:00,30.17,72.35,498.0,425.17,226.3,421.4,1.31,201.0,99230.0
1990-08-09 02:00:00+00:00,31.8,65.9,711.25,599.31,244.3,425.95,1.59,192.0,99220.0
1990-08-09 03:00:00+00:00,33.28,60.1,800.5,624.17,252.85,421.3,2.0,186.0,99200.0
1990-08-09 04:00:00+00:00,34.37,56.55,821.0,635.61,231.7,425.95,2.0,194.0,99170.0
1990-08-09 05:00:00+00:00,35.0,51.4,708.35,564.26,186.45,431.4,1.79,198.0,99130.0
1990-08-09 06:00:00+00:00,35.2,48.25,665.8,502.26,228.35,435.05,1.86,192.0,99080.0
1990-08-09 07:00:00+00:00,35.27,53.2,455.75,301.41,224.0,444.9,2.41,187.0,98970.0
1990-08-09 08:00:00+00:00,33.46,58.15,311.4,250.29,154.8,445.5,2.0,181.0,98980.0
1990-08-09 09:00:00+00:00,33.07,61.95,130.25,107.63,81.7,439.9,1.1,130.0,98990.0
1990-08-09 10:00:00+00:00,32.14,70.35,26.8,20.23,21.6,440.1,1.17,91.0,99010.0
1990-08-09 11:00:00+00:00,31.02,77.2,0.8,0.0,0.8,439.7,1.79,139.0,99060.0
1990-08-09 12:00:00+00:00,30.23,79.65,0.0,0.0,0.0,443.0,2.14,177.0,99120.0
1990-08-09 13:00:00+00:00,29.57,82.2,0.0,0.0,0.0,433.5,2.0,216.0,99200.0
1990-08-09 14:00:00+00:00,28.83,84.75,0.0,0.0,0.0,431.95,1.86,238.0,99200.0
1990-08-09 15:00:00+00:00,28.25,84.7,0.0,0.0,0.0,435.45,1.52,246.0,99150.0
1990-08-09 16:00:00+00:00,27.39,87.45,0.0,0.0,0.0,430.4,1.03,223.0,99130.0
1990-08-09 17:00:00+00:00,26.91,90.25,0.0,0.0,0.0,430.4,1.31,217.0,99090.0
1990-08-09 18:00:00+00:00,26.59,87.4,0.0,0.0,0.0,430.4,1.24,254.0,99040.0
1990-08-09 19:00:00+00:00,25.81,87.3,0.0,0.0,0.0,418.0,1.24,244.0,99080.0
1990-08-09 20:00:00+00:00,25.64,81.8,0.0,0.0,0.0,420.55,2.0,267.0,99100.0
1990-08-09 21:00:00+00:00,25.74,69.3,0.0,0.0,0.0,421.1,4.07,300.0,99100.0
1990-08-09 22:00:00+00:00,25.04,62.55,14.95,2.73,14.75,417.45,4.07,309.0,99120.0
1990-08-09 23:00:00+00:00,24.36,71.4,95.85,139.56,57.65,414.75,2.69,321.0,99180.0
1990-08-10 00:00:00+00:00,24.12,76.35,151.35,136.35,88.0,409.7,1.66,10.0,99170.0
1990-08-10 01:00:00+00:00,24.0,78.95,352.85,344.17,133.55,409.25,2.07,38.0,99190.0
1990-08-10 02:00:00+00:00,24.58,71.5,551.95,486.95,173.4,397.3,1.86,22.0,99150.0
1990-08-10 03:00:00+00:00,26.39,64.95,745.65,613.75,208.2,393.65,2.07,25.0,99100.0
1990-08-10 04:00:00+00:00,27.77,63.0,822.0,681.47,191.4,395.55,2.14,32.0,99020.0
1990-08-10 05:00:00+00:00,28.78,59.1,802.3,659.79,193.3,399.85,2.41,34.0,98960.0
1990-08-10 06:00:00+00:00,29.37,57.3,726.85,630.09,179.4,405.05,2.69,40.0,98940.0
1990-08-10 07:00:00+00:00,29.54,57.3,593.25,560.91,163.3,403.7,2.07,47.0,98970.0
1990-08-10 08:00:00+00:00,29.57,57.4,432.85,503.04,119.45,403.3,1.86,51.0,98950.0
1990-08-10 09:00:00+00:00,29.42,59.2,229.15,311.98,89.35,400.8,1.72,51.0,98930.0
1990-08-10 10:00:00+00:00,28.84,63.2,79.8,138.14,44.75,402.9,1.38,60.0,98930.0
1990-08-10 11:00:00+00:00,28.02,69.6,2.25,1.88,2.15,396.35,0.97,69.0,98930.0
1990-08-10 12:00:00+00:00,26.74,76.7,0.0,0.0,0.0,390.35,0.48,85.0,98990.0
1990-08-10 13:00:00+00:00,26.32,74.15,0.0,0.0,0.0,383.55,0.21,237.0,99050.0
1990-08-10 14:00:00+00:00,24.99,81.7,0.0,0.0,0.0,381.45,0.76,280.0,99070.0
1990-08-10 15:00:00+00:00,23.47,90.05,0.0,0.0,0.0,373.9,1.1,292.0,99040.0
1990-08-10 16:00:00+00:00,22.96,90.05,0.0,0.0,0.0,370.4,1.03,295.0,99000.0
1990-08-10 17:00:00+00:00,22.82,90.05,0.0,0.0,0.0,366.15,0.9,292.0,98970.0
1990-08-10 18:00:00+00:00,21.9,93.0,0.0,0.0,0.0,362.85,1.17,285.0,98940.0
1990-08-10 19:00:00+00:00,20.85,96.15,0.0,0.0,0.0,359.95,1.31,269.0,99000.0
1990-08-10 20:00:00+00:00,20.25,96.1,0.0,0.0,0.0,359.75,1.59,285.0,98980.0
1990-08-10 21:00:00+00:00,19.81,96.1,0.0,0.0,0.0,353.75,1.72,292.0,99030.0
1990-08-10 22:00:00+00:00,19.52,96.1,93.35,600.23,50.85,350.85,1.72,295.0,99050.0
1990-08-10 23:00:00+00:00,21.45,96.15,263.9,588.93,104.05,359.95,0.9,298.0,99070.0
1990-08-11 00:00:00+00:00,24.83,81.7,451.1,646.86,151.9,371.0,0.62,325.0,99080.0
1990-08-11 01:00:00+00:00,27.06,69.6,636.15,767.84,148.35,375.55,0.9,20.0,99080.0
1990-08-11 02:00:00+00:00,28.63,63.2,787.85,821.1,151.0,371.2,1.38,46.0,99100.0
1990-08-11 03:00:00+00:00,29.71,57.4,875.6,822.39,156.9,376.4,1.52,62.0,99060.0
1990-08-11 04:00:00+00:00,30.54,53.8,887.25,784.66,162.6,380.65,1.66,72.0,99010.0
1990-08-11 05:00:00+00:00,31.09,50.55,829.75,720.15,166.45,386.3,1.72,76.0,98950.0
1990-08-11 06:00:00+00:00,31.4,48.9,745.0,674.94,160.05,389.4,1.72,77.0,98900.0
1990-08-11 07:00:00+00:00,31.8,44.3,601.95,602.94,141.25,389.0,1.59,63.0,98840.0
1990-08-11 08:00:00+00:00,31.61,45.85,416.3,466.64,126.85,388.2,1.59,67.0,98800.0
1990-08-11 09:00:00+00:00,31.17,48.9,229.3,315.46,88.9,390.55,1.59,67.0,98800.0
1990-08-11 10:00:00+00:00,30.18,57.5,82.95,167.35,41.05,385.9,1.45,88.0,98800.0
1990-08-11 11:00:00+00:00,28.86,65.3,1.95,2.02,1.85,382.6,1.72,112.0,98820.0
1990-08-11 12:00:00+00:00,27.15,69.6,0.0,0.0,0.0,387.05,1.45,134.0,98860.0
1990-08-11 13:00:00+00:00,26.44,74.15,0.0,0.0,0.0,377.4,0.69,192.0,98920.0
1990-08-11 14:00:00+00:00,24.27,84.35,0.0,0.0,0.0,374.65,1.31,271.0,98940.0
1990-08-11 15:00:00+00:00,23.28,84.25,0.0,0.0,0.0,371.75,2.0,280.0,98910.0
1990-08-11 16:00:00+00:00,22.4,90.0,0.0,0.0,0.0,368.45,1.93,285.0,98880.0
1990-08-11 17:00:00+00:00,21.62,89.95,0.0,0.0,0.0,365.4,1.79,285.0,98810.0
1990-08-11 18:00:00+00:00,21.05,93.0,0.0,0.0,0.0,363.65,1.72,284.0,98770.0
1990-08-11 19:00:00+00:00,21.06,89.95,0.0,0.0,0.0,363.25,1.52,265.0,98770.0
1990-08-11 20:00:00+00:00,20.52,92.95,0.0,0.0,0.0,362.1,1.59,279.0,98750.0
1990-08-11 21:00:00+00:00,20.12,92.95,0.0,0.0,0.0,360.55,1.66,301.0,98740.0
1990-08-11 22:00:00+00:00,19.88,96.1,93.85,682.32,47.3,359.55,1.52,314.0,98730.0
1990-08-11 23:00:00+00:00,21.88,93.0,265.35,641.53,92.7,361.7,0.69,318.0,98740.0
1990-08-12 00:00:00+00:00,25.23,74.0,454.5,719.28,123.3,368.65,0.34,16.0,98720.0
1990-08-12 01:00:00+00:00,26.91,69.5,627.4,762.26,144.6,376.35,0.9,66.0,98750.0
1990-08-12 02:00:00+00:00,28.14,67.4,750.15,761.71,160.75,383.75,1.17,61.0,98740.0
1990-08-12 03:00:00+00:00,29.25,63.3,691.75,530.32,229.25,391.5,1.59,38.0,98720.0
1990-08-12 04:00:00+00:00,29.94,57.4,673.65,511.85,201.9,407.4,1.93,13.0,98700.0
1990-08-12 05:00:00+00:00,30.41,52.05,713.35,546.82,210.8,408.55,2.14,13.0,98630.0
1990-08-12 06:00:00+00:00,30.81,47.15,567.15,442.95,184.25,407.4,2.21,13.0,98580.0
1990-08-12 07:00:00+00:00,30.28,48.65,484.1,443.82,146.1,411.05,2.48,12.0,98650.0
1990-08-12 08:00:00+00:00,30.27,47.0,312.95,320.26,115.2,420.35,2.07,9.0,98630.0
1990-08-12 09:00:00+00:00,29.9,48.5,187.3,253.43,75.3,411.25,1.66,355.0,98560.0
1990-08-12 10:00:00+00:00,29.26,55.4,70.5,132.63,37.75,402.35,1.24,322.0,98580.0
1990-08-12 11:00:00+00:00,28.37,61.0,1.7,1.09,1.65,394.2,1.1,290.0,98610.0
1990-08-12 12:00:00+00:00,26.46,69.4,0.0,0.0,0.0,384.75,1.38,269.0,98660.0
1990-08-12 13:00:00+00:00,24.91,73.95,0.0,0.0,0.0,380.65,1.66,261.0,98760.0
1990-08-12 14:00:00+00:00,23.61,78.9,0.0,0.0,0.0,376.0,1.66,255.0,98800.0
1990-08-12 15:00:00+00:00,22.6,84.25,0.0,0.0,0.0,373.7,1.59,248.0,98800.0
1990-08-12 16:00:00+00:00,21.86,89.95,0.0,0.0,0.0,371.4,1.59,242.0,98840.0
1990-08-12 17:00:00+00:00,21.35,89.95,0.0,0.0,0.0,372.75,1.52,241.0,98810.0
1990-08-12 18:00:00+00:00,20.84,92.95,0.0,0.0,0.0,368.45,1.52,243.0,98790.0
1990-08-12 19:00:00+00:00,20.28,92.95,0.0,0.0,0.0,359.2,1.52,233.0,98710.0
1990-08-12 20:00:00+00:00,19.7,92.9,0.0,0.0,0.0,356.85,1.38,229.0,98750.0
1990-08-12 21:00:00+00:00,19.13,96.1,0.0,0.0,0.0,354.55,1.24,227.0,98750.0
1990-08-12 22:00:00+00:00,18.88,96.1,95.8,755.74,46.2,352.4,1.1,230.0,98800.0
1990-08-12 23:00:00+00:00,21.15,89.95,274.5,696.18,88.75,352.4,0.69,228.0,98860.0
1990-08-13 00:00:00+00:00,24.9,73.95,470.3,773.07,115.95,357.65,0.41,217.0,98870.0
1990-08-13 01:00:00+00:00,27.26,63.0,647.15,810.44,135.4,365.7,0.21,163.0,98900.0
1990-08-13 02:00:00+00:00,28.99,61.1,784.4,822.67,149.35,373.7,0.41,117.0,98920.0
1990-08-13 03:00:00+00:00,30.35,55.6,876.75,826.24,157.7,380.85,0.76,100.0,98940.0
1990-08-13 04:00:00+00:00,31.42,52.25,885.3,781.26,166.75,386.65,1.31,101.0,98910.0
1990-08-13 05:00:00+00:00,32.04,50.7,795.85,659.85,190.8,395.95,0.97,95.0,98870.0
1990-08-13 06:00:00+00:00,32.37,47.5,763.9,710.86,151.05,400.4,0.83,107.0,98850.0
1990-08-13 07:00:00+00:00,32.81,44.55,606.0,606.2,145.9,398.1,1.59,84.0,98800.0
1990-08-13 08:00:00+00:00,32.68,43.1,345.7,333.32,140.85,399.25,0.62,50.0,98780.0
1990-08-13 09:00:00+00:00,32.38,42.95,219.7,241.04,113.95,412.4,0.9,62.0,98760.0
1990-08-13 10:00:00+00:00,31.58,49.0,79.1,163.31,39.35,398.45,1.1,71.0,98750.0
1990-08-13 11:00:00+00:00,30.02,59.35,1.5,1.19,1.45,387.85,1.31,66.0,98770.0
1990-08-13 12:00:00+00:00,27.73,71.9,0.0,0.0,0.0,381.25,1.17,59.0,98850.0
1990-08-13 13:00:00+00:00,26.49,74.15,0.0,0.0,0.0,379.1,0.9,40.0,98950.0
1990-08-13 14:00:00+00:00,25.65,74.1,0.0,0.0,0.0,378.75,0.97,6.0,99020.0
1990-08-13 15:00:00+00:00,24.75,79.05,0.0,0.0,0.0,379.3,1.03,340.0,99040.0
1990-08-13 16:00:00+00:00,23.4,84.25,0.0,0.0,0.0,378.75,1.38,328.0,99060.0
1990-08-13 17:00:00+00:00,22.64,87.1,0.0,0.0,0.0,379.1,1.79,322.0,99060.0
1990-08-13 18:00:00+00:00,22.3,87.05,0.0,0.0,0.0,377.55,1.93,323.0,99060.0
1990-08-13 19:00:00+00:00,22.11,84.15,0.0,0.0,0.0,371.4,2.14,329.0,99060.0
1990-08-13 20:00:00+00:00,22.14,84.15,0.0,0.0,0.0,371.0,2.28,335.0,99100.0
1990-08-13 21:00:00+00:00,22.07,81.4,0.0,0.0,0.0,368.1,2.34,338.0,99130.0
1990-08-13 22:00:00+00:00,22.04,81.4,88.4,672.7,46.0,367.3,2.34,339.0,99180.0
1990-08-13 23:00:00+00:00,23.29,81.5,259.1,631.21,92.15,366.95,2.0,342.0,99200.0
1990-08-14 00:00:00+00:00,25.72,71.65,449.7,717.14,122.5,371.4,2.34,354.0,99220.0
1990-08-14 01:00:00+00:00,27.49,65.1,623.6,761.96,143.95,378.05,2.62,6.0,99230.0
1990-08-14 02:00:00+00:00,28.94,61.1,757.25,776.3,159.45,385.3,2.48,22.0,99270.0
1990-08-14 03:00:00+00:00,30.03,57.4,806.8,738.78,165.25,392.45,2.28,36.0,99280.0
1990-08-14 04:00:00+00:00,30.7,52.15,819.2,677.03,197.85,400.4,2.14,44.0,99240.0
1990-08-14 05:00:00+00:00,31.19,50.55,821.6,696.7,184.25,403.3,2.07,54.0,99190.0
1990-08-14 06:00:00+00:00,31.68,47.4,738.5,656.23,174.3,400.6,2.0,64.0,99150.0
1990-08-14 07:00:00+00:00,32.01,44.3,550.2,507.11,166.65,407.0,2.14,51.0,99080.0
1990-08-14 08:00:00+00:00,31.81,45.85,362.85,408.68,112.9,408.35,1.59,53.0,99090.0
1990-08-14 09:00:00+00:00,30.56,48.65,209.95,281.91,87.2,412.6,2.28,46.0,99100.0
1990-08-14 10:00:00+00:00,28.96,57.15,57.8,104.88,32.65,402.75,1.59,74.0,99160.0
1990-08-14 11:00:00+00:00,28.06,61.0,1.0,0.0,1.0,404.45,0.0,325.0,99210.0
1990-08-14 12:00:00+00:00,26.8,71.85,0.0,0.0,0.0,396.75,0.83,305.0,99250.0
1990-08-14 13:00:00+00:00,25.59,71.65,0.0,0.0,0.0,385.5,1.03,310.0,99340.0
1990-08-14 14:00:00+00:00,24.36,78.95,0.0,0.0,0.0,382.6,1.66,303.0,99360.0
1990-08-14 15:00:00+00:00,23.6,78.9,0.0,0.0,0.0,378.35,1.93,296.0,99390.0
1990-08-14 16:00:00+00:00,22.93,84.25,0.0,0.0,0.0,381.25,1.79,294.0,99400.0
1990-08-14 17:00:00+00:00,22.34,87.05,0.0,0.0,0.0,377.0,1.79,292.0,99380.0
1990-08-14 18:00:00+00:00,21.85,89.95,0.0,0.0,0.0,376.2,1.72,291.0,99360.0
1990-08-14 19:00:00+00:00,21.65,87.0,0.0,0.0,0.0,371.4,1.66,297.0,99340.0
1990-08-14 20:00:00+00:00,21.32,89.95,0.0,0.0,0.0,367.9,1.66,300.0,99360.0
1990-08-14 21:00:00+00:00,21.05,86.95,0.0,0.0,0.0,369.65,1.72,304.0,99390.0
1990-08-14 22:00:00+00:00,20.82,89.9,87.2,691.82,45.4,367.1,1.72,306.0,99430.0
1990-08-14 23:00:00+00:00,22.46,87.05,256.9,629.96,91.75,367.9,1.17,311.0,99490.0
1990-08-15 00:00:00+00:00,26.01,69.3,446.45,712.01,123.1,373.9,1.1,335.0,99500.0
1990-08-15 01:00:00+00:00,28.1,59.0,620.15,757.58,144.75,382.7,1.45,7.0,99570.0
1990-08-15 02:00:00+00:00,29.55,53.7,743.1,734.68,178.75,390.35,1.66,26.0,99580.0
1990-08-15 03:00:00+00:00,30.51,52.05,821.8,749.88,172.05,401.75,1.72,43.0,99580.0
1990-08-15 04:00:00+00:00,31.14,48.9,771.1,631.02,193.25,404.45,1.86,58.0,99540.0
1990-08-15 05:00:00+00:00,31.52,48.9,711.55,575.93,185.95,415.7,2.07,72.0,99530.0
1990-08-15 06:00:00+00:00,31.66,49.0,612.25,508.45,176.35,412.2,2.21,78.0,99520.0
1990-08-15 07:00:00+00:00,31.69,52.4,529.95,491.43,159.6,421.7,2.21,94.0,99470.0
1990-08-15 08:00:00+00:00,31.51,54.05,355.3,401.19,111.15,423.05,2.14,89.0,99460.0
1990-08-15 09:00:00+00:00,30.89,55.75,213.8,298.46,84.85,411.45,2.34,83.0,99460.0
1990-08-15 10:00:00+00:00,29.15,65.4,51.5,83.64,31.75,409.7,1.86,90.0,99500.0
1990-08-15 11:00:00+00:00,27.81,74.3,0.65,0.0,0.65,403.7,1.38,120.0,99600.0
1990-08-15 12:00:00+00:00,27.01,76.7,0.0,0.0,0.0,412.6,1.1,206.0,99630.0
1990-08-15 13:00:00+00:00,26.12,79.2,0.0,0.0,0.0,403.9,1.38,251.0,99720.0
1990-08-15 14:00:00+00:00,25.23,84.45,0.0,0.0,0.0,393.05,1.45,262.0,99760.0
1990-08-15 15:00:00+00:00,24.29,87.2,0.0,0.0,0.0,384.35,1.38,275.0,99740.0
1990-08-15 16:00:00+00:00,23.5,90.1,0.0,0.0,0.0,386.1,1.17,297.0,99740.0
1990-08-15 17:00:00+00:00,22.77,93.05,0.0,0.0,0.0,380.1,1.24,311.0,99720.0
1990-08-15 18:00:00+00:00,22.81,93.05,0.0,0.0,0.0,378.15,0.69,266.0,99700.0
1990-08-15 19:00:00+00:00,22.82,90.05,0.0,0.0,0.0,374.85,0.28,280.0,99730.0
1990-08-15 20:00:00+00:00,22.72,90.05,0.0,0.0,0.0,373.3,0.48,222.0,99760.0
1990-08-15 21:00:00+00:00,21.59,93.0,0.0,0.0,0.0,373.9,0.97,222.0,99790.0
1990-08-15 22:00:00+00:00,21.65,93.0,76.1,583.87,42.35,381.05,0.97,276.0,99820.0
1990-08-15 23:00:00+00:00,22.72,90.05,238.05,572.91,89.2,376.0,0.9,306.0,99850.0
1990-08-16 00:00:00+00:00,25.17,76.5,432.15,671.24,128.75,376.2,1.45,330.0,99870.0
1990-08-16 01:00:00+00:00,26.8,69.5,599.3,708.68,156.0,379.6,1.79,358.0,99890.0
1990-08-16 02:00:00+00:00,28.1,65.2,655.1,626.77,174.85,387.45,2.21,40.0,99920.0
1990-08-16 03:00:00+00:00,28.95,61.1,749.2,640.54,195.45,401.95,2.62,59.0,99910.0
1990-08-16 04:00:00+00:00,29.96,53.7,699.2,525.63,218.95,412.2,2.69,65.0,99880.0
1990-08-16 05:00:00+00:00,30.5,48.65,708.8,607.56,155.7,405.65,2.69,64.0,99820.0
1990-08-16 06:00:00+00:00,30.85,44.05,599.95,529.18,147.6,407.0,2.69,70.0,99810.0
1990-08-16 07:00:00+00:00,30.49,43.95,543.65,541.41,137.15,405.05,3.17,58.0,99780.0
1990-08-16 08:00:00+00:00,30.1,45.45,377.1,432.25,115.4,399.25,3.17,62.0,99750.0
1990-08-16 09:00:00+00:00,29.39,50.05,203.85,275.66,85.7,397.7,2.97,66.0,99760.0
1990-08-16 10:00:00+00:00,28.42,57.05,55.05,96.19,32.7,394.6,2.28,69.0,99760.0
1990-08-16 11:00:00+00:00,27.05,63.0,0.6,0.0,0.6,392.1,1.79,63.0,99790.0
1990-08-16 12:00:00+00:00,25.99,69.3,0.0,0.0,0.0,387.85,1.52,53.0,99810.0
1990-08-16 13:00:00+00:00,25.08,71.6,0.0,0.0,0.0,379.9,1.31,40.0,99890.0
1990-08-16 14:00:00+00:00,23.99,81.55,0.0,0.0,0.0,378.35,1.17,20.0,99910.0
1990-08-16 15:00:00+00:00,22.94,87.1,0.0,0.0,0.0,373.7,1.24,7.0,99910.0
1990-08-16 16:00:00+00:00,22.14,87.05,0.0,0.0,0.0,371.55,1.31,359.0,99900.0
1990-08-16 17:00:00+00:00,21.52,89.95,0.0,0.0,0.0,368.1,1.45,349.0,99890.0
1990-08-16 18:00:00+00:00,21.07,93.0,0.0,0.0,0.0,366.15,1.59,340.0,99870.0
1990-08-16 19:00:00+00:00,20.83,92.95,0.0,0.0,0.0,369.85,1.45,332.0,99920.0
1990-08-16 20:00:00+00:00,20.61,92.95,0.0,0.0,0.0,370.0,1.52,332.0,99900.0
1990-08-16 21:00:00+00:00,20.25,92.95,0.0,0.0,0.0,364.6,1.59,335.0,99920.0
1990-08-16 22:00:00+00:00,19.95,96.1,80.7,605.29,47.3,361.9,1.59,338.0,99930.0
1990-08-16 23:00:00+00:00,21.64,89.95,245.2,586.1,94.3,364.0,1.24,349.0,99980.0
1990-08-17 00:00:00+00:00,24.29,76.35,429.2,664.45,130.3,366.75,1.79,14.0,99980.0
1990-08-17 01:00:00+00:00,25.82,69.3,590.85,670.56,172.75,372.85,2.55,18.0,99990.0
1990-08-17 02:00:00+00:00,27.28,60.9,672.15,618.05,199.8,386.65,3.31,24.0,99980.0
1990-08-17 03:00:00+00:00,28.34,57.05,728.15,561.68,243.7,396.9,3.45,29.0,99970.0
1990-08-17 04:00:00+00:00,29.19,51.8,736.35,460.09,316.95,401.75,3.03,32.0,99930.0
1990-08-17 05:00:00+00:00,29.89,50.2,715.7,464.57,293.85,413.0,2.69,33.0,99870.0
1990-08-17 06:00:00+00:00,30.45,47.0,436.0,187.33,276.35,415.9,2.34,33.0,99800.0
1990-08-17 07:00:00+00:00,30.09,48.65,446.75,271.61,243.6,427.9,2.21,49.0,99750.0
1990-08-17 08:00:00+00:00,30.2,48.65,364.7,335.0,162.95,424.4,2.14,50.0,99700.0
1990-08-17 09:00:00+00:00,29.98,50.2,229.8,333.82,87.9,417.65,2.07,58.0,99660.0
1990-08-17 10:00:00+00:00,29.21,55.4,66.55,133.25,36.1,393.85,2.0,78.0,99650.0
1990-08-17 11:00:00+00:00,27.74,63.0,0.55,0.0,0.55,386.1,1.66,88.0,99670.0
1990-08-17 12:00:00+00:00,26.3,67.15,0.0,0.0,0.0,378.55,1.31,96.0,99720.0
1990-08-17 13:00:00+00:00,25.14,74.0,0.0,0.0,0.0,378.95,0.9,103.0,99790.0
1990-08-17 14:00:00+00:00,25.11,71.6,0.0,0.0,0.0,374.85,0.14,143.0,99810.0
1990-08-17 15:00:00+00:00,23.56,81.55,0.0,0.0,0.0,375.65,0.9,272.0,99830.0
1990-08-17 16:00:00+00:00,22.48,87.05,0.0,0.0,0.0,376.2,1.72,283.0,99830.0
1990-08-17 17:00:00+00:00,22.21,87.05,0.0,0.0,0.0,383.0,1.72,283.0,99810.0
1990-08-17 18:00:00+00:00,21.88,89.95,0.0,0.0,0.0,378.95,1.72,289.0,99780.0
1990-08-17 19:00:00+00:00,21.09,86.95,0.0,0.0,0.0,364.0,1.72,295.0,99750.0
1990-08-17 20:00:00+00:00,20.82,89.9,0.0,0.0,0.0,368.1,1.72,303.0,99760.0
1990-08-17 21:00:00+00:00,20.55,89.9,0.0,0.0,0.0,366.95,1.72,308.0,99760.0
1990-08-17 22:00:00+00:00,20.68,89.9,69.0,572.78,38.9,375.85,1.66,308.0,99810.0
1990-08-17 23:00:00+00:00,22.32,84.15,210.1,429.44,100.55,379.3,1.31,310.0,99830.0
1990-08-18 00:00:00+00:00,25.23,71.6,405.65,555.65,156.9,384.55,1.45,326.0,99850.0
1990-08-18 01:00:00+00:00,27.08,63.0,571.9,627.22,182.1,385.6,2.0,357.0,99840.0
1990-08-18 02:00:00+00:00,28.33,59.0,723.85,694.38,194.55,387.85,2.14,22.0,99820.0
1990-08-18 03:00:00+00:00,29.54,53.55,678.3,468.18,275.45,393.25,2.14,35.0,99790.0
1990-08-18 04:00:00+00:00,30.29,50.3,707.2,479.67,271.0,419.55,2.21,41.0,99750.0
1990-08-18 05:00:00+00:00,30.95,47.15,766.55,573.88,246.8,415.7,2.14,47.0,99700.0
1990-08-18 06:00:00+00:00,31.66,44.3,631.55,507.41,200.45,417.25,2.0,49.0,99630.0
1990-08-18 07:00:00+00:00,31.78,44.3,469.45,386.98,181.15,416.85,2.21,53.0,99580.0
1990-08-18 08:00:00+00:00,31.57,44.3,362.05,373.48,138.35,423.45,2.14,60.0,99550.0
1990-08-18 09:00:00+00:00,31.09,47.25,201.4,272.02,86.75,408.9,2.0,70.0,99500.0
1990-08-18 10:00:00+00:00,30.24,53.8,62.55,128.89,33.6,405.45,1.59,81.0,99500.0
1990-08-18 11:00:00+00:00,28.89,61.1,0.35,0.0,0.35,395.0,1.59,86.0,99490.0
1990-08-18 12:00:00+00:00,27.43,67.3,0.0,0.0,0.0,388.2,1.52,99.0,99550.0
1990-08-18 13:00:00+00:00,26.2,74.15,0.0,0.0,0.0,387.05,1.03,105.0,99630.0
1990-08-18 14:00:00+00:00,25.97,74.1,0.0,0.0,0.0,383.75,0.28,85.0,99640.0
1990-08-18 15:00:00+00:00,25.59,74.1,0.0,0.0,0.0,383.95,0.48,308.0,99650.0
1990-08-18 16:00:00+00:00,23.5,84.35,0.0,0.0,0.0,380.1,1.24,300.0,99650.0
1990-08-18 17:00:00+00:00,22.76,90.05,0.0,0.0,0.0,378.75,1.66,304.0,99630.0
1990-08-18 18:00:00+00:00,22.27,90.0,0.0,0.0,0.0,377.0,1.72,308.0,99610.0
1990-08-18 19:00:00+00:00,21.88,89.95,0.0,0.0,0.0,372.55,1.72,320.0,99640.0
1990-08-18 20:00:00+00:00,21.54,89.95,0.0,0.0,0.0,370.8,1.79,318.0,99670.0
1990-08-18 21:00:00+00:00,21.18,93.0,0.0,0.0,0.0,368.65,1.79,317.0,99680.0
1990-08-18 22:00:00+00:00,20.95,92.95,80.7,761.3,42.7,365.95,1.86,319.0,99730.0
1990-08-18 23:00:00+00:00,22.28,90.0,253.3,651.29,88.7,364.0,1.45,331.0,99730.0
1990-08-19 00:00:00+00:00,25.91,71.65,449.5,747.82,116.35,366.95,1.66,353.0,99760.0
1990-08-19 01:00:00+00:00,27.75,65.1,626.95,792.21,136.25,372.85,2.14,10.0,99770.0
1990-08-19 02:00:00+00:00,29.17,55.4,763.2,799.42,155.45,379.1,2.34,31.0,99760.0
1990-08-19 03:00:00+00:00,30.28,50.3,857.25,813.97,158.55,388.8,2.48,45.0,99730.0
1990-08-19 04:00:00+00:00,31.15,44.2,884.15,799.97,158.45,388.6,2.41,54.0,99720.0
1990-08-19 05:00:00+00:00,31.75,42.85,852.05,780.85,146.75,390.75,2.28,58.0,99660.0
1990-08-19 06:00:00+00:00,32.16,40.15,752.0,716.9,144.85,392.65,2.14,61.0,99610.0
1990-08-19 07:00:00+00:00,32.16,44.45,592.75,620.1,132.65,399.25,1.86,65.0,99540.0
1990-08-19 08:00:00+00:00,32.05,45.85,422.0,514.68,115.45,400.2,1.93,66.0,99530.0
1990-08-19 09:00:00+00:00,31.65,47.4,226.55,348.26,81.05,397.7,2.07,72.0,99500.0
1990-08-19 10:00:00+00:00,30.75,52.15,62.55,133.26,33.15,395.75,1.79,85.0,99530.0
1990-08-19 11:00:00+00:00,29.31,59.2,0.2,0.0,0.2,391.5,1.66,100.0,99540.0
1990-08-19 12:00:00+00:00,27.98,65.1,0.0,0.0,0.0,388.0,1.38,120.0,99570.0
1990-08-19 13:00:00+00:00,26.74,71.85,0.0,0.0,0.0,383.55,0.97,155.0,99650.0
1990-08-19 14:00:00+00:00,25.74,74.1,0.0,0.0,0.0,382.0,0.9,215.0,99650.0
1990-08-19 15:00:00+00:00,24.5,79.05,0.0,0.0,0.0,380.3,1.17,243.0,99640.0
1990-08-19 16:00:00+00:00,23.54,81.55,0.0,0.0,0.0,378.15,1.59,254.0,99600.0
1990-08-19 17:00:00+00:00,22.99,84.25,0.0,0.0,0.0,376.6,1.72,262.0,99550.0
1990-08-19 18:00:00+00:00,22.37,90.0,0.0,0.0,0.0,372.75,1.72,263.0,99540.0
1990-08-19 19:00:00+00:00,21.75,89.95,0.0,0.0,0.0,369.25,1.52,275.0,99560.0
1990-08-19 20:00:00+00:00,21.35,93.0,0.0,0.0,0.0,367.7,1.59,269.0,99560.0
1990-08-19 21:00:00+00:00,20.98,89.95,0.0,0.0,0.0,366.75,1.66,273.0,99560.0
1990-08-19 22:00:00+00:00,20.71,92.95,80.0,814.41,41.5,365.2,1.59,278.0,99570.0
1990-08-19 23:00:00+00:00,22.77,87.1,251.65,653.88,87.95,366.15,0.76,272.0,99580.0
1990-08-20 00:00:00+00:00,26.44,69.4,444.35,737.77,117.3,372.15,0.41,237.0,99620.0
1990-08-20 01:00:00+00:00,28.51,63.1,620.1,781.52,137.65,381.35,0.9,186.0,99600.0
1990-08-20 02:00:00+00:00,29.96,55.5,758.2,802.25,149.95,389.4,1.24,164.0,99590.0
1990-08-20 03:00:00+00:00,31.22,48.9,846.3,803.43,158.35,395.95,1.59,157.0,99550.0
1990-08-20 04:00:00+00:00,32.31,45.95,872.4,790.31,157.25,401.4,1.86,155.0,99500.0
1990-08-20 05:00:00+00:00,33.13,41.8,838.7,759.69,154.4,406.8,2.0,155.0,99450.0
1990-08-20 06:00:00+00:00,33.69,40.55,752.25,726.06,139.35,410.45,1.93,156.0,99390.0
1990-08-20 07:00:00+00:00,34.02,41.95,603.0,635.95,133.1,409.9,1.93,156.0,99340.0
1990-08-20 08:00:00+00:00,33.96,41.95,419.45,521.28,110.75,411.25,1.79,156.0,99280.0
1990-08-20 09:00:00+00:00,33.52,43.2,226.4,353.84,79.9,408.55,1.72,154.0,99240.0
1990-08-20 10:00:00+00:00,32.54,49.15,60.55,134.6,31.4,405.25,1.59,143.0,99210.0
1990-08-20 11:00:00+00:00,30.88,57.6,0.1,0.0,0.1,401.0,2.07,144.0,99220.0
1990-08-20 12:00:00+00:00,29.25,63.3,0.0,0.0,0.0,394.4,2.07,156.0,99280.0
1990-08-20 13:00:00+00:00,28.17,67.4,0.0,0.0,0.0,392.45,2.07,178.0,99360.0
1990-08-20 14:00:00+00:00,27.19,71.9,0.0,0.0,0.0,391.5,2.0,203.0,99400.0
1990-08-20 15:00:00+00:00,26.29,76.65,0.0,0.0,0.0,389.75,2.0,223.0,99390.0
1990-08-20 16:00:00+00:00,25.46,79.1,0.0,0.0,0.0,387.85,1.86,239.0,99360.0
1990-08-20 17:00:00+00:00,24.68,81.7,0.0,0.0,0.0,384.95,1.79,248.0,99340.0
1990-08-20 18:00:00+00:00,24.03,84.35,0.0,0.0,0.0,382.2,1.72,251.0,99310.0
1990-08-20 19:00:00+00:00,23.18,87.1,0.0,0.0,0.0,375.65,1.38,245.0,99300.0
1990-08-20 20:00:00+00:00,22.62,90.05,0.0,0.0,0.0,375.85,1.24,244.0,99290.0
1990-08-20 21:00:00+00:00,22.19,93.05,0.0,0.0,0.0,374.85,1.17,257.0,99340.0
1990-08-20 22:00:00+00:00,22.03,90.0,78.65,840.29,41.15,375.05,1.17,281.0,99380.0
1990-08-20 23:00:00+00:00,23.7,87.15,249.3,655.55,86.75,377.75,0.83,306.0,99440.0
1990-08-21 00:00:00+00:00,27.52,69.6,439.6,732.52,116.5,385.3,0.83,337.0,99460.0
1990-08-21 01:00:00+00:00,30.0,61.35,613.5,774.45,137.05,395.5,1.1,10.0,99490.0
1990-08-21 02:00:00+00:00,31.68,55.95,749.15,788.14,153.25,405.05,1.45,26.0,99500.0
1990-08-21 03:00:00+00:00,33.1,49.4,834.9,788.49,161.45,413.75,2.0,30.0,99500.0
1990-08-21 04:00:00+00:00,34.25,46.45,814.35,715.18,168.85,420.75,2.62,34.0,99450.0
1990-08-21 05:00:00+00:00,34.88,45.05,783.05,692.76,160.8,426.75,3.1,40.0,99380.0
1990-08-21 06:00:00+00:00,35.31,43.75,685.85,599.9,181.15,433.9,3.38,44.0,99330.0
1990-08-21 07:00:00+00:00,35.23,45.2,518.85,531.92,127.5,440.3,2.83,54.0,99290.0
1990-08-21 08:00:00+00:00,35.06,46.6,312.2,346.02,108.5,440.45,2.9,53.0,99280.0
1990-08-21 09:00:00+00:00,33.82,51.15,158.95,214.41,71.0,442.6,2.62,50.0,99250.0
1990-08-21 10:00:00+00:00,33.05,56.2,44.8,92.97,25.05,447.85,2.28,45.0,99310.0
1990-08-21 11:00:00+00:00,31.75,61.75,0.05,0.0,0.05,437.55,2.21,37.0,99340.0
1990-08-21 12:00:00+00:00,30.51,67.8,0.0,0.0,0.0,433.5,2.07,20.0,99440.0
1990-08-21 13:00:00+00:00,29.62,69.95,0.0,0.0,0.0,432.35,1.79,1.0,99530.0
1990-08-21 14:00:00+00:00,28.96,74.5,0.0,0.0,0.0,431.2,1.86,343.0,99560.0
1990-08-21 15:00:00+00:00,28.04,76.85,0.0,0.0,0.0,425.75,2.21,329.0,99550.0
1990-08-21 16:00:00+00:00,27.71,79.35,0.0,0.0,0.0,433.9,2.14,333.0,99560.0
1990-08-21 17:00:00+00:00,27.12,79.35,0.0,0.0,0.0,419.95,2.14,340.0,99550.0
1990-08-21 18:00:00+00:00,26.69,81.9,0.0,0.0,0.0,416.3,2.21,351.0,99550.0
1990-08-21 19:00:00+00:00,26.46,87.35,0.0,0.0,0.0,412.8,2.34,15.0,99580.0
1990-08-21 20:00:00+00:00,25.95,90.2,0.0,0.0,0.0,408.9,2.48,15.0,99630.0
1990-08-21 21:00:00+00:00,25.69,93.2,0.0,0.0,0.0,418.0,2.69,14.0,99670.0
1990-08-21 22:00:00+00:00,25.34,96.25,45.45,374.01,29.75,410.85,2.9,14.0,99730.0
1990-08-21 23:00:00+00:00,25.77,93.2,137.1,239.25,78.35,423.05,3.38,16.0,99800.0
1990-08-22 00:00:00+00:00,26.27,87.35,292.45,366.75,131.5,422.1,4.0,19.0,99850.0
1990-08-22 01:00:00+00:00,27.25,81.95,479.9,477.67,187.05,412.7,4.34,18.0,99910.0
1990-08-22 02:00:00+00:00,28.87,72.1,686.75,661.71,187.85,415.9,4.55,21.0,99930.0
1990-08-22 03:00:00+00:00,30.71,57.6,786.3,726.39,167.5,407.55,4.41,32.0,99940.0
1990-08-22 04:00:00+00:00,32.09,44.45,776.1,672.46,170.75,401.55,4.14,43.0,99900.0
1990-08-22 05:00:00+00:00,32.89,36.35,830.4,754.91,154.3,401.55,4.0,49.0,99810.0
1990-08-22 06:00:00+00:00,33.58,31.8,746.7,722.02,141.35,398.3,4.14,55.0,99750.0
1990-08-22 07:00:00+00:00,33.52,30.7,593.3,631.46,130.75,389.55,4.34,64.0,99690.0
1990-08-22 08:00:00+00:00,33.03,32.8,401.55,491.35,114.05,388.4,4.14,66.0,99680.0
1990-08-22 09:00:00+00:00,32.26,36.25,221.7,352.94,78.3,392.45,3.72,68.0,99680.0
1990-08-22 10:00:00+00:00,31.14,41.3,56.15,130.15,29.05,384.55,2.62,67.0,99690.0
1990-08-22 11:00:00+00:00,29.47,48.4,0.0,0.0,0.0,382.2,2.0,66.0,99710.0
1990-08-22 12:00:00+00:00,28.15,51.55,0.0,0.0,0.0,374.3,1.79,65.0,99770.0
1990-08-22 13:00:00+00:00,27.04,55.05,0.0,0.0,0.0,370.4,1.66,61.0,99910.0
1990-08-22 14:00:00+00:00,25.62,60.6,0.0,0.0,0.0,365.55,1.45,54.0,99950.0
1990-08-22 15:00:00+00:00,24.8,64.6,0.0,0.0,0.0,360.15,1.17,38.0,99940.0
1990-08-22 16:00:00+00:00,23.65,68.95,0.0,0.0,0.0,352.8,1.24,16.0,99910.0
1990-08-22 17:00:00+00:00,22.01,73.55,0.0,0.0,0.0,345.85,1.59,4.0,99890.0
1990-08-22 18:00:00+00:00,20.93,81.2,0.0,0.0,0.0,340.4,1.93,356.0,99860.0
1990-08-22 19:00:00+00:00,20.48,78.5,0.0,0.0,0.0,340.6,1.79,332.0,99850.0
1990-08-22 20:00:00+00:00,19.8,83.9,0.0,0.0,0.0,335.55,1.72,336.0,99860.0
1990-08-22 21:00:00+00:00,19.34,86.8,0.0,0.0,0.0,331.9,1.59,341.0,99870.0
1990-08-22 22:00:00+00:00,19.34,86.8,38.9,0.0,38.9,329.95,1.31,341.0,99900.0
1990-08-22 23:00:00+00:00,21.33,78.55,261.45,734.1,82.95,331.1,0.69,329.0,99940.0
1990-08-23 00:00:00+00:00,24.46,64.5,458.55,797.52,110.35,337.9,0.76,359.0,99960.0
1990-08-23 01:00:00+00:00,26.93,46.25,637.65,834.4,127.9,347.7,1.24,9.0,99960.0
1990-08-23 02:00:00+00:00,28.82,39.25,777.5,848.63,139.5,355.1,1.38,17.0,99970.0
1990-08-23 03:00:00+00:00,30.31,33.3,864.55,846.24,145.55,362.45,1.45,34.0,99930.0
1990-08-23 04:00:00+00:00,31.45,30.2,886.7,822.25,148.5,369.45,1.52,54.0,99870.0
1990-08-23 05:00:00+00:00,32.19,28.4,821.2,756.33,145.85,375.65,1.45,73.0,99800.0
1990-08-23 06:00:00+00:00,32.59,27.55,755.7,743.86,134.25,384.15,1.38,95.0,99740.0
1990-08-23 07:00:00+00:00,32.89,26.55,607.65,665.79,122.15,377.4,1.45,132.0,99670.0
1990-08-23 08:00:00+00:00,32.93,27.55,420.8,546.28,103.15,379.1,1.86,145.0,99650.0
1990-08-23 09:00:00+00:00,32.47,29.4,221.5,362.89,75.5,380.3,2.21,149.0,99600.0
1990-08-23 10:00:00+00:00,31.33,34.75,54.4,132.63,27.35,379.5,2.21,148.0,99620.0
1990-08-23 11:00:00+00:00,29.44,42.2,0.0,0.0,0.0,378.15,2.28,150.0,99620.0
1990-08-23 12:00:00+00:00,27.89,48.0,0.0,0.0,0.0,375.65,2.21,165.0,99710.0
1990-08-23 13:00:00+00:00,26.81,53.1,0.0,0.0,0.0,376.4,2.07,184.0,99800.0
1990-08-23 14:00:00+00:00,25.88,58.55,0.0,0.0,0.0,379.3,2.0,201.0,99830.0
1990-08-23 15:00:00+00:00,25.19,60.45,0.0,0.0,0.0,381.85,2.14,207.0,99780.0
1990-08-23 16:00:00+00:00,24.88,64.6,0.0,0.0,0.0,384.35,2.28,205.0,99760.0
1990-08-23 17:00:00+00:00,24.75,66.85,0.0,0.0,0.0,386.65,2.48,200.0,99710.0
1990-08-23 18:00:00+00:00,24.75,66.85,0.0,0.0,0.0,389.55,2.69,198.0,99680.0
1990-08-23 19:00:00+00:00,24.91,69.15,0.0,0.0,0.0,391.3,2.69,201.0,99720.0
1990-08-23 20:00:00+00:00,24.82,71.5,0.0,0.0,0.0,392.1,2.48,203.0,99720.0
1990-08-23 21:00:00+00:00,24.54,71.5,0.0,0.0,0.0,392.3,2.21,208.0,99690.0
1990-08-23 22:00:00+00:00,24.17,73.85,37.15,0.0,37.15,392.45,1.86,217.0,99720.0
1990-08-23 23:00:00+00:00,25.14,74.0,225.65,595.88,82.2,395.75,1.17,222.0,99750.0
1990-08-24 00:00:00+00:00,27.65,65.1,385.75,597.57,126.2,402.95,0.62,223.0,99770.0
1990-08-24 01:00:00+00:00,29.77,57.4,568.1,712.05,134.65,412.15,0.21,134.0,99840.0
1990-08-24 02:00:00+00:00,31.69,50.7,664.9,677.36,157.15,425.95,0.69,120.0,99890.0
1990-08-24 03:00:00+00:00,33.18,47.75,733.5,671.21,164.75,433.1,0.9,115.0,99890.0
1990-08-24 04:00:00+00:00,34.44,43.45,717.05,604.99,175.4,439.7,0.97,88.0,99860.0
1990-08-24 05:00:00+00:00,35.17,40.9,615.95,479.44,189.15,442.0,0.97,54.0,99820.0
1990-08-24 06:00:00+00:00,35.43,39.6,584.75,476.45,188.15,450.9,0.9,57.0,99760.0
1990-08-24 07:00:00+00:00,35.49,38.3,456.3,411.66,157.5,445.9,0.76,85.0,99770.0
1990-08-24 08:00:00+00:00,35.35,39.6,311.05,321.24,125.45,447.25,1.03,123.0,99750.0
1990-08-24 09:00:00+00:00,34.87,40.8,170.7,189.57,95.2,442.4,1.52,147.0,99730.0
1990-08-24 10:00:00+00:00,33.97,46.35,42.25,74.39,27.4,443.75,1.59,151.0,99700.0
1990-08-24 11:00:00+00:00,32.65,50.9,0.0,0.0,0.0,435.85,1.79,149.0,99770.0
1990-08-24 12:00:00+00:00,31.3,57.75,0.0,0.0,0.0,427.5,1.79,157.0,99830.0
1990-08-24 13:00:00+00:00,30.38,63.5,0.0,0.0,0.0,425.2,1.59,177.0,99920.0
1990-08-24 14:00:00+00:00,29.47,67.6,0.0,0.0,0.0,422.45,1.59,195.0,99940.0
1990-08-24 15:00:00+00:00,28.63,72.1,0.0,0.0,0.0,420.35,1.59,205.0,99930.0
1990-08-24 16:00:00+00:00,27.88,76.8,0.0,0.0,0.0,418.2,1.52,216.0,99930.0
1990-08-24 17:00:00+00:00,27.33,76.8,0.0,0.0,0.0,422.3,1.52,215.0,99920.0
1990-08-24 18:00:00+00:00,26.81,79.3,0.0,0.0,0.0,419.0,1.59,213.0,99910.0
1990-08-24 19:00:00+00:00,26.75,81.9,0.0,0.0,0.0,418.0,0.9,225.0,99990.0
1990-08-24 20:00:00+00:00,26.4,81.85,0.0,0.0,0.0,417.05,0.76,218.0,100000.0
1990-08-24 21:00:00+00:00,25.68,84.5,0.0,0.0,0.0,418.8,0.97,233.0,100030.0
1990-08-24 22:00:00+00:00,25.38,90.2,29.45,0.0,29.45,418.0,0.28,330.0,100080.0
1990-08-24 23:00:00+00:00,25.35,90.2,136.35,229.95,81.55,418.4,1.17,22.0,100130.0
1990-08-25 00:00:00+00:00,25.79,90.2,257.5,297.99,128.75,414.75,0.9,14.0,100180.0
1990-08-25 01:00:00+00:00,26.45,84.55,383.9,327.69,185.15,418.7,1.17,20.0,100270.0
1990-08-25 02:00:00+00:00,27.2,81.95,315.15,104.83,236.8,420.9,1.72,41.0,100330.0
1990-08-25 03:00:00+00:00,27.08,81.95,233.2,47.1,193.4,433.9,1.38,28.0,100280.0
1990-08-25 04:00:00+00:00,26.91,84.6,386.75,98.63,298.7,437.95,1.31,356.0,100240.0
1990-08-25 05:00:00+00:00,27.97,79.35,364.2,82.66,290.85,438.9,1.59,2.0,100160.0
1990-08-25 06:00:00+00:00,28.67,76.95,461.2,248.88,254.8,447.65,1.59,20.0,100090.0
1990-08-25 07:00:00+00:00,29.6,74.65,286.8,137.18,187.7,435.25,0.62,92.0,100050.0
1990-08-25 08:00:00+00:00,29.59,74.65,215.85,81.36,169.15,437.2,0.9,64.0,99960.0
1990-08-25 09:00:00+00:00,29.67,74.65,122.3,123.05,73.8,451.9,0.69,107.0,99890.0
1990-08-25 10:00:00+00:00,29.03,79.5,26.0,21.26,21.85,435.05,0.41,134.0,99880.0
1990-08-25 11:00:00+00:00,27.88,84.65,0.0,0.0,0.0,439.1,0.55,41.0,99920.0
1990-08-25 12:00:00+00:00,26.83,87.4,0.0,0.0,0.0,433.9,1.24,2.0,100030.0
1990-08-25 13:00:00+00:00,25.94,93.2,0.0,0.0,0.0,437.2,1.24,340.0,100110.0
1990-08-25 14:00:00+00:00,25.4,96.25,0.0,0.0,0.0,436.6,0.83,30.0,100170.0
1990-08-25 15:00:00+00:00,25.04,96.25,0.0,0.0,0.0,437.35,0.97,98.0,100170.0
1990-08-25 16:00:00+00:00,24.75,96.2,0.0,0.0,0.0,434.45,0.41,193.0,100140.0
1990-08-25 17:00:00+00:00,24.61,96.2,0.0,0.0,0.0,430.4,1.17,262.0,100050.0
1990-08-25 18:00:00+00:00,24.58,96.2,0.0,0.0,0.0,427.9,0.97,251.0,99980.0
1990-08-25 19:00:00+00:00,24.43,96.2,0.0,0.0,0.0,422.65,0.69,240.0,99990.0
1990-08-25 20:00:00+00:00,24.33,96.2,0.0,0.0,0.0,419.2,0.97,184.0,99940.0
1990-08-25 21:00:00+00:00,24.33,96.2,0.0,0.0,0.0,426.35,1.24,176.0,99950.0
1990-08-25 22:00:00+00:00,24.37,96.2,29.15,0.0,29.15,430.4,1.31,174.0,99940.0
1990-08-25 23:00:00+00:00,24.68,93.15,120.85,128.03,90.65,426.75,1.45,170.0,99950.0
1990-08-26 00:00:00+00:00,25.5,90.2,263.95,233.26,163.7,419.4,2.28,176.0,99960.0
1990-08-26 01:00:00+00:00,26.71,81.9,326.2,137.93,242.85,423.15,2.21,176.0,100010.0
1990-08-26 02:00:00+00:00,27.97,81.95,367.95,115.49,281.9,436.4,1.93,171.0,100000.0
1990-08-26 03:00:00+00:00,29.0,74.5,435.2,200.68,266.1,449.0,1.45,172.0,99990.0
1990-08-26 04:00:00+00:00,29.7,69.95,549.75,363.97,225.75,445.1,0.69,150.0,99940.0
1990-08-26 05:00:00+00:00,29.8,69.95,555.6,388.27,212.15,438.75,2.0,28.0,99900.0
1990-08-26 06:00:00+00:00,27.34,76.8,126.25,16.28,112.8,433.9,5.59,11.0,99980.0
1990-08-26 07:00:00+00:00,21.54,76.0,38.25,0.0,38.25,428.65,6.9,355.0,100210.0
1990-08-26 08:00:00+00:00,21.2,75.95,85.55,21.14,73.5,413.55,5.66,352.0,100210.0
1990-08-26 09:00:00+00:00,21.5,71.0,55.65,6.92,52.95,408.55,6.21,356.0,100210.0
1990-08-26 10:00:00+00:00,21.54,71.0,12.3,0.0,12.3,407.2,6.0,359.0,100170.0
1990-08-26 11:00:00+00:00,21.62,68.6,0.0,0.0,0.0,411.85,5.66,359.0,100250.0
1990-08-26 12:00:00+00:00,21.57,68.6,0.0,0.0,0.0,411.65,4.9,0.0,100370.0
1990-08-26 13:00:00+00:00,21.37,73.35,0.0,0.0,0.0,410.45,4.34,359.0,100450.0
1990-08-26 14:00:00+00:00,21.31,73.35,0.0,0.0,0.0,410.65,4.28,359.0,100470.0
1990-08-26 15:00:00+00:00,21.2,70.9,0.0,0.0,0.0,410.85,4.0,357.0,100440.0
1990-08-26 16:00:00+00:00,21.2,70.9,0.0,0.0,0.0,411.45,3.72,355.0,100400.0
1990-08-26 17:00:00+00:00,21.28,70.9,0.0,0.0,0.0,411.65,3.38,355.0,100380.0
1990-08-26 18:00:00+00:00,21.33,70.9,0.0,0.0,0.0,413.0,3.03,358.0,100310.0
1990-08-26 19:00:00+00:00,21.32,66.15,0.0,0.0,0.0,410.3,2.0,10.0,100260.0
1990-08-26 20:00:00+00:00,21.24,66.15,0.0,0.0,0.0,409.1,2.07,21.0,100240.0
1990-08-26 21:00:00+00:00,21.13,66.15,0.0,0.0,0.0,407.0,2.34,19.0,100230.0
1990-08-26 22:00:00+00:00,20.94,68.4,24.35,0.0,24.35,398.85,2.21,18.0,100270.0
1990-08-26 23:00:00+00:00,21.02,68.5,129.05,245.89,71.65,395.4,2.0,14.0,100300.0
1990-08-27 00:00:00+00:00,21.72,66.25,219.35,239.21,117.1,398.3,2.48,11.0,100360.0
1990-08-27 01:00:00+00:00,22.5,62.05,297.2,216.52,166.85,396.85,2.83,10.0,100360.0
1990-08-27 02:00:00+00:00,23.31,62.15,433.7,283.99,222.75,406.8,3.03,13.0,100380.0
1990-08-27 03:00:00+00:00,24.32,58.2,594.5,440.97,224.0,404.65,3.17,15.0,100360.0
1990-08-27 04:00:00+00:00,25.48,54.55,544.75,354.51,230.1,408.55,3.31,15.0,100320.0
1990-08-27 05:00:00+00:00,25.93,52.85,661.3,522.25,200.85,406.4,3.31,12.0,100250.0
1990-08-27 06:00:00+00:00,26.72,51.3,546.2,429.69,192.6,404.65,3.31,8.0,100180.0
1990-08-27 07:00:00+00:00,26.62,53.1,463.95,391.15,184.15,401.75,2.9,14.0,100120.0
1990-08-27 08:00:00+00:00,26.87,53.1,333.1,335.83,142.95,403.3,2.97,15.0,100070.0
1990-08-27 09:00:00+00:00,26.74,54.95,144.85,126.77,95.95,399.65,3.17,25.0,100030.0
1990-08-27 10:00:00+00:00,26.03,58.7,31.25,28.2,26.0,399.05,2.48,35.0,100020.0
1990-08-27 11:00:00+00:00,24.99,64.6,0.0,0.0,0.0,398.1,2.14,43.0,100050.0
1990-08-27 12:00:00+00:00,24.15,69.05,0.0,0.0,0.0,395.55,1.79,35.0,100130.0
1990-08-27 13:00:00+00:00,23.42,73.7,0.0,0.0,0.0,389.55,1.72,15.0,100210.0
1990-08-27 14:00:00+00:00,22.82,76.15,0.0,0.0,0.0,388.0,1.66,359.0,100230.0
1990-08-27 15:00:00+00:00,22.32,78.7,0.0,0.0,0.0,386.45,1.52,343.0,100210.0
1990-08-27 16:00:00+00:00,21.92,84.1,0.0,0.0,0.0,386.65,1.45,332.0,100170.0
1990-08-27 17:00:00+00:00,21.65,84.1,0.0,0.0,0.0,388.0,1.45,333.0,100160.0
1990-08-27 18:00:00+00:00,21.31,84.05,0.0,0.0,0.0,383.0,1.52,339.0,100090.0
1990-08-27 19:00:00+00:00,20.92,86.9,0.0,0.0,0.0,377.4,1.38,332.0,100100.0
1990-08-27 20:00:00+00:00,20.64,86.9,0.0,0.0,0.0,377.55,1.52,350.0,100090.0
1990-08-27 21:00:00+00:00,20.49,86.9,0.0,0.0,0.0,377.4,1.72,353.0,100100.0
1990-08-27 22:00:00+00:00,20.59,86.9,37.3,0.0,37.3,383.2,1.79,358.0,100160.0
1990-08-27 23:00:00+00:00,21.36,84.05,154.0,290.93,86.8,383.75,1.86,4.0,100180.0
1990-08-28 00:00:00+00:00,22.75,76.15,298.95,359.78,146.0,390.75,2.62,14.0,100220.0
1990-08-28 01:00:00+00:00,23.98,73.75,399.75,391.33,165.05,392.6,3.31,19.0,100270.0
1990-08-28 02:00:00+00:00,24.95,66.85,469.0,358.42,203.6,391.1,4.07,22.0,100270.0
1990-08-28 03:00:00+00:00,25.81,62.65,374.15,191.35,213.85,405.45,4.34,22.0,100260.0
1990-08-28 04:00:00+00:00,26.03,58.7,441.6,234.84,233.8,415.5,4.34,22.0,100200.0
1990-08-28 05:00:00+00:00,26.45,58.7,411.2,155.0,275.0,410.1,4.62,21.0,100140.0
1990-08-28 06:00:00+00:00,26.6,56.85,518.95,387.56,201.3,418.8,4.55,24.0,100070.0
1990-08-28 07:00:00+00:00,27.92,53.2,408.45,359.85,152.35,407.95,3.31,43.0,99960.0
1990-08-28 08:00:00+00:00,27.93,53.2,250.65,272.32,97.55,406.4,3.45,40.0,99940.0
1990-08-28 09:00:00+00:00,27.52,53.2,115.45,109.59,73.65,404.3,3.45,33.0,99930.0
1990-08-28 10:00:00+00:00,26.65,56.85,30.35,59.74,19.5,404.85,3.03,23.0,99890.0
1990-08-28 11:00:00+00:00,25.47,62.55,0.0,0.0,0.0,395.95,2.83,9.0,99920.0
1990-08-28 12:00:00+00:00,24.45,64.5,0.0,0.0,0.0,386.85,2.97,355.0,100000.0
1990-08-28 13:00:00+00:00,23.77,64.4,0.0,0.0,0.0,384.15,3.1,345.0,100070.0
1990-08-28 14:00:00+00:00,23.56,60.15,0.0,0.0,0.0,397.7,2.97,338.0,100090.0
1990-08-28 15:00:00+00:00,23.17,58.0,0.0,0.0,0.0,391.7,2.83,333.0,100070.0
1990-08-28 16:00:00+00:00,22.92,57.9,0.0,0.0,0.0,393.85,2.69,329.0,100020.0
1990-08-28 17:00:00+00:00,22.76,57.9,0.0,0.0,0.0,395.2,2.69,337.0,100000.0
1990-08-28 18:00:00+00:00,22.62,57.9,0.0,0.0,0.0,396.95,2.83,347.0,99980.0
1990-08-28 19:00:00+00:00,21.42,59.6,0.0,0.0,0.0,392.1,3.17,349.0,99980.0
1990-08-28 20:00:00+00:00,20.62,63.8,0.0,0.0,0.0,384.15,3.1,350.0,99990.0
1990-08-28 21:00:00+00:00,20.14,68.3,0.0,0.0,0.0,384.95,2.83,346.0,99970.0
1990-08-28 22:00:00+00:00,19.79,70.65,30.45,0.0,30.45,385.5,2.62,346.0,100050.0
1990-08-28 23:00:00+00:00,19.77,75.7,67.75,53.39,55.55,377.2,2.41,345.0,100040.0
1990-08-29 00:00:00+00:00,20.29,75.75,106.25,9.7,102.15,391.3,2.69,348.0,100120.0
1990-08-29 01:00:00+00:00,20.47,73.3,138.05,20.76,125.65,392.6,3.24,356.0,100150.0
1990-08-29 02:00:00+00:00,20.46,70.8,167.05,4.61,163.65,395.0,3.59,6.0,100200.0
1990-08-29 03:00:00+00:00,20.06,70.7,239.45,35.56,209.75,394.2,3.24,16.0,100200.0
1990-08-29 04:00:00+00:00,19.19,73.05,152.55,12.19,141.8,391.3,2.21,45.0,100160.0
1990-08-29 05:00:00+00:00,18.05,78.15,129.85,0.0,129.85,386.85,1.17,48.0,100120.0
1990-08-29 06:00:00+00:00,17.8,83.7,197.85,6.19,192.8,387.85,1.03,15.0,100080.0
1990-08-29 07:00:00+00:00,19.92,78.35,101.35,0.0,101.35,395.75,2.0,29.0,99930.0
1990-08-29 08:00:00+00:00,19.36,81.05,66.5,0.0,66.5,396.55,1.24,42.0,99870.0
1990-08-29 09:00:00+00:00,18.95,81.05,28.35,0.0,28.35,396.75,1.1,31.0,99850.0
1990-08-29 10:00:00+00:00,18.51,83.8,7.15,0.0,7.15,394.0,0.76,24.0,99810.0
1990-08-29 11:00:00+00:00,18.23,86.7,0.0,0.0,0.0,392.65,0.83,18.0,99820.0
1990-08-29 12:00:00+00:00,17.87,96.05,0.0,0.0,0.0,388.0,0.41,42.0,99860.0
1990-08-29 13:00:00+00:00,18.1,86.7,0.0,0.0,0.0,386.1,0.07,123.0,99940.0
1990-08-29 14:00:00+00:00,18.01,86.7,0.0,0.0,0.0,390.95,0.14,198.0,99940.0
1990-08-29 15:00:00+00:00,17.91,92.85,0.0,0.0,0.0,386.65,0.48,216.0,99930.0
1990-08-29 16:00:00+00:00,17.92,92.85,0.0,0.0,0.0,393.25,0.0,313.0,99880.0
1990-08-29 17:00:00+00:00,17.98,89.75,0.0,0.0,0.0,388.6,0.48,155.0,99850.0
1990-08-29 18:00:00+00:00,17.88,92.85,0.0,0.0,0.0,392.85,0.48,132.0,99780.0
1990-08-29 19:00:00+00:00,17.63,92.85,0.0,0.0,0.0,383.2,0.62,67.0,99760.0
1990-08-29 20:00:00+00:00,17.6,92.85,0.0,0.0,0.0,389.75,0.55,61.0,99750.0
1990-08-29 21:00:00+00:00,17.53,92.85,0.0,0.0,0.0,386.65,0.34,61.0,99730.0
1990-08-29 22:00:00+00:00,17.63,92.85,16.85,0.0,16.85,389.75,0.14,177.0,99770.0
1990-08-29 23:00:00+00:00,17.86,92.85,84.45,98.87,62.1,387.05,0.14,301.0,99780.0
1990-08-30 00:00:00+00:00,18.51,86.75,182.45,156.04,116.85,384.75,0.9,21.0,99810.0
1990-08-30 01:00:00+00:00,19.56,81.1,264.6,194.17,149.05,389.3,1.17,39.0,99870.0
1990-08-30 02:00:00+00:00,20.48,75.85,305.65,153.8,192.5,395.0,1.24,65.0,99900.0
1990-08-30 03:00:00+00:00,21.11,75.95,356.8,189.21,199.25,391.7,1.31,74.0,99890.0
1990-08-30 04:00:00+00:00,21.99,71.05,276.25,87.34,199.45,399.65,1.45,72.0,99860.0
1990-08-30 05:00:00+00:00,22.32,71.05,223.65,36.16,192.1,405.85,1.72,76.0,99830.0
1990-08-30 06:00:00+00:00,22.51,68.75,191.6,31.43,166.05,410.85,1.93,76.0,99810.0
1990-08-30 07:00:00+00:00,22.29,71.05,170.25,54.39,131.95,406.2,1.72,64.0,99770.0
1990-08-30 08:00:00+00:00,22.38,71.05,136.5,35.38,116.9,403.7,1.59,57.0,99760.0
1990-08-30 09:00:00+00:00,22.39,71.05,39.95,3.62,38.6,403.7,1.45,57.0,99740.0
1990-08-30 10:00:00+00:00,22.01,71.05,8.25,0.0,8.25,408.75,0.97,63.0,99740.0
1990-08-30 11:00:00+00:00,21.71,76.0,0.0,0.0,0.0,408.55,0.97,51.0,99790.0
1990-08-30 12:00:00+00:00,21.41,81.3,0.0,0.0,0.0,407.95,0.76,36.0,99880.0
1990-08-30 13:00:00+00:00,20.97,86.95,0.0,0.0,0.0,401.55,0.69,22.0,99960.0
1990-08-30 14:00:00+00:00,20.76,86.9,0.0,0.0,0.0,402.95,0.83,331.0,99950.0
1990-08-30 15:00:00+00:00,20.75,84.05,0.0,0.0,0.0,399.85,1.45,311.0,99910.0
1990-08-30 16:00:00+00:00,20.65,81.2,0.0,0.0,0.0,395.0,1.79,315.0,99900.0
1990-08-30 17:00:00+00:00,20.65,81.2,0.0,0.0,0.0,394.0,1.86,320.0,99880.0
1990-08-30 18:00:00+00:00,20.5,81.2,0.0,0.0,0.0,389.0,1.86,325.0,99840.0
1990-08-30 19:00:00+00:00,20.23,81.15,0.0,0.0,0.0,387.85,1.86,295.0,99860.0
1990-08-30 20:00:00+00:00,20.1,81.15,0.0,0.0,0.0,387.05,1.93,298.0,99890.0
1990-08-30 21:00:00+00:00,19.72,83.9,0.0,0.0,0.0,387.05,2.07,309.0,99850.0
1990-08-30 22:00:00+00:00,19.58,83.9,10.1,0.0,10.1,386.85,2.14,315.0,99910.0
1990-08-30 23:00:00+00:00,19.64,83.9,45.75,0.0,45.75,387.25,2.14,323.0,99940.0
1990-08-31 00:00:00+00:00,20.12,83.95,108.9,0.0,108.9,385.9,2.0,333.0,99970.0
1990-08-31 01:00:00+00:00,21.17,81.3,285.4,85.87,234.5,387.55,1.72,347.0,99990.0
1990-08-31 02:00:00+00:00,23.21,71.25,516.4,206.2,365.2,387.85,2.14,12.0,100030.0
1990-08-31 03:00:00+00:00,24.71,66.85,510.05,170.47,368.55,388.2,2.55,31.0,100010.0
1990-08-31 04:00:00+00:00,25.38,62.55,444.05,143.47,318.3,392.1,2.48,43.0,99980.0
1990-08-31 05:00:00+00:00,25.64,58.55,464.3,220.43,272.65,397.7,2.14,47.0,99940.0
1990-08-31 06:00:00+00:00,26.03,56.7,306.8,57.14,260.55,393.45,1.79,51.0,99930.0
1990-08-31 07:00:00+00:00,25.11,60.45,298.0,107.09,223.0,389.2,0.69,72.0,99870.0
1990-08-31 08:00:00+00:00,25.13,62.55,270.3,231.06,143.25,387.25,1.03,122.0,99870.0
1990-08-31 09:00:00+00:00,24.88,64.6,168.4,230.51,83.55,379.7,1.59,142.0,99840.0
1990-08-31 10:00:00+00:00,24.16,69.05,32.7,77.92,19.65,365.4,1.59,155.0,99830.0
1990-08-31 11:00:00+00:00,22.71,76.15,0.0,0.0,0.0,353.2,1.79,175.0,99810.0
1990-08-31 12:00:00+00:00,21.38,84.05,0.0,0.0,0.0,347.75,1.79,204.0,99860.0
1990-08-31 13:00:00+00:00,20.35,89.85,0.0,0.0,0.0,345.85,1.93,245.0,99940.0
1990-08-31 14:00:00+00:00,19.38,92.9,0.0,0.0,0.0,343.5,1.93,263.0,99980.0
1990-08-31 15:00:00+00:00,18.6,92.85,0.0,0.0,0.0,341.55,2.07,266.0,99960.0
1990-08-31 16:00:00+00:00,13.98,99.0,0.0,0.0,0.0,321.75,1.89,266.0,99920.0
1990-08-31 17:00:00+00:00,15.03,98.39,0.0,0.0,0.0,324.6,1.93,270.0,99870.0
1990-08-31 18:00:00+00:00,16.08,93.33,0.0,0.0,0.0,327.44,1.96,271.0,99820.0
1990-08-31 19:00:00+00:00,17.13,88.26,0.0,0.0,0.0,330.29,2.0,265.0,99770.0
1990-08-31 20:00:00+00:00,18.18,83.2,0.0,0.0,0.0,333.13,2.04,266.0,99760.0
1990-08-31 21:00:00+00:00,19.23,78.13,0.0,0.0,0.0,335.97,2.08,266.0,99750.0
1990-08-31 22:00:00+00:00,20.28,73.07,31.85,0.0,31.85,338.82,2.11,260.0,99760.0
1990-08-31 23:00:00+00:00,21.33,68.01,234.15,708.83,77.45,341.66,2.15,257.0,99770.0
1990-09-01 00:00:00+00:00,22.38,62.94,426.55,750.56,114.6,344.51,2.19,190.0,100240.0
1990-09-01 01:00:00+00:00,23.42,57.88,604.4,793.8,135.8,347.35,2.22,179.0,100260.0
1990-09-01 02:00:00+00:00,24.47,52.82,742.4,811.06,149.7,350.19,2.26,172.0,100250.0
1990-09-01 03:00:00+00:00,25.52,47.75,801.6,771.64,163.15,353.04,2.3,171.0,100230.0
1990-09-01 04:00:00+00:00,26.57,42.69,786.9,689.11,184.9,355.88,2.33,169.0,100180.0
1990-09-01 05:00:00+00:00,27.62,37.62,614.7,442.55,231.35,358.73,2.37,166.0,100120.0
1990-09-01 06:00:00+00:00,28.67,32.56,649.45,617.51,151.85,361.57,2.41,169.0,100090.0
1990-09-01 07:00:00+00:00,29.72,27.5,513.4,505.49,161.35,364.41,2.45,168.0,100030.0
1990-09-01 08:00:00+00:00,29.67,33.15,283.2,233.6,155.75,378.35,1.93,166.0,100000.0
1990-09-01 09:00:00+00:00,29.08,34.2,136.9,84.31,106.25,377.4,2.14,164.0,100020.0
1990-09-01 10:00:00+00:00,27.94,40.5,20.85,5.53,19.95,377.2,2.07,163.0,100070.0
1990-09-01 11:00:00+00:00,26.41,46.15,0.0,0.0,0.0,376.2,2.14,166.0,100110.0
1990-09-01 12:00:00+00:00,25.33,49.2,0.0,0.0,0.0,380.65,2.34,168.0,100160.0
1990-09-01 13:00:00+00:00,24.54,50.7,0.0,0.0,0.0,381.65,2.41,171.0,100260.0
1990-09-01 14:00:00+00:00,23.79,50.55,0.0,0.0,0.0,378.35,2.28,174.0,100280.0
1990-09-01 15:00:00+00:00,23.07,52.1,0.0,0.0,0.0,373.1,2.21,178.0,100270.0
1990-09-01 16:00:00+00:00,22.52,53.85,0.0,0.0,0.0,374.3,2.21,184.0,100270.0
1990-09-01 17:00:00+00:00,22.02,52.0,0.0,0.0,0.0,371.2,2.28,187.0,100250.0
1990-09-01 18:00:00+00:00,21.58,53.75,0.0,0.0,0.0,368.1,2.41,190.0,100210.0
1990-09-01 19:00:00+00:00,21.43,53.75,0.0,0.0,0.0,375.25,2.14,187.0,100230.0
1990-09-01 20:00:00+00:00,21.2,55.55,0.0,0.0,0.0,371.95,2.28,188.0,100210.0
1990-09-01 21:00:00+00:00,20.97,55.55,0.0,0.0,0.0,369.85,2.21,193.0,100220.0
1990-09-01 22:00:00+00:00,20.67,57.45,33.0,0.0,33.0,365.75,2.07,196.0,100250.0
1990-09-01 23:00:00+00:00,20.9,59.6,215.5,587.7,87.05,352.0,1.86,198.0,100280.0
1990-09-02 00:00:00+00:00,23.07,54.0,415.45,715.15,119.95,344.3,2.28,194.0,100270.0
1990-09-02 01:00:00+00:00,25.34,47.5,564.25,643.05,186.2,352.9,2.9,192.0,100300.0
1990-09-02 02:00:00+00:00,27.13,43.15,700.2,695.36,193.8,359.95,3.17,188.0,100270.0
1990-09-02 03:00:00+00:00,28.72,39.25,807.25,770.59,171.75,370.2,3.24,182.0,100260.0
1990-09-02 04:00:00+00:00,29.91,35.7,792.05,714.99,169.55,376.2,3.45,176.0,100180.0
1990-09-02 05:00:00+00:00,30.61,34.6,772.7,705.93,163.5,380.1,3.24,173.0,100140.0
1990-09-02 06:00:00+00:00,31.01,33.55,563.55,473.88,183.4,381.85,3.03,171.0,100120.0
1990-09-02 07:00:00+00:00,30.47,37.1,432.0,379.79,169.0,394.0,1.93,176.0,100050.0
1990-09-02 08:00:00+00:00,30.09,38.3,276.65,247.09,142.9,392.3,1.24,206.0,100060.0
1990-09-02 09:00:00+00:00,29.26,42.2,128.75,171.77,67.1,389.2,0.62,220.0,100090.0
1990-09-02 10:00:00+00:00,28.54,45.05,23.45,48.48,15.8,396.35,0.07,223.0,100120.0
1990-09-02 11:00:00+00:00,27.65,49.7,0.0,0.0,0.0,389.4,0.41,69.0,100140.0
1990-09-02 12:00:00+00:00,26.26,54.8,0.0,0.0,0.0,377.95,0.48,125.0,100210.0
1990-09-02 13:00:00+00:00,24.95,58.35,0.0,0.0,0.0,369.25,0.69,167.0,100290.0
1990-09-02 14:00:00+00:00,24.01,62.25,0.0,0.0,0.0,373.1,0.83,202.0,100330.0
1990-09-02 15:00:00+00:00,22.71,66.35,0.0,0.0,0.0,362.65,0.9,211.0,100310.0
1990-09-02 16:00:00+00:00,22.45,66.35,0.0,0.0,0.0,369.65,0.76,211.0,100330.0
1990-09-02 17:00:00+00:00,21.4,68.6,0.0,0.0,0.0,357.45,0.83,222.0,100300.0
1990-09-02 18:00:00+00:00,20.23,73.3,0.0,0.0,0.0,354.35,0.9,234.0,100290.0
1990-09-02 19:00:00+00:00,19.25,78.35,0.0,0.0,0.0,341.2,0.9,249.0,100320.0
1990-09-02 20:00:00+00:00,19.14,81.05,0.0,0.0,0.0,340.6,0.69,276.0,100320.0
1990-09-02 21:00:00+00:00,18.7,78.3,0.0,0.0,0.0,344.3,0.83,308.0,100360.0
1990-09-02 22:00:00+00:00,18.19,81.0,29.8,0.0,29.8,342.95,1.1,314.0,100400.0
1990-09-02 23:00:00+00:00,19.01,83.85,213.15,600.78,83.35,340.2,0.83,309.0,100460.0
1990-09-03 00:00:00+00:00,22.26,68.7,396.75,685.93,115.0,347.55,0.69,335.0,100480.0
1990-09-03 01:00:00+00:00,24.43,60.25,568.45,732.01,139.9,356.0,0.69,11.0,100480.0
1990-09-03 02:00:00+00:00,26.26,52.95,726.6,786.01,156.2,363.25,0.48,79.0,100500.0
1990-09-03 03:00:00+00:00,27.94,46.5,806.25,781.68,163.75,368.85,0.9,143.0,100460.0
1990-09-03 04:00:00+00:00,29.27,40.75,781.3,695.97,177.45,372.35,1.72,160.0,100390.0
1990-09-03 05:00:00+00:00,29.99,36.95,698.75,615.02,170.05,379.7,2.28,164.0,100300.0
1990-09-03 06:00:00+00:00,30.23,35.7,462.55,346.45,185.9,392.1,2.34,163.0,100250.0
1990-09-03 07:00:00+00:00,29.64,39.5,370.9,311.93,156.15,395.4,1.93,146.0,100130.0
1990-09-03 08:00:00+00:00,29.58,38.15,289.15,289.71,133.6,395.0,2.28,148.0,100110.0
1990-09-03 09:00:00+00:00,29.19,39.35,132.0,125.62,87.5,385.7,1.86,156.0,100120.0
1990-09-03 10:00:00+00:00,28.46,43.55,22.35,17.33,19.7,390.35,1.24,165.0,100170.0
1990-09-03 11:00:00+00:00,27.35,46.4,0.0,0.0,0.0,380.65,0.97,171.0,100190.0
1990-09-03 12:00:00+00:00,25.79,54.7,0.0,0.0,0.0,376.6,0.48,158.0,100250.0
1990-09-03 13:00:00+00:00,25.14,58.35,0.0,0.0,0.0,382.8,0.41,151.0,100350.0
1990-09-03 14:00:00+00:00,24.21,62.25,0.0,0.0,0.0,382.4,0.76,200.0,100350.0
1990-09-03 15:00:00+00:00,22.71,71.05,0.0,0.0,0.0,386.1,1.17,219.0,100350.0
1990-09-03 16:00:00+00:00,21.95,68.7,0.0,0.0,0.0,378.75,1.38,230.0,100330.0
1990-09-03 17:00:00+00:00,21.43,71.0,0.0,0.0,0.0,377.55,1.38,240.0,100320.0
1990-09-03 18:00:00+00:00,21.36,73.45,0.0,0.0,0.0,382.8,1.1,253.0,100290.0
1990-09-03 19:00:00+00:00,20.67,78.5,0.0,0.0,0.0,374.3,1.17,301.0,100270.0
1990-09-03 20:00:00+00:00,20.46,78.5,0.0,0.0,0.0,378.15,1.17,336.0,100240.0
1990-09-03 21:00:00+00:00,20.25,78.5,0.0,0.0,0.0,377.4,1.45,350.0,100250.0
1990-09-03 22:00:00+00:00,20.07,81.15,22.15,0.0,22.15,375.25,1.52,350.0,100310.0
1990-09-03 23:00:00+00:00,20.48,78.5,102.4,40.98,93.65,377.2,1.38,352.0,100350.0
1990-09-04 00:00:00+00:00,22.39,71.05,216.2,111.69,170.6,379.7,1.38,5.0,100380.0
1990-09-04 01:00:00+00:00,23.74,64.4,327.8,234.66,191.0,380.95,1.72,14.0,100440.0
1990-09-04 02:00:00+00:00,24.94,58.35,431.3,251.21,249.65,390.15,1.79,13.0,100440.0
1990-09-04 03:00:00+00:00,25.95,52.85,625.95,374.6,319.1,390.15,1.45,19.0,100420.0
1990-09-04 04:00:00+00:00,27.27,46.4,660.85,422.4,295.65,391.3,0.9,51.0,100330.0
1990-09-04 05:00:00+00:00,28.23,43.4,564.45,354.56,260.85,395.75,1.03,104.0,100220.0
1990-09-04 06:00:00+00:00,28.77,42.05,522.5,338.38,253.55,395.55,1.66,139.0,100160.0
1990-09-04 07:00:00+00:00,27.9,44.95,417.45,339.65,185.0,392.65,1.1,129.0,100090.0
1990-09-04 08:00:00+00:00,28.26,44.95,269.9,295.12,112.75,394.2,2.14,139.0,100100.0
1990-09-04 09:00:00+00:00,27.93,44.95,89.85,64.37,67.35,387.65,2.69,160.0,100050.0
1990-09-04 10:00:00+00:00,27.06,49.55,12.9,4.39,12.25,404.65,1.93,200.0,100130.0
1990-09-04 11:00:00+00:00,24.82,58.35,0.0,0.0,0.0,394.2,1.59,217.0,100160.0
1990-09-04 12:00:00+00:00,23.3,66.55,0.0,0.0,0.0,400.8,0.9,162.0,100220.0
1990-09-04 13:00:00+00:00,22.63,76.1,0.0,0.0,0.0,399.45,0.9,102.0,100270.0
1990-09-04 14:00:00+00:00,22.14,78.7,0.0,0.0,0.0,397.3,0.76,78.0,100240.0
1990-09-04 15:00:00+00:00,21.8,78.7,0.0,0.0,0.0,394.6,0.48,69.0,100180.0
1990-09-04 16:00:00+00:00,21.48,81.35,0.0,0.0,0.0,384.15,0.21,2.0,100150.0
1990-09-04 17:00:00+00:00,21.22,81.35,0.0,0.0,0.0,371.2,0.14,336.0,100140.0
1990-09-04 18:00:00+00:00,20.85,84.05,0.0,0.0,0.0,368.65,0.14,27.0,100090.0
1990-09-04 19:00:00+00:00,19.56,92.9,0.0,0.0,0.0,389.2,1.17,9.0,100240.0
1990-09-04 20:00:00+00:00,19.47,92.9,0.0,0.0,0.0,387.45,1.24,16.0,100210.0
1990-09-04 21:00:00+00:00,19.22,92.9,0.0,0.0,0.0,376.8,1.31,12.0,100230.0
1990-09-04 22:00:00+00:00,19.17,96.1,24.35,0.0,24.35,380.3,1.03,8.0,100270.0
1990-09-04 23:00:00+00:00,19.44,92.9,156.75,299.78,93.5,374.45,0.55,357.0,100300.0
1990-09-05 00:00:00+00:00,20.58,84.05,314.1,430.01,139.6,365.0,0.34,357.0,100330.0
1990-09-05 01:00:00+00:00,22.15,76.1,495.7,555.44,173.3,369.55,0.48,39.0,100360.0
1990-09-05 02:00:00+00:00,23.68,68.85,653.95,603.85,218.9,365.0,0.48,83.0,100380.0
1990-09-05 03:00:00+00:00,25.12,60.35,672.55,562.41,213.45,375.05,0.41,69.0,100360.0
1990-09-05 04:00:00+00:00,26.05,52.85,698.15,572.17,205.25,387.05,0.48,56.0,100280.0
1990-09-05 05:00:00+00:00,26.78,46.25,598.85,478.17,191.05,385.1,0.48,73.0,100260.0
1990-09-05 06:00:00+00:00,27.06,44.7,529.65,461.37,164.7,391.1,0.83,90.0,100210.0
1990-09-05 07:00:00+00:00,26.97,40.25,427.15,416.92,143.55,378.55,1.52,127.0,100160.0
1990-09-05 08:00:00+00:00,26.91,38.85,278.0,339.76,98.6,379.9,1.45,167.0,100170.0
1990-09-05 09:00:00+00:00,26.52,40.1,116.2,161.57,60.5,374.1,1.45,181.0,100180.0
1990-09-05 10:00:00+00:00,25.86,44.45,16.8,41.28,10.9,383.0,1.52,182.0,100180.0
1990-09-05 11:00:00+00:00,24.5,50.7,0.0,0.0,0.0,367.1,2.0,193.0,100250.0
1990-09-05 12:00:00+00:00,23.01,57.9,0.0,0.0,0.0,350.3,2.07,200.0,100300.0
1990-09-05 13:00:00+00:00,21.99,61.95,0.0,0.0,0.0,350.5,2.0,213.0,100360.0
1990-09-05 14:00:00+00:00,21.1,68.5,0.0,0.0,0.0,349.1,2.07,227.0,100370.0
1990-09-05 15:00:00+00:00,20.33,70.8,0.0,0.0,0.0,342.95,2.07,234.0,100370.0
1990-09-05 16:00:00+00:00,19.68,75.7,0.0,0.0,0.0,340.2,2.0,236.0,100360.0
1990-09-05 17:00:00+00:00,19.36,75.7,0.0,0.0,0.0,349.1,1.86,228.0,100350.0
1990-09-05 18:00:00+00:00,18.74,78.3,0.0,0.0,0.0,341.0,1.86,215.0,100300.0
1990-09-05 19:00:00+00:00,18.5,83.8,0.0,0.0,0.0,338.5,2.0,211.0,100280.0
1990-09-05 20:00:00+00:00,17.94,83.75,0.0,0.0,0.0,332.85,1.93,212.0,100270.0
1990-09-05 21:00:00+00:00,17.28,86.65,0.0,0.0,0.0,326.5,1.86,211.0,100270.0
1990-09-05 22:00:00+00:00,16.66,89.65,28.45,0.0,28.45,323.95,1.79,211.0,100290.0
1990-09-05 23:00:00+00:00,17.48,86.65,224.35,699.97,78.45,323.0,1.52,206.0,100340.0
1990-09-06 00:00:00+00:00,21.2,70.9,421.1,775.24,108.45,326.65,1.72,197.0,100340.0
1990-09-06 01:00:00+00:00,24.21,60.15,600.25,816.84,128.2,335.1,1.93,189.0,100370.0
1990-09-06 02:00:00+00:00,26.61,51.2,737.8,830.68,141.55,344.65,2.21,182.0,100370.0
1990-09-06 03:00:00+00:00,28.59,43.55,806.25,808.5,148.6,353.75,2.55,178.0,100350.0
1990-09-06 04:00:00+00:00,30.11,36.95,730.1,618.96,198.85,364.2,2.83,186.0,100280.0
1990-09-06 05:00:00+00:00,30.92,30.2,694.75,619.01,169.0,371.95,2.69,195.0,100220.0
1990-09-06 06:00:00+00:00,31.51,25.4,595.75,553.56,160.0,374.1,2.55,196.0,100160.0
1990-09-06 07:00:00+00:00,31.0,28.15,481.95,514.1,134.4,381.85,2.14,170.0,100110.0
1990-09-06 08:00:00+00:00,31.02,27.15,317.8,394.19,111.45,377.75,2.07,172.0,100100.0
1990-09-06 09:00:00+00:00,30.51,29.0,152.8,249.76,67.9,375.65,1.52,155.0,100100.0
1990-09-06 10:00:00+00:00,29.34,35.6,20.5,54.04,13.05,368.3,1.59,125.0,100120.0
1990-09-06 11:00:00+00:00,27.46,40.35,0.0,0.0,0.0,361.5,1.59,105.0,100150.0
1990-09-06 12:00:00+00:00,25.4,49.2,0.0,0.0,0.0,353.55,1.24,79.0,100240.0
1990-09-06 13:00:00+00:00,23.54,58.0,0.0,0.0,0.0,358.6,1.17,36.0,100330.0
1990-09-06 14:00:00+00:00,22.13,61.95,0.0,0.0,0.0,351.65,1.38,360.0,100360.0
1990-09-06 15:00:00+00:00,20.79,66.15,0.0,0.0,0.0,349.9,1.79,349.0,100400.0
1990-09-06 16:00:00+00:00,20.39,70.8,0.0,0.0,0.0,351.25,2.28,343.0,100400.0
1990-09-06 17:00:00+00:00,20.12,75.75,0.0,0.0,0.0,348.95,2.62,341.0,100400.0
1990-09-06 18:00:00+00:00,20.0,81.15,0.0,0.0,0.0,354.35,2.62,339.0,100390.0
1990-09-06 19:00:00+00:00,19.38,81.1,0.0,0.0,0.0,346.0,1.93,330.0,100360.0
1990-09-06 20:00:00+00:00,18.99,83.85,0.0,0.0,0.0,347.4,1.66,336.0,100370.0
1990-09-06 21:00:00+00:00,18.46,86.75,0.0,0.0,0.0,349.1,1.31,338.0,100400.0
1990-09-06 22:00:00+00:00,18.13,89.75,0.0,0.0,0.0,345.65,1.24,336.0,100430.0
1990-09-06 23:00:00+00:00,18.85,86.8,198.6,499.57,95.75,344.65,0.9,326.0,100500.0
1990-09-07 00:00:00+00:00,21.33,73.45,400.4,709.39,116.1,345.05,0.76,3.0,100530.0
1990-09-07 01:00:00+00:00,23.16,68.75,577.0,764.96,136.9,348.65,0.97,31.0,100570.0
1990-09-07 02:00:00+00:00,24.82,62.45,713.15,785.52,151.45,356.1,0.9,48.0,100580.0
1990-09-07 03:00:00+00:00,26.35,56.7,809.95,806.3,156.45,363.65,0.83,73.0,100560.0
1990-09-07 04:00:00+00:00,27.7,51.45,772.35,684.15,187.35,369.45,0.76,98.0,100490.0
1990-09-07 05:00:00+00:00,28.59,48.25,720.2,630.53,186.9,379.5,0.76,132.0,100420.0
1990-09-07 06:00:00+00:00,29.24,46.75,515.05,341.39,247.65,385.1,1.03,156.0,100350.0
1990-09-07 07:00:00+00:00,29.2,46.75,379.95,219.64,232.4,403.1,1.1,175.0,100290.0
1990-09-07 08:00:00+00:00,29.2,46.75,218.35,117.65,157.3,402.35,1.38,196.0,100280.0
1990-09-07 09:00:00+00:00,28.95,45.2,82.65,43.43,68.1,399.25,1.52,189.0,100280.0
1990-09-07 10:00:00+00:00,28.26,49.8,13.7,11.3,12.2,398.65,0.97,169.0,100280.0
1990-09-07 11:00:00+00:00,27.33,51.45,0.0,0.0,0.0,389.0,0.76,125.0,100310.0
1990-09-07 12:00:00+00:00,25.93,56.6,0.0,0.0,0.0,376.8,0.76,104.0,100350.0
1990-09-07 13:00:00+00:00,25.12,60.35,0.0,0.0,0.0,390.75,0.83,118.0,100410.0
1990-09-07 14:00:00+00:00,24.32,62.35,0.0,0.0,0.0,385.9,0.97,151.0,100440.0
1990-09-07 15:00:00+00:00,23.14,66.45,0.0,0.0,0.0,381.65,1.24,188.0,100430.0
1990-09-07 16:00:00+00:00,22.28,68.7,0.0,0.0,0.0,376.8,1.31,207.0,100420.0
1990-09-07 17:00:00+00:00,21.78,68.7,0.0,0.0,0.0,380.85,1.24,220.0,100380.0
1990-09-07 18:00:00+00:00,21.39,71.0,0.0,0.0,0.0,381.45,1.17,225.0,100360.0
1990-09-07 19:00:00+00:00,20.97,68.5,0.0,0.0,0.0,377.95,1.31,211.0,100380.0
1990-09-07 20:00:00+00:00,20.73,68.5,0.0,0.0,0.0,378.55,1.24,210.0,100390.0
1990-09-07 21:00:00+00:00,20.72,68.5,0.0,0.0,0.0,379.7,1.1,210.0,100420.0
1990-09-07 22:00:00+00:00,20.78,70.9,0.0,0.0,0.0,378.35,0.9,205.0,100460.0
1990-09-07 23:00:00+00:00,21.08,73.35,116.8,125.67,91.25,369.05,0.76,198.0,100480.0
1990-09-08 00:00:00+00:00,22.71,66.35,185.3,87.52,150.45,376.6,0.83,188.0,100490.0
1990-09-08 01:00:00+00:00,23.85,58.1,219.2,43.3,194.4,385.4,1.17,186.0,100540.0
1990-09-08 02:00:00+00:00,24.64,56.25,277.75,72.86,225.85,390.75,1.66,185.0,100540.0
1990-09-08 03:00:00+00:00,25.5,50.95,383.45,103.9,299.55,394.0,2.14,183.0,100540.0
1990-09-08 04:00:00+00:00,26.48,47.75,477.2,169.93,332.45,394.2,2.69,185.0,100490.0
1990-09-08 05:00:00+00:00,27.35,44.8,458.05,156.73,326.05,399.85,3.24,186.0,100400.0
1990-09-08 06:00:00+00:00,27.73,44.8,226.3,26.37,205.75,404.45,3.59,185.0,100330.0
1990-09-08 07:00:00+00:00,25.79,51.05,158.75,19.03,146.05,401.95,3.52,172.0,100340.0
1990-09-08 08:00:00+00:00,24.89,58.35,72.5,0.78,72.1,401.0,3.59,170.0,100340.0
1990-09-08 09:00:00+00:00,23.65,66.55,25.6,0.0,25.6,402.15,3.38,172.0,100320.0
1990-09-08 10:00:00+00:00,22.57,71.05,2.6,0.0,2.6,400.0,2.97,179.0,100310.0
1990-09-08 11:00:00+00:00,21.77,71.05,0.0,0.0,0.0,399.05,2.48,186.0,100300.0
1990-09-08 12:00:00+00:00,21.23,73.45,0.0,0.0,0.0,399.65,2.21,192.0,100360.0
1990-09-08 13:00:00+00:00,20.67,81.2,0.0,0.0,0.0,400.0,2.14,192.0,100400.0
1990-09-08 14:00:00+00:00,20.09,83.95,0.0,0.0,0.0,398.3,1.93,182.0,100390.0
1990-09-08 15:00:00+00:00,19.77,86.85,0.0,0.0,0.0,399.05,1.79,173.0,100380.0
1990-09-08 16:00:00+00:00,19.58,89.85,0.0,0.0,0.0,394.4,1.72,172.0,100320.0
1990-09-08 17:00:00+00:00,19.35,89.85,0.0,0.0,0.0,385.1,1.66,170.0,100270.0
1990-09-08 18:00:00+00:00,19.13,92.9,0.0,0.0,0.0,381.05,1.52,172.0,100200.0
1990-09-08 19:00:00+00:00,18.62,92.85,0.0,0.0,0.0,379.5,1.24,176.0,100220.0
1990-09-08 20:00:00+00:00,18.39,92.85,0.0,0.0,0.0,371.0,1.03,178.0,100180.0
1990-09-08 21:00:00+00:00,17.98,96.05,0.0,0.0,0.0,362.85,0.69,172.0,100170.0
1990-09-08 22:00:00+00:00,17.89,96.05,0.0,0.0,0.0,358.8,0.34,166.0,100160.0
1990-09-08 23:00:00+00:00,18.15,96.05,176.7,455.87,85.2,354.35,0.07,139.0,100200.0
1990-09-09 00:00:00+00:00,19.59,86.85,316.45,427.28,147.4,351.85,0.14,128.0,100220.0
1990-09-09 01:00:00+00:00,21.21,73.45,457.7,434.24,210.15,361.25,0.55,24.0,100240.0
1990-09-09 02:00:00+00:00,22.94,68.75,449.85,263.28,263.05,384.55,1.1,25.0,100220.0
1990-09-09 03:00:00+00:00,24.13,62.25,415.65,126.91,313.55,394.6,1.38,29.0,100190.0
1990-09-09 04:00:00+00:00,24.99,58.35,408.6,95.64,327.45,422.85,1.31,29.0,100130.0
1990-09-09 05:00:00+00:00,25.7,54.55,395.1,142.87,275.3,413.75,1.17,34.0,100030.0
1990-09-09 06:00:00+00:00,26.22,52.85,385.65,140.85,276.45,411.45,1.03,35.0,99960.0
1990-09-09 07:00:00+00:00,25.84,51.05,320.15,156.69,216.25,401.75,1.31,64.0,99910.0
1990-09-09 08:00:00+00:00,25.91,51.05,135.9,44.45,113.25,397.3,2.0,94.0,99890.0
1990-09-09 09:00:00+00:00,25.26,52.75,108.4,95.33,77.4,400.0,2.07,115.0,99880.0
1990-09-09 10:00:00+00:00,24.57,58.2,14.4,16.33,12.4,374.1,1.66,138.0,99890.0
1990-09-09 11:00:00+00:00,23.24,64.3,0.0,0.0,0.0,364.6,1.86,157.0,99870.0
1990-09-09 12:00:00+00:00,22.25,68.7,0.0,0.0,0.0,360.35,1.79,178.0,99960.0
1990-09-09 13:00:00+00:00,21.35,71.0,0.0,0.0,0.0,357.05,1.86,188.0,100020.0
1990-09-09 14:00:00+00:00,20.41,75.85,0.0,0.0,0.0,349.5,1.86,200.0,100030.0
1990-09-09 15:00:00+00:00,19.66,81.1,0.0,0.0,0.0,346.6,1.79,210.0,100000.0
1990-09-09 16:00:00+00:00,18.92,86.8,0.0,0.0,0.0,346.0,1.52,218.0,99970.0
1990-09-09 17:00:00+00:00,18.19,89.75,0.0,0.0,0.0,343.9,1.17,226.0,99960.0
1990-09-09 18:00:00+00:00,18.35,86.75,0.0,0.0,0.0,343.7,0.76,240.0,99950.0
1990-09-09 19:00:00+00:00,17.0,96.05,0.0,0.0,0.0,342.15,1.38,319.0,99970.0
1990-09-09 20:00:00+00:00,16.7,92.8,0.0,0.0,0.0,341.95,1.66,306.0,99960.0
1990-09-09 21:00:00+00:00,16.62,96.05,0.0,0.0,0.0,350.65,1.45,303.0,99950.0
1990-09-09 22:00:00+00:00,16.65,96.05,0.0,0.0,0.0,353.55,1.24,297.0,99980.0
1990-09-09 23:00:00+00:00,18.18,86.75,176.35,372.77,102.5,356.85,0.55,277.0,100010.0
1990-09-10 00:00:00+00:00,20.7,75.95,370.05,598.54,134.8,353.0,0.21,214.0,100040.0
1990-09-10 01:00:00+00:00,22.92,68.75,554.4,722.86,144.25,359.3,0.48,136.0,100090.0
1990-09-10 02:00:00+00:00,24.67,62.35,695.35,772.27,149.6,364.8,0.83,108.0,100090.0
1990-09-10 03:00:00+00:00,26.14,56.6,775.75,772.46,156.7,370.6,1.17,76.0,100080.0
1990-09-10 04:00:00+00:00,27.3,51.45,798.0,745.53,167.95,376.4,1.38,53.0,100030.0
1990-09-10 05:00:00+00:00,28.35,48.25,663.1,599.36,162.75,380.1,2.0,64.0,99950.0
1990-09-10 06:00:00+00:00,28.59,48.25,518.75,404.42,206.85,388.0,1.86,53.0,99960.0
1990-09-10 07:00:00+00:00,28.54,48.25,334.0,259.16,163.3,412.6,2.07,50.0,99960.0
1990-09-10 08:00:00+00:00,27.56,51.45,169.9,147.47,95.45,403.7,1.1,68.0,99960.0
1990-09-10 09:00:00+00:00,26.9,53.1,66.6,63.4,46.3,404.65,1.52,21.0,100000.0
1990-09-10 10:00:00+00:00,25.81,58.55,9.45,13.21,7.9,393.25,1.59,350.0,100020.0
1990-09-10 11:00:00+00:00,24.51,64.5,0.0,0.0,0.0,387.45,1.86,338.0,100040.0
1990-09-10 12:00:00+00:00,23.31,68.85,0.0,0.0,0.0,372.75,1.86,326.0,100090.0
1990-09-10 13:00:00+00:00,22.41,73.55,0.0,0.0,0.0,372.95,1.86,313.0,100190.0
1990-09-10 14:00:00+00:00,21.56,76.0,0.0,0.0,0.0,367.9,1.86,303.0,100220.0
1990-09-10 15:00:00+00:00,20.74,78.55,0.0,0.0,0.0,362.5,1.72,294.0,100240.0
1990-09-10 16:00:00+00:00,20.01,83.95,0.0,0.0,0.0,359.55,1.66,289.0,100250.0
1990-09-10 17:00:00+00:00,19.39,86.85,0.0,0.0,0.0,358.0,1.66,290.0,100250.0
1990-09-10 18:00:00+00:00,18.89,86.8,0.0,0.0,0.0,357.25,1.52,291.0,100230.0
1990-09-10 19:00:00+00:00,19.57,86.85,0.0,0.0,0.0,360.35,0.97,281.0,100240.0
1990-09-10 20:00:00+00:00,19.28,86.85,0.0,0.0,0.0,362.5,0.97,280.0,100240.0
1990-09-10 21:00:00+00:00,18.94,89.8,0.0,0.0,0.0,365.55,0.97,289.0,100250.0
1990-09-10 22:00:00+00:00,18.68,89.8,0.0,0.0,0.0,370.8,1.03,291.0,100270.0
1990-09-10 23:00:00+00:00,19.37,86.85,151.9,211.0,110.65,365.95,0.69,284.0,100320.0
1990-09-11 00:00:00+00:00,22.05,73.55,320.85,378.18,173.2,370.4,0.28,283.0,100320.0
1990-09-11 01:00:00+00:00,24.22,66.65,491.6,490.27,214.75,373.8,0.48,170.0,100380.0
1990-09-11 02:00:00+00:00,26.02,58.55,621.85,556.41,230.25,377.4,1.52,164.0,100380.0
1990-09-11 03:00:00+00:00,27.31,53.2,696.2,609.0,210.05,386.3,2.14,164.0,100380.0
1990-09-11 04:00:00+00:00,28.25,51.55,755.4,646.63,211.15,394.2,2.07,165.0,100320.0
1990-09-11 05:00:00+00:00,29.04,48.4,653.5,489.2,246.95,392.1,2.21,157.0,100210.0
1990-09-11 06:00:00+00:00,29.39,46.9,490.75,266.13,286.6,396.15,2.69,148.0,100170.0
1990-09-11 07:00:00+00:00,28.99,48.4,346.05,196.65,217.4,395.95,2.97,160.0,100140.0
1990-09-11 08:00:00+00:00,28.43,48.25,195.3,98.79,145.9,403.7,2.9,168.0,100110.0
1990-09-11 09:00:00+00:00,27.88,49.8,111.8,117.72,74.7,398.45,1.79,191.0,100100.0
1990-09-11 10:00:00+00:00,27.16,54.95,10.6,17.4,8.65,392.1,1.1,202.0,100110.0
1990-09-11 11:00:00+00:00,26.0,58.55,0.0,0.0,0.0,383.2,1.24,202.0,100130.0
1990-09-11 12:00:00+00:00,24.64,66.75,0.0,0.0,0.0,370.8,1.31,209.0,100210.0
1990-09-11 13:00:00+00:00,23.37,71.25,0.0,0.0,0.0,377.2,1.1,206.0,100270.0
1990-09-11 14:00:00+00:00,22.03,76.1,0.0,0.0,0.0,364.4,1.45,210.0,100260.0
1990-09-11 15:00:00+00:00,21.39,78.65,0.0,0.0,0.0,376.2,1.45,226.0,100270.0
1990-09-11 16:00:00+00:00,20.79,81.3,0.0,0.0,0.0,371.95,1.38,232.0,100260.0
1990-09-11 17:00:00+00:00,20.43,84.05,0.0,0.0,0.0,376.6,1.24,223.0,100220.0
1990-09-11 18:00:00+00:00,20.18,86.85,0.0,0.0,0.0,377.75,1.17,214.0,100170.0
1990-09-11 19:00:00+00:00,20.01,83.95,0.0,0.0,0.0,368.1,1.59,204.0,100120.0
1990-09-11 20:00:00+00:00,19.54,86.85,0.0,0.0,0.0,362.1,1.52,204.0,100120.0
1990-09-11 21:00:00+00:00,19.33,86.85,0.0,0.0,0.0,365.0,1.38,207.0,100090.0
1990-09-11 22:00:00+00:00,19.05,89.8,0.0,0.0,0.0,363.85,1.31,216.0,100090.0
1990-09-11 23:00:00+00:00,19.73,86.85,179.05,419.46,98.15,361.9,1.03,211.0,100120.0
1990-09-12 00:00:00+00:00,22.94,73.6,341.95,473.99,158.15,366.55,1.45,190.0,100100.0
1990-09-12 01:00:00+00:00,25.16,64.6,493.75,492.84,216.8,373.6,2.41,182.0,100110.0
1990-09-12 02:00:00+00:00,27.12,54.95,627.85,542.96,247.3,382.0,3.45,180.0,100130.0
1990-09-12 03:00:00+00:00,28.61,48.25,690.55,544.33,257.75,387.25,4.28,184.0,100050.0
1990-09-12 04:00:00+00:00,29.6,45.35,711.2,518.49,276.6,395.0,4.55,185.0,99970.0
1990-09-12 05:00:00+00:00,30.24,43.95,723.2,651.82,184.0,395.75,4.62,185.0,99870.0
1990-09-12 06:00:00+00:00,30.78,42.6,616.45,611.86,149.65,395.4,4.83,182.0,99780.0
1990-09-12 07:00:00+00:00,29.19,46.75,316.65,240.58,160.35,394.0,5.17,180.0,99720.0
1990-09-12 08:00:00+00:00,27.66,51.45,229.4,266.64,97.35,402.55,4.69,173.0,99780.0
1990-09-12 09:00:00+00:00,27.68,55.05,102.05,151.25,55.15,395.75,3.79,185.0,99760.0
1990-09-12 10:00:00+00:00,27.13,58.8,9.9,17.31,8.05,394.4,3.52,181.0,99750.0
1990-09-12 11:00:00+00:00,25.97,62.65,0.0,0.0,0.0,388.4,3.93,175.0,99720.0
1990-09-12 12:00:00+00:00,25.12,66.85,0.0,0.0,0.0,383.55,4.0,177.0,99750.0
1990-09-12 13:00:00+00:00,24.28,69.05,0.0,0.0,0.0,373.7,3.38,189.0,99870.0
1990-09-12 14:00:00+00:00,23.51,73.7,0.0,0.0,0.0,371.55,3.31,188.0,99880.0
1990-09-12 15:00:00+00:00,22.89,73.6,0.0,0.0,0.0,370.0,3.38,188.0,99850.0
1990-09-12 16:00:00+00:00,22.41,76.1,0.0,0.0,0.0,371.2,3.66,182.0,99790.0
1990-09-12 17:00:00+00:00,22.06,76.1,0.0,0.0,0.0,374.65,4.14,176.0,99700.0
1990-09-12 18:00:00+00:00,21.62,78.65,0.0,0.0,0.0,366.95,3.79,188.0,99660.0
1990-09-12 19:00:00+00:00,20.73,78.55,0.0,0.0,0.0,354.15,3.45,193.0,99630.0
1990-09-12 20:00:00+00:00,20.27,81.2,0.0,0.0,0.0,352.0,3.1,198.0,99610.0
1990-09-12 21:00:00+00:00,19.73,83.95,0.0,0.0,0.0,348.55,2.83,199.0,99540.0
1990-09-12 22:00:00+00:00,19.19,83.9,0.0,0.0,0.0,344.85,2.62,200.0,99520.0
1990-09-12 23:00:00+00:00,19.52,86.85,204.25,680.78,74.75,338.3,2.34,198.0,99520.0
1990-09-13 00:00:00+00:00,22.0,73.55,392.55,721.37,114.75,342.35,2.83,194.0,99480.0
1990-09-13 01:00:00+00:00,24.76,62.45,578.7,816.92,121.9,351.95,3.31,190.0,99500.0
1990-09-13 02:00:00+00:00,27.29,55.05,700.4,808.33,136.25,356.1,3.66,184.0,99490.0
1990-09-13 03:00:00+00:00,29.44,48.5,796.15,824.49,143.25,366.95,3.93,183.0,99430.0
1990-09-13 04:00:00+00:00,31.3,42.85,813.7,801.58,144.65,376.2,4.14,184.0,99330.0
1990-09-13 05:00:00+00:00,32.77,40.3,767.6,761.95,140.25,384.95,4.41,185.0,99250.0
1990-09-13 06:00:00+00:00,33.71,39.05,658.25,694.02,131.7,391.3,4.69,183.0,99180.0
1990-09-13 07:00:00+00:00,33.54,40.4,494.8,566.87,129.1,396.75,4.9,180.0,99140.0
1990-09-13 08:00:00+00:00,33.43,41.8,320.05,456.49,96.2,399.05,4.9,179.0,99120.0
1990-09-13 09:00:00+00:00,32.69,44.55,101.35,139.03,58.95,398.85,4.0,176.0,99110.0
1990-09-13 10:00:00+00:00,30.87,48.9,8.6,12.8,7.3,402.9,3.66,188.0,99130.0
1990-09-13 11:00:00+00:00,29.25,55.4,0.0,0.0,0.0,396.75,3.31,192.0,99140.0
1990-09-13 12:00:00+00:00,27.78,57.05,0.0,0.0,0.0,385.7,2.83,198.0,99220.0
1990-09-13 13:00:00+00:00,26.24,64.8,0.0,0.0,0.0,372.95,2.41,209.0,99270.0
1990-09-13 14:00:00+00:00,24.59,69.05,0.0,0.0,0.0,363.85,2.34,215.0,99290.0
1990-09-13 15:00:00+00:00,23.46,71.25,0.0,0.0,0.0,358.4,2.34,215.0,99260.0
1990-09-13 16:00:00+00:00,22.64,73.55,0.0,0.0,0.0,351.85,2.34,215.0,99260.0
1990-09-13 17:00:00+00:00,22.01,71.05,0.0,0.0,0.0,348.75,2.14,219.0,99210.0
1990-09-13 18:00:00+00:00,21.07,75.95,0.0,0.0,0.0,345.65,1.52,225.0,99180.0
1990-09-13 19:00:00+00:00,20.28,78.5,0.0,0.0,0.0,347.75,1.24,334.0,99290.0
1990-09-13 20:00:00+00:00,20.06,81.15,0.0,0.0,0.0,348.35,1.17,316.0,99270.0
1990-09-13 21:00:00+00:00,19.19,83.9,0.0,0.0,0.0,344.5,1.52,313.0,99310.0
1990-09-13 22:00:00+00:00,18.74,86.8,0.0,0.0,0.0,347.0,1.79,327.0,99390.0
1990-09-13 23:00:00+00:00,19.55,86.85,200.2,672.58,74.05,346.4,1.31,336.0,99470.0
1990-09-14 00:00:00+00:00,23.16,76.15,383.45,725.02,106.2,350.65,1.52,5.0,99520.0
1990-09-14 01:00:00+00:00,25.11,71.5,545.5,749.51,128.5,359.7,2.48,18.0,99580.0
1990-09-14 02:00:00+00:00,26.88,65.0,679.3,768.36,145.35,369.05,2.76,16.0,99600.0
1990-09-14 03:00:00+00:00,28.62,59.1,770.2,786.43,150.0,380.65,3.03,18.0,99590.0
1990-09-14 04:00:00+00:00,30.16,53.8,789.2,765.32,153.15,389.95,3.31,26.0,99530.0
1990-09-14 05:00:00+00:00,31.25,48.9,697.9,633.98,178.4,394.4,3.52,24.0,99490.0
1990-09-14 06:00:00+00:00,31.79,45.85,543.85,488.45,175.35,404.85,3.79,19.0,99490.0
1990-09-14 07:00:00+00:00,31.02,44.2,460.2,530.59,120.35,403.9,2.41,37.0,99470.0
1990-09-14 08:00:00+00:00,31.08,44.2,280.2,381.69,94.9,400.2,2.41,34.0,99470.0
1990-09-14 09:00:00+00:00,30.61,45.6,114.55,197.44,55.35,400.6,2.14,28.0,99500.0
1990-09-14 10:00:00+00:00,29.43,50.2,8.4,17.66,6.7,397.7,2.0,20.0,99550.0
1990-09-14 11:00:00+00:00,27.59,56.95,0.0,0.0,0.0,390.55,2.41,12.0,99610.0
1990-09-14 12:00:00+00:00,26.53,60.7,0.0,0.0,0.0,391.9,2.14,8.0,99700.0
1990-09-14 13:00:00+00:00,25.5,64.7,0.0,0.0,0.0,379.9,2.07,360.0,99810.0
1990-09-14 14:00:00+00:00,24.66,71.4,0.0,0.0,0.0,381.05,2.0,343.0,99880.0
1990-09-14 15:00:00+00:00,23.77,71.35,0.0,0.0,0.0,379.9,2.07,338.0,99890.0
1990-09-14 16:00:00+00:00,23.3,73.7,0.0,0.0,0.0,382.0,2.0,346.0,99910.0
1990-09-14 17:00:00+00:00,23.32,73.7,0.0,0.0,0.0,397.3,2.0,349.0,99920.0
1990-09-14 18:00:00+00:00,23.24,73.7,0.0,0.0,0.0,399.65,2.0,350.0,99930.0
1990-09-14 19:00:00+00:00,22.73,76.15,0.0,0.0,0.0,383.95,2.21,351.0,99890.0
1990-09-14 20:00:00+00:00,22.41,76.1,0.0,0.0,0.0,382.6,2.41,351.0,99920.0
1990-09-14 21:00:00+00:00,22.19,76.1,0.0,0.0,0.0,383.2,2.55,354.0,99960.0
1990-09-14 22:00:00+00:00,21.81,76.1,0.0,0.0,0.0,375.25,2.69,354.0,100030.0
1990-09-14 23:00:00+00:00,22.06,73.55,154.1,419.99,76.45,373.9,2.76,356.0,100080.0
1990-09-15 00:00:00+00:00,23.35,66.55,309.05,528.34,108.45,372.35,3.52,4.0,100130.0
1990-09-15 01:00:00+00:00,24.83,60.35,417.25,429.43,179.55,384.45,3.93,12.0,100150.0
1990-09-15 02:00:00+00:00,26.06,58.55,541.3,416.4,253.2,394.8,4.07,18.0,100180.0
1990-09-15 03:00:00+00:00,27.19,54.95,508.3,242.39,317.95,397.7,3.86,21.0,100140.0
1990-09-15 04:00:00+00:00,27.9,51.55,454.5,151.43,329.2,405.65,3.24,29.0,100090.0
1990-09-15 05:00:00+00:00,28.4,49.95,293.15,61.99,242.6,415.7,2.69,31.0,100030.0
1990-09-15 06:00:00+00:00,28.4,48.25,291.8,63.12,244.45,424.8,2.83,21.0,100000.0
1990-09-15 07:00:00+00:00,28.7,48.25,192.8,50.01,161.0,424.8,2.62,40.0,99900.0
1990-09-15 08:00:00+00:00,28.36,48.25,95.05,0.1,95.0,420.75,2.0,28.0,99910.0
1990-09-15 09:00:00+00:00,27.76,53.2,54.8,29.86,46.0,423.65,2.07,2.0,99880.0
1990-09-15 10:00:00+00:00,27.03,54.95,3.95,1.1,3.85,419.55,2.28,339.0,99900.0
1990-09-15 11:00:00+00:00,25.91,56.6,0.0,0.0,0.0,412.2,2.76,336.0,99940.0
1990-09-15 12:00:00+00:00,25.12,58.35,0.0,0.0,0.0,408.55,2.83,335.0,100000.0
1990-09-15 13:00:00+00:00,24.41,58.2,0.0,0.0,0.0,402.15,2.69,330.0,100050.0
1990-09-15 14:00:00+00:00,23.83,60.15,0.0,0.0,0.0,399.85,2.55,327.0,100050.0
1990-09-15 15:00:00+00:00,23.39,60.05,0.0,0.0,0.0,400.0,2.41,330.0,100020.0
1990-09-15 16:00:00+00:00,23.08,62.05,0.0,0.0,0.0,401.95,2.34,336.0,100000.0
1990-09-15 17:00:00+00:00,22.62,64.1,0.0,0.0,0.0,395.75,2.34,341.0,100000.0
1990-09-15 18:00:00+00:00,22.24,61.95,0.0,0.0,0.0,397.5,2.55,346.0,100010.0
1990-09-15 19:00:00+00:00,21.88,53.85,0.0,0.0,0.0,384.75,2.14,346.0,99950.0
1990-09-15 20:00:00+00:00,21.44,57.65,0.0,0.0,0.0,381.85,1.93,345.0,99980.0
1990-09-15 21:00:00+00:00,21.24,59.7,0.0,0.0,0.0,391.7,1.79,0.0,99970.0
1990-09-15 22:00:00+00:00,20.97,61.7,0.0,0.0,0.0,388.8,1.72,11.0,100010.0
1990-09-15 23:00:00+00:00,20.84,66.15,122.95,241.51,78.95,378.75,1.79,13.0,100060.0
1990-09-16 00:00:00+00:00,21.75,59.8,245.8,263.71,146.4,383.75,2.14,21.0,100100.0
1990-09-16 01:00:00+00:00,22.9,59.95,388.75,334.16,204.75,394.15,1.93,29.0,100110.0
1990-09-16 02:00:00+00:00,24.23,60.15,557.95,486.29,223.0,386.85,1.31,48.0,100100.0
1990-09-16 03:00:00+00:00,25.75,56.6,553.3,397.34,242.6,382.8,0.97,80.0,100050.0
1990-09-16 04:00:00+00:00,26.9,54.95,561.05,359.56,264.85,400.4,1.1,120.0,99990.0
1990-09-16 05:00:00+00:00,28.0,53.35,525.05,319.74,265.6,400.6,1.72,153.0,99900.0
1990-09-16 06:00:00+00:00,29.14,50.05,445.3,308.09,215.55,416.65,3.03,183.0,99830.0
1990-09-16 07:00:00+00:00,29.24,50.05,356.0,306.57,162.5,422.3,2.97,184.0,99680.0
1990-09-16 08:00:00+00:00,29.55,46.9,237.1,278.83,104.5,416.45,2.9,180.0,99670.0
1990-09-16 09:00:00+00:00,29.54,46.9,102.2,175.83,51.3,408.55,2.21,174.0,99650.0
1990-09-16 10:00:00+00:00,28.88,50.05,5.9,10.51,5.0,399.25,1.17,105.0,99670.0
1990-09-16 11:00:00+00:00,27.57,55.05,0.0,0.0,0.0,403.7,1.93,67.0,99690.0
1990-09-16 12:00:00+00:00,26.52,58.7,0.0,0.0,0.0,394.6,1.79,66.0,99770.0
1990-09-16 13:00:00+00:00,25.77,62.65,0.0,0.0,0.0,401.75,1.31,68.0,99860.0
1990-09-16 14:00:00+00:00,24.96,69.15,0.0,0.0,0.0,407.0,0.83,71.0,99890.0
1990-09-16 15:00:00+00:00,24.68,71.4,0.0,0.0,0.0,400.0,0.34,54.0,99880.0
1990-09-16 16:00:00+00:00,24.1,73.75,0.0,0.0,0.0,400.4,0.07,115.0,99910.0
1990-09-16 17:00:00+00:00,23.44,76.2,0.0,0.0,0.0,396.35,0.34,81.0,99930.0
1990-09-16 18:00:00+00:00,22.44,84.15,0.0,0.0,0.0,400.4,0.62,14.0,99930.0
1990-09-16 19:00:00+00:00,21.18,81.3,0.0,0.0,0.0,396.55,1.31,8.0,99920.0
1990-09-16 20:00:00+00:00,20.94,81.3,0.0,0.0,0.0,398.3,1.17,359.0,99960.0
1990-09-16 21:00:00+00:00,20.39,86.9,0.0,0.0,0.0,393.45,1.24,5.0,99980.0
1990-09-16 22:00:00+00:00,19.9,89.85,0.0,0.0,0.0,382.6,1.17,15.0,100060.0
1990-09-16 23:00:00+00:00,19.98,92.95,148.6,431.53,71.15,382.0,0.76,2.0,100110.0
1990-09-17 00:00:00+00:00,21.86,81.4,289.15,452.36,119.9,386.1,0.83,356.0,100140.0
1990-09-17 01:00:00+00:00,23.58,76.2,467.05,562.96,158.7,390.45,0.9,28.0,100170.0
1990-09-17 02:00:00+00:00,25.32,69.25,592.6,593.0,186.0,384.15,1.03,74.0,100170.0
1990-09-17 03:00:00+00:00,27.39,63.0,614.85,507.42,219.8,398.45,1.31,104.0,100160.0
1990-09-17 04:00:00+00:00,28.72,59.1,410.2,203.1,243.65,408.15,1.45,104.0,100120.0
1990-09-17 05:00:00+00:00,28.97,59.2,390.1,184.8,240.9,436.0,1.66,92.0,100060.0
1990-09-17 06:00:00+00:00,29.18,59.2,400.85,287.53,187.7,433.7,1.72,84.0,100030.0
1990-09-17 07:00:00+00:00,29.51,55.5,246.95,173.52,138.25,434.45,2.41,53.0,99990.0
1990-09-17 08:00:00+00:00,29.22,57.3,138.35,84.26,98.7,433.1,3.03,48.0,100000.0
1990-09-17 09:00:00+00:00,28.13,63.1,41.7,32.36,32.5,433.3,2.97,42.0,100010.0
1990-09-17 10:00:00+00:00,25.76,76.6,1.8,1.25,1.7,429.05,2.69,5.0,100110.0
1990-09-17 11:00:00+00:00,24.0,87.15,0.0,0.0,0.0,426.55,3.24,358.0,100170.0
1990-09-17 12:00:00+00:00,23.1,90.05,0.0,0.0,0.0,418.8,3.31,0.0,100280.0
1990-09-17 13:00:00+00:00,22.71,93.05,0.0,0.0,0.0,410.45,3.03,359.0,100340.0
1990-09-17 14:00:00+00:00,22.47,93.05,0.0,0.0,0.0,403.7,2.55,348.0,100400.0
1990-09-17 15:00:00+00:00,22.12,93.05,0.0,0.0,0.0,391.3,2.48,338.0,100430.0
1990-09-17 16:00:00+00:00,21.95,93.05,0.0,0.0,0.0,393.65,2.41,338.0,100460.0
1990-09-17 17:00:00+00:00,21.57,93.0,0.0,0.0,0.0,379.5,2.21,343.0,100450.0
1990-09-17 18:00:00+00:00,21.27,93.0,0.0,0.0,0.0,375.65,1.93,348.0,100450.0
1990-09-17 19:00:00+00:00,21.11,96.15,0.0,0.0,0.0,382.6,1.66,351.0,100450.0
1990-09-17 20:00:00+00:00,20.71,96.15,0.0,0.0,0.0,384.95,1.38,0.0,100460.0
1990-09-17 21:00:00+00:00,20.48,96.15,0.0,0.0,0.0,387.25,1.31,10.0,100480.0
1990-09-17 22:00:00+00:00,20.32,96.15,0.0,0.0,0.0,384.55,1.31,17.0,100530.0
1990-09-17 23:00:00+00:00,20.44,96.15,101.75,157.57,73.9,395.0,1.59,29.0,100590.0
1990-09-18 00:00:00+00:00,20.78,93.0,241.1,314.13,124.45,395.55,1.79,42.0,100640.0
1990-09-18 01:00:00+00:00,22.15,84.15,431.65,472.03,174.5,386.0,1.52,64.0,100670.0
1990-09-18 02:00:00+00:00,24.15,73.75,593.8,573.19,202.6,381.85,1.45,98.0,100680.0
1990-09-18 03:00:00+00:00,25.92,60.6,705.9,672.75,184.45,378.35,1.59,112.0,100670.0
1990-09-18 04:00:00+00:00,27.19,54.95,766.15,734.24,166.8,374.85,1.79,112.0,100600.0
1990-09-18 05:00:00+00:00,28.19,49.8,692.35,664.37,158.7,372.75,2.14,111.0,100500.0
1990-09-18 06:00:00+00:00,28.78,43.65,581.7,597.06,141.75,372.75,2.41,115.0,100400.0
1990-09-18 07:00:00+00:00,29.49,39.5,483.1,588.89,117.0,374.45,2.9,115.0,100300.0
1990-09-18 08:00:00+00:00,29.6,36.85,276.75,377.0,101.25,366.55,3.1,124.0,100300.0
1990-09-18 09:00:00+00:00,28.98,39.35,108.9,201.4,52.7,365.4,2.62,131.0,100280.0
1990-09-18 10:00:00+00:00,27.66,44.8,5.1,7.34,4.55,364.8,2.07,132.0,100320.0
1990-09-18 11:00:00+00:00,26.24,51.05,0.0,0.0,0.0,365.75,1.45,138.0,100340.0
1990-09-18 12:00:00+00:00,24.97,56.35,0.0,0.0,0.0,372.95,1.52,149.0,100400.0
1990-09-18 13:00:00+00:00,24.48,58.2,0.0,0.0,0.0,388.2,2.21,147.0,100400.0
1990-09-18 14:00:00+00:00,23.81,60.15,0.0,0.0,0.0,377.2,2.21,164.0,100400.0
1990-09-18 15:00:00+00:00,23.57,64.3,0.0,0.0,0.0,392.45,2.34,171.0,100340.0
1990-09-18 16:00:00+00:00,23.39,64.3,0.0,0.0,0.0,398.65,2.07,185.0,100340.0
1990-09-18 17:00:00+00:00,22.78,66.45,0.0,0.0,0.0,381.85,2.07,189.0,100300.0
1990-09-18 18:00:00+00:00,22.15,68.7,0.0,0.0,0.0,372.55,2.21,189.0,100270.0
1990-09-18 19:00:00+00:00,21.46,68.6,0.0,0.0,0.0,367.3,1.86,201.0,100170.0
1990-09-18 20:00:00+00:00,21.14,70.9,0.0,0.0,0.0,372.75,1.79,205.0,100160.0
1990-09-18 21:00:00+00:00,20.97,73.35,0.0,0.0,0.0,377.2,1.79,203.0,100180.0
1990-09-18 22:00:00+00:00,20.62,75.85,0.0,0.0,0.0,371.0,1.86,197.0,100190.0
1990-09-18 23:00:00+00:00,20.84,75.95,159.2,300.57,106.9,363.65,1.93,193.0,100240.0
1990-09-19 00:00:00+00:00,22.88,68.75,325.35,429.84,166.95,360.75,2.34,187.0,100250.0
1990-09-19 01:00:00+00:00,24.89,60.35,478.05,493.64,210.6,367.6,3.17,189.0,100270.0
1990-09-19 02:00:00+00:00,26.64,54.8,593.95,518.78,241.55,380.65,3.31,196.0,100240.0
1990-09-19 03:00:00+00:00,28.02,49.8,654.45,478.81,285.0,388.2,2.9,200.0,100210.0
1990-09-19 04:00:00+00:00,29.02,46.75,566.55,328.26,299.85,396.15,2.07,201.0,100160.0
1990-09-19 05:00:00+00:00,29.43,45.35,494.5,258.92,287.6,410.1,1.31,198.0,100070.0
1990-09-19 06:00:00+00:00,29.72,43.8,313.9,145.08,207.65,409.7,0.76,198.0,100030.0
1990-09-19 07:00:00+00:00,29.49,43.8,272.05,137.63,187.15,429.85,1.1,39.0,99980.0
1990-09-19 08:00:00+00:00,29.39,43.8,180.55,173.74,100.55,429.05,1.31,31.0,99980.0
1990-09-19 09:00:00+00:00,28.73,46.65,61.5,70.13,42.3,420.55,1.66,14.0,100000.0
1990-09-19 10:00:00+00:00,27.42,51.45,2.9,2.16,2.75,413.2,1.45,357.0,100000.0
1990-09-19 11:00:00+00:00,26.1,58.55,0.0,0.0,0.0,402.75,1.38,339.0,100050.0
1990-09-19 12:00:00+00:00,25.15,64.6,0.0,0.0,0.0,396.95,1.24,316.0,100080.0
1990-09-19 13:00:00+00:00,24.28,66.75,0.0,0.0,0.0,393.25,1.1,289.0,100140.0
1990-09-19 14:00:00+00:00,23.38,73.7,0.0,0.0,0.0,390.95,1.24,266.0,100130.0
1990-09-19 15:00:00+00:00,22.83,76.15,0.0,0.0,0.0,393.25,1.31,252.0,100130.0
1990-09-19 16:00:00+00:00,22.43,78.7,0.0,0.0,0.0,390.35,1.45,238.0,100130.0
1990-09-19 17:00:00+00:00,22.4,78.7,0.0,0.0,0.0,399.85,1.38,227.0,100110.0
1990-09-19 18:00:00+00:00,22.39,78.7,0.0,0.0,0.0,401.55,1.31,219.0,100090.0
1990-09-19 19:00:00+00:00,22.93,81.45,0.0,0.0,0.0,401.95,0.34,320.0,100120.0
1990-09-19 20:00:00+00:00,22.42,84.15,0.0,0.0,0.0,404.45,0.76,332.0,100140.0
1990-09-19 21:00:00+00:00,21.97,84.15,0.0,0.0,0.0,399.85,1.24,7.0,100170.0
1990-09-19 22:00:00+00:00,21.69,84.1,0.0,0.0,0.0,394.0,1.38,11.0,100220.0
1990-09-19 23:00:00+00:00,21.73,84.15,91.2,190.09,58.65,396.35,1.03,14.0,100270.0
1990-09-20 00:00:00+00:00,23.27,76.2,202.75,228.22,119.3,394.6,0.83,344.0,100300.0
1990-09-20 01:00:00+00:00,24.51,71.4,326.7,262.63,185.2,396.45,1.1,347.0,100350.0
1990-09-20 02:00:00+00:00,25.75,62.65,304.95,168.26,191.2,390.95,1.45,2.0,100330.0
1990-09-20 03:00:00+00:00,26.47,60.7,420.8,224.2,248.6,400.2,1.59,28.0,100330.0
1990-09-20 04:00:00+00:00,27.45,56.95,445.8,256.86,238.1,409.3,1.52,48.0,100280.0
1990-09-20 05:00:00+00:00,28.07,53.35,456.3,322.13,200.25,413.2,1.38,61.0,100200.0
1990-09-20 06:00:00+00:00,28.59,49.95,300.7,150.65,191.05,410.3,1.17,65.0,100110.0
1990-09-20 07:00:00+00:00,26.96,56.85,155.9,66.66,115.1,414.35,1.66,17.0,100090.0
1990-09-20 08:00:00+00:00,26.67,56.7,92.1,54.02,67.5,415.9,1.45,8.0,100120.0
1990-09-20 09:00:00+00:00,26.39,56.7,25.1,22.34,19.1,416.65,1.59,360.0,100110.0
1990-09-20 10:00:00+00:00,25.48,62.55,0.8,0.0,0.8,417.65,1.93,350.0,100150.0
1990-09-20 11:00:00+00:00,24.11,73.75,0.0,0.0,0.0,416.45,2.21,345.0,100170.0
1990-09-20 12:00:00+00:00,23.22,81.45,0.0,0.0,0.0,413.95,2.41,343.0,100250.0
1990-09-20 13:00:00+00:00,22.27,87.05,0.0,0.0,0.0,413.4,2.62,348.0,100320.0
1990-09-20 14:00:00+00:00,21.85,87.05,0.0,0.0,0.0,409.3,2.34,356.0,100320.0
1990-09-20 15:00:00+00:00,21.64,89.95,0.0,0.0,0.0,407.55,2.48,359.0,100340.0
1990-09-20 16:00:00+00:00,21.38,89.95,0.0,0.0,0.0,408.95,2.69,6.0,100280.0
1990-09-20 17:00:00+00:00,21.16,89.95,0.0,0.0,0.0,407.55,2.76,359.0,100270.0
1990-09-20 18:00:00+00:00,20.91,89.95,0.0,0.0,0.0,408.75,3.24,1.0,100220.0
1990-09-20 19:00:00+00:00,20.05,86.85,0.0,0.0,0.0,404.45,3.24,349.0,100290.0
1990-09-20 20:00:00+00:00,19.71,83.95,0.0,0.0,0.0,402.55,3.17,348.0,100280.0
1990-09-20 21:00:00+00:00,19.46,86.85,0.0,0.0,0.0,401.2,3.1,352.0,100270.0
1990-09-20 22:00:00+00:00,19.28,86.85,0.0,0.0,0.0,401.2,3.38,1.0,100290.0
1990-09-20 23:00:00+00:00,19.09,86.8,9.4,0.0,9.4,399.65,3.66,9.0,100360.0
1990-09-21 00:00:00+00:00,18.78,86.8,11.45,0.0,11.45,399.05,3.72,9.0,100400.0
1990-09-21 01:00:00+00:00,18.42,89.75,17.8,0.0,17.8,397.8,3.79,3.0,100460.0
1990-09-21 02:00:00+00:00,18.19,89.75,30.1,0.0,30.1,396.15,3.86,359.0,100490.0
1990-09-21 03:00:00+00:00,18.13,89.75,41.4,0.0,41.4,395.95,3.93,356.0,100520.0
1990-09-21 04:00:00+00:00,18.13,89.75,43.5,0.0,43.5,396.75,3.86,356.0,100470.0
1990-09-21 05:00:00+00:00,18.15,89.75,31.05,0.0,31.05,396.55,3.72,358.0,100400.0
1990-09-21 06:00:00+00:00,18.39,86.75,95.65,6.57,90.9,396.75,3.66,358.0,100340.0
1990-09-21 07:00:00+00:00,18.26,86.75,187.95,125.01,112.05,394.8,3.72,355.0,100320.0
1990-09-21 08:00:00+00:00,18.7,81.05,79.15,24.54,68.1,385.9,4.14,358.0,100310.0
1990-09-21 09:00:00+00:00,18.57,83.8,23.0,13.3,19.5,386.1,3.52,360.0,100300.0
1990-09-21 10:00:00+00:00,18.23,83.8,1.1,0.0,1.1,391.5,3.45,3.0,100300.0
1990-09-21 11:00:00+00:00,18.0,86.7,0.0,0.0,0.0,389.4,3.31,6.0,100330.0
1990-09-21 12:00:00+00:00,18.02,86.7,0.0,0.0,0.0,390.15,3.17,2.0,100360.0
1990-09-21 13:00:00+00:00,18.14,89.75,0.0,0.0,0.0,396.75,3.1,357.0,100430.0
1990-09-21 14:00:00+00:00,18.22,86.75,0.0,0.0,0.0,396.75,2.97,356.0,100440.0
1990-09-21 15:00:00+00:00,18.32,86.75,0.0,0.0,0.0,397.7,2.83,351.0,100420.0
1990-09-21 16:00:00+00:00,18.41,86.75,0.0,0.0,0.0,397.1,2.76,353.0,100400.0
1990-09-21 17:00:00+00:00,18.49,86.75,0.0,0.0,0.0,398.85,2.76,357.0,100370.0
1990-09-21 18:00:00+00:00,18.48,86.75,0.0,0.0,0.0,397.5,2.76,2.0,100340.0
1990-09-21 19:00:00+00:00,18.25,86.75,0.0,0.0,0.0,391.1,2.14,3.0,100350.0
1990-09-21 20:00:00+00:00,18.31,86.75,0.0,0.0,0.0,396.75,1.93,7.0,100310.0
1990-09-21 21:00:00+00:00,18.34,86.75,0.0,0.0,0.0,396.35,1.72,12.0,100310.0
1990-09-21 22:00:00+00:00,18.28,86.75,0.0,0.0,0.0,396.15,1.86,12.0,100310.0
1990-09-21 23:00:00+00:00,18.26,86.75,34.1,14.19,31.75,394.8,1.86,14.0,100350.0
1990-09-22 00:00:00+00:00,18.49,89.75,51.1,1.11,50.7,399.85,1.66,12.0,100360.0
1990-09-22 01:00:00+00:00,18.72,86.8,96.1,32.76,78.65,399.15,1.66,7.0,100420.0
1990-09-22 02:00:00+00:00,19.13,86.8,93.3,4.26,90.45,402.15,2.0,11.0,100440.0
1990-09-22 03:00:00+00:00,19.4,83.9,83.45,0.0,83.45,402.55,1.93,13.0,100400.0
1990-09-22 04:00:00+00:00,19.68,83.9,147.8,0.0,147.8,403.9,1.79,12.0,100350.0
1990-09-22 05:00:00+00:00,20.36,78.5,170.75,23.65,152.15,406.6,2.0,8.0,100280.0
1990-09-22 06:00:00+00:00,20.97,75.95,130.65,7.72,125.1,408.75,2.07,9.0,100210.0
1990-09-22 07:00:00+00:00,20.9,75.95,131.55,38.44,108.4,404.65,1.93,33.0,100160.0
1990-09-22 08:00:00+00:00,21.0,75.95,103.85,43.13,84.65,399.85,1.93,42.0,100160.0
1990-09-22 09:00:00+00:00,20.81,75.95,34.7,10.66,31.95,390.15,1.79,40.0,100180.0
1990-09-22 10:00:00+00:00,20.42,81.2,1.05,0.0,1.05,394.8,1.24,37.0,100200.0
1990-09-22 11:00:00+00:00,19.96,83.95,0.0,0.0,0.0,392.85,1.1,22.0,100230.0
1990-09-22 12:00:00+00:00,19.49,86.85,0.0,0.0,0.0,382.4,1.03,2.0,100280.0
1990-09-22 13:00:00+00:00,19.16,89.8,0.0,0.0,0.0,385.9,1.1,337.0,100310.0
1990-09-22 14:00:00+00:00,19.0,89.8,0.0,0.0,0.0,387.65,1.24,336.0,100280.0
1990-09-22 15:00:00+00:00,19.0,89.8,0.0,0.0,0.0,390.15,1.38,341.0,100270.0
1990-09-22 16:00:00+00:00,19.03,89.8,0.0,0.0,0.0,394.0,1.38,352.0,100240.0
1990-09-22 17:00:00+00:00,18.91,89.8,0.0,0.0,0.0,393.65,1.31,11.0,100200.0
1990-09-22 18:00:00+00:00,18.73,92.9,0.0,0.0,0.0,398.45,1.1,11.0,100160.0
1990-09-22 19:00:00+00:00,18.71,92.9,0.0,0.0,0.0,393.65,0.97,7.0,100160.0
1990-09-22 20:00:00+00:00,18.81,92.9,0.0,0.0,0.0,401.0,0.97,21.0,100160.0
1990-09-22 21:00:00+00:00,18.7,92.9,0.0,0.0,0.0,400.2,0.97,29.0,100130.0
1990-09-22 22:00:00+00:00,18.64,96.1,0.0,0.0,0.0,401.4,0.97,21.0,100180.0
1990-09-22 23:00:00+00:00,18.63,96.1,31.05,9.52,29.5,400.0,1.1,16.0,100220.0
1990-09-23 00:00:00+00:00,18.87,92.9,64.6,0.0,64.6,403.9,1.38,10.0,100260.0
1990-09-23 01:00:00+00:00,19.22,92.9,81.75,5.76,78.7,404.8,1.86,13.0,100330.0
1990-09-23 02:00:00+00:00,19.49,92.9,89.8,0.75,89.3,406.0,2.41,14.0,100380.0
1990-09-23 03:00:00+00:00,19.6,92.9,68.15,3.3,65.65,406.2,3.1,11.0,100420.0
1990-09-23 04:00:00+00:00,19.3,89.85,49.7,2.26,47.9,406.2,4.83,6.0,100470.0
1990-09-23 05:00:00+00:00,18.19,89.75,52.45,1.73,51.1,403.5,6.69,10.0,100520.0
1990-09-23 06:00:00+00:00,16.37,92.8,121.35,6.02,117.05,393.45,6.34,19.0,100560.0
1990-09-23 07:00:00+00:00,15.38,86.5,102.2,7.78,97.55,379.1,5.1,17.0,100670.0
1990-09-23 08:00:00+00:00,14.96,86.45,74.05,11.48,69.0,374.85,4.97,19.0,100690.0
1990-09-23 09:00:00+00:00,14.52,86.4,28.15,4.95,26.9,369.45,4.69,21.0,100780.0
1990-09-23 10:00:00+00:00,14.13,86.35,0.8,0.0,0.8,363.85,4.28,18.0,100850.0
1990-09-23 11:00:00+00:00,13.77,86.35,0.0,0.0,0.0,363.85,4.21,12.0,100900.0
1990-09-23 12:00:00+00:00,13.75,83.35,0.0,0.0,0.0,364.2,3.79,2.0,100940.0
1990-09-23 13:00:00+00:00,13.8,80.4,0.0,0.0,0.0,348.35,3.45,351.0,100980.0
1990-09-23 14:00:00+00:00,13.87,77.6,0.0,0.0,0.0,339.45,3.38,348.0,100970.0
1990-09-23 15:00:00+00:00,13.84,72.2,0.0,0.0,0.0,326.85,3.31,348.0,100960.0
1990-09-23 16:00:00+00:00,13.91,67.15,0.0,0.0,0.0,326.5,3.24,350.0,100950.0
1990-09-23 17:00:00+00:00,13.87,64.75,0.0,0.0,0.0,323.2,3.03,352.0,100940.0
1990-09-23 18:00:00+00:00,13.65,62.45,0.0,0.0,0.0,316.0,2.83,352.0,100920.0
1990-09-23 19:00:00+00:00,13.39,62.3,0.0,0.0,0.0,312.15,3.1,348.0,100980.0
1990-09-23 20:00:00+00:00,13.1,64.55,0.0,0.0,0.0,301.1,3.1,350.0,100980.0
1990-09-23 21:00:00+00:00,12.95,64.55,0.0,0.0,0.0,301.3,2.97,353.0,101030.0
1990-09-23 22:00:00+00:00,12.44,66.85,0.0,0.0,0.0,288.75,2.76,355.0,101060.0
1990-09-23 23:00:00+00:00,12.58,66.85,175.8,629.76,75.05,290.65,2.55,355.0,101110.0
1990-09-24 00:00:00+00:00,14.53,62.55,382.4,796.23,100.6,293.0,2.55,359.0,101120.0
1990-09-24 01:00:00+00:00,16.8,50.75,541.15,782.97,129.05,289.45,3.66,10.0,101140.0
1990-09-24 02:00:00+00:00,18.06,44.05,683.95,820.02,140.6,299.95,4.34,18.0,101150.0
1990-09-24 03:00:00+00:00,18.95,39.65,738.85,802.57,134.15,304.8,4.34,22.0,101120.0
1990-09-24 04:00:00+00:00,19.56,39.8,740.05,711.18,176.3,305.0,4.07,24.0,101060.0
1990-09-24 05:00:00+00:00,20.05,38.5,708.9,704.5,161.05,315.65,3.86,24.0,101000.0
1990-09-24 06:00:00+00:00,20.33,38.65,548.5,478.49,209.1,314.1,3.59,24.0,100920.0
1990-09-24 07:00:00+00:00,20.28,38.65,444.4,528.95,131.05,332.85,3.31,30.0,100850.0
1990-09-24 08:00:00+00:00,20.04,39.95,245.95,320.36,106.65,319.9,2.97,41.0,100830.0
1990-09-24 09:00:00+00:00,19.27,41.3,82.2,126.53,50.9,316.2,2.41,59.0,100790.0
1990-09-24 10:00:00+00:00,18.05,47.4,1.6,0.0,1.6,309.25,1.38,65.0,100830.0
1990-09-24 11:00:00+00:00,17.3,49.05,0.0,0.0,0.0,304.2,0.34,351.0,100880.0
1990-09-24 12:00:00+00:00,15.28,62.75,0.0,0.0,0.0,306.55,1.17,295.0,100960.0
1990-09-24 13:00:00+00:00,13.93,67.15,0.0,0.0,0.0,307.1,1.52,291.0,101050.0
1990-09-24 14:00:00+00:00,12.98,72.05,0.0,0.0,0.0,304.6,1.66,287.0,101060.0
1990-09-24 15:00:00+00:00,12.1,77.3,0.0,0.0,0.0,296.3,1.66,278.0,101070.0
1990-09-24 16:00:00+00:00,11.28,77.3,0.0,0.0,0.0,290.85,1.72,273.0,101070.0
1990-09-24 17:00:00+00:00,10.64,80.1,0.0,0.0,0.0,288.35,1.79,274.0,101100.0
1990-09-24 18:00:00+00:00,10.13,83.0,0.0,0.0,0.0,287.0,1.86,282.0,101090.0
1990-09-24 19:00:00+00:00,9.57,89.15,0.0,0.0,0.0,285.65,1.86,290.0,101090.0
1990-09-24 20:00:00+00:00,9.23,89.15,0.0,0.0,0.0,283.9,1.86,292.0,101100.0
1990-09-24 21:00:00+00:00,8.96,92.45,0.0,0.0,0.0,283.1,1.93,291.0,101140.0
1990-09-24 22:00:00+00:00,8.77,89.1,0.0,0.0,0.0,281.95,1.93,293.0,101160.0
1990-09-24 23:00:00+00:00,9.23,89.15,185.25,739.89,69.0,280.8,1.59,295.0,101190.0
1990-09-25 00:00:00+00:00,14.15,77.65,382.25,802.34,100.7,283.3,1.03,304.0,101240.0
1990-09-25 01:00:00+00:00,18.17,54.85,562.9,846.45,120.1,290.0,1.17,343.0,101280.0
1990-09-25 02:00:00+00:00,19.92,43.0,700.3,862.33,131.9,295.7,1.93,15.0,101290.0
1990-09-25 03:00:00+00:00,20.87,34.7,767.9,834.0,142.65,299.55,1.72,36.0,101270.0
1990-09-25 04:00:00+00:00,21.44,31.15,771.35,770.28,163.9,302.3,1.38,41.0,101220.0
1990-09-25 05:00:00+00:00,21.82,30.15,724.75,716.15,171.0,306.95,0.97,43.0,101140.0
1990-09-25 06:00:00+00:00,22.08,30.15,510.9,324.01,282.6,316.8,0.76,83.0,101050.0
1990-09-25 07:00:00+00:00,21.95,32.5,328.35,174.24,226.0,332.5,1.38,141.0,100950.0
1990-09-25 08:00:00+00:00,21.53,33.6,153.65,22.58,143.95,337.9,1.93,145.0,100940.0
1990-09-25 09:00:00+00:00,20.52,40.1,50.95,11.57,48.15,340.2,1.79,154.0,100920.0
1990-09-25 10:00:00+00:00,19.24,44.45,0.9,0.0,0.9,334.2,1.86,172.0,100890.0
1990-09-25 11:00:00+00:00,18.05,49.15,0.0,0.0,0.0,330.55,1.93,198.0,100910.0
1990-09-25 12:00:00+00:00,16.86,52.65,0.0,0.0,0.0,316.4,2.21,218.0,100960.0
1990-09-25 13:00:00+00:00,15.56,58.35,0.0,0.0,0.0,299.95,2.55,226.0,100960.0
1990-09-25 14:00:00+00:00,14.61,62.55,0.0,0.0,0.0,292.6,2.55,230.0,100970.0
1990-09-25 15:00:00+00:00,13.71,64.75,0.0,0.0,0.0,290.5,2.48,236.0,100890.0
1990-09-25 16:00:00+00:00,12.75,69.45,0.0,0.0,0.0,287.4,2.34,241.0,100850.0
1990-09-25 17:00:00+00:00,11.82,74.55,0.0,0.0,0.0,284.85,2.21,243.0,100830.0
1990-09-25 18:00:00+00:00,11.04,77.2,0.0,0.0,0.0,282.35,2.14,242.0,100790.0
1990-09-25 19:00:00+00:00,9.94,82.95,0.0,0.0,0.0,279.65,2.07,246.0,100780.0
1990-09-25 20:00:00+00:00,9.46,82.9,0.0,0.0,0.0,278.1,2.0,250.0,100740.0
1990-09-25 21:00:00+00:00,9.02,82.85,0.0,0.0,0.0,276.95,1.93,252.0,100740.0
1990-09-25 22:00:00+00:00,8.54,85.9,0.0,0.0,0.0,275.4,1.79,250.0,100760.0
1990-09-25 23:00:00+00:00,8.82,85.95,188.0,782.91,67.25,275.2,1.38,249.0,100780.0
1990-09-26 00:00:00+00:00,13.5,77.5,387.55,832.91,97.8,278.5,1.03,236.0,100810.0
1990-09-26 01:00:00+00:00,18.47,54.95,568.2,868.26,116.8,286.35,1.03,215.0,100830.0
1990-09-26 02:00:00+00:00,21.58,41.85,705.35,879.74,128.55,295.7,1.59,196.0,100830.0
1990-09-26 03:00:00+00:00,23.56,35.25,784.2,870.36,135.0,303.25,2.34,192.0,100790.0
1990-09-26 04:00:00+00:00,24.69,30.7,798.35,845.13,135.35,308.85,2.97,191.0,100700.0
1990-09-26 05:00:00+00:00,25.28,27.7,745.3,799.31,130.8,312.95,3.31,188.0,100610.0
1990-09-26 06:00:00+00:00,25.53,27.7,632.4,729.85,121.6,315.45,3.45,185.0,100500.0
1990-09-26 07:00:00+00:00,25.91,25.85,452.45,585.05,111.7,316.2,3.38,186.0,100410.0
1990-09-26 08:00:00+00:00,25.44,28.75,251.55,329.11,111.85,319.3,3.03,175.0,100370.0
1990-09-26 09:00:00+00:00,23.97,36.7,76.85,106.02,51.75,322.4,2.97,164.0,100340.0
1990-09-26 10:00:00+00:00,21.77,37.65,0.9,0.0,0.9,320.3,3.17,170.0,100320.0
1990-09-26 11:00:00+00:00,20.35,38.65,0.0,0.0,0.0,322.8,3.17,183.0,100340.0
1990-09-26 12:00:00+00:00,19.53,38.35,0.0,0.0,0.0,325.1,3.03,193.0,100390.0
1990-09-26 13:00:00+00:00,18.81,39.65,0.0,0.0,0.0,325.1,2.9,200.0,100400.0
1990-09-26 14:00:00+00:00,18.02,42.45,0.0,0.0,0.0,324.95,2.69,207.0,100400.0
1990-09-26 15:00:00+00:00,17.07,47.15,0.0,0.0,0.0,322.4,2.48,211.0,100350.0
1990-09-26 16:00:00+00:00,16.12,52.4,0.0,0.0,0.0,317.0,2.34,209.0,100290.0
1990-09-26 17:00:00+00:00,15.47,54.25,0.0,0.0,0.0,318.75,2.34,208.0,100230.0
1990-09-26 18:00:00+00:00,14.77,56.15,0.0,0.0,0.0,311.4,2.34,212.0,100180.0
1990-09-26 19:00:00+00:00,13.73,62.45,0.0,0.0,0.0,307.9,2.07,219.0,100130.0
1990-09-26 20:00:00+00:00,12.88,69.45,0.0,0.0,0.0,301.3,2.0,218.0,100090.0
1990-09-26 21:00:00+00:00,12.26,71.95,0.0,0.0,0.0,299.75,1.93,217.0,100080.0
1990-09-26 22:00:00+00:00,11.71,77.3,0.0,0.0,0.0,297.65,1.86,215.0,100080.0
1990-09-26 23:00:00+00:00,11.85,80.15,149.65,331.74,99.45,297.65,1.72,212.0,100080.0
1990-09-27 00:00:00+00:00,15.19,69.9,312.7,404.14,173.35,300.95,1.52,199.0,100090.0
1990-09-27 01:00:00+00:00,18.57,56.95,440.95,403.1,232.7,310.35,2.14,186.0,100110.0
1990-09-27 02:00:00+00:00,20.61,49.8,561.5,404.15,297.95,323.2,2.9,180.0,100100.0
1990-09-27 03:00:00+00:00,22.21,46.75,576.6,307.93,348.1,328.8,3.45,177.0,100050.0
1990-09-27 04:00:00+00:00,23.26,43.75,592.3,329.28,335.35,340.0,3.93,177.0,99970.0
1990-09-27 05:00:00+00:00,24.06,42.35,497.5,203.65,341.85,347.0,4.21,178.0,99900.0
1990-09-27 06:00:00+00:00,24.34,41.0,358.85,86.25,298.9,349.1,4.28,179.0,99840.0
1990-09-27 07:00:00+00:00,23.9,42.35,290.75,125.38,218.35,353.0,4.14,178.0,99830.0
1990-09-27 08:00:00+00:00,23.53,45.35,186.8,122.71,135.35,352.0,3.72,174.0,99800.0
1990-09-27 09:00:00+00:00,22.64,50.2,55.8,32.19,48.35,346.6,3.59,173.0,99790.0
1990-09-27 10:00:00+00:00,21.16,51.75,0.55,0.0,0.55,345.05,3.59,175.0,99790.0
1990-09-27 11:00:00+00:00,19.86,53.35,0.0,0.0,0.0,337.9,3.45,179.0,99800.0
1990-09-27 12:00:00+00:00,18.95,57.1,0.0,0.0,0.0,331.3,3.31,182.0,99830.0
1990-09-27 13:00:00+00:00,18.19,59.05,0.0,0.0,0.0,325.7,3.17,185.0,99860.0
1990-09-27 14:00:00+00:00,17.48,63.2,0.0,0.0,0.0,318.55,3.24,186.0,99830.0
1990-09-27 15:00:00+00:00,16.93,65.35,0.0,0.0,0.0,314.1,3.31,188.0,99780.0
1990-09-27 16:00:00+00:00,16.54,67.65,0.0,0.0,0.0,311.2,3.45,188.0,99780.0
1990-09-27 17:00:00+00:00,16.09,67.55,0.0,0.0,0.0,306.95,3.52,186.0,99760.0
1990-09-27 18:00:00+00:00,15.61,67.45,0.0,0.0,0.0,305.0,3.52,183.0,99750.0
1990-09-27 19:00:00+00:00,14.73,69.85,0.0,0.0,0.0,300.15,3.03,185.0,99740.0
1990-09-27 20:00:00+00:00,14.21,69.75,0.0,0.0,0.0,300.15,2.9,185.0,99760.0
1990-09-27 21:00:00+00:00,13.71,72.2,0.0,0.0,0.0,299.95,2.83,187.0,99750.0
1990-09-27 22:00:00+00:00,13.27,74.75,0.0,0.0,0.0,299.0,2.62,188.0,99770.0
1990-09-27 23:00:00+00:00,13.22,77.5,173.75,724.76,66.2,296.85,2.34,187.0,99780.0
1990-09-28 00:00:00+00:00,15.2,69.9,366.3,786.63,97.5,299.75,2.48,177.0,99810.0
1990-09-28 01:00:00+00:00,17.36,63.2,541.85,827.48,117.1,305.3,2.76,173.0,99820.0
1990-09-28 02:00:00+00:00,19.36,59.25,674.6,840.59,129.45,312.95,2.76,166.0,99850.0
1990-09-28 03:00:00+00:00,21.17,57.55,749.55,830.42,136.55,319.9,2.76,162.0,99810.0
1990-09-28 04:00:00+00:00,22.73,54.0,759.9,800.44,138.65,327.45,2.76,164.0,99760.0
1990-09-28 05:00:00+00:00,23.98,50.55,703.65,744.07,138.3,334.8,2.76,164.0,99710.0
1990-09-28 06:00:00+00:00,24.86,49.05,590.8,675.77,124.3,340.4,2.76,163.0,99650.0
1990-09-28 07:00:00+00:00,25.3,47.5,424.5,550.4,109.45,346.2,2.55,156.0,99600.0
1990-09-28 08:00:00+00:00,25.42,47.5,227.75,327.47,92.15,348.15,2.41,158.0,99620.0
1990-09-28 09:00:00+00:00,24.89,50.8,65.8,133.97,35.5,353.95,1.52,148.0,99650.0
1990-09-28 10:00:00+00:00,23.86,64.4,0.35,0.0,0.35,353.55,0.62,78.0,99750.0
1990-09-28 11:00:00+00:00,21.9,64.1,0.0,0.0,0.0,355.9,0.76,23.0,99800.0
1990-09-28 12:00:00+00:00,20.9,66.15,0.0,0.0,0.0,347.55,0.55,80.0,99860.0
1990-09-28 13:00:00+00:00,19.62,70.65,0.0,0.0,0.0,341.95,0.62,10.0,99940.0
1990-09-28 14:00:00+00:00,18.13,78.15,0.0,0.0,0.0,342.55,0.76,329.0,100010.0
1990-09-28 15:00:00+00:00,18.27,72.95,0.0,0.0,0.0,342.55,0.34,254.0,100000.0
1990-09-28 16:00:00+00:00,17.61,78.1,0.0,0.0,0.0,335.0,0.34,218.0,100000.0
1990-09-28 17:00:00+00:00,17.36,75.4,0.0,0.0,0.0,331.9,0.21,242.0,100000.0
1990-09-28 18:00:00+00:00,17.09,78.0,0.0,0.0,0.0,331.3,0.14,226.0,100030.0
1990-09-28 19:00:00+00:00,16.33,80.75,0.0,0.0,0.0,323.4,0.28,280.0,100030.0
1990-09-28 20:00:00+00:00,15.22,83.5,0.0,0.0,0.0,322.4,0.9,330.0,100080.0
1990-09-28 21:00:00+00:00,13.48,92.65,0.0,0.0,0.0,322.05,1.52,346.0,100140.0
1990-09-28 22:00:00+00:00,12.96,95.95,0.0,0.0,0.0,321.65,1.66,352.0,100230.0
1990-09-28 23:00:00+00:00,13.43,95.95,157.3,619.48,67.2,321.65,1.24,356.0,100320.0
1990-09-29 00:00:00+00:00,16.83,83.65,336.4,680.92,105.85,326.3,1.1,11.0,100430.0
1990-09-29 01:00:00+00:00,18.99,75.65,504.9,737.61,128.75,332.2,1.72,23.0,100510.0
1990-09-29 02:00:00+00:00,20.59,68.4,631.35,749.94,147.7,339.85,2.0,26.0,100540.0
1990-09-29 03:00:00+00:00,22.0,64.1,685.85,697.23,173.9,348.55,2.07,31.0,100560.0
1990-09-29 04:00:00+00:00,23.12,62.05,664.0,607.4,195.15,356.1,2.07,41.0,100510.0
1990-09-29 05:00:00+00:00,23.9,60.15,606.6,537.55,200.6,366.55,1.93,50.0,100450.0
1990-09-29 06:00:00+00:00,24.66,56.25,202.85,9.12,196.6,377.2,1.31,70.0,100400.0
1990-09-29 07:00:00+00:00,24.27,56.25,128.35,0.0,128.35,421.5,1.31,79.0,100340.0
1990-09-29 08:00:00+00:00,24.02,60.15,100.55,34.61,86.4,416.45,1.59,38.0,100370.0
1990-09-29 09:00:00+00:00,23.66,64.3,34.7,39.61,25.95,412.8,1.86,28.0,100410.0
1990-09-29 10:00:00+00:00,22.64,68.7,0.1,0.0,0.1,396.75,1.93,21.0,100450.0
1990-09-29 11:00:00+00:00,21.59,71.0,0.0,0.0,0.0,385.5,2.14,13.0,100510.0
1990-09-29 12:00:00+00:00,21.3,71.0,0.0,0.0,0.0,400.6,2.07,5.0,100570.0
1990-09-29 13:00:00+00:00,20.7,73.35,0.0,0.0,0.0,386.85,2.0,353.0,100630.0
1990-09-29 14:00:00+00:00,20.39,73.3,0.0,0.0,0.0,391.1,1.79,343.0,100670.0
1990-09-29 15:00:00+00:00,20.04,75.75,0.0,0.0,0.0,389.75,1.79,332.0,100700.0
1990-09-29 16:00:00+00:00,19.69,75.75,0.0,0.0,0.0,387.05,1.66,328.0,100730.0
1990-09-29 17:00:00+00:00,19.49,78.35,0.0,0.0,0.0,390.15,1.52,347.0,100670.0
1990-09-29 18:00:00+00:00,19.0,81.05,0.0,0.0,0.0,376.4,1.66,345.0,100630.0
1990-09-29 19:00:00+00:00,18.8,83.85,0.0,0.0,0.0,376.4,0.69,294.0,100640.0
1990-09-29 20:00:00+00:00,19.12,81.05,0.0,0.0,0.0,370.2,0.34,295.0,100630.0
1990-09-29 21:00:00+00:00,18.78,78.3,0.0,0.0,0.0,352.8,0.07,266.0,100660.0
1990-09-29 22:00:00+00:00,18.35,81.0,0.0,0.0,0.0,351.85,0.28,208.0,100680.0
1990-09-29 23:00:00+00:00,17.73,83.75,143.95,557.31,64.55,344.3,0.55,216.0,100740.0
1990-09-30 00:00:00+00:00,19.28,78.35,322.25,613.55,116.45,338.1,0.76,192.0,100820.0
1990-09-30 01:00:00+00:00,21.32,68.6,446.05,476.53,204.65,343.8,1.31,186.0,100850.0
1990-09-30 02:00:00+00:00,22.72,64.2,502.25,335.35,287.2,359.4,1.72,187.0,100850.0
1990-09-30 03:00:00+00:00,23.79,60.15,566.25,366.28,298.75,369.05,2.0,187.0,100810.0
1990-09-30 04:00:00+00:00,24.74,56.35,586.9,369.32,303.4,368.45,2.48,180.0,100760.0
1990-09-30 05:00:00+00:00,25.41,50.95,615.85,533.16,215.6,369.65,2.97,175.0,100690.0
1990-09-30 06:00:00+00:00,25.93,47.65,492.55,425.31,203.05,366.15,3.24,171.0,100610.0
1990-09-30 07:00:00+00:00,26.28,46.15,315.35,218.74,192.35,377.95,3.59,180.0,100510.0
1990-09-30 08:00:00+00:00,26.03,46.0,192.15,168.94,123.95,376.2,3.38,181.0,100500.0
1990-09-30 09:00:00+00:00,25.26,47.5,46.5,14.84,43.3,361.9,2.76,171.0,100490.0
1990-09-30 10:00:00+00:00,23.71,54.1,0.05,0.0,0.05,366.35,2.62,167.0,100450.0
1990-09-30 11:00:00+00:00,22.43,55.8,0.0,0.0,0.0,359.95,2.55,175.0,100460.0
1990-09-30 12:00:00+00:00,21.63,57.65,0.0,0.0,0.0,360.55,2.34,188.0,100490.0
1990-09-30 13:00:00+00:00,21.03,57.55,0.0,0.0,0.0,364.2,2.28,195.0,100510.0
1990-09-30 14:00:00+00:00,20.46,59.5,0.0,0.0,0.0,361.1,2.41,197.0,100520.0
1990-09-30 15:00:00+00:00,20.0,61.5,0.0,0.0,0.0,358.8,2.48,195.0,100490.0
1990-09-30 16:00:00+00:00,18.89,64.43,0.0,0.0,0.0,346.04,2.39,191.0,100450.0
1990-09-30 17:00:00+00:00,18.88,64.65,0.0,0.0,0.0,346.92,2.53,187.0,100420.0
1990-09-30 18:00:00+00:00,18.86,64.86,0.0,0.0,0.0,347.81,2.68,187.0,100350.0
1990-09-30 19:00:00+00:00,18.85,65.08,0.0,0.0,0.0,348.7,2.82,191.0,100280.0
1990-09-30 20:00:00+00:00,18.83,65.3,0.0,0.0,0.0,349.58,2.97,195.0,100250.0
1990-09-30 21:00:00+00:00,18.82,65.52,0.0,0.0,0.0,350.47,3.11,199.0,100240.0
1990-09-30 22:00:00+00:00,18.8,65.74,0.0,0.0,0.0,351.36,3.26,199.0,100250.0
1990-09-30 23:00:00+00:00,18.79,65.95,72.15,23.66,68.85,352.24,3.4,201.0,100280.0
1990-10-01 00:00:00+00:00,18.77,66.17,324.45,641.4,111.35,353.13,3.55,180.0,100450.0
1990-10-01 01:00:00+00:00,18.76,66.39,513.6,760.29,131.05,354.01,3.69,179.0,100420.0
1990-10-01 02:00:00+00:00,18.75,66.61,577.85,611.46,188.0,354.9,3.84,179.0,100390.0
1990-10-01 03:00:00+00:00,18.73,66.83,515.2,347.78,262.6,355.79,3.98,184.0,100320.0
1990-10-01 04:00:00+00:00,18.72,67.04,364.15,218.06,197.7,356.67,4.13,189.0,100270.0
1990-10-01 05:00:00+00:00,18.7,67.26,148.35,0.0,148.35,357.56,4.27,190.0,100210.0
1990-10-01 06:00:00+00:00,18.69,67.48,50.9,0.0,50.9,358.45,4.42,181.0,100140.0
1990-10-01 07:00:00+00:00,18.67,67.7,79.9,1.26,79.2,359.33,4.56,175.0,100060.0
1990-10-01 08:00:00+00:00,16.54,86.55,58.7,0.63,58.45,376.6,4.0,174.0,100030.0
1990-10-01 09:00:00+00:00,15.9,86.5,24.05,0.95,23.85,370.2,3.66,175.0,100020.0
1990-10-01 10:00:00+00:00,15.43,89.55,0.0,0.0,0.0,359.55,3.45,177.0,100030.0
1990-10-01 11:00:00+00:00,14.93,89.5,0.0,0.0,0.0,347.75,3.1,177.0,100040.0
1990-10-01 12:00:00+00:00,14.34,92.7,0.0,0.0,0.0,324.55,2.55,179.0,100050.0
1990-10-01 13:00:00+00:00,13.97,95.95,0.0,0.0,0.0,324.15,2.21,183.0,100070.0
1990-10-01 14:00:00+00:00,13.47,99.4,0.0,0.0,0.0,328.0,1.66,199.0,100030.0
1990-10-01 15:00:00+00:00,12.89,99.4,0.0,0.0,0.0,325.1,0.97,218.0,100010.0
1990-10-01 16:00:00+00:00,13.08,95.95,0.0,0.0,0.0,325.1,0.41,237.0,99990.0
1990-10-01 17:00:00+00:00,12.6,95.95,0.0,0.0,0.0,320.65,0.62,341.0,99970.0
1990-10-01 18:00:00+00:00,11.47,100.0,0.0,0.0,0.0,318.35,1.31,356.0,99960.0
1990-10-01 19:00:00+00:00,11.31,100.0,0.0,0.0,0.0,316.4,1.24,8.0,100040.0
1990-10-01 20:00:00+00:00,11.18,100.0,0.0,0.0,0.0,320.65,1.24,1.0,100070.0
1990-10-01 21:00:00+00:00,11.19,100.0,0.0,0.0,0.0,325.7,1.17,349.0,100050.0
1990-10-01 22:00:00+00:00,11.25,100.0,0.0,0.0,0.0,328.6,1.03,329.0,100100.0
1990-10-01 23:00:00+00:00,11.31,100.0,125.1,410.03,69.15,317.2,1.1,321.0,100150.0
1990-10-02 00:00:00+00:00,13.51,99.4,301.65,574.88,112.5,325.1,0.83,351.0,100180.0
1990-10-02 01:00:00+00:00,15.41,89.55,435.25,548.92,160.95,333.75,0.62,67.0,100220.0
1990-10-02 02:00:00+00:00,17.21,78.1,579.05,654.58,164.15,337.9,0.83,101.0,100230.0
1990-10-02 03:00:00+00:00,19.19,70.65,714.95,762.79,164.0,337.9,1.24,116.0,100200.0
1990-10-02 04:00:00+00:00,20.82,68.4,734.1,778.78,143.0,333.65,1.72,124.0,100120.0
1990-10-02 05:00:00+00:00,22.0,64.0,669.25,711.33,141.8,333.05,2.07,130.0,100050.0
1990-10-02 06:00:00+00:00,22.65,59.95,522.75,565.83,143.1,340.2,2.14,129.0,99950.0
1990-10-02 07:00:00+00:00,22.4,61.95,383.5,475.46,120.95,350.65,2.41,110.0,99950.0
1990-10-02 08:00:00+00:00,22.41,61.95,215.5,342.86,80.65,351.65,2.48,122.0,99960.0
1990-10-02 09:00:00+00:00,21.86,64.0,55.45,124.32,29.95,344.1,1.86,138.0,99990.0
1990-10-02 10:00:00+00:00,20.62,68.4,0.0,0.0,0.0,336.35,1.45,171.0,100010.0
1990-10-02 11:00:00+00:00,19.35,75.7,0.0,0.0,0.0,333.25,0.55,194.0,100100.0
1990-10-02 12:00:00+00:00,18.98,75.65,0.0,0.0,0.0,337.5,0.62,345.0,100190.0
1990-10-02 13:00:00+00:00,16.86,86.6,0.0,0.0,0.0,337.1,1.1,358.0,100250.0
1990-10-02 14:00:00+00:00,16.02,89.6,0.0,0.0,0.0,330.95,1.17,13.0,100240.0
1990-10-02 15:00:00+00:00,16.15,86.55,0.0,0.0,0.0,332.85,0.9,20.0,100270.0
1990-10-02 16:00:00+00:00,16.2,86.55,0.0,0.0,0.0,330.35,0.76,14.0,100300.0
1990-10-02 17:00:00+00:00,15.76,86.5,0.0,0.0,0.0,352.8,0.83,20.0,100330.0
1990-10-02 18:00:00+00:00,14.91,92.7,0.0,0.0,0.0,353.55,1.03,40.0,100320.0
1990-10-02 19:00:00+00:00,14.7,92.7,0.0,0.0,0.0,366.75,1.31,9.0,100330.0
1990-10-02 20:00:00+00:00,14.82,92.7,0.0,0.0,0.0,367.3,1.17,10.0,100350.0
1990-10-02 21:00:00+00:00,15.31,89.55,0.0,0.0,0.0,382.8,0.97,5.0,100380.0
1990-10-02 22:00:00+00:00,15.64,86.5,0.0,0.0,0.0,385.5,0.83,10.0,100430.0
1990-10-02 23:00:00+00:00,15.85,86.5,49.1,24.74,45.8,386.3,0.9,18.0,100480.0
1990-10-03 00:00:00+00:00,16.43,83.6,123.35,23.48,115.7,384.35,0.97,40.0,100530.0
1990-10-03 01:00:00+00:00,17.22,78.1,154.9,19.75,145.1,380.6,0.83,70.0,100550.0
1990-10-03 02:00:00+00:00,17.82,75.45,194.3,0.0,194.3,392.1,0.9,83.0,100580.0
1990-10-03 03:00:00+00:00,18.37,72.95,232.15,28.26,211.85,393.65,1.24,106.0,100540.0
1990-10-03 04:00:00+00:00,18.96,70.55,279.9,63.41,232.05,392.45,1.59,122.0,100460.0
1990-10-03 05:00:00+00:00,19.94,65.95,292.35,101.38,217.65,390.95,2.14,139.0,100370.0
1990-10-03 06:00:00+00:00,20.67,66.05,125.7,0.0,125.7,389.2,2.48,149.0,100300.0
1990-10-03 07:00:00+00:00,21.37,68.5,104.75,0.18,104.65,409.3,2.55,168.0,100200.0
1990-10-03 08:00:00+00:00,21.17,70.9,59.95,0.0,59.95,404.65,2.07,172.0,100190.0
1990-10-03 09:00:00+00:00,21.04,73.3,16.5,0.0,16.5,409.3,1.72,159.0,100150.0
1990-10-03 10:00:00+00:00,20.62,73.3,0.0,0.0,0.0,404.1,1.17,147.0,100200.0
1990-10-03 11:00:00+00:00,20.14,78.45,0.0,0.0,0.0,389.95,0.41,121.0,100260.0
1990-10-03 12:00:00+00:00,19.73,78.45,0.0,0.0,0.0,380.85,0.48,32.0,100310.0
1990-10-03 13:00:00+00:00,19.26,78.35,0.0,0.0,0.0,362.5,0.62,351.0,100380.0
1990-10-03 14:00:00+00:00,18.78,81.05,0.0,0.0,0.0,368.65,0.48,312.0,100390.0
1990-10-03 15:00:00+00:00,18.65,81.05,0.0,0.0,0.0,379.3,0.28,227.0,100370.0
1990-10-03 16:00:00+00:00,17.94,86.7,0.0,0.0,0.0,375.85,0.69,180.0,100320.0
1990-10-03 17:00:00+00:00,17.98,86.7,0.0,0.0,0.0,365.4,0.41,225.0,100290.0
1990-10-03 18:00:00+00:00,17.73,86.7,0.0,0.0,0.0,359.0,0.34,258.0,100290.0
1990-10-03 19:00:00+00:00,15.57,92.75,0.0,0.0,0.0,360.15,1.52,359.0,100320.0
1990-10-03 20:00:00+00:00,15.08,92.75,0.0,0.0,0.0,347.75,1.52,15.0,100340.0
1990-10-03 21:00:00+00:00,14.95,96.0,0.0,0.0,0.0,353.4,1.72,20.0,100410.0
1990-10-03 22:00:00+00:00,14.83,96.0,0.0,0.0,0.0,353.2,1.86,17.0,100470.0
1990-10-03 23:00:00+00:00,14.92,92.7,99.85,249.72,67.3,359.55,1.66,12.0,100550.0
1990-10-04 00:00:00+00:00,15.83,86.5,224.45,252.72,142.95,361.9,1.72,17.0,100590.0
1990-10-04 01:00:00+00:00,17.43,78.1,332.05,228.74,219.35,367.05,1.24,29.0,100650.0
1990-10-04 02:00:00+00:00,18.74,73.05,446.55,324.53,243.3,374.1,0.69,33.0,100670.0
1990-10-04 03:00:00+00:00,20.24,70.7,559.6,447.19,240.25,374.65,0.41,37.0,100650.0
1990-10-04 04:00:00+00:00,21.73,66.25,602.65,545.08,193.7,377.4,0.34,62.0,100580.0
1990-10-04 05:00:00+00:00,22.55,64.1,498.95,384.53,217.4,362.65,0.76,85.0,100540.0
1990-10-04 06:00:00+00:00,22.76,64.2,419.2,360.72,180.7,377.4,0.69,118.0,100490.0
1990-10-04 07:00:00+00:00,23.24,60.05,238.8,153.95,155.35,365.2,1.52,115.0,100470.0
1990-10-04 08:00:00+00:00,22.73,62.05,167.65,199.89,91.1,371.55,0.62,160.0,100530.0
1990-10-04 09:00:00+00:00,22.49,64.1,45.55,83.21,29.35,366.35,0.34,171.0,100520.0
1990-10-04 10:00:00+00:00,21.79,68.6,0.0,0.0,0.0,353.2,0.14,242.0,100620.0
1990-10-04 11:00:00+00:00,20.81,70.8,0.0,0.0,0.0,347.2,0.34,276.0,100680.0
1990-10-04 12:00:00+00:00,19.4,75.7,0.0,0.0,0.0,342.35,0.76,253.0,100750.0
1990-10-04 13:00:00+00:00,17.77,80.9,0.0,0.0,0.0,340.4,1.24,246.0,100800.0
1990-10-04 14:00:00+00:00,16.81,86.6,0.0,0.0,0.0,343.1,1.31,253.0,100850.0
1990-10-04 15:00:00+00:00,15.99,89.6,0.0,0.0,0.0,342.95,1.24,269.0,100870.0
1990-10-04 16:00:00+00:00,14.82,92.7,0.0,0.0,0.0,329.2,1.38,275.0,100890.0
1990-10-04 17:00:00+00:00,13.9,95.95,0.0,0.0,0.0,321.65,1.45,290.0,100890.0
1990-10-04 18:00:00+00:00,13.42,95.95,0.0,0.0,0.0,319.7,2.0,321.0,100910.0
1990-10-04 19:00:00+00:00,13.87,92.65,0.0,0.0,0.0,317.0,2.34,355.0,101050.0
1990-10-04 20:00:00+00:00,13.38,95.95,0.0,0.0,0.0,309.45,2.0,344.0,101080.0
1990-10-04 21:00:00+00:00,12.73,92.6,0.0,0.0,0.0,307.7,1.86,332.0,101120.0
1990-10-04 22:00:00+00:00,12.34,92.6,0.0,0.0,0.0,310.6,1.86,329.0,101190.0
1990-10-04 23:00:00+00:00,12.06,92.6,150.15,676.18,64.1,299.4,1.79,327.0,101240.0
1990-10-05 00:00:00+00:00,14.87,83.45,335.75,741.25,99.15,300.75,1.45,341.0,101300.0
1990-10-05 01:00:00+00:00,17.59,70.35,508.75,786.67,123.95,308.0,1.79,2.0,101320.0
1990-10-05 02:00:00+00:00,19.49,65.85,628.65,785.69,139.6,314.5,2.21,19.0,101360.0
1990-10-05 03:00:00+00:00,20.82,57.45,664.0,714.09,157.0,318.15,2.9,27.0,101300.0
1990-10-05 04:00:00+00:00,21.5,49.95,639.35,637.48,163.9,330.55,3.03,25.0,101240.0
1990-10-05 05:00:00+00:00,21.81,44.95,604.05,641.5,137.35,339.45,3.03,29.0,101170.0
1990-10-05 06:00:00+00:00,21.97,43.4,557.25,660.69,123.65,330.75,3.1,37.0,101120.0
1990-10-05 07:00:00+00:00,22.53,39.05,401.15,545.34,108.3,319.5,3.45,42.0,101030.0
1990-10-05 08:00:00+00:00,22.12,36.3,216.15,371.36,75.85,323.0,3.66,47.0,101060.0
1990-10-05 09:00:00+00:00,20.98,40.1,50.1,124.79,26.45,314.85,2.83,56.0,101100.0
1990-10-05 10:00:00+00:00,19.06,42.7,0.0,0.0,0.0,308.5,2.34,52.0,101200.0
1990-10-05 11:00:00+00:00,17.53,45.55,0.0,0.0,0.0,301.5,2.0,40.0,101270.0
1990-10-05 12:00:00+00:00,15.9,58.45,0.0,0.0,0.0,296.85,1.38,36.0,101360.0
1990-10-05 13:00:00+00:00,16.7,48.9,0.0,0.0,0.0,292.2,0.55,331.0,101420.0
1990-10-05 14:00:00+00:00,13.38,64.65,0.0,0.0,0.0,290.3,1.66,280.0,101450.0
1990-10-05 15:00:00+00:00,11.9,71.85,0.0,0.0,0.0,288.95,2.0,285.0,101450.0
1990-10-05 16:00:00+00:00,11.15,74.45,0.0,0.0,0.0,287.4,1.72,288.0,101440.0
1990-10-05 17:00:00+00:00,11.14,74.45,0.0,0.0,0.0,285.45,1.31,289.0,101420.0
1990-10-05 18:00:00+00:00,11.29,74.45,0.0,0.0,0.0,283.3,1.1,287.0,101420.0
1990-10-05 19:00:00+00:00,11.38,74.45,0.0,0.0,0.0,283.1,1.17,302.0,101390.0
1990-10-05 20:00:00+00:00,12.45,69.35,0.0,0.0,0.0,281.75,0.76,302.0,101430.0
1990-10-05 21:00:00+00:00,12.27,69.35,0.0,0.0,0.0,280.8,0.41,299.0,101430.0
1990-10-05 22:00:00+00:00,12.01,71.85,0.0,0.0,0.0,280.6,0.21,269.0,101480.0
1990-10-05 23:00:00+00:00,11.81,71.85,152.05,722.53,62.35,280.05,0.62,250.0,101520.0
1990-10-06 00:00:00+00:00,12.43,86.2,341.95,777.9,96.25,283.5,0.48,222.0,101550.0
1990-10-06 01:00:00+00:00,16.43,58.6,515.75,820.08,117.55,288.45,1.38,180.0,101570.0
1990-10-06 02:00:00+00:00,18.27,47.55,624.45,764.33,151.65,294.75,2.48,172.0,101570.0
1990-10-06 03:00:00+00:00,19.31,39.8,717.85,822.85,137.05,301.3,3.24,169.0,101490.0
1990-10-06 04:00:00+00:00,20.07,38.5,651.1,619.98,191.45,303.45,3.59,169.0,101380.0
1990-10-06 05:00:00+00:00,20.4,38.5,642.7,660.54,165.25,312.95,3.66,175.0,101290.0
1990-10-06 06:00:00+00:00,20.76,38.65,552.1,647.94,130.05,320.65,3.79,179.0,101180.0
1990-10-06 07:00:00+00:00,21.12,37.35,395.75,547.8,104.35,317.75,4.21,168.0,100980.0
1990-10-06 08:00:00+00:00,20.78,38.65,209.45,359.44,75.5,314.3,4.34,166.0,100930.0
1990-10-06 09:00:00+00:00,19.87,41.45,46.4,115.8,25.05,312.35,3.66,167.0,100920.0
1990-10-06 10:00:00+00:00,18.15,45.85,0.0,0.0,0.0,310.05,3.17,172.0,100950.0
1990-10-06 11:00:00+00:00,16.72,48.9,0.0,0.0,0.0,306.35,2.69,182.0,100960.0
1990-10-06 12:00:00+00:00,15.7,54.35,0.0,0.0,0.0,304.4,2.55,190.0,100990.0
1990-10-06 13:00:00+00:00,14.88,58.25,0.0,0.0,0.0,303.05,2.48,192.0,101020.0
1990-10-06 14:00:00+00:00,14.2,60.3,0.0,0.0,0.0,301.9,2.55,193.0,101010.0
1990-10-06 15:00:00+00:00,13.71,62.45,0.0,0.0,0.0,301.3,2.69,192.0,100960.0
1990-10-06 16:00:00+00:00,13.37,64.65,0.0,0.0,0.0,300.75,2.9,191.0,100890.0
1990-10-06 17:00:00+00:00,13.16,67.05,0.0,0.0,0.0,299.4,2.97,192.0,100810.0
1990-10-06 18:00:00+00:00,12.92,69.45,0.0,0.0,0.0,299.0,2.76,195.0,100760.0
1990-10-06 19:00:00+00:00,12.41,71.95,0.0,0.0,0.0,298.4,1.93,205.0,100700.0
1990-10-06 20:00:00+00:00,11.56,77.3,0.0,0.0,0.0,298.2,1.59,209.0,100720.0
1990-10-06 21:00:00+00:00,11.11,80.1,0.0,0.0,0.0,298.05,1.38,209.0,100710.0
1990-10-06 22:00:00+00:00,10.88,83.0,0.0,0.0,0.0,297.85,1.24,210.0,100770.0
1990-10-06 23:00:00+00:00,10.81,86.05,144.1,687.53,60.9,298.05,1.24,210.0,100790.0
1990-10-07 00:00:00+00:00,13.81,74.85,327.15,741.15,95.55,301.1,1.31,189.0,100820.0
1990-10-07 01:00:00+00:00,16.64,60.85,497.3,789.82,116.65,307.45,2.07,184.0,100830.0
1990-10-07 02:00:00+00:00,18.8,55.05,626.5,809.45,128.95,314.85,2.55,179.0,100830.0
1990-10-07 03:00:00+00:00,20.67,51.65,698.75,802.11,135.95,321.65,2.9,177.0,100740.0
1990-10-07 04:00:00+00:00,22.21,48.45,709.8,780.34,134.75,327.85,3.24,176.0,100690.0
1990-10-07 05:00:00+00:00,23.32,47.0,633.1,652.76,164.35,333.05,3.52,176.0,100600.0
1990-10-07 06:00:00+00:00,23.9,45.5,496.8,470.95,192.35,344.1,3.66,178.0,100530.0
1990-10-07 07:00:00+00:00,23.98,45.5,323.45,282.32,174.7,344.3,3.1,170.0,100490.0
1990-10-07 08:00:00+00:00,23.67,45.5,163.3,161.34,104.0,348.95,3.03,170.0,100470.0
1990-10-07 09:00:00+00:00,22.69,50.3,36.2,36.54,29.65,350.5,2.48,162.0,100490.0
1990-10-07 10:00:00+00:00,21.0,57.45,0.0,0.0,0.0,350.1,2.48,162.0,100540.0
1990-10-07 11:00:00+00:00,19.7,57.3,0.0,0.0,0.0,347.0,2.34,171.0,100580.0
1990-10-07 12:00:00+00:00,18.91,61.3,0.0,0.0,0.0,350.85,2.28,181.0,100630.0
1990-10-07 13:00:00+00:00,18.18,63.4,0.0,0.0,0.0,349.7,2.28,185.0,100680.0
1990-10-07 14:00:00+00:00,17.66,65.55,0.0,0.0,0.0,352.6,2.28,185.0,100690.0
1990-10-07 15:00:00+00:00,17.15,67.85,0.0,0.0,0.0,348.95,2.34,181.0,100670.0
1990-10-07 16:00:00+00:00,16.68,70.2,0.0,0.0,0.0,343.7,2.41,179.0,100650.0
1990-10-07 17:00:00+00:00,16.39,72.65,0.0,0.0,0.0,346.0,2.41,177.0,100640.0
1990-10-07 18:00:00+00:00,15.88,75.15,0.0,0.0,0.0,336.35,2.34,177.0,100630.0
1990-10-07 19:00:00+00:00,15.28,77.8,0.0,0.0,0.0,336.55,1.52,170.0,100630.0
1990-10-07 20:00:00+00:00,14.56,80.55,0.0,0.0,0.0,328.8,1.45,173.0,100640.0
1990-10-07 21:00:00+00:00,14.06,83.4,0.0,0.0,0.0,325.3,1.38,174.0,100650.0
1990-10-07 22:00:00+00:00,13.48,86.3,0.0,0.0,0.0,322.6,1.38,173.0,100690.0
1990-10-07 23:00:00+00:00,13.06,89.4,133.05,587.16,63.85,317.75,1.45,177.0,100710.0
1990-10-08 00:00:00+00:00,15.6,77.85,298.3,618.27,107.2,321.25,1.59,180.0,100730.0
1990-10-08 01:00:00+00:00,17.59,67.95,465.4,695.71,132.65,326.95,1.93,177.0,100790.0
1990-10-08 02:00:00+00:00,19.34,63.6,596.25,743.93,141.9,335.2,2.0,172.0,100790.0
1990-10-08 03:00:00+00:00,20.94,61.6,661.85,707.1,168.7,339.65,2.21,169.0,100740.0
1990-10-08 04:00:00+00:00,22.37,55.8,647.75,590.43,215.3,346.4,2.62,170.0,100680.0
1990-10-08 05:00:00+00:00,23.37,52.25,518.0,401.4,231.65,356.65,2.83,174.0,100600.0
1990-10-08 06:00:00+00:00,23.73,50.55,340.7,140.21,250.75,366.55,3.03,175.0,100510.0
1990-10-08 07:00:00+00:00,23.28,52.25,195.95,64.0,162.55,375.05,2.9,173.0,100460.0
1990-10-08 08:00:00+00:00,22.95,54.0,119.9,44.7,103.7,378.55,2.69,175.0,100450.0
1990-10-08 09:00:00+00:00,22.29,57.75,24.65,20.67,21.05,365.55,2.07,165.0,100450.0
1990-10-08 10:00:00+00:00,21.02,63.8,0.0,0.0,0.0,362.65,2.07,162.0,100490.0
1990-10-08 11:00:00+00:00,20.03,65.95,0.0,0.0,0.0,360.75,1.93,173.0,100540.0
1990-10-08 12:00:00+00:00,19.09,68.2,0.0,0.0,0.0,353.95,1.72,179.0,100590.0
1990-10-08 13:00:00+00:00,18.09,72.95,0.0,0.0,0.0,349.7,1.72,184.0,100620.0
1990-10-08 14:00:00+00:00,17.2,78.1,0.0,0.0,0.0,347.95,1.66,185.0,100650.0
1990-10-08 15:00:00+00:00,16.64,80.8,0.0,0.0,0.0,349.1,1.79,191.0,100630.0
1990-10-08 16:00:00+00:00,16.23,83.6,0.0,0.0,0.0,347.55,1.86,193.0,100620.0
1990-10-08 17:00:00+00:00,15.9,83.55,0.0,0.0,0.0,346.2,1.93,194.0,100580.0
1990-10-08 18:00:00+00:00,15.48,86.5,0.0,0.0,0.0,342.35,1.86,194.0,100580.0
1990-10-08 19:00:00+00:00,15.29,86.5,0.0,0.0,0.0,337.1,1.52,192.0,100590.0
1990-10-08 20:00:00+00:00,14.79,89.5,0.0,0.0,0.0,332.3,1.38,194.0,100570.0
1990-10-08 21:00:00+00:00,14.49,89.5,0.0,0.0,0.0,328.4,1.24,190.0,100580.0
1990-10-08 22:00:00+00:00,14.5,89.5,0.0,0.0,0.0,325.3,1.03,183.0,100590.0
1990-10-08 23:00:00+00:00,14.71,86.45,133.65,647.04,59.45,324.15,0.76,176.0,100650.0
1990-10-09 00:00:00+00:00,16.32,83.6,309.55,702.4,94.85,325.5,0.62,163.0,100710.0
1990-10-09 01:00:00+00:00,18.86,70.55,477.0,761.05,115.8,330.65,0.9,158.0,100770.0
1990-10-09 02:00:00+00:00,20.61,63.8,602.75,778.04,130.65,336.35,1.03,151.0,100780.0
1990-10-09 03:00:00+00:00,22.16,59.8,677.05,778.73,137.25,342.75,1.31,142.0,100750.0
1990-10-09 04:00:00+00:00,23.49,56.0,679.45,730.37,147.8,347.0,1.72,143.0,100710.0
1990-10-09 05:00:00+00:00,24.41,50.7,629.45,695.14,136.85,352.6,2.14,147.0,100630.0
1990-10-09 06:00:00+00:00,24.91,49.05,499.9,575.06,133.8,353.4,2.34,151.0,100540.0
1990-10-09 07:00:00+00:00,24.98,49.05,354.75,459.35,117.35,361.3,2.34,152.0,100520.0
1990-10-09 08:00:00+00:00,24.75,49.05,188.85,314.81,76.35,355.1,2.14,151.0,100510.0
1990-10-09 09:00:00+00:00,24.06,54.2,35.05,80.12,21.5,350.65,1.66,145.0,100520.0
1990-10-09 10:00:00+00:00,22.81,57.9,0.0,0.0,0.0,347.0,1.52,150.0,100570.0
1990-10-09 11:00:00+00:00,21.01,68.4,0.0,0.0,0.0,344.5,1.45,170.0,100630.0
1990-10-09 12:00:00+00:00,19.49,73.15,0.0,0.0,0.0,347.0,1.38,196.0,100690.0
1990-10-09 13:00:00+00:00,18.41,78.25,0.0,0.0,0.0,345.05,1.31,210.0,100760.0
1990-10-09 14:00:00+00:00,17.77,78.15,0.0,0.0,0.0,349.3,1.24,207.0,100800.0
1990-10-09 15:00:00+00:00,17.03,83.65,0.0,0.0,0.0,343.9,1.24,205.0,100790.0
1990-10-09 16:00:00+00:00,16.57,83.65,0.0,0.0,0.0,348.55,1.31,211.0,100810.0
1990-10-09 17:00:00+00:00,16.57,80.8,0.0,0.0,0.0,361.1,1.24,224.0,100820.0
1990-10-09 18:00:00+00:00,16.37,83.6,0.0,0.0,0.0,360.55,1.31,242.0,100840.0
1990-10-09 19:00:00+00:00,16.53,83.6,0.0,0.0,0.0,341.0,0.76,268.0,100830.0
1990-10-09 20:00:00+00:00,16.7,80.8,0.0,0.0,0.0,333.25,0.34,266.0,100840.0
1990-10-09 21:00:00+00:00,16.16,83.6,0.0,0.0,0.0,323.2,0.14,228.0,100850.0
1990-10-09 22:00:00+00:00,15.63,86.5,0.0,0.0,0.0,321.05,0.34,239.0,100870.0
1990-10-09 23:00:00+00:00,15.35,86.5,129.2,634.24,58.5,317.95,0.55,246.0,100920.0
1990-10-10 00:00:00+00:00,16.2,86.55,293.1,682.79,86.75,320.3,0.34,244.0,100990.0
1990-10-10 01:00:00+00:00,19.54,70.65,439.7,666.39,125.9,334.35,0.07,106.0,101040.0
1990-10-10 02:00:00+00:00,21.24,63.9,579.75,735.74,136.25,333.65,0.48,95.0,101070.0
1990-10-10 03:00:00+00:00,22.63,57.9,584.25,625.26,153.5,344.85,0.9,95.0,101020.0
1990-10-10 04:00:00+00:00,23.37,54.1,588.4,554.68,187.15,349.9,1.31,106.0,100960.0
1990-10-10 05:00:00+00:00,23.93,50.55,571.9,542.35,190.15,356.65,1.45,115.0,100890.0
1990-10-10 06:00:00+00:00,24.31,47.25,421.25,402.08,167.25,373.5,1.38,120.0,100810.0
1990-10-10 07:00:00+00:00,24.04,47.15,309.05,358.74,125.45,361.3,1.1,128.0,100770.0
1990-10-10 08:00:00+00:00,23.8,47.15,178.4,284.55,78.15,358.4,1.1,123.0,100730.0
1990-10-10 09:00:00+00:00,23.26,48.7,33.75,77.08,21.1,340.4,1.1,119.0,100740.0
1990-10-10 10:00:00+00:00,21.97,55.65,0.0,0.0,0.0,335.2,1.17,122.0,100750.0
1990-10-10 11:00:00+00:00,20.41,63.7,0.0,0.0,0.0,335.55,0.9,140.0,100790.0
1990-10-10 12:00:00+00:00,19.88,61.5,0.0,0.0,0.0,329.95,0.83,186.0,100800.0
1990-10-10 13:00:00+00:00,18.09,68.05,0.0,0.0,0.0,334.4,1.1,218.0,100860.0
1990-10-10 14:00:00+00:00,16.43,77.95,0.0,0.0,0.0,322.6,1.38,240.0,100860.0
1990-10-10 15:00:00+00:00,14.89,86.45,0.0,0.0,0.0,320.3,1.72,255.0,100850.0
1990-10-10 16:00:00+00:00,13.99,89.45,0.0,0.0,0.0,313.7,1.93,264.0,100850.0
1990-10-10 17:00:00+00:00,13.27,92.65,0.0,0.0,0.0,312.15,1.93,269.0,100860.0
1990-10-10 18:00:00+00:00,12.61,92.6,0.0,0.0,0.0,308.5,1.79,270.0,100860.0
1990-10-10 19:00:00+00:00,12.25,95.95,0.0,0.0,0.0,309.65,1.66,277.0,100830.0
1990-10-10 20:00:00+00:00,11.91,99.4,0.0,0.0,0.0,308.65,1.66,269.0,100770.0
1990-10-10 21:00:00+00:00,11.56,95.9,0.0,0.0,0.0,306.75,1.66,260.0,100800.0
1990-10-10 22:00:00+00:00,11.24,95.9,0.0,0.0,0.0,305.2,1.52,254.0,100800.0
1990-10-10 23:00:00+00:00,11.22,95.9,133.55,699.79,57.8,304.05,1.31,246.0,100810.0
1990-10-11 00:00:00+00:00,14.92,89.5,314.8,742.8,92.9,305.95,0.69,226.0,100850.0
1990-10-11 01:00:00+00:00,19.52,65.85,484.05,792.67,113.75,313.25,1.1,193.0,100880.0
1990-10-11 02:00:00+00:00,21.81,53.75,612.15,810.66,126.75,321.85,2.07,181.0,100900.0
1990-10-11 03:00:00+00:00,23.13,45.35,683.95,803.95,133.55,327.85,2.69,180.0,100850.0
1990-10-11 04:00:00+00:00,24.05,43.9,694.3,779.44,134.0,332.65,2.76,176.0,100780.0
1990-10-11 05:00:00+00:00,24.75,41.15,633.3,715.03,133.4,336.15,2.76,174.0,100720.0
1990-10-11 06:00:00+00:00,25.13,41.15,422.05,398.13,172.5,341.4,2.76,171.0,100640.0
1990-10-11 07:00:00+00:00,24.97,44.15,348.95,480.77,105.3,364.6,2.34,148.0,100690.0
1990-10-11 08:00:00+00:00,24.78,44.15,178.25,311.56,70.05,353.55,2.48,145.0,100680.0
1990-10-11 09:00:00+00:00,23.82,50.55,31.4,76.97,19.15,347.55,1.66,138.0,100740.0
1990-10-11 10:00:00+00:00,22.41,55.8,0.0,0.0,0.0,342.55,1.31,131.0,100770.0
1990-10-11 11:00:00+00:00,20.86,63.8,0.0,0.0,0.0,338.3,0.83,166.0,100860.0
1990-10-11 12:00:00+00:00,18.74,70.55,0.0,0.0,0.0,340.6,1.24,225.0,100910.0
1990-10-11 13:00:00+00:00,17.62,75.45,0.0,0.0,0.0,347.75,1.79,245.0,100990.0
1990-10-11 14:00:00+00:00,16.77,80.8,0.0,0.0,0.0,340.0,1.86,264.0,101010.0
1990-10-11 15:00:00+00:00,16.15,83.6,0.0,0.0,0.0,343.3,1.72,302.0,101030.0
1990-10-11 16:00:00+00:00,16.67,80.8,0.0,0.0,0.0,358.6,2.41,342.0,101080.0
1990-10-11 17:00:00+00:00,17.57,72.8,0.0,0.0,0.0,356.1,4.48,359.0,101160.0
1990-10-11 18:00:00+00:00,17.47,56.75,0.0,0.0,0.0,377.95,6.34,0.0,101260.0
1990-10-11 19:00:00+00:00,17.01,52.65,0.0,0.0,0.0,366.15,6.55,3.0,101400.0
1990-10-11 20:00:00+00:00,15.99,56.35,0.0,0.0,0.0,375.05,6.34,3.0,101470.0
1990-10-11 21:00:00+00:00,15.14,58.35,0.0,0.0,0.0,374.1,5.66,3.0,101560.0
1990-10-11 22:00:00+00:00,14.47,60.3,0.0,0.0,0.0,374.1,5.59,359.0,101670.0
1990-10-11 23:00:00+00:00,14.14,58.1,23.9,0.0,23.9,367.9,5.45,353.0,101720.0
1990-10-12 00:00:00+00:00,14.15,56.0,79.25,19.48,73.5,363.05,5.86,350.0,101800.0
1990-10-12 01:00:00+00:00,14.24,56.0,87.6,10.36,82.8,362.4,6.69,351.0,101900.0
1990-10-12 02:00:00+00:00,13.95,55.9,84.3,3.19,82.4,362.5,6.83,351.0,101960.0
1990-10-12 03:00:00+00:00,13.61,55.9,149.15,0.37,148.9,358.8,6.76,351.0,101960.0
1990-10-12 04:00:00+00:00,13.7,53.85,109.75,0.0,109.75,357.65,7.03,356.0,101950.0
1990-10-12 05:00:00+00:00,13.4,53.7,60.8,0.0,60.8,357.45,6.62,358.0,101920.0
1990-10-12 06:00:00+00:00,12.99,55.65,95.85,15.84,86.0,354.35,6.07,360.0,101900.0
1990-10-12 07:00:00+00:00,12.97,57.75,45.85,2.89,44.4,352.6,5.1,8.0,101930.0
1990-10-12 08:00:00+00:00,12.66,55.65,31.7,0.29,31.6,351.85,4.34,6.0,101940.0
1990-10-12 09:00:00+00:00,12.53,55.65,6.75,0.0,6.75,349.7,3.79,4.0,101940.0
1990-10-12 10:00:00+00:00,12.31,55.5,0.0,0.0,0.0,345.25,3.24,358.0,101940.0
1990-10-12 11:00:00+00:00,12.32,53.5,0.0,0.0,0.0,345.25,2.62,351.0,101930.0
1990-10-12 12:00:00+00:00,12.24,53.5,0.0,0.0,0.0,335.75,2.14,339.0,101920.0
1990-10-12 13:00:00+00:00,12.11,53.5,0.0,0.0,0.0,331.9,1.86,321.0,101930.0
1990-10-12 14:00:00+00:00,11.7,55.4,0.0,0.0,0.0,319.9,2.0,303.0,101890.0
1990-10-12 15:00:00+00:00,11.64,53.35,0.0,0.0,0.0,324.15,2.07,303.0,101840.0
1990-10-12 16:00:00+00:00,11.1,55.3,0.0,0.0,0.0,304.6,2.21,301.0,101800.0
1990-10-12 17:00:00+00:00,10.96,55.15,0.0,0.0,0.0,307.3,2.14,303.0,101760.0
1990-10-12 18:00:00+00:00,10.2,57.15,0.0,0.0,0.0,283.5,2.21,307.0,101740.0
1990-10-12 19:00:00+00:00,8.87,66.25,0.0,0.0,0.0,269.0,2.28,306.0,101690.0
1990-10-12 20:00:00+00:00,8.82,66.25,0.0,0.0,0.0,266.1,2.34,320.0,101640.0
1990-10-12 21:00:00+00:00,8.71,63.8,0.0,0.0,0.0,264.35,2.41,330.0,101680.0
1990-10-12 22:00:00+00:00,8.49,63.8,0.0,0.0,0.0,262.8,2.62,344.0,101690.0
1990-10-12 23:00:00+00:00,8.51,61.45,135.3,769.21,57.05,260.3,2.76,353.0,101710.0
1990-10-13 00:00:00+00:00,10.36,59.35,323.25,791.92,92.25,259.7,2.83,357.0,101760.0
1990-10-13 01:00:00+00:00,12.35,39.4,500.1,849.25,109.8,261.55,3.86,7.0,101790.0
1990-10-13 02:00:00+00:00,13.74,34.1,617.35,787.52,152.2,263.6,3.52,11.0,101780.0
1990-10-13 03:00:00+00:00,14.94,30.6,641.8,609.57,229.75,271.3,3.03,11.0,101730.0
1990-10-13 04:00:00+00:00,15.75,27.45,610.6,461.52,283.05,284.1,2.9,15.0,101640.0
1990-10-13 05:00:00+00:00,16.22,26.5,545.9,392.11,275.5,296.65,2.69,19.0,101510.0
1990-10-13 06:00:00+00:00,16.46,26.5,482.5,484.76,183.4,296.1,2.21,25.0,101390.0
1990-10-13 07:00:00+00:00,16.7,26.65,342.75,403.14,142.45,289.5,1.38,50.0,101280.0
1990-10-13 08:00:00+00:00,16.48,27.6,176.1,282.94,80.65,290.3,1.24,81.0,101240.0
1990-10-13 09:00:00+00:00,15.79,30.85,29.95,80.01,18.0,280.2,1.1,108.0,101250.0
1990-10-13 10:00:00+00:00,14.52,38.45,0.0,0.0,0.0,272.5,0.83,147.0,101260.0
1990-10-13 11:00:00+00:00,12.91,44.35,0.0,0.0,0.0,270.75,0.97,211.0,101290.0
1990-10-13 12:00:00+00:00,10.92,53.1,0.0,0.0,0.0,285.25,1.52,236.0,101290.0
1990-10-13 13:00:00+00:00,10.42,52.95,0.0,0.0,0.0,305.0,1.93,237.0,101300.0
1990-10-13 14:00:00+00:00,10.2,52.95,0.0,0.0,0.0,307.1,1.93,232.0,101260.0
1990-10-13 15:00:00+00:00,9.93,54.9,0.0,0.0,0.0,301.9,2.0,228.0,101230.0
1990-10-13 16:00:00+00:00,9.32,57.05,0.0,0.0,0.0,289.7,2.0,228.0,101200.0
1990-10-13 17:00:00+00:00,8.32,61.3,0.0,0.0,0.0,273.85,2.0,228.0,101150.0
1990-10-13 18:00:00+00:00,7.28,68.5,0.0,0.0,0.0,264.35,1.86,229.0,101130.0
1990-10-13 19:00:00+00:00,6.26,79.5,0.0,0.0,0.0,262.8,1.59,238.0,101100.0
1990-10-13 20:00:00+00:00,5.51,82.5,0.0,0.0,0.0,260.85,1.59,237.0,101050.0
1990-10-13 21:00:00+00:00,4.98,85.6,0.0,0.0,0.0,259.5,1.66,236.0,101030.0
1990-10-13 22:00:00+00:00,4.57,88.85,0.0,0.0,0.0,259.1,1.66,236.0,101060.0
1990-10-13 23:00:00+00:00,4.54,88.85,134.75,794.43,56.55,258.75,1.59,236.0,101030.0
1990-10-14 00:00:00+00:00,8.51,74.15,322.5,802.21,91.35,261.05,1.17,224.0,101050.0
1990-10-14 01:00:00+00:00,14.23,48.25,495.85,842.55,111.85,268.15,1.52,207.0,101090.0
1990-10-14 02:00:00+00:00,16.95,39.15,626.4,856.27,124.15,276.35,2.28,199.0,101070.0
1990-10-14 03:00:00+00:00,18.98,35.45,698.85,846.4,130.4,283.7,2.76,191.0,101020.0
1990-10-14 04:00:00+00:00,20.44,31.95,705.95,814.88,131.35,289.7,3.03,188.0,100940.0
1990-10-14 05:00:00+00:00,21.33,28.8,647.3,760.46,126.5,294.55,3.03,186.0,100830.0
1990-10-14 06:00:00+00:00,21.81,27.85,528.95,675.27,115.6,298.2,3.03,181.0,100720.0
1990-10-14 07:00:00+00:00,21.93,27.85,364.75,543.18,97.55,300.55,2.69,169.0,100600.0
1990-10-14 08:00:00+00:00,21.59,29.9,178.55,334.06,67.5,301.9,2.9,157.0,100540.0
1990-10-14 09:00:00+00:00,20.05,34.45,27.95,77.15,16.8,301.1,2.76,143.0,100550.0
1990-10-14 10:00:00+00:00,17.61,39.4,0.0,0.0,0.0,297.25,3.03,152.0,100570.0
1990-10-14 11:00:00+00:00,16.11,45.3,0.0,0.0,0.0,293.0,3.03,171.0,100600.0
1990-10-14 12:00:00+00:00,15.08,48.55,0.0,0.0,0.0,291.05,2.97,189.0,100610.0
1990-10-14 13:00:00+00:00,14.12,53.95,0.0,0.0,0.0,288.95,2.76,205.0,100610.0
1990-10-14 14:00:00+00:00,13.01,59.95,0.0,0.0,0.0,285.85,2.62,217.0,100570.0
1990-10-14 15:00:00+00:00,11.91,64.35,0.0,0.0,0.0,282.75,2.41,226.0,100540.0
1990-10-14 16:00:00+00:00,10.97,69.1,0.0,0.0,0.0,279.05,2.34,231.0,100500.0
1990-10-14 17:00:00+00:00,10.43,69.0,0.0,0.0,0.0,276.95,2.41,233.0,100440.0
1990-10-14 18:00:00+00:00,10.1,66.45,0.0,0.0,0.0,274.6,2.55,238.0,100400.0
1990-10-14 19:00:00+00:00,9.45,63.9,0.0,0.0,0.0,271.5,2.55,243.0,100360.0
1990-10-14 20:00:00+00:00,9.28,63.9,0.0,0.0,0.0,270.55,2.69,245.0,100320.0
1990-10-14 21:00:00+00:00,9.27,61.55,0.0,0.0,0.0,271.1,2.76,249.0,100300.0
1990-10-14 22:00:00+00:00,9.36,59.25,0.0,0.0,0.0,271.9,2.9,255.0,100320.0
1990-10-14 23:00:00+00:00,9.76,59.25,132.15,803.18,55.75,272.3,3.03,262.0,100350.0
1990-10-15 00:00:00+00:00,12.58,51.65,320.85,808.27,90.85,273.25,2.69,266.0,100410.0
1990-10-15 01:00:00+00:00,17.62,45.7,495.95,851.61,111.1,278.0,2.48,267.0,100480.0
1990-10-15 02:00:00+00:00,22.07,31.15,627.1,864.73,123.45,286.8,2.62,272.0,100490.0
1990-10-15 03:00:00+00:00,23.48,21.65,698.65,852.69,129.7,293.95,3.66,310.0,100520.0
1990-10-15 04:00:00+00:00,24.19,19.55,705.05,821.0,129.9,298.6,3.86,329.0,100500.0
1990-10-15 05:00:00+00:00,24.6,18.8,643.0,751.96,131.6,301.3,3.72,338.0,100420.0
1990-10-15 06:00:00+00:00,24.76,18.2,527.9,681.02,114.35,303.85,3.52,341.0,100370.0
1990-10-15 07:00:00+00:00,24.69,18.2,362.95,547.94,96.1,303.65,2.9,351.0,100320.0
1990-10-15 08:00:00+00:00,24.13,21.8,175.5,333.85,66.15,303.85,2.07,12.0,100360.0
1990-10-15 09:00:00+00:00,22.49,27.95,26.05,71.21,16.1,302.5,1.93,41.0,100420.0
1990-10-15 10:00:00+00:00,20.34,30.75,0.0,0.0,0.0,298.4,2.34,43.0,100500.0
1990-10-15 11:00:00+00:00,18.37,32.75,0.0,0.0,0.0,301.7,2.21,25.0,100600.0
1990-10-15 12:00:00+00:00,16.93,36.3,0.0,0.0,0.0,309.65,2.41,358.0,100720.0
1990-10-15 13:00:00+00:00,15.58,38.85,0.0,0.0,0.0,304.05,2.55,344.0,100810.0
1990-10-15 14:00:00+00:00,14.51,43.1,0.0,0.0,0.0,302.65,2.48,341.0,100890.0
1990-10-15 15:00:00+00:00,13.57,42.95,0.0,0.0,0.0,299.0,2.28,345.0,100960.0
1990-10-15 16:00:00+00:00,12.53,46.1,0.0,0.0,0.0,291.25,2.07,349.0,101020.0
1990-10-15 17:00:00+00:00,11.61,49.45,0.0,0.0,0.0,288.15,1.86,348.0,101050.0
1990-10-15 18:00:00+00:00,10.98,51.1,0.0,0.0,0.0,284.3,1.79,341.0,101100.0
1990-10-15 19:00:00+00:00,10.19,49.05,0.0,0.0,0.0,278.65,1.86,347.0,101160.0
1990-10-15 20:00:00+00:00,10.36,49.05,0.0,0.0,0.0,276.15,1.52,338.0,101180.0
1990-10-15 21:00:00+00:00,10.49,49.05,0.0,0.0,0.0,269.95,1.31,307.0,101240.0
1990-10-15 22:00:00+00:00,9.32,52.85,0.0,0.0,0.0,263.95,1.52,286.0,101290.0
1990-10-15 23:00:00+00:00,8.41,61.3,128.95,770.8,58.2,262.6,1.72,273.0,101320.0
1990-10-16 00:00:00+00:00,11.58,55.4,316.6,791.95,94.1,262.8,0.9,249.0,101360.0
1990-10-16 01:00:00+00:00,16.0,33.35,493.6,853.96,111.0,265.45,1.59,210.0,101430.0
1990-10-16 02:00:00+00:00,17.72,23.0,623.0,860.03,125.65,269.75,2.83,199.0,101400.0
1990-10-16 03:00:00+00:00,19.07,21.5,697.75,862.18,126.25,274.4,3.31,195.0,101360.0
1990-10-16 04:00:00+00:00,20.24,20.9,693.1,782.74,148.35,279.65,3.72,190.0,101270.0
1990-10-16 05:00:00+00:00,21.05,20.25,595.9,591.19,196.65,287.2,4.14,189.0,101130.0
1990-10-16 06:00:00+00:00,21.43,20.35,502.25,588.98,147.45,300.75,4.55,189.0,101010.0
1990-10-16 07:00:00+00:00,21.68,20.5,335.75,433.6,126.7,294.95,5.17,188.0,100900.0
1990-10-16 08:00:00+00:00,21.26,22.0,157.45,225.28,84.75,300.35,4.97,183.0,100860.0
1990-10-16 09:00:00+00:00,19.98,25.4,23.0,44.81,16.95,305.95,4.55,179.0,100810.0
1990-10-16 10:00:00+00:00,18.27,28.1,0.0,0.0,0.0,296.85,4.48,185.0,100830.0
1990-10-16 11:00:00+00:00,17.16,30.1,0.0,0.0,0.0,290.3,4.41,193.0,100870.0
1990-10-16 12:00:00+00:00,16.43,33.5,0.0,0.0,0.0,289.1,4.34,199.0,100890.0
1990-10-16 13:00:00+00:00,15.77,36.0,0.0,0.0,0.0,288.35,4.07,204.0,100870.0
1990-10-16 14:00:00+00:00,15.13,38.7,0.0,0.0,0.0,287.4,3.79,207.0,100820.0
1990-10-16 15:00:00+00:00,14.37,43.1,0.0,0.0,0.0,286.4,3.38,208.0,100780.0
1990-10-16 16:00:00+00:00,13.42,48.0,0.0,0.0,0.0,284.85,2.97,212.0,100750.0
1990-10-16 17:00:00+00:00,12.41,51.5,0.0,0.0,0.0,282.95,2.69,216.0,100710.0
1990-10-16 18:00:00+00:00,11.5,57.4,0.0,0.0,0.0,281.4,2.48,221.0,100690.0
1990-10-16 19:00:00+00:00,10.62,59.5,0.0,0.0,0.0,279.85,2.21,230.0,100610.0
1990-10-16 20:00:00+00:00,9.97,63.9,0.0,0.0,0.0,278.5,2.07,232.0,100610.0
1990-10-16 21:00:00+00:00,9.39,63.9,0.0,0.0,0.0,278.3,2.0,233.0,100570.0
1990-10-16 22:00:00+00:00,8.95,66.25,0.0,0.0,0.0,278.3,2.0,234.0,100600.0
1990-10-16 23:00:00+00:00,8.75,68.8,122.7,780.81,53.65,278.85,1.93,235.0,100580.0
1990-10-17 00:00:00+00:00,11.58,64.35,304.6,776.72,89.2,282.15,1.59,232.0,100600.0
1990-10-17 01:00:00+00:00,16.79,50.75,474.35,820.7,109.85,289.45,1.45,220.0,100620.0
1990-10-17 02:00:00+00:00,20.82,41.55,602.35,836.05,122.35,299.55,1.59,209.0,100600.0
1990-10-17 03:00:00+00:00,23.75,34.1,673.45,828.01,128.25,308.85,1.86,198.0,100560.0
1990-10-17 04:00:00+00:00,25.74,28.9,679.9,797.21,128.75,317.4,2.34,190.0,100500.0
1990-10-17 05:00:00+00:00,26.92,25.2,621.6,742.19,123.9,323.0,2.9,190.0,100400.0
1990-10-17 06:00:00+00:00,27.38,23.5,506.2,657.92,113.05,326.3,3.24,188.0,100310.0
1990-10-17 07:00:00+00:00,27.35,21.8,344.05,522.65,94.6,326.85,3.52,188.0,100280.0
1990-10-17 08:00:00+00:00,26.52,26.95,161.8,308.26,63.8,327.25,3.17,178.0,100250.0
1990-10-17 09:00:00+00:00,24.44,33.0,21.5,59.46,13.75,325.3,3.24,173.0,100260.0
1990-10-17 10:00:00+00:00,21.92,38.9,0.0,0.0,0.0,320.3,3.31,180.0,100300.0
1990-10-17 11:00:00+00:00,20.36,44.6,0.0,0.0,0.0,317.4,3.17,196.0,100350.0
1990-10-17 12:00:00+00:00,19.11,47.8,0.0,0.0,0.0,315.25,2.9,211.0,100420.0
1990-10-17 13:00:00+00:00,17.62,54.85,0.0,0.0,0.0,312.75,2.55,224.0,100430.0
1990-10-17 14:00:00+00:00,15.84,62.85,0.0,0.0,0.0,309.05,2.07,234.0,100450.0
1990-10-17 15:00:00+00:00,14.24,72.3,0.0,0.0,0.0,306.15,1.86,234.0,100460.0
1990-10-17 16:00:00+00:00,13.1,77.5,0.0,0.0,0.0,303.65,1.72,234.0,100470.0
1990-10-17 17:00:00+00:00,12.15,80.2,0.0,0.0,0.0,301.9,1.59,236.0,100450.0
1990-10-17 18:00:00+00:00,11.33,86.1,0.0,0.0,0.0,300.55,1.52,237.0,100450.0
1990-10-17 19:00:00+00:00,10.88,86.05,0.0,0.0,0.0,299.6,1.52,232.0,100400.0
1990-10-17 20:00:00+00:00,10.23,89.2,0.0,0.0,0.0,298.6,1.38,231.0,100380.0
1990-10-17 21:00:00+00:00,9.86,92.45,0.0,0.0,0.0,297.25,1.24,229.0,100420.0
1990-10-17 22:00:00+00:00,10.14,89.2,0.0,0.0,0.0,305.75,1.03,228.0,100450.0
1990-10-17 23:00:00+00:00,10.32,89.2,107.7,498.47,65.3,304.6,0.97,231.0,100480.0
1990-10-18 00:00:00+00:00,13.24,77.5,285.65,685.32,98.1,304.2,0.69,218.0,100530.0
1990-10-18 01:00:00+00:00,17.83,56.85,452.9,758.84,118.85,307.45,0.69,192.0,100610.0
1990-10-18 02:00:00+00:00,20.55,49.7,580.4,803.14,122.65,312.75,1.1,177.0,100600.0
1990-10-18 03:00:00+00:00,22.68,43.65,657.85,813.79,125.6,319.5,1.52,175.0,100580.0
1990-10-18 04:00:00+00:00,24.37,39.55,651.6,737.25,145.3,325.1,2.07,174.0,100510.0
1990-10-18 05:00:00+00:00,25.47,37.1,589.75,658.64,151.2,331.3,2.76,174.0,100420.0
1990-10-18 06:00:00+00:00,25.99,34.65,441.45,450.19,174.6,339.05,3.45,175.0,100320.0
1990-10-18 07:00:00+00:00,25.96,32.25,322.05,458.87,105.25,350.5,4.07,175.0,100270.0
1990-10-18 08:00:00+00:00,25.46,33.3,141.95,212.51,75.4,338.5,3.86,175.0,100240.0
1990-10-18 09:00:00+00:00,23.93,38.05,18.45,30.23,14.65,337.3,3.1,175.0,100280.0
1990-10-18 10:00:00+00:00,21.74,43.4,0.0,0.0,0.0,337.7,2.83,182.0,100310.0
1990-10-18 11:00:00+00:00,20.29,47.9,0.0,0.0,0.0,335.4,2.69,193.0,100350.0
1990-10-18 12:00:00+00:00,19.43,51.4,0.0,0.0,0.0,344.65,2.55,202.0,100360.0
1990-10-18 13:00:00+00:00,18.61,53.15,0.0,0.0,0.0,342.95,2.34,207.0,100380.0
1990-10-18 14:00:00+00:00,17.7,58.9,0.0,0.0,0.0,336.55,2.28,205.0,100390.0
1990-10-18 15:00:00+00:00,17.11,63.2,0.0,0.0,0.0,341.75,2.21,198.0,100380.0
1990-10-18 16:00:00+00:00,16.78,65.35,0.0,0.0,0.0,345.45,2.34,188.0,100340.0
1990-10-18 17:00:00+00:00,16.52,67.65,0.0,0.0,0.0,343.3,2.48,184.0,100260.0
1990-10-18 18:00:00+00:00,16.27,70.1,0.0,0.0,0.0,341.55,2.41,189.0,100220.0
1990-10-18 19:00:00+00:00,16.5,67.65,0.0,0.0,0.0,348.55,2.55,184.0,100170.0
1990-10-18 20:00:00+00:00,16.61,67.75,0.0,0.0,0.0,360.35,3.1,184.0,100160.0
1990-10-18 21:00:00+00:00,16.6,70.2,0.0,0.0,0.0,362.85,3.59,193.0,100160.0
1990-10-18 22:00:00+00:00,16.06,77.95,0.0,0.0,0.0,363.65,3.17,200.0,100190.0
1990-10-18 23:00:00+00:00,15.71,83.55,32.5,99.18,24.4,359.0,2.41,185.0,100170.0
1990-10-19 00:00:00+00:00,16.04,86.5,88.55,37.41,78.45,365.55,2.28,181.0,100220.0
1990-10-19 01:00:00+00:00,16.89,80.8,218.05,131.23,160.8,368.4,2.76,176.0,100290.0
1990-10-19 02:00:00+00:00,18.36,72.95,504.3,575.34,178.8,371.75,3.52,178.0,100260.0
1990-10-19 03:00:00+00:00,20.67,63.8,533.15,502.38,206.8,345.25,3.72,183.0,100240.0
1990-10-19 04:00:00+00:00,22.01,59.7,605.55,655.88,158.15,351.45,3.52,183.0,100150.0
1990-10-19 05:00:00+00:00,23.15,52.25,562.2,625.61,148.6,348.55,3.24,182.0,100030.0
1990-10-19 06:00:00+00:00,23.83,50.55,338.65,271.87,178.8,355.1,3.03,180.0,99970.0
1990-10-19 07:00:00+00:00,22.86,54.0,260.0,289.62,124.55,383.4,2.07,160.0,99960.0
1990-10-19 08:00:00+00:00,22.66,54.0,122.95,118.16,86.5,363.65,1.93,147.0,99980.0
1990-10-19 09:00:00+00:00,21.87,57.65,15.65,15.27,13.8,350.3,1.38,140.0,100040.0
1990-10-19 10:00:00+00:00,20.63,63.8,0.0,0.0,0.0,339.25,1.17,135.0,100110.0
1990-10-19 11:00:00+00:00,19.11,68.2,0.0,0.0,0.0,344.65,1.03,151.0,100180.0
1990-10-19 12:00:00+00:00,17.61,75.45,0.0,0.0,0.0,341.4,1.17,182.0,100220.0
1990-10-19 13:00:00+00:00,16.29,83.6,0.0,0.0,0.0,334.4,1.38,197.0,100240.0
1990-10-19 14:00:00+00:00,15.56,86.5,0.0,0.0,0.0,334.6,1.31,208.0,100270.0
1990-10-19 15:00:00+00:00,15.1,89.55,0.0,0.0,0.0,330.55,1.1,214.0,100280.0
1990-10-19 16:00:00+00:00,15.02,92.7,0.0,0.0,0.0,332.5,0.9,223.0,100280.0
1990-10-19 17:00:00+00:00,14.88,89.5,0.0,0.0,0.0,330.35,0.76,231.0,100270.0
1990-10-19 18:00:00+00:00,14.92,89.5,0.0,0.0,0.0,334.0,0.62,252.0,100290.0
1990-10-19 19:00:00+00:00,13.7,92.65,0.0,0.0,0.0,320.65,0.9,293.0,100340.0
1990-10-19 20:00:00+00:00,13.04,92.65,0.0,0.0,0.0,325.1,1.1,293.0,100300.0
1990-10-19 21:00:00+00:00,12.81,95.95,0.0,0.0,0.0,331.5,1.1,291.0,100340.0
1990-10-19 22:00:00+00:00,12.57,95.95,0.0,0.0,0.0,335.95,1.1,291.0,100360.0
1990-10-19 23:00:00+00:00,12.62,95.95,62.7,56.23,58.3,339.85,0.97,293.0,100390.0
1990-10-20 00:00:00+00:00,14.43,92.7,172.3,117.54,141.0,348.55,0.62,321.0,100430.0
1990-10-20 01:00:00+00:00,16.67,80.8,323.45,244.27,217.85,347.3,0.48,12.0,100490.0
1990-10-20 02:00:00+00:00,18.59,70.55,410.1,237.2,276.9,355.1,0.76,64.0,100490.0
1990-10-20 03:00:00+00:00,20.0,65.95,526.65,377.96,282.8,347.75,1.31,70.0,100470.0
1990-10-20 04:00:00+00:00,21.28,61.7,463.4,216.15,316.95,349.5,1.59,78.0,100450.0
1990-10-20 05:00:00+00:00,21.8,59.7,355.2,104.51,286.6,363.65,1.79,70.0,100380.0
1990-10-20 06:00:00+00:00,21.87,59.7,179.85,35.67,159.05,362.85,2.14,64.0,100320.0
1990-10-20 07:00:00+00:00,20.82,61.6,87.6,0.32,87.45,380.85,2.83,58.0,100370.0
1990-10-20 08:00:00+00:00,20.39,63.7,35.9,0.0,35.9,380.65,2.62,65.0,100410.0
1990-10-20 09:00:00+00:00,19.86,63.7,4.4,0.0,4.4,383.95,1.86,72.0,100470.0
1990-10-20 10:00:00+00:00,19.24,65.85,0.0,0.0,0.0,380.3,1.45,63.0,100580.0
1990-10-20 11:00:00+00:00,18.72,70.55,0.0,0.0,0.0,380.1,1.66,38.0,100650.0
1990-10-20 12:00:00+00:00,18.27,72.95,0.0,0.0,0.0,378.95,1.72,26.0,100690.0
1990-10-20 13:00:00+00:00,17.82,75.45,0.0,0.0,0.0,373.3,1.93,27.0,100790.0
1990-10-20 14:00:00+00:00,17.56,78.1,0.0,0.0,0.0,376.8,2.0,25.0,100800.0
1990-10-20 15:00:00+00:00,17.33,78.1,0.0,0.0,0.0,375.05,2.07,19.0,100860.0
1990-10-20 16:00:00+00:00,17.15,78.1,0.0,0.0,0.0,376.8,2.14,23.0,100860.0
1990-10-20 17:00:00+00:00,16.87,80.8,0.0,0.0,0.0,373.1,2.48,31.0,100880.0
1990-10-20 18:00:00+00:00,16.56,83.6,0.0,0.0,0.0,380.65,2.76,39.0,100910.0
1990-10-20 19:00:00+00:00,15.91,83.55,0.0,0.0,0.0,376.6,2.48,30.0,100910.0
1990-10-20 20:00:00+00:00,15.66,86.5,0.0,0.0,0.0,378.35,2.48,34.0,100900.0
1990-10-20 21:00:00+00:00,15.46,89.55,0.0,0.0,0.0,380.1,2.62,40.0,100940.0
1990-10-20 22:00:00+00:00,15.27,86.5,0.0,0.0,0.0,383.0,2.97,47.0,101000.0
1990-10-20 23:00:00+00:00,14.98,86.45,11.2,0.0,11.2,381.25,3.1,54.0,101070.0
1990-10-21 00:00:00+00:00,14.78,83.45,30.35,0.0,30.35,381.65,3.03,55.0,101160.0
1990-10-21 01:00:00+00:00,14.62,77.75,22.6,0.0,22.6,382.15,3.03,49.0,101260.0
1990-10-21 02:00:00+00:00,14.38,74.95,103.6,0.0,103.6,381.05,2.69,37.0,101320.0
1990-10-21 03:00:00+00:00,14.68,67.35,231.05,144.29,138.6,378.15,2.9,25.0,101330.0
1990-10-21 04:00:00+00:00,15.5,65.05,224.75,110.56,150.35,366.95,2.97,18.0,101320.0
1990-10-21 05:00:00+00:00,15.85,58.45,258.95,151.91,159.95,366.55,2.9,15.0,101230.0
1990-10-21 06:00:00+00:00,16.33,56.5,178.65,53.59,147.65,363.25,2.62,18.0,101160.0
1990-10-21 07:00:00+00:00,16.78,60.85,132.35,9.6,127.95,375.05,1.31,40.0,101080.0
1990-10-21 08:00:00+00:00,16.94,58.7,75.4,56.31,58.55,374.45,0.83,46.0,101080.0
1990-10-21 09:00:00+00:00,16.78,58.7,9.95,16.04,8.15,363.45,0.48,49.0,101070.0
1990-10-21 10:00:00+00:00,16.23,62.95,0.0,0.0,0.0,353.55,0.55,360.0,101080.0
1990-10-21 11:00:00+00:00,15.29,67.45,0.0,0.0,0.0,320.3,0.69,337.0,101140.0
1990-10-21 12:00:00+00:00,14.67,69.85,0.0,0.0,0.0,328.2,0.55,329.0,101170.0
1990-10-21 13:00:00+00:00,14.47,72.3,0.0,0.0,0.0,334.0,0.41,344.0,101200.0
1990-10-21 14:00:00+00:00,14.33,72.3,0.0,0.0,0.0,328.2,0.14,326.0,101200.0
1990-10-21 15:00:00+00:00,14.03,74.85,0.0,0.0,0.0,332.65,0.0,96.0,101200.0
1990-10-21 16:00:00+00:00,13.46,77.5,0.0,0.0,0.0,326.5,0.34,125.0,101160.0
1990-10-21 17:00:00+00:00,12.56,80.3,0.0,0.0,0.0,328.2,0.76,150.0,101160.0
1990-10-21 18:00:00+00:00,11.48,89.3,0.0,0.0,0.0,325.5,1.17,159.0,101150.0
1990-10-21 19:00:00+00:00,10.92,92.5,0.0,0.0,0.0,310.8,1.17,167.0,101080.0
1990-10-21 20:00:00+00:00,10.44,92.5,0.0,0.0,0.0,301.7,1.24,158.0,101070.0
1990-10-21 21:00:00+00:00,10.05,92.5,0.0,0.0,0.0,295.5,1.17,159.0,101060.0
1990-10-21 22:00:00+00:00,9.81,92.45,0.0,0.0,0.0,300.75,1.17,159.0,101060.0
1990-10-21 23:00:00+00:00,9.52,92.45,95.3,686.47,46.3,296.65,1.17,164.0,101070.0
1990-10-22 00:00:00+00:00,11.17,89.3,270.3,701.53,88.7,295.9,1.17,161.0,101110.0
1990-10-22 01:00:00+00:00,14.39,72.3,435.55,768.84,109.3,294.45,1.93,163.0,101150.0
1990-10-22 02:00:00+00:00,16.58,63.05,555.6,782.71,122.7,301.9,2.55,169.0,101130.0
1990-10-22 03:00:00+00:00,18.49,59.05,621.35,774.47,128.55,312.75,2.9,172.0,101050.0
1990-10-22 04:00:00+00:00,20.04,55.3,633.55,750.96,131.65,315.45,3.1,174.0,100960.0
1990-10-22 05:00:00+00:00,21.26,53.6,573.65,686.39,129.55,320.65,3.17,176.0,100830.0
1990-10-22 06:00:00+00:00,22.09,51.9,443.05,552.93,125.8,326.3,3.1,176.0,100740.0
1990-10-22 07:00:00+00:00,21.65,53.75,297.75,440.59,97.9,329.95,3.17,171.0,100720.0
1990-10-22 08:00:00+00:00,21.62,55.65,127.55,210.39,65.55,328.8,3.1,175.0,100680.0
1990-10-22 09:00:00+00:00,20.79,59.5,12.65,29.2,9.5,335.4,2.34,165.0,100660.0
1990-10-22 10:00:00+00:00,18.83,65.75,0.0,0.0,0.0,327.85,2.62,164.0,100630.0
1990-10-22 11:00:00+00:00,17.69,70.35,0.0,0.0,0.0,320.1,2.21,184.0,100640.0
1990-10-22 12:00:00+00:00,16.74,75.3,0.0,0.0,0.0,322.05,1.93,205.0,100670.0
1990-10-22 13:00:00+00:00,15.65,80.65,0.0,0.0,0.0,318.75,1.93,208.0,100670.0
1990-10-22 14:00:00+00:00,14.67,86.45,0.0,0.0,0.0,315.85,2.07,205.0,100630.0
1990-10-22 15:00:00+00:00,14.12,89.5,0.0,0.0,0.0,316.05,2.28,203.0,100580.0
1990-10-22 16:00:00+00:00,13.83,89.45,0.0,0.0,0.0,314.65,2.41,206.0,100530.0
1990-10-22 17:00:00+00:00,13.35,92.65,0.0,0.0,0.0,311.2,2.14,213.0,100480.0
1990-10-22 18:00:00+00:00,12.52,95.95,0.0,0.0,0.0,308.5,1.66,225.0,100450.0
1990-10-22 19:00:00+00:00,11.52,95.9,0.0,0.0,0.0,305.0,1.1,235.0,100450.0
1990-10-22 20:00:00+00:00,11.04,95.9,0.0,0.0,0.0,303.45,1.1,239.0,100400.0
1990-10-22 21:00:00+00:00,10.75,95.9,0.0,0.0,0.0,301.3,0.97,232.0,100360.0
1990-10-22 22:00:00+00:00,10.33,95.9,0.0,0.0,0.0,299.4,0.97,228.0,100360.0
1990-10-22 23:00:00+00:00,9.96,99.4,99.65,753.11,48.5,298.05,1.03,226.0,100350.0
1990-10-23 00:00:00+00:00,12.35,92.6,270.05,715.17,87.6,298.6,0.76,206.0,100380.0
1990-10-23 01:00:00+00:00,16.29,72.65,434.5,773.31,109.45,303.95,0.83,185.0,100400.0
1990-10-23 02:00:00+00:00,18.87,61.3,559.8,797.6,122.05,311.55,1.31,171.0,100380.0
1990-10-23 03:00:00+00:00,21.12,55.55,629.75,793.76,128.2,319.3,2.0,168.0,100300.0
1990-10-23 04:00:00+00:00,23.1,52.1,635.9,763.98,128.8,325.7,2.62,172.0,100220.0
1990-10-23 05:00:00+00:00,24.63,47.25,576.8,706.08,123.25,332.1,3.1,178.0,100080.0
1990-10-23 06:00:00+00:00,25.68,44.45,461.0,612.64,112.35,337.5,3.52,179.0,99980.0
1990-10-23 07:00:00+00:00,25.34,45.9,295.4,462.49,87.75,340.0,3.59,177.0,99960.0
1990-10-23 08:00:00+00:00,25.16,47.5,131.55,250.68,58.8,343.9,3.59,175.0,99930.0
1990-10-23 09:00:00+00:00,23.68,52.35,12.3,30.89,9.1,341.2,3.17,169.0,99920.0
1990-10-23 10:00:00+00:00,21.52,61.7,0.0,0.0,0.0,335.95,3.03,179.0,99950.0
1990-10-23 11:00:00+00:00,20.13,65.95,0.0,0.0,0.0,329.0,2.9,194.0,99980.0
1990-10-23 12:00:00+00:00,19.03,70.55,0.0,0.0,0.0,325.3,2.76,204.0,99980.0
1990-10-23 13:00:00+00:00,17.83,75.45,0.0,0.0,0.0,319.7,2.62,213.0,99980.0
1990-10-23 14:00:00+00:00,16.59,78.0,0.0,0.0,0.0,313.9,2.48,219.0,99980.0
1990-10-23 15:00:00+00:00,15.6,77.85,0.0,0.0,0.0,308.65,2.41,223.0,99950.0
1990-10-23 16:00:00+00:00,14.87,80.55,0.0,0.0,0.0,305.0,2.41,225.0,99930.0
1990-10-23 17:00:00+00:00,14.25,77.65,0.0,0.0,0.0,302.65,2.41,229.0,99880.0
1990-10-23 18:00:00+00:00,13.65,77.6,0.0,0.0,0.0,300.75,2.34,232.0,99870.0
1990-10-23 19:00:00+00:00,12.08,86.2,0.0,0.0,0.0,299.75,1.45,238.0,99920.0
1990-10-23 20:00:00+00:00,11.19,89.3,0.0,0.0,0.0,299.4,1.45,237.0,99890.0
1990-10-23 21:00:00+00:00,10.45,95.9,0.0,0.0,0.0,298.4,1.38,235.0,99870.0
1990-10-23 22:00:00+00:00,9.93,95.85,0.0,0.0,0.0,297.25,1.38,233.0,99890.0
1990-10-23 23:00:00+00:00,9.67,95.85,96.95,745.64,48.9,297.65,1.31,232.0,99910.0
1990-10-24 00:00:00+00:00,12.37,89.35,265.25,692.25,91.25,301.3,1.1,227.0,99960.0
1990-10-24 01:00:00+00:00,17.56,65.45,430.6,758.93,114.65,309.35,1.17,209.0,100000.0
1990-10-24 02:00:00+00:00,21.26,51.75,561.2,810.44,119.85,315.45,1.66,195.0,100000.0
1990-10-24 03:00:00+00:00,24.28,44.05,630.4,803.77,126.1,321.85,2.28,190.0,99940.0
1990-10-24 04:00:00+00:00,26.58,38.7,636.55,774.21,126.2,330.15,2.83,190.0,99890.0
1990-10-24 05:00:00+00:00,28.02,33.95,573.1,703.92,124.2,336.55,3.31,193.0,99770.0
1990-10-24 06:00:00+00:00,28.87,31.85,450.5,587.47,118.9,343.7,3.66,193.0,99700.0
1990-10-24 07:00:00+00:00,28.58,34.1,302.5,474.1,91.8,343.5,3.59,185.0,99680.0
1990-10-24 08:00:00+00:00,27.89,37.75,128.65,248.79,57.55,345.25,3.31,176.0,99650.0
1990-10-24 09:00:00+00:00,25.84,42.9,11.5,29.69,8.55,341.2,3.66,175.0,99690.0
1990-10-24 10:00:00+00:00,23.62,48.7,0.0,0.0,0.0,335.55,4.07,186.0,99740.0
1990-10-24 11:00:00+00:00,22.24,52.0,0.0,0.0,0.0,331.3,4.07,196.0,99800.0
1990-10-24 12:00:00+00:00,20.88,57.45,0.0,0.0,0.0,327.25,3.59,206.0,99850.0
1990-10-24 13:00:00+00:00,19.53,61.4,0.0,0.0,0.0,322.05,3.24,213.0,99890.0
1990-10-24 14:00:00+00:00,18.34,63.4,0.0,0.0,0.0,317.2,3.03,217.0,99920.0
1990-10-24 15:00:00+00:00,17.25,67.85,0.0,0.0,0.0,313.1,2.83,220.0,99940.0
1990-10-24 16:00:00+00:00,16.22,70.1,0.0,0.0,0.0,309.45,2.62,221.0,99930.0
1990-10-24 17:00:00+00:00,15.33,72.45,0.0,0.0,0.0,306.75,2.48,222.0,99890.0
1990-10-24 18:00:00+00:00,14.62,75.0,0.0,0.0,0.0,304.05,2.41,222.0,99880.0
1990-10-24 19:00:00+00:00,13.76,80.4,0.0,0.0,0.0,303.65,2.14,221.0,99850.0
1990-10-24 20:00:00+00:00,13.11,80.35,0.0,0.0,0.0,302.5,1.93,222.0,99830.0
1990-10-24 21:00:00+00:00,12.39,86.2,0.0,0.0,0.0,300.95,1.72,223.0,99800.0
1990-10-24 22:00:00+00:00,11.6,89.3,0.0,0.0,0.0,299.75,1.52,225.0,99850.0
1990-10-24 23:00:00+00:00,10.96,95.9,96.7,820.35,46.7,299.4,1.45,224.0,99850.0
1990-10-25 00:00:00+00:00,13.44,86.3,267.5,734.92,85.55,300.35,1.1,216.0,99940.0
1990-10-25 01:00:00+00:00,18.46,63.4,431.65,787.33,107.05,307.05,1.31,196.0,99990.0
1990-10-25 02:00:00+00:00,21.75,51.9,555.75,806.74,119.85,316.2,1.59,184.0,99990.0
1990-10-25 03:00:00+00:00,24.27,44.05,624.1,799.3,126.15,324.95,2.07,180.0,99980.0
1990-10-25 04:00:00+00:00,26.22,40.1,629.65,768.76,126.4,332.65,2.55,177.0,99920.0
1990-10-25 05:00:00+00:00,27.64,37.6,571.5,711.5,121.05,339.25,3.1,178.0,99850.0
1990-10-25 06:00:00+00:00,28.39,36.6,455.1,616.85,109.75,343.7,3.52,179.0,99770.0
1990-10-25 07:00:00+00:00,28.25,36.6,297.7,472.48,89.85,346.4,3.52,178.0,99750.0
1990-10-25 08:00:00+00:00,27.6,41.8,125.7,248.02,55.9,347.55,3.03,172.0,99740.0
1990-10-25 09:00:00+00:00,25.69,46.0,10.25,25.74,7.8,345.05,2.97,171.0,99780.0
1990-10-25 10:00:00+00:00,23.3,54.1,0.0,0.0,0.0,339.25,3.03,182.0,99840.0
1990-10-25 11:00:00+00:00,21.81,61.85,0.0,0.0,0.0,335.0,2.9,194.0,99890.0
1990-10-25 12:00:00+00:00,20.59,68.3,0.0,0.0,0.0,331.5,2.62,203.0,99930.0
1990-10-25 13:00:00+00:00,19.23,68.2,0.0,0.0,0.0,328.6,2.34,212.0,99960.0
1990-10-25 14:00:00+00:00,17.82,75.45,0.0,0.0,0.0,325.1,2.07,221.0,99990.0
1990-10-25 15:00:00+00:00,16.42,83.6,0.0,0.0,0.0,322.6,1.79,227.0,99990.0
1990-10-25 16:00:00+00:00,15.29,89.55,0.0,0.0,0.0,321.05,1.59,231.0,100020.0
1990-10-25 17:00:00+00:00,14.24,92.7,0.0,0.0,0.0,319.9,1.17,241.0,100040.0
1990-10-25 18:00:00+00:00,14.27,89.5,0.0,0.0,0.0,318.55,0.83,284.0,100060.0
1990-10-25 19:00:00+00:00,13.29,92.65,0.0,0.0,0.0,316.6,1.66,340.0,100120.0
1990-10-25 20:00:00+00:00,13.37,89.4,0.0,0.0,0.0,316.8,2.21,345.0,100180.0
1990-10-25 21:00:00+00:00,14.24,83.4,0.0,0.0,0.0,318.15,3.03,356.0,100290.0
1990-10-25 22:00:00+00:00,15.14,80.6,0.0,0.0,0.0,320.5,4.28,358.0,100450.0
1990-10-25 23:00:00+00:00,15.75,80.65,87.2,728.51,45.35,322.4,5.31,355.0,100580.0
1990-10-26 00:00:00+00:00,17.09,75.4,249.05,664.3,87.1,323.75,5.86,360.0,100780.0
1990-10-26 01:00:00+00:00,18.42,61.2,411.6,743.57,108.05,323.7,6.76,3.0,100940.0
1990-10-26 02:00:00+00:00,19.63,39.95,542.65,788.16,120.15,320.85,7.1,10.0,101050.0
1990-10-26 03:00:00+00:00,20.51,35.75,579.85,707.47,142.25,319.9,7.17,16.0,101100.0
1990-10-26 04:00:00+00:00,21.04,38.65,525.6,537.78,176.0,323.4,6.97,23.0,101140.0
1990-10-26 05:00:00+00:00,21.12,41.7,434.8,475.49,135.95,339.25,6.62,31.0,101130.0
1990-10-26 06:00:00+00:00,20.83,41.55,393.85,457.05,140.05,344.1,6.21,40.0,101120.0
1990-10-26 07:00:00+00:00,21.07,41.55,269.2,399.12,95.4,334.4,5.59,46.0,101100.0
1990-10-26 08:00:00+00:00,20.25,41.45,116.1,225.17,53.7,322.8,4.83,53.0,101160.0
1990-10-26 09:00:00+00:00,18.95,44.3,9.25,21.95,7.25,313.7,3.66,59.0,101240.0
1990-10-26 10:00:00+00:00,17.07,48.9,0.0,0.0,0.0,304.8,3.03,62.0,101350.0
1990-10-26 11:00:00+00:00,15.6,50.5,0.0,0.0,0.0,294.55,2.83,65.0,101450.0
1990-10-26 12:00:00+00:00,14.41,53.95,0.0,0.0,0.0,290.1,2.69,65.0,101570.0
1990-10-26 13:00:00+00:00,13.33,55.75,0.0,0.0,0.0,285.25,2.48,60.0,101680.0
1990-10-26 14:00:00+00:00,12.31,55.5,0.0,0.0,0.0,281.2,2.21,50.0,101780.0
1990-10-26 15:00:00+00:00,11.31,57.4,0.0,0.0,0.0,276.55,2.0,35.0,101840.0
1990-10-26 16:00:00+00:00,10.35,59.35,0.0,0.0,0.0,272.3,2.0,19.0,101880.0
1990-10-26 17:00:00+00:00,9.52,61.55,0.0,0.0,0.0,269.0,2.07,8.0,101920.0
1990-10-26 18:00:00+00:00,8.79,61.45,0.0,0.0,0.0,265.3,2.0,0.0,101950.0
1990-10-26 19:00:00+00:00,8.38,66.15,0.0,0.0,0.0,264.95,1.79,359.0,101880.0
1990-10-26 20:00:00+00:00,7.64,66.05,0.0,0.0,0.0,262.6,1.86,358.0,101880.0
1990-10-26 21:00:00+00:00,7.05,68.5,0.0,0.0,0.0,260.85,1.86,356.0,101910.0
1990-10-26 22:00:00+00:00,6.62,71.05,0.0,0.0,0.0,259.3,1.86,353.0,101950.0
1990-10-26 23:00:00+00:00,6.29,73.7,92.65,879.85,45.2,258.55,1.79,350.0,101980.0
1990-10-27 00:00:00+00:00,8.44,68.7,264.2,747.11,84.9,259.5,1.17,358.0,102040.0
1990-10-27 01:00:00+00:00,12.04,39.4,426.45,779.1,111.55,263.5,1.66,37.0,102100.0
1990-10-27 02:00:00+00:00,13.12,36.7,554.3,804.92,126.25,266.85,2.07,65.0,102080.0
1990-10-27 03:00:00+00:00,14.12,34.25,616.0,772.57,141.55,271.3,2.14,73.0,102040.0
1990-10-27 04:00:00+00:00,14.97,33.05,589.75,674.77,154.15,276.35,2.0,75.0,101970.0
1990-10-27 05:00:00+00:00,15.55,30.7,549.5,635.38,153.05,282.35,1.86,74.0,101880.0
1990-10-27 06:00:00+00:00,15.96,29.7,453.5,613.84,115.4,283.1,1.86,75.0,101790.0
1990-10-27 07:00:00+00:00,16.15,29.8,276.9,434.52,89.6,279.65,1.86,86.0,101690.0
1990-10-27 08:00:00+00:00,15.85,29.7,122.55,247.71,54.95,282.35,1.59,89.0,101690.0
1990-10-27 09:00:00+00:00,15.16,31.95,8.45,21.24,6.6,285.05,1.03,70.0,101670.0
1990-10-27 10:00:00+00:00,13.98,36.85,0.0,0.0,0.0,276.55,1.38,33.0,101690.0
1990-10-27 11:00:00+00:00,12.3,44.2,0.0,0.0,0.0,274.8,1.45,15.0,101690.0
1990-10-27 12:00:00+00:00,11.17,47.45,0.0,0.0,0.0,281.95,1.31,358.0,101720.0
1990-10-27 13:00:00+00:00,10.37,51.0,0.0,0.0,0.0,273.85,1.31,348.0,101730.0
1990-10-27 14:00:00+00:00,10.39,51.0,0.0,0.0,0.0,284.3,1.1,330.0,101740.0
1990-10-27 15:00:00+00:00,10.2,51.0,0.0,0.0,0.0,275.75,1.03,322.0,101750.0
1990-10-27 16:00:00+00:00,9.56,52.85,0.0,0.0,0.0,288.95,1.1,334.0,101710.0
1990-10-27 17:00:00+00:00,9.27,54.9,0.0,0.0,0.0,287.6,1.03,353.0,101660.0
1990-10-27 18:00:00+00:00,9.71,54.9,0.0,0.0,0.0,315.05,0.83,14.0,101650.0
1990-10-27 19:00:00+00:00,9.94,52.85,0.0,0.0,0.0,312.95,0.55,358.0,101560.0
1990-10-27 20:00:00+00:00,9.73,54.9,0.0,0.0,0.0,315.85,0.62,22.0,101520.0
1990-10-27 21:00:00+00:00,9.14,57.05,0.0,0.0,0.0,321.65,0.83,30.0,101520.0
1990-10-27 22:00:00+00:00,8.27,63.7,0.0,0.0,0.0,303.45,1.03,24.0,101530.0
1990-10-27 23:00:00+00:00,8.81,66.25,45.85,201.38,35.7,333.45,0.76,20.0,101530.0
1990-10-28 00:00:00+00:00,10.02,55.05,160.65,279.87,94.55,332.65,0.69,35.0,101560.0
1990-10-28 01:00:00+00:00,11.39,51.25,226.5,224.05,136.85,325.45,0.48,70.0,101600.0
1990-10-28 02:00:00+00:00,12.58,46.1,336.75,304.82,175.95,333.85,0.55,124.0,101600.0
1990-10-28 03:00:00+00:00,13.94,44.65,373.55,323.11,176.55,325.3,0.83,152.0,101560.0
1990-10-28 04:00:00+00:00,15.01,41.65,409.6,309.03,211.5,337.7,1.17,164.0,101490.0
1990-10-28 05:00:00+00:00,15.81,40.35,364.0,239.66,215.55,331.5,1.31,167.0,101360.0
1990-10-28 06:00:00+00:00,16.18,37.55,261.35,111.47,200.45,328.6,1.38,162.0,101280.0
1990-10-28 07:00:00+00:00,16.41,39.0,178.0,90.69,139.3,338.1,2.21,167.0,101210.0
1990-10-28 08:00:00+00:00,16.21,39.0,76.7,34.23,67.5,327.45,2.0,168.0,101230.0
1990-10-28 09:00:00+00:00,15.41,43.4,6.2,2.4,6.0,313.9,1.45,158.0,101230.0
1990-10-28 10:00:00+00:00,14.42,46.5,0.0,0.0,0.0,309.85,1.52,161.0,101230.0
1990-10-28 11:00:00+00:00,13.37,49.85,0.0,0.0,0.0,310.6,1.66,177.0,101270.0
1990-10-28 12:00:00+00:00,12.36,55.5,0.0,0.0,0.0,308.5,1.72,199.0,101280.0
1990-10-28 13:00:00+00:00,11.62,57.55,0.0,0.0,0.0,313.7,1.66,214.0,101270.0
1990-10-28 14:00:00+00:00,10.94,61.75,0.0,0.0,0.0,311.0,1.66,227.0,101300.0
1990-10-28 15:00:00+00:00,10.64,61.75,0.0,0.0,0.0,318.75,1.66,234.0,101300.0
1990-10-28 16:00:00+00:00,10.03,66.45,0.0,0.0,0.0,309.45,1.52,245.0,101280.0
1990-10-28 17:00:00+00:00,9.46,68.9,0.0,0.0,0.0,304.4,1.45,244.0,101250.0
1990-10-28 18:00:00+00:00,8.95,71.4,0.0,0.0,0.0,301.9,1.66,242.0,101260.0
1990-10-28 19:00:00+00:00,9.76,66.35,0.0,0.0,0.0,323.55,1.24,226.0,101170.0
1990-10-28 20:00:00+00:00,10.7,61.75,0.0,0.0,0.0,330.75,0.83,230.0,101130.0
1990-10-28 21:00:00+00:00,11.5,59.6,0.0,0.0,0.0,336.35,0.48,206.0,101120.0
1990-10-28 22:00:00+00:00,11.43,61.85,0.0,0.0,0.0,342.95,0.48,182.0,101140.0
1990-10-28 23:00:00+00:00,11.49,64.25,15.2,0.0,15.2,349.1,0.55,178.0,101170.0
1990-10-29 00:00:00+00:00,11.81,64.35,36.2,0.0,36.2,354.55,0.55,181.0,101230.0
1990-10-29 01:00:00+00:00,12.5,64.45,55.35,2.27,54.45,355.25,0.41,180.0,101290.0
1990-10-29 02:00:00+00:00,13.23,53.7,70.9,0.96,70.4,356.85,0.28,173.0,101310.0
1990-10-29 03:00:00+00:00,13.66,51.9,111.85,5.04,108.8,358.0,0.14,129.0,101290.0
1990-10-29 04:00:00+00:00,14.26,48.25,140.35,4.24,137.65,358.6,0.28,118.0,101240.0
1990-10-29 05:00:00+00:00,14.77,46.6,132.35,8.46,127.15,361.3,0.34,133.0,101160.0
1990-10-29 06:00:00+00:00,14.99,46.6,122.15,12.46,115.4,361.1,0.48,113.0,101090.0
1990-10-29 07:00:00+00:00,15.29,50.35,59.4,0.0,59.4,364.8,0.55,104.0,101060.0
1990-10-29 08:00:00+00:00,15.16,50.35,28.6,4.72,27.35,363.45,0.97,90.0,101060.0
1990-10-29 09:00:00+00:00,14.85,52.15,2.15,0.0,2.15,363.05,1.1,80.0,101050.0
1990-10-29 10:00:00+00:00,14.43,56.0,0.0,0.0,0.0,357.25,0.9,60.0,101090.0
1990-10-29 11:00:00+00:00,13.86,58.0,0.0,0.0,0.0,355.5,1.03,8.0,101130.0
1990-10-29 12:00:00+00:00,13.47,60.05,0.0,0.0,0.0,357.05,1.31,343.0,101120.0
1990-10-29 13:00:00+00:00,12.9,62.2,0.0,0.0,0.0,346.8,1.31,336.0,101120.0
1990-10-29 14:00:00+00:00,12.54,64.55,0.0,0.0,0.0,348.95,1.17,328.0,101160.0
1990-10-29 15:00:00+00:00,12.25,66.85,0.0,0.0,0.0,348.55,1.17,328.0,101150.0
1990-10-29 16:00:00+00:00,12.0,71.85,0.0,0.0,0.0,346.8,1.03,337.0,101120.0
1990-10-29 17:00:00+00:00,11.47,74.45,0.0,0.0,0.0,325.9,0.97,353.0,101100.0
1990-10-29 18:00:00+00:00,11.18,74.45,0.0,0.0,0.0,326.1,0.9,8.0,101090.0
1990-10-29 19:00:00+00:00,10.2,77.1,0.0,0.0,0.0,321.25,1.24,357.0,101030.0
1990-10-29 20:00:00+00:00,9.83,77.0,0.0,0.0,0.0,321.05,1.45,353.0,100990.0
1990-10-29 21:00:00+00:00,9.83,77.0,0.0,0.0,0.0,328.6,1.38,351.0,100990.0
1990-10-29 22:00:00+00:00,9.79,77.0,0.0,0.0,0.0,328.2,1.38,349.0,101000.0
1990-10-29 23:00:00+00:00,9.76,79.9,56.3,482.44,35.4,327.85,1.38,342.0,101010.0
1990-10-30 00:00:00+00:00,10.89,77.15,155.65,314.38,83.8,321.25,1.17,344.0,101070.0
1990-10-30 01:00:00+00:00,12.92,59.95,296.25,426.79,128.95,320.95,1.17,357.0,101120.0
1990-10-30 02:00:00+00:00,14.64,52.15,323.15,343.93,144.65,330.75,1.03,18.0,101120.0
1990-10-30 03:00:00+00:00,15.64,50.5,421.55,413.96,172.8,340.8,0.97,42.0,101100.0
1990-10-30 04:00:00+00:00,16.71,50.75,434.15,374.86,197.2,340.4,0.9,56.0,101030.0
1990-10-30 05:00:00+00:00,17.41,50.85,462.35,523.52,142.75,340.2,1.03,46.0,100940.0
1990-10-30 06:00:00+00:00,18.07,51.0,367.25,440.16,130.65,325.7,1.31,40.0,100840.0
1990-10-30 07:00:00+00:00,18.35,49.3,205.5,268.53,93.2,328.6,1.66,43.0,100750.0
1990-10-30 08:00:00+00:00,18.01,51.0,82.2,133.91,47.3,332.1,1.93,41.0,100750.0
1990-10-30 09:00:00+00:00,17.14,54.7,4.4,6.62,3.9,331.3,1.72,24.0,100770.0
1990-10-30 10:00:00+00:00,15.84,60.65,0.0,0.0,0.0,333.65,2.07,1.0,100830.0
1990-10-30 11:00:00+00:00,14.98,64.95,0.0,0.0,0.0,333.45,2.34,348.0,100900.0
1990-10-30 12:00:00+00:00,14.31,64.85,0.0,0.0,0.0,330.15,2.41,344.0,100930.0
1990-10-30 13:00:00+00:00,13.48,69.55,0.0,0.0,0.0,316.05,2.48,343.0,100970.0
1990-10-30 14:00:00+00:00,13.13,69.55,0.0,0.0,0.0,323.75,2.34,343.0,101010.0
1990-10-30 15:00:00+00:00,12.58,72.05,0.0,0.0,0.0,315.85,2.34,341.0,101000.0
1990-10-30 16:00:00+00:00,12.47,74.6,0.0,0.0,0.0,326.3,2.34,338.0,100990.0
1990-10-30 17:00:00+00:00,12.4,74.6,0.0,0.0,0.0,329.55,2.34,336.0,100960.0
1990-10-30 18:00:00+00:00,12.37,74.6,0.0,0.0,0.0,331.3,2.41,338.0,100930.0
1990-10-30 19:00:00+00:00,12.51,74.6,0.0,0.0,0.0,336.15,2.21,345.0,100850.0
1990-10-30 20:00:00+00:00,12.04,74.6,0.0,0.0,0.0,319.3,2.28,351.0,100790.0
1990-10-30 21:00:00+00:00,11.78,77.3,0.0,0.0,0.0,319.9,2.28,355.0,100780.0
1990-10-30 22:00:00+00:00,11.37,80.1,0.0,0.0,0.0,310.8,2.34,350.0,100800.0
1990-10-30 23:00:00+00:00,11.34,80.1,34.25,0.0,34.25,318.35,2.21,341.0,100830.0
1990-10-31 00:00:00+00:00,12.02,77.35,161.3,351.11,82.4,308.85,1.79,339.0,100870.0
1990-10-31 01:00:00+00:00,13.96,69.65,291.0,394.27,138.05,316.35,2.28,352.0,100900.0
1990-10-31 02:00:00+00:00,15.51,62.75,374.85,343.66,197.95,320.85,2.48,355.0,100880.0
1990-10-31 03:00:00+00:00,16.77,56.6,450.2,428.82,194.4,338.65,2.48,356.0,100870.0
1990-10-31 04:00:00+00:00,17.77,52.9,416.7,376.15,180.6,344.5,2.28,360.0,100820.0
1990-10-31 05:00:00+00:00,18.32,53.0,273.85,119.95,201.15,364.4,2.14,9.0,100710.0
1990-10-31 06:00:00+00:00,18.16,53.0,276.65,237.24,150.15,361.5,2.07,19.0,100630.0
1990-10-31 07:00:00+00:00,17.61,52.9,206.6,195.51,125.65,341.4,2.0,27.0,100590.0
1990-10-31 08:00:00+00:00,17.49,54.7,80.15,105.38,53.1,344.5,1.59,23.0,100600.0
1990-10-31 09:00:00+00:00,16.9,58.7,4.15,4.17,3.85,349.1,1.31,29.0,100630.0
1990-10-31 10:00:00+00:00,15.79,62.85,0.0,0.0,0.0,341.75,1.45,28.0,100670.0
1990-10-31 11:00:00+00:00,14.95,67.35,0.0,0.0,0.0,336.35,1.59,15.0,100700.0
1990-10-31 12:00:00+00:00,14.04,69.75,0.0,0.0,0.0,325.1,1.45,2.0,100720.0
1990-10-31 13:00:00+00:00,13.12,77.5,0.0,0.0,0.0,316.4,0.97,340.0,100720.0
1990-10-31 14:00:00+00:00,12.36,83.15,0.0,0.0,0.0,318.75,1.1,301.0,100750.0
1990-10-31 15:00:00+00:00,11.62,86.15,0.0,0.0,0.0,321.85,1.31,284.0,100750.0
1990-10-31 16:00:00+00:00,8.75,99.0,0.0,0.0,0.0,327.6,0.75,275.0,100770.0
1990-10-31 17:00:00+00:00,9.4,97.82,0.0,0.0,0.0,326.86,0.85,274.0,100740.0
1990-10-31 18:00:00+00:00,10.06,94.51,0.0,0.0,0.0,326.12,0.96,283.0,100740.0
1990-10-31 19:00:00+00:00,10.72,91.21,0.0,0.0,0.0,325.37,1.07,290.0,100750.0
1990-10-31 20:00:00+00:00,11.38,87.91,0.0,0.0,0.0,324.63,1.18,291.0,100720.0
1990-10-31 21:00:00+00:00,12.04,84.61,0.0,0.0,0.0,323.89,1.28,302.0,100720.0
1990-10-31 22:00:00+00:00,12.69,81.31,0.0,0.0,0.0,323.15,1.39,306.0,100730.0
1990-10-31 23:00:00+00:00,13.35,78.0,37.3,0.0,37.3,322.41,1.5,299.0,100760.0
1990-11-01 00:00:00+00:00,14.01,74.7,206.15,398.85,118.05,321.67,1.61,282.0,100690.0
1990-11-01 01:00:00+00:00,14.67,71.4,325.95,370.44,183.75,320.93,1.71,355.0,100770.0
1990-11-01 02:00:00+00:00,15.33,68.1,422.45,381.78,227.55,320.18,1.82,29.0,100760.0
1990-11-01 03:00:00+00:00,15.98,64.8,455.8,300.51,277.85,319.44,1.93,30.0,100750.0
1990-11-01 04:00:00+00:00,16.64,61.49,460.15,289.36,279.8,318.7,2.03,29.0,100710.0
1990-11-01 05:00:00+00:00,17.3,58.19,408.5,286.69,236.0,317.96,2.14,29.0,100620.0
1990-11-01 06:00:00+00:00,17.96,54.89,355.85,307.6,193.15,317.22,2.25,32.0,100550.0
1990-11-01 07:00:00+00:00,18.62,51.59,228.3,242.47,128.9,316.48,2.36,40.0,100510.0
1990-11-01 08:00:00+00:00,18.74,49.3,90.1,101.46,64.45,313.7,1.66,46.0,100510.0
1990-11-01 09:00:00+00:00,17.74,54.7,4.75,6.59,4.3,311.4,1.24,40.0,100520.0
1990-11-01 10:00:00+00:00,15.5,67.45,0.0,0.0,0.0,297.65,1.1,6.0,100550.0
1990-11-01 11:00:00+00:00,13.31,72.2,0.0,0.0,0.0,292.4,1.45,332.0,100580.0
1990-11-01 12:00:00+00:00,11.65,80.15,0.0,0.0,0.0,292.05,1.66,311.0,100580.0
1990-11-01 13:00:00+00:00,10.62,83.0,0.0,0.0,0.0,290.5,1.59,295.0,100580.0
1990-11-01 14:00:00+00:00,9.62,85.95,0.0,0.0,0.0,289.3,1.72,283.0,100570.0
1990-11-01 15:00:00+00:00,8.91,89.1,0.0,0.0,0.0,288.15,1.72,277.0,100560.0
1990-11-01 16:00:00+00:00,8.52,89.1,0.0,0.0,0.0,286.8,1.59,267.0,100490.0
1990-11-01 17:00:00+00:00,8.12,89.05,0.0,0.0,0.0,285.25,1.59,249.0,100450.0
1990-11-01 18:00:00+00:00,7.77,89.05,0.0,0.0,0.0,283.5,1.59,237.0,100390.0
1990-11-01 19:00:00+00:00,6.85,92.35,0.0,0.0,0.0,281.2,1.59,236.0,100330.0
1990-11-01 20:00:00+00:00,6.39,92.3,0.0,0.0,0.0,279.65,1.59,230.0,100240.0
1990-11-01 21:00:00+00:00,6.02,95.75,0.0,0.0,0.0,278.65,1.52,228.0,100230.0
1990-11-01 22:00:00+00:00,5.77,92.3,0.0,0.0,0.0,279.05,1.52,233.0,100200.0
1990-11-01 23:00:00+00:00,5.62,95.75,38.6,0.0,38.6,279.05,1.52,239.0,100230.0
1990-11-02 00:00:00+00:00,8.0,89.05,234.4,706.06,81.15,280.05,1.1,256.0,100250.0
1990-11-02 01:00:00+00:00,12.97,69.55,394.5,763.93,104.35,284.6,0.9,267.0,100350.0
1990-11-02 02:00:00+00:00,16.92,56.6,516.95,788.51,117.75,292.05,0.62,291.0,100350.0
1990-11-02 03:00:00+00:00,19.83,49.55,584.2,783.23,123.8,300.75,0.83,0.0,100370.0
1990-11-02 04:00:00+00:00,21.83,41.85,588.6,749.89,124.5,308.3,1.72,23.0,100330.0
1990-11-02 05:00:00+00:00,22.88,37.75,531.15,689.27,119.4,312.75,2.69,20.0,100310.0
1990-11-02 06:00:00+00:00,23.2,34.0,419.3,594.88,107.15,313.9,3.52,19.0,100290.0
1990-11-02 07:00:00+00:00,22.9,31.55,264.8,435.44,88.05,311.95,3.45,25.0,100310.0
1990-11-02 08:00:00+00:00,21.84,37.5,100.1,206.41,48.7,311.75,2.9,48.0,100370.0
1990-11-02 09:00:00+00:00,19.38,44.45,4.25,7.72,3.75,304.2,2.76,61.0,100450.0
1990-11-02 10:00:00+00:00,17.03,52.65,0.0,0.0,0.0,299.0,2.55,62.0,100540.0
1990-11-02 11:00:00+00:00,15.57,58.35,0.0,0.0,0.0,295.7,1.86,49.0,100630.0
1990-11-02 12:00:00+00:00,13.77,64.75,0.0,0.0,0.0,293.55,1.66,359.0,100750.0
1990-11-02 13:00:00+00:00,12.37,69.45,0.0,0.0,0.0,291.85,2.41,338.0,100870.0
1990-11-02 14:00:00+00:00,11.91,71.95,0.0,0.0,0.0,297.25,2.83,352.0,101010.0
1990-11-02 15:00:00+00:00,11.88,71.95,0.0,0.0,0.0,298.05,3.17,353.0,101120.0
1990-11-02 16:00:00+00:00,11.97,71.95,0.0,0.0,0.0,308.3,3.38,351.0,101180.0
1990-11-02 17:00:00+00:00,12.03,64.45,0.0,0.0,0.0,310.8,4.14,2.0,101270.0
1990-11-02 18:00:00+00:00,11.27,59.6,0.0,0.0,0.0,299.0,4.28,6.0,101380.0
1990-11-02 19:00:00+00:00,11.04,64.25,0.0,0.0,0.0,291.05,4.41,8.0,101400.0
1990-11-02 20:00:00+00:00,10.35,69.1,0.0,0.0,0.0,297.65,4.28,1.0,101530.0
1990-11-02 21:00:00+00:00,9.86,74.3,0.0,0.0,0.0,315.45,3.86,359.0,101620.0
1990-11-02 22:00:00+00:00,9.43,77.0,0.0,0.0,0.0,312.95,3.24,357.0,101710.0
1990-11-02 23:00:00+00:00,8.67,82.75,37.7,0.0,37.7,286.05,2.62,355.0,101780.0
1990-11-03 00:00:00+00:00,9.13,79.85,220.15,613.22,89.4,277.7,2.34,358.0,101890.0
1990-11-03 01:00:00+00:00,10.54,71.7,376.9,713.9,108.65,269.5,3.38,12.0,102000.0
1990-11-03 02:00:00+00:00,11.75,64.35,470.5,646.55,145.9,271.7,3.17,21.0,102020.0
1990-11-03 03:00:00+00:00,12.84,53.7,523.85,646.27,146.75,293.6,2.55,30.0,102010.0
1990-11-03 04:00:00+00:00,13.73,50.0,434.1,431.29,169.05,299.0,2.21,40.0,101970.0
1990-11-03 05:00:00+00:00,14.1,44.75,390.05,346.15,184.75,307.3,2.07,52.0,101920.0
1990-11-03 06:00:00+00:00,14.44,41.65,351.5,383.13,152.05,317.4,2.14,70.0,101860.0
1990-11-03 07:00:00+00:00,14.89,40.1,260.4,427.29,88.65,287.4,2.97,82.0,101790.0
1990-11-03 08:00:00+00:00,14.47,40.1,96.0,192.41,48.8,278.1,2.69,79.0,101830.0
1990-11-03 09:00:00+00:00,13.35,42.95,3.8,6.52,3.4,280.4,1.79,70.0,101900.0
1990-11-03 10:00:00+00:00,12.0,47.75,0.0,0.0,0.0,270.15,1.66,50.0,101980.0
1990-11-03 11:00:00+00:00,10.49,53.1,0.0,0.0,0.0,266.5,1.66,21.0,102080.0
1990-11-03 12:00:00+00:00,8.87,59.15,0.0,0.0,0.0,263.95,1.59,5.0,102130.0
1990-11-03 13:00:00+00:00,8.22,63.6,0.0,0.0,0.0,263.4,1.31,0.0,102200.0
1990-11-03 14:00:00+00:00,8.59,61.3,0.0,0.0,0.0,266.85,1.03,14.0,102260.0
1990-11-03 15:00:00+00:00,7.79,63.6,0.0,0.0,0.0,273.05,1.17,53.0,102320.0
1990-11-03 16:00:00+00:00,6.46,68.3,0.0,0.0,0.0,273.25,1.38,79.0,102350.0
1990-11-03 17:00:00+00:00,6.22,68.2,0.0,0.0,0.0,281.95,1.24,98.0,102390.0
1990-11-03 18:00:00+00:00,6.22,68.2,0.0,0.0,0.0,274.2,1.03,113.0,102400.0
1990-11-03 19:00:00+00:00,6.9,61.0,0.0,0.0,0.0,262.05,0.55,104.0,102350.0
1990-11-03 20:00:00+00:00,6.64,63.25,0.0,0.0,0.0,263.2,0.48,142.0,102310.0
1990-11-03 21:00:00+00:00,5.96,65.65,0.0,0.0,0.0,257.75,0.9,181.0,102290.0
1990-11-03 22:00:00+00:00,3.66,79.15,0.0,0.0,0.0,256.6,1.52,187.0,102280.0
1990-11-03 23:00:00+00:00,2.93,82.2,37.5,0.0,37.5,256.2,1.86,188.0,102270.0
1990-11-04 00:00:00+00:00,4.64,79.2,226.15,692.74,81.1,254.1,1.79,183.0,102270.0
1990-11-04 01:00:00+00:00,8.7,59.0,388.55,760.14,106.0,254.8,2.76,179.0,102310.0
1990-11-04 02:00:00+00:00,11.02,49.3,511.75,785.68,120.6,260.5,3.79,180.0,102230.0
1990-11-04 03:00:00+00:00,12.93,42.8,578.7,779.77,127.05,266.3,4.62,181.0,102120.0
1990-11-04 04:00:00+00:00,14.4,40.1,587.45,753.38,127.7,270.55,5.03,184.0,102010.0
1990-11-04 05:00:00+00:00,15.43,38.7,530.25,694.14,121.5,274.4,4.97,187.0,101820.0
1990-11-04 06:00:00+00:00,16.07,37.4,418.0,600.02,108.1,278.1,4.83,184.0,101690.0
1990-11-04 07:00:00+00:00,16.73,36.15,261.3,440.13,86.1,279.85,4.55,178.0,101580.0
1990-11-04 08:00:00+00:00,16.18,37.4,95.3,198.41,47.35,281.2,4.21,167.0,101560.0
1990-11-04 09:00:00+00:00,14.5,38.55,3.35,5.18,3.05,279.85,3.93,162.0,101530.0
1990-11-04 10:00:00+00:00,12.82,42.8,0.0,0.0,0.0,276.35,3.79,171.0,101540.0
1990-11-04 11:00:00+00:00,11.84,45.95,0.0,0.0,0.0,274.05,3.66,181.0,101570.0
1990-11-04 12:00:00+00:00,11.09,51.25,0.0,0.0,0.0,273.85,3.66,186.0,101540.0
1990-11-04 13:00:00+00:00,10.57,55.15,0.0,0.0,0.0,273.65,3.72,188.0,101570.0
1990-11-04 14:00:00+00:00,10.17,59.35,0.0,0.0,0.0,273.85,3.86,188.0,101540.0
1990-11-04 15:00:00+00:00,9.86,59.35,0.0,0.0,0.0,274.05,3.93,189.0,101500.0
1990-11-04 16:00:00+00:00,9.53,63.9,0.0,0.0,0.0,273.65,3.79,191.0,101440.0
1990-11-04 17:00:00+00:00,9.16,66.25,0.0,0.0,0.0,273.05,3.52,193.0,101390.0
1990-11-04 18:00:00+00:00,8.68,68.7,0.0,0.0,0.0,272.65,3.31,195.0,101330.0
1990-11-04 19:00:00+00:00,8.01,68.6,0.0,0.0,0.0,270.15,2.62,197.0,101270.0
1990-11-04 20:00:00+00:00,7.51,71.15,0.0,0.0,0.0,270.55,2.55,198.0,101220.0
1990-11-04 21:00:00+00:00,7.15,73.8,0.0,0.0,0.0,269.75,2.55,197.0,101190.0
1990-11-04 22:00:00+00:00,6.93,73.8,0.0,0.0,0.0,269.2,2.62,195.0,101200.0
1990-11-04 23:00:00+00:00,6.73,73.8,35.7,0.0,35.7,268.6,2.69,193.0,101190.0
1990-11-05 00:00:00+00:00,7.82,68.6,221.95,690.79,79.95,269.4,2.55,188.0,101200.0
1990-11-05 01:00:00+00:00,10.39,57.3,379.45,749.32,103.95,273.15,3.52,183.0,101250.0
1990-11-05 02:00:00+00:00,12.63,51.65,499.95,774.01,117.85,278.85,4.07,182.0,101160.0
1990-11-05 03:00:00+00:00,14.66,46.6,566.35,769.9,123.7,284.65,4.41,179.0,101120.0
1990-11-05 04:00:00+00:00,16.29,43.5,570.5,736.31,124.3,290.3,4.76,179.0,101010.0
1990-11-05 05:00:00+00:00,17.48,39.25,513.25,676.27,117.85,294.95,4.97,180.0,100890.0
1990-11-05 06:00:00+00:00,18.18,37.95,398.7,564.63,109.35,298.8,5.03,180.0,100810.0
1990-11-05 07:00:00+00:00,18.1,36.55,245.05,395.43,89.15,300.95,4.55,172.0,100740.0
1990-11-05 08:00:00+00:00,17.48,37.8,86.55,160.42,48.35,302.65,4.0,167.0,100730.0
1990-11-05 09:00:00+00:00,15.88,40.35,2.75,2.74,2.6,301.1,3.52,169.0,100740.0
1990-11-05 10:00:00+00:00,14.31,41.65,0.0,0.0,0.0,302.3,3.24,177.0,100770.0
1990-11-05 11:00:00+00:00,13.25,46.2,0.0,0.0,0.0,299.55,3.1,184.0,100790.0
1990-11-05 12:00:00+00:00,12.48,47.85,0.0,0.0,0.0,299.2,2.97,189.0,100790.0
1990-11-05 13:00:00+00:00,11.82,51.5,0.0,0.0,0.0,297.25,2.9,189.0,100780.0
1990-11-05 14:00:00+00:00,11.29,53.35,0.0,0.0,0.0,296.1,2.9,186.0,100790.0
1990-11-05 15:00:00+00:00,10.9,57.4,0.0,0.0,0.0,295.7,2.83,189.0,100770.0
1990-11-05 16:00:00+00:00,10.44,61.75,0.0,0.0,0.0,292.2,2.55,193.0,100730.0
1990-11-05 17:00:00+00:00,9.88,64.0,0.0,0.0,0.0,289.9,2.21,199.0,100670.0
1990-11-05 18:00:00+00:00,9.09,71.4,0.0,0.0,0.0,288.75,1.79,204.0,100640.0
1990-11-05 19:00:00+00:00,8.83,71.4,0.0,0.0,0.0,286.05,1.03,211.0,100600.0
1990-11-05 20:00:00+00:00,8.35,74.05,0.0,0.0,0.0,285.25,0.97,212.0,100570.0
1990-11-05 21:00:00+00:00,8.25,74.05,0.0,0.0,0.0,285.25,0.9,214.0,100570.0
1990-11-05 22:00:00+00:00,8.08,76.8,0.0,0.0,0.0,284.5,0.76,212.0,100570.0
1990-11-05 23:00:00+00:00,7.9,76.8,34.15,0.0,34.15,283.9,0.69,209.0,100590.0
1990-11-06 00:00:00+00:00,8.88,74.15,213.3,665.95,78.95,284.65,0.41,207.0,100630.0
1990-11-06 01:00:00+00:00,11.62,66.75,367.95,727.36,103.45,288.85,0.62,158.0,100680.0
1990-11-06 02:00:00+00:00,13.94,58.1,487.2,754.86,117.7,295.5,0.9,155.0,100660.0
1990-11-06 03:00:00+00:00,15.97,56.35,553.5,751.52,124.6,301.5,1.17,150.0,100620.0
1990-11-06 04:00:00+00:00,17.68,52.75,559.05,721.12,125.1,307.3,1.52,148.0,100540.0
1990-11-06 05:00:00+00:00,19.01,49.45,503.65,662.47,119.05,312.35,1.93,151.0,100420.0
1990-11-06 06:00:00+00:00,19.93,47.9,392.3,562.35,106.35,315.85,2.28,155.0,100350.0
1990-11-06 07:00:00+00:00,19.96,47.9,242.8,407.15,83.8,316.6,2.14,158.0,100350.0
1990-11-06 08:00:00+00:00,19.71,49.55,85.8,175.79,44.55,316.2,2.07,157.0,100370.0
1990-11-06 09:00:00+00:00,18.19,56.85,2.5,2.91,2.35,313.1,2.07,151.0,100360.0
1990-11-06 10:00:00+00:00,16.49,62.95,0.0,0.0,0.0,307.7,1.86,166.0,100410.0
1990-11-06 11:00:00+00:00,14.99,69.85,0.0,0.0,0.0,305.75,1.79,195.0,100450.0
1990-11-06 12:00:00+00:00,13.56,74.85,0.0,0.0,0.0,306.95,1.93,213.0,100490.0
1990-11-06 13:00:00+00:00,12.45,80.3,0.0,0.0,0.0,310.6,2.07,216.0,100500.0
1990-11-06 14:00:00+00:00,11.68,86.15,0.0,0.0,0.0,312.35,2.0,216.0,100500.0
1990-11-06 15:00:00+00:00,11.22,89.3,0.0,0.0,0.0,318.55,1.86,220.0,100500.0
1990-11-06 16:00:00+00:00,10.6,92.5,0.0,0.0,0.0,313.5,1.79,224.0,100490.0
1990-11-06 17:00:00+00:00,10.4,92.5,0.0,0.0,0.0,321.85,1.59,223.0,100450.0
1990-11-06 18:00:00+00:00,10.05,95.9,0.0,0.0,0.0,318.75,1.45,228.0,100440.0
1990-11-06 19:00:00+00:00,9.22,95.85,0.0,0.0,0.0,306.15,1.38,244.0,100520.0
1990-11-06 20:00:00+00:00,8.72,95.85,0.0,0.0,0.0,299.55,1.59,253.0,100520.0
1990-11-06 21:00:00+00:00,8.01,95.8,0.0,0.0,0.0,287.95,1.72,259.0,100560.0
1990-11-06 22:00:00+00:00,7.38,95.8,0.0,0.0,0.0,285.45,1.72,266.0,100630.0
1990-11-06 23:00:00+00:00,6.99,95.8,36.55,0.0,36.55,284.1,1.66,274.0,100690.0
1990-11-07 00:00:00+00:00,8.73,89.1,181.75,424.4,97.75,292.8,1.1,284.0,100800.0
1990-11-07 01:00:00+00:00,13.42,69.65,330.45,504.96,148.85,296.8,0.83,299.0,100900.0
1990-11-07 02:00:00+00:00,17.4,49.05,488.1,758.32,120.05,293.2,0.55,331.0,100900.0
1990-11-07 03:00:00+00:00,19.92,33.15,575.0,794.86,124.7,288.35,0.83,30.0,100900.0
1990-11-07 04:00:00+00:00,21.17,25.65,583.05,767.32,124.5,286.6,1.24,10.0,100850.0
1990-11-07 05:00:00+00:00,21.77,23.9,525.2,704.97,118.8,288.15,1.52,3.0,100780.0
1990-11-07 06:00:00+00:00,22.02,22.25,410.25,602.56,106.2,289.9,1.66,9.0,100730.0
1990-11-07 07:00:00+00:00,22.4,19.95,253.55,437.37,84.35,292.2,2.07,34.0,100690.0
1990-11-07 08:00:00+00:00,21.26,26.7,88.65,189.82,44.75,291.45,1.86,65.0,100720.0
1990-11-07 09:00:00+00:00,19.24,30.5,2.3,3.1,2.15,288.15,2.34,81.0,100790.0
1990-11-07 10:00:00+00:00,17.07,34.9,0.0,0.0,0.0,283.3,2.07,93.0,100880.0
1990-11-07 11:00:00+00:00,15.2,41.65,0.0,0.0,0.0,281.2,1.24,118.0,100950.0
1990-11-07 12:00:00+00:00,15.24,40.1,0.0,0.0,0.0,279.05,0.9,197.0,100990.0
1990-11-07 13:00:00+00:00,11.89,47.75,0.0,0.0,0.0,277.1,1.59,236.0,101020.0
1990-11-07 14:00:00+00:00,9.8,55.05,0.0,0.0,0.0,275.0,2.28,250.0,101060.0
1990-11-07 15:00:00+00:00,8.87,59.15,0.0,0.0,0.0,273.85,2.41,257.0,101070.0
1990-11-07 16:00:00+00:00,7.96,63.6,0.0,0.0,0.0,271.9,2.34,255.0,101090.0
1990-11-07 17:00:00+00:00,7.08,71.05,0.0,0.0,0.0,269.95,2.14,251.0,101080.0
1990-11-07 18:00:00+00:00,6.36,73.7,0.0,0.0,0.0,268.2,1.93,245.0,101070.0
1990-11-07 19:00:00+00:00,6.07,73.65,0.0,0.0,0.0,266.85,1.52,246.0,101070.0
1990-11-07 20:00:00+00:00,5.75,73.65,0.0,0.0,0.0,266.1,1.31,240.0,101050.0
1990-11-07 21:00:00+00:00,6.05,73.65,0.0,0.0,0.0,265.3,1.03,251.0,101080.0
1990-11-07 22:00:00+00:00,5.99,73.65,0.0,0.0,0.0,264.75,1.03,311.0,101130.0
1990-11-07 23:00:00+00:00,4.39,82.3,32.5,0.0,32.5,264.55,2.07,349.0,101190.0
1990-11-08 00:00:00+00:00,6.16,73.65,214.0,701.35,77.85,265.5,2.07,4.0,101290.0
1990-11-08 01:00:00+00:00,9.91,57.15,369.2,749.93,102.5,268.5,2.55,12.0,101360.0
1990-11-08 02:00:00+00:00,12.04,49.6,487.0,768.35,117.25,273.25,2.97,15.0,101380.0
1990-11-08 03:00:00+00:00,13.73,44.65,551.8,759.94,124.45,278.85,2.9,22.0,101350.0
1990-11-08 04:00:00+00:00,14.99,43.25,556.55,727.0,125.1,284.5,2.55,32.0,101260.0
1990-11-08 05:00:00+00:00,15.88,41.9,500.4,665.89,119.2,288.75,2.21,43.0,101140.0
1990-11-08 06:00:00+00:00,16.49,42.05,390.9,571.82,104.55,291.25,1.93,51.0,101060.0
1990-11-08 07:00:00+00:00,17.15,42.15,232.1,378.58,87.0,293.4,1.72,48.0,100950.0
1990-11-08 08:00:00+00:00,16.79,43.65,79.45,150.45,45.15,299.0,1.72,25.0,100980.0
1990-11-08 09:00:00+00:00,14.98,50.25,1.85,0.0,1.85,298.05,2.34,0.0,100960.0
1990-11-08 10:00:00+00:00,13.16,53.7,0.0,0.0,0.0,297.45,2.69,354.0,100990.0
1990-11-08 11:00:00+00:00,12.3,55.65,0.0,0.0,0.0,310.6,2.48,347.0,101000.0
1990-11-08 12:00:00+00:00,11.63,59.7,0.0,0.0,0.0,312.55,2.28,340.0,101020.0
1990-11-08 13:00:00+00:00,11.08,61.85,0.0,0.0,0.0,315.25,1.93,334.0,101020.0
1990-11-08 14:00:00+00:00,10.36,64.1,0.0,0.0,0.0,309.25,1.66,331.0,101050.0
1990-11-08 15:00:00+00:00,9.74,71.5,0.0,0.0,0.0,311.75,1.24,336.0,101000.0
1990-11-08 16:00:00+00:00,9.5,71.5,0.0,0.0,0.0,312.95,0.97,343.0,100970.0
1990-11-08 17:00:00+00:00,9.88,69.0,0.0,0.0,0.0,315.65,0.55,3.0,100920.0
1990-11-08 18:00:00+00:00,9.55,71.5,0.0,0.0,0.0,314.5,0.62,53.0,100890.0
1990-11-08 19:00:00+00:00,8.92,74.15,0.0,0.0,0.0,296.1,0.83,51.0,100840.0
1990-11-08 20:00:00+00:00,8.85,74.15,0.0,0.0,0.0,300.95,0.34,20.0,100800.0
1990-11-08 21:00:00+00:00,8.58,74.05,0.0,0.0,0.0,298.2,0.41,10.0,100760.0
1990-11-08 22:00:00+00:00,8.31,74.05,0.0,0.0,0.0,291.25,0.48,28.0,100780.0
1990-11-08 23:00:00+00:00,8.14,76.8,33.15,0.0,33.15,297.65,0.34,19.0,100780.0
1990-11-09 00:00:00+00:00,8.55,79.75,178.3,415.58,99.2,297.45,0.21,4.0,100840.0
1990-11-09 01:00:00+00:00,10.62,71.7,278.7,366.27,149.9,296.6,0.48,163.0,100850.0
1990-11-09 02:00:00+00:00,12.65,64.55,387.5,484.04,156.55,312.75,1.52,176.0,100800.0
1990-11-09 03:00:00+00:00,14.53,58.25,477.1,526.23,183.35,314.5,2.41,179.0,100720.0
1990-11-09 04:00:00+00:00,16.3,58.45,464.3,455.31,195.95,315.05,3.1,182.0,100620.0
1990-11-09 05:00:00+00:00,17.61,56.75,410.8,436.76,162.5,323.55,3.45,185.0,100500.0
1990-11-09 06:00:00+00:00,18.57,54.95,282.45,273.84,146.35,329.95,3.38,188.0,100400.0
1990-11-09 07:00:00+00:00,18.16,52.9,146.95,111.38,104.65,335.4,2.28,181.0,100350.0
1990-11-09 08:00:00+00:00,18.04,54.85,50.4,35.59,42.4,344.65,1.72,180.0,100300.0
1990-11-09 09:00:00+00:00,17.42,58.8,0.95,0.0,0.95,342.95,1.17,192.0,100320.0
1990-11-09 10:00:00+00:00,16.45,65.25,0.0,0.0,0.0,353.75,1.24,227.0,100360.0
1990-11-09 11:00:00+00:00,15.36,72.45,0.0,0.0,0.0,360.55,1.38,248.0,100400.0
1990-11-09 12:00:00+00:00,14.25,86.4,0.0,0.0,0.0,365.75,1.24,252.0,100440.0
1990-11-09 13:00:00+00:00,13.9,86.4,0.0,0.0,0.0,362.3,1.1,224.0,100470.0
1990-11-09 14:00:00+00:00,13.78,89.45,0.0,0.0,0.0,362.1,1.52,230.0,100520.0
1990-11-09 15:00:00+00:00,13.34,89.45,0.0,0.0,0.0,355.5,1.52,242.0,100510.0
1990-11-09 16:00:00+00:00,12.53,92.6,0.0,0.0,0.0,331.3,1.93,280.0,100530.0
1990-11-09 17:00:00+00:00,11.98,80.2,0.0,0.0,0.0,316.2,2.34,316.0,100590.0
1990-11-09 18:00:00+00:00,11.57,57.55,0.0,0.0,0.0,277.9,3.1,338.0,100650.0
1990-11-09 19:00:00+00:00,12.16,35.05,0.0,0.0,0.0,280.8,3.72,352.0,100780.0
1990-11-09 20:00:00+00:00,11.45,28.6,0.0,0.0,0.0,255.45,3.86,353.0,100840.0
1990-11-09 21:00:00+00:00,10.81,28.45,0.0,0.0,0.0,248.65,4.0,351.0,100960.0
1990-11-09 22:00:00+00:00,10.21,30.55,0.0,0.0,0.0,247.9,4.0,349.0,101060.0
1990-11-09 23:00:00+00:00,9.61,30.4,32.4,0.0,32.4,246.75,4.07,347.0,101190.0
1990-11-10 00:00:00+00:00,9.88,29.35,214.15,693.89,84.7,243.85,4.28,345.0,101330.0
1990-11-10 01:00:00+00:00,11.22,26.25,366.35,694.29,124.95,243.35,4.28,346.0,101400.0
1990-11-10 02:00:00+00:00,12.17,21.6,495.55,756.76,137.55,248.85,5.66,348.0,101440.0
1990-11-10 03:00:00+00:00,12.95,20.15,543.25,748.92,128.25,249.45,5.45,354.0,101430.0
1990-11-10 04:00:00+00:00,13.54,19.45,578.9,771.07,127.55,245.95,5.03,360.0,101410.0
1990-11-10 05:00:00+00:00,14.12,18.8,525.05,719.69,118.7,248.3,4.69,5.0,101350.0
1990-11-10 06:00:00+00:00,14.38,18.15,405.85,608.52,105.65,247.15,4.21,12.0,101310.0
1990-11-10 07:00:00+00:00,14.23,19.55,249.35,446.26,81.4,251.2,3.86,24.0,101340.0
1990-11-10 08:00:00+00:00,13.5,21.1,83.1,185.42,42.0,252.55,3.31,41.0,101360.0
1990-11-10 09:00:00+00:00,11.62,27.45,1.45,0.0,1.45,249.45,2.76,60.0,101400.0
1990-11-10 10:00:00+00:00,9.71,31.7,0.0,0.0,0.0,246.15,2.48,63.0,101460.0
1990-11-10 11:00:00+00:00,8.66,35.45,0.0,0.0,0.0,246.55,1.86,57.0,101520.0
1990-11-10 12:00:00+00:00,7.56,43.0,0.0,0.0,0.0,246.75,1.17,27.0,101580.0
1990-11-10 13:00:00+00:00,6.82,42.85,0.0,0.0,0.0,245.0,1.17,313.0,101610.0
1990-11-10 14:00:00+00:00,4.68,53.65,0.0,0.0,0.0,243.05,1.93,284.0,101680.0
1990-11-10 15:00:00+00:00,3.79,55.85,0.0,0.0,0.0,243.85,2.0,277.0,101690.0
1990-11-10 16:00:00+00:00,3.02,60.15,0.0,0.0,0.0,240.55,1.93,274.0,101700.0
1990-11-10 17:00:00+00:00,2.34,65.0,0.0,0.0,0.0,239.2,1.79,271.0,101690.0
1990-11-10 18:00:00+00:00,2.41,65.0,0.0,0.0,0.0,238.05,1.38,269.0,101700.0
1990-11-10 19:00:00+00:00,4.18,55.85,0.0,0.0,0.0,236.65,0.83,7.0,101670.0
1990-11-10 20:00:00+00:00,3.42,57.95,0.0,0.0,0.0,235.5,1.1,42.0,101660.0
1990-11-10 21:00:00+00:00,1.58,67.4,0.0,0.0,0.0,234.15,1.52,52.0,101640.0
1990-11-10 22:00:00+00:00,0.95,67.3,0.0,0.0,0.0,232.2,1.52,56.0,101660.0
1990-11-10 23:00:00+00:00,0.93,70.05,30.3,0.0,30.3,231.05,1.31,54.0,101670.0
1990-11-11 00:00:00+00:00,2.82,60.15,209.15,718.01,77.9,230.7,0.48,28.0,101680.0
1990-11-11 01:00:00+00:00,4.86,51.7,368.25,771.32,103.1,233.7,0.41,132.0,101680.0
1990-11-11 02:00:00+00:00,7.1,44.6,490.5,795.36,117.45,237.65,1.38,165.0,101610.0
1990-11-11 03:00:00+00:00,9.1,38.55,557.75,788.07,124.25,242.5,2.41,169.0,101520.0
1990-11-11 04:00:00+00:00,10.73,33.25,565.2,764.05,121.0,247.5,3.31,174.0,101370.0
1990-11-11 05:00:00+00:00,11.89,29.9,511.35,707.84,114.4,251.2,3.86,180.0,101220.0
1990-11-11 06:00:00+00:00,12.56,28.85,381.8,529.79,122.35,254.65,4.14,182.0,101080.0
1990-11-11 07:00:00+00:00,12.96,26.75,236.35,401.99,86.4,261.65,4.28,176.0,100970.0
1990-11-11 08:00:00+00:00,12.56,27.75,78.4,165.81,42.15,260.65,4.07,171.0,100920.0
1990-11-11 09:00:00+00:00,11.05,30.85,1.25,0.0,1.25,257.95,3.66,167.0,100920.0
1990-11-11 10:00:00+00:00,9.49,33.0,0.0,0.0,0.0,255.65,3.52,174.0,100920.0
1990-11-11 11:00:00+00:00,8.67,34.05,0.0,0.0,0.0,256.2,3.38,182.0,100920.0
1990-11-11 12:00:00+00:00,8.29,34.05,0.0,0.0,0.0,266.65,3.24,187.0,100900.0
1990-11-11 13:00:00+00:00,7.94,36.75,0.0,0.0,0.0,266.1,3.31,189.0,100870.0
1990-11-11 14:00:00+00:00,7.55,39.7,0.0,0.0,0.0,260.1,3.45,190.0,100830.0
1990-11-11 15:00:00+00:00,7.2,42.85,0.0,0.0,0.0,257.2,3.24,194.0,100780.0
1990-11-11 16:00:00+00:00,6.71,46.25,0.0,0.0,0.0,254.3,2.83,200.0,100750.0
1990-11-11 17:00:00+00:00,5.96,49.95,0.0,0.0,0.0,254.5,2.28,210.0,100720.0
1990-11-11 18:00:00+00:00,4.93,55.95,0.0,0.0,0.0,253.5,2.0,217.0,100670.0
1990-11-11 19:00:00+00:00,3.74,60.4,0.0,0.0,0.0,252.15,1.59,224.0,100600.0
1990-11-11 20:00:00+00:00,2.8,67.7,0.0,0.0,0.0,251.75,1.59,224.0,100520.0
1990-11-11 21:00:00+00:00,2.18,75.95,0.0,0.0,0.0,251.6,1.66,222.0,100500.0
1990-11-11 22:00:00+00:00,1.74,75.95,0.0,0.0,0.0,251.2,1.66,221.0,100470.0
1990-11-11 23:00:00+00:00,1.48,82.0,0.0,0.0,0.0,251.2,1.72,221.0,100520.0
1990-11-12 00:00:00+00:00,3.26,76.15,197.15,660.98,78.8,254.3,1.17,209.0,100540.0
1990-11-12 01:00:00+00:00,7.72,61.1,305.1,461.82,148.15,260.0,1.1,197.0,100590.0
1990-11-12 02:00:00+00:00,10.42,47.35,383.65,379.97,206.95,277.7,1.31,172.0,100550.0
1990-11-12 03:00:00+00:00,12.37,42.7,415.45,304.63,249.1,296.3,1.66,166.0,100490.0
1990-11-12 04:00:00+00:00,13.82,39.95,362.9,194.82,250.4,305.4,2.0,171.0,100460.0
1990-11-12 05:00:00+00:00,14.79,38.55,290.15,124.32,220.9,323.55,2.48,174.0,100370.0
1990-11-12 06:00:00+00:00,15.32,38.7,183.4,19.95,173.7,324.35,2.62,176.0,100300.0
1990-11-12 07:00:00+00:00,14.97,40.1,95.05,6.22,92.75,324.15,2.21,163.0,100310.0
1990-11-12 08:00:00+00:00,14.22,43.1,30.3,0.0,30.3,327.25,1.86,156.0,100280.0
1990-11-12 09:00:00+00:00,13.16,46.2,0.6,0.0,0.6,327.65,2.07,166.0,100330.0
1990-11-12 10:00:00+00:00,12.09,47.75,0.0,0.0,0.0,320.85,2.41,180.0,100380.0
1990-11-12 11:00:00+00:00,11.46,49.45,0.0,0.0,0.0,312.75,2.41,192.0,100420.0
1990-11-12 12:00:00+00:00,10.47,55.15,0.0,0.0,0.0,293.4,2.34,206.0,100440.0
1990-11-12 13:00:00+00:00,9.05,61.45,0.0,0.0,0.0,273.85,2.21,219.0,100450.0
1990-11-12 14:00:00+00:00,7.68,68.5,0.0,0.0,0.0,271.3,2.07,230.0,100450.0
1990-11-12 15:00:00+00:00,6.29,76.55,0.0,0.0,0.0,263.75,2.0,235.0,100440.0
1990-11-12 16:00:00+00:00,5.33,82.4,0.0,0.0,0.0,262.05,1.93,237.0,100440.0
1990-11-12 17:00:00+00:00,4.67,85.5,0.0,0.0,0.0,260.5,1.93,237.0,100420.0
1990-11-12 18:00:00+00:00,4.16,85.5,0.0,0.0,0.0,259.1,1.93,239.0,100400.0
1990-11-12 19:00:00+00:00,3.95,82.3,0.0,0.0,0.0,254.65,2.14,249.0,100400.0
1990-11-12 20:00:00+00:00,3.65,82.25,0.0,0.0,0.0,254.5,2.21,257.0,100390.0
1990-11-12 21:00:00+00:00,3.49,79.15,0.0,0.0,0.0,255.65,2.28,267.0,100410.0
1990-11-12 22:00:00+00:00,3.25,76.15,0.0,0.0,0.0,256.6,2.14,279.0,100460.0
1990-11-12 23:00:00+00:00,2.82,79.1,0.0,0.0,0.0,256.8,1.86,290.0,100560.0
1990-11-13 00:00:00+00:00,4.36,76.25,198.1,701.82,75.05,254.5,1.1,289.0,100650.0
1990-11-13 01:00:00+00:00,8.79,66.25,353.1,746.35,102.35,255.55,0.41,329.0,100750.0
1990-11-13 02:00:00+00:00,13.15,41.2,472.05,763.33,120.1,260.65,0.97,53.0,100750.0
1990-11-13 03:00:00+00:00,15.21,31.8,522.95,712.38,136.75,267.85,1.59,33.0,100740.0
1990-11-13 04:00:00+00:00,16.18,26.4,523.55,660.4,144.75,278.85,1.93,4.0,100700.0
1990-11-13 05:00:00+00:00,16.76,24.5,405.05,462.29,149.25,282.15,1.79,355.0,100610.0
1990-11-13 06:00:00+00:00,16.88,23.7,381.75,576.09,103.65,294.35,1.38,357.0,100540.0
1990-11-13 07:00:00+00:00,18.2,21.25,232.65,415.98,80.15,276.95,0.69,357.0,100400.0
1990-11-13 08:00:00+00:00,17.54,24.75,76.55,168.66,40.65,273.85,1.38,51.0,100420.0
1990-11-13 09:00:00+00:00,15.16,30.6,0.9,0.0,0.9,268.05,2.21,52.0,100510.0
1990-11-13 10:00:00+00:00,12.67,33.8,0.0,0.0,0.0,263.6,2.14,33.0,100640.0
1990-11-13 11:00:00+00:00,10.57,37.45,0.0,0.0,0.0,259.5,2.0,4.0,100770.0
1990-11-13 12:00:00+00:00,8.35,43.25,0.0,0.0,0.0,254.5,1.93,340.0,100860.0
1990-11-13 13:00:00+00:00,6.46,50.05,0.0,0.0,0.0,248.85,2.14,326.0,100940.0
1990-11-13 14:00:00+00:00,5.02,55.95,0.0,0.0,0.0,244.4,2.14,320.0,101010.0
1990-11-13 15:00:00+00:00,4.08,55.85,0.0,0.0,0.0,239.95,2.21,320.0,101060.0
1990-11-13 16:00:00+00:00,3.45,55.7,0.0,0.0,0.0,235.3,2.28,321.0,101120.0
1990-11-13 17:00:00+00:00,2.78,53.4,0.0,0.0,0.0,231.05,2.28,324.0,101130.0
1990-11-13 18:00:00+00:00,1.87,55.3,0.0,0.0,0.0,227.4,2.07,329.0,101160.0
1990-11-13 19:00:00+00:00,2.26,53.25,0.0,0.0,0.0,231.85,2.0,347.0,101230.0
1990-11-13 20:00:00+00:00,1.68,53.15,0.0,0.0,0.0,230.5,1.93,356.0,101230.0
1990-11-13 21:00:00+00:00,1.0,57.35,0.0,0.0,0.0,228.55,1.93,14.0,101260.0
1990-11-13 22:00:00+00:00,0.28,57.2,0.0,0.0,0.0,226.6,1.86,20.0,101310.0
1990-11-13 23:00:00+00:00,-0.17,59.45,0.0,0.0,0.0,225.25,1.72,15.0,101360.0
1990-11-14 00:00:00+00:00,0.94,57.35,200.4,727.16,75.6,224.1,1.31,10.0,101440.0
1990-11-14 01:00:00+00:00,4.42,37.25,359.6,778.65,101.0,225.95,1.31,18.0,101510.0
1990-11-14 02:00:00+00:00,6.19,27.05,482.35,802.58,115.45,228.95,1.24,49.0,101470.0
1990-11-14 03:00:00+00:00,7.6,24.25,549.95,794.01,122.6,232.4,1.38,82.0,101410.0
1990-11-14 04:00:00+00:00,8.84,22.65,554.55,756.86,123.3,236.3,1.66,95.0,101300.0
1990-11-14 05:00:00+00:00,9.76,22.0,496.15,688.72,117.55,240.55,1.86,100.0,101170.0
1990-11-14 06:00:00+00:00,10.26,22.95,383.15,581.5,104.4,244.05,2.14,108.0,101070.0
1990-11-14 07:00:00+00:00,10.45,22.15,229.9,408.36,81.45,246.35,2.28,114.0,100950.0
1990-11-14 08:00:00+00:00,10.02,23.9,72.65,159.68,39.1,247.3,2.21,107.0,100950.0
1990-11-14 09:00:00+00:00,8.75,28.95,0.75,0.0,0.75,245.4,1.59,81.0,100960.0
1990-11-14 10:00:00+00:00,7.22,33.6,0.0,0.0,0.0,241.9,1.38,36.0,101050.0
1990-11-14 11:00:00+00:00,5.37,39.1,0.0,0.0,0.0,240.35,1.59,358.0,101110.0
1990-11-14 12:00:00+00:00,4.12,42.15,0.0,0.0,0.0,238.6,1.52,336.0,101160.0
1990-11-14 13:00:00+00:00,3.09,47.3,0.0,0.0,0.0,238.05,1.52,327.0,101170.0
1990-11-14 14:00:00+00:00,2.36,49.15,0.0,0.0,0.0,236.85,1.52,315.0,101200.0
1990-11-14 15:00:00+00:00,1.81,51.0,0.0,0.0,0.0,235.5,1.45,308.0,101200.0
1990-11-14 16:00:00+00:00,1.24,55.2,0.0,0.0,0.0,233.75,1.52,302.0,101200.0
1990-11-14 17:00:00+00:00,0.46,59.6,0.0,0.0,0.0,231.45,1.59,301.0,101190.0
1990-11-14 18:00:00+00:00,-0.13,64.45,0.0,0.0,0.0,228.75,1.66,305.0,101190.0
1990-11-14 19:00:00+00:00,-0.75,64.35,0.0,0.0,0.0,224.85,1.66,310.0,101150.0
1990-11-14 20:00:00+00:00,-1.3,69.65,0.0,0.0,0.0,223.3,1.59,307.0,101140.0
1990-11-14 21:00:00+00:00,-1.83,72.4,0.0,0.0,0.0,221.75,1.52,306.0,101140.0
1990-11-14 22:00:00+00:00,-2.33,75.3,0.0,0.0,0.0,221.0,1.52,309.0,101180.0
1990-11-14 23:00:00+00:00,-2.78,78.3,0.0,0.0,0.0,220.05,1.52,313.0,101250.0
1990-11-15 00:00:00+00:00,-1.06,72.5,197.4,728.19,75.1,220.8,1.03,318.0,101310.0
1990-11-15 01:00:00+00:00,3.41,53.5,356.05,777.51,100.8,224.6,1.03,356.0,101400.0
1990-11-15 02:00:00+00:00,6.7,37.85,478.2,800.3,115.45,229.9,1.66,20.0,101410.0
1990-11-15 03:00:00+00:00,8.69,31.4,545.85,792.35,122.45,234.95,2.34,31.0,101380.0
1990-11-15 04:00:00+00:00,9.87,25.95,551.3,756.65,123.0,239.2,2.97,42.0,101300.0
1990-11-15 05:00:00+00:00,10.38,24.05,494.0,689.44,117.45,241.9,3.1,51.0,101200.0
1990-11-15 06:00:00+00:00,10.5,24.05,382.0,583.21,104.35,243.05,2.9,58.0,101150.0
1990-11-15 07:00:00+00:00,10.28,23.05,228.75,408.82,81.35,242.65,2.34,81.0,101080.0
1990-11-15 08:00:00+00:00,9.78,24.9,71.45,159.07,38.45,242.3,2.21,86.0,101060.0
1990-11-15 09:00:00+00:00,8.39,30.15,0.65,0.0,0.65,240.15,1.86,72.0,101090.0
1990-11-15 10:00:00+00:00,6.83,33.6,0.0,0.0,0.0,237.25,1.72,57.0,101150.0
1990-11-15 11:00:00+00:00,5.03,42.3,0.0,0.0,0.0,236.85,1.52,46.0,101200.0
1990-11-15 12:00:00+00:00,4.16,42.15,0.0,0.0,0.0,236.5,1.24,39.0,101250.0
1990-11-15 13:00:00+00:00,3.94,42.15,0.0,0.0,0.0,236.65,1.1,40.0,101260.0
1990-11-15 14:00:00+00:00,3.61,43.75,0.0,0.0,0.0,238.4,0.9,39.0,101260.0
1990-11-15 15:00:00+00:00,3.77,40.45,0.0,0.0,0.0,235.5,0.69,31.0,101260.0
1990-11-15 16:00:00+00:00,3.53,42.0,0.0,0.0,0.0,248.5,0.55,15.0,101260.0
1990-11-15 17:00:00+00:00,2.96,43.6,0.0,0.0,0.0,243.05,0.69,15.0,101220.0
1990-11-15 18:00:00+00:00,2.07,49.0,0.0,0.0,0.0,247.5,0.83,20.0,101180.0
1990-11-15 19:00:00+00:00,1.48,50.9,0.0,0.0,0.0,240.35,0.76,13.0,101090.0
1990-11-15 20:00:00+00:00,1.05,52.85,0.0,0.0,0.0,244.05,0.83,17.0,101040.0
1990-11-15 21:00:00+00:00,0.25,57.2,0.0,0.0,0.0,247.5,1.1,23.0,101010.0
1990-11-15 22:00:00+00:00,-0.5,61.8,0.0,0.0,0.0,259.7,1.24,27.0,101010.0
1990-11-15 23:00:00+00:00,-1.09,66.9,0.0,0.0,0.0,248.1,1.38,26.0,101030.0
1990-11-16 00:00:00+00:00,-0.5,67.0,182.95,671.64,72.6,243.85,1.17,20.0,101040.0
1990-11-16 01:00:00+00:00,2.52,51.15,326.85,707.23,97.35,241.45,1.1,25.0,101080.0
1990-11-16 02:00:00+00:00,4.71,43.9,456.25,762.75,113.45,245.2,0.9,48.0,101050.0
1990-11-16 03:00:00+00:00,6.73,38.0,524.25,762.4,119.75,250.4,0.83,100.0,100970.0
1990-11-16 04:00:00+00:00,8.53,35.45,531.45,730.56,120.6,255.45,1.1,131.0,100860.0
1990-11-16 05:00:00+00:00,9.97,34.45,474.0,658.1,116.85,259.7,1.31,138.0,100730.0
1990-11-16 06:00:00+00:00,10.94,34.75,347.95,473.07,124.25,265.3,1.52,134.0,100630.0
1990-11-16 07:00:00+00:00,10.35,34.6,200.3,276.52,101.4,270.95,1.72,123.0,100590.0
1990-11-16 08:00:00+00:00,10.05,37.3,64.65,132.26,37.55,268.2,1.59,124.0,100580.0
1990-11-16 09:00:00+00:00,9.09,43.4,0.5,0.0,0.5,263.6,1.17,84.0,100570.0
1990-11-16 10:00:00+00:00,7.57,52.35,0.0,0.0,0.0,260.65,0.69,42.0,100600.0
1990-11-16 11:00:00+00:00,6.8,50.2,0.0,0.0,0.0,260.3,0.48,333.0,100650.0
1990-11-16 12:00:00+00:00,6.46,52.1,0.0,0.0,0.0,264.75,0.48,324.0,100660.0
1990-11-16 13:00:00+00:00,5.68,58.3,0.0,0.0,0.0,269.2,0.69,345.0,100670.0
1990-11-16 14:00:00+00:00,4.61,62.8,0.0,0.0,0.0,268.4,1.03,350.0,100690.0
1990-11-16 15:00:00+00:00,3.23,67.8,0.0,0.0,0.0,270.15,1.31,352.0,100680.0
1990-11-16 16:00:00+00:00,2.46,73.1,0.0,0.0,0.0,273.25,1.66,351.0,100670.0
1990-11-16 17:00:00+00:00,2.37,70.3,0.0,0.0,0.0,273.45,2.07,357.0,100690.0
1990-11-16 18:00:00+00:00,2.46,67.6,0.0,0.0,0.0,274.05,2.14,357.0,100700.0
1990-11-16 19:00:00+00:00,2.21,65.0,0.0,0.0,0.0,269.2,2.0,356.0,100740.0
1990-11-16 20:00:00+00:00,1.76,67.5,0.0,0.0,0.0,260.85,1.86,351.0,100730.0
1990-11-16 21:00:00+00:00,1.23,70.1,0.0,0.0,0.0,254.5,1.86,351.0,100740.0
1990-11-16 22:00:00+00:00,0.9,70.05,0.0,0.0,0.0,249.85,2.21,0.0,100790.0
1990-11-16 23:00:00+00:00,0.81,70.05,0.0,0.0,0.0,247.9,2.48,3.0,100910.0
1990-11-17 00:00:00+00:00,1.76,64.9,171.1,548.93,82.9,246.35,2.55,6.0,101030.0
1990-11-17 01:00:00+00:00,4.88,53.8,303.6,522.05,136.15,252.25,3.31,12.0,101210.0
1990-11-17 02:00:00+00:00,7.16,44.6,400.35,521.39,168.0,258.15,4.48,12.0,101320.0
1990-11-17 03:00:00+00:00,8.69,35.45,457.55,577.05,153.55,267.25,5.03,24.0,101380.0
1990-11-17 04:00:00+00:00,9.21,30.3,492.55,578.78,169.15,268.6,4.97,31.0,101390.0
1990-11-17 05:00:00+00:00,9.67,28.05,462.55,612.74,132.1,262.4,4.83,32.0,101380.0
1990-11-17 06:00:00+00:00,9.83,25.95,373.85,580.95,100.95,252.15,4.97,33.0,101360.0
1990-11-17 07:00:00+00:00,10.29,24.05,222.85,411.01,77.0,246.15,5.1,33.0,101330.0
1990-11-17 08:00:00+00:00,9.44,24.8,67.1,154.12,35.9,243.25,4.76,37.0,101430.0
1990-11-17 09:00:00+00:00,7.68,26.35,0.4,0.0,0.4,241.5,4.28,42.0,101520.0
1990-11-17 10:00:00+00:00,5.91,27.05,0.0,0.0,0.0,238.6,4.14,43.0,101690.0
1990-11-17 11:00:00+00:00,4.53,27.8,0.0,0.0,0.0,233.75,3.79,43.0,101830.0
1990-11-17 12:00:00+00:00,3.42,28.9,0.0,0.0,0.0,229.5,3.31,36.0,101990.0
1990-11-17 13:00:00+00:00,2.44,29.85,0.0,0.0,0.0,224.5,2.83,24.0,102100.0
1990-11-17 14:00:00+00:00,1.57,33.6,0.0,0.0,0.0,221.0,2.62,11.0,102200.0
1990-11-17 15:00:00+00:00,0.81,34.9,0.0,0.0,0.0,216.55,2.62,7.0,102280.0
1990-11-17 16:00:00+00:00,0.17,34.75,0.0,0.0,0.0,213.25,2.69,11.0,102310.0
1990-11-17 17:00:00+00:00,-0.49,34.45,0.0,0.0,0.0,209.2,2.62,19.0,102360.0
1990-11-17 18:00:00+00:00,-1.19,34.3,0.0,0.0,0.0,208.6,2.34,24.0,102390.0
1990-11-17 19:00:00+00:00,-1.65,37.25,0.0,0.0,0.0,203.2,2.28,28.0,102430.0
1990-11-17 20:00:00+00:00,-2.58,38.6,0.0,0.0,0.0,199.3,2.07,32.0,102410.0
1990-11-17 21:00:00+00:00,-3.64,40.0,0.0,0.0,0.0,196.4,1.86,38.0,102440.0
1990-11-17 22:00:00+00:00,-4.45,41.45,0.0,0.0,0.0,194.1,1.59,41.0,102420.0
1990-11-17 23:00:00+00:00,-3.89,39.85,0.0,0.0,0.0,191.75,1.03,37.0,102480.0
1990-11-18 00:00:00+00:00,-2.97,33.75,191.45,748.33,73.9,191.6,0.14,36.0,102530.0
1990-11-18 01:00:00+00:00,-1.51,23.0,353.0,796.59,100.45,193.05,0.76,111.0,102610.0
1990-11-18 02:00:00+00:00,-0.1,20.45,478.1,819.88,115.8,195.05,1.31,136.0,102580.0
1990-11-18 03:00:00+00:00,1.22,19.05,548.05,812.32,123.1,197.75,1.66,154.0,102470.0
1990-11-18 04:00:00+00:00,2.49,18.5,554.4,775.72,123.7,201.25,2.0,166.0,102320.0
1990-11-18 05:00:00+00:00,3.54,18.75,497.0,707.76,117.65,205.3,2.41,170.0,102140.0
1990-11-18 06:00:00+00:00,4.31,18.85,383.05,597.04,104.4,208.8,2.83,169.0,102000.0
1990-11-18 07:00:00+00:00,4.87,19.85,227.9,417.15,81.0,212.7,3.24,165.0,101870.0
1990-11-18 08:00:00+00:00,4.46,20.6,68.7,158.43,37.0,214.2,3.24,162.0,101780.0
1990-11-18 09:00:00+00:00,3.0,23.15,0.35,0.0,0.35,213.65,2.55,160.0,101770.0
1990-11-18 10:00:00+00:00,1.38,27.1,0.0,0.0,0.0,212.1,2.55,174.0,101770.0
1990-11-18 11:00:00+00:00,0.45,29.25,0.0,0.0,0.0,211.15,2.62,191.0,101790.0
1990-11-18 12:00:00+00:00,-0.15,30.4,0.0,0.0,0.0,210.75,2.76,198.0,101750.0
1990-11-18 13:00:00+00:00,-0.49,31.6,0.0,0.0,0.0,215.2,2.76,196.0,101720.0
1990-11-18 14:00:00+00:00,-0.8,31.6,0.0,0.0,0.0,217.5,2.69,196.0,101720.0
1990-11-18 15:00:00+00:00,-1.16,34.3,0.0,0.0,0.0,217.7,2.48,196.0,101690.0
1990-11-18 16:00:00+00:00,-1.24,35.8,0.0,0.0,0.0,233.4,2.14,196.0,101650.0
1990-11-18 17:00:00+00:00,-1.51,38.9,0.0,0.0,0.0,237.25,1.86,200.0,101630.0
1990-11-18 18:00:00+00:00,-1.77,42.35,0.0,0.0,0.0,241.7,1.59,201.0,101630.0
1990-11-18 19:00:00+00:00,-2.02,47.9,0.0,0.0,0.0,227.2,1.17,212.0,101620.0
1990-11-18 20:00:00+00:00,-1.8,46.05,0.0,0.0,0.0,218.1,1.03,214.0,101570.0
1990-11-18 21:00:00+00:00,-1.6,46.05,0.0,0.0,0.0,217.15,0.76,204.0,101570.0
1990-11-18 22:00:00+00:00,-1.37,46.05,0.0,0.0,0.0,219.45,0.48,206.0,101580.0
1990-11-18 23:00:00+00:00,-1.18,46.2,0.0,0.0,0.0,234.35,0.28,187.0,101620.0
1990-11-19 00:00:00+00:00,-0.71,46.35,144.05,262.17,103.8,237.85,0.07,299.0,101680.0
1990-11-19 01:00:00+00:00,1.18,45.0,227.95,172.64,173.85,247.45,0.28,112.0,101750.0
1990-11-19 02:00:00+00:00,3.07,37.0,343.65,312.19,206.85,260.65,0.55,69.0,101730.0
1990-11-19 03:00:00+00:00,4.82,33.05,312.25,182.48,217.45,263.2,0.9,55.0,101700.0
1990-11-19 04:00:00+00:00,5.6,31.85,306.0,95.69,253.2,279.25,1.24,63.0,101670.0
1990-11-19 05:00:00+00:00,6.19,32.0,262.5,86.72,216.3,290.65,1.38,63.0,101580.0
1990-11-19 06:00:00+00:00,6.44,30.85,232.9,133.58,170.95,291.25,1.17,86.0,101520.0
1990-11-19 07:00:00+00:00,6.81,29.7,157.2,124.45,113.7,285.85,0.97,121.0,101470.0
1990-11-19 08:00:00+00:00,6.6,30.85,47.15,36.4,39.95,278.1,1.03,146.0,101430.0
1990-11-19 09:00:00+00:00,5.75,34.75,0.2,0.0,0.2,269.75,1.59,163.0,101440.0
1990-11-19 10:00:00+00:00,4.26,40.45,0.0,0.0,0.0,249.25,2.21,182.0,101480.0
1990-11-19 11:00:00+00:00,2.78,43.6,0.0,0.0,0.0,233.75,2.28,198.0,101510.0
1990-11-19 12:00:00+00:00,1.69,49.0,0.0,0.0,0.0,231.65,2.28,209.0,101520.0
1990-11-19 13:00:00+00:00,0.75,52.85,0.0,0.0,0.0,230.3,2.21,214.0,101530.0
1990-11-19 14:00:00+00:00,-0.16,59.45,0.0,0.0,0.0,229.5,2.0,218.0,101550.0
1990-11-19 15:00:00+00:00,-1.22,66.9,0.0,0.0,0.0,227.95,1.79,228.0,101580.0
1990-11-19 16:00:00+00:00,-2.29,72.3,0.0,0.0,0.0,226.8,1.66,235.0,101610.0
1990-11-19 17:00:00+00:00,-3.13,81.45,0.0,0.0,0.0,225.25,1.66,240.0,101600.0
1990-11-19 18:00:00+00:00,-3.65,84.7,0.0,0.0,0.0,223.7,1.72,244.0,101610.0
1990-11-19 19:00:00+00:00,-3.91,84.65,0.0,0.0,0.0,222.35,1.66,255.0,101600.0
1990-11-19 20:00:00+00:00,-4.17,81.3,0.0,0.0,0.0,220.2,1.79,258.0,101570.0
1990-11-19 21:00:00+00:00,-4.35,81.3,0.0,0.0,0.0,219.25,1.86,258.0,101570.0
1990-11-19 22:00:00+00:00,-4.48,81.25,0.0,0.0,0.0,217.15,1.86,260.0,101610.0
1990-11-19 23:00:00+00:00,-4.58,81.25,0.0,0.0,0.0,216.55,1.86,261.0,101650.0
1990-11-20 00:00:00+00:00,-3.55,78.15,180.75,727.33,71.65,216.55,1.24,265.0,101710.0
1990-11-20 01:00:00+00:00,1.8,59.95,338.65,775.81,98.35,219.75,0.76,268.0,101750.0
1990-11-20 02:00:00+00:00,6.81,41.15,462.15,802.19,113.55,225.65,0.21,262.0,101770.0
1990-11-20 03:00:00+00:00,9.66,30.4,531.45,795.72,120.9,232.8,0.55,147.0,101750.0
1990-11-20 04:00:00+00:00,11.19,24.15,538.65,760.81,121.45,237.65,1.24,147.0,101690.0
1990-11-20 05:00:00+00:00,11.97,21.6,482.85,693.45,115.6,240.75,1.66,142.0,101580.0
1990-11-20 06:00:00+00:00,12.29,20.0,371.0,582.74,102.4,242.65,2.07,141.0,101480.0
1990-11-20 07:00:00+00:00,12.28,20.75,219.1,403.14,79.2,244.2,2.62,154.0,101390.0
1990-11-20 08:00:00+00:00,11.47,23.35,64.5,149.23,35.3,244.4,2.62,148.0,101370.0
1990-11-20 09:00:00+00:00,9.0,30.3,0.2,0.0,0.2,242.5,2.9,145.0,101360.0
1990-11-20 10:00:00+00:00,7.05,35.0,0.0,0.0,0.0,239.0,2.76,160.0,101400.0
1990-11-20 11:00:00+00:00,5.73,37.7,0.0,0.0,0.0,236.85,2.69,183.0,101430.0
1990-11-20 12:00:00+00:00,4.63,43.9,0.0,0.0,0.0,236.1,2.62,196.0,101440.0
1990-11-20 13:00:00+00:00,3.75,43.9,0.0,0.0,0.0,235.15,2.62,200.0,101430.0
1990-11-20 14:00:00+00:00,2.98,49.25,0.0,0.0,0.0,234.35,2.69,202.0,101420.0
1990-11-20 15:00:00+00:00,2.34,53.25,0.0,0.0,0.0,233.6,2.69,203.0,101390.0
1990-11-20 16:00:00+00:00,1.85,55.3,0.0,0.0,0.0,232.6,2.69,205.0,101340.0
1990-11-20 17:00:00+00:00,1.3,59.8,0.0,0.0,0.0,231.85,2.55,210.0,101280.0
1990-11-20 18:00:00+00:00,0.53,64.55,0.0,0.0,0.0,231.05,2.34,215.0,101210.0
1990-11-20 19:00:00+00:00,-0.25,64.45,0.0,0.0,0.0,229.5,2.28,218.0,101140.0
1990-11-20 20:00:00+00:00,-0.91,69.65,0.0,0.0,0.0,228.15,2.28,219.0,101060.0
1990-11-20 21:00:00+00:00,-1.49,72.4,0.0,0.0,0.0,226.8,2.14,220.0,101010.0
1990-11-20 22:00:00+00:00,-1.99,75.3,0.0,0.0,0.0,224.5,2.14,221.0,101000.0
1990-11-20 23:00:00+00:00,-2.38,78.3,0.0,0.0,0.0,223.15,2.07,222.0,101020.0
1990-11-21 00:00:00+00:00,-1.69,75.35,176.55,722.12,70.75,223.15,1.86,222.0,101020.0
1990-11-21 01:00:00+00:00,2.96,57.8,332.95,768.72,97.6,226.55,1.59,216.0,101030.0
1990-11-21 02:00:00+00:00,7.67,43.0,455.25,794.94,112.65,233.2,1.66,211.0,101000.0
1990-11-21 03:00:00+00:00,10.96,33.4,524.55,790.51,119.45,240.95,1.79,202.0,100940.0
1990-11-21 04:00:00+00:00,13.46,26.9,527.9,738.19,125.55,247.9,2.14,194.0,100860.0
1990-11-21 05:00:00+00:00,15.16,24.1,466.85,646.87,126.25,254.3,2.07,192.0,100750.0
1990-11-21 06:00:00+00:00,15.94,21.6,365.9,580.25,100.05,259.9,1.52,185.0,100670.0
1990-11-21 07:00:00+00:00,15.74,22.4,214.3,393.77,78.6,258.35,0.62,144.0,100610.0
1990-11-21 08:00:00+00:00,15.1,27.2,54.5,64.3,42.05,259.9,1.31,74.0,100650.0
1990-11-21 09:00:00+00:00,13.35,31.55,0.15,0.0,0.15,273.25,1.79,58.0,100710.0
1990-11-21 10:00:00+00:00,10.69,40.55,0.0,0.0,0.0,274.2,1.52,25.0,100790.0
1990-11-21 11:00:00+00:00,8.31,45.0,0.0,0.0,0.0,277.5,1.93,337.0,100880.0
1990-11-21 12:00:00+00:00,7.24,44.75,0.0,0.0,0.0,285.85,2.62,314.0,100960.0
1990-11-21 13:00:00+00:00,6.95,38.0,0.0,0.0,0.0,281.75,2.76,305.0,101030.0
1990-11-21 14:00:00+00:00,6.98,30.95,0.0,0.0,0.0,273.25,2.97,301.0,101090.0
1990-11-21 15:00:00+00:00,6.92,26.25,0.0,0.0,0.0,272.1,3.03,304.0,101120.0
1990-11-21 16:00:00+00:00,6.6,26.1,0.0,0.0,0.0,266.5,2.97,310.0,101150.0
1990-11-21 17:00:00+00:00,6.01,25.95,0.0,0.0,0.0,255.05,2.9,315.0,101160.0
1990-11-21 18:00:00+00:00,5.13,27.95,0.0,0.0,0.0,238.4,2.83,318.0,101190.0
1990-11-21 19:00:00+00:00,3.59,32.75,0.0,0.0,0.0,221.6,2.21,319.0,101260.0
1990-11-21 20:00:00+00:00,2.09,36.7,0.0,0.0,0.0,221.75,2.21,312.0,101270.0
1990-11-21 21:00:00+00:00,0.84,39.6,0.0,0.0,0.0,221.2,2.48,306.0,101310.0
1990-11-21 22:00:00+00:00,0.14,42.75,0.0,0.0,0.0,220.6,2.34,310.0,101370.0
1990-11-21 23:00:00+00:00,0.69,41.3,0.0,0.0,0.0,218.85,1.72,333.0,101440.0
1990-11-22 00:00:00+00:00,2.85,37.0,174.3,728.69,70.05,218.5,0.9,339.0,101520.0
1990-11-22 01:00:00+00:00,4.51,43.9,331.35,773.57,97.25,220.9,0.28,337.0,101600.0
1990-11-22 02:00:00+00:00,7.53,29.85,454.6,800.33,112.5,224.5,0.76,356.0,101600.0
1990-11-22 03:00:00+00:00,9.45,23.8,524.1,794.26,119.8,228.95,2.34,338.0,101580.0
1990-11-22 04:00:00+00:00,10.44,19.5,531.9,759.95,120.15,231.25,3.03,339.0,101500.0
1990-11-22 05:00:00+00:00,11.04,17.3,473.9,681.02,117.35,233.4,3.31,335.0,101380.0
1990-11-22 06:00:00+00:00,11.8,14.8,361.7,556.75,108.1,234.95,4.28,321.0,101290.0
1990-11-22 07:00:00+00:00,11.69,14.7,216.3,404.32,77.9,237.45,3.1,313.0,101220.0
1990-11-22 08:00:00+00:00,11.18,16.6,62.25,146.88,34.1,234.15,1.93,312.0,101200.0
1990-11-22 09:00:00+00:00,9.83,20.25,0.15,0.0,0.15,231.45,1.31,313.0,101230.0
1990-11-22 10:00:00+00:00,6.92,29.7,0.0,0.0,0.0,228.55,1.45,302.0,101310.0
1990-11-22 11:00:00+00:00,4.18,32.9,0.0,0.0,0.0,226.6,2.14,299.0,101370.0
1990-11-22 12:00:00+00:00,2.37,36.85,0.0,0.0,0.0,225.05,2.48,298.0,101420.0
1990-11-22 13:00:00+00:00,1.07,41.3,0.0,0.0,0.0,222.15,2.41,290.0,101460.0
1990-11-22 14:00:00+00:00,-0.15,46.5,0.0,0.0,0.0,219.85,2.34,280.0,101490.0
1990-11-22 15:00:00+00:00,-1.33,52.35,0.0,0.0,0.0,216.35,2.28,270.0,101490.0
1990-11-22 16:00:00+00:00,-2.15,58.95,0.0,0.0,0.0,214.2,2.21,268.0,101510.0
1990-11-22 17:00:00+00:00,-2.62,61.35,0.0,0.0,0.0,212.1,2.21,271.0,101530.0
1990-11-22 18:00:00+00:00,-3.12,61.2,0.0,0.0,0.0,209.75,2.14,275.0,101540.0
1990-11-22 19:00:00+00:00,-3.32,63.8,0.0,0.0,0.0,210.75,1.79,289.0,101580.0
1990-11-22 20:00:00+00:00,-4.06,69.05,0.0,0.0,0.0,208.4,1.72,276.0,101560.0
1990-11-22 21:00:00+00:00,-4.48,71.85,0.0,0.0,0.0,205.9,1.86,260.0,101520.0
1990-11-22 22:00:00+00:00,-4.81,71.85,0.0,0.0,0.0,204.15,2.0,252.0,101520.0
1990-11-22 23:00:00+00:00,-5.08,71.75,0.0,0.0,0.0,202.8,2.0,247.0,101490.0
1990-11-23 00:00:00+00:00,-4.21,69.05,173.95,750.77,69.1,202.4,1.59,240.0,101470.0
1990-11-23 01:00:00+00:00,1.18,45.0,331.25,783.24,96.95,204.85,1.52,216.0,101460.0
1990-11-23 02:00:00+00:00,5.99,28.25,454.1,806.4,112.2,211.5,2.48,196.0,101410.0
1990-11-23 03:00:00+00:00,8.35,17.45,521.95,794.29,120.3,218.5,3.38,202.0,101310.0
1990-11-23 04:00:00+00:00,9.7,15.55,528.05,753.83,122.0,225.05,3.24,217.0,101150.0
1990-11-23 05:00:00+00:00,10.88,14.6,473.15,689.12,114.35,229.7,2.9,234.0,100980.0
1990-11-23 06:00:00+00:00,11.78,13.6,362.05,574.37,101.9,233.95,2.62,264.0,100850.0
1990-11-23 07:00:00+00:00,12.18,14.2,213.65,401.08,77.25,237.25,2.9,306.0,100860.0
1990-11-23 08:00:00+00:00,11.48,17.45,60.6,143.57,33.35,237.05,2.07,342.0,100900.0
1990-11-23 09:00:00+00:00,9.45,22.8,0.05,0.0,0.05,234.35,2.34,16.0,100970.0
1990-11-23 10:00:00+00:00,7.25,26.35,0.0,0.0,0.0,231.25,2.21,24.0,101060.0
1990-11-23 11:00:00+00:00,5.15,31.7,0.0,0.0,0.0,228.15,2.0,16.0,101150.0
1990-11-23 12:00:00+00:00,3.35,34.15,0.0,0.0,0.0,225.25,1.93,356.0,101270.0
1990-11-23 13:00:00+00:00,1.78,36.7,0.0,0.0,0.0,221.4,1.86,342.0,101360.0
1990-11-23 14:00:00+00:00,0.34,42.9,0.0,0.0,0.0,218.5,1.79,332.0,101440.0
1990-11-23 15:00:00+00:00,-0.86,48.15,0.0,0.0,0.0,214.6,1.72,322.0,101510.0
1990-11-23 16:00:00+00:00,-2.26,52.05,0.0,0.0,0.0,211.7,1.93,305.0,101570.0
1990-11-23 17:00:00+00:00,-3.32,56.35,0.0,0.0,0.0,209.4,2.28,292.0,101610.0
1990-11-23 18:00:00+00:00,-3.98,60.95,0.0,0.0,0.0,207.05,2.28,288.0,101670.0
1990-11-23 19:00:00+00:00,-1.28,46.2,0.0,0.0,0.0,209.2,1.45,319.0,101740.0
1990-11-23 20:00:00+00:00,-0.84,46.2,0.0,0.0,0.0,207.25,1.17,318.0,101690.0
1990-11-23 21:00:00+00:00,-0.05,42.75,0.0,0.0,0.0,205.9,0.83,313.0,101710.0
1990-11-23 22:00:00+00:00,-0.3,41.0,0.0,0.0,0.0,205.15,0.41,262.0,101700.0
1990-11-23 23:00:00+00:00,-0.8,42.6,0.0,0.0,0.0,204.55,0.9,198.0,101730.0
1990-11-24 00:00:00+00:00,-2.7,51.95,168.5,732.98,68.6,204.95,1.38,200.0,101770.0
1990-11-24 01:00:00+00:00,0.61,44.75,325.05,774.07,96.15,207.95,1.24,185.0,101800.0
1990-11-24 02:00:00+00:00,3.45,30.1,447.95,799.85,111.55,212.1,2.41,174.0,101790.0
1990-11-24 03:00:00+00:00,5.27,25.8,517.25,792.81,118.95,216.35,3.38,170.0,101700.0
1990-11-24 04:00:00+00:00,6.76,22.15,524.5,756.11,119.55,221.0,4.28,172.0,101570.0
1990-11-24 05:00:00+00:00,7.86,21.5,469.5,687.06,113.7,225.65,4.83,177.0,101400.0
1990-11-24 06:00:00+00:00,8.58,21.6,359.9,575.52,100.65,229.9,5.31,178.0,101250.0
1990-11-24 07:00:00+00:00,8.78,20.85,210.3,393.82,77.2,231.45,5.17,173.0,101110.0
1990-11-24 08:00:00+00:00,8.2,22.4,59.2,140.65,32.75,233.4,4.83,167.0,101020.0
1990-11-24 09:00:00+00:00,6.69,24.0,0.05,0.0,0.05,233.6,4.9,170.0,101000.0
1990-11-24 10:00:00+00:00,5.66,25.8,0.0,0.0,0.0,231.85,4.83,180.0,100950.0
1990-11-24 11:00:00+00:00,5.05,27.95,0.0,0.0,0.0,230.65,4.48,188.0,100920.0
1990-11-24 12:00:00+00:00,4.43,31.55,0.0,0.0,0.0,230.3,4.07,193.0,100890.0
1990-11-24 13:00:00+00:00,3.92,32.9,0.0,0.0,0.0,231.25,4.0,195.0,100870.0
1990-11-24 14:00:00+00:00,3.61,35.6,0.0,0.0,0.0,232.8,3.93,196.0,100830.0
1990-11-24 15:00:00+00:00,3.29,37.15,0.0,0.0,0.0,233.6,3.66,197.0,100790.0
1990-11-24 16:00:00+00:00,2.91,40.15,0.0,0.0,0.0,233.75,3.38,200.0,100770.0
1990-11-24 17:00:00+00:00,2.43,41.7,0.0,0.0,0.0,233.2,2.97,203.0,100730.0
1990-11-24 18:00:00+00:00,1.83,43.3,0.0,0.0,0.0,232.2,2.62,207.0,100730.0
1990-11-24 19:00:00+00:00,0.08,52.6,0.0,0.0,0.0,230.1,2.0,248.0,100740.0
1990-11-24 20:00:00+00:00,-0.96,59.2,0.0,0.0,0.0,229.3,1.93,274.0,100730.0
1990-11-24 21:00:00+00:00,-1.85,64.0,0.0,0.0,0.0,227.75,1.93,294.0,100770.0
1990-11-24 22:00:00+00:00,-2.64,69.35,0.0,0.0,0.0,227.2,1.79,292.0,100780.0
1990-11-24 23:00:00+00:00,-3.32,72.1,0.0,0.0,0.0,226.4,1.66,284.0,100790.0
1990-11-25 00:00:00+00:00,-2.86,75.1,161.6,712.92,66.8,226.6,1.24,278.0,100830.0
1990-11-25 01:00:00+00:00,1.87,67.5,315.5,756.33,94.4,229.8,0.62,263.0,100890.0
1990-11-25 02:00:00+00:00,7.27,39.7,437.5,785.28,109.85,235.5,0.76,207.0,100860.0
1990-11-25 03:00:00+00:00,10.87,29.6,507.2,780.97,117.35,242.1,2.0,190.0,100800.0
1990-11-25 04:00:00+00:00,13.75,22.9,515.45,745.9,118.2,248.5,2.97,191.0,100670.0
1990-11-25 05:00:00+00:00,15.68,18.25,462.35,678.83,112.65,254.3,3.59,200.0,100540.0
1990-11-25 06:00:00+00:00,16.64,16.35,354.75,569.42,99.6,258.55,3.93,207.0,100450.0
1990-11-25 07:00:00+00:00,17.28,15.8,207.2,389.33,76.4,260.65,3.59,212.0,100380.0
1990-11-25 08:00:00+00:00,16.14,19.15,58.0,138.67,32.15,261.25,2.83,203.0,100400.0
1990-11-25 09:00:00+00:00,13.43,22.9,0.05,0.0,0.05,257.4,3.03,217.0,100460.0
1990-11-25 10:00:00+00:00,10.62,27.2,0.0,0.0,0.0,253.7,3.03,244.0,100560.0
1990-11-25 11:00:00+00:00,8.44,31.4,0.0,0.0,0.0,250.8,3.1,268.0,100640.0
1990-11-25 12:00:00+00:00,6.6,34.9,0.0,0.0,0.0,247.7,2.97,279.0,100730.0
1990-11-25 13:00:00+00:00,4.77,39.0,0.0,0.0,0.0,244.2,2.76,281.0,100800.0
1990-11-25 14:00:00+00:00,3.37,43.75,0.0,0.0,0.0,241.5,2.69,279.0,100890.0
1990-11-25 15:00:00+00:00,2.43,47.15,0.0,0.0,0.0,239.2,2.69,280.0,100970.0
1990-11-25 16:00:00+00:00,1.73,49.0,0.0,0.0,0.0,237.45,2.55,285.0,101040.0
1990-11-25 17:00:00+00:00,0.96,52.85,0.0,0.0,0.0,235.3,2.28,300.0,101130.0
1990-11-25 18:00:00+00:00,0.14,57.1,0.0,0.0,0.0,233.0,1.86,318.0,101200.0
1990-11-25 19:00:00+00:00,0.15,61.9,0.0,0.0,0.0,231.85,1.93,334.0,101330.0
1990-11-25 20:00:00+00:00,-0.66,64.35,0.0,0.0,0.0,230.3,1.86,336.0,101370.0
1990-11-25 21:00:00+00:00,-1.24,64.25,0.0,0.0,0.0,229.5,1.93,345.0,101440.0
1990-11-25 22:00:00+00:00,-1.53,66.8,0.0,0.0,0.0,228.35,2.48,6.0,101560.0
1990-11-25 23:00:00+00:00,-1.55,69.55,0.0,0.0,0.0,227.2,2.76,16.0,101700.0
1990-11-26 00:00:00+00:00,-0.97,72.5,156.2,692.34,66.4,226.2,2.48,6.0,101850.0
1990-11-26 01:00:00+00:00,2.0,59.95,307.35,734.91,94.95,227.5,2.62,3.0,102010.0
1990-11-26 02:00:00+00:00,3.81,49.55,428.5,767.09,110.95,229.5,2.76,24.0,102080.0
1990-11-26 03:00:00+00:00,5.03,42.3,499.2,767.36,118.55,231.25,2.34,41.0,102090.0
1990-11-26 04:00:00+00:00,6.01,36.2,509.2,736.02,119.35,232.2,1.93,58.0,102020.0
1990-11-26 05:00:00+00:00,6.73,30.95,457.5,670.88,113.65,233.75,1.86,78.0,101910.0
1990-11-26 06:00:00+00:00,7.15,30.95,351.1,562.68,100.25,234.55,2.0,93.0,101810.0
1990-11-26 07:00:00+00:00,7.63,29.85,204.7,383.17,76.7,235.5,2.28,114.0,101670.0
1990-11-26 08:00:00+00:00,7.21,28.5,56.8,134.69,31.9,234.75,2.21,122.0,101650.0
1990-11-26 09:00:00+00:00,5.82,32.0,0.0,0.0,0.0,232.4,2.0,117.0,101650.0
1990-11-26 10:00:00+00:00,4.3,34.3,0.0,0.0,0.0,229.3,1.93,121.0,101680.0
1990-11-26 11:00:00+00:00,2.78,37.0,0.0,0.0,0.0,228.55,1.66,133.0,101700.0
1990-11-26 12:00:00+00:00,1.32,43.2,0.0,0.0,0.0,228.15,1.52,153.0,101700.0
1990-11-26 13:00:00+00:00,0.2,46.6,0.0,0.0,0.0,227.95,1.59,171.0,101690.0
1990-11-26 14:00:00+00:00,-0.78,50.35,0.0,0.0,0.0,227.75,1.79,186.0,101650.0
1990-11-26 15:00:00+00:00,-1.69,56.7,0.0,0.0,0.0,227.0,1.93,197.0,101600.0
1990-11-26 16:00:00+00:00,-2.24,58.95,0.0,0.0,0.0,225.85,2.14,205.0,101530.0
1990-11-26 17:00:00+00:00,-2.48,61.35,0.0,0.0,0.0,224.5,2.28,205.0,101480.0
1990-11-26 18:00:00+00:00,-2.41,61.35,0.0,0.0,0.0,224.5,2.34,203.0,101410.0
1990-11-26 19:00:00+00:00,-2.58,61.35,0.0,0.0,0.0,227.95,2.0,200.0,101300.0
1990-11-26 20:00:00+00:00,-2.62,61.35,0.0,0.0,0.0,228.75,2.14,193.0,101190.0
1990-11-26 21:00:00+00:00,-2.37,61.35,0.0,0.0,0.0,229.9,2.41,188.0,101120.0
1990-11-26 22:00:00+00:00,-1.85,58.95,0.0,0.0,0.0,231.25,2.69,186.0,101060.0
1990-11-26 23:00:00+00:00,-1.22,56.85,0.0,0.0,0.0,233.2,2.97,185.0,101030.0
1990-11-27 00:00:00+00:00,-0.13,57.1,149.9,672.81,64.8,234.75,3.17,185.0,101020.0
1990-11-27 01:00:00+00:00,2.66,55.45,297.7,715.83,93.15,238.15,3.45,182.0,101010.0
1990-11-27 02:00:00+00:00,5.51,51.8,398.35,644.65,133.55,244.4,4.48,182.0,100950.0
1990-11-27 03:00:00+00:00,7.85,48.55,440.85,557.2,166.15,253.7,5.1,182.0,100830.0
1990-11-27 04:00:00+00:00,9.79,45.4,419.6,446.23,184.5,268.4,5.45,183.0,100710.0
1990-11-27 05:00:00+00:00,11.06,45.7,320.4,233.13,201.5,282.75,5.59,184.0,100540.0
1990-11-27 06:00:00+00:00,11.53,45.8,245.7,192.05,160.5,288.35,5.31,183.0,100430.0
1990-11-27 07:00:00+00:00,11.33,45.8,121.2,62.15,100.55,290.5,4.41,177.0,100350.0
1990-11-27 08:00:00+00:00,10.65,51.1,33.6,4.36,32.8,296.85,3.45,171.0,100300.0
1990-11-27 09:00:00+00:00,9.37,57.05,0.0,0.0,0.0,296.3,3.24,176.0,100340.0
1990-11-27 10:00:00+00:00,8.39,61.3,0.0,0.0,0.0,293.2,3.17,185.0,100370.0
1990-11-27 11:00:00+00:00,7.7,65.95,0.0,0.0,0.0,286.8,3.03,192.0,100370.0
1990-11-27 12:00:00+00:00,7.09,68.4,0.0,0.0,0.0,282.75,2.76,197.0,100390.0
1990-11-27 13:00:00+00:00,6.2,73.65,0.0,0.0,0.0,270.55,2.48,205.0,100380.0
1990-11-27 14:00:00+00:00,4.98,79.3,0.0,0.0,0.0,258.35,2.21,216.0,100370.0
1990-11-27 15:00:00+00:00,3.46,82.25,0.0,0.0,0.0,254.1,1.86,230.0,100360.0
1990-11-27 16:00:00+00:00,1.98,88.65,0.0,0.0,0.0,251.6,1.66,242.0,100380.0
1990-11-27 17:00:00+00:00,1.03,92.05,0.0,0.0,0.0,248.1,1.59,261.0,100380.0
1990-11-27 18:00:00+00:00,0.21,88.5,0.0,0.0,0.0,245.2,1.72,282.0,100380.0
1990-11-27 19:00:00+00:00,-1.05,91.95,0.0,0.0,0.0,240.55,1.79,304.0,100480.0
1990-11-27 20:00:00+00:00,-1.71,91.9,0.0,0.0,0.0,238.6,1.79,295.0,100500.0
1990-11-27 21:00:00+00:00,-2.15,91.85,0.0,0.0,0.0,236.65,1.86,288.0,100540.0
1990-11-27 22:00:00+00:00,-2.42,91.85,0.0,0.0,0.0,235.15,1.93,282.0,100600.0
1990-11-27 23:00:00+00:00,-2.56,91.85,0.0,0.0,0.0,233.95,2.07,284.0,100680.0
1990-11-28 00:00:00+00:00,-2.09,88.3,150.75,702.27,64.15,233.95,1.66,289.0,100810.0
1990-11-28 01:00:00+00:00,2.42,76.0,299.3,716.68,96.8,236.2,1.31,297.0,100990.0
1990-11-28 02:00:00+00:00,8.83,46.95,390.5,633.78,132.15,243.45,1.31,325.0,101100.0
1990-11-28 03:00:00+00:00,12.47,30.05,446.9,607.0,149.45,252.15,2.28,354.0,101170.0
1990-11-28 04:00:00+00:00,14.23,19.55,420.35,483.47,166.95,267.65,4.28,359.0,101200.0
1990-11-28 05:00:00+00:00,14.25,18.8,446.85,651.01,116.4,267.65,4.76,15.0,101190.0
1990-11-28 06:00:00+00:00,14.0,18.8,316.75,426.54,128.4,262.2,4.69,31.0,101200.0
1990-11-28 07:00:00+00:00,13.36,22.9,183.4,294.81,85.95,267.25,4.21,51.0,101140.0
1990-11-28 08:00:00+00:00,11.75,28.6,47.7,91.71,31.0,260.65,3.79,60.0,101230.0
1990-11-28 09:00:00+00:00,9.2,35.6,0.0,0.0,0.0,255.05,3.1,60.0,101340.0
1990-11-28 10:00:00+00:00,7.09,42.85,0.0,0.0,0.0,246.35,2.48,47.0,101520.0
1990-11-28 11:00:00+00:00,5.83,46.1,0.0,0.0,0.0,243.45,2.28,22.0,101700.0
1990-11-28 12:00:00+00:00,4.47,49.55,0.0,0.0,0.0,238.05,2.55,15.0,101810.0
1990-11-28 13:00:00+00:00,3.51,47.45,0.0,0.0,0.0,235.3,2.76,28.0,101950.0
1990-11-28 14:00:00+00:00,2.62,45.3,0.0,0.0,0.0,233.95,2.9,38.0,102030.0
1990-11-28 15:00:00+00:00,1.59,41.45,0.0,0.0,0.0,228.75,2.83,35.0,102130.0
1990-11-28 16:00:00+00:00,1.05,36.4,0.0,0.0,0.0,247.5,2.62,24.0,102170.0
1990-11-28 17:00:00+00:00,0.47,31.9,0.0,0.0,0.0,247.9,2.48,12.0,102220.0
1990-11-28 18:00:00+00:00,-0.02,29.1,0.0,0.0,0.0,248.65,2.28,8.0,102260.0
1990-11-28 19:00:00+00:00,0.01,30.4,0.0,0.0,0.0,251.75,2.41,2.0,102190.0
1990-11-28 20:00:00+00:00,-0.38,27.75,0.0,0.0,0.0,249.45,2.62,1.0,102180.0
1990-11-28 21:00:00+00:00,-0.68,24.3,0.0,0.0,0.0,250.2,2.76,2.0,102180.0
1990-11-28 22:00:00+00:00,-0.82,22.25,0.0,0.0,0.0,258.15,2.62,3.0,102260.0
1990-11-28 23:00:00+00:00,-1.03,22.1,0.0,0.0,0.0,259.1,2.62,4.0,102340.0
1990-11-29 00:00:00+00:00,-0.98,21.1,69.15,6.66,68.35,264.75,2.55,1.0,102380.0
1990-11-29 01:00:00+00:00,-0.55,18.55,137.8,12.88,134.2,264.25,2.76,5.0,102450.0
1990-11-29 02:00:00+00:00,0.1,16.3,205.75,28.92,194.05,269.6,2.69,11.0,102450.0
1990-11-29 03:00:00+00:00,0.77,15.1,267.9,81.6,228.15,272.65,2.34,15.0,102420.0
1990-11-29 04:00:00+00:00,1.44,15.2,280.8,76.03,241.15,273.05,2.0,23.0,102320.0
1990-11-29 05:00:00+00:00,1.9,15.3,220.6,53.14,193.75,275.75,1.66,33.0,102200.0
1990-11-29 06:00:00+00:00,2.02,16.05,220.25,102.59,175.15,276.15,1.38,54.0,102100.0
1990-11-29 07:00:00+00:00,2.27,18.5,171.95,239.24,93.25,276.55,1.59,92.0,101990.0
1990-11-29 08:00:00+00:00,2.15,20.05,47.55,97.03,30.0,245.75,1.45,97.0,101970.0
1990-11-29 09:00:00+00:00,1.45,22.75,0.0,0.0,0.0,244.4,1.31,86.0,101990.0
1990-11-29 10:00:00+00:00,0.51,26.85,0.0,0.0,0.0,228.35,1.38,74.0,102070.0
1990-11-29 11:00:00+00:00,-0.7,33.0,0.0,0.0,0.0,225.85,1.31,59.0,102080.0
1990-11-29 12:00:00+00:00,-0.78,33.0,0.0,0.0,0.0,229.15,0.69,46.0,102070.0
1990-11-29 13:00:00+00:00,-0.64,31.6,0.0,0.0,0.0,234.75,0.28,328.0,102080.0
1990-11-29 14:00:00+00:00,-0.86,34.3,0.0,0.0,0.0,242.65,0.28,295.0,102070.0
1990-11-29 15:00:00+00:00,-1.12,34.3,0.0,0.0,0.0,240.75,0.21,340.0,102060.0
1990-11-29 16:00:00+00:00,-1.85,38.7,0.0,0.0,0.0,236.5,0.76,21.0,102040.0
1990-11-29 17:00:00+00:00,-2.9,43.75,0.0,0.0,0.0,236.5,1.03,20.0,102040.0
1990-11-29 18:00:00+00:00,-3.78,45.5,0.0,0.0,0.0,227.95,1.38,16.0,102020.0
1990-11-29 19:00:00+00:00,-4.32,41.6,0.0,0.0,0.0,214.4,2.28,13.0,102120.0
1990-11-29 20:00:00+00:00,-4.32,39.85,0.0,0.0,0.0,212.7,2.48,7.0,102100.0
1990-11-29 21:00:00+00:00,-4.39,39.7,0.0,0.0,0.0,210.15,2.55,3.0,102150.0
1990-11-29 22:00:00+00:00,-4.55,38.0,0.0,0.0,0.0,208.05,2.55,0.0,102200.0
1990-11-29 23:00:00+00:00,-4.71,36.35,0.0,0.0,0.0,205.9,2.48,356.0,102260.0
1990-11-30 00:00:00+00:00,-4.37,34.95,147.95,716.24,64.05,203.6,2.28,354.0,102350.0
1990-11-30 01:00:00+00:00,-2.29,28.55,302.0,756.11,93.05,203.7,2.76,2.0,102420.0
1990-11-30 02:00:00+00:00,-0.34,26.55,426.25,789.23,109.3,204.55,3.1,12.0,102430.0
1990-11-30 03:00:00+00:00,1.09,24.7,498.95,788.08,117.25,205.9,3.17,22.0,102420.0
1990-11-30 04:00:00+00:00,2.08,23.95,509.7,753.74,118.55,207.65,2.97,30.0,102330.0
1990-11-30 05:00:00+00:00,2.75,22.2,459.05,688.1,112.9,209.95,2.69,39.0,102220.0
1990-11-30 06:00:00+00:00,3.07,22.2,351.65,575.56,99.7,210.15,2.48,49.0,102130.0
1990-11-30 07:00:00+00:00,2.73,24.2,204.35,391.02,76.3,210.95,1.93,80.0,102020.0
1990-11-30 08:00:00+00:00,2.26,26.25,55.65,136.3,31.15,210.75,1.59,91.0,102000.0
1990-11-30 09:00:00+00:00,1.31,30.85,0.0,0.0,0.0,209.6,0.9,78.0,102030.0
1990-11-30 10:00:00+00:00,0.6,33.3,0.0,0.0,0.0,208.2,0.28,303.0,102080.0
1990-11-30 11:00:00+00:00,-1.29,37.4,0.0,0.0,0.0,208.6,1.1,255.0,102100.0
1990-11-30 12:00:00+00:00,-3.51,47.45,0.0,0.0,0.0,208.4,1.79,241.0,102120.0
1990-11-30 13:00:00+00:00,-4.53,51.4,0.0,0.0,0.0,208.2,2.0,234.0,102120.0
1990-11-30 14:00:00+00:00,-4.83,53.65,0.0,0.0,0.0,208.6,2.07,223.0,102110.0
1990-11-30 15:00:00+00:00,-4.84,53.65,0.0,0.0,0.0,209.0,2.07,215.0,102100.0
1990-11-30 16:00:00+00:00,-9.05,67.17,0.0,0.0,0.0,199.26,1.87,211.0,102080.0
1990-11-30 17:00:00+00:00,-7.74,65.44,0.0,0.0,0.0,202.43,1.83,210.0,102050.0
1990-11-30 18:00:00+00:00,-6.43,63.7,0.0,0.0,0.0,205.6,1.79,213.0,102000.0
1990-11-30 19:00:00+00:00,-5.12,61.96,0.0,0.0,0.0,208.77,1.76,213.0,102010.0
1990-11-30 20:00:00+00:00,-3.81,60.23,0.0,0.0,0.0,211.94,1.72,216.0,101950.0
1990-11-30 21:00:00+00:00,-2.5,58.49,0.0,0.0,0.0,215.11,1.68,216.0,101940.0
1990-11-30 22:00:00+00:00,-1.19,56.75,0.0,0.0,0.0,218.29,1.64,215.0,101930.0
1990-11-30 23:00:00+00:00,0.11,55.02,0.0,0.0,0.0,221.46,1.61,216.0,101960.0
1990-12-01 00:00:00+00:00,1.42,53.28,142.8,723.04,62.4,224.63,1.57,323.0,102020.0
1990-12-01 01:00:00+00:00,2.73,51.55,293.65,747.55,91.5,227.8,1.53,333.0,102130.0
1990-12-01 02:00:00+00:00,4.04,49.81,415.1,776.91,107.55,230.97,1.49,354.0,102190.0
1990-12-01 03:00:00+00:00,5.35,48.07,485.55,772.66,115.45,234.14,1.45,15.0,102220.0
1990-12-01 04:00:00+00:00,6.66,46.34,496.15,738.12,116.65,237.32,1.42,38.0,102170.0
1990-12-01 05:00:00+00:00,7.97,44.6,445.9,670.96,111.15,240.49,1.38,59.0,102120.0
1990-12-01 06:00:00+00:00,9.28,42.86,341.55,559.58,98.5,243.66,1.34,80.0,102050.0
1990-12-01 07:00:00+00:00,10.59,41.13,197.45,376.66,75.1,246.83,1.3,83.0,102030.0
1990-12-01 08:00:00+00:00,9.73,35.85,53.45,130.46,30.25,244.8,1.31,84.0,102030.0
1990-12-01 09:00:00+00:00,8.32,41.6,0.0,0.0,0.0,241.7,1.38,80.0,102040.0
1990-12-01 10:00:00+00:00,6.96,48.25,0.0,0.0,0.0,238.4,0.76,63.0,102080.0
1990-12-01 11:00:00+00:00,6.5,46.25,0.0,0.0,0.0,237.05,0.48,327.0,102120.0
1990-12-01 12:00:00+00:00,5.4,49.8,0.0,0.0,0.0,235.7,0.97,289.0,102150.0
1990-12-01 13:00:00+00:00,3.48,60.15,0.0,0.0,0.0,234.95,1.24,275.0,102180.0
1990-12-01 14:00:00+00:00,1.98,64.9,0.0,0.0,0.0,233.2,1.45,258.0,102190.0
1990-12-01 15:00:00+00:00,0.11,69.95,0.0,0.0,0.0,232.4,1.66,241.0,102180.0
1990-12-01 16:00:00+00:00,-1.24,78.5,0.0,0.0,0.0,231.25,1.93,230.0,102180.0
1990-12-01 17:00:00+00:00,-1.9,81.65,0.0,0.0,0.0,230.85,2.0,223.0,102140.0
1990-12-01 18:00:00+00:00,-2.18,81.55,0.0,0.0,0.0,230.85,2.0,219.0,102090.0
1990-12-01 19:00:00+00:00,-1.41,78.45,0.0,0.0,0.0,232.2,1.66,228.0,102030.0
1990-12-01 20:00:00+00:00,-1.95,81.55,0.0,0.0,0.0,232.6,1.79,236.0,101940.0
1990-12-01 21:00:00+00:00,-2.41,81.55,0.0,0.0,0.0,232.4,1.93,238.0,101910.0
1990-12-01 22:00:00+00:00,-2.7,84.85,0.0,0.0,0.0,232.8,1.93,232.0,101870.0
1990-12-01 23:00:00+00:00,-2.84,84.85,0.0,0.0,0.0,232.8,1.86,228.0,101870.0
1990-12-02 00:00:00+00:00,-2.3,84.85,138.7,714.11,61.35,233.0,1.66,223.0,101880.0
1990-12-02 01:00:00+00:00,1.61,82.0,288.45,739.29,90.65,236.0,1.31,207.0,101920.0
1990-12-02 02:00:00+00:00,6.71,56.45,409.8,770.24,107.0,240.95,1.72,189.0,101900.0
1990-12-02 03:00:00+00:00,9.25,47.05,480.7,767.32,115.1,246.75,2.48,182.0,101830.0
1990-12-02 04:00:00+00:00,11.09,43.95,491.75,733.26,116.4,251.75,2.97,180.0,101730.0
1990-12-02 05:00:00+00:00,12.38,41.1,441.9,666.4,110.7,256.4,3.1,178.0,101620.0
1990-12-02 06:00:00+00:00,13.14,41.2,337.8,554.07,98.0,260.1,3.17,178.0,101540.0
1990-12-02 07:00:00+00:00,13.21,41.2,194.7,370.91,74.65,261.25,2.69,171.0,101460.0
1990-12-02 08:00:00+00:00,12.31,46.1,52.35,126.81,29.9,262.05,2.14,162.0,101440.0
1990-12-02 09:00:00+00:00,10.23,53.1,0.0,0.0,0.0,258.95,2.48,162.0,101440.0
1990-12-02 10:00:00+00:00,8.2,61.3,0.0,0.0,0.0,255.45,2.55,178.0,101450.0
1990-12-02 11:00:00+00:00,6.78,68.4,0.0,0.0,0.0,253.7,2.48,194.0,101460.0
1990-12-02 12:00:00+00:00,5.45,76.4,0.0,0.0,0.0,251.95,2.34,203.0,101460.0
1990-12-02 13:00:00+00:00,3.99,82.25,0.0,0.0,0.0,250.05,2.28,208.0,101430.0
1990-12-02 14:00:00+00:00,2.75,82.2,0.0,0.0,0.0,248.85,2.14,216.0,101400.0
1990-12-02 15:00:00+00:00,1.8,85.3,0.0,0.0,0.0,252.95,1.93,220.0,101370.0
1990-12-02 16:00:00+00:00,1.06,88.55,0.0,0.0,0.0,255.05,1.86,221.0,101330.0
1990-12-02 17:00:00+00:00,0.71,88.55,0.0,0.0,0.0,261.45,1.79,222.0,101280.0
1990-12-02 18:00:00+00:00,0.48,92.0,0.0,0.0,0.0,264.55,1.79,220.0,101240.0
1990-12-02 19:00:00+00:00,0.07,92.0,0.0,0.0,0.0,260.85,1.66,221.0,101180.0
1990-12-02 20:00:00+00:00,-0.11,92.0,0.0,0.0,0.0,262.2,1.66,220.0,101100.0
1990-12-02 21:00:00+00:00,0.0,92.0,0.0,0.0,0.0,267.05,1.59,218.0,101070.0
1990-12-02 22:00:00+00:00,0.05,92.0,0.0,0.0,0.0,269.2,1.59,218.0,101020.0
1990-12-02 23:00:00+00:00,0.46,88.5,0.0,0.0,0.0,279.85,1.59,218.0,101000.0
1990-12-03 00:00:00+00:00,1.28,85.25,90.7,99.05,80.25,285.45,1.45,217.0,101000.0
1990-12-03 01:00:00+00:00,4.18,82.3,184.9,131.81,150.0,289.45,1.31,211.0,101010.0
1990-12-03 02:00:00+00:00,8.13,63.6,279.15,238.95,185.85,298.8,1.45,200.0,101010.0
1990-12-03 03:00:00+00:00,10.47,53.1,384.45,404.31,192.8,296.65,1.79,185.0,100970.0
1990-12-03 04:00:00+00:00,12.35,47.85,443.95,561.66,157.65,291.45,2.14,174.0,100850.0
1990-12-03 05:00:00+00:00,13.82,46.35,406.1,547.87,134.8,282.95,2.62,173.0,100710.0
1990-12-03 06:00:00+00:00,14.77,44.9,312.0,456.34,115.15,283.5,2.9,178.0,100630.0
1990-12-03 07:00:00+00:00,14.59,46.5,188.3,357.55,72.95,280.4,2.69,176.0,100600.0
1990-12-03 08:00:00+00:00,13.79,51.9,50.15,120.22,28.95,278.5,2.28,158.0,100560.0
1990-12-03 09:00:00+00:00,11.64,59.7,0.0,0.0,0.0,274.2,2.69,155.0,100510.0
1990-12-03 10:00:00+00:00,9.95,66.45,0.0,0.0,0.0,272.1,2.55,174.0,100520.0
1990-12-03 11:00:00+00:00,8.7,68.8,0.0,0.0,0.0,270.35,2.28,202.0,100530.0
1990-12-03 12:00:00+00:00,6.97,79.55,0.0,0.0,0.0,269.2,1.86,227.0,100510.0
1990-12-03 13:00:00+00:00,5.29,85.6,0.0,0.0,0.0,274.6,1.86,233.0,100470.0
1990-12-03 14:00:00+00:00,3.86,92.15,0.0,0.0,0.0,270.75,1.86,236.0,100490.0
1990-12-03 15:00:00+00:00,2.69,88.7,0.0,0.0,0.0,258.75,2.0,246.0,100480.0
1990-12-03 16:00:00+00:00,1.85,88.65,0.0,0.0,0.0,249.65,2.21,258.0,100470.0
1990-12-03 17:00:00+00:00,1.25,88.6,0.0,0.0,0.0,244.2,2.34,270.0,100440.0
1990-12-03 18:00:00+00:00,0.72,88.55,0.0,0.0,0.0,239.75,2.28,280.0,100420.0
1990-12-03 19:00:00+00:00,0.2,88.5,0.0,0.0,0.0,236.1,2.14,288.0,100470.0
1990-12-03 20:00:00+00:00,-0.3,88.45,0.0,0.0,0.0,234.55,2.14,285.0,100410.0
1990-12-03 21:00:00+00:00,-0.84,85.05,0.0,0.0,0.0,233.2,2.07,278.0,100420.0
1990-12-03 22:00:00+00:00,-1.37,88.4,0.0,0.0,0.0,231.85,2.07,270.0,100410.0
1990-12-03 23:00:00+00:00,-1.84,88.35,0.0,0.0,0.0,230.85,2.0,265.0,100460.0
1990-12-04 00:00:00+00:00,-1.85,88.35,135.15,726.03,60.55,231.05,0.0,0.0,100490.0
1990-12-04 01:00:00+00:00,1.75,82.05,258.9,538.81,117.7,233.7,0.0,0.0,100550.0
1990-12-04 02:00:00+00:00,7.11,61.0,345.4,473.72,161.65,250.6,0.48,248.0,100540.0
1990-12-04 03:00:00+00:00,10.1,51.0,417.9,502.47,180.9,264.55,0.55,175.0,100520.0
1990-12-04 04:00:00+00:00,12.1,45.95,348.45,282.26,205.15,265.9,1.31,157.0,100400.0
1990-12-04 05:00:00+00:00,13.1,44.5,283.4,203.45,183.0,288.35,1.86,156.0,100300.0
1990-12-04 06:00:00+00:00,13.64,44.65,332.9,549.83,96.45,293.4,2.14,154.0,100220.0
1990-12-04 07:00:00+00:00,14.9,43.25,191.9,368.39,73.4,269.95,1.93,123.0,100130.0
1990-12-04 08:00:00+00:00,13.55,51.9,51.35,126.02,29.2,270.15,2.21,91.0,100140.0
1990-12-04 09:00:00+00:00,10.89,61.85,0.0,0.0,0.0,266.85,2.48,65.0,100220.0
1990-12-04 10:00:00+00:00,8.51,71.35,0.0,0.0,0.0,263.6,2.48,37.0,100290.0
1990-12-04 11:00:00+00:00,6.81,76.65,0.0,0.0,0.0,261.45,2.48,11.0,100360.0
1990-12-04 12:00:00+00:00,5.8,79.4,0.0,0.0,0.0,259.7,2.41,357.0,100420.0
1990-12-04 13:00:00+00:00,5.17,79.35,0.0,0.0,0.0,257.4,2.34,352.0,100440.0
1990-12-04 14:00:00+00:00,4.58,85.5,0.0,0.0,0.0,255.85,2.48,353.0,100480.0
1990-12-04 15:00:00+00:00,4.05,85.45,0.0,0.0,0.0,254.85,2.69,352.0,100480.0
1990-12-04 16:00:00+00:00,3.88,85.45,0.0,0.0,0.0,268.05,2.76,355.0,100510.0
1990-12-04 17:00:00+00:00,3.66,85.45,0.0,0.0,0.0,269.95,2.97,359.0,100510.0
1990-12-04 18:00:00+00:00,3.4,88.7,0.0,0.0,0.0,269.95,3.38,3.0,100560.0
1990-12-04 19:00:00+00:00,2.59,88.65,0.0,0.0,0.0,254.3,3.31,359.0,100650.0
1990-12-04 20:00:00+00:00,2.64,85.4,0.0,0.0,0.0,277.5,3.59,4.0,100690.0
1990-12-04 21:00:00+00:00,2.72,85.4,0.0,0.0,0.0,292.05,3.86,7.0,100760.0
1990-12-04 22:00:00+00:00,2.62,85.4,0.0,0.0,0.0,293.4,4.21,12.0,100860.0
1990-12-04 23:00:00+00:00,2.43,88.65,0.0,0.0,0.0,290.1,4.21,12.0,101010.0
1990-12-05 00:00:00+00:00,2.64,85.4,43.35,2.5,43.1,305.55,5.17,11.0,101240.0
1990-12-05 01:00:00+00:00,3.03,85.4,91.9,23.71,85.75,303.15,5.31,13.0,101440.0
1990-12-05 02:00:00+00:00,3.43,85.4,181.65,49.04,162.75,300.75,6.0,12.0,101610.0
1990-12-05 03:00:00+00:00,4.44,76.25,306.75,295.79,167.9,298.4,6.9,10.0,101760.0
1990-12-05 04:00:00+00:00,5.7,65.65,314.95,344.25,140.85,293.6,6.55,11.0,101810.0
1990-12-05 05:00:00+00:00,6.37,58.55,350.0,413.71,146.5,289.9,5.38,12.0,101830.0
1990-12-05 06:00:00+00:00,7.09,48.25,319.45,482.71,112.45,271.1,4.62,15.0,101810.0
1990-12-05 07:00:00+00:00,8.94,38.55,195.2,375.73,74.65,255.05,4.14,11.0,101870.0
1990-12-05 08:00:00+00:00,8.42,39.95,53.15,131.79,30.05,240.35,2.69,42.0,101890.0
1990-12-05 09:00:00+00:00,6.3,46.25,0.0,0.0,0.0,233.95,2.28,80.0,101930.0
1990-12-05 10:00:00+00:00,4.51,53.65,0.0,0.0,0.0,228.75,1.59,107.0,102000.0
1990-12-05 11:00:00+00:00,2.47,62.5,0.0,0.0,0.0,226.6,1.59,177.0,102040.0
1990-12-05 12:00:00+00:00,1.12,64.8,0.0,0.0,0.0,225.25,2.55,212.0,102070.0
1990-12-05 13:00:00+00:00,0.39,69.95,0.0,0.0,0.0,224.85,2.62,213.0,102070.0
1990-12-05 14:00:00+00:00,0.09,72.65,0.0,0.0,0.0,223.7,2.62,212.0,102090.0
1990-12-05 15:00:00+00:00,-0.25,72.65,0.0,0.0,0.0,222.95,2.55,209.0,102050.0
1990-12-05 16:00:00+00:00,-0.48,75.55,0.0,0.0,0.0,221.75,0.0,0.0,102010.0
1990-12-05 17:00:00+00:00,-0.58,75.55,0.0,0.0,0.0,221.4,0.0,0.0,101920.0
1990-12-05 18:00:00+00:00,-0.58,78.6,0.0,0.0,0.0,221.2,2.9,201.0,101850.0
1990-12-05 19:00:00+00:00,-1.62,78.45,0.0,0.0,0.0,215.95,2.21,211.0,101760.0
1990-12-05 20:00:00+00:00,-2.21,78.35,0.0,0.0,0.0,215.2,2.28,210.0,101640.0
1990-12-05 21:00:00+00:00,-2.56,81.5,0.0,0.0,0.0,214.05,2.34,211.0,101550.0
1990-12-05 22:00:00+00:00,-2.79,78.3,0.0,0.0,0.0,213.05,2.41,211.0,101450.0
1990-12-05 23:00:00+00:00,-2.91,78.3,0.0,0.0,0.0,211.9,2.55,209.0,101380.0
1990-12-06 00:00:00+00:00,-2.56,75.2,134.75,763.95,60.3,210.55,2.48,209.0,101350.0
1990-12-06 01:00:00+00:00,0.47,67.2,287.9,767.9,90.65,211.45,2.28,205.0,101320.0
1990-12-06 02:00:00+00:00,4.17,51.55,409.75,791.11,106.75,217.15,2.97,200.0,101250.0
1990-12-06 03:00:00+00:00,7.05,42.85,479.85,782.33,114.3,226.8,3.86,199.0,101130.0
1990-12-06 04:00:00+00:00,9.48,35.75,490.1,744.01,115.2,235.9,4.34,197.0,100960.0
1990-12-06 05:00:00+00:00,11.32,31.0,439.4,672.7,109.5,243.85,4.62,197.0,100800.0
1990-12-06 06:00:00+00:00,12.6,30.05,333.75,555.26,96.25,250.2,4.48,197.0,100690.0
1990-12-06 07:00:00+00:00,12.92,31.4,191.85,371.11,73.05,257.0,3.38,181.0,100610.0
1990-12-06 08:00:00+00:00,11.81,37.9,51.1,126.63,28.95,260.1,2.83,164.0,100590.0
1990-12-06 09:00:00+00:00,9.57,43.55,0.0,0.0,0.0,258.75,3.1,166.0,100610.0
1990-12-06 10:00:00+00:00,7.89,48.55,0.0,0.0,0.0,256.4,2.9,184.0,100640.0
1990-12-06 11:00:00+00:00,6.62,54.15,0.0,0.0,0.0,253.7,2.62,206.0,100650.0
1990-12-06 12:00:00+00:00,5.06,60.5,0.0,0.0,0.0,251.0,2.34,225.0,100680.0
1990-12-06 13:00:00+00:00,3.38,67.7,0.0,0.0,0.0,249.05,2.21,236.0,100700.0
1990-12-06 14:00:00+00:00,2.17,70.3,0.0,0.0,0.0,246.55,2.14,247.0,100740.0
1990-12-06 15:00:00+00:00,1.34,72.95,0.0,0.0,0.0,245.2,2.28,264.0,100780.0
1990-12-06 16:00:00+00:00,0.64,72.85,0.0,0.0,0.0,244.6,2.41,282.0,100820.0
1990-12-06 17:00:00+00:00,0.31,75.7,0.0,0.0,0.0,244.2,2.34,299.0,100860.0
1990-12-06 18:00:00+00:00,0.22,72.75,0.0,0.0,0.0,242.85,2.28,310.0,100910.0
1990-12-06 19:00:00+00:00,0.58,69.95,0.0,0.0,0.0,242.3,2.28,318.0,100960.0
1990-12-06 20:00:00+00:00,0.09,72.65,0.0,0.0,0.0,239.4,2.28,312.0,101000.0
1990-12-06 21:00:00+00:00,-0.45,72.6,0.0,0.0,0.0,236.3,2.28,309.0,101060.0
1990-12-06 22:00:00+00:00,-1.07,75.45,0.0,0.0,0.0,234.15,2.14,312.0,101120.0
1990-12-06 23:00:00+00:00,-1.79,78.45,0.0,0.0,0.0,231.65,1.93,322.0,101200.0
1990-12-07 00:00:00+00:00,-1.73,78.45,128.7,740.7,58.4,229.7,1.59,333.0,101310.0
1990-12-07 01:00:00+00:00,1.87,73.0,278.9,747.25,88.8,230.4,1.17,354.0,101420.0
1990-12-07 02:00:00+00:00,6.5,54.15,401.65,778.31,105.35,233.4,1.45,23.0,101490.0
1990-12-07 03:00:00+00:00,8.46,43.25,474.3,775.79,113.4,238.2,1.86,42.0,101500.0
1990-12-07 04:00:00+00:00,9.72,38.85,486.35,736.03,116.75,241.9,2.07,52.0,101410.0
1990-12-07 05:00:00+00:00,10.47,36.0,428.05,636.25,116.9,244.8,2.28,62.0,101330.0
1990-12-07 06:00:00+00:00,10.65,36.0,331.2,535.81,102.55,247.3,2.28,79.0,101260.0
1990-12-07 07:00:00+00:00,11.16,34.75,191.35,356.96,77.3,252.35,2.34,110.0,101170.0
1990-12-07 08:00:00+00:00,10.23,38.95,49.7,95.33,33.05,251.0,2.07,118.0,101160.0
1990-12-07 09:00:00+00:00,8.57,45.0,0.0,0.0,0.0,252.75,2.07,132.0,101170.0
1990-12-07 10:00:00+00:00,6.77,52.2,0.0,0.0,0.0,248.5,1.72,173.0,101180.0
1990-12-07 11:00:00+00:00,4.86,60.5,0.0,0.0,0.0,246.75,2.28,208.0,101140.0
1990-12-07 12:00:00+00:00,3.44,67.7,0.0,0.0,0.0,243.05,2.62,216.0,101140.0
1990-12-07 13:00:00+00:00,2.8,67.7,0.0,0.0,0.0,241.7,2.69,208.0,101080.0
1990-12-07 14:00:00+00:00,2.68,67.7,0.0,0.0,0.0,242.85,2.9,197.0,100980.0
1990-12-07 15:00:00+00:00,2.91,65.1,0.0,0.0,0.0,246.15,3.24,193.0,100860.0
1990-12-07 16:00:00+00:00,3.06,65.1,0.0,0.0,0.0,242.3,3.45,191.0,100720.0
1990-12-07 17:00:00+00:00,3.21,62.6,0.0,0.0,0.0,242.85,3.59,190.0,100570.0
1990-12-07 18:00:00+00:00,3.37,62.6,0.0,0.0,0.0,243.25,3.66,191.0,100450.0
1990-12-07 19:00:00+00:00,3.25,60.15,0.0,0.0,0.0,245.6,3.17,201.0,100320.0
1990-12-07 20:00:00+00:00,2.87,60.15,0.0,0.0,0.0,246.15,2.97,207.0,100210.0
1990-12-07 21:00:00+00:00,2.28,62.5,0.0,0.0,0.0,247.3,2.55,217.0,100160.0
1990-12-07 22:00:00+00:00,1.45,67.4,0.0,0.0,0.0,249.05,2.14,231.0,100150.0
1990-12-07 23:00:00+00:00,0.47,72.75,0.0,0.0,0.0,247.7,1.86,250.0,100170.0
1990-12-08 00:00:00+00:00,-0.15,75.6,115.8,553.87,64.6,244.6,1.79,276.0,100260.0
1990-12-08 01:00:00+00:00,2.73,73.2,231.7,425.38,124.5,252.65,1.24,306.0,100360.0
1990-12-08 02:00:00+00:00,7.02,56.45,387.95,749.83,104.15,258.35,1.52,352.0,100430.0
1990-12-08 03:00:00+00:00,9.62,47.05,463.65,758.77,112.15,257.0,2.0,30.0,100460.0
1990-12-08 04:00:00+00:00,11.44,40.8,482.65,739.33,112.6,256.2,2.62,42.0,100410.0
1990-12-08 05:00:00+00:00,12.84,36.7,437.4,674.19,108.55,255.85,3.17,42.0,100390.0
1990-12-08 06:00:00+00:00,13.44,35.45,333.65,556.52,96.65,256.4,3.66,46.0,100390.0
1990-12-08 07:00:00+00:00,13.23,35.45,193.3,374.6,73.8,259.9,3.52,52.0,100370.0
1990-12-08 08:00:00+00:00,11.97,40.95,51.95,128.08,29.6,257.95,3.03,60.0,100420.0
1990-12-08 09:00:00+00:00,9.58,47.05,0.0,0.0,0.0,253.9,2.69,59.0,100560.0
1990-12-08 10:00:00+00:00,7.89,50.45,0.0,0.0,0.0,248.5,2.21,47.0,100690.0
1990-12-08 11:00:00+00:00,6.22,54.15,0.0,0.0,0.0,244.05,2.0,30.0,100800.0
1990-12-08 12:00:00+00:00,4.37,60.4,0.0,0.0,0.0,240.15,2.21,7.0,100910.0
1990-12-08 13:00:00+00:00,2.9,60.15,0.0,0.0,0.0,237.85,2.28,349.0,101040.0
1990-12-08 14:00:00+00:00,1.76,62.35,0.0,0.0,0.0,236.65,2.21,351.0,101070.0
1990-12-08 15:00:00+00:00,0.85,64.65,0.0,0.0,0.0,236.5,2.14,356.0,101170.0
1990-12-08 16:00:00+00:00,0.16,64.55,0.0,0.0,0.0,238.05,2.07,8.0,101240.0
1990-12-08 17:00:00+00:00,-0.51,67.0,0.0,0.0,0.0,237.85,2.07,22.0,101300.0
1990-12-08 18:00:00+00:00,-1.12,66.9,0.0,0.0,0.0,235.5,2.0,28.0,101340.0
1990-12-08 19:00:00+00:00,-1.09,72.5,0.0,0.0,0.0,241.3,1.86,13.0,101350.0
1990-12-08 20:00:00+00:00,-1.27,69.65,0.0,0.0,0.0,246.75,2.14,356.0,101440.0
1990-12-08 21:00:00+00:00,-1.14,66.9,0.0,0.0,0.0,253.15,2.07,353.0,101460.0
1990-12-08 22:00:00+00:00,-1.58,66.8,0.0,0.0,0.0,236.1,2.21,357.0,101520.0
1990-12-08 23:00:00+00:00,-1.88,64.1,0.0,0.0,0.0,233.6,2.21,4.0,101590.0
1990-12-09 00:00:00+00:00,-1.49,64.1,83.55,125.49,72.25,247.7,1.93,7.0,101660.0
1990-12-09 01:00:00+00:00,0.96,52.85,147.55,122.55,116.95,265.8,1.66,20.0,101720.0
1990-12-09 02:00:00+00:00,2.23,40.05,255.45,235.54,166.8,266.5,1.79,30.0,101740.0
1990-12-09 03:00:00+00:00,3.22,35.45,363.85,416.13,171.85,263.0,1.93,38.0,101720.0
1990-12-09 04:00:00+00:00,4.09,35.6,406.5,504.61,154.7,252.75,1.86,44.0,101620.0
1990-12-09 05:00:00+00:00,4.79,34.45,354.6,415.32,152.5,254.85,1.93,46.0,101540.0
1990-12-09 06:00:00+00:00,5.06,35.9,251.05,209.95,161.8,257.75,2.07,50.0,101510.0
1990-12-09 07:00:00+00:00,4.56,38.85,159.25,194.59,97.25,263.2,2.14,48.0,101510.0
1990-12-09 08:00:00+00:00,4.22,38.85,44.75,77.96,31.15,252.95,2.0,50.0,101530.0
1990-12-09 09:00:00+00:00,3.21,45.4,0.0,0.0,0.0,250.4,1.66,40.0,101570.0
1990-12-09 10:00:00+00:00,2.04,51.0,0.0,0.0,0.0,237.65,1.59,21.0,101630.0
1990-12-09 11:00:00+00:00,0.74,59.7,0.0,0.0,0.0,237.25,1.38,357.0,101680.0
1990-12-09 12:00:00+00:00,0.45,59.6,0.0,0.0,0.0,240.95,1.1,333.0,101710.0
1990-12-09 13:00:00+00:00,0.37,57.2,0.0,0.0,0.0,238.05,0.9,307.0,101740.0
1990-12-09 14:00:00+00:00,-0.08,59.45,0.0,0.0,0.0,235.7,0.97,294.0,101750.0
1990-12-09 15:00:00+00:00,-0.05,59.45,0.0,0.0,0.0,250.4,0.76,287.0,101770.0
1990-12-09 16:00:00+00:00,0.02,59.45,0.0,0.0,0.0,240.55,0.55,295.0,101770.0
1990-12-09 17:00:00+00:00,-0.31,59.45,0.0,0.0,0.0,226.8,0.34,313.0,101730.0
1990-12-09 18:00:00+00:00,-0.63,61.8,0.0,0.0,0.0,226.05,0.28,310.0,101700.0
1990-12-09 19:00:00+00:00,-1.32,61.65,0.0,0.0,0.0,225.05,0.76,358.0,101720.0
1990-12-09 20:00:00+00:00,-1.94,66.65,0.0,0.0,0.0,224.7,0.9,342.0,101690.0
1990-12-09 21:00:00+00:00,-2.32,66.65,0.0,0.0,0.0,224.3,0.97,325.0,101670.0
1990-12-09 22:00:00+00:00,-2.58,72.25,0.0,0.0,0.0,223.5,0.97,315.0,101650.0
1990-12-09 23:00:00+00:00,-2.85,72.25,0.0,0.0,0.0,223.15,0.9,308.0,101660.0
1990-12-10 00:00:00+00:00,-2.66,72.25,117.75,702.75,56.1,223.15,0.76,308.0,101720.0
1990-12-10 01:00:00+00:00,-0.97,72.5,263.2,709.14,87.7,225.35,0.28,322.0,101760.0
1990-12-10 02:00:00+00:00,1.84,59.95,384.0,745.05,105.1,228.35,0.14,67.0,101780.0
1990-12-10 03:00:00+00:00,3.58,60.15,456.6,745.91,113.75,232.2,0.48,113.0,101750.0
1990-12-10 04:00:00+00:00,4.83,55.95,471.05,714.95,115.3,236.3,0.9,122.0,101640.0
1990-12-10 05:00:00+00:00,5.77,54.05,425.7,649.95,110.1,239.2,1.17,126.0,101540.0
1990-12-10 06:00:00+00:00,6.37,52.1,327.9,543.07,97.4,241.3,1.31,131.0,101480.0
1990-12-10 07:00:00+00:00,6.18,52.1,190.0,364.08,74.1,240.35,1.24,110.0,101470.0
1990-12-10 08:00:00+00:00,5.8,54.05,51.4,124.35,29.7,239.6,1.1,105.0,101450.0
1990-12-10 09:00:00+00:00,4.8,58.2,0.0,0.0,0.0,237.05,1.03,88.0,101490.0
1990-12-10 10:00:00+00:00,3.43,67.7,0.0,0.0,0.0,233.95,0.69,65.0,101530.0
1990-12-10 11:00:00+00:00,2.86,65.1,0.0,0.0,0.0,233.0,0.69,13.0,101580.0
1990-12-10 12:00:00+00:00,0.99,72.85,0.0,0.0,0.0,232.2,1.31,6.0,101630.0
1990-12-10 13:00:00+00:00,0.07,78.65,0.0,0.0,0.0,231.25,1.24,351.0,101620.0
1990-12-10 14:00:00+00:00,-0.78,78.6,0.0,0.0,0.0,230.3,1.31,324.0,101620.0
1990-12-10 15:00:00+00:00,-2.0,84.85,0.0,0.0,0.0,229.3,1.52,317.0,101620.0
1990-12-10 16:00:00+00:00,-2.6,84.85,0.0,0.0,0.0,228.55,1.52,313.0,101610.0
1990-12-10 17:00:00+00:00,-2.77,84.85,0.0,0.0,0.0,228.35,1.38,315.0,101590.0
1990-12-10 18:00:00+00:00,-2.73,84.85,0.0,0.0,0.0,229.9,1.31,322.0,101600.0
1990-12-10 19:00:00+00:00,-2.9,84.85,0.0,0.0,0.0,228.15,1.31,320.0,101640.0
1990-12-10 20:00:00+00:00,-3.13,88.25,0.0,0.0,0.0,230.3,1.31,321.0,101580.0
1990-12-10 21:00:00+00:00,-2.75,84.85,0.0,0.0,0.0,240.95,1.1,316.0,101510.0
1990-12-10 22:00:00+00:00,-2.41,84.85,0.0,0.0,0.0,236.85,0.9,303.0,101460.0
1990-12-10 23:00:00+00:00,-1.64,81.65,0.0,0.0,0.0,243.85,0.55,277.0,101460.0
1990-12-11 00:00:00+00:00,-1.71,81.65,90.1,429.9,53.35,240.55,0.62,214.0,101490.0
1990-12-11 01:00:00+00:00,-0.61,81.75,180.1,290.19,108.9,245.9,0.76,185.0,101500.0
1990-12-11 02:00:00+00:00,2.37,70.3,198.35,146.34,143.85,276.15,1.52,180.0,101500.0
1990-12-11 03:00:00+00:00,3.75,65.2,272.05,201.97,179.55,300.75,2.21,184.0,101430.0
1990-12-11 04:00:00+00:00,5.07,65.4,299.35,184.17,207.95,301.1,2.69,187.0,101280.0
1990-12-11 05:00:00+00:00,5.92,60.75,203.5,62.52,173.2,298.05,2.97,187.0,101150.0
1990-12-11 06:00:00+00:00,5.73,65.65,168.6,90.82,130.1,300.15,2.9,182.0,101040.0
1990-12-11 07:00:00+00:00,5.66,65.65,74.6,29.86,65.1,296.1,2.21,161.0,100960.0
1990-12-11 08:00:00+00:00,5.22,70.8,14.15,4.58,13.35,303.05,1.86,154.0,100920.0
1990-12-11 09:00:00+00:00,4.36,76.25,0.0,0.0,0.0,306.35,1.86,165.0,100930.0
1990-12-11 10:00:00+00:00,3.78,82.25,0.0,0.0,0.0,307.3,1.79,183.0,100940.0
1990-12-11 11:00:00+00:00,3.44,85.4,0.0,0.0,0.0,309.05,1.72,202.0,100950.0
1990-12-11 12:00:00+00:00,3.23,88.7,0.0,0.0,0.0,311.55,1.59,219.0,100970.0
1990-12-11 13:00:00+00:00,2.98,92.15,0.0,0.0,0.0,319.1,1.31,227.0,100980.0
1990-12-11 14:00:00+00:00,2.73,88.7,0.0,0.0,0.0,313.3,1.24,229.0,100960.0
1990-12-11 15:00:00+00:00,2.52,92.15,0.0,0.0,0.0,311.55,1.17,224.0,100960.0
1990-12-11 16:00:00+00:00,1.91,92.1,0.0,0.0,0.0,289.1,1.17,209.0,100930.0
1990-12-11 17:00:00+00:00,1.56,92.05,0.0,0.0,0.0,289.1,1.1,189.0,100890.0
1990-12-11 18:00:00+00:00,1.28,92.05,0.0,0.0,0.0,270.15,1.1,185.0,100900.0
1990-12-11 19:00:00+00:00,2.26,85.35,0.0,0.0,0.0,281.0,0.14,68.0,100910.0
1990-12-11 20:00:00+00:00,1.71,85.3,0.0,0.0,0.0,278.85,0.76,345.0,100890.0
1990-12-11 21:00:00+00:00,0.07,92.0,0.0,0.0,0.0,267.05,1.31,336.0,100890.0
1990-12-11 22:00:00+00:00,-0.29,92.0,0.0,0.0,0.0,266.65,1.24,339.0,100870.0
1990-12-11 23:00:00+00:00,-0.27,92.0,0.0,0.0,0.0,272.5,1.17,328.0,100920.0
1990-12-12 00:00:00+00:00,-0.32,92.0,98.7,562.27,51.85,267.45,1.1,321.0,101010.0
1990-12-12 01:00:00+00:00,1.45,92.05,203.35,467.71,89.55,251.3,0.76,334.0,101100.0
1990-12-12 02:00:00+00:00,3.76,85.45,334.2,607.43,109.1,254.65,0.9,8.0,101140.0
1990-12-12 03:00:00+00:00,5.59,79.35,418.3,662.71,115.8,269.0,0.97,25.0,101130.0
1990-12-12 04:00:00+00:00,7.03,73.8,418.95,610.3,116.8,272.85,0.97,40.0,101040.0
1990-12-12 05:00:00+00:00,7.97,68.6,391.45,567.65,116.8,269.0,1.24,51.0,100950.0
1990-12-12 06:00:00+00:00,8.61,66.15,245.3,311.82,113.25,271.1,1.66,50.0,100890.0
1990-12-12 07:00:00+00:00,7.75,66.05,153.65,245.66,75.5,290.85,2.55,39.0,100950.0
1990-12-12 08:00:00+00:00,7.24,68.5,44.15,84.32,29.4,282.95,2.55,36.0,101000.0
1990-12-12 09:00:00+00:00,5.82,76.5,0.0,0.0,0.0,273.85,2.21,31.0,101080.0
1990-12-12 10:00:00+00:00,4.85,82.35,0.0,0.0,0.0,288.75,2.21,22.0,101200.0
1990-12-12 11:00:00+00:00,4.63,82.3,0.0,0.0,0.0,306.15,2.14,14.0,101290.0
1990-12-12 12:00:00+00:00,4.54,82.3,0.0,0.0,0.0,313.1,2.28,4.0,101380.0
1990-12-12 13:00:00+00:00,4.37,82.3,0.0,0.0,0.0,311.75,2.55,357.0,101430.0
1990-12-12 14:00:00+00:00,4.42,82.3,0.0,0.0,0.0,320.85,2.97,356.0,101460.0
1990-12-12 15:00:00+00:00,4.18,82.3,0.0,0.0,0.0,314.3,3.52,1.0,101500.0
1990-12-12 16:00:00+00:00,3.9,85.45,0.0,0.0,0.0,318.35,3.86,5.0,101530.0
1990-12-12 17:00:00+00:00,3.53,88.7,0.0,0.0,0.0,317.2,4.07,7.0,101530.0
1990-12-12 18:00:00+00:00,3.18,88.7,0.0,0.0,0.0,316.2,4.07,7.0,101530.0
1990-12-12 19:00:00+00:00,2.92,92.15,0.0,0.0,0.0,319.5,3.93,9.0,101600.0
1990-12-12 20:00:00+00:00,2.62,92.15,0.0,0.0,0.0,315.65,3.93,8.0,101570.0
1990-12-12 21:00:00+00:00,2.39,92.15,0.0,0.0,0.0,316.2,3.86,7.0,101600.0
1990-12-12 22:00:00+00:00,2.1,95.65,0.0,0.0,0.0,316.05,3.59,10.0,101600.0
1990-12-12 23:00:00+00:00,1.79,92.1,0.0,0.0,0.0,312.15,3.31,13.0,101690.0
1990-12-13 00:00:00+00:00,1.64,92.1,31.0,8.0,30.35,310.8,3.03,17.0,101760.0
1990-12-13 01:00:00+00:00,1.77,88.65,79.4,29.0,72.4,305.9,3.24,18.0,101860.0
1990-12-13 02:00:00+00:00,1.95,85.3,126.75,46.9,109.45,301.3,3.52,21.0,101910.0
1990-12-13 03:00:00+00:00,2.35,76.0,265.65,227.13,162.3,299.0,3.31,20.0,101910.0
1990-12-13 04:00:00+00:00,3.27,67.7,261.75,223.18,151.5,288.75,3.31,25.0,101850.0
1990-12-13 05:00:00+00:00,3.73,60.3,295.65,330.13,136.15,283.7,3.1,23.0,101760.0
1990-12-13 06:00:00+00:00,4.29,53.65,194.65,147.58,132.2,283.5,2.97,22.0,101710.0
1990-12-13 07:00:00+00:00,4.24,53.65,119.75,101.2,87.55,284.65,2.69,32.0,101670.0
1990-12-13 08:00:00+00:00,4.06,53.5,37.6,60.46,27.0,276.55,2.48,29.0,101730.0
1990-12-13 09:00:00+00:00,3.28,55.55,0.0,0.0,0.0,269.4,1.66,19.0,101780.0
1990-12-13 10:00:00+00:00,2.27,57.7,0.0,0.0,0.0,255.45,1.79,6.0,101860.0
1990-12-13 11:00:00+00:00,1.6,62.25,0.0,0.0,0.0,258.15,1.86,7.0,101900.0
1990-12-13 12:00:00+00:00,1.03,62.15,0.0,0.0,0.0,256.8,1.79,11.0,101970.0
1990-12-13 13:00:00+00:00,0.2,64.55,0.0,0.0,0.0,250.4,1.72,14.0,102030.0
1990-12-13 14:00:00+00:00,-0.37,69.85,0.0,0.0,0.0,249.25,1.31,16.0,102100.0
1990-12-13 15:00:00+00:00,0.08,67.1,0.0,0.0,0.0,259.9,0.9,24.0,102140.0
1990-12-13 16:00:00+00:00,-0.12,67.1,0.0,0.0,0.0,241.3,0.76,35.0,102170.0
1990-12-13 17:00:00+00:00,-0.36,64.45,0.0,0.0,0.0,226.4,0.55,36.0,102180.0
1990-12-13 18:00:00+00:00,-0.7,67.0,0.0,0.0,0.0,220.2,0.28,28.0,102200.0
1990-12-13 19:00:00+00:00,-2.22,75.3,0.0,0.0,0.0,227.2,0.97,309.0,102230.0
1990-12-13 20:00:00+00:00,-1.93,75.3,0.0,0.0,0.0,217.15,0.9,308.0,102190.0
1990-12-13 21:00:00+00:00,-2.01,75.3,0.0,0.0,0.0,224.3,0.76,318.0,102170.0
1990-12-13 22:00:00+00:00,-1.97,75.3,0.0,0.0,0.0,221.75,0.55,339.0,102150.0
1990-12-13 23:00:00+00:00,-2.23,75.3,0.0,0.0,0.0,217.9,0.48,2.0,102190.0
1990-12-14 00:00:00+00:00,-2.44,78.3,110.55,706.69,54.55,217.5,0.28,350.0,102240.0
1990-12-14 01:00:00+00:00,-1.22,75.45,249.65,666.59,90.0,219.15,0.07,136.0,102300.0
1990-12-14 02:00:00+00:00,0.98,57.35,362.85,685.01,111.3,222.75,0.41,132.0,102320.0
1990-12-14 03:00:00+00:00,2.5,51.15,447.4,729.01,116.65,230.1,0.76,127.0,102300.0
1990-12-14 04:00:00+00:00,3.5,51.3,450.3,662.83,123.5,232.8,1.03,126.0,102210.0
1990-12-14 05:00:00+00:00,4.07,51.4,416.05,619.93,116.9,234.55,1.38,132.0,102080.0
1990-12-14 06:00:00+00:00,4.44,49.55,310.75,476.04,109.4,237.25,1.52,131.0,101960.0
1990-12-14 07:00:00+00:00,3.91,51.4,177.15,302.82,80.75,248.3,1.31,101.0,101910.0
1990-12-14 08:00:00+00:00,3.52,51.3,52.1,123.72,30.35,248.1,1.38,123.0,101870.0
1990-12-14 09:00:00+00:00,2.58,55.45,0.0,0.0,0.0,229.7,1.31,139.0,101900.0
1990-12-14 10:00:00+00:00,1.05,64.65,0.0,0.0,0.0,226.4,1.45,168.0,101900.0
1990-12-14 11:00:00+00:00,-0.66,72.6,0.0,0.0,0.0,225.65,1.93,185.0,101930.0
1990-12-14 12:00:00+00:00,-1.65,78.45,0.0,0.0,0.0,224.85,2.28,190.0,101910.0
1990-12-14 13:00:00+00:00,-2.27,81.55,0.0,0.0,0.0,224.65,2.28,196.0,101880.0
1990-12-14 14:00:00+00:00,-2.63,84.85,0.0,0.0,0.0,224.5,2.28,200.0,101850.0
1990-12-14 15:00:00+00:00,-2.89,84.85,0.0,0.0,0.0,223.5,2.21,205.0,101840.0
1990-12-14 16:00:00+00:00,-3.15,88.25,0.0,0.0,0.0,223.5,2.14,209.0,101810.0
1990-12-14 17:00:00+00:00,-3.39,84.8,0.0,0.0,0.0,222.35,2.07,212.0,101780.0
1990-12-14 18:00:00+00:00,-3.62,88.2,0.0,0.0,0.0,222.15,2.0,220.0,101760.0
1990-12-14 19:00:00+00:00,-4.09,88.15,0.0,0.0,0.0,220.8,1.79,230.0,101750.0
1990-12-14 20:00:00+00:00,-4.4,88.15,0.0,0.0,0.0,220.6,1.66,237.0,101730.0
1990-12-14 21:00:00+00:00,-4.66,88.1,0.0,0.0,0.0,220.2,1.52,246.0,101720.0
1990-12-14 22:00:00+00:00,-4.61,88.1,0.0,0.0,0.0,219.45,1.31,269.0,101780.0
1990-12-14 23:00:00+00:00,-4.82,88.1,0.0,0.0,0.0,221.75,1.45,312.0,101870.0
1990-12-15 00:00:00+00:00,-4.44,88.1,109.9,719.02,54.3,221.2,1.79,340.0,102000.0
1990-12-15 01:00:00+00:00,-0.97,72.5,244.95,627.79,95.7,222.65,1.72,1.0,102110.0
1990-12-15 02:00:00+00:00,2.42,57.7,381.35,758.01,104.15,226.05,2.34,21.0,102200.0
1990-12-15 03:00:00+00:00,4.19,51.55,456.6,754.07,115.4,227.4,3.1,34.0,102250.0
1990-12-15 04:00:00+00:00,4.93,47.7,476.6,736.42,114.15,228.35,3.31,48.0,102200.0
1990-12-15 05:00:00+00:00,5.41,44.15,433.25,671.04,109.75,229.3,2.9,56.0,102130.0
1990-12-15 06:00:00+00:00,5.67,40.9,335.1,562.33,97.3,230.1,2.41,62.0,102080.0
1990-12-15 07:00:00+00:00,6.4,39.4,196.45,382.28,74.65,233.0,2.62,57.0,102090.0
1990-12-15 08:00:00+00:00,5.66,40.9,54.6,134.37,30.9,231.85,1.86,69.0,102080.0
1990-12-15 09:00:00+00:00,4.09,49.4,0.0,0.0,0.0,228.15,1.45,78.0,102130.0
1990-12-15 10:00:00+00:00,3.36,49.25,0.0,0.0,0.0,224.5,0.41,67.0,102180.0
1990-12-15 11:00:00+00:00,2.59,51.15,0.0,0.0,0.0,222.75,0.55,273.0,102220.0
1990-12-15 12:00:00+00:00,1.54,55.2,0.0,0.0,0.0,221.4,1.03,248.0,102230.0
1990-12-15 13:00:00+00:00,-1.68,69.55,0.0,0.0,0.0,220.05,1.72,233.0,102230.0
1990-12-15 14:00:00+00:00,-3.17,78.2,0.0,0.0,0.0,219.45,2.28,226.0,102240.0
1990-12-15 15:00:00+00:00,-3.44,81.4,0.0,0.0,0.0,218.5,2.41,221.0,102200.0
1990-12-15 16:00:00+00:00,-3.42,78.2,0.0,0.0,0.0,217.5,2.41,216.0,102170.0
1990-12-15 17:00:00+00:00,-3.44,81.4,0.0,0.0,0.0,216.75,2.41,212.0,102120.0
1990-12-15 18:00:00+00:00,-3.48,81.4,0.0,0.0,0.0,215.75,2.41,209.0,102060.0
1990-12-15 19:00:00+00:00,-3.55,81.4,0.0,0.0,0.0,215.2,2.34,212.0,102050.0
1990-12-15 20:00:00+00:00,-3.64,78.15,0.0,0.0,0.0,214.2,2.34,211.0,101960.0
1990-12-15 21:00:00+00:00,-3.79,78.15,0.0,0.0,0.0,213.25,2.34,211.0,101890.0
1990-12-15 22:00:00+00:00,-4.0,81.3,0.0,0.0,0.0,212.1,2.28,211.0,101840.0
1990-12-15 23:00:00+00:00,-4.23,81.3,0.0,0.0,0.0,211.3,2.21,212.0,101800.0
1990-12-16 00:00:00+00:00,-4.25,78.05,114.15,798.7,53.85,210.15,2.07,213.0,101800.0
1990-12-16 01:00:00+00:00,-1.29,66.9,266.15,762.07,86.25,211.25,1.79,205.0,101760.0
1990-12-16 02:00:00+00:00,3.02,51.3,394.0,796.93,103.7,215.0,2.21,196.0,101720.0
1990-12-16 03:00:00+00:00,5.8,42.55,472.4,797.56,112.4,219.45,2.69,190.0,101650.0
1990-12-16 04:00:00+00:00,7.85,39.85,490.5,765.61,114.25,224.3,3.1,185.0,101490.0
1990-12-16 05:00:00+00:00,9.32,37.2,446.1,698.94,109.4,228.55,3.52,183.0,101320.0
1990-12-16 06:00:00+00:00,10.23,36.0,345.05,585.69,97.35,232.4,3.79,184.0,101200.0
1990-12-16 07:00:00+00:00,10.48,37.45,203.35,401.88,75.15,235.9,3.59,177.0,101150.0
1990-12-16 08:00:00+00:00,9.35,43.55,57.2,143.73,31.75,236.1,3.17,167.0,101090.0
1990-12-16 09:00:00+00:00,6.95,50.2,0.0,0.0,0.0,234.15,3.38,171.0,101070.0
1990-12-16 10:00:00+00:00,5.21,53.9,0.0,0.0,0.0,231.25,3.45,184.0,101090.0
1990-12-16 11:00:00+00:00,4.11,57.95,0.0,0.0,0.0,230.65,3.31,196.0,101090.0
1990-12-16 12:00:00+00:00,3.0,60.15,0.0,0.0,0.0,229.15,3.1,206.0,101100.0
1990-12-16 13:00:00+00:00,1.96,62.35,0.0,0.0,0.0,228.55,3.03,209.0,101070.0
1990-12-16 14:00:00+00:00,1.2,64.8,0.0,0.0,0.0,228.15,3.03,211.0,101030.0
1990-12-16 15:00:00+00:00,0.67,64.65,0.0,0.0,0.0,227.95,2.97,213.0,101000.0
1990-12-16 16:00:00+00:00,0.13,67.2,0.0,0.0,0.0,227.6,2.83,216.0,100950.0
1990-12-16 17:00:00+00:00,-0.52,69.75,0.0,0.0,0.0,227.6,2.55,219.0,100910.0
1990-12-16 18:00:00+00:00,-1.24,69.65,0.0,0.0,0.0,227.75,2.28,221.0,100910.0
1990-12-16 19:00:00+00:00,-2.24,75.3,0.0,0.0,0.0,227.75,1.86,229.0,100900.0
1990-12-16 20:00:00+00:00,-2.96,78.2,0.0,0.0,0.0,228.15,1.72,230.0,100870.0
1990-12-16 21:00:00+00:00,-3.5,81.4,0.0,0.0,0.0,228.55,1.59,233.0,100850.0
1990-12-16 22:00:00+00:00,-3.86,78.15,0.0,0.0,0.0,227.95,1.38,233.0,100820.0
1990-12-16 23:00:00+00:00,-3.78,78.15,0.0,0.0,0.0,227.6,1.1,234.0,100870.0
1990-12-17 00:00:00+00:00,-3.13,78.2,103.35,608.78,58.45,228.15,0.76,239.0,100920.0
1990-12-17 01:00:00+00:00,-0.81,75.55,237.05,556.73,106.5,234.05,0.34,265.0,100990.0
1990-12-17 02:00:00+00:00,3.33,60.15,354.45,620.6,129.2,241.5,0.41,26.0,101030.0
1990-12-17 03:00:00+00:00,5.45,49.8,415.2,573.41,156.95,247.7,0.9,44.0,101050.0
1990-12-17 04:00:00+00:00,6.81,48.25,432.95,547.97,164.0,255.65,1.03,51.0,100980.0
1990-12-17 05:00:00+00:00,7.78,46.65,402.3,544.24,140.25,255.25,1.03,66.0,100910.0
1990-12-17 06:00:00+00:00,8.35,45.0,310.2,449.81,119.9,253.7,1.03,79.0,100840.0
1990-12-17 07:00:00+00:00,8.61,45.0,189.3,337.24,81.55,254.85,1.1,66.0,100790.0
1990-12-17 08:00:00+00:00,8.03,50.45,54.55,131.84,31.1,249.85,0.97,60.0,100820.0
1990-12-17 09:00:00+00:00,6.31,60.85,0.05,0.0,0.05,242.1,0.97,44.0,100890.0
1990-12-17 10:00:00+00:00,4.83,65.4,0.0,0.0,0.0,238.8,1.03,8.0,100960.0
1990-12-17 11:00:00+00:00,1.92,75.95,0.0,0.0,0.0,237.45,1.59,338.0,101020.0
1990-12-17 12:00:00+00:00,0.06,81.8,0.0,0.0,0.0,236.5,1.86,331.0,101070.0
1990-12-17 13:00:00+00:00,-0.85,81.75,0.0,0.0,0.0,235.5,1.86,330.0,101090.0
1990-12-17 14:00:00+00:00,-1.33,81.7,0.0,0.0,0.0,234.95,1.79,334.0,101120.0
1990-12-17 15:00:00+00:00,-1.66,84.95,0.0,0.0,0.0,234.15,1.72,335.0,101160.0
1990-12-17 16:00:00+00:00,-1.67,81.65,0.0,0.0,0.0,234.35,1.59,329.0,101170.0
1990-12-17 17:00:00+00:00,-1.57,81.65,0.0,0.0,0.0,233.0,1.38,322.0,101160.0
1990-12-17 18:00:00+00:00,-1.41,81.65,0.0,0.0,0.0,233.0,1.24,315.0,101160.0
1990-12-17 19:00:00+00:00,-1.46,81.65,0.0,0.0,0.0,231.85,1.31,313.0,101200.0
1990-12-17 20:00:00+00:00,-1.67,81.65,0.0,0.0,0.0,232.2,1.24,309.0,101170.0
1990-12-17 21:00:00+00:00,-1.85,78.45,0.0,0.0,0.0,232.2,1.24,313.0,101170.0
1990-12-17 22:00:00+00:00,-1.98,81.55,0.0,0.0,0.0,232.2,1.17,322.0,101160.0
1990-12-17 23:00:00+00:00,-2.47,84.85,0.0,0.0,0.0,232.05,1.31,328.0,101190.0
1990-12-18 00:00:00+00:00,-2.79,84.85,103.8,735.8,50.75,231.65,1.45,329.0,101240.0
1990-12-18 01:00:00+00:00,-0.15,78.65,247.75,704.88,83.5,234.25,0.83,333.0,101290.0
1990-12-18 02:00:00+00:00,3.28,70.4,370.25,743.9,101.15,237.85,0.76,9.0,101340.0
1990-12-18 03:00:00+00:00,5.08,65.4,446.05,747.28,110.15,242.5,0.83,41.0,101340.0
1990-12-18 04:00:00+00:00,6.41,58.55,464.35,718.44,112.1,246.35,0.76,64.0,101250.0
1990-12-18 05:00:00+00:00,7.36,54.4,423.45,656.66,107.35,249.05,0.9,79.0,101150.0
1990-12-18 06:00:00+00:00,7.93,52.45,328.7,551.0,95.45,251.4,0.97,82.0,101080.0
1990-12-18 07:00:00+00:00,7.89,52.45,193.65,375.81,73.35,250.4,1.03,70.0,100980.0
1990-12-18 08:00:00+00:00,7.41,54.4,54.85,134.26,30.85,249.45,0.97,63.0,101040.0
1990-12-18 09:00:00+00:00,6.02,63.15,0.05,0.0,0.05,245.95,1.17,47.0,101070.0
1990-12-18 10:00:00+00:00,4.27,67.9,0.0,0.0,0.0,242.65,0.97,22.0,101100.0
1990-12-18 11:00:00+00:00,3.01,73.2,0.0,0.0,0.0,241.3,1.1,341.0,101150.0
1990-12-18 12:00:00+00:00,1.31,78.9,0.0,0.0,0.0,240.75,1.38,328.0,101210.0
1990-12-18 13:00:00+00:00,0.19,81.9,0.0,0.0,0.0,239.95,1.52,321.0,101240.0
1990-12-18 14:00:00+00:00,-0.2,81.8,0.0,0.0,0.0,239.2,1.45,315.0,101270.0
1990-12-18 15:00:00+00:00,-0.49,85.05,0.0,0.0,0.0,238.4,1.38,307.0,101290.0
1990-12-18 16:00:00+00:00,-1.11,85.0,0.0,0.0,0.0,238.2,1.45,303.0,101290.0
1990-12-18 17:00:00+00:00,-1.72,84.95,0.0,0.0,0.0,237.65,1.52,305.0,101230.0
1990-12-18 18:00:00+00:00,-2.11,88.3,0.0,0.0,0.0,236.85,1.52,311.0,101230.0
1990-12-18 19:00:00+00:00,-2.17,84.85,0.0,0.0,0.0,234.55,1.52,316.0,101230.0
1990-12-18 20:00:00+00:00,-2.35,84.85,0.0,0.0,0.0,233.95,1.45,311.0,101200.0
1990-12-18 21:00:00+00:00,-2.2,84.85,0.0,0.0,0.0,233.6,1.31,302.0,101200.0
1990-12-18 22:00:00+00:00,-2.24,84.85,0.0,0.0,0.0,233.0,1.31,294.0,101210.0
1990-12-18 23:00:00+00:00,-1.94,84.85,0.0,0.0,0.0,232.4,1.24,300.0,101240.0
1990-12-19 00:00:00+00:00,-1.63,81.65,104.25,763.49,50.4,232.05,1.17,318.0,101290.0
1990-12-19 01:00:00+00:00,0.95,75.75,250.5,726.34,82.25,234.45,0.55,319.0,101340.0
1990-12-19 02:00:00+00:00,3.83,70.5,373.55,759.08,99.8,237.85,0.21,359.0,101400.0
1990-12-19 03:00:00+00:00,5.84,63.15,449.65,758.82,109.15,243.65,0.48,54.0,101400.0
1990-12-19 04:00:00+00:00,7.13,58.65,468.45,728.0,111.8,247.5,0.76,74.0,101320.0
1990-12-19 05:00:00+00:00,8.01,56.7,427.75,666.44,106.95,250.4,0.9,89.0,101220.0
1990-12-19 06:00:00+00:00,8.49,54.65,332.95,561.6,95.0,251.75,0.97,95.0,101180.0
1990-12-19 07:00:00+00:00,8.31,54.65,197.75,389.31,72.85,250.8,1.31,67.0,101130.0
1990-12-19 08:00:00+00:00,7.51,61.1,56.45,136.29,31.95,248.5,1.17,63.0,101180.0
1990-12-19 09:00:00+00:00,5.92,68.2,0.05,0.0,0.05,243.65,0.76,42.0,101250.0
1990-12-19 10:00:00+00:00,4.58,73.4,0.0,0.0,0.0,244.05,0.69,330.0,101320.0
1990-12-19 11:00:00+00:00,2.76,76.1,0.0,0.0,0.0,250.6,1.17,322.0,101350.0
1990-12-19 12:00:00+00:00,2.09,78.95,0.0,0.0,0.0,252.95,1.17,312.0,101390.0
1990-12-19 13:00:00+00:00,2.02,78.95,0.0,0.0,0.0,258.95,1.03,291.0,101430.0
1990-12-19 14:00:00+00:00,1.11,85.2,0.0,0.0,0.0,262.8,1.24,288.0,101470.0
1990-12-19 15:00:00+00:00,0.07,88.45,0.0,0.0,0.0,266.65,1.52,318.0,101490.0
1990-12-19 16:00:00+00:00,-0.6,91.95,0.0,0.0,0.0,268.6,1.79,339.0,101470.0
1990-12-19 17:00:00+00:00,-0.86,88.45,0.0,0.0,0.0,264.55,1.86,350.0,101440.0
1990-12-19 18:00:00+00:00,-0.9,88.45,0.0,0.0,0.0,266.3,1.79,352.0,101480.0
1990-12-19 19:00:00+00:00,-0.92,91.95,0.0,0.0,0.0,258.75,1.45,338.0,101530.0
1990-12-19 20:00:00+00:00,-0.49,88.45,0.0,0.0,0.0,265.1,1.24,289.0,101560.0
1990-12-19 21:00:00+00:00,-0.87,85.05,0.0,0.0,0.0,250.8,1.31,276.0,101550.0
1990-12-19 22:00:00+00:00,-0.84,81.75,0.0,0.0,0.0,239.2,1.17,304.0,101560.0
1990-12-19 23:00:00+00:00,-2.22,88.3,0.0,0.0,0.0,236.85,1.59,340.0,101550.0
1990-12-20 00:00:00+00:00,-1.9,84.95,88.0,330.17,65.2,241.3,1.38,326.0,101610.0
1990-12-20 01:00:00+00:00,0.97,81.95,191.95,314.51,119.5,252.45,0.48,287.0,101680.0
1990-12-20 02:00:00+00:00,3.56,76.1,248.45,262.21,154.15,264.55,0.28,116.0,101680.0
1990-12-20 03:00:00+00:00,5.11,70.7,221.1,163.37,147.9,280.8,0.55,115.0,101660.0
1990-12-20 04:00:00+00:00,5.68,65.65,202.25,130.3,138.45,295.1,0.34,108.0,101580.0
1990-12-20 05:00:00+00:00,6.09,65.65,115.1,8.52,111.0,305.75,0.48,85.0,101480.0
1990-12-20 06:00:00+00:00,5.88,68.2,77.2,0.0,77.2,317.4,1.1,62.0,101440.0
1990-12-20 07:00:00+00:00,5.33,70.8,50.3,4.35,48.9,318.15,1.52,46.0,101440.0
1990-12-20 08:00:00+00:00,4.62,76.25,11.75,0.0,11.75,317.0,1.72,34.0,101480.0
1990-12-20 09:00:00+00:00,3.69,79.15,0.0,0.0,0.0,316.6,1.86,23.0,101530.0
1990-12-20 10:00:00+00:00,2.98,82.2,0.0,0.0,0.0,316.6,1.72,12.0,101620.0
1990-12-20 11:00:00+00:00,2.53,88.65,0.0,0.0,0.0,316.6,1.52,16.0,101720.0
1990-12-20 12:00:00+00:00,2.3,88.65,0.0,0.0,0.0,314.65,1.72,19.0,101750.0
1990-12-20 13:00:00+00:00,1.96,88.65,0.0,0.0,0.0,311.2,1.79,355.0,101730.0
1990-12-20 14:00:00+00:00,1.51,92.05,0.0,0.0,0.0,302.65,1.86,348.0,101710.0
1990-12-20 15:00:00+00:00,1.02,92.05,0.0,0.0,0.0,289.1,1.79,340.0,101670.0
1990-12-20 16:00:00+00:00,0.96,92.05,0.0,0.0,0.0,300.75,1.52,337.0,101680.0
1990-12-20 17:00:00+00:00,1.07,92.05,0.0,0.0,0.0,309.85,1.31,334.0,101650.0
1990-12-20 18:00:00+00:00,1.16,88.6,0.0,0.0,0.0,311.0,1.17,336.0,101620.0
1990-12-20 19:00:00+00:00,1.38,88.6,0.0,0.0,0.0,313.9,1.17,350.0,101520.0
1990-12-20 20:00:00+00:00,1.31,88.6,0.0,0.0,0.0,310.4,1.31,343.0,101460.0
1990-12-20 21:00:00+00:00,1.28,88.6,0.0,0.0,0.0,312.75,1.17,325.0,101470.0
1990-12-20 22:00:00+00:00,0.97,92.05,0.0,0.0,0.0,303.05,0.9,354.0,101470.0
1990-12-20 23:00:00+00:00,0.94,92.05,0.0,0.0,0.0,306.15,1.17,27.0,101500.0
1990-12-21 00:00:00+00:00,0.8,92.05,36.3,5.17,35.95,306.35,1.1,31.0,101500.0
1990-12-21 01:00:00+00:00,1.1,92.05,84.45,20.94,79.65,301.6,0.76,22.0,101520.0
1990-12-21 02:00:00+00:00,1.72,88.65,90.8,1.53,90.25,304.2,0.69,13.0,101540.0
1990-12-21 03:00:00+00:00,2.11,88.65,103.7,6.03,101.0,310.8,0.62,10.0,101510.0
1990-12-21 04:00:00+00:00,2.62,85.35,115.9,0.41,115.7,316.05,0.76,19.0,101400.0
1990-12-21 05:00:00+00:00,2.96,85.4,148.4,16.09,140.65,318.15,0.69,33.0,101270.0
1990-12-21 06:00:00+00:00,3.35,85.4,164.1,61.32,138.05,312.35,0.55,33.0,101180.0
1990-12-21 07:00:00+00:00,4.48,82.3,121.3,82.46,94.7,307.1,0.34,163.0,101140.0
1990-12-21 08:00:00+00:00,4.37,82.3,34.4,36.25,27.8,289.7,0.62,128.0,101170.0
1990-12-21 09:00:00+00:00,3.68,85.45,0.05,0.0,0.05,285.05,0.83,131.0,101180.0
1990-12-21 10:00:00+00:00,3.1,88.7,0.0,0.0,0.0,299.95,0.34,174.0,101200.0
1990-12-21 11:00:00+00:00,2.69,88.7,0.0,0.0,0.0,302.3,0.62,203.0,101220.0
1990-12-21 12:00:00+00:00,2.39,88.65,0.0,0.0,0.0,298.6,0.69,211.0,101210.0
1990-12-21 13:00:00+00:00,2.35,88.65,0.0,0.0,0.0,268.05,0.34,244.0,101200.0
1990-12-21 14:00:00+00:00,2.09,92.1,0.0,0.0,0.0,278.1,0.41,314.0,101190.0
1990-12-21 15:00:00+00:00,1.64,88.65,0.0,0.0,0.0,292.05,0.69,327.0,101180.0
1990-12-21 16:00:00+00:00,1.38,92.05,0.0,0.0,0.0,285.85,0.76,308.0,101170.0
1990-12-21 17:00:00+00:00,1.14,88.6,0.0,0.0,0.0,278.5,0.76,269.0,101130.0
1990-12-21 18:00:00+00:00,0.19,88.5,0.0,0.0,0.0,269.2,1.03,246.0,101130.0
1990-12-21 19:00:00+00:00,-1.09,95.6,0.0,0.0,0.0,268.6,1.38,270.0,101100.0
1990-12-21 20:00:00+00:00,-1.53,95.6,0.0,0.0,0.0,262.05,1.66,275.0,101070.0
1990-12-21 21:00:00+00:00,-1.83,91.9,0.0,0.0,0.0,255.45,1.79,276.0,101070.0
1990-12-21 22:00:00+00:00,-2.38,88.3,0.0,0.0,0.0,237.85,2.0,276.0,101090.0
1990-12-21 23:00:00+00:00,-2.82,88.25,0.0,0.0,0.0,234.15,2.0,278.0,101150.0
1990-12-22 00:00:00+00:00,-3.28,88.25,96.6,657.61,52.95,231.05,1.79,278.0,101230.0
1990-12-22 01:00:00+00:00,-1.31,81.7,234.15,582.84,101.2,229.8,1.31,279.0,101280.0
1990-12-22 02:00:00+00:00,2.38,70.3,372.1,711.11,117.55,243.85,0.83,284.0,101300.0
1990-12-22 03:00:00+00:00,5.63,58.3,464.95,797.28,108.5,230.1,0.21,343.0,101290.0
1990-12-22 04:00:00+00:00,7.75,43.1,485.7,768.17,109.75,230.1,0.76,30.0,101200.0
1990-12-22 05:00:00+00:00,8.79,37.05,442.7,701.07,104.75,233.75,1.31,28.0,101100.0
1990-12-22 06:00:00+00:00,9.14,37.05,344.65,591.77,92.85,236.1,1.52,38.0,101050.0
1990-12-22 07:00:00+00:00,9.82,30.55,205.9,412.36,72.45,238.2,1.31,17.0,100940.0
1990-12-22 08:00:00+00:00,9.1,38.55,60.95,157.06,32.15,238.05,1.59,72.0,100970.0
1990-12-22 09:00:00+00:00,6.99,46.4,0.2,0.0,0.2,235.15,2.34,92.0,101000.0
1990-12-22 10:00:00+00:00,4.69,53.8,0.0,0.0,0.0,232.6,1.86,96.0,101090.0
1990-12-22 11:00:00+00:00,3.3,60.15,0.0,0.0,0.0,230.3,1.24,92.0,101160.0
1990-12-22 12:00:00+00:00,3.5,57.8,0.0,0.0,0.0,227.6,0.55,46.0,101230.0
1990-12-22 13:00:00+00:00,2.37,57.7,0.0,0.0,0.0,225.25,0.97,318.0,101280.0
1990-12-22 14:00:00+00:00,-0.42,69.75,0.0,0.0,0.0,223.5,1.59,298.0,101340.0
1990-12-22 15:00:00+00:00,-2.37,75.3,0.0,0.0,0.0,222.15,2.0,291.0,101380.0
1990-12-22 16:00:00+00:00,-3.2,78.2,0.0,0.0,0.0,220.8,2.14,288.0,101430.0
1990-12-22 17:00:00+00:00,-3.71,78.15,0.0,0.0,0.0,219.65,2.07,283.0,101470.0
1990-12-22 18:00:00+00:00,-4.17,78.05,0.0,0.0,0.0,218.65,2.07,278.0,101520.0
1990-12-22 19:00:00+00:00,-4.17,78.05,0.0,0.0,0.0,217.3,1.66,298.0,101610.0
1990-12-22 20:00:00+00:00,-4.6,78.0,0.0,0.0,0.0,215.75,1.52,321.0,101620.0
1990-12-22 21:00:00+00:00,-4.43,74.95,0.0,0.0,0.0,215.2,1.52,343.0,101650.0
1990-12-22 22:00:00+00:00,-4.31,74.95,0.0,0.0,0.0,214.6,1.72,13.0,101670.0
1990-12-22 23:00:00+00:00,-4.43,78.05,0.0,0.0,0.0,214.05,1.66,26.0,101760.0
1990-12-23 00:00:00+00:00,-3.22,72.1,102.3,833.1,48.0,213.05,0.97,21.0,101850.0
1990-12-23 01:00:00+00:00,-2.3,69.45,251.9,759.47,79.4,214.7,0.34,29.0,101960.0
1990-12-23 02:00:00+00:00,0.23,59.6,378.25,783.13,98.45,215.75,0.69,92.0,102010.0
1990-12-23 03:00:00+00:00,1.74,55.3,449.75,737.19,120.4,218.65,1.38,106.0,102020.0
1990-12-23 04:00:00+00:00,2.8,49.25,469.25,710.35,121.55,224.1,1.79,119.0,101930.0
1990-12-23 05:00:00+00:00,3.66,47.45,409.25,544.97,146.3,229.15,2.0,127.0,101800.0
1990-12-23 06:00:00+00:00,4.16,45.7,309.1,418.1,130.85,237.45,2.14,124.0,101750.0
1990-12-23 07:00:00+00:00,4.03,47.45,180.2,256.48,96.9,239.0,2.0,122.0,101700.0
1990-12-23 08:00:00+00:00,3.73,47.45,54.2,85.78,38.35,243.25,1.86,135.0,101710.0
1990-12-23 09:00:00+00:00,2.69,49.25,0.2,0.0,0.2,239.75,1.72,143.0,101730.0
1990-12-23 10:00:00+00:00,1.26,55.2,0.0,0.0,0.0,237.65,1.79,146.0,101760.0
1990-12-23 11:00:00+00:00,-0.49,67.0,0.0,0.0,0.0,234.55,1.66,162.0,101790.0
1990-12-23 12:00:00+00:00,-1.93,72.3,0.0,0.0,0.0,226.6,1.72,177.0,101850.0
1990-12-23 13:00:00+00:00,-2.69,75.2,0.0,0.0,0.0,230.85,1.79,177.0,101850.0
1990-12-23 14:00:00+00:00,-2.98,78.2,0.0,0.0,0.0,237.65,1.86,175.0,101850.0
1990-12-23 15:00:00+00:00,-3.01,78.2,0.0,0.0,0.0,239.0,2.0,182.0,101840.0
1990-12-23 16:00:00+00:00,-2.88,75.2,0.0,0.0,0.0,241.15,2.0,185.0,101850.0
1990-12-23 17:00:00+00:00,-2.86,75.2,0.0,0.0,0.0,240.35,2.07,185.0,101830.0
1990-12-23 18:00:00+00:00,-2.76,75.2,0.0,0.0,0.0,242.5,2.07,182.0,101780.0
1990-12-23 19:00:00+00:00,-2.28,72.3,0.0,0.0,0.0,258.15,1.86,176.0,101740.0
1990-12-23 20:00:00+00:00,-2.19,72.3,0.0,0.0,0.0,256.2,1.86,176.0,101670.0
1990-12-23 21:00:00+00:00,-2.06,72.3,0.0,0.0,0.0,257.2,2.0,176.0,101650.0
1990-12-23 22:00:00+00:00,-1.88,69.55,0.0,0.0,0.0,259.15,2.07,173.0,101620.0
1990-12-23 23:00:00+00:00,-1.41,66.9,0.0,0.0,0.0,277.9,1.66,160.0,101690.0
1990-12-24 00:00:00+00:00,-1.56,72.4,57.7,199.77,44.9,274.05,1.17,137.0,101750.0
1990-12-24 01:00:00+00:00,0.04,64.45,168.5,207.06,121.65,283.6,0.9,123.0,101840.0
1990-12-24 02:00:00+00:00,1.48,57.45,294.45,375.36,160.55,275.95,1.17,146.0,101850.0
1990-12-24 03:00:00+00:00,3.03,53.4,386.25,541.13,144.6,273.25,1.79,164.0,101850.0
1990-12-24 04:00:00+00:00,4.39,51.55,383.35,402.42,186.3,264.95,2.41,168.0,101750.0
1990-12-24 05:00:00+00:00,5.36,49.8,359.65,388.65,171.9,275.6,2.97,168.0,101610.0
1990-12-24 06:00:00+00:00,5.93,48.0,268.65,285.77,146.55,270.55,3.45,165.0,101540.0
1990-12-24 07:00:00+00:00,5.58,49.8,205.6,408.24,72.5,278.85,3.24,161.0,101460.0
1990-12-24 08:00:00+00:00,5.21,49.8,60.65,151.13,32.5,239.6,2.62,159.0,101480.0
1990-12-24 09:00:00+00:00,3.77,57.95,0.3,0.0,0.3,244.6,2.14,155.0,101560.0
1990-12-24 10:00:00+00:00,2.13,62.5,0.0,0.0,0.0,245.0,2.21,164.0,101640.0
1990-12-24 11:00:00+00:00,1.11,67.4,0.0,0.0,0.0,254.1,2.07,166.0,101650.0
1990-12-24 12:00:00+00:00,0.06,72.65,0.0,0.0,0.0,248.1,1.93,172.0,101670.0
1990-12-24 13:00:00+00:00,-1.15,78.5,0.0,0.0,0.0,239.2,1.86,186.0,101700.0
1990-12-24 14:00:00+00:00,-2.08,84.85,0.0,0.0,0.0,230.85,1.72,197.0,101760.0
1990-12-24 15:00:00+00:00,-2.52,84.85,0.0,0.0,0.0,235.5,1.72,204.0,101790.0
1990-12-24 16:00:00+00:00,-2.29,84.85,0.0,0.0,0.0,254.5,1.59,196.0,101770.0
1990-12-24 17:00:00+00:00,-2.23,84.85,0.0,0.0,0.0,255.05,1.52,203.0,101740.0
1990-12-24 18:00:00+00:00,-1.92,84.85,0.0,0.0,0.0,263.6,1.38,213.0,101730.0
1990-12-24 19:00:00+00:00,-1.79,81.65,0.0,0.0,0.0,259.5,1.17,226.0,101690.0
1990-12-24 20:00:00+00:00,-0.52,75.55,0.0,0.0,0.0,255.45,0.69,247.0,101670.0
1990-12-24 21:00:00+00:00,-0.43,75.55,0.0,0.0,0.0,268.6,0.48,168.0,101670.0
1990-12-24 22:00:00+00:00,-0.92,78.5,0.0,0.0,0.0,283.3,0.76,172.0,101670.0
1990-12-24 23:00:00+00:00,-1.17,81.7,0.0,0.0,0.0,284.65,0.97,200.0,101720.0
1990-12-25 00:00:00+00:00,-0.93,81.7,34.1,8.72,33.55,288.95,0.83,212.0,101760.0
1990-12-25 01:00:00+00:00,0.1,81.9,73.4,1.33,73.1,294.65,0.55,208.0,101830.0
1990-12-25 02:00:00+00:00,1.32,72.95,99.6,9.54,96.2,301.3,0.76,194.0,101840.0
1990-12-25 03:00:00+00:00,1.75,75.95,189.7,50.84,167.0,302.85,1.31,166.0,101780.0
1990-12-25 04:00:00+00:00,2.62,73.2,184.15,64.29,152.65,302.1,1.93,179.0,101660.0
1990-12-25 05:00:00+00:00,3.06,73.2,158.45,74.52,122.4,303.45,2.34,178.0,101540.0
1990-12-25 06:00:00+00:00,3.21,76.1,243.2,223.9,147.3,304.4,2.41,170.0,101450.0
1990-12-25 07:00:00+00:00,3.46,79.1,147.5,186.32,86.5,277.1,2.28,159.0,101410.0
1990-12-25 08:00:00+00:00,3.43,79.1,40.45,45.78,31.85,279.85,2.21,155.0,101390.0
1990-12-25 09:00:00+00:00,2.52,82.15,0.2,0.0,0.2,279.05,1.86,142.0,101430.0
1990-12-25 10:00:00+00:00,1.51,88.6,0.0,0.0,0.0,279.45,1.72,148.0,101440.0
1990-12-25 11:00:00+00:00,0.91,92.05,0.0,0.0,0.0,279.85,1.52,164.0,101520.0
1990-12-25 12:00:00+00:00,0.55,95.65,0.0,0.0,0.0,285.05,1.52,177.0,101540.0
1990-12-25 13:00:00+00:00,0.43,95.65,0.0,0.0,0.0,293.2,1.38,193.0,101560.0
1990-12-25 14:00:00+00:00,0.38,95.65,0.0,0.0,0.0,297.65,1.24,198.0,101570.0
1990-12-25 15:00:00+00:00,0.22,95.65,0.0,0.0,0.0,293.75,1.1,186.0,101580.0
1990-12-25 16:00:00+00:00,0.16,92.0,0.0,0.0,0.0,293.95,1.03,169.0,101540.0
1990-12-25 17:00:00+00:00,0.76,92.05,0.0,0.0,0.0,299.0,0.62,162.0,101540.0
1990-12-25 18:00:00+00:00,1.05,95.65,0.0,0.0,0.0,303.65,0.48,95.0,101540.0
1990-12-25 19:00:00+00:00,0.12,95.65,0.0,0.0,0.0,304.6,0.97,47.0,101550.0
1990-12-25 20:00:00+00:00,0.08,99.4,0.0,0.0,0.0,301.3,1.1,23.0,101500.0
1990-12-25 21:00:00+00:00,-0.11,95.6,0.0,0.0,0.0,291.25,1.45,359.0,101550.0
1990-12-25 22:00:00+00:00,0.01,95.6,0.0,0.0,0.0,297.85,1.93,5.0,101570.0
1990-12-25 23:00:00+00:00,0.3,95.65,0.0,0.0,0.0,310.2,2.21,7.0,101690.0
1990-12-26 00:00:00+00:00,0.48,95.65,20.1,0.0,20.1,310.6,2.55,7.0,101800.0
1990-12-26 01:00:00+00:00,0.85,92.05,81.7,1.56,81.35,310.5,3.45,4.0,101920.0
1990-12-26 02:00:00+00:00,1.54,88.6,168.25,42.56,153.1,310.8,4.41,5.0,102000.0
1990-12-26 03:00:00+00:00,2.16,79.0,170.2,10.41,165.55,301.7,4.9,10.0,102010.0
1990-12-26 04:00:00+00:00,2.41,76.0,179.25,16.31,171.25,307.5,4.9,9.0,101980.0
1990-12-26 05:00:00+00:00,2.65,70.4,222.25,61.81,192.3,306.15,4.62,11.0,101930.0
1990-12-26 06:00:00+00:00,2.99,67.7,201.55,106.52,155.8,297.25,4.34,16.0,101920.0
1990-12-26 07:00:00+00:00,2.95,65.1,118.9,63.4,98.05,299.0,3.66,26.0,101890.0
1990-12-26 08:00:00+00:00,2.73,65.1,36.7,10.02,34.8,291.45,3.24,34.0,101910.0
1990-12-26 09:00:00+00:00,2.24,65.0,0.25,0.0,0.25,295.3,2.21,35.0,101970.0
1990-12-26 10:00:00+00:00,1.17,70.1,0.0,0.0,0.0,260.5,1.52,38.0,102000.0
1990-12-26 11:00:00+00:00,0.36,78.75,0.0,0.0,0.0,264.35,0.97,57.0,102020.0
1990-12-26 12:00:00+00:00,0.67,72.85,0.0,0.0,0.0,256.4,0.41,80.0,102060.0
1990-12-26 13:00:00+00:00,0.15,75.7,0.0,0.0,0.0,235.7,0.28,183.0,102110.0
1990-12-26 14:00:00+00:00,-1.12,81.7,0.0,0.0,0.0,225.25,0.97,187.0,102140.0
1990-12-26 15:00:00+00:00,-3.26,88.25,0.0,0.0,0.0,225.25,1.66,189.0,102130.0
1990-12-26 16:00:00+00:00,-3.88,88.2,0.0,0.0,0.0,222.55,1.86,207.0,102140.0
1990-12-26 17:00:00+00:00,-4.28,91.75,0.0,0.0,0.0,215.2,1.79,222.0,102130.0
1990-12-26 18:00:00+00:00,-4.46,91.75,0.0,0.0,0.0,214.6,1.72,236.0,102150.0
1990-12-26 19:00:00+00:00,-4.75,88.1,0.0,0.0,0.0,213.85,1.79,244.0,102180.0
1990-12-26 20:00:00+00:00,-5.0,91.7,0.0,0.0,0.0,211.15,1.79,254.0,102180.0
1990-12-26 21:00:00+00:00,-5.27,88.05,0.0,0.0,0.0,208.4,1.86,263.0,102190.0
1990-12-26 22:00:00+00:00,-5.24,81.2,0.0,0.0,0.0,205.7,2.0,284.0,102210.0
1990-12-26 23:00:00+00:00,-4.93,68.95,0.0,0.0,0.0,203.75,2.21,305.0,102270.0
1990-12-27 00:00:00+00:00,-4.83,63.45,103.7,916.28,47.5,202.05,2.07,317.0,102350.0
1990-12-27 01:00:00+00:00,-1.85,56.7,257.8,791.66,80.25,203.1,1.17,342.0,102420.0
1990-12-27 02:00:00+00:00,1.97,41.55,389.65,820.5,97.8,205.9,1.72,32.0,102490.0
1990-12-27 03:00:00+00:00,3.23,34.0,472.45,819.0,106.65,208.8,2.97,50.0,102490.0
1990-12-27 04:00:00+00:00,3.68,31.4,496.7,791.99,107.9,211.15,3.24,57.0,102370.0
1990-12-27 05:00:00+00:00,3.82,31.4,456.4,724.93,104.45,212.5,2.83,66.0,102230.0
1990-12-27 06:00:00+00:00,3.88,31.4,359.95,616.48,94.4,214.6,2.34,79.0,102160.0
1990-12-27 07:00:00+00:00,3.22,34.0,220.15,440.2,74.7,215.0,2.21,96.0,102130.0
1990-12-27 08:00:00+00:00,2.68,35.45,70.0,180.05,35.55,215.0,2.34,114.0,102140.0
1990-12-27 09:00:00+00:00,1.08,43.05,0.55,0.0,0.55,213.45,2.28,127.0,102110.0
1990-12-27 10:00:00+00:00,-0.6,50.35,0.0,0.0,0.0,210.55,2.07,143.0,102100.0
1990-12-27 11:00:00+00:00,-1.91,58.95,0.0,0.0,0.0,209.4,1.93,171.0,102130.0
1990-12-27 12:00:00+00:00,-3.19,63.8,0.0,0.0,0.0,208.4,2.07,196.0,102100.0
1990-12-27 13:00:00+00:00,-3.85,69.15,0.0,0.0,0.0,208.4,2.14,201.0,102130.0
1990-12-27 14:00:00+00:00,-4.02,71.95,0.0,0.0,0.0,209.0,2.34,198.0,102080.0
1990-12-27 15:00:00+00:00,-3.83,69.15,0.0,0.0,0.0,209.0,2.62,193.0,102070.0
1990-12-27 16:00:00+00:00,-3.61,72.05,0.0,0.0,0.0,209.2,2.9,188.0,101990.0
1990-12-27 17:00:00+00:00,-3.53,78.15,0.0,0.0,0.0,208.8,3.1,184.0,101920.0
1990-12-27 18:00:00+00:00,-3.57,84.7,0.0,0.0,0.0,208.6,3.24,183.0,101870.0
1990-12-27 19:00:00+00:00,-3.86,84.7,0.0,0.0,0.0,207.25,2.76,185.0,101830.0
1990-12-27 20:00:00+00:00,-4.08,88.15,0.0,0.0,0.0,206.7,2.55,186.0,101740.0
1990-12-27 21:00:00+00:00,-4.39,88.15,0.0,0.0,0.0,205.15,2.14,187.0,101670.0
1990-12-27 22:00:00+00:00,-4.84,88.1,0.0,0.0,0.0,204.15,1.79,190.0,101660.0
1990-12-27 23:00:00+00:00,-4.99,88.05,0.0,0.0,0.0,203.4,1.31,192.0,101720.0
1990-12-28 00:00:00+00:00,-4.58,84.6,101.15,885.89,47.45,203.6,0.9,193.0,101790.0
1990-12-28 01:00:00+00:00,-3.27,81.45,251.95,764.44,80.85,206.4,0.34,177.0,101870.0
1990-12-28 02:00:00+00:00,-0.86,67.0,380.0,789.0,99.45,210.75,0.21,111.0,101900.0
1990-12-28 03:00:00+00:00,0.9,62.15,457.35,765.84,115.1,216.15,0.62,44.0,101910.0
1990-12-28 04:00:00+00:00,2.23,55.45,480.05,735.82,118.35,225.05,1.17,35.0,101850.0
1990-12-28 05:00:00+00:00,3.17,55.55,451.85,715.28,103.85,229.15,1.59,38.0,101780.0
1990-12-28 06:00:00+00:00,3.63,53.4,358.8,593.92,102.15,222.35,1.86,40.0,101750.0
1990-12-28 07:00:00+00:00,2.05,53.15,225.8,452.44,75.55,219.45,2.34,38.0,101880.0
1990-12-28 08:00:00+00:00,1.43,53.0,72.1,186.07,36.15,212.7,2.21,33.0,101960.0
1990-12-28 09:00:00+00:00,-0.39,59.45,0.65,0.0,0.65,209.95,2.28,27.0,102060.0
1990-12-28 10:00:00+00:00,-2.13,66.65,0.0,0.0,0.0,208.2,2.28,21.0,102180.0
1990-12-28 11:00:00+00:00,-3.0,72.1,0.0,0.0,0.0,211.5,2.07,3.0,102270.0
1990-12-28 12:00:00+00:00,-3.69,75.05,0.0,0.0,0.0,211.15,1.93,346.0,102380.0
1990-12-28 13:00:00+00:00,-4.21,78.05,0.0,0.0,0.0,210.95,1.79,338.0,102450.0
1990-12-28 14:00:00+00:00,-4.89,78.0,0.0,0.0,0.0,203.75,1.66,325.0,102480.0
1990-12-28 15:00:00+00:00,-5.28,81.2,0.0,0.0,0.0,203.0,1.59,307.0,102540.0
1990-12-28 16:00:00+00:00,-5.64,81.1,0.0,0.0,0.0,201.25,1.52,290.0,102570.0
1990-12-28 17:00:00+00:00,-6.09,84.45,0.0,0.0,0.0,199.3,1.66,274.0,102570.0
1990-12-28 18:00:00+00:00,-6.29,81.05,0.0,0.0,0.0,198.55,1.86,265.0,102560.0
1990-12-28 19:00:00+00:00,-6.7,84.4,0.0,0.0,0.0,197.75,1.72,251.0,102560.0
1990-12-28 20:00:00+00:00,-6.79,84.4,0.0,0.0,0.0,197.4,1.66,244.0,102480.0
1990-12-28 21:00:00+00:00,-6.74,84.4,0.0,0.0,0.0,197.0,1.72,235.0,102440.0
1990-12-28 22:00:00+00:00,-6.58,84.4,0.0,0.0,0.0,196.4,1.86,226.0,102400.0
1990-12-28 23:00:00+00:00,-6.41,81.05,0.0,0.0,0.0,196.2,1.93,220.0,102430.0
1990-12-29 00:00:00+00:00,-6.19,81.05,103.75,944.21,47.1,196.4,1.93,213.0,102470.0
1990-12-29 01:00:00+00:00,-3.27,66.45,258.75,800.3,79.9,198.45,1.79,199.0,102500.0
1990-12-29 02:00:00+00:00,-0.1,50.5,391.5,827.4,97.3,201.65,2.76,186.0,102490.0
1990-12-29 03:00:00+00:00,1.62,38.25,475.5,825.57,106.25,205.5,3.72,180.0,102470.0
1990-12-29 04:00:00+00:00,2.79,32.6,499.85,794.6,108.65,208.8,4.28,178.0,102370.0
1990-12-29 05:00:00+00:00,3.57,32.6,462.45,734.82,104.1,211.5,4.41,178.0,102230.0
1990-12-29 06:00:00+00:00,4.0,31.4,365.55,626.36,93.95,214.05,4.41,178.0,102140.0
1990-12-29 07:00:00+00:00,3.78,35.6,223.2,433.12,78.6,216.95,4.14,173.0,102100.0
1990-12-29 08:00:00+00:00,2.96,38.55,71.05,146.28,42.5,217.7,3.38,162.0,102050.0
1990-12-29 09:00:00+00:00,0.77,44.85,0.8,0.0,0.8,219.65,3.17,158.0,102030.0
1990-12-29 10:00:00+00:00,-0.83,50.35,0.0,0.0,0.0,225.65,2.97,169.0,102030.0
1990-12-29 11:00:00+00:00,-1.47,54.4,0.0,0.0,0.0,231.25,2.69,181.0,102020.0
1990-12-29 12:00:00+00:00,-1.84,56.7,0.0,0.0,0.0,235.5,2.55,187.0,102030.0
1990-12-29 13:00:00+00:00,-2.09,58.95,0.0,0.0,0.0,236.65,2.41,188.0,102030.0
1990-12-29 14:00:00+00:00,-2.28,58.95,0.0,0.0,0.0,239.2,2.28,188.0,102000.0
1990-12-29 15:00:00+00:00,-2.34,61.45,0.0,0.0,0.0,244.6,2.14,188.0,101970.0
1990-12-29 16:00:00+00:00,-2.38,61.45,0.0,0.0,0.0,246.35,2.14,189.0,101910.0
1990-12-29 17:00:00+00:00,-2.21,61.45,0.0,0.0,0.0,255.65,1.93,191.0,101830.0
1990-12-29 18:00:00+00:00,-2.15,64.0,0.0,0.0,0.0,260.5,1.72,189.0,101780.0
1990-12-29 19:00:00+00:00,-2.33,64.0,0.0,0.0,0.0,258.95,0.9,154.0,101790.0
1990-12-29 20:00:00+00:00,-2.25,64.0,0.0,0.0,0.0,263.6,0.69,155.0,101760.0
1990-12-29 21:00:00+00:00,-2.37,64.0,0.0,0.0,0.0,261.05,0.62,159.0,101720.0
1990-12-29 22:00:00+00:00,-2.45,69.35,0.0,0.0,0.0,261.05,0.62,153.0,101710.0
1990-12-29 23:00:00+00:00,-2.84,69.35,0.0,0.0,0.0,253.5,0.9,160.0,101740.0
1990-12-30 00:00:00+00:00,-3.29,72.1,91.3,696.07,49.9,241.7,1.03,173.0,101790.0
1990-12-30 01:00:00+00:00,-1.85,69.55,235.15,649.08,90.25,228.25,0.76,181.0,101790.0
1990-12-30 02:00:00+00:00,0.48,62.0,369.15,750.41,102.25,229.3,1.38,175.0,101790.0
1990-12-30 03:00:00+00:00,2.21,55.45,453.3,770.4,108.35,229.9,1.59,170.0,101760.0
1990-12-30 04:00:00+00:00,3.64,53.5,476.7,739.76,111.85,233.95,1.72,164.0,101640.0
1990-12-30 05:00:00+00:00,4.62,53.65,442.9,690.7,105.2,236.5,1.86,161.0,101530.0
1990-12-30 06:00:00+00:00,5.29,51.8,352.4,593.62,94.05,240.75,1.93,164.0,101440.0
1990-12-30 07:00:00+00:00,4.81,55.95,218.5,431.01,73.8,236.85,1.86,159.0,101460.0
1990-12-30 08:00:00+00:00,4.27,60.4,72.2,182.01,36.3,236.5,1.52,142.0,101450.0
1990-12-30 09:00:00+00:00,2.94,65.1,0.9,0.0,0.9,232.8,1.59,128.0,101450.0
1990-12-30 10:00:00+00:00,0.79,75.75,0.0,0.0,0.0,231.05,1.1,144.0,101490.0
1990-12-30 11:00:00+00:00,-0.24,78.65,0.0,0.0,0.0,230.65,1.03,198.0,101510.0
1990-12-30 12:00:00+00:00,-1.37,78.5,0.0,0.0,0.0,231.05,1.31,219.0,101530.0
1990-12-30 13:00:00+00:00,-2.22,84.85,0.0,0.0,0.0,231.65,1.52,219.0,101540.0
1990-12-30 14:00:00+00:00,-2.97,88.25,0.0,0.0,0.0,231.25,1.72,211.0,101520.0
1990-12-30 15:00:00+00:00,-3.36,88.25,0.0,0.0,0.0,231.25,1.72,211.0,101500.0
1990-12-30 16:00:00+00:00,-3.5,88.2,0.0,0.0,0.0,230.65,1.59,214.0,101480.0
1990-12-30 17:00:00+00:00,-3.56,88.2,0.0,0.0,0.0,230.1,1.31,218.0,101450.0
1990-12-30 18:00:00+00:00,-3.46,88.2,0.0,0.0,0.0,229.9,1.1,218.0,101410.0
1990-12-30 19:00:00+00:00,-3.09,84.8,0.0,0.0,0.0,227.95,0.83,223.0,101440.0
1990-12-30 20:00:00+00:00,-2.65,81.5,0.0,0.0,0.0,227.6,0.62,253.0,101420.0
1990-12-30 21:00:00+00:00,-2.47,81.5,0.0,0.0,0.0,226.4,0.28,287.0,101400.0
1990-12-30 22:00:00+00:00,-2.44,81.5,0.0,0.0,0.0,224.85,0.34,318.0,101410.0
1990-12-30 23:00:00+00:00,-2.36,78.35,0.0,0.0,0.0,223.5,0.41,323.0,101460.0
1990-12-31 00:00:00+00:00,-2.37,78.35,98.05,865.27,46.95,222.55,0.55,298.0,101520.0
1990-12-31 01:00:00+00:00,-2.01,84.85,244.75,715.79,85.05,226.35,0.41,291.0,101570.0
1990-12-31 02:00:00+00:00,1.3,67.4,375.65,762.17,104.4,232.4,0.21,24.0,101590.0
1990-12-31 03:00:00+00:00,3.72,60.3,467.5,809.3,104.65,236.1,0.41,100.0,101580.0
1990-12-31 04:00:00+00:00,5.56,58.3,493.45,782.28,106.85,236.5,0.76,123.0,101490.0
1990-12-31 05:00:00+00:00,6.85,54.3,457.95,723.85,103.05,239.95,1.17,123.0,101400.0
1990-12-31 06:00:00+00:00,7.54,54.4,364.15,620.84,92.9,242.65,1.52,126.0,101340.0
1990-12-31 07:00:00+00:00,6.96,56.45,227.4,456.63,73.2,242.65,1.59,120.0,101370.0
1990-12-31 08:00:00+00:00,5.92,63.15,76.4,195.85,37.35,241.9,1.52,116.0,101400.0
1990-12-31 09:00:00+00:00,4.16,70.6,1.05,0.0,1.05,237.85,1.45,135.0,101440.0
1990-12-31 10:00:00+00:00,1.77,78.95,0.0,0.0,0.0,233.6,0.97,186.0,101470.0
1990-12-31 11:00:00+00:00,-0.06,88.45,0.0,0.0,0.0,241.7,1.52,224.0,101490.0
1990-12-31 12:00:00+00:00,-0.98,91.95,0.0,0.0,0.0,254.5,2.07,228.0,101480.0
1990-12-31 13:00:00+00:00,-0.97,88.4,0.0,0.0,0.0,257.75,2.21,228.0,101460.0
1990-12-31 14:00:00+00:00,-0.79,88.45,0.0,0.0,0.0,265.1,2.34,222.0,101440.0
1990-12-31 15:00:00+00:00,-0.6,88.45,0.0,0.0,0.0,263.95,2.34,219.0,101400.0
1990-12-31 16:00:00+00:00,-3.92,91.28,0.0,0.0,0.0,236.32,1.92,217.0,101350.0
1990-12-31 17:00:00+00:00,-3.26,89.12,0.0,0.0,0.0,237.82,1.8,216.0,101300.0
1990-12-31 18:00:00+00:00,-2.6,86.96,0.0,0.0,0.0,239.31,1.69,216.0,101250.0
1990-12-31 19:00:00+00:00,-1.94,84.8,0.0,0.0,0.0,240.81,1.57,219.0,101240.0
1990-12-31 20:00:00+00:00,-1.29,82.65,0.0,0.0,0.0,242.31,1.45,226.0,101220.0
1990-12-31 21:00:00+00:00,-0.63,80.49,0.0,0.0,0.0,243.8,1.33,242.0,101180.0
1990-12-31 22:00:00+00:00,0.03,78.33,0.0,0.0,0.0,245.3,1.22,278.0,101170.0
1990-12-31 23:00:00+00:00,0.69,76.17,0.0,0.0,0.0,246.8,1.1,302.0,101200.0
