time(UTC),temp_air,relative_humidity,ghi,dni,dhi,IR(h),wind_speed,wind_direction,pressure
1990-01-01 00:00:00+00:00,-6.81,56.51,154.55,921.64,55.4,261.66,4.09,346.0,102460.0
1990-01-01 01:00:00+00:00,-6.31,53.61,298.85,885.41,77.95,259.15,3.73,353.0,102470.0
1990-01-01 02:00:00+00:00,-5.81,50.71,404.7,879.09,90.85,256.64,3.38,178.0,102440.0
1990-01-01 03:00:00+00:00,-5.31,47.81,458.0,854.7,96.6,254.14,3.02,209.0,102350.0
1990-01-01 04:00:00+00:00,-4.8,44.91,452.25,805.14,96.0,251.63,2.67,227.0,102250.0
1990-01-01 05:00:00+00:00,-4.3,42.02,387.6,719.3,89.4,249.13,2.31,229.0,102140.0
1990-01-01 06:00:00+00:00,-3.8,39.12,270.7,573.83,75.0,246.62,1.96,226.0,102070.0
1990-01-01 07:00:00+00:00,-3.29,36.22,124.8,335.18,48.75,244.12,1.6,214.0,102050.0
1990-01-01 08:00:00+00:00,-2.79,54.15,11.4,51.31,7.3,196.2,4.48,207.0,101990.0
1990-01-01 09:00:00+00:00,-3.8,63.7,0.0,0.0,0.0,197.6,4.9,204.0,101940.0
1990-01-01 10:00:00+00:00,-4.22,69.05,0.0,0.0,0.0,198.15,5.24,205.0,101880.0
1990-01-01 11:00:00+00:00,-4.33,71.95,0.0,0.0,0.0,198.95,5.24,206.0,101830.0
1990-01-01 12:00:00+00:00,-4.4,71.95,0.0,0.0,0.0,198.15,5.1,203.0,101780.0
1990-01-01 13:00:00+00:00,-4.37,69.05,0.0,0.0,0.0,197.75,4.9,200.0,101730.0
1990-01-01 14:00:00+00:00,-4.21,69.05,0.0,0.0,0.0,196.6,4.9,197.0,101670.0
1990-01-01 15:00:00+00:00,-3.98,66.25,0.0,0.0,0.0,196.6,5.03,198.0,101610.0
1990-01-01 16:00:00+00:00,-3.77,63.7,0.0,0.0,0.0,196.6,5.17,201.0,101540.0
1990-01-01 17:00:00+00:00,-3.62,66.35,0.0,0.0,0.0,196.2,5.59,206.0,101490.0
1990-01-01 18:00:00+00:00,-3.33,69.25,0.0,0.0,0.0,196.05,6.07,214.0,101470.0
1990-01-01 19:00:00+00:00,-2.67,72.25,0.0,0.0,0.0,196.2,6.9,218.0,101410.0
1990-01-01 20:00:00+00:00,-2.38,69.45,0.0,0.0,0.0,196.6,7.17,217.0,101340.0
1990-01-01 21:00:00+00:00,-2.12,69.45,0.0,0.0,0.0,197.6,7.79,216.0,101270.0
1990-01-01 22:00:00+00:00,-1.83,69.55,0.0,0.0,0.0,200.3,8.14,217.0,101270.0
1990-01-01 23:00:00+00:00,-1.69,69.55,0.0,0.0,0.0,197.6,8.34,215.0,101230.0
1990-01-02 00:00:00+00:00,-1.36,69.65,152.7,903.79,55.5,199.15,8.55,215.0,101240.0
1990-01-02 01:00:00+00:00,-0.39,64.45,289.25,814.56,85.8,201.75,8.9,216.0,101230.0
1990-01-02 02:00:00+00:00,0.66,62.15,394.25,837.13,94.85,208.05,9.31,216.0,101230.0
1990-01-02 03:00:00+00:00,1.37,59.8,427.7,718.66,123.1,211.9,10.34,219.0,101180.0
1990-01-02 04:00:00+00:00,1.72,57.6,432.35,740.58,103.65,217.15,10.48,219.0,101070.0
1990-01-02 05:00:00+00:00,1.84,57.6,358.6,608.97,105.1,225.05,10.48,218.0,100990.0
1990-01-02 06:00:00+00:00,1.71,59.95,238.05,432.04,89.85,223.15,10.34,217.0,100940.0
1990-01-02 07:00:00+00:00,1.47,64.8,115.3,283.96,50.25,246.95,10.14,214.0,100880.0
1990-01-02 08:00:00+00:00,0.88,67.3,11.2,47.44,7.3,228.95,9.72,213.0,100880.0
1990-01-02 09:00:00+00:00,0.31,69.95,0.0,0.0,0.0,235.15,9.17,210.0,100860.0
1990-01-02 10:00:00+00:00,0.0,72.65,0.0,0.0,0.0,221.75,9.17,213.0,100860.0
1990-01-02 11:00:00+00:00,-0.02,72.65,0.0,0.0,0.0,224.65,8.97,216.0,100860.0
1990-01-02 12:00:00+00:00,0.04,72.65,0.0,0.0,0.0,231.45,8.69,218.0,100860.0
1990-01-02 13:00:00+00:00,0.25,69.95,0.0,0.0,0.0,245.75,8.62,221.0,100870.0
1990-01-02 14:00:00+00:00,0.43,72.75,0.0,0.0,0.0,248.1,8.14,224.0,100880.0
1990-01-02 15:00:00+00:00,0.53,69.95,0.0,0.0,0.0,251.6,7.79,228.0,100880.0
1990-01-02 16:00:00+00:00,0.44,67.2,0.0,0.0,0.0,251.0,7.31,234.0,100900.0
1990-01-02 17:00:00+00:00,0.25,64.55,0.0,0.0,0.0,255.85,6.48,241.0,100940.0
1990-01-02 18:00:00+00:00,-0.11,64.45,0.0,0.0,0.0,252.15,5.38,251.0,100980.0
1990-01-02 19:00:00+00:00,-0.14,64.45,0.0,0.0,0.0,262.6,4.28,268.0,101070.0
1990-01-02 20:00:00+00:00,-0.56,61.8,0.0,0.0,0.0,262.8,3.66,298.0,101090.0
1990-01-02 21:00:00+00:00,-0.97,56.85,0.0,0.0,0.0,262.2,4.34,330.0,101150.0
1990-01-02 22:00:00+00:00,-1.81,44.15,0.0,0.0,0.0,233.2,5.52,341.0,101260.0
1990-01-02 23:00:00+00:00,-2.99,40.15,0.0,0.0,0.0,204.75,5.66,342.0,101380.0
1990-01-03 00:00:00+00:00,-3.66,40.0,152.0,905.94,54.5,194.7,5.17,342.0,101500.0
1990-01-03 01:00:00+00:00,-3.15,38.45,297.65,878.83,77.8,193.6,4.9,338.0,101590.0
1990-01-03 02:00:00+00:00,-2.61,35.4,405.8,881.0,90.05,191.2,5.86,333.0,101670.0
1990-01-03 03:00:00+00:00,-2.43,32.55,460.65,859.94,95.2,190.2,6.76,333.0,101680.0
1990-01-03 04:00:00+00:00,-2.31,31.2,456.5,812.77,94.55,189.45,6.83,332.0,101650.0
1990-01-03 05:00:00+00:00,-2.29,28.55,393.1,727.24,89.05,188.5,6.97,329.0,101630.0
1990-01-03 06:00:00+00:00,-2.4,27.3,276.4,585.46,74.35,186.75,7.03,328.0,101680.0
1990-01-03 07:00:00+00:00,-2.66,24.85,131.1,355.28,48.9,187.15,7.79,327.0,101760.0
1990-01-03 08:00:00+00:00,-3.35,27.05,13.2,61.46,8.0,184.05,7.24,330.0,101900.0
1990-01-03 09:00:00+00:00,-4.3,29.25,0.0,0.0,0.0,182.85,7.1,334.0,102060.0
1990-01-03 10:00:00+00:00,-4.91,29.1,0.0,0.0,0.0,181.7,6.9,335.0,102150.0
1990-01-03 11:00:00+00:00,-5.35,30.3,0.0,0.0,0.0,180.75,6.83,334.0,102210.0
1990-01-03 12:00:00+00:00,-5.71,31.55,0.0,0.0,0.0,179.6,6.83,333.0,102280.0
1990-01-03 13:00:00+00:00,-6.04,31.4,0.0,0.0,0.0,178.8,6.83,334.0,102370.0
1990-01-03 14:00:00+00:00,-6.39,31.4,0.0,0.0,0.0,178.8,6.76,335.0,102450.0
1990-01-03 15:00:00+00:00,-6.73,34.2,0.0,0.0,0.0,178.6,6.62,335.0,102540.0
1990-01-03 16:00:00+00:00,-7.08,35.6,0.0,0.0,0.0,178.4,6.48,335.0,102590.0
1990-01-03 17:00:00+00:00,-7.41,35.6,0.0,0.0,0.0,178.4,6.41,337.0,102640.0
1990-01-03 18:00:00+00:00,-7.76,38.8,0.0,0.0,0.0,178.05,6.28,341.0,102690.0
1990-01-03 19:00:00+00:00,-8.83,38.65,0.0,0.0,0.0,175.3,6.21,347.0,102790.0
1990-01-03 20:00:00+00:00,-9.28,40.25,0.0,0.0,0.0,174.15,5.86,351.0,102790.0
1990-01-03 21:00:00+00:00,-9.72,41.95,0.0,0.0,0.0,173.4,5.45,354.0,102830.0
1990-01-03 22:00:00+00:00,-10.12,43.75,0.0,0.0,0.0,172.4,5.03,358.0,102910.0
1990-01-03 23:00:00+00:00,-10.51,43.75,0.0,0.0,0.0,172.05,4.69,0.0,102960.0
1990-01-04 00:00:00+00:00,-10.53,43.75,154.8,928.95,54.65,171.45,4.28,2.0,103060.0
1990-01-04 01:00:00+00:00,-9.47,40.25,299.6,887.82,77.05,172.15,4.28,3.0,103150.0
1990-01-04 02:00:00+00:00,-8.48,36.95,408.15,889.03,88.75,172.25,4.55,6.0,103200.0
1990-01-04 03:00:00+00:00,-7.65,35.45,463.9,868.47,93.75,173.0,4.21,10.0,103180.0
1990-01-04 04:00:00+00:00,-6.94,32.7,460.2,821.16,93.2,173.75,3.66,8.0,103110.0
1990-01-04 05:00:00+00:00,-6.34,31.4,397.25,738.07,87.25,174.75,3.24,2.0,103070.0
1990-01-04 06:00:00+00:00,-5.96,30.15,282.8,599.48,74.6,175.3,3.03,357.0,103070.0
1990-01-04 07:00:00+00:00,-6.29,31.4,135.15,364.08,50.05,174.75,3.66,10.0,103130.0
1990-01-04 08:00:00+00:00,-6.61,32.7,14.35,66.03,8.6,175.15,2.97,8.0,103180.0
1990-01-04 09:00:00+00:00,-7.36,34.05,0.0,0.0,0.0,174.75,2.48,11.0,103230.0
1990-01-04 10:00:00+00:00,-7.98,35.45,0.0,0.0,0.0,174.95,2.28,22.0,103250.0
1990-01-04 11:00:00+00:00,-8.61,36.95,0.0,0.0,0.0,174.35,2.0,42.0,103240.0
1990-01-04 12:00:00+00:00,-9.26,40.25,0.0,0.0,0.0,173.95,2.0,67.0,103240.0
1990-01-04 13:00:00+00:00,-9.97,43.9,0.0,0.0,0.0,173.6,2.07,89.0,103230.0
1990-01-04 14:00:00+00:00,-10.58,49.85,0.0,0.0,0.0,173.6,2.14,108.0,103210.0
1990-01-04 15:00:00+00:00,-11.04,49.85,0.0,0.0,0.0,173.4,2.21,119.0,103170.0
1990-01-04 16:00:00+00:00,-11.35,54.35,0.0,0.0,0.0,173.2,2.21,127.0,103110.0
1990-01-04 17:00:00+00:00,-11.63,59.25,0.0,0.0,0.0,173.95,2.07,138.0,103090.0
1990-01-04 18:00:00+00:00,-11.83,61.95,0.0,0.0,0.0,174.95,2.07,153.0,103070.0
1990-01-04 19:00:00+00:00,-11.84,64.7,0.0,0.0,0.0,175.9,2.41,157.0,103070.0
1990-01-04 20:00:00+00:00,-11.28,64.8,0.0,0.0,0.0,177.25,2.9,178.0,103000.0
1990-01-04 21:00:00+00:00,-10.45,59.65,0.0,0.0,0.0,179.4,3.52,181.0,102930.0
1990-01-04 22:00:00+00:00,-9.54,59.75,0.0,0.0,0.0,181.9,4.0,189.0,102880.0
1990-01-04 23:00:00+00:00,-8.73,57.5,0.0,0.0,0.0,188.1,4.48,191.0,102840.0
1990-01-05 00:00:00+00:00,-7.66,57.6,148.85,827.43,59.4,191.2,4.9,192.0,102830.0
1990-01-05 01:00:00+00:00,-5.7,55.7,293.05,845.23,80.65,195.75,5.59,190.0,102790.0
1990-01-05 02:00:00+00:00,-3.86,53.9,367.45,680.35,122.35,197.95,6.97,194.0,102740.0
1990-01-05 03:00:00+00:00,-2.68,56.45,372.3,477.59,168.1,216.55,8.07,199.0,102640.0
1990-01-05 04:00:00+00:00,-1.85,56.7,315.45,253.76,201.6,232.2,8.41,203.0,102520.0
1990-01-05 05:00:00+00:00,-1.11,56.85,208.9,96.55,168.15,251.4,8.76,210.0,102390.0
1990-01-05 06:00:00+00:00,-0.79,56.95,126.4,39.76,112.5,264.95,8.69,213.0,102300.0
1990-01-05 07:00:00+00:00,-0.79,59.35,62.75,12.49,59.8,273.45,8.41,211.0,102180.0
1990-01-05 08:00:00+00:00,-0.85,59.35,7.05,2.23,6.85,277.5,8.21,211.0,102160.0
1990-01-05 09:00:00+00:00,-1.08,64.25,0.0,0.0,0.0,271.3,7.93,212.0,102160.0
1990-01-05 10:00:00+00:00,-1.11,64.25,0.0,0.0,0.0,276.75,7.72,212.0,102120.0
1990-01-05 11:00:00+00:00,-1.13,66.9,0.0,0.0,0.0,279.45,7.59,212.0,102070.0
1990-01-05 12:00:00+00:00,-1.27,69.65,0.0,0.0,0.0,274.4,7.59,212.0,102070.0
1990-01-05 13:00:00+00:00,-1.42,72.5,0.0,0.0,0.0,278.3,7.72,214.0,102030.0
1990-01-05 14:00:00+00:00,-1.44,75.45,0.0,0.0,0.0,283.3,7.72,214.0,102020.0
1990-01-05 15:00:00+00:00,-1.36,78.5,0.0,0.0,0.0,287.2,7.59,214.0,102000.0
1990-01-05 16:00:00+00:00,-1.26,78.5,0.0,0.0,0.0,292.4,7.72,216.0,101970.0
1990-01-05 17:00:00+00:00,-1.15,81.7,0.0,0.0,0.0,293.4,7.59,220.0,101920.0
1990-01-05 18:00:00+00:00,-1.04,81.7,0.0,0.0,0.0,294.95,7.52,225.0,101880.0
1990-01-05 19:00:00+00:00,-1.1,78.5,0.0,0.0,0.0,288.15,7.38,232.0,101880.0
1990-01-05 20:00:00+00:00,-1.28,78.5,0.0,0.0,0.0,271.9,7.17,235.0,101820.0
1990-01-05 21:00:00+00:00,-1.31,75.45,0.0,0.0,0.0,274.4,6.9,238.0,101800.0
1990-01-05 22:00:00+00:00,-1.44,75.45,0.0,0.0,0.0,269.0,6.55,242.0,101810.0
1990-01-05 23:00:00+00:00,-1.74,75.35,0.0,0.0,0.0,260.5,6.0,247.0,101840.0
1990-01-06 00:00:00+00:00,-2.0,75.3,84.05,328.54,48.4,256.05,5.17,257.0,101890.0
1990-01-06 01:00:00+00:00,-2.16,75.3,155.5,238.66,95.35,242.6,4.41,279.0,101930.0
1990-01-06 02:00:00+00:00,-2.4,66.65,243.65,280.47,142.3,246.35,4.14,310.0,102000.0
1990-01-06 03:00:00+00:00,-2.56,61.35,298.05,349.97,147.9,245.0,4.28,335.0,102010.0
1990-01-06 04:00:00+00:00,-2.49,51.95,330.95,400.58,150.5,240.35,4.69,345.0,102030.0
1990-01-06 05:00:00+00:00,-2.32,44.0,299.2,429.06,117.2,228.35,4.83,351.0,102020.0
1990-01-06 06:00:00+00:00,-2.17,40.4,268.8,528.44,82.8,230.3,4.97,354.0,102070.0
1990-01-06 07:00:00+00:00,-2.68,38.6,134.85,352.84,50.6,204.75,5.59,358.0,102170.0
1990-01-06 08:00:00+00:00,-3.34,40.15,15.4,66.1,9.3,198.35,5.38,0.0,102270.0
1990-01-06 09:00:00+00:00,-4.44,43.45,0.0,0.0,0.0,197.95,5.24,1.0,102380.0
1990-01-06 10:00:00+00:00,-5.19,47.05,0.0,0.0,0.0,195.05,4.62,1.0,102490.0
1990-01-06 11:00:00+00:00,-5.77,49.0,0.0,0.0,0.0,192.35,4.0,358.0,102580.0
1990-01-06 12:00:00+00:00,-6.31,51.0,0.0,0.0,0.0,190.4,3.52,356.0,102630.0
1990-01-06 13:00:00+00:00,-6.75,50.85,0.0,0.0,0.0,188.1,2.97,355.0,102660.0
1990-01-06 14:00:00+00:00,-7.18,52.95,0.0,0.0,0.0,186.15,2.76,351.0,102690.0
1990-01-06 15:00:00+00:00,-7.53,55.15,0.0,0.0,0.0,185.95,2.9,343.0,102710.0
1990-01-06 16:00:00+00:00,-7.67,52.8,0.0,0.0,0.0,185.4,3.45,336.0,102730.0
1990-01-06 17:00:00+00:00,-7.72,52.8,0.0,0.0,0.0,185.0,4.0,332.0,102760.0
1990-01-06 18:00:00+00:00,-7.85,52.8,0.0,0.0,0.0,185.2,4.14,333.0,102790.0
1990-01-06 19:00:00+00:00,-8.05,52.7,0.0,0.0,0.0,183.65,4.28,332.0,102850.0
1990-01-06 20:00:00+00:00,-8.32,52.7,0.0,0.0,0.0,183.05,4.14,332.0,102820.0
1990-01-06 21:00:00+00:00,-8.59,52.7,0.0,0.0,0.0,181.5,4.0,334.0,102840.0
1990-01-06 22:00:00+00:00,-8.87,52.7,0.0,0.0,0.0,180.95,3.79,336.0,102870.0
1990-01-06 23:00:00+00:00,-9.15,52.55,0.0,0.0,0.0,179.95,3.52,338.0,102920.0
1990-01-07 00:00:00+00:00,-9.15,52.55,155.85,925.92,54.9,179.95,3.03,337.0,102980.0
1990-01-07 01:00:00+00:00,-7.48,46.5,301.35,885.21,77.5,180.65,2.76,333.0,103050.0
1990-01-07 02:00:00+00:00,-5.84,39.4,410.55,886.04,89.3,181.9,3.03,326.0,103070.0
1990-01-07 03:00:00+00:00,-4.79,36.35,466.85,864.55,94.55,183.45,3.24,323.0,103040.0
1990-01-07 04:00:00+00:00,-4.03,34.95,463.9,817.18,94.2,185.0,3.1,316.0,102970.0
1990-01-07 05:00:00+00:00,-3.46,32.3,402.1,735.99,88.25,186.75,2.9,304.0,102870.0
1990-01-07 06:00:00+00:00,-3.07,33.75,288.6,599.34,76.15,187.9,2.9,290.0,102830.0
1990-01-07 07:00:00+00:00,-3.18,33.75,141.6,371.75,51.85,188.5,2.76,281.0,102810.0
1990-01-07 08:00:00+00:00,-3.4,35.25,17.2,76.32,9.95,188.85,2.55,265.0,102820.0
1990-01-07 09:00:00+00:00,-4.24,39.85,0.0,0.0,0.0,188.3,2.9,242.0,102830.0
1990-01-07 10:00:00+00:00,-4.79,43.3,0.0,0.0,0.0,188.85,3.38,230.0,102830.0
1990-01-07 11:00:00+00:00,-4.82,47.2,0.0,0.0,0.0,189.25,3.86,225.0,102800.0
1990-01-07 12:00:00+00:00,-4.65,49.25,0.0,0.0,0.0,189.85,4.21,227.0,102770.0
1990-01-07 13:00:00+00:00,-4.44,51.55,0.0,0.0,0.0,191.4,4.34,232.0,102730.0
1990-01-07 14:00:00+00:00,-4.26,51.55,0.0,0.0,0.0,192.95,4.07,242.0,102720.0
1990-01-07 15:00:00+00:00,-4.32,49.4,0.0,0.0,0.0,193.5,3.66,260.0,102670.0
1990-01-07 16:00:00+00:00,-4.69,58.35,0.0,0.0,0.0,193.3,3.45,284.0,102650.0
1990-01-07 17:00:00+00:00,-5.14,58.2,0.0,0.0,0.0,192.95,4.07,312.0,102650.0
1990-01-07 18:00:00+00:00,-5.74,53.35,0.0,0.0,0.0,192.95,4.83,328.0,102680.0
1990-01-07 19:00:00+00:00,-6.46,46.75,0.0,0.0,0.0,191.0,4.69,332.0,102740.0
1990-01-07 20:00:00+00:00,-7.03,48.55,0.0,0.0,0.0,188.7,4.62,331.0,102740.0
1990-01-07 21:00:00+00:00,-7.52,48.4,0.0,0.0,0.0,186.15,4.69,332.0,102740.0
1990-01-07 22:00:00+00:00,-7.91,48.4,0.0,0.0,0.0,184.4,4.69,334.0,102780.0
1990-01-07 23:00:00+00:00,-8.23,50.45,0.0,0.0,0.0,183.05,4.76,335.0,102840.0
1990-01-08 00:00:00+00:00,-8.22,50.45,156.9,928.38,55.1,181.9,4.83,335.0,102910.0
1990-01-08 01:00:00+00:00,-6.96,44.65,303.85,889.92,77.95,181.05,5.03,336.0,102970.0
1990-01-08 02:00:00+00:00,-5.58,39.4,414.7,892.41,89.95,180.35,5.93,334.0,103010.0
1990-01-08 03:00:00+00:00,-4.78,34.8,472.85,874.57,94.75,180.55,6.83,338.0,102990.0
1990-01-08 04:00:00+00:00,-4.41,29.25,456.55,757.61,112.25,179.6,7.59,345.0,102940.0
1990-01-08 05:00:00+00:00,-4.21,29.25,386.3,637.62,112.9,187.7,7.38,346.0,102900.0
1990-01-08 06:00:00+00:00,-4.12,29.25,277.25,487.32,103.25,195.85,7.45,345.0,102910.0
1990-01-08 07:00:00+00:00,-5.05,28.95,136.05,289.36,65.4,195.85,7.45,348.0,103000.0
1990-01-08 08:00:00+00:00,-5.61,31.55,18.45,77.2,10.9,186.75,6.28,354.0,103030.0
1990-01-08 09:00:00+00:00,-6.76,35.75,0.0,0.0,0.0,177.65,5.52,359.0,103100.0
1990-01-08 10:00:00+00:00,-7.73,38.8,0.0,0.0,0.0,174.55,5.1,5.0,103160.0
1990-01-08 11:00:00+00:00,-8.59,42.25,0.0,0.0,0.0,173.2,4.62,12.0,103220.0
1990-01-08 12:00:00+00:00,-9.4,46.05,0.0,0.0,0.0,172.4,4.28,19.0,103310.0
1990-01-08 13:00:00+00:00,-10.16,50.0,0.0,0.0,0.0,171.45,3.93,27.0,103360.0
1990-01-08 14:00:00+00:00,-10.78,54.5,0.0,0.0,0.0,171.05,3.45,33.0,103400.0
1990-01-08 15:00:00+00:00,-11.28,56.8,0.0,0.0,0.0,170.5,2.83,34.0,103430.0
1990-01-08 16:00:00+00:00,-11.71,59.25,0.0,0.0,0.0,169.5,2.34,26.0,103430.0
1990-01-08 17:00:00+00:00,-12.12,59.15,0.0,0.0,0.0,169.7,2.14,16.0,103450.0
1990-01-08 18:00:00+00:00,-12.47,59.15,0.0,0.0,0.0,168.95,2.21,7.0,103460.0
1990-01-08 19:00:00+00:00,-12.92,59.0,0.0,0.0,0.0,167.95,2.48,3.0,103490.0
1990-01-08 20:00:00+00:00,-13.15,58.9,0.0,0.0,0.0,167.6,2.62,358.0,103440.0
1990-01-08 21:00:00+00:00,-13.38,58.9,0.0,0.0,0.0,167.0,2.9,358.0,103390.0
1990-01-08 22:00:00+00:00,-13.57,58.9,0.0,0.0,0.0,166.05,2.97,2.0,103400.0
1990-01-08 23:00:00+00:00,-13.81,58.75,0.0,0.0,0.0,165.05,2.9,6.0,103390.0
1990-01-09 00:00:00+00:00,-13.79,58.75,160.5,947.1,55.95,164.5,2.62,9.0,103430.0
1990-01-09 01:00:00+00:00,-12.34,49.45,309.45,904.01,79.0,164.6,2.41,14.0,103430.0
1990-01-09 02:00:00+00:00,-11.06,43.45,421.6,904.9,91.0,164.7,2.34,17.0,103430.0
1990-01-09 03:00:00+00:00,-10.14,38.2,480.15,883.93,96.4,165.05,1.79,13.0,103360.0
1990-01-09 04:00:00+00:00,-9.35,35.15,478.25,836.92,96.1,166.25,1.31,341.0,103240.0
1990-01-09 05:00:00+00:00,-8.66,33.75,416.15,755.97,90.15,167.2,1.45,306.0,103100.0
1990-01-09 06:00:00+00:00,-8.16,35.3,301.35,621.57,77.75,168.35,1.79,288.0,103030.0
1990-01-09 07:00:00+00:00,-8.42,36.95,151.25,394.96,53.7,168.95,1.66,283.0,102960.0
1990-01-09 08:00:00+00:00,-8.55,38.65,20.15,89.4,11.15,169.3,1.38,281.0,102900.0
1990-01-09 09:00:00+00:00,-9.05,42.1,0.0,0.0,0.0,169.3,1.17,266.0,102880.0
1990-01-09 10:00:00+00:00,-9.59,45.9,0.0,0.0,0.0,170.85,1.52,235.0,102870.0
1990-01-09 11:00:00+00:00,-9.99,50.15,0.0,0.0,0.0,172.6,2.28,214.0,102850.0
1990-01-09 12:00:00+00:00,-10.24,57.1,0.0,0.0,0.0,174.15,2.9,207.0,102820.0
1990-01-09 13:00:00+00:00,-10.07,59.65,0.0,0.0,0.0,176.7,3.45,205.0,102770.0
1990-01-09 14:00:00+00:00,-9.67,59.75,0.0,0.0,0.0,179.6,3.59,203.0,102730.0
1990-01-09 15:00:00+00:00,-9.1,57.35,0.0,0.0,0.0,181.9,3.45,206.0,102660.0
1990-01-09 16:00:00+00:00,-8.73,55.05,0.0,0.0,0.0,185.0,3.24,206.0,102590.0
1990-01-09 17:00:00+00:00,-8.62,57.5,0.0,0.0,0.0,185.6,3.1,207.0,102500.0
1990-01-09 18:00:00+00:00,-8.71,60.0,0.0,0.0,0.0,185.75,2.76,209.0,102470.0
1990-01-09 19:00:00+00:00,-8.71,62.65,0.0,0.0,0.0,186.55,3.17,227.0,102380.0
1990-01-09 20:00:00+00:00,-9.05,68.15,0.0,0.0,0.0,186.15,2.62,242.0,102350.0
1990-01-09 21:00:00+00:00,-9.83,71.0,0.0,0.0,0.0,185.2,2.14,273.0,102300.0
1990-01-09 22:00:00+00:00,-10.5,70.9,0.0,0.0,0.0,184.4,2.69,326.0,102360.0
1990-01-09 23:00:00+00:00,-11.26,73.8,0.0,0.0,0.0,183.45,4.76,0.0,102420.0
1990-01-10 00:00:00+00:00,-12.04,67.6,155.5,881.01,57.5,184.05,5.79,16.0,102560.0
1990-01-10 01:00:00+00:00,-11.5,56.8,299.6,847.29,82.6,181.6,6.07,24.0,102660.0
1990-01-10 02:00:00+00:00,-10.57,47.7,414.9,879.79,92.1,178.05,6.28,25.0,102750.0
1990-01-10 03:00:00+00:00,-9.85,41.95,474.45,865.24,97.15,175.5,5.93,21.0,102750.0
1990-01-10 04:00:00+00:00,-9.25,38.5,474.8,824.84,96.3,173.95,5.31,17.0,102710.0
1990-01-10 05:00:00+00:00,-8.83,35.3,415.8,750.59,90.2,172.25,5.03,13.0,102640.0
1990-01-10 06:00:00+00:00,-8.61,33.75,304.3,625.36,77.6,171.65,4.9,10.0,102650.0
1990-01-10 07:00:00+00:00,-8.71,35.3,154.6,401.96,54.15,169.7,4.34,9.0,102660.0
1990-01-10 08:00:00+00:00,-9.04,36.8,21.55,94.57,11.75,169.5,3.79,11.0,102730.0
1990-01-10 09:00:00+00:00,-9.93,38.35,0.0,0.0,0.0,168.75,3.38,17.0,102770.0
1990-01-10 10:00:00+00:00,-10.61,43.6,0.0,0.0,0.0,168.35,2.83,27.0,102820.0
1990-01-10 11:00:00+00:00,-11.22,45.45,0.0,0.0,0.0,167.6,2.34,36.0,102840.0
1990-01-10 12:00:00+00:00,-11.94,47.4,0.0,0.0,0.0,166.6,2.0,45.0,102860.0
1990-01-10 13:00:00+00:00,-12.97,51.6,0.0,0.0,0.0,165.45,1.52,52.0,102880.0
1990-01-10 14:00:00+00:00,-12.52,49.45,0.0,0.0,0.0,165.25,0.97,42.0,102890.0
1990-01-10 15:00:00+00:00,-12.62,51.6,0.0,0.0,0.0,165.25,1.1,349.0,102890.0
1990-01-10 16:00:00+00:00,-13.94,51.3,0.0,0.0,0.0,165.85,2.48,327.0,102910.0
1990-01-10 17:00:00+00:00,-12.96,45.0,0.0,0.0,0.0,166.6,4.0,329.0,102900.0
1990-01-10 18:00:00+00:00,-12.69,45.0,0.0,0.0,0.0,167.95,4.48,334.0,102910.0
1990-01-10 19:00:00+00:00,-12.59,45.0,0.0,0.0,0.0,168.55,4.55,332.0,102860.0
1990-01-10 20:00:00+00:00,-12.8,45.0,0.0,0.0,0.0,168.35,4.41,334.0,102830.0
1990-01-10 21:00:00+00:00,-12.99,45.0,0.0,0.0,0.0,167.75,4.21,334.0,102800.0
1990-01-10 22:00:00+00:00,-13.12,46.95,0.0,0.0,0.0,167.4,4.0,332.0,102820.0
1990-01-10 23:00:00+00:00,-13.18,46.95,0.0,0.0,0.0,167.2,3.93,329.0,102860.0
1990-01-11 00:00:00+00:00,-12.93,45.0,163.4,957.73,55.95,167.2,3.79,327.0,102880.0
1990-01-11 01:00:00+00:00,-11.15,39.65,313.45,911.95,78.7,168.1,3.66,326.0,102930.0
1990-01-11 02:00:00+00:00,-9.47,32.1,426.65,911.48,90.7,168.35,4.14,325.0,102930.0
1990-01-11 03:00:00+00:00,-8.37,30.8,486.3,890.67,96.1,169.7,4.28,326.0,102880.0
1990-01-11 04:00:00+00:00,-7.43,28.4,485.5,844.56,95.95,170.7,4.0,325.0,102780.0
1990-01-11 05:00:00+00:00,-6.55,28.55,424.1,764.94,90.25,171.65,4.0,323.0,102680.0
1990-01-11 06:00:00+00:00,-5.75,26.3,309.0,631.68,78.2,173.4,4.0,320.0,102640.0
1990-01-11 07:00:00+00:00,-5.62,26.3,157.9,407.69,54.8,174.95,3.93,324.0,102650.0
1990-01-11 08:00:00+00:00,-5.64,27.55,23.0,100.33,12.3,176.1,3.52,331.0,102670.0
1990-01-11 09:00:00+00:00,-6.46,28.7,0.0,0.0,0.0,176.85,3.66,338.0,102680.0
1990-01-11 10:00:00+00:00,-7.29,32.55,0.0,0.0,0.0,177.65,3.72,342.0,102720.0
1990-01-11 11:00:00+00:00,-7.98,33.9,0.0,0.0,0.0,177.65,3.66,339.0,102720.0
1990-01-11 12:00:00+00:00,-8.48,35.3,0.0,0.0,0.0,177.25,3.79,334.0,102730.0
1990-01-11 13:00:00+00:00,-8.83,36.95,0.0,0.0,0.0,177.05,4.14,331.0,102760.0
1990-01-11 14:00:00+00:00,-9.22,40.25,0.0,0.0,0.0,177.45,4.55,334.0,102790.0
1990-01-11 15:00:00+00:00,-9.66,41.95,0.0,0.0,0.0,177.45,4.83,338.0,102810.0
1990-01-11 16:00:00+00:00,-10.04,40.1,0.0,0.0,0.0,177.65,4.76,342.0,102830.0
1990-01-11 17:00:00+00:00,-10.4,41.8,0.0,0.0,0.0,177.45,4.69,347.0,102830.0
1990-01-11 18:00:00+00:00,-10.76,41.65,0.0,0.0,0.0,177.25,4.48,351.0,102850.0
1990-01-11 19:00:00+00:00,-11.0,41.65,0.0,0.0,0.0,177.05,4.28,357.0,102830.0
1990-01-11 20:00:00+00:00,-11.37,41.5,0.0,0.0,0.0,176.7,4.07,357.0,102840.0
1990-01-11 21:00:00+00:00,-11.71,43.3,0.0,0.0,0.0,177.05,3.86,357.0,102800.0
1990-01-11 22:00:00+00:00,-11.99,43.3,0.0,0.0,0.0,176.7,3.79,356.0,102840.0
1990-01-11 23:00:00+00:00,-12.23,45.15,0.0,0.0,0.0,176.1,3.66,357.0,102860.0
1990-01-12 00:00:00+00:00,-12.19,45.15,162.05,935.91,56.05,176.3,3.31,359.0,102920.0
1990-01-12 01:00:00+00:00,-10.59,38.05,311.1,896.73,79.0,176.8,3.1,359.0,102970.0
1990-01-12 02:00:00+00:00,-9.07,33.6,423.75,898.05,91.15,176.85,3.24,358.0,102990.0
1990-01-12 03:00:00+00:00,-8.02,30.95,483.45,878.49,96.7,177.85,3.45,354.0,102940.0
1990-01-12 04:00:00+00:00,-7.25,31.1,483.1,833.69,96.5,178.25,3.52,349.0,102840.0
1990-01-12 05:00:00+00:00,-6.62,29.85,422.6,755.36,90.85,179.4,3.38,343.0,102740.0
1990-01-12 06:00:00+00:00,-6.06,30.0,309.55,627.43,78.45,179.95,3.31,338.0,102690.0
1990-01-12 07:00:00+00:00,-5.84,28.8,159.45,406.7,55.35,181.3,2.62,334.0,102710.0
1990-01-12 08:00:00+00:00,-5.76,30.15,24.1,102.97,12.8,181.9,2.14,338.0,102700.0
1990-01-12 09:00:00+00:00,-6.37,31.4,0.0,0.0,0.0,182.7,1.38,11.0,102700.0
1990-01-12 10:00:00+00:00,-8.15,36.95,0.0,0.0,0.0,184.6,1.38,47.0,102700.0
1990-01-12 11:00:00+00:00,-9.88,43.9,0.0,0.0,0.0,185.2,1.66,63.0,102700.0
1990-01-12 12:00:00+00:00,-11.03,52.15,0.0,0.0,0.0,185.2,1.86,82.0,102720.0
1990-01-12 13:00:00+00:00,-11.56,61.95,0.0,0.0,0.0,185.4,1.66,101.0,102720.0
1990-01-12 14:00:00+00:00,-11.37,59.4,0.0,0.0,0.0,185.0,1.38,120.0,102730.0
1990-01-12 15:00:00+00:00,-10.33,54.65,0.0,0.0,0.0,185.0,0.97,132.0,102720.0
1990-01-12 16:00:00+00:00,-9.73,52.4,0.0,0.0,0.0,185.0,0.34,120.0,102710.0
1990-01-12 17:00:00+00:00,-9.52,48.1,0.0,0.0,0.0,185.4,0.48,8.0,102700.0
1990-01-12 18:00:00+00:00,-10.34,50.0,0.0,0.0,0.0,185.2,1.1,352.0,102710.0
1990-01-12 19:00:00+00:00,-11.96,61.95,0.0,0.0,0.0,187.5,2.14,348.0,102720.0
1990-01-12 20:00:00+00:00,-12.24,64.6,0.0,0.0,0.0,187.7,2.83,352.0,102700.0
1990-01-12 21:00:00+00:00,-12.01,64.7,0.0,0.0,0.0,187.7,3.31,356.0,102690.0
1990-01-12 22:00:00+00:00,-12.07,64.6,0.0,0.0,0.0,187.15,3.72,2.0,102710.0
1990-01-12 23:00:00+00:00,-12.33,61.8,0.0,0.0,0.0,186.55,3.86,8.0,102740.0
1990-01-13 00:00:00+00:00,-12.28,59.15,160.2,911.0,55.95,185.75,3.66,13.0,102800.0
1990-01-13 01:00:00+00:00,-10.87,49.85,307.4,877.45,78.95,185.7,3.45,14.0,102850.0
1990-01-13 02:00:00+00:00,-9.45,46.05,418.65,879.24,91.35,185.4,3.38,13.0,102870.0
1990-01-13 03:00:00+00:00,-8.29,44.2,477.5,860.01,96.95,186.35,3.1,6.0,102830.0
1990-01-13 04:00:00+00:00,-7.35,42.55,477.15,815.47,96.9,187.5,2.83,356.0,102740.0
1990-01-13 05:00:00+00:00,-6.65,40.85,417.7,738.62,91.2,188.85,2.69,348.0,102650.0
1990-01-13 06:00:00+00:00,-6.16,39.25,306.3,612.19,78.95,189.65,0.0,0.0,102600.0
1990-01-13 07:00:00+00:00,-6.33,42.85,159.0,398.29,55.8,189.45,0.0,0.0,102590.0
1990-01-13 08:00:00+00:00,-6.57,44.65,25.0,103.62,13.3,189.25,2.9,10.0,102630.0
1990-01-13 09:00:00+00:00,-7.5,46.5,0.0,0.0,0.0,189.05,2.62,27.0,102660.0
1990-01-13 10:00:00+00:00,-8.45,50.45,0.0,0.0,0.0,188.7,2.83,47.0,102670.0
1990-01-13 11:00:00+00:00,-9.2,52.55,0.0,0.0,0.0,187.7,2.97,64.0,102650.0
1990-01-13 12:00:00+00:00,-9.77,54.75,0.0,0.0,0.0,187.5,3.03,73.0,102660.0
1990-01-13 13:00:00+00:00,-10.26,57.1,0.0,0.0,0.0,186.95,2.76,76.0,102670.0
1990-01-13 14:00:00+00:00,-10.78,59.5,0.0,0.0,0.0,186.15,2.21,69.0,102680.0
1990-01-13 15:00:00+00:00,-11.53,62.05,0.0,0.0,0.0,185.95,1.72,52.0,102670.0
1990-01-13 16:00:00+00:00,-12.21,67.5,0.0,0.0,0.0,186.35,1.79,36.0,102660.0
1990-01-13 17:00:00+00:00,-12.57,70.4,0.0,0.0,0.0,185.2,2.07,36.0,102650.0
1990-01-13 18:00:00+00:00,-12.76,67.4,0.0,0.0,0.0,184.2,2.28,44.0,102650.0
1990-01-13 19:00:00+00:00,-12.89,70.4,0.0,0.0,0.0,184.4,2.41,47.0,102650.0
1990-01-13 20:00:00+00:00,-13.06,70.4,0.0,0.0,0.0,183.85,2.34,50.0,102610.0
1990-01-13 21:00:00+00:00,-13.25,73.45,0.0,0.0,0.0,183.25,2.34,55.0,102580.0
1990-01-13 22:00:00+00:00,-13.46,73.45,0.0,0.0,0.0,181.7,2.28,58.0,102580.0
1990-01-13 23:00:00+00:00,-13.63,76.65,0.0,0.0,0.0,182.3,2.21,61.0,102600.0
1990-01-14 00:00:00+00:00,-13.37,73.45,161.8,908.66,56.65,182.5,2.07,58.0,102620.0
1990-01-14 01:00:00+00:00,-11.28,59.4,310.0,881.51,79.05,185.1,2.07,48.0,102660.0
1990-01-14 02:00:00+00:00,-9.55,52.4,421.05,880.68,91.45,184.05,2.21,36.0,102660.0
1990-01-14 03:00:00+00:00,-8.17,50.45,481.15,863.1,97.2,185.75,2.28,26.0,102620.0
1990-01-14 04:00:00+00:00,-7.09,46.5,479.0,810.07,99.1,188.85,2.21,18.0,102530.0
1990-01-14 05:00:00+00:00,-6.35,44.75,419.2,731.16,93.85,190.8,2.21,12.0,102430.0
1990-01-14 06:00:00+00:00,-5.89,43.0,307.55,595.6,84.5,195.85,2.34,9.0,102380.0
1990-01-14 07:00:00+00:00,-6.03,46.75,161.45,396.05,57.55,194.5,2.62,9.0,102400.0
1990-01-14 08:00:00+00:00,-6.37,46.75,26.15,100.31,14.5,191.2,2.76,9.0,102430.0
1990-01-14 09:00:00+00:00,-7.41,52.95,0.0,0.0,0.0,193.15,2.9,17.0,102460.0
1990-01-14 10:00:00+00:00,-8.33,57.5,0.0,0.0,0.0,196.4,3.03,31.0,102480.0
1990-01-14 11:00:00+00:00,-8.92,57.5,0.0,0.0,0.0,201.25,3.1,44.0,102500.0
1990-01-14 12:00:00+00:00,-9.42,59.9,0.0,0.0,0.0,203.75,3.17,52.0,102480.0
1990-01-14 13:00:00+00:00,-9.73,62.4,0.0,0.0,0.0,214.05,3.03,49.0,102480.0
1990-01-14 14:00:00+00:00,-9.97,62.4,0.0,0.0,0.0,220.05,2.97,40.0,102480.0
1990-01-14 15:00:00+00:00,-10.27,65.05,0.0,0.0,0.0,218.5,2.97,30.0,102460.0
1990-01-14 16:00:00+00:00,-10.59,67.8,0.0,0.0,0.0,219.45,3.17,22.0,102440.0
1990-01-14 17:00:00+00:00,-11.1,70.7,0.0,0.0,0.0,205.15,3.45,16.0,102430.0
1990-01-14 18:00:00+00:00,-11.6,73.75,0.0,0.0,0.0,195.05,3.59,16.0,102430.0
1990-01-14 19:00:00+00:00,-11.84,73.75,0.0,0.0,0.0,191.0,3.45,16.0,102440.0
1990-01-14 20:00:00+00:00,-12.19,76.9,0.0,0.0,0.0,186.95,3.59,20.0,102380.0
1990-01-14 21:00:00+00:00,-12.47,76.9,0.0,0.0,0.0,186.55,3.59,20.0,102380.0
1990-01-14 22:00:00+00:00,-12.72,80.25,0.0,0.0,0.0,185.2,3.52,18.0,102400.0
1990-01-14 23:00:00+00:00,-12.93,80.25,0.0,0.0,0.0,184.8,3.66,17.0,102450.0
1990-01-15 00:00:00+00:00,-12.82,76.85,158.1,837.22,60.05,184.05,3.59,17.0,102500.0
1990-01-15 01:00:00+00:00,-11.63,73.75,303.5,825.24,85.85,186.1,3.93,16.0,102540.0
1990-01-15 02:00:00+00:00,-10.35,67.9,412.8,825.13,102.25,187.7,4.14,15.0,102550.0
1990-01-15 03:00:00+00:00,-9.02,60.0,463.4,775.74,116.4,189.25,4.41,12.0,102490.0
1990-01-15 04:00:00+00:00,-7.84,60.1,468.35,742.98,117.85,190.6,4.76,10.0,102400.0
1990-01-15 05:00:00+00:00,-6.95,55.45,419.1,717.51,97.65,192.55,5.1,8.0,102320.0
1990-01-15 06:00:00+00:00,-6.37,55.55,293.1,501.05,103.85,190.8,5.24,7.0,102280.0
1990-01-15 07:00:00+00:00,-6.12,55.55,143.95,259.19,75.1,211.5,5.66,7.0,102320.0
1990-01-15 08:00:00+00:00,-6.37,58.0,22.15,41.44,17.2,219.45,5.24,8.0,102370.0
1990-01-15 09:00:00+00:00,-6.97,60.4,0.0,0.0,0.0,230.3,4.97,11.0,102430.0
1990-01-15 10:00:00+00:00,-7.67,65.5,0.0,0.0,0.0,217.5,4.83,19.0,102460.0
1990-01-15 11:00:00+00:00,-8.28,68.25,0.0,0.0,0.0,217.5,4.62,28.0,102490.0
1990-01-15 12:00:00+00:00,-9.17,71.1,0.0,0.0,0.0,194.85,4.76,32.0,102500.0
1990-01-15 13:00:00+00:00,-9.99,71.0,0.0,0.0,0.0,190.6,4.97,31.0,102510.0
1990-01-15 14:00:00+00:00,-10.67,77.15,0.0,0.0,0.0,187.7,5.03,28.0,102520.0
1990-01-15 15:00:00+00:00,-11.2,80.45,0.0,0.0,0.0,186.95,4.97,25.0,102480.0
1990-01-15 16:00:00+00:00,-11.59,80.35,0.0,0.0,0.0,188.1,4.9,21.0,102470.0
1990-01-15 17:00:00+00:00,-11.88,80.35,0.0,0.0,0.0,190.05,4.76,17.0,102470.0
1990-01-15 18:00:00+00:00,-12.14,80.3,0.0,0.0,0.0,190.2,4.62,15.0,102480.0
1990-01-15 19:00:00+00:00,-12.44,80.3,0.0,0.0,0.0,191.4,4.69,14.0,102490.0
1990-01-15 20:00:00+00:00,-12.63,83.75,0.0,0.0,0.0,193.5,4.34,15.0,102500.0
1990-01-15 21:00:00+00:00,-12.8,80.25,0.0,0.0,0.0,193.5,4.07,15.0,102490.0
1990-01-15 22:00:00+00:00,-12.97,80.25,0.0,0.0,0.0,192.35,3.93,15.0,102540.0
1990-01-15 23:00:00+00:00,-13.14,83.7,0.0,0.0,0.0,191.4,3.86,17.0,102560.0
1990-01-16 00:00:00+00:00,-12.96,80.25,153.05,744.0,64.8,194.1,3.66,20.0,102580.0
1990-01-16 01:00:00+00:00,-11.8,73.75,288.35,687.13,105.85,192.25,3.86,23.0,102600.0
1990-01-16 02:00:00+00:00,-10.4,67.9,416.35,820.69,105.65,195.05,3.93,25.0,102580.0
1990-01-16 03:00:00+00:00,-9.02,62.65,474.0,795.65,116.05,193.15,3.93,20.0,102550.0
1990-01-16 04:00:00+00:00,-7.77,60.1,482.1,794.84,104.85,195.45,3.93,13.0,102430.0
1990-01-16 05:00:00+00:00,-6.8,57.85,427.2,740.03,93.35,195.45,3.72,8.0,102340.0
1990-01-16 06:00:00+00:00,-6.07,58.0,313.2,615.09,78.85,195.45,3.52,6.0,102300.0
1990-01-16 07:00:00+00:00,-5.64,55.7,166.85,409.27,56.75,198.35,2.69,7.0,102320.0
1990-01-16 08:00:00+00:00,-5.64,55.7,29.6,118.08,15.1,198.75,2.28,16.0,102320.0
1990-01-16 09:00:00+00:00,-6.29,58.0,0.0,0.0,0.0,198.55,1.93,20.0,102300.0
1990-01-16 10:00:00+00:00,-7.23,62.9,0.0,0.0,0.0,198.95,1.86,9.0,102290.0
1990-01-16 11:00:00+00:00,-8.47,68.25,0.0,0.0,0.0,198.35,1.72,12.0,102300.0
1990-01-16 12:00:00+00:00,-9.45,68.15,0.0,0.0,0.0,198.35,1.72,43.0,102290.0
1990-01-16 13:00:00+00:00,-10.17,74.0,0.0,0.0,0.0,197.95,1.86,73.0,102280.0
1990-01-16 14:00:00+00:00,-10.59,77.15,0.0,0.0,0.0,198.35,1.93,96.0,102280.0
1990-01-16 15:00:00+00:00,-10.7,77.15,0.0,0.0,0.0,197.6,1.72,118.0,102270.0
1990-01-16 16:00:00+00:00,-10.66,77.15,0.0,0.0,0.0,197.95,1.59,139.0,102250.0
1990-01-16 17:00:00+00:00,-10.96,77.15,0.0,0.0,0.0,197.75,1.66,149.0,102210.0
1990-01-16 18:00:00+00:00,-11.18,80.45,0.0,0.0,0.0,202.05,1.93,151.0,102190.0
1990-01-16 19:00:00+00:00,-10.97,80.5,0.0,0.0,0.0,201.65,2.41,154.0,102140.0
1990-01-16 20:00:00+00:00,-10.5,77.2,0.0,0.0,0.0,204.15,2.62,156.0,102060.0
1990-01-16 21:00:00+00:00,-9.84,77.3,0.0,0.0,0.0,208.8,2.83,156.0,102020.0
1990-01-16 22:00:00+00:00,-9.1,80.7,0.0,0.0,0.0,212.3,3.17,156.0,101990.0
1990-01-16 23:00:00+00:00,-8.08,84.2,0.0,0.0,0.0,226.6,3.38,158.0,101970.0
1990-01-17 00:00:00+00:00,-6.89,81.0,139.85,480.34,82.1,224.85,3.52,162.0,101970.0
1990-01-17 01:00:00+00:00,-4.27,74.95,286.9,664.52,109.1,220.9,3.66,169.0,101990.0
1990-01-17 02:00:00+00:00,-1.3,69.65,413.3,817.77,101.8,221.75,4.07,178.0,101960.0
1990-01-17 03:00:00+00:00,0.6,62.15,473.8,821.68,101.95,219.05,4.62,194.0,101890.0
1990-01-17 04:00:00+00:00,1.77,62.35,476.55,785.5,101.4,223.3,5.17,212.0,101800.0
1990-01-17 05:00:00+00:00,2.13,59.95,403.55,647.75,109.25,225.45,5.24,223.0,101690.0
1990-01-17 06:00:00+00:00,1.87,62.35,270.95,432.65,104.65,230.3,4.55,231.0,101660.0
1990-01-17 07:00:00+00:00,1.13,67.4,154.05,362.99,55.15,240.75,3.1,253.0,101650.0
1990-01-17 08:00:00+00:00,0.15,72.75,30.0,117.26,15.2,229.3,2.34,274.0,101690.0
1990-01-17 09:00:00+00:00,-1.54,81.65,0.0,0.0,0.0,218.3,2.55,305.0,101770.0
1990-01-17 10:00:00+00:00,-2.91,81.5,0.0,0.0,0.0,214.4,3.03,333.0,101830.0
1990-01-17 11:00:00+00:00,-3.81,84.7,0.0,0.0,0.0,215.75,3.24,352.0,101890.0
1990-01-17 12:00:00+00:00,-4.39,81.3,0.0,0.0,0.0,224.3,3.24,0.0,101970.0
1990-01-17 13:00:00+00:00,-4.84,78.0,0.0,0.0,0.0,220.6,3.24,357.0,102000.0
1990-01-17 14:00:00+00:00,-5.3,68.85,0.0,0.0,0.0,210.55,3.38,348.0,102030.0
1990-01-17 15:00:00+00:00,-5.74,58.1,0.0,0.0,0.0,203.6,3.52,338.0,102050.0
1990-01-17 16:00:00+00:00,-6.2,53.25,0.0,0.0,0.0,192.15,3.86,331.0,102070.0
1990-01-17 17:00:00+00:00,-6.68,48.7,0.0,0.0,0.0,190.4,4.41,334.0,102090.0
1990-01-17 18:00:00+00:00,-7.2,48.55,0.0,0.0,0.0,191.95,4.62,341.0,102130.0
1990-01-17 19:00:00+00:00,-7.87,50.55,0.0,0.0,0.0,189.25,4.21,357.0,102130.0
1990-01-17 20:00:00+00:00,-8.37,50.45,0.0,0.0,0.0,188.5,4.0,4.0,102120.0
1990-01-17 21:00:00+00:00,-8.83,50.45,0.0,0.0,0.0,186.55,3.66,8.0,102130.0
1990-01-17 22:00:00+00:00,-9.22,52.55,0.0,0.0,0.0,185.4,3.31,8.0,102170.0
1990-01-17 23:00:00+00:00,-9.56,54.75,0.0,0.0,0.0,183.85,3.03,3.0,102210.0
1990-01-18 00:00:00+00:00,-9.51,52.55,168.45,908.2,57.7,183.65,2.83,356.0,102270.0
1990-01-18 01:00:00+00:00,-7.87,46.35,320.05,894.91,78.75,185.3,3.1,348.0,102320.0
1990-01-18 02:00:00+00:00,-6.43,41.0,431.25,882.89,92.8,183.85,4.07,343.0,102330.0
1990-01-18 03:00:00+00:00,-5.65,39.4,489.35,843.25,105.4,185.6,4.69,341.0,102310.0
1990-01-18 04:00:00+00:00,-4.98,36.35,494.8,826.36,97.6,189.45,4.55,336.0,102230.0
1990-01-18 05:00:00+00:00,-4.39,34.95,430.65,718.91,101.65,188.5,4.41,331.0,102140.0
1990-01-18 06:00:00+00:00,-3.93,33.6,324.7,630.96,80.0,190.2,4.28,328.0,102110.0
1990-01-18 07:00:00+00:00,-3.55,35.1,176.45,429.76,57.85,190.05,4.34,330.0,102100.0
1990-01-18 08:00:00+00:00,-3.33,32.3,33.95,134.93,16.45,191.0,4.07,340.0,102100.0
1990-01-18 09:00:00+00:00,-4.2,36.5,0.0,0.0,0.0,191.2,3.17,12.0,102120.0
1990-01-18 10:00:00+00:00,-5.4,41.3,0.0,0.0,0.0,189.85,2.97,51.0,102110.0
1990-01-18 11:00:00+00:00,-6.26,44.75,0.0,0.0,0.0,189.25,2.62,62.0,102140.0
1990-01-18 12:00:00+00:00,-7.07,48.55,0.0,0.0,0.0,188.5,1.86,80.0,102180.0
1990-01-18 13:00:00+00:00,-7.86,50.55,0.0,0.0,0.0,187.3,1.31,129.0,102220.0
1990-01-18 14:00:00+00:00,-8.01,50.55,0.0,0.0,0.0,187.15,1.24,182.0,102230.0
1990-01-18 15:00:00+00:00,-7.53,52.8,0.0,0.0,0.0,188.1,1.1,204.0,102260.0
1990-01-18 16:00:00+00:00,-6.72,48.7,0.0,0.0,0.0,188.1,0.62,227.0,102270.0
1990-01-18 17:00:00+00:00,-6.87,48.7,0.0,0.0,0.0,188.1,0.69,307.0,102260.0
1990-01-18 18:00:00+00:00,-9.34,59.9,0.0,0.0,0.0,186.95,1.66,325.0,102290.0
1990-01-18 19:00:00+00:00,-11.15,64.8,0.0,0.0,0.0,183.85,2.21,346.0,102320.0
1990-01-18 20:00:00+00:00,-11.0,62.15,0.0,0.0,0.0,183.65,2.69,340.0,102330.0
1990-01-18 21:00:00+00:00,-10.7,62.15,0.0,0.0,0.0,183.05,3.1,339.0,102350.0
1990-01-18 22:00:00+00:00,-10.57,62.15,0.0,0.0,0.0,182.85,3.45,343.0,102400.0
1990-01-18 23:00:00+00:00,-10.68,59.5,0.0,0.0,0.0,181.7,3.59,348.0,102460.0
1990-01-19 00:00:00+00:00,-10.5,57.1,170.95,922.27,56.8,180.95,3.45,352.0,102540.0
1990-01-19 01:00:00+00:00,-8.91,48.25,322.1,895.83,78.6,180.85,3.59,354.0,102590.0
1990-01-19 02:00:00+00:00,-7.52,44.35,436.7,897.82,90.25,181.15,4.14,353.0,102630.0
1990-01-19 03:00:00+00:00,-6.55,40.85,498.35,879.33,95.45,182.1,4.21,350.0,102600.0
1990-01-19 04:00:00+00:00,-5.75,37.7,500.7,839.26,94.65,182.85,4.28,345.0,102550.0
1990-01-19 05:00:00+00:00,-5.13,36.2,442.1,761.58,91.0,183.25,4.55,341.0,102490.0
1990-01-19 06:00:00+00:00,-4.45,33.45,329.0,637.93,79.35,186.15,5.24,338.0,102490.0
1990-01-19 07:00:00+00:00,-5.19,37.85,177.2,414.6,61.3,184.8,4.69,343.0,102540.0
1990-01-19 08:00:00+00:00,-5.2,37.85,35.55,136.22,17.4,192.55,4.34,352.0,102600.0
1990-01-19 09:00:00+00:00,-6.24,42.85,0.0,0.0,0.0,187.15,3.52,23.0,102630.0
1990-01-19 10:00:00+00:00,-7.37,48.55,0.0,0.0,0.0,184.6,3.45,49.0,102670.0
1990-01-19 11:00:00+00:00,-8.16,50.45,0.0,0.0,0.0,183.85,3.24,51.0,102710.0
1990-01-19 12:00:00+00:00,-8.8,50.45,0.0,0.0,0.0,182.85,3.17,48.0,102730.0
1990-01-19 13:00:00+00:00,-9.34,50.3,0.0,0.0,0.0,181.3,2.9,48.0,102780.0
1990-01-19 14:00:00+00:00,-9.82,52.4,0.0,0.0,0.0,179.95,2.41,41.0,102840.0
1990-01-19 15:00:00+00:00,-10.44,52.3,0.0,0.0,0.0,179.0,2.0,20.0,102900.0
1990-01-19 16:00:00+00:00,-11.27,56.8,0.0,0.0,0.0,178.25,1.79,1.0,102940.0
1990-01-19 17:00:00+00:00,-12.02,59.25,0.0,0.0,0.0,177.65,1.72,349.0,102940.0
1990-01-19 18:00:00+00:00,-12.49,61.8,0.0,0.0,0.0,177.05,1.72,343.0,102980.0
1990-01-19 19:00:00+00:00,-12.88,64.5,0.0,0.0,0.0,176.1,2.0,339.0,102990.0
1990-01-19 20:00:00+00:00,-12.67,64.5,0.0,0.0,0.0,175.7,2.55,338.0,103020.0
1990-01-19 21:00:00+00:00,-12.32,61.8,0.0,0.0,0.0,175.3,3.52,341.0,103050.0
1990-01-19 22:00:00+00:00,-12.27,59.15,0.0,0.0,0.0,175.3,4.34,346.0,103120.0
1990-01-19 23:00:00+00:00,-12.49,59.15,0.0,0.0,0.0,174.55,4.69,350.0,103180.0
1990-01-20 00:00:00+00:00,-12.36,56.55,173.9,925.6,57.55,173.6,4.62,354.0,103270.0
1990-01-20 01:00:00+00:00,-11.14,49.75,326.4,901.32,79.35,173.3,4.76,358.0,103350.0
1990-01-20 02:00:00+00:00,-9.96,43.9,442.2,903.95,91.0,173.6,4.97,2.0,103390.0
1990-01-20 03:00:00+00:00,-8.87,40.4,504.85,885.93,96.3,174.35,4.48,4.0,103410.0
1990-01-20 04:00:00+00:00,-7.89,38.8,507.25,843.52,96.4,175.9,4.07,2.0,103360.0
1990-01-20 05:00:00+00:00,-7.09,37.25,449.1,770.54,91.2,177.05,3.86,356.0,103320.0
1990-01-20 06:00:00+00:00,-6.5,34.35,336.45,648.7,80.25,178.25,3.79,353.0,103310.0
1990-01-20 07:00:00+00:00,-6.62,35.75,186.0,447.05,59.4,178.8,3.93,352.0,103370.0
1990-01-20 08:00:00+00:00,-6.71,35.75,38.55,148.36,18.25,179.2,3.59,354.0,103410.0
1990-01-20 09:00:00+00:00,-7.49,37.25,0.0,0.0,0.0,178.4,2.83,2.0,103420.0
1990-01-20 10:00:00+00:00,-8.24,40.4,0.0,0.0,0.0,178.05,2.28,13.0,103450.0
1990-01-20 11:00:00+00:00,-9.37,42.1,0.0,0.0,0.0,177.45,1.72,28.0,103480.0
1990-01-20 12:00:00+00:00,-10.26,45.75,0.0,0.0,0.0,177.25,1.38,49.0,103510.0
1990-01-20 13:00:00+00:00,-10.16,45.75,0.0,0.0,0.0,177.05,1.24,77.0,103520.0
1990-01-20 14:00:00+00:00,-9.98,43.9,0.0,0.0,0.0,176.85,1.17,112.0,103560.0
1990-01-20 15:00:00+00:00,-10.58,49.85,0.0,0.0,0.0,176.85,1.31,146.0,103550.0
1990-01-20 16:00:00+00:00,-11.47,54.35,0.0,0.0,0.0,176.85,1.52,174.0,103540.0
1990-01-20 17:00:00+00:00,-12.26,61.8,0.0,0.0,0.0,177.05,1.79,190.0,103500.0
1990-01-20 18:00:00+00:00,-12.47,64.6,0.0,0.0,0.0,177.85,2.0,194.0,103490.0
1990-01-20 19:00:00+00:00,-12.54,70.5,0.0,0.0,0.0,179.6,2.28,197.0,103480.0
1990-01-20 20:00:00+00:00,-12.38,70.5,0.0,0.0,0.0,180.35,2.14,182.0,103400.0
1990-01-20 21:00:00+00:00,-12.63,73.55,0.0,0.0,0.0,181.5,2.28,174.0,103330.0
1990-01-20 22:00:00+00:00,-12.61,73.55,0.0,0.0,0.0,182.3,2.62,177.0,103310.0
1990-01-20 23:00:00+00:00,-11.97,70.6,0.0,0.0,0.0,183.25,3.1,181.0,103290.0
1990-01-21 00:00:00+00:00,-10.31,70.9,177.35,937.06,57.65,184.4,3.38,178.0,103290.0
1990-01-21 01:00:00+00:00,-6.55,65.7,330.25,908.72,79.0,187.25,3.52,177.0,103300.0
1990-01-21 02:00:00+00:00,-3.58,61.1,446.3,909.64,90.4,190.2,4.21,185.0,103260.0
1990-01-21 03:00:00+00:00,-1.9,56.7,508.95,890.43,95.6,193.7,4.9,200.0,103200.0
1990-01-21 04:00:00+00:00,-0.88,50.35,511.5,847.98,95.65,196.8,5.52,214.0,103100.0
1990-01-21 05:00:00+00:00,-0.37,48.45,453.4,775.39,90.5,198.15,5.79,221.0,102980.0
1990-01-21 06:00:00+00:00,-0.29,48.45,338.95,647.25,80.95,198.75,5.86,222.0,102910.0
1990-01-21 07:00:00+00:00,-0.77,54.7,188.35,449.3,59.45,200.7,5.66,220.0,102940.0
1990-01-21 08:00:00+00:00,-1.39,61.65,40.2,151.98,18.85,200.3,5.24,218.0,102930.0
1990-01-21 09:00:00+00:00,-2.53,72.25,0.0,0.0,0.0,200.7,4.9,214.0,102930.0
1990-01-21 10:00:00+00:00,-3.29,78.2,0.0,0.0,0.0,201.05,4.69,208.0,102880.0
1990-01-21 11:00:00+00:00,-3.64,84.7,0.0,0.0,0.0,201.85,4.9,202.0,102870.0
1990-01-21 12:00:00+00:00,-3.71,84.7,0.0,0.0,0.0,203.4,5.31,200.0,102850.0
1990-01-21 13:00:00+00:00,-3.66,84.7,0.0,0.0,0.0,204.15,5.66,201.0,102850.0
1990-01-21 14:00:00+00:00,-3.63,84.7,0.0,0.0,0.0,205.3,5.72,202.0,102820.0
1990-01-21 15:00:00+00:00,-3.65,84.7,0.0,0.0,0.0,205.9,5.66,203.0,102780.0
1990-01-21 16:00:00+00:00,-3.71,84.7,0.0,0.0,0.0,206.5,5.45,203.0,102740.0
1990-01-21 17:00:00+00:00,-3.83,84.7,0.0,0.0,0.0,207.05,5.17,200.0,102670.0
1990-01-21 18:00:00+00:00,-3.96,81.4,0.0,0.0,0.0,207.25,5.1,195.0,102630.0
1990-01-21 19:00:00+00:00,-4.28,84.65,0.0,0.0,0.0,206.85,5.03,188.0,102630.0
1990-01-21 20:00:00+00:00,-4.35,84.65,0.0,0.0,0.0,206.5,5.03,184.0,102560.0
1990-01-21 21:00:00+00:00,-4.41,84.65,0.0,0.0,0.0,207.25,5.1,180.0,102490.0
1990-01-21 22:00:00+00:00,-4.43,81.3,0.0,0.0,0.0,207.25,5.17,179.0,102460.0
1990-01-21 23:00:00+00:00,-4.38,81.3,0.0,0.0,0.0,207.05,5.31,180.0,102450.0
1990-01-22 00:00:00+00:00,-3.88,78.15,171.85,859.62,60.2,207.85,5.38,181.0,102470.0
1990-01-22 01:00:00+00:00,-2.33,72.3,322.25,872.1,78.95,210.1,5.45,185.0,102500.0
1990-01-22 02:00:00+00:00,-0.57,67.0,434.85,870.23,91.9,212.65,6.34,190.0,102520.0
1990-01-22 03:00:00+00:00,0.71,59.7,490.9,822.05,106.7,217.15,6.9,197.0,102480.0
1990-01-22 04:00:00+00:00,1.59,55.3,480.85,716.96,126.8,222.95,6.9,203.0,102430.0
1990-01-22 05:00:00+00:00,2.04,55.3,418.6,617.84,127.2,234.15,6.55,209.0,102320.0
1990-01-22 06:00:00+00:00,2.12,57.6,293.85,414.2,127.2,229.3,6.14,212.0,102260.0
1990-01-22 07:00:00+00:00,1.92,59.95,155.25,213.49,93.2,236.5,5.03,213.0,102190.0
1990-01-22 08:00:00+00:00,1.12,64.8,35.5,67.63,25.75,236.3,5.03,210.0,102210.0
1990-01-22 09:00:00+00:00,-0.08,72.65,0.0,0.0,0.0,229.9,5.31,205.0,102190.0
1990-01-22 10:00:00+00:00,-0.75,75.55,0.0,0.0,0.0,223.7,5.45,198.0,102210.0
1990-01-22 11:00:00+00:00,-1.15,75.45,0.0,0.0,0.0,223.15,5.52,193.0,102180.0
1990-01-22 12:00:00+00:00,-1.49,78.45,0.0,0.0,0.0,220.4,5.45,190.0,102200.0
1990-01-22 13:00:00+00:00,-1.79,78.45,0.0,0.0,0.0,219.05,5.45,189.0,102180.0
1990-01-22 14:00:00+00:00,-2.0,81.55,0.0,0.0,0.0,217.9,5.52,189.0,102200.0
1990-01-22 15:00:00+00:00,-2.12,81.55,0.0,0.0,0.0,217.7,5.59,190.0,102210.0
1990-01-22 16:00:00+00:00,-2.19,81.55,0.0,0.0,0.0,217.3,5.66,191.0,102210.0
1990-01-22 17:00:00+00:00,-2.24,81.55,0.0,0.0,0.0,217.15,5.66,192.0,102190.0
1990-01-22 18:00:00+00:00,-2.29,81.55,0.0,0.0,0.0,216.95,5.52,193.0,102190.0
1990-01-22 19:00:00+00:00,-2.14,81.55,0.0,0.0,0.0,217.3,5.66,198.0,102140.0
1990-01-22 20:00:00+00:00,-2.13,81.55,0.0,0.0,0.0,217.15,5.72,198.0,102090.0
1990-01-22 21:00:00+00:00,-2.14,81.55,0.0,0.0,0.0,217.3,5.66,197.0,102050.0
1990-01-22 22:00:00+00:00,-2.17,81.55,0.0,0.0,0.0,217.5,5.59,194.0,102000.0
1990-01-22 23:00:00+00:00,-2.17,81.55,0.0,0.0,0.0,217.15,5.72,192.0,101980.0
1990-01-23 00:00:00+00:00,-1.76,78.45,172.95,869.59,58.05,220.2,5.86,191.0,101960.0
1990-01-23 01:00:00+00:00,-0.42,72.65,323.0,873.29,77.1,221.9,5.86,192.0,101960.0
1990-01-23 02:00:00+00:00,1.02,72.85,432.0,849.43,94.75,221.6,7.03,200.0,101980.0
1990-01-23 03:00:00+00:00,2.01,70.2,491.9,833.8,99.5,226.6,7.93,209.0,101980.0
1990-01-23 04:00:00+00:00,2.53,70.2,498.5,811.34,95.0,229.5,8.21,215.0,101940.0
1990-01-23 05:00:00+00:00,2.65,65.0,434.7,717.49,93.65,227.95,8.14,217.0,101830.0
1990-01-23 06:00:00+00:00,2.49,67.5,273.85,337.07,136.95,229.15,7.86,217.0,101770.0
1990-01-23 07:00:00+00:00,2.04,67.5,118.0,67.75,98.05,247.7,6.97,215.0,101760.0
1990-01-23 08:00:00+00:00,1.33,70.1,28.35,13.52,26.35,265.5,7.03,214.0,101720.0
1990-01-23 09:00:00+00:00,0.61,72.85,0.0,0.0,0.0,263.75,6.62,213.0,101690.0
1990-01-23 10:00:00+00:00,0.14,75.7,0.0,0.0,0.0,257.75,6.41,214.0,101700.0
1990-01-23 11:00:00+00:00,-0.24,78.65,0.0,0.0,0.0,244.05,6.28,219.0,101730.0
1990-01-23 12:00:00+00:00,-0.66,81.75,0.0,0.0,0.0,225.45,6.0,222.0,101760.0
1990-01-23 13:00:00+00:00,-0.97,85.0,0.0,0.0,0.0,220.8,5.66,223.0,101770.0
1990-01-23 14:00:00+00:00,-1.22,85.0,0.0,0.0,0.0,219.45,5.31,225.0,101790.0
1990-01-23 15:00:00+00:00,-1.51,88.35,0.0,0.0,0.0,217.3,4.76,229.0,101810.0
1990-01-23 16:00:00+00:00,-1.93,84.95,0.0,0.0,0.0,215.0,3.93,239.0,101790.0
1990-01-23 17:00:00+00:00,-2.47,88.25,0.0,0.0,0.0,212.85,2.97,284.0,101810.0
1990-01-23 18:00:00+00:00,-3.01,78.2,0.0,0.0,0.0,210.95,4.48,354.0,101880.0
1990-01-23 19:00:00+00:00,-4.08,66.25,0.0,0.0,0.0,201.25,5.66,17.0,101980.0
1990-01-23 20:00:00+00:00,-5.29,58.2,0.0,0.0,0.0,198.35,6.28,25.0,102040.0
1990-01-23 21:00:00+00:00,-6.25,55.55,0.0,0.0,0.0,197.95,6.34,28.0,102140.0
1990-01-23 22:00:00+00:00,-7.05,55.3,0.0,0.0,0.0,195.65,6.28,27.0,102220.0
1990-01-23 23:00:00+00:00,-7.81,52.8,0.0,0.0,0.0,188.5,6.34,24.0,102300.0
1990-01-24 00:00:00+00:00,-8.27,50.45,183.4,923.54,59.2,184.8,6.48,21.0,102370.0
1990-01-24 01:00:00+00:00,-7.95,44.35,338.25,908.1,80.1,183.95,7.03,19.0,102430.0
1990-01-24 02:00:00+00:00,-7.27,44.5,439.8,826.5,109.15,183.65,6.9,18.0,102470.0
1990-01-24 03:00:00+00:00,-6.41,42.85,516.1,873.29,102.2,185.2,6.69,15.0,102490.0
1990-01-24 04:00:00+00:00,-5.56,43.0,516.8,818.61,106.75,186.55,6.83,14.0,102420.0
1990-01-24 05:00:00+00:00,-4.88,39.7,444.65,675.64,120.95,187.9,7.1,16.0,102310.0
1990-01-24 06:00:00+00:00,-4.47,38.15,340.75,593.4,97.45,193.3,7.1,17.0,102250.0
1990-01-24 07:00:00+00:00,-5.06,41.3,174.05,352.11,69.0,192.55,7.24,18.0,102280.0
1990-01-24 08:00:00+00:00,-5.51,43.0,41.95,99.86,26.8,194.5,6.97,20.0,102320.0
1990-01-24 09:00:00+00:00,-6.28,44.75,0.0,0.0,0.0,200.3,6.48,23.0,102360.0
1990-01-24 10:00:00+00:00,-6.85,46.6,0.0,0.0,0.0,204.75,6.14,23.0,102410.0
1990-01-24 11:00:00+00:00,-7.3,46.5,0.0,0.0,0.0,199.3,6.14,26.0,102430.0
1990-01-24 12:00:00+00:00,-7.7,46.35,0.0,0.0,0.0,186.75,5.79,25.0,102490.0
1990-01-24 13:00:00+00:00,-8.03,48.25,0.0,0.0,0.0,185.95,5.45,25.0,102520.0
1990-01-24 14:00:00+00:00,-8.34,46.2,0.0,0.0,0.0,185.2,5.52,25.0,102530.0
1990-01-24 15:00:00+00:00,-8.66,46.2,0.0,0.0,0.0,184.6,5.86,27.0,102510.0
1990-01-24 16:00:00+00:00,-9.02,44.2,0.0,0.0,0.0,184.8,5.93,30.0,102440.0
1990-01-24 17:00:00+00:00,-9.4,46.05,0.0,0.0,0.0,183.85,5.59,31.0,102420.0
1990-01-24 18:00:00+00:00,-9.79,48.0,0.0,0.0,0.0,182.7,5.31,27.0,102480.0
1990-01-24 19:00:00+00:00,-10.14,52.3,0.0,0.0,0.0,206.85,5.59,25.0,102470.0
1990-01-24 20:00:00+00:00,-10.43,52.3,0.0,0.0,0.0,209.6,5.72,25.0,102400.0
1990-01-24 21:00:00+00:00,-10.67,56.95,0.0,0.0,0.0,208.2,6.0,24.0,102400.0
1990-01-24 22:00:00+00:00,-10.88,56.95,0.0,0.0,0.0,210.15,6.07,22.0,102390.0
1990-01-24 23:00:00+00:00,-11.05,59.4,0.0,0.0,0.0,213.25,6.14,20.0,102390.0
1990-01-25 00:00:00+00:00,-10.98,56.95,120.8,151.53,100.05,217.3,5.93,18.0,102430.0
1990-01-25 01:00:00+00:00,-10.27,54.65,213.6,122.79,178.35,218.2,6.28,17.0,102460.0
1990-01-25 02:00:00+00:00,-9.26,50.3,289.3,189.24,213.0,225.25,6.76,16.0,102450.0
1990-01-25 03:00:00+00:00,-8.22,48.25,319.55,157.95,244.15,227.75,7.24,17.0,102390.0
1990-01-25 04:00:00+00:00,-7.31,44.5,305.6,122.08,244.0,235.3,7.38,16.0,102310.0
1990-01-25 05:00:00+00:00,-6.67,42.7,258.2,59.01,229.7,236.3,7.31,16.0,102230.0
1990-01-25 06:00:00+00:00,-6.32,41.0,201.05,50.49,180.15,238.2,7.17,17.0,102160.0
1990-01-25 07:00:00+00:00,-6.65,44.65,122.8,37.71,111.4,233.6,7.31,18.0,102160.0
1990-01-25 08:00:00+00:00,-6.79,44.65,31.1,11.25,29.35,232.8,7.03,19.0,102170.0
1990-01-25 09:00:00+00:00,-7.19,46.5,0.0,0.0,0.0,233.6,6.48,20.0,102220.0
1990-01-25 10:00:00+00:00,-7.55,48.4,0.0,0.0,0.0,233.2,6.34,22.0,102250.0
1990-01-25 11:00:00+00:00,-7.76,48.4,0.0,0.0,0.0,234.75,6.21,23.0,102280.0
1990-01-25 12:00:00+00:00,-7.91,48.4,0.0,0.0,0.0,234.15,6.0,24.0,102300.0
1990-01-25 13:00:00+00:00,-8.11,50.45,0.0,0.0,0.0,226.8,5.79,24.0,102290.0
1990-01-25 14:00:00+00:00,-8.27,50.45,0.0,0.0,0.0,228.15,5.59,23.0,102290.0
1990-01-25 15:00:00+00:00,-8.47,48.25,0.0,0.0,0.0,224.65,5.24,21.0,102290.0
1990-01-25 16:00:00+00:00,-8.83,48.25,0.0,0.0,0.0,211.15,4.9,19.0,102290.0
1990-01-25 17:00:00+00:00,-9.37,50.3,0.0,0.0,0.0,192.55,4.41,17.0,102290.0
1990-01-25 18:00:00+00:00,-9.89,52.4,0.0,0.0,0.0,185.2,4.07,15.0,102290.0
1990-01-25 19:00:00+00:00,-10.65,56.95,0.0,0.0,0.0,183.85,3.72,15.0,102330.0
1990-01-25 20:00:00+00:00,-11.05,59.4,0.0,0.0,0.0,183.45,3.38,19.0,102280.0
1990-01-25 21:00:00+00:00,-11.39,59.4,0.0,0.0,0.0,182.7,3.03,24.0,102260.0
1990-01-25 22:00:00+00:00,-11.66,59.25,0.0,0.0,0.0,182.5,2.55,20.0,102280.0
1990-01-25 23:00:00+00:00,-11.91,59.25,0.0,0.0,0.0,182.1,2.48,16.0,102310.0
1990-01-26 00:00:00+00:00,-11.58,59.25,188.1,919.05,59.9,182.1,2.34,25.0,102330.0
1990-01-26 01:00:00+00:00,-9.99,50.15,343.25,904.93,80.85,183.35,2.34,35.0,102350.0
1990-01-26 02:00:00+00:00,-8.33,44.2,460.5,906.1,92.25,185.2,2.14,40.0,102330.0
1990-01-26 03:00:00+00:00,-6.84,39.1,523.85,886.79,97.4,187.9,1.66,40.0,102280.0
1990-01-26 04:00:00+00:00,-5.6,37.7,526.35,843.36,97.65,191.2,0.55,22.0,102180.0
1990-01-26 05:00:00+00:00,-4.68,36.35,468.3,770.67,93.1,194.1,0.28,255.0,102060.0
1990-01-26 06:00:00+00:00,-3.99,36.5,355.1,651.67,82.75,196.8,1.1,231.0,101970.0
1990-01-26 07:00:00+00:00,-3.65,40.0,204.65,461.88,63.2,199.7,2.9,232.0,101910.0
1990-01-26 08:00:00+00:00,-4.1,45.35,51.0,167.47,24.3,200.85,2.62,240.0,101890.0
1990-01-26 09:00:00+00:00,-4.95,51.4,0.0,0.0,0.0,200.85,2.28,239.0,101860.0
1990-01-26 10:00:00+00:00,-5.55,60.6,0.0,0.0,0.0,203.95,2.34,233.0,101890.0
1990-01-26 11:00:00+00:00,-5.84,65.95,0.0,0.0,0.0,203.6,2.07,220.0,101920.0
1990-01-26 12:00:00+00:00,-6.28,71.55,0.0,0.0,0.0,200.3,1.86,188.0,101930.0
1990-01-26 13:00:00+00:00,-6.79,77.7,0.0,0.0,0.0,200.1,2.07,160.0,101950.0
1990-01-26 14:00:00+00:00,-7.09,80.9,0.0,0.0,0.0,201.65,2.14,147.0,101950.0
1990-01-26 15:00:00+00:00,-7.3,80.9,0.0,0.0,0.0,202.8,2.14,134.0,101930.0
1990-01-26 16:00:00+00:00,-7.55,84.3,0.0,0.0,0.0,203.95,2.07,117.0,101920.0
1990-01-26 17:00:00+00:00,-7.83,80.85,0.0,0.0,0.0,205.5,2.0,98.0,101890.0
1990-01-26 18:00:00+00:00,-8.23,84.2,0.0,0.0,0.0,204.55,2.14,74.0,101900.0
1990-01-26 19:00:00+00:00,-8.37,84.2,0.0,0.0,0.0,205.5,2.48,43.0,101890.0
1990-01-26 20:00:00+00:00,-8.71,80.8,0.0,0.0,0.0,204.15,3.1,36.0,101890.0
1990-01-26 21:00:00+00:00,-8.98,77.45,0.0,0.0,0.0,203.2,3.66,37.0,101910.0
1990-01-26 22:00:00+00:00,-9.15,74.15,0.0,0.0,0.0,207.25,3.86,41.0,101930.0
1990-01-26 23:00:00+00:00,-9.45,68.15,0.0,0.0,0.0,203.0,3.79,45.0,101980.0
1990-01-27 00:00:00+00:00,-9.26,65.25,188.65,903.28,60.25,191.95,3.45,48.0,102050.0
1990-01-27 01:00:00+00:00,-7.61,57.6,342.9,891.93,81.6,192.45,3.59,47.0,102080.0
1990-01-27 02:00:00+00:00,-5.9,44.9,459.55,893.77,93.35,193.5,3.86,43.0,102100.0
1990-01-27 03:00:00+00:00,-4.57,39.7,523.5,877.63,98.3,195.45,3.93,40.0,102060.0
1990-01-27 04:00:00+00:00,-3.5,36.65,527.3,838.73,97.75,197.2,3.52,38.0,101990.0
1990-01-27 05:00:00+00:00,-2.7,32.45,469.9,767.28,93.3,199.15,3.03,39.0,101850.0
1990-01-27 06:00:00+00:00,-2.09,29.85,358.95,654.79,82.65,200.7,2.55,44.0,101780.0
1990-01-27 07:00:00+00:00,-2.23,31.2,208.0,465.88,63.45,202.05,2.21,48.0,101670.0
1990-01-27 08:00:00+00:00,-2.31,31.2,53.9,183.35,23.95,203.6,1.93,52.0,101660.0
1990-01-27 09:00:00+00:00,-3.09,35.25,0.0,0.0,0.0,203.75,2.0,51.0,101630.0
1990-01-27 10:00:00+00:00,-4.25,38.15,0.0,0.0,0.0,205.3,2.48,53.0,101610.0
1990-01-27 11:00:00+00:00,-5.11,43.15,0.0,0.0,0.0,205.7,2.41,60.0,101580.0
1990-01-27 12:00:00+00:00,-5.56,46.9,0.0,0.0,0.0,220.6,1.72,59.0,101590.0
1990-01-27 13:00:00+00:00,-5.43,45.05,0.0,0.0,0.0,245.6,1.1,84.0,101580.0
1990-01-27 14:00:00+00:00,-4.89,45.2,0.0,0.0,0.0,260.85,1.24,141.0,101540.0
1990-01-27 15:00:00+00:00,-4.54,53.65,0.0,0.0,0.0,249.25,2.34,168.0,101480.0
1990-01-27 16:00:00+00:00,-4.08,66.25,0.0,0.0,0.0,242.1,3.38,189.0,101410.0
1990-01-27 17:00:00+00:00,-3.88,78.15,0.0,0.0,0.0,229.7,4.07,201.0,101350.0
1990-01-27 18:00:00+00:00,-3.79,84.7,0.0,0.0,0.0,223.5,4.34,207.0,101310.0
1990-01-27 19:00:00+00:00,-3.48,88.2,0.0,0.0,0.0,218.65,4.76,202.0,101200.0
1990-01-27 20:00:00+00:00,-3.45,84.8,0.0,0.0,0.0,216.95,4.83,202.0,101140.0
1990-01-27 21:00:00+00:00,-3.26,88.25,0.0,0.0,0.0,221.4,5.17,196.0,101070.0
1990-01-27 22:00:00+00:00,-2.78,84.85,0.0,0.0,0.0,246.95,5.31,196.0,101020.0
1990-01-27 23:00:00+00:00,-2.36,84.85,0.0,0.0,0.0,257.95,5.59,193.0,100980.0
1990-01-28 00:00:00+00:00,-1.6,81.65,99.55,13.46,97.6,270.35,5.86,192.0,100960.0
1990-01-28 01:00:00+00:00,-0.41,75.6,137.15,28.37,128.75,273.55,6.21,202.0,100980.0
1990-01-28 02:00:00+00:00,0.45,75.7,226.8,66.57,199.3,276.75,6.48,207.0,100980.0
1990-01-28 03:00:00+00:00,1.13,70.1,222.1,54.39,195.55,280.2,6.48,212.0,100940.0
1990-01-28 04:00:00+00:00,1.42,72.95,304.2,193.4,204.4,283.3,6.69,216.0,100850.0
1990-01-28 05:00:00+00:00,1.89,70.2,184.6,21.42,174.0,279.05,7.52,223.0,100760.0
1990-01-28 06:00:00+00:00,1.22,75.85,124.35,20.18,115.75,287.0,6.48,230.0,100760.0
1990-01-28 07:00:00+00:00,1.04,78.8,68.2,2.39,67.45,292.05,5.72,234.0,100690.0
1990-01-28 08:00:00+00:00,0.4,85.15,16.35,0.0,16.35,293.4,4.83,248.0,100760.0
1990-01-28 09:00:00+00:00,-0.38,92.0,0.0,0.0,0.0,294.15,3.79,269.0,100830.0
1990-01-28 10:00:00+00:00,-0.84,95.6,0.0,0.0,0.0,303.25,3.03,300.0,100890.0
1990-01-28 11:00:00+00:00,-1.21,95.6,0.0,0.0,0.0,299.75,4.28,347.0,100960.0
1990-01-28 12:00:00+00:00,-1.64,91.9,0.0,0.0,0.0,296.5,6.55,7.0,101120.0
1990-01-28 13:00:00+00:00,-2.85,72.25,0.0,0.0,0.0,286.4,8.21,3.0,101260.0
1990-01-28 14:00:00+00:00,-4.46,53.75,0.0,0.0,0.0,274.4,7.93,358.0,101370.0
1990-01-28 15:00:00+00:00,-5.49,53.5,0.0,0.0,0.0,265.3,7.1,1.0,101440.0
1990-01-28 16:00:00+00:00,-6.19,53.25,0.0,0.0,0.0,256.8,6.9,2.0,101520.0
1990-01-28 17:00:00+00:00,-6.98,53.1,0.0,0.0,0.0,242.5,7.24,4.0,101580.0
1990-01-28 18:00:00+00:00,-8.07,55.05,0.0,0.0,0.0,223.5,7.79,7.0,101670.0
1990-01-28 19:00:00+00:00,-10.57,59.5,0.0,0.0,0.0,177.45,7.24,8.0,101810.0
1990-01-28 20:00:00+00:00,-11.67,59.25,0.0,0.0,0.0,170.1,6.83,6.0,101870.0
1990-01-28 21:00:00+00:00,-12.49,56.55,0.0,0.0,0.0,167.4,6.62,3.0,101910.0
1990-01-28 22:00:00+00:00,-13.09,58.9,0.0,0.0,0.0,170.3,6.62,2.0,101950.0
1990-01-28 23:00:00+00:00,-13.59,61.45,0.0,0.0,0.0,166.25,6.62,2.0,102000.0
1990-01-29 00:00:00+00:00,-13.66,58.75,202.0,920.41,66.0,166.6,6.41,2.0,102110.0
1990-01-29 01:00:00+00:00,-13.11,56.3,361.1,892.78,93.95,166.15,6.41,2.0,102210.0
1990-01-29 02:00:00+00:00,-11.96,49.6,482.1,899.98,107.15,166.25,6.69,3.0,102290.0
1990-01-29 03:00:00+00:00,-11.17,47.55,551.05,896.79,109.9,167.75,6.55,5.0,102320.0
1990-01-29 04:00:00+00:00,-10.42,47.85,558.0,869.9,105.65,169.9,6.0,4.0,102290.0
1990-01-29 05:00:00+00:00,-9.76,45.9,499.05,797.56,101.1,168.75,5.52,1.0,102240.0
1990-01-29 06:00:00+00:00,-9.19,46.05,379.8,683.38,85.8,170.3,5.03,358.0,102230.0
1990-01-29 07:00:00+00:00,-8.81,42.25,224.9,496.93,66.65,172.8,5.03,359.0,102180.0
1990-01-29 08:00:00+00:00,-8.56,40.4,62.7,207.24,27.2,173.2,4.55,1.0,102160.0
1990-01-29 09:00:00+00:00,-8.89,40.4,0.0,0.0,0.0,174.35,3.31,357.0,102230.0
1990-01-29 10:00:00+00:00,-9.57,43.9,0.0,0.0,0.0,174.55,2.83,349.0,102290.0
1990-01-29 11:00:00+00:00,-10.53,43.75,0.0,0.0,0.0,174.75,2.28,344.0,102320.0
1990-01-29 12:00:00+00:00,-11.15,43.45,0.0,0.0,0.0,174.75,2.07,338.0,102370.0
1990-01-29 13:00:00+00:00,-12.29,45.15,0.0,0.0,0.0,174.55,2.62,331.0,102400.0
1990-01-29 14:00:00+00:00,-12.33,43.15,0.0,0.0,0.0,174.75,3.59,328.0,102430.0
1990-01-29 15:00:00+00:00,-11.92,43.3,0.0,0.0,0.0,174.75,4.0,325.0,102490.0
1990-01-29 16:00:00+00:00,-11.6,43.3,0.0,0.0,0.0,174.55,4.21,330.0,102540.0
1990-01-29 17:00:00+00:00,-11.51,41.5,0.0,0.0,0.0,173.75,4.21,339.0,102560.0
1990-01-29 18:00:00+00:00,-11.59,45.3,0.0,0.0,0.0,172.6,4.28,346.0,102560.0
1990-01-29 19:00:00+00:00,-12.02,47.4,0.0,0.0,0.0,172.25,3.72,352.0,102570.0
1990-01-29 20:00:00+00:00,-12.36,47.25,0.0,0.0,0.0,171.45,3.79,357.0,102510.0
1990-01-29 21:00:00+00:00,-12.66,47.1,0.0,0.0,0.0,170.3,4.0,358.0,102510.0
1990-01-29 22:00:00+00:00,-12.95,47.1,0.0,0.0,0.0,169.15,3.93,359.0,102500.0
1990-01-29 23:00:00+00:00,-13.27,46.95,0.0,0.0,0.0,168.15,3.72,1.0,102490.0
1990-01-30 00:00:00+00:00,-13.14,49.15,205.2,942.85,63.1,167.75,3.1,358.0,102500.0
1990-01-30 01:00:00+00:00,-11.36,39.65,365.55,931.87,83.65,168.1,3.1,346.0,102520.0
1990-01-30 02:00:00+00:00,-9.65,35.0,487.3,936.1,93.95,168.75,4.34,336.0,102540.0
1990-01-30 03:00:00+00:00,-8.73,32.25,545.0,863.73,116.8,169.3,4.41,327.0,102510.0
1990-01-30 04:00:00+00:00,-7.34,25.9,552.75,845.83,109.5,171.05,4.21,317.0,102430.0
1990-01-30 05:00:00+00:00,-6.63,24.85,502.65,814.33,92.95,171.45,4.14,311.0,102260.0
1990-01-30 06:00:00+00:00,-5.92,22.9,388.7,704.98,82.45,170.85,4.21,301.0,102170.0
1990-01-30 07:00:00+00:00,-5.51,22.9,230.85,507.89,67.0,172.25,4.48,302.0,102130.0
1990-01-30 08:00:00+00:00,-5.22,22.0,66.25,216.74,28.25,174.15,4.21,305.0,102110.0
1990-01-30 09:00:00+00:00,-5.83,22.9,0.0,0.0,0.0,174.35,3.52,313.0,102080.0
1990-01-30 10:00:00+00:00,-6.63,24.85,0.0,0.0,0.0,174.35,3.66,326.0,102040.0
1990-01-30 11:00:00+00:00,-7.38,28.4,0.0,0.0,0.0,174.75,3.52,338.0,102060.0
1990-01-30 12:00:00+00:00,-8.03,32.25,0.0,0.0,0.0,174.75,3.24,345.0,102050.0
1990-01-30 13:00:00+00:00,-8.53,32.25,0.0,0.0,0.0,174.55,3.1,348.0,102040.0
1990-01-30 14:00:00+00:00,-8.96,30.8,0.0,0.0,0.0,174.15,3.1,348.0,102050.0
1990-01-30 15:00:00+00:00,-9.44,30.65,0.0,0.0,0.0,172.6,3.38,342.0,102060.0
1990-01-30 16:00:00+00:00,-10.01,30.5,0.0,0.0,0.0,171.85,3.66,343.0,102070.0
1990-01-30 17:00:00+00:00,-10.66,34.7,0.0,0.0,0.0,167.95,3.79,347.0,102060.0
1990-01-30 18:00:00+00:00,-11.18,36.2,0.0,0.0,0.0,166.6,3.79,348.0,102080.0
1990-01-30 19:00:00+00:00,-11.46,36.2,0.0,0.0,0.0,167.75,3.66,360.0,101980.0
1990-01-30 20:00:00+00:00,-11.93,37.75,0.0,0.0,0.0,165.45,3.93,356.0,101940.0
1990-01-30 21:00:00+00:00,-12.31,39.35,0.0,0.0,0.0,162.75,4.41,351.0,101920.0
1990-01-30 22:00:00+00:00,-12.63,39.2,0.0,0.0,0.0,160.8,4.9,344.0,101900.0
1990-01-30 23:00:00+00:00,-12.89,37.45,0.0,0.0,0.0,158.5,5.03,337.0,101890.0
1990-01-31 00:00:00+00:00,-12.45,35.9,212.75,968.05,63.9,157.15,5.03,330.0,101890.0
1990-01-31 01:00:00+00:00,-11.07,30.05,375.3,950.7,84.5,157.25,5.72,325.0,101890.0
1990-01-31 02:00:00+00:00,-10.38,26.4,497.15,945.24,96.5,157.3,7.17,325.0,101870.0
1990-01-31 03:00:00+00:00,-9.92,25.3,558.6,897.19,110.3,158.5,7.17,325.0,101790.0
1990-01-31 04:00:00+00:00,-9.4,25.45,556.65,829.61,118.5,160.6,7.31,325.0,101690.0
1990-01-31 05:00:00+00:00,-8.99,24.45,487.65,718.67,123.05,166.6,7.24,326.0,101600.0
1990-01-31 06:00:00+00:00,-8.72,25.6,327.55,384.81,158.75,171.65,7.38,328.0,101530.0
1990-01-31 07:00:00+00:00,-9.32,26.65,215.5,383.42,90.2,187.3,7.72,334.0,101570.0
1990-01-31 08:00:00+00:00,-9.7,27.8,61.85,143.82,36.05,176.5,7.79,337.0,101630.0
1990-01-31 09:00:00+00:00,-10.44,30.35,0.05,0.0,0.05,174.75,6.83,339.0,101680.0
1990-01-31 10:00:00+00:00,-11.14,34.55,0.0,0.0,0.0,173.0,6.28,337.0,101740.0
1990-01-31 11:00:00+00:00,-11.62,34.4,0.0,0.0,0.0,163.9,6.21,334.0,101750.0
1990-01-31 12:00:00+00:00,-11.92,34.4,0.0,0.0,0.0,163.7,6.28,333.0,101770.0
1990-01-31 13:00:00+00:00,-12.15,35.9,0.0,0.0,0.0,164.1,6.28,331.0,101780.0
1990-01-31 14:00:00+00:00,-12.32,35.9,0.0,0.0,0.0,162.35,6.62,328.0,101810.0
1990-01-31 15:00:00+00:00,-12.47,37.6,0.0,0.0,0.0,162.55,7.31,328.0,101810.0
1990-01-31 16:00:00+00:00,-15.94,48.64,0.0,0.0,0.0,157.0,7.98,331.0,101800.0
1990-01-31 17:00:00+00:00,-15.12,46.72,0.0,0.0,0.0,158.36,7.7,330.0,101800.0
1990-01-31 18:00:00+00:00,-14.29,44.81,0.0,0.0,0.0,159.72,7.42,329.0,101840.0
1990-01-31 19:00:00+00:00,-13.46,42.89,0.0,0.0,0.0,161.09,7.14,334.0,101900.0
1990-01-31 20:00:00+00:00,-12.63,40.97,0.0,0.0,0.0,162.45,6.87,332.0,101930.0
1990-01-31 21:00:00+00:00,-11.81,39.06,0.0,0.0,0.0,163.82,6.59,333.0,101920.0
1990-01-31 22:00:00+00:00,-10.98,37.14,0.0,0.0,0.0,165.18,6.31,335.0,101930.0
1990-01-31 23:00:00+00:00,-10.15,35.22,0.0,0.0,0.0,166.55,6.03,334.0,101960.0
1990-02-01 00:00:00+00:00,-9.32,33.3,214.9,949.28,65.95,167.91,5.75,360.0,103490.0
1990-02-01 01:00:00+00:00,-8.5,31.39,377.65,939.59,87.0,169.27,5.47,359.0,103520.0
1990-02-01 02:00:00+00:00,-7.67,29.47,500.6,940.0,98.65,170.64,5.2,359.0,103550.0
1990-02-01 03:00:00+00:00,-6.84,27.55,567.45,919.87,104.15,172.0,4.92,360.0,103530.0
1990-02-01 04:00:00+00:00,-6.01,25.64,571.2,877.13,104.3,173.37,4.64,357.0,103500.0
1990-02-01 05:00:00+00:00,-5.19,23.72,512.4,807.48,99.3,174.73,4.36,352.0,103420.0
1990-02-01 06:00:00+00:00,-4.36,21.8,396.4,695.8,88.2,176.1,4.08,347.0,103370.0
1990-02-01 07:00:00+00:00,-3.53,19.88,238.9,512.8,69.15,177.46,3.81,324.0,103330.0
1990-02-01 08:00:00+00:00,-3.39,18.65,72.2,224.28,31.05,182.85,2.55,294.0,103320.0
1990-02-01 09:00:00+00:00,-4.12,23.35,0.15,0.0,0.15,184.05,2.76,256.0,103290.0
1990-02-01 10:00:00+00:00,-5.13,31.7,0.0,0.0,0.0,185.2,3.31,234.0,103260.0
1990-02-01 11:00:00+00:00,-5.48,37.7,0.0,0.0,0.0,186.55,3.86,222.0,103210.0
1990-02-01 12:00:00+00:00,-5.51,44.9,0.0,0.0,0.0,186.75,4.76,220.0,103140.0
1990-02-01 13:00:00+00:00,-5.21,51.25,0.0,0.0,0.0,187.7,5.66,222.0,103130.0
1990-02-01 14:00:00+00:00,-4.58,58.35,0.0,0.0,0.0,190.2,6.21,222.0,103070.0
1990-02-01 15:00:00+00:00,-3.84,63.7,0.0,0.0,0.0,193.7,6.41,222.0,103030.0
1990-02-01 16:00:00+00:00,-3.34,63.8,0.0,0.0,0.0,195.85,6.34,223.0,102950.0
1990-02-01 17:00:00+00:00,-3.08,69.25,0.0,0.0,0.0,197.0,6.21,227.0,102900.0
1990-02-01 18:00:00+00:00,-3.05,72.1,0.0,0.0,0.0,196.6,5.79,231.0,102860.0
1990-02-01 19:00:00+00:00,-3.32,72.1,0.0,0.0,0.0,195.65,5.31,234.0,102840.0
1990-02-01 20:00:00+00:00,-3.56,75.05,0.0,0.0,0.0,194.85,4.69,235.0,102810.0
1990-02-01 21:00:00+00:00,-3.83,72.05,0.0,0.0,0.0,193.5,4.21,234.0,102790.0
1990-02-01 22:00:00+00:00,-4.13,74.95,0.0,0.0,0.0,192.55,3.86,230.0,102750.0
1990-02-01 23:00:00+00:00,-4.38,78.0,0.0,0.0,0.0,191.4,3.66,226.0,102760.0
1990-02-02 00:00:00+00:00,-3.84,75.05,215.95,936.01,66.05,191.2,3.38,223.0,102760.0
1990-02-02 01:00:00+00:00,-1.57,64.1,378.45,932.29,86.75,192.25,3.45,223.0,102760.0
1990-02-02 02:00:00+00:00,0.12,52.6,501.4,934.45,98.25,193.7,3.86,225.0,102730.0
1990-02-02 03:00:00+00:00,1.22,45.0,568.85,916.36,103.6,196.2,4.0,224.0,102710.0
1990-02-02 04:00:00+00:00,1.86,43.3,574.05,876.75,103.65,197.95,3.93,222.0,102640.0
1990-02-02 05:00:00+00:00,2.17,43.3,516.35,809.73,98.6,199.15,3.86,220.0,102540.0
1990-02-02 06:00:00+00:00,2.13,43.3,400.75,700.46,87.45,199.7,4.0,218.0,102440.0
1990-02-02 07:00:00+00:00,1.71,45.15,243.0,519.25,68.9,200.85,4.07,217.0,102420.0
1990-02-02 08:00:00+00:00,0.71,55.05,75.5,230.83,32.2,200.7,3.59,216.0,102430.0
1990-02-02 09:00:00+00:00,-1.03,69.65,0.3,0.0,0.3,199.7,3.45,212.0,102430.0
1990-02-02 10:00:00+00:00,-2.25,78.35,0.0,0.0,0.0,197.0,3.45,208.0,102420.0
1990-02-02 11:00:00+00:00,-2.74,81.5,0.0,0.0,0.0,195.45,3.52,203.0,102440.0
1990-02-02 12:00:00+00:00,-3.04,84.8,0.0,0.0,0.0,195.25,3.59,199.0,102400.0
1990-02-02 13:00:00+00:00,-3.11,84.8,0.0,0.0,0.0,195.45,3.72,195.0,102400.0
1990-02-02 14:00:00+00:00,-3.12,84.8,0.0,0.0,0.0,196.8,3.66,191.0,102390.0
1990-02-02 15:00:00+00:00,-3.17,88.25,0.0,0.0,0.0,197.95,3.52,186.0,102370.0
1990-02-02 16:00:00+00:00,-3.25,84.8,0.0,0.0,0.0,198.75,3.66,182.0,102340.0
1990-02-02 17:00:00+00:00,-3.24,88.25,0.0,0.0,0.0,199.7,3.79,184.0,102320.0
1990-02-02 18:00:00+00:00,-3.22,88.25,0.0,0.0,0.0,200.5,3.66,182.0,102300.0
1990-02-02 19:00:00+00:00,-3.31,84.8,0.0,0.0,0.0,202.4,3.66,177.0,102290.0
1990-02-02 20:00:00+00:00,-3.49,88.2,0.0,0.0,0.0,202.2,3.79,175.0,102250.0
1990-02-02 21:00:00+00:00,-3.52,88.2,0.0,0.0,0.0,202.4,3.93,175.0,102240.0
1990-02-02 22:00:00+00:00,-3.52,84.7,0.0,0.0,0.0,203.75,4.14,174.0,102190.0
1990-02-02 23:00:00+00:00,-3.44,84.7,0.0,0.0,0.0,205.3,4.34,172.0,102190.0
1990-02-03 00:00:00+00:00,-2.68,81.5,212.55,898.89,65.6,207.85,4.21,174.0,102210.0
1990-02-03 01:00:00+00:00,-0.38,72.6,370.65,899.48,85.95,210.45,4.14,182.0,102230.0
1990-02-03 02:00:00+00:00,1.6,62.25,489.55,901.26,97.2,214.4,4.9,190.0,102230.0
1990-02-03 03:00:00+00:00,2.86,55.55,554.3,882.89,102.4,218.65,5.45,198.0,102190.0
1990-02-03 04:00:00+00:00,3.68,53.5,557.6,841.23,102.65,222.15,5.79,203.0,102120.0
1990-02-03 05:00:00+00:00,4.08,51.55,499.65,775.06,96.4,224.7,5.79,208.0,102020.0
1990-02-03 06:00:00+00:00,4.1,51.55,386.4,660.03,88.3,226.6,5.59,211.0,101960.0
1990-02-03 07:00:00+00:00,3.79,53.65,231.9,468.67,72.75,228.15,4.83,212.0,101930.0
1990-02-03 08:00:00+00:00,2.96,62.6,72.5,199.76,34.2,230.1,4.21,210.0,101940.0
1990-02-03 09:00:00+00:00,1.49,70.1,0.45,0.0,0.45,227.75,4.41,202.0,101940.0
1990-02-03 10:00:00+00:00,0.59,72.75,0.0,0.0,0.0,224.5,4.97,197.0,101960.0
1990-02-03 11:00:00+00:00,0.29,72.75,0.0,0.0,0.0,222.55,5.24,196.0,101970.0
1990-02-03 12:00:00+00:00,0.05,75.6,0.0,0.0,0.0,221.0,5.59,190.0,101960.0
1990-02-03 13:00:00+00:00,-0.08,72.65,0.0,0.0,0.0,224.1,5.59,192.0,101940.0
1990-02-03 14:00:00+00:00,-0.21,75.6,0.0,0.0,0.0,222.55,5.66,198.0,101960.0
1990-02-03 15:00:00+00:00,-0.28,75.6,0.0,0.0,0.0,223.3,5.93,198.0,101950.0
1990-02-03 16:00:00+00:00,-0.25,75.6,0.0,0.0,0.0,229.5,5.93,194.0,101890.0
1990-02-03 17:00:00+00:00,0.02,75.6,0.0,0.0,0.0,252.15,5.72,196.0,101850.0
1990-02-03 18:00:00+00:00,0.01,75.6,0.0,0.0,0.0,245.6,5.52,197.0,101820.0
1990-02-03 19:00:00+00:00,0.49,72.75,0.0,0.0,0.0,263.0,5.59,198.0,101790.0
1990-02-03 20:00:00+00:00,0.58,72.75,0.0,0.0,0.0,265.5,5.52,198.0,101760.0
1990-02-03 21:00:00+00:00,0.69,70.05,0.0,0.0,0.0,273.45,5.45,198.0,101730.0
1990-02-03 22:00:00+00:00,0.7,72.85,0.0,0.0,0.0,271.9,5.31,196.0,101690.0
1990-02-03 23:00:00+00:00,0.77,72.85,0.0,0.0,0.0,278.65,5.17,195.0,101690.0
1990-02-04 00:00:00+00:00,1.11,75.75,115.95,85.68,101.65,280.8,5.03,193.0,101710.0
1990-02-04 01:00:00+00:00,1.92,73.0,192.35,60.27,173.05,283.05,4.9,194.0,101700.0
1990-02-04 02:00:00+00:00,2.68,73.1,258.75,77.51,224.7,284.3,5.1,197.0,101680.0
1990-02-04 03:00:00+00:00,3.19,73.2,280.9,61.04,249.4,287.75,5.1,202.0,101650.0
1990-02-04 04:00:00+00:00,3.46,70.5,298.55,89.61,249.7,294.15,4.83,206.0,101600.0
1990-02-04 05:00:00+00:00,3.65,73.3,247.9,62.04,215.35,296.3,4.55,211.0,101500.0
1990-02-04 06:00:00+00:00,3.56,73.3,208.25,121.48,152.85,295.3,4.07,215.0,101440.0
1990-02-04 07:00:00+00:00,3.44,76.15,84.7,0.58,84.5,302.3,3.93,219.0,101400.0
1990-02-04 08:00:00+00:00,2.52,82.15,22.1,0.0,22.1,303.25,3.45,219.0,101400.0
1990-02-04 09:00:00+00:00,1.62,88.6,0.3,0.0,0.3,302.85,3.03,217.0,101430.0
1990-02-04 10:00:00+00:00,0.93,92.05,0.0,0.0,0.0,292.6,2.69,221.0,101480.0
1990-02-04 11:00:00+00:00,0.53,92.0,0.0,0.0,0.0,290.5,2.21,227.0,101510.0
1990-02-04 12:00:00+00:00,0.18,92.0,0.0,0.0,0.0,293.55,1.72,226.0,101530.0
1990-02-04 13:00:00+00:00,-0.46,95.6,0.0,0.0,0.0,283.3,1.45,226.0,101520.0
1990-02-04 14:00:00+00:00,-0.95,95.6,0.0,0.0,0.0,278.3,1.31,251.0,101540.0
1990-02-04 15:00:00+00:00,-1.63,95.6,0.0,0.0,0.0,270.35,1.66,299.0,101540.0
1990-02-04 16:00:00+00:00,-1.72,95.6,0.0,0.0,0.0,265.5,2.48,332.0,101550.0
1990-02-04 17:00:00+00:00,-1.81,91.9,0.0,0.0,0.0,251.2,3.45,357.0,101560.0
1990-02-04 18:00:00+00:00,-2.11,81.55,0.0,0.0,0.0,244.6,4.34,9.0,101590.0
1990-02-04 19:00:00+00:00,-2.39,81.5,0.0,0.0,0.0,245.2,4.48,8.0,101560.0
1990-02-04 20:00:00+00:00,-2.97,66.45,0.0,0.0,0.0,246.75,4.97,12.0,101590.0
1990-02-04 21:00:00+00:00,-3.59,61.1,0.0,0.0,0.0,218.5,4.9,12.0,101630.0
1990-02-04 22:00:00+00:00,-4.05,56.1,0.0,0.0,0.0,204.35,4.83,8.0,101710.0
1990-02-04 23:00:00+00:00,-4.34,53.75,0.0,0.0,0.0,203.95,4.55,8.0,101780.0
1990-02-05 00:00:00+00:00,-4.04,53.75,214.6,839.13,71.6,201.25,4.0,11.0,101840.0
1990-02-05 01:00:00+00:00,-3.02,45.65,381.2,904.99,87.95,200.0,4.55,10.0,101830.0
1990-02-05 02:00:00+00:00,-1.89,42.2,503.05,910.63,99.3,200.1,4.83,7.0,101830.0
1990-02-05 03:00:00+00:00,-0.79,37.55,569.9,894.11,104.7,201.05,4.69,1.0,101800.0
1990-02-05 04:00:00+00:00,0.18,36.25,575.0,855.43,104.9,202.6,4.55,352.0,101760.0
1990-02-05 05:00:00+00:00,0.86,34.9,518.35,790.79,99.9,204.15,4.28,343.0,101690.0
1990-02-05 06:00:00+00:00,1.25,35.05,405.9,686.87,89.6,204.95,4.34,337.0,101650.0
1990-02-05 07:00:00+00:00,1.03,36.4,250.55,515.14,71.15,204.15,4.69,341.0,101600.0
1990-02-05 08:00:00+00:00,0.77,36.4,83.0,236.17,35.75,203.95,5.03,340.0,101670.0
1990-02-05 09:00:00+00:00,-0.24,41.0,0.85,0.0,0.85,204.95,4.83,343.0,101760.0
1990-02-05 10:00:00+00:00,-1.46,46.05,0.0,0.0,0.0,204.15,4.62,352.0,101870.0
1990-02-05 11:00:00+00:00,-2.32,45.9,0.0,0.0,0.0,203.4,4.34,4.0,101970.0
1990-02-05 12:00:00+00:00,-3.04,49.65,0.0,0.0,0.0,202.05,3.72,9.0,102050.0
1990-02-05 13:00:00+00:00,-3.65,51.65,0.0,0.0,0.0,200.5,3.31,7.0,102110.0
1990-02-05 14:00:00+00:00,-4.12,53.75,0.0,0.0,0.0,198.95,3.38,1.0,102170.0
1990-02-05 15:00:00+00:00,-4.3,51.55,0.0,0.0,0.0,197.0,4.07,352.0,102220.0
1990-02-05 16:00:00+00:00,-4.27,47.35,0.0,0.0,0.0,194.7,5.24,345.0,102310.0
1990-02-05 17:00:00+00:00,-4.38,43.3,0.0,0.0,0.0,192.75,6.41,345.0,102380.0
1990-02-05 18:00:00+00:00,-4.69,39.7,0.0,0.0,0.0,191.2,6.69,346.0,102500.0
1990-02-05 19:00:00+00:00,-5.0,41.3,0.0,0.0,0.0,190.8,6.55,346.0,102560.0
1990-02-05 20:00:00+00:00,-5.27,41.3,0.0,0.0,0.0,190.4,6.55,350.0,102600.0
1990-02-05 21:00:00+00:00,-5.47,43.0,0.0,0.0,0.0,190.4,6.55,352.0,102690.0
1990-02-05 22:00:00+00:00,-5.68,43.0,0.0,0.0,0.0,192.95,6.48,353.0,102770.0
1990-02-05 23:00:00+00:00,-5.94,42.85,0.0,0.0,0.0,189.65,6.21,357.0,102840.0
1990-02-06 00:00:00+00:00,-5.62,41.15,226.8,905.09,69.3,188.85,5.93,356.0,102960.0
1990-02-06 01:00:00+00:00,-4.79,38.0,389.65,915.01,89.6,189.35,6.62,359.0,103000.0
1990-02-06 02:00:00+00:00,-3.78,35.1,513.55,922.45,100.75,189.45,6.76,7.0,102980.0
1990-02-06 03:00:00+00:00,-2.69,32.45,582.1,907.71,105.9,190.2,6.76,10.0,102940.0
1990-02-06 04:00:00+00:00,-1.7,30.0,587.6,869.4,105.95,191.2,6.76,9.0,102940.0
1990-02-06 05:00:00+00:00,-0.95,28.85,530.4,804.26,101.2,193.3,6.55,10.0,102910.0
1990-02-06 06:00:00+00:00,-0.48,26.55,415.65,698.43,90.9,194.5,6.0,11.0,102890.0
1990-02-06 07:00:00+00:00,-0.52,26.55,258.2,526.05,72.7,195.25,5.45,10.0,102890.0
1990-02-06 08:00:00+00:00,-0.79,27.75,87.9,248.2,37.2,196.2,4.76,11.0,102910.0
1990-02-06 09:00:00+00:00,-1.72,32.7,1.1,0.0,1.1,196.4,3.79,14.0,102940.0
1990-02-06 10:00:00+00:00,-3.0,40.15,0.0,0.0,0.0,196.05,3.72,23.0,102980.0
1990-02-06 11:00:00+00:00,-3.68,40.0,0.0,0.0,0.0,196.2,3.52,25.0,103040.0
1990-02-06 12:00:00+00:00,-4.18,41.6,0.0,0.0,0.0,196.6,3.1,27.0,103090.0
1990-02-06 13:00:00+00:00,-4.6,43.3,0.0,0.0,0.0,198.75,2.97,30.0,103090.0
1990-02-06 14:00:00+00:00,-4.88,43.15,0.0,0.0,0.0,202.8,2.83,30.0,103050.0
1990-02-06 15:00:00+00:00,-5.2,43.15,0.0,0.0,0.0,198.55,2.69,26.0,103060.0
1990-02-06 16:00:00+00:00,-5.5,44.9,0.0,0.0,0.0,198.95,2.55,23.0,103020.0
1990-02-06 17:00:00+00:00,-5.52,44.9,0.0,0.0,0.0,208.4,2.48,17.0,103030.0
1990-02-06 18:00:00+00:00,-5.6,44.9,0.0,0.0,0.0,208.4,2.41,8.0,103060.0
1990-02-06 19:00:00+00:00,-5.92,46.75,0.0,0.0,0.0,202.2,2.28,10.0,103080.0
1990-02-06 20:00:00+00:00,-6.16,46.75,0.0,0.0,0.0,199.5,2.55,10.0,103060.0
1990-02-06 21:00:00+00:00,-6.25,46.75,0.0,0.0,0.0,199.7,2.69,31.0,103000.0
1990-02-06 22:00:00+00:00,-6.46,46.75,0.0,0.0,0.0,200.1,2.14,37.0,103000.0
1990-02-06 23:00:00+00:00,-6.52,44.75,0.0,0.0,0.0,201.25,2.55,36.0,103030.0
1990-02-07 00:00:00+00:00,-5.49,41.15,195.25,500.55,106.3,206.7,2.41,40.0,103030.0
1990-02-07 01:00:00+00:00,-3.67,33.6,321.55,544.32,140.9,210.85,2.34,24.0,103040.0
1990-02-07 02:00:00+00:00,-2.19,28.55,418.25,493.91,195.15,218.3,3.1,18.0,103030.0
1990-02-07 03:00:00+00:00,-1.21,25.25,362.7,148.77,284.0,227.75,3.03,6.0,103000.0
1990-02-07 04:00:00+00:00,-0.7,23.25,351.05,135.18,275.55,252.55,2.69,351.0,102970.0
1990-02-07 05:00:00+00:00,-0.39,24.3,316.25,122.07,250.55,259.1,2.69,352.0,102870.0
1990-02-07 06:00:00+00:00,-0.16,24.45,221.25,60.92,192.65,261.85,2.9,355.0,102780.0
1990-02-07 07:00:00+00:00,-0.26,26.7,145.15,53.92,125.9,259.9,3.24,1.0,102720.0
1990-02-07 08:00:00+00:00,-0.46,30.25,54.5,16.79,51.0,259.1,3.24,6.0,102730.0
1990-02-07 09:00:00+00:00,-1.24,34.3,1.15,0.0,1.15,253.7,2.9,10.0,102710.0
1990-02-07 10:00:00+00:00,-2.16,38.7,0.0,0.0,0.0,254.85,3.03,5.0,102740.0
1990-02-07 11:00:00+00:00,-2.88,43.75,0.0,0.0,0.0,239.95,3.1,10.0,102790.0
1990-02-07 12:00:00+00:00,-3.57,45.5,0.0,0.0,0.0,225.05,3.1,20.0,102740.0
1990-02-07 13:00:00+00:00,-4.18,47.35,0.0,0.0,0.0,212.7,3.03,12.0,102770.0
1990-02-07 14:00:00+00:00,-4.71,49.25,0.0,0.0,0.0,206.7,3.24,13.0,102740.0
1990-02-07 15:00:00+00:00,-5.05,49.1,0.0,0.0,0.0,206.3,3.45,16.0,102680.0
1990-02-07 16:00:00+00:00,-5.34,49.1,0.0,0.0,0.0,204.15,3.45,16.0,102650.0
1990-02-07 17:00:00+00:00,-5.63,49.0,0.0,0.0,0.0,203.6,3.24,10.0,102630.0
1990-02-07 18:00:00+00:00,-5.93,51.0,0.0,0.0,0.0,202.4,3.38,357.0,102640.0
1990-02-07 19:00:00+00:00,-6.31,48.85,0.0,0.0,0.0,200.7,3.52,354.0,102640.0
1990-02-07 20:00:00+00:00,-6.6,48.85,0.0,0.0,0.0,199.15,3.59,350.0,102600.0
1990-02-07 21:00:00+00:00,-6.85,46.75,0.0,0.0,0.0,198.15,3.66,347.0,102580.0
1990-02-07 22:00:00+00:00,-7.0,48.7,0.0,0.0,0.0,198.35,4.21,349.0,102550.0
1990-02-07 23:00:00+00:00,-7.02,48.7,0.0,0.0,0.0,200.1,5.1,353.0,102520.0
1990-02-08 00:00:00+00:00,-6.36,48.85,204.5,575.28,100.1,200.7,5.52,355.0,102560.0
1990-02-08 01:00:00+00:00,-5.24,45.05,357.45,662.35,134.95,204.45,6.48,354.0,102580.0
1990-02-08 02:00:00+00:00,-4.14,39.85,475.2,713.65,149.8,207.65,6.62,354.0,102540.0
1990-02-08 03:00:00+00:00,-3.12,35.25,560.05,779.38,144.3,201.65,6.34,353.0,102510.0
1990-02-08 04:00:00+00:00,-2.23,31.2,573.65,788.57,129.65,199.7,6.14,350.0,102430.0
1990-02-08 05:00:00+00:00,-1.56,30.0,535.5,789.0,107.25,197.75,6.21,347.0,102330.0
1990-02-08 06:00:00+00:00,-1.14,28.85,425.0,701.67,92.4,194.1,6.28,346.0,102250.0
1990-02-08 07:00:00+00:00,-0.96,27.6,264.2,510.6,79.65,193.15,6.97,346.0,102280.0
1990-02-08 08:00:00+00:00,-0.97,27.6,91.6,236.93,41.2,198.75,6.76,345.0,102230.0
1990-02-08 09:00:00+00:00,-1.8,30.0,1.75,0.0,1.75,202.05,5.72,343.0,102240.0
1990-02-08 10:00:00+00:00,-3.02,35.25,0.0,0.0,0.0,193.3,5.17,341.0,102270.0
1990-02-08 11:00:00+00:00,-3.84,36.65,0.0,0.0,0.0,189.85,4.97,339.0,102330.0
1990-02-08 12:00:00+00:00,-4.47,38.0,0.0,0.0,0.0,188.85,4.69,335.0,102320.0
1990-02-08 13:00:00+00:00,-4.84,38.0,0.0,0.0,0.0,187.7,4.97,329.0,102320.0
1990-02-08 14:00:00+00:00,-5.03,39.55,0.0,0.0,0.0,187.7,5.59,329.0,102290.0
1990-02-08 15:00:00+00:00,-5.26,37.85,0.0,0.0,0.0,187.7,5.93,333.0,102270.0
1990-02-08 16:00:00+00:00,-5.62,37.7,0.0,0.0,0.0,186.15,6.14,336.0,102250.0
1990-02-08 17:00:00+00:00,-6.06,37.55,0.0,0.0,0.0,185.2,6.41,338.0,102220.0
1990-02-08 18:00:00+00:00,-6.51,37.55,0.0,0.0,0.0,183.85,6.28,337.0,102190.0
1990-02-08 19:00:00+00:00,-7.18,39.1,0.0,0.0,0.0,181.9,6.07,336.0,102200.0
1990-02-08 20:00:00+00:00,-7.51,40.7,0.0,0.0,0.0,181.3,6.14,336.0,102090.0
1990-02-08 21:00:00+00:00,-7.75,40.7,0.0,0.0,0.0,180.75,6.34,337.0,102100.0
1990-02-08 22:00:00+00:00,-8.01,42.4,0.0,0.0,0.0,182.85,6.41,340.0,102070.0
1990-02-08 23:00:00+00:00,-8.26,44.35,32.2,0.0,32.2,183.25,6.28,343.0,102090.0
1990-02-09 00:00:00+00:00,-7.98,42.4,235.25,856.83,76.45,184.05,6.41,344.0,102140.0
1990-02-09 01:00:00+00:00,-7.28,39.1,387.7,857.55,96.1,182.6,6.83,346.0,102150.0
1990-02-09 02:00:00+00:00,-6.35,35.9,515.5,860.09,119.6,183.45,6.97,349.0,102110.0
1990-02-09 03:00:00+00:00,-5.39,33.0,552.55,758.37,144.6,188.7,6.9,350.0,102060.0
1990-02-09 04:00:00+00:00,-4.74,31.85,580.7,765.64,146.1,197.4,6.41,347.0,101990.0
1990-02-09 05:00:00+00:00,-4.12,30.6,507.75,632.92,161.3,204.15,6.28,342.0,101910.0
1990-02-09 06:00:00+00:00,-3.66,29.4,375.75,470.78,150.45,208.2,6.41,339.0,101840.0
1990-02-09 07:00:00+00:00,-3.63,28.1,229.35,305.71,117.5,215.2,6.34,334.0,101890.0
1990-02-09 08:00:00+00:00,-3.68,29.4,71.5,78.81,54.4,218.1,7.03,333.0,101850.0
1990-02-09 09:00:00+00:00,-4.12,30.6,1.8,0.0,1.8,231.65,6.69,336.0,101900.0
1990-02-09 10:00:00+00:00,-4.59,33.3,0.0,0.0,0.0,233.0,6.14,341.0,101920.0
1990-02-09 11:00:00+00:00,-5.03,34.65,0.0,0.0,0.0,213.05,5.38,346.0,101950.0
1990-02-09 12:00:00+00:00,-5.41,36.05,0.0,0.0,0.0,204.15,4.48,350.0,101960.0
1990-02-09 13:00:00+00:00,-5.8,36.05,0.0,0.0,0.0,197.4,4.28,349.0,101960.0
1990-02-09 14:00:00+00:00,-6.1,37.55,0.0,0.0,0.0,194.3,4.9,347.0,102000.0
1990-02-09 15:00:00+00:00,-6.35,37.55,0.0,0.0,0.0,199.9,5.72,348.0,102020.0
1990-02-09 16:00:00+00:00,-6.6,37.55,0.0,0.0,0.0,200.1,6.0,348.0,102040.0
1990-02-09 17:00:00+00:00,-7.05,39.1,0.0,0.0,0.0,190.2,6.07,346.0,102060.0
1990-02-09 18:00:00+00:00,-7.41,38.95,0.0,0.0,0.0,190.05,6.21,344.0,102110.0
1990-02-09 19:00:00+00:00,-8.7,40.4,0.0,0.0,0.0,181.15,6.41,349.0,102200.0
1990-02-09 20:00:00+00:00,-9.15,42.1,0.0,0.0,0.0,177.05,6.07,347.0,102220.0
1990-02-09 21:00:00+00:00,-9.54,43.9,0.0,0.0,0.0,176.1,5.79,345.0,102230.0
1990-02-09 22:00:00+00:00,-9.89,43.9,0.0,0.0,0.0,175.15,5.59,342.0,102240.0
1990-02-09 23:00:00+00:00,-10.12,45.75,32.8,0.0,32.8,175.3,5.38,340.0,102280.0
1990-02-10 00:00:00+00:00,-9.56,43.9,242.8,896.32,73.15,176.5,5.31,339.0,102350.0
1990-02-10 01:00:00+00:00,-8.38,38.8,405.75,907.25,93.45,177.75,5.79,340.0,102360.0
1990-02-10 02:00:00+00:00,-7.05,35.75,528.5,910.16,105.55,179.75,5.66,343.0,102350.0
1990-02-10 03:00:00+00:00,-5.79,33.0,589.3,854.04,126.0,182.1,5.72,344.0,102320.0
1990-02-10 04:00:00+00:00,-4.69,30.45,589.8,803.74,129.85,186.55,6.07,347.0,102280.0
1990-02-10 05:00:00+00:00,-3.99,29.25,528.05,741.81,118.55,193.9,5.93,345.0,102210.0
1990-02-10 06:00:00+00:00,-3.45,29.4,424.0,660.36,104.95,191.75,5.72,341.0,102170.0
1990-02-10 07:00:00+00:00,-3.61,29.4,266.6,495.65,83.05,189.65,5.66,339.0,102200.0
1990-02-10 08:00:00+00:00,-3.6,29.4,100.25,260.36,42.65,193.7,5.66,340.0,102230.0
1990-02-10 09:00:00+00:00,-4.08,30.6,2.8,9.77,2.35,189.45,4.97,344.0,102250.0
1990-02-10 10:00:00+00:00,-4.91,34.65,0.0,0.0,0.0,189.85,4.21,348.0,102310.0
1990-02-10 11:00:00+00:00,-5.47,39.4,0.0,0.0,0.0,189.45,3.66,346.0,102330.0
1990-02-10 12:00:00+00:00,-5.81,39.4,0.0,0.0,0.0,189.25,3.45,342.0,102360.0
1990-02-10 13:00:00+00:00,-6.07,41.0,0.0,0.0,0.0,189.25,3.38,341.0,102340.0
1990-02-10 14:00:00+00:00,-6.23,39.25,0.0,0.0,0.0,189.25,3.31,339.0,102370.0
1990-02-10 15:00:00+00:00,-6.37,39.25,0.0,0.0,0.0,189.25,3.38,334.0,102390.0
1990-02-10 16:00:00+00:00,-6.48,41.0,0.0,0.0,0.0,189.85,3.72,327.0,102400.0
1990-02-10 17:00:00+00:00,-6.61,41.0,0.0,0.0,0.0,189.85,4.14,325.0,102430.0
1990-02-10 18:00:00+00:00,-6.88,39.25,0.0,0.0,0.0,189.45,4.41,326.0,102480.0
1990-02-10 19:00:00+00:00,-7.3,42.7,0.0,0.0,0.0,189.05,4.55,324.0,102520.0
1990-02-10 20:00:00+00:00,-7.74,42.55,0.0,0.0,0.0,188.1,4.55,328.0,102510.0
1990-02-10 21:00:00+00:00,-8.16,44.35,0.0,0.0,0.0,187.5,4.34,333.0,102510.0
1990-02-10 22:00:00+00:00,-8.57,46.2,0.0,0.0,0.0,186.15,4.07,339.0,102520.0
1990-02-10 23:00:00+00:00,-8.94,48.1,33.8,0.0,33.8,185.95,3.72,345.0,102550.0
1990-02-11 00:00:00+00:00,-8.31,44.35,246.5,896.56,73.2,185.6,3.38,349.0,102610.0
1990-02-11 01:00:00+00:00,-7.05,39.1,410.55,910.65,93.2,186.45,3.79,354.0,102660.0
1990-02-11 02:00:00+00:00,-5.9,37.55,534.1,915.9,104.4,187.3,3.38,357.0,102650.0
1990-02-11 03:00:00+00:00,-4.71,33.3,602.3,900.33,109.75,189.25,2.76,352.0,102630.0
1990-02-11 04:00:00+00:00,-3.66,32.15,608.0,863.18,110.0,191.0,2.34,340.0,102580.0
1990-02-11 05:00:00+00:00,-2.85,29.7,551.0,800.61,105.3,192.95,2.28,323.0,102490.0
1990-02-11 06:00:00+00:00,-2.24,28.55,437.85,702.82,95.05,194.5,2.41,308.0,102450.0
1990-02-11 07:00:00+00:00,-2.04,28.55,279.7,540.45,77.15,194.3,2.28,304.0,102460.0
1990-02-11 08:00:00+00:00,-1.99,28.55,105.2,273.4,43.55,195.05,2.14,304.0,102470.0
1990-02-11 09:00:00+00:00,-2.39,31.05,3.4,13.98,2.7,194.85,1.45,291.0,102510.0
1990-02-11 10:00:00+00:00,-3.61,35.1,0.0,0.0,0.0,194.5,1.38,245.0,102540.0
1990-02-11 11:00:00+00:00,-5.31,43.15,0.0,0.0,0.0,194.7,1.93,219.0,102590.0
1990-02-11 12:00:00+00:00,-5.94,51.0,0.0,0.0,0.0,194.5,2.34,215.0,102590.0
1990-02-11 13:00:00+00:00,-5.83,53.35,0.0,0.0,0.0,194.3,2.83,225.0,102620.0
1990-02-11 14:00:00+00:00,-5.41,60.6,0.0,0.0,0.0,194.1,3.38,236.0,102650.0
1990-02-11 15:00:00+00:00,-5.04,63.35,0.0,0.0,0.0,193.7,3.66,244.0,102650.0
1990-02-11 16:00:00+00:00,-4.78,68.95,0.0,0.0,0.0,193.9,3.72,248.0,102630.0
1990-02-11 17:00:00+00:00,-4.64,71.85,0.0,0.0,0.0,194.1,3.59,251.0,102620.0
1990-02-11 18:00:00+00:00,-4.63,78.0,0.0,0.0,0.0,193.9,3.31,252.0,102630.0
1990-02-11 19:00:00+00:00,-5.01,81.2,0.0,0.0,0.0,193.9,2.97,232.0,102640.0
1990-02-11 20:00:00+00:00,-5.29,81.2,0.0,0.0,0.0,194.1,2.9,230.0,102630.0
1990-02-11 21:00:00+00:00,-5.57,84.5,0.0,0.0,0.0,193.3,2.55,228.0,102620.0
1990-02-11 22:00:00+00:00,-6.06,88.0,0.0,0.0,0.0,193.3,2.21,225.0,102620.0
1990-02-11 23:00:00+00:00,-6.71,84.45,35.2,0.0,35.2,192.75,1.66,220.0,102650.0
1990-02-12 00:00:00+00:00,-5.41,88.0,253.35,910.12,73.7,193.7,1.1,221.0,102700.0
1990-02-12 01:00:00+00:00,-2.19,69.45,417.45,919.02,93.2,195.15,1.38,231.0,102730.0
1990-02-12 02:00:00+00:00,-0.73,61.8,540.45,920.57,104.4,198.15,1.93,241.0,102750.0
1990-02-12 03:00:00+00:00,0.23,54.95,605.25,885.86,116.5,200.85,2.28,240.0,102730.0
1990-02-12 04:00:00+00:00,0.95,50.75,613.75,866.68,109.65,202.4,2.55,239.0,102690.0
1990-02-12 05:00:00+00:00,1.41,48.85,556.2,803.97,104.85,203.95,2.69,238.0,102630.0
1990-02-12 06:00:00+00:00,1.55,48.85,442.85,707.19,94.65,205.9,2.34,235.0,102550.0
1990-02-12 07:00:00+00:00,1.4,46.9,283.95,545.54,77.05,205.15,1.38,223.0,102530.0
1990-02-12 08:00:00+00:00,1.09,48.7,108.4,279.63,44.15,205.7,1.17,225.0,102530.0
1990-02-12 09:00:00+00:00,0.27,54.95,3.95,15.71,3.1,205.7,0.9,253.0,102560.0
1990-02-12 10:00:00+00:00,-1.01,64.25,0.0,0.0,0.0,205.7,0.76,293.0,102580.0
1990-02-12 11:00:00+00:00,-1.22,64.25,0.0,0.0,0.0,205.3,0.55,5.0,102630.0
1990-02-12 12:00:00+00:00,-2.5,69.35,0.0,0.0,0.0,205.15,1.24,83.0,102640.0
1990-02-12 13:00:00+00:00,-5.26,77.9,0.0,0.0,0.0,204.75,2.07,101.0,102620.0
1990-02-12 14:00:00+00:00,-5.68,77.85,0.0,0.0,0.0,204.55,2.14,103.0,102660.0
1990-02-12 15:00:00+00:00,-5.42,77.85,0.0,0.0,0.0,204.75,1.66,94.0,102660.0
1990-02-12 16:00:00+00:00,-5.17,74.8,0.0,0.0,0.0,204.15,1.31,65.0,102690.0
1990-02-12 17:00:00+00:00,-6.2,74.6,0.0,0.0,0.0,203.95,1.72,45.0,102710.0
1990-02-12 18:00:00+00:00,-6.47,68.65,0.0,0.0,0.0,203.95,2.28,43.0,102720.0
1990-02-12 19:00:00+00:00,-6.33,77.75,0.0,0.0,0.0,203.75,2.21,41.0,102750.0
1990-02-12 20:00:00+00:00,-6.29,71.55,0.0,0.0,0.0,203.2,2.41,51.0,102760.0
1990-02-12 21:00:00+00:00,-6.24,65.8,0.0,0.0,0.0,201.85,2.62,51.0,102790.0
1990-02-12 22:00:00+00:00,-6.22,58.0,0.0,0.0,0.0,200.7,2.83,46.0,102860.0
1990-02-12 23:00:00+00:00,-6.31,55.55,36.1,0.0,36.1,198.55,3.17,41.0,102940.0
1990-02-13 00:00:00+00:00,-5.18,47.05,257.9,913.1,73.85,197.95,3.1,36.0,103010.0
1990-02-13 01:00:00+00:00,-2.86,36.8,424.1,926.88,93.0,197.3,3.38,32.0,103060.0
1990-02-13 02:00:00+00:00,-0.87,30.15,549.2,931.1,103.9,197.75,3.59,27.0,103100.0
1990-02-13 03:00:00+00:00,0.47,24.6,618.4,915.23,109.15,198.95,3.72,21.0,103120.0
1990-02-13 04:00:00+00:00,1.3,21.8,624.8,879.02,109.35,199.5,3.52,13.0,103090.0
1990-02-13 05:00:00+00:00,1.78,21.9,567.5,817.22,104.85,200.1,3.24,4.0,103040.0
1990-02-13 06:00:00+00:00,1.99,21.9,453.05,720.42,95.0,200.1,3.24,360.0,103000.0
1990-02-13 07:00:00+00:00,1.78,22.9,292.65,559.89,77.8,199.3,3.52,3.0,103030.0
1990-02-13 08:00:00+00:00,1.32,24.85,114.15,293.11,45.55,199.15,3.45,6.0,103050.0
1990-02-13 09:00:00+00:00,-0.01,30.4,4.7,19.78,3.55,198.95,3.1,12.0,103110.0
1990-02-13 10:00:00+00:00,-1.79,35.7,0.0,0.0,0.0,198.35,3.31,18.0,103150.0
1990-02-13 11:00:00+00:00,-2.82,40.3,0.0,0.0,0.0,198.15,3.17,24.0,103220.0
1990-02-13 12:00:00+00:00,-3.53,43.6,0.0,0.0,0.0,197.6,2.97,32.0,103280.0
1990-02-13 13:00:00+00:00,-4.13,43.45,0.0,0.0,0.0,197.2,2.69,42.0,103280.0
1990-02-13 14:00:00+00:00,-4.78,45.2,0.0,0.0,0.0,196.8,2.41,52.0,103290.0
1990-02-13 15:00:00+00:00,-5.63,49.0,0.0,0.0,0.0,196.4,2.0,51.0,103320.0
1990-02-13 16:00:00+00:00,-6.11,51.0,0.0,0.0,0.0,196.6,1.72,39.0,103350.0
1990-02-13 17:00:00+00:00,-6.05,51.0,0.0,0.0,0.0,196.4,1.52,35.0,103360.0
1990-02-13 18:00:00+00:00,-5.6,49.0,0.0,0.0,0.0,196.8,1.24,28.0,103380.0
1990-02-13 19:00:00+00:00,-6.09,53.25,0.0,0.0,0.0,197.0,1.38,358.0,103390.0
1990-02-13 20:00:00+00:00,-6.04,53.25,0.0,0.0,0.0,197.75,1.17,4.0,103370.0
1990-02-13 21:00:00+00:00,-5.95,53.25,0.0,0.0,0.0,198.35,1.1,35.0,103400.0
1990-02-13 22:00:00+00:00,-6.98,55.45,0.0,0.0,0.0,198.75,1.31,77.0,103380.0
1990-02-13 23:00:00+00:00,-7.61,60.25,37.35,0.0,37.35,199.3,1.79,105.0,103410.0
1990-02-14 00:00:00+00:00,-5.27,53.5,261.3,908.1,74.4,201.25,1.45,122.0,103440.0
1990-02-14 01:00:00+00:00,-1.95,44.0,426.15,919.87,93.45,202.7,1.38,144.0,103440.0
1990-02-14 02:00:00+00:00,-0.11,37.7,549.45,921.76,104.35,205.7,1.38,173.0,103430.0
1990-02-14 03:00:00+00:00,1.06,33.45,617.1,905.37,109.05,208.4,1.59,193.0,103360.0
1990-02-14 04:00:00+00:00,1.97,33.75,622.9,870.74,108.15,210.95,1.93,215.0,103280.0
1990-02-14 05:00:00+00:00,2.54,33.9,558.35,778.11,114.15,213.25,2.69,222.0,103180.0
1990-02-14 06:00:00+00:00,2.7,34.0,448.4,700.99,96.75,216.75,3.31,217.0,103090.0
1990-02-14 07:00:00+00:00,2.62,35.35,282.5,500.74,88.1,216.75,3.66,216.0,103020.0
1990-02-14 08:00:00+00:00,1.85,38.25,110.85,254.69,50.15,219.25,3.17,215.0,102970.0
1990-02-14 09:00:00+00:00,0.53,44.75,5.05,14.48,4.15,221.75,3.38,210.0,102900.0
1990-02-14 10:00:00+00:00,-0.6,52.45,0.0,0.0,0.0,224.1,4.07,206.0,102880.0
1990-02-14 11:00:00+00:00,-0.75,52.45,0.0,0.0,0.0,225.65,4.76,205.0,102860.0
1990-02-14 12:00:00+00:00,-0.63,54.7,0.0,0.0,0.0,229.9,5.24,201.0,102830.0
1990-02-14 13:00:00+00:00,-0.6,54.7,0.0,0.0,0.0,233.6,5.52,197.0,102800.0
1990-02-14 14:00:00+00:00,-0.55,54.7,0.0,0.0,0.0,239.6,5.66,194.0,102730.0
1990-02-14 15:00:00+00:00,-0.51,54.7,0.0,0.0,0.0,229.3,5.86,194.0,102650.0
1990-02-14 16:00:00+00:00,-0.49,56.95,0.0,0.0,0.0,218.65,6.14,195.0,102560.0
1990-02-14 17:00:00+00:00,-0.38,59.35,0.0,0.0,0.0,217.7,6.28,196.0,102480.0
1990-02-14 18:00:00+00:00,-0.23,61.9,0.0,0.0,0.0,220.8,6.34,196.0,102440.0
1990-02-14 19:00:00+00:00,0.09,69.85,0.0,0.0,0.0,223.3,6.48,198.0,102360.0
1990-02-14 20:00:00+00:00,0.23,69.95,0.0,0.0,0.0,226.2,6.34,198.0,102310.0
1990-02-14 21:00:00+00:00,0.24,75.7,0.0,0.0,0.0,228.55,6.21,196.0,102240.0
1990-02-14 22:00:00+00:00,0.22,78.75,0.0,0.0,0.0,229.3,5.93,195.0,102230.0
1990-02-14 23:00:00+00:00,0.16,85.1,38.45,0.0,38.45,229.5,5.59,197.0,102220.0
1990-02-15 00:00:00+00:00,1.05,81.95,253.6,840.41,77.0,232.4,5.24,196.0,102270.0
1990-02-15 01:00:00+00:00,2.71,76.1,417.85,887.75,92.75,234.05,5.31,197.0,102220.0
1990-02-15 02:00:00+00:00,4.19,73.4,536.7,890.65,102.45,234.95,5.66,201.0,102180.0
1990-02-15 03:00:00+00:00,5.29,68.1,600.8,862.83,112.5,238.6,5.93,204.0,102120.0
1990-02-15 04:00:00+00:00,6.07,68.2,566.4,676.63,163.15,245.6,6.28,205.0,102020.0
1990-02-15 05:00:00+00:00,6.42,68.3,502.3,601.42,156.1,260.5,6.76,207.0,101860.0
1990-02-15 06:00:00+00:00,6.63,68.3,424.7,633.9,103.75,260.65,7.1,208.0,101740.0
1990-02-15 07:00:00+00:00,7.04,68.4,278.3,513.98,76.45,257.0,6.97,204.0,101680.0
1990-02-15 08:00:00+00:00,6.55,68.3,110.55,266.27,45.95,255.65,7.52,200.0,101600.0
1990-02-15 09:00:00+00:00,5.73,65.65,5.45,16.62,4.35,253.3,7.79,194.0,101520.0
1990-02-15 10:00:00+00:00,4.96,68.0,0.0,0.0,0.0,249.45,8.0,189.0,101470.0
1990-02-15 11:00:00+00:00,4.53,70.6,0.0,0.0,0.0,250.8,7.86,191.0,101460.0
1990-02-15 12:00:00+00:00,4.36,70.6,0.0,0.0,0.0,258.55,7.66,192.0,101460.0
1990-02-15 13:00:00+00:00,4.26,70.6,0.0,0.0,0.0,256.2,7.66,191.0,101420.0
1990-02-15 14:00:00+00:00,4.42,73.4,0.0,0.0,0.0,261.45,8.07,192.0,101350.0
1990-02-15 15:00:00+00:00,4.44,67.9,0.0,0.0,0.0,254.65,8.41,195.0,101290.0
1990-02-15 16:00:00+00:00,4.27,62.8,0.0,0.0,0.0,255.25,8.48,198.0,101240.0
1990-02-15 17:00:00+00:00,4.05,60.4,0.0,0.0,0.0,263.0,8.28,200.0,101210.0
1990-02-15 18:00:00+00:00,3.83,62.8,0.0,0.0,0.0,273.25,7.59,202.0,101190.0
1990-02-15 19:00:00+00:00,3.51,67.8,0.0,0.0,0.0,275.0,6.41,205.0,101210.0
1990-02-15 20:00:00+00:00,3.11,73.2,0.0,0.0,0.0,278.65,5.59,206.0,101200.0
1990-02-15 21:00:00+00:00,2.68,79.0,0.0,0.0,0.0,284.3,4.34,208.0,101230.0
1990-02-15 22:00:00+00:00,2.24,79.0,0.0,0.0,0.0,291.85,2.55,234.0,101270.0
1990-02-15 23:00:00+00:00,1.67,88.6,27.3,0.0,27.3,293.95,2.55,322.0,101380.0
1990-02-16 00:00:00+00:00,1.64,78.9,104.65,141.01,74.4,293.55,5.86,6.0,101540.0
1990-02-16 01:00:00+00:00,0.85,57.35,147.8,105.18,108.8,291.55,8.48,15.0,101630.0
1990-02-16 02:00:00+00:00,-0.18,50.5,154.65,68.66,120.85,296.3,8.76,16.0,101750.0
1990-02-16 03:00:00+00:00,-1.02,54.55,100.95,2.98,99.25,294.15,7.93,16.0,101820.0
1990-02-16 04:00:00+00:00,-1.47,59.1,130.15,26.21,114.4,293.6,7.45,16.0,101850.0
1990-02-16 05:00:00+00:00,-1.55,61.55,123.35,0.86,122.85,291.25,7.31,13.0,101850.0
1990-02-16 06:00:00+00:00,-1.39,61.55,136.65,36.11,118.2,291.05,6.97,15.0,101800.0
1990-02-16 07:00:00+00:00,-0.91,54.55,97.1,14.1,91.5,286.4,6.83,19.0,101860.0
1990-02-16 08:00:00+00:00,-0.38,46.35,44.65,15.8,40.75,286.6,6.21,22.0,101850.0
1990-02-16 09:00:00+00:00,-0.23,42.75,3.85,0.0,3.85,270.75,5.1,21.0,101910.0
1990-02-16 10:00:00+00:00,-0.52,39.15,0.0,0.0,0.0,259.5,4.83,16.0,102020.0
1990-02-16 11:00:00+00:00,-0.85,35.8,0.0,0.0,0.0,243.85,5.59,6.0,102120.0
1990-02-16 12:00:00+00:00,-1.32,31.45,0.0,0.0,0.0,233.2,6.14,2.0,102220.0
1990-02-16 13:00:00+00:00,-1.92,32.55,0.0,0.0,0.0,224.1,6.0,3.0,102280.0
1990-02-16 14:00:00+00:00,-2.61,32.45,0.0,0.0,0.0,207.85,5.86,6.0,102350.0
1990-02-16 15:00:00+00:00,-3.31,33.75,0.0,0.0,0.0,191.4,5.59,7.0,102420.0
1990-02-16 16:00:00+00:00,-3.9,34.95,0.0,0.0,0.0,185.95,5.17,7.0,102480.0
1990-02-16 17:00:00+00:00,-4.39,34.8,0.0,0.0,0.0,184.8,4.83,6.0,102560.0
1990-02-16 18:00:00+00:00,-4.83,34.8,0.0,0.0,0.0,183.45,4.48,7.0,102620.0
1990-02-16 19:00:00+00:00,-5.56,33.0,0.0,0.0,0.0,179.95,5.45,4.0,102670.0
1990-02-16 20:00:00+00:00,-5.91,34.35,0.0,0.0,0.0,179.6,4.97,2.0,102710.0
1990-02-16 21:00:00+00:00,-6.21,34.35,0.0,0.0,0.0,179.0,4.62,359.0,102740.0
1990-02-16 22:00:00+00:00,-6.45,34.35,0.0,0.0,0.0,178.8,4.55,357.0,102790.0
1990-02-16 23:00:00+00:00,-6.63,34.35,42.1,0.0,42.1,178.25,4.76,356.0,102830.0
1990-02-17 00:00:00+00:00,-5.91,32.85,284.35,941.14,78.25,178.05,5.03,359.0,102920.0
1990-02-17 01:00:00+00:00,-5.16,28.95,454.7,951.68,97.4,178.7,6.48,2.0,102950.0
1990-02-17 02:00:00+00:00,-4.43,26.6,581.45,951.77,108.35,179.2,6.14,1.0,102970.0
1990-02-17 03:00:00+00:00,-3.6,24.55,650.3,932.16,113.75,181.15,5.45,359.0,102940.0
1990-02-17 04:00:00+00:00,-2.78,23.75,654.7,892.66,114.05,182.85,4.55,352.0,102890.0
1990-02-17 05:00:00+00:00,-2.09,22.85,594.9,829.44,109.5,185.2,3.79,342.0,102830.0
1990-02-17 06:00:00+00:00,-1.63,23.0,476.8,733.05,98.8,187.15,2.97,329.0,102690.0
1990-02-17 07:00:00+00:00,-1.61,21.95,313.45,577.52,81.45,187.5,2.34,316.0,102660.0
1990-02-17 08:00:00+00:00,-1.7,23.0,130.1,318.11,50.2,188.5,1.86,280.0,102580.0
1990-02-17 09:00:00+00:00,-2.37,28.4,7.85,32.99,5.4,188.7,2.62,220.0,102580.0
1990-02-17 10:00:00+00:00,-3.96,39.85,0.0,0.0,0.0,188.7,3.72,212.0,102580.0
1990-02-17 11:00:00+00:00,-4.56,47.2,0.0,0.0,0.0,189.05,4.07,220.0,102600.0
1990-02-17 12:00:00+00:00,-4.71,49.25,0.0,0.0,0.0,188.7,4.0,223.0,102620.0
1990-02-17 13:00:00+00:00,-4.73,53.65,0.0,0.0,0.0,189.05,3.79,214.0,102610.0
1990-02-17 14:00:00+00:00,-4.73,55.95,0.0,0.0,0.0,190.6,3.93,202.0,102600.0
1990-02-17 15:00:00+00:00,-4.72,55.95,0.0,0.0,0.0,192.95,4.21,192.0,102570.0
1990-02-17 16:00:00+00:00,-4.69,58.35,0.0,0.0,0.0,195.25,4.34,182.0,102510.0
1990-02-17 17:00:00+00:00,-4.6,60.85,0.0,0.0,0.0,199.9,4.48,176.0,102480.0
1990-02-17 18:00:00+00:00,-4.44,66.15,0.0,0.0,0.0,202.05,4.41,177.0,102400.0
1990-02-17 19:00:00+00:00,-4.24,71.95,0.0,0.0,0.0,203.0,3.38,215.0,102360.0
1990-02-17 20:00:00+00:00,-4.6,74.9,0.0,0.0,0.0,199.9,2.83,256.0,102300.0
1990-02-17 21:00:00+00:00,-5.15,74.8,0.0,0.0,0.0,192.35,2.97,284.0,102300.0
1990-02-17 22:00:00+00:00,-5.45,74.7,0.0,0.0,0.0,195.25,3.31,306.0,102320.0
1990-02-17 23:00:00+00:00,-5.64,68.75,54.85,0.0,54.85,210.15,3.38,329.0,102360.0
1990-02-18 00:00:00+00:00,-5.04,63.35,272.3,822.31,88.5,205.7,3.45,359.0,102460.0
1990-02-18 01:00:00+00:00,-4.05,56.1,445.75,897.94,104.4,197.7,4.14,23.0,102450.0
1990-02-18 02:00:00+00:00,-2.71,47.75,560.3,863.42,126.95,196.05,3.93,34.0,102460.0
1990-02-18 03:00:00+00:00,-1.36,40.55,628.45,849.81,135.15,202.6,3.17,34.0,102460.0
1990-02-18 04:00:00+00:00,-0.3,33.15,641.75,839.83,129.0,203.2,2.21,28.0,102450.0
1990-02-18 05:00:00+00:00,0.39,29.25,588.25,803.44,114.2,204.55,1.31,17.0,102380.0
1990-02-18 06:00:00+00:00,0.76,26.95,474.6,723.76,98.0,201.05,0.48,20.0,102270.0
1990-02-18 07:00:00+00:00,0.58,26.85,312.65,569.16,81.45,200.5,0.62,84.0,102230.0
1990-02-18 08:00:00+00:00,0.46,28.05,131.0,314.94,50.55,200.7,0.48,95.0,102200.0
1990-02-18 09:00:00+00:00,-0.07,31.75,8.55,34.48,5.85,201.05,0.97,54.0,102170.0
1990-02-18 10:00:00+00:00,-1.73,37.25,0.0,0.0,0.0,201.45,1.86,70.0,102180.0
1990-02-18 11:00:00+00:00,-3.3,47.6,0.0,0.0,0.0,202.6,2.83,100.0,102060.0
1990-02-18 12:00:00+00:00,-3.5,49.55,0.0,0.0,0.0,209.6,3.31,118.0,101970.0
1990-02-18 13:00:00+00:00,-2.86,43.85,0.0,0.0,0.0,219.65,3.59,142.0,101860.0
1990-02-18 14:00:00+00:00,-1.95,44.0,0.0,0.0,0.0,231.85,4.48,164.0,101790.0
1990-02-18 15:00:00+00:00,-1.21,50.2,0.0,0.0,0.0,247.15,5.72,170.0,101650.0
1990-02-18 16:00:00+00:00,-0.77,56.95,0.0,0.0,0.0,249.05,6.34,171.0,101550.0
1990-02-18 17:00:00+00:00,-0.42,61.8,0.0,0.0,0.0,252.75,6.97,171.0,101400.0
1990-02-18 18:00:00+00:00,0.02,64.45,0.0,0.0,0.0,263.75,7.45,169.0,101230.0
1990-02-18 19:00:00+00:00,0.67,69.95,0.0,0.0,0.0,272.85,8.0,175.0,101030.0
1990-02-18 20:00:00+00:00,1.11,72.85,0.0,0.0,0.0,279.65,8.07,173.0,100820.0
1990-02-18 21:00:00+00:00,1.45,75.85,0.0,0.0,0.0,286.4,7.86,174.0,100680.0
1990-02-18 22:00:00+00:00,1.69,75.95,0.0,0.0,0.0,291.85,7.79,179.0,100630.0
1990-02-18 23:00:00+00:00,1.92,78.95,23.5,0.0,23.5,295.3,7.59,182.0,100570.0
1990-02-19 00:00:00+00:00,2.3,79.0,61.0,0.0,61.0,302.65,7.59,184.0,100550.0
1990-02-19 01:00:00+00:00,2.79,79.1,111.95,7.4,109.1,309.95,7.38,189.0,100470.0
1990-02-19 02:00:00+00:00,3.33,82.25,163.75,3.55,161.95,312.35,6.83,199.0,100460.0
1990-02-19 03:00:00+00:00,3.76,79.2,224.2,43.82,198.55,307.5,5.86,211.0,100420.0
1990-02-19 04:00:00+00:00,4.06,79.2,279.5,103.75,215.65,301.5,4.97,229.0,100370.0
1990-02-19 05:00:00+00:00,4.4,79.2,262.8,140.62,179.15,293.75,4.28,265.0,100380.0
1990-02-19 06:00:00+00:00,4.82,65.4,255.05,151.8,175.35,287.95,3.72,314.0,100420.0
1990-02-19 07:00:00+00:00,5.79,44.3,138.6,75.11,107.75,285.25,5.45,349.0,100490.0
1990-02-19 08:00:00+00:00,4.71,33.05,90.8,115.32,60.85,264.75,7.24,2.0,100630.0
1990-02-19 09:00:00+00:00,2.82,30.0,6.1,13.36,5.0,236.1,7.45,9.0,100770.0
1990-02-19 10:00:00+00:00,0.87,34.9,0.0,0.0,0.0,226.4,7.31,14.0,100940.0
1990-02-19 11:00:00+00:00,-0.59,35.95,0.0,0.0,0.0,208.4,7.59,14.0,101080.0
1990-02-19 12:00:00+00:00,-1.74,35.7,0.0,0.0,0.0,198.75,7.66,12.0,101260.0
1990-02-19 13:00:00+00:00,-2.67,36.95,0.0,0.0,0.0,196.6,7.17,9.0,101360.0
1990-02-19 14:00:00+00:00,-3.51,36.65,0.0,0.0,0.0,192.75,6.97,9.0,101490.0
1990-02-19 15:00:00+00:00,-4.39,38.0,0.0,0.0,0.0,189.05,6.76,11.0,101580.0
1990-02-19 16:00:00+00:00,-5.14,37.85,0.0,0.0,0.0,186.55,6.55,10.0,101670.0
1990-02-19 17:00:00+00:00,-5.67,37.7,0.0,0.0,0.0,184.4,6.69,5.0,101770.0
1990-02-19 18:00:00+00:00,-6.11,37.55,0.0,0.0,0.0,183.45,7.24,1.0,101860.0
1990-02-19 19:00:00+00:00,-7.35,37.4,0.0,0.0,0.0,180.55,8.21,359.0,101970.0
1990-02-19 20:00:00+00:00,-7.86,37.25,0.0,0.0,0.0,179.2,8.34,360.0,102060.0
1990-02-19 21:00:00+00:00,-8.27,38.8,0.0,0.0,0.0,180.35,8.14,0.0,102170.0
1990-02-19 22:00:00+00:00,-8.59,40.4,0.0,0.0,0.0,178.8,8.07,1.0,102300.0
1990-02-19 23:00:00+00:00,-8.76,40.4,109.45,1258.63,50.2,178.25,7.72,0.0,102440.0
1990-02-20 00:00:00+00:00,-8.37,38.8,292.0,903.92,81.6,178.05,8.55,360.0,102580.0
1990-02-20 01:00:00+00:00,-7.51,37.25,461.45,924.53,101.15,178.7,8.97,1.0,102670.0
1990-02-20 02:00:00+00:00,-6.42,32.85,589.2,935.75,110.4,179.75,8.9,3.0,102700.0
1990-02-20 03:00:00+00:00,-5.21,30.3,659.55,921.66,115.45,180.55,8.55,2.0,102760.0
1990-02-20 04:00:00+00:00,-4.07,28.0,666.65,888.43,115.5,182.1,8.14,3.0,102770.0
1990-02-20 05:00:00+00:00,-3.12,25.85,609.45,831.7,110.7,183.65,7.79,3.0,102750.0
1990-02-20 06:00:00+00:00,-2.43,26.0,492.55,739.76,100.7,184.05,7.38,0.0,102750.0
1990-02-20 07:00:00+00:00,-2.34,25.0,328.4,588.99,83.85,184.2,7.1,3.0,102810.0
1990-02-20 08:00:00+00:00,-2.33,25.0,142.3,336.58,53.45,185.2,6.55,3.0,102870.0
1990-02-20 09:00:00+00:00,-2.83,26.0,10.95,44.01,7.15,185.75,5.31,5.0,102930.0
1990-02-20 10:00:00+00:00,-3.89,30.6,0.0,0.0,0.0,185.2,4.0,5.0,103050.0
1990-02-20 11:00:00+00:00,-4.6,34.8,0.0,0.0,0.0,185.0,3.24,22.0,103110.0
1990-02-20 12:00:00+00:00,-5.2,36.2,0.0,0.0,0.0,184.8,3.31,41.0,103110.0
1990-02-20 13:00:00+00:00,-5.59,36.05,0.0,0.0,0.0,183.85,2.55,43.0,103160.0
1990-02-20 14:00:00+00:00,-6.34,35.9,0.0,0.0,0.0,183.65,1.66,53.0,103200.0
1990-02-20 15:00:00+00:00,-5.67,33.0,0.0,0.0,0.0,184.6,1.03,66.0,103230.0
1990-02-20 16:00:00+00:00,-6.77,34.35,0.0,0.0,0.0,185.75,1.45,57.0,103230.0
1990-02-20 17:00:00+00:00,-7.51,37.25,0.0,0.0,0.0,187.5,1.93,57.0,103230.0
1990-02-20 18:00:00+00:00,-6.03,34.35,0.0,0.0,0.0,188.3,1.03,62.0,103240.0
1990-02-20 19:00:00+00:00,-5.21,33.15,0.0,0.0,0.0,191.0,0.76,129.0,103230.0
1990-02-20 20:00:00+00:00,-5.47,36.05,0.0,0.0,0.0,192.35,0.9,176.0,103220.0
1990-02-20 21:00:00+00:00,-7.15,40.85,0.0,0.0,0.0,193.3,1.45,167.0,103190.0
1990-02-20 22:00:00+00:00,-7.62,44.5,0.0,0.0,0.0,197.0,1.93,180.0,103180.0
1990-02-20 23:00:00+00:00,-7.15,44.65,97.5,622.93,65.4,204.15,2.0,188.0,103220.0
1990-02-21 00:00:00+00:00,-4.32,38.15,229.4,325.08,152.2,210.15,1.79,184.0,103250.0
1990-02-21 01:00:00+00:00,-2.18,34.0,413.55,631.07,164.55,231.35,2.34,195.0,103240.0
1990-02-21 02:00:00+00:00,-0.93,31.45,474.5,413.55,260.85,219.65,2.55,201.0,103190.0
1990-02-21 03:00:00+00:00,-0.18,30.4,508.9,370.14,288.55,237.65,2.48,212.0,103110.0
1990-02-21 04:00:00+00:00,0.34,30.55,537.3,465.22,246.4,249.65,2.69,221.0,103020.0
1990-02-21 05:00:00+00:00,0.83,32.05,451.7,277.74,283.8,245.2,3.31,227.0,102920.0
1990-02-21 06:00:00+00:00,0.93,33.45,311.45,129.4,242.3,255.85,3.72,229.0,102800.0
1990-02-21 07:00:00+00:00,0.51,34.75,178.55,55.52,155.25,268.8,3.1,230.0,102690.0
1990-02-21 08:00:00+00:00,0.0,39.3,44.4,1.86,43.9,271.3,3.31,234.0,102650.0
1990-02-21 09:00:00+00:00,-0.87,48.15,3.3,0.0,3.3,281.2,2.69,226.0,102600.0
1990-02-21 10:00:00+00:00,-1.46,54.4,0.0,0.0,0.0,284.5,2.55,215.0,102550.0
1990-02-21 11:00:00+00:00,-1.67,56.7,0.0,0.0,0.0,286.4,3.1,214.0,102530.0
1990-02-21 12:00:00+00:00,-1.73,61.55,0.0,0.0,0.0,286.8,3.24,212.0,102490.0
1990-02-21 13:00:00+00:00,-1.81,64.1,0.0,0.0,0.0,286.2,3.17,203.0,102410.0
1990-02-21 14:00:00+00:00,-1.96,69.45,0.0,0.0,0.0,286.2,3.86,204.0,102360.0
1990-02-21 15:00:00+00:00,-2.23,69.45,0.0,0.0,0.0,285.05,4.41,206.0,102280.0
1990-02-21 16:00:00+00:00,-2.54,75.2,0.0,0.0,0.0,284.1,4.83,208.0,102240.0
1990-02-21 17:00:00+00:00,-2.83,78.3,0.0,0.0,0.0,284.1,4.9,210.0,102170.0
1990-02-21 18:00:00+00:00,-2.99,84.8,0.0,0.0,0.0,283.7,5.1,208.0,102100.0
1990-02-21 19:00:00+00:00,-2.87,88.25,0.0,0.0,0.0,284.65,5.24,207.0,101920.0
1990-02-21 20:00:00+00:00,-2.86,88.25,0.0,0.0,0.0,286.6,5.45,211.0,101880.0
1990-02-21 21:00:00+00:00,-2.8,84.85,0.0,0.0,0.0,289.5,5.86,210.0,101830.0
1990-02-21 22:00:00+00:00,-2.67,84.85,0.0,0.0,0.0,287.75,6.21,205.0,101770.0
1990-02-21 23:00:00+00:00,-2.53,81.5,67.45,222.99,54.95,271.3,6.28,206.0,101720.0
1990-02-22 00:00:00+00:00,-1.87,78.35,171.3,175.85,128.7,261.85,6.07,211.0,101720.0
1990-02-22 01:00:00+00:00,-1.02,72.5,328.2,364.1,182.75,265.45,6.69,220.0,101680.0
1990-02-22 02:00:00+00:00,-0.21,69.85,321.75,206.19,214.2,265.7,6.9,232.0,101670.0
1990-02-22 03:00:00+00:00,-0.06,69.85,384.0,249.29,234.35,282.95,6.55,238.0,101670.0
1990-02-22 04:00:00+00:00,0.3,67.2,420.6,210.71,287.8,277.9,5.66,246.0,101610.0
1990-02-22 05:00:00+00:00,0.9,64.65,371.15,172.89,265.8,268.6,4.62,266.0,101540.0
1990-02-22 06:00:00+00:00,1.61,59.8,274.1,107.78,216.0,268.6,3.79,296.0,101450.0
1990-02-22 07:00:00+00:00,2.68,49.15,190.15,74.85,158.4,265.9,4.41,326.0,101450.0
1990-02-22 08:00:00+00:00,2.97,40.15,75.6,34.68,66.15,267.65,5.17,335.0,101470.0
1990-02-22 09:00:00+00:00,2.27,38.4,7.6,2.65,7.35,261.25,5.24,338.0,101530.0
1990-02-22 10:00:00+00:00,1.19,38.1,0.0,0.0,0.0,253.1,5.24,340.0,101630.0
1990-02-22 11:00:00+00:00,0.39,37.8,0.0,0.0,0.0,244.05,5.31,341.0,101710.0
1990-02-22 12:00:00+00:00,-0.27,34.6,0.0,0.0,0.0,228.75,5.59,341.0,101810.0
1990-02-22 13:00:00+00:00,-0.91,35.8,0.0,0.0,0.0,209.95,5.86,345.0,101870.0
1990-02-22 14:00:00+00:00,-1.46,35.7,0.0,0.0,0.0,199.3,5.72,349.0,101960.0
1990-02-22 15:00:00+00:00,-1.93,35.55,0.0,0.0,0.0,198.55,5.45,352.0,102010.0
1990-02-22 16:00:00+00:00,-2.44,38.6,0.0,0.0,0.0,197.2,4.9,352.0,102070.0
1990-02-22 17:00:00+00:00,-2.94,40.15,0.0,0.0,0.0,195.25,4.62,348.0,102100.0
1990-02-22 18:00:00+00:00,-3.35,38.45,0.0,0.0,0.0,194.1,4.48,344.0,102130.0
1990-02-22 19:00:00+00:00,-3.74,40.0,0.0,0.0,0.0,192.35,5.24,340.0,102200.0
1990-02-22 20:00:00+00:00,-3.89,41.6,0.0,0.0,0.0,192.55,5.52,343.0,102170.0
1990-02-22 21:00:00+00:00,-4.02,41.6,0.0,0.0,0.0,192.35,5.52,346.0,102210.0
1990-02-22 22:00:00+00:00,-4.21,41.6,0.0,0.0,0.0,191.95,5.52,350.0,102250.0
1990-02-22 23:00:00+00:00,-4.38,43.3,123.3,1219.34,49.35,190.8,5.38,352.0,102300.0
1990-02-23 00:00:00+00:00,-3.6,40.0,309.5,917.92,82.7,190.6,5.17,350.0,102400.0
1990-02-23 01:00:00+00:00,-2.71,33.9,479.8,936.76,100.95,191.3,6.62,350.0,102430.0
1990-02-23 02:00:00+00:00,-1.86,32.55,606.5,939.86,111.55,191.75,6.41,350.0,102440.0
1990-02-23 03:00:00+00:00,-0.99,28.85,674.75,918.26,118.9,192.95,5.93,346.0,102450.0
1990-02-23 04:00:00+00:00,-0.19,26.7,678.75,878.3,120.85,194.1,5.45,341.0,102410.0
1990-02-23 05:00:00+00:00,0.45,25.7,621.25,829.63,111.7,195.45,4.97,336.0,102340.0
1990-02-23 06:00:00+00:00,0.87,25.8,503.6,737.68,102.5,196.6,4.34,330.0,102260.0
1990-02-23 07:00:00+00:00,0.8,26.95,338.45,590.72,85.25,196.8,3.45,325.0,102220.0
1990-02-23 08:00:00+00:00,0.67,30.7,151.55,346.92,55.55,197.75,2.97,308.0,102260.0
1990-02-23 09:00:00+00:00,-0.15,41.0,14.15,53.88,8.85,197.75,2.28,276.0,102290.0
1990-02-23 10:00:00+00:00,-1.41,52.2,0.0,0.0,0.0,196.6,2.76,253.0,102360.0
1990-02-23 11:00:00+00:00,-2.5,58.85,0.0,0.0,0.0,197.6,2.9,232.0,102370.0
1990-02-23 12:00:00+00:00,-3.29,66.45,0.0,0.0,0.0,198.15,3.45,208.0,102320.0
1990-02-23 13:00:00+00:00,-3.37,72.05,0.0,0.0,0.0,198.95,4.21,221.0,102300.0
1990-02-23 14:00:00+00:00,-3.06,69.25,0.0,0.0,0.0,199.3,4.34,224.0,102310.0
1990-02-23 15:00:00+00:00,-2.91,69.25,0.0,0.0,0.0,199.3,4.14,217.0,102280.0
1990-02-23 16:00:00+00:00,-2.89,69.25,0.0,0.0,0.0,200.5,4.14,208.0,102260.0
1990-02-23 17:00:00+00:00,-2.86,66.45,0.0,0.0,0.0,201.05,4.34,202.0,102220.0
1990-02-23 18:00:00+00:00,-2.77,63.9,0.0,0.0,0.0,202.4,4.69,202.0,102170.0
1990-02-23 19:00:00+00:00,-3.08,72.1,0.0,0.0,0.0,204.55,4.0,204.0,102150.0
1990-02-23 20:00:00+00:00,-3.19,78.2,0.0,0.0,0.0,205.3,3.66,208.0,102090.0
1990-02-23 21:00:00+00:00,-3.43,84.7,0.0,0.0,0.0,205.3,3.1,216.0,102070.0
1990-02-23 22:00:00+00:00,-3.83,84.7,0.0,0.0,0.0,204.55,2.55,224.0,102050.0
1990-02-23 23:00:00+00:00,-4.33,88.15,125.6,1158.42,49.95,203.75,2.14,232.0,102050.0
1990-02-24 00:00:00+00:00,-2.22,75.3,310.55,903.91,82.8,204.95,1.86,248.0,102080.0
1990-02-24 01:00:00+00:00,0.18,54.95,479.5,924.36,101.05,206.8,2.28,267.0,102120.0
1990-02-24 02:00:00+00:00,1.7,43.3,605.0,927.94,111.65,209.4,2.69,283.0,102120.0
1990-02-24 03:00:00+00:00,2.82,35.45,673.65,912.32,116.8,211.3,2.97,287.0,102100.0
1990-02-24 04:00:00+00:00,3.55,32.75,678.65,877.43,116.95,212.5,3.17,277.0,102060.0
1990-02-24 05:00:00+00:00,3.89,34.3,619.45,819.83,111.95,213.85,3.66,263.0,101990.0
1990-02-24 06:00:00+00:00,3.9,35.75,499.45,727.21,100.65,214.6,4.14,254.0,101930.0
1990-02-24 07:00:00+00:00,3.55,38.7,335.4,578.99,84.65,215.4,4.21,252.0,101930.0
1990-02-24 08:00:00+00:00,3.12,41.85,151.7,344.2,55.0,217.15,3.86,246.0,101940.0
1990-02-24 09:00:00+00:00,1.61,48.85,15.0,56.18,9.25,215.75,4.14,222.0,101920.0
1990-02-24 10:00:00+00:00,-0.25,54.8,0.0,0.0,0.0,214.2,4.55,221.0,101960.0
1990-02-24 11:00:00+00:00,-0.83,56.95,0.0,0.0,0.0,213.45,4.62,226.0,101990.0
1990-02-24 12:00:00+00:00,-0.99,59.2,0.0,0.0,0.0,211.15,4.55,224.0,102000.0
1990-02-24 13:00:00+00:00,-1.18,61.65,0.0,0.0,0.0,210.95,4.34,217.0,101990.0
1990-02-24 14:00:00+00:00,-1.34,64.1,0.0,0.0,0.0,211.5,4.41,217.0,102000.0
1990-02-24 15:00:00+00:00,-1.4,66.8,0.0,0.0,0.0,213.05,4.48,218.0,101970.0
1990-02-24 16:00:00+00:00,-1.42,69.55,0.0,0.0,0.0,214.2,4.48,215.0,101960.0
1990-02-24 17:00:00+00:00,-1.47,72.4,0.0,0.0,0.0,215.4,4.41,211.0,101900.0
1990-02-24 18:00:00+00:00,-1.45,75.35,0.0,0.0,0.0,216.15,4.48,208.0,101860.0
1990-02-24 19:00:00+00:00,-1.59,78.45,0.0,0.0,0.0,215.95,3.79,207.0,101800.0
1990-02-24 20:00:00+00:00,-1.86,81.55,0.0,0.0,0.0,215.75,3.31,209.0,101760.0
1990-02-24 21:00:00+00:00,-2.29,81.55,0.0,0.0,0.0,215.6,2.76,215.0,101750.0
1990-02-24 22:00:00+00:00,-3.03,84.8,0.0,0.0,0.0,214.6,2.14,226.0,101750.0
1990-02-24 23:00:00+00:00,-3.5,81.4,128.0,1106.04,50.55,215.2,1.59,244.0,101790.0
1990-02-25 00:00:00+00:00,-1.0,64.25,310.8,887.72,82.75,216.95,1.1,283.0,101850.0
1990-02-25 01:00:00+00:00,2.05,45.15,477.05,907.59,100.9,219.15,1.86,326.0,101910.0
1990-02-25 02:00:00+00:00,3.53,37.15,600.4,910.41,111.75,221.4,2.76,348.0,101910.0
1990-02-25 03:00:00+00:00,4.57,35.75,667.8,895.49,116.7,223.7,2.97,357.0,101870.0
1990-02-25 04:00:00+00:00,5.35,33.2,672.35,861.68,116.45,224.7,2.76,350.0,101830.0
1990-02-25 05:00:00+00:00,5.81,34.75,613.85,806.99,110.4,226.2,2.83,336.0,101780.0
1990-02-25 06:00:00+00:00,5.92,34.75,466.3,591.63,139.1,226.05,3.03,327.0,101730.0
1990-02-25 07:00:00+00:00,5.82,33.35,327.1,525.8,97.05,249.65,3.59,340.0,101750.0
1990-02-25 08:00:00+00:00,5.44,34.6,153.05,339.82,56.15,235.5,2.76,345.0,101780.0
1990-02-25 09:00:00+00:00,4.2,37.25,16.1,59.72,9.75,223.3,2.07,359.0,101830.0
1990-02-25 10:00:00+00:00,2.18,43.3,0.0,0.0,0.0,219.25,2.34,20.0,101910.0
1990-02-25 11:00:00+00:00,-0.12,50.5,0.0,0.0,0.0,218.3,2.28,40.0,101960.0
1990-02-25 12:00:00+00:00,-1.52,56.7,0.0,0.0,0.0,217.5,1.79,74.0,102030.0
1990-02-25 13:00:00+00:00,-1.81,56.7,0.0,0.0,0.0,216.55,1.66,136.0,102050.0
1990-02-25 14:00:00+00:00,-3.39,69.15,0.0,0.0,0.0,215.75,2.48,193.0,102100.0
1990-02-25 15:00:00+00:00,-2.95,75.1,0.0,0.0,0.0,215.0,3.17,221.0,102110.0
1990-02-25 16:00:00+00:00,-2.25,72.3,0.0,0.0,0.0,214.8,3.66,235.0,102150.0
1990-02-25 17:00:00+00:00,-1.77,75.35,0.0,0.0,0.0,215.0,3.72,236.0,102160.0
1990-02-25 18:00:00+00:00,-1.59,75.35,0.0,0.0,0.0,215.2,3.79,230.0,102200.0
1990-02-25 19:00:00+00:00,-1.8,78.45,0.0,0.0,0.0,215.0,3.31,230.0,102190.0
1990-02-25 20:00:00+00:00,-1.96,81.55,0.0,0.0,0.0,215.6,3.17,227.0,102190.0
1990-02-25 21:00:00+00:00,-2.13,81.55,0.0,0.0,0.0,215.6,3.03,224.0,102220.0
1990-02-25 22:00:00+00:00,-2.37,84.85,0.0,0.0,0.0,215.6,2.83,225.0,102230.0
1990-02-25 23:00:00+00:00,-2.73,84.85,132.35,1078.8,51.65,215.6,2.34,226.0,102280.0
1990-02-26 00:00:00+00:00,-0.6,75.55,316.2,888.98,83.4,217.3,1.72,226.0,102340.0
1990-02-26 01:00:00+00:00,1.72,62.35,483.2,910.21,101.35,219.15,1.66,228.0,102390.0
1990-02-26 02:00:00+00:00,3.0,55.55,606.7,912.73,112.15,221.95,1.52,224.0,102420.0
1990-02-26 03:00:00+00:00,4.05,51.55,673.5,896.64,117.15,224.85,1.79,220.0,102400.0
1990-02-26 04:00:00+00:00,4.85,51.7,677.0,862.01,116.6,227.2,2.28,221.0,102390.0
1990-02-26 05:00:00+00:00,5.21,49.8,618.15,808.82,109.65,229.3,2.69,224.0,102340.0
1990-02-26 06:00:00+00:00,5.36,49.8,502.55,724.05,98.75,230.3,3.1,223.0,102280.0
1990-02-26 07:00:00+00:00,5.17,49.65,340.9,582.53,83.45,228.75,2.9,222.0,102250.0
1990-02-26 08:00:00+00:00,4.75,49.65,154.55,332.99,58.2,228.35,2.76,221.0,102260.0
1990-02-26 09:00:00+00:00,3.41,57.95,17.2,61.66,10.4,229.15,2.41,216.0,102290.0
1990-02-26 10:00:00+00:00,1.46,70.1,0.0,0.0,0.0,226.8,2.69,208.0,102330.0
1990-02-26 11:00:00+00:00,0.18,75.7,0.0,0.0,0.0,224.65,2.76,193.0,102370.0
1990-02-26 12:00:00+00:00,-0.52,78.6,0.0,0.0,0.0,223.9,3.03,180.0,102370.0
1990-02-26 13:00:00+00:00,-0.75,75.55,0.0,0.0,0.0,222.35,3.17,175.0,102360.0
1990-02-26 14:00:00+00:00,-0.9,75.45,0.0,0.0,0.0,222.15,3.1,174.0,102390.0
1990-02-26 15:00:00+00:00,-1.07,72.5,0.0,0.0,0.0,221.6,3.03,178.0,102380.0
1990-02-26 16:00:00+00:00,-1.26,72.5,0.0,0.0,0.0,221.2,3.03,188.0,102380.0
1990-02-26 17:00:00+00:00,-1.38,75.35,0.0,0.0,0.0,221.2,3.17,198.0,102370.0
1990-02-26 18:00:00+00:00,-1.36,75.35,0.0,0.0,0.0,221.2,3.45,201.0,102360.0
1990-02-26 19:00:00+00:00,-0.91,69.65,0.0,0.0,0.0,221.95,4.07,186.0,102310.0
1990-02-26 20:00:00+00:00,-0.58,67.0,0.0,0.0,0.0,221.75,4.41,181.0,102270.0
1990-02-26 21:00:00+00:00,-0.27,64.45,0.0,0.0,0.0,222.35,4.83,179.0,102230.0
1990-02-26 22:00:00+00:00,0.01,64.45,0.0,0.0,0.0,223.15,5.1,177.0,102210.0
1990-02-26 23:00:00+00:00,0.38,62.0,136.75,1052.8,52.9,224.65,5.17,177.0,102180.0
1990-02-27 00:00:00+00:00,2.02,59.95,320.5,886.66,83.85,226.4,5.1,178.0,102210.0
1990-02-27 01:00:00+00:00,4.19,53.65,486.15,906.57,101.2,230.2,5.45,184.0,102220.0
1990-02-27 02:00:00+00:00,5.93,49.95,607.9,908.76,110.85,234.35,5.86,190.0,102200.0
1990-02-27 03:00:00+00:00,7.13,50.2,673.35,892.4,115.1,238.2,6.28,198.0,102160.0
1990-02-27 04:00:00+00:00,7.7,48.4,677.2,857.44,115.5,240.95,6.76,206.0,102090.0
1990-02-27 05:00:00+00:00,7.95,48.55,618.55,801.48,110.8,242.5,7.03,210.0,102000.0
1990-02-27 06:00:00+00:00,7.95,50.45,502.0,712.31,101.45,243.25,7.1,209.0,101880.0
1990-02-27 07:00:00+00:00,7.9,50.45,340.45,571.74,85.25,243.05,6.83,203.0,101820.0
1990-02-27 08:00:00+00:00,7.5,52.35,157.9,342.56,57.35,243.45,6.55,199.0,101810.0
1990-02-27 09:00:00+00:00,6.51,54.15,18.3,64.34,10.95,242.65,6.69,195.0,101790.0
1990-02-27 10:00:00+00:00,5.15,60.5,0.0,0.0,0.0,240.75,6.55,188.0,101800.0
1990-02-27 11:00:00+00:00,4.2,65.3,0.0,0.0,0.0,238.4,6.55,183.0,101820.0
1990-02-27 12:00:00+00:00,3.54,67.8,0.0,0.0,0.0,236.5,6.62,183.0,101830.0
1990-02-27 13:00:00+00:00,3.09,67.7,0.0,0.0,0.0,235.7,6.55,183.0,101830.0
1990-02-27 14:00:00+00:00,2.75,65.1,0.0,0.0,0.0,234.75,6.48,183.0,101820.0
1990-02-27 15:00:00+00:00,2.56,65.0,0.0,0.0,0.0,234.55,6.28,185.0,101800.0
1990-02-27 16:00:00+00:00,2.51,65.0,0.0,0.0,0.0,238.2,6.0,187.0,101810.0
1990-02-27 17:00:00+00:00,2.5,65.0,0.0,0.0,0.0,245.4,5.79,189.0,101770.0
1990-02-27 18:00:00+00:00,2.35,67.6,0.0,0.0,0.0,243.05,5.31,193.0,101760.0
1990-02-27 19:00:00+00:00,2.22,70.3,0.0,0.0,0.0,254.85,4.34,208.0,101780.0
1990-02-27 20:00:00+00:00,1.59,78.9,0.0,0.0,0.0,245.4,3.59,209.0,101750.0
1990-02-27 21:00:00+00:00,1.0,81.95,0.0,0.0,0.0,248.1,2.97,199.0,101720.0
1990-02-27 22:00:00+00:00,0.3,85.15,0.0,0.0,0.0,244.4,2.62,189.0,101710.0
1990-02-27 23:00:00+00:00,-0.1,88.45,104.6,322.92,77.3,251.2,2.28,184.0,101720.0
1990-02-28 00:00:00+00:00,1.71,82.05,264.6,491.23,131.0,258.15,1.79,190.0,101780.0
1990-02-28 01:00:00+00:00,3.84,76.25,382.7,430.01,197.9,260.8,1.79,191.0,101770.0
1990-02-28 02:00:00+00:00,5.06,76.3,534.05,603.34,200.95,265.15,1.79,188.0,101730.0
1990-02-28 03:00:00+00:00,6.24,68.3,616.9,696.58,177.6,256.6,1.79,206.0,101700.0
1990-02-28 04:00:00+00:00,7.13,65.85,606.25,605.17,206.8,258.55,1.86,230.0,101670.0
1990-02-28 05:00:00+00:00,7.67,63.5,556.5,646.14,144.05,261.65,2.28,244.0,101610.0
1990-02-28 06:00:00+00:00,7.76,61.2,481.65,622.02,129.0,256.4,2.69,250.0,101520.0
1990-02-28 07:00:00+00:00,8.13,56.7,341.25,552.52,92.2,250.4,2.55,250.0,101490.0
1990-02-28 08:00:00+00:00,7.48,61.1,164.0,358.1,57.4,243.85,2.28,258.0,101480.0
1990-02-28 09:00:00+00:00,6.1,70.85,20.1,71.93,11.6,241.5,1.52,242.0,101480.0
1990-02-28 10:00:00+00:00,4.2,76.25,0.0,0.0,0.0,236.65,2.0,187.0,101480.0
1990-02-28 11:00:00+00:00,2.51,85.35,0.0,0.0,0.0,234.55,2.83,166.0,101520.0
1990-02-28 12:00:00+00:00,0.64,92.0,0.0,0.0,0.0,233.75,1.72,178.0,101580.0
1990-02-28 13:00:00+00:00,-0.17,88.45,0.0,0.0,0.0,236.65,1.72,324.0,101640.0
1990-02-28 14:00:00+00:00,-0.04,81.8,0.0,0.0,0.0,236.1,4.9,355.0,101760.0
1990-02-28 15:00:00+00:00,0.42,67.2,0.0,0.0,0.0,236.1,6.14,23.0,101780.0
1990-02-28 16:00:00+00:00,-1.58,54.89,0.0,0.0,0.0,225.09,8.31,33.0,101850.0
1990-02-28 17:00:00+00:00,-1.63,53.59,0.0,0.0,0.0,225.99,7.83,34.0,101850.0
1990-02-28 18:00:00+00:00,-1.67,52.28,0.0,0.0,0.0,226.88,7.34,35.0,101860.0
1990-02-28 19:00:00+00:00,-1.72,50.97,0.0,0.0,0.0,227.78,6.86,35.0,101830.0
1990-02-28 20:00:00+00:00,-1.77,49.66,0.0,0.0,0.0,228.68,6.38,33.0,101840.0
1990-02-28 21:00:00+00:00,-1.82,48.35,0.0,0.0,0.0,229.57,5.9,30.0,101860.0
1990-02-28 22:00:00+00:00,-1.87,47.04,0.0,0.0,0.0,230.47,5.41,22.0,101930.0
1990-02-28 23:00:00+00:00,-1.92,45.73,114.4,486.09,70.9,231.37,4.93,23.0,102010.0
1990-03-01 00:00:00+00:00,-1.97,44.42,321.65,761.87,110.55,232.26,4.45,114.0,102810.0
1990-03-01 01:00:00+00:00,-2.02,43.11,477.35,729.21,160.2,233.16,3.97,113.0,102830.0
1990-03-01 02:00:00+00:00,-2.07,41.81,562.6,567.69,246.25,234.06,3.48,123.0,102820.0
1990-03-01 03:00:00+00:00,-2.12,40.5,551.55,408.11,292.1,234.95,3.0,205.0,102820.0
1990-03-01 04:00:00+00:00,-2.17,39.19,555.25,383.59,300.15,235.85,2.52,242.0,102750.0
1990-03-01 05:00:00+00:00,-2.22,37.88,529.3,412.2,264.2,236.75,2.03,246.0,102660.0
1990-03-01 06:00:00+00:00,-2.27,36.57,447.15,420.97,206.55,237.64,1.55,246.0,102580.0
1990-03-01 07:00:00+00:00,-2.32,35.26,316.9,364.29,151.1,238.54,1.07,249.0,102530.0
1990-03-01 08:00:00+00:00,-0.74,46.35,146.25,210.39,82.75,231.85,2.28,260.0,102500.0
1990-03-01 09:00:00+00:00,-1.73,52.2,16.05,29.08,12.5,232.6,2.48,275.0,102540.0
1990-03-01 10:00:00+00:00,-3.15,58.75,0.0,0.0,0.0,244.2,2.76,286.0,102600.0
1990-03-01 11:00:00+00:00,-3.77,63.7,0.0,0.0,0.0,268.8,2.41,292.0,102660.0
1990-03-01 12:00:00+00:00,-4.71,71.85,0.0,0.0,0.0,264.55,1.79,297.0,102700.0
1990-03-01 13:00:00+00:00,-3.16,54.0,0.0,0.0,0.0,261.85,1.17,310.0,102740.0
1990-03-01 14:00:00+00:00,-3.37,56.35,0.0,0.0,0.0,258.95,1.24,332.0,102780.0
1990-03-01 15:00:00+00:00,-5.94,65.95,0.0,0.0,0.0,239.4,2.0,334.0,102820.0
1990-03-01 16:00:00+00:00,-7.43,71.4,0.0,0.0,0.0,238.6,2.76,329.0,102890.0
1990-03-01 17:00:00+00:00,-6.73,68.55,0.0,0.0,0.0,242.85,3.45,337.0,102960.0
1990-03-01 18:00:00+00:00,-5.97,58.1,0.0,0.0,0.0,243.25,4.07,357.0,102990.0
1990-03-01 19:00:00+00:00,-6.33,51.0,0.0,0.0,0.0,214.05,4.55,14.0,103020.0
1990-03-01 20:00:00+00:00,-6.72,48.7,0.0,0.0,0.0,203.4,4.69,20.0,103010.0
1990-03-01 21:00:00+00:00,-7.03,48.55,0.0,0.0,0.0,201.25,4.62,19.0,103090.0
1990-03-01 22:00:00+00:00,-7.39,48.55,0.0,0.0,0.0,194.5,4.76,18.0,103140.0
1990-03-01 23:00:00+00:00,-7.59,50.55,157.5,1043.49,58.9,189.45,4.69,18.0,103200.0
1990-03-02 00:00:00+00:00,-6.85,46.6,350.45,923.53,89.8,188.5,4.83,18.0,103250.0
1990-03-02 01:00:00+00:00,-5.56,43.0,522.5,941.57,108.1,188.6,4.41,16.0,103290.0
1990-03-02 02:00:00+00:00,-4.17,39.85,649.55,943.41,118.95,189.45,4.0,14.0,103270.0
1990-03-02 03:00:00+00:00,-3.04,38.45,717.9,926.05,124.45,191.0,3.66,6.0,103230.0
1990-03-02 04:00:00+00:00,-2.26,37.1,720.95,888.28,125.8,192.15,3.03,348.0,103180.0
1990-03-02 05:00:00+00:00,-1.75,35.7,660.2,834.2,119.7,194.3,2.9,323.0,103110.0
1990-03-02 06:00:00+00:00,-1.59,37.25,540.8,750.45,108.45,193.9,3.17,303.0,103030.0
1990-03-02 07:00:00+00:00,-1.72,38.9,373.5,613.63,91.55,192.15,3.52,295.0,103010.0
1990-03-02 08:00:00+00:00,-2.05,40.4,181.2,386.18,63.05,191.75,3.72,290.0,102970.0
1990-03-02 09:00:00+00:00,-2.84,43.85,24.5,85.32,13.75,190.05,3.38,287.0,102960.0
1990-03-02 10:00:00+00:00,-4.61,53.65,0.0,0.0,0.0,189.05,3.03,286.0,102980.0
1990-03-02 11:00:00+00:00,-6.98,63.0,0.0,0.0,0.0,188.7,2.41,292.0,103000.0
1990-03-02 12:00:00+00:00,-3.55,43.6,0.0,0.0,0.0,187.9,1.45,323.0,103010.0
1990-03-02 13:00:00+00:00,-3.75,41.75,0.0,0.0,0.0,188.85,1.03,34.0,102960.0
1990-03-02 14:00:00+00:00,-3.85,41.75,0.0,0.0,0.0,196.05,0.48,256.0,102960.0
1990-03-02 15:00:00+00:00,-9.59,57.2,0.0,0.0,0.0,197.6,2.83,253.0,102960.0
1990-03-02 16:00:00+00:00,-11.54,67.7,0.0,0.0,0.0,191.95,3.24,259.0,102920.0
1990-03-02 17:00:00+00:00,-11.21,73.8,0.0,0.0,0.0,195.45,3.03,258.0,102900.0
1990-03-02 18:00:00+00:00,-8.15,74.25,0.0,0.0,0.0,197.6,2.48,246.0,102850.0
1990-03-02 19:00:00+00:00,-11.78,87.55,0.0,0.0,0.0,199.3,3.45,219.0,102700.0
1990-03-02 20:00:00+00:00,-10.89,84.0,0.0,0.0,0.0,201.05,3.66,212.0,102620.0
1990-03-02 21:00:00+00:00,-9.95,80.65,0.0,0.0,0.0,205.15,3.59,209.0,102580.0
1990-03-02 22:00:00+00:00,-9.44,80.7,0.0,0.0,0.0,200.5,3.52,202.0,102550.0
1990-03-02 23:00:00+00:00,-8.86,84.2,151.6,889.59,63.05,204.55,3.38,195.0,102560.0
1990-03-03 00:00:00+00:00,-6.66,84.4,330.2,811.53,96.95,203.2,3.38,198.0,102570.0
1990-03-03 01:00:00+00:00,-3.4,78.2,521.6,925.15,109.6,207.95,3.38,211.0,102610.0
1990-03-03 02:00:00+00:00,-1.41,69.65,625.0,837.36,149.7,204.35,2.76,226.0,102590.0
1990-03-03 03:00:00+00:00,-0.39,61.9,670.5,772.36,171.6,207.45,2.28,246.0,102570.0
1990-03-03 04:00:00+00:00,0.17,57.2,623.9,669.22,172.2,218.3,2.21,266.0,102530.0
1990-03-03 05:00:00+00:00,1.0,48.7,654.4,796.61,134.45,215.95,2.14,274.0,102460.0
1990-03-03 06:00:00+00:00,1.28,46.9,474.6,471.86,200.6,217.3,2.07,275.0,102430.0
1990-03-03 07:00:00+00:00,0.74,48.7,332.1,451.37,122.75,239.0,2.28,285.0,102450.0
1990-03-03 08:00:00+00:00,0.44,50.65,155.1,276.08,69.5,232.4,2.0,284.0,102470.0
1990-03-03 09:00:00+00:00,-0.53,61.8,20.75,57.36,13.3,230.5,1.38,271.0,102490.0
1990-03-03 10:00:00+00:00,-1.84,61.55,0.0,0.0,0.0,217.7,1.1,271.0,102570.0
1990-03-03 11:00:00+00:00,-2.42,66.65,0.0,0.0,0.0,211.3,1.03,305.0,102620.0
1990-03-03 12:00:00+00:00,-3.43,72.1,0.0,0.0,0.0,208.05,1.45,340.0,102680.0
1990-03-03 13:00:00+00:00,-5.57,74.7,0.0,0.0,0.0,202.2,2.28,1.0,102740.0
1990-03-03 14:00:00+00:00,-7.3,65.6,0.0,0.0,0.0,201.25,3.17,13.0,102760.0
1990-03-03 15:00:00+00:00,-7.43,55.3,0.0,0.0,0.0,203.0,3.72,19.0,102810.0
1990-03-03 16:00:00+00:00,-7.14,48.55,0.0,0.0,0.0,206.7,3.79,25.0,102840.0
1990-03-03 17:00:00+00:00,-7.16,48.55,0.0,0.0,0.0,206.3,3.52,31.0,102830.0
1990-03-03 18:00:00+00:00,-7.59,50.55,0.0,0.0,0.0,200.3,3.17,17.0,102830.0
1990-03-03 19:00:00+00:00,-7.18,48.55,0.0,0.0,0.0,188.7,5.17,348.0,102780.0
1990-03-03 20:00:00+00:00,-7.0,46.6,0.0,0.0,0.0,187.5,5.38,351.0,102760.0
1990-03-03 21:00:00+00:00,-7.0,46.6,0.0,0.0,0.0,193.5,5.38,356.0,102760.0
1990-03-03 22:00:00+00:00,-7.08,48.55,0.0,0.0,0.0,200.7,5.38,3.0,102770.0
1990-03-03 23:00:00+00:00,-7.06,48.55,142.8,591.09,80.95,208.6,5.45,11.0,102810.0
1990-03-04 00:00:00+00:00,-6.63,46.6,334.25,725.98,121.8,209.4,6.0,17.0,102870.0
1990-03-04 01:00:00+00:00,-5.79,43.0,493.9,764.25,149.55,203.5,6.28,20.0,102890.0
1990-03-04 02:00:00+00:00,-4.75,39.7,618.5,766.13,179.65,203.4,6.62,21.0,102920.0
1990-03-04 03:00:00+00:00,-3.86,35.1,724.65,878.52,152.7,202.2,6.83,23.0,102880.0
1990-03-04 04:00:00+00:00,-3.09,30.9,712.2,802.46,166.6,195.85,6.9,22.0,102850.0
1990-03-04 05:00:00+00:00,-2.64,28.4,661.8,791.45,141.45,199.5,6.9,19.0,102790.0
1990-03-04 06:00:00+00:00,-2.3,27.3,497.1,507.16,200.3,193.7,6.76,14.0,102750.0
1990-03-04 07:00:00+00:00,-2.71,28.4,338.05,391.99,154.55,215.2,6.62,11.0,102790.0
1990-03-04 08:00:00+00:00,-2.99,29.55,166.25,251.17,87.35,218.1,6.21,8.0,102780.0
1990-03-04 09:00:00+00:00,-3.5,30.75,24.5,57.57,16.8,218.1,5.52,8.0,102830.0
1990-03-04 10:00:00+00:00,-4.34,32.0,0.0,0.0,0.0,215.6,4.41,11.0,102830.0
1990-03-04 11:00:00+00:00,-5.19,36.2,0.0,0.0,0.0,203.6,3.66,16.0,102880.0
1990-03-04 12:00:00+00:00,-6.16,41.0,0.0,0.0,0.0,191.75,3.03,21.0,102860.0
1990-03-04 13:00:00+00:00,-7.48,42.55,0.0,0.0,0.0,180.35,2.55,31.0,102840.0
1990-03-04 14:00:00+00:00,-7.98,40.55,0.0,0.0,0.0,178.6,2.28,48.0,102830.0
1990-03-04 15:00:00+00:00,-7.32,35.6,0.0,0.0,0.0,177.85,1.79,57.0,102800.0
1990-03-04 16:00:00+00:00,-6.54,32.7,0.0,0.0,0.0,177.45,1.03,46.0,102800.0
1990-03-04 17:00:00+00:00,-6.23,31.4,0.0,0.0,0.0,176.85,0.55,348.0,102800.0
1990-03-04 18:00:00+00:00,-6.31,31.4,0.0,0.0,0.0,176.5,0.83,313.0,102780.0
1990-03-04 19:00:00+00:00,-6.39,32.85,0.0,0.0,0.0,176.3,0.48,19.0,102720.0
1990-03-04 20:00:00+00:00,-6.48,31.4,0.0,0.0,0.0,176.3,0.41,60.0,102670.0
1990-03-04 21:00:00+00:00,-6.63,32.7,0.0,0.0,0.0,176.1,0.69,119.0,102640.0
1990-03-04 22:00:00+00:00,-6.87,34.2,0.0,0.0,0.0,176.7,1.03,143.0,102650.0
1990-03-04 23:00:00+00:00,-7.39,37.25,178.55,1055.78,62.65,176.5,1.24,150.0,102660.0
1990-03-05 00:00:00+00:00,-5.49,31.7,376.7,956.07,91.9,177.85,1.1,165.0,102690.0
1990-03-05 01:00:00+00:00,-4.18,29.25,551.05,969.66,109.05,178.7,0.9,206.0,102700.0
1990-03-05 02:00:00+00:00,-3.54,36.65,678.1,966.75,119.3,180.35,1.17,232.0,102700.0
1990-03-05 03:00:00+00:00,-2.06,29.85,745.4,946.45,124.4,182.85,1.72,232.0,102630.0
1990-03-05 04:00:00+00:00,-0.96,24.15,746.75,908.6,124.5,185.6,2.34,227.0,102570.0
1990-03-05 05:00:00+00:00,-0.43,24.45,682.5,849.82,119.75,188.3,2.97,221.0,102480.0
1990-03-05 06:00:00+00:00,-0.2,26.7,556.2,759.74,108.15,191.2,3.59,218.0,102400.0
1990-03-05 07:00:00+00:00,-0.78,29.0,386.55,623.41,92.05,192.95,3.52,219.0,102330.0
1990-03-05 08:00:00+00:00,-1.16,31.45,192.05,399.92,64.8,194.1,4.0,227.0,102330.0
1990-03-05 09:00:00+00:00,-2.12,38.7,29.4,99.2,15.75,194.5,3.79,231.0,102330.0
1990-03-05 10:00:00+00:00,-3.5,49.55,0.0,0.0,0.0,194.3,3.72,227.0,102340.0
1990-03-05 11:00:00+00:00,-4.03,56.1,0.0,0.0,0.0,194.7,3.86,215.0,102340.0
1990-03-05 12:00:00+00:00,-4.16,58.5,0.0,0.0,0.0,195.65,4.34,203.0,102310.0
1990-03-05 13:00:00+00:00,-4.07,60.95,0.0,0.0,0.0,196.8,4.83,200.0,102320.0
1990-03-05 14:00:00+00:00,-3.9,58.6,0.0,0.0,0.0,198.95,5.17,199.0,102300.0
1990-03-05 15:00:00+00:00,-3.77,58.6,0.0,0.0,0.0,201.25,5.38,197.0,102270.0
1990-03-05 16:00:00+00:00,-3.67,58.6,0.0,0.0,0.0,202.8,5.72,192.0,102210.0
1990-03-05 17:00:00+00:00,-3.57,58.6,0.0,0.0,0.0,204.35,6.21,190.0,102170.0
1990-03-05 18:00:00+00:00,-3.42,56.35,0.0,0.0,0.0,204.75,6.69,190.0,102130.0
1990-03-05 19:00:00+00:00,-3.4,56.35,0.0,0.0,0.0,204.75,6.83,191.0,102080.0
1990-03-05 20:00:00+00:00,-3.22,58.75,0.0,0.0,0.0,205.5,7.1,192.0,102050.0
1990-03-05 21:00:00+00:00,-3.01,63.8,0.0,0.0,0.0,206.5,7.24,193.0,102030.0
1990-03-05 22:00:00+00:00,-2.79,63.9,0.0,0.0,0.0,206.85,7.45,192.0,102020.0
1990-03-05 23:00:00+00:00,-2.32,64.0,176.5,992.96,62.35,208.4,7.59,192.0,102000.0
1990-03-06 00:00:00+00:00,-0.89,56.95,369.6,919.96,90.7,210.75,7.79,193.0,101980.0
1990-03-06 01:00:00+00:00,0.97,50.75,540.05,939.05,107.05,213.95,8.69,197.0,101960.0
1990-03-06 02:00:00+00:00,2.67,45.3,664.75,940.28,116.35,217.9,9.17,202.0,101880.0
1990-03-06 03:00:00+00:00,4.07,43.75,730.4,922.45,120.45,221.75,9.59,206.0,101800.0
1990-03-06 04:00:00+00:00,5.01,40.6,731.3,886.96,119.5,224.65,9.93,209.0,101710.0
1990-03-06 05:00:00+00:00,5.46,40.75,668.85,830.91,114.7,227.0,10.07,210.0,101610.0
1990-03-06 06:00:00+00:00,5.51,42.45,547.7,745.33,104.8,227.75,9.93,210.0,101520.0
1990-03-06 07:00:00+00:00,5.46,44.15,381.7,613.74,89.15,228.15,9.52,207.0,101490.0
1990-03-06 08:00:00+00:00,5.08,45.85,190.85,396.15,63.2,227.6,9.03,204.0,101430.0
1990-03-06 09:00:00+00:00,4.27,47.6,30.4,101.11,16.1,226.8,8.9,203.0,101400.0
1990-03-06 10:00:00+00:00,3.09,51.3,0.0,0.0,0.0,226.05,8.41,202.0,101420.0
1990-03-06 11:00:00+00:00,2.39,59.95,0.0,0.0,0.0,225.25,8.0,201.0,101430.0
1990-03-06 12:00:00+00:00,2.0,62.35,0.0,0.0,0.0,225.25,7.79,200.0,101460.0
1990-03-06 13:00:00+00:00,1.78,64.9,0.0,0.0,0.0,226.2,7.66,200.0,101440.0
1990-03-06 14:00:00+00:00,1.7,67.5,0.0,0.0,0.0,227.2,7.45,201.0,101430.0
1990-03-06 15:00:00+00:00,1.55,72.95,0.0,0.0,0.0,227.75,6.9,205.0,101390.0
1990-03-06 16:00:00+00:00,1.26,72.95,0.0,0.0,0.0,229.3,5.86,214.0,101420.0
1990-03-06 17:00:00+00:00,0.55,81.9,0.0,0.0,0.0,230.1,3.79,249.0,101520.0
1990-03-06 18:00:00+00:00,-0.42,81.8,0.0,0.0,0.0,229.3,3.93,324.0,101670.0
1990-03-06 19:00:00+00:00,-0.15,72.65,0.0,0.0,0.0,228.55,6.28,11.0,101800.0
1990-03-06 20:00:00+00:00,0.08,57.2,0.0,0.0,0.0,226.8,7.52,19.0,101880.0
1990-03-06 21:00:00+00:00,-0.22,50.5,0.0,0.0,0.0,219.85,7.52,18.0,102010.0
1990-03-06 22:00:00+00:00,-0.86,42.6,0.0,0.0,0.0,215.0,0.0,0.0,102100.0
1990-03-06 23:00:00+00:00,-1.34,37.4,179.1,971.88,62.3,210.15,0.0,0.0,102180.0
1990-03-07 00:00:00+00:00,-0.78,33.0,374.5,925.05,89.15,206.85,6.62,19.0,102290.0
1990-03-07 01:00:00+00:00,0.04,26.7,546.5,936.76,109.6,204.1,7.52,20.0,102330.0
1990-03-07 02:00:00+00:00,1.08,22.75,674.65,933.73,125.2,203.0,7.24,19.0,102330.0
1990-03-07 03:00:00+00:00,2.17,20.95,743.25,915.57,133.2,201.85,6.69,19.0,102310.0
1990-03-07 04:00:00+00:00,3.09,18.6,750.8,888.11,133.85,196.4,5.93,18.0,102260.0
1990-03-07 05:00:00+00:00,3.77,18.75,680.85,804.1,140.8,196.4,5.1,15.0,102190.0
1990-03-07 06:00:00+00:00,4.05,19.55,561.3,749.62,112.5,203.0,4.28,11.0,102120.0
1990-03-07 07:00:00+00:00,3.34,20.3,393.95,632.26,89.9,204.55,3.31,1.0,102080.0
1990-03-07 08:00:00+00:00,2.97,21.1,198.4,411.82,64.05,199.7,2.55,358.0,102030.0
1990-03-07 09:00:00+00:00,2.22,23.95,32.7,108.78,16.9,199.9,1.24,358.0,102000.0
1990-03-07 10:00:00+00:00,1.27,24.85,0.0,0.0,0.0,199.9,0.21,96.0,101960.0
1990-03-07 11:00:00+00:00,-1.4,35.8,0.0,0.0,0.0,202.05,1.52,166.0,101990.0
1990-03-07 12:00:00+00:00,-3.64,51.65,0.0,0.0,0.0,202.2,2.21,176.0,101990.0
1990-03-07 13:00:00+00:00,-3.87,58.6,0.0,0.0,0.0,202.6,2.76,168.0,101960.0
1990-03-07 14:00:00+00:00,-3.93,58.6,0.0,0.0,0.0,202.4,2.62,185.0,101960.0
1990-03-07 15:00:00+00:00,-3.76,61.1,0.0,0.0,0.0,209.6,2.69,214.0,101980.0
1990-03-07 16:00:00+00:00,-3.59,63.7,0.0,0.0,0.0,207.85,2.9,230.0,102010.0
1990-03-07 17:00:00+00:00,-3.16,63.8,0.0,0.0,0.0,214.4,3.17,239.0,102020.0
1990-03-07 18:00:00+00:00,-2.79,63.9,0.0,0.0,0.0,221.75,3.31,248.0,102060.0
1990-03-07 19:00:00+00:00,-2.92,66.6,0.0,0.0,0.0,206.3,3.31,283.0,102110.0
1990-03-07 20:00:00+00:00,-3.09,66.45,0.0,0.0,0.0,209.95,3.1,322.0,102140.0
1990-03-07 21:00:00+00:00,-3.17,56.35,0.0,0.0,0.0,207.65,4.21,10.0,102190.0
1990-03-07 22:00:00+00:00,-3.33,45.65,0.0,0.0,0.0,204.95,4.9,34.0,102240.0
1990-03-07 23:00:00+00:00,-3.23,40.15,186.45,979.37,63.6,202.05,4.97,45.0,102310.0
1990-03-08 00:00:00+00:00,-1.96,34.0,381.7,925.28,91.35,199.3,5.1,51.0,102390.0
1990-03-08 01:00:00+00:00,-0.66,27.75,552.7,940.76,108.95,201.75,5.59,51.0,102440.0
1990-03-08 02:00:00+00:00,0.55,24.6,666.4,892.68,136.45,202.2,5.24,50.0,102450.0
1990-03-08 03:00:00+00:00,1.61,20.95,739.3,898.52,136.05,207.85,4.48,48.0,102420.0
1990-03-08 04:00:00+00:00,2.5,21.9,738.1,851.03,142.75,208.6,3.52,44.0,102380.0
1990-03-08 05:00:00+00:00,3.08,21.1,682.8,835.73,117.6,209.6,2.41,28.0,102350.0
1990-03-08 06:00:00+00:00,3.42,20.3,562.05,756.7,105.65,207.45,2.28,6.0,102290.0
1990-03-08 07:00:00+00:00,2.82,23.05,392.35,622.03,90.6,205.3,3.1,17.0,102250.0
1990-03-08 08:00:00+00:00,2.55,23.95,198.55,405.34,64.7,206.85,2.28,32.0,102230.0
1990-03-08 09:00:00+00:00,1.94,23.95,33.95,110.03,17.55,207.85,1.38,80.0,102220.0
1990-03-08 10:00:00+00:00,0.25,33.3,0.0,0.0,0.0,207.65,2.21,136.0,102210.0
1990-03-08 11:00:00+00:00,-1.25,42.45,0.0,0.0,0.0,208.8,2.62,142.0,102250.0
1990-03-08 12:00:00+00:00,-2.11,47.9,0.0,0.0,0.0,208.6,2.83,135.0,102290.0
1990-03-08 13:00:00+00:00,-2.66,49.8,0.0,0.0,0.0,208.4,2.83,135.0,102300.0
1990-03-08 14:00:00+00:00,-3.53,56.2,0.0,0.0,0.0,208.6,2.0,150.0,102350.0
1990-03-08 15:00:00+00:00,-2.57,51.95,0.0,0.0,0.0,208.6,1.1,163.0,102340.0
1990-03-08 16:00:00+00:00,-2.09,47.9,0.0,0.0,0.0,209.0,0.97,76.0,102320.0
1990-03-08 17:00:00+00:00,-5.16,63.35,0.0,0.0,0.0,209.4,1.93,73.0,102290.0
1990-03-08 18:00:00+00:00,-5.19,66.05,0.0,0.0,0.0,208.6,2.41,84.0,102230.0
1990-03-08 19:00:00+00:00,-5.07,58.2,0.0,0.0,0.0,205.7,2.9,71.0,102130.0
1990-03-08 20:00:00+00:00,-4.86,51.4,0.0,0.0,0.0,206.7,2.97,80.0,102070.0
1990-03-08 21:00:00+00:00,-4.76,49.25,0.0,0.0,0.0,206.7,2.83,93.0,102020.0
1990-03-08 22:00:00+00:00,-4.71,47.2,0.0,0.0,0.0,205.7,2.76,105.0,101970.0
1990-03-08 23:00:00+00:00,-4.05,43.45,183.85,901.87,65.95,205.9,2.55,114.0,101920.0
1990-03-09 00:00:00+00:00,-1.25,30.15,261.85,446.67,119.3,212.1,2.69,125.0,101910.0
1990-03-09 01:00:00+00:00,0.69,25.8,236.5,185.32,148.1,242.6,3.17,143.0,101880.0
1990-03-09 02:00:00+00:00,1.63,23.95,255.45,126.57,179.65,281.0,3.17,151.0,101830.0
1990-03-09 03:00:00+00:00,2.18,23.95,333.5,187.38,206.75,298.6,3.17,147.0,101740.0
1990-03-09 04:00:00+00:00,3.14,22.2,272.3,62.25,228.45,301.1,3.38,143.0,101620.0
1990-03-09 05:00:00+00:00,3.62,21.35,194.35,14.25,184.65,301.9,3.45,141.0,101490.0
1990-03-09 06:00:00+00:00,3.74,22.3,175.5,16.38,165.55,305.4,3.24,137.0,101350.0
1990-03-09 07:00:00+00:00,3.47,23.15,159.15,54.37,132.55,304.4,2.69,128.0,101200.0
1990-03-09 08:00:00+00:00,3.57,23.15,74.15,24.99,65.8,303.45,2.41,120.0,101090.0
1990-03-09 09:00:00+00:00,3.0,25.15,18.75,33.37,13.65,297.05,2.28,101.0,101060.0
1990-03-09 10:00:00+00:00,2.1,27.25,0.0,0.0,0.0,297.25,2.48,90.0,101050.0
1990-03-09 11:00:00+00:00,1.4,29.55,0.0,0.0,0.0,301.3,2.48,77.0,101090.0
1990-03-09 12:00:00+00:00,0.89,32.05,0.0,0.0,0.0,299.4,2.55,68.0,101080.0
1990-03-09 13:00:00+00:00,0.61,33.45,0.0,0.0,0.0,303.05,2.55,71.0,101070.0
1990-03-09 14:00:00+00:00,0.44,36.25,0.0,0.0,0.0,301.9,2.55,54.0,101090.0
1990-03-09 15:00:00+00:00,0.19,37.8,0.0,0.0,0.0,301.5,2.9,31.0,101090.0
1990-03-09 16:00:00+00:00,0.03,39.3,0.0,0.0,0.0,300.75,3.31,24.0,101070.0
1990-03-09 17:00:00+00:00,-0.04,39.3,0.0,0.0,0.0,307.3,3.79,22.0,101070.0
1990-03-09 18:00:00+00:00,-0.42,39.3,0.0,0.0,0.0,299.75,4.76,18.0,101070.0
1990-03-09 19:00:00+00:00,-2.09,44.0,0.0,0.0,0.0,288.75,6.76,9.0,101250.0
1990-03-09 20:00:00+00:00,-3.12,54.0,0.0,0.0,0.0,279.65,7.93,8.0,101310.0
1990-03-09 21:00:00+00:00,-4.14,58.5,0.0,0.0,0.0,276.55,8.28,9.0,101430.0
1990-03-09 22:00:00+00:00,-5.2,60.75,0.0,0.0,0.0,261.65,8.76,10.0,101550.0
1990-03-09 23:00:00+00:00,-6.15,60.5,136.25,256.52,101.35,239.75,9.59,12.0,101640.0
1990-03-10 00:00:00+00:00,-6.28,55.55,329.95,543.29,153.65,233.6,10.21,13.0,101760.0
1990-03-10 01:00:00+00:00,-5.68,49.0,525.5,809.22,135.2,217.45,10.28,13.0,101850.0
1990-03-10 02:00:00+00:00,-4.55,43.3,623.9,778.62,153.55,221.75,10.21,14.0,101890.0
1990-03-10 03:00:00+00:00,-3.42,36.8,719.85,839.63,147.65,220.05,10.21,12.0,101880.0
1990-03-10 04:00:00+00:00,-2.36,32.55,704.5,745.05,176.05,218.85,10.14,12.0,101880.0
1990-03-10 05:00:00+00:00,-1.84,30.0,667.0,767.99,140.5,216.35,10.07,12.0,101850.0
1990-03-10 06:00:00+00:00,-1.58,27.45,561.6,733.57,112.7,207.05,9.93,12.0,101830.0
1990-03-10 07:00:00+00:00,-2.26,26.15,399.25,619.14,93.75,200.3,10.07,12.0,101890.0
1990-03-10 08:00:00+00:00,-2.88,24.85,207.35,413.32,67.6,196.4,9.79,12.0,101940.0
1990-03-10 09:00:00+00:00,-3.79,25.7,38.2,116.87,19.9,192.95,9.52,12.0,102030.0
1990-03-10 10:00:00+00:00,-4.91,26.6,0.0,0.0,0.0,189.45,8.83,12.0,102130.0
1990-03-10 11:00:00+00:00,-5.67,28.8,0.0,0.0,0.0,188.7,8.62,12.0,102220.0
1990-03-10 12:00:00+00:00,-6.17,30.0,0.0,0.0,0.0,186.15,8.48,13.0,102300.0
1990-03-10 13:00:00+00:00,-6.57,29.85,0.0,0.0,0.0,183.25,8.41,14.0,102350.0
1990-03-10 14:00:00+00:00,-6.91,29.85,0.0,0.0,0.0,181.15,8.0,16.0,102390.0
1990-03-10 15:00:00+00:00,-7.19,31.1,0.0,0.0,0.0,180.55,7.59,16.0,102400.0
1990-03-10 16:00:00+00:00,-7.41,31.1,0.0,0.0,0.0,179.2,7.24,12.0,102420.0
1990-03-10 17:00:00+00:00,-7.58,30.95,0.0,0.0,0.0,177.05,6.97,4.0,102440.0
1990-03-10 18:00:00+00:00,-7.88,30.95,0.0,0.0,0.0,175.5,7.03,357.0,102430.0
1990-03-10 19:00:00+00:00,-8.88,33.75,0.0,0.0,0.0,173.6,7.59,356.0,102420.0
1990-03-10 20:00:00+00:00,-9.43,35.15,0.0,0.0,0.0,171.45,7.52,354.0,102420.0
1990-03-10 21:00:00+00:00,-9.86,36.65,0.0,0.0,0.0,169.15,7.24,353.0,102440.0
1990-03-10 22:00:00+00:00,-10.2,38.2,0.0,0.0,0.0,168.15,6.97,353.0,102460.0
1990-03-10 23:00:00+00:00,-10.08,38.2,209.85,996.81,68.9,166.6,6.69,351.0,102520.0
1990-03-11 00:00:00+00:00,-9.11,33.6,410.75,954.57,95.85,167.75,7.52,350.0,102550.0
1990-03-11 01:00:00+00:00,-7.74,29.55,586.0,972.34,111.85,167.7,7.72,351.0,102550.0
1990-03-11 02:00:00+00:00,-6.15,26.15,713.7,972.3,121.3,168.95,7.59,352.0,102530.0
1990-03-11 03:00:00+00:00,-4.73,22.15,781.05,954.59,125.7,170.85,7.31,350.0,102460.0
1990-03-11 04:00:00+00:00,-3.64,19.55,783.2,922.2,124.65,172.25,7.31,343.0,102410.0
1990-03-11 05:00:00+00:00,-2.68,17.25,707.85,822.06,140.5,173.0,7.72,339.0,102350.0
1990-03-11 06:00:00+00:00,-2.0,17.35,543.8,590.39,179.95,184.25,8.34,339.0,102260.0
1990-03-11 07:00:00+00:00,-2.44,16.55,363.0,408.4,159.8,197.6,8.76,339.0,102260.0
1990-03-11 08:00:00+00:00,-2.6,17.25,190.2,259.05,101.6,208.05,8.83,342.0,102250.0
1990-03-11 09:00:00+00:00,-3.04,18.8,37.8,81.09,24.8,195.85,8.41,345.0,102290.0
1990-03-11 10:00:00+00:00,-3.85,20.45,0.0,0.0,0.0,189.65,7.1,348.0,102320.0
1990-03-11 11:00:00+00:00,-4.52,25.4,0.0,0.0,0.0,182.5,5.59,348.0,102390.0
1990-03-11 12:00:00+00:00,-5.02,27.7,0.0,0.0,0.0,182.1,4.62,343.0,102420.0
1990-03-11 13:00:00+00:00,-5.35,28.95,0.0,0.0,0.0,180.35,4.76,334.0,102450.0
1990-03-11 14:00:00+00:00,-5.51,31.55,0.0,0.0,0.0,180.95,5.79,330.0,102460.0
1990-03-11 15:00:00+00:00,-5.75,31.55,0.0,0.0,0.0,180.95,6.69,331.0,102490.0
1990-03-11 16:00:00+00:00,-6.2,34.35,0.0,0.0,0.0,181.15,6.62,332.0,102470.0
1990-03-11 17:00:00+00:00,-6.64,35.75,0.0,0.0,0.0,180.95,6.21,330.0,102490.0
1990-03-11 18:00:00+00:00,-6.98,37.4,0.0,0.0,0.0,180.55,5.93,328.0,102460.0
1990-03-11 19:00:00+00:00,-7.89,40.55,0.0,0.0,0.0,178.6,5.72,327.0,102490.0
1990-03-11 20:00:00+00:00,-8.05,42.25,0.0,0.0,0.0,178.8,5.59,328.0,102460.0
1990-03-11 21:00:00+00:00,-8.16,44.2,0.0,0.0,0.0,179.2,5.45,330.0,102420.0
1990-03-11 22:00:00+00:00,-8.22,44.2,0.0,0.0,0.0,179.0,5.38,331.0,102440.0
1990-03-11 23:00:00+00:00,-7.79,44.35,210.6,958.25,69.95,178.8,5.38,332.0,102460.0
1990-03-12 00:00:00+00:00,-6.41,37.55,409.45,932.51,96.8,179.75,6.14,331.0,102480.0
1990-03-12 01:00:00+00:00,-4.85,33.3,583.35,954.55,112.8,180.65,6.48,333.0,102480.0
1990-03-12 02:00:00+00:00,-3.31,28.25,710.75,958.71,121.65,182.5,6.41,334.0,102450.0
1990-03-12 03:00:00+00:00,-1.99,25.0,778.55,944.34,125.5,184.05,6.34,333.0,102420.0
1990-03-12 04:00:00+00:00,-0.95,21.25,774.95,883.35,139.9,185.75,6.21,331.0,102340.0
1990-03-12 05:00:00+00:00,0.1,18.8,692.4,758.66,165.35,190.05,6.41,328.0,102260.0
1990-03-12 06:00:00+00:00,0.62,18.1,554.25,613.43,173.55,199.15,6.21,323.0,102170.0
1990-03-12 07:00:00+00:00,0.49,18.8,406.15,586.58,111.9,205.3,6.55,322.0,102180.0
1990-03-12 08:00:00+00:00,0.36,20.6,212.3,385.22,79.05,197.75,6.41,322.0,102160.0
1990-03-12 09:00:00+00:00,-0.22,23.4,43.75,135.04,21.6,194.1,5.38,321.0,102140.0
1990-03-12 10:00:00+00:00,-1.69,28.7,0.0,0.0,0.0,187.9,4.41,322.0,102130.0
1990-03-12 11:00:00+00:00,-2.86,32.45,0.0,0.0,0.0,188.1,3.93,322.0,102180.0
1990-03-12 12:00:00+00:00,-3.54,36.65,0.0,0.0,0.0,187.5,3.66,320.0,102200.0
1990-03-12 13:00:00+00:00,-4.03,38.15,0.0,0.0,0.0,186.35,3.52,316.0,102190.0
1990-03-12 14:00:00+00:00,-4.31,38.15,0.0,0.0,0.0,185.2,3.72,312.0,102200.0
1990-03-12 15:00:00+00:00,-4.4,36.5,0.0,0.0,0.0,184.05,4.28,311.0,102200.0
1990-03-12 16:00:00+00:00,-4.45,34.95,0.0,0.0,0.0,182.3,4.62,312.0,102170.0
1990-03-12 17:00:00+00:00,-4.64,34.8,0.0,0.0,0.0,181.3,4.48,312.0,102170.0
1990-03-12 18:00:00+00:00,-4.92,33.3,0.0,0.0,0.0,179.95,4.28,310.0,102140.0
1990-03-12 19:00:00+00:00,-5.31,34.65,0.0,0.0,0.0,179.75,3.66,303.0,102080.0
1990-03-12 20:00:00+00:00,-5.44,36.2,0.0,0.0,0.0,181.5,3.59,298.0,102020.0
1990-03-12 21:00:00+00:00,-5.45,36.2,0.0,0.0,0.0,183.65,3.59,296.0,102020.0
1990-03-12 22:00:00+00:00,-5.46,36.2,0.0,0.0,0.0,185.0,3.66,298.0,101970.0
1990-03-12 23:00:00+00:00,-4.85,34.8,217.0,965.65,70.05,186.35,3.66,304.0,101980.0
1990-03-13 00:00:00+00:00,-2.91,24.85,415.25,937.11,96.0,188.5,4.41,310.0,101980.0
1990-03-13 01:00:00+00:00,-1.39,21.1,586.8,952.29,112.3,189.95,5.03,315.0,101980.0
1990-03-13 02:00:00+00:00,-0.2,21.4,709.2,939.64,126.95,192.35,4.76,315.0,101930.0
1990-03-13 03:00:00+00:00,0.79,21.65,775.25,932.05,126.05,195.85,4.55,306.0,101840.0
1990-03-13 04:00:00+00:00,1.66,22.9,776.15,899.71,125.05,197.0,4.55,296.0,101760.0
1990-03-13 05:00:00+00:00,2.24,25.0,710.25,842.91,120.85,199.7,4.55,285.0,101650.0
1990-03-13 06:00:00+00:00,2.52,28.45,585.55,759.01,111.25,202.05,4.69,273.0,101550.0
1990-03-13 07:00:00+00:00,2.33,29.7,414.25,630.33,95.5,203.6,4.21,269.0,101530.0
1990-03-13 08:00:00+00:00,1.94,33.75,218.1,424.15,69.75,205.7,4.48,255.0,101530.0
1990-03-13 09:00:00+00:00,1.14,38.1,44.45,134.15,21.95,206.85,4.55,239.0,101520.0
1990-03-13 10:00:00+00:00,-0.94,50.35,0.0,0.0,0.0,205.7,5.45,224.0,101510.0
1990-03-13 11:00:00+00:00,-1.9,56.7,0.0,0.0,0.0,205.7,5.38,225.0,101520.0
1990-03-13 12:00:00+00:00,-2.16,64.0,0.0,0.0,0.0,203.75,4.9,227.0,101530.0
1990-03-13 13:00:00+00:00,-2.24,66.65,0.0,0.0,0.0,201.65,4.41,226.0,101560.0
1990-03-13 14:00:00+00:00,-2.35,69.45,0.0,0.0,0.0,201.25,4.0,223.0,101530.0
1990-03-13 15:00:00+00:00,-2.48,75.2,0.0,0.0,0.0,201.65,3.72,218.0,101560.0
1990-03-13 16:00:00+00:00,-2.61,75.2,0.0,0.0,0.0,202.4,3.52,214.0,101530.0
1990-03-13 17:00:00+00:00,-2.69,75.2,0.0,0.0,0.0,203.2,3.45,211.0,101530.0
1990-03-13 18:00:00+00:00,-2.77,75.2,0.0,0.0,0.0,205.15,3.31,210.0,101510.0
1990-03-13 19:00:00+00:00,-3.09,78.2,0.0,0.0,0.0,205.7,2.83,207.0,101440.0
1990-03-13 20:00:00+00:00,-3.35,78.2,0.0,0.0,0.0,206.7,2.9,201.0,101440.0
1990-03-13 21:00:00+00:00,-3.5,78.15,0.0,0.0,0.0,207.05,2.97,198.0,101420.0
1990-03-13 22:00:00+00:00,-3.56,78.15,0.0,0.0,0.0,207.65,3.03,198.0,101430.0
1990-03-13 23:00:00+00:00,-2.82,72.25,220.95,957.19,70.1,208.6,2.76,195.0,101440.0
1990-03-14 00:00:00+00:00,0.45,57.2,419.05,934.89,95.5,210.75,2.76,194.0,101460.0
1990-03-14 01:00:00+00:00,2.94,45.3,591.05,953.46,110.9,213.15,3.1,196.0,101470.0
1990-03-14 02:00:00+00:00,4.79,35.9,715.7,953.0,120.25,216.75,3.52,204.0,101450.0
1990-03-14 03:00:00+00:00,6.01,33.35,781.1,935.78,124.65,219.25,4.28,215.0,101380.0
1990-03-14 04:00:00+00:00,6.44,33.5,781.2,901.81,124.3,221.0,5.24,224.0,101320.0
1990-03-14 05:00:00+00:00,6.3,36.35,715.45,847.82,118.8,222.15,5.59,226.0,101260.0
1990-03-14 06:00:00+00:00,5.91,40.9,591.55,767.55,108.65,222.95,5.86,223.0,101180.0
1990-03-14 07:00:00+00:00,6.14,41.0,420.6,641.44,93.65,222.35,6.0,216.0,101160.0
1990-03-14 08:00:00+00:00,5.11,46.0,215.45,387.32,78.5,221.6,5.72,211.0,101150.0
1990-03-14 09:00:00+00:00,3.86,51.4,43.7,97.43,27.0,221.2,6.0,207.0,101140.0
1990-03-14 10:00:00+00:00,2.39,55.3,0.0,0.0,0.0,220.4,6.14,203.0,101150.0
1990-03-14 11:00:00+00:00,1.78,53.15,0.0,0.0,0.0,223.15,5.93,199.0,101190.0
1990-03-14 12:00:00+00:00,1.57,55.2,0.0,0.0,0.0,233.4,5.66,192.0,101230.0
1990-03-14 13:00:00+00:00,1.39,53.0,0.0,0.0,0.0,237.05,5.31,184.0,101250.0
1990-03-14 14:00:00+00:00,1.21,53.0,0.0,0.0,0.0,231.85,5.31,178.0,101270.0
1990-03-14 15:00:00+00:00,1.31,50.9,0.0,0.0,0.0,241.3,5.66,176.0,101260.0
1990-03-14 16:00:00+00:00,1.22,53.0,0.0,0.0,0.0,239.2,5.72,177.0,101250.0
1990-03-14 17:00:00+00:00,1.09,53.0,0.0,0.0,0.0,243.05,5.66,178.0,101220.0
1990-03-14 18:00:00+00:00,1.02,59.7,0.0,0.0,0.0,253.1,5.52,179.0,101220.0
1990-03-14 19:00:00+00:00,0.78,62.15,0.0,0.0,0.0,245.2,5.31,183.0,101200.0
1990-03-14 20:00:00+00:00,0.76,67.3,0.0,0.0,0.0,260.65,5.17,184.0,101230.0
1990-03-14 21:00:00+00:00,0.72,72.85,0.0,0.0,0.0,265.7,5.24,184.0,101210.0
1990-03-14 22:00:00+00:00,0.5,78.75,0.0,0.0,0.0,250.6,5.38,183.0,101260.0
1990-03-14 23:00:00+00:00,0.79,78.8,205.65,777.45,78.9,241.3,5.52,183.0,101310.0
1990-03-15 00:00:00+00:00,2.22,75.95,391.75,806.27,108.35,238.2,5.66,186.0,101370.0
1990-03-15 01:00:00+00:00,3.72,70.5,553.5,825.02,133.65,242.2,6.14,192.0,101430.0
1990-03-15 02:00:00+00:00,4.96,65.4,656.55,765.6,174.25,244.05,5.86,200.0,101460.0
1990-03-15 03:00:00+00:00,5.89,60.75,690.9,744.85,164.7,257.75,5.59,211.0,101450.0
1990-03-15 04:00:00+00:00,6.34,58.55,637.35,562.11,225.25,253.3,5.59,223.0,101460.0
1990-03-15 05:00:00+00:00,6.31,60.85,568.35,571.3,163.75,259.3,5.31,230.0,101430.0
1990-03-15 06:00:00+00:00,6.11,63.15,539.5,604.47,156.65,254.3,5.03,232.0,101410.0
1990-03-15 07:00:00+00:00,6.43,60.85,392.65,584.29,92.5,253.9,4.69,234.0,101440.0
1990-03-15 08:00:00+00:00,5.64,63.15,211.4,385.72,73.55,245.75,4.14,237.0,101450.0
1990-03-15 09:00:00+00:00,4.43,70.6,44.9,123.97,23.2,243.25,3.31,237.0,101490.0
1990-03-15 10:00:00+00:00,2.75,79.0,0.0,0.0,0.0,243.65,3.31,229.0,101530.0
1990-03-15 11:00:00+00:00,1.66,78.95,0.0,0.0,0.0,237.65,3.31,209.0,101600.0
1990-03-15 12:00:00+00:00,1.01,81.95,0.0,0.0,0.0,234.35,3.45,187.0,101650.0
1990-03-15 13:00:00+00:00,0.77,81.95,0.0,0.0,0.0,233.75,3.86,176.0,101720.0
1990-03-15 14:00:00+00:00,0.73,85.2,0.0,0.0,0.0,231.85,4.34,173.0,101760.0
1990-03-15 15:00:00+00:00,0.75,85.2,0.0,0.0,0.0,230.5,4.55,172.0,101760.0
1990-03-15 16:00:00+00:00,0.71,81.95,0.0,0.0,0.0,229.15,4.55,173.0,101770.0
1990-03-15 17:00:00+00:00,0.64,81.95,0.0,0.0,0.0,228.15,4.69,182.0,101820.0
1990-03-15 18:00:00+00:00,0.6,78.8,0.0,0.0,0.0,227.2,5.1,179.0,101820.0
1990-03-15 19:00:00+00:00,0.58,78.8,0.0,0.0,0.0,225.65,5.72,176.0,101770.0
1990-03-15 20:00:00+00:00,0.87,78.8,0.0,0.0,0.0,230.85,5.93,175.0,101730.0
1990-03-15 21:00:00+00:00,1.08,75.85,0.0,0.0,0.0,226.6,5.93,173.0,101680.0
1990-03-15 22:00:00+00:00,1.3,72.95,0.0,0.0,0.0,233.75,6.21,172.0,101680.0
1990-03-15 23:00:00+00:00,1.98,73.0,224.2,890.58,74.15,231.45,6.41,172.0,101700.0
1990-03-16 00:00:00+00:00,3.68,67.8,421.0,916.2,94.0,235.7,6.28,173.0,101670.0
1990-03-16 01:00:00+00:00,5.64,60.75,584.05,923.48,109.2,237.55,6.9,178.0,101720.0
1990-03-16 02:00:00+00:00,7.14,56.55,680.55,835.31,150.05,242.5,7.31,184.0,101710.0
1990-03-16 03:00:00+00:00,8.24,52.6,665.85,624.15,221.85,259.5,7.72,190.0,101670.0
1990-03-16 04:00:00+00:00,8.63,52.7,633.45,486.3,274.65,273.65,7.66,193.0,101580.0
1990-03-16 05:00:00+00:00,9.02,52.7,521.6,320.22,293.4,282.15,7.59,195.0,101460.0
1990-03-16 06:00:00+00:00,8.83,52.7,332.95,108.15,264.0,289.9,7.1,198.0,101360.0
1990-03-16 07:00:00+00:00,8.12,54.55,207.95,45.4,184.45,295.9,6.21,194.0,101390.0
1990-03-16 08:00:00+00:00,7.31,54.4,98.45,24.64,89.55,300.35,6.21,188.0,101340.0
1990-03-16 09:00:00+00:00,6.26,58.55,18.3,0.0,18.3,303.05,6.62,183.0,101340.0
1990-03-16 10:00:00+00:00,5.05,65.4,0.0,0.0,0.0,303.05,6.48,177.0,101330.0
1990-03-16 11:00:00+00:00,4.17,70.6,0.0,0.0,0.0,295.9,6.41,173.0,101340.0
1990-03-16 12:00:00+00:00,3.58,76.1,0.0,0.0,0.0,281.75,6.55,174.0,101330.0
1990-03-16 13:00:00+00:00,3.13,79.1,0.0,0.0,0.0,262.6,6.76,177.0,101290.0
1990-03-16 14:00:00+00:00,2.8,82.15,0.0,0.0,0.0,259.5,6.07,184.0,101250.0
1990-03-16 15:00:00+00:00,2.16,85.3,0.0,0.0,0.0,251.6,4.69,198.0,101260.0
1990-03-16 16:00:00+00:00,1.31,85.25,0.0,0.0,0.0,245.0,3.45,222.0,101270.0
1990-03-16 17:00:00+00:00,0.4,88.5,0.0,0.0,0.0,239.75,2.76,241.0,101280.0
1990-03-16 18:00:00+00:00,-0.44,91.95,0.0,0.0,0.0,231.05,2.34,284.0,101280.0
1990-03-16 19:00:00+00:00,-0.86,88.45,0.0,0.0,0.0,225.45,2.97,329.0,101310.0
1990-03-16 20:00:00+00:00,-1.01,85.0,0.0,0.0,0.0,223.7,3.72,348.0,101290.0
1990-03-16 21:00:00+00:00,-1.33,75.45,0.0,0.0,0.0,220.05,3.93,355.0,101310.0
1990-03-16 22:00:00+00:00,-1.66,72.4,0.0,0.0,0.0,219.85,3.86,360.0,101300.0
1990-03-16 23:00:00+00:00,-1.26,69.65,230.1,897.1,74.05,215.4,3.66,2.0,101320.0
1990-03-17 00:00:00+00:00,0.67,59.7,423.1,890.51,100.45,219.65,4.21,1.0,101380.0
1990-03-17 01:00:00+00:00,2.44,55.3,579.6,877.02,124.0,222.05,4.97,5.0,101400.0
1990-03-17 02:00:00+00:00,3.97,51.4,702.85,893.62,130.75,227.75,5.24,8.0,101400.0
1990-03-17 03:00:00+00:00,5.37,47.85,755.25,856.46,141.8,229.9,5.45,6.0,101380.0
1990-03-17 04:00:00+00:00,6.64,41.15,719.7,720.64,184.65,240.15,6.34,5.0,101340.0
1990-03-17 05:00:00+00:00,7.2,38.1,636.5,626.26,187.45,248.85,6.83,359.0,101320.0
1990-03-17 06:00:00+00:00,7.42,35.15,473.95,413.91,208.35,246.55,7.24,353.0,101310.0
1990-03-17 07:00:00+00:00,7.3,31.1,323.6,323.54,154.85,268.4,7.52,352.0,101410.0
1990-03-17 08:00:00+00:00,6.86,32.25,153.85,170.33,91.7,263.95,7.59,349.0,101450.0
1990-03-17 09:00:00+00:00,5.98,34.75,43.75,89.97,27.35,264.95,7.1,348.0,101550.0
1990-03-17 10:00:00+00:00,4.83,37.4,0.0,0.0,0.0,254.1,6.9,347.0,101660.0
1990-03-17 11:00:00+00:00,3.63,42.0,0.0,0.0,0.0,238.05,6.9,346.0,101780.0
1990-03-17 12:00:00+00:00,2.64,43.45,0.0,0.0,0.0,227.2,6.83,344.0,101870.0
1990-03-17 13:00:00+00:00,1.78,45.15,0.0,0.0,0.0,223.3,6.34,342.0,101980.0
1990-03-17 14:00:00+00:00,0.93,48.7,0.0,0.0,0.0,221.0,5.79,337.0,102030.0
1990-03-17 15:00:00+00:00,0.29,42.9,0.0,0.0,0.0,213.85,6.34,332.0,102120.0
1990-03-17 16:00:00+00:00,-0.12,33.15,0.0,0.0,0.0,209.4,6.9,335.0,102170.0
1990-03-17 17:00:00+00:00,-0.7,29.0,0.0,0.0,0.0,204.35,6.28,339.0,102240.0
1990-03-17 18:00:00+00:00,-1.38,30.15,0.0,0.0,0.0,198.55,5.24,340.0,102280.0
1990-03-17 19:00:00+00:00,-2.66,35.4,0.0,0.0,0.0,192.15,3.59,334.0,102370.0
1990-03-17 20:00:00+00:00,-3.16,38.45,0.0,0.0,0.0,189.65,2.97,320.0,102410.0
1990-03-17 21:00:00+00:00,-3.63,41.75,0.0,0.0,0.0,189.65,2.69,299.0,102420.0
1990-03-17 22:00:00+00:00,-3.92,45.5,0.0,0.0,0.0,189.65,3.03,279.0,102450.0
1990-03-17 23:00:00+00:00,-2.84,47.75,247.1,955.57,75.65,190.2,3.17,270.0,102470.0
1990-03-18 00:00:00+00:00,-0.21,39.3,448.65,946.9,100.45,192.55,3.93,270.0,102490.0
1990-03-18 01:00:00+00:00,1.82,33.75,621.95,964.35,115.9,195.0,4.48,273.0,102490.0
1990-03-18 02:00:00+00:00,3.24,32.6,746.5,962.74,125.25,197.95,4.83,273.0,102460.0
1990-03-18 03:00:00+00:00,4.07,32.75,810.4,944.29,129.45,200.85,4.97,264.0,102380.0
1990-03-18 04:00:00+00:00,4.61,31.7,808.1,909.21,128.85,204.15,5.45,253.0,102290.0
1990-03-18 05:00:00+00:00,5.04,33.05,739.45,854.26,123.2,206.85,6.14,246.0,102200.0
1990-03-18 06:00:00+00:00,5.21,31.85,610.75,770.21,113.35,209.6,6.62,240.0,102130.0
1990-03-18 07:00:00+00:00,4.79,35.9,437.05,645.52,97.85,212.5,6.9,232.0,102110.0
1990-03-18 08:00:00+00:00,3.99,40.3,237.35,445.74,73.05,213.65,6.41,227.0,102100.0
1990-03-18 09:00:00+00:00,2.9,47.15,55.65,157.63,26.35,213.65,5.79,223.0,102070.0
1990-03-18 10:00:00+00:00,1.34,50.9,0.0,0.0,0.0,212.3,5.45,219.0,102060.0
1990-03-18 11:00:00+00:00,0.39,57.2,0.0,0.0,0.0,209.6,5.45,214.0,102100.0
1990-03-18 12:00:00+00:00,-0.04,61.9,0.0,0.0,0.0,208.4,5.59,209.0,102110.0
1990-03-18 13:00:00+00:00,-0.21,64.45,0.0,0.0,0.0,207.85,5.52,205.0,102120.0
1990-03-18 14:00:00+00:00,-0.23,64.45,0.0,0.0,0.0,209.2,5.52,201.0,102120.0
1990-03-18 15:00:00+00:00,-0.18,64.45,0.0,0.0,0.0,211.5,5.59,202.0,102100.0
1990-03-18 16:00:00+00:00,-0.06,64.45,0.0,0.0,0.0,211.15,5.59,205.0,102100.0
1990-03-18 17:00:00+00:00,0.07,62.0,0.0,0.0,0.0,213.05,5.52,209.0,102090.0
1990-03-18 18:00:00+00:00,0.15,64.55,0.0,0.0,0.0,214.6,5.38,211.0,102080.0
1990-03-18 19:00:00+00:00,0.07,64.55,0.0,0.0,0.0,214.2,5.31,208.0,102060.0
1990-03-18 20:00:00+00:00,-0.04,67.1,0.0,0.0,0.0,212.7,5.52,206.0,102030.0
1990-03-18 21:00:00+00:00,-0.08,67.1,0.0,0.0,0.0,212.7,5.66,206.0,102020.0
1990-03-18 22:00:00+00:00,-0.12,67.1,0.0,0.0,0.0,210.55,5.79,205.0,102020.0
1990-03-18 23:00:00+00:00,0.62,64.65,247.35,921.3,77.0,211.7,6.07,204.0,102040.0
1990-03-19 00:00:00+00:00,2.37,59.95,446.85,926.23,101.25,211.9,6.55,205.0,102060.0
1990-03-19 01:00:00+00:00,3.92,53.5,617.3,945.82,116.0,215.1,7.52,209.0,102090.0
1990-03-19 02:00:00+00:00,4.97,49.65,739.05,945.56,124.1,219.05,7.93,212.0,102080.0
1990-03-19 03:00:00+00:00,5.83,46.1,802.25,927.89,128.65,222.15,8.14,214.0,102040.0
1990-03-19 04:00:00+00:00,6.46,42.7,800.15,893.63,128.45,224.1,8.28,215.0,101960.0
1990-03-19 05:00:00+00:00,6.76,41.15,732.45,838.85,123.7,225.25,8.83,215.0,101900.0
1990-03-19 06:00:00+00:00,6.72,42.85,607.1,758.7,114.05,226.6,8.76,215.0,101800.0
1990-03-19 07:00:00+00:00,6.48,44.45,435.15,636.38,98.3,226.6,8.21,213.0,101720.0
1990-03-19 08:00:00+00:00,6.03,48.0,237.15,439.46,73.55,226.8,7.38,210.0,101640.0
1990-03-19 09:00:00+00:00,5.26,47.85,55.65,154.4,26.4,226.6,7.1,208.0,101610.0
1990-03-19 10:00:00+00:00,4.07,53.5,0.0,0.0,0.0,226.8,6.69,207.0,101620.0
1990-03-19 11:00:00+00:00,3.24,55.55,0.0,0.0,0.0,227.4,6.62,206.0,101650.0
1990-03-19 12:00:00+00:00,2.79,57.7,0.0,0.0,0.0,229.9,6.83,204.0,101640.0
1990-03-19 13:00:00+00:00,2.58,57.7,0.0,0.0,0.0,236.1,7.1,203.0,101640.0
1990-03-19 14:00:00+00:00,2.5,62.35,0.0,0.0,0.0,239.6,7.03,205.0,101630.0
1990-03-19 15:00:00+00:00,2.26,64.9,0.0,0.0,0.0,231.25,6.76,210.0,101630.0
1990-03-19 16:00:00+00:00,2.04,67.5,0.0,0.0,0.0,236.1,6.48,213.0,101630.0
1990-03-19 17:00:00+00:00,1.69,73.0,0.0,0.0,0.0,232.05,6.0,220.0,101620.0
1990-03-19 18:00:00+00:00,1.23,78.9,0.0,0.0,0.0,230.3,5.1,236.0,101670.0
1990-03-19 19:00:00+00:00,0.61,81.95,0.0,0.0,0.0,228.95,3.52,268.0,101750.0
1990-03-19 20:00:00+00:00,-0.11,81.8,0.0,0.0,0.0,225.85,2.76,320.0,101800.0
1990-03-19 21:00:00+00:00,-0.55,78.6,0.0,0.0,0.0,222.75,2.97,358.0,101870.0
1990-03-19 22:00:00+00:00,-1.09,72.5,0.0,0.0,0.0,221.0,2.83,8.0,101910.0
1990-03-19 23:00:00+00:00,-0.63,69.75,247.8,896.08,77.2,219.85,2.21,5.0,102010.0
1990-03-20 00:00:00+00:00,2.44,55.3,447.5,912.38,102.15,219.05,2.21,0.0,102090.0
1990-03-20 01:00:00+00:00,4.65,44.05,621.35,941.05,117.65,218.8,2.28,356.0,102150.0
1990-03-20 02:00:00+00:00,6.67,38.0,746.9,946.61,126.5,220.05,2.34,347.0,102170.0
1990-03-20 03:00:00+00:00,8.44,31.4,811.05,931.58,130.3,221.95,2.69,346.0,102120.0
1990-03-20 04:00:00+00:00,9.72,25.95,808.8,897.53,130.1,225.25,2.83,346.0,102080.0
1990-03-20 05:00:00+00:00,10.31,25.05,741.35,844.0,125.25,227.2,2.83,336.0,102030.0
1990-03-20 06:00:00+00:00,10.29,26.1,614.75,763.5,115.5,229.5,2.62,319.0,101980.0
1990-03-20 07:00:00+00:00,9.84,28.15,442.25,641.95,100.0,231.25,1.86,289.0,101950.0
1990-03-20 08:00:00+00:00,9.07,34.2,243.25,446.63,75.35,231.65,2.41,246.0,101890.0
1990-03-20 09:00:00+00:00,7.71,43.1,60.45,163.49,28.9,230.5,3.24,225.0,101860.0
1990-03-20 10:00:00+00:00,4.95,53.8,0.0,0.0,0.0,228.35,4.0,224.0,101860.0
1990-03-20 11:00:00+00:00,2.97,60.05,0.0,0.0,0.0,226.05,4.07,227.0,101890.0
1990-03-20 12:00:00+00:00,2.1,59.95,0.0,0.0,0.0,223.15,3.86,227.0,101960.0
1990-03-20 13:00:00+00:00,1.43,62.25,0.0,0.0,0.0,219.65,3.79,225.0,101980.0
1990-03-20 14:00:00+00:00,0.89,64.65,0.0,0.0,0.0,218.3,3.79,229.0,102030.0
1990-03-20 15:00:00+00:00,0.54,67.2,0.0,0.0,0.0,219.45,3.45,231.0,102020.0
1990-03-20 16:00:00+00:00,0.09,67.2,0.0,0.0,0.0,221.4,3.38,207.0,101960.0
1990-03-20 17:00:00+00:00,0.02,69.85,0.0,0.0,0.0,220.6,4.28,200.0,101890.0
1990-03-20 18:00:00+00:00,0.35,64.55,0.0,0.0,0.0,224.5,4.69,201.0,101820.0
1990-03-20 19:00:00+00:00,0.88,59.7,0.0,0.0,0.0,239.6,5.03,196.0,101710.0
1990-03-20 20:00:00+00:00,1.19,57.45,0.0,0.0,0.0,245.6,5.17,196.0,101630.0
1990-03-20 21:00:00+00:00,1.46,55.2,0.0,0.0,0.0,248.1,5.86,199.0,101560.0
1990-03-20 22:00:00+00:00,1.86,53.15,0.0,0.0,0.0,251.4,6.69,202.0,101560.0
1990-03-20 23:00:00+00:00,2.61,51.15,147.6,53.86,137.05,260.5,6.69,202.0,101510.0
1990-03-21 00:00:00+00:00,3.69,49.4,258.75,87.65,225.1,269.75,6.34,205.0,101510.0
1990-03-21 01:00:00+00:00,4.92,51.7,327.5,70.31,289.5,279.35,6.76,206.0,101460.0
1990-03-21 02:00:00+00:00,5.8,54.05,412.2,116.67,335.15,290.85,7.1,208.0,101400.0
1990-03-21 03:00:00+00:00,6.61,58.55,472.15,154.25,358.7,296.65,7.72,213.0,101360.0
1990-03-21 04:00:00+00:00,7.02,61.0,475.05,151.84,359.55,298.8,8.07,215.0,101270.0
1990-03-21 05:00:00+00:00,7.13,61.1,418.55,116.32,333.15,301.7,8.14,214.0,101190.0
1990-03-21 06:00:00+00:00,6.94,63.35,347.15,95.23,284.5,305.2,8.0,212.0,101080.0
1990-03-21 07:00:00+00:00,7.02,63.35,240.0,68.35,203.3,304.2,7.79,207.0,100920.0
1990-03-21 08:00:00+00:00,6.57,63.25,135.15,48.87,116.6,298.6,7.59,205.0,100870.0
1990-03-21 09:00:00+00:00,6.07,65.65,30.9,10.18,28.9,293.95,7.38,206.0,100870.0
1990-03-21 10:00:00+00:00,5.14,65.55,0.0,0.0,0.0,286.8,6.97,206.0,100870.0
1990-03-21 11:00:00+00:00,4.42,70.6,0.0,0.0,0.0,272.65,6.76,207.0,100920.0
1990-03-21 12:00:00+00:00,3.95,70.5,0.0,0.0,0.0,270.95,0.0,0.0,100940.0
1990-03-21 13:00:00+00:00,3.55,73.2,0.0,0.0,0.0,271.3,0.0,0.0,100950.0
1990-03-21 14:00:00+00:00,3.12,73.2,0.0,0.0,0.0,268.4,4.76,213.0,100990.0
1990-03-21 15:00:00+00:00,2.44,82.05,0.0,0.0,0.0,258.55,3.72,228.0,101070.0
1990-03-21 16:00:00+00:00,1.82,82.05,0.0,0.0,0.0,254.3,2.62,253.0,101160.0
1990-03-21 17:00:00+00:00,0.45,92.0,0.0,0.0,0.0,247.7,1.52,310.0,101210.0
1990-03-21 18:00:00+00:00,-0.46,88.45,0.0,0.0,0.0,242.85,2.62,16.0,101240.0
1990-03-21 19:00:00+00:00,1.0,67.3,0.0,0.0,0.0,241.15,5.17,35.0,101250.0
1990-03-21 20:00:00+00:00,1.38,57.45,0.0,0.0,0.0,253.7,4.76,36.0,101270.0
1990-03-21 21:00:00+00:00,1.17,55.2,0.0,0.0,0.0,248.5,4.21,31.0,101310.0
1990-03-21 22:00:00+00:00,0.53,57.2,34.45,0.0,34.45,233.2,3.79,22.0,101390.0
1990-03-21 23:00:00+00:00,0.85,55.05,257.25,881.54,79.75,223.15,3.31,18.0,101450.0
1990-03-22 00:00:00+00:00,3.05,49.15,457.15,906.72,104.2,219.65,3.31,18.0,101480.0
1990-03-22 01:00:00+00:00,5.32,39.1,629.8,935.65,119.25,219.55,3.17,12.0,101520.0
1990-03-22 02:00:00+00:00,7.39,32.4,752.2,938.05,128.05,221.2,3.31,6.0,101520.0
1990-03-22 03:00:00+00:00,8.86,25.7,813.7,920.05,132.65,224.3,4.28,359.0,101490.0
1990-03-22 04:00:00+00:00,9.61,24.8,809.4,884.55,132.6,227.0,4.41,344.0,101440.0
1990-03-22 05:00:00+00:00,9.74,25.95,741.1,830.58,127.8,229.5,4.0,323.0,101410.0
1990-03-22 06:00:00+00:00,9.37,30.4,614.7,750.64,117.9,231.45,3.86,307.0,101380.0
1990-03-22 07:00:00+00:00,9.63,28.05,442.95,633.02,100.7,232.6,3.86,316.0,101330.0
1990-03-22 08:00:00+00:00,9.27,30.4,243.7,434.96,77.05,231.85,3.66,307.0,101360.0
1990-03-22 09:00:00+00:00,8.15,35.45,58.75,124.0,33.95,233.95,2.9,306.0,101380.0
1990-03-22 10:00:00+00:00,6.79,39.55,0.0,0.0,0.0,236.1,2.28,344.0,101380.0
1990-03-22 11:00:00+00:00,5.33,39.1,0.0,0.0,0.0,236.5,2.83,62.0,101380.0
1990-03-22 12:00:00+00:00,2.9,51.15,0.0,0.0,0.0,234.95,1.79,101.0,101390.0
1990-03-22 13:00:00+00:00,0.73,57.35,0.0,0.0,0.0,231.45,2.41,233.0,101470.0
1990-03-22 14:00:00+00:00,0.15,62.0,0.0,0.0,0.0,229.15,3.79,268.0,101520.0
1990-03-22 15:00:00+00:00,0.08,64.55,0.0,0.0,0.0,227.95,3.24,284.0,101570.0
1990-03-22 16:00:00+00:00,-0.88,72.6,0.0,0.0,0.0,225.45,2.07,300.0,101620.0
1990-03-22 17:00:00+00:00,-0.06,67.1,0.0,0.0,0.0,226.2,1.1,358.0,101620.0
1990-03-22 18:00:00+00:00,-1.44,66.9,0.0,0.0,0.0,234.35,1.79,38.0,101630.0
1990-03-22 19:00:00+00:00,-1.07,48.15,0.0,0.0,0.0,239.0,3.93,39.0,101710.0
1990-03-22 20:00:00+00:00,-1.07,46.2,0.0,0.0,0.0,233.4,3.59,60.0,101620.0
1990-03-22 21:00:00+00:00,-1.33,46.2,0.0,0.0,0.0,225.25,3.45,90.0,101540.0
1990-03-22 22:00:00+00:00,-1.36,48.15,39.05,0.0,39.05,223.9,3.17,94.0,101510.0
1990-03-22 23:00:00+00:00,-0.37,46.5,244.3,727.17,93.9,227.0,2.69,62.0,101500.0
1990-03-23 00:00:00+00:00,2.23,43.3,427.75,763.79,126.35,223.15,3.17,39.0,101540.0
1990-03-23 01:00:00+00:00,4.27,35.75,567.3,641.58,213.9,224.8,3.93,34.0,101530.0
1990-03-23 02:00:00+00:00,5.6,30.55,577.6,459.04,269.9,236.5,5.1,28.0,101520.0
1990-03-23 03:00:00+00:00,6.07,28.25,465.25,154.38,350.25,261.45,5.79,24.0,101490.0
1990-03-23 04:00:00+00:00,5.85,28.25,384.65,141.9,275.45,271.7,6.28,19.0,101480.0
1990-03-23 05:00:00+00:00,5.22,31.85,395.45,172.99,267.0,278.5,7.1,13.0,101480.0
1990-03-23 06:00:00+00:00,4.6,35.9,279.35,97.33,214.55,283.3,7.72,10.0,101480.0
1990-03-23 07:00:00+00:00,4.28,35.75,237.6,86.8,190.35,281.75,5.79,3.0,101520.0
1990-03-23 08:00:00+00:00,4.43,32.9,149.45,58.31,126.9,281.4,5.31,3.0,101480.0
1990-03-23 09:00:00+00:00,4.33,31.55,55.55,86.25,38.0,261.65,4.34,4.0,101490.0
1990-03-23 10:00:00+00:00,3.33,34.0,0.0,0.0,0.0,238.4,4.14,359.0,101540.0
1990-03-23 11:00:00+00:00,2.08,35.2,0.0,0.0,0.0,223.5,5.45,355.0,101600.0
1990-03-23 12:00:00+00:00,1.15,36.55,0.0,0.0,0.0,220.8,7.72,1.0,101740.0
1990-03-23 13:00:00+00:00,-0.1,48.45,0.0,0.0,0.0,221.6,7.86,5.0,101860.0
1990-03-23 14:00:00+00:00,-1.13,54.55,0.0,0.0,0.0,213.25,7.52,2.0,101940.0
1990-03-23 15:00:00+00:00,-1.61,50.1,0.0,0.0,0.0,209.4,7.24,354.0,101990.0
1990-03-23 16:00:00+00:00,-1.83,40.55,0.0,0.0,0.0,205.9,7.24,349.0,102030.0
1990-03-23 17:00:00+00:00,-1.92,34.15,0.0,0.0,0.0,202.8,7.24,346.0,102050.0
1990-03-23 18:00:00+00:00,-2.04,32.55,0.0,0.0,0.0,200.1,7.31,344.0,102090.0
1990-03-23 19:00:00+00:00,-2.45,31.2,0.0,0.0,0.0,192.55,7.38,347.0,102110.0
1990-03-23 20:00:00+00:00,-2.71,32.45,0.0,0.0,0.0,191.75,6.97,346.0,102160.0
1990-03-23 21:00:00+00:00,-2.96,33.9,0.0,0.0,0.0,191.4,6.41,345.0,102180.0
1990-03-23 22:00:00+00:00,-3.15,36.8,39.55,0.0,39.55,192.35,5.79,343.0,102270.0
1990-03-23 23:00:00+00:00,-2.47,38.6,272.8,885.54,84.8,193.15,5.52,341.0,102340.0
1990-03-24 00:00:00+00:00,-1.08,35.8,472.25,906.52,109.7,194.85,6.48,339.0,102360.0
1990-03-24 01:00:00+00:00,0.25,31.9,641.05,927.3,125.5,197.1,7.24,341.0,102390.0
1990-03-24 02:00:00+00:00,1.25,29.55,759.65,921.86,137.2,200.85,7.38,343.0,102380.0
1990-03-24 03:00:00+00:00,2.21,28.45,751.85,707.62,221.45,205.5,7.66,339.0,102310.0
1990-03-24 04:00:00+00:00,2.65,26.25,787.15,760.99,198.2,221.6,7.52,336.0,102230.0
1990-03-24 05:00:00+00:00,3.05,24.05,704.65,673.47,201.8,213.45,7.38,334.0,102140.0
1990-03-24 06:00:00+00:00,3.38,21.25,560.75,536.88,201.25,210.75,7.66,333.0,102070.0
1990-03-24 07:00:00+00:00,3.1,20.3,438.95,577.6,122.4,216.75,7.1,332.0,101990.0
1990-03-24 08:00:00+00:00,2.88,22.05,253.2,447.04,78.75,207.45,6.21,328.0,101950.0
1990-03-24 09:00:00+00:00,2.43,23.95,67.6,165.03,33.45,201.65,4.97,327.0,101920.0
1990-03-24 10:00:00+00:00,1.26,28.3,0.05,0.0,0.05,202.8,3.17,329.0,101920.0
1990-03-24 11:00:00+00:00,0.03,37.7,0.0,0.0,0.0,212.1,1.72,339.0,101900.0
1990-03-24 12:00:00+00:00,-0.17,41.0,0.0,0.0,0.0,222.35,0.9,174.0,101880.0
1990-03-24 13:00:00+00:00,-1.53,52.2,0.0,0.0,0.0,233.2,3.45,201.0,101840.0
1990-03-24 14:00:00+00:00,-1.42,59.2,0.0,0.0,0.0,231.65,4.28,204.0,101790.0
1990-03-24 15:00:00+00:00,-1.39,64.25,0.0,0.0,0.0,222.15,4.34,194.0,101730.0
1990-03-24 16:00:00+00:00,-1.4,64.25,0.0,0.0,0.0,225.25,4.34,174.0,101670.0
1990-03-24 17:00:00+00:00,-1.28,59.2,0.0,0.0,0.0,241.9,4.69,156.0,101560.0
1990-03-24 18:00:00+00:00,-1.1,56.85,0.0,0.0,0.0,245.0,4.9,156.0,101450.0
1990-03-24 19:00:00+00:00,-0.31,61.9,0.0,0.0,0.0,226.2,5.45,196.0,101220.0
1990-03-24 20:00:00+00:00,-0.02,67.1,0.0,0.0,0.0,221.6,4.69,215.0,101180.0
1990-03-24 21:00:00+00:00,-0.13,69.85,0.0,0.0,0.0,223.3,3.52,244.0,101180.0
1990-03-24 22:00:00+00:00,-0.68,72.6,40.75,0.0,40.75,226.2,3.24,284.0,101220.0
1990-03-24 23:00:00+00:00,-0.36,69.85,254.85,777.69,85.5,222.35,3.66,314.0,101330.0
1990-03-25 00:00:00+00:00,0.95,64.65,462.15,870.47,109.4,222.95,4.28,326.0,101410.0
1990-03-25 01:00:00+00:00,2.61,53.25,618.55,862.1,134.85,221.7,4.21,331.0,101500.0
1990-03-25 02:00:00+00:00,4.33,47.6,746.7,898.57,135.6,224.85,3.79,332.0,101520.0
1990-03-25 03:00:00+00:00,5.84,40.9,807.55,888.08,137.8,227.95,3.38,333.0,101480.0
1990-03-25 04:00:00+00:00,6.91,36.5,804.5,857.25,137.35,229.9,3.03,339.0,101420.0
1990-03-25 05:00:00+00:00,7.78,33.9,736.65,805.43,132.0,232.6,2.34,344.0,101360.0
1990-03-25 06:00:00+00:00,8.4,32.7,600.95,706.38,125.25,236.1,1.72,358.0,101280.0
1990-03-25 07:00:00+00:00,8.78,34.2,433.8,592.47,106.95,244.2,0.97,21.0,101150.0
1990-03-25 08:00:00+00:00,8.31,36.9,242.2,412.84,79.65,247.3,1.03,273.0,101180.0
1990-03-25 09:00:00+00:00,7.41,44.75,66.65,157.34,33.55,244.4,1.24,233.0,101170.0
1990-03-25 10:00:00+00:00,5.9,51.95,0.1,0.0,0.1,245.2,1.93,192.0,101170.0
1990-03-25 11:00:00+00:00,4.09,60.3,0.0,0.0,0.0,241.7,2.0,198.0,101210.0
1990-03-25 12:00:00+00:00,3.1,65.1,0.0,0.0,0.0,241.15,0.9,274.0,101330.0
1990-03-25 13:00:00+00:00,1.57,70.1,0.0,0.0,0.0,240.15,1.31,21.0,101380.0
1990-03-25 14:00:00+00:00,-0.93,78.6,0.0,0.0,0.0,239.6,2.0,64.0,101430.0
1990-03-25 15:00:00+00:00,-1.69,81.65,0.0,0.0,0.0,238.2,2.21,78.0,101430.0
1990-03-25 16:00:00+00:00,-1.83,78.45,0.0,0.0,0.0,237.65,2.48,79.0,101470.0
1990-03-25 17:00:00+00:00,-1.67,78.45,0.0,0.0,0.0,236.65,2.76,92.0,101450.0
1990-03-25 18:00:00+00:00,-1.46,75.35,0.0,0.0,0.0,236.5,2.76,102.0,101450.0
1990-03-25 19:00:00+00:00,-1.96,81.55,0.0,0.0,0.0,236.5,2.07,75.0,101480.0
1990-03-25 20:00:00+00:00,-2.26,78.35,0.0,0.0,0.0,236.85,2.21,85.0,101470.0
1990-03-25 21:00:00+00:00,-2.28,78.35,0.0,0.0,0.0,238.4,2.28,92.0,101490.0
1990-03-25 22:00:00+00:00,-2.3,78.35,41.45,0.0,41.45,238.6,2.21,90.0,101510.0
1990-03-25 23:00:00+00:00,-0.29,69.85,268.2,821.88,84.75,236.85,1.86,84.0,101560.0
1990-03-26 00:00:00+00:00,3.88,57.95,460.8,856.1,109.35,239.0,1.52,77.0,101620.0
1990-03-26 01:00:00+00:00,6.46,52.1,625.5,883.95,125.05,242.2,1.17,71.0,101660.0
1990-03-26 02:00:00+00:00,8.52,46.8,742.95,889.02,134.05,247.15,0.55,95.0,101660.0
1990-03-26 03:00:00+00:00,9.77,42.0,801.9,875.04,138.0,251.6,1.1,204.0,101620.0
1990-03-26 04:00:00+00:00,10.47,43.8,797.95,843.68,137.75,255.05,2.48,225.0,101560.0
1990-03-26 05:00:00+00:00,10.71,42.3,731.0,792.67,132.75,257.95,3.17,238.0,101500.0
1990-03-26 06:00:00+00:00,10.66,43.95,609.6,719.41,122.4,259.7,3.31,251.0,101430.0
1990-03-26 07:00:00+00:00,10.11,45.4,440.35,601.96,106.1,257.6,2.9,260.0,101360.0
1990-03-26 08:00:00+00:00,9.47,48.95,246.8,417.92,80.8,257.75,2.9,249.0,101340.0
1990-03-26 09:00:00+00:00,8.12,56.7,69.15,159.04,35.15,256.6,2.69,247.0,101320.0
1990-03-26 10:00:00+00:00,6.14,60.85,0.2,0.0,0.2,253.9,2.76,246.0,101350.0
1990-03-26 11:00:00+00:00,4.54,70.6,0.0,0.0,0.0,250.4,2.62,234.0,101390.0
1990-03-26 12:00:00+00:00,3.6,73.3,0.0,0.0,0.0,247.7,2.9,206.0,101410.0
1990-03-26 13:00:00+00:00,3.08,85.35,0.0,0.0,0.0,245.0,3.66,192.0,101400.0
1990-03-26 14:00:00+00:00,3.19,82.2,0.0,0.0,0.0,243.65,4.41,190.0,101380.0
1990-03-26 15:00:00+00:00,3.46,85.4,0.0,0.0,0.0,241.9,4.83,195.0,101360.0
1990-03-26 16:00:00+00:00,3.52,82.2,0.0,0.0,0.0,241.3,4.83,199.0,101360.0
1990-03-26 17:00:00+00:00,3.4,82.2,0.0,0.0,0.0,240.55,4.76,201.0,101340.0
1990-03-26 18:00:00+00:00,3.25,79.1,0.0,0.0,0.0,240.35,4.9,200.0,101310.0
1990-03-26 19:00:00+00:00,3.69,76.15,0.0,0.0,0.0,241.7,5.72,204.0,101230.0
1990-03-26 20:00:00+00:00,3.72,76.15,0.0,0.0,0.0,242.65,5.72,205.0,101180.0
1990-03-26 21:00:00+00:00,3.69,76.15,0.0,0.0,0.0,243.25,5.66,205.0,101180.0
1990-03-26 22:00:00+00:00,3.64,76.15,43.2,0.0,43.2,244.05,5.59,203.0,101150.0
1990-03-26 23:00:00+00:00,4.56,76.25,273.65,823.57,85.35,245.75,5.45,202.0,101150.0
1990-03-27 00:00:00+00:00,6.41,68.3,467.0,859.59,109.6,248.65,5.59,202.0,101160.0
1990-03-27 01:00:00+00:00,8.11,66.05,632.4,887.53,125.45,252.65,6.0,206.0,101160.0
1990-03-27 02:00:00+00:00,9.52,61.55,750.3,891.77,135.25,257.4,6.28,208.0,101140.0
1990-03-27 03:00:00+00:00,10.75,57.4,809.15,876.81,139.95,261.45,6.55,211.0,101070.0
1990-03-27 04:00:00+00:00,11.8,55.5,804.7,845.49,139.5,265.3,6.83,212.0,100990.0
1990-03-27 05:00:00+00:00,12.55,53.6,737.55,795.31,134.15,268.05,7.1,212.0,100900.0
1990-03-27 06:00:00+00:00,12.81,55.65,614.95,722.14,123.2,269.2,7.31,211.0,100790.0
1990-03-27 07:00:00+00:00,12.81,55.65,445.5,606.17,106.75,268.2,7.38,210.0,100700.0
1990-03-27 08:00:00+00:00,12.16,57.65,249.9,418.7,82.15,267.25,0.0,0.0,100630.0
1990-03-27 09:00:00+00:00,11.12,61.85,71.75,162.31,36.5,269.0,0.0,0.0,100610.0
1990-03-27 10:00:00+00:00,9.68,64.0,0.35,0.0,0.35,263.0,7.1,198.0,100610.0
1990-03-27 11:00:00+00:00,8.58,71.35,0.0,0.0,0.0,259.5,7.52,191.0,100640.0
1990-03-27 12:00:00+00:00,7.82,71.25,0.0,0.0,0.0,261.45,7.59,191.0,100680.0
1990-03-27 13:00:00+00:00,7.23,71.15,0.0,0.0,0.0,270.35,6.34,199.0,100750.0
1990-03-27 14:00:00+00:00,6.05,79.4,0.0,0.0,0.0,267.25,3.66,250.0,100920.0
1990-03-27 15:00:00+00:00,4.72,85.55,0.0,0.0,0.0,270.55,3.66,293.0,101070.0
1990-03-27 16:00:00+00:00,4.24,85.5,0.0,0.0,0.0,264.95,3.38,331.0,101160.0
1990-03-27 17:00:00+00:00,4.74,68.0,0.0,0.0,0.0,261.45,5.93,4.0,101260.0
1990-03-27 18:00:00+00:00,4.53,49.55,0.0,0.0,0.0,249.05,6.0,5.0,101340.0
1990-03-27 19:00:00+00:00,3.82,40.3,0.0,0.0,0.0,245.95,5.1,5.0,101400.0
1990-03-27 20:00:00+00:00,3.32,38.55,0.0,0.0,0.0,244.6,5.1,2.0,101430.0
1990-03-27 21:00:00+00:00,2.58,39.9,0.0,0.0,0.0,233.95,5.03,1.0,101430.0
1990-03-27 22:00:00+00:00,1.97,41.55,45.85,0.0,45.85,233.2,5.1,358.0,101510.0
1990-03-27 23:00:00+00:00,2.28,43.3,288.65,855.57,88.4,217.7,5.17,357.0,101590.0
1990-03-28 00:00:00+00:00,3.62,38.7,487.65,888.95,113.4,215.4,5.45,354.0,101690.0
1990-03-28 01:00:00+00:00,4.95,34.45,653.2,910.55,128.55,215.9,6.48,355.0,101720.0
1990-03-28 02:00:00+00:00,6.18,30.85,775.5,917.93,138.05,219.05,7.38,359.0,101730.0
1990-03-28 03:00:00+00:00,7.2,28.65,833.35,900.56,142.0,221.2,7.52,357.0,101710.0
1990-03-28 04:00:00+00:00,7.98,26.5,818.0,833.69,158.6,222.15,7.59,354.0,101670.0
1990-03-28 05:00:00+00:00,8.53,24.5,755.1,800.59,144.55,229.7,7.59,351.0,101630.0
1990-03-28 06:00:00+00:00,8.86,22.65,630.75,728.1,132.25,227.2,7.52,349.0,101580.0
1990-03-28 07:00:00+00:00,8.62,23.5,462.2,629.76,108.05,229.15,7.66,349.0,101550.0
1990-03-28 08:00:00+00:00,8.29,23.5,262.35,442.02,83.75,223.3,7.38,348.0,101580.0
1990-03-28 09:00:00+00:00,7.67,24.4,76.8,173.43,38.55,223.3,6.48,345.0,101600.0
1990-03-28 10:00:00+00:00,6.42,27.2,0.45,0.0,0.45,222.95,5.72,340.0,101650.0
1990-03-28 11:00:00+00:00,5.03,30.4,0.0,0.0,0.0,221.0,4.97,332.0,101700.0
1990-03-28 12:00:00+00:00,3.85,34.15,0.0,0.0,0.0,219.45,4.41,325.0,101760.0
1990-03-28 13:00:00+00:00,2.97,36.85,0.0,0.0,0.0,218.1,4.41,325.0,101800.0
1990-03-28 14:00:00+00:00,2.32,38.25,0.0,0.0,0.0,217.9,4.55,331.0,101850.0
1990-03-28 15:00:00+00:00,1.89,36.7,0.0,0.0,0.0,216.95,4.83,336.0,101850.0
1990-03-28 16:00:00+00:00,1.67,33.75,0.0,0.0,0.0,215.75,5.03,338.0,101880.0
1990-03-28 17:00:00+00:00,1.37,33.6,0.0,0.0,0.0,214.8,5.03,337.0,101900.0
1990-03-28 18:00:00+00:00,0.97,34.9,0.0,0.0,0.0,213.45,4.97,334.0,101910.0
1990-03-28 19:00:00+00:00,0.36,36.25,0.0,0.0,0.0,209.75,4.76,338.0,101960.0
1990-03-28 20:00:00+00:00,-0.09,36.1,0.0,0.0,0.0,207.65,4.55,339.0,101930.0
1990-03-28 21:00:00+00:00,-0.53,37.55,0.0,0.0,0.0,207.25,4.34,341.0,101960.0
1990-03-28 22:00:00+00:00,-0.96,39.0,101.65,1209.64,48.55,205.9,4.34,344.0,101970.0
1990-03-28 23:00:00+00:00,-0.19,37.7,296.0,855.93,91.05,205.15,4.34,347.0,102010.0
1990-03-29 00:00:00+00:00,1.44,30.85,495.85,892.08,115.65,205.15,5.17,352.0,102050.0
1990-03-29 01:00:00+00:00,3.13,28.75,665.3,918.51,131.5,206.2,5.52,356.0,102060.0
1990-03-29 02:00:00+00:00,4.65,26.8,785.4,921.56,141.1,208.4,5.24,355.0,102050.0
1990-03-29 03:00:00+00:00,5.88,25.95,844.1,905.64,144.85,210.95,4.97,347.0,101980.0
1990-03-29 04:00:00+00:00,6.81,24.1,837.65,872.49,143.95,213.45,4.97,339.0,101910.0
1990-03-29 05:00:00+00:00,7.39,24.25,766.75,819.83,138.35,216.15,4.83,333.0,101810.0
1990-03-29 06:00:00+00:00,7.68,25.4,638.15,741.96,127.45,218.85,4.41,324.0,101720.0
1990-03-29 07:00:00+00:00,7.73,25.4,463.6,624.12,110.45,220.6,3.79,320.0,101620.0
1990-03-29 08:00:00+00:00,7.47,28.65,263.7,439.45,84.65,222.35,3.17,302.0,101550.0
1990-03-29 09:00:00+00:00,6.7,36.5,78.05,173.07,39.3,224.3,2.41,272.0,101500.0
1990-03-29 10:00:00+00:00,5.27,44.15,0.65,0.0,0.65,224.85,3.1,240.0,101480.0
1990-03-29 11:00:00+00:00,3.21,53.4,0.0,0.0,0.0,225.85,4.48,232.0,101480.0
1990-03-29 12:00:00+00:00,2.04,57.6,0.0,0.0,0.0,226.6,4.83,230.0,101460.0
1990-03-29 13:00:00+00:00,1.63,57.6,0.0,0.0,0.0,225.05,4.83,217.0,101400.0
1990-03-29 14:00:00+00:00,1.49,57.45,0.0,0.0,0.0,224.5,5.1,208.0,101340.0
1990-03-29 15:00:00+00:00,1.51,57.45,0.0,0.0,0.0,225.65,5.45,199.0,101280.0
1990-03-29 16:00:00+00:00,1.66,55.3,0.0,0.0,0.0,229.15,5.93,193.0,101180.0
1990-03-29 17:00:00+00:00,2.06,55.3,0.0,0.0,0.0,230.85,6.55,197.0,101070.0
1990-03-29 18:00:00+00:00,2.62,60.05,0.0,0.0,0.0,233.95,6.76,207.0,100960.0
1990-03-29 19:00:00+00:00,3.88,57.95,0.0,0.0,0.0,237.85,6.9,226.0,100760.0
1990-03-29 20:00:00+00:00,4.05,55.7,0.0,0.0,0.0,239.6,6.0,231.0,100710.0
1990-03-29 21:00:00+00:00,3.87,57.95,0.0,0.0,0.0,242.3,5.1,233.0,100710.0
1990-03-29 22:00:00+00:00,3.66,57.95,97.25,1011.53,47.3,243.65,4.55,233.0,100710.0
1990-03-29 23:00:00+00:00,4.69,55.95,284.85,796.31,89.9,245.0,3.72,242.0,100760.0
1990-03-30 00:00:00+00:00,7.16,46.55,476.65,844.09,112.55,245.4,2.9,270.0,100840.0
1990-03-30 01:00:00+00:00,9.34,35.75,639.7,872.41,128.4,248.8,2.9,320.0,100900.0
1990-03-30 02:00:00+00:00,10.94,29.6,755.95,877.67,138.25,251.95,3.79,355.0,100930.0
1990-03-30 03:00:00+00:00,12.38,26.65,814.95,865.39,143.0,254.5,4.48,6.0,100920.0
1990-03-30 04:00:00+00:00,13.55,25.7,812.15,837.69,142.7,255.85,5.1,6.0,100900.0
1990-03-30 05:00:00+00:00,14.2,24.0,746.9,791.09,137.5,256.05,5.45,6.0,100880.0
1990-03-30 06:00:00+00:00,14.39,23.05,627.05,722.63,127.05,254.5,5.59,8.0,100880.0
1990-03-30 07:00:00+00:00,14.11,23.85,457.75,610.32,110.3,250.8,6.34,15.0,100890.0
1990-03-30 08:00:00+00:00,13.63,24.7,262.4,431.97,84.95,249.65,5.86,16.0,100950.0
1990-03-30 09:00:00+00:00,12.61,25.6,79.35,171.86,40.3,248.65,4.76,24.0,100990.0
1990-03-30 10:00:00+00:00,10.69,28.45,0.8,0.0,0.8,247.15,3.52,60.0,101020.0
1990-03-30 11:00:00+00:00,8.38,35.45,0.0,0.0,0.0,245.6,3.72,114.0,101010.0
1990-03-30 12:00:00+00:00,6.56,41.0,0.0,0.0,0.0,244.2,3.66,126.0,101050.0
1990-03-30 13:00:00+00:00,5.25,44.15,0.0,0.0,0.0,243.25,3.1,120.0,101120.0
1990-03-30 14:00:00+00:00,4.05,55.7,0.0,0.0,0.0,242.3,1.31,148.0,101240.0
1990-03-30 15:00:00+00:00,2.03,62.35,0.0,0.0,0.0,241.3,2.0,260.0,101340.0
1990-03-30 16:00:00+00:00,1.4,64.8,0.0,0.0,0.0,240.75,2.76,277.0,101420.0
1990-03-30 17:00:00+00:00,0.89,70.05,0.0,0.0,0.0,239.6,2.21,297.0,101460.0
1990-03-30 18:00:00+00:00,1.12,64.8,0.0,0.0,0.0,238.05,1.86,352.0,101460.0
1990-03-30 19:00:00+00:00,1.35,57.45,0.0,0.0,0.0,235.15,4.97,11.0,101500.0
1990-03-30 20:00:00+00:00,1.15,57.45,0.0,0.0,0.0,232.6,4.97,18.0,101560.0
1990-03-30 21:00:00+00:00,0.81,59.7,0.0,0.0,0.0,230.3,4.97,20.0,101640.0
1990-03-30 22:00:00+00:00,0.5,62.0,105.2,989.11,50.95,228.15,5.1,22.0,101710.0
1990-03-30 23:00:00+00:00,1.35,57.45,285.45,738.13,100.8,227.0,5.03,26.0,101790.0
1990-03-31 00:00:00+00:00,3.3,51.3,464.85,740.59,141.6,233.4,5.45,29.0,101850.0
1990-03-31 01:00:00+00:00,5.49,44.15,576.25,583.8,231.25,235.8,5.45,32.0,101920.0
1990-03-31 02:00:00+00:00,7.49,36.6,647.25,489.06,300.8,255.25,5.38,34.0,101950.0
1990-03-31 03:00:00+00:00,8.94,31.55,699.5,502.7,307.0,259.7,5.17,36.0,101920.0
1990-03-31 04:00:00+00:00,9.93,28.15,633.4,368.28,337.6,267.05,4.9,37.0,101870.0
1990-03-31 05:00:00+00:00,10.28,27.2,563.8,298.54,332.7,273.05,4.69,36.0,101820.0
1990-03-31 06:00:00+00:00,10.41,27.2,416.7,176.93,293.65,284.3,4.48,35.0,101760.0
1990-03-31 07:00:00+00:00,10.26,27.2,243.85,65.74,206.2,289.7,4.0,30.0,101740.0
1990-03-31 08:00:00+00:00,9.91,29.35,150.9,40.21,134.25,295.1,3.59,31.0,101730.0
1990-03-31 09:00:00+00:00,9.47,31.7,53.4,36.44,45.0,289.5,3.1,33.0,101740.0
1990-03-31 10:00:00+00:00,8.17,35.45,0.8,0.0,0.8,270.75,2.9,34.0,101770.0
1990-03-31 11:00:00+00:00,6.5,41.0,0.0,0.0,0.0,257.2,3.17,38.0,101830.0
1990-03-31 12:00:00+00:00,4.94,45.85,0.0,0.0,0.0,240.55,3.38,44.0,101880.0
1990-03-31 13:00:00+00:00,3.84,49.4,0.0,0.0,0.0,238.6,3.45,52.0,101930.0
1990-03-31 14:00:00+00:00,2.94,53.25,0.0,0.0,0.0,233.75,3.59,61.0,101960.0
1990-03-31 15:00:00+00:00,2.3,55.3,0.0,0.0,0.0,233.4,3.66,71.0,101950.0
1990-03-31 16:00:00+00:00,-2.11,62.73,0.0,0.0,0.0,207.93,2.17,81.0,101980.0
1990-03-31 17:00:00+00:00,-1.23,62.26,0.0,0.0,0.0,214.71,2.38,87.0,101970.0
1990-03-31 18:00:00+00:00,-0.35,61.8,0.0,0.0,0.0,221.49,2.6,87.0,101970.0
1990-03-31 19:00:00+00:00,0.53,61.34,0.0,0.0,0.0,228.26,2.81,62.0,101960.0
1990-03-31 20:00:00+00:00,1.42,60.87,0.0,0.0,0.0,235.04,3.03,56.0,101930.0
1990-03-31 21:00:00+00:00,2.3,60.41,0.0,0.0,0.0,241.82,3.24,52.0,101950.0
1990-03-31 22:00:00+00:00,3.18,59.95,106.65,800.24,58.4,248.59,3.46,44.0,102000.0
1990-03-31 23:00:00+00:00,4.06,59.48,296.1,762.89,101.2,255.37,3.67,42.0,102020.0
1990-04-01 00:00:00+00:00,4.94,59.02,476.25,804.86,116.8,262.15,3.89,207.0,101590.0
1990-04-01 01:00:00+00:00,5.82,58.55,614.9,765.1,155.4,268.92,4.1,209.0,101570.0
1990-04-01 02:00:00+00:00,6.7,58.09,603.15,445.25,283.7,275.7,4.32,213.0,101510.0
1990-04-01 03:00:00+00:00,7.58,57.63,622.85,359.13,339.4,282.48,4.53,219.0,101450.0
1990-04-01 04:00:00+00:00,8.46,57.16,568.4,272.77,347.15,289.26,4.75,222.0,101400.0
1990-04-01 05:00:00+00:00,9.35,56.7,472.8,211.45,307.55,296.03,4.96,221.0,101330.0
1990-04-01 06:00:00+00:00,10.23,56.24,285.2,131.75,192.65,302.81,5.18,220.0,101250.0
1990-04-01 07:00:00+00:00,11.11,55.77,221.9,73.7,179.2,309.59,5.4,217.0,101200.0
1990-04-01 08:00:00+00:00,8.85,59.0,87.15,11.53,82.3,316.4,3.79,208.0,101090.0
1990-04-01 09:00:00+00:00,8.78,56.8,24.7,4.64,23.6,318.75,3.79,187.0,101010.0
1990-04-01 10:00:00+00:00,8.78,54.65,0.3,0.0,0.3,316.4,4.83,171.0,100920.0
1990-04-01 11:00:00+00:00,8.96,48.8,0.0,0.0,0.0,319.9,6.0,179.0,100870.0
1990-04-01 12:00:00+00:00,8.72,52.6,0.0,0.0,0.0,323.75,7.17,192.0,100850.0
1990-04-01 13:00:00+00:00,8.28,58.9,0.0,0.0,0.0,326.5,6.76,192.0,100820.0
1990-04-01 14:00:00+00:00,8.04,61.2,0.0,0.0,0.0,319.7,6.28,192.0,100730.0
1990-04-01 15:00:00+00:00,7.49,65.95,0.0,0.0,0.0,295.3,5.86,194.0,100650.0
1990-04-01 16:00:00+00:00,6.8,71.05,0.0,0.0,0.0,270.75,5.31,192.0,100580.0
1990-04-01 17:00:00+00:00,6.18,76.55,0.0,0.0,0.0,263.95,5.1,190.0,100470.0
1990-04-01 18:00:00+00:00,5.76,85.65,0.0,0.0,0.0,267.45,4.97,188.0,100370.0
1990-04-01 19:00:00+00:00,5.39,82.5,0.0,0.0,0.0,257.75,4.21,182.0,100310.0
1990-04-01 20:00:00+00:00,5.02,88.85,0.0,0.0,0.0,261.65,4.07,187.0,100230.0
1990-04-01 21:00:00+00:00,4.78,92.25,0.0,0.0,0.0,260.3,3.79,207.0,100180.0
1990-04-01 22:00:00+00:00,4.46,92.25,94.45,635.56,49.25,269.2,2.97,250.0,100190.0
1990-04-01 23:00:00+00:00,5.11,92.25,204.05,391.34,99.95,276.55,2.14,278.0,100220.0
1990-04-02 00:00:00+00:00,5.93,85.7,282.8,237.82,175.4,277.1,2.21,275.0,100240.0
1990-04-02 01:00:00+00:00,7.02,82.6,495.35,449.77,223.1,283.45,3.52,283.0,100280.0
1990-04-02 02:00:00+00:00,8.36,73.95,587.65,434.89,273.7,285.85,4.41,287.0,100330.0
1990-04-02 03:00:00+00:00,9.56,61.55,770.05,761.07,166.2,290.1,4.21,278.0,100340.0
1990-04-02 04:00:00+00:00,10.75,55.15,811.65,811.66,150.15,260.85,4.41,263.0,100340.0
1990-04-02 05:00:00+00:00,11.5,51.35,737.65,747.31,150.9,256.05,5.38,256.0,100310.0
1990-04-02 06:00:00+00:00,11.8,47.6,593.65,627.34,150.8,263.6,6.0,255.0,100290.0
1990-04-02 07:00:00+00:00,11.62,44.1,411.95,475.88,134.65,269.4,5.93,278.0,100380.0
1990-04-02 08:00:00+00:00,11.6,39.25,258.35,406.93,85.85,267.65,5.59,299.0,100440.0
1990-04-02 09:00:00+00:00,11.44,34.9,82.05,155.41,44.7,253.7,5.72,310.0,100520.0
1990-04-02 10:00:00+00:00,10.24,33.1,1.5,0.0,1.5,250.6,6.21,314.0,100640.0
1990-04-02 11:00:00+00:00,8.92,30.3,0.0,0.0,0.0,244.8,6.83,320.0,100780.0
1990-04-02 12:00:00+00:00,7.81,28.65,0.0,0.0,0.0,233.4,6.48,320.0,100920.0
1990-04-02 13:00:00+00:00,6.63,30.95,0.0,0.0,0.0,225.45,4.34,313.0,100950.0
1990-04-02 14:00:00+00:00,5.66,39.25,0.0,0.0,0.0,221.2,2.69,287.0,100970.0
1990-04-02 15:00:00+00:00,4.44,45.85,0.0,0.0,0.0,219.85,2.69,261.0,100990.0
1990-04-02 16:00:00+00:00,3.42,55.7,0.0,0.0,0.0,221.2,2.9,251.0,100980.0
1990-04-02 17:00:00+00:00,2.97,62.6,0.0,0.0,0.0,221.4,3.17,233.0,101000.0
1990-04-02 18:00:00+00:00,3.09,65.1,0.0,0.0,0.0,221.6,3.86,218.0,100960.0
1990-04-02 19:00:00+00:00,2.87,62.6,0.0,0.0,0.0,220.6,3.86,228.0,101000.0
1990-04-02 20:00:00+00:00,3.1,62.6,0.0,0.0,0.0,221.4,4.34,230.0,100950.0
1990-04-02 21:00:00+00:00,3.28,65.1,0.0,0.0,0.0,222.55,4.69,230.0,100930.0
1990-04-02 22:00:00+00:00,3.47,65.2,118.6,836.05,54.65,223.7,5.17,226.0,100920.0
1990-04-02 23:00:00+00:00,4.73,62.95,309.6,795.65,93.8,225.45,5.66,223.0,100950.0
1990-04-03 00:00:00+00:00,6.34,54.15,501.65,836.49,119.75,229.5,6.62,224.0,100940.0
1990-04-03 01:00:00+00:00,7.64,50.35,661.5,847.7,144.4,236.2,7.03,227.0,100940.0
1990-04-03 02:00:00+00:00,8.67,45.0,781.05,867.47,151.0,241.9,7.1,232.0,100940.0
1990-04-03 03:00:00+00:00,9.57,43.55,839.65,862.66,151.65,245.75,6.69,234.0,100890.0
1990-04-03 04:00:00+00:00,10.35,42.0,836.3,842.0,146.85,244.4,6.41,233.0,100820.0
1990-04-03 05:00:00+00:00,10.9,40.65,760.5,776.44,148.1,245.95,6.41,228.0,100720.0
1990-04-03 06:00:00+00:00,11.11,42.3,626.35,689.83,137.05,253.9,6.69,225.0,100640.0
1990-04-03 07:00:00+00:00,10.6,47.35,448.35,549.77,126.2,259.1,6.97,222.0,100640.0
1990-04-03 08:00:00+00:00,9.98,51.0,255.3,380.81,92.65,260.65,6.62,221.0,100640.0
1990-04-03 09:00:00+00:00,9.18,56.9,81.3,146.78,45.55,267.45,6.07,222.0,100640.0
1990-04-03 10:00:00+00:00,8.3,61.2,1.7,0.0,1.7,269.95,6.0,223.0,100660.0
1990-04-03 11:00:00+00:00,7.73,63.5,0.0,0.0,0.0,270.35,5.66,224.0,100710.0
1990-04-03 12:00:00+00:00,7.4,63.5,0.0,0.0,0.0,264.55,5.03,230.0,100790.0
1990-04-03 13:00:00+00:00,7.08,68.4,0.0,0.0,0.0,265.5,4.07,243.0,100870.0
1990-04-03 14:00:00+00:00,6.65,71.05,0.0,0.0,0.0,258.95,3.1,253.0,100940.0
1990-04-03 15:00:00+00:00,5.58,79.4,0.0,0.0,0.0,249.65,2.0,234.0,100970.0
1990-04-03 16:00:00+00:00,4.44,82.35,0.0,0.0,0.0,245.75,2.0,194.0,101000.0
1990-04-03 17:00:00+00:00,3.17,88.7,0.0,0.0,0.0,242.1,2.55,173.0,101000.0
1990-04-03 18:00:00+00:00,3.09,88.7,0.0,0.0,0.0,240.75,3.17,166.0,101000.0
1990-04-03 19:00:00+00:00,3.38,85.45,0.0,0.0,0.0,240.15,3.45,180.0,100990.0
1990-04-03 20:00:00+00:00,3.62,85.45,0.0,0.0,0.0,238.6,3.72,181.0,100970.0
1990-04-03 21:00:00+00:00,3.79,85.45,0.0,0.0,0.0,238.8,3.72,181.0,100970.0
1990-04-03 22:00:00+00:00,4.01,82.3,119.6,780.87,55.7,238.2,3.86,182.0,101030.0
1990-04-03 23:00:00+00:00,5.57,76.5,309.1,778.4,93.95,240.55,3.72,187.0,101060.0
1990-04-04 00:00:00+00:00,8.16,68.6,501.45,831.94,117.55,244.05,3.93,195.0,101120.0
1990-04-04 01:00:00+00:00,10.01,59.35,664.3,863.6,133.5,249.15,4.0,207.0,101150.0
1990-04-04 02:00:00+00:00,11.35,57.4,779.2,870.12,143.45,255.05,4.07,219.0,101170.0
1990-04-04 03:00:00+00:00,12.29,55.5,836.3,858.62,148.05,259.7,4.21,229.0,101160.0
1990-04-04 04:00:00+00:00,12.95,51.75,832.4,835.1,145.45,263.4,4.28,233.0,101120.0
1990-04-04 05:00:00+00:00,13.41,51.75,767.45,790.58,141.1,264.55,4.14,234.0,101090.0
1990-04-04 06:00:00+00:00,13.61,50.0,637.6,711.35,130.65,264.75,3.86,232.0,101030.0
1990-04-04 07:00:00+00:00,13.95,48.25,467.1,600.23,113.45,264.95,3.59,226.0,101000.0
1990-04-04 08:00:00+00:00,13.45,51.9,271.7,426.69,88.1,265.1,3.1,219.0,100970.0
1990-04-04 09:00:00+00:00,12.37,59.85,88.9,176.27,45.4,264.75,2.69,210.0,100990.0
1990-04-04 10:00:00+00:00,10.51,66.55,2.1,1.95,2.0,262.2,3.03,202.0,101030.0
1990-04-04 11:00:00+00:00,8.94,71.4,0.0,0.0,0.0,259.3,3.17,200.0,101090.0
1990-04-04 12:00:00+00:00,8.11,76.8,0.0,0.0,0.0,257.4,2.97,201.0,101190.0
1990-04-04 13:00:00+00:00,7.49,79.65,0.0,0.0,0.0,256.4,2.9,200.0,101240.0
1990-04-04 14:00:00+00:00,6.82,82.6,0.0,0.0,0.0,255.85,2.62,192.0,101270.0
1990-04-04 15:00:00+00:00,5.77,88.9,0.0,0.0,0.0,255.45,2.28,178.0,101270.0
1990-04-04 16:00:00+00:00,4.81,88.85,0.0,0.0,0.0,255.25,2.14,165.0,101250.0
1990-04-04 17:00:00+00:00,4.24,88.8,0.0,0.0,0.0,254.65,2.48,155.0,101230.0
1990-04-04 18:00:00+00:00,4.76,82.35,0.0,0.0,0.0,254.65,3.31,161.0,101180.0
1990-04-04 19:00:00+00:00,5.44,73.65,0.0,0.0,0.0,256.8,3.52,168.0,101180.0
1990-04-04 20:00:00+00:00,5.81,70.85,0.0,0.0,0.0,258.35,3.52,169.0,101140.0
1990-04-04 21:00:00+00:00,6.05,68.3,0.0,0.0,0.0,259.1,3.72,174.0,101180.0
1990-04-04 22:00:00+00:00,6.45,68.4,120.9,739.03,56.5,259.7,4.0,182.0,101220.0
1990-04-04 23:00:00+00:00,8.17,68.6,305.6,742.18,96.65,260.65,3.93,183.0,101280.0
1990-04-05 00:00:00+00:00,10.61,61.75,498.65,818.55,116.95,264.35,4.21,182.0,101340.0
1990-04-05 01:00:00+00:00,12.53,55.65,660.7,851.96,133.15,267.55,4.83,183.0,101380.0
1990-04-05 02:00:00+00:00,13.95,52.0,775.0,857.9,144.5,270.55,5.1,192.0,101390.0
1990-04-05 03:00:00+00:00,15.12,48.55,830.3,845.61,149.1,275.0,5.38,199.0,101380.0
1990-04-05 04:00:00+00:00,15.88,48.65,821.55,814.89,148.2,279.25,5.86,206.0,101310.0
1990-04-05 05:00:00+00:00,15.98,48.8,750.6,764.82,142.0,282.75,6.41,213.0,101260.0
1990-04-05 06:00:00+00:00,15.54,50.5,628.15,695.02,130.55,284.1,6.55,217.0,101200.0
1990-04-05 07:00:00+00:00,14.95,52.25,458.55,582.99,113.2,281.4,6.34,216.0,101150.0
1990-04-05 08:00:00+00:00,14.27,53.95,266.45,412.75,87.55,280.6,6.07,213.0,101140.0
1990-04-05 09:00:00+00:00,13.46,55.9,87.95,170.03,45.45,279.05,6.07,208.0,101120.0
1990-04-05 10:00:00+00:00,12.49,57.75,2.35,1.84,2.25,277.1,6.14,202.0,101100.0
1990-04-05 11:00:00+00:00,11.89,62.0,0.0,0.0,0.0,274.6,6.07,195.0,101110.0
1990-04-05 12:00:00+00:00,11.69,62.0,0.0,0.0,0.0,273.25,6.0,188.0,101170.0
1990-04-05 13:00:00+00:00,11.48,62.0,0.0,0.0,0.0,276.95,6.21,183.0,101180.0
1990-04-05 14:00:00+00:00,11.33,61.85,0.0,0.0,0.0,280.4,6.69,181.0,101170.0
1990-04-05 15:00:00+00:00,11.24,59.6,0.0,0.0,0.0,292.05,7.17,187.0,101180.0
1990-04-05 16:00:00+00:00,10.89,53.25,0.0,0.0,0.0,293.4,7.45,198.0,101220.0
1990-04-05 17:00:00+00:00,10.3,57.15,0.0,0.0,0.0,292.8,7.24,202.0,101230.0
1990-04-05 18:00:00+00:00,9.89,57.15,0.0,0.0,0.0,299.0,6.9,199.0,101170.0
1990-04-05 19:00:00+00:00,9.83,61.55,0.0,0.0,0.0,294.55,7.03,202.0,101140.0
1990-04-05 20:00:00+00:00,9.81,63.9,0.0,0.0,0.0,306.55,6.55,198.0,101090.0
1990-04-05 21:00:00+00:00,9.81,66.35,0.0,0.0,0.0,314.1,5.72,196.0,101040.0
1990-04-05 22:00:00+00:00,9.63,68.9,73.8,108.21,63.8,309.25,4.83,196.0,101040.0
1990-04-05 23:00:00+00:00,9.82,71.5,155.5,46.93,142.05,303.05,4.55,200.0,101060.0
1990-04-06 00:00:00+00:00,10.24,74.3,256.6,104.96,207.15,307.3,4.9,203.0,101120.0
1990-04-06 01:00:00+00:00,10.96,74.45,310.05,94.35,251.2,303.75,6.28,184.0,101140.0
1990-04-06 02:00:00+00:00,11.95,71.95,369.9,93.42,300.85,315.05,7.45,174.0,101090.0
1990-04-06 03:00:00+00:00,12.58,69.45,425.1,125.02,323.9,334.8,7.1,180.0,101050.0
1990-04-06 04:00:00+00:00,12.89,72.05,312.15,57.83,264.15,343.3,7.17,188.0,101000.0
1990-04-06 05:00:00+00:00,12.44,69.45,198.85,30.84,174.2,356.3,6.76,186.0,100950.0
1990-04-06 06:00:00+00:00,11.85,71.85,97.0,0.0,97.0,361.1,6.21,176.0,100890.0
1990-04-06 07:00:00+00:00,11.61,71.85,83.1,0.0,83.1,362.85,5.86,179.0,100840.0
1990-04-06 08:00:00+00:00,11.07,71.75,54.25,0.0,54.25,357.25,6.07,175.0,100820.0
1990-04-06 09:00:00+00:00,10.62,71.7,15.9,0.0,15.9,354.95,6.28,175.0,100810.0
1990-04-06 10:00:00+00:00,10.1,71.6,0.65,0.0,0.65,352.6,6.28,174.0,100810.0
1990-04-06 11:00:00+00:00,9.63,68.9,0.0,0.0,0.0,350.65,5.86,173.0,100810.0
1990-04-06 12:00:00+00:00,9.26,71.4,0.0,0.0,0.0,348.95,5.31,174.0,100870.0
1990-04-06 13:00:00+00:00,8.94,71.4,0.0,0.0,0.0,345.85,4.62,173.0,100880.0
1990-04-06 14:00:00+00:00,8.66,74.05,0.0,0.0,0.0,338.85,4.14,168.0,100850.0
1990-04-06 15:00:00+00:00,8.15,76.8,0.0,0.0,0.0,308.65,3.93,160.0,100800.0
1990-04-06 16:00:00+00:00,7.6,79.65,0.0,0.0,0.0,285.45,3.1,167.0,100780.0
1990-04-06 17:00:00+00:00,7.24,82.6,0.0,0.0,0.0,285.45,2.69,205.0,100830.0
1990-04-06 18:00:00+00:00,6.95,82.6,0.0,0.0,0.0,299.0,2.76,215.0,100820.0
1990-04-06 19:00:00+00:00,6.37,82.6,0.0,0.0,0.0,273.45,3.1,200.0,100780.0
1990-04-06 20:00:00+00:00,6.27,85.7,0.0,0.0,0.0,285.65,3.1,204.0,100800.0
1990-04-06 21:00:00+00:00,6.27,85.7,0.0,0.0,0.0,298.2,3.31,193.0,100820.0
1990-04-06 22:00:00+00:00,6.59,82.6,94.25,339.47,61.1,318.75,3.1,186.0,100840.0
1990-04-06 23:00:00+00:00,7.41,79.65,244.35,441.59,115.55,312.95,3.17,185.0,100870.0
1990-04-07 00:00:00+00:00,8.88,71.4,402.9,480.6,174.2,308.5,3.45,188.0,100890.0
1990-04-07 01:00:00+00:00,10.38,71.6,538.8,548.54,194.2,315.55,3.59,200.0,100930.0
1990-04-07 02:00:00+00:00,11.41,69.25,669.5,639.55,194.1,316.6,3.93,215.0,100970.0
1990-04-07 03:00:00+00:00,12.2,69.35,723.75,641.4,202.05,313.7,4.21,226.0,100970.0
1990-04-07 04:00:00+00:00,12.39,69.35,722.85,622.68,203.8,320.1,4.48,237.0,100960.0
1990-04-07 05:00:00+00:00,12.49,69.45,680.05,635.91,169.7,317.55,4.76,243.0,100920.0
1990-04-07 06:00:00+00:00,12.21,74.6,588.55,603.11,152.85,311.0,4.69,248.0,100860.0
1990-04-07 07:00:00+00:00,12.18,74.6,435.05,495.2,138.6,298.6,4.55,255.0,100820.0
1990-04-07 08:00:00+00:00,11.27,80.1,230.75,253.84,119.15,296.1,4.48,254.0,100820.0
1990-04-07 09:00:00+00:00,9.99,86.0,76.7,81.16,55.9,296.85,4.0,249.0,100860.0
1990-04-07 10:00:00+00:00,8.57,92.4,2.8,1.64,2.7,293.95,3.59,243.0,100890.0
1990-04-07 11:00:00+00:00,7.51,95.8,0.0,0.0,0.0,296.1,3.17,238.0,100980.0
1990-04-07 12:00:00+00:00,7.17,99.4,0.0,0.0,0.0,305.4,3.03,232.0,101040.0
1990-04-07 13:00:00+00:00,7.11,99.4,0.0,0.0,0.0,307.7,2.9,230.0,101100.0
1990-04-07 14:00:00+00:00,7.07,99.4,0.0,0.0,0.0,303.25,2.62,230.0,101140.0
1990-04-07 15:00:00+00:00,7.07,99.4,0.0,0.0,0.0,308.5,2.34,234.0,101140.0
1990-04-07 16:00:00+00:00,7.0,99.4,0.0,0.0,0.0,311.0,2.14,239.0,101160.0
1990-04-07 17:00:00+00:00,6.88,99.4,0.0,0.0,0.0,309.85,2.14,236.0,101180.0
1990-04-07 18:00:00+00:00,6.61,95.8,0.0,0.0,0.0,305.4,2.34,229.0,101170.0
1990-04-07 19:00:00+00:00,6.76,95.8,0.0,0.0,0.0,298.05,2.69,218.0,101110.0
1990-04-07 20:00:00+00:00,6.71,95.8,0.0,0.0,0.0,296.85,2.21,206.0,101080.0
1990-04-07 21:00:00+00:00,6.58,95.8,0.0,0.0,0.0,301.5,1.79,181.0,101080.0
1990-04-07 22:00:00+00:00,6.25,95.8,121.6,529.42,67.15,287.2,1.86,167.0,101090.0
1990-04-07 23:00:00+00:00,7.8,92.35,311.45,691.33,106.35,282.75,1.52,173.0,101120.0
1990-04-08 00:00:00+00:00,10.05,79.95,500.75,767.02,132.15,278.65,1.72,202.0,101170.0
1990-04-08 01:00:00+00:00,11.76,71.85,661.4,824.59,139.75,281.3,2.62,225.0,101250.0
1990-04-08 02:00:00+00:00,13.05,67.05,780.45,854.52,141.75,284.5,2.83,227.0,101260.0
1990-04-08 03:00:00+00:00,14.38,62.55,822.5,810.27,160.35,282.55,2.69,220.0,101190.0
1990-04-08 04:00:00+00:00,15.6,56.35,824.95,806.57,149.75,288.15,2.76,218.0,101120.0
1990-04-08 05:00:00+00:00,16.52,52.65,705.5,658.84,174.55,290.85,3.31,223.0,101070.0
1990-04-08 06:00:00+00:00,16.32,54.45,618.55,649.33,147.4,299.4,4.07,234.0,101020.0
1990-04-08 07:00:00+00:00,15.77,56.35,452.45,534.72,130.7,302.3,3.79,248.0,100940.0
1990-04-08 08:00:00+00:00,14.98,60.5,249.35,298.84,117.05,296.65,3.1,251.0,100900.0
1990-04-08 09:00:00+00:00,13.91,67.15,81.1,87.7,58.35,307.3,2.97,259.0,100970.0
1990-04-08 10:00:00+00:00,12.09,74.6,3.25,1.56,3.15,300.75,2.76,272.0,101010.0
1990-04-08 11:00:00+00:00,10.61,83.0,0.0,0.0,0.0,298.05,2.34,281.0,101090.0
1990-04-08 12:00:00+00:00,9.57,89.15,0.0,0.0,0.0,282.75,1.66,292.0,101120.0
1990-04-08 13:00:00+00:00,8.78,95.85,0.0,0.0,0.0,287.2,1.03,318.0,101170.0
1990-04-08 14:00:00+00:00,9.51,85.95,0.0,0.0,0.0,290.85,0.69,360.0,101160.0
1990-04-08 15:00:00+00:00,9.41,85.95,0.0,0.0,0.0,285.45,0.76,78.0,101150.0
1990-04-08 16:00:00+00:00,7.66,95.8,0.0,0.0,0.0,296.5,1.38,110.0,101100.0
1990-04-08 17:00:00+00:00,7.06,95.8,0.0,0.0,0.0,296.85,1.66,111.0,101040.0
1990-04-08 18:00:00+00:00,7.43,92.35,0.0,0.0,0.0,293.2,1.45,99.0,100980.0
1990-04-08 19:00:00+00:00,9.22,85.95,0.0,0.0,0.0,294.15,0.76,142.0,100870.0
1990-04-08 20:00:00+00:00,7.4,89.0,0.0,0.0,0.0,291.45,1.45,141.0,100860.0
1990-04-08 21:00:00+00:00,6.43,89.0,0.0,0.0,0.0,297.45,2.28,150.0,100830.0
1990-04-08 22:00:00+00:00,6.82,89.0,48.65,8.33,47.75,303.45,2.07,162.0,100870.0
1990-04-08 23:00:00+00:00,8.76,82.75,113.35,9.78,110.4,308.85,0.62,278.0,100910.0
1990-04-09 00:00:00+00:00,9.82,79.9,178.2,20.92,168.05,314.1,2.62,328.0,100980.0
1990-04-09 01:00:00+00:00,10.47,77.15,249.95,13.34,241.45,318.65,2.83,340.0,101020.0
1990-04-09 02:00:00+00:00,11.47,74.55,302.75,35.33,276.2,320.5,1.59,353.0,101070.0
1990-04-09 03:00:00+00:00,12.43,69.45,344.4,27.77,321.6,325.7,0.28,25.0,101060.0
1990-04-09 04:00:00+00:00,13.17,64.65,302.9,12.19,292.65,325.7,0.76,213.0,101030.0
1990-04-09 05:00:00+00:00,13.4,64.65,327.4,37.14,297.35,326.5,1.79,244.0,100980.0
1990-04-09 06:00:00+00:00,13.32,64.65,303.05,43.09,271.65,325.1,2.48,260.0,100990.0
1990-04-09 07:00:00+00:00,15.26,58.35,271.45,73.33,227.1,325.3,2.69,315.0,100920.0
1990-04-09 08:00:00+00:00,14.94,60.5,183.25,80.87,147.2,326.85,2.69,329.0,100940.0
1990-04-09 09:00:00+00:00,14.38,62.55,63.7,12.76,60.35,318.15,4.07,350.0,100980.0
1990-04-09 10:00:00+00:00,12.76,62.2,2.6,0.0,2.6,309.25,6.41,5.0,101050.0
1990-04-09 11:00:00+00:00,10.91,61.85,0.0,0.0,0.0,313.9,6.97,11.0,101140.0
1990-04-09 12:00:00+00:00,9.63,61.55,0.0,0.0,0.0,302.85,6.62,16.0,101240.0
1990-04-09 13:00:00+00:00,8.7,63.7,0.0,0.0,0.0,284.85,6.34,16.0,101310.0
1990-04-09 14:00:00+00:00,8.0,61.2,0.0,0.0,0.0,279.65,6.41,16.0,101360.0
1990-04-09 15:00:00+00:00,7.4,61.1,0.0,0.0,0.0,277.7,6.48,17.0,101390.0
1990-04-09 16:00:00+00:00,6.83,58.65,0.0,0.0,0.0,271.9,6.55,19.0,101390.0
1990-04-09 17:00:00+00:00,6.24,60.85,0.0,0.0,0.0,268.05,6.28,22.0,101350.0
1990-04-09 18:00:00+00:00,5.66,60.75,0.0,0.0,0.0,262.05,6.14,22.0,101320.0
1990-04-09 19:00:00+00:00,4.38,60.5,0.0,0.0,0.0,252.55,6.97,15.0,101360.0
1990-04-09 20:00:00+00:00,3.84,60.4,0.0,0.0,0.0,249.25,6.97,21.0,101350.0
1990-04-09 21:00:00+00:00,3.35,62.7,0.0,0.0,0.0,245.95,6.55,24.0,101340.0
1990-04-09 22:00:00+00:00,3.07,65.1,134.95,597.21,67.4,244.8,6.69,13.0,101430.0
1990-04-09 23:00:00+00:00,3.45,60.3,318.35,683.8,108.75,242.5,7.24,15.0,101500.0
1990-04-10 00:00:00+00:00,4.54,55.95,501.8,721.85,148.25,241.9,7.17,22.0,101490.0
1990-04-10 01:00:00+00:00,6.21,54.15,659.1,759.52,172.05,243.35,6.9,24.0,101470.0
1990-04-10 02:00:00+00:00,8.08,50.45,788.0,825.11,164.65,248.5,6.69,15.0,101450.0
1990-04-10 03:00:00+00:00,9.84,47.05,850.55,838.85,158.8,247.9,6.69,12.0,101410.0
1990-04-10 04:00:00+00:00,11.39,43.95,842.65,811.56,157.65,251.2,6.41,21.0,101280.0
1990-04-10 05:00:00+00:00,12.62,41.1,775.2,771.55,148.4,254.65,5.86,17.0,101230.0
1990-04-10 06:00:00+00:00,13.43,36.85,644.8,688.58,140.9,257.2,5.72,17.0,101200.0
1990-04-10 07:00:00+00:00,13.48,36.85,476.75,583.53,122.1,258.15,6.41,9.0,101200.0
1990-04-10 08:00:00+00:00,13.24,36.7,280.6,407.0,97.95,263.6,6.62,11.0,101220.0
1990-04-10 09:00:00+00:00,12.53,36.55,95.4,167.16,51.0,266.5,6.34,14.0,101260.0
1990-04-10 10:00:00+00:00,11.28,40.65,4.3,3.53,4.05,266.3,6.21,15.0,101300.0
1990-04-10 11:00:00+00:00,9.93,42.0,0.0,0.0,0.0,260.85,6.21,12.0,101400.0
1990-04-10 12:00:00+00:00,9.12,43.4,0.0,0.0,0.0,276.35,6.28,5.0,101540.0
1990-04-10 13:00:00+00:00,8.47,45.0,0.0,0.0,0.0,298.05,6.34,3.0,101600.0
1990-04-10 14:00:00+00:00,7.88,46.65,0.0,0.0,0.0,306.35,6.0,4.0,101610.0
1990-04-10 15:00:00+00:00,7.52,48.4,0.0,0.0,0.0,319.3,5.59,4.0,101580.0
1990-04-10 16:00:00+00:00,7.14,50.2,0.0,0.0,0.0,310.8,5.31,5.0,101580.0
1990-04-10 17:00:00+00:00,6.77,50.2,0.0,0.0,0.0,306.55,5.03,3.0,101610.0
1990-04-10 18:00:00+00:00,6.31,50.05,0.0,0.0,0.0,301.3,5.03,3.0,101640.0
1990-04-10 19:00:00+00:00,5.68,49.95,0.0,0.0,0.0,280.6,5.24,4.0,101560.0
1990-04-10 20:00:00+00:00,5.3,51.8,0.0,0.0,0.0,281.2,5.17,6.0,101640.0
1990-04-10 21:00:00+00:00,4.82,53.8,0.0,0.0,0.0,265.7,5.24,10.0,101700.0
1990-04-10 22:00:00+00:00,4.59,55.95,114.65,357.11,72.45,262.2,5.24,11.0,101770.0
1990-04-10 23:00:00+00:00,5.19,53.9,336.45,760.52,99.65,251.4,5.59,15.0,101820.0
1990-04-11 00:00:00+00:00,6.71,50.2,524.75,809.22,124.75,241.9,6.62,17.0,101830.0
1990-04-11 01:00:00+00:00,8.47,46.8,685.05,838.91,143.55,244.9,7.1,18.0,101880.0
1990-04-11 02:00:00+00:00,10.23,42.0,800.35,851.4,153.8,247.3,7.45,21.0,101870.0
1990-04-11 03:00:00+00:00,11.74,39.25,856.7,842.47,158.9,251.4,7.45,24.0,101830.0
1990-04-11 04:00:00+00:00,12.93,35.3,849.8,815.99,158.3,253.3,7.1,23.0,101800.0
1990-04-11 05:00:00+00:00,13.81,32.8,780.55,770.57,152.1,254.5,6.9,22.0,101790.0
1990-04-11 06:00:00+00:00,14.29,28.15,652.55,691.18,144.65,253.7,6.83,21.0,101760.0
1990-04-11 07:00:00+00:00,13.9,26.9,485.4,594.69,122.2,252.35,6.83,19.0,101720.0
1990-04-11 08:00:00+00:00,13.59,24.85,290.3,430.33,95.9,249.45,6.55,17.0,101770.0
1990-04-11 09:00:00+00:00,12.87,26.65,105.0,190.92,53.7,247.7,5.86,17.0,101800.0
1990-04-11 10:00:00+00:00,11.48,28.6,5.0,6.08,4.55,245.6,5.59,21.0,101830.0
1990-04-11 11:00:00+00:00,9.93,30.55,0.0,0.0,0.0,243.05,5.31,24.0,101850.0
1990-04-11 12:00:00+00:00,8.8,35.45,0.0,0.0,0.0,241.15,4.9,29.0,101940.0
1990-04-11 13:00:00+00:00,7.87,36.75,0.0,0.0,0.0,239.75,4.69,34.0,102000.0
1990-04-11 14:00:00+00:00,7.09,41.15,0.0,0.0,0.0,239.95,4.21,38.0,102050.0
1990-04-11 15:00:00+00:00,6.34,44.45,0.0,0.0,0.0,239.0,3.79,39.0,102070.0
1990-04-11 16:00:00+00:00,5.9,44.45,0.0,0.0,0.0,251.0,3.52,42.0,102130.0
1990-04-11 17:00:00+00:00,5.63,44.3,0.0,0.0,0.0,264.55,3.66,52.0,102060.0
1990-04-11 18:00:00+00:00,5.38,44.3,0.0,0.0,0.0,261.25,3.52,57.0,102020.0
1990-04-11 19:00:00+00:00,5.66,44.3,0.0,0.0,0.0,264.55,3.17,68.0,101960.0
1990-04-11 20:00:00+00:00,5.49,46.1,0.0,0.0,0.0,267.45,2.9,63.0,101940.0
1990-04-11 21:00:00+00:00,5.25,49.8,0.0,0.0,0.0,273.45,2.55,51.0,101910.0
1990-04-11 22:00:00+00:00,5.07,53.9,95.1,44.24,89.65,275.6,2.48,35.0,101900.0
1990-04-11 23:00:00+00:00,6.16,52.1,254.2,224.42,183.25,273.85,2.34,27.0,101940.0
1990-04-12 00:00:00+00:00,8.27,44.85,433.4,383.45,242.15,270.35,2.41,31.0,101930.0
1990-04-12 01:00:00+00:00,10.27,38.85,584.1,482.19,270.85,268.9,2.21,37.0,101920.0
1990-04-12 02:00:00+00:00,12.0,32.35,693.25,496.49,314.3,266.5,1.66,38.0,101900.0
1990-04-12 03:00:00+00:00,13.38,30.15,693.45,418.47,345.35,272.3,1.03,40.0,101840.0
1990-04-12 04:00:00+00:00,14.13,27.05,636.1,340.34,346.55,281.4,0.28,319.0,101750.0
1990-04-12 05:00:00+00:00,14.21,30.45,622.65,365.53,323.4,287.4,1.66,257.0,101660.0
1990-04-12 06:00:00+00:00,14.17,34.25,335.45,61.26,290.25,291.45,2.83,254.0,101580.0
1990-04-12 07:00:00+00:00,13.64,35.45,232.35,32.26,212.55,312.75,2.9,258.0,101490.0
1990-04-12 08:00:00+00:00,12.77,39.5,150.0,27.38,137.55,308.65,3.17,250.0,101430.0
1990-04-12 09:00:00+00:00,11.69,45.8,49.6,5.34,48.15,313.1,3.24,241.0,101410.0
1990-04-12 10:00:00+00:00,10.37,49.05,2.25,0.0,2.25,311.2,3.45,236.0,101410.0
1990-04-12 11:00:00+00:00,9.43,48.95,0.0,0.0,0.0,316.6,3.52,230.0,101400.0
1990-04-12 12:00:00+00:00,8.97,50.7,0.0,0.0,0.0,316.8,3.45,224.0,101430.0
1990-04-12 13:00:00+00:00,8.72,54.65,0.0,0.0,0.0,317.95,3.31,220.0,101450.0
1990-04-12 14:00:00+00:00,8.56,56.8,0.0,0.0,0.0,320.1,3.03,213.0,101430.0
1990-04-12 15:00:00+00:00,8.23,61.2,0.0,0.0,0.0,307.3,2.9,202.0,101350.0
1990-04-12 16:00:00+00:00,8.01,63.6,0.0,0.0,0.0,300.35,2.97,192.0,101340.0
1990-04-12 17:00:00+00:00,7.64,65.95,0.0,0.0,0.0,284.5,3.24,192.0,101260.0
1990-04-12 18:00:00+00:00,7.17,65.85,0.0,0.0,0.0,262.05,3.86,203.0,101220.0
1990-04-12 19:00:00+00:00,7.14,65.85,0.0,0.0,0.0,256.2,4.55,202.0,101130.0
1990-04-12 20:00:00+00:00,6.95,65.85,0.0,0.0,0.0,250.6,4.76,200.0,101140.0
1990-04-12 21:00:00+00:00,6.85,65.85,0.0,0.0,0.0,252.75,4.83,197.0,101110.0
1990-04-12 22:00:00+00:00,7.09,68.4,148.7,628.59,68.15,255.05,4.76,193.0,101140.0
1990-04-12 23:00:00+00:00,8.45,66.15,334.65,715.99,104.9,258.55,4.83,192.0,101150.0
1990-04-13 00:00:00+00:00,10.12,61.65,520.25,777.0,129.3,263.2,5.45,196.0,101140.0
1990-04-13 01:00:00+00:00,11.59,57.55,677.35,812.79,146.0,267.55,5.93,203.0,101140.0
1990-04-13 02:00:00+00:00,12.58,55.65,788.15,823.35,156.6,271.5,6.28,209.0,101150.0
1990-04-13 03:00:00+00:00,13.22,53.7,841.9,814.5,161.5,274.8,6.62,213.0,101130.0
1990-04-13 04:00:00+00:00,13.53,53.85,833.8,788.16,160.7,276.55,6.9,217.0,101090.0
1990-04-13 05:00:00+00:00,13.55,58.0,765.1,743.83,153.85,277.7,6.97,218.0,101030.0
1990-04-13 06:00:00+00:00,13.4,62.3,643.05,677.07,141.5,277.7,6.9,218.0,100970.0
1990-04-13 07:00:00+00:00,13.61,60.2,476.55,573.25,123.1,276.95,5.59,216.0,100900.0
1990-04-13 08:00:00+00:00,13.16,64.65,285.65,412.99,96.65,275.4,5.52,215.0,100840.0
1990-04-13 09:00:00+00:00,12.31,69.35,104.95,182.69,54.75,273.65,5.52,214.0,100830.0
1990-04-13 10:00:00+00:00,11.26,74.45,5.85,6.83,5.3,271.5,6.0,209.0,100850.0
1990-04-13 11:00:00+00:00,10.56,77.15,0.0,0.0,0.0,269.4,6.41,201.0,100860.0
1990-04-13 12:00:00+00:00,10.43,77.15,0.0,0.0,0.0,267.65,6.62,194.0,100910.0
1990-04-13 13:00:00+00:00,10.27,79.95,0.0,0.0,0.0,266.85,6.69,191.0,100960.0
1990-04-13 14:00:00+00:00,10.05,79.95,0.0,0.0,0.0,266.85,6.69,192.0,100980.0
1990-04-13 15:00:00+00:00,9.85,79.9,0.0,0.0,0.0,266.5,6.76,192.0,100960.0
1990-04-13 16:00:00+00:00,9.71,79.9,0.0,0.0,0.0,266.85,6.76,192.0,100980.0
1990-04-13 17:00:00+00:00,9.6,79.9,0.0,0.0,0.0,266.65,6.69,192.0,100950.0
1990-04-13 18:00:00+00:00,9.54,77.0,0.0,0.0,0.0,267.25,6.55,191.0,100920.0
1990-04-13 19:00:00+00:00,9.88,74.3,0.0,0.0,0.0,269.2,6.76,190.0,100880.0
1990-04-13 20:00:00+00:00,10.04,71.6,0.0,0.0,0.0,270.75,6.9,190.0,100860.0
1990-04-13 21:00:00+00:00,10.22,71.6,0.0,0.0,0.0,272.3,7.03,190.0,100860.0
1990-04-13 22:00:00+00:00,10.54,69.1,151.75,621.2,69.1,273.25,7.1,191.0,100880.0
1990-04-13 23:00:00+00:00,11.55,66.75,341.5,725.07,105.45,274.2,6.76,192.0,100920.0
1990-04-14 00:00:00+00:00,12.96,60.05,530.4,790.77,129.1,274.4,6.9,194.0,100940.0
1990-04-14 01:00:00+00:00,14.43,56.15,689.15,826.43,145.55,277.25,7.24,196.0,100960.0
1990-04-14 02:00:00+00:00,15.81,52.4,800.05,835.65,155.95,281.0,7.38,200.0,100970.0
1990-04-14 03:00:00+00:00,16.84,48.9,852.4,825.04,160.35,284.65,7.72,205.0,100960.0
1990-04-14 04:00:00+00:00,17.16,49.05,841.95,797.05,158.7,287.95,8.14,210.0,100930.0
1990-04-14 05:00:00+00:00,16.88,52.65,770.7,749.54,152.5,289.9,8.41,214.0,100910.0
1990-04-14 06:00:00+00:00,16.4,56.5,636.9,666.76,141.05,291.05,8.55,215.0,100860.0
1990-04-14 07:00:00+00:00,16.46,56.6,479.6,576.09,122.75,291.65,8.21,214.0,100790.0
1990-04-14 08:00:00+00:00,15.96,56.5,289.05,415.92,97.5,288.35,7.72,213.0,100760.0
1990-04-14 09:00:00+00:00,15.27,58.35,108.15,188.26,55.85,284.65,7.59,212.0,100780.0
1990-04-14 10:00:00+00:00,14.33,58.1,6.5,8.36,5.8,281.2,7.72,211.0,100810.0
1990-04-14 11:00:00+00:00,13.64,55.9,0.0,0.0,0.0,277.7,7.66,208.0,100900.0
1990-04-14 12:00:00+00:00,13.45,53.85,0.0,0.0,0.0,276.15,7.52,206.0,100990.0
1990-04-14 13:00:00+00:00,13.3,53.7,0.0,0.0,0.0,275.6,7.45,202.0,101030.0
1990-04-14 14:00:00+00:00,13.04,53.7,0.0,0.0,0.0,275.4,7.24,199.0,101050.0
1990-04-14 15:00:00+00:00,12.79,55.65,0.0,0.0,0.0,274.8,7.1,196.0,101020.0
1990-04-14 16:00:00+00:00,12.66,55.65,0.0,0.0,0.0,275.0,6.9,196.0,101010.0
1990-04-14 17:00:00+00:00,12.61,59.95,0.0,0.0,0.0,281.75,6.9,198.0,100980.0
1990-04-14 18:00:00+00:00,12.38,64.45,0.0,0.0,0.0,283.1,6.76,201.0,100950.0
1990-04-14 19:00:00+00:00,12.16,64.45,0.0,0.0,0.0,278.85,6.62,197.0,100890.0
1990-04-14 20:00:00+00:00,11.7,69.25,0.0,0.0,0.0,280.6,6.28,196.0,100890.0
1990-04-14 21:00:00+00:00,11.37,71.75,0.0,0.0,0.0,281.2,6.34,196.0,100950.0
1990-04-14 22:00:00+00:00,11.38,71.75,154.0,613.13,69.45,281.0,6.41,197.0,101020.0
1990-04-14 23:00:00+00:00,12.28,69.35,340.35,717.37,103.5,281.95,6.34,197.0,101060.0
1990-04-15 00:00:00+00:00,13.55,62.45,522.55,767.76,129.65,285.65,6.97,199.0,101120.0
1990-04-15 01:00:00+00:00,14.71,60.4,678.2,802.98,146.85,290.2,7.1,202.0,101150.0
1990-04-15 02:00:00+00:00,15.82,60.65,788.15,814.4,157.45,293.95,7.03,203.0,101150.0
1990-04-15 03:00:00+00:00,16.84,58.7,841.1,806.17,162.15,297.05,7.1,206.0,101160.0
1990-04-15 04:00:00+00:00,17.54,56.75,832.2,780.13,161.0,299.75,7.03,212.0,101140.0
1990-04-15 05:00:00+00:00,17.78,56.75,761.95,733.86,154.5,301.1,7.03,219.0,101120.0
1990-04-15 06:00:00+00:00,17.52,56.75,640.55,667.82,142.0,301.3,6.83,224.0,101090.0
1990-04-15 07:00:00+00:00,17.21,56.75,473.2,561.66,123.7,298.2,6.55,225.0,101060.0
1990-04-15 08:00:00+00:00,16.37,60.75,283.8,402.01,97.5,296.65,6.21,225.0,101060.0
1990-04-15 09:00:00+00:00,15.45,62.85,106.2,178.77,56.0,295.5,5.66,223.0,101070.0
1990-04-15 10:00:00+00:00,14.39,69.75,6.85,8.06,6.15,293.0,5.45,220.0,101110.0
1990-04-15 11:00:00+00:00,13.44,69.65,0.0,0.0,0.0,287.2,5.17,213.0,101160.0
1990-04-15 12:00:00+00:00,13.14,74.75,0.0,0.0,0.0,285.25,5.24,198.0,101230.0
1990-04-15 13:00:00+00:00,13.08,74.75,0.0,0.0,0.0,283.7,5.52,185.0,101280.0
1990-04-15 14:00:00+00:00,12.96,72.1,0.0,0.0,0.0,282.15,5.52,180.0,101270.0
1990-04-15 15:00:00+00:00,12.68,69.45,0.0,0.0,0.0,279.85,5.1,180.0,101260.0
1990-04-15 16:00:00+00:00,12.27,66.85,0.0,0.0,0.0,277.7,4.55,182.0,101280.0
1990-04-15 17:00:00+00:00,11.73,66.75,0.0,0.0,0.0,275.6,4.14,186.0,101290.0
1990-04-15 18:00:00+00:00,11.19,66.65,0.0,0.0,0.0,272.85,4.0,192.0,101290.0
1990-04-15 19:00:00+00:00,10.92,69.15,0.0,0.0,0.0,273.45,3.93,201.0,101290.0
1990-04-15 20:00:00+00:00,10.59,71.7,0.0,0.0,0.0,272.85,4.07,200.0,101290.0
1990-04-15 21:00:00+00:00,10.33,71.6,0.0,0.0,0.0,271.7,4.0,194.0,101280.0
1990-04-15 22:00:00+00:00,10.42,69.1,160.2,619.51,71.8,271.3,3.79,185.0,101300.0
1990-04-15 23:00:00+00:00,11.95,62.1,349.2,722.26,107.45,272.5,3.45,183.0,101340.0
1990-04-16 00:00:00+00:00,14.19,53.95,536.9,786.43,131.15,276.55,3.66,190.0,101370.0
1990-04-16 01:00:00+00:00,15.92,46.9,694.5,822.77,146.85,280.9,3.93,203.0,101430.0
1990-04-16 02:00:00+00:00,17.05,42.3,804.3,831.27,157.55,285.25,4.14,215.0,101450.0
1990-04-16 03:00:00+00:00,17.78,42.3,857.8,824.47,160.7,288.35,4.34,224.0,101420.0
1990-04-16 04:00:00+00:00,18.16,42.45,840.7,787.41,160.8,290.3,4.55,231.0,101390.0
1990-04-16 05:00:00+00:00,18.18,42.45,776.4,748.26,154.85,291.65,4.62,237.0,101340.0
1990-04-16 06:00:00+00:00,17.9,43.9,650.8,677.25,143.3,291.65,4.62,241.0,101280.0
1990-04-16 07:00:00+00:00,17.97,45.7,482.05,571.86,124.6,293.75,5.03,241.0,101190.0
1990-04-16 08:00:00+00:00,16.64,48.9,291.3,414.35,98.1,292.6,4.97,243.0,101140.0
1990-04-16 09:00:00+00:00,15.2,52.25,107.95,177.42,57.6,289.9,4.48,239.0,101150.0
1990-04-16 10:00:00+00:00,13.63,55.9,7.55,9.99,6.65,285.85,4.21,234.0,101160.0
1990-04-16 11:00:00+00:00,12.31,62.1,0.0,0.0,0.0,281.2,4.07,234.0,101220.0
1990-04-16 12:00:00+00:00,11.62,64.35,0.0,0.0,0.0,278.85,3.86,234.0,101290.0
1990-04-16 13:00:00+00:00,11.17,66.65,0.0,0.0,0.0,276.55,3.52,221.0,101350.0
1990-04-16 14:00:00+00:00,10.85,69.1,0.0,0.0,0.0,276.75,3.45,202.0,101350.0
1990-04-16 15:00:00+00:00,10.67,71.7,0.0,0.0,0.0,275.95,3.52,196.0,101330.0
1990-04-16 16:00:00+00:00,10.52,71.7,0.0,0.0,0.0,274.4,3.45,198.0,101310.0
1990-04-16 17:00:00+00:00,10.33,74.3,0.0,0.0,0.0,273.65,3.38,202.0,101290.0
1990-04-16 18:00:00+00:00,10.1,71.6,0.0,0.0,0.0,272.5,3.31,204.0,101260.0
1990-04-16 19:00:00+00:00,9.86,71.5,0.0,0.0,0.0,272.5,2.97,203.0,101210.0
1990-04-16 20:00:00+00:00,9.37,74.15,0.0,0.0,0.0,271.3,2.9,208.0,101240.0
1990-04-16 21:00:00+00:00,9.09,74.15,0.0,0.0,0.0,270.95,3.17,203.0,101270.0
1990-04-16 22:00:00+00:00,9.6,71.5,166.3,629.13,73.55,271.1,3.52,196.0,101290.0
1990-04-16 23:00:00+00:00,11.77,59.7,357.5,732.62,109.0,272.85,3.52,194.0,101340.0
1990-04-17 00:00:00+00:00,14.16,48.25,546.2,795.09,132.7,275.2,3.86,197.0,101360.0
1990-04-17 01:00:00+00:00,15.87,40.35,704.5,829.57,149.15,278.6,4.07,204.0,101400.0
1990-04-17 02:00:00+00:00,17.24,36.4,815.05,838.65,159.6,282.55,4.14,208.0,101410.0
1990-04-17 03:00:00+00:00,18.39,36.55,867.65,828.5,164.45,285.85,4.41,211.0,101380.0
1990-04-17 04:00:00+00:00,19.13,34.15,857.7,801.1,163.55,288.55,4.62,220.0,101330.0
1990-04-17 05:00:00+00:00,19.28,35.45,785.55,754.32,156.8,289.9,4.9,231.0,101250.0
1990-04-17 06:00:00+00:00,18.91,38.1,658.2,683.53,144.1,291.05,5.1,238.0,101190.0
1990-04-17 07:00:00+00:00,18.65,38.1,487.7,576.83,125.55,292.4,5.1,236.0,101110.0
1990-04-17 08:00:00+00:00,17.56,40.75,295.25,419.11,98.65,292.6,4.97,232.0,101110.0
1990-04-17 09:00:00+00:00,16.38,43.65,112.95,188.66,58.85,291.45,4.83,225.0,101110.0
1990-04-17 10:00:00+00:00,15.05,46.75,8.0,7.51,7.3,290.65,4.9,220.0,101120.0
1990-04-17 11:00:00+00:00,14.06,50.1,0.0,0.0,0.0,295.5,4.83,216.0,101170.0
1990-04-17 12:00:00+00:00,13.74,53.85,0.0,0.0,0.0,304.6,4.83,204.0,101210.0
1990-04-17 13:00:00+00:00,13.74,55.9,0.0,0.0,0.0,316.8,4.55,200.0,101270.0
1990-04-17 14:00:00+00:00,13.63,55.9,0.0,0.0,0.0,321.05,4.28,200.0,101340.0
1990-04-17 15:00:00+00:00,13.46,53.85,0.0,0.0,0.0,315.85,4.41,189.0,101340.0
1990-04-17 16:00:00+00:00,13.49,51.9,0.0,0.0,0.0,317.75,4.21,183.0,101370.0
1990-04-17 17:00:00+00:00,13.38,51.75,0.0,0.0,0.0,312.35,4.41,183.0,101360.0
1990-04-17 18:00:00+00:00,13.29,48.0,0.0,0.0,0.0,304.05,4.55,192.0,101340.0
1990-04-17 19:00:00+00:00,13.24,48.0,0.0,0.0,0.0,312.55,4.76,205.0,101350.0
1990-04-17 20:00:00+00:00,12.76,49.7,0.0,0.0,0.0,290.85,4.97,198.0,101360.0
1990-04-17 21:00:00+00:00,12.79,47.85,0.0,0.0,0.0,288.95,5.24,187.0,101370.0
1990-04-17 22:00:00+00:00,13.32,44.5,163.65,596.66,72.9,292.6,5.38,181.0,101370.0
1990-04-17 23:00:00+00:00,14.66,40.1,350.6,702.1,109.35,290.3,5.45,185.0,101400.0
1990-04-18 00:00:00+00:00,16.33,37.55,531.9,751.06,138.25,292.2,6.0,198.0,101450.0
1990-04-18 01:00:00+00:00,17.52,35.05,686.25,784.1,158.4,294.45,6.83,202.0,101510.0
1990-04-18 02:00:00+00:00,18.65,34.05,790.2,785.72,173.4,298.2,7.1,201.0,101510.0
1990-04-18 03:00:00+00:00,19.68,35.6,840.25,773.28,181.45,302.5,7.17,205.0,101500.0
1990-04-18 04:00:00+00:00,20.09,35.75,836.55,771.62,165.65,306.15,7.17,212.0,101460.0
1990-04-18 05:00:00+00:00,19.94,41.3,767.05,727.98,158.2,306.95,7.1,217.0,101400.0
1990-04-18 06:00:00+00:00,19.51,44.45,645.85,666.55,142.7,308.5,7.03,219.0,101360.0
1990-04-18 07:00:00+00:00,19.52,42.85,479.45,563.0,124.45,306.95,6.9,219.0,101260.0
1990-04-18 08:00:00+00:00,18.7,47.55,291.1,408.25,98.45,306.55,6.69,218.0,101250.0
1990-04-18 09:00:00+00:00,17.74,52.75,113.0,189.16,58.2,304.2,6.41,216.0,101250.0
1990-04-18 10:00:00+00:00,16.61,52.65,8.7,11.93,7.55,300.55,6.48,214.0,101280.0
1990-04-18 11:00:00+00:00,15.58,56.35,0.0,0.0,0.0,296.3,6.14,211.0,101340.0
1990-04-18 12:00:00+00:00,14.98,58.35,0.0,0.0,0.0,292.2,5.66,206.0,101410.0
1990-04-18 13:00:00+00:00,14.54,58.25,0.0,0.0,0.0,289.7,5.38,202.0,101470.0
1990-04-18 14:00:00+00:00,14.17,58.1,0.0,0.0,0.0,287.4,5.38,202.0,101500.0
1990-04-18 15:00:00+00:00,13.87,58.0,0.0,0.0,0.0,285.25,5.45,204.0,101530.0
1990-04-18 16:00:00+00:00,13.63,55.9,0.0,0.0,0.0,283.5,5.45,203.0,101570.0
1990-04-18 17:00:00+00:00,13.4,53.7,0.0,0.0,0.0,281.4,5.38,200.0,101550.0
1990-04-18 18:00:00+00:00,13.19,53.7,0.0,0.0,0.0,280.05,5.17,197.0,101540.0
1990-04-18 19:00:00+00:00,13.05,51.75,0.0,0.0,0.0,278.3,4.9,199.0,101510.0
1990-04-18 20:00:00+00:00,12.66,55.65,0.0,0.0,0.0,278.1,4.62,198.0,101540.0
1990-04-18 21:00:00+00:00,12.28,57.65,0.0,0.0,0.0,278.3,4.41,198.0,101580.0
1990-04-18 22:00:00+00:00,12.27,59.85,171.35,614.86,75.0,278.1,4.14,196.0,101630.0
1990-04-18 23:00:00+00:00,13.57,55.9,361.5,723.51,109.75,279.05,3.86,195.0,101670.0
1990-04-19 00:00:00+00:00,15.43,50.5,549.0,787.24,133.25,281.2,4.14,201.0,101670.0
1990-04-19 01:00:00+00:00,16.92,47.15,705.8,822.16,149.3,284.8,4.48,210.0,101730.0
1990-04-19 02:00:00+00:00,18.01,44.05,814.4,830.1,159.95,288.75,4.69,218.0,101740.0
1990-04-19 03:00:00+00:00,18.78,41.05,863.05,814.95,166.2,292.05,4.76,228.0,101740.0
1990-04-19 04:00:00+00:00,19.11,41.15,853.5,789.56,164.7,295.1,5.1,239.0,101700.0
1990-04-19 05:00:00+00:00,19.0,41.15,777.0,729.4,164.95,296.5,5.38,246.0,101670.0
1990-04-19 06:00:00+00:00,18.66,42.6,638.55,617.52,170.75,298.05,5.31,249.0,101610.0
1990-04-19 07:00:00+00:00,18.12,44.05,480.85,545.37,135.5,300.95,4.97,253.0,101540.0
1990-04-19 08:00:00+00:00,17.48,45.55,297.25,416.61,99.5,298.2,4.21,251.0,101540.0
1990-04-19 09:00:00+00:00,16.44,47.15,116.85,196.49,59.35,294.35,3.45,248.0,101530.0
1990-04-19 10:00:00+00:00,15.01,52.25,9.5,13.56,8.15,290.85,2.83,241.0,101570.0
1990-04-19 11:00:00+00:00,13.73,60.2,0.0,0.0,0.0,286.05,2.41,229.0,101630.0
1990-04-19 12:00:00+00:00,12.89,64.55,0.0,0.0,0.0,283.3,2.0,219.0,101710.0
1990-04-19 13:00:00+00:00,11.74,71.85,0.0,0.0,0.0,281.75,1.72,205.0,101750.0
1990-04-19 14:00:00+00:00,10.82,77.15,0.0,0.0,0.0,279.25,1.86,197.0,101760.0
1990-04-19 15:00:00+00:00,10.29,77.1,0.0,0.0,0.0,279.45,2.41,193.0,101770.0
1990-04-19 16:00:00+00:00,10.33,74.3,0.0,0.0,0.0,280.4,2.83,189.0,101790.0
1990-04-19 17:00:00+00:00,10.54,69.1,0.0,0.0,0.0,282.15,3.1,184.0,101760.0
1990-04-19 18:00:00+00:00,10.79,66.55,0.0,0.0,0.0,286.4,3.24,184.0,101740.0
1990-04-19 19:00:00+00:00,10.53,69.1,0.0,0.0,0.0,288.55,2.9,198.0,101660.0
1990-04-19 20:00:00+00:00,10.2,71.6,0.0,0.0,0.0,290.1,2.69,203.0,101670.0
1990-04-19 21:00:00+00:00,9.8,77.0,0.0,0.0,0.0,295.3,2.28,203.0,101670.0
1990-04-19 22:00:00+00:00,10.34,74.3,139.2,245.28,99.65,294.35,1.79,201.0,101710.0
1990-04-19 23:00:00+00:00,12.35,74.6,291.95,328.76,176.15,293.4,1.38,215.0,101750.0
1990-04-20 00:00:00+00:00,14.94,54.25,461.8,434.57,230.6,296.3,1.45,234.0,101820.0
1990-04-20 01:00:00+00:00,16.26,50.6,630.55,554.82,253.0,300.05,1.79,245.0,101870.0
1990-04-20 02:00:00+00:00,17.45,45.55,647.85,422.56,313.3,304.8,2.34,251.0,101870.0
1990-04-20 03:00:00+00:00,17.92,47.3,564.3,178.0,411.55,311.55,3.03,258.0,101860.0
1990-04-20 04:00:00+00:00,17.79,45.55,559.35,188.86,394.05,323.95,3.45,265.0,101840.0
1990-04-20 05:00:00+00:00,17.69,45.55,496.95,149.14,371.4,330.15,3.52,268.0,101790.0
1990-04-20 06:00:00+00:00,17.45,45.55,424.35,155.49,306.15,331.5,3.66,268.0,101760.0
1990-04-20 07:00:00+00:00,17.47,45.55,270.5,52.76,236.95,334.2,4.28,265.0,101630.0
1990-04-20 08:00:00+00:00,16.35,48.8,150.8,18.22,142.1,339.25,4.0,260.0,101630.0
1990-04-20 09:00:00+00:00,15.14,54.25,47.9,2.2,47.25,342.15,3.52,247.0,101640.0
1990-04-20 10:00:00+00:00,13.77,60.2,4.35,0.0,4.35,339.05,3.17,234.0,101690.0
1990-04-20 11:00:00+00:00,12.82,66.95,0.0,0.0,0.0,338.85,2.97,221.0,101740.0
1990-04-20 12:00:00+00:00,12.34,69.35,0.0,0.0,0.0,340.4,2.9,211.0,101820.0
1990-04-20 13:00:00+00:00,12.05,71.95,0.0,0.0,0.0,340.2,2.9,209.0,101890.0
1990-04-20 14:00:00+00:00,11.9,71.95,0.0,0.0,0.0,338.5,2.9,214.0,101930.0
1990-04-20 15:00:00+00:00,11.83,74.55,0.0,0.0,0.0,337.5,2.69,224.0,101910.0
1990-04-20 16:00:00+00:00,11.98,71.95,0.0,0.0,0.0,339.45,2.28,241.0,101920.0
1990-04-20 17:00:00+00:00,12.15,71.95,0.0,0.0,0.0,341.4,1.93,261.0,101920.0
1990-04-20 18:00:00+00:00,12.04,74.6,0.0,0.0,0.0,341.2,1.59,278.0,101900.0
1990-04-20 19:00:00+00:00,12.01,74.6,0.0,0.0,0.0,342.15,1.66,292.0,101870.0
1990-04-20 20:00:00+00:00,12.77,69.45,0.0,0.0,0.0,343.9,1.03,345.0,101880.0
1990-04-20 21:00:00+00:00,11.76,77.3,0.0,0.0,0.0,343.3,1.66,36.0,101900.0
1990-04-20 22:00:00+00:00,12.06,74.6,48.3,50.39,39.95,345.45,2.07,43.0,101960.0
1990-04-20 23:00:00+00:00,12.89,72.05,79.95,27.21,70.25,345.65,2.41,38.0,102030.0
1990-04-21 00:00:00+00:00,13.46,67.15,141.9,23.61,129.25,344.1,2.83,34.0,102080.0
1990-04-21 01:00:00+00:00,13.87,67.15,218.55,23.17,202.7,345.35,3.45,31.0,102080.0
1990-04-21 02:00:00+00:00,14.48,62.65,238.4,38.68,207.65,349.3,3.66,30.0,102080.0
1990-04-21 03:00:00+00:00,15.14,60.5,166.55,7.49,160.1,352.8,3.72,32.0,102050.0
1990-04-21 04:00:00+00:00,15.38,60.5,290.5,22.38,270.85,353.55,3.59,35.0,101990.0
1990-04-21 05:00:00+00:00,16.1,56.5,293.0,55.83,245.85,354.35,3.66,38.0,101930.0
1990-04-21 06:00:00+00:00,16.82,52.65,166.25,23.92,148.0,354.35,3.59,41.0,101860.0
1990-04-21 07:00:00+00:00,16.75,54.6,119.35,22.87,104.75,357.05,3.1,37.0,101780.0
1990-04-21 08:00:00+00:00,16.49,56.6,77.85,4.48,75.7,356.5,2.97,25.0,101780.0
1990-04-21 09:00:00+00:00,16.07,60.75,23.65,0.34,23.55,357.85,3.03,24.0,101750.0
1990-04-21 10:00:00+00:00,15.23,65.05,2.8,0.0,2.8,355.9,3.24,29.0,101720.0
1990-04-21 11:00:00+00:00,14.55,67.35,0.0,0.0,0.0,356.1,3.38,38.0,101720.0
1990-04-21 12:00:00+00:00,14.06,69.75,0.0,0.0,0.0,352.8,3.03,47.0,101750.0
1990-04-21 13:00:00+00:00,13.68,74.85,0.0,0.0,0.0,352.6,2.55,60.0,101770.0
1990-04-21 14:00:00+00:00,13.41,74.75,0.0,0.0,0.0,352.8,1.93,76.0,101780.0
1990-04-21 15:00:00+00:00,12.89,80.3,0.0,0.0,0.0,353.0,1.38,86.0,101720.0
1990-04-21 16:00:00+00:00,12.51,80.3,0.0,0.0,0.0,351.65,0.9,74.0,101690.0
1990-04-21 17:00:00+00:00,12.67,77.45,0.0,0.0,0.0,351.65,0.69,3.0,101650.0
1990-04-21 18:00:00+00:00,11.57,86.15,0.0,0.0,0.0,351.45,1.17,351.0,101620.0
1990-04-21 19:00:00+00:00,12.35,83.15,0.0,0.0,0.0,353.55,0.55,9.0,101590.0
1990-04-21 20:00:00+00:00,12.09,83.15,0.0,0.0,0.0,353.95,0.69,40.0,101490.0
1990-04-21 21:00:00+00:00,11.3,92.55,0.0,0.0,0.0,353.0,1.31,79.0,101410.0
1990-04-21 22:00:00+00:00,11.37,92.55,21.2,1.18,21.0,353.4,1.52,100.0,101360.0
1990-04-21 23:00:00+00:00,11.67,92.55,38.85,0.55,38.65,353.4,1.45,133.0,101360.0
1990-04-22 00:00:00+00:00,12.1,83.15,51.95,0.09,51.9,353.95,1.38,162.0,101340.0
1990-04-22 01:00:00+00:00,12.07,86.2,55.65,0.29,55.45,355.25,1.45,202.0,101350.0
1990-04-22 02:00:00+00:00,11.92,86.2,75.85,0.19,75.7,356.85,1.72,235.0,101330.0
1990-04-22 03:00:00+00:00,11.79,89.3,75.6,0.64,75.05,357.65,2.07,259.0,101290.0
1990-04-22 04:00:00+00:00,11.62,89.3,69.2,0.17,69.05,357.85,2.07,274.0,101240.0
1990-04-22 05:00:00+00:00,11.47,89.3,59.55,0.0,59.55,358.0,1.72,287.0,101160.0
1990-04-22 06:00:00+00:00,11.39,92.55,67.05,0.0,67.05,358.4,1.52,299.0,101070.0
1990-04-22 07:00:00+00:00,11.03,92.55,71.05,8.27,65.75,356.65,2.62,262.0,101040.0
1990-04-22 08:00:00+00:00,10.94,89.3,82.65,75.8,46.05,356.1,2.97,263.0,101050.0
1990-04-22 09:00:00+00:00,11.0,89.3,54.4,72.02,32.7,349.1,2.69,266.0,101050.0
1990-04-22 10:00:00+00:00,10.96,89.3,6.9,6.43,6.2,338.3,2.28,277.0,101020.0
1990-04-22 11:00:00+00:00,10.57,92.5,0.0,0.0,0.0,326.3,2.21,283.0,100990.0
1990-04-22 12:00:00+00:00,10.19,92.5,0.0,0.0,0.0,324.55,2.62,299.0,101050.0
1990-04-22 13:00:00+00:00,9.74,92.45,0.0,0.0,0.0,326.3,3.03,320.0,101050.0
1990-04-22 14:00:00+00:00,9.4,85.95,0.0,0.0,0.0,346.2,3.72,328.0,101040.0
1990-04-22 15:00:00+00:00,8.8,85.9,0.0,0.0,0.0,350.5,4.34,327.0,100980.0
1990-04-22 16:00:00+00:00,8.04,85.85,0.0,0.0,0.0,348.35,5.03,324.0,100970.0
1990-04-22 17:00:00+00:00,7.33,89.0,0.0,0.0,0.0,346.2,5.79,323.0,100940.0
1990-04-22 18:00:00+00:00,6.29,88.95,0.0,0.0,0.0,340.0,6.48,325.0,100920.0
1990-04-22 19:00:00+00:00,4.51,88.85,0.0,0.0,0.0,322.6,5.38,336.0,101140.0
1990-04-22 20:00:00+00:00,4.14,88.8,0.0,0.0,0.0,323.0,5.17,333.0,101140.0
1990-04-22 21:00:00+00:00,4.23,85.5,0.0,0.0,0.0,311.75,5.45,330.0,101150.0
1990-04-22 22:00:00+00:00,4.42,79.3,112.4,228.13,72.6,296.65,5.93,328.0,101180.0
1990-04-22 23:00:00+00:00,4.87,73.55,224.0,290.84,117.95,285.85,6.76,329.0,101180.0
1990-04-23 00:00:00+00:00,5.68,65.65,335.7,288.14,179.15,275.4,7.52,336.0,101190.0
1990-04-23 01:00:00+00:00,6.89,54.3,430.9,220.44,278.6,297.95,7.38,336.0,101180.0
1990-04-23 02:00:00+00:00,7.94,50.45,410.2,149.33,290.55,311.75,7.38,331.0,101150.0
1990-04-23 03:00:00+00:00,8.75,48.65,496.55,278.16,255.4,314.5,6.97,326.0,101160.0
1990-04-23 04:00:00+00:00,9.53,45.25,537.15,361.24,218.0,308.1,6.62,326.0,101140.0
1990-04-23 05:00:00+00:00,10.74,37.45,587.25,411.39,237.7,300.35,7.45,331.0,101090.0
1990-04-23 06:00:00+00:00,11.64,33.55,588.55,529.37,182.05,294.95,7.52,340.0,101050.0
1990-04-23 07:00:00+00:00,12.23,28.75,395.7,330.21,183.15,282.35,7.59,344.0,101110.0
1990-04-23 08:00:00+00:00,12.46,25.6,256.05,265.49,127.15,286.05,6.97,348.0,101100.0
1990-04-23 09:00:00+00:00,12.49,24.55,119.4,158.31,71.25,287.4,6.07,351.0,101090.0
1990-04-23 10:00:00+00:00,11.66,27.45,12.8,20.09,10.55,260.65,4.34,2.0,101130.0
1990-04-23 11:00:00+00:00,10.2,31.8,0.0,0.0,0.0,248.5,2.83,16.0,101180.0
1990-04-23 12:00:00+00:00,8.39,46.8,0.0,0.0,0.0,247.5,1.31,50.0,101250.0
1990-04-23 13:00:00+00:00,8.94,41.7,0.0,0.0,0.0,245.2,0.83,117.0,101340.0
1990-04-23 14:00:00+00:00,8.14,50.45,0.0,0.0,0.0,244.2,1.17,130.0,101390.0
1990-04-23 15:00:00+00:00,4.79,70.7,0.0,0.0,0.0,243.25,1.93,143.0,101380.0
1990-04-23 16:00:00+00:00,4.11,76.25,0.0,0.0,0.0,242.5,2.83,156.0,101330.0
1990-04-23 17:00:00+00:00,4.54,79.3,0.0,0.0,0.0,241.3,3.38,167.0,101260.0
1990-04-23 18:00:00+00:00,5.15,79.35,0.0,0.0,0.0,241.15,3.79,179.0,101200.0
1990-04-23 19:00:00+00:00,5.57,73.65,0.0,0.0,0.0,239.95,4.0,199.0,101260.0
1990-04-23 20:00:00+00:00,5.88,70.95,0.0,0.0,0.0,239.6,4.14,206.0,101250.0
1990-04-23 21:00:00+00:00,5.95,70.95,0.0,0.0,0.0,239.4,4.14,212.0,101220.0
1990-04-23 22:00:00+00:00,6.44,71.05,195.8,638.14,81.75,239.6,3.86,216.0,101230.0
1990-04-23 23:00:00+00:00,8.26,66.05,389.85,743.44,115.8,242.1,3.79,218.0,101240.0
1990-04-24 00:00:00+00:00,9.94,52.95,577.85,804.22,138.0,245.4,4.28,223.0,101210.0
1990-04-24 01:00:00+00:00,11.25,47.45,732.75,833.99,153.8,249.95,4.69,226.0,101230.0
1990-04-24 02:00:00+00:00,12.26,44.2,839.85,840.47,163.85,254.65,4.76,228.0,101200.0
1990-04-24 03:00:00+00:00,13.06,41.2,886.75,821.6,172.15,257.6,4.48,229.0,101160.0
1990-04-24 04:00:00+00:00,13.64,38.3,875.9,798.33,168.5,260.1,4.07,228.0,101070.0
1990-04-24 05:00:00+00:00,14.07,37.0,802.15,746.77,165.75,261.85,3.66,224.0,100960.0
1990-04-24 06:00:00+00:00,14.37,35.6,665.6,654.94,161.05,265.9,3.1,220.0,100860.0
1990-04-24 07:00:00+00:00,13.9,36.85,510.2,590.6,128.55,262.4,3.17,228.0,100820.0
1990-04-24 08:00:00+00:00,13.75,38.3,315.45,432.65,104.25,260.5,2.62,228.0,100780.0
1990-04-24 09:00:00+00:00,13.3,41.2,129.2,208.64,65.15,260.85,2.0,228.0,100710.0
1990-04-24 10:00:00+00:00,12.4,51.5,13.5,21.29,11.05,262.05,1.72,199.0,100700.0
1990-04-24 11:00:00+00:00,11.06,59.6,0.0,0.0,0.0,258.35,3.59,167.0,100710.0
1990-04-24 12:00:00+00:00,10.12,61.65,0.0,0.0,0.0,258.95,5.52,158.0,100700.0
1990-04-24 13:00:00+00:00,9.14,63.8,0.0,0.0,0.0,258.15,5.59,153.0,100710.0
1990-04-24 14:00:00+00:00,8.54,66.15,0.0,0.0,0.0,260.5,5.17,152.0,100670.0
1990-04-24 15:00:00+00:00,8.25,68.6,0.0,0.0,0.0,266.3,5.03,152.0,100630.0
1990-04-24 16:00:00+00:00,7.95,68.6,0.0,0.0,0.0,267.65,4.9,150.0,100560.0
1990-04-24 17:00:00+00:00,7.78,73.9,0.0,0.0,0.0,275.6,4.41,143.0,100460.0
1990-04-24 18:00:00+00:00,7.66,76.7,0.0,0.0,0.0,283.3,4.48,138.0,100350.0
1990-04-24 19:00:00+00:00,7.73,79.65,0.0,0.0,0.0,260.1,4.83,146.0,100300.0
1990-04-24 20:00:00+00:00,7.62,79.65,0.0,0.0,0.0,270.55,4.69,140.0,100270.0
1990-04-24 21:00:00+00:00,7.51,79.65,0.0,0.0,0.0,283.5,5.03,133.0,100230.0
1990-04-24 22:00:00+00:00,7.69,79.65,99.85,46.47,91.35,293.2,5.24,128.0,100200.0
1990-04-24 23:00:00+00:00,8.29,76.8,161.2,33.82,148.6,294.15,6.14,119.0,100120.0
1990-04-25 00:00:00+00:00,9.1,74.15,231.3,41.51,208.45,303.05,6.9,117.0,100080.0
1990-04-25 01:00:00+00:00,9.8,74.2,287.2,42.94,257.25,305.9,7.03,108.0,100020.0
1990-04-25 02:00:00+00:00,10.49,71.7,339.85,73.58,280.45,307.7,6.9,99.0,99980.0
1990-04-25 03:00:00+00:00,11.14,71.75,325.35,45.67,285.5,315.45,5.86,91.0,99990.0
1990-04-25 04:00:00+00:00,11.56,74.55,335.25,102.01,244.6,322.4,5.93,64.0,99920.0
1990-04-25 05:00:00+00:00,12.0,74.6,202.75,33.23,174.35,341.75,7.03,48.0,99800.0
1990-04-25 06:00:00+00:00,11.5,83.1,166.2,15.92,153.9,340.8,7.24,44.0,99700.0
1990-04-25 07:00:00+00:00,10.23,89.2,213.55,117.46,137.35,355.7,7.79,24.0,99650.0
1990-04-25 08:00:00+00:00,9.72,89.15,145.3,148.44,72.45,330.95,8.48,19.0,99700.0
1990-04-25 09:00:00+00:00,9.07,92.45,76.2,95.38,46.65,329.55,8.76,18.0,99780.0
1990-04-25 10:00:00+00:00,8.79,89.1,7.8,10.58,6.55,321.65,9.31,16.0,99840.0
1990-04-25 11:00:00+00:00,8.54,82.75,0.0,0.0,0.0,324.35,9.38,16.0,99890.0
1990-04-25 12:00:00+00:00,8.62,82.75,0.0,0.0,0.0,334.6,9.03,17.0,99990.0
1990-04-25 13:00:00+00:00,8.63,82.75,0.0,0.0,0.0,343.1,8.28,13.0,100100.0
1990-04-25 14:00:00+00:00,8.58,82.75,0.0,0.0,0.0,336.35,7.86,6.0,100170.0
1990-04-25 15:00:00+00:00,8.57,82.75,0.0,0.0,0.0,341.0,7.72,2.0,100240.0
1990-04-25 16:00:00+00:00,8.45,79.75,0.0,0.0,0.0,335.4,7.59,1.0,100290.0
1990-04-25 17:00:00+00:00,8.2,82.7,0.0,0.0,0.0,343.5,7.31,0.0,100340.0
1990-04-25 18:00:00+00:00,8.1,79.7,0.0,0.0,0.0,332.85,6.62,357.0,100360.0
1990-04-25 19:00:00+00:00,7.76,82.65,0.0,0.0,0.0,322.2,5.52,341.0,100530.0
1990-04-25 20:00:00+00:00,7.49,79.65,0.0,0.0,0.0,306.75,5.72,337.0,100580.0
1990-04-25 21:00:00+00:00,7.18,76.65,0.0,0.0,0.0,294.15,5.66,340.0,100650.0
1990-04-25 22:00:00+00:00,7.19,73.8,171.05,508.49,75.95,273.85,5.38,341.0,100730.0
1990-04-25 23:00:00+00:00,8.27,66.05,371.85,652.42,126.3,268.4,5.1,340.0,100820.0
1990-04-26 00:00:00+00:00,9.91,55.05,560.25,739.46,150.65,256.2,5.24,341.0,100880.0
1990-04-26 01:00:00+00:00,11.61,49.45,730.35,821.58,154.75,258.65,4.9,341.0,100960.0
1990-04-26 02:00:00+00:00,13.14,42.8,827.75,807.6,173.45,260.65,4.69,337.0,100980.0
1990-04-26 03:00:00+00:00,14.14,38.45,811.1,680.94,215.15,264.75,4.41,333.0,100950.0
1990-04-26 04:00:00+00:00,14.54,35.75,795.6,651.83,214.7,272.3,3.93,326.0,100920.0
1990-04-26 05:00:00+00:00,14.84,35.75,795.45,740.47,160.8,274.8,3.31,316.0,100870.0
1990-04-26 06:00:00+00:00,14.97,35.85,662.75,648.39,160.1,265.7,3.31,308.0,100840.0
1990-04-26 07:00:00+00:00,14.71,40.1,491.45,543.02,137.85,276.95,3.45,286.0,100750.0
1990-04-26 08:00:00+00:00,14.08,46.5,272.35,297.85,125.4,279.85,3.31,282.0,100780.0
1990-04-26 09:00:00+00:00,13.33,53.7,126.05,187.46,67.45,293.0,2.9,273.0,100830.0
1990-04-26 10:00:00+00:00,12.31,57.65,13.85,18.98,11.55,285.65,2.41,265.0,100880.0
1990-04-26 11:00:00+00:00,11.35,61.85,0.0,0.0,0.0,287.6,2.21,260.0,100940.0
1990-04-26 12:00:00+00:00,10.61,66.55,0.0,0.0,0.0,297.65,2.28,268.0,101020.0
1990-04-26 13:00:00+00:00,10.28,69.0,0.0,0.0,0.0,320.1,2.48,282.0,101090.0
1990-04-26 14:00:00+00:00,10.16,66.45,0.0,0.0,0.0,322.2,2.83,293.0,101140.0
1990-04-26 15:00:00+00:00,10.05,66.45,0.0,0.0,0.0,317.75,3.03,298.0,101180.0
1990-04-26 16:00:00+00:00,9.79,68.9,0.0,0.0,0.0,313.7,2.76,296.0,101180.0
1990-04-26 17:00:00+00:00,9.5,68.9,0.0,0.0,0.0,311.4,2.62,276.0,101170.0
1990-04-26 18:00:00+00:00,9.19,71.4,0.0,0.0,0.0,301.1,3.31,267.0,101160.0
1990-04-26 19:00:00+00:00,8.92,71.4,0.0,0.0,0.0,295.7,3.86,283.0,101170.0
1990-04-26 20:00:00+00:00,8.32,76.8,0.0,0.0,0.0,277.9,3.93,294.0,101210.0
1990-04-26 21:00:00+00:00,7.65,79.65,0.0,0.0,0.0,262.6,3.31,298.0,101240.0
1990-04-26 22:00:00+00:00,7.41,79.65,201.5,617.6,83.5,248.1,2.34,294.0,101270.0
1990-04-26 23:00:00+00:00,8.92,68.8,393.25,726.08,117.25,251.0,1.79,289.0,101300.0
1990-04-27 00:00:00+00:00,10.39,57.3,580.65,790.51,140.1,252.95,1.72,292.0,101320.0
1990-04-27 01:00:00+00:00,11.71,49.45,736.2,822.66,157.3,255.55,1.72,296.0,101360.0
1990-04-27 02:00:00+00:00,12.84,44.35,843.65,829.51,169.25,258.35,1.66,289.0,101360.0
1990-04-27 03:00:00+00:00,13.77,39.8,906.75,844.84,165.15,262.8,1.93,278.0,101340.0
1990-04-27 04:00:00+00:00,14.37,39.95,900.1,822.19,165.35,260.85,2.48,258.0,101300.0
1990-04-27 05:00:00+00:00,14.6,40.1,818.45,763.61,162.15,259.5,3.1,243.0,101230.0
1990-04-27 06:00:00+00:00,14.59,41.65,695.7,701.85,149.95,260.5,3.72,236.0,101180.0
1990-04-27 07:00:00+00:00,14.45,41.65,525.95,602.97,131.85,258.35,4.28,235.0,101110.0
1990-04-27 08:00:00+00:00,14.08,43.1,331.25,453.78,106.2,257.75,4.76,230.0,101080.0
1990-04-27 09:00:00+00:00,13.28,48.0,142.05,235.28,67.85,256.4,4.83,224.0,101080.0
1990-04-27 10:00:00+00:00,11.97,51.5,16.75,28.59,13.2,254.5,4.48,221.0,101090.0
1990-04-27 11:00:00+00:00,10.57,55.15,0.0,0.0,0.0,251.0,4.48,221.0,101090.0
1990-04-27 12:00:00+00:00,9.83,59.25,0.0,0.0,0.0,248.3,4.76,220.0,101090.0
1990-04-27 13:00:00+00:00,9.46,59.25,0.0,0.0,0.0,248.65,5.17,215.0,101120.0
1990-04-27 14:00:00+00:00,9.26,59.15,0.0,0.0,0.0,250.4,5.72,213.0,101110.0
1990-04-27 15:00:00+00:00,9.14,59.15,0.0,0.0,0.0,252.15,6.41,211.0,101090.0
1990-04-27 16:00:00+00:00,9.05,59.15,0.0,0.0,0.0,254.5,7.03,207.0,101040.0
1990-04-27 17:00:00+00:00,9.01,61.45,0.0,0.0,0.0,257.6,7.38,206.0,100970.0
1990-04-27 18:00:00+00:00,8.97,61.45,0.0,0.0,0.0,259.7,7.45,209.0,100940.0
1990-04-27 19:00:00+00:00,9.43,59.25,0.0,0.0,0.0,264.55,7.86,206.0,100910.0
1990-04-27 20:00:00+00:00,9.31,61.45,0.0,0.0,0.0,259.9,8.07,201.0,100850.0
1990-04-27 21:00:00+00:00,9.25,61.45,33.75,0.0,33.75,262.6,8.41,198.0,100800.0
1990-04-27 22:00:00+00:00,9.52,59.25,196.5,536.09,91.95,265.5,8.83,201.0,100800.0
1990-04-27 23:00:00+00:00,10.27,59.35,348.35,481.5,163.55,266.3,8.69,195.0,100780.0
1990-04-28 00:00:00+00:00,11.39,57.4,458.75,359.53,257.2,276.75,8.9,198.0,100780.0
1990-04-28 01:00:00+00:00,12.45,55.65,402.35,160.18,289.15,300.45,8.97,204.0,100840.0
1990-04-28 02:00:00+00:00,12.86,55.65,345.45,47.13,307.0,320.65,8.97,205.0,100840.0
1990-04-28 03:00:00+00:00,13.06,55.75,233.1,45.27,193.25,328.6,8.69,208.0,100850.0
1990-04-28 04:00:00+00:00,13.44,55.9,441.65,231.57,234.15,326.85,8.48,202.0,100780.0
1990-04-28 05:00:00+00:00,14.36,52.0,709.05,600.49,191.55,317.2,9.03,197.0,100650.0
1990-04-28 06:00:00+00:00,15.76,45.15,558.9,409.4,239.6,297.85,9.66,200.0,100530.0
1990-04-28 07:00:00+00:00,16.11,43.65,412.6,333.69,193.7,307.7,8.9,204.0,100460.0
1990-04-28 08:00:00+00:00,16.13,47.0,284.6,307.43,131.35,302.5,7.45,207.0,100460.0
1990-04-28 09:00:00+00:00,15.76,48.65,125.9,164.56,73.55,302.1,6.28,201.0,100460.0
1990-04-28 10:00:00+00:00,14.96,50.35,15.8,16.9,13.65,297.05,5.86,186.0,100460.0
1990-04-28 11:00:00+00:00,13.77,55.9,0.0,0.0,0.0,293.95,5.86,171.0,100470.0
1990-04-28 12:00:00+00:00,12.81,59.95,0.0,0.0,0.0,290.65,6.07,165.0,100510.0
1990-04-28 13:00:00+00:00,12.23,62.1,0.0,0.0,0.0,286.2,6.21,164.0,100550.0
1990-04-28 14:00:00+00:00,11.94,62.1,0.0,0.0,0.0,287.6,6.28,163.0,100560.0
1990-04-28 15:00:00+00:00,11.77,64.35,0.0,0.0,0.0,287.75,6.28,162.0,100550.0
1990-04-28 16:00:00+00:00,11.62,64.35,0.0,0.0,0.0,288.75,6.21,161.0,100530.0
1990-04-28 17:00:00+00:00,11.49,66.75,0.0,0.0,0.0,289.7,5.93,164.0,100530.0
1990-04-28 18:00:00+00:00,11.38,69.15,0.0,0.0,0.0,292.4,6.0,165.0,100500.0
1990-04-28 19:00:00+00:00,11.57,66.75,0.0,0.0,0.0,295.3,6.28,167.0,100480.0
1990-04-28 20:00:00+00:00,11.67,69.25,0.0,0.0,0.0,299.75,6.34,173.0,100470.0
1990-04-28 21:00:00+00:00,11.64,71.85,31.9,0.0,31.9,297.45,6.48,175.0,100460.0
1990-04-28 22:00:00+00:00,12.02,69.35,188.95,483.65,92.75,297.05,6.62,176.0,100500.0
1990-04-28 23:00:00+00:00,13.12,69.55,365.65,609.71,129.45,296.85,6.48,176.0,100510.0
1990-04-29 00:00:00+00:00,14.69,64.95,529.4,613.93,183.25,300.95,6.9,181.0,100550.0
1990-04-29 01:00:00+00:00,16.28,60.75,644.9,586.91,228.4,308.6,7.03,186.0,100540.0
1990-04-29 02:00:00+00:00,17.69,58.8,745.4,615.0,242.05,321.85,7.59,189.0,100510.0
1990-04-29 03:00:00+00:00,18.93,56.95,712.95,469.11,298.8,327.05,7.86,196.0,100480.0
1990-04-29 04:00:00+00:00,19.6,55.2,639.3,387.14,291.5,337.1,8.0,201.0,100430.0
1990-04-29 05:00:00+00:00,19.9,57.2,655.2,457.89,259.55,343.5,7.86,203.0,100370.0
1990-04-29 06:00:00+00:00,20.62,53.5,656.1,640.25,155.3,338.85,8.21,203.0,100300.0
1990-04-29 07:00:00+00:00,20.64,53.5,497.1,559.56,128.7,322.2,7.1,201.0,100330.0
1990-04-29 08:00:00+00:00,20.66,53.5,313.75,418.15,104.25,319.3,6.9,196.0,100300.0
1990-04-29 09:00:00+00:00,20.17,55.3,136.75,218.47,66.65,315.85,6.97,186.0,100260.0
1990-04-29 10:00:00+00:00,19.12,57.1,17.65,28.81,13.9,310.6,7.72,178.0,100250.0
1990-04-29 11:00:00+00:00,17.79,58.8,0.0,0.0,0.0,305.2,8.14,173.0,100260.0
1990-04-29 12:00:00+00:00,16.86,58.7,0.0,0.0,0.0,301.7,8.34,172.0,100290.0
1990-04-29 13:00:00+00:00,16.26,60.75,0.0,0.0,0.0,297.05,8.48,173.0,100360.0
1990-04-29 14:00:00+00:00,15.86,62.85,0.0,0.0,0.0,297.05,8.55,175.0,100370.0
1990-04-29 15:00:00+00:00,15.53,60.65,0.0,0.0,0.0,294.15,8.62,177.0,100370.0
1990-04-29 16:00:00+00:00,15.25,60.5,0.0,0.0,0.0,294.35,8.69,179.0,100360.0
1990-04-29 17:00:00+00:00,14.93,58.35,0.0,0.0,0.0,293.75,8.76,180.0,100320.0
1990-04-29 18:00:00+00:00,14.58,60.4,0.0,0.0,0.0,294.95,8.69,179.0,100260.0
1990-04-29 19:00:00+00:00,13.99,62.55,0.0,0.0,0.0,289.7,8.55,177.0,100270.0
1990-04-29 20:00:00+00:00,13.67,67.15,0.0,0.0,0.0,290.1,8.48,176.0,100240.0
1990-04-29 21:00:00+00:00,13.3,72.1,34.55,0.0,34.55,287.6,8.48,175.0,100240.0
1990-04-29 22:00:00+00:00,13.37,74.75,213.05,619.86,87.4,287.2,8.48,173.0,100230.0
1990-04-29 23:00:00+00:00,14.11,72.3,408.9,732.0,122.75,285.05,8.28,172.0,100240.0
1990-04-30 00:00:00+00:00,15.47,67.55,570.2,663.27,194.15,286.8,9.1,173.0,100210.0
1990-04-30 01:00:00+00:00,16.99,63.2,715.35,753.88,178.2,303.15,9.31,176.0,100200.0
1990-04-30 02:00:00+00:00,18.46,65.55,824.4,774.41,188.55,297.45,9.1,179.0,100160.0
1990-04-30 03:00:00+00:00,19.89,61.4,889.95,804.51,177.75,314.85,9.17,182.0,100100.0
1990-04-30 04:00:00+00:00,21.01,55.55,855.8,768.14,163.95,311.95,8.97,189.0,100060.0
1990-04-30 05:00:00+00:00,21.58,55.65,785.7,725.5,157.2,319.1,8.55,197.0,99990.0
1990-04-30 06:00:00+00:00,21.67,55.65,674.0,673.98,145.3,325.7,7.86,201.0,99930.0
1990-04-30 07:00:00+00:00,20.76,57.45,506.35,565.61,132.65,323.4,6.14,188.0,99980.0
1990-04-30 08:00:00+00:00,20.29,59.35,295.15,381.62,103.0,329.95,5.03,192.0,99960.0
1990-04-30 09:00:00+00:00,18.89,68.05,119.95,160.7,67.95,336.55,3.1,201.0,100010.0
1990-04-30 10:00:00+00:00,17.34,75.4,14.05,17.65,11.7,338.3,2.0,192.0,100060.0
1990-04-30 11:00:00+00:00,16.05,80.75,0.0,0.0,0.0,341.95,4.07,156.0,100070.0
1990-04-30 12:00:00+00:00,15.36,83.5,0.0,0.0,0.0,336.15,5.86,152.0,100060.0
1990-04-30 13:00:00+00:00,14.67,83.45,0.0,0.0,0.0,326.3,4.9,150.0,100150.0
1990-04-30 14:00:00+00:00,14.09,86.4,0.0,0.0,0.0,321.65,4.0,139.0,100200.0
1990-04-30 15:00:00+00:00,13.64,86.35,0.0,0.0,0.0,320.5,3.66,131.0,100240.0
1990-04-30 16:00:00+00:00,10.62,99.0,0.0,0.0,0.0,314.42,3.02,137.0,100280.0
1990-04-30 17:00:00+00:00,11.11,99.0,0.0,0.0,0.0,312.84,3.05,145.0,100300.0
1990-04-30 18:00:00+00:00,11.59,96.62,0.0,0.0,0.0,311.26,3.09,147.0,100310.0
1990-04-30 19:00:00+00:00,12.08,92.63,0.0,0.0,0.0,309.68,3.13,132.0,100330.0
1990-04-30 20:00:00+00:00,12.57,88.64,0.0,0.0,0.0,308.1,3.17,123.0,100350.0
1990-04-30 21:00:00+00:00,13.06,84.64,34.95,0.0,34.95,306.52,3.2,89.0,100430.0
1990-04-30 22:00:00+00:00,13.54,80.65,176.7,365.02,101.35,304.95,3.24,93.0,100470.0
1990-04-30 23:00:00+00:00,14.03,76.66,329.35,390.39,175.4,303.37,3.28,110.0,100510.0
1990-05-01 00:00:00+00:00,14.52,72.67,532.5,652.42,162.6,301.79,3.32,268.0,100770.0
1990-05-01 01:00:00+00:00,15.01,68.68,699.8,759.35,158.75,300.21,3.35,264.0,100770.0
1990-05-01 02:00:00+00:00,15.49,64.69,820.55,796.09,166.9,298.63,3.39,262.0,100720.0
1990-05-01 03:00:00+00:00,15.98,60.7,873.6,794.51,170.25,297.05,3.43,262.0,100690.0
1990-05-01 04:00:00+00:00,16.47,56.7,864.6,771.36,169.85,295.47,3.47,255.0,100610.0
1990-05-01 05:00:00+00:00,16.96,52.71,797.1,731.51,163.4,293.9,3.5,247.0,100540.0
1990-05-01 06:00:00+00:00,17.44,48.72,681.3,677.42,149.9,292.32,3.54,245.0,100470.0
1990-05-01 07:00:00+00:00,17.93,44.73,518.95,586.19,131.65,290.74,3.58,257.0,100370.0
1990-05-01 08:00:00+00:00,18.44,42.45,330.2,444.78,106.25,286.2,3.93,249.0,100350.0
1990-05-01 09:00:00+00:00,17.8,43.9,144.85,234.41,69.0,284.85,4.28,236.0,100340.0
1990-05-01 10:00:00+00:00,15.97,48.8,19.4,33.04,15.0,283.1,5.1,230.0,100330.0
1990-05-01 11:00:00+00:00,14.2,56.0,0.0,0.0,0.0,281.0,5.38,237.0,100380.0
1990-05-01 12:00:00+00:00,13.35,60.05,0.0,0.0,0.0,278.1,5.31,237.0,100440.0
1990-05-01 13:00:00+00:00,12.92,62.3,0.0,0.0,0.0,276.35,5.31,228.0,100470.0
1990-05-01 14:00:00+00:00,12.56,64.55,0.0,0.0,0.0,275.4,5.31,223.0,100450.0
1990-05-01 15:00:00+00:00,12.32,69.35,0.0,0.0,0.0,275.6,5.1,221.0,100430.0
1990-05-01 16:00:00+00:00,12.08,69.35,0.0,0.0,0.0,275.95,4.9,216.0,100400.0
1990-05-01 17:00:00+00:00,11.79,71.85,0.0,0.0,0.0,275.6,4.69,211.0,100350.0
1990-05-01 18:00:00+00:00,11.53,71.85,0.0,0.0,0.0,275.0,4.62,209.0,100320.0
1990-05-01 19:00:00+00:00,11.74,69.25,0.0,0.0,0.0,275.6,4.41,213.0,100340.0
1990-05-01 20:00:00+00:00,11.47,71.85,0.0,0.0,0.0,275.75,4.21,209.0,100330.0
1990-05-01 21:00:00+00:00,11.22,74.45,35.4,0.0,35.4,275.0,4.14,206.0,100310.0
1990-05-01 22:00:00+00:00,11.71,71.85,213.2,617.89,85.65,275.0,4.07,208.0,100360.0
1990-05-01 23:00:00+00:00,13.2,67.05,402.6,719.16,119.0,275.4,3.79,213.0,100370.0
1990-05-02 00:00:00+00:00,14.74,60.4,566.05,707.16,162.95,279.25,3.03,229.0,100440.0
1990-05-02 01:00:00+00:00,16.0,52.5,691.45,677.13,207.1,290.95,1.72,241.0,100470.0
1990-05-02 02:00:00+00:00,17.06,52.65,819.2,754.41,197.85,292.05,0.69,213.0,100470.0
1990-05-02 03:00:00+00:00,18.16,49.15,866.95,740.69,209.5,299.75,0.55,187.0,100470.0
1990-05-02 04:00:00+00:00,18.91,47.55,836.3,661.63,238.9,300.75,0.62,214.0,100430.0
1990-05-02 05:00:00+00:00,19.33,47.65,790.7,697.08,185.3,307.5,1.1,244.0,100360.0
1990-05-02 06:00:00+00:00,19.65,46.1,679.7,676.41,147.6,306.75,2.0,246.0,100320.0
1990-05-02 07:00:00+00:00,20.0,44.6,523.15,589.51,132.3,303.05,2.28,256.0,100220.0
1990-05-02 08:00:00+00:00,19.67,44.45,326.45,437.37,105.15,305.0,2.83,251.0,100200.0
1990-05-02 09:00:00+00:00,18.84,49.3,143.0,228.19,68.55,302.1,3.17,232.0,100210.0
1990-05-02 10:00:00+00:00,17.0,56.6,19.9,33.43,15.35,301.1,3.59,226.0,100220.0
1990-05-02 11:00:00+00:00,15.11,58.35,0.0,0.0,0.0,296.3,3.59,222.0,100280.0
1990-05-02 12:00:00+00:00,14.09,62.55,0.0,0.0,0.0,292.6,3.52,213.0,100320.0
1990-05-02 13:00:00+00:00,13.41,64.75,0.0,0.0,0.0,288.55,3.52,214.0,100390.0
1990-05-02 14:00:00+00:00,12.93,67.05,0.0,0.0,0.0,286.6,3.66,225.0,100440.0
1990-05-02 15:00:00+00:00,12.51,66.95,0.0,0.0,0.0,285.25,3.31,229.0,100460.0
1990-05-02 16:00:00+00:00,12.06,69.35,0.0,0.0,0.0,285.05,2.76,220.0,100450.0
1990-05-02 17:00:00+00:00,11.48,74.55,0.0,0.0,0.0,285.65,2.48,215.0,100430.0
1990-05-02 18:00:00+00:00,10.68,80.05,0.0,0.0,0.0,285.05,2.21,224.0,100430.0
1990-05-02 19:00:00+00:00,10.77,74.4,0.0,0.0,0.0,285.85,1.72,255.0,100480.0
1990-05-02 20:00:00+00:00,10.35,77.1,0.0,0.0,0.0,285.65,1.86,234.0,100480.0
1990-05-02 21:00:00+00:00,9.8,77.0,35.55,0.0,35.55,284.1,2.76,207.0,100510.0
1990-05-02 22:00:00+00:00,11.26,71.75,212.55,600.52,86.4,293.0,2.97,202.0,100520.0
1990-05-02 23:00:00+00:00,14.2,62.55,406.2,723.28,118.55,286.2,2.9,211.0,100540.0
1990-05-03 00:00:00+00:00,16.32,54.45,586.05,775.82,141.5,287.95,2.76,225.0,100560.0
1990-05-03 01:00:00+00:00,17.89,50.85,740.95,815.58,155.35,291.95,2.69,238.0,100560.0
1990-05-03 02:00:00+00:00,19.11,45.95,848.75,828.16,164.6,294.75,2.76,245.0,100540.0
1990-05-03 03:00:00+00:00,20.05,41.45,900.2,820.7,169.85,297.45,3.1,244.0,100500.0
1990-05-03 04:00:00+00:00,20.65,40.1,890.05,796.6,169.05,298.05,3.72,240.0,100400.0
1990-05-03 05:00:00+00:00,21.04,37.35,820.5,755.61,162.65,297.85,4.55,234.0,100300.0
1990-05-03 06:00:00+00:00,20.96,38.65,696.55,692.11,150.6,297.25,5.45,229.0,100230.0
1990-05-03 07:00:00+00:00,20.54,38.65,529.8,596.51,132.95,294.75,6.28,222.0,100200.0
1990-05-03 08:00:00+00:00,19.41,44.3,338.1,452.97,107.8,292.6,6.34,215.0,100120.0
1990-05-03 09:00:00+00:00,18.22,49.15,150.35,242.45,70.6,290.3,6.14,212.0,100060.0
1990-05-03 10:00:00+00:00,17.09,50.75,21.4,37.04,16.25,288.15,6.76,210.0,100020.0
1990-05-03 11:00:00+00:00,16.3,50.6,0.0,0.0,0.0,288.15,7.31,207.0,99990.0
1990-05-03 12:00:00+00:00,16.17,47.0,0.0,0.0,0.0,289.5,8.0,207.0,99960.0
1990-05-03 13:00:00+00:00,16.16,45.3,0.0,0.0,0.0,291.65,8.69,211.0,99960.0
1990-05-03 14:00:00+00:00,16.03,47.0,0.0,0.0,0.0,295.9,9.17,215.0,99910.0
1990-05-03 15:00:00+00:00,15.74,50.5,0.0,0.0,0.0,296.65,9.1,220.0,99900.0
1990-05-03 16:00:00+00:00,15.48,52.4,0.0,0.0,0.0,307.5,8.62,225.0,99890.0
1990-05-03 17:00:00+00:00,14.98,56.25,0.0,0.0,0.0,298.4,6.69,237.0,99920.0
1990-05-03 18:00:00+00:00,14.36,60.3,0.0,0.0,0.0,293.95,3.72,260.0,99990.0
1990-05-03 19:00:00+00:00,13.66,60.2,0.0,0.0,0.0,292.2,1.79,319.0,100000.0
1990-05-03 20:00:00+00:00,12.7,57.75,0.0,0.0,0.0,284.85,2.76,31.0,100080.0
1990-05-03 21:00:00+00:00,12.85,51.65,37.7,0.0,37.7,282.55,4.14,37.0,100170.0
1990-05-03 22:00:00+00:00,13.26,46.2,219.25,619.79,86.85,277.7,4.0,40.0,100240.0
1990-05-03 23:00:00+00:00,14.76,38.55,411.35,730.85,118.3,275.6,3.79,39.0,100270.0
1990-05-04 00:00:00+00:00,16.37,26.5,595.15,789.54,140.45,275.75,4.55,33.0,100310.0
1990-05-04 01:00:00+00:00,17.52,22.9,746.55,818.57,156.65,276.25,4.83,31.0,100320.0
1990-05-04 02:00:00+00:00,18.61,22.25,851.55,826.54,166.75,277.9,4.21,29.0,100320.0
1990-05-04 03:00:00+00:00,19.66,20.8,899.9,816.85,171.15,280.4,3.52,17.0,100340.0
1990-05-04 04:00:00+00:00,20.37,20.9,887.65,791.1,169.95,283.5,2.76,5.0,100300.0
1990-05-04 05:00:00+00:00,20.69,21.05,816.1,747.9,163.4,285.65,1.93,352.0,100250.0
1990-05-04 06:00:00+00:00,20.63,23.65,694.7,687.53,150.9,287.75,1.45,325.0,100200.0
1990-05-04 07:00:00+00:00,20.74,26.55,521.75,568.37,142.35,286.4,1.59,315.0,100150.0
1990-05-04 08:00:00+00:00,20.12,30.75,323.45,386.91,125.8,287.95,1.31,296.0,100140.0
1990-05-04 09:00:00+00:00,19.24,36.8,136.6,146.87,87.9,289.9,1.17,258.0,100160.0
1990-05-04 10:00:00+00:00,17.92,43.9,19.75,5.99,18.9,291.65,1.66,200.0,100170.0
1990-05-04 11:00:00+00:00,16.18,50.6,0.0,0.0,0.0,302.3,2.62,183.0,100240.0
1990-05-04 12:00:00+00:00,14.93,56.25,0.0,0.0,0.0,308.5,2.28,190.0,100290.0
1990-05-04 13:00:00+00:00,13.84,64.75,0.0,0.0,0.0,307.3,1.66,210.0,100360.0
1990-05-04 14:00:00+00:00,12.91,67.05,0.0,0.0,0.0,299.4,1.45,252.0,100380.0
1990-05-04 15:00:00+00:00,12.72,69.45,0.0,0.0,0.0,292.05,1.38,290.0,100400.0
1990-05-04 16:00:00+00:00,12.6,66.95,0.0,0.0,0.0,279.65,1.24,334.0,100400.0
1990-05-04 17:00:00+00:00,10.93,74.45,0.0,0.0,0.0,287.75,1.66,27.0,100400.0
1990-05-04 18:00:00+00:00,10.47,80.05,0.0,0.0,0.0,303.45,2.41,47.0,100410.0
1990-05-04 19:00:00+00:00,11.54,71.85,0.0,0.0,0.0,326.85,2.83,65.0,100360.0
1990-05-04 20:00:00+00:00,12.44,64.55,0.0,0.0,0.0,333.45,3.24,51.0,100430.0
1990-05-04 21:00:00+00:00,12.89,57.9,40.5,0.0,40.5,329.4,3.52,46.0,100470.0
1990-05-04 22:00:00+00:00,13.49,53.85,142.9,126.9,115.35,319.5,3.66,46.0,100540.0
1990-05-04 23:00:00+00:00,14.47,50.25,201.1,82.27,167.85,319.5,3.86,44.0,100580.0
1990-05-05 00:00:00+00:00,15.34,50.35,271.45,80.87,224.65,332.5,3.24,18.0,100670.0
1990-05-05 01:00:00+00:00,15.97,48.8,215.65,38.23,188.0,336.25,3.93,355.0,100730.0
1990-05-05 02:00:00+00:00,16.11,50.6,249.8,34.54,221.1,343.1,3.86,352.0,100760.0
1990-05-05 03:00:00+00:00,16.92,50.75,278.4,21.08,259.55,340.8,3.1,2.0,100740.0
1990-05-05 04:00:00+00:00,17.7,47.3,377.75,103.54,283.6,349.1,1.45,15.0,100690.0
1990-05-05 05:00:00+00:00,18.39,45.7,445.1,203.54,267.05,346.0,0.62,142.0,100630.0
1990-05-05 06:00:00+00:00,18.74,45.85,651.2,583.51,188.45,337.5,1.45,170.0,100550.0
1990-05-05 07:00:00+00:00,20.44,34.45,453.2,453.09,149.75,311.75,1.17,311.0,100520.0
1990-05-05 08:00:00+00:00,20.04,34.45,255.6,233.23,135.9,321.65,1.66,284.0,100460.0
1990-05-05 09:00:00+00:00,19.18,42.7,129.95,163.07,75.45,326.65,1.72,263.0,100430.0
1990-05-05 10:00:00+00:00,17.86,50.85,21.5,33.83,16.6,317.55,1.79,243.0,100420.0
1990-05-05 11:00:00+00:00,16.15,54.45,0.0,0.0,0.0,298.6,2.14,231.0,100450.0
1990-05-05 12:00:00+00:00,14.57,62.65,0.0,0.0,0.0,294.55,1.86,231.0,100500.0
1990-05-05 13:00:00+00:00,12.92,69.55,0.0,0.0,0.0,291.45,2.0,247.0,100540.0
1990-05-05 14:00:00+00:00,11.8,80.15,0.0,0.0,0.0,288.35,2.34,259.0,100550.0
1990-05-05 15:00:00+00:00,11.14,80.1,0.0,0.0,0.0,285.65,2.41,255.0,100570.0
1990-05-05 16:00:00+00:00,10.63,80.05,0.0,0.0,0.0,283.3,2.41,238.0,100560.0
1990-05-05 17:00:00+00:00,10.29,82.95,0.0,0.0,0.0,281.95,2.62,225.0,100530.0
1990-05-05 18:00:00+00:00,9.99,82.95,0.0,0.0,0.0,280.6,2.69,222.0,100500.0
1990-05-05 19:00:00+00:00,10.63,80.05,0.0,0.0,0.0,279.65,3.93,212.0,100450.0
1990-05-05 20:00:00+00:00,10.88,80.1,0.0,0.0,0.0,278.65,3.93,206.0,100430.0
1990-05-05 21:00:00+00:00,10.98,80.1,40.3,0.0,40.3,277.7,4.0,199.0,100400.0
1990-05-05 22:00:00+00:00,11.9,74.6,225.5,618.2,89.2,277.1,3.86,195.0,100370.0
1990-05-05 23:00:00+00:00,13.86,67.15,417.1,730.25,119.7,279.05,4.07,195.0,100360.0
1990-05-06 00:00:00+00:00,15.74,56.35,599.25,786.89,141.7,282.55,4.34,202.0,100360.0
1990-05-06 01:00:00+00:00,17.2,52.65,749.0,815.64,157.1,287.9,4.41,210.0,100370.0
1990-05-06 02:00:00+00:00,18.35,49.15,851.35,820.65,167.65,293.2,4.55,215.0,100360.0
1990-05-06 03:00:00+00:00,19.29,47.65,898.5,811.66,170.9,298.05,4.62,218.0,100320.0
1990-05-06 04:00:00+00:00,19.94,46.1,885.3,785.19,169.75,302.1,4.62,221.0,100260.0
1990-05-06 05:00:00+00:00,20.32,44.6,813.4,741.6,163.2,304.4,4.62,224.0,100200.0
1990-05-06 06:00:00+00:00,20.36,44.6,692.3,680.61,151.15,306.15,4.69,226.0,100130.0
1990-05-06 07:00:00+00:00,21.09,41.7,527.55,586.98,133.15,306.55,5.03,216.0,100010.0
1990-05-06 08:00:00+00:00,20.33,46.2,339.1,447.92,108.15,305.4,5.03,215.0,99950.0
1990-05-06 09:00:00+00:00,19.31,49.45,154.7,245.83,71.9,302.3,5.1,214.0,99910.0
1990-05-06 10:00:00+00:00,17.78,50.85,24.5,42.64,18.2,297.65,5.45,214.0,99870.0
1990-05-06 11:00:00+00:00,16.42,52.5,0.0,0.0,0.0,294.35,5.79,212.0,99890.0
1990-05-06 12:00:00+00:00,15.86,52.4,0.0,0.0,0.0,292.6,6.0,206.0,99890.0
1990-05-06 13:00:00+00:00,15.65,52.4,0.0,0.0,0.0,292.05,6.34,204.0,99930.0
1990-05-06 14:00:00+00:00,15.59,50.5,0.0,0.0,0.0,291.85,6.69,206.0,99910.0
1990-05-06 15:00:00+00:00,15.63,48.65,0.0,0.0,0.0,291.45,7.03,208.0,99880.0
1990-05-06 16:00:00+00:00,15.65,46.9,0.0,0.0,0.0,291.05,7.38,209.0,99830.0
1990-05-06 17:00:00+00:00,15.7,46.9,0.0,0.0,0.0,290.3,7.66,211.0,99770.0
1990-05-06 18:00:00+00:00,15.8,46.9,0.0,0.0,0.0,289.7,8.0,213.0,99730.0
1990-05-06 19:00:00+00:00,16.34,45.3,0.0,0.0,0.0,290.5,8.14,218.0,99610.0
1990-05-06 20:00:00+00:00,16.13,47.0,0.0,0.0,0.0,289.3,8.07,217.0,99570.0
1990-05-06 21:00:00+00:00,15.83,50.5,41.45,0.0,41.45,287.75,7.86,216.0,99560.0
1990-05-06 22:00:00+00:00,16.05,50.6,230.85,632.31,89.35,286.8,7.72,216.0,99580.0
1990-05-06 23:00:00+00:00,16.99,50.75,420.2,724.27,123.05,287.6,7.59,217.0,99580.0
1990-05-07 00:00:00+00:00,18.16,47.4,597.3,756.18,155.6,291.65,7.52,220.0,99610.0
1990-05-07 01:00:00+00:00,19.32,44.3,730.2,726.0,201.6,297.35,7.03,225.0,99680.0
1990-05-07 02:00:00+00:00,20.23,41.45,807.35,672.56,245.55,305.55,6.9,222.0,99700.0
1990-05-07 03:00:00+00:00,20.99,40.2,743.05,457.16,332.3,319.5,7.03,223.0,99700.0
1990-05-07 04:00:00+00:00,21.42,41.7,790.5,574.47,265.85,336.55,6.28,234.0,99750.0
1990-05-07 05:00:00+00:00,21.84,41.85,809.8,727.89,170.2,326.85,5.24,249.0,99770.0
1990-05-07 06:00:00+00:00,22.0,40.5,681.2,667.91,148.8,323.75,4.21,264.0,99820.0
1990-05-07 07:00:00+00:00,25.13,32.1,515.5,569.83,131.4,325.5,3.79,301.0,99760.0
1990-05-07 08:00:00+00:00,25.2,32.1,328.55,424.18,108.85,327.65,4.0,315.0,99800.0
1990-05-07 09:00:00+00:00,24.84,33.15,144.55,192.99,79.05,326.1,4.62,331.0,99900.0
1990-05-07 10:00:00+00:00,23.57,30.55,22.35,13.28,20.35,325.7,4.97,343.0,99990.0
1990-05-07 11:00:00+00:00,21.94,31.15,0.0,0.0,0.0,327.45,4.76,349.0,100120.0
1990-05-07 12:00:00+00:00,20.49,32.1,0.0,0.0,0.0,322.2,4.34,353.0,100240.0
1990-05-07 13:00:00+00:00,19.18,32.9,0.0,0.0,0.0,302.85,4.21,354.0,100370.0
1990-05-07 14:00:00+00:00,18.29,32.65,0.0,0.0,0.0,293.2,4.76,356.0,100450.0
1990-05-07 15:00:00+00:00,17.79,28.95,0.0,0.0,0.0,292.2,5.45,1.0,100560.0
1990-05-07 16:00:00+00:00,17.51,22.9,0.0,0.0,0.0,287.95,6.48,5.0,100650.0
1990-05-07 17:00:00+00:00,17.22,18.6,0.0,0.0,0.0,281.2,7.52,8.0,100750.0
1990-05-07 18:00:00+00:00,16.77,16.45,0.0,0.0,0.0,282.15,7.79,16.0,100810.0
1990-05-07 19:00:00+00:00,15.53,17.65,0.0,0.0,0.0,276.15,6.9,21.0,100960.0
1990-05-07 20:00:00+00:00,14.9,18.25,0.0,0.0,0.0,289.1,6.62,24.0,101030.0
1990-05-07 21:00:00+00:00,13.97,21.25,42.5,0.0,42.5,259.1,6.34,27.0,101060.0
1990-05-07 22:00:00+00:00,13.89,23.05,231.3,609.92,92.85,267.65,6.28,30.0,101110.0
1990-05-07 23:00:00+00:00,14.75,23.15,414.1,672.79,136.1,273.85,5.79,32.0,101160.0
1990-05-08 00:00:00+00:00,15.98,19.25,574.4,673.77,179.1,273.45,6.69,33.0,101230.0
1990-05-08 01:00:00+00:00,16.98,18.6,732.55,715.06,210.25,272.2,7.52,37.0,101240.0
1990-05-08 02:00:00+00:00,17.85,18.0,777.15,595.62,278.35,290.3,7.59,41.0,101190.0
1990-05-08 03:00:00+00:00,18.56,17.5,820.0,563.1,312.95,301.1,6.97,42.0,101150.0
1990-05-08 04:00:00+00:00,19.16,17.6,839.0,635.33,257.55,295.9,6.55,40.0,101120.0
1990-05-08 05:00:00+00:00,19.59,17.05,688.3,476.88,268.35,296.1,6.41,40.0,101030.0
1990-05-08 06:00:00+00:00,19.6,17.05,605.8,458.96,239.05,293.55,6.34,40.0,101000.0
1990-05-08 07:00:00+00:00,18.6,18.25,380.15,277.37,192.6,300.75,6.07,31.0,100950.0
1990-05-08 08:00:00+00:00,17.37,22.75,208.35,130.8,140.3,305.0,6.34,29.0,100980.0
1990-05-08 09:00:00+00:00,16.38,25.5,39.2,5.12,37.45,311.2,5.59,25.0,101010.0
1990-05-08 10:00:00+00:00,15.5,28.55,4.15,0.65,4.05,343.9,4.21,24.0,101060.0
1990-05-08 11:00:00+00:00,14.73,33.05,0.0,0.0,0.0,347.0,3.17,29.0,101140.0
1990-05-08 12:00:00+00:00,13.12,49.85,0.0,0.0,0.0,344.65,1.45,48.0,101250.0
1990-05-08 13:00:00+00:00,11.65,69.25,0.0,0.0,0.0,341.75,0.76,85.0,101350.0
1990-05-08 14:00:00+00:00,10.62,74.4,0.0,0.0,0.0,333.45,1.24,92.0,101320.0
1990-05-08 15:00:00+00:00,9.9,79.95,0.0,0.0,0.0,329.75,1.59,119.0,101290.0
1990-05-08 16:00:00+00:00,9.57,79.9,0.0,0.0,0.0,326.5,2.55,162.0,101280.0
1990-05-08 17:00:00+00:00,9.58,79.9,0.0,0.0,0.0,320.1,2.62,175.0,101230.0
1990-05-08 18:00:00+00:00,9.65,79.9,0.0,0.0,0.0,311.0,1.45,208.0,101220.0
1990-05-08 19:00:00+00:00,9.48,74.2,0.0,0.0,0.0,325.1,2.83,144.0,101220.0
1990-05-08 20:00:00+00:00,9.51,71.5,0.0,0.0,0.0,312.95,2.62,150.0,101220.0
1990-05-08 21:00:00+00:00,9.46,71.5,34.9,2.4,34.8,311.0,1.72,149.0,101220.0
1990-05-08 22:00:00+00:00,9.76,74.2,127.8,33.24,120.15,302.85,0.41,55.0,101230.0
1990-05-08 23:00:00+00:00,10.72,66.55,264.15,126.31,211.6,296.3,1.52,341.0,101290.0
1990-05-09 00:00:00+00:00,11.9,57.65,455.5,356.08,245.7,286.05,1.79,329.0,101320.0
1990-05-09 01:00:00+00:00,13.31,51.75,707.15,660.72,223.05,285.35,1.1,321.0,101330.0
1990-05-09 02:00:00+00:00,14.68,46.6,862.15,798.74,191.6,277.5,0.62,290.0,101310.0
1990-05-09 03:00:00+00:00,15.83,45.15,927.8,821.59,186.4,272.65,0.97,284.0,101290.0
1990-05-09 04:00:00+00:00,16.83,40.6,916.2,813.42,170.25,270.75,1.52,280.0,101260.0
1990-05-09 05:00:00+00:00,17.56,39.25,840.45,762.68,167.4,270.75,2.14,270.0,101200.0
1990-05-09 06:00:00+00:00,17.96,37.95,710.9,693.98,155.0,273.65,2.9,256.0,101120.0
1990-05-09 07:00:00+00:00,18.13,40.9,544.6,601.75,136.45,276.95,4.76,223.0,101060.0
1990-05-09 08:00:00+00:00,17.56,42.3,354.05,464.17,111.5,276.55,5.45,222.0,101030.0
1990-05-09 09:00:00+00:00,16.41,45.3,165.25,261.26,75.25,275.4,5.17,227.0,101020.0
1990-05-09 10:00:00+00:00,15.11,46.75,28.75,51.53,20.7,274.2,5.1,229.0,101050.0
1990-05-09 11:00:00+00:00,13.74,50.0,0.0,0.0,0.0,269.0,5.86,223.0,101040.0
1990-05-09 12:00:00+00:00,13.28,51.75,0.0,0.0,0.0,265.3,6.69,219.0,101020.0
1990-05-09 13:00:00+00:00,13.24,49.85,0.0,0.0,0.0,265.1,7.24,219.0,101050.0
1990-05-09 14:00:00+00:00,13.21,48.0,0.0,0.0,0.0,267.85,7.52,219.0,101050.0
1990-05-09 15:00:00+00:00,13.13,51.75,0.0,0.0,0.0,269.75,7.24,222.0,101010.0
1990-05-09 16:00:00+00:00,13.11,53.7,0.0,0.0,0.0,272.1,6.28,232.0,101040.0
1990-05-09 17:00:00+00:00,12.95,57.9,0.0,0.0,0.0,274.2,4.62,246.0,101040.0
1990-05-09 18:00:00+00:00,12.63,59.95,0.0,0.0,0.0,274.6,3.45,254.0,100990.0
1990-05-09 19:00:00+00:00,12.19,57.65,0.0,0.0,0.0,274.6,2.62,272.0,101050.0
1990-05-09 20:00:00+00:00,10.82,69.1,0.0,0.0,0.0,273.85,1.79,288.0,101100.0
1990-05-09 21:00:00+00:00,11.95,57.65,71.9,555.78,46.95,273.65,1.1,329.0,101180.0
1990-05-09 22:00:00+00:00,11.71,64.35,233.7,601.5,93.45,273.45,1.31,28.0,101260.0
1990-05-09 23:00:00+00:00,14.5,48.4,426.9,729.91,121.2,275.0,2.0,38.0,101330.0
1990-05-10 00:00:00+00:00,16.21,39.0,607.55,784.47,143.45,276.75,2.55,44.0,101420.0
1990-05-10 01:00:00+00:00,17.82,37.8,757.7,816.61,157.6,280.9,2.41,60.0,101440.0
1990-05-10 02:00:00+00:00,19.31,34.15,860.3,822.69,168.0,285.65,2.07,74.0,101430.0
1990-05-10 03:00:00+00:00,20.48,29.75,905.25,803.03,179.1,290.1,1.66,78.0,101400.0
1990-05-10 04:00:00+00:00,21.31,27.7,898.6,795.22,167.9,293.55,1.31,83.0,101350.0
1990-05-10 05:00:00+00:00,21.89,26.8,820.2,731.48,173.35,295.3,1.17,109.0,101270.0
1990-05-10 06:00:00+00:00,22.11,26.95,679.8,606.33,192.95,298.6,1.31,163.0,101200.0
1990-05-10 07:00:00+00:00,22.37,26.95,507.15,488.67,174.7,305.95,1.66,195.0,101140.0
1990-05-10 08:00:00+00:00,21.85,30.0,345.55,436.45,116.5,305.0,1.86,207.0,101100.0
1990-05-10 09:00:00+00:00,20.64,37.25,164.05,255.92,75.25,299.2,1.93,220.0,101060.0
1990-05-10 10:00:00+00:00,18.49,49.3,29.75,53.15,21.3,294.95,2.07,229.0,101020.0
1990-05-10 11:00:00+00:00,16.25,58.6,0.0,0.0,0.0,288.55,2.9,214.0,101050.0
1990-05-10 12:00:00+00:00,14.6,64.95,0.0,0.0,0.0,286.4,3.59,206.0,101050.0
1990-05-10 13:00:00+00:00,13.91,67.25,0.0,0.0,0.0,290.5,3.93,207.0,101080.0
1990-05-10 14:00:00+00:00,13.46,69.65,0.0,0.0,0.0,292.4,4.14,215.0,101100.0
1990-05-10 15:00:00+00:00,13.08,74.75,0.0,0.0,0.0,295.5,4.0,218.0,101110.0
1990-05-10 16:00:00+00:00,12.78,74.7,0.0,0.0,0.0,296.3,3.59,212.0,101120.0
1990-05-10 17:00:00+00:00,12.62,74.7,0.0,0.0,0.0,297.25,3.59,200.0,101100.0
1990-05-10 18:00:00+00:00,12.86,69.45,0.0,0.0,0.0,299.75,4.28,184.0,101020.0
1990-05-10 19:00:00+00:00,14.44,43.25,0.0,0.0,0.0,308.85,5.93,186.0,100870.0
1990-05-10 20:00:00+00:00,14.7,43.25,0.0,0.0,0.0,319.1,5.79,193.0,100870.0
1990-05-10 21:00:00+00:00,14.43,44.9,33.65,7.27,33.3,317.75,5.79,198.0,100880.0
1990-05-10 22:00:00+00:00,14.59,46.6,75.0,0.0,75.0,339.65,5.93,195.0,100880.0
1990-05-10 23:00:00+00:00,14.8,46.6,97.65,0.71,97.35,346.6,5.86,196.0,100870.0
1990-05-11 00:00:00+00:00,14.92,45.05,153.35,19.19,141.95,351.05,6.0,198.0,100880.0
1990-05-11 01:00:00+00:00,15.39,45.05,142.95,3.26,140.55,356.95,6.14,196.0,100870.0
1990-05-11 02:00:00+00:00,15.26,46.75,143.1,1.01,142.25,357.45,6.14,198.0,100860.0
1990-05-11 03:00:00+00:00,14.92,50.35,121.9,1.05,120.95,360.35,5.59,200.0,100850.0
1990-05-11 04:00:00+00:00,14.2,58.1,90.45,0.0,90.45,359.55,4.97,200.0,100790.0
1990-05-11 05:00:00+00:00,13.03,74.75,61.25,0.0,61.25,360.55,4.55,195.0,100770.0
1990-05-11 06:00:00+00:00,12.27,86.2,39.25,0.0,39.25,360.75,4.41,175.0,100700.0
1990-05-11 07:00:00+00:00,11.77,89.3,30.95,0.0,30.95,358.8,6.14,176.0,100630.0
1990-05-11 08:00:00+00:00,11.71,89.3,21.2,0.0,21.2,359.55,6.14,180.0,100590.0
1990-05-11 09:00:00+00:00,11.69,89.3,16.7,0.0,16.7,362.5,5.86,183.0,100550.0
1990-05-11 10:00:00+00:00,11.91,86.2,7.65,0.0,7.65,359.0,5.38,186.0,100560.0
1990-05-11 11:00:00+00:00,12.03,86.2,0.0,0.0,0.0,356.85,5.1,181.0,100560.0
1990-05-11 12:00:00+00:00,12.0,89.35,0.0,0.0,0.0,341.2,4.97,174.0,100560.0
1990-05-11 13:00:00+00:00,11.86,92.55,0.0,0.0,0.0,318.75,4.83,172.0,100590.0
1990-05-11 14:00:00+00:00,11.58,92.55,0.0,0.0,0.0,300.75,4.55,176.0,100540.0
1990-05-11 15:00:00+00:00,11.41,92.55,0.0,0.0,0.0,297.45,4.28,183.0,100530.0
1990-05-11 16:00:00+00:00,11.37,95.9,0.0,0.0,0.0,299.4,4.48,192.0,100480.0
1990-05-11 17:00:00+00:00,11.35,95.9,0.0,0.0,0.0,298.05,4.55,194.0,100430.0
1990-05-11 18:00:00+00:00,11.29,95.9,0.0,0.0,0.0,302.85,4.28,194.0,100340.0
1990-05-11 19:00:00+00:00,11.22,95.9,0.0,0.0,0.0,291.85,4.21,200.0,100460.0
1990-05-11 20:00:00+00:00,11.01,95.9,0.0,0.0,0.0,281.0,4.21,198.0,100400.0
1990-05-11 21:00:00+00:00,10.8,99.4,70.25,433.18,48.05,287.6,4.21,196.0,100350.0
1990-05-11 22:00:00+00:00,11.3,99.35,212.4,418.65,112.35,287.2,4.28,196.0,100320.0
1990-05-11 23:00:00+00:00,12.41,92.6,374.4,503.2,161.0,293.95,4.76,199.0,100260.0
1990-05-12 00:00:00+00:00,14.12,80.45,547.55,590.0,195.8,288.95,5.24,206.0,100220.0
1990-05-12 01:00:00+00:00,15.44,70.0,733.55,716.78,203.85,299.1,5.03,212.0,100170.0
1990-05-12 02:00:00+00:00,16.75,60.85,846.05,771.33,194.05,295.5,4.69,223.0,100100.0
1990-05-12 03:00:00+00:00,17.66,52.75,823.4,664.5,220.15,295.9,4.41,240.0,100050.0
1990-05-12 04:00:00+00:00,18.26,44.05,698.2,474.62,260.45,310.05,5.66,262.0,100010.0
1990-05-12 05:00:00+00:00,17.73,40.75,586.8,297.81,322.4,313.5,7.52,286.0,99990.0
1990-05-12 06:00:00+00:00,18.51,28.1,575.9,414.56,241.5,328.0,8.9,302.0,100000.0
1990-05-12 07:00:00+00:00,18.53,27.05,505.75,512.03,155.35,306.95,7.66,300.0,100120.0
1990-05-12 08:00:00+00:00,18.63,28.1,351.25,444.79,115.85,292.2,7.03,296.0,100130.0
1990-05-12 09:00:00+00:00,18.09,30.2,168.45,256.88,78.05,277.3,5.86,290.0,100170.0
1990-05-12 10:00:00+00:00,16.84,33.6,32.55,58.07,23.0,271.7,3.86,274.0,100220.0
1990-05-12 11:00:00+00:00,14.95,41.75,0.0,0.0,0.0,264.75,4.0,240.0,100260.0
1990-05-12 12:00:00+00:00,13.34,51.75,0.0,0.0,0.0,261.25,4.97,227.0,100340.0
1990-05-12 13:00:00+00:00,12.9,51.75,0.0,0.0,0.0,262.6,5.52,224.0,100410.0
1990-05-12 14:00:00+00:00,12.73,53.6,0.0,0.0,0.0,261.85,5.66,223.0,100430.0
1990-05-12 15:00:00+00:00,12.53,55.65,0.0,0.0,0.0,261.65,5.45,225.0,100430.0
1990-05-12 16:00:00+00:00,12.34,59.85,0.0,0.0,0.0,263.75,5.17,233.0,100400.0
1990-05-12 17:00:00+00:00,12.32,57.65,0.0,0.0,0.0,262.4,4.69,243.0,100390.0
1990-05-12 18:00:00+00:00,12.29,55.5,0.0,0.0,0.0,263.4,4.21,250.0,100360.0
1990-05-12 19:00:00+00:00,11.71,64.35,0.0,0.0,0.0,266.65,4.76,222.0,100360.0
1990-05-12 20:00:00+00:00,11.62,66.75,0.0,0.0,0.0,267.65,4.48,218.0,100360.0
1990-05-12 21:00:00+00:00,11.58,66.75,77.85,561.78,47.35,269.4,4.28,212.0,100360.0
1990-05-12 22:00:00+00:00,12.4,64.55,235.15,571.23,97.05,274.8,4.14,206.0,100360.0
1990-05-12 23:00:00+00:00,14.19,60.3,401.2,602.92,144.0,281.4,4.62,204.0,100370.0
1990-05-13 00:00:00+00:00,15.62,54.35,561.1,635.49,180.85,293.4,5.03,206.0,100330.0
1990-05-13 01:00:00+00:00,16.66,52.65,673.05,607.73,222.75,314.2,4.83,210.0,100310.0
1990-05-13 02:00:00+00:00,17.42,54.6,794.2,666.34,229.75,322.6,4.69,215.0,100250.0
1990-05-13 03:00:00+00:00,18.18,52.9,798.0,574.98,275.05,322.2,4.76,218.0,100190.0
1990-05-13 04:00:00+00:00,18.4,54.85,729.15,455.31,308.45,329.0,4.55,222.0,100120.0
1990-05-13 05:00:00+00:00,18.09,56.85,646.1,413.09,278.65,337.3,3.72,233.0,100080.0
1990-05-13 06:00:00+00:00,17.69,60.95,663.6,599.68,178.8,334.4,3.03,234.0,100030.0
1990-05-13 07:00:00+00:00,19.19,55.05,503.0,496.65,162.15,314.5,3.24,232.0,99970.0
1990-05-13 08:00:00+00:00,18.39,61.05,342.55,444.76,106.2,323.4,2.97,243.0,99940.0
1990-05-13 09:00:00+00:00,17.46,63.2,160.8,244.96,74.0,309.45,2.21,251.0,99950.0
1990-05-13 10:00:00+00:00,16.2,67.65,28.7,47.26,20.8,309.25,1.31,256.0,99980.0
1990-05-13 11:00:00+00:00,14.73,75.0,0.0,0.0,0.0,314.85,1.1,190.0,100000.0
1990-05-13 12:00:00+00:00,13.89,83.35,0.0,0.0,0.0,313.5,2.0,137.0,100030.0
1990-05-13 13:00:00+00:00,13.5,83.35,0.0,0.0,0.0,299.55,2.41,108.0,100120.0
1990-05-13 14:00:00+00:00,13.46,80.4,0.0,0.0,0.0,297.65,2.9,103.0,100170.0
1990-05-13 15:00:00+00:00,13.4,80.4,0.0,0.0,0.0,296.3,3.24,117.0,100200.0
1990-05-13 16:00:00+00:00,13.03,83.25,0.0,0.0,0.0,296.65,2.97,132.0,100180.0
1990-05-13 17:00:00+00:00,12.69,83.25,0.0,0.0,0.0,295.5,1.59,151.0,100180.0
1990-05-13 18:00:00+00:00,11.65,86.15,0.0,0.0,0.0,293.0,1.38,253.0,100180.0
1990-05-13 19:00:00+00:00,10.74,92.5,0.0,0.0,0.0,292.2,2.83,248.0,100220.0
1990-05-13 20:00:00+00:00,11.08,86.1,0.0,0.0,0.0,285.85,3.24,259.0,100220.0
1990-05-13 21:00:00+00:00,11.19,80.1,79.9,565.11,47.55,283.5,2.97,292.0,100300.0
1990-05-13 22:00:00+00:00,12.63,62.2,240.05,583.78,97.35,280.2,3.52,338.0,100430.0
1990-05-13 23:00:00+00:00,14.83,46.6,434.7,725.05,123.65,279.25,4.0,8.0,100490.0
1990-05-14 00:00:00+00:00,16.44,37.65,617.1,785.66,145.35,277.9,4.55,23.0,100580.0
1990-05-14 01:00:00+00:00,17.91,39.25,767.05,816.26,160.7,280.35,4.55,22.0,100630.0
1990-05-14 02:00:00+00:00,19.35,35.45,869.45,823.21,170.7,285.25,4.55,11.0,100670.0
1990-05-14 03:00:00+00:00,20.5,32.1,915.8,812.82,175.2,289.7,4.83,360.0,100720.0
1990-05-14 04:00:00+00:00,21.23,31.05,903.9,788.74,173.85,292.6,5.03,355.0,100700.0
1990-05-14 05:00:00+00:00,21.69,30.0,833.35,747.62,167.1,294.15,4.97,357.0,100650.0
1990-05-14 06:00:00+00:00,21.97,28.9,708.4,683.17,154.9,295.1,4.62,0.0,100610.0
1990-05-14 07:00:00+00:00,22.19,26.95,543.85,591.59,136.7,296.65,3.72,356.0,100610.0
1990-05-14 08:00:00+00:00,21.99,26.95,356.2,458.52,111.55,297.25,2.83,356.0,100630.0
1990-05-14 09:00:00+00:00,21.34,31.05,171.55,266.02,76.65,297.05,1.31,2.0,100630.0
1990-05-14 10:00:00+00:00,20.16,35.75,34.05,60.07,23.85,296.3,0.83,117.0,100630.0
1990-05-14 11:00:00+00:00,18.02,44.05,0.0,0.0,0.0,293.75,2.55,135.0,100660.0
1990-05-14 12:00:00+00:00,16.11,52.5,0.0,0.0,0.0,292.6,2.9,152.0,100720.0
1990-05-14 13:00:00+00:00,14.8,60.4,0.0,0.0,0.0,291.45,2.55,172.0,100820.0
1990-05-14 14:00:00+00:00,13.35,72.1,0.0,0.0,0.0,290.65,2.14,192.0,100860.0
1990-05-14 15:00:00+00:00,12.27,77.35,0.0,0.0,0.0,291.65,2.28,201.0,100860.0
1990-05-14 16:00:00+00:00,11.97,77.35,0.0,0.0,0.0,293.4,2.62,181.0,100810.0
1990-05-14 17:00:00+00:00,12.29,77.35,0.0,0.0,0.0,294.15,3.59,150.0,100690.0
1990-05-14 18:00:00+00:00,12.81,69.45,0.0,0.0,0.0,293.0,3.66,151.0,100610.0
1990-05-14 19:00:00+00:00,13.58,60.2,0.0,0.0,0.0,293.6,4.0,161.0,100520.0
1990-05-14 20:00:00+00:00,14.11,56.0,0.0,0.0,0.0,292.4,4.48,169.0,100490.0
1990-05-14 21:00:00+00:00,14.65,52.15,71.7,249.55,56.7,292.2,5.31,169.0,100440.0
1990-05-14 22:00:00+00:00,15.88,48.65,187.7,220.01,133.35,299.95,6.14,172.0,100430.0
1990-05-14 23:00:00+00:00,17.13,47.15,373.1,447.1,180.25,308.3,6.41,174.0,100450.0
1990-05-15 00:00:00+00:00,18.61,42.6,452.0,369.98,229.1,312.95,7.03,172.0,100410.0
1990-05-15 01:00:00+00:00,19.64,39.8,562.3,306.79,333.85,322.5,7.72,175.0,100390.0
1990-05-15 02:00:00+00:00,20.69,35.9,534.9,193.54,370.3,334.2,8.34,179.0,100330.0
1990-05-15 03:00:00+00:00,21.19,36.0,568.9,163.3,419.85,352.6,8.21,177.0,100280.0
1990-05-15 04:00:00+00:00,21.68,34.85,577.2,214.1,378.7,359.75,8.28,176.0,100210.0
1990-05-15 05:00:00+00:00,21.84,34.85,546.05,205.09,362.95,369.45,8.28,175.0,100090.0
1990-05-15 06:00:00+00:00,21.93,37.5,409.3,143.24,293.0,371.0,8.55,171.0,99970.0
1990-05-15 07:00:00+00:00,21.2,38.75,315.45,129.9,225.8,372.95,8.28,167.0,99910.0
1990-05-15 08:00:00+00:00,20.44,44.6,196.6,60.95,163.95,370.8,8.14,162.0,99790.0
1990-05-15 09:00:00+00:00,19.34,51.25,88.9,22.97,80.65,365.55,8.07,160.0,99750.0
1990-05-15 10:00:00+00:00,18.22,56.85,28.85,25.52,24.45,366.75,8.34,158.0,99620.0
1990-05-15 11:00:00+00:00,17.23,65.35,0.0,0.0,0.0,343.5,8.14,154.0,99580.0
1990-05-15 12:00:00+00:00,16.68,67.75,0.0,0.0,0.0,345.45,7.52,151.0,99550.0
1990-05-15 13:00:00+00:00,15.95,75.25,0.0,0.0,0.0,356.65,6.28,172.0,99630.0
1990-05-15 14:00:00+00:00,15.09,89.55,0.0,0.0,0.0,366.55,6.07,189.0,99650.0
1990-05-15 15:00:00+00:00,15.29,92.75,0.0,0.0,0.0,373.7,6.48,185.0,99510.0
1990-05-15 16:00:00+00:00,15.44,89.6,0.0,0.0,0.0,361.7,7.66,199.0,99480.0
1990-05-15 17:00:00+00:00,15.34,92.75,0.0,0.0,0.0,374.3,7.31,214.0,99420.0
1990-05-15 18:00:00+00:00,14.87,96.0,0.0,0.0,0.0,376.4,6.76,220.0,99400.0
1990-05-15 19:00:00+00:00,14.8,96.0,0.0,0.0,0.0,355.3,6.41,232.0,99490.0
1990-05-15 20:00:00+00:00,14.25,99.35,0.0,0.0,0.0,370.0,5.31,237.0,99490.0
1990-05-15 21:00:00+00:00,14.01,96.0,26.45,34.99,24.25,369.05,3.66,220.0,99520.0
1990-05-15 22:00:00+00:00,14.14,96.0,79.4,51.49,66.55,371.4,3.59,196.0,99510.0
1990-05-15 23:00:00+00:00,14.6,92.7,160.95,91.33,121.35,358.2,3.59,190.0,99560.0
1990-05-16 00:00:00+00:00,15.19,89.55,297.1,197.47,177.75,365.2,2.9,202.0,99590.0
1990-05-16 01:00:00+00:00,16.26,80.75,482.7,282.49,271.85,355.4,1.72,225.0,99570.0
1990-05-16 02:00:00+00:00,17.39,78.0,513.2,283.31,271.8,351.65,1.72,214.0,99560.0
1990-05-16 03:00:00+00:00,18.14,72.9,539.6,227.29,331.8,348.15,2.55,216.0,99560.0
1990-05-16 04:00:00+00:00,18.4,72.9,624.85,365.21,285.7,362.85,3.45,249.0,99480.0
1990-05-16 05:00:00+00:00,18.45,65.65,585.65,356.02,267.25,350.3,3.79,274.0,99430.0
1990-05-16 06:00:00+00:00,18.97,61.3,379.2,199.97,216.5,335.95,2.83,287.0,99360.0
1990-05-16 07:00:00+00:00,18.62,65.65,350.95,265.25,167.4,347.0,1.86,259.0,99370.0
1990-05-16 08:00:00+00:00,18.75,63.4,232.05,196.37,126.45,340.8,1.52,264.0,99330.0
1990-05-16 09:00:00+00:00,18.62,63.4,138.4,157.42,81.5,341.95,1.17,260.0,99310.0
1990-05-16 10:00:00+00:00,17.97,65.55,32.65,45.13,24.75,329.75,1.1,230.0,99340.0
1990-05-16 11:00:00+00:00,16.76,70.2,0.0,0.0,0.0,315.85,1.86,200.0,99380.0
1990-05-16 12:00:00+00:00,15.31,80.6,0.0,0.0,0.0,311.75,2.55,194.0,99410.0
1990-05-16 13:00:00+00:00,14.32,86.4,0.0,0.0,0.0,304.8,2.9,193.0,99450.0
1990-05-16 14:00:00+00:00,13.83,89.45,0.0,0.0,0.0,299.75,2.9,199.0,99450.0
1990-05-16 15:00:00+00:00,13.5,86.35,0.0,0.0,0.0,297.85,2.9,206.0,99440.0
1990-05-16 16:00:00+00:00,13.2,89.4,0.0,0.0,0.0,293.75,2.83,212.0,99420.0
1990-05-16 17:00:00+00:00,12.96,86.3,0.0,0.0,0.0,292.6,2.9,218.0,99400.0
1990-05-16 18:00:00+00:00,12.83,86.25,0.0,0.0,0.0,291.45,3.17,214.0,99380.0
1990-05-16 19:00:00+00:00,13.35,80.35,0.0,0.0,0.0,288.75,4.41,220.0,99360.0
1990-05-16 20:00:00+00:00,13.62,77.6,0.0,0.0,0.0,291.45,4.9,214.0,99320.0
1990-05-16 21:00:00+00:00,13.82,77.6,71.1,253.22,54.5,291.85,5.24,207.0,99270.0
1990-05-16 22:00:00+00:00,14.67,72.4,189.1,215.31,134.85,303.25,5.66,204.0,99240.0
1990-05-16 23:00:00+00:00,15.82,70.0,337.95,332.19,193.2,311.0,5.79,204.0,99200.0
1990-05-17 00:00:00+00:00,16.81,65.35,495.4,401.49,252.0,315.45,5.86,204.0,99170.0
1990-05-17 01:00:00+00:00,17.55,63.2,666.85,549.49,255.8,324.05,5.38,206.0,99140.0
1990-05-17 02:00:00+00:00,18.33,63.3,764.9,588.44,262.6,326.5,4.76,206.0,99110.0
1990-05-17 03:00:00+00:00,18.91,61.2,787.25,537.4,295.15,330.55,4.41,206.0,99060.0
1990-05-17 04:00:00+00:00,19.33,61.3,794.75,583.53,252.0,333.85,4.14,210.0,99050.0
1990-05-17 05:00:00+00:00,19.45,61.3,763.4,631.24,197.9,334.4,3.66,223.0,99000.0
1990-05-17 06:00:00+00:00,19.34,63.5,474.3,307.94,223.25,333.25,3.17,239.0,98970.0
1990-05-17 07:00:00+00:00,19.27,61.3,398.65,304.9,187.1,338.3,2.14,202.0,99080.0
1990-05-17 08:00:00+00:00,18.6,63.4,238.55,220.07,119.75,337.5,1.45,158.0,99100.0
1990-05-17 09:00:00+00:00,16.97,75.3,96.4,79.86,67.35,342.95,2.28,61.0,99160.0
1990-05-17 10:00:00+00:00,15.88,83.55,15.7,5.35,14.75,340.6,2.9,80.0,99240.0
1990-05-17 11:00:00+00:00,14.91,80.6,0.0,0.0,0.0,339.65,2.76,126.0,99310.0
1990-05-17 12:00:00+00:00,14.39,86.4,0.0,0.0,0.0,340.0,1.38,133.0,99440.0
1990-05-17 13:00:00+00:00,13.98,86.4,0.0,0.0,0.0,337.7,1.52,150.0,99560.0
1990-05-17 14:00:00+00:00,13.38,92.65,0.0,0.0,0.0,334.4,1.45,137.0,99610.0
1990-05-17 15:00:00+00:00,14.13,83.4,0.0,0.0,0.0,324.95,0.34,25.0,99620.0
1990-05-17 16:00:00+00:00,12.39,92.6,0.0,0.0,0.0,318.95,1.79,323.0,99620.0
1990-05-17 17:00:00+00:00,12.18,92.6,0.0,0.0,0.0,298.8,2.69,329.0,99630.0
1990-05-17 18:00:00+00:00,12.49,86.25,0.0,0.0,0.0,297.45,3.38,351.0,99640.0
1990-05-17 19:00:00+00:00,12.58,72.05,0.0,0.0,0.0,291.05,4.62,10.0,99720.0
1990-05-17 20:00:00+00:00,12.9,64.65,0.0,0.0,0.0,293.0,5.17,16.0,99770.0
1990-05-17 21:00:00+00:00,13.04,64.65,83.25,468.14,51.35,295.3,5.31,18.0,99840.0
1990-05-17 22:00:00+00:00,13.66,64.75,240.25,562.94,97.1,292.2,5.31,17.0,99900.0
1990-05-17 23:00:00+00:00,15.01,60.5,425.4,682.35,126.65,292.4,5.52,14.0,99980.0
1990-05-18 00:00:00+00:00,16.59,54.6,602.55,746.95,148.4,293.95,6.0,13.0,100050.0
1990-05-18 01:00:00+00:00,18.1,51.0,750.2,781.7,164.2,296.8,6.21,14.0,100120.0
1990-05-18 02:00:00+00:00,19.43,44.3,746.9,655.61,186.3,300.15,6.83,13.0,100150.0
1990-05-18 03:00:00+00:00,20.17,38.5,788.2,600.53,237.45,318.75,6.69,10.0,100170.0
1990-05-18 04:00:00+00:00,20.91,35.9,849.45,697.83,199.4,321.65,6.55,4.0,100160.0
1990-05-18 05:00:00+00:00,21.56,32.35,770.1,645.85,190.55,311.2,6.34,358.0,100120.0
1990-05-18 06:00:00+00:00,21.85,30.0,561.75,374.59,255.75,323.4,6.14,351.0,100090.0
1990-05-18 07:00:00+00:00,21.44,31.05,492.4,466.7,167.75,322.8,5.59,341.0,100130.0
1990-05-18 08:00:00+00:00,21.44,31.05,302.35,339.3,118.5,316.2,5.31,338.0,100120.0
1990-05-18 09:00:00+00:00,21.07,31.05,174.35,254.49,81.2,317.2,4.34,332.0,100110.0
1990-05-18 10:00:00+00:00,20.12,35.75,39.15,67.72,26.95,301.3,3.03,330.0,100090.0
1990-05-18 11:00:00+00:00,18.36,44.05,0.0,0.0,0.0,297.65,2.55,359.0,100150.0
1990-05-18 12:00:00+00:00,16.81,48.9,0.0,0.0,0.0,296.3,3.93,37.0,100290.0
1990-05-18 13:00:00+00:00,15.9,56.35,0.0,0.0,0.0,298.05,4.62,50.0,100430.0
1990-05-18 14:00:00+00:00,15.07,58.35,0.0,0.0,0.0,298.05,3.86,48.0,100470.0
1990-05-18 15:00:00+00:00,14.36,64.85,0.0,0.0,0.0,298.4,3.24,37.0,100500.0
1990-05-18 16:00:00+00:00,13.72,67.15,0.0,0.0,0.0,297.25,3.24,19.0,100540.0
1990-05-18 17:00:00+00:00,13.2,72.1,0.0,0.0,0.0,296.85,3.52,7.0,100540.0
1990-05-18 18:00:00+00:00,12.8,74.7,0.0,0.0,0.0,297.45,3.79,356.0,100560.0
1990-05-18 19:00:00+00:00,12.93,72.1,0.0,0.0,0.0,297.45,3.66,352.0,100560.0
1990-05-18 20:00:00+00:00,12.68,77.45,0.0,0.0,0.0,297.45,3.72,352.0,100620.0
1990-05-18 21:00:00+00:00,12.53,80.3,80.8,426.84,50.65,299.4,3.59,352.0,100650.0
1990-05-18 22:00:00+00:00,13.18,80.35,230.45,510.67,99.45,299.2,3.38,350.0,100700.0
1990-05-18 23:00:00+00:00,14.51,72.4,404.55,616.17,133.55,299.4,3.93,354.0,100740.0
1990-05-19 00:00:00+00:00,15.94,65.25,540.8,554.29,202.85,305.95,3.79,3.0,100770.0
1990-05-19 01:00:00+00:00,17.43,63.05,646.35,595.61,198.95,319.6,3.86,8.0,100780.0
1990-05-19 02:00:00+00:00,18.75,54.95,743.1,613.97,217.25,328.4,3.86,4.0,100730.0
1990-05-19 03:00:00+00:00,19.6,49.55,650.25,444.33,242.15,325.1,3.24,355.0,100680.0
1990-05-19 04:00:00+00:00,19.56,49.55,592.25,282.51,328.7,354.95,2.41,342.0,100650.0
1990-05-19 05:00:00+00:00,19.41,53.15,564.7,338.29,260.65,367.3,1.79,328.0,100600.0
1990-05-19 06:00:00+00:00,19.3,55.05,401.0,214.55,225.4,364.0,1.38,300.0,100560.0
1990-05-19 07:00:00+00:00,19.34,55.05,389.15,277.53,195.6,365.75,1.45,280.0,100530.0
1990-05-19 08:00:00+00:00,19.28,57.1,275.5,244.64,142.45,366.15,1.45,241.0,100510.0
1990-05-19 09:00:00+00:00,18.92,61.2,171.55,245.2,81.25,342.55,2.07,206.0,100500.0
1990-05-19 10:00:00+00:00,18.03,65.55,38.8,64.06,27.1,319.7,3.1,221.0,100500.0
1990-05-19 11:00:00+00:00,16.28,75.25,0.0,0.0,0.0,313.3,4.0,241.0,100550.0
1990-05-19 12:00:00+00:00,15.19,77.8,0.0,0.0,0.0,306.95,3.45,238.0,100620.0
1990-05-19 13:00:00+00:00,14.65,80.55,0.0,0.0,0.0,304.4,2.9,216.0,100670.0
1990-05-19 14:00:00+00:00,14.2,83.4,0.0,0.0,0.0,302.1,2.9,196.0,100660.0
1990-05-19 15:00:00+00:00,13.8,86.35,0.0,0.0,0.0,300.55,3.03,192.0,100650.0
1990-05-19 16:00:00+00:00,13.57,86.35,0.0,0.0,0.0,299.2,3.38,190.0,100630.0
1990-05-19 17:00:00+00:00,13.56,83.35,0.0,0.0,0.0,298.05,3.93,182.0,100570.0
1990-05-19 18:00:00+00:00,13.76,83.35,0.0,0.0,0.0,295.9,4.55,176.0,100520.0
1990-05-19 19:00:00+00:00,14.91,69.9,0.0,0.0,0.0,297.25,5.38,169.0,100370.0
1990-05-19 20:00:00+00:00,15.35,67.45,0.0,0.0,0.0,298.4,5.93,173.0,100330.0
1990-05-19 21:00:00+00:00,15.61,62.85,87.05,423.77,56.1,298.4,6.34,180.0,100340.0
1990-05-19 22:00:00+00:00,16.24,60.75,234.6,457.34,116.3,299.0,6.62,185.0,100340.0
1990-05-19 23:00:00+00:00,17.26,58.7,389.85,478.7,178.4,301.1,6.55,188.0,100370.0
1990-05-20 00:00:00+00:00,18.39,52.9,537.7,487.07,239.95,309.85,6.62,188.0,100390.0
1990-05-20 01:00:00+00:00,19.68,46.1,694.75,575.86,261.35,314.0,6.9,187.0,100390.0
1990-05-20 02:00:00+00:00,21.1,43.25,802.95,621.69,269.65,318.15,7.03,188.0,100360.0
1990-05-20 03:00:00+00:00,22.16,41.95,769.6,455.01,351.1,320.5,7.24,195.0,100340.0
1990-05-20 04:00:00+00:00,22.39,43.5,702.9,373.95,353.55,333.85,7.38,203.0,100320.0
1990-05-20 05:00:00+00:00,22.19,48.45,637.65,348.31,324.1,341.0,7.17,206.0,100280.0
1990-05-20 06:00:00+00:00,21.98,50.2,501.45,221.58,319.75,341.55,7.03,206.0,100200.0
1990-05-20 07:00:00+00:00,21.46,55.55,383.7,162.48,270.1,348.35,7.17,205.0,100120.0
1990-05-20 08:00:00+00:00,20.96,59.5,224.65,68.25,187.4,352.4,6.62,203.0,100090.0
1990-05-20 09:00:00+00:00,20.38,61.5,93.0,6.07,90.75,352.6,6.34,197.0,100060.0
1990-05-20 10:00:00+00:00,19.65,63.6,21.35,1.62,21.05,357.85,5.59,203.0,100090.0
1990-05-20 11:00:00+00:00,18.05,70.35,0.0,0.0,0.0,362.1,4.69,267.0,100270.0
1990-05-20 12:00:00+00:00,16.47,75.3,0.0,0.0,0.0,370.0,4.48,309.0,100410.0
1990-05-20 13:00:00+00:00,15.71,80.65,0.0,0.0,0.0,361.7,2.55,346.0,100460.0
1990-05-20 14:00:00+00:00,15.49,80.65,0.0,0.0,0.0,361.3,1.38,78.0,100430.0
1990-05-20 15:00:00+00:00,14.95,83.5,0.0,0.0,0.0,335.75,2.48,140.0,100410.0
1990-05-20 16:00:00+00:00,14.34,92.7,0.0,0.0,0.0,319.7,1.03,193.0,100440.0
1990-05-20 17:00:00+00:00,12.83,95.95,0.0,0.0,0.0,303.25,1.72,270.0,100470.0
1990-05-20 18:00:00+00:00,12.14,95.95,0.0,0.0,0.0,296.1,1.79,285.0,100480.0
1990-05-20 19:00:00+00:00,13.05,89.4,0.0,0.0,0.0,294.95,1.52,244.0,100510.0
1990-05-20 20:00:00+00:00,14.69,86.45,0.0,0.0,0.0,293.0,0.83,230.0,100550.0
1990-05-20 21:00:00+00:00,14.45,86.45,91.9,522.3,52.55,291.65,0.97,181.0,100580.0
1990-05-20 22:00:00+00:00,13.19,92.65,255.95,615.2,95.55,292.2,1.31,169.0,100620.0
1990-05-20 23:00:00+00:00,16.44,78.0,443.8,720.23,124.35,293.95,1.72,170.0,100630.0
1990-05-21 00:00:00+00:00,18.2,72.9,621.95,777.03,145.75,298.05,2.34,181.0,100660.0
1990-05-21 01:00:00+00:00,19.71,63.6,768.6,805.77,161.05,303.95,2.83,199.0,100670.0
1990-05-21 02:00:00+00:00,20.9,59.5,868.6,812.24,170.8,310.6,3.31,216.0,100660.0
1990-05-21 03:00:00+00:00,21.68,55.65,912.85,801.29,174.85,315.65,3.66,229.0,100650.0
1990-05-21 04:00:00+00:00,22.11,55.8,898.05,774.51,173.5,320.3,3.79,241.0,100650.0
1990-05-21 05:00:00+00:00,22.34,55.8,826.95,732.79,166.3,323.0,3.66,245.0,100610.0
1990-05-21 06:00:00+00:00,22.5,54.0,706.05,671.13,154.7,324.15,3.31,242.0,100540.0
1990-05-21 07:00:00+00:00,22.69,52.1,543.05,578.15,137.85,322.6,4.21,240.0,100490.0
1990-05-21 08:00:00+00:00,22.08,55.8,359.65,449.56,113.4,323.0,4.28,237.0,100470.0
1990-05-21 09:00:00+00:00,21.15,61.7,179.95,268.33,79.95,323.2,3.86,226.0,100460.0
1990-05-21 10:00:00+00:00,19.83,68.2,42.75,73.05,29.05,321.85,4.0,210.0,100440.0
1990-05-21 11:00:00+00:00,18.39,75.45,0.0,0.0,0.0,317.4,4.55,194.0,100500.0
1990-05-21 12:00:00+00:00,17.57,75.4,0.0,0.0,0.0,312.35,4.76,177.0,100570.0
1990-05-21 13:00:00+00:00,16.89,75.3,0.0,0.0,0.0,306.95,4.76,170.0,100600.0
1990-05-21 14:00:00+00:00,16.2,77.95,0.0,0.0,0.0,302.1,4.62,173.0,100600.0
1990-05-21 15:00:00+00:00,15.62,80.65,0.0,0.0,0.0,301.7,4.28,177.0,100640.0
1990-05-21 16:00:00+00:00,15.1,83.5,0.0,0.0,0.0,303.45,3.93,176.0,100650.0
1990-05-21 17:00:00+00:00,14.68,89.5,0.0,0.0,0.0,310.2,3.93,170.0,100630.0
1990-05-21 18:00:00+00:00,14.37,92.7,0.0,0.0,0.0,316.6,4.14,167.0,100600.0
1990-05-21 19:00:00+00:00,14.67,89.5,0.0,0.0,0.0,313.9,4.69,173.0,100530.0
1990-05-21 20:00:00+00:00,14.81,89.5,0.0,0.0,0.0,320.5,4.69,166.0,100530.0
1990-05-21 21:00:00+00:00,15.08,89.55,66.3,90.91,59.25,332.3,4.76,162.0,100550.0
1990-05-21 22:00:00+00:00,15.81,86.5,155.25,97.64,129.6,346.6,4.69,166.0,100600.0
1990-05-21 23:00:00+00:00,16.7,83.65,283.85,169.11,208.55,364.0,4.97,169.0,100600.0
1990-05-22 00:00:00+00:00,17.75,80.85,384.4,278.61,213.25,367.1,4.62,170.0,100640.0
1990-05-22 01:00:00+00:00,18.77,75.55,381.2,172.71,250.75,354.65,4.21,179.0,100680.0
1990-05-22 02:00:00+00:00,19.46,73.15,357.9,114.55,259.35,368.1,4.14,180.0,100650.0
1990-05-22 03:00:00+00:00,20.02,70.7,472.45,165.85,319.5,379.9,4.21,172.0,100610.0
1990-05-22 04:00:00+00:00,20.51,70.8,353.8,116.42,244.75,381.25,4.14,166.0,100570.0
1990-05-22 05:00:00+00:00,20.4,73.2,387.0,86.06,309.3,384.35,4.0,163.0,100550.0
1990-05-22 06:00:00+00:00,20.59,70.8,372.2,133.66,262.2,385.5,3.86,165.0,100520.0
1990-05-22 07:00:00+00:00,21.45,68.5,322.25,138.36,225.05,386.3,4.48,158.0,100450.0
1990-05-22 08:00:00+00:00,21.18,66.15,147.5,16.56,138.4,378.95,4.62,152.0,100440.0
1990-05-22 09:00:00+00:00,20.42,70.7,66.15,0.27,66.05,381.65,4.14,151.0,100420.0
1990-05-22 10:00:00+00:00,19.53,70.65,17.5,0.0,17.5,376.2,4.69,148.0,100410.0
1990-05-22 11:00:00+00:00,18.57,75.55,0.0,0.0,0.0,375.05,4.83,143.0,100400.0
1990-05-22 12:00:00+00:00,17.86,78.1,0.0,0.0,0.0,370.4,4.76,142.0,100430.0
1990-05-22 13:00:00+00:00,17.38,80.8,0.0,0.0,0.0,368.85,5.03,151.0,100490.0
1990-05-22 14:00:00+00:00,16.75,80.8,0.0,0.0,0.0,369.25,4.97,162.0,100490.0
1990-05-22 15:00:00+00:00,15.97,86.55,0.0,0.0,0.0,371.2,4.21,155.0,100510.0
1990-05-22 16:00:00+00:00,15.79,89.6,0.0,0.0,0.0,368.65,4.69,160.0,100520.0
1990-05-22 17:00:00+00:00,15.66,89.6,0.0,0.0,0.0,371.4,5.59,160.0,100500.0
1990-05-22 18:00:00+00:00,15.6,89.6,0.0,0.0,0.0,369.05,5.66,158.0,100460.0
1990-05-22 19:00:00+00:00,16.07,86.55,0.0,0.0,0.0,371.0,5.93,152.0,100450.0
1990-05-22 20:00:00+00:00,16.04,86.55,0.0,0.0,0.0,368.1,5.93,161.0,100470.0
1990-05-22 21:00:00+00:00,15.87,86.5,11.2,5.65,10.75,371.55,6.21,158.0,100480.0
1990-05-22 22:00:00+00:00,15.55,83.55,27.85,7.18,25.95,370.6,6.48,149.0,100510.0
1990-05-22 23:00:00+00:00,15.23,83.5,79.1,3.58,77.5,366.35,6.14,141.0,100440.0
1990-05-23 00:00:00+00:00,15.63,77.85,154.85,18.6,143.4,369.25,5.86,136.0,100470.0
1990-05-23 01:00:00+00:00,16.71,75.3,187.8,13.42,177.65,369.75,4.97,134.0,100470.0
1990-05-23 02:00:00+00:00,17.52,72.8,133.05,20.37,115.5,373.7,4.83,124.0,100460.0
1990-05-23 03:00:00+00:00,17.57,70.3,204.55,28.59,178.15,375.65,5.03,121.0,100410.0
1990-05-23 04:00:00+00:00,17.84,70.3,268.5,58.32,213.8,378.75,5.79,115.0,100340.0
1990-05-23 05:00:00+00:00,18.08,65.55,180.3,14.16,167.5,378.75,6.34,116.0,100240.0
1990-05-23 06:00:00+00:00,17.9,72.8,154.1,38.75,122.15,383.4,6.0,117.0,100180.0
1990-05-23 07:00:00+00:00,18.43,72.9,176.9,52.19,140.15,386.3,4.9,117.0,100190.0
1990-05-23 08:00:00+00:00,18.12,75.45,106.95,24.02,93.7,382.2,5.24,123.0,100100.0
1990-05-23 09:00:00+00:00,17.68,78.1,29.3,1.46,28.75,388.4,5.79,139.0,100080.0
1990-05-23 10:00:00+00:00,16.54,83.65,10.9,0.0,10.9,388.6,6.14,144.0,100050.0
1990-05-23 11:00:00+00:00,16.07,83.6,0.0,0.0,0.0,386.65,5.79,149.0,100020.0
1990-05-23 12:00:00+00:00,15.74,86.5,0.0,0.0,0.0,382.4,6.0,148.0,100030.0
1990-05-23 13:00:00+00:00,15.75,86.5,0.0,0.0,0.0,386.1,6.83,147.0,100010.0
1990-05-23 14:00:00+00:00,15.82,86.5,0.0,0.0,0.0,384.15,6.83,152.0,99960.0
1990-05-23 15:00:00+00:00,15.88,86.5,0.0,0.0,0.0,386.45,6.07,155.0,99910.0
1990-05-23 16:00:00+00:00,15.86,89.6,0.0,0.0,0.0,386.65,5.45,155.0,99840.0
1990-05-23 17:00:00+00:00,15.64,89.6,0.0,0.0,0.0,388.4,5.1,158.0,99770.0
1990-05-23 18:00:00+00:00,15.33,92.75,0.0,0.0,0.0,388.2,4.41,162.0,99740.0
1990-05-23 19:00:00+00:00,15.38,92.75,0.0,0.0,0.0,386.65,3.52,180.0,99700.0
1990-05-23 20:00:00+00:00,15.35,92.75,0.0,0.0,0.0,389.55,3.1,185.0,99690.0
1990-05-23 21:00:00+00:00,15.4,92.75,14.7,0.0,14.7,387.25,2.76,194.0,99700.0
1990-05-23 22:00:00+00:00,15.38,96.0,48.15,0.0,48.15,389.0,1.72,227.0,99670.0
1990-05-23 23:00:00+00:00,15.51,92.75,136.9,41.03,118.5,389.55,1.72,235.0,99630.0
1990-05-24 00:00:00+00:00,16.15,89.65,265.15,122.04,189.85,386.1,1.52,188.0,99600.0
1990-05-24 01:00:00+00:00,17.14,86.6,403.7,199.15,252.8,381.15,1.93,174.0,99610.0
1990-05-24 02:00:00+00:00,18.13,83.75,630.65,390.1,294.15,382.4,1.93,207.0,99630.0
1990-05-24 03:00:00+00:00,19.21,78.3,870.05,665.65,254.7,358.8,2.55,222.0,99600.0
1990-05-24 04:00:00+00:00,20.16,73.2,866.8,671.22,236.5,347.75,3.31,224.0,99560.0
1990-05-24 05:00:00+00:00,20.36,73.2,787.75,636.67,211.3,341.55,3.86,226.0,99480.0
1990-05-24 06:00:00+00:00,20.35,73.2,624.75,482.05,226.65,340.6,3.93,225.0,99410.0
1990-05-24 07:00:00+00:00,19.87,78.35,533.4,521.84,165.1,347.55,4.21,226.0,99430.0
1990-05-24 08:00:00+00:00,19.62,75.7,342.65,379.23,132.8,335.0,4.07,215.0,99370.0
1990-05-24 09:00:00+00:00,19.04,81.05,177.95,239.84,87.05,331.1,3.66,209.0,99370.0
1990-05-24 10:00:00+00:00,18.04,86.7,45.55,75.55,30.85,328.4,3.52,199.0,99340.0
1990-05-24 11:00:00+00:00,17.21,89.65,0.05,0.0,0.05,315.85,4.21,191.0,99360.0
1990-05-24 12:00:00+00:00,17.12,86.6,0.0,0.0,0.0,308.65,5.03,187.0,99350.0
1990-05-24 13:00:00+00:00,17.27,83.65,0.0,0.0,0.0,305.4,5.72,186.0,99370.0
1990-05-24 14:00:00+00:00,17.13,80.8,0.0,0.0,0.0,304.6,6.28,188.0,99350.0
1990-05-24 15:00:00+00:00,17.29,75.3,0.0,0.0,0.0,333.45,6.9,194.0,99290.0
1990-05-24 16:00:00+00:00,16.93,70.2,0.0,0.0,0.0,323.55,6.48,211.0,99240.0
1990-05-24 17:00:00+00:00,16.6,67.75,0.0,0.0,0.0,331.1,5.1,218.0,99210.0
1990-05-24 18:00:00+00:00,16.28,70.1,0.0,0.0,0.0,343.1,4.14,207.0,99180.0
1990-05-24 19:00:00+00:00,15.69,65.15,0.0,0.0,0.0,305.55,3.79,240.0,99320.0
1990-05-24 20:00:00+00:00,15.13,67.45,0.0,0.0,0.0,290.85,3.72,240.0,99280.0
1990-05-24 21:00:00+00:00,14.75,69.85,100.85,546.5,55.15,289.9,3.59,241.0,99310.0
1990-05-24 22:00:00+00:00,15.42,65.15,272.15,654.73,96.65,282.95,3.59,245.0,99340.0
1990-05-24 23:00:00+00:00,17.08,60.85,415.4,568.26,159.7,288.15,3.93,246.0,99400.0
1990-05-25 00:00:00+00:00,18.31,54.85,533.9,497.48,226.35,303.05,3.72,241.0,99410.0
1990-05-25 01:00:00+00:00,19.26,51.25,626.9,436.79,295.45,317.3,3.52,228.0,99400.0
1990-05-25 02:00:00+00:00,20.14,47.9,796.2,614.79,265.25,324.35,4.55,220.0,99360.0
1990-05-25 03:00:00+00:00,20.89,44.7,928.5,805.16,183.35,310.8,5.66,214.0,99330.0
1990-05-25 04:00:00+00:00,21.19,43.25,911.1,784.3,173.75,303.45,6.28,225.0,99260.0
1990-05-25 05:00:00+00:00,21.29,44.85,839.6,738.89,169.7,307.7,6.34,237.0,99240.0
1990-05-25 06:00:00+00:00,21.38,44.85,715.25,671.88,159.45,312.15,5.86,242.0,99240.0
1990-05-25 07:00:00+00:00,21.56,43.4,559.65,596.17,137.95,307.5,4.83,252.0,99290.0
1990-05-25 08:00:00+00:00,21.52,43.4,369.3,453.92,117.3,312.15,4.07,241.0,99290.0
1990-05-25 09:00:00+00:00,20.8,49.8,180.35,248.27,85.75,314.85,4.55,211.0,99260.0
1990-05-25 10:00:00+00:00,19.37,57.1,48.05,80.01,32.3,321.45,5.17,209.0,99290.0
1990-05-25 11:00:00+00:00,18.12,56.85,0.1,0.0,0.1,311.2,5.17,210.0,99350.0
1990-05-25 12:00:00+00:00,17.46,58.8,0.0,0.0,0.0,299.95,5.17,214.0,99440.0
1990-05-25 13:00:00+00:00,17.12,58.7,0.0,0.0,0.0,295.1,4.69,221.0,99490.0
1990-05-25 14:00:00+00:00,16.8,60.85,0.0,0.0,0.0,293.75,4.14,227.0,99510.0
1990-05-25 15:00:00+00:00,16.4,62.95,0.0,0.0,0.0,292.6,3.79,231.0,99500.0
1990-05-25 16:00:00+00:00,15.99,62.95,0.0,0.0,0.0,291.05,3.59,240.0,99530.0
1990-05-25 17:00:00+00:00,15.55,67.55,0.0,0.0,0.0,289.7,3.38,251.0,99550.0
1990-05-25 18:00:00+00:00,14.93,69.9,0.0,0.0,0.0,288.35,2.97,258.0,99580.0
1990-05-25 19:00:00+00:00,15.09,65.05,0.0,0.0,0.0,290.85,3.79,255.0,99560.0
1990-05-25 20:00:00+00:00,14.84,69.85,0.0,0.0,0.0,290.5,3.72,240.0,99580.0
1990-05-25 21:00:00+00:00,14.62,72.4,99.15,520.13,54.7,290.3,3.45,235.0,99650.0
1990-05-25 22:00:00+00:00,15.21,75.1,264.45,624.69,96.0,291.45,2.48,238.0,99710.0
1990-05-25 23:00:00+00:00,17.45,65.45,451.05,724.02,124.25,294.35,1.72,243.0,99780.0
1990-05-26 00:00:00+00:00,19.12,57.1,627.4,778.85,145.0,299.55,0.83,249.0,99840.0
1990-05-26 01:00:00+00:00,20.71,49.8,772.25,805.85,159.9,304.9,0.9,33.0,99890.0
1990-05-26 02:00:00+00:00,22.35,41.95,872.05,813.42,168.75,309.85,2.97,44.0,99920.0
1990-05-26 03:00:00+00:00,23.55,35.4,917.1,803.27,172.9,312.95,4.28,41.0,99920.0
1990-05-26 04:00:00+00:00,24.35,34.25,904.55,778.7,171.65,316.4,4.55,37.0,99900.0
1990-05-26 05:00:00+00:00,24.91,31.95,835.7,738.82,165.0,319.1,4.34,34.0,99880.0
1990-05-26 06:00:00+00:00,25.25,30.95,717.2,680.57,153.3,321.25,4.07,34.0,99870.0
1990-05-26 07:00:00+00:00,25.49,30.95,557.8,594.73,136.2,322.2,3.66,38.0,99820.0
1990-05-26 08:00:00+00:00,25.32,30.95,375.25,470.8,113.05,322.8,3.59,40.0,99840.0
1990-05-26 09:00:00+00:00,24.71,34.4,193.15,292.79,81.0,322.4,3.31,45.0,99880.0
1990-05-26 10:00:00+00:00,23.37,39.3,49.9,87.66,32.45,320.85,3.31,53.0,99940.0
1990-05-26 11:00:00+00:00,21.48,43.4,0.2,0.0,0.2,317.0,3.86,64.0,99980.0
1990-05-26 12:00:00+00:00,19.96,46.2,0.0,0.0,0.0,312.15,4.14,74.0,100040.0
1990-05-26 13:00:00+00:00,18.94,51.15,0.0,0.0,0.0,309.85,4.14,78.0,100130.0
1990-05-26 14:00:00+00:00,18.16,52.9,0.0,0.0,0.0,307.9,4.07,83.0,100180.0
1990-05-26 15:00:00+00:00,17.54,54.7,0.0,0.0,0.0,306.55,4.0,88.0,100200.0
1990-05-26 16:00:00+00:00,17.01,56.6,0.0,0.0,0.0,305.75,3.66,93.0,100220.0
1990-05-26 17:00:00+00:00,16.46,58.7,0.0,0.0,0.0,304.4,3.24,92.0,100230.0
1990-05-26 18:00:00+00:00,15.9,62.85,0.0,0.0,0.0,303.85,3.17,90.0,100260.0
1990-05-26 19:00:00+00:00,15.87,60.65,0.0,0.0,0.0,304.2,3.38,88.0,100270.0
1990-05-26 20:00:00+00:00,15.65,60.65,0.0,0.0,0.0,303.85,3.59,90.0,100270.0
1990-05-26 21:00:00+00:00,15.64,62.85,99.15,511.47,54.55,302.85,3.66,93.0,100290.0
1990-05-26 22:00:00+00:00,16.63,60.85,263.65,621.01,95.25,303.05,3.24,92.0,100280.0
1990-05-26 23:00:00+00:00,18.77,59.05,447.85,717.16,123.2,305.2,2.62,84.0,100350.0
1990-05-27 00:00:00+00:00,20.86,51.65,621.65,769.43,144.25,309.85,2.76,76.0,100390.0
1990-05-27 01:00:00+00:00,22.6,43.65,765.1,797.66,158.2,315.95,3.45,70.0,100400.0
1990-05-27 02:00:00+00:00,23.99,38.15,863.15,804.75,166.6,321.45,3.72,70.0,100400.0
1990-05-27 03:00:00+00:00,25.05,34.5,905.25,786.07,176.25,326.65,3.59,76.0,100370.0
1990-05-27 04:00:00+00:00,25.85,33.4,892.4,763.64,172.9,333.45,3.17,86.0,100310.0
1990-05-27 05:00:00+00:00,26.33,32.35,805.15,679.15,187.85,335.95,2.41,98.0,100250.0
1990-05-27 06:00:00+00:00,26.65,32.5,651.75,529.66,212.2,342.55,2.41,111.0,100200.0
1990-05-27 07:00:00+00:00,26.78,32.5,509.9,476.64,171.3,353.0,3.17,92.0,100120.0
1990-05-27 08:00:00+00:00,26.61,33.7,335.9,364.71,132.15,348.55,1.24,83.0,100120.0
1990-05-27 09:00:00+00:00,25.94,39.95,168.15,214.16,85.7,350.85,0.48,26.0,100180.0
1990-05-27 10:00:00+00:00,24.58,47.4,41.8,48.2,32.1,354.15,0.48,114.0,100210.0
1990-05-27 11:00:00+00:00,22.47,59.8,0.2,0.0,0.2,353.55,0.34,337.0,100300.0
1990-05-27 12:00:00+00:00,20.53,63.8,0.0,0.0,0.0,360.55,2.21,1.0,100380.0
1990-05-27 13:00:00+00:00,19.79,63.6,0.0,0.0,0.0,350.1,3.72,14.0,100480.0
1990-05-27 14:00:00+00:00,19.1,68.1,0.0,0.0,0.0,351.25,4.48,23.0,100530.0
1990-05-27 15:00:00+00:00,18.39,75.45,0.0,0.0,0.0,345.85,5.03,32.0,100540.0
1990-05-27 16:00:00+00:00,17.84,75.4,0.0,0.0,0.0,339.45,5.45,56.0,100490.0
1990-05-27 17:00:00+00:00,17.45,75.4,0.0,0.0,0.0,329.55,5.1,80.0,100420.0
1990-05-27 18:00:00+00:00,16.87,75.3,0.0,0.0,0.0,321.45,4.14,98.0,100420.0
1990-05-27 19:00:00+00:00,16.2,77.95,0.0,0.0,0.0,315.45,3.03,66.0,100480.0
1990-05-27 20:00:00+00:00,15.62,80.65,0.0,0.0,0.0,312.55,2.62,78.0,100500.0
1990-05-27 21:00:00+00:00,15.08,83.5,98.85,480.6,56.15,310.6,2.21,95.0,100560.0
1990-05-27 22:00:00+00:00,15.84,80.65,263.5,604.73,98.65,306.35,1.86,110.0,100630.0
1990-05-27 23:00:00+00:00,17.23,75.3,452.75,719.94,125.95,309.05,2.28,126.0,100650.0
1990-05-28 00:00:00+00:00,18.44,72.9,626.8,779.05,142.65,310.6,2.21,134.0,100650.0
1990-05-28 01:00:00+00:00,19.74,68.2,771.0,808.38,155.2,315.15,1.66,141.0,100620.0
1990-05-28 02:00:00+00:00,20.91,66.05,872.6,816.58,165.1,321.25,1.17,151.0,100570.0
1990-05-28 03:00:00+00:00,21.9,61.85,913.9,801.31,170.05,327.65,0.97,166.0,100540.0
1990-05-28 04:00:00+00:00,22.65,57.9,893.95,767.79,169.8,334.2,1.24,188.0,100470.0
1990-05-28 05:00:00+00:00,23.19,56.0,813.35,705.7,171.15,339.25,2.07,207.0,100410.0
1990-05-28 06:00:00+00:00,23.44,56.0,673.1,598.7,175.5,342.15,2.83,222.0,100380.0
1990-05-28 07:00:00+00:00,23.08,56.0,513.55,535.07,132.65,345.05,4.55,229.0,100350.0
1990-05-28 08:00:00+00:00,21.7,61.85,342.05,401.0,117.35,345.65,4.48,234.0,100330.0
1990-05-28 09:00:00+00:00,20.91,68.4,157.6,210.77,76.05,341.2,4.0,238.0,100330.0
1990-05-28 10:00:00+00:00,19.74,73.15,40.45,50.15,30.25,349.3,3.45,263.0,100360.0
1990-05-28 11:00:00+00:00,18.33,80.9,0.25,0.0,0.25,357.45,5.03,307.0,100480.0
1990-05-28 12:00:00+00:00,16.96,86.6,0.0,0.0,0.0,350.85,1.72,330.0,100530.0
1990-05-28 13:00:00+00:00,16.67,83.65,0.0,0.0,0.0,346.8,2.76,107.0,100570.0
1990-05-28 14:00:00+00:00,16.59,86.6,0.0,0.0,0.0,349.9,2.07,79.0,100610.0
1990-05-28 15:00:00+00:00,16.17,89.65,0.0,0.0,0.0,333.85,1.66,38.0,100600.0
1990-05-28 16:00:00+00:00,16.7,86.6,0.0,0.0,0.0,326.1,0.14,279.0,100550.0
1990-05-28 17:00:00+00:00,14.99,92.75,0.0,0.0,0.0,327.45,1.93,284.0,100530.0
1990-05-28 18:00:00+00:00,15.07,92.75,0.0,0.0,0.0,324.35,3.1,314.0,100560.0
1990-05-28 19:00:00+00:00,14.53,92.7,0.0,0.0,0.0,309.65,3.86,329.0,100650.0
1990-05-28 20:00:00+00:00,14.31,92.7,0.0,0.0,0.0,317.2,3.79,336.0,100700.0
1990-05-28 21:00:00+00:00,14.32,92.7,65.9,194.69,48.3,330.55,3.59,336.0,100720.0
1990-05-28 22:00:00+00:00,14.87,89.5,147.4,181.97,97.55,339.25,3.79,334.0,100780.0
1990-05-28 23:00:00+00:00,15.76,83.55,296.85,315.77,153.15,347.2,4.62,338.0,100830.0
1990-05-29 00:00:00+00:00,17.18,75.3,439.3,442.48,163.9,347.0,4.97,346.0,100860.0
1990-05-29 01:00:00+00:00,18.74,68.05,546.9,455.08,199.85,336.25,4.9,353.0,100870.0
1990-05-29 02:00:00+00:00,20.19,59.35,681.75,528.23,223.65,343.5,4.69,355.0,100880.0
1990-05-29 03:00:00+00:00,21.41,51.75,730.75,514.51,252.7,352.2,4.48,354.0,100850.0
1990-05-29 04:00:00+00:00,22.25,46.75,784.65,610.22,208.55,340.4,4.0,348.0,100800.0
1990-05-29 05:00:00+00:00,22.57,43.65,751.2,614.82,191.05,350.65,3.66,339.0,100730.0
1990-05-29 06:00:00+00:00,22.7,45.25,673.7,597.33,176.5,345.85,3.72,332.0,100680.0
1990-05-29 07:00:00+00:00,22.33,50.2,523.9,538.55,139.75,334.2,3.1,318.0,100620.0
1990-05-29 08:00:00+00:00,22.09,50.2,358.75,417.7,124.0,335.55,2.9,309.0,100580.0
1990-05-29 09:00:00+00:00,21.56,55.65,190.15,279.07,81.65,331.1,2.34,293.0,100570.0
1990-05-29 10:00:00+00:00,20.52,61.6,51.8,86.15,34.1,327.05,1.38,265.0,100590.0
1990-05-29 11:00:00+00:00,19.23,70.55,0.4,0.0,0.4,322.6,1.24,233.0,100660.0
1990-05-29 12:00:00+00:00,17.69,80.85,0.0,0.0,0.0,319.3,1.59,226.0,100760.0
1990-05-29 13:00:00+00:00,16.67,83.65,0.0,0.0,0.0,316.8,2.41,240.0,100850.0
1990-05-29 14:00:00+00:00,16.13,86.55,0.0,0.0,0.0,315.85,3.03,252.0,100900.0
1990-05-29 15:00:00+00:00,15.8,89.6,0.0,0.0,0.0,315.05,2.9,256.0,100890.0
1990-05-29 16:00:00+00:00,15.54,89.6,0.0,0.0,0.0,314.3,2.55,247.0,100870.0
1990-05-29 17:00:00+00:00,15.34,89.55,0.0,0.0,0.0,312.75,2.76,236.0,100830.0
1990-05-29 18:00:00+00:00,15.12,89.55,0.0,0.0,0.0,312.15,2.55,219.0,100820.0
1990-05-29 19:00:00+00:00,15.05,86.5,0.0,0.0,0.0,315.85,2.9,184.0,100790.0
1990-05-29 20:00:00+00:00,14.98,86.5,0.0,0.0,0.0,314.5,2.9,187.0,100770.0
1990-05-29 21:00:00+00:00,15.06,86.5,97.95,465.93,55.15,313.9,2.9,194.0,100800.0
1990-05-29 22:00:00+00:00,16.24,83.6,256.65,578.32,97.5,319.1,2.83,197.0,100830.0
1990-05-29 23:00:00+00:00,18.11,72.9,426.55,647.81,131.05,319.3,3.38,198.0,100850.0
1990-05-30 00:00:00+00:00,19.33,65.75,582.55,679.97,158.75,324.15,3.72,199.0,100870.0
1990-05-30 01:00:00+00:00,20.35,61.5,751.4,767.03,165.85,328.7,3.93,200.0,100840.0
1990-05-30 02:00:00+00:00,21.47,55.55,852.85,788.08,168.8,330.75,4.34,203.0,100830.0
1990-05-30 03:00:00+00:00,22.26,52.0,892.95,768.56,178.25,334.8,4.55,210.0,100770.0
1990-05-30 04:00:00+00:00,22.77,50.3,891.3,761.88,171.35,333.25,4.69,216.0,100730.0
1990-05-30 05:00:00+00:00,22.97,50.3,822.15,710.17,174.4,334.8,4.69,223.0,100690.0
1990-05-30 06:00:00+00:00,22.88,50.3,689.75,609.97,181.3,336.75,4.28,225.0,100650.0
1990-05-30 07:00:00+00:00,22.78,52.1,540.6,537.77,156.25,337.5,3.93,224.0,100600.0
1990-05-30 08:00:00+00:00,22.1,53.85,374.7,461.74,114.45,338.1,3.72,226.0,100570.0
1990-05-30 09:00:00+00:00,21.28,57.55,195.15,289.66,82.0,333.85,3.24,225.0,100570.0
1990-05-30 10:00:00+00:00,20.33,63.7,54.2,92.53,35.0,329.75,2.28,218.0,100560.0
1990-05-30 11:00:00+00:00,19.41,68.1,0.5,0.0,0.5,324.35,2.14,198.0,100570.0
1990-05-30 12:00:00+00:00,18.66,70.45,0.0,0.0,0.0,318.75,2.34,180.0,100610.0
1990-05-30 13:00:00+00:00,18.03,72.9,0.0,0.0,0.0,316.8,2.55,166.0,100690.0
1990-05-30 14:00:00+00:00,17.49,78.1,0.0,0.0,0.0,317.75,2.83,155.0,100710.0
1990-05-30 15:00:00+00:00,17.24,80.8,0.0,0.0,0.0,318.35,3.24,152.0,100710.0
1990-05-30 16:00:00+00:00,17.16,80.8,0.0,0.0,0.0,318.55,3.66,163.0,100700.0
1990-05-30 17:00:00+00:00,17.2,78.0,0.0,0.0,0.0,323.75,3.93,173.0,100650.0
1990-05-30 18:00:00+00:00,17.34,72.7,0.0,0.0,0.0,331.7,4.07,176.0,100640.0
1990-05-30 19:00:00+00:00,17.49,65.45,0.0,0.0,0.0,330.15,4.83,178.0,100630.0
1990-05-30 20:00:00+00:00,17.55,67.85,0.0,0.0,0.0,338.65,4.48,179.0,100650.0
1990-05-30 21:00:00+00:00,17.46,70.3,95.65,371.15,61.05,331.1,4.34,177.0,100650.0
1990-05-30 22:00:00+00:00,18.1,70.35,259.2,587.65,96.8,324.55,4.41,189.0,100670.0
1990-05-30 23:00:00+00:00,19.4,70.55,425.3,653.73,126.45,327.65,4.9,195.0,100700.0
1990-05-31 00:00:00+00:00,20.51,66.05,576.15,652.11,169.2,335.95,5.1,197.0,100680.0
1990-05-31 01:00:00+00:00,21.49,64.0,705.1,648.92,209.25,346.35,5.17,199.0,100690.0
1990-05-31 02:00:00+00:00,22.35,64.1,740.05,495.4,309.7,351.65,5.17,204.0,100670.0
1990-05-31 03:00:00+00:00,22.98,64.2,639.0,314.94,345.9,366.35,5.38,211.0,100660.0
1990-05-31 04:00:00+00:00,22.88,64.2,472.2,126.19,352.85,381.65,5.86,225.0,100680.0
1990-05-31 05:00:00+00:00,21.94,68.6,370.2,78.8,298.25,389.75,6.14,236.0,100670.0
1990-05-31 06:00:00+00:00,20.94,70.8,391.75,126.69,286.0,390.55,5.86,236.0,100660.0
1990-05-31 07:00:00+00:00,20.69,73.3,197.1,22.27,181.15,389.2,5.66,233.0,100610.0
1990-05-31 08:00:00+00:00,19.97,75.75,147.45,14.68,139.15,389.4,4.41,234.0,100580.0
1990-05-31 09:00:00+00:00,19.43,81.05,70.0,10.19,66.0,388.6,3.79,246.0,100600.0
1990-05-31 10:00:00+00:00,18.64,83.8,14.95,0.48,14.85,387.05,3.03,257.0,100590.0
1990-05-31 11:00:00+00:00,17.87,92.85,0.2,0.0,0.2,387.85,1.79,250.0,100620.0
1990-05-31 12:00:00+00:00,17.71,92.85,0.0,0.0,0.0,384.35,1.86,216.0,100660.0
1990-05-31 13:00:00+00:00,17.62,89.7,0.0,0.0,0.0,380.1,2.76,215.0,100740.0
1990-05-31 14:00:00+00:00,17.43,89.7,0.0,0.0,0.0,377.4,3.52,220.0,100780.0
1990-05-31 15:00:00+00:00,17.21,89.65,0.0,0.0,0.0,378.35,3.86,216.0,100800.0
1990-05-31 16:00:00+00:00,14.46,97.41,0.0,0.0,0.0,379.87,4.14,210.0,100800.0
1990-05-31 17:00:00+00:00,15.28,93.47,0.0,0.0,0.0,376.5,4.24,208.0,100780.0
1990-05-31 18:00:00+00:00,16.11,89.53,0.0,0.0,0.0,373.12,4.34,212.0,100770.0
1990-05-31 19:00:00+00:00,16.93,85.59,0.0,0.0,0.0,369.74,4.44,199.0,100740.0
1990-05-31 20:00:00+00:00,17.76,81.65,0.0,0.0,0.0,366.36,4.53,196.0,100710.0
1990-05-31 21:00:00+00:00,18.58,77.71,10.95,0.0,10.95,362.98,4.63,191.0,100740.0
1990-05-31 22:00:00+00:00,19.41,73.77,42.1,0.0,42.1,359.61,4.73,184.0,100720.0
1990-05-31 23:00:00+00:00,20.23,69.84,103.95,0.0,103.95,356.23,4.83,180.0,100730.0
1990-06-01 00:00:00+00:00,21.05,65.9,626.2,776.44,141.1,352.85,4.92,188.0,101050.0
1990-06-01 01:00:00+00:00,21.88,61.96,769.9,800.69,157.55,349.47,5.02,191.0,101040.0
1990-06-01 02:00:00+00:00,22.7,58.02,870.45,808.82,167.3,346.1,5.12,199.0,101070.0
1990-06-01 03:00:00+00:00,23.53,54.08,915.6,798.88,171.55,342.72,5.22,208.0,101090.0
1990-06-01 04:00:00+00:00,24.35,50.14,903.45,774.93,169.9,339.34,5.31,215.0,101070.0
1990-06-01 05:00:00+00:00,25.18,46.2,835.6,737.12,161.85,335.96,5.41,217.0,101020.0
1990-06-01 06:00:00+00:00,26.0,42.26,717.9,678.53,150.75,332.59,5.51,219.0,100970.0
1990-06-01 07:00:00+00:00,26.82,38.32,560.25,593.46,134.5,329.21,5.61,221.0,100900.0
1990-06-01 08:00:00+00:00,25.09,52.6,379.65,470.22,113.15,343.1,5.17,224.0,100870.0
1990-06-01 09:00:00+00:00,24.09,56.15,200.45,299.74,82.3,342.95,4.76,223.0,100870.0
1990-06-01 10:00:00+00:00,22.93,62.05,56.8,98.38,36.0,340.0,4.48,212.0,100880.0
1990-06-01 11:00:00+00:00,21.68,66.25,0.75,0.0,0.75,335.2,4.55,201.0,100930.0
1990-06-01 12:00:00+00:00,20.64,70.8,0.0,0.0,0.0,329.0,4.41,194.0,101000.0
1990-06-01 13:00:00+00:00,19.93,70.7,0.0,0.0,0.0,325.3,4.55,186.0,101070.0
1990-06-01 14:00:00+00:00,19.35,73.15,0.0,0.0,0.0,322.4,4.62,181.0,101040.0
1990-06-01 15:00:00+00:00,18.87,73.05,0.0,0.0,0.0,320.1,4.28,183.0,101030.0
1990-06-01 16:00:00+00:00,18.47,75.55,0.0,0.0,0.0,319.1,4.14,186.0,101010.0
1990-06-01 17:00:00+00:00,18.1,75.55,0.0,0.0,0.0,317.0,4.34,187.0,100970.0
1990-06-01 18:00:00+00:00,17.79,78.15,0.0,0.0,0.0,316.0,4.28,193.0,100980.0
1990-06-01 19:00:00+00:00,17.64,78.15,0.0,0.0,0.0,313.3,4.21,197.0,100920.0
1990-06-01 20:00:00+00:00,17.27,80.85,0.0,0.0,0.0,313.1,4.21,200.0,100940.0
1990-06-01 21:00:00+00:00,17.06,83.65,102.95,477.66,57.25,313.9,4.07,194.0,100960.0
1990-06-01 22:00:00+00:00,17.82,78.15,265.0,607.89,95.75,315.45,3.72,189.0,100970.0
1990-06-01 23:00:00+00:00,19.27,70.65,449.2,711.39,122.75,320.5,3.93,188.0,101000.0
1990-06-02 00:00:00+00:00,20.74,66.05,623.15,766.2,143.95,322.8,4.21,192.0,101000.0
1990-06-02 01:00:00+00:00,22.03,61.85,760.95,779.49,164.35,329.3,4.62,205.0,101000.0
1990-06-02 02:00:00+00:00,22.99,57.9,862.0,791.6,173.35,335.2,5.03,214.0,100990.0
1990-06-02 03:00:00+00:00,23.72,54.2,865.0,727.67,186.8,340.2,5.24,221.0,100970.0
1990-06-02 04:00:00+00:00,23.93,56.15,880.45,735.2,183.95,343.7,5.59,232.0,100950.0
1990-06-02 05:00:00+00:00,23.79,58.1,827.5,726.5,162.8,346.2,5.86,236.0,100930.0
1990-06-02 06:00:00+00:00,23.57,60.05,708.95,659.96,156.6,346.6,5.72,233.0,100870.0
1990-06-02 07:00:00+00:00,23.57,62.15,540.15,530.26,159.05,347.55,5.59,237.0,100830.0
1990-06-02 08:00:00+00:00,23.0,64.2,358.8,383.8,140.7,350.3,5.1,231.0,100810.0
1990-06-02 09:00:00+00:00,22.32,66.35,171.05,157.24,108.8,351.45,4.41,224.0,100780.0
1990-06-02 10:00:00+00:00,21.4,70.9,46.7,27.89,40.75,352.2,3.79,218.0,100770.0
1990-06-02 11:00:00+00:00,20.57,75.75,0.7,0.0,0.7,353.55,3.66,214.0,100780.0
1990-06-02 12:00:00+00:00,20.04,75.75,0.0,0.0,0.0,353.75,3.66,212.0,100800.0
1990-06-02 13:00:00+00:00,19.88,75.75,0.0,0.0,0.0,357.85,3.72,211.0,100840.0
1990-06-02 14:00:00+00:00,19.75,75.75,0.0,0.0,0.0,356.65,3.86,211.0,100830.0
1990-06-02 15:00:00+00:00,19.49,78.35,0.0,0.0,0.0,349.3,4.0,218.0,100870.0
1990-06-02 16:00:00+00:00,19.05,78.3,0.0,0.0,0.0,342.55,3.93,222.0,100890.0
1990-06-02 17:00:00+00:00,18.62,78.3,0.0,0.0,0.0,334.4,3.86,220.0,100880.0
1990-06-02 18:00:00+00:00,18.3,81.0,0.0,0.0,0.0,333.25,3.72,222.0,100870.0
1990-06-02 19:00:00+00:00,18.37,81.0,0.0,0.0,0.0,347.75,3.72,235.0,100820.0
1990-06-02 20:00:00+00:00,17.9,83.75,0.0,0.0,0.0,343.5,3.52,231.0,100840.0
1990-06-02 21:00:00+00:00,17.88,83.75,78.2,148.82,63.8,351.65,3.31,208.0,100850.0
1990-06-02 22:00:00+00:00,18.63,75.65,153.7,72.14,133.55,356.3,3.31,198.0,100830.0
1990-06-02 23:00:00+00:00,19.69,68.3,187.85,11.53,182.55,367.7,3.38,202.0,100870.0
1990-06-03 00:00:00+00:00,20.38,68.3,296.85,44.17,269.2,373.5,3.17,210.0,100880.0
1990-06-03 01:00:00+00:00,21.33,61.7,421.6,105.5,340.8,376.15,2.9,212.0,100900.0
1990-06-03 02:00:00+00:00,22.29,57.75,440.85,74.56,375.95,381.85,3.59,223.0,100890.0
1990-06-03 03:00:00+00:00,22.06,61.85,442.45,91.94,356.7,388.6,3.24,240.0,100900.0
1990-06-03 04:00:00+00:00,22.35,59.8,546.6,186.53,369.75,388.2,1.52,224.0,100800.0
1990-06-03 05:00:00+00:00,23.45,56.0,474.65,124.59,360.55,386.85,2.0,198.0,100710.0
1990-06-03 06:00:00+00:00,23.73,54.2,292.05,80.19,224.85,386.85,2.48,229.0,100630.0
1990-06-03 07:00:00+00:00,21.98,68.6,274.6,103.48,200.1,381.45,4.0,336.0,100630.0
1990-06-03 08:00:00+00:00,21.7,68.6,153.9,53.27,123.55,382.0,3.86,338.0,100670.0
1990-06-03 09:00:00+00:00,20.98,78.5,95.5,31.57,82.95,382.8,2.83,3.0,100640.0
1990-06-03 10:00:00+00:00,20.59,81.15,34.85,21.38,30.25,380.3,2.41,71.0,100580.0
1990-06-03 11:00:00+00:00,20.15,81.15,0.85,0.0,0.85,365.55,3.31,111.0,100530.0
1990-06-03 12:00:00+00:00,19.96,81.15,0.0,0.0,0.0,357.65,1.66,129.0,100560.0
1990-06-03 13:00:00+00:00,20.02,81.15,0.0,0.0,0.0,343.1,0.55,281.0,100590.0
1990-06-03 14:00:00+00:00,18.16,86.75,0.0,0.0,0.0,341.75,1.31,287.0,100590.0
1990-06-03 15:00:00+00:00,17.17,89.7,0.0,0.0,0.0,340.6,1.59,261.0,100600.0
1990-06-03 16:00:00+00:00,16.62,89.65,0.0,0.0,0.0,337.9,2.0,235.0,100570.0
1990-06-03 17:00:00+00:00,16.94,89.65,0.0,0.0,0.0,339.45,2.69,196.0,100520.0
1990-06-03 18:00:00+00:00,17.26,86.65,0.0,0.0,0.0,337.3,3.31,181.0,100450.0
1990-06-03 19:00:00+00:00,16.81,92.8,0.0,0.0,0.0,326.65,2.48,218.0,100540.0
1990-06-03 20:00:00+00:00,16.61,89.65,0.0,0.0,0.0,326.5,2.62,221.0,100530.0
1990-06-03 21:00:00+00:00,16.75,89.65,95.8,351.9,61.4,327.85,3.1,205.0,100560.0
1990-06-03 22:00:00+00:00,17.58,89.7,247.85,483.67,112.35,332.85,3.59,198.0,100550.0
1990-06-03 23:00:00+00:00,19.12,75.7,429.25,643.57,133.0,337.5,4.21,199.0,100540.0
1990-06-04 00:00:00+00:00,20.63,66.05,606.85,735.48,146.05,338.65,4.55,205.0,100530.0
1990-06-04 01:00:00+00:00,22.03,61.85,747.9,766.84,160.2,343.05,4.76,211.0,100510.0
1990-06-04 02:00:00+00:00,23.09,57.9,843.85,773.03,170.55,350.85,4.9,218.0,100470.0
1990-06-04 03:00:00+00:00,23.86,56.15,889.4,766.13,174.45,355.7,5.17,226.0,100440.0
1990-06-04 04:00:00+00:00,24.34,54.35,870.0,728.05,179.25,358.6,5.38,233.0,100410.0
1990-06-04 05:00:00+00:00,24.44,56.25,808.9,702.4,165.05,359.55,5.45,238.0,100360.0
1990-06-04 06:00:00+00:00,24.29,56.25,684.5,616.55,167.2,367.9,5.38,239.0,100320.0
1990-06-04 07:00:00+00:00,24.28,58.2,475.75,443.03,156.25,365.75,4.9,241.0,100250.0
1990-06-04 08:00:00+00:00,23.45,62.15,328.25,380.37,111.0,369.65,4.62,239.0,100220.0
1990-06-04 09:00:00+00:00,22.76,64.2,180.05,242.13,83.4,366.35,4.34,239.0,100210.0
1990-06-04 10:00:00+00:00,21.91,68.6,53.6,85.51,35.05,361.1,3.93,234.0,100230.0
1990-06-04 11:00:00+00:00,20.99,75.85,1.0,0.0,1.0,353.95,3.45,221.0,100250.0
1990-06-04 12:00:00+00:00,20.49,78.45,0.0,0.0,0.0,358.2,3.45,207.0,100300.0
1990-06-04 13:00:00+00:00,20.32,81.15,0.0,0.0,0.0,356.3,3.31,192.0,100360.0
1990-06-04 14:00:00+00:00,20.11,81.15,0.0,0.0,0.0,349.7,3.52,184.0,100360.0
1990-06-04 15:00:00+00:00,19.95,81.15,0.0,0.0,0.0,348.95,4.07,184.0,100360.0
1990-06-04 16:00:00+00:00,19.72,78.45,0.0,0.0,0.0,342.95,4.55,187.0,100320.0
1990-06-04 17:00:00+00:00,19.5,78.35,0.0,0.0,0.0,340.6,4.9,188.0,100290.0
1990-06-04 18:00:00+00:00,19.26,75.7,0.0,0.0,0.0,336.95,5.03,187.0,100260.0
1990-06-04 19:00:00+00:00,19.04,75.65,0.0,0.0,0.0,333.05,5.38,189.0,100230.0
1990-06-04 20:00:00+00:00,18.91,75.65,0.0,0.0,0.0,331.3,5.17,187.0,100240.0
1990-06-04 21:00:00+00:00,18.84,75.65,103.4,479.96,56.05,329.75,4.83,188.0,100250.0
1990-06-04 22:00:00+00:00,19.49,73.15,264.25,595.98,96.85,332.5,4.34,195.0,100290.0
1990-06-04 23:00:00+00:00,20.78,70.8,444.25,699.03,122.05,340.0,4.69,198.0,100310.0
1990-06-05 00:00:00+00:00,22.12,66.25,608.7,733.92,148.55,342.55,5.24,201.0,100310.0
1990-06-05 01:00:00+00:00,23.28,62.15,759.75,788.4,155.2,348.85,6.0,203.0,100280.0
1990-06-05 02:00:00+00:00,24.4,60.25,849.05,778.09,171.0,352.4,6.62,206.0,100230.0
1990-06-05 03:00:00+00:00,25.33,56.5,858.3,696.52,207.95,357.65,6.62,210.0,100200.0
1990-06-05 04:00:00+00:00,25.92,54.7,853.3,696.75,191.8,365.55,6.07,210.0,100150.0
1990-06-05 05:00:00+00:00,26.52,52.95,771.35,608.1,213.45,366.75,6.0,211.0,100080.0
1990-06-05 06:00:00+00:00,26.74,53.1,663.35,564.34,189.3,367.1,6.41,212.0,100010.0
1990-06-05 07:00:00+00:00,26.9,53.1,514.5,478.57,168.8,369.65,6.62,214.0,99970.0
1990-06-05 08:00:00+00:00,26.21,54.8,318.15,319.11,135.45,370.4,6.55,215.0,99980.0
1990-06-05 09:00:00+00:00,25.12,60.35,169.55,186.78,94.7,379.1,5.79,208.0,99980.0
1990-06-05 10:00:00+00:00,24.26,62.35,47.6,44.36,37.9,372.75,5.52,196.0,99980.0
1990-06-05 11:00:00+00:00,23.26,66.55,1.1,0.0,1.1,370.6,5.66,185.0,100060.0
1990-06-05 12:00:00+00:00,22.35,68.7,0.0,0.0,0.0,363.05,5.59,176.0,100120.0
1990-06-05 13:00:00+00:00,21.72,68.6,0.0,0.0,0.0,360.95,5.24,175.0,100170.0
1990-06-05 14:00:00+00:00,21.2,68.5,0.0,0.0,0.0,358.4,4.9,179.0,100160.0
1990-06-05 15:00:00+00:00,20.84,70.8,0.0,0.0,0.0,358.2,4.62,187.0,100190.0
1990-06-05 16:00:00+00:00,20.56,73.2,0.0,0.0,0.0,362.3,4.34,188.0,100190.0
1990-06-05 17:00:00+00:00,20.31,73.2,0.0,0.0,0.0,360.35,4.34,191.0,100160.0
1990-06-05 18:00:00+00:00,20.08,73.2,0.0,0.0,0.0,353.2,4.55,195.0,100130.0
1990-06-05 19:00:00+00:00,19.8,73.2,0.0,0.0,0.0,354.15,4.21,160.0,100180.0
1990-06-05 20:00:00+00:00,19.53,75.7,0.0,0.0,0.0,349.1,4.48,156.0,100170.0
1990-06-05 21:00:00+00:00,19.35,78.35,97.95,414.22,56.75,346.4,4.62,156.0,100170.0
1990-06-05 22:00:00+00:00,19.95,75.75,244.15,505.27,101.9,348.35,4.62,161.0,100200.0
1990-06-05 23:00:00+00:00,21.12,73.3,442.45,698.01,120.35,352.0,4.97,172.0,100200.0
1990-06-06 00:00:00+00:00,22.6,68.7,614.65,760.42,137.6,347.55,5.17,180.0,100230.0
1990-06-06 01:00:00+00:00,24.05,62.25,752.7,780.53,153.9,352.5,5.45,189.0,100190.0
1990-06-06 02:00:00+00:00,25.33,56.5,848.1,781.98,166.35,358.2,5.72,198.0,100170.0
1990-06-06 03:00:00+00:00,26.41,52.95,894.95,775.7,170.3,362.85,5.93,205.0,100170.0
1990-06-06 04:00:00+00:00,27.21,51.45,886.0,753.2,170.45,367.1,6.34,207.0,100110.0
1990-06-06 05:00:00+00:00,27.67,51.45,816.95,698.26,175.8,369.65,6.9,209.0,100020.0
1990-06-06 06:00:00+00:00,27.83,49.8,709.2,663.12,151.55,370.8,7.03,208.0,99950.0
1990-06-06 07:00:00+00:00,27.12,53.1,556.75,578.92,137.9,368.3,6.41,211.0,99920.0
1990-06-06 08:00:00+00:00,26.9,53.1,366.35,400.61,136.45,366.75,6.48,208.0,99870.0
1990-06-06 09:00:00+00:00,26.25,54.8,172.65,147.67,113.25,366.35,6.14,210.0,99850.0
1990-06-06 10:00:00+00:00,25.05,60.35,51.05,33.13,43.75,367.9,6.21,212.0,99870.0
1990-06-06 11:00:00+00:00,24.02,64.4,1.1,0.0,1.1,371.2,6.62,206.0,99910.0
1990-06-06 12:00:00+00:00,23.57,66.55,0.0,0.0,0.0,372.35,6.83,191.0,99930.0
1990-06-06 13:00:00+00:00,23.43,68.85,0.0,0.0,0.0,371.2,7.1,182.0,99930.0
1990-06-06 14:00:00+00:00,23.23,66.55,0.0,0.0,0.0,366.15,7.31,182.0,99890.0
1990-06-06 15:00:00+00:00,23.02,66.45,0.0,0.0,0.0,365.75,7.52,184.0,99890.0
1990-06-06 16:00:00+00:00,22.65,64.2,0.0,0.0,0.0,366.95,7.59,181.0,99850.0
1990-06-06 17:00:00+00:00,22.31,66.35,0.0,0.0,0.0,367.1,7.66,183.0,99810.0
1990-06-06 18:00:00+00:00,22.06,68.6,0.0,0.0,0.0,370.2,7.79,190.0,99820.0
1990-06-06 19:00:00+00:00,21.91,66.25,0.0,0.0,0.0,372.55,7.93,188.0,99720.0
1990-06-06 20:00:00+00:00,21.62,66.25,0.0,0.0,0.0,363.65,7.79,191.0,99740.0
1990-06-06 21:00:00+00:00,21.34,68.5,61.8,25.95,59.2,363.85,7.72,194.0,99790.0
1990-06-06 22:00:00+00:00,21.28,68.5,170.75,99.43,142.7,366.15,7.1,200.0,99840.0
1990-06-06 23:00:00+00:00,21.55,70.9,283.65,173.3,203.6,371.95,6.48,210.0,99860.0
1990-06-07 00:00:00+00:00,21.73,68.6,288.7,90.57,231.85,380.3,6.76,216.0,99910.0
1990-06-07 01:00:00+00:00,21.5,73.35,234.45,12.18,225.1,393.15,6.21,218.0,99920.0
1990-06-07 02:00:00+00:00,20.92,78.5,184.8,0.0,184.8,391.9,5.45,217.0,99910.0
1990-06-07 03:00:00+00:00,19.83,83.95,190.95,3.0,188.15,389.0,4.83,220.0,99910.0
1990-06-07 04:00:00+00:00,19.28,86.85,116.45,0.0,116.45,387.25,4.69,210.0,99860.0
1990-06-07 05:00:00+00:00,19.27,86.85,218.85,36.62,185.2,384.75,5.1,194.0,99770.0
1990-06-07 06:00:00+00:00,20.16,81.15,314.2,180.02,162.65,375.65,6.41,193.0,99720.0
1990-06-07 07:00:00+00:00,21.15,78.55,416.2,320.72,183.8,373.5,6.9,181.0,99610.0
1990-06-07 08:00:00+00:00,21.8,76.0,176.75,122.23,106.45,361.5,8.14,181.0,99580.0
1990-06-07 09:00:00+00:00,21.43,78.55,148.0,133.14,94.25,372.75,7.24,182.0,99570.0
1990-06-07 10:00:00+00:00,21.04,81.2,46.95,25.01,41.4,362.3,6.21,187.0,99570.0
1990-06-07 11:00:00+00:00,20.48,83.95,1.25,0.0,1.25,356.5,6.34,186.0,99580.0
1990-06-07 12:00:00+00:00,19.89,83.95,0.0,0.0,0.0,354.75,6.69,182.0,99670.0
1990-06-07 13:00:00+00:00,19.45,83.9,0.0,0.0,0.0,357.65,6.48,184.0,99700.0
1990-06-07 14:00:00+00:00,19.02,86.8,0.0,0.0,0.0,350.3,6.14,192.0,99720.0
1990-06-07 15:00:00+00:00,18.71,86.8,0.0,0.0,0.0,353.2,5.86,198.0,99670.0
1990-06-07 16:00:00+00:00,18.43,89.75,0.0,0.0,0.0,345.45,5.45,204.0,99630.0
1990-06-07 17:00:00+00:00,18.35,89.75,0.0,0.0,0.0,359.55,5.03,207.0,99590.0
1990-06-07 18:00:00+00:00,18.07,92.85,0.0,0.0,0.0,345.45,4.34,209.0,99560.0
1990-06-07 19:00:00+00:00,17.59,92.85,0.0,0.0,0.0,341.55,3.72,208.0,99540.0
1990-06-07 20:00:00+00:00,17.27,96.05,0.0,0.0,0.0,337.5,3.03,209.0,99500.0
1990-06-07 21:00:00+00:00,16.99,99.4,77.3,274.77,49.6,341.75,2.55,198.0,99510.0
1990-06-07 22:00:00+00:00,17.36,96.05,246.65,493.85,107.1,359.95,2.62,191.0,99500.0
1990-06-07 23:00:00+00:00,18.32,86.75,330.3,489.42,104.05,337.9,2.76,194.0,99500.0
1990-06-08 00:00:00+00:00,19.43,81.1,600.2,705.18,157.4,340.0,2.83,195.0,99490.0
1990-06-08 01:00:00+00:00,20.96,70.8,778.0,802.17,162.15,324.05,3.1,190.0,99440.0
1990-06-08 02:00:00+00:00,22.43,59.8,879.35,806.9,175.35,324.35,3.72,192.0,99360.0
1990-06-08 03:00:00+00:00,23.5,50.45,927.0,810.52,169.15,324.55,4.34,202.0,99310.0
1990-06-08 04:00:00+00:00,24.18,42.5,917.4,772.9,182.3,328.05,4.9,212.0,99260.0
1990-06-08 05:00:00+00:00,24.52,39.55,803.55,660.49,196.15,325.9,5.52,220.0,99170.0
1990-06-08 06:00:00+00:00,24.39,38.15,729.0,672.51,162.25,330.15,6.21,225.0,99090.0
1990-06-08 07:00:00+00:00,24.4,41.0,588.8,628.17,132.95,325.1,6.14,224.0,99000.0
1990-06-08 08:00:00+00:00,23.85,47.15,407.35,512.73,111.8,318.15,5.66,219.0,98960.0
1990-06-08 09:00:00+00:00,23.05,55.9,216.3,328.77,83.1,319.3,5.1,211.0,98930.0
1990-06-08 10:00:00+00:00,22.04,61.85,63.75,109.61,39.25,319.3,4.48,204.0,98910.0
1990-06-08 11:00:00+00:00,20.99,66.05,1.55,0.0,1.55,323.4,4.34,197.0,98920.0
1990-06-08 12:00:00+00:00,20.36,68.3,0.0,0.0,0.0,336.55,4.34,186.0,98910.0
1990-06-08 13:00:00+00:00,19.81,68.3,0.0,0.0,0.0,335.95,4.28,187.0,98930.0
1990-06-08 14:00:00+00:00,19.3,73.15,0.0,0.0,0.0,340.4,4.14,187.0,98910.0
1990-06-08 15:00:00+00:00,18.97,75.65,0.0,0.0,0.0,344.85,4.28,180.0,98880.0
1990-06-08 16:00:00+00:00,18.49,81.0,0.0,0.0,0.0,335.75,3.79,182.0,98820.0
1990-06-08 17:00:00+00:00,17.82,83.75,0.0,0.0,0.0,319.7,3.1,195.0,98810.0
1990-06-08 18:00:00+00:00,17.36,86.65,0.0,0.0,0.0,327.25,2.55,192.0,98780.0
1990-06-08 19:00:00+00:00,16.99,83.65,0.0,0.0,0.0,323.2,3.45,152.0,98670.0
1990-06-08 20:00:00+00:00,16.84,83.65,0.0,0.0,0.0,325.1,3.59,142.0,98640.0
1990-06-08 21:00:00+00:00,16.86,80.8,100.15,440.07,55.55,319.3,3.52,142.0,98620.0
1990-06-08 22:00:00+00:00,17.8,75.45,242.35,495.97,102.0,319.3,3.24,140.0,98640.0
1990-06-08 23:00:00+00:00,19.13,68.2,412.55,534.82,165.15,327.85,2.97,139.0,98650.0
1990-06-09 00:00:00+00:00,20.31,65.95,498.2,387.19,255.0,336.15,2.07,134.0,98690.0
1990-06-09 01:00:00+00:00,21.19,61.7,598.4,342.48,335.4,343.8,1.31,120.0,98700.0
1990-06-09 02:00:00+00:00,21.98,59.7,626.8,370.91,303.1,352.2,0.76,112.0,98730.0
1990-06-09 03:00:00+00:00,22.32,57.75,579.25,248.46,346.85,366.95,0.48,111.0,98740.0
1990-06-09 04:00:00+00:00,22.57,59.8,593.0,213.17,390.15,372.95,1.38,121.0,98740.0
1990-06-09 05:00:00+00:00,23.42,54.1,362.8,84.76,284.8,370.6,2.83,133.0,98680.0
1990-06-09 06:00:00+00:00,23.57,54.1,600.2,406.37,257.4,375.85,3.86,142.0,98650.0
1990-06-09 07:00:00+00:00,23.25,52.25,439.45,350.69,184.6,359.95,2.21,204.0,98690.0
1990-06-09 08:00:00+00:00,23.03,54.0,299.0,320.1,114.1,359.0,2.28,238.0,98730.0
1990-06-09 09:00:00+00:00,22.1,59.7,154.8,168.02,86.5,354.95,2.21,282.0,98760.0
1990-06-09 10:00:00+00:00,20.79,68.4,52.75,44.0,42.85,347.75,2.41,357.0,98880.0
1990-06-09 11:00:00+00:00,19.7,73.2,1.6,0.0,1.6,346.6,3.31,25.0,98940.0
1990-06-09 12:00:00+00:00,18.61,81.05,0.0,0.0,0.0,342.95,3.24,28.0,99020.0
1990-06-09 13:00:00+00:00,17.81,86.7,0.0,0.0,0.0,336.55,3.31,26.0,99090.0
1990-06-09 14:00:00+00:00,17.07,92.8,0.0,0.0,0.0,323.95,3.38,24.0,99120.0
1990-06-09 15:00:00+00:00,16.54,96.05,0.0,0.0,0.0,320.85,3.38,25.0,99160.0
1990-06-09 16:00:00+00:00,16.08,92.8,0.0,0.0,0.0,318.95,3.03,30.0,99160.0
1990-06-09 17:00:00+00:00,15.76,96.0,0.0,0.0,0.0,316.4,2.83,27.0,99140.0
1990-06-09 18:00:00+00:00,15.44,99.4,0.0,0.0,0.0,315.85,2.83,15.0,99140.0
1990-06-09 19:00:00+00:00,15.32,96.0,0.0,0.0,0.0,322.2,2.34,344.0,99170.0
1990-06-09 20:00:00+00:00,15.01,99.4,0.0,0.0,0.0,329.0,2.62,345.0,99220.0
1990-06-09 21:00:00+00:00,14.91,99.4,89.55,298.15,59.2,335.2,2.48,354.0,99280.0
1990-06-09 22:00:00+00:00,15.17,96.0,202.3,322.63,110.9,333.25,2.62,11.0,99300.0
1990-06-09 23:00:00+00:00,16.08,89.65,385.95,510.14,149.85,338.65,2.55,21.0,99340.0
1990-06-10 00:00:00+00:00,17.8,78.15,528.0,527.59,196.55,344.85,2.55,22.0,99390.0
1990-06-10 01:00:00+00:00,19.15,68.2,686.65,676.84,166.8,350.2,2.34,16.0,99400.0
1990-06-10 02:00:00+00:00,20.43,65.95,816.2,733.06,176.3,338.5,2.14,4.0,99430.0
1990-06-10 03:00:00+00:00,21.52,63.9,756.25,621.64,174.6,338.5,1.86,352.0,99430.0
1990-06-10 04:00:00+00:00,21.89,61.85,784.5,639.0,176.15,350.1,1.52,334.0,99410.0
1990-06-10 05:00:00+00:00,22.37,61.95,701.1,553.48,191.4,354.75,1.45,318.0,99370.0
1990-06-10 06:00:00+00:00,22.49,61.95,545.95,460.34,157.25,359.0,1.52,301.0,99360.0
1990-06-10 07:00:00+00:00,22.8,55.9,424.15,369.05,155.6,352.4,2.28,347.0,99320.0
1990-06-10 08:00:00+00:00,22.67,57.9,255.65,250.95,110.4,359.55,1.79,342.0,99370.0
1990-06-10 09:00:00+00:00,21.38,63.9,139.1,132.29,85.15,358.0,1.1,334.0,99380.0
1990-06-10 10:00:00+00:00,20.71,68.4,42.35,48.36,31.4,358.6,1.03,347.0,99480.0
1990-06-10 11:00:00+00:00,20.04,73.2,1.45,0.0,1.45,357.25,2.34,296.0,99510.0
1990-06-10 12:00:00+00:00,19.39,78.35,0.0,0.0,0.0,350.65,2.48,294.0,99580.0
1990-06-10 13:00:00+00:00,18.95,81.05,0.0,0.0,0.0,344.1,2.0,307.0,99640.0
1990-06-10 14:00:00+00:00,18.31,83.8,0.0,0.0,0.0,337.7,2.0,307.0,99670.0
1990-06-10 15:00:00+00:00,17.52,89.7,0.0,0.0,0.0,333.65,1.93,296.0,99680.0
1990-06-10 16:00:00+00:00,16.93,92.8,0.0,0.0,0.0,332.85,2.0,288.0,99690.0
1990-06-10 17:00:00+00:00,16.37,92.8,0.0,0.0,0.0,325.7,2.0,286.0,99710.0
1990-06-10 18:00:00+00:00,16.12,92.8,0.0,0.0,0.0,327.05,1.72,292.0,99740.0
1990-06-10 19:00:00+00:00,17.84,86.7,0.0,0.0,0.0,324.35,0.48,326.0,99720.0
1990-06-10 20:00:00+00:00,17.79,86.7,0.0,0.0,0.0,327.85,0.21,325.0,99780.0
1990-06-10 21:00:00+00:00,17.61,83.75,99.2,388.63,59.5,324.75,0.07,146.0,99820.0
1990-06-10 22:00:00+00:00,17.43,89.7,243.65,487.59,105.4,335.2,0.55,164.0,99860.0
1990-06-10 23:00:00+00:00,18.96,81.05,444.75,692.16,124.3,332.85,0.97,187.0,99900.0
1990-06-11 00:00:00+00:00,20.51,75.75,617.1,752.03,144.6,330.55,1.24,225.0,99960.0
1990-06-11 01:00:00+00:00,21.85,66.25,720.45,734.43,156.3,336.25,1.86,245.0,100030.0
1990-06-11 02:00:00+00:00,22.74,62.05,744.35,659.74,168.35,345.05,2.34,247.0,100070.0
1990-06-11 03:00:00+00:00,23.36,60.05,813.0,692.78,164.6,354.15,2.48,240.0,100090.0
1990-06-11 04:00:00+00:00,23.98,56.15,719.4,588.07,159.3,354.75,2.55,235.0,100080.0
1990-06-11 05:00:00+00:00,24.23,54.35,812.9,696.76,170.85,359.2,2.48,227.0,100030.0
1990-06-11 06:00:00+00:00,24.89,52.6,685.05,637.83,146.0,351.05,2.48,219.0,99980.0
1990-06-11 07:00:00+00:00,25.08,50.8,552.75,566.88,139.7,352.6,3.31,217.0,99950.0
1990-06-11 08:00:00+00:00,24.83,49.05,353.9,418.95,110.95,353.75,3.52,221.0,99950.0
1990-06-11 09:00:00+00:00,23.9,54.2,201.8,274.03,89.7,347.95,3.38,222.0,99950.0
1990-06-11 10:00:00+00:00,22.7,62.05,63.9,108.64,39.15,343.9,2.62,218.0,100000.0
1990-06-11 11:00:00+00:00,21.45,70.9,1.85,0.0,1.85,345.25,2.41,199.0,100060.0
1990-06-11 12:00:00+00:00,20.58,75.75,0.0,0.0,0.0,342.55,3.03,176.0,100130.0
1990-06-11 13:00:00+00:00,20.34,75.75,0.0,0.0,0.0,340.6,4.0,162.0,100230.0
1990-06-11 14:00:00+00:00,20.22,75.75,0.0,0.0,0.0,341.0,4.62,159.0,100260.0
1990-06-11 15:00:00+00:00,19.95,73.2,0.0,0.0,0.0,340.0,4.9,161.0,100280.0
1990-06-11 16:00:00+00:00,19.88,68.3,0.0,0.0,0.0,351.85,5.03,163.0,100290.0
1990-06-11 17:00:00+00:00,19.79,63.7,0.0,0.0,0.0,353.0,5.38,168.0,100290.0
1990-06-11 18:00:00+00:00,19.69,61.5,0.0,0.0,0.0,344.65,5.38,167.0,100320.0
1990-06-11 19:00:00+00:00,19.83,61.5,0.0,0.0,0.0,358.8,5.45,163.0,100370.0
1990-06-11 20:00:00+00:00,19.8,63.7,0.0,0.0,0.0,355.7,5.31,162.0,100320.0
1990-06-11 21:00:00+00:00,19.82,63.7,95.8,412.98,53.5,349.1,5.24,165.0,100340.0
1990-06-11 22:00:00+00:00,20.46,65.95,244.4,523.45,95.9,343.9,5.31,168.0,100350.0
1990-06-11 23:00:00+00:00,21.61,61.7,389.05,528.87,144.15,346.4,5.52,173.0,100400.0
1990-06-12 00:00:00+00:00,22.72,55.9,468.6,415.41,207.6,357.05,6.41,175.0,100420.0
1990-06-12 01:00:00+00:00,23.72,54.2,569.15,400.75,261.3,362.0,6.9,172.0,100460.0
1990-06-12 02:00:00+00:00,24.76,52.6,662.8,454.71,265.75,373.1,7.38,172.0,100440.0
1990-06-12 03:00:00+00:00,25.74,49.3,889.7,757.13,180.9,375.85,7.66,176.0,100450.0
1990-06-12 04:00:00+00:00,26.88,47.9,887.2,751.51,171.15,361.1,7.86,180.0,100430.0
1990-06-12 05:00:00+00:00,27.5,46.4,823.5,714.36,164.85,362.3,8.0,182.0,100400.0
1990-06-12 06:00:00+00:00,27.73,44.95,696.45,632.25,161.65,363.85,7.93,182.0,100370.0
1990-06-12 07:00:00+00:00,26.85,49.55,551.95,559.46,143.8,366.55,8.07,172.0,100320.0
1990-06-12 08:00:00+00:00,26.54,51.2,374.85,427.21,126.65,366.95,7.79,170.0,100310.0
1990-06-12 09:00:00+00:00,25.82,52.85,187.9,190.96,109.55,367.9,7.24,167.0,100340.0
1990-06-12 10:00:00+00:00,24.75,56.35,58.45,47.79,47.5,369.05,7.93,165.0,100370.0
1990-06-12 11:00:00+00:00,23.49,60.05,1.85,0.0,1.85,369.25,8.34,167.0,100440.0
1990-06-12 12:00:00+00:00,22.66,59.95,0.0,0.0,0.0,368.5,8.21,173.0,100520.0
1990-06-12 13:00:00+00:00,22.27,59.8,0.0,0.0,0.0,369.65,8.34,172.0,100600.0
1990-06-12 14:00:00+00:00,22.03,59.7,0.0,0.0,0.0,366.75,8.14,175.0,100610.0
1990-06-12 15:00:00+00:00,21.76,57.65,0.0,0.0,0.0,359.2,7.86,176.0,100650.0
1990-06-12 16:00:00+00:00,21.44,57.55,0.0,0.0,0.0,355.5,7.38,178.0,100680.0
1990-06-12 17:00:00+00:00,21.11,57.45,0.0,0.0,0.0,353.55,6.83,179.0,100670.0
1990-06-12 18:00:00+00:00,20.81,57.45,0.0,0.0,0.0,353.4,6.14,184.0,100700.0
1990-06-12 19:00:00+00:00,20.43,59.35,0.0,0.0,0.0,360.95,6.69,177.0,100740.0
1990-06-12 20:00:00+00:00,20.35,57.3,0.0,0.0,0.0,371.95,6.28,175.0,100730.0
1990-06-12 21:00:00+00:00,20.19,57.3,61.1,67.25,54.2,368.45,5.38,173.0,100780.0
1990-06-12 22:00:00+00:00,20.16,59.35,107.5,34.89,97.6,361.9,4.48,174.0,100830.0
1990-06-12 23:00:00+00:00,20.25,61.5,224.5,64.89,194.45,370.8,3.79,176.0,100870.0
1990-06-13 00:00:00+00:00,20.94,59.5,514.9,403.43,261.45,360.75,4.21,178.0,100870.0
1990-06-13 01:00:00+00:00,22.28,55.8,699.8,610.88,230.55,338.2,4.55,184.0,100890.0
1990-06-13 02:00:00+00:00,23.39,54.1,795.55,582.14,287.2,340.2,4.55,186.0,100880.0
1990-06-13 03:00:00+00:00,24.24,52.5,795.45,486.41,340.0,347.95,4.55,188.0,100840.0
1990-06-13 04:00:00+00:00,24.74,52.6,698.1,342.65,371.5,352.6,4.55,196.0,100830.0
1990-06-13 05:00:00+00:00,24.64,56.25,617.55,256.2,381.2,363.05,4.55,201.0,100780.0
1990-06-13 06:00:00+00:00,24.28,58.2,615.65,416.63,262.95,370.4,4.55,209.0,100760.0
1990-06-13 07:00:00+00:00,24.73,56.35,391.0,202.56,243.05,361.9,4.48,194.0,100730.0
1990-06-13 08:00:00+00:00,23.9,62.25,255.4,105.93,193.75,380.85,4.69,188.0,100730.0
1990-06-13 09:00:00+00:00,22.99,68.75,123.2,52.62,101.55,371.95,4.97,178.0,100690.0
1990-06-13 10:00:00+00:00,22.13,73.45,32.25,6.51,30.75,382.2,4.9,168.0,100690.0
1990-06-13 11:00:00+00:00,21.35,75.95,0.9,0.0,0.9,394.0,3.86,156.0,100690.0
1990-06-13 12:00:00+00:00,20.83,78.5,0.0,0.0,0.0,396.15,4.62,144.0,100680.0
1990-06-13 13:00:00+00:00,20.41,83.95,0.0,0.0,0.0,404.65,5.45,147.0,100700.0
1990-06-13 14:00:00+00:00,19.78,83.95,0.0,0.0,0.0,403.7,6.69,151.0,100590.0
1990-06-13 15:00:00+00:00,19.44,89.85,0.0,0.0,0.0,400.4,7.38,162.0,100510.0
1990-06-13 16:00:00+00:00,19.3,89.85,0.0,0.0,0.0,398.3,8.28,173.0,100440.0
1990-06-13 17:00:00+00:00,19.13,89.85,0.0,0.0,0.0,400.0,7.93,181.0,100410.0
1990-06-13 18:00:00+00:00,19.01,92.9,0.0,0.0,0.0,401.4,7.31,184.0,100380.0
1990-06-13 19:00:00+00:00,18.71,89.8,0.0,0.0,0.0,402.95,7.17,200.0,100390.0
1990-06-13 20:00:00+00:00,18.55,92.85,0.0,0.0,0.0,398.85,6.41,209.0,100380.0
1990-06-13 21:00:00+00:00,18.45,92.85,5.65,0.0,5.65,399.45,5.24,211.0,100390.0
1990-06-13 22:00:00+00:00,18.37,92.85,22.65,0.0,22.65,395.2,3.79,206.0,100340.0
1990-06-13 23:00:00+00:00,18.47,92.85,42.4,0.0,42.4,393.85,3.31,196.0,100290.0
1990-06-14 00:00:00+00:00,18.68,89.8,86.0,0.0,86.0,390.35,2.97,196.0,100250.0
1990-06-14 01:00:00+00:00,19.18,86.85,133.25,9.83,125.7,386.95,2.55,191.0,100240.0
1990-06-14 02:00:00+00:00,19.47,86.85,159.25,7.39,152.8,395.2,2.69,182.0,100200.0
1990-06-14 03:00:00+00:00,19.84,83.95,445.45,132.89,321.0,397.3,2.83,175.0,100180.0
1990-06-14 04:00:00+00:00,20.94,84.05,555.3,301.74,267.6,393.65,2.48,172.0,100120.0
1990-06-14 05:00:00+00:00,21.58,84.05,566.55,343.07,249.9,395.95,1.86,178.0,100050.0
1990-06-14 06:00:00+00:00,22.07,81.35,513.85,305.65,254.9,392.3,1.17,212.0,99970.0
1990-06-14 07:00:00+00:00,21.85,76.0,353.35,238.44,179.0,373.1,0.28,222.0,99850.0
1990-06-14 08:00:00+00:00,21.71,73.45,213.95,147.78,127.8,380.3,0.48,104.0,99780.0
1990-06-14 09:00:00+00:00,20.41,81.15,119.5,92.6,81.3,376.8,1.17,119.0,99790.0
1990-06-14 10:00:00+00:00,20.36,81.15,44.15,55.49,31.3,373.3,1.79,127.0,99740.0
1990-06-14 11:00:00+00:00,19.97,81.15,1.85,0.0,1.85,367.5,2.07,140.0,99730.0
1990-06-14 12:00:00+00:00,19.3,83.9,0.0,0.0,0.0,355.7,2.41,145.0,99730.0
1990-06-14 13:00:00+00:00,18.85,86.8,0.0,0.0,0.0,359.75,2.69,142.0,99740.0
1990-06-14 14:00:00+00:00,18.31,89.75,0.0,0.0,0.0,349.5,2.48,158.0,99740.0
1990-06-14 15:00:00+00:00,17.84,92.85,0.0,0.0,0.0,342.35,2.14,195.0,99740.0
1990-06-14 16:00:00+00:00,17.5,96.05,0.0,0.0,0.0,353.4,2.41,206.0,99700.0
1990-06-14 17:00:00+00:00,17.26,96.05,0.0,0.0,0.0,347.95,2.97,204.0,99640.0
1990-06-14 18:00:00+00:00,17.3,96.05,0.0,0.0,0.0,365.0,3.79,208.0,99580.0
1990-06-14 19:00:00+00:00,16.9,99.4,0.0,0.0,0.0,383.2,5.17,224.0,99570.0
1990-06-14 20:00:00+00:00,16.96,96.05,0.0,0.0,0.0,396.95,5.52,226.0,99570.0
1990-06-14 21:00:00+00:00,16.96,96.05,44.8,18.98,42.85,394.0,5.72,225.0,99590.0
1990-06-14 22:00:00+00:00,17.01,96.05,117.3,57.28,101.05,388.6,5.72,226.0,99600.0
1990-06-14 23:00:00+00:00,17.38,92.85,288.85,184.16,203.6,379.7,5.66,230.0,99590.0
1990-06-15 00:00:00+00:00,18.43,83.8,431.6,297.0,245.1,367.1,5.31,228.0,99600.0
1990-06-15 01:00:00+00:00,19.33,78.35,645.55,478.6,278.0,357.55,5.38,227.0,99610.0
1990-06-15 02:00:00+00:00,20.41,75.75,824.05,704.5,208.85,346.6,5.45,230.0,99600.0
1990-06-15 03:00:00+00:00,21.39,70.9,896.35,759.13,185.35,337.3,5.24,234.0,99600.0
1990-06-15 04:00:00+00:00,22.14,64.1,889.95,743.72,180.65,335.95,4.69,238.0,99570.0
1990-06-15 05:00:00+00:00,22.74,59.95,844.95,738.11,163.35,336.15,4.83,240.0,99520.0
1990-06-15 06:00:00+00:00,23.14,57.9,725.75,675.56,153.0,330.15,4.76,242.0,99470.0
1990-06-15 07:00:00+00:00,22.96,57.9,557.2,568.17,141.3,335.4,4.34,255.0,99470.0
1990-06-15 08:00:00+00:00,22.63,57.75,397.95,481.0,117.1,331.7,3.72,258.0,99480.0
1990-06-15 09:00:00+00:00,22.37,57.75,221.8,332.95,84.1,332.85,2.69,250.0,99500.0
1990-06-15 10:00:00+00:00,21.8,61.85,72.9,130.66,42.5,322.6,2.34,222.0,99550.0
1990-06-15 11:00:00+00:00,20.51,73.2,2.55,1.87,2.45,318.15,3.03,194.0,99600.0
1990-06-15 12:00:00+00:00,19.09,78.3,0.0,0.0,0.0,315.05,3.52,185.0,99630.0
1990-06-15 13:00:00+00:00,18.65,75.65,0.0,0.0,0.0,313.9,3.66,191.0,99710.0
1990-06-15 14:00:00+00:00,18.53,72.95,0.0,0.0,0.0,311.75,3.79,191.0,99750.0
1990-06-15 15:00:00+00:00,18.56,70.45,0.0,0.0,0.0,311.4,3.93,185.0,99760.0
1990-06-15 16:00:00+00:00,18.56,65.65,0.0,0.0,0.0,308.85,4.0,178.0,99750.0
1990-06-15 17:00:00+00:00,18.52,63.4,0.0,0.0,0.0,309.45,4.21,171.0,99710.0
1990-06-15 18:00:00+00:00,18.62,59.15,0.0,0.0,0.0,320.5,4.97,178.0,99730.0
1990-06-15 19:00:00+00:00,19.08,55.05,0.0,0.0,0.0,315.25,5.79,171.0,99690.0
1990-06-15 20:00:00+00:00,19.25,57.2,0.0,0.0,0.0,317.75,6.21,170.0,99690.0
1990-06-15 21:00:00+00:00,19.47,59.25,108.05,484.7,58.3,317.95,6.62,163.0,99650.0
1990-06-15 22:00:00+00:00,20.12,59.35,265.15,608.54,92.6,318.95,6.55,163.0,99590.0
1990-06-15 23:00:00+00:00,21.27,61.7,422.25,629.76,130.85,329.75,5.38,165.0,99600.0
1990-06-16 00:00:00+00:00,21.99,64.0,427.4,276.32,253.95,340.4,3.52,180.0,99640.0
1990-06-16 01:00:00+00:00,21.7,68.6,410.55,141.51,301.9,363.15,1.79,339.0,99700.0
1990-06-16 02:00:00+00:00,21.38,75.95,481.7,223.32,286.7,371.75,2.21,350.0,99770.0
1990-06-16 03:00:00+00:00,20.75,78.5,457.95,192.49,277.65,376.8,1.59,297.0,99860.0
1990-06-16 04:00:00+00:00,20.54,81.15,479.1,246.87,243.6,387.25,1.66,349.0,99810.0
1990-06-16 05:00:00+00:00,20.69,78.5,419.15,176.87,255.75,390.95,2.83,338.0,99780.0
1990-06-16 06:00:00+00:00,20.69,81.2,455.25,237.63,253.65,384.55,2.28,352.0,99710.0
1990-06-16 07:00:00+00:00,20.41,81.15,323.5,167.73,200.6,378.35,3.1,286.0,99690.0
1990-06-16 08:00:00+00:00,20.08,81.15,208.05,165.97,111.0,376.2,3.24,272.0,99720.0
1990-06-16 09:00:00+00:00,20.35,81.15,160.6,189.6,82.0,379.1,2.69,263.0,99760.0
1990-06-16 10:00:00+00:00,20.62,78.5,67.45,107.82,42.25,364.8,2.14,263.0,99810.0
1990-06-16 11:00:00+00:00,19.97,81.15,2.7,0.92,2.65,336.55,1.79,217.0,99840.0
1990-06-16 12:00:00+00:00,18.82,86.8,0.0,0.0,0.0,327.05,2.55,195.0,99880.0
1990-06-16 13:00:00+00:00,18.01,92.85,0.0,0.0,0.0,317.55,2.9,193.0,99950.0
1990-06-16 14:00:00+00:00,17.73,92.85,0.0,0.0,0.0,316.8,3.17,198.0,99990.0
1990-06-16 15:00:00+00:00,17.58,92.85,0.0,0.0,0.0,316.8,3.03,206.0,100030.0
1990-06-16 16:00:00+00:00,17.43,89.7,0.0,0.0,0.0,316.4,2.69,219.0,100060.0
1990-06-16 17:00:00+00:00,17.28,89.7,0.0,0.0,0.0,318.35,2.62,233.0,100120.0
1990-06-16 18:00:00+00:00,17.12,89.7,0.0,0.0,0.0,318.55,2.69,238.0,100160.0
1990-06-16 19:00:00+00:00,17.02,83.65,0.0,0.0,0.0,317.2,4.07,206.0,100100.0
1990-06-16 20:00:00+00:00,17.02,89.65,0.0,0.0,0.0,326.85,3.93,217.0,100120.0
1990-06-16 21:00:00+00:00,17.09,89.7,100.55,423.49,57.15,326.85,3.86,223.0,100210.0
1990-06-16 22:00:00+00:00,17.88,89.75,263.5,606.21,91.75,332.65,3.79,220.0,100270.0
1990-06-16 23:00:00+00:00,19.3,83.9,432.2,651.29,131.0,321.85,4.21,216.0,100270.0
1990-06-17 00:00:00+00:00,20.53,81.15,615.8,742.96,149.65,332.65,4.55,217.0,100270.0
1990-06-17 01:00:00+00:00,21.86,71.0,754.45,766.96,165.75,337.8,4.62,218.0,100270.0
1990-06-17 02:00:00+00:00,22.9,66.45,843.7,778.29,164.2,340.2,4.34,220.0,100260.0
1990-06-17 03:00:00+00:00,23.55,64.3,907.2,787.44,169.6,343.9,4.21,224.0,100270.0
1990-06-17 04:00:00+00:00,24.2,60.25,905.6,775.3,165.85,346.2,4.48,227.0,100280.0
1990-06-17 05:00:00+00:00,24.43,60.25,854.15,746.59,164.15,350.85,4.83,228.0,100230.0
1990-06-17 06:00:00+00:00,24.47,60.25,660.15,590.76,158.65,348.95,4.9,224.0,100200.0
1990-06-17 07:00:00+00:00,23.91,62.25,405.85,390.23,119.65,359.4,4.28,222.0,100180.0
1990-06-17 08:00:00+00:00,23.34,64.3,353.1,403.11,117.05,359.2,3.79,215.0,100180.0
1990-06-17 09:00:00+00:00,23.07,66.45,175.75,231.18,79.7,368.1,3.72,211.0,100160.0
1990-06-17 10:00:00+00:00,22.21,71.05,58.1,91.39,36.65,368.85,3.17,218.0,100190.0
1990-06-17 11:00:00+00:00,21.26,73.35,2.4,1.8,2.3,369.45,3.1,227.0,100230.0
1990-06-17 12:00:00+00:00,20.47,78.45,0.0,0.0,0.0,361.1,3.03,227.0,100260.0
1990-06-17 13:00:00+00:00,19.98,78.45,0.0,0.0,0.0,352.0,2.97,220.0,100350.0
1990-06-17 14:00:00+00:00,19.68,78.45,0.0,0.0,0.0,353.75,3.03,211.0,100410.0
1990-06-17 15:00:00+00:00,19.6,81.1,0.0,0.0,0.0,359.75,3.24,200.0,100400.0
1990-06-17 16:00:00+00:00,19.57,81.1,0.0,0.0,0.0,361.1,3.52,203.0,100380.0
1990-06-17 17:00:00+00:00,19.38,78.35,0.0,0.0,0.0,348.95,4.0,208.0,100330.0
1990-06-17 18:00:00+00:00,19.35,78.35,0.0,0.0,0.0,353.4,4.34,214.0,100340.0
1990-06-17 19:00:00+00:00,18.97,78.3,0.0,0.0,0.0,342.35,4.69,218.0,100330.0
1990-06-17 20:00:00+00:00,18.66,81.05,0.0,0.0,0.0,341.2,4.14,216.0,100330.0
1990-06-17 21:00:00+00:00,18.48,83.8,103.7,469.0,55.75,338.1,3.59,214.0,100360.0
1990-06-17 22:00:00+00:00,19.19,81.1,261.0,589.72,94.1,337.1,3.24,205.0,100400.0
1990-06-17 23:00:00+00:00,20.53,81.15,440.05,687.66,122.25,340.6,3.24,205.0,100450.0
1990-06-18 00:00:00+00:00,21.9,73.45,610.5,748.16,141.35,344.3,2.76,204.0,100450.0
1990-06-18 01:00:00+00:00,23.19,66.55,750.35,772.37,157.7,350.2,2.07,211.0,100470.0
1990-06-18 02:00:00+00:00,24.22,64.5,850.0,781.69,167.65,356.5,1.45,228.0,100490.0
1990-06-18 03:00:00+00:00,25.03,62.45,883.5,746.08,184.65,361.3,0.97,229.0,100480.0
1990-06-18 04:00:00+00:00,25.76,58.55,869.95,737.04,166.6,363.05,0.69,229.0,100460.0
1990-06-18 05:00:00+00:00,26.29,56.7,794.7,672.45,173.0,368.85,0.97,235.0,100420.0
1990-06-18 06:00:00+00:00,26.64,56.7,715.85,659.76,155.45,370.4,1.59,240.0,100400.0
1990-06-18 07:00:00+00:00,26.94,53.1,569.85,584.9,140.5,368.3,1.38,241.0,100400.0
1990-06-18 08:00:00+00:00,26.7,53.1,390.4,454.17,124.1,369.05,1.72,225.0,100370.0
1990-06-18 09:00:00+00:00,26.24,56.7,219.3,320.65,85.8,370.2,1.93,201.0,100370.0
1990-06-18 10:00:00+00:00,25.22,62.55,71.7,121.17,43.15,365.2,2.07,198.0,100410.0
1990-06-18 11:00:00+00:00,23.69,68.95,2.8,0.89,2.75,362.85,1.93,210.0,100440.0
1990-06-18 12:00:00+00:00,22.55,78.7,0.0,0.0,0.0,366.15,1.31,195.0,100470.0
1990-06-18 13:00:00+00:00,21.74,81.35,0.0,0.0,0.0,377.95,1.24,157.0,100540.0
1990-06-18 14:00:00+00:00,21.24,84.05,0.0,0.0,0.0,379.9,1.79,161.0,100550.0
1990-06-18 15:00:00+00:00,21.29,81.3,0.0,0.0,0.0,386.65,2.28,170.0,100520.0
1990-06-18 16:00:00+00:00,21.27,81.3,0.0,0.0,0.0,383.55,2.55,166.0,100520.0
1990-06-18 17:00:00+00:00,21.16,81.3,0.0,0.0,0.0,378.55,3.03,164.0,100480.0
1990-06-18 18:00:00+00:00,21.26,81.3,0.0,0.0,0.0,384.35,3.31,174.0,100500.0
1990-06-18 19:00:00+00:00,21.67,76.0,0.0,0.0,0.0,381.65,4.21,180.0,100510.0
1990-06-18 20:00:00+00:00,21.61,75.95,0.0,0.0,0.0,379.7,4.83,180.0,100520.0
1990-06-18 21:00:00+00:00,21.5,75.95,98.2,350.3,62.5,361.3,5.17,181.0,100520.0
1990-06-18 22:00:00+00:00,22.01,71.0,233.65,378.22,126.75,349.5,5.66,186.0,100560.0
1990-06-18 23:00:00+00:00,22.93,68.75,369.95,404.11,183.35,359.4,5.93,197.0,100590.0
1990-06-19 00:00:00+00:00,23.65,64.4,490.25,442.02,213.25,372.15,6.9,204.0,100620.0
1990-06-19 01:00:00+00:00,24.24,62.35,413.15,112.32,327.0,383.5,7.66,204.0,100600.0
1990-06-19 02:00:00+00:00,24.19,62.35,355.2,74.19,290.45,394.8,7.52,206.0,100610.0
1990-06-19 03:00:00+00:00,24.23,62.35,391.35,104.2,293.75,397.9,6.48,207.0,100600.0
1990-06-19 04:00:00+00:00,24.69,60.35,533.55,169.42,371.85,401.55,5.52,210.0,100600.0
1990-06-19 05:00:00+00:00,24.98,60.35,451.15,110.13,349.3,399.85,4.76,217.0,100600.0
1990-06-19 06:00:00+00:00,24.93,60.35,213.8,8.3,206.75,403.1,3.79,222.0,100590.0
1990-06-19 07:00:00+00:00,24.28,62.35,199.15,13.07,189.55,404.45,5.45,211.0,100580.0
1990-06-19 08:00:00+00:00,24.02,64.4,152.2,39.86,128.8,401.0,5.17,211.0,100580.0
1990-06-19 09:00:00+00:00,23.81,64.4,113.95,57.18,90.1,403.3,4.28,198.0,100540.0
1990-06-19 10:00:00+00:00,23.84,66.65,44.25,18.61,39.85,397.3,4.41,183.0,100500.0
1990-06-19 11:00:00+00:00,23.65,64.4,2.1,0.0,2.1,392.45,4.9,170.0,100470.0
1990-06-19 12:00:00+00:00,23.18,66.55,0.0,0.0,0.0,390.35,5.24,164.0,100490.0
1990-06-19 13:00:00+00:00,22.75,68.75,0.0,0.0,0.0,389.2,5.66,164.0,100530.0
1990-06-19 14:00:00+00:00,22.23,71.05,0.0,0.0,0.0,380.1,5.79,167.0,100530.0
1990-06-19 15:00:00+00:00,21.91,76.0,0.0,0.0,0.0,383.55,5.38,173.0,100530.0
1990-06-19 16:00:00+00:00,21.65,81.35,0.0,0.0,0.0,382.8,5.38,179.0,100540.0
1990-06-19 17:00:00+00:00,21.45,86.95,0.0,0.0,0.0,383.55,5.59,179.0,100520.0
1990-06-19 18:00:00+00:00,21.33,89.95,0.0,0.0,0.0,388.0,5.79,178.0,100510.0
1990-06-19 19:00:00+00:00,20.98,89.9,0.0,0.0,0.0,387.05,5.1,177.0,100530.0
1990-06-19 20:00:00+00:00,20.91,89.9,0.0,0.0,0.0,390.55,5.17,177.0,100550.0
1990-06-19 21:00:00+00:00,20.86,89.9,30.8,2.46,30.55,390.15,5.17,177.0,100550.0
1990-06-19 22:00:00+00:00,21.07,89.9,78.5,1.59,78.05,387.25,4.9,180.0,100580.0
1990-06-19 23:00:00+00:00,21.48,89.95,156.6,11.6,151.25,389.75,4.97,183.0,100580.0
1990-06-20 00:00:00+00:00,22.11,87.0,318.4,67.07,276.4,390.75,5.31,188.0,100580.0
1990-06-20 01:00:00+00:00,23.15,81.5,524.05,229.38,348.2,391.4,5.72,196.0,100590.0
1990-06-20 02:00:00+00:00,24.21,78.95,580.75,240.06,371.3,395.2,5.52,204.0,100590.0
1990-06-20 03:00:00+00:00,24.83,76.45,412.5,93.8,324.65,397.3,5.24,211.0,100570.0
1990-06-20 04:00:00+00:00,24.79,76.45,354.85,70.46,287.6,404.1,5.1,215.0,100570.0
1990-06-20 05:00:00+00:00,24.74,73.95,295.2,42.32,256.05,406.2,5.38,213.0,100550.0
1990-06-20 06:00:00+00:00,24.44,73.85,396.75,108.08,304.85,405.65,5.93,210.0,100540.0
1990-06-20 07:00:00+00:00,24.67,69.15,450.8,319.71,215.75,395.75,6.14,211.0,100560.0
1990-06-20 08:00:00+00:00,24.74,66.85,324.85,282.36,158.9,381.45,6.21,215.0,100560.0
1990-06-20 09:00:00+00:00,24.37,69.05,152.2,88.19,115.35,368.65,5.72,215.0,100560.0
1990-06-20 10:00:00+00:00,23.61,76.2,59.05,42.79,48.9,381.85,4.9,209.0,100560.0
1990-06-20 11:00:00+00:00,22.87,78.75,2.55,0.0,2.55,371.2,4.48,208.0,100590.0
1990-06-20 12:00:00+00:00,22.17,81.4,0.0,0.0,0.0,369.05,4.14,204.0,100630.0
1990-06-20 13:00:00+00:00,21.71,87.0,0.0,0.0,0.0,363.65,4.0,199.0,100670.0
1990-06-20 14:00:00+00:00,21.29,89.95,0.0,0.0,0.0,355.1,3.86,197.0,100640.0
1990-06-20 15:00:00+00:00,20.95,89.9,0.0,0.0,0.0,348.95,3.93,199.0,100630.0
1990-06-20 16:00:00+00:00,20.68,89.9,0.0,0.0,0.0,345.45,4.28,201.0,100630.0
1990-06-20 17:00:00+00:00,20.55,92.95,0.0,0.0,0.0,352.4,4.97,198.0,100600.0
1990-06-20 18:00:00+00:00,20.37,89.85,0.0,0.0,0.0,349.9,5.59,192.0,100560.0
1990-06-20 19:00:00+00:00,20.28,89.85,0.0,0.0,0.0,345.85,6.34,191.0,100580.0
1990-06-20 20:00:00+00:00,20.23,89.85,0.0,0.0,0.0,358.4,5.72,193.0,100580.0
1990-06-20 21:00:00+00:00,20.19,89.85,84.25,161.85,67.9,362.1,5.72,192.0,100620.0
1990-06-20 22:00:00+00:00,20.64,86.9,232.55,371.18,128.0,357.25,6.0,190.0,100570.0
1990-06-20 23:00:00+00:00,21.63,84.1,408.6,536.78,161.25,364.8,6.69,191.0,100550.0
1990-06-21 00:00:00+00:00,22.72,78.75,509.85,422.8,245.3,358.2,6.69,195.0,100550.0
1990-06-21 01:00:00+00:00,23.7,76.3,599.4,392.25,298.85,369.75,6.48,200.0,100550.0
1990-06-21 02:00:00+00:00,24.54,73.85,643.2,336.73,349.5,372.15,6.0,208.0,100580.0
1990-06-21 03:00:00+00:00,25.28,71.6,653.25,331.68,342.65,381.25,5.59,216.0,100600.0
1990-06-21 04:00:00+00:00,25.65,71.6,850.3,640.2,239.2,382.6,5.1,222.0,100590.0
1990-06-21 05:00:00+00:00,26.13,69.3,776.6,613.87,208.6,375.05,4.83,228.0,100540.0
1990-06-21 06:00:00+00:00,26.2,67.15,720.25,655.51,162.65,377.2,4.48,233.0,100500.0
1990-06-21 07:00:00+00:00,26.45,67.15,579.05,606.9,132.55,373.9,4.48,232.0,100460.0
1990-06-21 08:00:00+00:00,26.09,71.65,391.75,464.87,118.25,374.1,4.34,239.0,100430.0
1990-06-21 09:00:00+00:00,25.35,74.0,211.8,284.44,92.75,375.65,4.34,248.0,100420.0
1990-06-21 10:00:00+00:00,24.39,81.65,69.5,91.63,47.7,371.4,3.66,249.0,100430.0
1990-06-21 11:00:00+00:00,23.38,84.25,3.1,0.0,3.1,366.55,3.52,233.0,100460.0
1990-06-21 12:00:00+00:00,22.56,90.0,0.0,0.0,0.0,361.5,4.07,217.0,100500.0
1990-06-21 13:00:00+00:00,22.21,87.05,0.0,0.0,0.0,363.05,4.62,210.0,100520.0
1990-06-21 14:00:00+00:00,21.92,89.95,0.0,0.0,0.0,370.8,5.1,208.0,100540.0
1990-06-21 15:00:00+00:00,21.44,93.0,0.0,0.0,0.0,371.2,5.1,205.0,100510.0
1990-06-21 16:00:00+00:00,21.1,96.15,0.0,0.0,0.0,382.4,4.69,203.0,100490.0
1990-06-21 17:00:00+00:00,20.88,92.95,0.0,0.0,0.0,392.85,4.21,204.0,100470.0
1990-06-21 18:00:00+00:00,20.74,92.95,0.0,0.0,0.0,396.75,3.66,203.0,100460.0
1990-06-21 19:00:00+00:00,20.43,96.1,0.0,0.0,0.0,384.95,5.03,206.0,100460.0
1990-06-21 20:00:00+00:00,20.24,96.1,0.0,0.0,0.0,377.0,4.76,204.0,100450.0
1990-06-21 21:00:00+00:00,20.34,96.1,77.7,238.43,53.75,384.35,5.03,194.0,100460.0
1990-06-21 22:00:00+00:00,20.89,89.9,213.15,333.72,119.35,389.55,5.31,196.0,100440.0
1990-06-21 23:00:00+00:00,21.8,84.1,392.9,513.98,156.35,379.7,4.55,203.0,100410.0
1990-06-22 00:00:00+00:00,22.89,78.75,510.95,456.37,225.65,377.75,4.07,215.0,100400.0
1990-06-22 01:00:00+00:00,23.64,78.85,633.4,477.75,267.55,386.4,3.72,222.0,100410.0
1990-06-22 02:00:00+00:00,24.51,73.85,659.65,358.99,346.65,385.7,3.31,231.0,100430.0
1990-06-22 03:00:00+00:00,24.93,73.95,741.65,434.48,334.85,395.95,2.55,237.0,100440.0
1990-06-22 04:00:00+00:00,25.56,71.6,765.7,485.15,302.6,395.4,2.07,231.0,100440.0
1990-06-22 05:00:00+00:00,25.9,69.3,706.0,442.87,296.15,390.75,2.83,221.0,100410.0
1990-06-22 06:00:00+00:00,26.0,71.65,651.0,510.66,216.45,388.8,3.52,221.0,100400.0
1990-06-22 07:00:00+00:00,26.06,69.3,546.6,523.25,161.4,381.05,4.21,230.0,100370.0
1990-06-22 08:00:00+00:00,25.41,74.0,365.35,380.04,141.55,378.35,4.9,239.0,100350.0
1990-06-22 09:00:00+00:00,24.34,76.35,188.6,220.21,96.3,380.45,4.9,244.0,100350.0
1990-06-22 10:00:00+00:00,23.29,81.5,64.45,78.18,45.8,376.4,4.0,239.0,100350.0
1990-06-22 11:00:00+00:00,22.4,87.05,2.85,1.68,2.75,377.4,3.52,230.0,100400.0
1990-06-22 12:00:00+00:00,21.56,93.0,0.0,0.0,0.0,371.95,3.66,225.0,100460.0
1990-06-22 13:00:00+00:00,21.04,96.15,0.0,0.0,0.0,370.8,3.45,222.0,100520.0
1990-06-22 14:00:00+00:00,20.79,96.15,0.0,0.0,0.0,377.4,2.69,217.0,100550.0
1990-06-22 15:00:00+00:00,20.6,99.4,0.0,0.0,0.0,379.9,1.93,201.0,100570.0
1990-06-22 16:00:00+00:00,20.34,99.4,0.0,0.0,0.0,376.2,1.79,176.0,100530.0
1990-06-22 17:00:00+00:00,20.22,96.1,0.0,0.0,0.0,378.55,1.72,163.0,100490.0
1990-06-22 18:00:00+00:00,19.97,96.1,0.0,0.0,0.0,365.2,1.66,153.0,100460.0
1990-06-22 19:00:00+00:00,19.98,96.1,0.0,0.0,0.0,369.25,2.48,138.0,100440.0
1990-06-22 20:00:00+00:00,20.15,96.1,0.0,0.0,0.0,371.2,2.0,151.0,100420.0
1990-06-22 21:00:00+00:00,20.14,92.95,84.45,287.57,55.75,368.65,1.59,217.0,100510.0
1990-06-22 22:00:00+00:00,21.29,89.95,163.0,254.27,91.7,377.95,2.48,257.0,100550.0
1990-06-22 23:00:00+00:00,22.03,89.95,269.2,279.26,140.85,391.5,2.34,252.0,100580.0
1990-06-23 00:00:00+00:00,22.71,84.25,334.25,248.9,178.8,379.5,2.41,230.0,100580.0
1990-06-23 01:00:00+00:00,23.35,78.85,488.2,313.22,248.5,390.45,3.66,235.0,100600.0
1990-06-23 02:00:00+00:00,23.83,78.9,599.3,344.85,298.75,391.5,4.07,239.0,100620.0
1990-06-23 03:00:00+00:00,24.29,73.85,656.3,446.48,238.35,390.35,3.45,226.0,100620.0
1990-06-23 04:00:00+00:00,24.91,71.5,625.25,342.11,298.7,391.1,2.76,229.0,100600.0
1990-06-23 05:00:00+00:00,25.12,71.5,519.45,267.99,271.4,399.65,2.14,239.0,100560.0
1990-06-23 06:00:00+00:00,25.46,71.6,653.7,547.08,188.0,398.1,1.86,224.0,100490.0
1990-06-23 07:00:00+00:00,26.96,60.8,499.1,450.06,167.6,386.85,2.55,204.0,100370.0
1990-06-23 08:00:00+00:00,26.71,62.9,295.0,240.93,153.0,391.1,2.83,234.0,100320.0
1990-06-23 09:00:00+00:00,25.81,69.3,175.85,154.4,111.05,390.55,3.38,254.0,100340.0
1990-06-23 10:00:00+00:00,24.87,73.95,59.0,51.03,46.8,387.45,3.31,255.0,100340.0
1990-06-23 11:00:00+00:00,24.01,76.3,2.55,0.0,2.55,385.1,3.24,249.0,100430.0
1990-06-23 12:00:00+00:00,23.47,78.85,0.0,0.0,0.0,395.4,3.17,240.0,100500.0
1990-06-23 13:00:00+00:00,23.31,81.5,0.0,0.0,0.0,400.8,2.83,217.0,100540.0
1990-06-23 14:00:00+00:00,23.26,81.5,0.0,0.0,0.0,401.0,2.9,194.0,100540.0
1990-06-23 15:00:00+00:00,23.14,81.5,0.0,0.0,0.0,396.9,2.97,190.0,100520.0
1990-06-23 16:00:00+00:00,22.95,84.25,0.0,0.0,0.0,389.0,3.03,196.0,100520.0
1990-06-23 17:00:00+00:00,22.51,84.15,0.0,0.0,0.0,370.8,3.1,198.0,100510.0
1990-06-23 18:00:00+00:00,22.41,81.4,0.0,0.0,0.0,384.35,3.1,191.0,100500.0
1990-06-23 19:00:00+00:00,22.06,81.35,0.0,0.0,0.0,364.6,3.1,190.0,100500.0
1990-06-23 20:00:00+00:00,21.81,78.65,0.0,0.0,0.0,365.95,3.1,193.0,100510.0
1990-06-23 21:00:00+00:00,21.75,78.65,85.6,356.28,50.3,369.85,3.03,186.0,100540.0
1990-06-23 22:00:00+00:00,22.45,76.1,208.45,402.59,95.85,375.65,3.1,191.0,100560.0
1990-06-23 23:00:00+00:00,23.6,71.25,361.25,461.42,149.5,374.45,3.24,196.0,100620.0
1990-06-24 00:00:00+00:00,24.63,64.5,509.5,504.19,194.95,380.85,3.52,196.0,100630.0
1990-06-24 01:00:00+00:00,25.7,56.6,614.65,489.51,240.3,385.25,3.86,186.0,100640.0
1990-06-24 02:00:00+00:00,26.73,54.95,670.2,487.86,245.2,386.3,4.34,191.0,100630.0
1990-06-24 03:00:00+00:00,27.19,53.2,784.85,571.72,249.8,389.55,4.41,205.0,100640.0
1990-06-24 04:00:00+00:00,27.73,53.35,753.8,513.22,263.95,395.75,4.41,216.0,100640.0
1990-06-24 05:00:00+00:00,27.82,57.05,737.65,549.59,228.9,398.1,3.93,228.0,100610.0
1990-06-24 06:00:00+00:00,27.81,61.0,701.45,631.83,163.45,393.65,3.93,232.0,100560.0
1990-06-24 07:00:00+00:00,27.82,61.0,559.25,567.76,140.85,388.2,4.55,217.0,100410.0
1990-06-24 08:00:00+00:00,27.58,63.0,387.65,451.58,121.3,387.05,4.69,214.0,100370.0
1990-06-24 09:00:00+00:00,27.02,67.2,212.4,283.1,93.45,386.85,4.34,213.0,100340.0
1990-06-24 10:00:00+00:00,26.19,69.4,70.65,107.91,44.8,381.05,3.79,207.0,100340.0
1990-06-24 11:00:00+00:00,25.18,71.6,3.2,1.66,3.1,378.15,3.93,191.0,100380.0
1990-06-24 12:00:00+00:00,24.12,73.75,0.0,0.0,0.0,369.65,4.34,176.0,100460.0
1990-06-24 13:00:00+00:00,23.18,73.7,0.0,0.0,0.0,363.05,4.9,168.0,100500.0
1990-06-24 14:00:00+00:00,22.34,73.55,0.0,0.0,0.0,355.1,4.97,171.0,100550.0
1990-06-24 15:00:00+00:00,21.76,76.0,0.0,0.0,0.0,351.45,5.03,171.0,100550.0
1990-06-24 16:00:00+00:00,21.46,75.95,0.0,0.0,0.0,359.2,5.38,170.0,100510.0
1990-06-24 17:00:00+00:00,21.0,78.5,0.0,0.0,0.0,348.55,5.31,172.0,100490.0
1990-06-24 18:00:00+00:00,20.62,78.5,0.0,0.0,0.0,347.4,5.1,173.0,100480.0
1990-06-24 19:00:00+00:00,20.14,81.15,0.0,0.0,0.0,345.45,4.76,177.0,100450.0
1990-06-24 20:00:00+00:00,19.86,81.15,0.0,0.0,0.0,343.5,4.62,174.0,100450.0
1990-06-24 21:00:00+00:00,19.82,81.15,98.05,402.94,58.45,344.1,4.55,171.0,100450.0
1990-06-24 22:00:00+00:00,20.55,81.15,251.7,532.47,103.2,354.55,4.9,171.0,100470.0
1990-06-24 23:00:00+00:00,21.52,75.95,432.9,632.2,143.25,347.75,5.1,176.0,100480.0
1990-06-25 00:00:00+00:00,22.72,71.15,599.2,691.15,168.5,351.45,4.76,180.0,100480.0
1990-06-25 01:00:00+00:00,23.89,66.65,712.75,657.72,210.15,358.7,4.69,190.0,100510.0
1990-06-25 02:00:00+00:00,24.92,64.6,800.45,619.95,260.65,363.45,4.83,203.0,100550.0
1990-06-25 03:00:00+00:00,25.65,62.55,808.3,556.01,288.1,377.4,4.83,210.0,100550.0
1990-06-25 04:00:00+00:00,26.04,60.6,757.95,468.37,310.95,379.7,4.69,210.0,100480.0
1990-06-25 05:00:00+00:00,26.26,58.7,668.6,388.07,309.35,383.55,4.69,215.0,100400.0
1990-06-25 06:00:00+00:00,26.47,60.7,511.0,237.47,308.75,391.1,4.83,220.0,100320.0
1990-06-25 07:00:00+00:00,25.83,60.6,407.05,232.83,235.4,394.0,4.34,237.0,100310.0
1990-06-25 08:00:00+00:00,25.35,64.7,276.65,197.22,160.25,391.9,4.21,242.0,100270.0
1990-06-25 09:00:00+00:00,24.84,69.15,181.3,165.25,111.8,392.85,3.72,240.0,100210.0
1990-06-25 10:00:00+00:00,24.39,71.4,66.25,86.89,45.4,377.75,3.03,249.0,100160.0
1990-06-25 11:00:00+00:00,23.58,78.85,2.9,0.82,2.85,371.75,3.45,268.0,100180.0
1990-06-25 12:00:00+00:00,22.73,81.45,0.0,0.0,0.0,373.3,3.45,266.0,100260.0
1990-06-25 13:00:00+00:00,22.2,84.15,0.0,0.0,0.0,366.35,3.03,260.0,100320.0
1990-06-25 14:00:00+00:00,21.88,87.0,0.0,0.0,0.0,366.35,2.97,254.0,100340.0
1990-06-25 15:00:00+00:00,21.63,87.0,0.0,0.0,0.0,365.0,3.03,238.0,100330.0
1990-06-25 16:00:00+00:00,21.43,89.95,0.0,0.0,0.0,365.55,2.76,223.0,100270.0
1990-06-25 17:00:00+00:00,21.11,92.95,0.0,0.0,0.0,357.85,2.83,227.0,100270.0
1990-06-25 18:00:00+00:00,20.89,89.9,0.0,0.0,0.0,359.0,2.76,233.0,100270.0
1990-06-25 19:00:00+00:00,20.6,92.95,0.0,0.0,0.0,365.0,3.24,215.0,100210.0
1990-06-25 20:00:00+00:00,20.53,92.95,0.0,0.0,0.0,365.4,3.52,215.0,100170.0
1990-06-25 21:00:00+00:00,20.52,89.85,76.85,132.44,63.95,362.85,3.66,215.0,100170.0
1990-06-25 22:00:00+00:00,21.1,86.9,208.8,320.47,119.7,370.8,3.79,211.0,100160.0
1990-06-25 23:00:00+00:00,21.85,78.65,385.6,476.11,167.85,368.65,4.21,210.0,100160.0
1990-06-26 00:00:00+00:00,22.72,73.6,507.85,479.83,209.2,365.2,4.83,212.0,100200.0
1990-06-26 01:00:00+00:00,23.52,71.25,569.05,377.2,281.05,369.35,5.24,215.0,100210.0
1990-06-26 02:00:00+00:00,24.01,68.95,750.95,561.1,262.65,380.3,4.9,218.0,100170.0
1990-06-26 03:00:00+00:00,24.72,64.6,823.5,657.33,208.7,373.7,4.62,223.0,100160.0
1990-06-26 04:00:00+00:00,25.26,62.55,860.6,701.82,190.9,387.25,4.48,227.0,100120.0
1990-06-26 05:00:00+00:00,25.51,64.7,830.9,719.67,164.65,383.55,4.55,231.0,100040.0
1990-06-26 06:00:00+00:00,25.78,62.65,577.3,413.81,224.8,370.6,4.97,235.0,99980.0
1990-06-26 07:00:00+00:00,24.93,66.85,522.35,512.68,144.25,388.0,5.45,236.0,99960.0
1990-06-26 08:00:00+00:00,24.67,66.85,332.7,366.88,116.05,377.95,5.59,236.0,99910.0
1990-06-26 09:00:00+00:00,24.19,69.05,211.95,284.02,92.4,381.05,5.38,233.0,99870.0
1990-06-26 10:00:00+00:00,23.6,73.7,67.35,95.31,44.45,365.75,4.9,227.0,99830.0
1990-06-26 11:00:00+00:00,22.93,78.75,3.15,1.64,3.05,363.05,4.69,224.0,99860.0
1990-06-26 12:00:00+00:00,22.38,81.4,0.0,0.0,0.0,360.35,4.83,221.0,99910.0
1990-06-26 13:00:00+00:00,22.17,84.15,0.0,0.0,0.0,361.7,4.55,213.0,99940.0
1990-06-26 14:00:00+00:00,22.02,87.0,0.0,0.0,0.0,362.85,4.69,203.0,99950.0
1990-06-26 15:00:00+00:00,21.99,89.95,0.0,0.0,0.0,365.2,5.31,199.0,99930.0
1990-06-26 16:00:00+00:00,22.0,89.95,0.0,0.0,0.0,367.5,5.59,197.0,99910.0
1990-06-26 17:00:00+00:00,21.99,89.95,0.0,0.0,0.0,369.05,5.72,198.0,99880.0
1990-06-26 18:00:00+00:00,21.96,87.0,0.0,0.0,0.0,366.75,6.07,200.0,99880.0
1990-06-26 19:00:00+00:00,21.53,89.95,0.0,0.0,0.0,360.95,6.07,207.0,99920.0
1990-06-26 20:00:00+00:00,21.48,89.95,0.0,0.0,0.0,365.95,5.93,208.0,99900.0
1990-06-26 21:00:00+00:00,21.56,89.95,95.25,417.32,55.0,362.65,5.45,210.0,99910.0
1990-06-26 22:00:00+00:00,22.29,84.15,249.3,560.1,94.1,359.2,5.17,211.0,99930.0
1990-06-26 23:00:00+00:00,23.38,81.5,424.45,663.0,121.8,363.65,5.72,216.0,99960.0
1990-06-27 00:00:00+00:00,24.49,76.35,589.8,717.75,143.65,369.45,5.52,220.0,100020.0
1990-06-27 01:00:00+00:00,25.41,74.0,714.85,721.63,164.35,376.7,4.76,225.0,100050.0
1990-06-27 02:00:00+00:00,26.15,71.65,808.6,728.32,175.15,383.4,3.72,229.0,100060.0
1990-06-27 03:00:00+00:00,26.79,69.5,862.65,729.98,180.15,389.2,2.83,231.0,100080.0
1990-06-27 04:00:00+00:00,27.35,67.3,851.2,703.1,180.4,394.0,2.28,231.0,100050.0
1990-06-27 05:00:00+00:00,27.55,69.6,794.65,670.27,174.15,393.45,1.79,227.0,100010.0
1990-06-27 06:00:00+00:00,27.67,69.6,706.0,643.11,158.1,395.0,1.03,223.0,100010.0
1990-06-27 07:00:00+00:00,28.08,59.0,537.6,516.2,156.8,386.85,0.34,64.0,100050.0
1990-06-27 08:00:00+00:00,27.95,59.0,376.7,420.3,128.4,392.3,0.41,9.0,100030.0
1990-06-27 09:00:00+00:00,27.59,60.9,212.7,300.34,86.2,388.8,1.03,6.0,100030.0
1990-06-27 10:00:00+00:00,27.07,65.0,69.85,119.53,41.1,381.25,1.38,21.0,100050.0
1990-06-27 11:00:00+00:00,26.46,64.95,3.05,1.64,2.95,385.1,2.21,35.0,100130.0
1990-06-27 12:00:00+00:00,25.67,64.8,0.0,0.0,0.0,378.55,3.24,46.0,100220.0
1990-06-27 13:00:00+00:00,25.07,64.6,0.0,0.0,0.0,377.75,3.86,53.0,100340.0
1990-06-27 14:00:00+00:00,24.39,66.75,0.0,0.0,0.0,376.2,4.0,62.0,100360.0
1990-06-27 15:00:00+00:00,23.8,68.95,0.0,0.0,0.0,377.0,4.0,67.0,100400.0
1990-06-27 16:00:00+00:00,23.15,71.25,0.0,0.0,0.0,366.75,4.14,68.0,100410.0
1990-06-27 17:00:00+00:00,22.73,71.15,0.0,0.0,0.0,367.9,4.21,66.0,100400.0
1990-06-27 18:00:00+00:00,22.38,73.55,0.0,0.0,0.0,369.05,4.14,63.0,100420.0
1990-06-27 19:00:00+00:00,21.95,73.45,0.0,0.0,0.0,356.5,3.86,71.0,100470.0
1990-06-27 20:00:00+00:00,21.62,73.45,0.0,0.0,0.0,354.75,3.86,71.0,100480.0
1990-06-27 21:00:00+00:00,21.48,75.95,95.2,406.09,56.45,354.75,3.59,72.0,100510.0
1990-06-27 22:00:00+00:00,22.07,73.45,248.6,547.26,97.5,352.8,2.97,78.0,100540.0
1990-06-27 23:00:00+00:00,23.52,66.55,416.05,606.71,139.65,352.6,3.17,75.0,100570.0
1990-06-28 00:00:00+00:00,25.15,56.35,539.6,569.48,186.1,358.6,3.93,67.0,100600.0
1990-06-28 01:00:00+00:00,26.39,44.55,709.55,682.34,189.5,360.05,4.0,66.0,100580.0
1990-06-28 02:00:00+00:00,27.45,38.95,816.1,694.55,212.4,360.75,3.31,69.0,100570.0
1990-06-28 03:00:00+00:00,28.32,36.6,886.75,742.52,192.8,364.6,3.03,69.0,100570.0
1990-06-28 04:00:00+00:00,29.1,35.45,868.7,695.81,205.0,369.65,3.31,68.0,100500.0
1990-06-28 05:00:00+00:00,29.71,33.3,776.0,591.83,228.15,370.4,3.17,68.0,100450.0
1990-06-28 06:00:00+00:00,30.01,33.3,702.1,600.63,190.35,377.0,2.62,73.0,100400.0
1990-06-28 07:00:00+00:00,29.89,34.5,519.55,437.55,196.7,375.25,2.41,66.0,100360.0
1990-06-28 08:00:00+00:00,29.84,34.5,375.4,388.17,146.0,381.25,2.28,59.0,100290.0
1990-06-28 09:00:00+00:00,29.6,38.15,211.0,264.71,99.45,382.0,1.72,43.0,100280.0
1990-06-28 10:00:00+00:00,28.65,46.65,69.35,76.66,50.9,381.45,1.03,50.0,100280.0
1990-06-28 11:00:00+00:00,27.13,54.95,3.3,0.82,3.25,382.2,0.76,131.0,100290.0
1990-06-28 12:00:00+00:00,25.24,62.55,0.0,0.0,0.0,381.05,1.59,168.0,100340.0
1990-06-28 13:00:00+00:00,24.24,69.05,0.0,0.0,0.0,375.85,2.48,181.0,100430.0
1990-06-28 14:00:00+00:00,23.61,76.2,0.0,0.0,0.0,370.2,3.1,193.0,100430.0
1990-06-28 15:00:00+00:00,23.17,73.7,0.0,0.0,0.0,367.9,2.83,186.0,100450.0
1990-06-28 16:00:00+00:00,22.74,73.6,0.0,0.0,0.0,367.3,2.21,157.0,100410.0
1990-06-28 17:00:00+00:00,22.54,73.55,0.0,0.0,0.0,375.05,2.55,131.0,100380.0
1990-06-28 18:00:00+00:00,22.68,68.75,0.0,0.0,0.0,387.65,3.24,129.0,100330.0
1990-06-28 19:00:00+00:00,23.02,64.2,0.0,0.0,0.0,383.55,4.0,142.0,100310.0
1990-06-28 20:00:00+00:00,23.16,62.15,0.0,0.0,0.0,392.1,4.14,138.0,100320.0
1990-06-28 21:00:00+00:00,23.14,64.2,54.6,16.43,53.05,392.85,4.21,137.0,100300.0
1990-06-28 22:00:00+00:00,23.24,66.55,117.05,23.81,110.5,383.75,4.41,140.0,100320.0
1990-06-28 23:00:00+00:00,23.64,66.55,137.7,18.59,129.25,387.65,4.69,139.0,100340.0
1990-06-29 00:00:00+00:00,23.92,66.65,217.55,15.49,207.95,396.75,4.76,137.0,100330.0
1990-06-29 01:00:00+00:00,24.46,69.05,253.75,18.45,239.7,396.45,5.24,134.0,100320.0
1990-06-29 02:00:00+00:00,24.9,66.85,321.1,46.63,280.6,403.5,5.79,131.0,100290.0
1990-06-29 03:00:00+00:00,25.44,66.95,261.45,14.88,247.55,405.45,6.41,133.0,100240.0
1990-06-29 04:00:00+00:00,25.4,69.25,193.2,0.37,192.85,413.4,6.41,138.0,100200.0
1990-06-29 05:00:00+00:00,24.86,71.5,101.95,0.0,101.95,414.9,6.21,143.0,100170.0
1990-06-29 06:00:00+00:00,23.59,84.25,126.4,4.34,122.7,414.35,6.83,137.0,100140.0
1990-06-29 07:00:00+00:00,22.26,87.05,39.2,0.0,39.2,405.25,7.79,119.0,100000.0
1990-06-29 08:00:00+00:00,21.62,87.0,32.9,0.0,32.9,412.0,8.14,114.0,99950.0
1990-06-29 09:00:00+00:00,21.35,89.95,18.6,0.0,18.6,409.1,7.17,107.0,99870.0
1990-06-29 10:00:00+00:00,21.23,89.95,8.1,0.0,8.1,408.75,6.21,106.0,99860.0
1990-06-29 11:00:00+00:00,21.18,89.95,0.25,0.0,0.25,407.75,5.79,98.0,99850.0
1990-06-29 12:00:00+00:00,21.16,89.95,0.0,0.0,0.0,409.3,6.14,80.0,99780.0
1990-06-29 13:00:00+00:00,21.19,93.0,0.0,0.0,0.0,412.0,6.97,65.0,99730.0
1990-06-29 14:00:00+00:00,21.15,93.0,0.0,0.0,0.0,408.9,7.24,54.0,99540.0
1990-06-29 15:00:00+00:00,21.08,92.95,0.0,0.0,0.0,409.7,6.55,47.0,99430.0
1990-06-29 16:00:00+00:00,20.93,92.95,0.0,0.0,0.0,413.4,4.48,36.0,99350.0
1990-06-29 17:00:00+00:00,20.64,92.95,0.0,0.0,0.0,416.1,2.34,346.0,99300.0
1990-06-29 18:00:00+00:00,20.42,96.1,0.0,0.0,0.0,414.55,3.79,313.0,99310.0
1990-06-29 19:00:00+00:00,19.81,89.85,0.0,0.0,0.0,410.45,4.48,326.0,99430.0
1990-06-29 20:00:00+00:00,19.85,86.85,0.0,0.0,0.0,406.8,4.41,317.0,99550.0
1990-06-29 21:00:00+00:00,19.77,83.95,50.8,68.17,44.45,402.75,4.34,306.0,99580.0
1990-06-29 22:00:00+00:00,19.9,83.95,124.8,118.46,92.35,385.5,4.97,297.0,99680.0
1990-06-29 23:00:00+00:00,20.31,83.95,278.1,266.11,157.4,391.5,6.0,292.0,99760.0
1990-06-30 00:00:00+00:00,21.06,81.2,430.55,404.27,180.35,387.85,7.24,301.0,99800.0
1990-06-30 01:00:00+00:00,21.86,73.45,489.9,346.5,226.35,393.55,7.45,311.0,99880.0
1990-06-30 02:00:00+00:00,22.25,71.05,522.2,260.43,296.15,400.6,6.76,316.0,99900.0
1990-06-30 03:00:00+00:00,22.56,73.55,520.7,209.91,324.7,407.4,6.34,321.0,99960.0
1990-06-30 04:00:00+00:00,22.75,71.15,452.3,166.63,293.45,408.9,5.86,326.0,99990.0
1990-06-30 05:00:00+00:00,22.62,73.55,488.3,218.97,285.65,408.75,5.52,334.0,99990.0
1990-06-30 06:00:00+00:00,22.88,71.15,349.8,122.89,245.1,412.0,5.45,341.0,100040.0
1990-06-30 07:00:00+00:00,23.89,68.95,292.2,124.87,200.05,404.45,4.14,1.0,99980.0
1990-06-30 08:00:00+00:00,24.11,66.65,245.5,164.58,148.2,397.5,3.45,360.0,99990.0
1990-06-30 09:00:00+00:00,24.1,66.65,151.35,145.99,89.8,400.6,2.69,353.0,99970.0
1990-06-30 10:00:00+00:00,23.82,68.95,63.2,88.88,41.8,386.85,1.79,343.0,100030.0
1990-06-30 11:00:00+00:00,23.26,71.25,2.85,1.64,2.75,377.4,1.59,331.0,100060.0
1990-06-30 12:00:00+00:00,22.22,78.7,0.0,0.0,0.0,378.95,1.59,280.0,100110.0
1990-06-30 13:00:00+00:00,21.29,81.3,0.0,0.0,0.0,368.5,2.21,257.0,100150.0
1990-06-30 14:00:00+00:00,20.81,84.05,0.0,0.0,0.0,361.5,2.76,250.0,100120.0
1990-06-30 15:00:00+00:00,20.61,84.05,0.0,0.0,0.0,357.25,3.17,253.0,100120.0
1990-06-30 16:00:00+00:00,18.56,89.05,0.0,0.0,0.0,344.84,1.91,269.0,100080.0
1990-06-30 17:00:00+00:00,19.18,88.04,0.0,0.0,0.0,351.17,2.04,288.0,100030.0
1990-06-30 18:00:00+00:00,19.8,87.02,0.0,0.0,0.0,357.49,2.16,309.0,100000.0
1990-06-30 19:00:00+00:00,20.41,86.0,0.0,0.0,0.0,363.82,2.28,259.0,100030.0
1990-06-30 20:00:00+00:00,21.03,84.98,0.0,0.0,0.0,370.14,2.4,259.0,100030.0
1990-06-30 21:00:00+00:00,21.65,83.96,75.95,148.5,62.3,376.47,2.52,241.0,100060.0
1990-06-30 22:00:00+00:00,22.27,82.94,202.2,272.41,127.9,382.8,2.64,241.0,100100.0
1990-06-30 23:00:00+00:00,22.89,81.92,336.2,370.73,168.45,389.12,2.77,264.0,100140.0
1990-07-01 00:00:00+00:00,23.51,80.9,453.05,322.46,253.8,395.45,2.89,179.0,100200.0
1990-07-01 01:00:00+00:00,24.13,79.88,576.4,375.37,291.2,401.77,3.01,189.0,100180.0
1990-07-01 02:00:00+00:00,24.75,78.87,596.75,259.12,372.0,408.1,3.13,199.0,100180.0
1990-07-01 03:00:00+00:00,25.37,77.85,515.7,181.78,346.05,414.42,3.25,206.0,100170.0
1990-07-01 04:00:00+00:00,25.99,76.83,503.45,177.65,334.15,420.75,3.38,213.0,100150.0
1990-07-01 05:00:00+00:00,26.61,75.81,465.85,195.51,284.95,427.08,3.5,212.0,100110.0
1990-07-01 06:00:00+00:00,27.22,74.79,368.15,124.95,261.7,433.4,3.62,209.0,100060.0
1990-07-01 07:00:00+00:00,27.84,73.77,215.1,33.13,190.65,439.73,3.74,205.0,99980.0
1990-07-01 08:00:00+00:00,26.45,79.2,126.5,1.18,125.8,427.9,2.9,214.0,99940.0
1990-07-01 09:00:00+00:00,26.0,79.2,60.8,0.47,60.6,423.85,2.9,221.0,99930.0
1990-07-01 10:00:00+00:00,25.33,84.45,24.65,1.04,24.4,423.05,3.03,212.0,99880.0
1990-07-01 11:00:00+00:00,24.83,87.25,1.0,0.0,1.0,423.25,3.24,199.0,99900.0
1990-07-01 12:00:00+00:00,24.38,87.2,0.0,0.0,0.0,420.35,3.38,195.0,99940.0
1990-07-01 13:00:00+00:00,24.0,87.2,0.0,0.0,0.0,418.8,3.52,184.0,99960.0
1990-07-01 14:00:00+00:00,23.52,90.1,0.0,0.0,0.0,420.55,3.45,173.0,99930.0
1990-07-01 15:00:00+00:00,23.37,93.05,0.0,0.0,0.0,419.75,3.38,172.0,99900.0
1990-07-01 16:00:00+00:00,23.14,93.05,0.0,0.0,0.0,418.0,2.97,191.0,99880.0
1990-07-01 17:00:00+00:00,22.93,93.05,0.0,0.0,0.0,421.7,2.69,207.0,99860.0
1990-07-01 18:00:00+00:00,22.72,93.05,0.0,0.0,0.0,424.4,2.55,212.0,99860.0
1990-07-01 19:00:00+00:00,22.37,96.15,0.0,0.0,0.0,414.75,3.24,204.0,99840.0
1990-07-01 20:00:00+00:00,22.37,96.15,0.0,0.0,0.0,418.6,3.38,195.0,99810.0
1990-07-01 21:00:00+00:00,22.45,96.15,11.1,1.1,11.0,419.4,3.52,198.0,99800.0
1990-07-01 22:00:00+00:00,22.47,93.05,42.7,0.0,42.7,418.4,3.17,208.0,99880.0
1990-07-01 23:00:00+00:00,22.55,93.05,87.95,1.99,87.05,420.75,2.41,216.0,99910.0
1990-07-02 00:00:00+00:00,22.82,93.05,131.25,2.67,129.6,423.45,2.07,220.0,99900.0
1990-07-02 01:00:00+00:00,23.35,90.05,116.35,0.0,116.35,428.95,1.93,239.0,99880.0
1990-07-02 02:00:00+00:00,23.68,87.15,178.1,1.79,176.55,432.75,1.93,256.0,99870.0
1990-07-02 03:00:00+00:00,24.02,87.2,161.25,7.72,154.05,430.8,2.0,254.0,99890.0
1990-07-02 04:00:00+00:00,24.04,87.2,172.1,12.91,159.8,434.1,1.93,232.0,99850.0
1990-07-02 05:00:00+00:00,24.18,87.2,195.75,65.62,135.05,428.65,1.66,227.0,99810.0
1990-07-02 06:00:00+00:00,24.88,84.4,176.35,2.7,174.05,427.3,2.0,223.0,99790.0
1990-07-02 07:00:00+00:00,24.52,84.4,38.8,0.0,38.8,431.0,2.55,219.0,99720.0
1990-07-02 08:00:00+00:00,24.21,87.2,109.8,14.38,101.3,432.55,2.21,225.0,99700.0
1990-07-02 09:00:00+00:00,24.11,87.2,61.0,2.02,60.15,423.85,2.14,228.0,99670.0
1990-07-02 10:00:00+00:00,23.73,90.1,32.5,0.0,32.5,415.5,2.07,232.0,99710.0
1990-07-02 11:00:00+00:00,23.38,93.05,1.55,0.0,1.55,409.5,1.93,239.0,99770.0
1990-07-02 12:00:00+00:00,22.95,96.15,0.0,0.0,0.0,404.85,1.72,235.0,99810.0
1990-07-02 13:00:00+00:00,22.64,93.05,0.0,0.0,0.0,401.55,1.79,215.0,99860.0
1990-07-02 14:00:00+00:00,22.49,93.05,0.0,0.0,0.0,402.95,2.14,193.0,99810.0
1990-07-02 15:00:00+00:00,22.31,96.15,0.0,0.0,0.0,397.7,1.79,192.0,99770.0
1990-07-02 16:00:00+00:00,21.96,99.4,0.0,0.0,0.0,394.6,0.76,268.0,99750.0
1990-07-02 17:00:00+00:00,21.62,96.15,0.0,0.0,0.0,396.35,2.34,333.0,99720.0
1990-07-02 18:00:00+00:00,21.74,99.4,0.0,0.0,0.0,412.6,1.93,352.0,99690.0
1990-07-02 19:00:00+00:00,21.27,99.4,0.0,0.0,0.0,386.65,0.69,348.0,99670.0
1990-07-02 20:00:00+00:00,21.24,99.4,0.0,0.0,0.0,393.85,0.62,97.0,99670.0
1990-07-02 21:00:00+00:00,20.6,99.4,55.9,24.09,53.75,393.85,0.9,75.0,99730.0
1990-07-02 22:00:00+00:00,21.09,99.4,165.2,148.4,125.1,393.25,1.79,34.0,99780.0
1990-07-02 23:00:00+00:00,21.5,93.0,356.4,417.62,168.4,383.75,3.31,22.0,99820.0
1990-07-03 00:00:00+00:00,22.57,78.75,573.6,658.91,167.85,369.45,4.62,24.0,99860.0
1990-07-03 01:00:00+00:00,23.62,68.95,713.5,689.57,190.8,358.9,5.38,28.0,99850.0
1990-07-03 02:00:00+00:00,24.61,64.6,785.25,630.71,239.1,357.65,5.38,24.0,99810.0
1990-07-03 03:00:00+00:00,25.42,64.7,863.5,678.19,231.3,365.55,5.45,18.0,99790.0
1990-07-03 04:00:00+00:00,26.26,60.7,866.9,683.11,216.4,375.85,5.45,15.0,99770.0
1990-07-03 05:00:00+00:00,27.04,55.05,767.5,573.38,237.25,376.6,5.24,14.0,99730.0
1990-07-03 06:00:00+00:00,27.61,53.2,658.95,501.03,232.25,380.85,5.03,15.0,99710.0
1990-07-03 07:00:00+00:00,27.98,55.05,531.75,470.45,184.65,381.85,4.69,11.0,99640.0
1990-07-03 08:00:00+00:00,28.15,51.55,390.85,456.32,121.15,379.7,4.55,12.0,99640.0
1990-07-03 09:00:00+00:00,27.98,56.95,219.1,311.51,87.85,375.05,3.72,16.0,99640.0
1990-07-03 10:00:00+00:00,27.26,56.95,73.25,122.99,43.7,374.3,3.03,16.0,99680.0
1990-07-03 11:00:00+00:00,26.04,62.8,3.2,2.49,3.05,369.45,2.28,6.0,99720.0
1990-07-03 12:00:00+00:00,24.39,71.4,0.0,0.0,0.0,365.4,2.14,352.0,99770.0
1990-07-03 13:00:00+00:00,22.95,78.75,0.0,0.0,0.0,362.3,2.28,348.0,99820.0
1990-07-03 14:00:00+00:00,21.97,81.4,0.0,0.0,0.0,359.55,2.34,349.0,99860.0
1990-07-03 15:00:00+00:00,21.13,84.05,0.0,0.0,0.0,358.0,2.21,346.0,99870.0
1990-07-03 16:00:00+00:00,20.61,86.9,0.0,0.0,0.0,356.1,2.0,331.0,99890.0
1990-07-03 17:00:00+00:00,20.04,86.85,0.0,0.0,0.0,354.55,2.21,319.0,99890.0
1990-07-03 18:00:00+00:00,20.15,86.85,0.0,0.0,0.0,353.55,2.69,318.0,99910.0
1990-07-03 19:00:00+00:00,20.31,78.45,0.0,0.0,0.0,350.3,3.17,328.0,99910.0
1990-07-03 20:00:00+00:00,20.19,75.75,0.0,0.0,0.0,348.95,3.1,340.0,99950.0
1990-07-03 21:00:00+00:00,20.01,75.75,92.8,471.0,51.45,348.15,2.9,344.0,99990.0
1990-07-03 22:00:00+00:00,20.83,75.85,246.3,570.2,93.0,347.75,2.55,350.0,100070.0
1990-07-03 23:00:00+00:00,22.63,68.75,423.75,671.24,122.4,349.9,2.28,5.0,100080.0
1990-07-04 00:00:00+00:00,24.11,62.35,595.25,733.98,144.1,352.8,2.34,18.0,100080.0
1990-07-04 01:00:00+00:00,25.51,56.6,740.1,766.58,159.75,356.4,2.34,23.0,100090.0
1990-07-04 02:00:00+00:00,26.62,54.95,844.45,779.96,169.65,359.95,2.14,22.0,100070.0
1990-07-04 03:00:00+00:00,27.6,55.05,899.8,779.42,173.7,362.65,1.93,19.0,100060.0
1990-07-04 04:00:00+00:00,28.29,53.35,898.2,763.38,171.6,365.0,1.52,9.0,100030.0
1990-07-04 05:00:00+00:00,28.69,53.45,835.8,724.46,166.05,366.95,1.17,334.0,100020.0
1990-07-04 06:00:00+00:00,28.87,55.3,730.6,677.28,153.95,369.45,1.45,294.0,99990.0
1990-07-04 07:00:00+00:00,28.86,55.3,576.55,592.92,139.2,371.4,1.38,245.0,99940.0
1990-07-04 08:00:00+00:00,28.59,55.3,403.95,487.01,116.2,373.5,2.28,222.0,99940.0
1990-07-04 09:00:00+00:00,27.72,63.0,225.1,329.73,86.25,373.3,3.17,217.0,99920.0
1990-07-04 10:00:00+00:00,26.35,67.15,75.35,133.37,43.35,371.95,3.38,219.0,99940.0
1990-07-04 11:00:00+00:00,24.97,71.5,3.25,2.51,3.1,368.1,3.72,226.0,99970.0
1990-07-04 12:00:00+00:00,24.0,69.05,0.0,0.0,0.0,362.65,3.93,228.0,100010.0
1990-07-04 13:00:00+00:00,23.5,68.95,0.0,0.0,0.0,358.6,4.0,222.0,100080.0
1990-07-04 14:00:00+00:00,23.11,71.25,0.0,0.0,0.0,356.3,4.07,214.0,100060.0
1990-07-04 15:00:00+00:00,22.86,73.6,0.0,0.0,0.0,356.85,4.21,205.0,100040.0
1990-07-04 16:00:00+00:00,22.74,76.15,0.0,0.0,0.0,360.55,4.34,198.0,99980.0
1990-07-04 17:00:00+00:00,22.73,76.15,0.0,0.0,0.0,362.5,4.41,196.0,99930.0
1990-07-04 18:00:00+00:00,22.71,76.15,0.0,0.0,0.0,365.2,4.55,198.0,99920.0
1990-07-04 19:00:00+00:00,22.8,76.15,0.0,0.0,0.0,363.65,4.62,198.0,99900.0
1990-07-04 20:00:00+00:00,22.68,78.75,0.0,0.0,0.0,363.85,4.69,198.0,99890.0
1990-07-04 21:00:00+00:00,22.67,78.75,81.4,224.84,62.0,365.95,4.76,196.0,99870.0
1990-07-04 22:00:00+00:00,23.26,78.85,214.45,337.27,124.25,375.25,4.9,196.0,99860.0
1990-07-04 23:00:00+00:00,24.21,76.35,401.4,578.89,142.25,380.85,5.1,199.0,99870.0
1990-07-05 00:00:00+00:00,25.22,74.0,537.75,541.8,205.35,378.55,5.59,206.0,99870.0
1990-07-05 01:00:00+00:00,25.84,71.65,655.4,541.14,246.25,386.95,5.86,210.0,99880.0
1990-07-05 02:00:00+00:00,26.26,69.4,733.8,518.59,285.55,393.25,6.07,210.0,99820.0
1990-07-05 03:00:00+00:00,26.76,67.2,782.25,540.35,279.2,396.95,6.14,212.0,99800.0
1990-07-05 04:00:00+00:00,26.97,67.2,793.2,525.72,293.05,399.25,6.21,214.0,99780.0
1990-07-05 05:00:00+00:00,27.09,63.0,710.55,509.29,239.9,395.55,6.41,217.0,99760.0
1990-07-05 06:00:00+00:00,26.93,65.0,399.05,262.94,175.25,396.15,6.34,219.0,99720.0
1990-07-05 07:00:00+00:00,26.21,71.75,326.75,194.0,183.7,399.65,3.66,190.0,99750.0
1990-07-05 08:00:00+00:00,26.21,71.75,205.2,118.86,135.0,398.85,3.79,193.0,99700.0
1990-07-05 09:00:00+00:00,25.91,74.1,138.3,99.81,96.3,407.95,4.21,198.0,99630.0
1990-07-05 10:00:00+00:00,25.59,71.65,34.9,15.45,31.2,399.45,4.69,210.0,99610.0
1990-07-05 11:00:00+00:00,25.01,74.0,0.7,0.0,0.7,407.55,4.9,206.0,99630.0
1990-07-05 12:00:00+00:00,24.82,76.45,0.0,0.0,0.0,415.9,5.59,203.0,99630.0
1990-07-05 13:00:00+00:00,24.86,73.95,0.0,0.0,0.0,413.4,6.21,201.0,99670.0
1990-07-05 14:00:00+00:00,24.74,73.95,0.0,0.0,0.0,406.4,5.72,199.0,99630.0
1990-07-05 15:00:00+00:00,24.55,73.95,0.0,0.0,0.0,404.3,6.07,202.0,99630.0
1990-07-05 16:00:00+00:00,24.14,76.35,0.0,0.0,0.0,381.05,5.79,199.0,99620.0
1990-07-05 17:00:00+00:00,23.89,76.3,0.0,0.0,0.0,376.4,5.52,191.0,99580.0
1990-07-05 18:00:00+00:00,23.77,76.3,0.0,0.0,0.0,379.3,5.59,191.0,99570.0
1990-07-05 19:00:00+00:00,23.66,76.3,0.0,0.0,0.0,374.45,5.66,200.0,99560.0
1990-07-05 20:00:00+00:00,23.31,78.85,0.0,0.0,0.0,374.3,5.93,204.0,99580.0
1990-07-05 21:00:00+00:00,22.97,78.85,86.05,356.5,55.85,372.75,5.66,206.0,99570.0
1990-07-05 22:00:00+00:00,23.14,81.5,222.35,412.63,112.6,368.3,5.45,206.0,99590.0
1990-07-05 23:00:00+00:00,23.76,78.9,335.05,337.41,184.45,370.4,5.72,203.0,99600.0
1990-07-06 00:00:00+00:00,24.46,76.35,432.3,257.96,274.35,379.3,6.21,204.0,99590.0
1990-07-06 01:00:00+00:00,25.04,71.6,495.4,211.57,335.65,386.8,6.34,204.0,99610.0
1990-07-06 02:00:00+00:00,25.42,71.6,606.0,277.69,366.2,392.85,6.62,205.0,99590.0
1990-07-06 03:00:00+00:00,25.87,69.3,664.6,331.93,355.8,392.1,6.97,208.0,99600.0
1990-07-06 04:00:00+00:00,26.22,67.15,752.1,446.18,327.85,393.25,6.97,213.0,99600.0
1990-07-06 05:00:00+00:00,26.5,67.15,806.6,668.59,189.0,387.85,6.97,219.0,99570.0
1990-07-06 06:00:00+00:00,26.57,65.0,681.0,574.15,192.5,378.55,6.97,221.0,99530.0
1990-07-06 07:00:00+00:00,26.43,69.4,542.4,516.69,161.55,383.55,7.38,224.0,99460.0
1990-07-06 08:00:00+00:00,25.9,69.3,388.85,453.68,121.05,390.15,6.76,227.0,99470.0
1990-07-06 09:00:00+00:00,25.34,71.6,183.75,203.73,98.1,378.95,6.14,228.0,99470.0
1990-07-06 10:00:00+00:00,24.51,71.5,61.05,54.39,48.05,376.4,5.79,223.0,99470.0
1990-07-06 11:00:00+00:00,23.93,76.3,2.4,0.0,2.4,377.4,6.07,214.0,99490.0
1990-07-06 12:00:00+00:00,23.71,76.3,0.0,0.0,0.0,380.1,6.07,203.0,99520.0
1990-07-06 13:00:00+00:00,23.65,76.3,0.0,0.0,0.0,381.45,5.79,199.0,99560.0
1990-07-06 14:00:00+00:00,23.35,76.2,0.0,0.0,0.0,379.5,5.03,203.0,99560.0
1990-07-06 15:00:00+00:00,23.03,76.2,0.0,0.0,0.0,382.0,4.76,202.0,99580.0
1990-07-06 16:00:00+00:00,22.71,78.75,0.0,0.0,0.0,381.25,5.03,192.0,99520.0
1990-07-06 17:00:00+00:00,22.53,76.15,0.0,0.0,0.0,381.45,5.38,186.0,99490.0
1990-07-06 18:00:00+00:00,22.44,78.7,0.0,0.0,0.0,384.95,5.17,189.0,99490.0
1990-07-06 19:00:00+00:00,22.64,76.15,0.0,0.0,0.0,389.95,4.83,196.0,99490.0
1990-07-06 20:00:00+00:00,22.52,76.15,0.0,0.0,0.0,390.35,4.76,195.0,99510.0
1990-07-06 21:00:00+00:00,22.44,78.7,33.15,1.81,33.0,393.05,4.83,192.0,99520.0
1990-07-06 22:00:00+00:00,22.45,78.7,101.4,49.54,88.3,390.75,4.55,189.0,99500.0
1990-07-06 23:00:00+00:00,22.88,76.15,133.65,35.62,117.8,393.25,3.93,188.0,99520.0
1990-07-07 00:00:00+00:00,23.38,73.7,124.55,8.51,119.35,393.05,3.17,186.0,99530.0
1990-07-07 01:00:00+00:00,23.63,71.35,213.9,22.68,196.8,401.3,2.07,185.0,99500.0
1990-07-07 02:00:00+00:00,23.89,71.35,433.55,169.82,287.05,406.6,1.72,193.0,99440.0
1990-07-07 03:00:00+00:00,24.54,66.85,795.95,579.16,257.55,400.0,2.62,199.0,99420.0
1990-07-07 04:00:00+00:00,25.58,60.6,864.9,677.21,221.35,379.7,3.24,202.0,99390.0
1990-07-07 05:00:00+00:00,26.17,56.7,680.85,484.24,233.75,379.1,3.59,201.0,99310.0
1990-07-07 06:00:00+00:00,26.3,56.7,443.7,271.21,213.05,388.4,3.93,209.0,99210.0
1990-07-07 07:00:00+00:00,25.08,66.95,293.0,182.63,158.45,402.55,2.28,229.0,99350.0
1990-07-07 08:00:00+00:00,24.8,69.15,299.7,274.45,137.8,406.0,2.0,255.0,99340.0
1990-07-07 09:00:00+00:00,24.68,69.15,119.15,86.56,82.8,391.3,2.07,256.0,99350.0
1990-07-07 10:00:00+00:00,24.19,73.85,44.4,42.15,34.35,401.75,1.86,247.0,99360.0
1990-07-07 11:00:00+00:00,23.5,76.3,1.65,0.0,1.65,396.75,2.14,232.0,99400.0
1990-07-07 12:00:00+00:00,22.61,81.45,0.0,0.0,0.0,410.45,2.83,226.0,99450.0
1990-07-07 13:00:00+00:00,22.34,84.15,0.0,0.0,0.0,406.0,3.52,213.0,99520.0
1990-07-07 14:00:00+00:00,22.28,84.15,0.0,0.0,0.0,413.95,4.34,203.0,99530.0
1990-07-07 15:00:00+00:00,21.99,84.15,0.0,0.0,0.0,405.85,5.03,198.0,99520.0
1990-07-07 16:00:00+00:00,21.6,84.1,0.0,0.0,0.0,391.1,5.38,201.0,99500.0
1990-07-07 17:00:00+00:00,21.27,84.05,0.0,0.0,0.0,382.4,5.72,207.0,99490.0
1990-07-07 18:00:00+00:00,20.97,84.05,0.0,0.0,0.0,376.6,5.72,211.0,99470.0
1990-07-07 19:00:00+00:00,20.73,86.9,0.0,0.0,0.0,368.85,5.1,204.0,99630.0
1990-07-07 20:00:00+00:00,20.51,86.9,0.0,0.0,0.0,357.65,5.24,206.0,99640.0
1990-07-07 21:00:00+00:00,20.44,89.85,84.45,423.91,49.95,355.7,5.03,203.0,99680.0
1990-07-07 22:00:00+00:00,20.83,86.9,229.05,508.78,95.3,353.55,4.9,195.0,99680.0
1990-07-07 23:00:00+00:00,21.71,81.35,410.25,644.13,124.55,354.15,5.24,188.0,99690.0
1990-07-08 00:00:00+00:00,22.85,76.15,585.35,722.14,145.0,355.5,5.45,189.0,99670.0
1990-07-08 01:00:00+00:00,24.09,69.05,720.0,728.49,171.5,354.45,5.45,196.0,99690.0
1990-07-08 02:00:00+00:00,25.19,64.7,835.2,770.33,171.35,359.0,5.59,200.0,99690.0
1990-07-08 03:00:00+00:00,26.16,60.7,875.15,752.35,176.3,365.0,5.52,200.0,99680.0
1990-07-08 04:00:00+00:00,26.92,58.8,831.65,666.04,199.1,365.95,5.52,200.0,99660.0
1990-07-08 05:00:00+00:00,27.4,58.9,827.3,710.06,172.05,369.25,5.79,204.0,99620.0
1990-07-08 06:00:00+00:00,27.71,58.9,687.6,623.74,157.4,368.65,6.41,206.0,99600.0
1990-07-08 07:00:00+00:00,27.37,58.9,536.4,539.3,139.3,375.25,7.24,202.0,99560.0
1990-07-08 08:00:00+00:00,26.8,62.9,321.5,360.0,109.3,377.2,6.97,204.0,99580.0
1990-07-08 09:00:00+00:00,26.16,64.95,184.05,245.71,81.0,384.95,6.62,201.0,99590.0
1990-07-08 10:00:00+00:00,25.64,69.3,65.4,102.83,40.95,386.65,6.07,194.0,99650.0
1990-07-08 11:00:00+00:00,24.94,73.95,2.3,1.76,2.2,378.95,5.79,188.0,99690.0
1990-07-08 12:00:00+00:00,24.32,76.35,0.0,0.0,0.0,384.15,5.79,182.0,99770.0
1990-07-08 13:00:00+00:00,23.72,81.55,0.0,0.0,0.0,379.1,5.86,178.0,99830.0
1990-07-08 14:00:00+00:00,23.18,84.25,0.0,0.0,0.0,376.6,4.97,181.0,99860.0
1990-07-08 15:00:00+00:00,22.75,87.1,0.0,0.0,0.0,374.45,4.28,190.0,99900.0
1990-07-08 16:00:00+00:00,22.25,87.05,0.0,0.0,0.0,365.0,3.93,200.0,99900.0
1990-07-08 17:00:00+00:00,21.85,89.95,0.0,0.0,0.0,360.15,3.86,201.0,99900.0
1990-07-08 18:00:00+00:00,21.57,89.95,0.0,0.0,0.0,359.95,3.52,204.0,99940.0
1990-07-08 19:00:00+00:00,21.01,89.95,0.0,0.0,0.0,351.05,3.52,192.0,100020.0
1990-07-08 20:00:00+00:00,20.84,89.9,0.0,0.0,0.0,350.3,2.9,200.0,100060.0
1990-07-08 21:00:00+00:00,20.53,89.9,85.15,419.43,51.75,348.15,2.28,209.0,100130.0
1990-07-08 22:00:00+00:00,21.11,89.95,243.55,570.7,94.45,354.55,1.66,204.0,100160.0
1990-07-08 23:00:00+00:00,22.62,81.45,429.5,703.94,118.3,347.4,1.66,184.0,100190.0
1990-07-09 00:00:00+00:00,23.66,76.3,593.8,747.7,138.85,345.65,1.72,175.0,100200.0
1990-07-09 01:00:00+00:00,24.7,69.15,743.45,784.57,153.6,353.5,1.66,177.0,100230.0
1990-07-09 02:00:00+00:00,25.72,64.8,843.6,790.91,162.75,358.6,1.66,195.0,100230.0
1990-07-09 03:00:00+00:00,26.59,58.8,821.7,684.93,186.0,364.4,1.93,220.0,100240.0
1990-07-09 04:00:00+00:00,27.04,56.95,724.8,591.57,163.35,372.15,2.48,233.0,100240.0
1990-07-09 05:00:00+00:00,27.15,58.9,826.65,717.78,164.65,375.65,2.9,237.0,100240.0
1990-07-09 06:00:00+00:00,27.52,56.95,728.9,676.71,154.0,370.4,3.1,237.0,100220.0
1990-07-09 07:00:00+00:00,27.37,56.95,585.55,608.89,137.5,367.7,3.31,238.0,100230.0
1990-07-09 08:00:00+00:00,27.19,55.05,400.25,479.52,117.85,366.75,3.1,243.0,100230.0
1990-07-09 09:00:00+00:00,26.67,58.8,200.5,285.24,81.05,369.05,2.62,243.0,100270.0
1990-07-09 10:00:00+00:00,25.81,62.65,66.7,118.14,38.7,371.2,2.07,224.0,100290.0
1990-07-09 11:00:00+00:00,24.81,69.15,2.5,1.79,2.4,372.15,2.34,199.0,100310.0
1990-07-09 12:00:00+00:00,23.97,73.75,0.0,0.0,0.0,369.45,2.97,186.0,100360.0
1990-07-09 13:00:00+00:00,23.55,73.75,0.0,0.0,0.0,366.75,3.59,182.0,100460.0
1990-07-09 14:00:00+00:00,23.23,81.5,0.0,0.0,0.0,366.15,3.79,183.0,100490.0
1990-07-09 15:00:00+00:00,22.85,84.25,0.0,0.0,0.0,363.85,3.79,184.0,100500.0
1990-07-09 16:00:00+00:00,22.44,90.0,0.0,0.0,0.0,360.75,3.72,183.0,100490.0
1990-07-09 17:00:00+00:00,21.95,93.0,0.0,0.0,0.0,366.55,3.79,180.0,100470.0
1990-07-09 18:00:00+00:00,21.73,89.95,0.0,0.0,0.0,364.4,3.86,176.0,100470.0
1990-07-09 19:00:00+00:00,21.67,87.0,0.0,0.0,0.0,360.35,4.34,180.0,100480.0
1990-07-09 20:00:00+00:00,21.61,84.1,0.0,0.0,0.0,365.75,4.14,180.0,100490.0
1990-07-09 21:00:00+00:00,21.54,84.1,81.55,309.05,57.5,361.3,4.0,177.0,100520.0
1990-07-09 22:00:00+00:00,22.11,78.7,213.45,347.1,123.35,356.3,3.72,175.0,100550.0
1990-07-09 23:00:00+00:00,23.29,73.7,346.4,363.39,186.3,361.9,3.72,177.0,100590.0
1990-07-10 00:00:00+00:00,24.52,66.85,449.45,270.38,285.3,369.45,4.07,180.0,100630.0
1990-07-10 01:00:00+00:00,25.45,64.7,576.85,328.65,330.15,379.6,4.21,182.0,100650.0
1990-07-10 02:00:00+00:00,26.17,62.8,723.4,448.9,337.4,383.0,4.41,182.0,100650.0
1990-07-10 03:00:00+00:00,27.13,60.9,825.15,586.9,280.9,385.9,4.62,182.0,100630.0
1990-07-10 04:00:00+00:00,28.09,59.0,824.7,579.28,275.3,384.95,4.69,182.0,100600.0
1990-07-10 05:00:00+00:00,28.76,57.15,661.75,345.5,343.3,391.5,4.62,183.0,100560.0
1990-07-10 06:00:00+00:00,28.88,59.1,511.35,205.18,337.15,398.3,4.34,186.0,100530.0
1990-07-10 07:00:00+00:00,28.14,61.0,421.3,214.47,263.6,398.85,4.07,198.0,100440.0
1990-07-10 08:00:00+00:00,27.8,65.1,262.55,126.29,188.25,399.45,3.93,209.0,100430.0
1990-07-10 09:00:00+00:00,27.0,69.5,134.95,49.03,114.45,397.7,3.79,212.0,100450.0
1990-07-10 10:00:00+00:00,26.16,71.75,48.25,8.26,46.3,394.8,4.34,199.0,100500.0
1990-07-10 11:00:00+00:00,25.35,76.5,1.6,0.0,1.6,391.5,4.48,186.0,100570.0
1990-07-10 12:00:00+00:00,24.54,76.45,0.0,0.0,0.0,387.65,4.34,178.0,100640.0
1990-07-10 13:00:00+00:00,23.79,78.9,0.0,0.0,0.0,380.45,4.55,171.0,100690.0
1990-07-10 14:00:00+00:00,23.14,78.85,0.0,0.0,0.0,378.55,4.69,165.0,100710.0
1990-07-10 15:00:00+00:00,22.69,81.45,0.0,0.0,0.0,375.85,4.41,163.0,100700.0
1990-07-10 16:00:00+00:00,22.42,84.15,0.0,0.0,0.0,373.1,3.86,168.0,100680.0
1990-07-10 17:00:00+00:00,22.15,84.15,0.0,0.0,0.0,368.65,3.45,178.0,100640.0
1990-07-10 18:00:00+00:00,22.03,84.15,0.0,0.0,0.0,377.2,3.45,192.0,100630.0
1990-07-10 19:00:00+00:00,21.73,87.0,0.0,0.0,0.0,368.3,4.07,199.0,100620.0
1990-07-10 20:00:00+00:00,21.61,87.0,0.0,0.0,0.0,372.15,4.0,187.0,100640.0
1990-07-10 21:00:00+00:00,21.7,87.0,71.55,258.07,51.95,383.95,4.07,179.0,100670.0
1990-07-10 22:00:00+00:00,22.14,84.15,181.6,295.32,105.45,387.25,4.76,178.0,100720.0
1990-07-10 23:00:00+00:00,22.81,81.45,328.2,364.79,168.05,389.95,5.31,175.0,100750.0
1990-07-11 00:00:00+00:00,23.72,78.9,529.25,576.76,179.9,395.55,4.97,172.0,100740.0
1990-07-11 01:00:00+00:00,25.04,71.6,612.5,501.56,236.6,385.6,4.9,177.0,100740.0
1990-07-11 02:00:00+00:00,25.92,71.65,762.65,618.49,231.45,389.0,4.48,183.0,100740.0
1990-07-11 03:00:00+00:00,26.9,69.5,745.55,506.32,276.45,388.4,4.28,190.0,100750.0
1990-07-11 04:00:00+00:00,27.48,65.1,530.1,417.43,134.5,396.35,4.55,200.0,100740.0
1990-07-11 05:00:00+00:00,27.4,65.1,640.75,376.35,294.1,396.35,4.41,203.0,100700.0
1990-07-11 06:00:00+00:00,27.72,65.1,664.8,566.45,184.2,395.4,4.69,198.0,100670.0
1990-07-11 07:00:00+00:00,27.71,67.3,536.8,523.06,152.5,390.35,5.03,190.0,100600.0
1990-07-11 08:00:00+00:00,27.57,67.3,378.0,438.52,120.3,390.75,4.62,193.0,100590.0
1990-07-11 09:00:00+00:00,27.16,67.3,206.65,286.61,87.05,387.85,3.93,195.0,100560.0
1990-07-11 10:00:00+00:00,26.37,71.75,66.1,105.43,41.3,385.3,3.24,205.0,100560.0
1990-07-11 11:00:00+00:00,25.27,76.5,2.4,1.86,2.3,380.1,3.03,212.0,100640.0
1990-07-11 12:00:00+00:00,24.23,81.65,0.0,0.0,0.0,375.85,2.76,198.0,100700.0
1990-07-11 13:00:00+00:00,23.49,84.35,0.0,0.0,0.0,370.4,3.66,185.0,100750.0
1990-07-11 14:00:00+00:00,22.91,87.1,0.0,0.0,0.0,365.2,4.41,184.0,100800.0
1990-07-11 15:00:00+00:00,22.37,87.05,0.0,0.0,0.0,368.85,4.34,183.0,100800.0
1990-07-11 16:00:00+00:00,21.96,87.05,0.0,0.0,0.0,378.55,4.21,181.0,100790.0
1990-07-11 17:00:00+00:00,21.71,89.95,0.0,0.0,0.0,382.2,4.28,177.0,100750.0
1990-07-11 18:00:00+00:00,21.75,89.95,0.0,0.0,0.0,400.4,4.28,175.0,100740.0
1990-07-11 19:00:00+00:00,21.38,93.0,0.0,0.0,0.0,368.85,4.83,180.0,100720.0
1990-07-11 20:00:00+00:00,21.55,89.95,0.0,0.0,0.0,385.1,4.9,182.0,100720.0
1990-07-11 21:00:00+00:00,21.77,93.0,53.75,104.7,46.0,400.0,4.83,178.0,100750.0
1990-07-11 22:00:00+00:00,22.08,90.0,154.7,182.75,107.9,400.0,5.03,177.0,100760.0
1990-07-11 23:00:00+00:00,22.62,87.1,299.9,320.16,159.85,402.55,5.45,183.0,100780.0
1990-07-12 00:00:00+00:00,23.32,84.25,457.1,411.48,208.45,398.85,5.38,184.0,100810.0
1990-07-12 01:00:00+00:00,24.36,78.95,566.0,368.53,290.25,403.8,5.38,184.0,100820.0
1990-07-12 02:00:00+00:00,25.33,71.6,617.65,328.04,336.25,397.9,5.24,188.0,100820.0
1990-07-12 03:00:00+00:00,26.06,69.4,581.15,235.95,362.75,408.9,4.83,197.0,100830.0
1990-07-12 04:00:00+00:00,26.44,67.15,493.2,144.36,356.5,405.05,4.55,208.0,100810.0
1990-07-12 05:00:00+00:00,26.46,67.15,515.85,163.84,365.05,414.9,4.21,221.0,100740.0
1990-07-12 06:00:00+00:00,26.52,67.2,500.2,204.94,326.45,408.9,3.72,238.0,100670.0
1990-07-12 07:00:00+00:00,26.32,69.4,338.8,115.93,253.7,395.4,3.1,241.0,100540.0
1990-07-12 08:00:00+00:00,26.02,69.4,227.55,74.88,183.6,402.55,3.31,244.0,100540.0
1990-07-12 09:00:00+00:00,25.57,74.1,128.1,98.94,86.9,402.9,3.31,252.0,100540.0
1990-07-12 10:00:00+00:00,25.01,76.5,51.25,49.1,39.75,407.0,3.17,260.0,100560.0
1990-07-12 11:00:00+00:00,24.26,81.65,2.1,0.0,2.1,397.1,2.69,253.0,100580.0
1990-07-12 12:00:00+00:00,23.48,84.35,0.0,0.0,0.0,385.9,2.21,259.0,100580.0
1990-07-12 13:00:00+00:00,22.93,90.05,0.0,0.0,0.0,380.65,2.28,282.0,100580.0
1990-07-12 14:00:00+00:00,22.3,93.05,0.0,0.0,0.0,374.3,1.72,280.0,100580.0
1990-07-12 15:00:00+00:00,21.95,96.15,0.0,0.0,0.0,373.1,1.03,283.0,100590.0
1990-07-12 16:00:00+00:00,22.54,90.05,0.0,0.0,0.0,371.2,0.69,309.0,100570.0
1990-07-12 17:00:00+00:00,22.47,90.05,0.0,0.0,0.0,369.05,0.55,354.0,100520.0
1990-07-12 18:00:00+00:00,22.24,93.05,0.0,0.0,0.0,365.55,0.69,16.0,100470.0
1990-07-12 19:00:00+00:00,22.13,93.05,0.0,0.0,0.0,366.75,0.41,354.0,100410.0
1990-07-12 20:00:00+00:00,21.98,93.05,0.0,0.0,0.0,362.5,0.76,42.0,100400.0
1990-07-12 21:00:00+00:00,21.8,96.15,70.6,392.13,42.35,363.25,0.62,33.0,100390.0
1990-07-12 22:00:00+00:00,21.29,96.15,197.15,415.51,91.5,371.2,0.9,3.0,100420.0
1990-07-12 23:00:00+00:00,23.03,87.1,366.1,541.64,130.05,371.4,0.97,14.0,100400.0
1990-07-13 00:00:00+00:00,23.99,81.65,527.0,603.16,163.4,373.3,0.62,78.0,100430.0
1990-07-13 01:00:00+00:00,25.07,76.5,610.15,552.23,197.65,375.35,1.03,164.0,100450.0
1990-07-13 02:00:00+00:00,25.99,74.1,709.65,536.96,249.6,386.65,1.66,202.0,100430.0
1990-07-13 03:00:00+00:00,26.7,69.5,754.35,544.17,251.15,396.35,2.28,221.0,100410.0
1990-07-13 04:00:00+00:00,27.05,67.3,809.6,637.25,206.65,400.2,2.69,246.0,100350.0
1990-07-13 05:00:00+00:00,27.21,67.3,760.25,593.34,214.55,391.9,2.9,261.0,100290.0
1990-07-13 06:00:00+00:00,27.44,67.3,666.5,575.13,179.3,392.3,2.97,263.0,100240.0
1990-07-13 07:00:00+00:00,27.54,67.3,493.15,447.14,165.25,402.35,4.28,262.0,100200.0
1990-07-13 08:00:00+00:00,26.84,69.5,335.05,291.67,164.1,400.8,4.76,262.0,100190.0
1990-07-13 09:00:00+00:00,26.2,71.75,165.45,130.57,111.2,401.95,4.34,257.0,100210.0
1990-07-13 10:00:00+00:00,25.3,76.5,54.55,40.54,45.1,392.45,3.66,246.0,100210.0
1990-07-13 11:00:00+00:00,24.31,78.95,2.05,0.0,2.05,395.95,3.31,227.0,100250.0
1990-07-13 12:00:00+00:00,23.35,84.25,0.0,0.0,0.0,384.95,3.24,208.0,100290.0
1990-07-13 13:00:00+00:00,22.91,87.1,0.0,0.0,0.0,378.55,2.97,202.0,100370.0
1990-07-13 14:00:00+00:00,22.65,87.1,0.0,0.0,0.0,377.55,2.34,204.0,100370.0
1990-07-13 15:00:00+00:00,22.42,93.05,0.0,0.0,0.0,376.6,2.14,208.0,100390.0
1990-07-13 16:00:00+00:00,22.15,93.05,0.0,0.0,0.0,375.85,2.14,211.0,100390.0
1990-07-13 17:00:00+00:00,21.94,96.15,0.0,0.0,0.0,377.55,2.07,218.0,100350.0
1990-07-13 18:00:00+00:00,21.76,93.0,0.0,0.0,0.0,376.6,2.07,225.0,100340.0
1990-07-13 19:00:00+00:00,21.73,93.0,0.0,0.0,0.0,372.15,2.48,204.0,100390.0
1990-07-13 20:00:00+00:00,21.75,93.0,0.0,0.0,0.0,372.95,2.55,194.0,100380.0
1990-07-13 21:00:00+00:00,21.67,93.0,59.45,82.85,53.65,377.4,2.55,185.0,100410.0
1990-07-13 22:00:00+00:00,22.45,93.05,159.7,139.66,124.45,377.0,2.76,182.0,100440.0
1990-07-13 23:00:00+00:00,23.6,84.35,290.95,213.99,198.05,380.85,2.9,188.0,100470.0
1990-07-14 00:00:00+00:00,24.56,79.05,442.75,303.91,260.0,385.3,3.1,205.0,100500.0
1990-07-14 01:00:00+00:00,25.34,74.0,616.9,458.84,274.75,389.7,3.66,217.0,100560.0
1990-07-14 02:00:00+00:00,25.86,74.1,744.6,550.39,273.65,391.9,3.52,228.0,100540.0
1990-07-14 03:00:00+00:00,26.38,71.75,761.4,559.18,244.85,394.0,3.45,234.0,100520.0
1990-07-14 04:00:00+00:00,26.71,69.5,814.85,669.49,181.95,397.7,3.52,235.0,100480.0
1990-07-14 05:00:00+00:00,27.06,67.3,754.2,628.6,176.55,394.0,3.38,240.0,100430.0
1990-07-14 06:00:00+00:00,27.25,67.3,512.45,359.48,208.2,400.6,3.03,243.0,100400.0
1990-07-14 07:00:00+00:00,26.94,69.5,451.35,379.51,173.35,415.7,2.97,268.0,100270.0
1990-07-14 08:00:00+00:00,26.95,67.2,201.35,173.01,100.1,403.5,1.86,248.0,100290.0
1990-07-14 09:00:00+00:00,26.49,71.75,125.15,117.26,76.55,415.7,1.72,211.0,100280.0
1990-07-14 10:00:00+00:00,26.0,71.75,40.05,51.1,28.2,408.9,2.21,180.0,100310.0
1990-07-14 11:00:00+00:00,25.2,76.5,1.3,0.0,1.3,402.15,2.48,174.0,100340.0
1990-07-14 12:00:00+00:00,24.61,81.7,0.0,0.0,0.0,397.3,2.0,190.0,100400.0
1990-07-14 13:00:00+00:00,24.19,84.35,0.0,0.0,0.0,400.2,1.72,210.0,100430.0
1990-07-14 14:00:00+00:00,23.39,90.05,0.0,0.0,0.0,389.75,1.38,225.0,100380.0
1990-07-14 15:00:00+00:00,22.92,93.05,0.0,0.0,0.0,391.1,1.24,252.0,100330.0
1990-07-14 16:00:00+00:00,22.47,90.05,0.0,0.0,0.0,387.05,1.31,274.0,100320.0
1990-07-14 17:00:00+00:00,22.01,93.05,0.0,0.0,0.0,385.1,1.52,278.0,100320.0
1990-07-14 18:00:00+00:00,22.01,93.05,0.0,0.0,0.0,394.8,1.72,267.0,100340.0
1990-07-14 19:00:00+00:00,23.29,87.1,0.0,0.0,0.0,392.65,0.76,258.0,100300.0
1990-07-14 20:00:00+00:00,22.91,90.05,0.0,0.0,0.0,390.9,0.9,250.0,100280.0
1990-07-14 21:00:00+00:00,21.86,96.15,43.15,128.08,34.45,400.6,1.31,245.0,100320.0
1990-07-14 22:00:00+00:00,23.01,87.1,131.55,177.85,87.0,400.0,1.79,245.0,100300.0
1990-07-14 23:00:00+00:00,24.1,81.65,221.95,253.45,112.35,398.65,2.34,243.0,100320.0
1990-07-15 00:00:00+00:00,24.71,79.05,446.85,456.49,173.05,397.9,2.55,243.0,100350.0
1990-07-15 01:00:00+00:00,25.61,76.6,615.6,583.19,181.5,393.95,2.9,242.0,100370.0
1990-07-15 02:00:00+00:00,26.35,74.15,746.3,638.78,200.45,398.85,3.1,241.0,100370.0
1990-07-15 03:00:00+00:00,26.97,71.85,788.25,639.8,197.85,404.3,3.1,238.0,100350.0
1990-07-15 04:00:00+00:00,27.46,71.9,752.6,589.37,195.95,407.75,3.38,235.0,100330.0
1990-07-15 05:00:00+00:00,27.77,71.9,652.7,501.18,192.55,412.6,3.72,232.0,100290.0
1990-07-15 06:00:00+00:00,27.98,71.9,614.35,536.98,160.3,405.65,4.07,227.0,100270.0
1990-07-15 07:00:00+00:00,27.9,71.9,478.15,458.81,142.45,409.5,3.59,226.0,100250.0
1990-07-15 08:00:00+00:00,27.31,71.9,303.15,225.24,171.55,411.25,3.93,225.0,100220.0
1990-07-15 09:00:00+00:00,26.87,71.85,140.9,90.72,103.4,409.1,4.0,226.0,100220.0
1990-07-15 10:00:00+00:00,26.17,74.15,46.15,15.18,42.65,408.55,3.93,226.0,100230.0
1990-07-15 11:00:00+00:00,25.42,76.5,1.45,0.0,1.45,401.75,4.07,229.0,100260.0
1990-07-15 12:00:00+00:00,24.76,79.05,0.0,0.0,0.0,395.75,4.07,227.0,100320.0
1990-07-15 13:00:00+00:00,24.38,81.65,0.0,0.0,0.0,393.65,4.14,222.0,100390.0
1990-07-15 14:00:00+00:00,24.11,78.95,0.0,0.0,0.0,391.5,4.14,215.0,100400.0
1990-07-15 15:00:00+00:00,23.89,81.55,0.0,0.0,0.0,385.5,4.21,212.0,100440.0
1990-07-15 16:00:00+00:00,23.69,81.55,0.0,0.0,0.0,380.45,4.07,210.0,100430.0
1990-07-15 17:00:00+00:00,23.48,81.55,0.0,0.0,0.0,376.0,3.86,207.0,100420.0
1990-07-15 18:00:00+00:00,23.29,81.5,0.0,0.0,0.0,375.85,3.72,203.0,100400.0
1990-07-15 19:00:00+00:00,23.13,81.5,0.0,0.0,0.0,370.6,3.66,200.0,100380.0
1990-07-15 20:00:00+00:00,22.94,84.25,0.0,0.0,0.0,371.55,3.72,192.0,100350.0
1990-07-15 21:00:00+00:00,22.82,84.25,77.6,470.45,46.65,369.25,3.59,182.0,100350.0
1990-07-15 22:00:00+00:00,23.4,81.5,226.75,545.39,91.2,369.85,3.45,178.0,100370.0
1990-07-15 23:00:00+00:00,24.61,73.95,404.55,669.18,116.35,371.4,3.66,184.0,100430.0
1990-07-16 00:00:00+00:00,25.82,69.3,568.45,706.17,146.0,377.0,4.0,187.0,100430.0
1990-07-16 01:00:00+00:00,26.86,65.0,712.5,747.37,157.2,382.5,4.34,189.0,100470.0
1990-07-16 02:00:00+00:00,27.74,63.0,809.55,750.45,169.15,389.0,4.21,196.0,100430.0
1990-07-16 03:00:00+00:00,28.43,63.1,855.85,734.35,178.95,395.2,4.0,205.0,100390.0
1990-07-16 04:00:00+00:00,28.85,63.2,835.25,686.07,187.9,397.9,4.0,212.0,100360.0
1990-07-16 05:00:00+00:00,29.0,63.2,778.85,646.75,185.6,402.75,3.86,222.0,100300.0
1990-07-16 06:00:00+00:00,28.95,63.2,583.15,489.41,169.75,406.4,3.72,233.0,100240.0
1990-07-16 07:00:00+00:00,28.34,65.2,430.65,371.81,158.95,407.75,3.93,213.0,100210.0
1990-07-16 08:00:00+00:00,27.59,67.3,275.6,248.36,130.75,416.1,4.62,201.0,100180.0
1990-07-16 09:00:00+00:00,26.87,69.5,136.5,139.39,79.05,415.3,4.62,193.0,100180.0
1990-07-16 10:00:00+00:00,26.38,74.15,53.3,80.06,34.95,403.7,3.52,195.0,100170.0
1990-07-16 11:00:00+00:00,25.95,76.6,1.6,0.0,1.6,402.9,3.24,204.0,100230.0
1990-07-16 12:00:00+00:00,25.33,79.1,0.0,0.0,0.0,393.25,2.9,206.0,100290.0
1990-07-16 13:00:00+00:00,24.98,81.7,0.0,0.0,0.0,401.0,2.97,199.0,100340.0
1990-07-16 14:00:00+00:00,24.55,81.7,0.0,0.0,0.0,394.2,3.24,189.0,100350.0
1990-07-16 15:00:00+00:00,24.1,81.65,0.0,0.0,0.0,385.7,3.52,184.0,100360.0
1990-07-16 16:00:00+00:00,23.73,84.35,0.0,0.0,0.0,384.15,3.79,182.0,100350.0
1990-07-16 17:00:00+00:00,23.34,87.1,0.0,0.0,0.0,383.95,3.66,182.0,100320.0
1990-07-16 18:00:00+00:00,22.94,90.05,0.0,0.0,0.0,378.75,3.31,180.0,100290.0
1990-07-16 19:00:00+00:00,22.47,90.05,0.0,0.0,0.0,378.15,2.76,187.0,100280.0
1990-07-16 20:00:00+00:00,22.16,90.0,0.0,0.0,0.0,378.15,2.55,192.0,100310.0
1990-07-16 21:00:00+00:00,21.88,96.15,65.15,327.81,44.3,379.9,2.41,190.0,100350.0
1990-07-16 22:00:00+00:00,22.32,93.05,196.05,389.58,100.0,379.7,2.28,184.0,100400.0
1990-07-16 23:00:00+00:00,23.32,87.1,348.5,498.61,134.65,384.95,2.34,178.0,100420.0
1990-07-17 00:00:00+00:00,24.36,78.95,502.35,566.26,164.5,388.6,2.41,179.0,100430.0
1990-07-17 01:00:00+00:00,25.35,71.6,675.1,666.05,181.15,391.25,2.21,189.0,100400.0
1990-07-17 02:00:00+00:00,26.22,69.4,780.15,683.45,197.75,393.45,2.0,204.0,100390.0
1990-07-17 03:00:00+00:00,26.97,67.2,843.7,711.14,188.95,396.75,2.0,220.0,100410.0
1990-07-17 04:00:00+00:00,27.53,65.1,791.9,621.2,206.35,397.1,2.21,233.0,100380.0
1990-07-17 05:00:00+00:00,27.8,67.3,741.7,605.16,187.15,400.0,2.21,241.0,100300.0
1990-07-17 06:00:00+00:00,28.0,67.3,671.35,594.12,170.05,406.0,2.28,243.0,100250.0
1990-07-17 07:00:00+00:00,28.34,65.2,522.05,500.58,156.75,406.4,1.93,259.0,100190.0
1990-07-17 08:00:00+00:00,28.28,65.2,320.55,345.73,119.3,409.1,2.07,273.0,100120.0
1990-07-17 09:00:00+00:00,27.94,67.3,150.15,199.09,68.35,413.55,1.93,266.0,100120.0
1990-07-17 10:00:00+00:00,27.29,67.3,46.35,68.94,30.65,415.1,2.07,244.0,100100.0
1990-07-17 11:00:00+00:00,26.28,74.15,1.3,0.0,1.3,407.55,2.21,239.0,100160.0
1990-07-17 12:00:00+00:00,25.23,79.1,0.0,0.0,0.0,400.6,2.21,242.0,100250.0
1990-07-17 13:00:00+00:00,24.74,81.7,0.0,0.0,0.0,399.85,1.31,250.0,100360.0
1990-07-17 14:00:00+00:00,24.76,81.7,0.0,0.0,0.0,393.25,0.41,345.0,100360.0
1990-07-17 15:00:00+00:00,23.45,90.05,0.0,0.0,0.0,398.1,1.17,85.0,100380.0
1990-07-17 16:00:00+00:00,23.65,87.15,0.0,0.0,0.0,402.35,2.0,105.0,100380.0
1990-07-17 17:00:00+00:00,23.77,87.15,0.0,0.0,0.0,404.85,2.62,106.0,100340.0
1990-07-17 18:00:00+00:00,23.76,87.15,0.0,0.0,0.0,401.0,3.24,109.0,100320.0
1990-07-17 19:00:00+00:00,23.56,87.15,0.0,0.0,0.0,394.8,2.41,114.0,100290.0
1990-07-17 20:00:00+00:00,23.5,84.35,0.0,0.0,0.0,400.6,2.97,124.0,100320.0
1990-07-17 21:00:00+00:00,23.41,87.1,62.65,276.18,45.7,404.65,3.45,132.0,100360.0
1990-07-17 22:00:00+00:00,23.47,87.1,183.95,328.21,103.7,386.3,3.17,133.0,100360.0
1990-07-17 23:00:00+00:00,23.98,84.35,354.9,488.44,146.3,382.0,2.9,133.0,100380.0
1990-07-18 00:00:00+00:00,25.03,76.5,467.15,456.72,195.4,386.3,2.76,134.0,100380.0
1990-07-18 01:00:00+00:00,26.03,71.75,531.3,429.21,213.6,397.25,2.14,135.0,100370.0
1990-07-18 02:00:00+00:00,26.48,71.75,612.6,424.54,251.35,413.0,1.38,148.0,100350.0
1990-07-18 03:00:00+00:00,27.07,67.3,433.05,281.53,174.15,409.3,1.52,162.0,100340.0
1990-07-18 04:00:00+00:00,27.01,67.3,513.55,300.76,230.35,422.85,1.72,171.0,100340.0
1990-07-18 05:00:00+00:00,27.37,67.3,560.95,379.61,213.45,416.3,1.79,166.0,100290.0
1990-07-18 06:00:00+00:00,27.63,67.3,514.0,395.65,180.55,422.1,1.31,152.0,100250.0
1990-07-18 07:00:00+00:00,27.73,69.6,350.35,238.44,176.6,413.95,2.14,175.0,100160.0
1990-07-18 08:00:00+00:00,27.56,69.6,231.8,118.95,162.7,421.7,1.93,170.0,100110.0
1990-07-18 09:00:00+00:00,27.39,69.6,102.05,50.79,81.25,421.5,1.93,165.0,100090.0
1990-07-18 10:00:00+00:00,26.54,71.85,39.05,13.49,36.0,423.25,1.31,165.0,100090.0
1990-07-18 11:00:00+00:00,26.06,76.65,1.1,0.0,1.1,417.45,0.9,135.0,100120.0
1990-07-18 12:00:00+00:00,25.58,79.15,0.0,0.0,0.0,416.45,1.45,109.0,100150.0
1990-07-18 13:00:00+00:00,25.21,81.75,0.0,0.0,0.0,416.85,1.86,114.0,100230.0
1990-07-18 14:00:00+00:00,24.7,81.7,0.0,0.0,0.0,411.85,2.0,124.0,100250.0
1990-07-18 15:00:00+00:00,24.46,84.35,0.0,0.0,0.0,413.75,1.93,127.0,100250.0
1990-07-18 16:00:00+00:00,24.19,84.35,0.0,0.0,0.0,413.2,1.86,131.0,100220.0
1990-07-18 17:00:00+00:00,23.85,87.15,0.0,0.0,0.0,410.45,1.59,142.0,100200.0
1990-07-18 18:00:00+00:00,23.54,87.15,0.0,0.0,0.0,407.2,1.66,115.0,100170.0
1990-07-18 19:00:00+00:00,23.25,90.05,0.0,0.0,0.0,409.9,1.38,101.0,100070.0
1990-07-18 20:00:00+00:00,23.36,90.05,0.0,0.0,0.0,416.45,1.59,75.0,100060.0
1990-07-18 21:00:00+00:00,23.38,90.05,14.6,0.0,14.6,421.1,1.52,55.0,100060.0
1990-07-18 22:00:00+00:00,23.48,87.15,41.95,8.04,40.0,417.25,2.34,66.0,100060.0
1990-07-18 23:00:00+00:00,23.62,87.15,37.95,1.29,37.4,417.05,2.69,72.0,100080.0
1990-07-19 00:00:00+00:00,23.64,87.15,94.1,0.0,94.1,419.95,2.83,74.0,100100.0
1990-07-19 01:00:00+00:00,23.76,87.15,153.15,11.84,144.4,420.85,2.69,73.0,100090.0
1990-07-19 02:00:00+00:00,24.28,81.65,188.65,25.83,166.7,420.35,2.55,76.0,100090.0
1990-07-19 03:00:00+00:00,24.84,79.05,303.75,37.18,269.6,418.8,2.48,75.0,100070.0
1990-07-19 04:00:00+00:00,25.58,74.1,316.5,35.62,283.0,419.55,1.79,78.0,100070.0
1990-07-19 05:00:00+00:00,26.16,71.75,260.0,39.43,223.95,423.45,1.17,77.0,100050.0
1990-07-19 06:00:00+00:00,26.39,71.75,403.35,142.62,283.3,425.2,1.38,65.0,100020.0
1990-07-19 07:00:00+00:00,28.44,67.4,314.45,185.14,179.75,437.4,0.34,342.0,99870.0
1990-07-19 08:00:00+00:00,28.59,67.5,222.25,159.67,129.7,434.45,0.62,318.0,99840.0
1990-07-19 09:00:00+00:00,28.47,72.0,117.8,109.42,73.15,428.85,0.62,245.0,99850.0
1990-07-19 10:00:00+00:00,27.77,76.8,43.1,42.98,33.45,431.0,1.31,265.0,99860.0
1990-07-19 11:00:00+00:00,26.94,79.3,1.0,0.0,1.0,425.55,1.79,282.0,99890.0
1990-07-19 12:00:00+00:00,26.25,81.85,0.0,0.0,0.0,420.9,1.93,307.0,99930.0
1990-07-19 13:00:00+00:00,25.8,84.5,0.0,0.0,0.0,422.45,1.72,328.0,99980.0
1990-07-19 14:00:00+00:00,25.22,87.3,0.0,0.0,0.0,417.65,1.1,352.0,99990.0
1990-07-19 15:00:00+00:00,25.66,84.5,0.0,0.0,0.0,416.3,0.69,40.0,100000.0
1990-07-19 16:00:00+00:00,25.82,84.5,0.0,0.0,0.0,418.2,0.62,95.0,99980.0
1990-07-19 17:00:00+00:00,25.68,84.5,0.0,0.0,0.0,417.65,0.55,108.0,99950.0
1990-07-19 18:00:00+00:00,25.56,84.5,0.0,0.0,0.0,413.4,0.41,123.0,99940.0
1990-07-19 19:00:00+00:00,23.5,93.1,0.0,0.0,0.0,416.1,1.38,21.0,99950.0
1990-07-19 20:00:00+00:00,23.45,96.2,0.0,0.0,0.0,415.1,1.31,22.0,99960.0
1990-07-19 21:00:00+00:00,23.73,93.1,24.2,25.54,22.75,417.45,1.1,347.0,99990.0
1990-07-19 22:00:00+00:00,23.85,93.1,82.65,21.22,77.55,419.2,1.66,332.0,100070.0
1990-07-19 23:00:00+00:00,24.48,87.25,110.4,9.68,106.3,416.45,1.52,337.0,100100.0
1990-07-20 00:00:00+00:00,24.89,90.15,203.0,28.99,185.85,417.25,0.97,357.0,100150.0
1990-07-20 01:00:00+00:00,25.46,87.3,226.85,23.53,209.5,418.15,0.07,17.0,100170.0
1990-07-20 02:00:00+00:00,25.79,81.8,245.35,16.62,231.25,422.85,0.14,208.0,100170.0
1990-07-20 03:00:00+00:00,26.24,79.2,314.35,43.22,274.7,424.8,0.48,228.0,100180.0
1990-07-20 04:00:00+00:00,26.58,76.7,372.65,65.2,311.4,424.4,0.9,250.0,100170.0
1990-07-20 05:00:00+00:00,26.72,74.25,322.35,39.03,286.7,426.35,0.97,251.0,100150.0
1990-07-20 06:00:00+00:00,26.73,76.7,233.05,63.88,179.35,426.15,0.83,272.0,100130.0
1990-07-20 07:00:00+00:00,25.16,81.75,93.55,10.19,86.15,422.3,1.38,312.0,100100.0
1990-07-20 08:00:00+00:00,24.79,84.4,52.0,0.0,52.0,423.05,0.9,332.0,100110.0
1990-07-20 09:00:00+00:00,24.57,87.25,31.8,0.0,31.8,422.1,0.62,319.0,100100.0
1990-07-20 10:00:00+00:00,24.38,93.1,18.35,2.92,17.7,421.3,0.55,339.0,100120.0
1990-07-20 11:00:00+00:00,24.21,93.1,0.3,0.0,0.3,420.55,0.69,36.0,100130.0
1990-07-20 12:00:00+00:00,23.84,93.1,0.0,0.0,0.0,419.55,1.1,70.0,100200.0
1990-07-20 13:00:00+00:00,23.62,93.1,0.0,0.0,0.0,416.45,1.52,82.0,100270.0
1990-07-20 14:00:00+00:00,23.61,93.1,0.0,0.0,0.0,420.35,1.66,94.0,100260.0
1990-07-20 15:00:00+00:00,23.54,93.1,0.0,0.0,0.0,419.4,1.59,106.0,100250.0
1990-07-20 16:00:00+00:00,23.43,96.2,0.0,0.0,0.0,419.2,1.52,125.0,100240.0
1990-07-20 17:00:00+00:00,23.41,93.05,0.0,0.0,0.0,422.1,1.52,144.0,100210.0
1990-07-20 18:00:00+00:00,23.33,93.05,0.0,0.0,0.0,421.5,1.45,150.0,100170.0
1990-07-20 19:00:00+00:00,23.39,96.2,0.0,0.0,0.0,420.35,1.79,88.0,100140.0
1990-07-20 20:00:00+00:00,23.25,93.05,0.0,0.0,0.0,404.65,1.86,112.0,100160.0
1990-07-20 21:00:00+00:00,23.48,87.15,38.7,132.34,31.5,415.5,2.55,131.0,100200.0
1990-07-20 22:00:00+00:00,23.58,84.35,142.75,245.83,84.2,404.3,3.52,142.0,100220.0
1990-07-20 23:00:00+00:00,23.55,78.9,243.55,274.79,127.75,400.0,3.93,149.0,100270.0
1990-07-21 00:00:00+00:00,23.72,78.9,399.35,350.55,192.55,407.75,4.07,150.0,100280.0
1990-07-21 01:00:00+00:00,24.29,76.35,547.25,481.55,192.95,394.35,4.21,145.0,100240.0
1990-07-21 02:00:00+00:00,24.99,71.6,375.65,213.75,194.6,400.2,3.72,153.0,100250.0
1990-07-21 03:00:00+00:00,25.13,74.0,607.1,355.36,281.55,410.85,3.24,178.0,100270.0
1990-07-21 04:00:00+00:00,25.86,71.65,599.7,379.82,243.3,409.9,2.76,186.0,100260.0
1990-07-21 05:00:00+00:00,26.5,69.4,588.75,368.01,253.05,410.45,2.28,182.0,100220.0
1990-07-21 06:00:00+00:00,27.19,65.1,460.35,296.97,211.05,416.85,2.21,170.0,100170.0
1990-07-21 07:00:00+00:00,25.97,74.1,327.95,214.04,172.75,415.1,2.41,192.0,100170.0
1990-07-21 08:00:00+00:00,25.84,74.1,198.9,111.29,134.7,413.0,1.86,184.0,100150.0
1990-07-21 09:00:00+00:00,25.76,74.1,92.25,44.95,74.05,414.15,2.0,166.0,100140.0
1990-07-21 10:00:00+00:00,25.56,74.1,43.55,57.94,30.75,417.85,2.28,156.0,100140.0
1990-07-21 11:00:00+00:00,25.08,74.0,0.75,0.0,0.75,403.5,2.55,156.0,100110.0
1990-07-21 12:00:00+00:00,24.51,73.95,0.0,0.0,0.0,394.8,2.76,156.0,100160.0
1990-07-21 13:00:00+00:00,23.99,73.85,0.0,0.0,0.0,384.35,2.69,156.0,100230.0
1990-07-21 14:00:00+00:00,23.42,76.2,0.0,0.0,0.0,381.85,2.34,161.0,100240.0
1990-07-21 15:00:00+00:00,22.95,78.75,0.0,0.0,0.0,396.9,1.93,169.0,100240.0
1990-07-21 16:00:00+00:00,22.89,76.15,0.0,0.0,0.0,405.45,2.14,187.0,100230.0
1990-07-21 17:00:00+00:00,22.65,78.75,0.0,0.0,0.0,400.2,2.14,183.0,100200.0
1990-07-21 18:00:00+00:00,22.54,78.75,0.0,0.0,0.0,405.85,1.93,174.0,100160.0
1990-07-21 19:00:00+00:00,22.21,84.15,0.0,0.0,0.0,389.4,1.24,175.0,100140.0
1990-07-21 20:00:00+00:00,22.49,81.45,0.0,0.0,0.0,389.75,1.03,162.0,100150.0
1990-07-21 21:00:00+00:00,21.33,89.95,49.6,319.25,33.0,389.2,1.66,159.0,100180.0
1990-07-21 22:00:00+00:00,22.24,87.05,202.05,447.27,96.5,380.85,2.34,171.0,100190.0
1990-07-21 23:00:00+00:00,23.42,81.5,369.25,554.64,136.6,380.85,2.83,184.0,100210.0
1990-07-22 00:00:00+00:00,24.12,78.95,525.5,596.42,174.7,380.65,2.9,194.0,100220.0
1990-07-22 01:00:00+00:00,25.0,74.0,630.5,588.66,198.3,389.3,3.17,193.0,100230.0
1990-07-22 02:00:00+00:00,25.88,74.1,724.25,613.33,205.6,393.65,3.52,195.0,100210.0
1990-07-22 03:00:00+00:00,26.67,69.5,702.25,482.42,260.9,402.35,3.66,207.0,100190.0
1990-07-22 04:00:00+00:00,26.81,69.5,749.9,548.67,235.7,413.4,3.66,215.0,100160.0
1990-07-22 05:00:00+00:00,27.1,67.3,624.5,483.62,183.9,410.3,3.72,220.0,100120.0
1990-07-22 06:00:00+00:00,27.15,69.6,502.65,347.15,211.65,406.4,3.59,225.0,100110.0
1990-07-22 07:00:00+00:00,27.2,69.6,399.0,293.19,186.8,415.3,3.79,217.0,100030.0
1990-07-22 08:00:00+00:00,26.91,71.85,267.25,184.14,161.3,414.15,3.59,215.0,100010.0
1990-07-22 09:00:00+00:00,26.59,74.25,155.1,116.19,108.25,411.45,3.52,214.0,100010.0
1990-07-22 10:00:00+00:00,26.07,76.65,38.25,20.78,33.7,408.75,3.45,206.0,100010.0
1990-07-22 11:00:00+00:00,25.56,79.15,0.8,0.0,0.8,410.45,3.45,198.0,100040.0
1990-07-22 12:00:00+00:00,25.2,81.75,0.0,0.0,0.0,404.45,3.66,186.0,100080.0
1990-07-22 13:00:00+00:00,24.98,84.4,0.0,0.0,0.0,400.2,3.72,181.0,100160.0
1990-07-22 14:00:00+00:00,24.69,84.4,0.0,0.0,0.0,399.85,3.86,179.0,100180.0
1990-07-22 15:00:00+00:00,24.44,87.2,0.0,0.0,0.0,406.2,4.0,179.0,100190.0
1990-07-22 16:00:00+00:00,24.13,84.35,0.0,0.0,0.0,403.1,4.14,178.0,100180.0
1990-07-22 17:00:00+00:00,23.83,87.15,0.0,0.0,0.0,410.45,4.07,176.0,100150.0
1990-07-22 18:00:00+00:00,23.61,87.15,0.0,0.0,0.0,414.15,3.93,176.0,100140.0
1990-07-22 19:00:00+00:00,23.34,90.05,0.0,0.0,0.0,416.45,3.66,184.0,100140.0
1990-07-22 20:00:00+00:00,23.2,90.05,0.0,0.0,0.0,408.55,3.52,184.0,100140.0
1990-07-22 21:00:00+00:00,23.05,90.05,34.95,115.04,29.25,401.95,3.52,175.0,100150.0
1990-07-22 22:00:00+00:00,23.17,90.05,103.9,124.06,74.9,405.65,3.86,175.0,100210.0
1990-07-22 23:00:00+00:00,23.54,87.15,133.55,60.96,108.1,406.2,4.55,181.0,100250.0
1990-07-23 00:00:00+00:00,23.63,87.15,210.3,59.69,175.3,421.9,4.9,181.0,100290.0
1990-07-23 01:00:00+00:00,23.92,90.1,303.65,114.72,219.6,421.8,5.1,181.0,100290.0
1990-07-23 02:00:00+00:00,24.31,87.2,347.4,120.35,245.8,419.55,5.52,187.0,100300.0
1990-07-23 03:00:00+00:00,24.5,84.4,479.7,234.52,265.45,428.85,4.55,193.0,100290.0
1990-07-23 04:00:00+00:00,25.28,81.75,626.05,398.95,252.65,422.65,4.14,197.0,100230.0
1990-07-23 05:00:00+00:00,26.42,76.65,338.95,114.58,234.7,423.25,4.48,206.0,100210.0
1990-07-23 06:00:00+00:00,26.22,76.65,407.7,289.8,165.15,439.1,4.14,212.0,100150.0
1990-07-23 07:00:00+00:00,26.57,76.7,342.8,258.95,155.75,429.65,3.31,211.0,100110.0
1990-07-23 08:00:00+00:00,26.53,76.7,221.75,128.18,148.2,423.05,2.97,215.0,100130.0
1990-07-23 09:00:00+00:00,26.09,79.2,93.55,81.46,60.85,434.45,3.17,221.0,100130.0
1990-07-23 10:00:00+00:00,25.21,84.45,23.55,21.2,18.95,426.35,3.03,221.0,100150.0
1990-07-23 11:00:00+00:00,24.61,87.25,0.4,0.0,0.4,423.05,2.55,211.0,100190.0
1990-07-23 12:00:00+00:00,24.32,90.1,0.0,0.0,0.0,423.25,1.86,193.0,100230.0
1990-07-23 13:00:00+00:00,24.05,90.1,0.0,0.0,0.0,406.4,1.79,186.0,100300.0
1990-07-23 14:00:00+00:00,23.84,93.1,0.0,0.0,0.0,408.15,2.28,191.0,100300.0
1990-07-23 15:00:00+00:00,23.77,93.1,0.0,0.0,0.0,411.85,2.69,186.0,100290.0
1990-07-23 16:00:00+00:00,23.8,93.1,0.0,0.0,0.0,422.1,2.76,178.0,100270.0
1990-07-23 17:00:00+00:00,23.75,93.1,0.0,0.0,0.0,422.1,2.55,174.0,100250.0
1990-07-23 18:00:00+00:00,23.73,90.1,0.0,0.0,0.0,425.75,2.48,166.0,100250.0
1990-07-23 19:00:00+00:00,23.51,90.1,0.0,0.0,0.0,422.3,2.83,162.0,100260.0
1990-07-23 20:00:00+00:00,23.58,90.1,0.0,0.0,0.0,426.9,2.97,160.0,100250.0
1990-07-23 21:00:00+00:00,23.63,90.1,33.2,97.74,28.6,424.4,2.9,158.0,100280.0
1990-07-23 22:00:00+00:00,23.88,90.1,80.15,48.16,69.0,424.4,2.76,164.0,100310.0
1990-07-23 23:00:00+00:00,24.25,87.2,156.55,70.64,127.2,428.65,2.83,174.0,100340.0
1990-07-24 00:00:00+00:00,24.62,84.4,235.8,146.43,150.2,430.8,3.03,180.0,100370.0
1990-07-24 01:00:00+00:00,25.23,84.45,283.95,96.03,213.75,427.4,3.72,183.0,100400.0
1990-07-24 02:00:00+00:00,25.77,81.8,348.2,142.15,228.4,432.55,4.34,188.0,100380.0
1990-07-24 03:00:00+00:00,26.08,79.2,264.55,80.19,191.4,436.4,4.41,189.0,100370.0
1990-07-24 04:00:00+00:00,26.09,79.2,477.2,212.64,278.45,440.45,3.66,180.0,100360.0
1990-07-24 05:00:00+00:00,27.08,74.3,557.6,327.56,260.0,436.4,3.72,167.0,100290.0
1990-07-24 06:00:00+00:00,27.81,74.3,450.65,247.3,244.0,431.0,3.1,174.0,100250.0
1990-07-24 07:00:00+00:00,27.85,74.3,336.45,179.3,207.2,436.8,3.24,167.0,100180.0
1990-07-24 08:00:00+00:00,28.09,72.0,226.8,157.48,136.7,435.65,2.55,178.0,100140.0
1990-07-24 09:00:00+00:00,27.81,76.8,98.55,51.81,77.85,435.25,2.34,203.0,100110.0
1990-07-24 10:00:00+00:00,27.17,76.8,35.6,30.02,29.15,442.8,2.28,196.0,100100.0
1990-07-24 11:00:00+00:00,26.49,79.2,0.5,0.0,0.5,430.2,2.97,178.0,100140.0
1990-07-24 12:00:00+00:00,26.02,79.2,0.0,0.0,0.0,435.85,3.86,160.0,100200.0
1990-07-24 13:00:00+00:00,25.46,81.75,0.0,0.0,0.0,425.0,4.34,148.0,100270.0
1990-07-24 14:00:00+00:00,24.87,81.7,0.0,0.0,0.0,416.3,4.55,146.0,100300.0
1990-07-24 15:00:00+00:00,24.46,84.35,0.0,0.0,0.0,419.75,4.55,149.0,100320.0
1990-07-24 16:00:00+00:00,24.24,81.65,0.0,0.0,0.0,421.5,4.76,147.0,100290.0
1990-07-24 17:00:00+00:00,23.96,84.35,0.0,0.0,0.0,420.9,5.31,143.0,100240.0
1990-07-24 18:00:00+00:00,23.71,84.35,0.0,0.0,0.0,415.3,5.52,136.0,100230.0
1990-07-24 19:00:00+00:00,24.07,84.35,0.0,0.0,0.0,419.95,5.38,139.0,100180.0
1990-07-24 20:00:00+00:00,23.82,87.15,0.0,0.0,0.0,409.9,5.52,143.0,100170.0
1990-07-24 21:00:00+00:00,23.75,87.15,32.5,65.12,29.6,416.1,5.86,138.0,100130.0
1990-07-24 22:00:00+00:00,23.97,87.15,98.7,30.54,91.7,414.35,6.0,138.0,100150.0
1990-07-24 23:00:00+00:00,24.47,87.2,172.3,38.22,156.5,418.2,5.72,142.0,100190.0
1990-07-25 00:00:00+00:00,25.01,81.75,278.15,83.83,229.3,423.45,6.0,139.0,100200.0
1990-07-25 01:00:00+00:00,25.83,81.8,353.0,110.91,272.1,421.4,6.69,141.0,100210.0
1990-07-25 02:00:00+00:00,26.5,79.2,378.35,74.76,315.45,425.55,7.1,142.0,100190.0
1990-07-25 03:00:00+00:00,26.94,76.7,371.6,68.94,308.8,432.55,7.24,140.0,100170.0
1990-07-25 04:00:00+00:00,27.38,74.3,368.5,84.0,290.1,433.3,8.28,143.0,100140.0
1990-07-25 05:00:00+00:00,27.3,76.8,311.7,70.55,247.7,427.5,8.41,146.0,100120.0
1990-07-25 06:00:00+00:00,27.12,76.8,158.05,10.31,149.45,434.1,7.93,146.0,100040.0
1990-07-25 07:00:00+00:00,26.21,79.2,133.05,8.76,126.75,436.8,7.1,143.0,100000.0
1990-07-25 08:00:00+00:00,25.77,81.8,118.75,16.04,109.6,435.05,7.1,142.0,99970.0
1990-07-25 09:00:00+00:00,24.97,90.15,75.25,25.15,65.25,435.25,7.45,145.0,99960.0
1990-07-25 10:00:00+00:00,24.82,87.25,18.7,4.23,17.8,432.15,8.62,148.0,99960.0
1990-07-25 11:00:00+00:00,24.62,87.25,0.15,0.0,0.15,434.45,8.9,149.0,99970.0
1990-07-25 12:00:00+00:00,24.29,90.1,0.0,0.0,0.0,431.35,9.24,149.0,100000.0
1990-07-25 13:00:00+00:00,23.99,90.1,0.0,0.0,0.0,431.4,9.38,149.0,100040.0
1990-07-25 14:00:00+00:00,23.81,90.1,0.0,0.0,0.0,431.0,9.1,149.0,100020.0
1990-07-25 15:00:00+00:00,23.71,90.1,0.0,0.0,0.0,431.4,9.17,148.0,100000.0
1990-07-25 16:00:00+00:00,23.6,90.1,0.0,0.0,0.0,431.2,9.31,149.0,99970.0
1990-07-25 17:00:00+00:00,23.54,90.1,0.0,0.0,0.0,429.85,9.45,149.0,99910.0
1990-07-25 18:00:00+00:00,23.48,90.1,0.0,0.0,0.0,429.45,9.31,149.0,99910.0
1990-07-25 19:00:00+00:00,23.28,90.05,0.0,0.0,0.0,430.8,8.28,153.0,99910.0
1990-07-25 20:00:00+00:00,23.39,93.05,0.0,0.0,0.0,430.8,8.0,159.0,99880.0
1990-07-25 21:00:00+00:00,23.4,93.05,6.5,0.0,6.5,431.2,7.59,161.0,99880.0
1990-07-25 22:00:00+00:00,23.35,93.05,12.95,0.0,12.95,430.4,7.1,160.0,99890.0
1990-07-25 23:00:00+00:00,23.33,93.05,30.6,0.0,30.6,431.0,6.41,158.0,99890.0
1990-07-26 00:00:00+00:00,23.47,90.1,79.05,3.36,77.1,431.0,5.72,163.0,99880.0
1990-07-26 01:00:00+00:00,23.77,93.1,131.7,7.56,126.2,431.7,5.59,171.0,99870.0
1990-07-26 02:00:00+00:00,24.1,90.1,201.55,24.77,180.75,432.55,5.52,173.0,99860.0
1990-07-26 03:00:00+00:00,24.31,90.1,244.35,52.06,197.0,434.45,5.93,174.0,99870.0
1990-07-26 04:00:00+00:00,24.39,90.1,285.45,69.9,220.3,434.65,6.41,173.0,99870.0
1990-07-26 05:00:00+00:00,24.8,87.25,397.95,140.92,270.3,431.95,5.52,180.0,99850.0
1990-07-26 06:00:00+00:00,25.61,84.5,362.45,161.88,227.65,430.4,5.72,190.0,99840.0
1990-07-26 07:00:00+00:00,25.1,84.45,281.15,156.54,168.8,429.45,6.21,168.0,99830.0
1990-07-26 08:00:00+00:00,25.58,81.8,239.15,200.59,125.1,424.2,6.28,168.0,99810.0
1990-07-26 09:00:00+00:00,25.86,84.5,144.75,158.02,82.25,421.1,5.59,170.0,99830.0
1990-07-26 10:00:00+00:00,25.88,84.5,43.65,64.18,30.15,413.55,4.9,172.0,99850.0
1990-07-26 11:00:00+00:00,25.5,84.5,0.4,0.0,0.4,402.15,4.69,174.0,99930.0
1990-07-26 12:00:00+00:00,25.16,87.3,0.0,0.0,0.0,404.3,4.9,174.0,100000.0
1990-07-26 13:00:00+00:00,24.87,90.15,0.0,0.0,0.0,394.6,5.1,173.0,100070.0
1990-07-26 14:00:00+00:00,24.58,90.15,0.0,0.0,0.0,389.2,5.24,173.0,100100.0
1990-07-26 15:00:00+00:00,24.43,93.1,0.0,0.0,0.0,395.0,5.31,173.0,100140.0
1990-07-26 16:00:00+00:00,24.26,93.1,0.0,0.0,0.0,394.0,5.1,174.0,100130.0
1990-07-26 17:00:00+00:00,24.02,90.1,0.0,0.0,0.0,390.75,4.62,172.0,100120.0
1990-07-26 18:00:00+00:00,23.91,93.1,0.0,0.0,0.0,395.0,4.41,168.0,100100.0
1990-07-26 19:00:00+00:00,23.68,93.1,0.0,0.0,0.0,399.85,4.0,160.0,100140.0
1990-07-26 20:00:00+00:00,23.59,93.1,0.0,0.0,0.0,399.45,3.86,163.0,100160.0
1990-07-26 21:00:00+00:00,23.58,93.1,37.15,0.0,37.15,401.0,3.52,160.0,100190.0
1990-07-26 22:00:00+00:00,23.8,93.1,161.7,275.43,99.85,399.05,3.24,155.0,100180.0
1990-07-26 23:00:00+00:00,24.7,87.25,341.05,461.69,152.1,401.0,3.31,153.0,100220.0
1990-07-27 00:00:00+00:00,25.77,84.5,477.85,439.56,223.35,402.75,3.45,158.0,100270.0
1990-07-27 01:00:00+00:00,26.77,79.3,639.25,580.34,217.9,408.25,3.59,166.0,100280.0
1990-07-27 02:00:00+00:00,27.65,76.8,627.9,336.7,345.65,392.85,3.1,170.0,100250.0
1990-07-27 03:00:00+00:00,28.18,74.4,568.95,200.54,386.85,408.15,2.48,177.0,100190.0
1990-07-27 04:00:00+00:00,28.6,72.1,425.35,56.68,372.6,416.85,2.83,185.0,100200.0
1990-07-27 05:00:00+00:00,28.57,72.1,359.55,23.5,338.3,425.4,3.38,188.0,100190.0
1990-07-27 06:00:00+00:00,28.44,74.4,260.0,19.67,243.65,424.6,3.45,186.0,100140.0
1990-07-27 07:00:00+00:00,27.41,74.3,212.4,44.48,180.55,424.6,3.93,193.0,100230.0
1990-07-27 08:00:00+00:00,27.2,76.8,187.7,62.03,152.55,422.1,3.79,197.0,100210.0
1990-07-27 09:00:00+00:00,27.08,76.8,86.2,17.54,79.3,421.3,4.07,203.0,100240.0
1990-07-27 10:00:00+00:00,26.42,81.85,29.85,3.37,29.15,422.1,3.86,205.0,100230.0
1990-07-27 11:00:00+00:00,25.78,84.5,0.2,0.0,0.2,414.75,3.59,194.0,100230.0
1990-07-27 12:00:00+00:00,25.34,87.3,0.0,0.0,0.0,413.75,3.38,178.0,100240.0
1990-07-27 13:00:00+00:00,24.98,90.15,0.0,0.0,0.0,408.55,2.97,171.0,100270.0
1990-07-27 14:00:00+00:00,24.58,90.15,0.0,0.0,0.0,402.15,2.55,171.0,100240.0
1990-07-27 15:00:00+00:00,24.17,93.1,0.0,0.0,0.0,399.05,2.07,180.0,100260.0
1990-07-27 16:00:00+00:00,23.85,93.1,0.0,0.0,0.0,401.0,1.93,193.0,100250.0
1990-07-27 17:00:00+00:00,23.64,93.1,0.0,0.0,0.0,396.35,2.21,197.0,100200.0
1990-07-27 18:00:00+00:00,23.57,93.1,0.0,0.0,0.0,397.7,2.41,208.0,100180.0
1990-07-27 19:00:00+00:00,23.47,96.2,0.0,0.0,0.0,393.05,3.03,198.0,100200.0
1990-07-27 20:00:00+00:00,23.41,96.2,0.0,0.0,0.0,391.7,3.1,198.0,100180.0
1990-07-27 21:00:00+00:00,23.42,96.2,26.65,0.0,26.65,403.5,3.1,210.0,100200.0
1990-07-27 22:00:00+00:00,23.69,93.1,115.75,158.88,80.45,421.1,3.86,218.0,100240.0
1990-07-27 23:00:00+00:00,23.99,90.1,246.1,225.24,154.4,413.55,4.21,217.0,100260.0
1990-07-28 00:00:00+00:00,24.62,87.25,404.15,353.34,200.25,414.15,4.48,214.0,100270.0
1990-07-28 01:00:00+00:00,25.48,84.45,576.0,516.0,202.25,412.9,4.55,212.0,100270.0
1990-07-28 02:00:00+00:00,26.26,79.2,789.45,735.92,173.7,396.95,4.69,214.0,100300.0
1990-07-28 03:00:00+00:00,26.97,76.7,855.2,757.75,168.25,391.1,5.1,219.0,100340.0
1990-07-28 04:00:00+00:00,27.3,71.9,860.55,745.16,168.2,391.1,5.59,225.0,100350.0
1990-07-28 05:00:00+00:00,27.43,71.9,799.4,707.14,160.95,392.65,5.79,230.0,100330.0
1990-07-28 06:00:00+00:00,27.37,69.6,686.9,645.04,151.8,393.25,5.66,230.0,100310.0
1990-07-28 07:00:00+00:00,27.73,69.6,537.6,568.6,131.5,397.5,5.24,230.0,100250.0
1990-07-28 08:00:00+00:00,27.38,69.6,366.9,454.68,110.15,397.1,5.03,229.0,100240.0
1990-07-28 09:00:00+00:00,26.82,71.85,186.5,274.06,79.3,392.45,4.69,229.0,100230.0
1990-07-28 10:00:00+00:00,26.17,74.15,50.2,99.29,29.8,396.75,4.41,226.0,100250.0
1990-07-28 11:00:00+00:00,25.46,76.5,0.2,0.0,0.2,392.1,4.28,223.0,100290.0
1990-07-28 12:00:00+00:00,24.95,79.05,0.0,0.0,0.0,388.2,3.93,218.0,100330.0
1990-07-28 13:00:00+00:00,24.69,79.05,0.0,0.0,0.0,386.45,3.79,211.0,100420.0
1990-07-28 14:00:00+00:00,24.47,81.65,0.0,0.0,0.0,388.0,3.66,205.0,100400.0
1990-07-28 15:00:00+00:00,24.33,81.65,0.0,0.0,0.0,388.2,3.66,203.0,100430.0
1990-07-28 16:00:00+00:00,24.26,81.65,0.0,0.0,0.0,390.95,3.66,207.0,100460.0
1990-07-28 17:00:00+00:00,24.26,81.65,0.0,0.0,0.0,402.35,3.45,216.0,100450.0
1990-07-28 18:00:00+00:00,24.18,84.35,0.0,0.0,0.0,404.65,3.31,214.0,100440.0
1990-07-28 19:00:00+00:00,23.92,87.15,0.0,0.0,0.0,392.85,3.31,199.0,100420.0
1990-07-28 20:00:00+00:00,23.73,87.15,0.0,0.0,0.0,388.2,3.1,202.0,100410.0
1990-07-28 21:00:00+00:00,23.61,87.15,33.55,0.0,33.55,389.0,2.97,203.0,100410.0
1990-07-28 22:00:00+00:00,23.96,87.15,196.6,532.14,79.65,385.5,2.76,205.0,100420.0
1990-07-28 23:00:00+00:00,24.93,84.4,359.1,596.71,117.45,386.85,2.9,210.0,100480.0
1990-07-29 00:00:00+00:00,25.72,76.6,512.65,620.04,156.05,391.9,3.24,214.0,100470.0
1990-07-29 01:00:00+00:00,26.33,74.15,624.5,570.81,212.05,397.6,3.31,217.0,100470.0
1990-07-29 02:00:00+00:00,26.93,71.85,647.65,380.55,329.85,404.3,3.17,224.0,100480.0
1990-07-29 03:00:00+00:00,27.35,69.6,676.3,376.5,335.55,408.75,3.38,233.0,100490.0
1990-07-29 04:00:00+00:00,27.45,71.9,564.65,214.04,366.1,413.4,3.38,240.0,100470.0
1990-07-29 05:00:00+00:00,27.26,69.6,479.85,145.35,348.85,416.65,2.76,247.0,100410.0
1990-07-29 06:00:00+00:00,27.27,69.6,394.8,116.44,298.4,419.4,2.21,251.0,100360.0
1990-07-29 07:00:00+00:00,27.4,71.9,292.15,88.02,229.45,421.5,1.66,246.0,100300.0
1990-07-29 08:00:00+00:00,27.22,71.9,186.05,24.44,172.3,422.85,1.38,246.0,100250.0
1990-07-29 09:00:00+00:00,26.9,74.25,93.85,9.13,90.3,421.3,1.31,268.0,100240.0
1990-07-29 10:00:00+00:00,26.35,76.65,20.1,5.91,18.9,421.3,1.79,274.0,100260.0
1990-07-29 11:00:00+00:00,25.64,79.15,0.05,0.0,0.05,420.9,1.66,272.0,100270.0
1990-07-29 12:00:00+00:00,25.09,84.45,0.0,0.0,0.0,417.85,1.1,257.0,100310.0
1990-07-29 13:00:00+00:00,24.61,84.4,0.0,0.0,0.0,415.3,1.45,221.0,100330.0
1990-07-29 14:00:00+00:00,24.41,87.2,0.0,0.0,0.0,412.0,1.93,213.0,100310.0
1990-07-29 15:00:00+00:00,24.43,87.2,0.0,0.0,0.0,419.0,2.21,227.0,100280.0
1990-07-29 16:00:00+00:00,24.31,90.1,0.0,0.0,0.0,415.5,2.07,232.0,100240.0
1990-07-29 17:00:00+00:00,24.23,90.1,0.0,0.0,0.0,415.9,2.07,238.0,100230.0
1990-07-29 18:00:00+00:00,23.96,93.1,0.0,0.0,0.0,413.0,1.66,247.0,100260.0
1990-07-29 19:00:00+00:00,24.36,90.1,0.0,0.0,0.0,413.55,0.83,199.0,100210.0
1990-07-29 20:00:00+00:00,23.59,93.1,0.0,0.0,0.0,410.45,1.1,195.0,100220.0
1990-07-29 21:00:00+00:00,23.42,93.05,25.7,0.0,25.7,408.15,1.86,196.0,100170.0
1990-07-29 22:00:00+00:00,23.74,93.1,93.15,70.63,77.8,408.75,1.72,218.0,100200.0
1990-07-29 23:00:00+00:00,24.44,90.1,92.65,1.49,92.05,409.7,1.66,246.0,100220.0
1990-07-30 00:00:00+00:00,24.55,84.4,144.3,18.58,133.65,413.55,1.03,250.0,100230.0
1990-07-30 01:00:00+00:00,24.71,84.4,176.8,7.42,171.45,414.45,0.69,110.0,100170.0
1990-07-30 02:00:00+00:00,25.18,81.75,187.95,10.32,179.35,420.55,2.14,105.0,100140.0
1990-07-30 03:00:00+00:00,25.59,79.15,145.1,10.51,135.6,422.1,3.17,95.0,100100.0
1990-07-30 04:00:00+00:00,25.32,84.45,132.55,5.83,127.15,424.2,4.28,71.0,99980.0
1990-07-30 05:00:00+00:00,25.17,84.45,166.6,24.23,144.8,419.75,4.28,70.0,99890.0
1990-07-30 06:00:00+00:00,25.18,84.45,71.5,0.0,71.5,424.0,3.66,52.0,99900.0
1990-07-30 07:00:00+00:00,24.36,90.1,58.85,2.04,57.4,426.75,4.0,62.0,99700.0
1990-07-30 08:00:00+00:00,23.84,90.1,29.95,0.0,29.95,428.45,6.41,48.0,99550.0
1990-07-30 09:00:00+00:00,23.53,90.1,13.25,0.0,13.25,428.3,6.62,47.0,99400.0
1990-07-30 10:00:00+00:00,23.46,93.05,6.0,0.0,6.0,430.4,2.48,45.0,99410.0
1990-07-30 11:00:00+00:00,23.49,90.1,0.0,0.0,0.0,431.95,1.72,295.0,99490.0
1990-07-30 12:00:00+00:00,23.37,93.05,0.0,0.0,0.0,431.55,1.38,323.0,99570.0
1990-07-30 13:00:00+00:00,23.39,93.05,0.0,0.0,0.0,431.0,1.79,340.0,99640.0
1990-07-30 14:00:00+00:00,23.3,93.05,0.0,0.0,0.0,424.4,2.97,345.0,99680.0
1990-07-30 15:00:00+00:00,23.21,93.05,0.0,0.0,0.0,420.35,3.52,360.0,99680.0
1990-07-30 16:00:00+00:00,23.0,93.05,0.0,0.0,0.0,411.05,3.86,3.0,99700.0
1990-07-30 17:00:00+00:00,22.77,96.15,0.0,0.0,0.0,409.1,4.07,0.0,99710.0
1990-07-30 18:00:00+00:00,22.54,93.05,0.0,0.0,0.0,400.0,3.93,356.0,99750.0
1990-07-30 19:00:00+00:00,22.1,93.05,0.0,0.0,0.0,394.8,3.86,356.0,99850.0
1990-07-30 20:00:00+00:00,21.79,96.15,0.0,0.0,0.0,392.45,3.66,358.0,99900.0
1990-07-30 21:00:00+00:00,21.54,96.15,26.9,0.0,26.9,390.55,3.38,358.0,99940.0
1990-07-30 22:00:00+00:00,21.67,96.15,126.2,216.64,79.65,390.95,3.03,360.0,99970.0
1990-07-30 23:00:00+00:00,22.29,93.05,281.95,376.07,131.3,388.2,3.24,2.0,100020.0
1990-07-31 00:00:00+00:00,23.25,87.1,423.8,378.1,207.85,387.45,3.1,358.0,100070.0
1990-07-31 01:00:00+00:00,24.35,81.65,563.55,461.76,231.55,399.55,3.1,4.0,100100.0
1990-07-31 02:00:00+00:00,25.47,76.5,723.75,548.58,267.45,395.95,3.03,19.0,100090.0
1990-07-31 03:00:00+00:00,26.68,69.5,796.25,630.19,227.9,396.95,2.48,19.0,100090.0
1990-07-31 04:00:00+00:00,27.55,67.3,797.45,604.47,238.65,401.4,1.52,1.0,100090.0
1990-07-31 05:00:00+00:00,28.04,65.2,758.4,629.68,192.95,398.45,1.38,320.0,100090.0
1990-07-31 06:00:00+00:00,28.27,65.2,674.65,613.05,169.3,399.85,1.86,298.0,100080.0
1990-07-31 07:00:00+00:00,28.1,67.4,536.1,560.04,139.35,390.95,1.66,312.0,100040.0
1990-07-31 08:00:00+00:00,28.13,67.4,365.7,457.43,110.35,389.0,1.52,311.0,100050.0
1990-07-31 09:00:00+00:00,27.89,71.9,189.4,289.89,78.1,387.05,1.52,303.0,100030.0
1990-07-31 10:00:00+00:00,27.26,74.3,47.3,90.65,29.4,385.1,1.52,279.0,100070.0
1990-07-31 11:00:00+00:00,26.22,79.2,0.05,0.0,0.05,386.3,1.66,260.0,100080.0
1990-07-31 12:00:00+00:00,24.86,90.15,0.0,0.0,0.0,382.6,1.45,246.0,100160.0
1990-07-31 13:00:00+00:00,23.84,93.1,0.0,0.0,0.0,379.7,1.31,237.0,100210.0
1990-07-31 14:00:00+00:00,24.49,87.25,0.0,0.0,0.0,379.1,0.9,236.0,100220.0
1990-07-31 15:00:00+00:00,24.66,87.25,0.0,0.0,0.0,376.8,0.55,232.0,100230.0
1990-07-31 16:00:00+00:00,20.82,99.53,0.0,0.0,0.0,361.1,1.61,172.0,100240.0
1990-07-31 17:00:00+00:00,21.49,96.92,0.0,0.0,0.0,365.98,1.77,165.0,100210.0
1990-07-31 18:00:00+00:00,22.16,94.31,0.0,0.0,0.0,370.86,1.93,173.0,100210.0
1990-07-31 19:00:00+00:00,22.83,91.71,0.0,0.0,0.0,375.74,2.09,191.0,100200.0
1990-07-31 20:00:00+00:00,23.51,89.1,0.0,0.0,0.0,380.62,2.25,209.0,100230.0
1990-07-31 21:00:00+00:00,24.18,86.49,37.2,0.0,37.2,385.49,2.41,197.0,100240.0
1990-07-31 22:00:00+00:00,24.85,83.88,172.05,350.3,97.65,390.37,2.57,192.0,100260.0
1990-07-31 23:00:00+00:00,25.52,81.28,324.95,417.83,158.5,395.25,2.73,193.0,100310.0
1990-08-01 00:00:00+00:00,26.19,78.67,482.75,558.84,164.7,400.13,2.89,167.0,100720.0
1990-08-01 01:00:00+00:00,26.86,76.06,620.25,549.33,226.3,405.0,3.05,174.0,100660.0
1990-08-01 02:00:00+00:00,27.53,73.45,590.15,358.34,292.7,409.88,3.22,193.0,100660.0
1990-08-01 03:00:00+00:00,28.21,70.84,598.75,313.7,316.35,414.76,3.38,207.0,100650.0
1990-08-01 04:00:00+00:00,28.88,68.24,644.45,353.06,318.65,419.64,3.54,225.0,100600.0
1990-08-01 05:00:00+00:00,29.55,65.63,695.95,461.03,282.75,424.52,3.7,237.0,100520.0
1990-08-01 06:00:00+00:00,30.22,63.02,460.45,214.85,283.75,429.39,3.86,240.0,100490.0
1990-08-01 07:00:00+00:00,30.89,60.41,345.55,199.62,204.55,434.27,4.02,236.0,100500.0
1990-08-01 08:00:00+00:00,29.95,65.5,259.35,150.29,175.8,437.95,2.62,241.0,100450.0
1990-08-01 09:00:00+00:00,29.79,65.5,106.6,55.98,85.25,433.5,2.55,238.0,100450.0
1990-08-01 10:00:00+00:00,29.12,69.85,34.05,31.34,27.95,436.8,2.34,226.0,100470.0
1990-08-01 11:00:00+00:00,28.26,74.4,0.0,0.0,0.0,426.35,2.34,212.0,100480.0
1990-08-01 12:00:00+00:00,27.47,79.35,0.0,0.0,0.0,415.9,2.69,189.0,100540.0
1990-08-01 13:00:00+00:00,27.12,79.3,0.0,0.0,0.0,419.55,3.66,180.0,100590.0
1990-08-01 14:00:00+00:00,26.79,81.85,0.0,0.0,0.0,420.55,4.14,176.0,100570.0
1990-08-01 15:00:00+00:00,26.51,81.85,0.0,0.0,0.0,425.95,4.07,178.0,100540.0
1990-08-01 16:00:00+00:00,26.17,87.3,0.0,0.0,0.0,422.3,4.0,182.0,100470.0
1990-08-01 17:00:00+00:00,25.85,90.2,0.0,0.0,0.0,425.95,4.0,186.0,100420.0
1990-08-01 18:00:00+00:00,25.36,90.2,0.0,0.0,0.0,430.6,4.21,192.0,100420.0
1990-08-01 19:00:00+00:00,24.87,96.2,0.0,0.0,0.0,432.55,3.45,190.0,100370.0
1990-08-01 20:00:00+00:00,24.88,96.2,0.0,0.0,0.0,443.0,3.1,186.0,100370.0
1990-08-01 21:00:00+00:00,24.73,96.2,6.4,0.0,6.4,440.85,3.03,188.0,100380.0
1990-08-01 22:00:00+00:00,24.76,96.2,29.3,0.0,29.3,442.0,2.97,186.0,100420.0
1990-08-01 23:00:00+00:00,24.82,96.2,57.2,1.26,56.7,440.85,3.24,187.0,100440.0
1990-08-02 00:00:00+00:00,24.87,96.2,76.7,0.0,76.7,442.8,3.31,183.0,100440.0
1990-08-02 01:00:00+00:00,25.14,93.15,207.85,21.25,192.65,443.1,3.72,192.0,100410.0
1990-08-02 02:00:00+00:00,25.92,90.2,379.4,167.14,240.95,440.85,4.21,207.0,100380.0
1990-08-02 03:00:00+00:00,27.18,87.4,556.9,325.31,264.6,436.6,4.0,205.0,100350.0
1990-08-02 04:00:00+00:00,28.54,82.1,665.9,437.58,262.85,434.85,4.07,199.0,100300.0
1990-08-02 05:00:00+00:00,29.61,77.1,640.5,486.32,205.5,436.8,4.41,202.0,100210.0
1990-08-02 06:00:00+00:00,30.14,74.7,433.75,305.18,183.35,437.35,4.41,209.0,100140.0
1990-08-02 07:00:00+00:00,30.0,74.7,409.4,341.31,169.05,435.45,3.72,200.0,100110.0
1990-08-02 08:00:00+00:00,29.32,77.0,243.75,242.18,109.7,434.45,4.41,183.0,100100.0
1990-08-02 09:00:00+00:00,28.86,79.5,139.4,145.63,84.25,432.9,4.21,170.0,100040.0
1990-08-02 10:00:00+00:00,28.69,79.5,35.7,51.91,25.75,431.55,4.14,163.0,100070.0
1990-08-02 11:00:00+00:00,28.2,82.05,0.0,0.0,0.0,430.4,4.48,158.0,100100.0
1990-08-02 12:00:00+00:00,27.66,84.65,0.0,0.0,0.0,428.85,4.97,159.0,100140.0
1990-08-02 13:00:00+00:00,27.34,87.4,0.0,0.0,0.0,433.3,5.38,162.0,100190.0
1990-08-02 14:00:00+00:00,27.06,87.4,0.0,0.0,0.0,431.55,5.52,162.0,100140.0
1990-08-02 15:00:00+00:00,26.87,90.25,0.0,0.0,0.0,426.9,5.31,160.0,100100.0
1990-08-02 16:00:00+00:00,26.82,90.25,0.0,0.0,0.0,430.0,5.38,161.0,100090.0
1990-08-02 17:00:00+00:00,26.73,90.25,0.0,0.0,0.0,429.25,5.38,162.0,100040.0
1990-08-02 18:00:00+00:00,26.68,90.25,0.0,0.0,0.0,431.75,5.45,162.0,100000.0
1990-08-02 19:00:00+00:00,26.32,87.3,0.0,0.0,0.0,436.6,6.62,158.0,99880.0
1990-08-02 20:00:00+00:00,26.34,87.3,0.0,0.0,0.0,428.45,6.76,155.0,99840.0
1990-08-02 21:00:00+00:00,26.34,87.3,8.95,0.0,8.95,432.9,6.9,151.0,99790.0
1990-08-02 22:00:00+00:00,26.44,87.35,16.25,0.0,16.25,434.65,6.62,151.0,99820.0
1990-08-02 23:00:00+00:00,26.2,90.2,28.5,0.0,28.5,438.9,6.97,145.0,99810.0
1990-08-03 00:00:00+00:00,26.32,93.2,37.75,0.0,37.75,438.55,7.93,149.0,99790.0
1990-08-03 01:00:00+00:00,26.25,93.2,67.05,0.28,66.85,440.2,8.21,155.0,99750.0
1990-08-03 02:00:00+00:00,26.36,93.2,109.5,0.6,109.0,438.9,8.21,156.0,99710.0
1990-08-03 03:00:00+00:00,26.59,90.25,190.4,21.69,170.95,437.55,8.34,161.0,99640.0
1990-08-03 04:00:00+00:00,27.0,87.4,160.15,13.81,147.45,436.2,9.79,168.0,99590.0
1990-08-03 05:00:00+00:00,27.0,87.4,152.15,15.68,138.15,439.1,9.79,171.0,99560.0
1990-08-03 06:00:00+00:00,27.04,87.4,210.4,52.78,167.2,436.6,9.38,174.0,99540.0
1990-08-03 07:00:00+00:00,27.01,87.4,234.1,87.11,172.95,438.55,10.21,178.0,99490.0
1990-08-03 08:00:00+00:00,27.44,84.65,139.95,52.72,110.9,435.05,9.59,188.0,99510.0
1990-08-03 09:00:00+00:00,27.05,87.4,57.45,15.43,51.65,434.85,8.62,190.0,99560.0
1990-08-03 10:00:00+00:00,26.56,87.35,8.55,0.0,8.55,440.45,7.38,190.0,99600.0
1990-08-03 11:00:00+00:00,26.41,90.2,0.0,0.0,0.0,444.35,7.1,191.0,99680.0
1990-08-03 12:00:00+00:00,26.13,90.2,0.0,0.0,0.0,444.9,6.48,189.0,99730.0
1990-08-03 13:00:00+00:00,25.83,93.15,0.0,0.0,0.0,438.55,6.41,186.0,99840.0
1990-08-03 14:00:00+00:00,25.51,93.15,0.0,0.0,0.0,442.6,6.21,184.0,99840.0
1990-08-03 15:00:00+00:00,25.41,93.15,0.0,0.0,0.0,442.2,5.45,183.0,99850.0
1990-08-03 16:00:00+00:00,25.24,90.2,0.0,0.0,0.0,439.9,4.83,181.0,99860.0
1990-08-03 17:00:00+00:00,25.11,90.2,0.0,0.0,0.0,442.0,4.21,179.0,99840.0
1990-08-03 18:00:00+00:00,25.03,90.2,0.0,0.0,0.0,442.8,3.86,179.0,99860.0
1990-08-03 19:00:00+00:00,24.91,90.2,0.0,0.0,0.0,442.2,3.03,198.0,99870.0
1990-08-03 20:00:00+00:00,24.91,93.15,0.0,0.0,0.0,434.3,2.69,196.0,99870.0
1990-08-03 21:00:00+00:00,24.96,90.2,9.05,0.0,9.05,437.75,2.69,192.0,99890.0
1990-08-03 22:00:00+00:00,25.04,93.15,38.15,19.29,34.2,440.3,2.41,192.0,99930.0
1990-08-03 23:00:00+00:00,25.45,93.15,89.0,51.34,68.9,438.35,2.41,204.0,99930.0
1990-08-04 00:00:00+00:00,26.13,90.2,176.6,113.07,112.95,439.7,2.48,210.0,99920.0
1990-08-04 01:00:00+00:00,26.77,87.35,259.35,159.88,145.6,440.4,2.14,216.0,99940.0
1990-08-04 02:00:00+00:00,27.32,84.6,361.4,216.01,183.25,438.55,1.66,212.0,99960.0
1990-08-04 03:00:00+00:00,27.93,81.95,548.35,308.94,271.85,441.45,1.52,207.0,99940.0
1990-08-04 04:00:00+00:00,28.7,79.5,569.75,319.62,276.5,437.2,1.93,230.0,99910.0
1990-08-04 05:00:00+00:00,29.09,77.0,574.65,366.18,248.5,445.1,2.34,241.0,99880.0
1990-08-04 06:00:00+00:00,29.19,77.0,347.3,218.65,168.8,432.9,2.69,245.0,99880.0
1990-08-04 07:00:00+00:00,30.08,70.0,295.0,218.25,142.3,442.2,0.97,359.0,99830.0
1990-08-04 08:00:00+00:00,30.17,72.35,213.2,168.65,120.7,444.55,0.76,330.0,99780.0
1990-08-04 09:00:00+00:00,30.05,72.35,123.65,132.14,74.35,441.65,0.62,296.0,99820.0
1990-08-04 10:00:00+00:00,29.59,77.1,30.3,37.46,23.35,439.7,0.83,257.0,99810.0
1990-08-04 11:00:00+00:00,28.84,84.75,0.0,0.0,0.0,429.65,1.31,242.0,99880.0
1990-08-04 12:00:00+00:00,27.73,90.3,0.0,0.0,0.0,424.4,1.66,229.0,99920.0
1990-08-04 13:00:00+00:00,26.92,96.25,0.0,0.0,0.0,422.3,1.66,225.0,99990.0
1990-08-04 14:00:00+00:00,26.37,96.25,0.0,0.0,0.0,425.0,1.52,212.0,100000.0
1990-08-04 15:00:00+00:00,26.13,96.25,0.0,0.0,0.0,422.1,1.86,185.0,100020.0
1990-08-04 16:00:00+00:00,26.36,96.25,0.0,0.0,0.0,428.65,2.48,179.0,100050.0
1990-08-04 17:00:00+00:00,26.33,96.25,0.0,0.0,0.0,426.75,2.41,184.0,100000.0
1990-08-04 18:00:00+00:00,26.14,96.25,0.0,0.0,0.0,420.15,2.0,192.0,99980.0
1990-08-04 19:00:00+00:00,26.0,96.25,0.0,0.0,0.0,426.55,1.38,211.0,99950.0
1990-08-04 20:00:00+00:00,25.82,96.25,0.0,0.0,0.0,426.35,1.66,228.0,99980.0
1990-08-04 21:00:00+00:00,25.76,96.25,25.95,0.0,25.95,428.1,1.24,249.0,100000.0
1990-08-04 22:00:00+00:00,26.66,93.2,112.25,190.64,73.7,423.85,0.69,309.0,100040.0
1990-08-04 23:00:00+00:00,27.56,90.3,223.7,227.76,135.05,428.1,0.21,59.0,100070.0
1990-08-05 00:00:00+00:00,28.32,87.5,378.35,337.02,189.35,429.05,0.62,89.0,100070.0
1990-08-05 01:00:00+00:00,29.22,77.0,564.3,453.2,242.75,431.3,1.03,90.0,100060.0
1990-08-05 02:00:00+00:00,29.92,74.65,601.45,428.01,249.25,423.85,1.17,109.0,100070.0
1990-08-05 03:00:00+00:00,30.48,70.1,630.75,407.59,266.7,435.25,1.52,143.0,100060.0
1990-08-05 04:00:00+00:00,30.72,70.1,646.9,421.78,260.7,438.75,2.07,174.0,100050.0
1990-08-05 05:00:00+00:00,30.36,74.7,546.55,321.93,260.45,440.85,3.1,187.0,100020.0
1990-08-05 06:00:00+00:00,29.75,74.65,487.25,331.42,217.4,443.0,4.14,192.0,99990.0
1990-08-05 07:00:00+00:00,30.3,70.0,354.95,297.02,147.85,436.8,3.17,205.0,99920.0
1990-08-05 08:00:00+00:00,29.39,77.0,268.45,291.13,109.55,435.85,3.45,208.0,99850.0
1990-08-05 09:00:00+00:00,28.78,79.5,129.8,164.52,68.9,430.2,3.03,214.0,99890.0
1990-08-05 10:00:00+00:00,28.08,82.05,28.1,40.32,20.75,429.65,2.55,223.0,99880.0
1990-08-05 11:00:00+00:00,27.51,84.65,0.0,0.0,0.0,424.0,2.48,215.0,99890.0
1990-08-05 12:00:00+00:00,27.02,87.4,0.0,0.0,0.0,422.3,2.76,209.0,99950.0
1990-08-05 13:00:00+00:00,26.76,87.35,0.0,0.0,0.0,425.35,2.9,209.0,100000.0
1990-08-05 14:00:00+00:00,26.57,87.35,0.0,0.0,0.0,424.6,2.83,204.0,100010.0
1990-08-05 15:00:00+00:00,26.32,90.2,0.0,0.0,0.0,415.1,2.83,202.0,99960.0
1990-08-05 16:00:00+00:00,26.23,87.3,0.0,0.0,0.0,417.65,3.03,195.0,99960.0
1990-08-05 17:00:00+00:00,26.23,87.3,0.0,0.0,0.0,430.8,3.1,186.0,99920.0
1990-08-05 18:00:00+00:00,25.98,84.5,0.0,0.0,0.0,429.05,3.31,172.0,99910.0
1990-08-05 19:00:00+00:00,25.62,87.3,0.0,0.0,0.0,409.3,3.24,187.0,99870.0
1990-08-05 20:00:00+00:00,25.55,87.3,0.0,0.0,0.0,417.05,3.31,183.0,99860.0
1990-08-05 21:00:00+00:00,25.5,87.3,18.8,0.0,18.8,422.65,3.72,183.0,99870.0
1990-08-05 22:00:00+00:00,25.6,87.3,62.95,25.8,57.8,425.75,4.28,186.0,99870.0
1990-08-05 23:00:00+00:00,25.57,87.3,164.15,59.45,141.15,427.5,4.41,203.0,99890.0
1990-08-06 00:00:00+00:00,25.81,87.3,280.05,165.94,187.35,428.45,4.28,217.0,99860.0
1990-08-06 01:00:00+00:00,26.56,81.85,365.2,203.74,221.05,427.6,4.62,222.0,99790.0
1990-08-06 02:00:00+00:00,26.99,79.3,504.55,286.48,269.35,428.85,4.34,231.0,99820.0
1990-08-06 03:00:00+00:00,27.3,81.9,499.4,248.84,277.6,431.4,4.0,243.0,99790.0
1990-08-06 04:00:00+00:00,27.08,79.3,564.3,318.7,273.1,433.1,3.45,241.0,99750.0
1990-08-06 05:00:00+00:00,27.51,79.35,528.95,300.17,262.8,432.55,3.31,229.0,99670.0
1990-08-06 06:00:00+00:00,27.73,79.35,459.55,318.23,201.15,436.0,3.52,225.0,99610.0
1990-08-06 07:00:00+00:00,27.79,76.8,399.0,350.53,155.45,425.55,3.52,210.0,99560.0
1990-08-06 08:00:00+00:00,27.26,79.3,237.6,244.81,104.65,412.8,3.93,201.0,99540.0
1990-08-06 09:00:00+00:00,26.84,81.85,128.9,138.23,78.15,413.0,3.45,204.0,99540.0
1990-08-06 10:00:00+00:00,26.79,81.85,26.1,32.96,20.2,416.85,3.59,206.0,99530.0
1990-08-06 11:00:00+00:00,26.21,84.5,0.0,0.0,0.0,418.4,2.76,244.0,99610.0
1990-08-06 12:00:00+00:00,25.23,84.45,0.0,0.0,0.0,423.25,1.66,263.0,99680.0
1990-08-06 13:00:00+00:00,24.83,90.15,0.0,0.0,0.0,411.65,0.55,59.0,99700.0
1990-08-06 14:00:00+00:00,24.38,90.1,0.0,0.0,0.0,425.55,1.17,54.0,99730.0
1990-08-06 15:00:00+00:00,23.7,93.1,0.0,0.0,0.0,426.55,1.31,3.0,99750.0
1990-08-06 16:00:00+00:00,23.11,96.2,0.0,0.0,0.0,422.65,1.45,274.0,99720.0
1990-08-06 17:00:00+00:00,23.18,93.05,0.0,0.0,0.0,415.5,2.21,224.0,99630.0
1990-08-06 18:00:00+00:00,23.27,93.05,0.0,0.0,0.0,410.1,2.14,240.0,99640.0
1990-08-06 19:00:00+00:00,22.57,96.15,0.0,0.0,0.0,410.65,1.52,278.0,99650.0
1990-08-06 20:00:00+00:00,22.34,99.4,0.0,0.0,0.0,414.55,0.55,316.0,99710.0
1990-08-06 21:00:00+00:00,22.6,96.15,17.0,0.0,17.0,415.9,1.1,11.0,99720.0
1990-08-06 22:00:00+00:00,23.12,90.05,97.1,135.03,70.5,414.75,2.21,6.0,99740.0
1990-08-06 23:00:00+00:00,23.37,90.05,184.9,147.72,128.1,406.6,2.48,4.0,99760.0
1990-08-07 00:00:00+00:00,23.84,90.1,252.2,168.02,158.7,415.1,2.62,2.0,99820.0
1990-08-07 01:00:00+00:00,24.19,87.2,390.6,265.2,203.5,416.2,3.1,357.0,99820.0
1990-08-07 02:00:00+00:00,24.9,84.4,556.6,368.29,254.95,413.2,3.45,356.0,99780.0
1990-08-07 03:00:00+00:00,25.74,79.1,656.55,492.46,218.55,412.4,3.59,351.0,99750.0
1990-08-07 04:00:00+00:00,26.55,74.15,630.9,454.84,216.2,411.25,3.52,343.0,99730.0
1990-08-07 05:00:00+00:00,26.98,69.5,669.0,561.92,171.95,406.8,3.38,337.0,99680.0
1990-08-07 06:00:00+00:00,27.44,67.3,481.65,288.32,248.2,404.65,3.24,336.0,99680.0
1990-08-07 07:00:00+00:00,27.47,65.1,453.25,438.2,149.9,419.95,2.41,344.0,99670.0
1990-08-07 08:00:00+00:00,27.73,65.1,273.05,302.54,109.6,401.0,2.07,339.0,99670.0
1990-08-07 09:00:00+00:00,27.64,65.1,149.5,213.57,71.75,401.55,1.66,336.0,99640.0
1990-08-07 10:00:00+00:00,27.38,69.5,32.5,62.92,21.45,399.45,1.17,321.0,99650.0
1990-08-07 11:00:00+00:00,26.73,74.15,0.0,0.0,0.0,387.65,0.76,298.0,99690.0
1990-08-07 12:00:00+00:00,26.88,71.75,0.0,0.0,0.0,385.9,0.34,262.0,99780.0
1990-08-07 13:00:00+00:00,26.48,71.75,0.0,0.0,0.0,385.3,0.76,227.0,99830.0
1990-08-07 14:00:00+00:00,24.62,81.7,0.0,0.0,0.0,385.9,1.31,236.0,99800.0
1990-08-07 15:00:00+00:00,23.31,90.05,0.0,0.0,0.0,383.0,2.0,256.0,99800.0
1990-08-07 16:00:00+00:00,23.26,90.05,0.0,0.0,0.0,381.05,2.21,271.0,99760.0
1990-08-07 17:00:00+00:00,23.15,90.05,0.0,0.0,0.0,378.95,2.28,272.0,99730.0
1990-08-07 18:00:00+00:00,22.97,90.05,0.0,0.0,0.0,377.55,1.93,266.0,99740.0
1990-08-07 19:00:00+00:00,24.08,90.1,0.0,0.0,0.0,382.6,1.38,252.0,99750.0
1990-08-07 20:00:00+00:00,25.19,84.45,0.0,0.0,0.0,383.2,1.03,218.0,99740.0
1990-08-07 21:00:00+00:00,23.95,90.1,27.65,0.0,27.65,383.2,1.31,179.0,99730.0
1990-08-07 22:00:00+00:00,23.07,96.2,171.25,472.83,79.35,383.4,1.66,163.0,99780.0
1990-08-07 23:00:00+00:00,25.83,87.3,341.0,583.82,117.9,384.75,1.86,158.0,99770.0
1990-08-08 00:00:00+00:00,26.75,81.85,512.65,669.95,141.3,389.0,2.07,158.0,99760.0
1990-08-08 01:00:00+00:00,27.57,74.3,660.55,713.39,158.7,393.55,2.0,165.0,99780.0
1990-08-08 02:00:00+00:00,28.26,72.0,754.65,715.33,170.15,397.5,1.86,181.0,99760.0
1990-08-08 03:00:00+00:00,28.82,69.75,799.2,702.35,175.9,404.85,1.93,205.0,99750.0
1990-08-08 04:00:00+00:00,29.2,67.6,802.8,687.52,177.35,406.8,2.48,225.0,99710.0
1990-08-08 05:00:00+00:00,29.39,67.6,733.1,638.72,169.5,410.1,3.03,238.0,99670.0
1990-08-08 06:00:00+00:00,29.23,67.6,647.2,596.04,166.0,409.1,3.31,248.0,99620.0
1990-08-08 07:00:00+00:00,29.36,67.6,470.25,494.09,129.5,406.6,3.1,237.0,99550.0
1990-08-08 08:00:00+00:00,28.97,67.6,302.95,337.76,121.45,404.85,3.45,240.0,99490.0
1990-08-08 09:00:00+00:00,28.37,74.4,151.0,216.71,72.8,402.75,3.59,245.0,99510.0
1990-08-08 10:00:00+00:00,27.63,76.8,28.75,50.53,20.05,402.9,3.38,246.0,99560.0
1990-08-08 11:00:00+00:00,26.82,79.2,0.0,0.0,0.0,401.55,2.97,239.0,99590.0
1990-08-08 12:00:00+00:00,26.27,81.8,0.0,0.0,0.0,398.65,2.76,217.0,99630.0
1990-08-08 13:00:00+00:00,25.9,84.45,0.0,0.0,0.0,396.35,3.17,209.0,99670.0
1990-08-08 14:00:00+00:00,25.59,84.45,0.0,0.0,0.0,389.75,3.24,209.0,99680.0
1990-08-08 15:00:00+00:00,25.33,84.45,0.0,0.0,0.0,387.05,2.76,205.0,99670.0
1990-08-08 16:00:00+00:00,25.0,84.45,0.0,0.0,0.0,386.3,2.55,198.0,99630.0
1990-08-08 17:00:00+00:00,24.7,87.25,0.0,0.0,0.0,386.1,2.62,192.0,99580.0
1990-08-08 18:00:00+00:00,24.51,87.25,0.0,0.0,0.0,386.85,2.69,188.0,99540.0
1990-08-08 19:00:00+00:00,24.23,90.1,0.0,0.0,0.0,388.8,2.34,183.0,99550.0
1990-08-08 20:00:00+00:00,24.14,90.1,0.0,0.0,0.0,389.55,2.41,184.0,99530.0
1990-08-08 21:00:00+00:00,24.15,90.1,25.7,0.0,25.7,391.1,2.62,182.0,99530.0
1990-08-08 22:00:00+00:00,24.64,87.25,164.7,442.08,79.95,390.55,2.83,193.0,99570.0
1990-08-08 23:00:00+00:00,25.88,84.45,337.8,585.01,115.65,393.65,2.97,205.0,99570.0
1990-08-09 00:00:00+00:00,26.81,79.2,494.2,615.04,154.65,399.05,2.9,215.0,99560.0
1990-08-09 01:00:00+00:00,27.46,74.3,615.05,585.76,204.2,400.5,2.9,228.0,99610.0
1990-08-09 02:00:00+00:00,27.98,74.4,694.25,568.82,230.6,406.4,3.1,236.0,99620.0
1990-08-09 03:00:00+00:00,28.21,74.4,752.2,600.48,220.5,412.0,2.9,242.0,99610.0
1990-08-09 04:00:00+00:00,28.5,69.75,761.55,586.13,229.55,415.7,2.9,245.0,99560.0
1990-08-09 05:00:00+00:00,28.76,69.75,710.05,595.85,185.6,410.45,3.1,244.0,99530.0
1990-08-09 06:00:00+00:00,28.73,69.75,559.5,449.19,197.95,413.75,3.24,240.0,99460.0
1990-08-09 07:00:00+00:00,28.28,67.4,450.05,458.77,134.9,404.3,2.97,245.0,99500.0
1990-08-09 08:00:00+00:00,28.4,67.4,289.5,318.4,119.35,405.05,3.38,251.0,99450.0
1990-08-09 09:00:00+00:00,28.14,67.4,137.9,182.47,72.65,401.55,3.03,264.0,99450.0
1990-08-09 10:00:00+00:00,27.62,71.9,29.2,54.27,20.05,399.85,1.79,270.0,99460.0
1990-08-09 11:00:00+00:00,27.02,76.7,0.0,0.0,0.0,398.1,0.55,246.0,99530.0
1990-08-09 12:00:00+00:00,27.01,74.25,0.0,0.0,0.0,392.85,0.62,153.0,99620.0
1990-08-09 13:00:00+00:00,25.38,84.45,0.0,0.0,0.0,394.8,1.17,155.0,99630.0
1990-08-09 14:00:00+00:00,24.4,90.1,0.0,0.0,0.0,392.3,1.93,151.0,99660.0
1990-08-09 15:00:00+00:00,24.5,87.25,0.0,0.0,0.0,397.9,2.28,141.0,99630.0
1990-08-09 16:00:00+00:00,24.53,84.4,0.0,0.0,0.0,398.45,2.34,142.0,99640.0
1990-08-09 17:00:00+00:00,24.47,84.4,0.0,0.0,0.0,395.55,2.41,149.0,99620.0
1990-08-09 18:00:00+00:00,24.55,84.4,0.0,0.0,0.0,400.4,2.55,154.0,99590.0
1990-08-09 19:00:00+00:00,24.47,84.4,0.0,0.0,0.0,394.4,2.69,161.0,99600.0
1990-08-09 20:00:00+00:00,24.55,84.4,0.0,0.0,0.0,394.4,3.1,177.0,99610.0
1990-08-09 21:00:00+00:00,24.17,87.2,21.0,0.0,21.0,396.35,3.72,201.0,99710.0
1990-08-09 22:00:00+00:00,24.51,84.4,121.6,217.42,80.5,398.1,3.17,194.0,99750.0
1990-08-09 23:00:00+00:00,25.29,84.45,265.6,375.94,123.75,401.75,3.17,180.0,99790.0
1990-08-10 00:00:00+00:00,26.12,81.8,434.05,488.05,165.7,398.85,3.59,172.0,99800.0
1990-08-10 01:00:00+00:00,26.9,79.2,557.7,526.45,189.55,409.4,3.52,182.0,99810.0
1990-08-10 02:00:00+00:00,27.66,74.3,704.65,629.77,192.6,404.1,3.31,189.0,99800.0
1990-08-10 03:00:00+00:00,28.33,72.0,695.4,531.46,225.9,414.55,3.03,197.0,99810.0
1990-08-10 04:00:00+00:00,28.76,69.75,723.6,553.94,222.0,415.7,2.83,207.0,99800.0
1990-08-10 05:00:00+00:00,28.85,69.75,656.1,513.29,205.5,413.4,2.9,230.0,99790.0
1990-08-10 06:00:00+00:00,28.32,72.0,476.7,366.41,182.7,414.55,3.45,243.0,99690.0
1990-08-10 07:00:00+00:00,28.83,69.75,352.7,292.69,152.45,418.2,2.76,236.0,99750.0
1990-08-10 08:00:00+00:00,28.06,72.0,209.65,191.6,107.85,411.65,2.69,218.0,99740.0
1990-08-10 09:00:00+00:00,27.48,74.3,128.75,156.26,73.4,406.0,3.24,186.0,99740.0
1990-08-10 10:00:00+00:00,27.05,76.7,24.85,36.68,18.8,400.2,3.31,171.0,99790.0
1990-08-10 11:00:00+00:00,26.13,81.8,0.0,0.0,0.0,399.85,4.14,148.0,99870.0
1990-08-10 12:00:00+00:00,25.56,84.45,0.0,0.0,0.0,399.05,4.62,149.0,99940.0
1990-08-10 13:00:00+00:00,25.2,81.75,0.0,0.0,0.0,392.85,4.14,160.0,99970.0
1990-08-10 14:00:00+00:00,24.99,81.75,0.0,0.0,0.0,391.3,4.21,156.0,100020.0
1990-08-10 15:00:00+00:00,24.8,84.4,0.0,0.0,0.0,388.4,4.34,159.0,100050.0
1990-08-10 16:00:00+00:00,24.66,87.25,0.0,0.0,0.0,387.05,4.48,163.0,100070.0
1990-08-10 17:00:00+00:00,24.52,87.25,0.0,0.0,0.0,386.85,4.41,163.0,100070.0
1990-08-10 18:00:00+00:00,24.38,90.1,0.0,0.0,0.0,385.7,4.28,160.0,100060.0
1990-08-10 19:00:00+00:00,24.46,87.25,0.0,0.0,0.0,391.9,4.34,163.0,100090.0
1990-08-10 20:00:00+00:00,24.21,90.1,0.0,0.0,0.0,385.3,4.48,163.0,100080.0
1990-08-10 21:00:00+00:00,24.15,90.1,0.0,0.0,0.0,388.0,4.48,168.0,100160.0
1990-08-10 22:00:00+00:00,24.43,87.25,157.95,399.8,83.45,391.1,4.34,173.0,100200.0
1990-08-10 23:00:00+00:00,25.21,84.45,319.2,493.76,134.1,392.85,4.55,171.0,100280.0
1990-08-11 00:00:00+00:00,26.15,81.8,467.9,533.62,175.7,397.5,4.69,169.0,100310.0
1990-08-11 01:00:00+00:00,27.18,76.7,641.45,667.77,175.9,404.0,4.83,172.0,100350.0
1990-08-11 02:00:00+00:00,28.21,72.0,717.2,633.78,203.2,405.65,4.9,183.0,100340.0
1990-08-11 03:00:00+00:00,29.04,65.4,759.65,636.32,198.85,411.45,4.9,194.0,100340.0
1990-08-11 04:00:00+00:00,29.55,63.4,683.1,499.32,232.05,418.4,4.76,202.0,100330.0
1990-08-11 05:00:00+00:00,29.87,63.4,656.45,501.19,217.65,429.05,4.41,212.0,100280.0
1990-08-11 06:00:00+00:00,30.09,63.5,490.9,308.14,244.45,430.2,4.0,226.0,100250.0
1990-08-11 07:00:00+00:00,30.17,63.5,378.75,302.79,172.45,431.95,3.79,234.0,100210.0
1990-08-11 08:00:00+00:00,29.81,67.7,187.65,128.84,119.6,431.0,3.86,246.0,100220.0
1990-08-11 09:00:00+00:00,29.12,72.15,98.7,67.71,74.95,431.75,3.24,247.0,100250.0
1990-08-11 10:00:00+00:00,28.58,76.95,21.85,8.99,20.4,434.45,2.48,233.0,100270.0
1990-08-11 11:00:00+00:00,27.92,81.95,0.0,0.0,0.0,423.45,2.48,204.0,100290.0
1990-08-11 12:00:00+00:00,27.35,81.9,0.0,0.0,0.0,414.9,3.1,179.0,100340.0
1990-08-11 13:00:00+00:00,26.93,79.3,0.0,0.0,0.0,408.9,3.72,170.0,100450.0
1990-08-11 14:00:00+00:00,26.45,79.2,0.0,0.0,0.0,404.65,4.0,172.0,100520.0
1990-08-11 15:00:00+00:00,26.06,81.8,0.0,0.0,0.0,403.9,4.14,176.0,100570.0
1990-08-11 16:00:00+00:00,25.74,84.45,0.0,0.0,0.0,405.65,3.72,178.0,100540.0
1990-08-11 17:00:00+00:00,25.43,84.45,0.0,0.0,0.0,400.6,3.24,176.0,100560.0
1990-08-11 18:00:00+00:00,25.11,84.45,0.0,0.0,0.0,396.75,3.66,159.0,100580.0
1990-08-11 19:00:00+00:00,25.24,87.3,0.0,0.0,0.0,401.2,3.72,158.0,100580.0
1990-08-11 20:00:00+00:00,25.1,84.45,0.0,0.0,0.0,398.85,4.28,157.0,100550.0
1990-08-11 21:00:00+00:00,25.0,84.45,0.0,0.0,0.0,396.55,4.41,158.0,100540.0
1990-08-11 22:00:00+00:00,25.25,84.45,132.9,239.33,88.95,394.2,4.07,163.0,100640.0
1990-08-11 23:00:00+00:00,25.9,84.45,269.05,356.45,136.3,400.8,3.72,170.0,100700.0
1990-08-12 00:00:00+00:00,26.77,79.2,476.65,580.97,159.85,404.85,4.14,174.0,100770.0
1990-08-12 01:00:00+00:00,27.86,74.3,626.15,630.56,187.9,406.9,4.48,176.0,100770.0
1990-08-12 02:00:00+00:00,28.87,69.75,724.1,633.95,211.3,407.75,4.55,177.0,100740.0
1990-08-12 03:00:00+00:00,29.79,65.5,701.4,483.01,276.75,412.2,4.34,181.0,100730.0
1990-08-12 04:00:00+00:00,30.35,63.5,707.6,468.94,285.05,425.0,3.79,190.0,100680.0
1990-08-12 05:00:00+00:00,30.85,61.55,596.3,372.52,271.05,430.0,3.31,204.0,100640.0
1990-08-12 06:00:00+00:00,31.0,59.65,505.05,387.45,196.2,434.65,3.1,216.0,100640.0
1990-08-12 07:00:00+00:00,30.5,63.6,337.1,214.77,191.4,435.65,3.1,240.0,100650.0
1990-08-12 08:00:00+00:00,29.45,69.85,190.75,146.78,113.7,432.15,2.14,260.0,100720.0
1990-08-12 09:00:00+00:00,29.01,69.85,105.9,104.68,69.55,425.2,0.97,302.0,100690.0
1990-08-12 10:00:00+00:00,28.68,74.5,18.6,29.22,14.0,423.45,0.62,164.0,100670.0
1990-08-12 11:00:00+00:00,27.94,76.85,0.0,0.0,0.0,421.5,1.66,168.0,100650.0
1990-08-12 12:00:00+00:00,27.28,79.3,0.0,0.0,0.0,414.75,2.55,170.0,100680.0
1990-08-12 13:00:00+00:00,26.84,81.85,0.0,0.0,0.0,405.05,3.24,171.0,100690.0
1990-08-12 14:00:00+00:00,26.47,81.85,0.0,0.0,0.0,401.2,3.72,169.0,100690.0
1990-08-12 15:00:00+00:00,26.06,84.5,0.0,0.0,0.0,396.55,3.59,167.0,100720.0
1990-08-12 16:00:00+00:00,25.67,87.3,0.0,0.0,0.0,394.0,3.1,158.0,100750.0
1990-08-12 17:00:00+00:00,25.27,87.3,0.0,0.0,0.0,392.85,2.83,143.0,100740.0
1990-08-12 18:00:00+00:00,24.9,87.25,0.0,0.0,0.0,390.35,2.69,141.0,100750.0
1990-08-12 19:00:00+00:00,24.8,87.25,0.0,0.0,0.0,394.8,2.28,139.0,100690.0
1990-08-12 20:00:00+00:00,24.21,90.1,0.0,0.0,0.0,390.35,1.79,134.0,100730.0
1990-08-12 21:00:00+00:00,23.61,93.1,0.0,0.0,0.0,387.05,1.79,139.0,100740.0
1990-08-12 22:00:00+00:00,23.99,90.1,142.6,273.61,93.1,391.5,1.72,126.0,100810.0
1990-08-12 23:00:00+00:00,25.61,84.45,306.9,451.82,139.75,391.1,2.0,116.0,100830.0
1990-08-13 00:00:00+00:00,26.56,79.2,432.55,396.69,217.15,394.6,2.28,118.0,100840.0
1990-08-13 01:00:00+00:00,27.43,74.3,552.3,409.99,268.25,405.15,2.21,119.0,100810.0
1990-08-13 02:00:00+00:00,28.38,72.0,587.25,359.59,297.15,413.95,2.07,121.0,100810.0
1990-08-13 03:00:00+00:00,29.09,65.4,612.9,367.85,290.3,422.1,2.07,132.0,100770.0
1990-08-13 04:00:00+00:00,29.63,63.4,619.15,421.91,239.95,425.75,2.0,133.0,100730.0
1990-08-13 05:00:00+00:00,30.09,63.5,597.2,418.33,233.0,426.55,1.86,140.0,100670.0
1990-08-13 06:00:00+00:00,30.41,63.5,503.45,416.22,172.8,428.3,2.0,156.0,100640.0
1990-08-13 07:00:00+00:00,30.56,61.55,393.35,358.09,151.5,425.2,1.24,176.0,100590.0
1990-08-13 08:00:00+00:00,30.31,63.5,220.0,235.99,96.9,426.55,1.1,208.0,100560.0
1990-08-13 09:00:00+00:00,28.8,69.75,101.55,120.04,60.3,425.2,1.93,178.0,100600.0
1990-08-13 10:00:00+00:00,27.86,74.3,17.75,25.73,13.8,418.8,1.66,162.0,100640.0
1990-08-13 11:00:00+00:00,27.34,76.7,0.0,0.0,0.0,417.85,1.79,136.0,100630.0
1990-08-13 12:00:00+00:00,26.9,79.2,0.0,0.0,0.0,414.9,2.14,131.0,100690.0
1990-08-13 13:00:00+00:00,26.5,79.2,0.0,0.0,0.0,409.7,2.34,131.0,100690.0
1990-08-13 14:00:00+00:00,26.17,81.8,0.0,0.0,0.0,404.65,2.55,137.0,100690.0
1990-08-13 15:00:00+00:00,25.89,84.45,0.0,0.0,0.0,404.3,2.55,151.0,100680.0
1990-08-13 16:00:00+00:00,25.42,84.45,0.0,0.0,0.0,406.6,1.86,143.0,100640.0
1990-08-13 17:00:00+00:00,24.8,87.25,0.0,0.0,0.0,406.6,1.31,115.0,100580.0
1990-08-13 18:00:00+00:00,24.66,87.25,0.0,0.0,0.0,408.55,1.17,86.0,100560.0
1990-08-13 19:00:00+00:00,25.11,84.45,0.0,0.0,0.0,410.85,0.76,47.0,100580.0
1990-08-13 20:00:00+00:00,23.81,93.1,0.0,0.0,0.0,406.6,1.1,66.0,100580.0
1990-08-13 21:00:00+00:00,23.82,93.1,0.0,0.0,0.0,414.15,1.45,90.0,100580.0
1990-08-13 22:00:00+00:00,24.03,90.1,77.45,137.78,52.9,419.55,1.45,107.0,100630.0
1990-08-13 23:00:00+00:00,24.67,87.25,181.35,169.68,119.0,418.6,1.45,84.0,100610.0
1990-08-14 00:00:00+00:00,24.84,84.4,245.95,205.67,134.75,416.85,1.86,61.0,100630.0
1990-08-14 01:00:00+00:00,25.35,81.75,378.35,340.35,143.3,420.85,2.41,57.0,100630.0
1990-08-14 02:00:00+00:00,25.7,81.75,450.75,346.59,171.9,415.7,2.62,47.0,100630.0
1990-08-14 03:00:00+00:00,26.01,79.15,551.75,375.82,223.0,414.15,2.97,33.0,100600.0
1990-08-14 04:00:00+00:00,26.51,76.65,496.35,371.92,162.95,420.15,3.52,26.0,100560.0
1990-08-14 05:00:00+00:00,26.2,76.6,384.85,249.06,168.65,422.45,4.07,25.0,100510.0
1990-08-14 06:00:00+00:00,25.15,81.75,247.65,118.62,153.75,423.85,4.55,25.0,100510.0
1990-08-14 07:00:00+00:00,25.79,84.45,276.85,183.84,153.25,420.15,3.59,30.0,100420.0
1990-08-14 08:00:00+00:00,25.9,84.45,197.5,129.67,130.3,416.3,3.31,25.0,100370.0
1990-08-14 09:00:00+00:00,25.82,84.45,84.0,59.71,63.7,416.1,3.1,20.0,100390.0
1990-08-14 10:00:00+00:00,25.49,84.45,10.95,3.01,10.5,413.4,2.83,33.0,100380.0
1990-08-14 11:00:00+00:00,25.07,84.45,0.0,0.0,0.0,416.1,2.28,31.0,100370.0
1990-08-14 12:00:00+00:00,24.67,87.25,0.0,0.0,0.0,413.55,2.83,26.0,100440.0
1990-08-14 13:00:00+00:00,24.28,90.1,0.0,0.0,0.0,411.65,3.1,26.0,100480.0
1990-08-14 14:00:00+00:00,24.02,90.1,0.0,0.0,0.0,411.25,2.97,26.0,100490.0
1990-08-14 15:00:00+00:00,23.56,93.1,0.0,0.0,0.0,405.45,1.86,22.0,100460.0
1990-08-14 16:00:00+00:00,23.2,96.2,0.0,0.0,0.0,405.65,1.66,346.0,100450.0
1990-08-14 17:00:00+00:00,23.07,96.2,0.0,0.0,0.0,404.45,2.28,349.0,100400.0
1990-08-14 18:00:00+00:00,22.96,96.2,0.0,0.0,0.0,408.55,2.48,2.0,100390.0
1990-08-14 19:00:00+00:00,22.95,96.2,0.0,0.0,0.0,409.3,2.0,29.0,100390.0
1990-08-14 20:00:00+00:00,22.82,99.4,0.0,0.0,0.0,415.7,1.93,33.0,100380.0
1990-08-14 21:00:00+00:00,22.79,96.15,0.0,0.0,0.0,414.15,2.0,26.0,100360.0
1990-08-14 22:00:00+00:00,22.86,96.15,80.3,109.16,61.15,419.95,2.14,18.0,100380.0
1990-08-14 23:00:00+00:00,23.05,93.05,179.0,228.94,95.45,420.75,2.76,13.0,100360.0
1990-08-15 00:00:00+00:00,23.34,93.05,331.65,357.88,139.0,413.2,3.24,23.0,100380.0
1990-08-15 01:00:00+00:00,23.87,93.1,349.1,257.72,171.7,418.7,2.97,30.0,100370.0
1990-08-15 02:00:00+00:00,24.19,87.2,528.6,437.78,177.35,414.75,2.97,21.0,100370.0
1990-08-15 03:00:00+00:00,24.94,84.45,588.3,437.03,207.0,411.05,3.24,17.0,100340.0
1990-08-15 04:00:00+00:00,25.57,84.45,520.6,344.63,212.5,415.5,2.9,20.0,100280.0
1990-08-15 05:00:00+00:00,26.16,81.8,450.25,217.52,262.0,423.85,2.76,22.0,100250.0
1990-08-15 06:00:00+00:00,26.54,79.2,416.75,315.88,167.6,430.0,2.48,30.0,100230.0
1990-08-15 07:00:00+00:00,26.73,76.65,383.35,347.01,151.15,413.2,1.86,9.0,100200.0
1990-08-15 08:00:00+00:00,27.03,74.25,213.85,206.98,107.3,412.4,1.79,9.0,100160.0
1990-08-15 09:00:00+00:00,27.0,74.25,79.35,77.64,53.25,411.05,1.79,4.0,100200.0
1990-08-15 10:00:00+00:00,25.87,76.5,8.8,12.03,7.05,417.85,2.0,16.0,100230.0
1990-08-15 11:00:00+00:00,24.71,79.05,0.0,0.0,0.0,419.2,2.34,42.0,100300.0
1990-08-15 12:00:00+00:00,24.43,81.7,0.0,0.0,0.0,415.7,2.21,69.0,100350.0
1990-08-15 13:00:00+00:00,24.26,84.35,0.0,0.0,0.0,414.15,1.59,106.0,100420.0
1990-08-15 14:00:00+00:00,23.85,87.15,0.0,0.0,0.0,411.25,1.38,172.0,100410.0
1990-08-15 15:00:00+00:00,23.8,87.15,0.0,0.0,0.0,415.5,1.72,207.0,100430.0
1990-08-15 16:00:00+00:00,23.78,87.15,0.0,0.0,0.0,415.7,1.79,210.0,100420.0
1990-08-15 17:00:00+00:00,23.74,87.15,0.0,0.0,0.0,411.65,1.93,206.0,100420.0
1990-08-15 18:00:00+00:00,23.76,84.35,0.0,0.0,0.0,419.4,1.86,207.0,100430.0
1990-08-15 19:00:00+00:00,23.19,93.05,0.0,0.0,0.0,408.15,1.38,235.0,100380.0
1990-08-15 20:00:00+00:00,22.64,96.15,0.0,0.0,0.0,398.65,1.03,265.0,100390.0
1990-08-15 21:00:00+00:00,23.49,87.15,0.0,0.0,0.0,395.95,0.34,296.0,100430.0
1990-08-15 22:00:00+00:00,23.18,90.05,104.25,187.65,71.85,397.9,0.62,77.0,100470.0
1990-08-15 23:00:00+00:00,23.66,90.1,226.5,292.76,120.4,401.95,0.69,65.0,100510.0
1990-08-16 00:00:00+00:00,24.02,84.35,347.1,295.56,188.7,399.85,0.69,89.0,100520.0
1990-08-16 01:00:00+00:00,24.91,76.5,439.4,315.42,223.0,409.4,0.97,151.0,100530.0
1990-08-16 02:00:00+00:00,25.8,74.0,487.2,256.35,282.1,415.3,1.59,186.0,100560.0
1990-08-16 03:00:00+00:00,26.44,69.4,423.3,149.97,292.8,416.85,1.66,204.0,100520.0
1990-08-16 04:00:00+00:00,26.87,69.4,532.0,251.7,307.6,422.3,1.59,228.0,100470.0
1990-08-16 05:00:00+00:00,27.22,67.2,429.8,223.29,237.15,416.45,1.79,256.0,100440.0
1990-08-16 06:00:00+00:00,26.79,69.4,399.95,276.85,182.4,423.65,1.59,276.0,100420.0
1990-08-16 07:00:00+00:00,26.77,71.75,231.6,145.37,134.8,414.75,1.72,241.0,100330.0
1990-08-16 08:00:00+00:00,26.22,76.6,95.65,23.18,83.8,414.35,1.93,215.0,100380.0
1990-08-16 09:00:00+00:00,25.4,79.1,62.5,18.05,56.5,419.0,2.07,208.0,100380.0
1990-08-16 10:00:00+00:00,25.27,79.1,13.0,3.54,12.5,414.55,2.14,183.0,100400.0
1990-08-16 11:00:00+00:00,24.63,79.05,0.0,0.0,0.0,405.05,1.38,195.0,100420.0
1990-08-16 12:00:00+00:00,23.56,90.1,0.0,0.0,0.0,412.0,0.62,251.0,100540.0
1990-08-16 13:00:00+00:00,23.04,93.05,0.0,0.0,0.0,410.45,1.1,247.0,100580.0
1990-08-16 14:00:00+00:00,22.85,93.05,0.0,0.0,0.0,412.8,1.38,236.0,100560.0
1990-08-16 15:00:00+00:00,22.45,93.05,0.0,0.0,0.0,404.1,0.83,268.0,100570.0
1990-08-16 16:00:00+00:00,22.16,96.15,0.0,0.0,0.0,403.9,0.97,337.0,100590.0
1990-08-16 17:00:00+00:00,22.01,93.05,0.0,0.0,0.0,405.45,1.17,348.0,100570.0
1990-08-16 18:00:00+00:00,21.91,96.15,0.0,0.0,0.0,405.65,1.03,17.0,100560.0
1990-08-16 19:00:00+00:00,21.65,93.0,0.0,0.0,0.0,417.65,0.28,216.0,100490.0
1990-08-16 20:00:00+00:00,21.56,93.0,0.0,0.0,0.0,409.7,0.07,225.0,100510.0
1990-08-16 21:00:00+00:00,21.44,96.15,0.0,0.0,0.0,406.0,0.55,348.0,100540.0
1990-08-16 22:00:00+00:00,21.58,93.0,59.7,27.67,55.0,403.5,0.62,3.0,100590.0
1990-08-16 23:00:00+00:00,21.92,90.0,140.25,101.56,103.7,405.65,0.48,30.0,100640.0
1990-08-17 00:00:00+00:00,22.26,90.0,276.05,156.97,192.3,411.05,0.97,52.0,100610.0
1990-08-17 01:00:00+00:00,22.98,87.1,423.3,303.9,215.5,406.9,0.97,83.0,100620.0
1990-08-17 02:00:00+00:00,23.86,87.15,500.4,324.4,241.6,400.6,0.62,81.0,100610.0
1990-08-17 03:00:00+00:00,24.6,81.7,505.95,304.57,241.65,406.2,0.21,29.0,100600.0
1990-08-17 04:00:00+00:00,25.21,76.5,424.2,179.02,265.05,414.75,1.03,286.0,100570.0
1990-08-17 05:00:00+00:00,25.34,76.5,442.2,276.68,204.25,417.65,1.31,288.0,100550.0
1990-08-17 06:00:00+00:00,25.4,76.5,493.65,390.2,188.2,411.65,1.52,308.0,100480.0
1990-08-17 07:00:00+00:00,25.75,76.5,251.6,192.88,123.8,399.45,1.66,5.0,100490.0
1990-08-17 08:00:00+00:00,25.39,76.5,127.4,90.33,81.55,406.8,2.28,37.0,100470.0
1990-08-17 09:00:00+00:00,24.68,76.45,80.85,75.98,55.9,414.15,2.76,75.0,100510.0
1990-08-17 10:00:00+00:00,24.13,78.95,13.45,18.23,10.95,399.05,2.34,68.0,100490.0
1990-08-17 11:00:00+00:00,23.76,84.35,0.0,0.0,0.0,395.2,1.93,65.0,100550.0
1990-08-17 12:00:00+00:00,23.48,84.35,0.0,0.0,0.0,396.9,2.0,68.0,100600.0
1990-08-17 13:00:00+00:00,23.13,87.1,0.0,0.0,0.0,396.95,1.79,75.0,100670.0
1990-08-17 14:00:00+00:00,22.64,93.05,0.0,0.0,0.0,400.0,1.31,99.0,100680.0
1990-08-17 15:00:00+00:00,22.83,90.05,0.0,0.0,0.0,389.55,0.83,125.0,100650.0
1990-08-17 16:00:00+00:00,23.26,87.1,0.0,0.0,0.0,391.9,0.48,126.0,100670.0
1990-08-17 17:00:00+00:00,22.98,87.1,0.0,0.0,0.0,390.15,0.62,78.0,100640.0
1990-08-17 18:00:00+00:00,21.33,96.15,0.0,0.0,0.0,391.3,1.17,68.0,100650.0
1990-08-17 19:00:00+00:00,22.19,93.05,0.0,0.0,0.0,392.45,0.83,48.0,100650.0
1990-08-17 20:00:00+00:00,21.07,96.15,0.0,0.0,0.0,390.95,1.24,53.0,100660.0
1990-08-17 21:00:00+00:00,20.91,96.15,0.0,0.0,0.0,398.45,1.1,69.0,100720.0
1990-08-17 22:00:00+00:00,21.32,99.4,98.05,178.64,68.2,397.3,0.76,84.0,100780.0
1990-08-17 23:00:00+00:00,22.56,93.05,217.9,273.85,120.05,394.8,0.48,86.0,100800.0
1990-08-18 00:00:00+00:00,23.33,90.05,328.25,312.46,162.3,399.85,0.14,151.0,100830.0
1990-08-18 01:00:00+00:00,24.21,87.2,472.1,418.61,186.85,403.05,0.21,287.0,100890.0
1990-08-18 02:00:00+00:00,25.05,81.75,562.1,450.89,203.45,401.95,0.55,4.0,100880.0
1990-08-18 03:00:00+00:00,25.8,81.75,667.75,537.47,202.65,404.3,0.83,26.0,100830.0
1990-08-18 04:00:00+00:00,26.58,79.2,581.7,417.58,211.55,402.75,0.76,48.0,100800.0
1990-08-18 05:00:00+00:00,26.92,79.2,571.25,455.54,180.75,404.1,0.41,27.0,100740.0
1990-08-18 06:00:00+00:00,27.24,74.25,448.4,391.3,143.3,407.0,0.48,276.0,100710.0
1990-08-18 07:00:00+00:00,27.21,71.85,364.85,358.46,128.55,405.65,0.76,8.0,100650.0
1990-08-18 08:00:00+00:00,27.29,69.5,226.4,231.99,109.5,407.75,0.41,67.0,100690.0
1990-08-18 09:00:00+00:00,26.61,71.75,82.8,100.96,50.05,408.35,0.48,61.0,100690.0
1990-08-18 10:00:00+00:00,25.48,76.5,14.1,19.57,11.5,404.65,1.59,1.0,100720.0
1990-08-18 11:00:00+00:00,24.53,79.05,0.0,0.0,0.0,397.7,1.03,20.0,100760.0
1990-08-18 12:00:00+00:00,23.96,81.65,0.0,0.0,0.0,397.1,2.14,33.0,100840.0
1990-08-18 13:00:00+00:00,23.51,84.35,0.0,0.0,0.0,390.9,1.93,58.0,100910.0
1990-08-18 14:00:00+00:00,23.04,90.05,0.0,0.0,0.0,393.65,1.1,89.0,100900.0
1990-08-18 15:00:00+00:00,23.07,90.05,0.0,0.0,0.0,392.85,1.03,142.0,100890.0
1990-08-18 16:00:00+00:00,23.44,87.15,0.0,0.0,0.0,392.1,0.83,143.0,100870.0
1990-08-18 17:00:00+00:00,23.13,90.05,0.0,0.0,0.0,389.95,0.9,125.0,100880.0
1990-08-18 18:00:00+00:00,22.22,93.05,0.0,0.0,0.0,389.75,1.03,115.0,100870.0
1990-08-18 19:00:00+00:00,21.98,93.05,0.0,0.0,0.0,391.3,1.1,117.0,100840.0
1990-08-18 20:00:00+00:00,21.61,96.15,0.0,0.0,0.0,402.75,1.45,107.0,100860.0
1990-08-18 21:00:00+00:00,21.78,96.15,0.0,0.0,0.0,398.3,2.0,116.0,100900.0
1990-08-18 22:00:00+00:00,22.42,90.05,86.6,171.64,58.4,400.8,2.28,123.0,100930.0
1990-08-18 23:00:00+00:00,23.4,87.15,224.9,356.19,98.55,396.55,2.28,125.0,100940.0
1990-08-19 00:00:00+00:00,24.34,84.35,392.95,454.92,152.45,394.6,2.28,129.0,100970.0
1990-08-19 01:00:00+00:00,25.4,79.1,490.15,466.68,173.25,398.6,2.28,143.0,100990.0
1990-08-19 02:00:00+00:00,26.2,76.6,648.15,594.54,176.65,397.3,2.0,163.0,100980.0
1990-08-19 03:00:00+00:00,26.94,74.25,648.2,536.0,185.7,399.45,1.66,189.0,100970.0
1990-08-19 04:00:00+00:00,27.43,71.85,555.45,423.01,181.6,405.25,1.86,224.0,100880.0
1990-08-19 05:00:00+00:00,26.95,74.25,456.9,363.73,146.15,419.4,1.72,258.0,100840.0
1990-08-19 06:00:00+00:00,26.42,74.15,489.65,396.43,181.8,417.85,0.83,285.0,100830.0
1990-08-19 07:00:00+00:00,27.78,69.6,328.25,273.05,149.2,425.2,1.1,230.0,100700.0
1990-08-19 08:00:00+00:00,27.57,69.6,201.25,212.85,94.8,421.3,0.69,258.0,100680.0
1990-08-19 09:00:00+00:00,26.61,76.65,81.5,92.89,51.75,413.4,1.03,136.0,100690.0
1990-08-19 10:00:00+00:00,25.75,81.75,11.7,16.73,9.55,413.4,1.86,135.0,100740.0
1990-08-19 11:00:00+00:00,25.2,81.75,0.0,0.0,0.0,403.1,2.21,142.0,100790.0
1990-08-19 12:00:00+00:00,24.83,84.4,0.0,0.0,0.0,401.4,2.14,137.0,100840.0
1990-08-19 13:00:00+00:00,24.44,84.4,0.0,0.0,0.0,395.55,2.34,134.0,100880.0
1990-08-19 14:00:00+00:00,24.21,87.2,0.0,0.0,0.0,401.2,2.69,144.0,100850.0
1990-08-19 15:00:00+00:00,23.92,87.2,0.0,0.0,0.0,393.85,2.97,146.0,100830.0
1990-08-19 16:00:00+00:00,23.72,87.15,0.0,0.0,0.0,395.55,3.1,143.0,100810.0
1990-08-19 17:00:00+00:00,23.33,90.05,0.0,0.0,0.0,391.7,2.97,138.0,100780.0
1990-08-19 18:00:00+00:00,23.21,90.05,0.0,0.0,0.0,399.45,2.83,134.0,100750.0
1990-08-19 19:00:00+00:00,23.2,93.05,0.0,0.0,0.0,393.05,2.62,124.0,100710.0
1990-08-19 20:00:00+00:00,23.06,90.05,0.0,0.0,0.0,397.9,2.48,123.0,100730.0
1990-08-19 21:00:00+00:00,23.02,90.05,0.0,0.0,0.0,400.4,2.69,123.0,100720.0
1990-08-19 22:00:00+00:00,23.16,90.05,112.65,256.38,71.25,399.25,2.62,122.0,100720.0
1990-08-19 23:00:00+00:00,23.72,87.15,266.95,410.36,122.45,388.6,3.03,120.0,100710.0
1990-08-20 00:00:00+00:00,24.59,81.7,399.25,431.97,171.95,396.95,3.45,121.0,100690.0
1990-08-20 01:00:00+00:00,25.5,79.1,530.0,494.57,195.35,392.8,3.38,122.0,100680.0
1990-08-20 02:00:00+00:00,26.57,74.15,657.55,567.15,209.15,413.55,3.24,121.0,100660.0
1990-08-20 03:00:00+00:00,27.47,67.3,667.25,563.43,182.5,405.85,2.97,120.0,100570.0
1990-08-20 04:00:00+00:00,28.11,65.2,714.7,603.18,183.25,407.95,2.48,122.0,100510.0
1990-08-20 05:00:00+00:00,28.53,63.2,645.65,530.48,194.0,414.55,1.86,124.0,100460.0
1990-08-20 06:00:00+00:00,28.87,65.3,529.8,477.54,160.5,414.9,1.31,113.0,100410.0
1990-08-20 07:00:00+00:00,28.5,63.2,347.35,345.45,122.05,417.65,0.55,197.0,100360.0
1990-08-20 08:00:00+00:00,28.41,65.2,256.1,310.33,102.1,421.5,0.62,142.0,100330.0
1990-08-20 09:00:00+00:00,28.26,65.2,103.9,141.88,59.05,410.65,1.45,120.0,100300.0
1990-08-20 10:00:00+00:00,27.66,69.6,12.25,21.76,9.55,405.65,1.72,115.0,100320.0
1990-08-20 11:00:00+00:00,26.61,71.75,0.0,0.0,0.0,406.8,2.83,120.0,100340.0
1990-08-20 12:00:00+00:00,25.68,76.5,0.0,0.0,0.0,403.3,3.38,126.0,100390.0
1990-08-20 13:00:00+00:00,25.16,74.0,0.0,0.0,0.0,404.3,3.03,132.0,100440.0
1990-08-20 14:00:00+00:00,24.63,76.45,0.0,0.0,0.0,396.75,2.55,132.0,100450.0
1990-08-20 15:00:00+00:00,24.24,78.95,0.0,0.0,0.0,400.6,2.28,117.0,100410.0
1990-08-20 16:00:00+00:00,23.74,81.55,0.0,0.0,0.0,388.2,2.62,107.0,100330.0
1990-08-20 17:00:00+00:00,23.31,84.25,0.0,0.0,0.0,386.65,2.21,102.0,100270.0
1990-08-20 18:00:00+00:00,22.63,87.1,0.0,0.0,0.0,381.65,1.59,82.0,100250.0
1990-08-20 19:00:00+00:00,22.73,87.1,0.0,0.0,0.0,386.1,2.14,124.0,100250.0
1990-08-20 20:00:00+00:00,22.32,90.0,0.0,0.0,0.0,385.7,1.59,138.0,100280.0
1990-08-20 21:00:00+00:00,23.38,84.25,0.0,0.0,0.0,383.0,1.03,165.0,100270.0
1990-08-20 22:00:00+00:00,22.79,87.1,130.55,315.78,80.45,390.15,1.17,150.0,100330.0
1990-08-20 23:00:00+00:00,24.58,79.05,287.6,449.91,130.35,385.7,1.38,147.0,100340.0
1990-08-21 00:00:00+00:00,25.45,74.0,410.55,472.69,163.0,388.6,1.38,179.0,100330.0
1990-08-21 01:00:00+00:00,26.2,74.1,565.5,560.58,187.55,397.25,1.52,186.0,100320.0
1990-08-21 02:00:00+00:00,26.95,71.85,731.4,686.34,190.45,397.9,1.79,174.0,100290.0
1990-08-21 03:00:00+00:00,27.68,69.6,715.45,603.42,197.85,401.0,1.79,208.0,100290.0
1990-08-21 04:00:00+00:00,28.24,67.4,632.5,431.9,253.15,405.25,2.28,238.0,100290.0
1990-08-21 05:00:00+00:00,28.39,69.65,579.45,382.84,254.65,423.25,2.55,232.0,100240.0
1990-08-21 06:00:00+00:00,28.56,69.75,523.9,405.11,211.95,422.3,2.48,221.0,100210.0
1990-08-21 07:00:00+00:00,28.63,69.75,418.55,451.91,125.45,417.45,3.24,216.0,100160.0
1990-08-21 08:00:00+00:00,28.39,72.0,287.6,383.49,98.8,418.4,3.17,214.0,100160.0
1990-08-21 09:00:00+00:00,27.95,74.4,122.3,204.73,58.45,403.3,3.24,225.0,100160.0
1990-08-21 10:00:00+00:00,27.21,81.9,13.35,27.18,10.1,400.4,3.1,234.0,100230.0
1990-08-21 11:00:00+00:00,26.28,87.3,0.0,0.0,0.0,395.55,2.97,232.0,100270.0
1990-08-21 12:00:00+00:00,25.8,90.2,0.0,0.0,0.0,395.95,2.76,213.0,100340.0
1990-08-21 13:00:00+00:00,25.51,90.2,0.0,0.0,0.0,393.25,3.1,195.0,100370.0
1990-08-21 14:00:00+00:00,25.38,90.2,0.0,0.0,0.0,396.15,3.45,194.0,100430.0
1990-08-21 15:00:00+00:00,25.34,90.2,0.0,0.0,0.0,401.0,3.79,192.0,100440.0
1990-08-21 16:00:00+00:00,25.28,90.2,0.0,0.0,0.0,401.2,4.0,194.0,100470.0
1990-08-21 17:00:00+00:00,25.14,90.2,0.0,0.0,0.0,396.35,4.14,194.0,100450.0
1990-08-21 18:00:00+00:00,25.12,87.3,0.0,0.0,0.0,403.7,4.28,192.0,100450.0
1990-08-21 19:00:00+00:00,25.09,87.3,0.0,0.0,0.0,399.85,4.41,187.0,100500.0
1990-08-21 20:00:00+00:00,25.05,87.3,0.0,0.0,0.0,396.35,4.55,192.0,100540.0
1990-08-21 21:00:00+00:00,25.02,84.45,0.0,0.0,0.0,395.95,4.62,195.0,100560.0
1990-08-21 22:00:00+00:00,25.24,84.45,119.55,160.77,94.5,396.95,4.41,196.0,100620.0
1990-08-21 23:00:00+00:00,25.94,81.8,214.15,136.79,166.7,399.65,4.28,195.0,100690.0
1990-08-22 00:00:00+00:00,26.63,79.2,307.45,168.27,219.75,407.0,4.55,196.0,100690.0
1990-08-22 01:00:00+00:00,27.3,76.7,358.5,153.03,255.7,408.65,4.83,198.0,100750.0
1990-08-22 02:00:00+00:00,27.78,74.3,420.65,158.47,296.15,415.5,5.03,201.0,100780.0
1990-08-22 03:00:00+00:00,28.19,72.0,594.3,292.46,344.2,421.9,4.76,206.0,100800.0
1990-08-22 04:00:00+00:00,28.7,72.1,732.95,574.75,229.75,422.65,4.28,206.0,100730.0
1990-08-22 05:00:00+00:00,29.23,69.85,665.3,576.93,177.6,420.75,4.07,208.0,100700.0
1990-08-22 06:00:00+00:00,29.43,69.85,577.7,512.6,184.7,422.65,4.0,216.0,100650.0
1990-08-22 07:00:00+00:00,29.64,67.7,369.25,334.78,153.35,413.4,3.52,219.0,100660.0
1990-08-22 08:00:00+00:00,29.22,69.85,204.45,181.85,115.65,413.75,3.38,231.0,100650.0
1990-08-22 09:00:00+00:00,28.58,74.5,108.3,152.49,61.4,420.15,3.17,241.0,100700.0
1990-08-22 10:00:00+00:00,27.79,79.35,10.15,11.74,8.8,411.85,3.45,249.0,100710.0
1990-08-22 11:00:00+00:00,26.93,81.9,0.0,0.0,0.0,411.25,2.97,249.0,100760.0
1990-08-22 12:00:00+00:00,26.61,84.55,0.0,0.0,0.0,418.6,2.21,225.0,100780.0
1990-08-22 13:00:00+00:00,26.37,87.3,0.0,0.0,0.0,418.6,2.41,196.0,100850.0
1990-08-22 14:00:00+00:00,26.2,87.3,0.0,0.0,0.0,420.75,3.03,185.0,100840.0
1990-08-22 15:00:00+00:00,26.15,84.5,0.0,0.0,0.0,423.05,3.66,183.0,100780.0
1990-08-22 16:00:00+00:00,26.1,81.8,0.0,0.0,0.0,424.2,4.41,187.0,100780.0
1990-08-22 17:00:00+00:00,25.91,84.45,0.0,0.0,0.0,423.05,5.03,187.0,100730.0
1990-08-22 18:00:00+00:00,25.7,84.45,0.0,0.0,0.0,422.45,5.1,184.0,100700.0
1990-08-22 19:00:00+00:00,25.52,81.75,0.0,0.0,0.0,421.7,5.31,181.0,100680.0
1990-08-22 20:00:00+00:00,25.37,81.75,0.0,0.0,0.0,422.1,5.31,184.0,100690.0
1990-08-22 21:00:00+00:00,25.11,84.45,0.0,0.0,0.0,420.35,5.45,182.0,100660.0
1990-08-22 22:00:00+00:00,24.95,84.45,38.1,2.61,37.7,421.3,5.17,178.0,100650.0
1990-08-22 23:00:00+00:00,24.74,90.15,63.0,42.7,48.3,420.75,5.03,177.0,100630.0
1990-08-23 00:00:00+00:00,25.18,87.3,102.5,8.68,98.0,422.65,4.9,179.0,100600.0
1990-08-23 01:00:00+00:00,25.61,87.3,276.0,171.76,161.05,424.3,4.48,180.0,100600.0
1990-08-23 02:00:00+00:00,26.19,87.3,357.8,182.86,214.6,423.45,4.69,182.0,100560.0
1990-08-23 03:00:00+00:00,26.78,84.55,295.9,118.54,194.85,430.8,4.76,196.0,100500.0
1990-08-23 04:00:00+00:00,26.58,84.55,231.15,77.18,163.8,435.05,4.76,210.0,100430.0
1990-08-23 05:00:00+00:00,26.34,87.3,199.75,67.92,142.55,433.5,5.86,214.0,100350.0
1990-08-23 06:00:00+00:00,26.13,87.3,337.6,217.95,171.25,431.75,5.72,210.0,100300.0
1990-08-23 07:00:00+00:00,27.05,84.6,214.0,135.77,126.95,430.2,6.14,215.0,100200.0
1990-08-23 08:00:00+00:00,27.0,87.4,72.85,35.0,55.9,437.95,6.28,215.0,100160.0
1990-08-23 09:00:00+00:00,25.94,93.2,20.45,1.15,20.1,438.9,5.52,249.0,100200.0
1990-08-23 10:00:00+00:00,23.6,93.1,2.9,0.45,2.85,435.45,5.31,318.0,100260.0
1990-08-23 11:00:00+00:00,21.78,96.15,0.0,0.0,0.0,427.7,5.66,357.0,100330.0
1990-08-23 12:00:00+00:00,21.05,93.0,0.0,0.0,0.0,423.45,5.24,6.0,100400.0
1990-08-23 13:00:00+00:00,20.87,89.9,0.0,0.0,0.0,421.1,4.76,8.0,100500.0
1990-08-23 14:00:00+00:00,20.78,89.9,0.0,0.0,0.0,414.35,4.07,12.0,100470.0
1990-08-23 15:00:00+00:00,20.81,86.9,0.0,0.0,0.0,411.65,3.45,20.0,100430.0
1990-08-23 16:00:00+00:00,20.84,86.9,0.0,0.0,0.0,403.5,3.1,18.0,100420.0
1990-08-23 17:00:00+00:00,20.7,86.9,0.0,0.0,0.0,390.15,2.83,22.0,100380.0
1990-08-23 18:00:00+00:00,20.46,84.05,0.0,0.0,0.0,374.1,2.69,18.0,100340.0
1990-08-23 19:00:00+00:00,19.61,86.85,0.0,0.0,0.0,365.95,3.52,11.0,100400.0
1990-08-23 20:00:00+00:00,19.43,83.9,0.0,0.0,0.0,364.0,4.14,3.0,100420.0
1990-08-23 21:00:00+00:00,19.36,86.8,0.0,0.0,0.0,362.3,4.48,2.0,100450.0
1990-08-23 22:00:00+00:00,19.54,83.9,80.85,158.89,57.0,367.7,4.34,8.0,100520.0
1990-08-23 23:00:00+00:00,19.99,81.15,153.25,175.07,93.45,374.45,3.79,21.0,100500.0
1990-08-24 00:00:00+00:00,20.66,78.5,447.65,541.58,168.15,377.75,3.1,30.0,100510.0
1990-08-24 01:00:00+00:00,21.97,71.05,655.8,760.3,148.9,352.35,2.41,35.0,100480.0
1990-08-24 02:00:00+00:00,23.26,68.85,776.95,806.51,147.45,347.55,1.72,17.0,100500.0
1990-08-24 03:00:00+00:00,24.45,62.45,835.15,804.93,151.15,348.55,1.45,348.0,100520.0
1990-08-24 04:00:00+00:00,25.38,60.45,828.4,779.86,150.15,352.4,1.17,325.0,100500.0
1990-08-24 05:00:00+00:00,26.1,60.6,753.8,730.04,141.3,357.25,1.31,294.0,100490.0
1990-08-24 06:00:00+00:00,26.59,60.7,616.9,621.93,144.4,364.4,2.69,292.0,100520.0
1990-08-24 07:00:00+00:00,27.6,56.95,435.9,482.74,128.25,376.2,2.76,317.0,100430.0
1990-08-24 08:00:00+00:00,27.29,58.8,259.25,351.93,90.3,379.1,2.34,317.0,100420.0
1990-08-24 09:00:00+00:00,26.91,62.8,117.1,202.69,56.55,376.2,1.59,320.0,100430.0
1990-08-24 10:00:00+00:00,26.33,67.05,10.8,23.66,8.3,366.35,0.55,315.0,100440.0
1990-08-24 11:00:00+00:00,25.97,64.8,0.0,0.0,0.0,360.95,0.48,166.0,100460.0
1990-08-24 12:00:00+00:00,23.56,76.3,0.0,0.0,0.0,352.4,1.45,160.0,100530.0
1990-08-24 13:00:00+00:00,21.78,87.0,0.0,0.0,0.0,348.35,1.93,169.0,100580.0
1990-08-24 14:00:00+00:00,21.12,86.95,0.0,0.0,0.0,345.45,2.21,184.0,100590.0
1990-08-24 15:00:00+00:00,21.02,86.95,0.0,0.0,0.0,344.1,2.55,199.0,100600.0
1990-08-24 16:00:00+00:00,21.08,86.95,0.0,0.0,0.0,343.7,2.69,209.0,100590.0
1990-08-24 17:00:00+00:00,21.38,87.0,0.0,0.0,0.0,349.1,2.9,218.0,100580.0
1990-08-24 18:00:00+00:00,21.73,87.0,0.0,0.0,0.0,347.2,3.1,228.0,100550.0
1990-08-24 19:00:00+00:00,22.35,87.05,0.0,0.0,0.0,354.15,3.59,251.0,100550.0
1990-08-24 20:00:00+00:00,22.3,84.15,0.0,0.0,0.0,355.1,3.24,261.0,100540.0
1990-08-24 21:00:00+00:00,21.92,78.7,0.0,0.0,0.0,352.8,2.97,269.0,100530.0
1990-08-24 22:00:00+00:00,21.44,76.0,159.9,626.55,67.65,335.95,2.62,270.0,100570.0
1990-08-24 23:00:00+00:00,23.03,68.85,352.6,759.08,95.35,329.75,2.55,270.0,100590.0
1990-08-25 00:00:00+00:00,24.88,58.35,535.35,812.67,118.05,327.45,3.17,271.0,100600.0
1990-08-25 01:00:00+00:00,26.01,51.05,681.65,820.98,136.4,331.4,3.86,266.0,100590.0
1990-08-25 02:00:00+00:00,27.06,46.25,798.05,847.8,138.55,335.4,4.97,264.0,100620.0
1990-08-25 03:00:00+00:00,27.66,43.3,827.35,796.17,153.0,339.05,6.34,273.0,100590.0
1990-08-25 04:00:00+00:00,27.43,38.85,823.85,779.61,148.15,348.75,7.38,298.0,100590.0
1990-08-25 05:00:00+00:00,27.09,37.5,648.05,593.19,152.3,347.55,6.83,317.0,100600.0
1990-08-25 06:00:00+00:00,26.71,36.05,570.25,563.31,144.3,348.75,6.55,318.0,100610.0
1990-08-25 07:00:00+00:00,26.51,32.35,484.85,593.15,109.15,339.65,6.28,316.0,100600.0
1990-08-25 08:00:00+00:00,26.15,33.4,313.15,471.91,88.6,329.75,5.24,316.0,100580.0
1990-08-25 09:00:00+00:00,25.6,38.45,128.15,252.89,53.75,327.45,4.0,313.0,100600.0
1990-08-25 10:00:00+00:00,24.7,39.7,10.65,30.24,7.6,326.3,3.24,305.0,100620.0
1990-08-25 11:00:00+00:00,23.43,45.5,0.0,0.0,0.0,325.5,2.62,293.0,100680.0
1990-08-25 12:00:00+00:00,21.91,57.75,0.0,0.0,0.0,325.9,1.86,282.0,100750.0
1990-08-25 13:00:00+00:00,23.55,48.8,0.0,0.0,0.0,325.9,1.31,271.0,100850.0
1990-08-25 14:00:00+00:00,24.09,48.95,0.0,0.0,0.0,324.95,0.97,273.0,100850.0
1990-08-25 15:00:00+00:00,23.72,54.2,0.0,0.0,0.0,324.75,0.76,301.0,100870.0
1990-08-25 16:00:00+00:00,23.14,58.0,0.0,0.0,0.0,324.15,1.03,345.0,100890.0
1990-08-25 17:00:00+00:00,20.49,70.8,0.0,0.0,0.0,325.3,1.66,14.0,100920.0
1990-08-25 18:00:00+00:00,18.29,80.9,0.0,0.0,0.0,324.55,2.14,27.0,100940.0
1990-08-25 19:00:00+00:00,18.24,78.15,0.0,0.0,0.0,322.2,3.03,330.0,100950.0
1990-08-25 20:00:00+00:00,18.12,78.15,0.0,0.0,0.0,319.3,3.03,327.0,100960.0
1990-08-25 21:00:00+00:00,17.92,75.45,0.0,0.0,0.0,315.45,2.97,320.0,100980.0
1990-08-25 22:00:00+00:00,18.25,72.9,166.15,713.87,63.1,314.1,3.03,317.0,101050.0
1990-08-25 23:00:00+00:00,20.48,63.8,355.0,775.13,94.4,313.7,3.03,320.0,101060.0
1990-08-26 00:00:00+00:00,22.62,52.1,538.3,828.08,115.25,316.8,3.1,325.0,101140.0
1990-08-26 01:00:00+00:00,24.17,45.6,691.6,849.22,129.8,321.95,3.1,329.0,101170.0
1990-08-26 02:00:00+00:00,25.43,41.25,800.95,856.01,137.35,327.25,2.76,333.0,101230.0
1990-08-26 03:00:00+00:00,26.36,37.2,770.85,702.76,177.6,331.1,2.34,334.0,101230.0
1990-08-26 04:00:00+00:00,26.83,34.8,807.35,693.49,208.4,338.65,1.79,322.0,101220.0
1990-08-26 05:00:00+00:00,27.19,33.7,666.75,446.72,294.9,341.0,1.52,281.0,101190.0
1990-08-26 06:00:00+00:00,27.33,33.7,519.35,345.51,259.35,351.05,2.07,249.0,101160.0
1990-08-26 07:00:00+00:00,27.34,36.2,387.2,286.13,207.1,351.25,3.1,224.0,101150.0
1990-08-26 08:00:00+00:00,26.94,37.5,229.8,173.58,147.95,352.6,3.52,213.0,101140.0
1990-08-26 09:00:00+00:00,26.13,42.9,78.6,56.8,62.15,353.55,3.59,204.0,101150.0
1990-08-26 10:00:00+00:00,25.07,45.9,6.7,4.69,6.25,351.65,3.79,200.0,101170.0
1990-08-26 11:00:00+00:00,24.32,48.95,0.0,0.0,0.0,354.15,3.93,200.0,101180.0
1990-08-26 12:00:00+00:00,23.9,50.7,0.0,0.0,0.0,350.65,4.07,199.0,101210.0
1990-08-26 13:00:00+00:00,23.63,54.2,0.0,0.0,0.0,347.0,4.28,199.0,101260.0
1990-08-26 14:00:00+00:00,23.52,56.15,0.0,0.0,0.0,350.3,4.41,200.0,101230.0
1990-08-26 15:00:00+00:00,23.38,60.05,0.0,0.0,0.0,347.55,4.34,202.0,101200.0
1990-08-26 16:00:00+00:00,23.17,60.05,0.0,0.0,0.0,345.25,4.28,204.0,101180.0
1990-08-26 17:00:00+00:00,23.01,62.15,0.0,0.0,0.0,345.85,4.55,205.0,101140.0
1990-08-26 18:00:00+00:00,23.0,62.15,0.0,0.0,0.0,348.55,4.9,205.0,101120.0
1990-08-26 19:00:00+00:00,22.97,62.15,0.0,0.0,0.0,351.05,5.1,195.0,101110.0
1990-08-26 20:00:00+00:00,22.95,60.05,0.0,0.0,0.0,352.8,5.31,196.0,101100.0
1990-08-26 21:00:00+00:00,22.85,62.05,0.0,0.0,0.0,344.5,5.38,196.0,101140.0
1990-08-26 22:00:00+00:00,22.89,62.15,109.5,178.14,84.3,342.75,5.38,194.0,101160.0
1990-08-26 23:00:00+00:00,23.58,62.25,218.9,215.15,147.15,345.65,5.66,194.0,101180.0
1990-08-27 00:00:00+00:00,24.69,58.35,257.9,155.73,178.75,355.5,6.07,198.0,101170.0
1990-08-27 01:00:00+00:00,25.37,60.45,247.75,111.85,174.05,370.5,6.69,206.0,101160.0
1990-08-27 02:00:00+00:00,25.51,54.55,260.05,35.73,232.45,396.95,8.07,226.0,101200.0
1990-08-27 03:00:00+00:00,25.22,54.55,228.2,13.02,217.25,409.1,8.28,240.0,101190.0
1990-08-27 04:00:00+00:00,25.07,54.55,224.5,1.34,223.35,411.45,7.79,246.0,101150.0
1990-08-27 05:00:00+00:00,24.9,56.35,156.45,1.51,155.2,409.7,6.69,248.0,101110.0
1990-08-27 06:00:00+00:00,24.56,58.35,89.75,0.0,89.75,409.3,5.72,247.0,101050.0
1990-08-27 07:00:00+00:00,23.29,64.3,57.75,0.0,57.75,406.8,6.9,251.0,101060.0
1990-08-27 08:00:00+00:00,22.04,66.35,28.55,0.0,28.55,403.7,7.17,234.0,101070.0
1990-08-27 09:00:00+00:00,21.09,73.35,11.15,0.53,11.0,400.4,6.69,219.0,101090.0
1990-08-27 10:00:00+00:00,20.03,83.95,1.0,0.0,1.0,397.7,6.69,208.0,101070.0
1990-08-27 11:00:00+00:00,19.57,83.9,0.0,0.0,0.0,397.5,7.1,203.0,101040.0
1990-08-27 12:00:00+00:00,19.15,86.8,0.0,0.0,0.0,397.9,7.24,198.0,101060.0
1990-08-27 13:00:00+00:00,19.07,86.8,0.0,0.0,0.0,395.4,7.17,198.0,101060.0
1990-08-27 14:00:00+00:00,19.13,86.8,0.0,0.0,0.0,395.4,6.97,201.0,100990.0
1990-08-27 15:00:00+00:00,19.24,86.8,0.0,0.0,0.0,394.2,6.62,206.0,100960.0
1990-08-27 16:00:00+00:00,19.36,86.8,0.0,0.0,0.0,396.15,6.34,211.0,100940.0
1990-08-27 17:00:00+00:00,19.51,86.85,0.0,0.0,0.0,395.55,5.72,214.0,100950.0
1990-08-27 18:00:00+00:00,19.73,89.85,0.0,0.0,0.0,397.7,5.1,215.0,100920.0
1990-08-27 19:00:00+00:00,19.42,86.85,0.0,0.0,0.0,389.4,4.28,221.0,100940.0
1990-08-27 20:00:00+00:00,19.43,86.85,0.0,0.0,0.0,391.3,3.38,217.0,100930.0
1990-08-27 21:00:00+00:00,19.33,89.8,0.0,0.0,0.0,389.2,2.34,219.0,100920.0
1990-08-27 22:00:00+00:00,19.06,92.9,25.65,4.69,25.0,385.7,1.38,240.0,100970.0
1990-08-27 23:00:00+00:00,19.76,92.9,73.35,3.02,72.35,385.1,1.03,313.0,101010.0
1990-08-28 00:00:00+00:00,20.13,86.85,179.95,27.1,166.25,383.0,2.69,2.0,101020.0
1990-08-28 01:00:00+00:00,20.15,81.15,274.2,78.4,222.75,381.95,5.17,13.0,101070.0
1990-08-28 02:00:00+00:00,20.39,68.4,359.4,143.55,248.9,385.3,6.83,18.0,101120.0
1990-08-28 03:00:00+00:00,20.85,61.6,364.85,157.09,233.15,375.25,7.24,21.0,101130.0
1990-08-28 04:00:00+00:00,21.29,55.55,442.95,174.48,293.35,373.9,7.03,22.0,101150.0
1990-08-28 05:00:00+00:00,21.82,50.05,413.05,164.01,277.65,368.5,6.9,22.0,101160.0
1990-08-28 06:00:00+00:00,21.77,44.95,401.05,180.87,266.3,364.0,6.9,22.0,101160.0
1990-08-28 07:00:00+00:00,21.86,44.95,306.75,178.34,195.95,379.1,6.34,16.0,101130.0
1990-08-28 08:00:00+00:00,21.56,43.4,186.7,125.77,128.5,350.3,5.93,18.0,101150.0
1990-08-28 09:00:00+00:00,21.08,46.5,87.35,81.72,64.45,337.1,5.03,18.0,101240.0
1990-08-28 10:00:00+00:00,20.27,49.7,6.65,6.38,6.1,327.25,4.69,17.0,101290.0
1990-08-28 11:00:00+00:00,19.38,51.4,0.0,0.0,0.0,314.85,4.34,25.0,101380.0
1990-08-28 12:00:00+00:00,18.73,54.95,0.0,0.0,0.0,314.85,4.62,32.0,101500.0
1990-08-28 13:00:00+00:00,18.32,52.9,0.0,0.0,0.0,323.55,5.72,30.0,101550.0
1990-08-28 14:00:00+00:00,17.84,47.4,0.0,0.0,0.0,333.45,6.21,31.0,101580.0
1990-08-28 15:00:00+00:00,17.29,47.15,0.0,0.0,0.0,330.55,5.24,35.0,101620.0
1990-08-28 16:00:00+00:00,16.72,47.0,0.0,0.0,0.0,324.95,4.14,32.0,101670.0
1990-08-28 17:00:00+00:00,16.1,50.5,0.0,0.0,0.0,314.85,3.38,21.0,101700.0
1990-08-28 18:00:00+00:00,15.46,52.25,0.0,0.0,0.0,301.1,3.03,6.0,101710.0
1990-08-28 19:00:00+00:00,14.93,46.6,0.0,0.0,0.0,310.8,3.17,16.0,101780.0
1990-08-28 20:00:00+00:00,14.63,46.6,0.0,0.0,0.0,309.05,2.83,8.0,101760.0
1990-08-28 21:00:00+00:00,14.24,50.1,0.0,0.0,0.0,302.5,2.55,1.0,101760.0
1990-08-28 22:00:00+00:00,13.82,58.1,137.2,364.17,87.8,301.9,2.14,356.0,101780.0
1990-08-28 23:00:00+00:00,15.19,58.25,299.45,437.18,156.05,292.6,1.52,349.0,101820.0
1990-08-29 00:00:00+00:00,17.16,39.15,449.05,575.57,159.6,291.25,1.45,334.0,101840.0
1990-08-29 01:00:00+00:00,18.39,32.75,620.35,617.47,216.8,295.25,1.45,320.0,101850.0
1990-08-29 02:00:00+00:00,19.52,29.5,729.65,633.74,243.6,300.75,1.59,312.0,101830.0
1990-08-29 03:00:00+00:00,20.3,28.5,783.7,627.25,259.7,303.05,1.72,300.0,101750.0
1990-08-29 04:00:00+00:00,20.96,27.7,834.05,771.5,175.05,305.0,1.93,275.0,101680.0
1990-08-29 05:00:00+00:00,21.48,28.9,781.85,793.2,129.8,303.45,2.55,250.0,101600.0
1990-08-29 06:00:00+00:00,21.74,31.15,653.05,715.21,122.95,301.7,3.79,237.0,101500.0
1990-08-29 07:00:00+00:00,21.82,36.15,482.6,604.29,109.7,306.15,5.59,234.0,101430.0
1990-08-29 08:00:00+00:00,21.67,40.35,280.8,394.56,100.0,309.65,6.14,235.0,101370.0
1990-08-29 09:00:00+00:00,21.44,48.3,102.35,167.0,56.35,316.2,6.0,232.0,101350.0
1990-08-29 10:00:00+00:00,21.04,55.55,6.0,10.47,5.15,321.45,6.14,226.0,101280.0
1990-08-29 11:00:00+00:00,21.0,57.55,0.0,0.0,0.0,325.9,6.97,221.0,101210.0
1990-08-29 12:00:00+00:00,21.43,61.85,0.0,0.0,0.0,330.75,7.52,224.0,101190.0
1990-08-29 13:00:00+00:00,21.82,64.0,0.0,0.0,0.0,336.75,7.52,231.0,101170.0
1990-08-29 14:00:00+00:00,22.02,64.1,0.0,0.0,0.0,340.8,7.45,236.0,101120.0
1990-08-29 15:00:00+00:00,22.14,66.35,0.0,0.0,0.0,345.65,7.24,242.0,101080.0
1990-08-29 16:00:00+00:00,22.1,66.35,0.0,0.0,0.0,346.0,6.76,248.0,101060.0
1990-08-29 17:00:00+00:00,21.89,64.1,0.0,0.0,0.0,351.85,6.21,255.0,101030.0
1990-08-29 18:00:00+00:00,21.31,66.15,0.0,0.0,0.0,340.2,5.38,263.0,101010.0
1990-08-29 19:00:00+00:00,20.65,66.05,0.0,0.0,0.0,336.95,4.34,265.0,101000.0
1990-08-29 20:00:00+00:00,20.01,65.95,0.0,0.0,0.0,332.65,3.66,280.0,101030.0
1990-08-29 21:00:00+00:00,19.13,70.55,0.0,0.0,0.0,325.5,3.03,311.0,101070.0
1990-08-29 22:00:00+00:00,18.24,78.15,145.6,629.1,62.1,321.45,2.55,346.0,101100.0
1990-08-29 23:00:00+00:00,18.96,73.05,327.85,712.38,96.15,319.9,2.48,20.0,101130.0
1990-08-30 00:00:00+00:00,20.3,65.95,509.75,783.22,118.0,320.85,2.9,40.0,101130.0
1990-08-30 01:00:00+00:00,21.71,57.65,663.7,816.05,132.6,323.1,2.9,48.0,101140.0
1990-08-30 02:00:00+00:00,23.04,47.0,775.25,831.22,140.1,325.7,2.83,52.0,101140.0
1990-08-30 03:00:00+00:00,23.95,38.15,826.7,820.62,143.65,327.85,2.76,50.0,101110.0
1990-08-30 04:00:00+00:00,24.46,34.4,818.8,794.69,142.6,329.4,2.55,40.0,101080.0
1990-08-30 05:00:00+00:00,24.72,33.15,752.3,753.0,136.0,329.55,2.48,28.0,101050.0
1990-08-30 06:00:00+00:00,24.77,31.95,635.65,693.23,124.55,329.4,2.55,23.0,101010.0
1990-08-30 07:00:00+00:00,24.62,31.95,473.7,597.05,107.8,326.1,2.62,7.0,100980.0
1990-08-30 08:00:00+00:00,24.32,34.25,287.1,446.8,84.4,324.35,2.62,7.0,100990.0
1990-08-30 09:00:00+00:00,23.68,39.45,107.3,221.36,47.4,322.8,2.07,14.0,101000.0
1990-08-30 10:00:00+00:00,22.42,46.85,5.45,14.45,4.35,321.65,1.72,28.0,101060.0
1990-08-30 11:00:00+00:00,20.64,57.45,0.0,0.0,0.0,318.95,1.38,69.0,101090.0
1990-08-30 12:00:00+00:00,19.24,63.5,0.0,0.0,0.0,317.75,1.66,109.0,101170.0
1990-08-30 13:00:00+00:00,18.46,65.65,0.0,0.0,0.0,317.0,1.72,119.0,101190.0
1990-08-30 14:00:00+00:00,18.09,67.95,0.0,0.0,0.0,316.05,1.59,119.0,101190.0
1990-08-30 15:00:00+00:00,18.53,65.65,0.0,0.0,0.0,314.85,1.38,122.0,101210.0
1990-08-30 16:00:00+00:00,19.23,65.75,0.0,0.0,0.0,314.3,1.1,123.0,101200.0
1990-08-30 17:00:00+00:00,19.5,63.6,0.0,0.0,0.0,313.5,0.97,118.0,101200.0
1990-08-30 18:00:00+00:00,19.37,63.6,0.0,0.0,0.0,312.95,1.03,108.0,101180.0
1990-08-30 19:00:00+00:00,17.04,75.3,0.0,0.0,0.0,314.3,1.72,136.0,101210.0
1990-08-30 20:00:00+00:00,15.67,80.6,0.0,0.0,0.0,314.3,2.14,144.0,101210.0
1990-08-30 21:00:00+00:00,15.25,83.45,0.0,0.0,0.0,314.5,2.41,145.0,101230.0
1990-08-30 22:00:00+00:00,15.68,80.6,149.5,690.69,59.85,315.05,2.55,145.0,101260.0
1990-08-30 23:00:00+00:00,18.53,75.55,334.5,750.62,92.45,316.6,1.93,151.0,101290.0
1990-08-31 00:00:00+00:00,22.14,53.85,516.45,809.85,113.6,319.7,1.86,162.0,101280.0
1990-08-31 01:00:00+00:00,23.44,45.5,668.7,834.43,127.95,325.8,2.0,180.0,101290.0
1990-08-31 02:00:00+00:00,24.28,44.05,773.3,834.96,137.7,331.9,1.93,196.0,101270.0
1990-08-31 03:00:00+00:00,24.92,41.25,821.5,818.36,142.85,337.7,1.93,210.0,101240.0
1990-08-31 04:00:00+00:00,25.39,42.75,810.15,786.96,143.15,342.95,2.07,220.0,101200.0
1990-08-31 05:00:00+00:00,25.67,42.75,721.15,715.68,138.0,347.4,2.14,224.0,101130.0
1990-08-31 06:00:00+00:00,25.67,42.75,612.9,660.17,128.8,355.3,2.14,227.0,101080.0
1990-08-31 07:00:00+00:00,25.72,44.3,429.55,513.69,116.95,357.05,2.0,214.0,100990.0
1990-08-31 08:00:00+00:00,25.46,45.9,250.0,366.78,85.3,359.75,1.86,203.0,100950.0
1990-08-31 09:00:00+00:00,24.96,49.2,84.7,147.73,45.45,361.1,1.45,206.0,100960.0
1990-08-31 10:00:00+00:00,23.9,58.2,3.9,5.64,3.5,363.05,1.52,229.0,100970.0
1990-08-31 11:00:00+00:00,22.57,68.75,0.0,0.0,0.0,364.2,2.07,241.0,101030.0
1990-08-31 12:00:00+00:00,21.84,76.0,0.0,0.0,0.0,367.5,2.48,225.0,101050.0
1990-08-31 13:00:00+00:00,21.56,78.65,0.0,0.0,0.0,370.4,3.17,210.0,101070.0
1990-08-31 14:00:00+00:00,21.37,84.05,0.0,0.0,0.0,365.4,3.38,207.0,101040.0
1990-08-31 15:00:00+00:00,21.29,84.05,0.0,0.0,0.0,361.1,3.66,208.0,101020.0
1990-08-31 16:00:00+00:00,20.29,98.34,0.0,0.0,0.0,378.56,3.39,217.0,101020.0
1990-08-31 17:00:00+00:00,20.47,94.94,0.0,0.0,0.0,375.44,3.38,209.0,100990.0
1990-08-31 18:00:00+00:00,20.65,91.55,0.0,0.0,0.0,372.31,3.36,201.0,100960.0
1990-08-31 19:00:00+00:00,20.83,88.16,0.0,0.0,0.0,369.19,3.35,198.0,100930.0
1990-08-31 20:00:00+00:00,21.0,84.77,0.0,0.0,0.0,366.06,3.33,195.0,100930.0
1990-08-31 21:00:00+00:00,21.18,81.37,0.0,0.0,0.0,362.94,3.32,189.0,100920.0
1990-08-31 22:00:00+00:00,21.36,77.98,96.1,207.72,69.75,359.82,3.3,185.0,100980.0
1990-08-31 23:00:00+00:00,21.54,74.59,232.2,341.6,123.0,356.69,3.29,188.0,100990.0
1990-09-01 00:00:00+00:00,21.72,71.2,443.75,640.23,127.05,353.57,3.27,248.0,101160.0
1990-09-01 01:00:00+00:00,21.89,67.81,635.25,763.75,142.45,350.45,3.26,291.0,101220.0
1990-09-01 02:00:00+00:00,22.07,64.41,691.85,663.06,189.05,347.32,3.24,333.0,101230.0
1990-09-01 03:00:00+00:00,22.25,61.02,775.65,721.29,179.75,344.2,3.23,355.0,101230.0
1990-09-01 04:00:00+00:00,22.43,57.63,705.75,607.17,193.2,341.07,3.21,5.0,101220.0
1990-09-01 05:00:00+00:00,22.6,54.24,750.15,749.65,142.1,337.95,3.2,4.0,101180.0
1990-09-01 06:00:00+00:00,22.78,50.84,534.65,535.89,143.85,334.83,3.18,350.0,101180.0
1990-09-01 07:00:00+00:00,22.96,47.45,415.15,490.52,118.8,331.7,3.17,354.0,101080.0
1990-09-01 08:00:00+00:00,23.32,43.75,258.45,384.38,87.65,349.1,3.31,355.0,101100.0
1990-09-01 09:00:00+00:00,22.68,50.2,93.4,186.78,44.7,337.5,2.9,1.0,101150.0
1990-09-01 10:00:00+00:00,21.41,51.9,3.85,8.36,3.3,324.35,2.97,18.0,101190.0
1990-09-01 11:00:00+00:00,20.02,57.3,0.0,0.0,0.0,319.9,3.45,20.0,101270.0
1990-09-01 12:00:00+00:00,18.99,61.3,0.0,0.0,0.0,316.8,3.93,20.0,101360.0
1990-09-01 13:00:00+00:00,18.07,65.55,0.0,0.0,0.0,316.6,4.07,29.0,101450.0
1990-09-01 14:00:00+00:00,17.17,67.85,0.0,0.0,0.0,314.3,3.86,37.0,101470.0
1990-09-01 15:00:00+00:00,16.48,75.25,0.0,0.0,0.0,311.75,3.45,39.0,101490.0
1990-09-01 16:00:00+00:00,16.0,80.65,0.0,0.0,0.0,309.85,3.1,39.0,101490.0
1990-09-01 17:00:00+00:00,15.6,83.5,0.0,0.0,0.0,310.2,2.9,40.0,101470.0
1990-09-01 18:00:00+00:00,15.19,83.5,0.0,0.0,0.0,305.75,2.9,44.0,101400.0
1990-09-01 19:00:00+00:00,14.93,86.45,0.0,0.0,0.0,304.05,2.69,52.0,101420.0
1990-09-01 20:00:00+00:00,14.61,89.5,0.0,0.0,0.0,302.3,2.69,47.0,101460.0
1990-09-01 21:00:00+00:00,14.27,89.5,0.0,0.0,0.0,316.4,2.83,45.0,101480.0
1990-09-01 22:00:00+00:00,14.25,89.5,124.05,449.14,68.4,318.55,3.03,50.0,101540.0
1990-09-01 23:00:00+00:00,15.36,86.5,291.0,561.62,113.05,324.75,3.17,59.0,101560.0
1990-09-02 00:00:00+00:00,16.77,78.0,433.2,620.08,128.2,329.95,3.17,64.0,101540.0
1990-09-02 01:00:00+00:00,18.06,72.9,585.2,638.0,175.35,328.35,2.83,66.0,101560.0
1990-09-02 02:00:00+00:00,19.24,63.6,695.3,706.38,161.75,323.2,2.55,64.0,101560.0
1990-09-02 03:00:00+00:00,20.18,59.35,796.45,779.49,154.95,325.3,2.21,57.0,101510.0
1990-09-02 04:00:00+00:00,20.94,55.55,810.0,791.17,144.85,324.55,1.72,48.0,101440.0
1990-09-02 05:00:00+00:00,21.55,53.75,740.45,751.22,133.95,327.65,1.31,37.0,101390.0
1990-09-02 06:00:00+00:00,21.87,52.0,613.05,658.76,135.35,326.5,1.03,18.0,101360.0
1990-09-02 07:00:00+00:00,22.47,53.85,427.25,509.07,121.95,333.45,1.03,274.0,101220.0
1990-09-02 08:00:00+00:00,22.4,53.85,245.0,357.25,87.95,337.7,1.66,264.0,101230.0
1990-09-02 09:00:00+00:00,21.32,59.7,83.7,155.45,43.95,335.4,2.0,269.0,101260.0
1990-09-02 10:00:00+00:00,20.07,68.3,2.7,4.13,2.45,341.2,2.21,310.0,101290.0
1990-09-02 11:00:00+00:00,18.76,75.65,0.0,0.0,0.0,337.7,2.55,6.0,101370.0
1990-09-02 12:00:00+00:00,17.72,80.9,0.0,0.0,0.0,332.1,2.55,44.0,101420.0
1990-09-02 13:00:00+00:00,16.97,86.6,0.0,0.0,0.0,326.85,2.21,69.0,101480.0
1990-09-02 14:00:00+00:00,16.33,89.65,0.0,0.0,0.0,326.1,1.86,85.0,101460.0
1990-09-02 15:00:00+00:00,15.63,96.0,0.0,0.0,0.0,318.55,1.31,95.0,101430.0
1990-09-02 16:00:00+00:00,17.04,86.6,0.0,0.0,0.0,316.6,0.62,102.0,101430.0
1990-09-02 17:00:00+00:00,17.04,86.6,0.0,0.0,0.0,317.0,0.0,295.0,101390.0
1990-09-02 18:00:00+00:00,17.15,83.65,0.0,0.0,0.0,318.15,0.34,329.0,101390.0
1990-09-02 19:00:00+00:00,14.99,92.7,0.0,0.0,0.0,322.8,1.38,61.0,101430.0
1990-09-02 20:00:00+00:00,14.04,95.95,0.0,0.0,0.0,338.65,1.72,67.0,101420.0
1990-09-02 21:00:00+00:00,14.07,95.95,0.0,0.0,0.0,333.05,1.93,58.0,101460.0
1990-09-02 22:00:00+00:00,14.99,92.7,122.1,508.92,60.55,340.6,2.21,42.0,101530.0
1990-09-02 23:00:00+00:00,15.85,89.6,306.2,648.69,102.5,335.2,2.62,31.0,101590.0
1990-09-03 00:00:00+00:00,16.87,83.65,476.3,702.89,132.55,331.5,3.1,29.0,101610.0
1990-09-03 01:00:00+00:00,17.85,78.15,645.4,792.7,138.45,332.6,3.52,32.0,101640.0
1990-09-03 02:00:00+00:00,19.04,73.05,764.05,820.27,146.95,326.65,3.59,34.0,101660.0
1990-09-03 03:00:00+00:00,20.08,65.95,806.05,801.78,148.8,320.65,3.38,30.0,101600.0
1990-09-03 04:00:00+00:00,20.85,57.55,793.45,774.06,145.4,321.05,3.24,21.0,101540.0
1990-09-03 05:00:00+00:00,21.39,53.75,712.45,703.09,147.5,324.75,3.24,11.0,101470.0
1990-09-03 06:00:00+00:00,21.79,50.2,613.95,674.77,127.45,326.65,3.66,4.0,101450.0
1990-09-03 07:00:00+00:00,22.1,50.2,444.65,559.71,111.5,329.2,4.07,18.0,101360.0
1990-09-03 08:00:00+00:00,21.96,50.2,263.0,411.45,84.1,329.4,3.93,22.0,101350.0
1990-09-03 09:00:00+00:00,21.5,53.75,88.95,182.73,43.15,325.1,3.24,34.0,101360.0
1990-09-03 10:00:00+00:00,20.49,59.5,2.6,4.52,2.35,324.15,2.9,50.0,101380.0
1990-09-03 11:00:00+00:00,19.45,63.6,0.0,0.0,0.0,319.5,3.03,63.0,101410.0
1990-09-03 12:00:00+00:00,18.61,68.05,0.0,0.0,0.0,316.8,3.24,76.0,101470.0
1990-09-03 13:00:00+00:00,17.98,70.35,0.0,0.0,0.0,314.65,3.38,86.0,101520.0
1990-09-03 14:00:00+00:00,17.47,72.8,0.0,0.0,0.0,312.35,3.1,93.0,101520.0
1990-09-03 15:00:00+00:00,16.84,75.3,0.0,0.0,0.0,310.2,2.62,93.0,101500.0
1990-09-03 16:00:00+00:00,15.72,80.65,0.0,0.0,0.0,308.65,2.0,81.0,101480.0
1990-09-03 17:00:00+00:00,15.19,83.5,0.0,0.0,0.0,307.9,1.66,52.0,101450.0
1990-09-03 18:00:00+00:00,14.14,86.4,0.0,0.0,0.0,307.1,1.93,26.0,101430.0
1990-09-03 19:00:00+00:00,14.59,89.5,0.0,0.0,0.0,309.85,1.72,29.0,101390.0
1990-09-03 20:00:00+00:00,13.61,92.65,0.0,0.0,0.0,308.85,1.93,29.0,101400.0
1990-09-03 21:00:00+00:00,13.3,89.4,0.0,0.0,0.0,308.1,2.0,31.0,101440.0
1990-09-03 22:00:00+00:00,13.39,89.4,138.55,675.6,58.85,307.5,1.86,38.0,101500.0
1990-09-03 23:00:00+00:00,16.23,83.6,322.25,736.11,93.2,309.65,1.59,52.0,101520.0
1990-09-04 00:00:00+00:00,18.55,72.95,507.45,812.1,112.6,311.95,1.72,61.0,101520.0
1990-09-04 01:00:00+00:00,19.97,65.95,660.0,830.96,131.0,315.75,2.14,60.0,101530.0
1990-09-04 02:00:00+00:00,21.12,59.6,762.2,818.62,148.85,319.3,2.21,50.0,101490.0
1990-09-04 03:00:00+00:00,21.96,53.85,793.5,745.48,184.85,323.95,2.21,34.0,101480.0
1990-09-04 04:00:00+00:00,22.59,52.0,725.9,603.5,222.8,328.4,2.76,26.0,101400.0
1990-09-04 05:00:00+00:00,22.89,50.3,658.45,541.62,225.35,335.75,2.97,28.0,101350.0
1990-09-04 06:00:00+00:00,22.96,48.55,586.65,598.73,157.5,339.25,2.76,32.0,101330.0
1990-09-04 07:00:00+00:00,23.01,48.55,436.2,532.96,121.4,334.4,3.03,30.0,101260.0
1990-09-04 08:00:00+00:00,22.87,48.55,235.95,303.07,105.65,331.1,2.97,32.0,101260.0
1990-09-04 09:00:00+00:00,22.31,52.0,67.4,52.95,54.4,335.2,2.34,39.0,101270.0
1990-09-04 10:00:00+00:00,21.29,55.65,1.75,0.0,1.75,338.1,2.41,39.0,101320.0
1990-09-04 11:00:00+00:00,20.16,61.5,0.0,0.0,0.0,336.95,2.69,42.0,101360.0
1990-09-04 12:00:00+00:00,19.33,65.85,0.0,0.0,0.0,339.25,2.69,47.0,101380.0
1990-09-04 13:00:00+00:00,18.58,70.45,0.0,0.0,0.0,332.3,2.69,56.0,101430.0
1990-09-04 14:00:00+00:00,17.84,72.9,0.0,0.0,0.0,326.85,2.69,64.0,101400.0
1990-09-04 15:00:00+00:00,16.97,78.0,0.0,0.0,0.0,317.4,2.55,70.0,101360.0
1990-09-04 16:00:00+00:00,16.06,83.55,0.0,0.0,0.0,315.25,2.28,73.0,101360.0
1990-09-04 17:00:00+00:00,15.29,83.5,0.0,0.0,0.0,315.65,2.07,69.0,101330.0
1990-09-04 18:00:00+00:00,14.69,86.45,0.0,0.0,0.0,313.7,2.07,61.0,101320.0
1990-09-04 19:00:00+00:00,14.93,89.5,0.0,0.0,0.0,333.45,1.79,65.0,101290.0
1990-09-04 20:00:00+00:00,14.93,89.5,0.0,0.0,0.0,334.8,2.14,61.0,101270.0
1990-09-04 21:00:00+00:00,15.14,86.5,0.0,0.0,0.0,340.8,2.28,66.0,101290.0
1990-09-04 22:00:00+00:00,15.03,89.5,114.1,323.08,76.95,332.3,1.93,74.0,101330.0
1990-09-04 23:00:00+00:00,17.04,83.65,258.85,365.73,146.1,330.75,1.52,70.0,101380.0
1990-09-05 00:00:00+00:00,19.1,73.05,395.5,360.83,221.1,336.55,1.52,65.0,101380.0
1990-09-05 01:00:00+00:00,20.7,61.7,518.5,404.32,262.3,337.8,1.52,79.0,101390.0
1990-09-05 02:00:00+00:00,22.02,55.8,548.25,272.8,344.7,347.0,1.52,108.0,101400.0
1990-09-05 03:00:00+00:00,22.9,54.0,454.85,169.9,316.7,359.4,1.31,135.0,101380.0
1990-09-05 04:00:00+00:00,23.19,52.1,375.2,63.73,322.3,374.1,1.03,146.0,101340.0
1990-09-05 05:00:00+00:00,23.4,48.7,376.7,112.79,286.95,374.45,0.83,214.0,101340.0
1990-09-05 06:00:00+00:00,23.46,48.7,218.35,11.02,210.5,378.35,0.76,248.0,101320.0
1990-09-05 07:00:00+00:00,23.15,52.1,166.05,37.8,143.9,383.55,1.17,227.0,101260.0
1990-09-05 08:00:00+00:00,22.81,55.9,103.1,17.65,95.6,385.5,1.17,268.0,101250.0
1990-09-05 09:00:00+00:00,22.09,64.1,33.4,13.31,30.2,384.95,1.17,312.0,101260.0
1990-09-05 10:00:00+00:00,21.01,73.35,0.8,0.0,0.8,380.85,1.38,317.0,101270.0
1990-09-05 11:00:00+00:00,19.97,75.75,0.0,0.0,0.0,374.65,1.93,330.0,101350.0
1990-09-05 12:00:00+00:00,19.4,78.35,0.0,0.0,0.0,375.45,2.55,329.0,101410.0
1990-09-05 13:00:00+00:00,18.81,81.05,0.0,0.0,0.0,380.65,3.03,348.0,101440.0
1990-09-05 14:00:00+00:00,18.32,83.8,0.0,0.0,0.0,372.55,3.24,360.0,101430.0
1990-09-05 15:00:00+00:00,18.03,86.7,0.0,0.0,0.0,366.75,2.97,26.0,101430.0
1990-09-05 16:00:00+00:00,17.75,86.7,0.0,0.0,0.0,367.9,3.24,33.0,101420.0
1990-09-05 17:00:00+00:00,17.68,89.75,0.0,0.0,0.0,370.2,3.1,46.0,101400.0
1990-09-05 18:00:00+00:00,17.62,92.85,0.0,0.0,0.0,371.2,3.24,62.0,101380.0
1990-09-05 19:00:00+00:00,17.95,89.75,0.0,0.0,0.0,376.0,2.9,64.0,101350.0
1990-09-05 20:00:00+00:00,17.66,92.85,0.0,0.0,0.0,373.5,3.45,77.0,101330.0
1990-09-05 21:00:00+00:00,17.77,89.75,0.0,0.0,0.0,383.95,3.52,90.0,101340.0
1990-09-05 22:00:00+00:00,17.92,89.75,59.95,201.8,37.35,391.9,3.31,104.0,101350.0
1990-09-05 23:00:00+00:00,18.11,92.85,130.1,110.51,96.35,383.95,3.31,123.0,101360.0
1990-09-06 00:00:00+00:00,18.63,89.75,150.2,40.48,130.75,394.8,3.59,135.0,101370.0
1990-09-06 01:00:00+00:00,18.95,86.8,271.85,119.24,196.65,395.5,4.48,150.0,101360.0
1990-09-06 02:00:00+00:00,19.34,86.85,381.4,184.25,244.5,394.2,5.31,175.0,101320.0
1990-09-06 03:00:00+00:00,19.98,86.85,559.95,469.78,179.55,389.4,4.97,206.0,101310.0
1990-09-06 04:00:00+00:00,19.92,83.95,520.85,422.58,171.65,373.5,5.24,241.0,101250.0
1990-09-06 05:00:00+00:00,20.4,81.2,562.4,510.99,157.85,362.3,4.76,263.0,101270.0
1990-09-06 06:00:00+00:00,21.35,73.45,329.55,284.48,128.1,364.4,4.14,282.0,101250.0
1990-09-06 07:00:00+00:00,21.74,71.05,269.05,253.28,121.8,369.85,2.21,286.0,101260.0
1990-09-06 08:00:00+00:00,21.94,68.7,176.75,198.19,93.5,367.9,1.1,261.0,101270.0
1990-09-06 09:00:00+00:00,21.85,68.7,68.55,132.47,37.4,368.1,1.24,215.0,101280.0
1990-09-06 10:00:00+00:00,21.17,73.35,1.1,0.0,1.1,352.2,1.93,204.0,101290.0
1990-09-06 11:00:00+00:00,19.96,78.45,0.0,0.0,0.0,337.5,2.21,210.0,101350.0
1990-09-06 12:00:00+00:00,19.2,81.1,0.0,0.0,0.0,348.15,2.28,216.0,101430.0
1990-09-06 13:00:00+00:00,18.5,86.75,0.0,0.0,0.0,343.5,2.28,221.0,101460.0
1990-09-06 14:00:00+00:00,17.96,89.75,0.0,0.0,0.0,355.7,1.93,234.0,101450.0
1990-09-06 15:00:00+00:00,17.21,89.7,0.0,0.0,0.0,343.9,1.93,278.0,101490.0
1990-09-06 16:00:00+00:00,16.52,96.05,0.0,0.0,0.0,348.15,2.14,276.0,101480.0
1990-09-06 17:00:00+00:00,16.45,96.05,0.0,0.0,0.0,351.25,2.14,238.0,101440.0
1990-09-06 18:00:00+00:00,16.76,96.05,0.0,0.0,0.0,349.3,2.48,231.0,101400.0
1990-09-06 19:00:00+00:00,17.45,89.7,0.0,0.0,0.0,344.5,2.69,226.0,101400.0
1990-09-06 20:00:00+00:00,17.21,92.85,0.0,0.0,0.0,358.6,2.34,234.0,101400.0
1990-09-06 21:00:00+00:00,16.94,96.05,0.0,0.0,0.0,359.0,1.38,260.0,101460.0
1990-09-06 22:00:00+00:00,17.6,92.85,67.45,224.79,42.95,356.1,0.14,180.0,101490.0
1990-09-06 23:00:00+00:00,17.8,92.85,173.45,268.77,92.15,367.5,0.76,159.0,101550.0
1990-09-07 00:00:00+00:00,18.54,89.75,367.45,448.8,153.15,358.2,1.17,184.0,101560.0
1990-09-07 01:00:00+00:00,19.71,81.15,495.8,530.63,162.75,355.6,0.97,213.0,101600.0
1990-09-07 02:00:00+00:00,20.62,78.5,671.75,654.09,187.85,356.1,0.9,237.0,101600.0
1990-09-07 03:00:00+00:00,21.6,73.45,719.75,680.89,170.75,352.8,1.45,248.0,101580.0
1990-09-07 04:00:00+00:00,22.24,71.05,727.8,670.91,175.9,354.95,2.07,254.0,101500.0
1990-09-07 05:00:00+00:00,22.74,66.45,630.5,623.2,139.65,355.3,2.62,255.0,101470.0
1990-09-07 06:00:00+00:00,22.86,62.05,509.55,537.7,131.15,359.2,3.03,264.0,101440.0
1990-09-07 07:00:00+00:00,23.15,62.05,387.3,486.6,106.7,358.2,2.48,279.0,101380.0
1990-09-07 08:00:00+00:00,22.93,62.05,221.2,349.61,76.1,352.2,1.72,277.0,101370.0
1990-09-07 09:00:00+00:00,22.51,66.35,71.95,151.37,37.15,340.6,0.9,234.0,101360.0
1990-09-07 10:00:00+00:00,21.58,71.0,0.8,0.0,0.8,340.0,1.38,192.0,101370.0
1990-09-07 11:00:00+00:00,19.68,83.9,0.0,0.0,0.0,334.6,1.59,193.0,101430.0
1990-09-07 12:00:00+00:00,18.71,83.85,0.0,0.0,0.0,330.95,1.59,195.0,101500.0
1990-09-07 13:00:00+00:00,17.73,86.7,0.0,0.0,0.0,332.65,1.86,196.0,101560.0
1990-09-07 14:00:00+00:00,17.36,86.65,0.0,0.0,0.0,330.35,2.34,199.0,101570.0
1990-09-07 15:00:00+00:00,17.32,86.65,0.0,0.0,0.0,329.75,2.55,203.0,101590.0
1990-09-07 16:00:00+00:00,17.1,89.65,0.0,0.0,0.0,329.55,2.34,205.0,101570.0
1990-09-07 17:00:00+00:00,17.84,83.75,0.0,0.0,0.0,328.8,1.66,199.0,101520.0
1990-09-07 18:00:00+00:00,19.21,78.35,0.0,0.0,0.0,327.45,1.1,182.0,101490.0
1990-09-07 19:00:00+00:00,18.72,83.85,0.0,0.0,0.0,326.85,1.31,174.0,101520.0
1990-09-07 20:00:00+00:00,18.22,83.8,0.0,0.0,0.0,327.25,1.38,150.0,101500.0
1990-09-07 21:00:00+00:00,16.5,92.8,0.0,0.0,0.0,326.5,1.72,150.0,101560.0
1990-09-07 22:00:00+00:00,15.7,92.75,113.9,416.61,69.75,327.25,2.07,160.0,101600.0
1990-09-07 23:00:00+00:00,18.29,89.75,247.9,347.18,143.9,330.75,1.86,166.0,101630.0
1990-09-08 00:00:00+00:00,21.26,73.45,386.2,354.14,218.15,341.95,1.93,170.0,101620.0
1990-09-08 01:00:00+00:00,22.29,71.05,527.25,420.43,264.65,350.2,2.07,181.0,101650.0
1990-09-08 02:00:00+00:00,23.02,68.75,639.5,522.22,254.85,358.2,2.14,198.0,101640.0
1990-09-08 03:00:00+00:00,23.65,66.55,685.5,510.14,275.95,360.55,2.28,211.0,101620.0
1990-09-08 04:00:00+00:00,24.01,64.4,614.55,367.96,313.25,363.65,2.34,219.0,101590.0
1990-09-08 05:00:00+00:00,24.09,64.4,527.5,309.25,285.2,373.1,2.28,226.0,101540.0
1990-09-08 06:00:00+00:00,24.05,64.4,426.5,250.83,251.1,383.4,2.07,229.0,101480.0
1990-09-08 07:00:00+00:00,24.28,62.35,268.3,136.92,190.0,373.1,1.86,218.0,101450.0
1990-09-08 08:00:00+00:00,23.93,64.4,149.5,76.84,118.0,369.45,1.72,219.0,101400.0
1990-09-08 09:00:00+00:00,23.32,71.25,46.9,14.92,43.55,367.9,1.31,217.0,101380.0
1990-09-08 10:00:00+00:00,22.45,76.1,0.45,0.0,0.45,366.15,1.66,224.0,101350.0
1990-09-08 11:00:00+00:00,21.42,78.65,0.0,0.0,0.0,362.65,2.28,220.0,101400.0
1990-09-08 12:00:00+00:00,20.91,81.3,0.0,0.0,0.0,362.5,2.62,206.0,101430.0
1990-09-08 13:00:00+00:00,20.67,84.05,0.0,0.0,0.0,361.9,3.03,195.0,101430.0
1990-09-08 14:00:00+00:00,20.45,84.05,0.0,0.0,0.0,355.1,3.52,189.0,101420.0
1990-09-08 15:00:00+00:00,20.25,81.2,0.0,0.0,0.0,355.1,3.72,186.0,101410.0
1990-09-08 16:00:00+00:00,20.19,83.95,0.0,0.0,0.0,364.0,3.79,183.0,101400.0
1990-09-08 17:00:00+00:00,20.21,78.5,0.0,0.0,0.0,373.7,3.72,180.0,101360.0
1990-09-08 18:00:00+00:00,20.14,81.15,0.0,0.0,0.0,372.75,3.59,177.0,101320.0
1990-09-08 19:00:00+00:00,20.27,78.5,0.0,0.0,0.0,377.4,4.0,170.0,101290.0
1990-09-08 20:00:00+00:00,20.21,78.5,0.0,0.0,0.0,373.9,4.14,169.0,101220.0
1990-09-08 21:00:00+00:00,20.14,81.15,0.0,0.0,0.0,367.9,4.14,170.0,101220.0
1990-09-08 22:00:00+00:00,20.11,81.15,73.4,242.35,48.45,361.5,4.34,169.0,101180.0
1990-09-08 23:00:00+00:00,20.78,78.55,122.0,84.45,96.95,369.45,4.69,170.0,101200.0
1990-09-09 00:00:00+00:00,21.41,78.65,239.75,145.16,171.3,383.4,4.83,174.0,101190.0
1990-09-09 01:00:00+00:00,22.16,76.1,249.95,69.27,206.9,389.85,5.59,176.0,101230.0
1990-09-09 02:00:00+00:00,22.48,78.7,288.8,93.82,220.0,398.3,5.93,180.0,101210.0
1990-09-09 03:00:00+00:00,22.93,78.75,351.9,137.5,242.0,400.4,6.34,189.0,101180.0
1990-09-09 04:00:00+00:00,23.26,76.2,297.25,134.3,187.8,392.1,6.97,197.0,101140.0
1990-09-09 05:00:00+00:00,22.5,84.15,287.7,134.28,183.05,399.85,6.69,204.0,101070.0
1990-09-09 06:00:00+00:00,22.94,81.45,295.15,177.61,171.75,392.65,5.86,207.0,101030.0
1990-09-09 07:00:00+00:00,22.58,84.15,219.85,195.66,108.9,392.85,5.1,210.0,100980.0
1990-09-09 08:00:00+00:00,22.92,81.45,124.8,111.03,79.85,385.5,5.03,209.0,100970.0
1990-09-09 09:00:00+00:00,22.24,81.4,36.75,72.06,20.95,389.4,4.9,215.0,100940.0
1990-09-09 10:00:00+00:00,21.83,78.7,0.2,0.0,0.2,387.25,4.21,215.0,100980.0
1990-09-09 11:00:00+00:00,21.43,78.65,0.0,0.0,0.0,381.05,4.0,208.0,101000.0
1990-09-09 12:00:00+00:00,20.99,78.55,0.0,0.0,0.0,364.4,4.28,204.0,101020.0
1990-09-09 13:00:00+00:00,20.72,75.95,0.0,0.0,0.0,359.0,4.28,202.0,101050.0
1990-09-09 14:00:00+00:00,20.43,78.5,0.0,0.0,0.0,349.7,4.28,201.0,101030.0
1990-09-09 15:00:00+00:00,20.23,78.5,0.0,0.0,0.0,347.95,4.34,199.0,101000.0
1990-09-09 16:00:00+00:00,20.13,81.15,0.0,0.0,0.0,351.45,4.41,198.0,100980.0
1990-09-09 17:00:00+00:00,19.99,81.15,0.0,0.0,0.0,350.5,4.41,201.0,100960.0
1990-09-09 18:00:00+00:00,19.88,81.15,0.0,0.0,0.0,352.2,4.28,204.0,100940.0
1990-09-09 19:00:00+00:00,19.51,83.9,0.0,0.0,0.0,353.0,3.72,206.0,100890.0
1990-09-09 20:00:00+00:00,19.33,83.9,0.0,0.0,0.0,352.0,3.59,199.0,100870.0
1990-09-09 21:00:00+00:00,19.23,83.9,0.0,0.0,0.0,354.35,3.59,191.0,100880.0
1990-09-09 22:00:00+00:00,19.25,83.9,107.2,500.94,57.15,354.75,3.66,187.0,100930.0
1990-09-09 23:00:00+00:00,20.06,83.95,253.0,495.33,107.55,356.65,3.66,184.0,100960.0
1990-09-10 00:00:00+00:00,21.21,78.65,438.85,637.75,140.05,364.2,4.07,190.0,100980.0
1990-09-10 01:00:00+00:00,22.13,76.1,555.0,636.52,161.4,360.25,4.14,201.0,101000.0
1990-09-10 02:00:00+00:00,22.74,73.6,613.2,619.63,160.9,363.85,4.07,214.0,101030.0
1990-09-10 03:00:00+00:00,23.19,71.15,551.5,448.16,194.9,379.1,3.93,234.0,101030.0
1990-09-10 04:00:00+00:00,23.31,71.25,576.9,512.76,161.0,386.45,3.31,252.0,100980.0
1990-09-10 05:00:00+00:00,23.41,71.25,402.6,315.95,157.7,382.2,2.69,263.0,100940.0
1990-09-10 06:00:00+00:00,23.44,71.25,345.15,242.17,178.0,392.3,2.07,260.0,100920.0
1990-09-10 07:00:00+00:00,23.65,71.25,263.15,257.58,118.35,397.9,1.38,278.0,100890.0
1990-09-10 08:00:00+00:00,23.59,71.25,158.4,185.14,84.4,393.45,0.41,305.0,100880.0
1990-09-10 09:00:00+00:00,22.93,73.6,46.5,81.82,29.0,386.45,0.34,343.0,100880.0
1990-09-10 10:00:00+00:00,22.29,78.7,0.1,0.0,0.1,380.85,1.52,17.0,100960.0
1990-09-10 11:00:00+00:00,21.28,81.35,0.0,0.0,0.0,373.7,2.76,35.0,101040.0
1990-09-10 12:00:00+00:00,20.71,81.3,0.0,0.0,0.0,378.75,3.52,42.0,101090.0
1990-09-10 13:00:00+00:00,20.29,81.2,0.0,0.0,0.0,377.95,3.79,47.0,101170.0
1990-09-10 14:00:00+00:00,19.86,81.15,0.0,0.0,0.0,373.7,3.72,53.0,101160.0
1990-09-10 15:00:00+00:00,19.48,83.9,0.0,0.0,0.0,368.3,3.52,56.0,101170.0
1990-09-10 16:00:00+00:00,19.1,86.8,0.0,0.0,0.0,360.35,3.03,56.0,101180.0
1990-09-10 17:00:00+00:00,18.76,86.8,0.0,0.0,0.0,356.3,2.62,48.0,101190.0
1990-09-10 18:00:00+00:00,18.23,89.75,0.0,0.0,0.0,348.15,2.9,28.0,101160.0
1990-09-10 19:00:00+00:00,16.82,86.6,0.0,0.0,0.0,331.9,3.1,23.0,101180.0
1990-09-10 20:00:00+00:00,16.07,86.5,0.0,0.0,0.0,331.1,3.24,19.0,101200.0
1990-09-10 21:00:00+00:00,15.39,86.5,0.0,0.0,0.0,341.95,3.24,21.0,101260.0
1990-09-10 22:00:00+00:00,14.85,89.5,92.95,360.82,58.0,332.5,3.1,29.0,101280.0
1990-09-10 23:00:00+00:00,15.1,89.5,229.05,371.75,121.0,338.65,2.97,38.0,101320.0
1990-09-11 00:00:00+00:00,16.03,89.6,422.45,556.96,163.2,350.3,2.69,46.0,101330.0
1990-09-11 01:00:00+00:00,17.95,86.7,568.05,624.12,184.1,337.6,2.21,50.0,101340.0
1990-09-11 02:00:00+00:00,19.86,78.45,725.6,743.48,185.4,317.75,1.79,50.0,101360.0
1990-09-11 03:00:00+00:00,21.67,68.6,773.75,742.75,185.45,319.1,1.52,45.0,101350.0
1990-09-11 04:00:00+00:00,22.83,57.9,785.9,788.27,149.65,322.6,0.97,42.0,101290.0
1990-09-11 05:00:00+00:00,23.53,54.1,727.75,789.98,118.8,322.6,0.14,340.0,101220.0
1990-09-11 06:00:00+00:00,23.98,50.55,599.45,710.11,112.6,320.65,0.97,237.0,101190.0
1990-09-11 07:00:00+00:00,24.38,54.35,430.2,600.19,95.75,322.2,3.03,230.0,101120.0
1990-09-11 08:00:00+00:00,23.74,60.15,237.7,417.49,73.0,321.25,3.31,232.0,101090.0
1990-09-11 09:00:00+00:00,22.85,68.75,64.35,164.29,30.1,318.75,3.17,234.0,101100.0
1990-09-11 10:00:00+00:00,21.68,71.0,0.05,0.0,0.05,315.25,3.24,234.0,101120.0
1990-09-11 11:00:00+00:00,20.81,73.35,0.0,0.0,0.0,311.4,3.52,224.0,101170.0
1990-09-11 12:00:00+00:00,20.4,75.85,0.0,0.0,0.0,311.55,4.0,211.0,101210.0
1990-09-11 13:00:00+00:00,20.28,75.85,0.0,0.0,0.0,313.5,4.48,208.0,101260.0
1990-09-11 14:00:00+00:00,20.25,75.85,0.0,0.0,0.0,316.4,4.62,208.0,101240.0
1990-09-11 15:00:00+00:00,20.2,75.85,0.0,0.0,0.0,318.75,4.62,210.0,101230.0
1990-09-11 16:00:00+00:00,20.14,78.45,0.0,0.0,0.0,320.85,4.55,212.0,101240.0
1990-09-11 17:00:00+00:00,20.04,81.15,0.0,0.0,0.0,322.4,4.62,211.0,101200.0
1990-09-11 18:00:00+00:00,20.0,81.15,0.0,0.0,0.0,323.55,4.69,210.0,101210.0
1990-09-11 19:00:00+00:00,19.86,81.15,0.0,0.0,0.0,324.95,4.41,207.0,101220.0
1990-09-11 20:00:00+00:00,19.64,83.9,0.0,0.0,0.0,324.35,4.41,201.0,101220.0
1990-09-11 21:00:00+00:00,19.41,81.1,0.0,0.0,0.0,323.0,4.76,194.0,101240.0
1990-09-11 22:00:00+00:00,19.27,81.1,124.4,777.17,51.5,321.85,4.9,189.0,101260.0
1990-09-11 23:00:00+00:00,19.99,78.45,306.6,752.68,90.1,321.05,4.9,188.0,101290.0
1990-09-12 00:00:00+00:00,21.23,71.0,488.9,807.96,115.3,322.4,5.1,191.0,101300.0
1990-09-12 01:00:00+00:00,22.4,68.7,648.2,857.46,123.45,327.35,5.31,194.0,101310.0
1990-09-12 02:00:00+00:00,23.39,62.15,757.85,870.34,128.45,326.85,5.38,199.0,101330.0
1990-09-12 03:00:00+00:00,24.2,60.15,806.7,856.2,131.7,327.45,5.38,203.0,101280.0
1990-09-12 04:00:00+00:00,24.8,54.45,788.0,809.5,137.85,329.2,5.31,206.0,101220.0
1990-09-12 05:00:00+00:00,25.14,56.35,703.1,733.97,140.5,330.95,5.17,211.0,101130.0
1990-09-12 06:00:00+00:00,25.22,60.35,561.9,612.39,144.9,336.15,4.83,216.0,101090.0
1990-09-12 07:00:00+00:00,25.12,60.35,353.15,352.73,158.35,340.8,4.28,216.0,101000.0
1990-09-12 08:00:00+00:00,24.67,66.75,174.2,161.85,111.2,349.9,3.86,212.0,100970.0
1990-09-12 09:00:00+00:00,24.04,68.95,39.1,23.15,34.4,359.95,4.28,198.0,100950.0
1990-09-12 10:00:00+00:00,23.25,71.25,0.0,0.0,0.0,365.95,5.1,186.0,100960.0
1990-09-12 11:00:00+00:00,22.62,76.1,0.0,0.0,0.0,369.45,5.66,179.0,101000.0
1990-09-12 12:00:00+00:00,22.1,78.7,0.0,0.0,0.0,372.15,5.79,177.0,101040.0
1990-09-12 13:00:00+00:00,21.81,78.7,0.0,0.0,0.0,379.3,6.0,177.0,101040.0
1990-09-12 14:00:00+00:00,21.63,84.1,0.0,0.0,0.0,376.4,6.21,180.0,101020.0
1990-09-12 15:00:00+00:00,21.34,84.1,0.0,0.0,0.0,355.1,6.21,182.0,100970.0
1990-09-12 16:00:00+00:00,21.31,87.0,0.0,0.0,0.0,361.5,6.21,184.0,100950.0
1990-09-12 17:00:00+00:00,21.32,87.0,0.0,0.0,0.0,364.2,6.21,185.0,100890.0
1990-09-12 18:00:00+00:00,21.38,87.0,0.0,0.0,0.0,369.65,6.41,186.0,100820.0
1990-09-12 19:00:00+00:00,21.46,87.0,0.0,0.0,0.0,366.55,6.97,185.0,100720.0
1990-09-12 20:00:00+00:00,21.57,87.0,0.0,0.0,0.0,373.9,7.1,189.0,100690.0
1990-09-12 21:00:00+00:00,21.47,87.0,0.0,0.0,0.0,369.05,7.17,195.0,100660.0
1990-09-12 22:00:00+00:00,21.6,87.0,88.5,413.87,50.95,376.6,7.1,195.0,100680.0
1990-09-12 23:00:00+00:00,21.95,84.15,227.95,478.38,91.8,370.6,7.17,196.0,100680.0
1990-09-13 00:00:00+00:00,22.46,81.4,380.55,544.1,130.65,378.75,7.24,199.0,100660.0
1990-09-13 01:00:00+00:00,22.82,81.45,501.0,516.81,186.4,387.75,7.24,209.0,100670.0
1990-09-13 02:00:00+00:00,23.34,78.85,571.55,541.06,182.15,385.3,7.24,212.0,100700.0
1990-09-13 03:00:00+00:00,24.01,76.3,666.0,626.6,174.35,388.2,7.59,213.0,100620.0
1990-09-13 04:00:00+00:00,24.52,73.85,625.35,556.31,180.8,385.3,8.14,212.0,100560.0
1990-09-13 05:00:00+00:00,24.59,71.4,608.0,607.51,145.0,377.0,7.86,213.0,100480.0
1990-09-13 06:00:00+00:00,24.72,71.4,513.25,581.69,119.9,377.0,7.66,216.0,100450.0
1990-09-13 07:00:00+00:00,24.5,73.85,356.15,448.06,110.95,375.45,8.41,219.0,100330.0
1990-09-13 08:00:00+00:00,24.1,76.3,196.6,322.15,72.9,369.85,7.59,215.0,100350.0
1990-09-13 09:00:00+00:00,23.69,78.85,50.0,117.94,26.7,369.25,7.1,210.0,100360.0
1990-09-13 10:00:00+00:00,23.18,78.75,0.0,0.0,0.0,365.2,6.62,204.0,100340.0
1990-09-13 11:00:00+00:00,22.81,78.75,0.0,0.0,0.0,361.3,6.55,196.0,100340.0
1990-09-13 12:00:00+00:00,22.51,78.7,0.0,0.0,0.0,359.0,6.83,192.0,100380.0
1990-09-13 13:00:00+00:00,22.19,78.7,0.0,0.0,0.0,358.4,7.1,192.0,100420.0
1990-09-13 14:00:00+00:00,21.96,78.7,0.0,0.0,0.0,363.25,6.9,191.0,100390.0
1990-09-13 15:00:00+00:00,21.89,81.4,0.0,0.0,0.0,367.7,7.03,188.0,100350.0
1990-09-13 16:00:00+00:00,21.93,81.4,0.0,0.0,0.0,367.1,7.17,186.0,100330.0
1990-09-13 17:00:00+00:00,22.04,81.4,0.0,0.0,0.0,374.3,7.45,185.0,100270.0
1990-09-13 18:00:00+00:00,22.09,84.15,0.0,0.0,0.0,377.4,7.52,185.0,100190.0
1990-09-13 19:00:00+00:00,21.89,84.15,0.0,0.0,0.0,376.8,7.38,189.0,100250.0
1990-09-13 20:00:00+00:00,21.95,84.15,0.0,0.0,0.0,375.45,7.03,188.0,100220.0
1990-09-13 21:00:00+00:00,21.86,84.15,0.0,0.0,0.0,371.0,6.62,191.0,100210.0
1990-09-13 22:00:00+00:00,21.89,84.15,86.65,313.77,59.15,377.75,6.41,198.0,100270.0
1990-09-13 23:00:00+00:00,22.31,87.05,232.95,470.25,100.55,377.75,6.28,203.0,100330.0
1990-09-14 00:00:00+00:00,23.14,87.1,390.5,596.52,118.4,380.3,6.48,214.0,100400.0
1990-09-14 01:00:00+00:00,23.88,81.55,519.6,608.06,151.45,371.1,6.62,231.0,100450.0
1990-09-14 02:00:00+00:00,24.35,76.35,663.75,721.94,146.7,377.2,5.31,248.0,100490.0
1990-09-14 03:00:00+00:00,24.88,71.5,732.0,753.79,143.4,367.9,4.07,264.0,100480.0
1990-09-14 04:00:00+00:00,25.29,66.95,755.6,791.44,126.4,360.75,3.31,272.0,100480.0
1990-09-14 05:00:00+00:00,25.56,62.55,694.65,754.46,123.0,357.05,2.62,281.0,100470.0
1990-09-14 06:00:00+00:00,25.71,62.55,570.45,685.81,109.95,351.85,2.0,298.0,100450.0
1990-09-14 07:00:00+00:00,26.07,60.6,403.1,565.49,96.5,348.35,2.14,274.0,100330.0
1990-09-14 08:00:00+00:00,25.74,62.55,218.0,393.48,69.0,342.55,1.93,269.0,100370.0
1990-09-14 09:00:00+00:00,24.82,69.15,52.55,141.1,25.45,342.15,1.31,262.0,100440.0
1990-09-14 10:00:00+00:00,23.59,78.85,0.0,0.0,0.0,337.1,0.41,189.0,100480.0
1990-09-14 11:00:00+00:00,22.03,81.4,0.0,0.0,0.0,335.95,1.03,122.0,100560.0
1990-09-14 12:00:00+00:00,21.32,81.35,0.0,0.0,0.0,336.95,1.24,14.0,100670.0
1990-09-14 13:00:00+00:00,20.66,78.5,0.0,0.0,0.0,348.15,4.14,359.0,100830.0
1990-09-14 14:00:00+00:00,20.49,57.45,0.0,0.0,0.0,348.75,7.1,15.0,100910.0
1990-09-14 15:00:00+00:00,19.76,43.0,0.0,0.0,0.0,350.85,8.0,30.0,100990.0
1990-09-14 16:00:00+00:00,18.9,42.7,0.0,0.0,0.0,330.75,7.72,36.0,101040.0
1990-09-14 17:00:00+00:00,18.15,42.45,0.0,0.0,0.0,324.75,7.45,39.0,101070.0
1990-09-14 18:00:00+00:00,17.51,40.75,0.0,0.0,0.0,318.35,6.97,39.0,101100.0
1990-09-14 19:00:00+00:00,16.91,45.45,0.0,0.0,0.0,306.95,5.38,36.0,101130.0
1990-09-14 20:00:00+00:00,16.2,47.0,0.0,0.0,0.0,298.4,4.97,35.0,101180.0
1990-09-14 21:00:00+00:00,15.58,50.35,0.0,0.0,0.0,292.6,4.76,37.0,101230.0
1990-09-14 22:00:00+00:00,15.02,54.1,121.7,864.64,48.6,284.5,4.62,38.0,101300.0
1990-09-14 23:00:00+00:00,15.28,54.25,310.45,821.43,81.7,280.2,4.41,40.0,101360.0
1990-09-15 00:00:00+00:00,16.48,50.6,495.25,869.03,101.6,280.8,4.34,42.0,101400.0
1990-09-15 01:00:00+00:00,17.88,42.45,648.2,886.37,114.5,284.8,4.41,44.0,101400.0
1990-09-15 02:00:00+00:00,18.92,34.15,753.45,885.5,122.4,288.95,4.69,41.0,101410.0
1990-09-15 03:00:00+00:00,19.57,31.8,800.3,868.06,125.8,291.25,4.48,34.0,101360.0
1990-09-15 04:00:00+00:00,20.11,31.95,784.4,834.09,124.75,293.95,4.07,25.0,101320.0
1990-09-15 05:00:00+00:00,20.51,32.1,707.6,781.11,119.25,296.5,3.72,19.0,101290.0
1990-09-15 06:00:00+00:00,20.75,31.05,580.3,707.03,108.95,298.4,3.52,20.0,101250.0
1990-09-15 07:00:00+00:00,21.18,32.2,409.2,588.54,93.1,299.2,2.9,23.0,101120.0
1990-09-15 08:00:00+00:00,21.02,32.2,218.45,400.98,68.75,299.55,2.69,29.0,101130.0
1990-09-15 09:00:00+00:00,20.38,38.65,50.6,141.79,24.15,298.6,2.34,45.0,101130.0
1990-09-15 10:00:00+00:00,19.16,42.7,0.0,0.0,0.0,295.7,2.62,68.0,101140.0
1990-09-15 11:00:00+00:00,17.9,47.4,0.0,0.0,0.0,292.4,3.1,91.0,101160.0
1990-09-15 12:00:00+00:00,17.09,50.75,0.0,0.0,0.0,289.3,3.59,108.0,101200.0
1990-09-15 13:00:00+00:00,16.56,52.5,0.0,0.0,0.0,287.4,3.66,123.0,101230.0
1990-09-15 14:00:00+00:00,16.09,54.35,0.0,0.0,0.0,286.6,3.24,133.0,101200.0
1990-09-15 15:00:00+00:00,15.51,58.35,0.0,0.0,0.0,286.05,2.83,130.0,101170.0
1990-09-15 16:00:00+00:00,14.81,62.65,0.0,0.0,0.0,286.6,2.83,116.0,101150.0
1990-09-15 17:00:00+00:00,13.91,69.65,0.0,0.0,0.0,287.2,2.14,117.0,101110.0
1990-09-15 18:00:00+00:00,16.69,54.6,0.0,0.0,0.0,288.15,1.03,166.0,101130.0
1990-09-15 19:00:00+00:00,15.25,67.45,0.0,0.0,0.0,291.65,1.66,216.0,101140.0
1990-09-15 20:00:00+00:00,14.86,67.35,0.0,0.0,0.0,293.2,1.79,181.0,101110.0
1990-09-15 21:00:00+00:00,12.99,77.45,0.0,0.0,0.0,294.55,2.55,159.0,101140.0
1990-09-15 22:00:00+00:00,13.59,77.5,115.95,839.34,47.6,296.1,3.17,162.0,101140.0
1990-09-15 23:00:00+00:00,16.11,70.0,298.75,789.45,81.35,299.4,3.45,176.0,101160.0
1990-09-16 00:00:00+00:00,19.09,55.05,479.9,840.97,101.65,304.2,4.0,187.0,101150.0
1990-09-16 01:00:00+00:00,20.79,44.85,630.15,860.45,114.95,311.1,4.9,194.0,101170.0
1990-09-16 02:00:00+00:00,21.86,39.05,732.6,859.38,123.25,317.4,5.52,198.0,101160.0
1990-09-16 03:00:00+00:00,22.72,39.15,758.6,805.35,135.95,321.85,5.93,205.0,101120.0
1990-09-16 04:00:00+00:00,23.34,39.3,751.6,782.35,136.15,328.6,6.28,210.0,101070.0
1990-09-16 05:00:00+00:00,23.77,40.9,651.8,694.81,131.6,329.55,6.62,211.0,100990.0
1990-09-16 06:00:00+00:00,24.02,45.5,547.4,661.36,109.7,340.8,7.1,211.0,100920.0
1990-09-16 07:00:00+00:00,24.0,52.35,372.45,520.25,95.7,341.4,5.79,214.0,100810.0
1990-09-16 08:00:00+00:00,23.8,58.1,182.8,296.64,73.65,349.3,5.03,214.0,100810.0
1990-09-16 09:00:00+00:00,23.19,64.2,35.55,75.41,21.9,354.75,5.31,214.0,100830.0
1990-09-16 10:00:00+00:00,22.45,68.7,0.0,0.0,0.0,365.2,5.45,206.0,100870.0
1990-09-16 11:00:00+00:00,21.92,68.7,0.0,0.0,0.0,365.95,5.17,195.0,100880.0
1990-09-16 12:00:00+00:00,21.35,71.0,0.0,0.0,0.0,357.85,4.97,187.0,100960.0
1990-09-16 13:00:00+00:00,21.02,73.35,0.0,0.0,0.0,360.75,4.9,185.0,101050.0
1990-09-16 14:00:00+00:00,20.76,73.35,0.0,0.0,0.0,361.1,4.62,184.0,101050.0
1990-09-16 15:00:00+00:00,20.66,78.5,0.0,0.0,0.0,368.5,4.28,182.0,101050.0
1990-09-16 16:00:00+00:00,20.63,78.5,0.0,0.0,0.0,371.2,4.14,184.0,101070.0
1990-09-16 17:00:00+00:00,20.67,78.5,0.0,0.0,0.0,374.65,4.0,187.0,101070.0
1990-09-16 18:00:00+00:00,20.66,78.5,0.0,0.0,0.0,380.65,3.72,184.0,101050.0
1990-09-16 19:00:00+00:00,20.65,81.2,0.0,0.0,0.0,377.0,3.93,188.0,101100.0
1990-09-16 20:00:00+00:00,20.68,81.2,0.0,0.0,0.0,378.15,3.86,185.0,101130.0
1990-09-16 21:00:00+00:00,20.72,78.55,0.0,0.0,0.0,384.15,3.72,184.0,101180.0
1990-09-16 22:00:00+00:00,20.71,78.55,36.45,10.85,35.6,390.95,3.59,183.0,101250.0
1990-09-16 23:00:00+00:00,20.9,78.55,150.95,116.43,119.25,389.75,3.66,174.0,101290.0
1990-09-17 00:00:00+00:00,21.3,81.35,234.0,216.66,137.25,382.4,3.1,184.0,101330.0
1990-09-17 01:00:00+00:00,21.99,78.7,372.1,306.96,189.35,392.8,2.34,188.0,101410.0
1990-09-17 02:00:00+00:00,22.45,81.4,270.35,61.88,226.7,394.6,2.21,192.0,101450.0
1990-09-17 03:00:00+00:00,22.27,84.15,337.75,120.77,244.85,400.0,2.07,187.0,101440.0
1990-09-17 04:00:00+00:00,22.51,84.15,263.5,18.28,249.2,397.5,2.14,189.0,101400.0
1990-09-17 05:00:00+00:00,22.6,87.05,250.85,31.45,227.45,401.4,2.21,202.0,101390.0
1990-09-17 06:00:00+00:00,22.71,87.05,188.95,38.06,163.95,398.3,1.72,216.0,101380.0
1990-09-17 07:00:00+00:00,22.54,87.05,139.9,13.57,132.75,404.85,0.83,259.0,101360.0
1990-09-17 08:00:00+00:00,22.62,87.05,94.85,26.48,85.25,407.0,1.1,310.0,101380.0
1990-09-17 09:00:00+00:00,22.15,90.0,18.65,1.14,18.45,399.05,1.31,341.0,101450.0
1990-09-17 10:00:00+00:00,21.57,93.0,0.0,0.0,0.0,399.45,1.66,21.0,101470.0
1990-09-17 11:00:00+00:00,20.91,93.0,0.0,0.0,0.0,392.85,2.07,31.0,101540.0
1990-09-17 12:00:00+00:00,20.51,96.15,0.0,0.0,0.0,389.0,2.41,29.0,101610.0
1990-09-17 13:00:00+00:00,20.07,92.95,0.0,0.0,0.0,385.3,2.9,22.0,101690.0
1990-09-17 14:00:00+00:00,19.41,92.9,0.0,0.0,0.0,374.85,3.24,19.0,101720.0
1990-09-17 15:00:00+00:00,18.86,92.9,0.0,0.0,0.0,370.8,3.38,18.0,101780.0
1990-09-17 16:00:00+00:00,18.51,92.85,0.0,0.0,0.0,370.0,3.45,18.0,101820.0
1990-09-17 17:00:00+00:00,18.16,96.05,0.0,0.0,0.0,371.2,3.24,24.0,101810.0
1990-09-17 18:00:00+00:00,17.91,92.85,0.0,0.0,0.0,370.4,3.1,27.0,101840.0
1990-09-17 19:00:00+00:00,17.36,96.05,0.0,0.0,0.0,367.3,3.52,14.0,101900.0
1990-09-17 20:00:00+00:00,16.99,92.8,0.0,0.0,0.0,361.3,4.21,15.0,101960.0
1990-09-17 21:00:00+00:00,16.84,86.6,0.0,0.0,0.0,373.9,4.55,23.0,102010.0
1990-09-17 22:00:00+00:00,16.9,86.6,54.15,82.48,47.95,376.6,4.62,34.0,102050.0
1990-09-17 23:00:00+00:00,17.53,86.65,184.25,199.35,130.6,384.95,4.76,43.0,102070.0
1990-09-18 00:00:00+00:00,18.53,86.75,289.35,204.39,198.75,375.45,4.34,45.0,102080.0
1990-09-18 01:00:00+00:00,19.78,81.15,418.05,298.94,241.1,379.25,4.14,44.0,102130.0
1990-09-18 02:00:00+00:00,21.19,78.55,506.4,375.92,242.6,389.95,3.93,46.0,102100.0
1990-09-18 03:00:00+00:00,22.55,76.1,526.4,364.19,247.7,388.0,3.38,47.0,102060.0
1990-09-18 04:00:00+00:00,23.67,71.25,509.75,298.21,277.7,394.0,2.41,36.0,102000.0
1990-09-18 05:00:00+00:00,24.25,66.75,454.45,317.1,219.95,402.15,2.48,19.0,101920.0
1990-09-18 06:00:00+00:00,24.31,69.05,501.05,565.65,132.25,407.55,2.76,18.0,101860.0
1990-09-18 07:00:00+00:00,25.07,66.85,334.05,439.63,104.75,381.05,2.34,16.0,101730.0
1990-09-18 08:00:00+00:00,24.91,69.15,171.7,281.13,71.3,384.15,2.69,6.0,101700.0
1990-09-18 09:00:00+00:00,24.22,73.75,33.4,81.83,19.5,383.95,2.62,6.0,101670.0
1990-09-18 10:00:00+00:00,22.98,78.75,0.0,0.0,0.0,376.6,2.76,15.0,101690.0
1990-09-18 11:00:00+00:00,21.99,78.7,0.0,0.0,0.0,375.05,2.48,32.0,101690.0
1990-09-18 12:00:00+00:00,21.29,81.35,0.0,0.0,0.0,371.0,2.07,56.0,101720.0
1990-09-18 13:00:00+00:00,20.48,86.9,0.0,0.0,0.0,373.5,1.52,91.0,101730.0
1990-09-18 14:00:00+00:00,19.61,92.9,0.0,0.0,0.0,360.15,1.93,146.0,101670.0
1990-09-18 15:00:00+00:00,19.78,89.85,0.0,0.0,0.0,356.65,3.03,175.0,101630.0
1990-09-18 16:00:00+00:00,20.14,89.85,0.0,0.0,0.0,350.65,3.72,182.0,101550.0
1990-09-18 17:00:00+00:00,20.26,86.9,0.0,0.0,0.0,345.85,3.93,180.0,101510.0
1990-09-18 18:00:00+00:00,20.2,81.2,0.0,0.0,0.0,340.4,4.28,179.0,101470.0
1990-09-18 19:00:00+00:00,20.2,78.5,0.0,0.0,0.0,337.5,4.62,178.0,101400.0
1990-09-18 20:00:00+00:00,20.17,78.45,0.0,0.0,0.0,334.6,4.97,178.0,101320.0
1990-09-18 21:00:00+00:00,20.2,73.3,0.0,0.0,0.0,333.25,5.31,180.0,101340.0
1990-09-18 22:00:00+00:00,20.2,73.3,104.5,824.11,45.15,335.95,5.59,177.0,101320.0
1990-09-18 23:00:00+00:00,20.82,70.9,271.85,713.29,82.15,334.8,6.0,173.0,101300.0
1990-09-19 00:00:00+00:00,21.98,68.7,444.1,728.32,123.65,341.2,5.86,172.0,101290.0
1990-09-19 01:00:00+00:00,23.3,64.3,526.45,562.93,195.2,350.8,6.55,178.0,101280.0
1990-09-19 02:00:00+00:00,24.36,62.35,631.75,576.49,229.35,360.35,6.9,189.0,101260.0
1990-09-19 03:00:00+00:00,25.16,60.35,724.45,730.85,168.1,371.2,7.31,200.0,101250.0
1990-09-19 04:00:00+00:00,25.63,58.45,707.55,689.33,174.15,358.4,7.79,206.0,101150.0
1990-09-19 05:00:00+00:00,25.65,60.45,594.7,546.58,193.05,359.55,7.86,211.0,101080.0
1990-09-19 06:00:00+00:00,25.2,64.6,339.4,142.03,247.5,366.95,7.59,215.0,100990.0
1990-09-19 07:00:00+00:00,24.14,73.75,253.0,156.1,172.4,382.8,7.24,221.0,100930.0
1990-09-19 08:00:00+00:00,23.55,76.2,114.0,38.81,100.35,379.5,7.31,219.0,100910.0
1990-09-19 09:00:00+00:00,23.0,78.75,26.9,36.52,20.9,380.1,7.45,218.0,100900.0
1990-09-19 10:00:00+00:00,22.44,81.4,0.0,0.0,0.0,370.0,7.31,213.0,100930.0
1990-09-19 11:00:00+00:00,22.19,81.4,0.0,0.0,0.0,374.1,7.1,209.0,100980.0
1990-09-19 12:00:00+00:00,21.95,81.4,0.0,0.0,0.0,365.95,6.69,208.0,101010.0
1990-09-19 13:00:00+00:00,21.79,81.4,0.0,0.0,0.0,365.0,6.34,206.0,101070.0
1990-09-19 14:00:00+00:00,21.68,84.1,0.0,0.0,0.0,369.25,5.93,207.0,101050.0
1990-09-19 15:00:00+00:00,21.69,84.1,0.0,0.0,0.0,377.0,5.52,208.0,101060.0
1990-09-19 16:00:00+00:00,21.65,84.1,0.0,0.0,0.0,377.75,5.17,210.0,101070.0
1990-09-19 17:00:00+00:00,21.62,84.1,0.0,0.0,0.0,379.5,4.83,213.0,101060.0
1990-09-19 18:00:00+00:00,21.51,87.0,0.0,0.0,0.0,379.5,4.34,217.0,101040.0
1990-09-19 19:00:00+00:00,21.32,89.95,0.0,0.0,0.0,376.8,3.72,237.0,101090.0
1990-09-19 20:00:00+00:00,20.93,93.0,0.0,0.0,0.0,370.6,2.9,259.0,101100.0
1990-09-19 21:00:00+00:00,20.41,92.95,0.0,0.0,0.0,361.3,2.48,302.0,101160.0
1990-09-19 22:00:00+00:00,20.07,92.95,64.85,188.81,51.85,368.1,2.83,350.0,101220.0
1990-09-19 23:00:00+00:00,20.29,86.9,182.0,223.97,123.15,359.4,3.1,18.0,101300.0
1990-09-20 00:00:00+00:00,21.27,81.35,339.85,340.66,191.1,356.65,3.1,35.0,101330.0
1990-09-20 01:00:00+00:00,22.52,76.1,456.15,361.41,244.75,354.65,2.83,46.0,101350.0
1990-09-20 02:00:00+00:00,23.64,66.55,585.4,473.82,256.45,348.95,2.34,49.0,101360.0
1990-09-20 03:00:00+00:00,24.54,58.2,654.3,527.29,255.05,352.2,2.14,42.0,101350.0
1990-09-20 04:00:00+00:00,25.0,52.6,681.9,608.31,213.85,349.9,1.79,34.0,101290.0
1990-09-20 05:00:00+00:00,25.29,49.2,663.1,727.94,131.6,347.55,1.52,18.0,101230.0
1990-09-20 06:00:00+00:00,25.47,49.2,546.9,686.8,105.95,343.1,1.45,359.0,101180.0
1990-09-20 07:00:00+00:00,25.41,49.2,378.25,564.69,89.65,333.05,1.59,343.0,101120.0
1990-09-20 08:00:00+00:00,25.03,52.6,174.8,266.74,82.45,330.75,1.24,344.0,101120.0
1990-09-20 09:00:00+00:00,24.09,60.15,25.95,28.68,21.4,337.1,0.97,356.0,101130.0
1990-09-20 10:00:00+00:00,22.49,71.05,0.0,0.0,0.0,344.65,1.1,20.0,101160.0
1990-09-20 11:00:00+00:00,21.4,68.6,0.0,0.0,0.0,346.2,1.24,48.0,101190.0
1990-09-20 12:00:00+00:00,21.25,66.25,0.0,0.0,0.0,323.0,1.24,49.0,101280.0
1990-09-20 13:00:00+00:00,19.28,75.7,0.0,0.0,0.0,335.55,1.66,70.0,101320.0
1990-09-20 14:00:00+00:00,18.85,78.3,0.0,0.0,0.0,344.85,1.66,67.0,101300.0
1990-09-20 15:00:00+00:00,18.35,81.0,0.0,0.0,0.0,359.55,2.0,31.0,101380.0
1990-09-20 16:00:00+00:00,19.0,75.65,0.0,0.0,0.0,363.85,3.1,25.0,101390.0
1990-09-20 17:00:00+00:00,19.18,68.1,0.0,0.0,0.0,362.85,4.07,34.0,101380.0
1990-09-20 18:00:00+00:00,19.14,61.3,0.0,0.0,0.0,365.55,4.21,48.0,101360.0
1990-09-20 19:00:00+00:00,19.22,63.6,0.0,0.0,0.0,365.75,3.1,61.0,101400.0
1990-09-20 20:00:00+00:00,19.07,65.75,0.0,0.0,0.0,367.1,3.1,58.0,101410.0
1990-09-20 21:00:00+00:00,18.89,65.75,0.0,0.0,0.0,368.3,3.1,54.0,101390.0
1990-09-20 22:00:00+00:00,18.68,65.75,36.25,75.38,31.3,365.95,3.03,47.0,101410.0
1990-09-20 23:00:00+00:00,18.71,68.1,140.85,136.0,105.55,358.2,3.17,39.0,101460.0
1990-09-21 00:00:00+00:00,19.47,68.2,292.2,269.79,175.3,346.8,3.52,37.0,101500.0
1990-09-21 01:00:00+00:00,20.7,61.7,465.55,428.98,216.15,339.35,3.72,42.0,101520.0
1990-09-21 02:00:00+00:00,22.07,57.75,673.1,713.75,180.3,345.85,3.72,47.0,101540.0
1990-09-21 03:00:00+00:00,23.44,52.25,725.5,799.92,123.1,336.35,3.66,48.0,101510.0
1990-09-21 04:00:00+00:00,24.23,47.15,738.55,805.95,122.0,327.85,3.31,44.0,101470.0
1990-09-21 05:00:00+00:00,24.74,44.15,665.55,756.54,116.75,324.35,3.03,40.0,101410.0
1990-09-21 06:00:00+00:00,24.95,42.65,539.45,680.77,105.8,325.7,2.9,38.0,101380.0
1990-09-21 07:00:00+00:00,25.39,39.85,369.25,552.8,89.65,325.1,2.41,46.0,101320.0
1990-09-21 08:00:00+00:00,25.0,45.75,182.8,351.75,62.95,326.1,2.07,38.0,101290.0
1990-09-21 09:00:00+00:00,24.02,52.35,31.05,86.89,17.75,326.3,2.14,30.0,101300.0
1990-09-21 10:00:00+00:00,22.4,57.75,0.0,0.0,0.0,324.35,2.76,30.0,101320.0
1990-09-21 11:00:00+00:00,21.08,63.9,0.0,0.0,0.0,331.9,2.76,43.0,101360.0
1990-09-21 12:00:00+00:00,20.01,70.7,0.0,0.0,0.0,330.55,2.62,62.0,101400.0
1990-09-21 13:00:00+00:00,18.93,75.65,0.0,0.0,0.0,326.65,2.48,81.0,101460.0
1990-09-21 14:00:00+00:00,17.97,83.75,0.0,0.0,0.0,321.45,2.34,104.0,101440.0
1990-09-21 15:00:00+00:00,17.46,86.65,0.0,0.0,0.0,323.75,2.41,123.0,101450.0
1990-09-21 16:00:00+00:00,17.16,89.65,0.0,0.0,0.0,318.95,2.48,137.0,101450.0
1990-09-21 17:00:00+00:00,16.89,89.65,0.0,0.0,0.0,316.4,2.48,148.0,101430.0
1990-09-21 18:00:00+00:00,16.67,86.6,0.0,0.0,0.0,316.8,2.48,159.0,101430.0
1990-09-21 19:00:00+00:00,16.48,89.65,0.0,0.0,0.0,318.95,2.55,146.0,101450.0
1990-09-21 20:00:00+00:00,16.39,89.65,0.0,0.0,0.0,319.3,2.55,151.0,101460.0
1990-09-21 21:00:00+00:00,16.42,89.65,0.0,0.0,0.0,320.3,2.62,149.0,101490.0
1990-09-21 22:00:00+00:00,16.71,86.6,96.15,844.35,43.4,321.65,2.9,142.0,101500.0
1990-09-21 23:00:00+00:00,18.53,83.8,269.15,736.4,80.4,324.15,2.97,144.0,101520.0
1990-09-22 00:00:00+00:00,21.04,73.35,448.1,804.82,102.1,329.0,3.31,151.0,101530.0
1990-09-22 01:00:00+00:00,22.46,68.7,593.25,829.47,114.0,334.7,4.14,156.0,101540.0
1990-09-22 02:00:00+00:00,23.53,66.55,683.65,801.57,133.3,341.95,4.0,162.0,101570.0
1990-09-22 03:00:00+00:00,24.45,64.5,715.6,758.75,147.35,351.45,3.72,169.0,101510.0
1990-09-22 04:00:00+00:00,25.12,62.45,557.6,553.88,136.35,356.85,3.52,184.0,101460.0
1990-09-22 05:00:00+00:00,25.2,62.45,480.4,453.21,153.8,369.85,3.38,194.0,101400.0
1990-09-22 06:00:00+00:00,25.14,64.6,391.0,435.81,115.6,387.45,3.31,192.0,101330.0
1990-09-22 07:00:00+00:00,25.52,62.55,252.2,292.32,105.9,383.75,3.72,183.0,101230.0
1990-09-22 08:00:00+00:00,24.99,66.85,132.05,217.61,59.1,389.95,4.07,180.0,101230.0
1990-09-22 09:00:00+00:00,23.98,71.35,20.25,41.37,14.15,377.75,4.83,178.0,101270.0
1990-09-22 10:00:00+00:00,22.85,76.15,0.0,0.0,0.0,377.55,4.62,179.0,101320.0
1990-09-22 11:00:00+00:00,22.25,78.7,0.0,0.0,0.0,378.35,4.55,178.0,101380.0
1990-09-22 12:00:00+00:00,21.87,76.1,0.0,0.0,0.0,381.25,4.83,171.0,101360.0
1990-09-22 13:00:00+00:00,21.58,78.65,0.0,0.0,0.0,377.2,5.03,170.0,101350.0
1990-09-22 14:00:00+00:00,21.42,78.65,0.0,0.0,0.0,377.2,5.1,171.0,101340.0
1990-09-22 15:00:00+00:00,21.34,81.35,0.0,0.0,0.0,380.65,5.03,172.0,101320.0
1990-09-22 16:00:00+00:00,21.36,81.35,0.0,0.0,0.0,384.55,5.38,173.0,101300.0
1990-09-22 17:00:00+00:00,21.49,84.1,0.0,0.0,0.0,396.35,5.93,176.0,101260.0
1990-09-22 18:00:00+00:00,21.43,84.1,0.0,0.0,0.0,390.35,6.28,175.0,101200.0
1990-09-22 19:00:00+00:00,21.52,87.0,0.0,0.0,0.0,391.7,5.66,178.0,101180.0
1990-09-22 20:00:00+00:00,21.4,87.0,0.0,0.0,0.0,398.1,5.38,177.0,101160.0
1990-09-22 21:00:00+00:00,20.98,89.95,0.0,0.0,0.0,392.85,5.03,179.0,101150.0
1990-09-22 22:00:00+00:00,20.93,89.95,28.1,58.21,24.65,395.4,5.03,174.0,101170.0
1990-09-22 23:00:00+00:00,20.95,89.95,73.0,30.63,65.25,399.45,5.1,181.0,101180.0
1990-09-23 00:00:00+00:00,20.98,93.0,130.25,95.67,89.45,406.2,4.97,197.0,101200.0
1990-09-23 01:00:00+00:00,21.27,89.95,103.4,2.96,101.7,405.35,4.83,215.0,101220.0
1990-09-23 02:00:00+00:00,21.19,93.0,69.35,1.54,68.3,410.45,3.93,257.0,101250.0
1990-09-23 03:00:00+00:00,17.7,86.7,137.85,50.62,100.15,406.8,9.66,346.0,101320.0
1990-09-23 04:00:00+00:00,14.77,80.55,68.15,1.79,66.8,388.4,10.14,10.0,101450.0
1990-09-23 05:00:00+00:00,14.47,86.4,41.55,0.14,41.45,376.2,8.48,21.0,101540.0
1990-09-23 06:00:00+00:00,14.29,86.4,63.75,1.28,62.95,374.1,7.86,25.0,101600.0
1990-09-23 07:00:00+00:00,13.34,83.25,29.8,0.3,29.65,371.2,9.17,16.0,101630.0
1990-09-23 08:00:00+00:00,12.61,86.2,11.95,0.0,11.95,369.05,8.97,21.0,101680.0
1990-09-23 09:00:00+00:00,12.1,86.15,3.9,0.0,3.9,367.1,8.21,26.0,101670.0
1990-09-23 10:00:00+00:00,11.75,86.15,0.0,0.0,0.0,361.7,7.93,26.0,101640.0
1990-09-23 11:00:00+00:00,11.9,80.15,0.0,0.0,0.0,349.5,7.52,27.0,101700.0
1990-09-23 12:00:00+00:00,11.88,77.3,0.0,0.0,0.0,345.85,7.1,28.0,101700.0
1990-09-23 13:00:00+00:00,12.04,77.3,0.0,0.0,0.0,344.65,6.48,32.0,101740.0
1990-09-23 14:00:00+00:00,12.09,77.3,0.0,0.0,0.0,337.5,5.93,29.0,101730.0
1990-09-23 15:00:00+00:00,12.05,77.3,0.0,0.0,0.0,326.3,5.72,23.0,101730.0
1990-09-23 16:00:00+00:00,11.92,77.3,0.0,0.0,0.0,316.05,5.52,20.0,101730.0
1990-09-23 17:00:00+00:00,11.82,77.3,0.0,0.0,0.0,309.85,5.38,18.0,101710.0
1990-09-23 18:00:00+00:00,11.73,74.55,0.0,0.0,0.0,302.3,5.72,13.0,101700.0
1990-09-23 19:00:00+00:00,11.63,64.35,0.0,0.0,0.0,293.75,6.83,9.0,101710.0
1990-09-23 20:00:00+00:00,11.49,55.4,0.0,0.0,0.0,290.5,6.97,11.0,101720.0
1990-09-23 21:00:00+00:00,11.2,49.45,0.0,0.0,0.0,277.9,7.1,12.0,101740.0
1990-09-23 22:00:00+00:00,10.85,49.3,77.15,366.72,56.6,274.05,6.97,14.0,101750.0
1990-09-23 23:00:00+00:00,10.93,51.25,231.3,441.21,121.1,279.65,6.76,14.0,101770.0
1990-09-24 00:00:00+00:00,11.67,49.45,425.5,641.56,154.1,281.0,7.24,11.0,101780.0
1990-09-24 01:00:00+00:00,12.74,47.85,569.25,690.9,175.1,285.0,7.24,13.0,101790.0
1990-09-24 02:00:00+00:00,13.96,48.15,679.55,732.57,182.3,285.25,6.97,14.0,101780.0
1990-09-24 03:00:00+00:00,15.17,45.05,681.0,611.67,228.05,283.9,6.69,12.0,101710.0
1990-09-24 04:00:00+00:00,16.08,43.5,692.25,672.86,186.6,305.0,6.83,9.0,101670.0
1990-09-24 05:00:00+00:00,16.66,37.65,600.35,574.0,192.25,296.85,7.17,11.0,101590.0
1990-09-24 06:00:00+00:00,16.84,36.3,398.95,270.95,230.5,305.95,6.97,12.0,101520.0
1990-09-24 07:00:00+00:00,17.02,34.9,227.4,100.15,178.35,323.55,6.69,10.0,101450.0
1990-09-24 08:00:00+00:00,16.59,39.0,112.5,85.6,84.75,333.45,6.14,7.0,101450.0
1990-09-24 09:00:00+00:00,16.05,38.85,23.1,63.87,14.4,320.85,5.93,4.0,101480.0
1990-09-24 10:00:00+00:00,15.06,41.65,0.0,0.0,0.0,285.85,5.45,2.0,101520.0
1990-09-24 11:00:00+00:00,14.29,44.75,0.0,0.0,0.0,279.05,4.55,6.0,101580.0
1990-09-24 12:00:00+00:00,13.58,49.85,0.0,0.0,0.0,273.45,3.79,16.0,101580.0
1990-09-24 13:00:00+00:00,12.97,53.6,0.0,0.0,0.0,270.55,3.38,25.0,101600.0
1990-09-24 14:00:00+00:00,12.35,55.5,0.0,0.0,0.0,269.0,2.9,30.0,101610.0
1990-09-24 15:00:00+00:00,11.38,62.0,0.0,0.0,0.0,268.8,2.41,21.0,101600.0
1990-09-24 16:00:00+00:00,10.51,66.55,0.0,0.0,0.0,268.4,2.55,348.0,101630.0
1990-09-24 17:00:00+00:00,10.32,66.55,0.0,0.0,0.0,268.2,2.97,331.0,101630.0
1990-09-24 18:00:00+00:00,10.17,66.55,0.0,0.0,0.0,267.25,2.83,323.0,101620.0
1990-09-24 19:00:00+00:00,9.75,66.45,0.0,0.0,0.0,264.95,2.83,331.0,101620.0
1990-09-24 20:00:00+00:00,9.5,68.9,0.0,0.0,0.0,263.95,2.28,330.0,101610.0
1990-09-24 21:00:00+00:00,10.02,66.45,0.0,0.0,0.0,264.15,1.86,324.0,101640.0
1990-09-24 22:00:00+00:00,10.31,66.55,96.25,1033.23,41.7,264.35,1.72,319.0,101660.0
1990-09-24 23:00:00+00:00,10.94,71.75,279.35,815.56,78.35,265.9,1.66,317.0,101680.0
1990-09-25 00:00:00+00:00,14.24,53.95,463.7,869.03,99.1,268.4,2.28,314.0,101690.0
1990-09-25 01:00:00+00:00,15.82,46.9,615.95,887.82,112.75,271.8,3.59,318.0,101740.0
1990-09-25 02:00:00+00:00,16.74,39.15,719.85,888.48,120.3,275.4,5.03,331.0,101750.0
1990-09-25 03:00:00+00:00,17.35,37.8,764.2,870.09,123.6,278.1,5.03,344.0,101710.0
1990-09-25 04:00:00+00:00,18.03,37.95,744.6,832.96,122.45,280.4,4.69,351.0,101670.0
1990-09-25 05:00:00+00:00,18.46,36.7,663.1,773.77,116.75,282.95,4.28,351.0,101580.0
1990-09-25 06:00:00+00:00,18.65,35.35,527.6,683.47,106.2,284.65,4.07,343.0,101530.0
1990-09-25 07:00:00+00:00,18.38,32.75,354.1,548.71,88.3,285.05,4.83,335.0,101460.0
1990-09-25 08:00:00+00:00,17.94,35.2,166.0,333.11,59.85,283.9,4.55,336.0,101500.0
1990-09-25 09:00:00+00:00,16.94,39.15,22.25,70.06,13.1,283.1,4.07,340.0,101540.0
1990-09-25 10:00:00+00:00,15.69,43.5,0.0,0.0,0.0,280.05,3.79,351.0,101560.0
1990-09-25 11:00:00+00:00,14.87,46.6,0.0,0.0,0.0,278.1,3.38,24.0,101600.0
1990-09-25 12:00:00+00:00,13.95,51.9,0.0,0.0,0.0,275.6,3.45,49.0,101600.0
1990-09-25 13:00:00+00:00,13.09,57.75,0.0,0.0,0.0,276.55,2.9,57.0,101670.0
1990-09-25 14:00:00+00:00,11.68,69.25,0.0,0.0,0.0,275.6,1.79,66.0,101710.0
1990-09-25 15:00:00+00:00,13.64,53.85,0.0,0.0,0.0,274.6,0.83,91.0,101700.0
1990-09-25 16:00:00+00:00,13.48,57.9,0.0,0.0,0.0,273.85,0.83,122.0,101690.0
1990-09-25 17:00:00+00:00,13.1,62.2,0.0,0.0,0.0,273.05,1.1,119.0,101670.0
1990-09-25 18:00:00+00:00,12.41,64.45,0.0,0.0,0.0,272.1,1.24,119.0,101630.0
1990-09-25 19:00:00+00:00,12.48,66.85,0.0,0.0,0.0,271.5,0.9,82.0,101660.0
1990-09-25 20:00:00+00:00,12.24,66.85,0.0,0.0,0.0,270.35,0.55,74.0,101650.0
1990-09-25 21:00:00+00:00,12.1,69.25,0.0,0.0,0.0,269.6,0.55,77.0,101670.0
1990-09-25 22:00:00+00:00,12.03,69.25,92.35,1044.64,40.6,268.8,0.69,92.0,101680.0
1990-09-25 23:00:00+00:00,12.39,66.85,273.25,803.5,77.9,269.95,0.62,112.0,101690.0
1990-09-26 00:00:00+00:00,14.28,58.1,456.4,859.8,98.7,271.7,0.41,129.0,101750.0
1990-09-26 01:00:00+00:00,15.95,46.9,607.55,880.3,111.9,275.3,0.41,178.0,101760.0
1990-09-26 02:00:00+00:00,17.09,42.15,709.4,879.33,119.55,279.65,0.69,206.0,101790.0
1990-09-26 03:00:00+00:00,17.92,37.95,752.15,860.25,122.5,283.7,1.17,217.0,101730.0
1990-09-26 04:00:00+00:00,18.55,36.7,732.5,823.86,120.95,287.2,1.52,211.0,101700.0
1990-09-26 05:00:00+00:00,18.95,35.45,652.4,766.78,114.75,289.3,2.07,204.0,101610.0
1990-09-26 06:00:00+00:00,19.14,35.45,522.25,684.35,103.85,290.85,2.48,201.0,101530.0
1990-09-26 07:00:00+00:00,19.19,33.05,349.45,548.4,86.75,289.3,2.62,195.0,101430.0
1990-09-26 08:00:00+00:00,18.9,36.8,161.8,329.74,58.55,288.75,2.55,203.0,101400.0
1990-09-26 09:00:00+00:00,18.07,44.05,20.2,65.2,12.05,288.35,2.41,210.0,101370.0
1990-09-26 10:00:00+00:00,16.87,48.9,0.0,0.0,0.0,286.4,2.69,212.0,101350.0
1990-09-26 11:00:00+00:00,15.92,52.4,0.0,0.0,0.0,286.6,3.17,200.0,101390.0
1990-09-26 12:00:00+00:00,15.52,58.35,0.0,0.0,0.0,287.4,4.21,187.0,101400.0
1990-09-26 13:00:00+00:00,15.3,60.5,0.0,0.0,0.0,289.3,4.9,180.0,101400.0
1990-09-26 14:00:00+00:00,15.21,62.75,0.0,0.0,0.0,290.65,5.52,177.0,101380.0
1990-09-26 15:00:00+00:00,15.22,67.45,0.0,0.0,0.0,292.6,5.79,179.0,101360.0
1990-09-26 16:00:00+00:00,15.27,69.9,0.0,0.0,0.0,295.1,6.07,181.0,101300.0
1990-09-26 17:00:00+00:00,15.38,75.1,0.0,0.0,0.0,297.85,6.21,181.0,101260.0
1990-09-26 18:00:00+00:00,15.46,77.8,0.0,0.0,0.0,300.55,6.28,180.0,101200.0
1990-09-26 19:00:00+00:00,15.48,80.6,0.0,0.0,0.0,300.35,6.41,177.0,101160.0
1990-09-26 20:00:00+00:00,15.63,83.5,0.0,0.0,0.0,301.3,6.55,177.0,101110.0
1990-09-26 21:00:00+00:00,15.85,83.55,0.0,0.0,0.0,304.05,6.69,177.0,101110.0
1990-09-26 22:00:00+00:00,16.1,83.55,85.15,983.46,39.65,305.95,6.76,176.0,101090.0
1990-09-26 23:00:00+00:00,17.1,80.8,259.45,756.37,78.1,308.1,7.1,179.0,101070.0
1990-09-27 00:00:00+00:00,18.66,75.55,439.6,825.13,99.25,310.4,7.03,183.0,101070.0
1990-09-27 01:00:00+00:00,20.2,68.4,589.95,853.35,112.7,313.45,7.59,190.0,101090.0
1990-09-27 02:00:00+00:00,21.38,64.0,691.05,857.07,119.6,315.85,8.55,202.0,101130.0
1990-09-27 03:00:00+00:00,22.02,61.95,734.5,840.72,122.8,318.95,8.83,211.0,101100.0
1990-09-27 04:00:00+00:00,22.32,61.95,717.4,810.21,119.75,320.3,8.9,213.0,101070.0
1990-09-27 05:00:00+00:00,22.39,59.8,638.35,751.17,115.35,319.5,8.76,214.0,101030.0
1990-09-27 06:00:00+00:00,22.24,59.8,508.2,665.3,104.9,318.95,8.62,212.0,100970.0
1990-09-27 07:00:00+00:00,21.94,59.8,338.2,526.78,88.7,314.65,8.07,209.0,100940.0
1990-09-27 08:00:00+00:00,21.43,59.7,149.45,276.02,64.55,313.3,8.07,207.0,100940.0
1990-09-27 09:00:00+00:00,20.59,59.5,17.35,39.37,12.65,309.45,8.0,205.0,100940.0
1990-09-27 10:00:00+00:00,19.8,57.3,0.0,0.0,0.0,305.95,7.79,201.0,100960.0
1990-09-27 11:00:00+00:00,19.32,57.2,0.0,0.0,0.0,308.1,7.79,199.0,100990.0
1990-09-27 12:00:00+00:00,19.08,57.1,0.0,0.0,0.0,311.95,7.93,197.0,101020.0
1990-09-27 13:00:00+00:00,19.04,59.15,0.0,0.0,0.0,319.1,8.0,196.0,101060.0
1990-09-27 14:00:00+00:00,18.96,59.15,0.0,0.0,0.0,321.85,7.86,194.0,101040.0
1990-09-27 15:00:00+00:00,18.84,63.5,0.0,0.0,0.0,323.55,7.66,193.0,101030.0
1990-09-27 16:00:00+00:00,18.77,65.75,0.0,0.0,0.0,332.65,7.59,192.0,101000.0
1990-09-27 17:00:00+00:00,18.65,70.45,0.0,0.0,0.0,332.85,7.52,192.0,100980.0
1990-09-27 18:00:00+00:00,18.44,72.95,0.0,0.0,0.0,331.7,7.31,192.0,100940.0
1990-09-27 19:00:00+00:00,18.37,75.55,0.0,0.0,0.0,329.55,7.24,191.0,100920.0
1990-09-27 20:00:00+00:00,18.17,78.15,0.0,0.0,0.0,331.1,7.03,188.0,100930.0
1990-09-27 21:00:00+00:00,17.98,80.9,0.0,0.0,0.0,329.4,7.03,186.0,100940.0
1990-09-27 22:00:00+00:00,17.9,80.9,65.7,319.95,51.95,329.75,7.03,188.0,100980.0
1990-09-27 23:00:00+00:00,18.27,81.0,211.4,383.49,120.75,327.05,7.03,190.0,100990.0
1990-09-28 00:00:00+00:00,19.18,81.05,382.6,563.59,152.15,329.55,6.76,193.0,101020.0
1990-09-28 01:00:00+00:00,20.11,75.75,496.45,545.59,193.4,330.85,7.86,204.0,101040.0
1990-09-28 02:00:00+00:00,20.78,68.5,585.9,608.76,182.5,342.55,8.48,212.0,101100.0
1990-09-28 03:00:00+00:00,21.15,66.15,620.55,543.55,227.45,353.0,8.76,214.0,101090.0
1990-09-28 04:00:00+00:00,21.34,61.85,549.95,479.35,198.6,356.3,8.76,213.0,101080.0
1990-09-28 05:00:00+00:00,21.28,61.85,510.5,493.58,169.3,350.3,8.41,214.0,101050.0
1990-09-28 06:00:00+00:00,21.23,61.85,376.5,334.46,175.5,351.05,8.0,215.0,101010.0
1990-09-28 07:00:00+00:00,20.85,66.15,273.8,323.57,122.3,347.55,7.1,214.0,100970.0
1990-09-28 08:00:00+00:00,20.54,68.4,110.2,158.08,62.45,341.0,6.55,215.0,101010.0
1990-09-28 09:00:00+00:00,19.81,70.7,13.2,21.09,10.8,338.65,6.14,211.0,101040.0
1990-09-28 10:00:00+00:00,19.13,75.65,0.0,0.0,0.0,337.5,5.86,204.0,101140.0
1990-09-28 11:00:00+00:00,18.55,78.25,0.0,0.0,0.0,330.95,5.66,197.0,101200.0
1990-09-28 12:00:00+00:00,18.05,80.9,0.0,0.0,0.0,328.8,5.52,192.0,101270.0
1990-09-28 13:00:00+00:00,17.59,80.85,0.0,0.0,0.0,329.4,5.38,188.0,101350.0
1990-09-28 14:00:00+00:00,16.98,80.8,0.0,0.0,0.0,317.55,5.24,182.0,101360.0
1990-09-28 15:00:00+00:00,16.56,83.6,0.0,0.0,0.0,316.4,5.03,178.0,101390.0
1990-09-28 16:00:00+00:00,16.24,80.75,0.0,0.0,0.0,319.7,4.55,176.0,101390.0
1990-09-28 17:00:00+00:00,15.96,83.55,0.0,0.0,0.0,319.3,4.07,173.0,101400.0
1990-09-28 18:00:00+00:00,15.7,83.55,0.0,0.0,0.0,319.3,3.72,169.0,101400.0
1990-09-28 19:00:00+00:00,15.78,86.5,0.0,0.0,0.0,325.7,3.79,173.0,101370.0
1990-09-28 20:00:00+00:00,15.64,89.55,0.0,0.0,0.0,323.4,3.72,171.0,101420.0
1990-09-28 21:00:00+00:00,15.54,89.55,0.0,0.0,0.0,325.1,3.52,170.0,101450.0
1990-09-28 22:00:00+00:00,15.59,89.55,35.05,0.0,35.05,333.65,3.24,173.0,101540.0
1990-09-28 23:00:00+00:00,16.31,86.55,210.45,538.05,85.1,344.1,2.83,176.0,101590.0
1990-09-29 00:00:00+00:00,17.71,80.9,358.05,628.45,103.35,347.55,2.83,183.0,101660.0
1990-09-29 01:00:00+00:00,18.79,78.3,523.9,723.25,124.95,342.05,3.03,196.0,101710.0
1990-09-29 02:00:00+00:00,19.72,73.2,579.6,660.32,144.75,348.35,2.9,212.0,101720.0
1990-09-29 03:00:00+00:00,20.23,70.8,614.5,609.5,176.4,352.8,2.62,225.0,101700.0
1990-09-29 04:00:00+00:00,20.7,68.5,402.3,196.36,259.3,359.2,2.41,233.0,101660.0
1990-09-29 05:00:00+00:00,20.51,73.3,432.9,382.35,170.5,390.55,2.55,244.0,101620.0
1990-09-29 06:00:00+00:00,20.46,73.3,353.0,398.41,115.65,380.3,2.41,250.0,101590.0
1990-09-29 07:00:00+00:00,20.54,75.85,218.2,263.93,96.05,378.15,1.24,344.0,101540.0
1990-09-29 08:00:00+00:00,20.46,75.85,112.35,190.2,55.95,373.7,1.72,354.0,101580.0
1990-09-29 09:00:00+00:00,20.14,78.45,9.8,20.33,7.6,374.65,2.0,358.0,101600.0
1990-09-29 10:00:00+00:00,19.41,78.35,0.0,0.0,0.0,370.4,2.48,5.0,101660.0
1990-09-29 11:00:00+00:00,18.81,78.3,0.0,0.0,0.0,365.2,2.83,14.0,101720.0
1990-09-29 12:00:00+00:00,18.39,78.25,0.0,0.0,0.0,366.15,3.1,18.0,101740.0
1990-09-29 13:00:00+00:00,17.77,80.9,0.0,0.0,0.0,351.45,3.17,22.0,101780.0
1990-09-29 14:00:00+00:00,17.3,83.7,0.0,0.0,0.0,351.25,3.03,27.0,101760.0
1990-09-29 15:00:00+00:00,16.74,83.65,0.0,0.0,0.0,338.65,3.03,28.0,101770.0
1990-09-29 16:00:00+00:00,16.34,86.55,0.0,0.0,0.0,339.85,3.03,26.0,101770.0
1990-09-29 17:00:00+00:00,15.94,89.6,0.0,0.0,0.0,337.3,3.1,24.0,101740.0
1990-09-29 18:00:00+00:00,15.62,92.75,0.0,0.0,0.0,335.95,3.03,24.0,101760.0
1990-09-29 19:00:00+00:00,15.41,89.55,0.0,0.0,0.0,337.9,2.76,11.0,101720.0
1990-09-29 20:00:00+00:00,15.07,92.7,0.0,0.0,0.0,331.5,2.69,11.0,101750.0
1990-09-29 21:00:00+00:00,14.72,89.5,0.0,0.0,0.0,326.65,2.62,16.0,101790.0
1990-09-29 22:00:00+00:00,14.47,92.7,36.65,0.0,36.65,329.95,2.48,24.0,101800.0
1990-09-29 23:00:00+00:00,14.95,89.5,230.5,649.13,81.5,332.5,2.28,34.0,101840.0
1990-09-30 00:00:00+00:00,16.17,83.6,405.0,751.04,103.35,327.05,2.14,41.0,101860.0
1990-09-30 01:00:00+00:00,17.59,80.85,552.35,793.73,117.6,325.25,1.66,37.0,101890.0
1990-09-30 02:00:00+00:00,18.98,75.65,650.6,801.98,125.8,328.6,1.31,2.0,101880.0
1990-09-30 03:00:00+00:00,20.12,73.2,692.25,789.05,128.6,331.7,1.24,340.0,101850.0
1990-09-30 04:00:00+00:00,20.86,68.5,673.35,754.45,127.5,335.55,0.76,318.0,101760.0
1990-09-30 05:00:00+00:00,21.39,66.25,594.4,694.58,121.2,337.3,1.72,261.0,101720.0
1990-09-30 06:00:00+00:00,21.48,66.25,467.65,611.17,106.75,338.85,2.76,249.0,101710.0
1990-09-30 07:00:00+00:00,21.23,66.25,303.2,472.14,87.25,336.95,1.86,239.0,101590.0
1990-09-30 08:00:00+00:00,20.81,68.5,129.8,259.45,54.3,336.75,2.21,231.0,101560.0
1990-09-30 09:00:00+00:00,19.74,75.75,11.75,34.09,8.25,332.65,2.34,232.0,101560.0
1990-09-30 10:00:00+00:00,18.36,83.8,0.0,0.0,0.0,329.0,2.41,230.0,101560.0
1990-09-30 11:00:00+00:00,17.64,89.7,0.0,0.0,0.0,329.2,2.55,220.0,101580.0
1990-09-30 12:00:00+00:00,17.33,86.65,0.0,0.0,0.0,336.55,2.9,214.0,101620.0
1990-09-30 13:00:00+00:00,17.19,86.65,0.0,0.0,0.0,332.65,3.1,208.0,101670.0
1990-09-30 14:00:00+00:00,17.19,86.65,0.0,0.0,0.0,334.2,3.24,203.0,101670.0
1990-09-30 15:00:00+00:00,17.15,92.8,0.0,0.0,0.0,333.25,3.31,194.0,101650.0
1990-09-30 16:00:00+00:00,15.14,96.03,0.0,0.0,0.0,331.94,3.62,186.0,101620.0
1990-09-30 17:00:00+00:00,15.95,92.93,0.0,0.0,0.0,333.84,3.76,183.0,101560.0
1990-09-30 18:00:00+00:00,16.75,89.84,0.0,0.0,0.0,335.75,3.9,188.0,101510.0
1990-09-30 19:00:00+00:00,17.55,86.74,0.0,0.0,0.0,337.65,4.05,195.0,101460.0
1990-09-30 20:00:00+00:00,18.35,83.65,0.0,0.0,0.0,339.55,4.19,197.0,101440.0
1990-09-30 21:00:00+00:00,19.16,80.55,0.0,0.0,0.0,341.45,4.33,196.0,101440.0
1990-09-30 22:00:00+00:00,19.96,77.46,40.8,0.0,40.8,343.36,4.48,193.0,101450.0
1990-09-30 23:00:00+00:00,20.76,74.36,121.15,39.37,112.25,345.26,4.62,190.0,101470.0
1990-10-01 00:00:00+00:00,21.56,71.27,414.1,782.48,102.7,347.16,4.77,177.0,101520.0
1990-10-01 01:00:00+00:00,22.37,68.17,568.55,849.65,106.5,349.06,4.91,177.0,101560.0
1990-10-01 02:00:00+00:00,23.17,65.08,662.85,838.29,117.8,350.97,5.05,181.0,101560.0
1990-10-01 03:00:00+00:00,23.97,61.98,699.65,813.55,122.15,352.87,5.2,188.0,101560.0
1990-10-01 04:00:00+00:00,24.77,58.89,681.7,780.95,120.4,354.77,5.34,196.0,101510.0
1990-10-01 05:00:00+00:00,25.57,55.79,589.75,699.09,117.0,356.67,5.48,202.0,101460.0
1990-10-01 06:00:00+00:00,26.38,52.7,421.2,550.62,98.95,358.58,5.63,208.0,101390.0
1990-10-01 07:00:00+00:00,27.18,49.6,294.75,466.29,84.0,360.48,5.77,213.0,101350.0
1990-10-01 08:00:00+00:00,25.41,60.45,119.2,233.29,52.6,358.4,4.83,211.0,101320.0
1990-10-01 09:00:00+00:00,24.37,64.5,11.05,32.94,7.85,354.55,4.97,205.0,101350.0
1990-10-01 10:00:00+00:00,23.34,68.85,0.0,0.0,0.0,358.6,4.9,198.0,101380.0
1990-10-01 11:00:00+00:00,22.44,73.6,0.0,0.0,0.0,347.4,4.9,190.0,101440.0
1990-10-01 12:00:00+00:00,21.63,81.35,0.0,0.0,0.0,343.7,4.9,186.0,101450.0
1990-10-01 13:00:00+00:00,20.9,84.05,0.0,0.0,0.0,341.0,4.76,183.0,101470.0
1990-10-01 14:00:00+00:00,20.3,86.85,0.0,0.0,0.0,337.7,4.41,182.0,101460.0
1990-10-01 15:00:00+00:00,19.86,89.85,0.0,0.0,0.0,331.9,4.07,183.0,101460.0
1990-10-01 16:00:00+00:00,19.44,86.85,0.0,0.0,0.0,330.15,3.72,183.0,101450.0
1990-10-01 17:00:00+00:00,18.87,89.8,0.0,0.0,0.0,334.4,3.38,182.0,101400.0
1990-10-01 18:00:00+00:00,18.32,96.05,0.0,0.0,0.0,336.75,3.52,181.0,101400.0
1990-10-01 19:00:00+00:00,18.54,89.75,0.0,0.0,0.0,329.75,3.45,179.0,101310.0
1990-10-01 20:00:00+00:00,18.3,89.75,0.0,0.0,0.0,326.3,3.59,185.0,101330.0
1990-10-01 21:00:00+00:00,18.08,89.75,0.0,0.0,0.0,329.55,3.45,190.0,101310.0
1990-10-01 22:00:00+00:00,17.92,89.75,37.05,0.0,37.05,341.4,3.52,190.0,101320.0
1990-10-01 23:00:00+00:00,18.2,89.75,221.65,589.18,90.5,336.35,3.66,186.0,101320.0
1990-10-02 00:00:00+00:00,19.41,81.1,370.5,635.49,119.95,334.6,3.86,185.0,101340.0
1990-10-02 01:00:00+00:00,20.74,73.3,554.3,826.32,108.2,336.25,3.93,190.0,101350.0
1990-10-02 02:00:00+00:00,22.08,66.35,659.9,834.72,120.7,332.5,3.79,199.0,101340.0
1990-10-02 03:00:00+00:00,23.21,62.15,699.65,819.04,121.95,339.65,3.72,211.0,101300.0
1990-10-02 04:00:00+00:00,23.88,60.15,679.4,783.68,119.9,342.75,3.52,227.0,101220.0
1990-10-02 05:00:00+00:00,24.17,60.25,600.15,724.91,113.6,345.25,3.45,240.0,101140.0
1990-10-02 06:00:00+00:00,24.18,60.25,471.05,638.21,100.9,345.45,3.17,246.0,101030.0
1990-10-02 07:00:00+00:00,23.98,62.35,303.35,493.22,83.1,342.35,3.31,255.0,100940.0
1990-10-02 08:00:00+00:00,23.32,66.55,126.85,267.88,51.85,340.8,2.62,251.0,100890.0
1990-10-02 09:00:00+00:00,22.23,73.55,10.0,31.11,7.15,338.5,1.93,239.0,100930.0
1990-10-02 10:00:00+00:00,20.98,81.3,0.0,0.0,0.0,335.2,1.79,236.0,100930.0
1990-10-02 11:00:00+00:00,19.77,89.85,0.0,0.0,0.0,332.5,1.38,217.0,101000.0
1990-10-02 12:00:00+00:00,18.59,92.85,0.0,0.0,0.0,330.55,1.59,186.0,101030.0
1990-10-02 13:00:00+00:00,17.84,96.05,0.0,0.0,0.0,329.4,1.72,174.0,101040.0
1990-10-02 14:00:00+00:00,17.93,92.85,0.0,0.0,0.0,328.2,1.52,171.0,101030.0
1990-10-02 15:00:00+00:00,19.71,92.9,0.0,0.0,0.0,327.25,1.03,154.0,101000.0
1990-10-02 16:00:00+00:00,19.57,89.85,0.0,0.0,0.0,327.05,0.83,123.0,100980.0
1990-10-02 17:00:00+00:00,19.38,89.85,0.0,0.0,0.0,326.85,1.03,93.0,100950.0
1990-10-02 18:00:00+00:00,17.02,96.05,0.0,0.0,0.0,326.85,1.59,78.0,100950.0
1990-10-02 19:00:00+00:00,15.75,99.4,0.0,0.0,0.0,333.65,2.21,42.0,100950.0
1990-10-02 20:00:00+00:00,15.92,96.0,0.0,0.0,0.0,332.1,2.55,27.0,100960.0
1990-10-02 21:00:00+00:00,16.04,96.0,0.0,0.0,0.0,336.15,2.83,17.0,101000.0
1990-10-02 22:00:00+00:00,16.04,96.0,33.85,0.0,33.85,334.2,3.24,14.0,101010.0
1990-10-02 23:00:00+00:00,16.72,89.65,233.1,722.99,74.7,325.9,4.0,15.0,101060.0
1990-10-03 00:00:00+00:00,18.09,80.9,404.35,789.19,96.15,325.9,5.24,17.0,101090.0
1990-10-03 01:00:00+00:00,19.57,73.15,543.75,805.5,112.1,329.7,5.86,18.0,101130.0
1990-10-03 02:00:00+00:00,20.94,66.15,640.0,809.25,120.7,335.2,6.0,18.0,101120.0
1990-10-03 03:00:00+00:00,22.18,61.95,680.85,795.45,123.4,339.05,6.0,15.0,101090.0
1990-10-03 04:00:00+00:00,23.13,56.0,660.65,760.17,121.6,342.75,6.34,9.0,101050.0
1990-10-03 05:00:00+00:00,23.67,54.2,582.1,701.38,114.9,345.45,6.9,6.0,101020.0
1990-10-03 06:00:00+00:00,23.76,54.2,449.35,601.78,103.5,346.8,7.52,10.0,101000.0
1990-10-03 07:00:00+00:00,21.82,57.65,286.2,459.5,83.5,344.1,8.76,14.0,101100.0
1990-10-03 08:00:00+00:00,20.34,57.3,116.75,239.72,50.95,339.85,8.97,14.0,101160.0
1990-10-03 09:00:00+00:00,18.23,56.85,8.25,23.22,6.25,335.2,9.24,12.0,101300.0
1990-10-03 10:00:00+00:00,15.8,60.5,0.0,0.0,0.0,326.65,9.66,12.0,101390.0
1990-10-03 11:00:00+00:00,14.08,58.1,0.0,0.0,0.0,330.95,9.66,13.0,101530.0
1990-10-03 12:00:00+00:00,13.08,60.05,0.0,0.0,0.0,326.5,9.45,13.0,101550.0
1990-10-03 13:00:00+00:00,12.75,57.75,0.0,0.0,0.0,337.5,9.52,13.0,101630.0
1990-10-03 14:00:00+00:00,12.58,53.6,0.0,0.0,0.0,343.1,9.45,16.0,101630.0
1990-10-03 15:00:00+00:00,12.43,53.6,0.0,0.0,0.0,340.8,9.31,18.0,101630.0
1990-10-03 16:00:00+00:00,12.28,53.5,0.0,0.0,0.0,348.95,9.38,17.0,101630.0
1990-10-03 17:00:00+00:00,12.1,51.5,0.0,0.0,0.0,351.85,9.38,17.0,101640.0
1990-10-03 18:00:00+00:00,11.89,51.5,0.0,0.0,0.0,350.5,9.59,16.0,101680.0
1990-10-03 19:00:00+00:00,10.71,57.3,0.0,0.0,0.0,345.85,9.66,15.0,101660.0
1990-10-03 20:00:00+00:00,10.34,57.3,0.0,0.0,0.0,346.8,9.79,16.0,101640.0
1990-10-03 21:00:00+00:00,10.05,57.15,0.0,0.0,0.0,347.75,10.07,15.0,101670.0
1990-10-03 22:00:00+00:00,9.76,59.25,28.35,0.0,28.35,346.4,10.34,14.0,101730.0
1990-10-03 23:00:00+00:00,9.39,61.55,110.25,118.53,84.7,347.75,10.62,12.0,101810.0
1990-10-04 00:00:00+00:00,9.02,66.25,162.8,87.65,128.9,345.25,10.9,12.0,101910.0
1990-10-04 01:00:00+00:00,8.61,68.7,147.6,14.1,140.1,345.15,10.83,13.0,101970.0
1990-10-04 02:00:00+00:00,8.1,73.95,241.45,85.27,187.1,346.4,10.55,15.0,101980.0
1990-10-04 03:00:00+00:00,7.84,73.95,201.9,25.35,184.25,340.4,10.48,15.0,101970.0
1990-10-04 04:00:00+00:00,7.37,76.7,112.65,3.69,110.05,339.45,10.55,13.0,101980.0
1990-10-04 05:00:00+00:00,6.76,85.75,92.4,0.0,92.4,339.05,11.03,12.0,101990.0
1990-10-04 06:00:00+00:00,6.81,85.75,74.5,0.7,74.1,339.05,10.48,16.0,101960.0
1990-10-04 07:00:00+00:00,8.24,73.95,66.55,0.46,66.35,336.55,9.72,19.0,102020.0
1990-10-04 08:00:00+00:00,9.58,57.05,32.95,0.0,32.95,332.3,9.38,21.0,102020.0
1990-10-04 09:00:00+00:00,10.35,47.35,3.05,0.0,3.05,323.4,8.34,22.0,102030.0
1990-10-04 10:00:00+00:00,10.69,43.8,0.0,0.0,0.0,317.95,7.93,21.0,102050.0
1990-10-04 11:00:00+00:00,10.93,37.6,0.0,0.0,0.0,309.65,8.41,20.0,102090.0
1990-10-04 12:00:00+00:00,10.88,34.75,0.0,0.0,0.0,293.75,8.55,19.0,102120.0
1990-10-04 13:00:00+00:00,10.63,34.6,0.0,0.0,0.0,276.15,8.41,17.0,102170.0
1990-10-04 14:00:00+00:00,10.2,35.85,0.0,0.0,0.0,259.5,8.28,16.0,102190.0
1990-10-04 15:00:00+00:00,9.79,34.45,0.0,0.0,0.0,255.65,8.14,17.0,102200.0
1990-10-04 16:00:00+00:00,9.33,34.35,0.0,0.0,0.0,252.15,7.79,18.0,102200.0
1990-10-04 17:00:00+00:00,8.86,35.6,0.0,0.0,0.0,247.3,7.45,17.0,102250.0
1990-10-04 18:00:00+00:00,8.34,36.9,0.0,0.0,0.0,244.05,7.17,13.0,102270.0
1990-10-04 19:00:00+00:00,7.55,39.7,0.0,0.0,0.0,241.3,7.17,10.0,102310.0
1990-10-04 20:00:00+00:00,7.21,41.15,0.0,0.0,0.0,240.15,6.9,12.0,102310.0
1990-10-04 21:00:00+00:00,6.89,42.85,0.0,0.0,0.0,239.0,6.62,14.0,102340.0
1990-10-04 22:00:00+00:00,6.56,44.45,33.55,0.0,33.55,239.0,6.41,14.0,102380.0
1990-10-04 23:00:00+00:00,6.83,44.6,250.95,831.13,74.75,238.4,6.14,13.0,102420.0
1990-10-05 00:00:00+00:00,8.06,41.45,434.1,880.36,96.95,239.75,6.62,14.0,102480.0
1990-10-05 01:00:00+00:00,9.63,38.7,585.8,900.88,110.3,243.0,6.83,16.0,102500.0
1990-10-05 02:00:00+00:00,11.26,34.75,687.75,900.34,117.75,246.55,7.17,19.0,102490.0
1990-10-05 03:00:00+00:00,12.64,31.25,728.8,879.02,120.85,250.4,7.38,20.0,102450.0
1990-10-05 04:00:00+00:00,13.72,29.15,705.65,838.49,119.2,253.9,7.59,19.0,102410.0
1990-10-05 05:00:00+00:00,14.42,27.2,620.65,774.24,112.8,257.0,7.59,19.0,102330.0
1990-10-05 06:00:00+00:00,14.82,26.25,483.75,678.27,101.1,259.5,7.38,20.0,102270.0
1990-10-05 07:00:00+00:00,14.83,26.25,307.8,524.02,82.3,260.3,6.97,20.0,102240.0
1990-10-05 08:00:00+00:00,14.56,27.2,122.6,276.59,49.7,261.05,6.34,22.0,102250.0
1990-10-05 09:00:00+00:00,13.65,30.3,7.1,23.92,5.3,261.45,5.38,25.0,102260.0
1990-10-05 10:00:00+00:00,12.4,33.8,0.0,0.0,0.0,260.3,4.9,29.0,102290.0
1990-10-05 11:00:00+00:00,11.52,37.75,0.0,0.0,0.0,258.95,4.55,37.0,102340.0
1990-10-05 12:00:00+00:00,10.81,40.65,0.0,0.0,0.0,257.75,4.34,46.0,102360.0
1990-10-05 13:00:00+00:00,10.22,45.4,0.0,0.0,0.0,256.6,4.21,54.0,102370.0
1990-10-05 14:00:00+00:00,9.76,47.05,0.0,0.0,0.0,255.65,3.93,59.0,102400.0
1990-10-05 15:00:00+00:00,9.35,47.05,0.0,0.0,0.0,255.25,3.72,65.0,102400.0
1990-10-05 16:00:00+00:00,9.0,50.7,0.0,0.0,0.0,255.05,3.24,70.0,102400.0
1990-10-05 17:00:00+00:00,8.55,52.6,0.0,0.0,0.0,255.45,2.69,72.0,102420.0
1990-10-05 18:00:00+00:00,7.69,61.1,0.0,0.0,0.0,256.6,2.21,61.0,102400.0
1990-10-05 19:00:00+00:00,6.89,65.85,0.0,0.0,0.0,261.85,2.21,39.0,102350.0
1990-10-05 20:00:00+00:00,6.38,70.95,0.0,0.0,0.0,264.35,2.21,29.0,102330.0
1990-10-05 21:00:00+00:00,6.33,70.95,0.0,0.0,0.0,269.0,2.41,26.0,102340.0
1990-10-05 22:00:00+00:00,6.37,70.95,35.5,0.0,35.5,263.4,2.76,34.0,102330.0
1990-10-05 23:00:00+00:00,7.36,68.5,205.65,499.23,101.6,265.7,2.41,46.0,102330.0
1990-10-06 00:00:00+00:00,9.83,52.95,341.5,466.04,164.8,283.1,2.14,60.0,102340.0
1990-10-06 01:00:00+00:00,11.64,45.8,438.1,353.61,252.9,291.35,1.79,70.0,102360.0
1990-10-06 02:00:00+00:00,13.11,39.65,513.0,383.78,271.7,311.95,1.03,66.0,102340.0
1990-10-06 03:00:00+00:00,14.29,35.6,498.5,266.23,315.6,312.15,0.62,22.0,102290.0
1990-10-06 04:00:00+00:00,14.99,31.95,519.6,327.13,292.4,323.75,0.69,347.0,102250.0
1990-10-06 05:00:00+00:00,15.67,30.7,407.25,222.18,262.65,322.8,0.76,342.0,102160.0
1990-10-06 06:00:00+00:00,15.94,29.7,363.6,348.38,168.9,318.55,0.28,324.0,102120.0
1990-10-06 07:00:00+00:00,15.68,30.7,181.1,89.07,143.25,313.3,0.69,151.0,102020.0
1990-10-06 08:00:00+00:00,15.55,30.7,76.45,30.99,68.45,323.4,0.76,177.0,102020.0
1990-10-06 09:00:00+00:00,15.08,34.5,4.2,2.15,4.05,317.2,0.83,212.0,102010.0
1990-10-06 10:00:00+00:00,13.68,50.0,0.0,0.0,0.0,309.45,1.24,223.0,102030.0
1990-10-06 11:00:00+00:00,12.27,51.5,0.0,0.0,0.0,302.85,1.79,218.0,102020.0
1990-10-06 12:00:00+00:00,11.7,53.35,0.0,0.0,0.0,307.1,2.14,211.0,102020.0
1990-10-06 13:00:00+00:00,11.57,53.35,0.0,0.0,0.0,307.7,2.55,201.0,102010.0
1990-10-06 14:00:00+00:00,11.49,57.55,0.0,0.0,0.0,306.95,2.62,192.0,102000.0
1990-10-06 15:00:00+00:00,11.49,57.55,0.0,0.0,0.0,306.55,2.83,186.0,101940.0
1990-10-06 16:00:00+00:00,11.62,59.7,0.0,0.0,0.0,303.45,3.03,180.0,101900.0
1990-10-06 17:00:00+00:00,11.89,57.65,0.0,0.0,0.0,305.55,3.31,174.0,101840.0
1990-10-06 18:00:00+00:00,12.08,59.85,0.0,0.0,0.0,301.5,3.59,173.0,101770.0
1990-10-06 19:00:00+00:00,12.04,64.45,0.0,0.0,0.0,305.95,3.59,163.0,101700.0
1990-10-06 20:00:00+00:00,12.11,64.45,0.0,0.0,0.0,299.0,3.86,168.0,101630.0
1990-10-06 21:00:00+00:00,12.32,64.55,0.0,0.0,0.0,294.55,4.21,174.0,101600.0
1990-10-06 22:00:00+00:00,12.51,66.95,34.8,0.0,34.8,289.3,4.34,179.0,101590.0
1990-10-06 23:00:00+00:00,13.44,67.15,225.8,739.93,74.25,288.15,4.34,185.0,101560.0
1990-10-07 00:00:00+00:00,15.57,62.75,399.65,812.15,94.85,290.3,4.41,193.0,101570.0
1990-10-07 01:00:00+00:00,17.37,54.7,546.8,844.05,108.2,291.35,5.38,206.0,101550.0
1990-10-07 02:00:00+00:00,18.3,49.15,644.5,844.22,117.4,295.5,6.55,219.0,101520.0
1990-10-07 03:00:00+00:00,18.68,49.3,680.65,817.4,122.9,297.85,6.97,220.0,101440.0
1990-10-07 04:00:00+00:00,18.85,51.15,655.5,776.58,119.95,299.2,7.24,220.0,101360.0
1990-10-07 05:00:00+00:00,18.86,51.25,583.75,731.28,111.55,300.75,7.31,221.0,101290.0
1990-10-07 06:00:00+00:00,18.77,56.95,450.85,634.75,99.45,300.15,7.38,221.0,101220.0
1990-10-07 07:00:00+00:00,18.55,59.05,280.8,474.78,81.6,300.35,7.17,222.0,101110.0
1990-10-07 08:00:00+00:00,18.18,65.55,106.2,235.03,46.8,300.75,6.76,221.0,101090.0
1990-10-07 09:00:00+00:00,17.56,67.85,4.75,13.18,3.9,299.4,6.07,222.0,101110.0
1990-10-07 10:00:00+00:00,16.95,72.7,0.0,0.0,0.0,298.4,5.59,219.0,101140.0
1990-10-07 11:00:00+00:00,16.77,77.95,0.0,0.0,0.0,299.0,5.52,211.0,101150.0
1990-10-07 12:00:00+00:00,16.84,75.3,0.0,0.0,0.0,302.5,5.31,214.0,101160.0
1990-10-07 13:00:00+00:00,17.0,72.7,0.0,0.0,0.0,315.25,4.55,254.0,101230.0
1990-10-07 14:00:00+00:00,15.21,54.25,0.0,0.0,0.0,316.2,10.48,352.0,101490.0
1990-10-07 15:00:00+00:00,13.6,35.45,0.0,0.0,0.0,309.85,10.48,4.0,101690.0
1990-10-07 16:00:00+00:00,12.88,31.4,0.0,0.0,0.0,291.85,9.1,7.0,101810.0
1990-10-07 17:00:00+00:00,12.14,29.9,0.0,0.0,0.0,279.85,8.34,8.0,101890.0
1990-10-07 18:00:00+00:00,11.36,28.6,0.0,0.0,0.0,265.3,7.31,7.0,101950.0
1990-10-07 19:00:00+00:00,10.07,31.8,0.0,0.0,0.0,245.6,5.86,3.0,101970.0
1990-10-07 20:00:00+00:00,9.46,34.35,0.0,0.0,0.0,241.7,5.17,355.0,102000.0
1990-10-07 21:00:00+00:00,9.09,38.55,0.0,0.0,0.0,241.7,4.97,346.0,102010.0
1990-10-07 22:00:00+00:00,8.95,40.1,30.35,0.0,30.35,241.9,5.24,340.0,102070.0
1990-10-07 23:00:00+00:00,9.44,40.25,239.4,827.83,72.85,242.85,5.52,337.0,102090.0
1990-10-08 00:00:00+00:00,10.78,36.0,420.8,877.04,95.05,244.4,5.79,338.0,102180.0
1990-10-08 01:00:00+00:00,12.04,28.75,570.55,895.83,108.75,247.45,6.41,341.0,102190.0
1990-10-08 02:00:00+00:00,13.03,24.7,670.25,893.04,116.6,250.2,6.41,349.0,102180.0
1990-10-08 03:00:00+00:00,13.85,24.95,709.7,871.0,119.45,252.35,5.31,349.0,102140.0
1990-10-08 04:00:00+00:00,14.6,24.1,685.3,828.96,117.7,255.65,4.07,339.0,102090.0
1990-10-08 05:00:00+00:00,15.22,24.25,599.15,761.95,111.05,258.95,3.45,320.0,102030.0
1990-10-08 06:00:00+00:00,15.66,23.3,460.05,658.36,99.05,262.05,3.45,303.0,101960.0
1990-10-08 07:00:00+00:00,15.65,24.25,285.5,497.1,79.6,264.95,3.52,282.0,101930.0
1990-10-08 08:00:00+00:00,15.53,24.25,105.65,244.58,45.15,266.3,3.66,270.0,101890.0
1990-10-08 09:00:00+00:00,14.64,29.4,4.1,12.68,3.35,268.05,3.45,249.0,101890.0
1990-10-08 10:00:00+00:00,13.54,34.1,0.0,0.0,0.0,268.6,4.0,234.0,101890.0
1990-10-08 11:00:00+00:00,13.18,39.65,0.0,0.0,0.0,269.95,4.83,226.0,101910.0
1990-10-08 12:00:00+00:00,13.25,44.5,0.0,0.0,0.0,272.3,5.59,223.0,101860.0
1990-10-08 13:00:00+00:00,13.65,50.0,0.0,0.0,0.0,274.8,6.0,223.0,101860.0
1990-10-08 14:00:00+00:00,14.12,50.1,0.0,0.0,0.0,278.1,6.07,223.0,101820.0
1990-10-08 15:00:00+00:00,14.43,54.1,0.0,0.0,0.0,280.6,6.0,224.0,101780.0
1990-10-08 16:00:00+00:00,14.53,58.25,0.0,0.0,0.0,282.15,5.86,226.0,101740.0
1990-10-08 17:00:00+00:00,14.47,60.4,0.0,0.0,0.0,283.1,5.52,226.0,101710.0
1990-10-08 18:00:00+00:00,14.31,64.85,0.0,0.0,0.0,283.3,5.24,222.0,101670.0
1990-10-08 19:00:00+00:00,13.96,67.25,0.0,0.0,0.0,282.55,5.03,218.0,101670.0
1990-10-08 20:00:00+00:00,13.82,69.75,0.0,0.0,0.0,282.15,5.03,213.0,101600.0
1990-10-08 21:00:00+00:00,13.86,69.75,0.0,0.0,0.0,281.95,5.38,210.0,101580.0
1990-10-08 22:00:00+00:00,14.01,72.3,30.45,0.0,30.45,283.1,5.72,207.0,101560.0
1990-10-08 23:00:00+00:00,14.87,67.45,213.0,661.14,82.4,285.45,6.07,207.0,101530.0
1990-10-09 00:00:00+00:00,16.33,67.65,379.25,714.79,116.55,290.65,6.07,205.0,101540.0
1990-10-09 01:00:00+00:00,17.69,63.2,511.9,735.03,136.05,297.75,7.1,209.0,101510.0
1990-10-09 02:00:00+00:00,18.73,59.05,568.8,590.55,205.3,304.2,8.34,217.0,101470.0
1990-10-09 03:00:00+00:00,19.25,57.1,595.8,540.43,232.1,312.95,8.9,220.0,101440.0
1990-10-09 04:00:00+00:00,19.55,57.2,564.6,491.78,230.3,322.8,9.24,220.0,101380.0
1990-10-09 05:00:00+00:00,19.6,57.2,463.8,374.13,226.05,327.25,9.38,218.0,101290.0
1990-10-09 06:00:00+00:00,19.41,59.25,417.85,545.79,121.45,327.05,9.1,216.0,101200.0
1990-10-09 07:00:00+00:00,19.32,61.3,265.6,452.84,80.45,315.05,8.55,213.0,101140.0
1990-10-09 08:00:00+00:00,18.84,63.4,95.5,209.91,44.7,307.9,7.66,208.0,101090.0
1990-10-09 09:00:00+00:00,18.05,65.55,3.2,7.42,2.8,306.35,7.38,205.0,101100.0
1990-10-09 10:00:00+00:00,17.36,65.45,0.0,0.0,0.0,307.3,7.45,204.0,101120.0
1990-10-09 11:00:00+00:00,16.92,67.75,0.0,0.0,0.0,304.4,7.45,200.0,101170.0
1990-10-09 12:00:00+00:00,16.48,70.1,0.0,0.0,0.0,303.65,7.1,194.0,101160.0
1990-10-09 13:00:00+00:00,16.01,70.0,0.0,0.0,0.0,303.65,6.62,189.0,101170.0
1990-10-09 14:00:00+00:00,15.6,72.45,0.0,0.0,0.0,305.75,6.34,184.0,101140.0
1990-10-09 15:00:00+00:00,15.49,72.45,0.0,0.0,0.0,313.7,6.41,183.0,101130.0
1990-10-09 16:00:00+00:00,15.56,75.1,0.0,0.0,0.0,320.3,6.48,184.0,101100.0
1990-10-09 17:00:00+00:00,15.7,77.8,0.0,0.0,0.0,326.5,6.41,184.0,101070.0
1990-10-09 18:00:00+00:00,15.91,75.15,0.0,0.0,0.0,332.1,6.48,185.0,101050.0
1990-10-09 19:00:00+00:00,16.28,77.85,0.0,0.0,0.0,329.4,6.9,189.0,101010.0
1990-10-09 20:00:00+00:00,16.5,80.75,0.0,0.0,0.0,328.05,6.55,196.0,101020.0
1990-10-09 21:00:00+00:00,16.58,80.75,0.0,0.0,0.0,329.4,5.93,202.0,101010.0
1990-10-09 22:00:00+00:00,16.54,80.75,32.75,0.0,32.75,331.7,5.45,206.0,101030.0
1990-10-09 23:00:00+00:00,16.94,78.0,131.05,94.91,112.65,335.2,5.38,208.0,101090.0
1990-10-10 00:00:00+00:00,17.82,75.4,261.2,261.97,165.95,342.15,5.45,211.0,101140.0
1990-10-10 01:00:00+00:00,18.63,70.45,321.7,181.9,229.45,340.5,6.14,216.0,101190.0
1990-10-10 02:00:00+00:00,19.09,65.75,353.0,170.93,248.55,353.55,6.55,220.0,101220.0
1990-10-10 03:00:00+00:00,19.35,68.1,419.1,200.29,285.25,355.1,6.62,223.0,101200.0
1990-10-10 04:00:00+00:00,19.6,65.85,459.65,284.73,267.5,353.4,6.69,227.0,101180.0
1990-10-10 05:00:00+00:00,19.7,65.85,412.8,301.9,222.5,352.0,6.41,231.0,101130.0
1990-10-10 06:00:00+00:00,19.52,68.2,333.1,303.54,169.85,349.5,5.93,233.0,101120.0
1990-10-10 07:00:00+00:00,19.3,70.55,208.3,268.0,100.15,351.65,5.1,231.0,101150.0
1990-10-10 08:00:00+00:00,18.78,75.55,73.6,112.59,46.95,348.15,4.34,227.0,101170.0
1990-10-10 09:00:00+00:00,17.98,78.15,2.15,3.08,2.0,350.85,3.52,228.0,101240.0
1990-10-10 10:00:00+00:00,17.06,83.65,0.0,0.0,0.0,334.4,2.69,244.0,101340.0
1990-10-10 11:00:00+00:00,16.39,86.55,0.0,0.0,0.0,330.55,2.07,288.0,101450.0
1990-10-10 12:00:00+00:00,16.03,83.55,0.0,0.0,0.0,340.0,2.97,350.0,101530.0
1990-10-10 13:00:00+00:00,15.58,69.9,0.0,0.0,0.0,336.95,4.48,18.0,101600.0
1990-10-10 14:00:00+00:00,15.11,52.25,0.0,0.0,0.0,329.55,5.52,30.0,101640.0
1990-10-10 15:00:00+00:00,14.62,46.6,0.0,0.0,0.0,322.0,5.72,33.0,101680.0
1990-10-10 16:00:00+00:00,13.85,44.75,0.0,0.0,0.0,301.5,6.0,32.0,101690.0
1990-10-10 17:00:00+00:00,13.17,44.5,0.0,0.0,0.0,297.65,6.28,31.0,101720.0
1990-10-10 18:00:00+00:00,12.46,44.35,0.0,0.0,0.0,288.75,6.55,31.0,101760.0
1990-10-10 19:00:00+00:00,11.61,40.8,0.0,0.0,0.0,282.15,6.55,32.0,101780.0
1990-10-10 20:00:00+00:00,10.95,40.65,0.0,0.0,0.0,277.1,6.55,33.0,101810.0
1990-10-10 21:00:00+00:00,10.34,40.55,0.0,0.0,0.0,274.8,6.48,32.0,101830.0
1990-10-10 22:00:00+00:00,9.78,42.0,0.0,0.0,0.0,273.85,6.48,30.0,101880.0
1990-10-10 23:00:00+00:00,9.67,43.55,205.2,653.37,80.95,275.0,6.34,27.0,101950.0
1990-10-11 00:00:00+00:00,10.43,42.15,378.0,755.49,106.3,273.25,6.9,28.0,102000.0
1990-10-11 01:00:00+00:00,11.95,40.95,532.4,845.24,107.3,273.75,6.76,29.0,102030.0
1990-10-11 02:00:00+00:00,13.7,39.8,629.4,847.93,115.05,274.8,6.48,28.0,102020.0
1990-10-11 03:00:00+00:00,15.39,38.7,668.45,829.64,117.95,278.5,6.48,25.0,101970.0
1990-10-11 04:00:00+00:00,16.7,36.15,645.45,790.35,116.0,281.95,6.69,24.0,101920.0
1990-10-11 05:00:00+00:00,17.51,32.5,562.95,726.06,109.0,285.05,6.76,26.0,101830.0
1990-10-11 06:00:00+00:00,17.89,30.2,428.55,623.01,96.75,286.6,6.76,27.0,101780.0
1990-10-11 07:00:00+00:00,18.09,32.65,259.85,459.88,76.7,289.7,5.86,24.0,101760.0
1990-10-11 08:00:00+00:00,17.56,35.05,89.3,211.08,40.45,290.3,5.31,22.0,101760.0
1990-10-11 09:00:00+00:00,16.32,38.85,2.05,4.6,1.85,289.1,5.1,20.0,101770.0
1990-10-11 10:00:00+00:00,15.04,38.7,0.0,0.0,0.0,286.8,5.31,21.0,101860.0
1990-10-11 11:00:00+00:00,14.08,39.95,0.0,0.0,0.0,285.05,5.59,24.0,101920.0
1990-10-11 12:00:00+00:00,13.28,41.2,0.0,0.0,0.0,283.1,5.72,26.0,101950.0
1990-10-11 13:00:00+00:00,12.6,42.7,0.0,0.0,0.0,280.4,5.72,27.0,102020.0
1990-10-11 14:00:00+00:00,12.01,42.55,0.0,0.0,0.0,279.85,5.66,27.0,102030.0
1990-10-11 15:00:00+00:00,11.53,44.1,0.0,0.0,0.0,281.6,5.59,26.0,102060.0
1990-10-11 16:00:00+00:00,11.08,45.7,0.0,0.0,0.0,281.95,5.52,28.0,102020.0
1990-10-11 17:00:00+00:00,10.64,47.35,0.0,0.0,0.0,278.85,5.31,30.0,102010.0
1990-10-11 18:00:00+00:00,10.21,49.05,0.0,0.0,0.0,277.7,5.38,27.0,102030.0
1990-10-11 19:00:00+00:00,9.8,47.2,0.0,0.0,0.0,276.35,6.0,24.0,102040.0
1990-10-11 20:00:00+00:00,9.41,47.05,0.0,0.0,0.0,276.75,6.28,24.0,102040.0
1990-10-11 21:00:00+00:00,9.05,48.8,0.0,0.0,0.0,276.95,6.48,24.0,102080.0
1990-10-11 22:00:00+00:00,8.72,48.65,0.0,0.0,0.0,277.1,6.55,24.0,102130.0
1990-10-11 23:00:00+00:00,8.7,48.65,206.05,710.91,73.5,271.9,6.48,25.0,102180.0
1990-10-12 00:00:00+00:00,9.53,45.25,366.25,727.67,107.45,273.05,6.97,27.0,102210.0
1990-10-12 01:00:00+00:00,11.02,40.65,509.7,771.51,124.95,279.35,7.03,26.0,102280.0
1990-10-12 02:00:00+00:00,12.72,38.0,584.0,743.49,136.35,283.7,7.17,24.0,102280.0
1990-10-12 03:00:00+00:00,14.22,34.25,645.9,770.57,138.25,280.8,7.31,23.0,102260.0
1990-10-12 04:00:00+00:00,15.52,30.7,626.7,749.32,128.45,284.65,7.38,23.0,102170.0
1990-10-12 05:00:00+00:00,16.36,28.7,543.5,676.18,124.2,286.6,7.45,21.0,102110.0
1990-10-12 06:00:00+00:00,16.61,28.7,419.8,613.73,96.15,288.75,7.59,20.0,102040.0
1990-10-12 07:00:00+00:00,16.38,27.6,249.55,439.58,76.8,287.95,7.52,23.0,102020.0
1990-10-12 08:00:00+00:00,15.77,30.7,83.0,191.88,39.6,284.5,6.97,24.0,102020.0
1990-10-12 09:00:00+00:00,14.69,31.8,1.45,0.0,1.45,283.9,6.41,22.0,102050.0
1990-10-12 10:00:00+00:00,13.64,35.45,0.0,0.0,0.0,284.65,6.14,19.0,102110.0
1990-10-12 11:00:00+00:00,12.94,36.7,0.0,0.0,0.0,288.35,6.34,18.0,102170.0
1990-10-12 12:00:00+00:00,12.37,36.55,0.0,0.0,0.0,290.1,6.41,20.0,102180.0
1990-10-12 13:00:00+00:00,11.91,37.9,0.0,0.0,0.0,294.35,6.34,24.0,102190.0
1990-10-12 14:00:00+00:00,11.38,39.25,0.0,0.0,0.0,289.9,6.28,24.0,102200.0
1990-10-12 15:00:00+00:00,10.85,39.1,0.0,0.0,0.0,289.5,6.28,23.0,102210.0
1990-10-12 16:00:00+00:00,10.3,40.55,0.0,0.0,0.0,287.2,6.28,23.0,102200.0
1990-10-12 17:00:00+00:00,9.67,43.55,0.0,0.0,0.0,279.05,6.48,22.0,102200.0
1990-10-12 18:00:00+00:00,9.05,45.15,0.0,0.0,0.0,273.05,6.76,22.0,102240.0
1990-10-12 19:00:00+00:00,8.71,46.8,0.0,0.0,0.0,274.8,6.9,23.0,102190.0
1990-10-12 20:00:00+00:00,8.21,46.65,0.0,0.0,0.0,275.75,7.1,26.0,102200.0
1990-10-12 21:00:00+00:00,7.7,48.4,0.0,0.0,0.0,271.1,7.17,25.0,102260.0
1990-10-12 22:00:00+00:00,7.25,46.55,0.0,0.0,0.0,269.4,7.59,22.0,102340.0
1990-10-12 23:00:00+00:00,7.22,44.6,197.25,673.46,74.2,269.4,7.93,22.0,102410.0
1990-10-13 00:00:00+00:00,7.72,41.3,360.2,699.55,114.2,279.65,8.9,23.0,102520.0
1990-10-13 01:00:00+00:00,8.07,43.1,421.05,569.43,139.5,282.25,8.97,24.0,102570.0
1990-10-13 02:00:00+00:00,7.9,48.55,511.45,574.82,167.95,294.95,8.62,23.0,102610.0
1990-10-13 03:00:00+00:00,8.24,54.55,494.6,500.96,166.95,295.9,8.28,23.0,102600.0
1990-10-13 04:00:00+00:00,8.44,56.8,367.2,287.51,177.45,308.3,8.07,20.0,102560.0
1990-10-13 05:00:00+00:00,8.26,61.3,301.25,207.4,173.7,310.2,7.66,18.0,102550.0
1990-10-13 06:00:00+00:00,8.32,61.3,165.65,49.51,139.8,318.55,7.31,15.0,102550.0
1990-10-13 07:00:00+00:00,7.82,61.2,31.95,6.71,29.35,325.7,6.69,18.0,102620.0
1990-10-13 08:00:00+00:00,7.88,56.7,17.75,4.75,16.7,326.3,6.48,20.0,102640.0
1990-10-13 09:00:00+00:00,8.14,50.45,0.55,0.0,0.55,330.55,6.28,21.0,102710.0
1990-10-13 10:00:00+00:00,8.28,43.25,0.0,0.0,0.0,324.15,6.0,22.0,102750.0
1990-10-13 11:00:00+00:00,8.24,41.45,0.0,0.0,0.0,299.4,5.86,20.0,102840.0
1990-10-13 12:00:00+00:00,8.26,38.4,0.0,0.0,0.0,303.85,5.93,19.0,102880.0
1990-10-13 13:00:00+00:00,7.85,38.25,0.0,0.0,0.0,273.05,5.38,20.0,102920.0
1990-10-13 14:00:00+00:00,7.28,41.3,0.0,0.0,0.0,254.3,4.62,18.0,102960.0
1990-10-13 15:00:00+00:00,6.65,46.25,0.0,0.0,0.0,245.2,4.41,10.0,103000.0
1990-10-13 16:00:00+00:00,6.08,49.95,0.0,0.0,0.0,238.05,4.48,4.0,103020.0
1990-10-13 17:00:00+00:00,5.61,51.8,0.0,0.0,0.0,233.95,4.62,359.0,103070.0
1990-10-13 18:00:00+00:00,5.22,51.7,0.0,0.0,0.0,230.5,5.03,357.0,103090.0
1990-10-13 19:00:00+00:00,4.38,44.05,0.0,0.0,0.0,226.6,5.59,357.0,103090.0
1990-10-13 20:00:00+00:00,4.14,42.15,0.0,0.0,0.0,224.85,5.79,357.0,103100.0
1990-10-13 21:00:00+00:00,3.93,38.85,0.0,0.0,0.0,223.5,5.86,358.0,103150.0
1990-10-13 22:00:00+00:00,3.74,38.85,0.0,0.0,0.0,222.95,5.79,359.0,103200.0
1990-10-13 23:00:00+00:00,4.03,40.45,217.25,823.68,69.85,225.05,5.38,359.0,103270.0
1990-10-14 00:00:00+00:00,5.23,36.05,395.35,869.17,93.2,225.25,5.86,360.0,103350.0
1990-10-14 01:00:00+00:00,6.63,32.15,543.55,889.72,107.45,227.9,6.28,1.0,103400.0
1990-10-14 02:00:00+00:00,7.9,28.8,643.2,889.49,115.7,230.3,6.83,4.0,103400.0
1990-10-14 03:00:00+00:00,8.78,27.9,683.05,868.67,119.05,232.05,6.97,4.0,103350.0
1990-10-14 04:00:00+00:00,9.48,26.9,658.5,826.24,117.3,233.4,6.9,3.0,103320.0
1990-10-14 05:00:00+00:00,9.95,27.05,571.75,756.62,110.3,235.5,6.76,3.0,103250.0
1990-10-14 06:00:00+00:00,10.2,27.05,432.7,648.32,97.55,236.85,6.62,3.0,103220.0
1990-10-14 07:00:00+00:00,9.91,27.05,258.1,474.19,76.7,237.85,6.48,4.0,103220.0
1990-10-14 08:00:00+00:00,9.58,26.9,82.65,207.1,37.95,238.4,6.28,5.0,103260.0
1990-10-14 09:00:00+00:00,8.73,30.15,0.9,0.0,0.9,238.2,5.45,8.0,103290.0
1990-10-14 10:00:00+00:00,7.72,33.75,0.0,0.0,0.0,237.45,5.1,12.0,103360.0
1990-10-14 11:00:00+00:00,6.98,36.5,0.0,0.0,0.0,236.65,4.83,17.0,103390.0
1990-10-14 12:00:00+00:00,6.37,37.85,0.0,0.0,0.0,235.15,4.48,22.0,103430.0
1990-10-14 13:00:00+00:00,5.81,40.9,0.0,0.0,0.0,234.15,4.14,27.0,103440.0
1990-10-14 14:00:00+00:00,5.33,44.15,0.0,0.0,0.0,232.6,3.79,30.0,103450.0
1990-10-14 15:00:00+00:00,4.87,45.85,0.0,0.0,0.0,231.45,3.52,32.0,103440.0
1990-10-14 16:00:00+00:00,4.44,47.7,0.0,0.0,0.0,230.3,3.24,33.0,103410.0
1990-10-14 17:00:00+00:00,4.04,51.55,0.0,0.0,0.0,229.7,3.03,33.0,103390.0
1990-10-14 18:00:00+00:00,3.65,53.5,0.0,0.0,0.0,229.15,2.83,31.0,103390.0
1990-10-14 19:00:00+00:00,3.15,57.8,0.0,0.0,0.0,230.3,2.76,32.0,103340.0
1990-10-14 20:00:00+00:00,2.74,57.8,0.0,0.0,0.0,229.9,2.55,37.0,103300.0
1990-10-14 21:00:00+00:00,2.09,64.9,0.0,0.0,0.0,230.3,2.14,47.0,103280.0
1990-10-14 22:00:00+00:00,1.52,70.1,0.0,0.0,0.0,230.1,1.79,58.0,103270.0
1990-10-14 23:00:00+00:00,2.56,67.6,211.75,814.33,69.1,230.85,1.38,67.0,103250.0
1990-10-15 00:00:00+00:00,5.75,46.1,389.65,864.42,92.65,232.8,0.83,64.0,103280.0
1990-10-15 01:00:00+00:00,7.72,38.1,537.55,886.38,106.9,235.6,0.69,51.0,103310.0
1990-10-15 02:00:00+00:00,9.16,32.85,636.15,885.49,115.05,239.2,0.76,35.0,103250.0
1990-10-15 03:00:00+00:00,10.39,30.7,675.25,864.64,118.0,241.9,0.48,18.0,103150.0
1990-10-15 04:00:00+00:00,11.36,28.6,650.75,822.32,116.2,244.8,0.55,256.0,103100.0
1990-10-15 05:00:00+00:00,12.08,29.9,565.25,754.07,109.2,247.15,1.86,240.0,102960.0
1990-10-15 06:00:00+00:00,12.44,30.05,428.0,647.74,96.5,248.3,2.83,237.0,102880.0
1990-10-15 07:00:00+00:00,12.35,31.25,254.3,473.14,75.75,248.3,2.62,241.0,102780.0
1990-10-15 08:00:00+00:00,11.94,33.7,79.45,203.34,36.6,247.9,2.62,239.0,102720.0
1990-10-15 09:00:00+00:00,10.86,40.65,0.65,0.0,0.65,246.75,2.62,234.0,102730.0
1990-10-15 10:00:00+00:00,9.76,48.95,0.0,0.0,0.0,245.0,2.83,231.0,102770.0
1990-10-15 11:00:00+00:00,9.02,54.8,0.0,0.0,0.0,244.2,2.83,223.0,102770.0
1990-10-15 12:00:00+00:00,8.51,59.0,0.0,0.0,0.0,244.6,3.17,212.0,102770.0
1990-10-15 13:00:00+00:00,8.25,63.6,0.0,0.0,0.0,245.75,3.31,205.0,102760.0
1990-10-15 14:00:00+00:00,8.1,66.05,0.0,0.0,0.0,247.7,3.38,197.0,102740.0
1990-10-15 15:00:00+00:00,8.06,66.05,0.0,0.0,0.0,249.85,3.52,192.0,102710.0
1990-10-15 16:00:00+00:00,8.17,66.05,0.0,0.0,0.0,251.2,3.72,189.0,102690.0
1990-10-15 17:00:00+00:00,8.2,68.6,0.0,0.0,0.0,252.35,3.72,184.0,102650.0
1990-10-15 18:00:00+00:00,8.2,71.25,0.0,0.0,0.0,253.1,3.72,182.0,102620.0
1990-10-15 19:00:00+00:00,8.21,76.8,0.0,0.0,0.0,254.5,3.59,177.0,102540.0
1990-10-15 20:00:00+00:00,8.22,76.8,0.0,0.0,0.0,253.9,3.72,179.0,102500.0
1990-10-15 21:00:00+00:00,8.36,74.05,0.0,0.0,0.0,253.7,3.86,183.0,102510.0
1990-10-15 22:00:00+00:00,8.44,74.05,0.0,0.0,0.0,253.1,3.86,185.0,102500.0
1990-10-15 23:00:00+00:00,9.04,74.15,202.4,749.81,73.9,252.75,3.45,188.0,102500.0
1990-10-16 00:00:00+00:00,11.5,66.75,345.35,614.4,136.75,256.05,2.83,189.0,102550.0
1990-10-16 01:00:00+00:00,13.8,60.2,457.95,551.68,192.3,265.6,2.76,199.0,102590.0
1990-10-16 02:00:00+00:00,15.08,54.25,553.7,593.32,207.25,274.6,2.9,212.0,102580.0
1990-10-16 03:00:00+00:00,15.94,50.5,544.9,517.11,214.1,280.6,3.03,220.0,102530.0
1990-10-16 04:00:00+00:00,16.38,48.8,595.1,635.49,185.15,283.7,3.17,223.0,102490.0
1990-10-16 05:00:00+00:00,16.71,48.8,489.05,551.61,158.25,285.45,3.1,227.0,102400.0
1990-10-16 06:00:00+00:00,16.66,48.8,374.8,468.48,137.45,290.3,2.9,228.0,102360.0
1990-10-16 07:00:00+00:00,16.51,48.8,206.25,262.73,108.45,284.1,2.48,243.0,102340.0
1990-10-16 08:00:00+00:00,15.75,56.25,57.35,58.1,45.4,284.3,1.93,247.0,102320.0
1990-10-16 09:00:00+00:00,14.46,60.4,0.35,0.0,0.35,292.4,1.93,246.0,102330.0
1990-10-16 10:00:00+00:00,13.09,69.55,0.0,0.0,0.0,293.6,1.72,240.0,102370.0
1990-10-16 11:00:00+00:00,11.54,83.1,0.0,0.0,0.0,289.1,1.59,231.0,102410.0
1990-10-16 12:00:00+00:00,11.24,83.05,0.0,0.0,0.0,285.45,1.24,216.0,102430.0
1990-10-16 13:00:00+00:00,12.14,77.35,0.0,0.0,0.0,287.0,0.83,183.0,102450.0
1990-10-16 14:00:00+00:00,11.04,80.1,0.0,0.0,0.0,283.1,1.03,147.0,102440.0
1990-10-16 15:00:00+00:00,9.67,85.95,0.0,0.0,0.0,296.65,1.45,139.0,102440.0
1990-10-16 16:00:00+00:00,8.69,89.1,0.0,0.0,0.0,299.6,1.66,137.0,102430.0
1990-10-16 17:00:00+00:00,8.58,89.1,0.0,0.0,0.0,302.5,1.52,122.0,102420.0
1990-10-16 18:00:00+00:00,8.33,89.1,0.0,0.0,0.0,302.1,1.52,100.0,102390.0
1990-10-16 19:00:00+00:00,8.08,89.05,0.0,0.0,0.0,311.55,1.93,84.0,102330.0
1990-10-16 20:00:00+00:00,7.9,89.05,0.0,0.0,0.0,306.35,1.86,85.0,102310.0
1990-10-16 21:00:00+00:00,7.77,85.85,0.0,0.0,0.0,306.95,1.72,80.0,102330.0
1990-10-16 22:00:00+00:00,7.49,89.0,0.0,0.0,0.0,297.25,1.59,67.0,102340.0
1990-10-16 23:00:00+00:00,8.0,85.85,168.6,453.87,92.55,289.9,1.24,56.0,102360.0
1990-10-17 00:00:00+00:00,11.03,71.75,336.75,657.36,116.25,282.95,1.17,41.0,102410.0
1990-10-17 01:00:00+00:00,13.33,58.0,476.8,715.23,135.5,284.2,1.31,37.0,102440.0
1990-10-17 02:00:00+00:00,15.12,48.55,568.6,730.83,145.2,281.75,1.38,36.0,102420.0
1990-10-17 03:00:00+00:00,16.34,43.65,595.1,676.07,165.85,289.7,1.03,33.0,102360.0
1990-10-17 04:00:00+00:00,17.08,40.6,564.65,619.56,168.05,302.1,0.62,9.0,102330.0
1990-10-17 05:00:00+00:00,17.47,39.25,486.2,557.48,154.7,302.65,0.69,334.0,102250.0
1990-10-17 06:00:00+00:00,17.64,39.25,340.2,372.86,153.2,301.7,0.69,330.0,102200.0
1990-10-17 07:00:00+00:00,17.76,37.8,224.7,416.32,71.85,305.2,0.9,350.0,102190.0
1990-10-17 08:00:00+00:00,17.35,39.25,64.6,164.21,31.65,289.5,1.03,349.0,102180.0
1990-10-17 09:00:00+00:00,16.29,45.15,0.2,0.0,0.2,288.15,1.45,355.0,102160.0
1990-10-17 10:00:00+00:00,14.24,52.0,0.0,0.0,0.0,288.15,1.79,10.0,102200.0
1990-10-17 11:00:00+00:00,12.21,62.1,0.0,0.0,0.0,285.45,1.93,28.0,102230.0
1990-10-17 12:00:00+00:00,10.77,69.1,0.0,0.0,0.0,286.05,1.93,52.0,102260.0
1990-10-17 13:00:00+00:00,9.73,71.5,0.0,0.0,0.0,283.5,2.0,75.0,102280.0
1990-10-17 14:00:00+00:00,9.09,74.15,0.0,0.0,0.0,291.25,2.0,87.0,102270.0
1990-10-17 15:00:00+00:00,8.73,79.75,0.0,0.0,0.0,281.4,1.79,100.0,102250.0
1990-10-17 16:00:00+00:00,9.06,76.95,0.0,0.0,0.0,280.8,1.45,121.0,102230.0
1990-10-17 17:00:00+00:00,8.83,79.85,0.0,0.0,0.0,284.3,1.59,144.0,102230.0
1990-10-17 18:00:00+00:00,8.54,82.75,0.0,0.0,0.0,302.3,1.86,160.0,102220.0
1990-10-17 19:00:00+00:00,8.83,85.95,0.0,0.0,0.0,313.9,1.79,166.0,102180.0
1990-10-17 20:00:00+00:00,8.89,85.95,0.0,0.0,0.0,308.5,1.72,156.0,102140.0
1990-10-17 21:00:00+00:00,8.8,85.95,0.0,0.0,0.0,303.85,1.72,144.0,102160.0
1990-10-17 22:00:00+00:00,8.2,89.05,0.0,0.0,0.0,293.0,1.93,143.0,102150.0
1990-10-17 23:00:00+00:00,8.68,89.1,164.35,503.89,81.85,292.05,1.66,140.0,102160.0
1990-10-18 00:00:00+00:00,11.98,74.6,304.35,556.84,119.85,287.4,1.31,144.0,102220.0
1990-10-18 01:00:00+00:00,14.48,62.65,361.75,432.71,157.15,295.45,1.52,158.0,102230.0
1990-10-18 02:00:00+00:00,15.77,58.35,504.75,592.87,164.0,313.1,2.34,186.0,102220.0
1990-10-18 03:00:00+00:00,16.65,52.5,574.85,657.65,160.45,305.95,2.97,197.0,102170.0
1990-10-18 04:00:00+00:00,16.95,50.75,517.6,545.35,171.2,303.85,2.97,206.0,102140.0
1990-10-18 05:00:00+00:00,16.99,50.75,469.15,529.61,156.9,316.6,2.69,220.0,102060.0
1990-10-18 06:00:00+00:00,16.91,50.75,315.6,391.99,121.0,306.95,2.62,237.0,102010.0
1990-10-18 07:00:00+00:00,16.63,56.5,200.65,314.0,86.95,311.2,2.14,253.0,101960.0
1990-10-18 08:00:00+00:00,16.08,60.65,56.25,132.85,30.25,305.75,1.93,269.0,101940.0
1990-10-18 09:00:00+00:00,15.01,67.45,0.05,0.0,0.05,305.0,1.86,271.0,101960.0
1990-10-18 10:00:00+00:00,13.82,74.95,0.0,0.0,0.0,303.85,1.86,268.0,102000.0
1990-10-18 11:00:00+00:00,12.71,86.25,0.0,0.0,0.0,309.85,1.59,262.0,102030.0
1990-10-18 12:00:00+00:00,11.95,89.35,0.0,0.0,0.0,310.2,1.31,235.0,102030.0
1990-10-18 13:00:00+00:00,11.49,89.3,0.0,0.0,0.0,292.2,1.38,219.0,102030.0
1990-10-18 14:00:00+00:00,10.69,92.5,0.0,0.0,0.0,287.0,1.59,213.0,102010.0
1990-10-18 15:00:00+00:00,9.97,92.5,0.0,0.0,0.0,288.55,1.79,213.0,102000.0
1990-10-18 16:00:00+00:00,9.55,92.45,0.0,0.0,0.0,290.85,1.93,204.0,101970.0
1990-10-18 17:00:00+00:00,9.09,95.85,0.0,0.0,0.0,285.65,2.07,191.0,101960.0
1990-10-18 18:00:00+00:00,8.72,95.85,0.0,0.0,0.0,287.75,2.28,186.0,101950.0
1990-10-18 19:00:00+00:00,8.96,95.85,0.0,0.0,0.0,300.95,2.07,181.0,101920.0
1990-10-18 20:00:00+00:00,9.02,95.85,0.0,0.0,0.0,314.85,2.0,171.0,101880.0
1990-10-18 21:00:00+00:00,8.87,95.85,0.0,0.0,0.0,311.0,2.0,165.0,101880.0
1990-10-18 22:00:00+00:00,8.98,99.4,0.0,0.0,0.0,315.05,2.14,162.0,101910.0
1990-10-18 23:00:00+00:00,9.88,95.9,167.55,624.23,67.75,310.2,2.28,166.0,101910.0
1990-10-19 00:00:00+00:00,12.33,86.25,332.95,721.4,96.9,304.6,2.55,173.0,101980.0
1990-10-19 01:00:00+00:00,14.53,77.75,463.7,744.24,115.05,310.35,2.97,190.0,101980.0
1990-10-19 02:00:00+00:00,15.88,72.55,580.35,818.74,113.55,313.1,3.59,210.0,102000.0
1990-10-19 03:00:00+00:00,16.87,65.35,617.6,802.06,116.05,295.1,4.0,222.0,101950.0
1990-10-19 04:00:00+00:00,17.38,63.2,588.65,751.54,115.0,298.2,4.34,227.0,101910.0
1990-10-19 05:00:00+00:00,17.54,63.2,508.85,687.01,107.25,301.9,4.55,228.0,101840.0
1990-10-19 06:00:00+00:00,17.45,63.2,377.0,580.09,91.95,302.65,4.62,225.0,101790.0
1990-10-19 07:00:00+00:00,17.1,65.35,212.75,395.7,71.45,299.0,4.0,226.0,101770.0
1990-10-19 08:00:00+00:00,16.26,75.15,56.85,145.18,29.15,299.4,3.59,221.0,101740.0
1990-10-19 09:00:00+00:00,14.98,77.8,0.0,0.0,0.0,298.2,3.72,216.0,101720.0
1990-10-19 10:00:00+00:00,14.09,86.4,0.0,0.0,0.0,295.7,4.0,209.0,101760.0
1990-10-19 11:00:00+00:00,13.75,86.35,0.0,0.0,0.0,295.1,4.28,200.0,101770.0
1990-10-19 12:00:00+00:00,13.55,86.35,0.0,0.0,0.0,295.3,4.62,195.0,101780.0
1990-10-19 13:00:00+00:00,13.43,86.35,0.0,0.0,0.0,296.1,4.97,193.0,101770.0
1990-10-19 14:00:00+00:00,13.38,86.35,0.0,0.0,0.0,296.85,5.17,192.0,101780.0
1990-10-19 15:00:00+00:00,13.33,86.35,0.0,0.0,0.0,297.65,5.31,192.0,101760.0
1990-10-19 16:00:00+00:00,13.28,89.4,0.0,0.0,0.0,300.95,5.45,190.0,101750.0
1990-10-19 17:00:00+00:00,13.22,89.4,0.0,0.0,0.0,301.3,5.45,190.0,101730.0
1990-10-19 18:00:00+00:00,13.18,86.3,0.0,0.0,0.0,303.25,5.52,187.0,101710.0
1990-10-19 19:00:00+00:00,13.35,83.35,0.0,0.0,0.0,309.25,5.66,189.0,101670.0
1990-10-19 20:00:00+00:00,13.48,80.4,0.0,0.0,0.0,314.3,5.72,189.0,101660.0
1990-10-19 21:00:00+00:00,13.71,80.4,0.0,0.0,0.0,324.95,5.66,187.0,101660.0
1990-10-19 22:00:00+00:00,14.02,77.65,0.0,0.0,0.0,334.0,5.86,186.0,101650.0
1990-10-19 23:00:00+00:00,14.54,77.75,131.05,436.5,62.95,335.4,6.21,188.0,101650.0
1990-10-20 00:00:00+00:00,15.58,77.8,252.5,471.71,100.1,337.3,6.21,190.0,101680.0
1990-10-20 01:00:00+00:00,16.75,75.25,360.0,510.36,123.15,343.4,6.28,197.0,101680.0
1990-10-20 02:00:00+00:00,17.88,72.9,390.4,445.15,138.65,344.1,6.69,209.0,101670.0
1990-10-20 03:00:00+00:00,18.22,75.45,397.95,367.19,170.1,361.1,6.69,220.0,101630.0
1990-10-20 04:00:00+00:00,18.42,72.95,340.85,291.93,158.3,361.5,6.34,224.0,101600.0
1990-10-20 05:00:00+00:00,18.48,72.95,371.05,434.13,119.45,357.05,6.28,226.0,101520.0
1990-10-20 06:00:00+00:00,18.46,72.95,312.85,443.79,97.0,339.65,6.14,224.0,101500.0
1990-10-20 07:00:00+00:00,18.34,78.15,172.15,294.64,68.4,332.5,5.93,223.0,101460.0
1990-10-20 08:00:00+00:00,17.54,80.85,43.9,104.59,24.45,331.7,5.31,222.0,101490.0
1990-10-20 09:00:00+00:00,16.4,86.55,0.0,0.0,0.0,326.1,4.97,221.0,101520.0
1990-10-20 10:00:00+00:00,15.71,92.75,0.0,0.0,0.0,330.55,4.48,220.0,101580.0
1990-10-20 11:00:00+00:00,15.36,92.75,0.0,0.0,0.0,327.25,4.14,216.0,101650.0
1990-10-20 12:00:00+00:00,14.99,89.55,0.0,0.0,0.0,320.85,3.86,212.0,101660.0
1990-10-20 13:00:00+00:00,14.51,92.7,0.0,0.0,0.0,308.5,3.52,207.0,101710.0
1990-10-20 14:00:00+00:00,14.09,92.7,0.0,0.0,0.0,299.75,2.76,212.0,101720.0
1990-10-20 15:00:00+00:00,13.31,95.95,0.0,0.0,0.0,299.4,0.83,272.0,101780.0
1990-10-20 16:00:00+00:00,12.23,99.4,0.0,0.0,0.0,302.65,2.69,7.0,101800.0
1990-10-20 17:00:00+00:00,11.97,92.6,0.0,0.0,0.0,296.65,4.14,24.0,101840.0
1990-10-20 18:00:00+00:00,11.71,86.15,0.0,0.0,0.0,299.0,4.83,28.0,101890.0
1990-10-20 19:00:00+00:00,11.08,61.85,0.0,0.0,0.0,292.4,5.66,30.0,101870.0
1990-10-20 20:00:00+00:00,10.57,57.3,0.0,0.0,0.0,287.6,5.38,33.0,101900.0
1990-10-20 21:00:00+00:00,9.9,57.15,0.0,0.0,0.0,270.15,5.17,35.0,101920.0
1990-10-20 22:00:00+00:00,9.32,57.05,0.0,0.0,0.0,263.75,4.97,35.0,101940.0
1990-10-20 23:00:00+00:00,9.2,59.15,178.05,737.19,65.9,262.8,4.69,35.0,101940.0
1990-10-21 00:00:00+00:00,10.38,55.15,347.15,806.44,89.95,263.6,4.48,36.0,101960.0
1990-10-21 01:00:00+00:00,12.3,47.85,488.0,833.93,104.65,265.6,4.28,37.0,101980.0
1990-10-21 02:00:00+00:00,14.31,44.75,580.7,835.22,112.2,271.5,3.93,35.0,101940.0
1990-10-21 03:00:00+00:00,16.06,41.9,616.55,815.93,114.15,276.75,3.66,29.0,101890.0
1990-10-21 04:00:00+00:00,17.29,40.6,563.6,730.26,110.55,282.75,3.24,20.0,101820.0
1990-10-21 05:00:00+00:00,18.02,37.95,486.75,653.88,111.05,288.55,3.1,11.0,101750.0
1990-10-21 06:00:00+00:00,18.4,36.7,341.35,500.42,100.45,294.35,3.17,6.0,101710.0
1990-10-21 07:00:00+00:00,18.65,39.55,186.3,318.82,75.6,300.75,3.17,3.0,101630.0
1990-10-21 08:00:00+00:00,18.06,40.9,47.55,127.22,24.5,308.65,2.97,5.0,101600.0
1990-10-21 09:00:00+00:00,16.47,43.65,0.0,0.0,0.0,302.65,3.1,12.0,101620.0
1990-10-21 10:00:00+00:00,15.04,46.75,0.0,0.0,0.0,302.3,3.03,24.0,101650.0
1990-10-21 11:00:00+00:00,14.08,50.1,0.0,0.0,0.0,305.0,2.9,41.0,101680.0
1990-10-21 12:00:00+00:00,13.23,55.75,0.0,0.0,0.0,297.05,2.69,55.0,101670.0
1990-10-21 13:00:00+00:00,12.42,59.95,0.0,0.0,0.0,295.7,2.28,62.0,101680.0
1990-10-21 14:00:00+00:00,11.24,71.75,0.0,0.0,0.0,291.85,1.66,71.0,101660.0
1990-10-21 15:00:00+00:00,12.67,64.55,0.0,0.0,0.0,289.7,0.9,78.0,101660.0
1990-10-21 16:00:00+00:00,12.54,66.95,0.0,0.0,0.0,289.3,0.07,129.0,101630.0
1990-10-21 17:00:00+00:00,12.34,69.45,0.0,0.0,0.0,296.65,0.41,234.0,101630.0
1990-10-21 18:00:00+00:00,12.11,74.6,0.0,0.0,0.0,295.3,0.48,227.0,101630.0
1990-10-21 19:00:00+00:00,12.13,80.2,0.0,0.0,0.0,324.15,0.69,153.0,101590.0
1990-10-21 20:00:00+00:00,11.78,86.15,0.0,0.0,0.0,326.5,0.97,164.0,101600.0
1990-10-21 21:00:00+00:00,11.01,89.3,0.0,0.0,0.0,327.65,1.31,166.0,101560.0
1990-10-21 22:00:00+00:00,10.63,92.5,0.0,0.0,0.0,327.45,1.66,164.0,101590.0
1990-10-21 23:00:00+00:00,11.01,95.9,128.2,347.75,76.65,324.35,1.79,162.0,101600.0
1990-10-22 00:00:00+00:00,13.87,89.5,296.65,569.78,117.3,313.9,1.86,167.0,101630.0
1990-10-22 01:00:00+00:00,15.6,83.5,452.45,724.15,122.75,308.2,2.14,179.0,101660.0
1990-10-22 02:00:00+00:00,16.7,77.95,551.75,755.24,131.6,299.0,2.28,199.0,101640.0
1990-10-22 03:00:00+00:00,17.57,72.8,449.1,399.54,205.0,308.3,2.83,221.0,101630.0
1990-10-22 04:00:00+00:00,17.79,72.8,485.9,521.61,164.85,327.05,3.38,236.0,101600.0
1990-10-22 05:00:00+00:00,17.83,70.3,467.5,631.65,107.7,327.65,3.59,242.0,101560.0
1990-10-22 06:00:00+00:00,17.69,67.85,332.65,462.16,112.45,311.75,3.45,244.0,101530.0
1990-10-22 07:00:00+00:00,17.51,67.85,186.55,325.25,75.2,311.4,3.1,250.0,101500.0
1990-10-22 08:00:00+00:00,16.65,72.65,49.0,130.63,25.95,300.15,2.21,248.0,101500.0
1990-10-22 09:00:00+00:00,15.22,77.8,0.0,0.0,0.0,293.6,2.0,241.0,101510.0
1990-10-22 10:00:00+00:00,13.93,86.4,0.0,0.0,0.0,288.95,1.72,223.0,101580.0
1990-10-22 11:00:00+00:00,12.49,92.6,0.0,0.0,0.0,285.25,1.79,193.0,101610.0
1990-10-22 12:00:00+00:00,11.54,95.9,0.0,0.0,0.0,284.3,2.14,176.0,101640.0
1990-10-22 13:00:00+00:00,11.09,95.9,0.0,0.0,0.0,284.5,2.34,165.0,101670.0
1990-10-22 14:00:00+00:00,10.77,95.9,0.0,0.0,0.0,284.85,2.34,156.0,101690.0
1990-10-22 15:00:00+00:00,10.3,95.9,0.0,0.0,0.0,284.65,2.21,149.0,101700.0
1990-10-22 16:00:00+00:00,9.76,99.4,0.0,0.0,0.0,285.25,2.07,141.0,101660.0
1990-10-22 17:00:00+00:00,9.32,95.85,0.0,0.0,0.0,285.05,2.07,136.0,101650.0
1990-10-22 18:00:00+00:00,9.14,99.4,0.0,0.0,0.0,282.35,2.28,141.0,101660.0
1990-10-22 19:00:00+00:00,8.92,95.85,0.0,0.0,0.0,280.05,2.28,143.0,101610.0
1990-10-22 20:00:00+00:00,8.81,95.85,0.0,0.0,0.0,279.85,2.21,138.0,101600.0
1990-10-22 21:00:00+00:00,8.62,95.85,0.0,0.0,0.0,282.95,2.34,135.0,101610.0
1990-10-22 22:00:00+00:00,8.61,99.4,0.0,0.0,0.0,284.5,2.55,136.0,101640.0
1990-10-22 23:00:00+00:00,9.22,99.4,154.95,576.09,71.8,292.4,2.34,141.0,101670.0
1990-10-23 00:00:00+00:00,11.81,92.6,331.2,748.71,98.65,302.5,1.72,147.0,101760.0
1990-10-23 01:00:00+00:00,14.23,86.4,481.2,850.56,97.7,289.8,1.38,159.0,101780.0
1990-10-23 02:00:00+00:00,16.32,77.85,567.1,827.45,110.6,285.65,1.38,184.0,101790.0
1990-10-23 03:00:00+00:00,17.54,65.45,601.75,803.65,114.6,294.75,1.72,205.0,101770.0
1990-10-23 04:00:00+00:00,18.14,61.05,573.95,752.2,114.65,298.6,2.0,219.0,101710.0
1990-10-23 05:00:00+00:00,18.4,56.95,492.25,685.95,104.9,298.8,2.14,233.0,101670.0
1990-10-23 06:00:00+00:00,18.4,56.95,360.45,569.28,92.0,300.35,2.14,245.0,101630.0
1990-10-23 07:00:00+00:00,18.19,58.9,196.95,379.65,68.8,299.0,2.0,250.0,101590.0
1990-10-23 08:00:00+00:00,17.3,65.35,46.2,125.14,24.7,297.45,1.66,262.0,101590.0
1990-10-23 09:00:00+00:00,15.72,72.45,0.0,0.0,0.0,294.95,1.79,266.0,101620.0
1990-10-23 10:00:00+00:00,14.22,77.65,0.0,0.0,0.0,292.2,1.31,264.0,101690.0
1990-10-23 11:00:00+00:00,14.14,74.95,0.0,0.0,0.0,291.45,0.83,211.0,101740.0
1990-10-23 12:00:00+00:00,11.65,86.15,0.0,0.0,0.0,291.25,1.72,155.0,101800.0
1990-10-23 13:00:00+00:00,10.83,89.3,0.0,0.0,0.0,291.25,2.28,150.0,101820.0
1990-10-23 14:00:00+00:00,10.47,89.25,0.0,0.0,0.0,290.5,2.0,157.0,101880.0
1990-10-23 15:00:00+00:00,11.09,89.3,0.0,0.0,0.0,290.3,1.66,168.0,101910.0
1990-10-23 16:00:00+00:00,10.85,89.3,0.0,0.0,0.0,289.9,1.66,167.0,101890.0
1990-10-23 17:00:00+00:00,9.74,95.85,0.0,0.0,0.0,289.7,2.07,162.0,101890.0
1990-10-23 18:00:00+00:00,9.4,92.45,0.0,0.0,0.0,288.95,2.28,161.0,101890.0
1990-10-23 19:00:00+00:00,9.27,95.85,0.0,0.0,0.0,289.7,2.34,162.0,101860.0
1990-10-23 20:00:00+00:00,9.28,95.85,0.0,0.0,0.0,294.55,2.34,161.0,101820.0
1990-10-23 21:00:00+00:00,9.37,99.4,0.0,0.0,0.0,302.1,2.28,169.0,101840.0
1990-10-23 22:00:00+00:00,9.44,99.4,0.0,0.0,0.0,302.3,2.34,172.0,101880.0
1990-10-23 23:00:00+00:00,10.11,99.4,126.75,326.17,80.95,309.25,2.41,166.0,101920.0
1990-10-24 00:00:00+00:00,12.06,95.95,282.2,518.73,123.25,319.7,2.69,161.0,101950.0
1990-10-24 01:00:00+00:00,14.38,83.45,409.3,616.06,134.25,317.1,2.76,163.0,101920.0
1990-10-24 02:00:00+00:00,16.47,77.95,484.2,616.91,146.7,317.4,3.1,182.0,101910.0
1990-10-24 03:00:00+00:00,17.63,72.8,523.1,626.03,146.6,330.55,3.72,215.0,101860.0
1990-10-24 04:00:00+00:00,18.09,70.35,466.75,553.7,131.35,327.85,4.83,230.0,101840.0
1990-10-24 05:00:00+00:00,17.96,70.35,354.0,411.4,123.7,335.75,4.21,234.0,101750.0
1990-10-24 06:00:00+00:00,17.99,70.35,328.85,483.71,103.1,337.9,3.31,234.0,101690.0
1990-10-24 07:00:00+00:00,17.89,70.35,157.85,261.27,70.9,315.45,3.31,247.0,101680.0
1990-10-24 08:00:00+00:00,17.17,75.3,32.65,41.86,25.65,329.0,1.86,246.0,101660.0
1990-10-24 09:00:00+00:00,16.36,77.95,0.0,0.0,0.0,339.25,1.66,212.0,101650.0
1990-10-24 10:00:00+00:00,15.52,83.5,0.0,0.0,0.0,329.0,2.14,195.0,101670.0
1990-10-24 11:00:00+00:00,14.91,80.6,0.0,0.0,0.0,325.7,2.55,197.0,101670.0
1990-10-24 12:00:00+00:00,14.64,83.45,0.0,0.0,0.0,329.4,2.97,187.0,101680.0
1990-10-24 13:00:00+00:00,14.31,83.45,0.0,0.0,0.0,329.4,2.62,201.0,101670.0
1990-10-24 14:00:00+00:00,13.77,92.65,0.0,0.0,0.0,341.4,2.69,276.0,101700.0
1990-10-24 15:00:00+00:00,11.48,92.55,0.0,0.0,0.0,345.65,7.1,338.0,101770.0
1990-10-24 16:00:00+00:00,8.33,85.9,0.0,0.0,0.0,352.2,8.69,356.0,101840.0
1990-10-24 17:00:00+00:00,6.88,85.75,0.0,0.0,0.0,352.0,8.28,352.0,101950.0
1990-10-24 18:00:00+00:00,5.72,88.85,0.0,0.0,0.0,343.7,7.59,356.0,102020.0
1990-10-24 19:00:00+00:00,4.56,85.55,0.0,0.0,0.0,334.4,6.69,9.0,102180.0
1990-10-24 20:00:00+00:00,4.11,82.3,0.0,0.0,0.0,330.55,6.55,8.0,102170.0
1990-10-24 21:00:00+00:00,4.36,68.0,0.0,0.0,0.0,331.9,6.48,2.0,102190.0
1990-10-24 22:00:00+00:00,4.46,60.5,0.0,0.0,0.0,318.55,6.48,359.0,102250.0
1990-10-24 23:00:00+00:00,4.4,53.8,99.7,268.15,63.1,300.15,6.83,358.0,102270.0
1990-10-25 00:00:00+00:00,4.56,47.7,317.9,712.53,102.55,282.55,7.31,359.0,102310.0
1990-10-25 01:00:00+00:00,5.19,45.85,461.1,754.11,127.75,249.0,7.38,359.0,102310.0
1990-10-25 02:00:00+00:00,6.05,44.3,560.7,803.83,124.65,239.0,7.03,357.0,102290.0
1990-10-25 03:00:00+00:00,7.0,41.15,611.6,829.8,116.5,241.3,6.83,354.0,102230.0
1990-10-25 04:00:00+00:00,7.84,38.25,583.6,781.57,113.95,237.65,6.48,352.0,102180.0
1990-10-25 05:00:00+00:00,8.48,36.9,494.95,698.9,107.1,239.4,6.21,348.0,102130.0
1990-10-25 06:00:00+00:00,8.86,35.6,358.8,575.56,92.95,241.9,6.0,346.0,102110.0
1990-10-25 07:00:00+00:00,8.5,36.9,193.55,380.36,68.75,242.3,6.28,350.0,102190.0
1990-10-25 08:00:00+00:00,8.14,36.75,42.15,117.4,23.05,242.1,6.34,352.0,102180.0
1990-10-25 09:00:00+00:00,7.47,38.1,0.0,0.0,0.0,242.1,5.72,355.0,102240.0
1990-10-25 10:00:00+00:00,6.83,41.15,0.0,0.0,0.0,240.95,5.24,356.0,102300.0
1990-10-25 11:00:00+00:00,6.33,42.7,0.0,0.0,0.0,239.6,4.76,359.0,102350.0
1990-10-25 12:00:00+00:00,5.9,44.3,0.0,0.0,0.0,237.85,4.41,1.0,102370.0
1990-10-25 13:00:00+00:00,5.53,46.0,0.0,0.0,0.0,235.9,4.07,360.0,102380.0
1990-10-25 14:00:00+00:00,5.19,49.65,0.0,0.0,0.0,234.35,3.93,360.0,102400.0
1990-10-25 15:00:00+00:00,4.85,49.65,0.0,0.0,0.0,232.8,3.86,0.0,102380.0
1990-10-25 16:00:00+00:00,4.5,49.65,0.0,0.0,0.0,230.65,3.72,2.0,102350.0
1990-10-25 17:00:00+00:00,4.15,51.55,0.0,0.0,0.0,229.5,3.52,4.0,102330.0
1990-10-25 18:00:00+00:00,3.82,51.55,0.0,0.0,0.0,228.15,3.17,4.0,102360.0
1990-10-25 19:00:00+00:00,3.29,53.5,0.0,0.0,0.0,228.35,3.24,358.0,102360.0
1990-10-25 20:00:00+00:00,2.99,55.55,0.0,0.0,0.0,227.4,3.03,359.0,102330.0
1990-10-25 21:00:00+00:00,2.68,57.7,0.0,0.0,0.0,226.6,2.83,5.0,102320.0
1990-10-25 22:00:00+00:00,2.31,57.7,0.0,0.0,0.0,226.2,2.62,17.0,102290.0
1990-10-25 23:00:00+00:00,2.2,62.5,166.05,781.18,62.5,226.2,2.41,31.0,102260.0
1990-10-26 00:00:00+00:00,3.98,53.65,334.95,826.91,88.5,227.75,1.86,38.0,102280.0
1990-10-26 01:00:00+00:00,5.51,46.0,478.25,857.25,103.1,229.8,1.45,40.0,102280.0
1990-10-26 02:00:00+00:00,6.72,42.7,572.6,857.11,111.6,233.0,0.9,43.0,102210.0
1990-10-26 03:00:00+00:00,7.78,38.25,607.95,834.09,114.25,236.65,0.07,118.0,102140.0
1990-10-26 04:00:00+00:00,8.76,38.4,577.2,780.67,111.85,239.95,1.38,213.0,102050.0
1990-10-26 05:00:00+00:00,9.54,37.2,491.05,703.11,104.25,243.65,2.69,212.0,101950.0
1990-10-26 06:00:00+00:00,9.92,38.85,353.7,573.45,91.55,246.55,3.66,210.0,101860.0
1990-10-26 07:00:00+00:00,9.83,38.85,188.35,373.75,67.45,248.65,3.45,205.0,101810.0
1990-10-26 08:00:00+00:00,9.65,45.25,39.25,109.96,21.85,251.0,3.38,202.0,101740.0
1990-10-26 09:00:00+00:00,9.15,52.7,0.0,0.0,0.0,252.35,3.1,192.0,101690.0
1990-10-26 10:00:00+00:00,8.85,56.9,0.0,0.0,0.0,253.5,3.17,185.0,101660.0
1990-10-26 11:00:00+00:00,8.65,61.3,0.0,0.0,0.0,255.25,3.24,186.0,101630.0
1990-10-26 12:00:00+00:00,8.64,63.7,0.0,0.0,0.0,257.4,3.59,188.0,101580.0
1990-10-26 13:00:00+00:00,8.95,66.25,0.0,0.0,0.0,259.3,4.0,195.0,101560.0
1990-10-26 14:00:00+00:00,9.42,66.35,0.0,0.0,0.0,260.65,4.55,211.0,101520.0
1990-10-26 15:00:00+00:00,9.89,64.0,0.0,0.0,0.0,262.05,5.03,222.0,101470.0
1990-10-26 16:00:00+00:00,10.21,66.45,0.0,0.0,0.0,262.6,5.24,227.0,101430.0
1990-10-26 17:00:00+00:00,10.41,66.55,0.0,0.0,0.0,264.15,5.24,228.0,101390.0
1990-10-26 18:00:00+00:00,10.52,69.1,0.0,0.0,0.0,264.35,5.1,230.0,101380.0
1990-10-26 19:00:00+00:00,10.39,69.1,0.0,0.0,0.0,264.15,4.83,233.0,101380.0
1990-10-26 20:00:00+00:00,10.33,69.1,0.0,0.0,0.0,264.75,4.76,231.0,101330.0
1990-10-26 21:00:00+00:00,10.24,71.6,0.0,0.0,0.0,265.5,4.55,231.0,101340.0
1990-10-26 22:00:00+00:00,10.05,74.3,0.0,0.0,0.0,265.5,4.21,233.0,101340.0
1990-10-26 23:00:00+00:00,10.06,77.1,153.35,717.26,61.1,264.95,3.66,238.0,101360.0
1990-10-27 00:00:00+00:00,11.53,69.25,315.5,773.04,88.35,266.1,3.17,247.0,101420.0
1990-10-27 01:00:00+00:00,13.2,60.05,454.1,807.94,104.1,268.35,3.45,255.0,101430.0
1990-10-27 02:00:00+00:00,14.08,52.0,542.25,795.59,118.0,270.95,3.45,253.0,101420.0
1990-10-27 03:00:00+00:00,14.71,50.25,570.6,748.07,131.35,274.8,3.52,244.0,101380.0
1990-10-27 04:00:00+00:00,15.12,48.55,556.4,744.96,115.9,274.6,3.79,236.0,101320.0
1990-10-27 05:00:00+00:00,15.3,50.35,467.95,663.43,106.15,277.7,4.14,230.0,101270.0
1990-10-27 06:00:00+00:00,15.19,54.25,343.1,557.09,91.05,282.55,4.55,224.0,101210.0
1990-10-27 07:00:00+00:00,14.81,56.15,177.15,346.96,66.5,274.4,3.72,218.0,101200.0
1990-10-27 08:00:00+00:00,14.03,62.55,35.8,99.77,20.45,277.5,3.52,211.0,101160.0
1990-10-27 09:00:00+00:00,12.8,72.1,0.0,0.0,0.0,274.05,4.21,205.0,101110.0
1990-10-27 10:00:00+00:00,12.3,80.3,0.0,0.0,0.0,273.25,4.97,200.0,101110.0
1990-10-27 11:00:00+00:00,12.29,83.25,0.0,0.0,0.0,275.75,5.93,198.0,101090.0
1990-10-27 12:00:00+00:00,12.3,83.25,0.0,0.0,0.0,278.1,6.69,194.0,101070.0
1990-10-27 13:00:00+00:00,12.3,83.25,0.0,0.0,0.0,279.25,7.1,193.0,101080.0
1990-10-27 14:00:00+00:00,12.3,77.45,0.0,0.0,0.0,281.4,7.17,190.0,101050.0
1990-10-27 15:00:00+00:00,12.29,72.05,0.0,0.0,0.0,280.05,7.1,187.0,101000.0
1990-10-27 16:00:00+00:00,12.37,66.95,0.0,0.0,0.0,279.45,7.17,185.0,100940.0
1990-10-27 17:00:00+00:00,12.61,62.2,0.0,0.0,0.0,279.25,7.72,184.0,100880.0
1990-10-27 18:00:00+00:00,12.97,60.05,0.0,0.0,0.0,280.6,8.28,185.0,100760.0
1990-10-27 19:00:00+00:00,13.17,62.3,0.0,0.0,0.0,281.6,8.28,187.0,100720.0
1990-10-27 20:00:00+00:00,13.16,67.05,0.0,0.0,0.0,283.7,8.28,185.0,100620.0
1990-10-27 21:00:00+00:00,12.96,67.05,0.0,0.0,0.0,284.5,8.34,181.0,100560.0
1990-10-27 22:00:00+00:00,12.68,72.05,0.0,0.0,0.0,282.75,8.55,176.0,100450.0
1990-10-27 23:00:00+00:00,12.66,72.05,150.05,720.72,60.2,281.0,8.76,173.0,100340.0
1990-10-28 00:00:00+00:00,13.55,69.65,271.0,610.25,94.25,283.7,8.76,177.0,100290.0
1990-10-28 01:00:00+00:00,14.19,72.3,340.5,471.22,138.45,307.45,8.76,188.0,100290.0
1990-10-28 02:00:00+00:00,14.21,74.95,191.4,122.48,126.65,315.65,9.24,204.0,100240.0
1990-10-28 03:00:00+00:00,12.62,89.4,342.5,321.05,155.5,329.75,6.69,236.0,100210.0
1990-10-28 04:00:00+00:00,12.76,77.45,285.95,296.57,112.0,313.3,5.45,264.0,100170.0
1990-10-28 05:00:00+00:00,13.74,60.2,446.75,621.52,110.75,312.55,5.79,274.0,100190.0
1990-10-28 06:00:00+00:00,14.5,46.6,331.8,525.7,96.4,285.05,6.55,273.0,100250.0
1990-10-28 07:00:00+00:00,14.43,38.55,177.85,358.93,65.0,277.5,6.41,272.0,100430.0
1990-10-28 08:00:00+00:00,13.84,39.95,34.4,97.62,19.8,268.05,5.38,280.0,100510.0
1990-10-28 09:00:00+00:00,12.57,44.35,0.0,0.0,0.0,264.15,4.97,301.0,100580.0
1990-10-28 10:00:00+00:00,11.53,45.8,0.0,0.0,0.0,262.6,4.83,312.0,100690.0
1990-10-28 11:00:00+00:00,10.83,43.95,0.0,0.0,0.0,261.05,4.76,315.0,100810.0
1990-10-28 12:00:00+00:00,10.3,43.8,0.0,0.0,0.0,258.15,5.45,318.0,100920.0
1990-10-28 13:00:00+00:00,9.72,43.55,0.0,0.0,0.0,256.05,6.0,323.0,101040.0
1990-10-28 14:00:00+00:00,9.11,43.4,0.0,0.0,0.0,254.1,6.0,327.0,101140.0
1990-10-28 15:00:00+00:00,8.44,43.25,0.0,0.0,0.0,251.6,5.59,330.0,101210.0
1990-10-28 16:00:00+00:00,7.75,46.55,0.0,0.0,0.0,249.05,4.9,332.0,101240.0
1990-10-28 17:00:00+00:00,7.11,48.25,0.0,0.0,0.0,246.95,4.34,331.0,101260.0
1990-10-28 18:00:00+00:00,6.63,50.05,0.0,0.0,0.0,244.8,4.28,327.0,101310.0
1990-10-28 19:00:00+00:00,5.97,49.95,0.0,0.0,0.0,242.65,4.0,330.0,101350.0
1990-10-28 20:00:00+00:00,5.65,51.8,0.0,0.0,0.0,240.95,3.72,323.0,101350.0
1990-10-28 21:00:00+00:00,5.39,51.8,0.0,0.0,0.0,239.95,3.72,317.0,101410.0
1990-10-28 22:00:00+00:00,5.15,53.8,0.0,0.0,0.0,239.2,3.59,314.0,101430.0
1990-10-28 23:00:00+00:00,5.15,55.95,149.95,745.57,59.95,238.4,3.31,314.0,101490.0
1990-10-29 00:00:00+00:00,6.31,46.25,313.8,793.0,87.45,238.8,3.1,317.0,101560.0
1990-10-29 01:00:00+00:00,7.67,38.1,453.55,825.71,103.15,240.05,3.1,318.0,101620.0
1990-10-29 02:00:00+00:00,8.66,32.7,546.7,830.12,111.65,241.5,2.69,311.0,101650.0
1990-10-29 03:00:00+00:00,9.48,30.4,582.4,809.82,114.5,243.45,2.55,287.0,101640.0
1990-10-29 04:00:00+00:00,10.14,29.35,556.65,764.07,112.1,245.0,2.97,266.0,101600.0
1990-10-29 05:00:00+00:00,10.62,29.5,472.0,686.49,104.1,246.75,3.59,254.0,101570.0
1990-10-29 06:00:00+00:00,10.84,29.6,338.8,561.72,89.85,248.5,3.93,247.0,101570.0
1990-10-29 07:00:00+00:00,10.62,31.95,175.7,357.13,65.0,248.85,3.45,246.0,101550.0
1990-10-29 08:00:00+00:00,10.26,35.85,32.45,93.24,18.9,249.85,2.9,236.0,101590.0
1990-10-29 09:00:00+00:00,9.42,43.55,0.0,0.0,0.0,250.4,2.69,218.0,101580.0
1990-10-29 10:00:00+00:00,8.77,48.8,0.0,0.0,0.0,250.8,2.9,196.0,101600.0
1990-10-29 11:00:00+00:00,8.31,54.65,0.0,0.0,0.0,252.15,3.31,180.0,101600.0
1990-10-29 12:00:00+00:00,8.15,58.9,0.0,0.0,0.0,253.7,3.86,171.0,101590.0
1990-10-29 13:00:00+00:00,8.16,63.6,0.0,0.0,0.0,255.85,4.41,165.0,101610.0
1990-10-29 14:00:00+00:00,8.36,63.7,0.0,0.0,0.0,257.0,4.9,167.0,101580.0
1990-10-29 15:00:00+00:00,8.67,63.7,0.0,0.0,0.0,258.75,5.24,171.0,101530.0
1990-10-29 16:00:00+00:00,9.05,63.8,0.0,0.0,0.0,260.5,5.59,176.0,101510.0
1990-10-29 17:00:00+00:00,9.41,66.35,0.0,0.0,0.0,262.2,5.79,180.0,101460.0
1990-10-29 18:00:00+00:00,9.75,66.35,0.0,0.0,0.0,264.55,5.93,182.0,101460.0
1990-10-29 19:00:00+00:00,10.17,71.6,0.0,0.0,0.0,266.65,6.28,188.0,101390.0
1990-10-29 20:00:00+00:00,10.58,71.7,0.0,0.0,0.0,269.2,6.76,189.0,101350.0
1990-10-29 21:00:00+00:00,10.96,74.45,0.0,0.0,0.0,271.3,7.17,190.0,101340.0
1990-10-29 22:00:00+00:00,11.33,74.55,0.0,0.0,0.0,274.4,7.45,192.0,101340.0
1990-10-29 23:00:00+00:00,11.88,74.6,140.7,706.59,58.2,275.95,7.59,196.0,101330.0
1990-10-30 00:00:00+00:00,13.26,72.1,297.9,753.83,85.9,279.45,7.52,202.0,101380.0
1990-10-30 01:00:00+00:00,14.8,67.35,432.8,788.18,101.8,283.25,7.24,208.0,101400.0
1990-10-30 02:00:00+00:00,16.0,62.85,522.85,793.63,110.55,286.8,8.0,217.0,101380.0
1990-10-30 03:00:00+00:00,16.67,60.75,556.9,773.4,113.65,289.7,8.41,224.0,101360.0
1990-10-30 04:00:00+00:00,16.85,58.7,531.65,728.17,111.4,291.65,8.28,226.0,101280.0
1990-10-30 05:00:00+00:00,16.78,62.95,450.25,652.59,103.55,292.8,7.93,226.0,101230.0
1990-10-30 06:00:00+00:00,16.52,62.95,321.95,531.17,88.95,292.05,7.52,223.0,101190.0
1990-10-30 07:00:00+00:00,16.15,67.55,164.95,330.66,63.9,290.5,6.55,219.0,101180.0
1990-10-30 08:00:00+00:00,15.35,69.9,29.35,81.46,17.85,288.75,6.14,215.0,101190.0
1990-10-30 09:00:00+00:00,14.26,74.95,0.0,0.0,0.0,286.2,6.0,211.0,101180.0
1990-10-30 10:00:00+00:00,13.7,77.6,0.0,0.0,0.0,283.7,6.07,209.0,101230.0
1990-10-30 11:00:00+00:00,13.37,77.6,0.0,0.0,0.0,281.95,6.21,208.0,101210.0
1990-10-30 12:00:00+00:00,13.17,80.35,0.0,0.0,0.0,281.0,6.34,208.0,101210.0
1990-10-30 13:00:00+00:00,13.09,80.35,0.0,0.0,0.0,280.6,6.48,209.0,101210.0
1990-10-30 14:00:00+00:00,13.14,80.35,0.0,0.0,0.0,279.25,6.55,212.0,101230.0
1990-10-30 15:00:00+00:00,13.18,80.35,0.0,0.0,0.0,278.85,6.41,214.0,101210.0
1990-10-30 16:00:00+00:00,13.13,80.35,0.0,0.0,0.0,278.1,6.21,216.0,101180.0
1990-10-30 17:00:00+00:00,13.0,77.5,0.0,0.0,0.0,277.7,5.86,217.0,101170.0
1990-10-30 18:00:00+00:00,12.82,77.5,0.0,0.0,0.0,277.7,5.59,217.0,101180.0
1990-10-30 19:00:00+00:00,13.06,77.5,0.0,0.0,0.0,278.85,5.38,220.0,101220.0
1990-10-30 20:00:00+00:00,12.79,77.45,0.0,0.0,0.0,278.85,4.69,227.0,101230.0
1990-10-30 21:00:00+00:00,12.35,77.45,0.0,0.0,0.0,278.5,3.93,233.0,101280.0
1990-10-30 22:00:00+00:00,11.76,83.1,0.0,0.0,0.0,277.7,3.17,239.0,101340.0
1990-10-30 23:00:00+00:00,11.0,83.05,138.65,718.96,57.55,275.75,2.34,254.0,101390.0
1990-10-31 00:00:00+00:00,12.23,77.35,297.65,765.98,85.45,276.15,1.59,306.0,101500.0
1990-10-31 01:00:00+00:00,14.35,56.15,433.7,800.02,101.25,277.6,2.69,356.0,101610.0
1990-10-31 02:00:00+00:00,15.59,46.75,524.0,803.95,110.0,280.05,3.66,18.0,101640.0
1990-10-31 03:00:00+00:00,16.64,42.05,558.3,783.4,112.95,281.75,4.07,27.0,101650.0
1990-10-31 04:00:00+00:00,17.49,37.8,532.35,736.97,110.45,283.7,4.14,29.0,101620.0
1990-10-31 05:00:00+00:00,18.05,35.2,449.6,658.96,102.55,284.85,4.0,29.0,101620.0
1990-10-31 06:00:00+00:00,18.25,33.9,318.85,531.93,87.9,285.85,3.45,29.0,101630.0
1990-10-31 07:00:00+00:00,18.19,35.2,161.85,329.57,62.55,287.0,2.62,23.0,101650.0
1990-10-31 08:00:00+00:00,17.41,39.25,27.55,78.04,16.85,286.05,1.93,20.0,101700.0
1990-10-31 09:00:00+00:00,15.64,45.05,0.0,0.0,0.0,283.5,1.86,14.0,101760.0
1990-10-31 10:00:00+00:00,13.19,57.9,0.0,0.0,0.0,282.55,1.72,12.0,101860.0
1990-10-31 11:00:00+00:00,11.29,59.7,0.0,0.0,0.0,281.4,2.07,17.0,101910.0
1990-10-31 12:00:00+00:00,10.51,61.75,0.0,0.0,0.0,278.3,3.03,24.0,101980.0
1990-10-31 13:00:00+00:00,10.44,61.75,0.0,0.0,0.0,273.25,4.0,31.0,102070.0
1990-10-31 14:00:00+00:00,10.11,55.05,0.0,0.0,0.0,267.45,4.28,37.0,102140.0
1990-10-31 15:00:00+00:00,9.58,48.95,0.0,0.0,0.0,260.1,4.21,39.0,102230.0
1990-10-31 16:00:00+00:00,5.97,51.47,0.0,0.0,0.0,241.83,4.4,35.0,102290.0
1990-10-31 17:00:00+00:00,6.29,49.85,0.0,0.0,0.0,241.83,4.37,30.0,102380.0
1990-10-31 18:00:00+00:00,6.61,48.23,0.0,0.0,0.0,241.82,4.33,26.0,102480.0
1990-10-31 19:00:00+00:00,6.94,46.6,0.0,0.0,0.0,241.82,4.3,25.0,102470.0
1990-10-31 20:00:00+00:00,7.26,44.98,0.0,0.0,0.0,241.82,4.26,27.0,102510.0
1990-10-31 21:00:00+00:00,7.58,43.36,0.0,0.0,0.0,241.82,4.23,29.0,102510.0
1990-10-31 22:00:00+00:00,7.9,41.74,0.0,0.0,0.0,241.82,4.19,30.0,102540.0
1990-10-31 23:00:00+00:00,8.22,40.12,142.2,772.66,58.1,241.81,4.16,28.0,102570.0
1990-11-01 00:00:00+00:00,8.54,38.5,305.9,803.59,86.65,241.81,4.13,26.0,102650.0
1990-11-01 01:00:00+00:00,8.86,36.87,445.45,833.5,102.75,241.81,4.09,27.0,102680.0
1990-11-01 02:00:00+00:00,9.18,35.25,537.95,835.28,111.6,241.81,4.06,27.0,102650.0
1990-11-01 03:00:00+00:00,9.5,33.63,572.4,811.79,114.65,241.8,4.02,25.0,102610.0
1990-11-01 04:00:00+00:00,9.82,32.01,545.2,762.51,112.2,241.8,3.99,20.0,102550.0
1990-11-01 05:00:00+00:00,10.14,30.39,459.25,680.4,104.0,241.8,3.95,17.0,102480.0
1990-11-01 06:00:00+00:00,10.46,28.76,326.2,552.52,88.75,241.8,3.92,17.0,102410.0
1990-11-01 07:00:00+00:00,10.78,27.14,162.45,326.85,65.35,241.8,3.88,20.0,102400.0
1990-11-01 08:00:00+00:00,11.72,31.0,25.35,52.21,18.4,251.2,2.62,23.0,102360.0
1990-11-01 09:00:00+00:00,10.62,37.45,0.0,0.0,0.0,253.15,2.55,25.0,102390.0
1990-11-01 10:00:00+00:00,9.47,43.55,0.0,0.0,0.0,257.95,2.69,34.0,102380.0
1990-11-01 11:00:00+00:00,8.61,48.65,0.0,0.0,0.0,262.4,3.03,46.0,102340.0
1990-11-01 12:00:00+00:00,7.92,50.45,0.0,0.0,0.0,257.95,3.1,55.0,102290.0
1990-11-01 13:00:00+00:00,7.31,54.4,0.0,0.0,0.0,258.75,2.69,61.0,102270.0
1990-11-01 14:00:00+00:00,6.33,63.25,0.0,0.0,0.0,257.4,2.0,67.0,102250.0
1990-11-01 15:00:00+00:00,5.9,68.2,0.0,0.0,0.0,262.05,1.59,73.0,102230.0
1990-11-01 16:00:00+00:00,5.95,68.2,0.0,0.0,0.0,264.35,1.45,82.0,102190.0
1990-11-01 17:00:00+00:00,6.24,68.3,0.0,0.0,0.0,267.85,1.31,98.0,102160.0
1990-11-01 18:00:00+00:00,6.63,68.3,0.0,0.0,0.0,278.1,1.17,104.0,102120.0
1990-11-01 19:00:00+00:00,7.01,71.05,0.0,0.0,0.0,281.2,1.24,101.0,102010.0
1990-11-01 20:00:00+00:00,7.04,71.05,0.0,0.0,0.0,288.95,1.17,102.0,101950.0
1990-11-01 21:00:00+00:00,7.88,68.6,0.0,0.0,0.0,298.4,0.9,120.0,101940.0
1990-11-01 22:00:00+00:00,8.21,68.6,0.0,0.0,0.0,292.4,0.76,156.0,101940.0
1990-11-01 23:00:00+00:00,8.33,66.15,94.4,149.68,78.7,302.3,0.9,190.0,101950.0
1990-11-02 00:00:00+00:00,8.69,76.85,207.2,212.36,150.15,305.2,1.03,190.0,101980.0
1990-11-02 01:00:00+00:00,11.59,53.35,254.45,132.87,200.4,303.35,1.45,188.0,101990.0
1990-11-02 02:00:00+00:00,12.83,48.0,282.7,80.65,241.9,319.7,1.86,202.0,101930.0
1990-11-02 03:00:00+00:00,13.57,48.15,264.7,40.59,242.0,324.35,2.14,218.0,101920.0
1990-11-02 04:00:00+00:00,13.84,48.25,221.95,19.17,211.15,329.2,2.41,226.0,101880.0
1990-11-02 05:00:00+00:00,13.86,52.0,210.15,24.25,197.6,328.8,2.34,225.0,101840.0
1990-11-02 06:00:00+00:00,13.94,56.0,149.1,24.21,138.8,333.45,2.21,217.0,101810.0
1990-11-02 07:00:00+00:00,13.83,46.5,81.5,14.17,77.35,331.7,0.41,125.0,101830.0
1990-11-02 08:00:00+00:00,13.4,50.0,12.25,2.71,11.9,332.5,0.48,70.0,101850.0
1990-11-02 09:00:00+00:00,12.5,53.6,0.0,0.0,0.0,330.15,1.72,26.0,101920.0
1990-11-02 10:00:00+00:00,11.67,57.55,0.0,0.0,0.0,332.3,2.76,23.0,101990.0
1990-11-02 11:00:00+00:00,11.32,51.35,0.0,0.0,0.0,328.6,3.79,26.0,102040.0
1990-11-02 12:00:00+00:00,10.93,47.45,0.0,0.0,0.0,327.05,4.55,28.0,102070.0
1990-11-02 13:00:00+00:00,10.57,47.35,0.0,0.0,0.0,326.1,5.1,28.0,102090.0
1990-11-02 14:00:00+00:00,10.19,49.05,0.0,0.0,0.0,323.95,5.86,25.0,102120.0
1990-11-02 15:00:00+00:00,9.57,47.05,0.0,0.0,0.0,318.75,6.83,22.0,102190.0
1990-11-02 16:00:00+00:00,8.72,46.8,0.0,0.0,0.0,318.55,7.66,21.0,102220.0
1990-11-02 17:00:00+00:00,7.87,43.1,0.0,0.0,0.0,318.75,8.28,20.0,102290.0
1990-11-02 18:00:00+00:00,7.01,41.15,0.0,0.0,0.0,312.75,8.55,19.0,102360.0
1990-11-02 19:00:00+00:00,5.9,37.7,0.0,0.0,0.0,308.1,8.9,16.0,102360.0
1990-11-02 20:00:00+00:00,4.89,37.4,0.0,0.0,0.0,295.7,9.03,16.0,102400.0
1990-11-02 21:00:00+00:00,4.05,35.75,0.0,0.0,0.0,293.6,9.1,17.0,102480.0
1990-11-02 22:00:00+00:00,3.3,37.15,0.0,0.0,0.0,287.4,9.1,19.0,102540.0
1990-11-02 23:00:00+00:00,2.68,40.05,92.1,191.7,72.75,279.45,9.17,20.0,102620.0
1990-11-03 00:00:00+00:00,2.53,40.05,252.6,552.24,106.55,268.8,9.38,21.0,102680.0
1990-11-03 01:00:00+00:00,3.03,38.55,415.5,766.25,107.15,251.5,9.24,22.0,102710.0
1990-11-03 02:00:00+00:00,4.09,37.25,510.7,790.75,114.2,237.85,8.97,20.0,102690.0
1990-11-03 03:00:00+00:00,5.3,34.6,549.7,785.94,113.7,237.45,8.9,19.0,102650.0
1990-11-03 04:00:00+00:00,6.33,32.15,526.75,743.51,111.3,235.5,8.76,19.0,102590.0
1990-11-03 05:00:00+00:00,7.07,30.95,445.4,666.52,103.35,235.3,8.69,20.0,102530.0
1990-11-03 06:00:00+00:00,7.43,29.85,315.85,540.21,88.35,234.35,8.55,21.0,102530.0
1990-11-03 07:00:00+00:00,7.03,29.7,156.65,328.01,61.9,231.85,8.76,21.0,102530.0
1990-11-03 08:00:00+00:00,6.44,30.85,23.4,68.18,14.85,230.5,8.0,21.0,102540.0
1990-11-03 09:00:00+00:00,5.45,33.2,0.0,0.0,0.0,228.55,7.59,21.0,102570.0
1990-11-03 10:00:00+00:00,4.67,34.45,0.0,0.0,0.0,226.4,7.45,21.0,102630.0
1990-11-03 11:00:00+00:00,4.03,35.75,0.0,0.0,0.0,224.85,7.24,21.0,102650.0
1990-11-03 12:00:00+00:00,3.49,38.7,0.0,0.0,0.0,223.15,6.97,21.0,102680.0
1990-11-03 13:00:00+00:00,2.98,40.15,0.0,0.0,0.0,221.75,6.69,20.0,102670.0
1990-11-03 14:00:00+00:00,2.5,41.7,0.0,0.0,0.0,220.6,6.41,19.0,102650.0
1990-11-03 15:00:00+00:00,2.05,43.3,0.0,0.0,0.0,220.05,6.21,18.0,102620.0
1990-11-03 16:00:00+00:00,1.63,45.0,0.0,0.0,0.0,219.05,6.0,18.0,102590.0
1990-11-03 17:00:00+00:00,1.23,46.9,0.0,0.0,0.0,218.5,5.72,19.0,102590.0
1990-11-03 18:00:00+00:00,0.85,48.7,0.0,0.0,0.0,217.9,5.38,20.0,102590.0
1990-11-03 19:00:00+00:00,0.68,48.7,0.0,0.0,0.0,218.5,5.24,18.0,102540.0
1990-11-03 20:00:00+00:00,0.35,50.65,0.0,0.0,0.0,217.9,5.17,19.0,102520.0
1990-11-03 21:00:00+00:00,0.03,52.6,0.0,0.0,0.0,217.7,5.03,21.0,102490.0
1990-11-03 22:00:00+00:00,-0.25,52.6,0.0,0.0,0.0,217.3,4.76,22.0,102500.0
1990-11-03 23:00:00+00:00,-0.38,56.95,131.15,774.82,56.0,217.3,4.48,22.0,102490.0
1990-11-04 00:00:00+00:00,0.45,52.75,292.45,794.09,85.75,217.9,4.41,22.0,102540.0
1990-11-04 01:00:00+00:00,1.89,47.05,431.3,826.37,102.35,220.15,4.07,20.0,102520.0
1990-11-04 02:00:00+00:00,3.59,43.75,523.6,829.64,111.3,223.3,3.66,14.0,102460.0
1990-11-04 03:00:00+00:00,5.31,40.75,558.1,806.28,114.45,226.6,3.24,9.0,102390.0
1990-11-04 04:00:00+00:00,6.79,36.5,531.1,756.29,111.9,230.3,2.9,3.0,102320.0
1990-11-04 05:00:00+00:00,7.92,33.9,445.85,672.75,103.55,233.6,2.55,359.0,102230.0
1990-11-04 06:00:00+00:00,8.62,32.7,311.85,536.68,88.1,236.65,2.14,357.0,102190.0
1990-11-04 07:00:00+00:00,8.87,30.3,152.15,319.62,61.1,239.4,1.86,358.0,102110.0
1990-11-04 08:00:00+00:00,8.55,32.7,21.7,62.06,14.15,240.35,1.17,351.0,102100.0
1990-11-04 09:00:00+00:00,7.49,44.75,0.0,0.0,0.0,240.55,0.76,334.0,102090.0
1990-11-04 10:00:00+00:00,7.51,35.15,0.0,0.0,0.0,241.15,0.62,284.0,102100.0
1990-11-04 11:00:00+00:00,6.51,39.4,0.0,0.0,0.0,242.1,1.1,250.0,102100.0
1990-11-04 12:00:00+00:00,4.81,47.7,0.0,0.0,0.0,243.05,1.59,230.0,102110.0
1990-11-04 13:00:00+00:00,3.54,57.95,0.0,0.0,0.0,245.0,1.93,207.0,102110.0
1990-11-04 14:00:00+00:00,2.5,67.6,0.0,0.0,0.0,246.55,2.34,195.0,102080.0
1990-11-04 15:00:00+00:00,2.43,73.1,0.0,0.0,0.0,248.1,2.48,191.0,102070.0
1990-11-04 16:00:00+00:00,2.56,76.0,0.0,0.0,0.0,250.8,2.69,185.0,102040.0
1990-11-04 17:00:00+00:00,2.64,79.0,0.0,0.0,0.0,253.9,2.41,181.0,102030.0
1990-11-04 18:00:00+00:00,6.49,65.75,0.0,0.0,0.0,257.0,0.34,162.0,102090.0
1990-11-04 19:00:00+00:00,2.95,79.1,0.0,0.0,0.0,258.95,2.21,13.0,102080.0
1990-11-04 20:00:00+00:00,3.29,76.15,0.0,0.0,0.0,259.3,3.93,12.0,102150.0
1990-11-04 21:00:00+00:00,3.86,67.9,0.0,0.0,0.0,257.6,5.24,15.0,102210.0
1990-11-04 22:00:00+00:00,4.28,60.5,0.0,0.0,0.0,253.1,5.93,20.0,102260.0
1990-11-04 23:00:00+00:00,4.5,58.2,120.65,714.66,54.15,249.65,6.0,21.0,102320.0
1990-11-05 00:00:00+00:00,5.4,53.9,276.75,750.56,84.5,246.95,5.79,19.0,102400.0
1990-11-05 01:00:00+00:00,6.47,41.0,414.75,795.97,101.35,244.15,6.83,18.0,102450.0
1990-11-05 02:00:00+00:00,7.26,32.4,508.9,808.79,110.55,240.55,7.45,18.0,102440.0
1990-11-05 03:00:00+00:00,7.96,30.0,546.65,793.37,113.65,237.85,7.1,18.0,102400.0
1990-11-05 04:00:00+00:00,8.52,27.75,523.7,750.02,111.3,236.3,6.69,18.0,102310.0
1990-11-05 05:00:00+00:00,8.93,26.75,441.95,671.47,103.2,234.75,6.14,18.0,102230.0
1990-11-05 06:00:00+00:00,9.09,26.75,310.15,538.19,88.0,234.15,5.66,19.0,102190.0
1990-11-05 07:00:00+00:00,8.93,26.75,149.6,315.0,61.1,234.15,5.38,20.0,102120.0
1990-11-05 08:00:00+00:00,8.24,30.0,20.5,58.04,13.65,233.75,4.55,22.0,102120.0
1990-11-05 09:00:00+00:00,6.85,33.6,0.0,0.0,0.0,233.0,4.14,28.0,102110.0
1990-11-05 10:00:00+00:00,5.83,39.25,0.0,0.0,0.0,233.2,3.72,37.0,102130.0
1990-11-05 11:00:00+00:00,5.08,42.3,0.0,0.0,0.0,234.75,3.45,45.0,102120.0
1990-11-05 12:00:00+00:00,4.48,44.05,0.0,0.0,0.0,235.9,2.97,49.0,102120.0
1990-11-05 13:00:00+00:00,3.77,47.6,0.0,0.0,0.0,231.65,2.55,46.0,102160.0
1990-11-05 14:00:00+00:00,2.58,55.45,0.0,0.0,0.0,227.75,2.21,42.0,102180.0
1990-11-05 15:00:00+00:00,1.46,62.25,0.0,0.0,0.0,226.8,2.0,42.0,102150.0
1990-11-05 16:00:00+00:00,1.11,64.65,0.0,0.0,0.0,225.85,1.86,46.0,102120.0
1990-11-05 17:00:00+00:00,0.64,67.2,0.0,0.0,0.0,227.2,1.93,48.0,102090.0
1990-11-05 18:00:00+00:00,0.14,69.85,0.0,0.0,0.0,227.4,2.0,52.0,102060.0
1990-11-05 19:00:00+00:00,-0.49,72.6,0.0,0.0,0.0,226.2,2.41,62.0,101950.0
1990-11-05 20:00:00+00:00,-0.62,72.6,0.0,0.0,0.0,229.7,2.34,67.0,101880.0
1990-11-05 21:00:00+00:00,-0.64,72.6,0.0,0.0,0.0,236.5,2.21,73.0,101850.0
1990-11-05 22:00:00+00:00,0.04,72.65,0.0,0.0,0.0,234.55,1.79,81.0,101800.0
1990-11-05 23:00:00+00:00,1.14,67.3,113.4,584.61,61.3,236.65,1.38,90.0,101780.0
1990-11-06 00:00:00+00:00,2.38,70.3,253.85,570.24,110.15,237.45,1.03,92.0,101790.0
1990-11-06 01:00:00+00:00,5.59,46.0,350.05,493.29,157.95,249.55,0.76,101.0,101800.0
1990-11-06 02:00:00+00:00,7.08,38.0,434.25,511.66,184.5,256.05,0.34,128.0,101740.0
1990-11-06 03:00:00+00:00,8.32,32.7,450.8,489.62,185.75,263.6,0.48,209.0,101680.0
1990-11-06 04:00:00+00:00,9.29,30.4,458.0,543.93,161.3,261.85,1.38,214.0,101590.0
1990-11-06 05:00:00+00:00,10.05,31.8,387.75,496.47,139.4,263.95,2.34,212.0,101490.0
1990-11-06 06:00:00+00:00,10.45,33.25,244.9,278.19,131.2,272.5,2.9,213.0,101450.0
1990-11-06 07:00:00+00:00,10.52,40.55,121.6,190.53,68.8,272.1,2.9,230.0,101430.0
1990-11-06 08:00:00+00:00,10.06,49.05,16.35,33.64,12.5,279.65,1.86,236.0,101460.0
1990-11-06 09:00:00+00:00,8.98,68.8,0.0,0.0,0.0,272.65,0.62,231.0,101500.0
1990-11-06 10:00:00+00:00,8.15,63.6,0.0,0.0,0.0,269.2,1.03,58.0,101560.0
1990-11-06 11:00:00+00:00,5.72,76.4,0.0,0.0,0.0,265.1,2.55,40.0,101630.0
1990-11-06 12:00:00+00:00,5.48,76.4,0.0,0.0,0.0,262.4,3.31,24.0,101730.0
1990-11-06 13:00:00+00:00,5.61,68.1,0.0,0.0,0.0,258.35,4.55,11.0,101850.0
1990-11-06 14:00:00+00:00,5.33,56.05,0.0,0.0,0.0,250.4,6.34,9.0,101940.0
1990-11-06 15:00:00+00:00,4.65,44.05,0.0,0.0,0.0,241.5,7.31,13.0,102040.0
1990-11-06 16:00:00+00:00,3.8,40.45,0.0,0.0,0.0,233.0,7.31,13.0,102130.0
1990-11-06 17:00:00+00:00,2.99,41.85,0.0,0.0,0.0,226.8,7.31,11.0,102230.0
1990-11-06 18:00:00+00:00,2.25,41.7,0.0,0.0,0.0,221.75,7.45,10.0,102290.0
1990-11-06 19:00:00+00:00,1.5,43.2,0.0,0.0,0.0,219.45,7.45,13.0,102310.0
1990-11-06 20:00:00+00:00,1.0,44.85,0.0,0.0,0.0,218.1,7.1,14.0,102340.0
1990-11-06 21:00:00+00:00,0.58,46.6,0.0,0.0,0.0,217.15,6.76,14.0,102400.0
1990-11-06 22:00:00+00:00,0.23,46.6,0.0,0.0,0.0,217.15,6.41,14.0,102460.0
1990-11-06 23:00:00+00:00,0.02,50.5,118.4,761.75,53.5,216.75,6.0,14.0,102490.0
1990-11-07 00:00:00+00:00,0.6,46.6,275.3,769.55,84.55,217.15,5.86,15.0,102570.0
1990-11-07 01:00:00+00:00,1.64,43.2,411.85,805.03,101.8,218.4,6.07,14.0,102620.0
1990-11-07 02:00:00+00:00,2.76,38.55,504.15,812.21,111.25,220.05,5.72,14.0,102620.0
1990-11-07 03:00:00+00:00,3.74,35.75,541.15,794.67,114.45,221.0,5.17,11.0,102580.0
1990-11-07 04:00:00+00:00,4.53,33.05,517.1,748.59,112.0,221.2,4.83,7.0,102530.0
1990-11-07 05:00:00+00:00,5.13,31.7,433.45,665.26,103.45,221.6,4.55,4.0,102460.0
1990-11-07 06:00:00+00:00,5.49,29.3,301.65,528.52,87.75,221.95,4.21,2.0,102430.0
1990-11-07 07:00:00+00:00,5.17,30.4,143.5,306.53,59.7,221.6,3.45,356.0,102370.0
1990-11-07 08:00:00+00:00,4.87,30.4,17.95,51.36,12.25,221.4,2.69,351.0,102380.0
1990-11-07 09:00:00+00:00,4.15,34.3,0.0,0.0,0.0,220.4,1.86,342.0,102380.0
1990-11-07 10:00:00+00:00,3.01,45.4,0.0,0.0,0.0,220.8,1.17,326.0,102420.0
1990-11-07 11:00:00+00:00,3.91,35.75,0.0,0.0,0.0,221.2,0.28,265.0,102420.0
1990-11-07 12:00:00+00:00,3.06,43.6,0.0,0.0,0.0,222.35,1.24,174.0,102380.0
1990-11-07 13:00:00+00:00,-0.11,61.9,0.0,0.0,0.0,223.5,2.14,174.0,102380.0
1990-11-07 14:00:00+00:00,-0.09,61.9,0.0,0.0,0.0,225.25,2.83,183.0,102320.0
1990-11-07 15:00:00+00:00,0.58,59.6,0.0,0.0,0.0,226.6,3.38,196.0,102280.0
1990-11-07 16:00:00+00:00,1.66,59.8,0.0,0.0,0.0,229.5,3.93,202.0,102230.0
1990-11-07 17:00:00+00:00,2.86,57.8,0.0,0.0,0.0,233.0,4.28,205.0,102190.0
1990-11-07 18:00:00+00:00,3.89,58.05,0.0,0.0,0.0,236.85,4.41,210.0,102160.0
1990-11-07 19:00:00+00:00,4.34,65.4,0.0,0.0,0.0,239.6,4.07,212.0,102110.0
1990-11-07 20:00:00+00:00,4.46,70.7,0.0,0.0,0.0,240.75,3.79,218.0,102070.0
1990-11-07 21:00:00+00:00,4.35,76.3,0.0,0.0,0.0,241.3,3.45,222.0,102030.0
1990-11-07 22:00:00+00:00,4.03,82.3,0.0,0.0,0.0,242.1,3.1,224.0,102040.0
1990-11-07 23:00:00+00:00,3.34,85.45,112.4,745.49,51.8,241.9,2.48,226.0,102080.0
1990-11-08 00:00:00+00:00,4.69,85.55,265.35,748.06,83.0,243.65,1.66,228.0,102110.0
1990-11-08 01:00:00+00:00,8.35,66.15,399.4,785.81,100.1,246.25,1.66,231.0,102160.0
1990-11-08 02:00:00+00:00,9.76,59.25,489.05,791.61,109.55,249.85,2.07,242.0,102140.0
1990-11-08 03:00:00+00:00,10.74,51.1,524.35,774.49,111.85,252.95,2.34,245.0,102110.0
1990-11-08 04:00:00+00:00,11.38,47.6,498.3,724.28,109.45,254.65,2.48,249.0,102050.0
1990-11-08 05:00:00+00:00,11.67,45.8,415.65,638.31,101.65,256.2,2.41,253.0,102000.0
1990-11-08 06:00:00+00:00,11.68,47.6,285.9,498.51,86.1,257.0,2.21,253.0,101980.0
1990-11-08 07:00:00+00:00,11.27,47.45,133.3,279.18,58.0,257.6,1.93,267.0,101980.0
1990-11-08 08:00:00+00:00,10.58,53.1,15.85,43.21,11.2,256.6,1.79,256.0,102020.0
1990-11-08 09:00:00+00:00,9.2,61.45,0.0,0.0,0.0,254.85,1.79,251.0,102020.0
1990-11-08 10:00:00+00:00,7.34,73.9,0.0,0.0,0.0,254.65,1.38,255.0,102070.0
1990-11-08 11:00:00+00:00,8.29,66.15,0.0,0.0,0.0,253.5,0.76,260.0,102070.0
1990-11-08 12:00:00+00:00,7.82,68.6,0.0,0.0,0.0,253.1,0.14,200.0,102080.0
1990-11-08 13:00:00+00:00,7.31,71.15,0.0,0.0,0.0,252.55,0.69,120.0,102110.0
1990-11-08 14:00:00+00:00,6.75,73.8,0.0,0.0,0.0,252.55,1.03,107.0,102130.0
1990-11-08 15:00:00+00:00,6.09,76.5,0.0,0.0,0.0,252.55,1.1,92.0,102150.0
1990-11-08 16:00:00+00:00,5.32,79.35,0.0,0.0,0.0,251.0,1.17,77.0,102180.0
1990-11-08 17:00:00+00:00,4.44,76.3,0.0,0.0,0.0,250.2,1.31,67.0,102190.0
1990-11-08 18:00:00+00:00,3.34,79.15,0.0,0.0,0.0,249.85,1.52,62.0,102210.0
1990-11-08 19:00:00+00:00,2.11,85.3,0.0,0.0,0.0,251.2,1.93,86.0,102150.0
1990-11-08 20:00:00+00:00,1.32,85.25,0.0,0.0,0.0,250.6,2.14,93.0,102140.0
1990-11-08 21:00:00+00:00,0.88,88.55,0.0,0.0,0.0,250.05,2.14,98.0,102110.0
1990-11-08 22:00:00+00:00,0.68,88.55,0.0,0.0,0.0,249.05,2.07,104.0,102140.0
1990-11-08 23:00:00+00:00,0.83,88.55,108.0,742.95,50.5,248.5,1.93,109.0,102110.0
1990-11-09 00:00:00+00:00,3.7,85.45,259.6,741.41,81.9,249.05,1.31,124.0,102130.0
1990-11-09 01:00:00+00:00,8.01,63.6,393.4,781.36,99.1,251.3,1.1,167.0,102140.0
1990-11-09 02:00:00+00:00,10.26,55.05,483.75,789.83,108.5,254.85,1.79,215.0,102090.0
1990-11-09 03:00:00+00:00,11.64,47.6,518.95,770.66,111.8,257.4,2.69,220.0,102050.0
1990-11-09 04:00:00+00:00,12.36,46.1,495.1,724.18,109.35,259.7,3.24,210.0,101930.0
1990-11-09 05:00:00+00:00,12.78,46.1,414.0,641.47,101.05,260.85,3.72,206.0,101820.0
1990-11-09 06:00:00+00:00,12.92,42.8,284.9,503.07,85.2,261.05,3.86,208.0,101760.0
1990-11-09 07:00:00+00:00,12.92,46.2,130.7,270.34,58.75,262.4,3.79,209.0,101680.0
1990-11-09 08:00:00+00:00,11.94,53.5,14.65,30.19,11.5,263.4,3.86,205.0,101640.0
1990-11-09 09:00:00+00:00,10.58,61.75,0.0,0.0,0.0,264.55,4.34,196.0,101590.0
1990-11-09 10:00:00+00:00,10.02,64.0,0.0,0.0,0.0,275.4,4.83,187.0,101580.0
1990-11-09 11:00:00+00:00,9.72,66.35,0.0,0.0,0.0,285.85,5.38,183.0,101560.0
1990-11-09 12:00:00+00:00,9.58,66.35,0.0,0.0,0.0,295.9,6.07,181.0,101540.0
1990-11-09 13:00:00+00:00,9.44,68.9,0.0,0.0,0.0,294.95,6.41,178.0,101480.0
1990-11-09 14:00:00+00:00,9.51,71.5,0.0,0.0,0.0,311.95,6.55,175.0,101370.0
1990-11-09 15:00:00+00:00,9.44,77.0,0.0,0.0,0.0,306.15,6.41,175.0,101270.0
1990-11-09 16:00:00+00:00,9.48,79.9,0.0,0.0,0.0,307.9,6.34,176.0,101200.0
1990-11-09 17:00:00+00:00,9.47,79.9,0.0,0.0,0.0,298.6,6.55,174.0,101120.0
1990-11-09 18:00:00+00:00,9.63,82.9,0.0,0.0,0.0,303.85,6.69,168.0,101020.0
1990-11-09 19:00:00+00:00,9.75,82.9,0.0,0.0,0.0,311.75,6.41,163.0,100930.0
1990-11-09 20:00:00+00:00,9.97,79.95,0.0,0.0,0.0,317.55,6.48,157.0,100810.0
1990-11-09 21:00:00+00:00,10.21,79.95,0.0,0.0,0.0,322.8,6.48,154.0,100700.0
1990-11-09 22:00:00+00:00,10.38,80.05,0.0,0.0,0.0,324.15,6.41,156.0,100670.0
1990-11-09 23:00:00+00:00,10.35,83.0,37.0,40.81,34.0,308.65,6.34,154.0,100590.0
1990-11-10 00:00:00+00:00,10.57,86.05,66.55,4.24,65.55,331.7,6.28,150.0,100570.0
1990-11-10 01:00:00+00:00,10.82,86.1,104.6,6.04,102.35,339.35,5.79,144.0,100500.0
1990-11-10 02:00:00+00:00,11.15,89.3,122.8,4.25,120.8,341.4,5.59,141.0,100430.0
1990-11-10 03:00:00+00:00,11.55,89.3,130.5,2.67,129.1,349.9,5.38,140.0,100340.0
1990-11-10 04:00:00+00:00,11.82,86.2,107.6,2.18,106.45,346.8,4.48,139.0,100250.0
1990-11-10 05:00:00+00:00,11.83,86.2,71.75,3.2,70.2,346.2,3.93,129.0,100130.0
1990-11-10 06:00:00+00:00,11.67,89.3,163.5,54.93,141.9,344.85,4.14,115.0,100070.0
1990-11-10 07:00:00+00:00,11.36,83.1,84.0,63.2,67.4,315.05,3.17,110.0,100090.0
1990-11-10 08:00:00+00:00,11.1,83.05,9.95,7.91,9.15,302.85,2.55,88.0,100120.0
1990-11-10 09:00:00+00:00,10.3,86.05,0.0,0.0,0.0,323.4,2.55,76.0,100150.0
1990-11-10 10:00:00+00:00,10.09,89.2,0.0,0.0,0.0,345.65,2.48,71.0,100200.0
1990-11-10 11:00:00+00:00,9.75,92.45,0.0,0.0,0.0,337.3,2.55,72.0,100200.0
1990-11-10 12:00:00+00:00,9.28,89.15,0.0,0.0,0.0,319.3,2.21,70.0,100280.0
1990-11-10 13:00:00+00:00,8.88,92.45,0.0,0.0,0.0,326.3,1.45,48.0,100340.0
1990-11-10 14:00:00+00:00,8.48,95.85,0.0,0.0,0.0,334.2,1.03,22.0,100390.0
1990-11-10 15:00:00+00:00,8.59,95.85,0.0,0.0,0.0,329.4,0.76,350.0,100390.0
1990-11-10 16:00:00+00:00,7.66,99.4,0.0,0.0,0.0,328.0,1.52,287.0,100450.0
1990-11-10 17:00:00+00:00,7.55,99.4,0.0,0.0,0.0,307.7,3.52,291.0,100510.0
1990-11-10 18:00:00+00:00,7.21,92.35,0.0,0.0,0.0,278.85,4.83,313.0,100590.0
1990-11-10 19:00:00+00:00,6.88,79.55,0.0,0.0,0.0,256.6,4.97,329.0,100690.0
1990-11-10 20:00:00+00:00,6.28,76.55,0.0,0.0,0.0,253.9,4.62,336.0,100740.0
1990-11-10 21:00:00+00:00,5.84,76.5,0.0,0.0,0.0,252.55,4.21,335.0,100810.0
1990-11-10 22:00:00+00:00,5.49,76.4,0.0,0.0,0.0,249.85,4.0,332.0,100890.0
1990-11-10 23:00:00+00:00,5.29,76.4,101.6,752.29,49.2,247.5,3.86,332.0,100980.0
1990-11-11 00:00:00+00:00,6.15,76.5,251.45,732.16,81.9,245.6,3.38,332.0,101100.0
1990-11-11 01:00:00+00:00,7.88,63.6,384.75,774.13,99.65,246.85,3.38,333.0,101190.0
1990-11-11 02:00:00+00:00,9.49,54.9,474.65,783.08,109.25,249.25,3.45,334.0,101220.0
1990-11-11 03:00:00+00:00,10.83,47.45,509.1,763.16,112.35,251.95,3.31,334.0,101260.0
1990-11-11 04:00:00+00:00,11.68,44.1,484.05,713.91,109.65,254.3,2.97,330.0,101260.0
1990-11-11 05:00:00+00:00,12.12,44.2,402.1,627.33,101.0,256.05,2.41,311.0,101230.0
1990-11-11 06:00:00+00:00,12.27,45.95,274.05,485.71,84.85,257.4,2.21,289.0,101280.0
1990-11-11 07:00:00+00:00,11.96,44.2,123.85,263.24,55.6,257.95,1.52,284.0,101320.0
1990-11-11 08:00:00+00:00,11.21,53.25,12.8,33.14,9.55,258.55,2.0,239.0,101370.0
1990-11-11 09:00:00+00:00,9.75,63.9,0.0,0.0,0.0,257.4,2.9,224.0,101450.0
1990-11-11 10:00:00+00:00,8.42,71.35,0.0,0.0,0.0,257.75,3.03,212.0,101520.0
1990-11-11 11:00:00+00:00,7.62,76.7,0.0,0.0,0.0,257.75,3.17,199.0,101560.0
1990-11-11 12:00:00+00:00,7.15,82.6,0.0,0.0,0.0,257.4,2.97,191.0,101610.0
1990-11-11 13:00:00+00:00,6.59,82.55,0.0,0.0,0.0,256.8,2.55,191.0,101650.0
1990-11-11 14:00:00+00:00,5.57,88.85,0.0,0.0,0.0,256.4,2.0,187.0,101690.0
1990-11-11 15:00:00+00:00,5.34,88.85,0.0,0.0,0.0,256.2,1.66,181.0,101710.0
1990-11-11 16:00:00+00:00,5.33,85.6,0.0,0.0,0.0,256.2,1.52,146.0,101710.0
1990-11-11 17:00:00+00:00,3.91,88.8,0.0,0.0,0.0,255.65,1.93,140.0,101730.0
1990-11-11 18:00:00+00:00,3.09,92.15,0.0,0.0,0.0,255.25,2.28,129.0,101730.0
1990-11-11 19:00:00+00:00,2.88,88.7,0.0,0.0,0.0,253.3,2.48,120.0,101730.0
1990-11-11 20:00:00+00:00,3.29,85.45,0.0,0.0,0.0,254.1,2.83,139.0,101710.0
1990-11-11 21:00:00+00:00,4.25,79.3,0.0,0.0,0.0,263.4,3.31,147.0,101680.0
1990-11-11 22:00:00+00:00,5.25,70.8,0.0,0.0,0.0,269.95,4.0,156.0,101640.0
1990-11-11 23:00:00+00:00,6.59,63.25,56.35,25.83,54.65,292.2,4.62,164.0,101650.0
1990-11-12 00:00:00+00:00,7.95,56.7,134.0,82.39,115.25,295.3,4.97,168.0,101680.0
1990-11-12 01:00:00+00:00,9.34,52.85,203.9,95.29,169.2,296.0,5.38,170.0,101670.0
1990-11-12 02:00:00+00:00,10.55,53.1,258.35,129.96,198.25,296.1,6.14,175.0,101650.0
1990-11-12 03:00:00+00:00,11.47,53.35,346.35,300.15,191.55,297.85,6.55,179.0,101610.0
1990-11-12 04:00:00+00:00,12.45,53.6,456.1,636.52,124.85,286.2,6.48,182.0,101550.0
1990-11-12 05:00:00+00:00,13.39,51.9,387.7,607.91,98.25,276.75,6.62,185.0,101440.0
1990-11-12 06:00:00+00:00,13.88,50.1,260.7,458.23,83.85,275.4,6.55,186.0,101370.0
1990-11-12 07:00:00+00:00,13.74,53.85,116.1,242.42,54.05,279.85,6.21,183.0,101340.0
1990-11-12 08:00:00+00:00,12.99,55.75,11.4,24.72,9.05,280.2,6.55,182.0,101330.0
1990-11-12 09:00:00+00:00,12.03,62.1,0.0,0.0,0.0,280.8,6.69,180.0,101340.0
1990-11-12 10:00:00+00:00,11.47,66.75,0.0,0.0,0.0,285.45,6.76,179.0,101360.0
1990-11-12 11:00:00+00:00,11.17,71.75,0.0,0.0,0.0,290.1,6.55,182.0,101380.0
1990-11-12 12:00:00+00:00,11.1,74.45,0.0,0.0,0.0,298.4,6.14,185.0,101420.0
1990-11-12 13:00:00+00:00,11.05,77.2,0.0,0.0,0.0,304.2,5.72,184.0,101400.0
1990-11-12 14:00:00+00:00,11.02,80.1,0.0,0.0,0.0,310.05,5.24,183.0,101350.0
1990-11-12 15:00:00+00:00,11.01,83.05,0.0,0.0,0.0,313.1,5.03,188.0,101320.0
1990-11-12 16:00:00+00:00,11.05,83.05,0.0,0.0,0.0,318.75,4.83,193.0,101290.0
1990-11-12 17:00:00+00:00,11.08,86.1,0.0,0.0,0.0,322.05,4.62,198.0,101270.0
1990-11-12 18:00:00+00:00,10.98,86.1,0.0,0.0,0.0,324.95,4.07,206.0,101230.0
1990-11-12 19:00:00+00:00,10.23,92.5,0.0,0.0,0.0,322.8,2.34,277.0,101350.0
1990-11-12 20:00:00+00:00,9.42,89.15,0.0,0.0,0.0,331.5,4.9,345.0,101350.0
1990-11-12 21:00:00+00:00,7.22,79.55,0.0,0.0,0.0,333.25,8.14,5.0,101450.0
1990-11-12 22:00:00+00:00,4.85,60.5,0.0,0.0,0.0,324.95,7.79,13.0,101510.0
1990-11-12 23:00:00+00:00,3.72,53.65,29.35,16.13,28.35,316.8,7.45,19.0,101620.0
1990-11-13 00:00:00+00:00,2.79,57.8,42.2,2.01,41.75,308.1,8.14,17.0,101760.0
1990-11-13 01:00:00+00:00,2.16,62.35,95.55,31.66,84.15,307.25,8.21,18.0,101870.0
1990-11-13 02:00:00+00:00,2.4,55.45,277.05,220.92,175.8,296.85,7.72,21.0,101900.0
1990-11-13 03:00:00+00:00,3.18,47.3,418.45,437.3,194.7,275.75,7.45,16.0,101890.0
1990-11-13 04:00:00+00:00,3.7,42.0,446.2,592.11,140.4,262.2,7.66,5.0,101830.0
1990-11-13 05:00:00+00:00,3.74,34.3,377.0,568.18,108.6,249.85,8.07,359.0,101800.0
1990-11-13 06:00:00+00:00,3.53,30.1,251.3,382.15,105.15,240.95,8.0,358.0,101820.0
1990-11-13 07:00:00+00:00,2.38,26.25,121.0,252.42,57.2,229.9,8.41,359.0,102000.0
1990-11-13 08:00:00+00:00,1.49,24.85,11.4,26.58,8.95,210.35,8.34,357.0,102080.0
1990-11-13 09:00:00+00:00,0.53,26.85,0.0,0.0,0.0,209.0,8.0,357.0,102170.0
1990-11-13 10:00:00+00:00,-0.02,27.9,0.0,0.0,0.0,204.35,6.62,358.0,102280.0
1990-11-13 11:00:00+00:00,-0.49,27.75,0.0,0.0,0.0,197.4,5.66,2.0,102330.0
1990-11-13 12:00:00+00:00,-0.93,30.15,0.0,0.0,0.0,195.65,4.9,3.0,102400.0
1990-11-13 13:00:00+00:00,-1.33,31.45,0.0,0.0,0.0,194.5,4.62,2.0,102430.0
1990-11-13 14:00:00+00:00,-1.69,34.15,0.0,0.0,0.0,194.1,4.21,4.0,102460.0
1990-11-13 15:00:00+00:00,-2.05,35.55,0.0,0.0,0.0,192.95,3.86,10.0,102450.0
1990-11-13 16:00:00+00:00,-2.41,36.95,0.0,0.0,0.0,191.6,3.59,20.0,102420.0
1990-11-13 17:00:00+00:00,-2.8,36.95,0.0,0.0,0.0,189.65,3.24,35.0,102420.0
1990-11-13 18:00:00+00:00,-3.2,36.8,0.0,0.0,0.0,187.9,2.83,51.0,102400.0
1990-11-13 19:00:00+00:00,-4.01,41.6,0.0,0.0,0.0,187.5,2.0,69.0,102450.0
1990-11-13 20:00:00+00:00,-4.92,49.1,0.0,0.0,0.0,187.5,1.79,105.0,102360.0
1990-11-13 21:00:00+00:00,-5.08,47.05,0.0,0.0,0.0,187.9,2.21,128.0,102330.0
1990-11-13 22:00:00+00:00,-4.75,49.25,0.0,0.0,0.0,190.05,2.76,141.0,102290.0
1990-11-13 23:00:00+00:00,-4.06,51.55,96.25,840.25,47.35,192.95,3.38,151.0,102290.0
1990-11-14 00:00:00+00:00,-2.29,42.2,244.55,735.31,83.05,197.6,4.21,162.0,102280.0
1990-11-14 01:00:00+00:00,-0.34,39.15,361.1,695.79,113.4,204.65,5.38,173.0,102240.0
1990-11-14 02:00:00+00:00,1.3,39.75,431.25,639.65,140.7,217.15,6.28,184.0,102140.0
1990-11-14 03:00:00+00:00,2.7,45.3,463.65,635.59,141.0,231.65,6.9,194.0,102010.0
1990-11-14 04:00:00+00:00,3.79,43.9,404.0,525.87,134.45,238.05,7.66,195.0,101800.0
1990-11-14 05:00:00+00:00,5.04,45.85,304.15,307.76,159.9,251.6,8.41,199.0,101630.0
1990-11-14 06:00:00+00:00,6.57,44.45,118.3,67.54,92.7,266.65,8.62,206.0,101470.0
1990-11-14 07:00:00+00:00,6.85,52.2,49.2,34.25,40.65,300.75,5.79,199.0,101310.0
1990-11-14 08:00:00+00:00,6.74,58.65,5.1,1.12,5.0,306.75,5.66,197.0,101210.0
1990-11-14 09:00:00+00:00,6.49,65.75,0.0,0.0,0.0,308.65,6.07,193.0,101160.0
1990-11-14 10:00:00+00:00,6.2,68.2,0.0,0.0,0.0,294.35,6.55,189.0,101180.0
1990-11-14 11:00:00+00:00,6.09,70.85,0.0,0.0,0.0,293.2,6.28,184.0,101140.0
1990-11-14 12:00:00+00:00,6.1,73.65,0.0,0.0,0.0,287.75,5.45,186.0,101120.0
1990-11-14 13:00:00+00:00,6.04,76.5,0.0,0.0,0.0,269.2,3.86,208.0,101130.0
1990-11-14 14:00:00+00:00,5.32,82.4,0.0,0.0,0.0,264.35,2.83,280.0,101190.0
1990-11-14 15:00:00+00:00,3.87,82.3,0.0,0.0,0.0,254.3,4.21,332.0,101250.0
1990-11-14 16:00:00+00:00,2.29,82.15,0.0,0.0,0.0,246.35,5.72,356.0,101350.0
1990-11-14 17:00:00+00:00,0.98,81.95,0.0,0.0,0.0,239.4,7.45,14.0,101470.0
1990-11-14 18:00:00+00:00,0.39,69.95,0.0,0.0,0.0,232.6,7.72,26.0,101580.0
1990-11-14 19:00:00+00:00,-0.09,64.45,0.0,0.0,0.0,225.05,6.97,40.0,101680.0
1990-11-14 20:00:00+00:00,-0.48,61.8,0.0,0.0,0.0,220.8,6.76,44.0,101690.0
1990-11-14 21:00:00+00:00,-0.84,61.65,0.0,0.0,0.0,219.25,6.62,46.0,101750.0
1990-11-14 22:00:00+00:00,-1.22,56.85,0.0,0.0,0.0,214.8,6.69,48.0,101800.0
1990-11-14 23:00:00+00:00,-1.48,54.4,90.55,815.78,46.15,213.45,6.69,50.0,101890.0
1990-11-15 00:00:00+00:00,-1.02,48.15,237.9,727.11,81.05,214.05,6.55,50.0,101960.0
1990-11-15 01:00:00+00:00,0.15,39.3,371.4,776.16,98.2,214.7,6.76,52.0,102020.0
1990-11-15 02:00:00+00:00,1.44,30.85,461.25,784.42,108.1,216.35,6.34,53.0,102020.0
1990-11-15 03:00:00+00:00,2.65,27.4,495.75,762.59,111.65,218.3,5.72,53.0,101980.0
1990-11-15 04:00:00+00:00,3.66,26.5,471.3,712.61,108.75,220.2,5.17,50.0,101900.0
1990-11-15 05:00:00+00:00,4.34,24.6,391.0,627.8,99.0,221.95,4.83,47.0,101800.0
1990-11-15 06:00:00+00:00,4.71,24.6,263.8,481.63,82.85,222.55,4.62,46.0,101780.0
1990-11-15 07:00:00+00:00,4.64,26.8,114.85,250.18,53.15,224.7,3.86,45.0,101720.0
1990-11-15 08:00:00+00:00,3.85,31.55,9.8,24.8,7.65,225.65,3.72,36.0,101690.0
1990-11-15 09:00:00+00:00,2.37,35.35,0.0,0.0,0.0,226.2,4.14,33.0,101700.0
1990-11-15 10:00:00+00:00,1.31,39.75,0.0,0.0,0.0,226.2,4.14,36.0,101740.0
1990-11-15 11:00:00+00:00,0.5,42.9,0.0,0.0,0.0,225.65,3.79,37.0,101770.0
1990-11-15 12:00:00+00:00,-0.08,46.5,0.0,0.0,0.0,225.25,3.38,39.0,101830.0
1990-11-15 13:00:00+00:00,-0.53,50.35,0.0,0.0,0.0,224.3,3.1,40.0,101870.0
1990-11-15 14:00:00+00:00,-0.92,54.55,0.0,0.0,0.0,224.3,2.97,39.0,101890.0
1990-11-15 15:00:00+00:00,-1.28,56.85,0.0,0.0,0.0,224.1,3.1,36.0,101890.0
1990-11-15 16:00:00+00:00,-1.58,59.1,0.0,0.0,0.0,223.7,3.24,37.0,101890.0
1990-11-15 17:00:00+00:00,-1.76,59.1,0.0,0.0,0.0,223.7,3.24,39.0,101920.0
1990-11-15 18:00:00+00:00,-1.9,61.45,0.0,0.0,0.0,223.9,3.31,38.0,101940.0
1990-11-15 19:00:00+00:00,-2.19,54.3,0.0,0.0,0.0,223.9,4.07,37.0,102020.0
1990-11-15 20:00:00+00:00,-2.29,52.05,0.0,0.0,0.0,224.3,4.21,39.0,101980.0
1990-11-15 21:00:00+00:00,-2.3,49.95,0.0,0.0,0.0,224.3,4.41,40.0,102030.0
1990-11-15 22:00:00+00:00,-2.29,47.9,0.0,0.0,0.0,223.15,4.69,40.0,102040.0
1990-11-15 23:00:00+00:00,-2.21,47.9,85.3,794.14,45.05,223.7,5.03,39.0,102080.0
1990-11-16 00:00:00+00:00,-1.38,44.15,223.65,692.74,76.9,225.05,5.17,38.0,102180.0
1990-11-16 01:00:00+00:00,0.0,39.3,350.3,729.41,96.45,222.25,5.52,40.0,102250.0
1990-11-16 02:00:00+00:00,1.56,35.05,437.95,745.91,105.1,224.85,5.45,41.0,102230.0
1990-11-16 03:00:00+00:00,3.05,31.25,472.35,701.3,121.85,229.9,5.24,40.0,102200.0
1990-11-16 04:00:00+00:00,4.18,30.25,436.3,635.81,115.2,231.65,5.03,38.0,102130.0
1990-11-16 05:00:00+00:00,4.88,30.4,371.0,580.48,103.05,242.5,4.97,37.0,102050.0
1990-11-16 06:00:00+00:00,5.25,29.3,241.0,429.43,81.05,240.95,4.83,39.0,102030.0
1990-11-16 07:00:00+00:00,5.25,31.85,101.3,192.45,54.4,248.65,4.76,42.0,101990.0
1990-11-16 08:00:00+00:00,4.41,35.9,8.35,14.87,7.1,250.6,4.41,37.0,102010.0
1990-11-16 09:00:00+00:00,3.01,40.15,0.0,0.0,0.0,245.0,4.62,39.0,102070.0
1990-11-16 10:00:00+00:00,2.12,43.3,0.0,0.0,0.0,250.8,4.62,47.0,102070.0
1990-11-16 11:00:00+00:00,1.64,46.9,0.0,0.0,0.0,260.65,4.28,53.0,102090.0
1990-11-16 12:00:00+00:00,1.41,48.85,0.0,0.0,0.0,270.15,3.86,57.0,102070.0
1990-11-16 13:00:00+00:00,1.37,50.9,0.0,0.0,0.0,275.4,3.31,59.0,102060.0
1990-11-16 14:00:00+00:00,1.36,53.0,0.0,0.0,0.0,280.2,2.69,56.0,102030.0
1990-11-16 15:00:00+00:00,1.44,53.0,0.0,0.0,0.0,288.95,2.41,55.0,102030.0
1990-11-16 16:00:00+00:00,1.48,55.2,0.0,0.0,0.0,290.5,2.41,50.0,101980.0
1990-11-16 17:00:00+00:00,1.52,55.2,0.0,0.0,0.0,291.25,2.28,49.0,101980.0
1990-11-16 18:00:00+00:00,1.58,55.2,0.0,0.0,0.0,293.2,2.28,53.0,101970.0
1990-11-16 19:00:00+00:00,1.99,55.3,0.0,0.0,0.0,293.95,1.72,71.0,101940.0
1990-11-16 20:00:00+00:00,2.26,53.25,0.0,0.0,0.0,297.45,2.34,84.0,101810.0
1990-11-16 21:00:00+00:00,2.82,49.25,0.0,0.0,0.0,307.5,2.55,80.0,101720.0
1990-11-16 22:00:00+00:00,3.25,47.45,0.0,0.0,0.0,309.85,2.28,74.0,101670.0
1990-11-16 23:00:00+00:00,3.46,51.4,36.85,8.52,36.45,313.5,1.66,62.0,101680.0
1990-11-17 00:00:00+00:00,4.08,53.65,75.95,7.45,74.4,316.05,1.31,44.0,101750.0
1990-11-17 01:00:00+00:00,5.2,49.65,112.95,26.74,103.75,323.5,1.38,49.0,101740.0
1990-11-17 02:00:00+00:00,5.8,49.95,178.85,101.17,134.1,327.45,1.45,68.0,101670.0
1990-11-17 03:00:00+00:00,7.0,50.2,257.9,248.41,134.7,320.85,1.45,78.0,101560.0
1990-11-17 04:00:00+00:00,8.08,52.45,141.7,28.82,127.25,317.75,1.59,103.0,101410.0
1990-11-17 05:00:00+00:00,8.4,56.8,123.75,65.69,93.65,328.2,1.17,99.0,101280.0
1990-11-17 06:00:00+00:00,8.02,68.6,50.95,16.52,44.85,328.8,0.62,24.0,101240.0
1990-11-17 07:00:00+00:00,6.03,85.65,11.4,0.0,11.4,329.75,2.28,355.0,101390.0
1990-11-17 08:00:00+00:00,4.74,92.25,1.4,0.0,1.4,332.1,3.93,354.0,101410.0
1990-11-17 09:00:00+00:00,3.91,92.2,0.0,0.0,0.0,331.1,4.41,5.0,101350.0
1990-11-17 10:00:00+00:00,3.84,92.2,0.0,0.0,0.0,329.4,3.03,23.0,101440.0
1990-11-17 11:00:00+00:00,4.06,92.2,0.0,0.0,0.0,327.25,2.41,64.0,101370.0
1990-11-17 12:00:00+00:00,4.18,95.75,0.0,0.0,0.0,320.3,1.66,85.0,101360.0
1990-11-17 13:00:00+00:00,4.02,95.75,0.0,0.0,0.0,318.75,2.28,314.0,101390.0
1990-11-17 14:00:00+00:00,3.02,92.15,0.0,0.0,0.0,316.6,8.55,329.0,101530.0
1990-11-17 15:00:00+00:00,1.62,59.8,0.0,0.0,0.0,305.0,9.17,339.0,101660.0
1990-11-17 16:00:00+00:00,0.52,41.15,0.0,0.0,0.0,290.85,8.97,335.0,101790.0
1990-11-17 17:00:00+00:00,-0.53,33.0,0.0,0.0,0.0,285.45,7.52,334.0,101850.0
1990-11-17 18:00:00+00:00,-0.96,28.85,0.0,0.0,0.0,272.5,7.17,330.0,101890.0
1990-11-17 19:00:00+00:00,-2.33,29.85,0.0,0.0,0.0,194.5,6.83,335.0,102060.0
1990-11-17 20:00:00+00:00,-2.97,32.3,0.0,0.0,0.0,190.8,6.28,334.0,102110.0
1990-11-17 21:00:00+00:00,-3.4,33.6,0.0,0.0,0.0,190.05,5.38,327.0,102140.0
1990-11-17 22:00:00+00:00,-3.6,33.6,0.0,0.0,0.0,190.6,4.9,320.0,102180.0
1990-11-17 23:00:00+00:00,-3.64,36.65,84.65,950.57,43.5,189.45,4.69,314.0,102180.0
1990-11-18 00:00:00+00:00,-2.85,35.25,234.15,759.56,79.05,190.8,4.9,309.0,102220.0
1990-11-18 01:00:00+00:00,-1.89,29.85,368.8,797.56,97.45,192.85,6.14,306.0,102230.0
1990-11-18 02:00:00+00:00,-1.22,27.6,459.55,801.33,108.2,193.5,6.48,303.0,102190.0
1990-11-18 03:00:00+00:00,-0.66,27.75,495.0,780.48,110.85,195.45,6.41,298.0,102150.0
1990-11-18 04:00:00+00:00,-0.25,27.9,470.2,726.52,108.55,196.6,6.34,293.0,102050.0
1990-11-18 05:00:00+00:00,0.05,27.9,385.6,619.45,103.85,197.4,6.34,290.0,101970.0
1990-11-18 06:00:00+00:00,0.21,26.85,255.25,444.46,92.45,200.85,6.28,288.0,101940.0
1990-11-18 07:00:00+00:00,-0.17,26.7,106.7,210.15,56.65,199.3,5.93,291.0,101960.0
1990-11-18 08:00:00+00:00,-0.55,29.0,8.25,18.94,6.75,202.4,5.03,293.0,101970.0
1990-11-18 09:00:00+00:00,-1.24,31.45,0.0,0.0,0.0,198.35,4.55,296.0,102000.0
1990-11-18 10:00:00+00:00,-1.55,34.15,0.0,0.0,0.0,197.0,4.55,297.0,102050.0
1990-11-18 11:00:00+00:00,-1.74,34.15,0.0,0.0,0.0,196.6,4.83,296.0,102060.0
1990-11-18 12:00:00+00:00,-1.85,35.55,0.0,0.0,0.0,193.9,5.17,298.0,102100.0
1990-11-18 13:00:00+00:00,-1.96,34.0,0.0,0.0,0.0,193.3,5.38,300.0,102120.0
1990-11-18 14:00:00+00:00,-2.03,34.0,0.0,0.0,0.0,193.3,5.59,300.0,102160.0
1990-11-18 15:00:00+00:00,-2.15,32.55,0.0,0.0,0.0,191.95,5.79,301.0,102180.0
1990-11-18 16:00:00+00:00,-2.32,31.2,0.0,0.0,0.0,191.2,6.0,304.0,102180.0
1990-11-18 17:00:00+00:00,-2.56,31.05,0.0,0.0,0.0,190.05,6.0,307.0,102210.0
1990-11-18 18:00:00+00:00,-2.81,31.05,0.0,0.0,0.0,188.85,5.86,307.0,102250.0
1990-11-18 19:00:00+00:00,-3.03,30.9,0.0,0.0,0.0,188.5,5.66,309.0,102280.0
1990-11-18 20:00:00+00:00,-3.31,29.55,0.0,0.0,0.0,186.35,5.45,309.0,102280.0
1990-11-18 21:00:00+00:00,-3.5,29.4,0.0,0.0,0.0,185.0,5.17,307.0,102310.0
1990-11-18 22:00:00+00:00,-3.63,29.4,0.0,0.0,0.0,184.4,5.17,306.0,102360.0
1990-11-18 23:00:00+00:00,-3.72,29.4,42.95,0.0,42.95,184.25,5.1,307.0,102380.0
1990-11-19 00:00:00+00:00,-2.96,28.25,235.35,776.04,79.8,184.6,4.97,308.0,102450.0
1990-11-19 01:00:00+00:00,-1.83,21.95,371.9,810.93,99.1,186.1,5.66,310.0,102510.0
1990-11-19 02:00:00+00:00,-1.23,21.1,464.35,816.5,109.45,186.95,6.14,313.0,102520.0
1990-11-19 03:00:00+00:00,-0.7,21.25,500.3,792.71,113.05,188.5,5.79,314.0,102510.0
1990-11-19 04:00:00+00:00,-0.21,21.4,475.7,738.84,110.5,189.45,5.45,315.0,102470.0
1990-11-19 05:00:00+00:00,0.16,22.35,393.25,645.94,101.55,191.0,5.1,315.0,102430.0
1990-11-19 06:00:00+00:00,0.45,21.5,262.75,492.93,83.65,192.15,4.69,315.0,102450.0
1990-11-19 07:00:00+00:00,0.06,21.4,111.65,252.61,52.15,192.95,3.86,318.0,102510.0
1990-11-19 08:00:00+00:00,-0.42,25.4,7.95,20.15,6.4,193.15,2.83,328.0,102540.0
1990-11-19 09:00:00+00:00,-1.32,28.85,0.0,0.0,0.0,192.95,1.93,343.0,102580.0
1990-11-19 10:00:00+00:00,-1.41,31.35,0.0,0.0,0.0,193.15,0.97,18.0,102660.0
1990-11-19 11:00:00+00:00,-1.35,32.7,0.0,0.0,0.0,193.15,0.97,97.0,102680.0
1990-11-19 12:00:00+00:00,-3.37,47.45,0.0,0.0,0.0,192.95,1.52,123.0,102740.0
1990-11-19 13:00:00+00:00,-4.76,51.4,0.0,0.0,0.0,193.3,2.0,132.0,102780.0
1990-11-19 14:00:00+00:00,-4.89,53.5,0.0,0.0,0.0,194.7,2.34,138.0,102820.0
1990-11-19 15:00:00+00:00,-4.58,51.4,0.0,0.0,0.0,195.85,2.55,140.0,102840.0
1990-11-19 16:00:00+00:00,-4.17,51.55,0.0,0.0,0.0,197.75,2.9,138.0,102840.0
1990-11-19 17:00:00+00:00,-3.68,51.65,0.0,0.0,0.0,200.7,3.17,138.0,102850.0
1990-11-19 18:00:00+00:00,-3.28,49.65,0.0,0.0,0.0,203.6,3.31,141.0,102850.0
1990-11-19 19:00:00+00:00,-2.99,54.0,0.0,0.0,0.0,207.25,3.66,153.0,102830.0
1990-11-19 20:00:00+00:00,-2.73,54.15,0.0,0.0,0.0,209.75,3.93,157.0,102800.0
1990-11-19 21:00:00+00:00,-2.36,54.15,0.0,0.0,0.0,211.5,4.34,160.0,102780.0
1990-11-19 22:00:00+00:00,-1.9,52.05,0.0,0.0,0.0,213.65,4.69,165.0,102770.0
1990-11-19 23:00:00+00:00,-1.35,52.2,40.6,0.0,40.6,216.15,5.17,167.0,102780.0
1990-11-20 00:00:00+00:00,0.16,52.6,219.85,722.83,77.65,220.05,5.52,170.0,102800.0
1990-11-20 01:00:00+00:00,2.31,47.15,349.35,760.13,96.5,224.2,5.79,176.0,102800.0
1990-11-20 02:00:00+00:00,4.12,45.7,437.35,767.88,106.45,228.95,6.55,184.0,102800.0
1990-11-20 03:00:00+00:00,5.41,49.8,471.2,744.59,110.15,232.8,6.97,192.0,102760.0
1990-11-20 04:00:00+00:00,6.24,50.05,446.65,690.51,107.7,236.5,6.9,198.0,102680.0
1990-11-20 05:00:00+00:00,6.85,52.2,338.05,507.99,110.25,239.95,6.48,201.0,102610.0
1990-11-20 06:00:00+00:00,7.21,54.3,231.25,403.2,85.9,249.65,5.72,201.0,102570.0
1990-11-20 07:00:00+00:00,7.15,58.65,97.1,199.76,50.55,252.35,4.48,202.0,102520.0
1990-11-20 08:00:00+00:00,5.88,63.15,6.7,14.72,5.6,246.35,4.14,196.0,102520.0
1990-11-20 09:00:00+00:00,4.49,68.0,0.0,0.0,0.0,251.6,4.14,189.0,102560.0
1990-11-20 10:00:00+00:00,3.76,70.6,0.0,0.0,0.0,249.45,4.34,181.0,102600.0
1990-11-20 11:00:00+00:00,3.36,73.3,0.0,0.0,0.0,247.7,4.83,178.0,102630.0
1990-11-20 12:00:00+00:00,3.33,73.3,0.0,0.0,0.0,253.9,5.03,176.0,102660.0
1990-11-20 13:00:00+00:00,3.42,76.15,0.0,0.0,0.0,257.75,5.1,174.0,102680.0
1990-11-20 14:00:00+00:00,3.59,76.15,0.0,0.0,0.0,266.1,5.31,174.0,102700.0
1990-11-20 15:00:00+00:00,3.79,73.4,0.0,0.0,0.0,271.3,5.38,173.0,102680.0
1990-11-20 16:00:00+00:00,4.07,73.4,0.0,0.0,0.0,281.6,5.38,170.0,102660.0
1990-11-20 17:00:00+00:00,4.15,73.4,0.0,0.0,0.0,273.85,5.31,169.0,102650.0
1990-11-20 18:00:00+00:00,4.41,73.45,0.0,0.0,0.0,281.0,5.31,170.0,102630.0
1990-11-20 19:00:00+00:00,4.04,76.25,0.0,0.0,0.0,257.75,5.45,169.0,102590.0
1990-11-20 20:00:00+00:00,4.2,79.2,0.0,0.0,0.0,262.2,5.52,169.0,102530.0
1990-11-20 21:00:00+00:00,4.44,79.3,0.0,0.0,0.0,266.85,5.79,170.0,102500.0
1990-11-20 22:00:00+00:00,4.62,82.35,0.0,0.0,0.0,264.95,5.93,168.0,102460.0
1990-11-20 23:00:00+00:00,4.99,85.55,47.5,0.0,47.5,276.15,6.14,168.0,102450.0
1990-11-21 00:00:00+00:00,5.96,85.65,139.3,129.23,114.35,277.9,6.55,173.0,102480.0
1990-11-21 01:00:00+00:00,7.47,76.7,236.1,208.25,167.6,288.25,7.03,179.0,102520.0
1990-11-21 02:00:00+00:00,8.81,71.4,297.4,271.03,181.6,289.5,7.38,186.0,102510.0
1990-11-21 03:00:00+00:00,9.84,69.0,161.1,62.12,131.2,300.15,7.52,195.0,102500.0
1990-11-21 04:00:00+00:00,9.51,74.2,102.55,20.72,92.45,325.3,7.03,203.0,102450.0
1990-11-21 05:00:00+00:00,8.75,82.75,113.0,9.88,108.6,337.5,6.21,204.0,102400.0
1990-11-21 06:00:00+00:00,8.63,82.75,166.15,205.46,92.65,332.3,5.52,203.0,102380.0
1990-11-21 07:00:00+00:00,9.02,74.15,67.3,88.89,46.8,314.1,4.97,205.0,102340.0
1990-11-21 08:00:00+00:00,8.42,76.85,4.4,2.75,4.2,311.4,4.28,199.0,102320.0
1990-11-21 09:00:00+00:00,7.69,79.65,0.0,0.0,0.0,315.65,4.28,187.0,102340.0
1990-11-21 10:00:00+00:00,7.3,79.65,0.0,0.0,0.0,305.2,4.97,181.0,102350.0
1990-11-21 11:00:00+00:00,7.29,82.65,0.0,0.0,0.0,299.4,5.93,181.0,102360.0
1990-11-21 12:00:00+00:00,7.36,85.8,0.0,0.0,0.0,283.3,6.69,182.0,102390.0
1990-11-21 13:00:00+00:00,7.58,89.0,0.0,0.0,0.0,286.2,7.1,182.0,102400.0
1990-11-21 14:00:00+00:00,7.73,89.0,0.0,0.0,0.0,293.4,7.38,181.0,102400.0
1990-11-21 15:00:00+00:00,7.87,82.7,0.0,0.0,0.0,300.95,7.52,182.0,102380.0
1990-11-21 16:00:00+00:00,7.97,82.7,0.0,0.0,0.0,307.7,7.38,184.0,102360.0
1990-11-21 17:00:00+00:00,7.95,79.7,0.0,0.0,0.0,315.65,6.9,183.0,102350.0
1990-11-21 18:00:00+00:00,7.63,82.65,0.0,0.0,0.0,299.55,6.48,180.0,102320.0
1990-11-21 19:00:00+00:00,7.54,85.8,0.0,0.0,0.0,298.2,6.28,176.0,102280.0
1990-11-21 20:00:00+00:00,7.38,85.8,0.0,0.0,0.0,297.85,6.28,173.0,102180.0
1990-11-21 21:00:00+00:00,7.41,85.8,0.0,0.0,0.0,301.7,6.34,171.0,102210.0
1990-11-21 22:00:00+00:00,7.28,85.8,0.0,0.0,0.0,291.65,6.34,169.0,102190.0
1990-11-21 23:00:00+00:00,7.43,85.8,26.85,0.0,26.85,304.4,6.41,169.0,102220.0
1990-11-22 00:00:00+00:00,8.06,82.7,108.6,179.2,74.65,327.65,6.62,169.0,102250.0
1990-11-22 01:00:00+00:00,8.81,79.85,216.4,269.92,128.6,317.1,6.9,169.0,102240.0
1990-11-22 02:00:00+00:00,9.93,77.1,273.2,377.89,113.1,326.65,7.03,171.0,102230.0
1990-11-22 03:00:00+00:00,10.71,74.4,312.3,409.92,116.4,300.95,7.03,174.0,102150.0
1990-11-22 04:00:00+00:00,11.62,71.85,320.1,424.12,114.7,315.25,6.48,180.0,102070.0
1990-11-22 05:00:00+00:00,12.35,66.95,233.5,235.87,129.15,310.6,6.21,189.0,101980.0
1990-11-22 06:00:00+00:00,12.36,66.95,168.7,239.1,83.8,323.95,5.66,194.0,101920.0
1990-11-22 07:00:00+00:00,11.98,66.85,78.6,134.69,47.85,304.2,5.93,194.0,101870.0
1990-11-22 08:00:00+00:00,11.28,71.75,5.1,9.2,4.45,310.2,5.72,193.0,101880.0
1990-11-22 09:00:00+00:00,10.22,79.95,0.0,0.0,0.0,289.3,5.72,188.0,101910.0
1990-11-22 10:00:00+00:00,9.87,82.95,0.0,0.0,0.0,299.75,6.07,181.0,101920.0
1990-11-22 11:00:00+00:00,9.68,89.15,0.0,0.0,0.0,300.15,6.48,179.0,101920.0
1990-11-22 12:00:00+00:00,9.47,92.45,0.0,0.0,0.0,286.8,6.62,177.0,101920.0
1990-11-22 13:00:00+00:00,9.45,92.45,0.0,0.0,0.0,288.15,6.62,176.0,101940.0
1990-11-22 14:00:00+00:00,9.69,92.45,0.0,0.0,0.0,303.85,6.69,178.0,101950.0
1990-11-22 15:00:00+00:00,10.03,92.5,0.0,0.0,0.0,317.2,6.69,180.0,101940.0
1990-11-22 16:00:00+00:00,10.3,89.25,0.0,0.0,0.0,323.55,6.69,180.0,101890.0
1990-11-22 17:00:00+00:00,10.56,89.25,0.0,0.0,0.0,339.05,6.48,181.0,101880.0
1990-11-22 18:00:00+00:00,10.49,92.5,0.0,0.0,0.0,331.7,6.21,180.0,101850.0
1990-11-22 19:00:00+00:00,10.76,92.5,0.0,0.0,0.0,346.8,6.07,178.0,101830.0
1990-11-22 20:00:00+00:00,10.8,89.3,0.0,0.0,0.0,353.0,5.79,181.0,101790.0
1990-11-22 21:00:00+00:00,10.61,95.9,0.0,0.0,0.0,359.0,5.52,187.0,101810.0
1990-11-22 22:00:00+00:00,10.48,95.9,0.0,0.0,0.0,358.4,4.97,188.0,101810.0
1990-11-22 23:00:00+00:00,10.36,92.5,8.6,0.0,8.6,360.35,4.69,189.0,101810.0
1990-11-23 00:00:00+00:00,10.41,95.9,18.45,0.0,18.45,361.9,4.55,187.0,101850.0
1990-11-23 01:00:00+00:00,10.55,95.9,29.95,1.24,29.55,364.35,4.21,193.0,101880.0
1990-11-23 02:00:00+00:00,10.53,95.9,38.35,0.0,38.35,362.3,3.72,201.0,101880.0
1990-11-23 03:00:00+00:00,10.51,95.9,49.55,0.42,49.35,361.3,2.69,217.0,101840.0
1990-11-23 04:00:00+00:00,10.31,95.9,33.15,0.0,33.15,363.65,1.79,272.0,101800.0
1990-11-23 05:00:00+00:00,9.18,99.4,37.25,0.0,37.25,361.5,4.0,352.0,101780.0
1990-11-23 06:00:00+00:00,7.09,95.8,18.55,0.14,18.5,354.95,6.69,18.0,101800.0
1990-11-23 07:00:00+00:00,4.61,92.25,9.6,0.0,9.6,343.5,7.17,26.0,101840.0
1990-11-23 08:00:00+00:00,3.63,88.75,0.65,0.0,0.65,338.85,7.24,21.0,101910.0
1990-11-23 09:00:00+00:00,2.88,85.4,0.0,0.0,0.0,335.0,7.66,19.0,102010.0
1990-11-23 10:00:00+00:00,2.41,82.15,0.0,0.0,0.0,332.1,7.86,24.0,102070.0
1990-11-23 11:00:00+00:00,2.22,79.0,0.0,0.0,0.0,326.85,7.38,27.0,102090.0
1990-11-23 12:00:00+00:00,2.27,76.0,0.0,0.0,0.0,328.4,7.38,26.0,102120.0
1990-11-23 13:00:00+00:00,2.31,67.6,0.0,0.0,0.0,327.45,7.38,25.0,102110.0
1990-11-23 14:00:00+00:00,2.28,62.5,0.0,0.0,0.0,325.9,7.38,25.0,102150.0
1990-11-23 15:00:00+00:00,2.11,57.6,0.0,0.0,0.0,323.75,7.31,24.0,102170.0
1990-11-23 16:00:00+00:00,1.83,51.0,0.0,0.0,0.0,320.5,7.72,21.0,102190.0
1990-11-23 17:00:00+00:00,1.45,48.85,0.0,0.0,0.0,312.75,8.07,18.0,102200.0
1990-11-23 18:00:00+00:00,1.18,46.75,0.0,0.0,0.0,309.65,8.28,16.0,102300.0
1990-11-23 19:00:00+00:00,0.66,41.15,0.0,0.0,0.0,307.7,8.41,19.0,102370.0
1990-11-23 20:00:00+00:00,0.58,37.8,0.0,0.0,0.0,308.65,8.48,20.0,102380.0
1990-11-23 21:00:00+00:00,0.44,34.75,0.0,0.0,0.0,303.85,8.9,21.0,102450.0
1990-11-23 22:00:00+00:00,0.12,34.6,0.0,0.0,0.0,291.85,9.03,20.0,102500.0
1990-11-23 23:00:00+00:00,-0.21,34.6,21.0,0.0,21.0,289.1,9.17,19.0,102610.0
1990-11-24 00:00:00+00:00,-0.43,35.95,54.85,0.0,54.85,292.2,9.31,18.0,102730.0
1990-11-24 01:00:00+00:00,-0.59,34.45,110.25,3.93,109.0,288.85,9.24,17.0,102820.0
1990-11-24 02:00:00+00:00,-0.46,33.0,200.4,52.68,178.45,279.05,9.1,15.0,102870.0
1990-11-24 03:00:00+00:00,-0.07,30.4,253.85,110.25,201.9,272.1,9.24,12.0,102890.0
1990-11-24 04:00:00+00:00,0.32,28.05,314.4,240.76,199.3,264.55,9.24,10.0,102890.0
1990-11-24 05:00:00+00:00,0.76,26.95,288.15,292.27,160.5,240.35,9.17,7.0,102890.0
1990-11-24 06:00:00+00:00,0.74,26.95,228.2,380.33,95.05,224.65,9.03,3.0,102950.0
1990-11-24 07:00:00+00:00,-0.41,29.0,96.3,193.76,52.9,211.15,9.03,0.0,103100.0
1990-11-24 08:00:00+00:00,-1.2,27.6,5.95,15.66,4.9,200.85,8.34,359.0,103200.0
1990-11-24 09:00:00+00:00,-2.08,29.85,0.0,0.0,0.0,194.1,8.07,360.0,103350.0
1990-11-24 10:00:00+00:00,-2.76,31.05,0.0,0.0,0.0,190.6,7.79,2.0,103490.0
1990-11-24 11:00:00+00:00,-3.31,32.3,0.0,0.0,0.0,188.85,7.52,4.0,103550.0
1990-11-24 12:00:00+00:00,-3.7,32.15,0.0,0.0,0.0,187.7,7.03,7.0,103610.0
1990-11-24 13:00:00+00:00,-3.97,33.45,0.0,0.0,0.0,185.4,6.69,7.0,103680.0
1990-11-24 14:00:00+00:00,-4.19,33.45,0.0,0.0,0.0,184.6,6.41,7.0,103720.0
1990-11-24 15:00:00+00:00,-4.37,34.8,0.0,0.0,0.0,184.25,6.41,6.0,103760.0
1990-11-24 16:00:00+00:00,-4.56,34.8,0.0,0.0,0.0,183.45,6.21,6.0,103750.0
1990-11-24 17:00:00+00:00,-4.8,34.8,0.0,0.0,0.0,182.85,6.07,7.0,103750.0
1990-11-24 18:00:00+00:00,-5.05,34.65,0.0,0.0,0.0,181.7,6.28,10.0,103730.0
1990-11-24 19:00:00+00:00,-5.84,36.05,0.0,0.0,0.0,182.1,5.86,14.0,103760.0
1990-11-24 20:00:00+00:00,-6.1,34.5,0.0,0.0,0.0,183.05,5.38,16.0,103760.0
1990-11-24 21:00:00+00:00,-6.32,34.5,0.0,0.0,0.0,182.5,4.48,20.0,103790.0
1990-11-24 22:00:00+00:00,-6.49,35.9,0.0,0.0,0.0,182.85,3.93,24.0,103820.0
1990-11-24 23:00:00+00:00,-6.6,35.9,35.25,0.0,35.25,183.65,3.66,27.0,103850.0
1990-11-25 00:00:00+00:00,-6.16,33.0,213.45,782.74,73.4,184.6,3.59,32.0,103880.0
1990-11-25 01:00:00+00:00,-5.15,30.3,348.2,811.57,92.8,185.9,3.79,34.0,103850.0
1990-11-25 02:00:00+00:00,-4.15,30.6,440.55,816.6,103.05,187.15,3.72,33.0,103800.0
1990-11-25 03:00:00+00:00,-3.25,30.9,477.65,792.51,106.75,189.05,3.52,30.0,103690.0
1990-11-25 04:00:00+00:00,-2.51,29.7,455.1,738.06,104.45,190.8,3.1,28.0,103590.0
1990-11-25 05:00:00+00:00,-2.01,29.85,375.7,644.7,95.85,192.75,2.41,28.0,103500.0
1990-11-25 06:00:00+00:00,-1.8,28.7,249.55,489.57,79.3,193.3,1.45,30.0,103470.0
1990-11-25 07:00:00+00:00,-2.19,29.85,102.25,244.82,47.9,194.7,0.55,36.0,103420.0
1990-11-25 08:00:00+00:00,-2.47,31.05,5.7,15.29,4.7,193.5,0.0,15.0,103380.0
1990-11-25 09:00:00+00:00,-2.66,33.9,0.0,0.0,0.0,192.15,0.34,221.0,103400.0
1990-11-25 10:00:00+00:00,-2.74,38.6,0.0,0.0,0.0,192.35,0.62,207.0,103420.0
1990-11-25 11:00:00+00:00,-3.18,41.9,0.0,0.0,0.0,191.75,1.03,189.0,103380.0
1990-11-25 12:00:00+00:00,-4.88,53.5,0.0,0.0,0.0,193.15,1.59,173.0,103360.0
1990-11-25 13:00:00+00:00,-5.31,60.75,0.0,0.0,0.0,194.7,2.21,167.0,103310.0
1990-11-25 14:00:00+00:00,-4.8,60.85,0.0,0.0,0.0,197.0,2.69,165.0,103230.0
1990-11-25 15:00:00+00:00,-4.21,63.55,0.0,0.0,0.0,199.9,3.03,169.0,103150.0
1990-11-25 16:00:00+00:00,-3.59,63.7,0.0,0.0,0.0,203.0,3.31,175.0,103100.0
1990-11-25 17:00:00+00:00,-2.9,66.45,0.0,0.0,0.0,206.3,3.59,180.0,103040.0
1990-11-25 18:00:00+00:00,-2.19,64.0,0.0,0.0,0.0,210.35,3.93,184.0,103020.0
1990-11-25 19:00:00+00:00,-1.46,64.1,0.0,0.0,0.0,223.3,4.07,188.0,102950.0
1990-11-25 20:00:00+00:00,-0.83,64.25,0.0,0.0,0.0,227.0,4.41,195.0,102850.0
1990-11-25 21:00:00+00:00,-0.32,64.35,0.0,0.0,0.0,229.5,4.76,200.0,102790.0
1990-11-25 22:00:00+00:00,0.07,61.9,0.0,0.0,0.0,233.4,5.17,204.0,102740.0
1990-11-25 23:00:00+00:00,0.62,62.0,41.85,0.0,41.85,244.8,5.72,207.0,102750.0
1990-11-26 00:00:00+00:00,1.63,57.45,166.6,350.08,105.15,247.3,6.28,212.0,102780.0
1990-11-26 01:00:00+00:00,2.97,53.4,297.4,594.91,112.2,237.75,6.55,218.0,102820.0
1990-11-26 02:00:00+00:00,4.18,49.55,359.75,565.0,128.1,230.5,7.59,224.0,102790.0
1990-11-26 03:00:00+00:00,4.76,45.85,404.7,594.88,128.15,229.5,8.55,230.0,102740.0
1990-11-26 04:00:00+00:00,5.02,45.85,405.5,572.3,135.25,236.1,8.62,232.0,102650.0
1990-11-26 05:00:00+00:00,5.18,45.85,338.75,513.09,117.35,245.4,8.28,233.0,102600.0
1990-11-26 06:00:00+00:00,5.05,47.7,236.05,454.54,79.0,236.1,7.52,235.0,102620.0
1990-11-26 07:00:00+00:00,4.43,47.7,93.75,205.8,48.45,226.6,5.59,242.0,102570.0
1990-11-26 08:00:00+00:00,3.38,49.4,4.95,10.96,4.25,229.3,4.41,249.0,102620.0
1990-11-26 09:00:00+00:00,2.43,53.25,0.0,0.0,0.0,234.75,3.45,264.0,102700.0
1990-11-26 10:00:00+00:00,1.63,55.2,0.0,0.0,0.0,226.4,2.55,288.0,102780.0
1990-11-26 11:00:00+00:00,0.3,64.55,0.0,0.0,0.0,225.05,2.55,325.0,102870.0
1990-11-26 12:00:00+00:00,-0.08,61.9,0.0,0.0,0.0,221.4,3.79,344.0,102950.0
1990-11-26 13:00:00+00:00,0.17,42.9,0.0,0.0,0.0,220.6,6.34,359.0,103070.0
1990-11-26 14:00:00+00:00,-0.25,29.1,0.0,0.0,0.0,222.15,7.86,11.0,103200.0
1990-11-26 15:00:00+00:00,-0.82,30.25,0.0,0.0,0.0,218.65,7.79,15.0,103320.0
1990-11-26 16:00:00+00:00,-1.27,32.85,0.0,0.0,0.0,222.55,7.72,16.0,103420.0
1990-11-26 17:00:00+00:00,-1.83,34.15,0.0,0.0,0.0,213.65,7.79,16.0,103500.0
1990-11-26 18:00:00+00:00,-2.49,35.4,0.0,0.0,0.0,202.8,8.07,16.0,103590.0
1990-11-26 19:00:00+00:00,-3.57,35.1,0.0,0.0,0.0,197.75,8.21,18.0,103630.0
1990-11-26 20:00:00+00:00,-4.21,34.95,0.0,0.0,0.0,197.75,8.28,16.0,103630.0
1990-11-26 21:00:00+00:00,-4.75,36.35,0.0,0.0,0.0,195.85,8.28,16.0,103660.0
1990-11-26 22:00:00+00:00,-5.1,36.2,0.0,0.0,0.0,198.35,8.21,15.0,103710.0
1990-11-26 23:00:00+00:00,-5.43,37.7,34.9,0.0,34.9,192.75,8.0,15.0,103770.0
1990-11-27 00:00:00+00:00,-5.28,34.65,207.0,777.31,73.15,189.65,7.66,13.0,103900.0
1990-11-27 01:00:00+00:00,-4.76,31.85,342.85,809.46,93.55,186.85,8.62,14.0,103960.0
1990-11-27 02:00:00+00:00,-4.15,30.6,430.35,774.75,115.2,185.2,8.62,15.0,103970.0
1990-11-27 03:00:00+00:00,-3.62,29.4,475.8,796.59,107.9,186.75,8.21,15.0,103930.0
1990-11-27 04:00:00+00:00,-3.19,29.55,455.15,743.66,106.05,185.0,7.93,14.0,103850.0
1990-11-27 05:00:00+00:00,-3.0,29.55,376.6,650.53,97.5,184.6,7.79,13.0,103800.0
1990-11-27 06:00:00+00:00,-3.0,28.25,250.5,493.46,81.05,185.0,7.72,14.0,103790.0
1990-11-27 07:00:00+00:00,-3.83,29.4,102.15,246.18,48.4,183.65,7.52,16.0,103750.0
1990-11-27 08:00:00+00:00,-4.44,33.3,5.35,14.42,4.45,182.7,6.83,16.0,103760.0
1990-11-27 09:00:00+00:00,-5.17,33.15,0.0,0.0,0.0,181.7,6.48,15.0,103840.0
1990-11-27 10:00:00+00:00,-5.6,34.5,0.0,0.0,0.0,180.55,6.41,15.0,103890.0
1990-11-27 11:00:00+00:00,-5.9,33.0,0.0,0.0,0.0,179.4,6.34,16.0,103940.0
1990-11-27 12:00:00+00:00,-6.15,33.0,0.0,0.0,0.0,179.2,6.34,17.0,103960.0
1990-11-27 13:00:00+00:00,-6.36,31.55,0.0,0.0,0.0,178.6,6.28,19.0,104000.0
1990-11-27 14:00:00+00:00,-6.57,32.85,0.0,0.0,0.0,178.25,6.14,21.0,104030.0
1990-11-27 15:00:00+00:00,-6.79,31.4,0.0,0.0,0.0,177.85,6.0,22.0,104020.0
1990-11-27 16:00:00+00:00,-6.99,32.7,0.0,0.0,0.0,177.85,5.86,25.0,104000.0
1990-11-27 17:00:00+00:00,-7.18,32.7,0.0,0.0,0.0,178.25,5.66,27.0,103970.0
1990-11-27 18:00:00+00:00,-7.35,32.7,0.0,0.0,0.0,177.85,5.52,28.0,103950.0
1990-11-27 19:00:00+00:00,-7.84,32.55,0.0,0.0,0.0,178.05,5.17,30.0,103930.0
1990-11-27 20:00:00+00:00,-8.1,33.9,0.0,0.0,0.0,178.05,4.9,31.0,103880.0
1990-11-27 21:00:00+00:00,-8.35,35.45,0.0,0.0,0.0,178.05,4.48,32.0,103840.0
1990-11-27 22:00:00+00:00,-8.54,36.95,0.0,0.0,0.0,177.65,4.21,30.0,103840.0
1990-11-27 23:00:00+00:00,-8.73,36.95,32.9,0.0,32.9,177.45,3.93,28.0,103820.0
1990-11-28 00:00:00+00:00,-8.21,35.45,208.65,798.88,73.7,178.05,3.79,25.0,103840.0
1990-11-28 01:00:00+00:00,-6.89,30.0,344.8,823.52,93.85,178.35,3.79,22.0,103850.0
1990-11-28 02:00:00+00:00,-5.55,30.15,438.4,827.48,104.4,179.75,3.79,19.0,103830.0
1990-11-28 03:00:00+00:00,-4.45,27.85,476.4,802.69,108.05,181.3,3.79,14.0,103750.0
1990-11-28 04:00:00+00:00,-3.59,26.9,454.6,747.61,105.65,182.7,3.72,9.0,103650.0
1990-11-28 05:00:00+00:00,-3.02,27.05,375.5,652.74,97.0,184.6,3.52,5.0,103540.0
1990-11-28 06:00:00+00:00,-2.72,26.0,248.7,494.04,80.05,185.75,3.24,6.0,103460.0
1990-11-28 07:00:00+00:00,-3.1,28.25,100.55,244.61,47.55,186.95,3.31,15.0,103410.0
1990-11-28 08:00:00+00:00,-3.66,32.15,5.05,13.92,4.2,186.95,2.76,19.0,103400.0
1990-11-28 09:00:00+00:00,-4.42,36.35,0.0,0.0,0.0,186.55,2.69,22.0,103460.0
1990-11-28 10:00:00+00:00,-4.99,37.85,0.0,0.0,0.0,187.15,2.48,28.0,103480.0
1990-11-28 11:00:00+00:00,-5.49,39.4,0.0,0.0,0.0,186.95,2.28,39.0,103490.0
1990-11-28 12:00:00+00:00,-6.07,39.4,0.0,0.0,0.0,186.95,2.0,55.0,103500.0
1990-11-28 13:00:00+00:00,-6.61,41.0,0.0,0.0,0.0,186.95,1.86,72.0,103520.0
1990-11-28 14:00:00+00:00,-6.92,42.7,0.0,0.0,0.0,187.7,1.86,81.0,103520.0
1990-11-28 15:00:00+00:00,-6.93,42.7,0.0,0.0,0.0,187.7,1.72,78.0,103500.0
1990-11-28 16:00:00+00:00,-6.8,41.0,0.0,0.0,0.0,188.3,1.66,70.0,103490.0
1990-11-28 17:00:00+00:00,-6.8,41.0,0.0,0.0,0.0,189.05,1.66,60.0,103500.0
1990-11-28 18:00:00+00:00,-7.02,42.7,0.0,0.0,0.0,189.25,1.79,56.0,103510.0
1990-11-28 19:00:00+00:00,-7.23,42.7,0.0,0.0,0.0,188.85,2.14,56.0,103500.0
1990-11-28 20:00:00+00:00,-7.26,44.65,0.0,0.0,0.0,189.45,2.07,55.0,103470.0
1990-11-28 21:00:00+00:00,-7.31,46.6,0.0,0.0,0.0,189.25,2.07,54.0,103490.0
1990-11-28 22:00:00+00:00,-7.25,46.6,0.0,0.0,0.0,190.2,2.21,56.0,103510.0
1990-11-28 23:00:00+00:00,-7.16,46.6,31.25,0.0,31.25,190.2,2.34,60.0,103540.0
1990-11-29 00:00:00+00:00,-6.12,43.0,202.0,784.46,72.0,191.6,2.0,60.0,103600.0
1990-11-29 01:00:00+00:00,-3.89,34.95,335.6,807.49,92.1,193.25,2.0,56.0,103660.0
1990-11-29 02:00:00+00:00,-2.44,31.05,427.35,811.33,102.35,195.65,2.28,48.0,103650.0
1990-11-29 03:00:00+00:00,-1.32,26.4,464.4,786.66,105.65,197.95,2.62,33.0,103630.0
1990-11-29 04:00:00+00:00,-0.54,25.4,442.45,731.42,102.95,200.5,2.62,28.0,103580.0
1990-11-29 05:00:00+00:00,-0.07,25.55,364.15,635.25,94.55,202.2,2.48,30.0,103490.0
1990-11-29 06:00:00+00:00,0.12,25.55,241.0,480.92,77.75,203.95,2.55,35.0,103420.0
1990-11-29 07:00:00+00:00,-0.06,25.55,96.75,235.46,46.1,204.95,2.83,31.0,103350.0
1990-11-29 08:00:00+00:00,-0.99,32.85,4.7,11.7,4.0,204.35,2.83,32.0,103270.0
1990-11-29 09:00:00+00:00,-2.17,37.1,0.0,0.0,0.0,204.35,2.76,32.0,103320.0
1990-11-29 10:00:00+00:00,-2.99,40.15,0.0,0.0,0.0,210.95,2.55,27.0,103340.0
1990-11-29 11:00:00+00:00,-3.35,40.15,0.0,0.0,0.0,222.55,2.69,32.0,103360.0
1990-11-29 12:00:00+00:00,-3.09,38.45,0.0,0.0,0.0,249.05,2.9,51.0,103290.0
1990-11-29 13:00:00+00:00,-2.83,35.4,0.0,0.0,0.0,262.8,2.69,65.0,103240.0
1990-11-29 14:00:00+00:00,-2.62,35.4,0.0,0.0,0.0,272.3,2.14,71.0,103200.0
1990-11-29 15:00:00+00:00,-2.56,36.95,0.0,0.0,0.0,273.85,1.79,65.0,103120.0
1990-11-29 16:00:00+00:00,-2.64,38.6,0.0,0.0,0.0,269.95,1.38,66.0,103090.0
1990-11-29 17:00:00+00:00,-2.54,40.3,0.0,0.0,0.0,280.8,1.03,88.0,103050.0
1990-11-29 18:00:00+00:00,-2.39,42.05,0.0,0.0,0.0,281.4,1.17,128.0,102980.0
1990-11-29 19:00:00+00:00,-1.62,42.35,0.0,0.0,0.0,286.4,2.14,164.0,102870.0
1990-11-29 20:00:00+00:00,-1.1,42.45,0.0,0.0,0.0,288.55,2.76,180.0,102760.0
1990-11-29 21:00:00+00:00,-0.78,46.35,0.0,0.0,0.0,288.75,3.52,184.0,102730.0
1990-11-29 22:00:00+00:00,-0.59,50.35,0.0,0.0,0.0,286.8,4.48,182.0,102670.0
1990-11-29 23:00:00+00:00,-0.32,52.6,26.15,0.0,26.15,288.15,5.31,182.0,102630.0
1990-11-30 00:00:00+00:00,0.28,52.75,121.5,154.08,96.45,282.15,5.93,183.0,102600.0
1990-11-30 01:00:00+00:00,1.28,53.0,164.1,141.73,121.8,279.35,6.14,183.0,102570.0
1990-11-30 02:00:00+00:00,2.31,57.7,186.95,122.23,138.35,298.4,7.17,186.0,102520.0
1990-11-30 03:00:00+00:00,3.06,67.7,170.3,69.49,138.8,304.6,7.52,190.0,102440.0
1990-11-30 04:00:00+00:00,3.65,73.3,83.35,6.06,80.55,308.3,7.52,200.0,102350.0
1990-11-30 05:00:00+00:00,3.7,79.15,131.0,108.11,85.35,314.5,6.48,211.0,102270.0
1990-11-30 06:00:00+00:00,4.23,73.45,111.6,84.85,82.95,294.95,6.07,219.0,102210.0
1990-11-30 07:00:00+00:00,4.09,73.4,55.35,51.25,44.4,288.35,5.03,231.0,102210.0
1990-11-30 08:00:00+00:00,3.39,76.15,3.6,0.0,3.6,271.5,4.28,238.0,102210.0
1990-11-30 09:00:00+00:00,2.57,82.15,0.0,0.0,0.0,261.05,3.59,242.0,102260.0
1990-11-30 10:00:00+00:00,2.03,82.05,0.0,0.0,0.0,252.95,3.17,242.0,102300.0
1990-11-30 11:00:00+00:00,1.54,85.25,0.0,0.0,0.0,257.6,2.69,245.0,102300.0
1990-11-30 12:00:00+00:00,0.47,88.5,0.0,0.0,0.0,246.95,2.41,279.0,102350.0
1990-11-30 13:00:00+00:00,0.15,85.1,0.0,0.0,0.0,245.0,3.93,332.0,102420.0
1990-11-30 14:00:00+00:00,-0.59,69.75,0.0,0.0,0.0,234.55,5.03,360.0,102500.0
1990-11-30 15:00:00+00:00,-1.2,59.2,0.0,0.0,0.0,221.2,4.55,15.0,102550.0
1990-11-30 16:00:00+00:00,-5.49,52.09,0.0,0.0,0.0,214.79,2.45,25.0,102580.0
1990-11-30 17:00:00+00:00,-4.46,54.19,0.0,0.0,0.0,219.57,2.72,27.0,102580.0
1990-11-30 18:00:00+00:00,-3.42,56.28,0.0,0.0,0.0,224.35,3.0,29.0,102590.0
1990-11-30 19:00:00+00:00,-2.39,58.37,0.0,0.0,0.0,229.13,3.27,22.0,102610.0
1990-11-30 20:00:00+00:00,-1.35,60.46,0.0,0.0,0.0,233.9,3.55,24.0,102600.0
1990-11-30 21:00:00+00:00,-0.32,62.55,0.0,0.0,0.0,238.68,3.83,26.0,102550.0
1990-11-30 22:00:00+00:00,0.72,64.64,0.0,0.0,0.0,243.46,4.1,27.0,102550.0
1990-11-30 23:00:00+00:00,1.75,66.73,0.0,0.0,0.0,248.24,4.38,25.0,102570.0
1990-12-01 00:00:00+00:00,2.79,68.82,139.6,327.88,87.3,253.02,4.66,182.0,101240.0
1990-12-01 01:00:00+00:00,3.82,70.92,276.05,575.94,105.9,257.8,4.93,186.0,101260.0
1990-12-01 02:00:00+00:00,4.86,73.01,372.8,603.85,134.45,262.57,5.21,191.0,101240.0
1990-12-01 03:00:00+00:00,5.89,75.1,405.9,607.84,132.0,267.35,5.48,194.0,101180.0
1990-12-01 04:00:00+00:00,6.93,77.19,420.85,680.38,108.35,272.13,5.76,193.0,101090.0
1990-12-01 05:00:00+00:00,7.96,79.28,336.7,558.07,102.2,276.91,6.04,196.0,101000.0
1990-12-01 06:00:00+00:00,8.99,81.37,211.8,388.44,81.3,281.69,6.31,202.0,100940.0
1990-12-01 07:00:00+00:00,10.03,83.46,86.3,206.28,42.5,286.47,6.59,200.0,100930.0
1990-12-01 08:00:00+00:00,7.62,79.65,4.25,10.39,3.65,269.95,4.69,187.0,100930.0
1990-12-01 09:00:00+00:00,6.34,79.55,0.0,0.0,0.0,251.6,4.9,170.0,100900.0
1990-12-01 10:00:00+00:00,5.63,85.65,0.0,0.0,0.0,249.65,5.45,163.0,100890.0
1990-12-01 11:00:00+00:00,5.25,85.6,0.0,0.0,0.0,243.85,5.66,167.0,100880.0
1990-12-01 12:00:00+00:00,5.27,85.6,0.0,0.0,0.0,249.45,6.0,168.0,100850.0
1990-12-01 13:00:00+00:00,5.57,85.65,0.0,0.0,0.0,257.2,6.34,167.0,100840.0
1990-12-01 14:00:00+00:00,5.92,85.7,0.0,0.0,0.0,253.9,6.55,170.0,100800.0
1990-12-01 15:00:00+00:00,6.2,85.7,0.0,0.0,0.0,253.15,6.14,176.0,100800.0
1990-12-01 16:00:00+00:00,6.14,85.7,0.0,0.0,0.0,253.7,5.72,181.0,100770.0
1990-12-01 17:00:00+00:00,5.94,85.7,0.0,0.0,0.0,261.85,5.45,183.0,100720.0
1990-12-01 18:00:00+00:00,5.67,88.9,0.0,0.0,0.0,265.5,5.03,187.0,100700.0
1990-12-01 19:00:00+00:00,4.61,92.25,0.0,0.0,0.0,284.65,2.97,180.0,100800.0
1990-12-01 20:00:00+00:00,3.93,92.2,0.0,0.0,0.0,286.2,1.45,181.0,100770.0
1990-12-01 21:00:00+00:00,3.4,92.15,0.0,0.0,0.0,285.85,0.62,45.0,100770.0
1990-12-01 22:00:00+00:00,2.3,95.7,0.0,0.0,0.0,280.05,2.69,14.0,100770.0
1990-12-01 23:00:00+00:00,1.12,99.35,0.0,0.0,0.0,296.85,4.76,8.0,100830.0
1990-12-02 00:00:00+00:00,-0.21,95.6,81.25,65.81,70.95,299.95,5.59,12.0,100880.0
1990-12-02 01:00:00+00:00,-0.73,95.6,108.5,53.51,92.85,319.05,5.93,15.0,100950.0
1990-12-02 02:00:00+00:00,-0.94,88.4,98.8,0.0,98.8,316.8,6.0,18.0,101000.0
1990-12-02 03:00:00+00:00,-1.19,78.5,86.1,0.0,86.1,313.3,6.55,18.0,101040.0
1990-12-02 04:00:00+00:00,-1.67,69.55,90.25,3.61,88.6,307.9,7.59,14.0,101090.0
1990-12-02 05:00:00+00:00,-1.89,58.95,175.55,166.88,105.75,291.85,8.34,14.0,101170.0
1990-12-02 06:00:00+00:00,-1.97,54.3,156.9,204.26,88.6,260.1,8.76,14.0,101280.0
1990-12-02 07:00:00+00:00,-3.34,51.65,90.1,213.16,45.1,228.15,9.03,14.0,101520.0
1990-12-02 08:00:00+00:00,-4.06,47.45,4.25,11.44,3.6,207.65,8.14,15.0,101640.0
1990-12-02 09:00:00+00:00,-4.87,47.2,0.0,0.0,0.0,198.35,7.59,14.0,101780.0
1990-12-02 10:00:00+00:00,-5.38,45.05,0.0,0.0,0.0,196.8,7.24,13.0,101870.0
1990-12-02 11:00:00+00:00,-5.66,41.3,0.0,0.0,0.0,198.75,6.97,12.0,101940.0
1990-12-02 12:00:00+00:00,-5.85,39.4,0.0,0.0,0.0,195.45,6.76,10.0,102000.0
1990-12-02 13:00:00+00:00,-6.07,36.05,0.0,0.0,0.0,189.85,6.62,8.0,102040.0
1990-12-02 14:00:00+00:00,-6.34,35.9,0.0,0.0,0.0,186.35,6.76,4.0,102090.0
1990-12-02 15:00:00+00:00,-6.69,34.35,0.0,0.0,0.0,183.85,7.24,1.0,102180.0
1990-12-02 16:00:00+00:00,-7.14,34.2,0.0,0.0,0.0,181.7,7.24,360.0,102220.0
1990-12-02 17:00:00+00:00,-7.62,35.6,0.0,0.0,0.0,180.55,6.69,1.0,102250.0
1990-12-02 18:00:00+00:00,-8.15,35.45,0.0,0.0,0.0,177.05,6.48,2.0,102240.0
1990-12-02 19:00:00+00:00,-8.92,38.5,0.0,0.0,0.0,174.35,6.14,359.0,102310.0
1990-12-02 20:00:00+00:00,-9.22,36.8,0.0,0.0,0.0,175.15,5.66,359.0,102320.0
1990-12-02 21:00:00+00:00,-9.43,38.35,0.0,0.0,0.0,174.55,5.17,3.0,102350.0
1990-12-02 22:00:00+00:00,-9.65,38.35,0.0,0.0,0.0,175.15,4.9,13.0,102340.0
1990-12-02 23:00:00+00:00,-9.86,39.95,0.0,0.0,0.0,176.85,4.55,20.0,102320.0
1990-12-03 00:00:00+00:00,-9.7,38.35,191.05,796.64,68.7,177.25,4.41,25.0,102320.0
1990-12-03 01:00:00+00:00,-8.93,38.5,324.85,813.81,89.15,179.7,4.07,28.0,102350.0
1990-12-03 02:00:00+00:00,-7.94,37.1,416.85,814.45,99.85,182.7,3.17,28.0,102340.0
1990-12-03 03:00:00+00:00,-6.93,35.75,454.3,787.07,103.6,186.55,1.86,25.0,102310.0
1990-12-03 04:00:00+00:00,-6.02,34.5,433.6,730.56,101.3,190.4,0.76,19.0,102240.0
1990-12-03 05:00:00+00:00,-5.25,34.8,356.9,634.56,92.65,193.5,0.41,100.0,102140.0
1990-12-03 06:00:00+00:00,-4.53,34.95,234.45,475.8,76.05,196.6,1.1,133.0,102070.0
1990-12-03 07:00:00+00:00,-3.8,40.0,92.4,229.29,44.25,200.5,2.14,160.0,101980.0
1990-12-03 08:00:00+00:00,-3.71,45.5,4.1,9.81,3.55,203.6,2.41,163.0,101960.0
1990-12-03 09:00:00+00:00,-3.89,51.65,0.0,0.0,0.0,209.2,2.9,158.0,101910.0
1990-12-03 10:00:00+00:00,-3.66,56.2,0.0,0.0,0.0,212.5,3.52,157.0,101850.0
1990-12-03 11:00:00+00:00,-3.26,61.1,0.0,0.0,0.0,215.2,4.21,151.0,101750.0
1990-12-03 12:00:00+00:00,-2.83,61.2,0.0,0.0,0.0,215.95,5.1,156.0,101670.0
1990-12-03 13:00:00+00:00,-1.98,66.65,0.0,0.0,0.0,218.1,5.66,170.0,101580.0
1990-12-03 14:00:00+00:00,-0.95,72.5,0.0,0.0,0.0,221.2,6.07,179.0,101520.0
1990-12-03 15:00:00+00:00,-0.2,72.65,0.0,0.0,0.0,224.85,6.21,180.0,101450.0
1990-12-03 16:00:00+00:00,0.32,72.75,0.0,0.0,0.0,227.95,6.48,178.0,101410.0
1990-12-03 17:00:00+00:00,0.87,72.85,0.0,0.0,0.0,231.25,7.1,177.0,101270.0
1990-12-03 18:00:00+00:00,1.56,72.95,0.0,0.0,0.0,232.4,7.31,179.0,101170.0
1990-12-03 19:00:00+00:00,2.54,73.1,0.0,0.0,0.0,234.75,7.59,184.0,101130.0
1990-12-03 20:00:00+00:00,3.11,70.4,0.0,0.0,0.0,236.5,7.86,188.0,101060.0
1990-12-03 21:00:00+00:00,3.42,70.5,0.0,0.0,0.0,237.65,7.72,190.0,101020.0
1990-12-03 22:00:00+00:00,3.57,73.3,0.0,0.0,0.0,238.05,7.66,190.0,101000.0
1990-12-03 23:00:00+00:00,3.67,76.15,0.0,0.0,0.0,238.8,7.59,191.0,100990.0
1990-12-04 00:00:00+00:00,4.2,73.4,177.95,749.35,65.0,238.6,7.38,193.0,101000.0
1990-12-04 01:00:00+00:00,5.47,68.2,306.5,772.36,84.95,240.65,7.38,196.0,101020.0
1990-12-04 02:00:00+00:00,6.75,65.85,396.8,778.43,95.85,244.2,7.45,198.0,101010.0
1990-12-04 03:00:00+00:00,7.65,65.95,435.55,757.65,99.75,247.3,7.52,200.0,100950.0
1990-12-04 04:00:00+00:00,8.28,63.6,417.4,705.73,97.85,249.65,7.66,203.0,100860.0
1990-12-04 05:00:00+00:00,8.53,63.7,344.15,613.68,89.65,250.6,7.86,205.0,100780.0
1990-12-04 06:00:00+00:00,8.4,63.7,226.25,461.01,73.4,251.2,7.72,204.0,100740.0
1990-12-04 07:00:00+00:00,7.9,63.6,88.9,221.78,42.55,251.75,7.66,196.0,100680.0
1990-12-04 08:00:00+00:00,6.9,65.85,3.95,9.93,3.4,250.2,7.52,194.0,100660.0
1990-12-04 09:00:00+00:00,5.92,68.3,0.0,0.0,0.0,249.05,7.52,192.0,100640.0
1990-12-04 10:00:00+00:00,5.51,70.85,0.0,0.0,0.0,247.3,7.72,193.0,100670.0
1990-12-04 11:00:00+00:00,5.39,70.85,0.0,0.0,0.0,246.75,7.86,197.0,100620.0
1990-12-04 12:00:00+00:00,5.48,70.85,0.0,0.0,0.0,246.35,7.79,201.0,100630.0
1990-12-04 13:00:00+00:00,5.55,70.85,0.0,0.0,0.0,245.6,6.83,210.0,100720.0
1990-12-04 14:00:00+00:00,5.43,73.65,0.0,0.0,0.0,245.95,6.41,212.0,100750.0
1990-12-04 15:00:00+00:00,5.27,76.4,0.0,0.0,0.0,246.75,6.14,212.0,100760.0
1990-12-04 16:00:00+00:00,5.04,79.35,0.0,0.0,0.0,248.85,5.45,216.0,100800.0
1990-12-04 17:00:00+00:00,4.61,79.3,0.0,0.0,0.0,247.3,4.55,221.0,100830.0
1990-12-04 18:00:00+00:00,4.04,82.3,0.0,0.0,0.0,247.15,3.66,227.0,100880.0
1990-12-04 19:00:00+00:00,3.41,85.45,0.0,0.0,0.0,247.9,2.28,255.0,100970.0
1990-12-04 20:00:00+00:00,2.24,92.1,0.0,0.0,0.0,245.6,3.03,346.0,101040.0
1990-12-04 21:00:00+00:00,0.94,81.95,0.0,0.0,0.0,239.95,6.76,15.0,101190.0
1990-12-04 22:00:00+00:00,-0.98,64.25,0.0,0.0,0.0,237.05,8.48,24.0,101370.0
1990-12-04 23:00:00+00:00,-2.11,58.95,0.0,0.0,0.0,233.2,8.48,27.0,101520.0
1990-12-05 00:00:00+00:00,-2.74,58.85,171.05,689.73,69.0,227.75,8.14,27.0,101670.0
1990-12-05 01:00:00+00:00,-2.75,58.75,285.35,628.52,106.75,223.45,8.69,24.0,101810.0
1990-12-05 02:00:00+00:00,-2.42,54.15,383.15,728.86,103.2,225.25,8.62,22.0,101890.0
1990-12-05 03:00:00+00:00,-1.96,52.05,430.4,719.93,112.95,221.75,8.34,21.0,101920.0
1990-12-05 04:00:00+00:00,-1.4,48.05,407.7,642.24,118.15,219.25,8.0,20.0,101920.0
1990-12-05 05:00:00+00:00,-1.09,44.3,311.55,416.72,139.4,220.8,8.0,18.0,101930.0
1990-12-05 06:00:00+00:00,-1.16,42.45,208.3,320.6,102.4,224.85,8.21,17.0,101950.0
1990-12-05 07:00:00+00:00,-1.54,40.55,80.25,112.44,56.85,226.2,8.21,14.0,102050.0
1990-12-05 08:00:00+00:00,-2.16,40.4,3.8,0.91,3.75,227.4,7.72,14.0,102150.0
1990-12-05 09:00:00+00:00,-2.77,41.9,0.0,0.0,0.0,228.15,7.72,16.0,102260.0
1990-12-05 10:00:00+00:00,-3.19,40.15,0.0,0.0,0.0,228.75,7.79,18.0,102340.0
1990-12-05 11:00:00+00:00,-3.54,41.75,0.0,0.0,0.0,225.65,7.66,20.0,102390.0
1990-12-05 12:00:00+00:00,-3.78,41.75,0.0,0.0,0.0,224.1,7.24,22.0,102420.0
1990-12-05 13:00:00+00:00,-4.0,41.75,0.0,0.0,0.0,215.0,6.62,23.0,102480.0
1990-12-05 14:00:00+00:00,-4.19,41.75,0.0,0.0,0.0,208.4,6.0,22.0,102490.0
1990-12-05 15:00:00+00:00,-4.28,45.35,0.0,0.0,0.0,205.3,5.45,20.0,102550.0
1990-12-05 16:00:00+00:00,-4.35,45.35,0.0,0.0,0.0,201.25,5.1,16.0,102570.0
1990-12-05 17:00:00+00:00,-4.32,43.45,0.0,0.0,0.0,200.85,5.38,11.0,102560.0
1990-12-05 18:00:00+00:00,-4.35,38.15,0.0,0.0,0.0,194.85,6.14,7.0,102620.0
1990-12-05 19:00:00+00:00,-4.79,31.85,0.0,0.0,0.0,183.85,6.97,4.0,102680.0
1990-12-05 20:00:00+00:00,-5.35,31.7,0.0,0.0,0.0,180.55,6.83,5.0,102670.0
1990-12-05 21:00:00+00:00,-5.77,31.7,0.0,0.0,0.0,179.6,6.48,5.0,102670.0
1990-12-05 22:00:00+00:00,-6.05,33.0,0.0,0.0,0.0,179.4,6.14,5.0,102710.0
1990-12-05 23:00:00+00:00,-6.26,33.0,0.0,0.0,0.0,179.0,5.86,6.0,102740.0
1990-12-06 00:00:00+00:00,-6.04,33.0,186.4,821.64,67.05,179.0,5.38,8.0,102820.0
1990-12-06 01:00:00+00:00,-5.49,30.3,322.45,833.22,87.85,179.7,5.93,8.0,102850.0
1990-12-06 02:00:00+00:00,-4.72,29.25,417.55,835.4,98.7,180.35,6.34,5.0,102870.0
1990-12-06 03:00:00+00:00,-3.93,29.4,457.8,809.05,102.8,181.3,6.21,3.0,102820.0
1990-12-06 04:00:00+00:00,-3.21,28.25,437.85,750.67,100.8,184.25,5.93,1.0,102730.0
1990-12-06 05:00:00+00:00,-2.59,28.4,360.9,651.82,92.6,187.15,5.59,357.0,102650.0
1990-12-06 06:00:00+00:00,-2.16,28.55,238.6,493.33,76.2,190.25,5.38,351.0,102620.0
1990-12-06 07:00:00+00:00,-2.31,29.7,94.7,242.6,44.4,191.0,4.97,346.0,102560.0
1990-12-06 08:00:00+00:00,-2.75,33.75,4.1,11.96,3.45,191.75,3.93,347.0,102520.0
1990-12-06 09:00:00+00:00,-3.5,36.65,0.0,0.0,0.0,191.4,3.38,349.0,102530.0
1990-12-06 10:00:00+00:00,-3.86,38.3,0.0,0.0,0.0,191.75,2.83,353.0,102530.0
1990-12-06 11:00:00+00:00,-4.47,38.15,0.0,0.0,0.0,191.6,1.93,9.0,102530.0
1990-12-06 12:00:00+00:00,-5.16,39.7,0.0,0.0,0.0,191.95,1.45,68.0,102500.0
1990-12-06 13:00:00+00:00,-6.02,44.9,0.0,0.0,0.0,192.55,1.66,116.0,102450.0
1990-12-06 14:00:00+00:00,-6.24,46.9,0.0,0.0,0.0,192.35,1.93,150.0,102410.0
1990-12-06 15:00:00+00:00,-5.94,49.0,0.0,0.0,0.0,193.3,2.41,162.0,102350.0
1990-12-06 16:00:00+00:00,-5.39,49.1,0.0,0.0,0.0,194.5,2.97,163.0,102290.0
1990-12-06 17:00:00+00:00,-4.89,47.2,0.0,0.0,0.0,195.65,3.38,162.0,102180.0
1990-12-06 18:00:00+00:00,-4.49,47.35,0.0,0.0,0.0,197.95,3.59,162.0,102090.0
1990-12-06 19:00:00+00:00,-2.97,61.2,0.0,0.0,0.0,204.75,4.41,179.0,101930.0
1990-12-06 20:00:00+00:00,-2.52,61.35,0.0,0.0,0.0,205.3,3.93,193.0,101800.0
1990-12-06 21:00:00+00:00,-2.42,63.9,0.0,0.0,0.0,204.35,3.24,208.0,101710.0
1990-12-06 22:00:00+00:00,-2.74,61.35,0.0,0.0,0.0,204.15,2.76,222.0,101650.0
1990-12-06 23:00:00+00:00,-3.43,63.7,0.0,0.0,0.0,203.95,2.41,225.0,101570.0
1990-12-07 00:00:00+00:00,-3.07,61.2,177.05,786.93,64.8,204.15,2.34,211.0,101550.0
1990-12-07 01:00:00+00:00,0.1,50.5,307.65,790.37,87.1,206.2,2.69,199.0,101510.0
1990-12-07 02:00:00+00:00,2.08,43.3,401.6,806.1,95.8,208.8,3.59,198.0,101450.0
1990-12-07 03:00:00+00:00,3.28,38.55,441.75,788.36,97.45,212.1,4.55,207.0,101350.0
1990-12-07 04:00:00+00:00,3.97,35.75,392.15,565.32,139.3,214.6,5.24,220.0,101200.0
1990-12-07 05:00:00+00:00,4.15,35.75,295.2,344.19,154.0,222.75,5.45,231.0,101080.0
1990-12-07 06:00:00+00:00,3.95,38.85,186.85,241.64,107.55,230.65,5.03,234.0,100990.0
1990-12-07 07:00:00+00:00,3.26,45.4,88.4,213.86,44.2,234.95,4.07,236.0,100960.0
1990-12-07 08:00:00+00:00,2.22,51.0,3.85,9.26,3.35,222.95,3.59,242.0,100960.0
1990-12-07 09:00:00+00:00,1.0,55.05,0.0,0.0,0.0,219.85,2.69,241.0,100930.0
1990-12-07 10:00:00+00:00,-0.18,59.45,0.0,0.0,0.0,238.6,2.0,249.0,100970.0
1990-12-07 11:00:00+00:00,0.59,57.2,0.0,0.0,0.0,256.4,0.83,227.0,100960.0
1990-12-07 12:00:00+00:00,-0.08,61.9,0.0,0.0,0.0,256.4,1.1,154.0,100920.0
1990-12-07 13:00:00+00:00,-2.25,81.5,0.0,0.0,0.0,239.95,1.72,138.0,100890.0
1990-12-07 14:00:00+00:00,-3.16,84.8,0.0,0.0,0.0,225.85,1.86,136.0,100820.0
1990-12-07 15:00:00+00:00,-3.23,84.8,0.0,0.0,0.0,216.75,1.72,140.0,100790.0
1990-12-07 16:00:00+00:00,-1.98,78.35,0.0,0.0,0.0,218.3,1.03,140.0,100760.0
1990-12-07 17:00:00+00:00,-1.87,78.35,0.0,0.0,0.0,224.65,0.62,39.0,100750.0
1990-12-07 18:00:00+00:00,-4.12,78.15,0.0,0.0,0.0,225.05,2.41,21.0,100760.0
1990-12-07 19:00:00+00:00,-3.28,66.35,0.0,0.0,0.0,251.2,4.62,9.0,100890.0
1990-12-07 20:00:00+00:00,-3.55,58.6,0.0,0.0,0.0,256.6,5.17,16.0,100880.0
1990-12-07 21:00:00+00:00,-3.93,51.65,0.0,0.0,0.0,250.8,5.17,21.0,100940.0
1990-12-07 22:00:00+00:00,-4.25,47.45,0.0,0.0,0.0,248.1,4.97,21.0,100980.0
1990-12-07 23:00:00+00:00,-4.56,45.35,0.0,0.0,0.0,240.15,4.69,20.0,101040.0
1990-12-08 00:00:00+00:00,-4.72,45.35,152.9,694.11,55.65,219.45,4.41,17.0,101130.0
1990-12-08 01:00:00+00:00,-4.14,43.6,311.5,822.59,83.95,197.7,4.55,15.0,101210.0
1990-12-08 02:00:00+00:00,-3.07,41.9,408.2,828.88,95.6,192.75,4.28,12.0,101220.0
1990-12-08 03:00:00+00:00,-2.02,40.4,448.55,802.35,99.7,194.85,4.14,8.0,101210.0
1990-12-08 04:00:00+00:00,-1.25,38.9,431.0,748.02,97.65,196.4,4.0,4.0,101160.0
1990-12-08 05:00:00+00:00,-0.75,37.4,357.3,655.9,89.05,197.95,3.93,1.0,101140.0
1990-12-08 06:00:00+00:00,-0.53,35.95,233.1,475.74,77.4,198.15,4.07,355.0,101160.0
1990-12-08 07:00:00+00:00,-0.26,39.15,90.25,217.34,45.45,210.35,4.55,338.0,101210.0
1990-12-08 08:00:00+00:00,-0.71,40.85,3.9,10.23,3.35,214.4,4.14,352.0,101270.0
1990-12-08 09:00:00+00:00,-1.87,45.9,0.0,0.0,0.0,206.7,4.69,360.0,101340.0
1990-12-08 10:00:00+00:00,-2.71,47.75,0.0,0.0,0.0,204.75,5.31,1.0,101420.0
1990-12-08 11:00:00+00:00,-3.37,49.55,0.0,0.0,0.0,198.35,5.79,6.0,101490.0
1990-12-08 12:00:00+00:00,-4.04,49.55,0.0,0.0,0.0,195.85,5.72,15.0,101570.0
1990-12-08 13:00:00+00:00,-4.75,49.4,0.0,0.0,0.0,192.35,5.17,24.0,101610.0
1990-12-08 14:00:00+00:00,-5.38,51.25,0.0,0.0,0.0,190.05,4.69,33.0,101630.0
1990-12-08 15:00:00+00:00,-5.92,53.35,0.0,0.0,0.0,188.7,4.55,42.0,101650.0
1990-12-08 16:00:00+00:00,-6.36,55.55,0.0,0.0,0.0,187.3,4.34,47.0,101650.0
1990-12-08 17:00:00+00:00,-6.69,53.25,0.0,0.0,0.0,187.15,3.93,47.0,101660.0
1990-12-08 18:00:00+00:00,-6.94,55.45,0.0,0.0,0.0,186.95,3.59,46.0,101690.0
1990-12-08 19:00:00+00:00,-6.74,55.55,0.0,0.0,0.0,189.65,2.76,49.0,101670.0
1990-12-08 20:00:00+00:00,-6.91,57.85,0.0,0.0,0.0,189.45,2.62,63.0,101620.0
1990-12-08 21:00:00+00:00,-6.91,55.45,0.0,0.0,0.0,191.6,2.21,81.0,101610.0
1990-12-08 22:00:00+00:00,-6.75,51.0,0.0,0.0,0.0,192.95,2.28,100.0,101610.0
1990-12-08 23:00:00+00:00,-6.45,51.0,0.0,0.0,0.0,195.05,2.83,110.0,101600.0
1990-12-09 00:00:00+00:00,-5.53,47.05,171.5,786.74,63.2,198.15,3.24,118.0,101570.0
1990-12-09 01:00:00+00:00,-3.61,40.0,306.25,813.53,83.1,201.0,3.52,131.0,101560.0
1990-12-09 02:00:00+00:00,-1.69,34.15,390.6,790.63,94.1,204.15,3.52,146.0,101520.0
1990-12-09 03:00:00+00:00,0.02,31.75,388.1,661.17,101.85,216.35,3.93,164.0,101410.0
1990-12-09 04:00:00+00:00,1.38,32.2,260.2,356.53,101.85,235.7,4.97,179.0,101280.0
1990-12-09 05:00:00+00:00,1.91,36.7,125.7,53.45,103.9,268.2,6.07,182.0,101140.0
1990-12-09 06:00:00+00:00,1.95,41.55,108.6,78.41,83.0,288.95,6.69,177.0,101060.0
1990-12-09 07:00:00+00:00,1.96,51.0,67.5,144.63,37.75,298.8,7.59,168.0,101000.0
1990-12-09 08:00:00+00:00,1.61,57.45,3.35,6.53,3.0,268.4,7.66,162.0,100920.0
1990-12-09 09:00:00+00:00,1.2,64.65,0.0,0.0,0.0,253.3,7.59,160.0,100860.0
1990-12-09 10:00:00+00:00,1.28,70.05,0.0,0.0,0.0,251.0,7.59,161.0,100800.0
1990-12-09 11:00:00+00:00,1.5,72.95,0.0,0.0,0.0,232.05,7.52,163.0,100740.0
1990-12-09 12:00:00+00:00,1.99,73.0,0.0,0.0,0.0,235.5,7.59,165.0,100740.0
1990-12-09 13:00:00+00:00,2.4,70.3,0.0,0.0,0.0,232.6,7.72,165.0,100710.0
1990-12-09 14:00:00+00:00,2.97,67.7,0.0,0.0,0.0,236.85,8.97,168.0,100630.0
1990-12-09 15:00:00+00:00,3.45,67.8,0.0,0.0,0.0,242.3,9.1,169.0,100540.0
1990-12-09 16:00:00+00:00,3.72,73.3,0.0,0.0,0.0,243.45,9.03,171.0,100430.0
1990-12-09 17:00:00+00:00,3.93,73.4,0.0,0.0,0.0,245.75,9.03,172.0,100310.0
1990-12-09 18:00:00+00:00,4.07,76.25,0.0,0.0,0.0,244.6,8.9,172.0,100210.0
1990-12-09 19:00:00+00:00,4.27,79.2,0.0,0.0,0.0,245.75,8.62,174.0,100150.0
1990-12-09 20:00:00+00:00,4.39,79.3,0.0,0.0,0.0,249.85,8.55,175.0,100010.0
1990-12-09 21:00:00+00:00,4.47,79.3,0.0,0.0,0.0,247.7,8.34,177.0,99900.0
1990-12-09 22:00:00+00:00,4.62,82.35,0.0,0.0,0.0,254.85,8.0,180.0,99820.0
1990-12-09 23:00:00+00:00,4.65,82.35,0.0,0.0,0.0,257.4,7.66,182.0,99740.0
1990-12-10 00:00:00+00:00,4.99,82.4,149.2,626.05,64.5,265.9,7.38,186.0,99710.0
1990-12-10 01:00:00+00:00,5.92,76.55,233.75,514.03,93.9,273.95,6.97,193.0,99660.0
1990-12-10 02:00:00+00:00,6.54,76.65,344.35,622.52,112.15,274.4,6.14,205.0,99610.0
1990-12-10 03:00:00+00:00,6.75,76.65,405.95,701.85,103.3,257.95,5.93,232.0,99560.0
1990-12-10 04:00:00+00:00,6.23,73.7,384.25,647.32,97.65,248.65,5.93,271.0,99530.0
1990-12-10 05:00:00+00:00,4.52,70.7,297.65,461.52,109.9,252.75,7.38,317.0,99620.0
1990-12-10 06:00:00+00:00,1.63,59.8,139.0,141.94,92.75,252.55,8.97,335.0,99860.0
1990-12-10 07:00:00+00:00,-1.54,54.4,45.45,63.06,32.5,265.7,8.55,352.0,100260.0
1990-12-10 08:00:00+00:00,-3.21,51.8,1.45,0.0,1.45,271.1,8.07,354.0,100540.0
1990-12-10 09:00:00+00:00,-4.13,47.45,0.0,0.0,0.0,274.6,7.45,356.0,100780.0
1990-12-10 10:00:00+00:00,-4.51,45.35,0.0,0.0,0.0,246.75,6.83,354.0,100960.0
1990-12-10 11:00:00+00:00,-4.82,43.3,0.0,0.0,0.0,216.75,7.52,346.0,101120.0
1990-12-10 12:00:00+00:00,-5.36,37.85,0.0,0.0,0.0,205.3,8.69,342.0,101260.0
1990-12-10 13:00:00+00:00,-6.25,31.55,0.0,0.0,0.0,194.5,8.97,340.0,101430.0
1990-12-10 14:00:00+00:00,-7.16,31.25,0.0,0.0,0.0,177.45,8.41,338.0,101550.0
1990-12-10 15:00:00+00:00,-7.83,32.4,0.0,0.0,0.0,171.05,7.93,336.0,101660.0
1990-12-10 16:00:00+00:00,-8.29,30.95,0.0,0.0,0.0,168.75,7.59,335.0,101760.0
1990-12-10 17:00:00+00:00,-8.63,30.8,0.0,0.0,0.0,166.6,7.24,334.0,101870.0
1990-12-10 18:00:00+00:00,-8.89,32.1,0.0,0.0,0.0,165.05,6.83,334.0,101940.0
1990-12-10 19:00:00+00:00,-9.34,31.95,0.0,0.0,0.0,163.5,6.21,337.0,102000.0
1990-12-10 20:00:00+00:00,-9.48,31.95,0.0,0.0,0.0,163.15,5.86,336.0,102000.0
1990-12-10 21:00:00+00:00,-9.51,31.95,0.0,0.0,0.0,163.5,5.31,335.0,102040.0
1990-12-10 22:00:00+00:00,-9.48,31.95,0.0,0.0,0.0,163.9,4.41,336.0,102060.0
1990-12-10 23:00:00+00:00,-9.39,31.95,0.0,0.0,0.0,164.1,3.45,338.0,102100.0
1990-12-11 00:00:00+00:00,-9.0,30.65,176.9,852.92,63.45,165.25,2.48,342.0,102140.0
1990-12-11 01:00:00+00:00,-8.08,28.25,313.5,848.55,84.45,167.3,1.52,342.0,102150.0
1990-12-11 02:00:00+00:00,-7.13,27.25,409.8,849.39,94.6,170.5,0.28,332.0,102130.0
1990-12-11 03:00:00+00:00,-6.06,28.8,451.05,820.3,98.65,173.6,0.83,187.0,102090.0
1990-12-11 04:00:00+00:00,-4.85,30.45,432.75,760.64,96.95,177.45,2.07,205.0,101980.0
1990-12-11 05:00:00+00:00,-3.44,33.6,357.75,660.4,89.7,182.7,3.17,219.0,101880.0
1990-12-11 06:00:00+00:00,-1.95,31.2,218.35,390.88,91.2,188.3,4.14,240.0,101810.0
1990-12-11 07:00:00+00:00,-2.13,31.2,76.3,104.31,54.9,212.3,3.17,265.0,101840.0
1990-12-11 08:00:00+00:00,-2.08,32.55,2.95,1.86,2.85,219.85,2.41,290.0,101820.0
1990-12-11 09:00:00+00:00,-2.86,36.8,0.0,0.0,0.0,226.8,1.38,305.0,101840.0
1990-12-11 10:00:00+00:00,-3.78,40.0,0.0,0.0,0.0,220.05,1.03,318.0,101890.0
1990-12-11 11:00:00+00:00,-4.73,41.6,0.0,0.0,0.0,216.35,1.45,13.0,101920.0
1990-12-11 12:00:00+00:00,-5.26,45.2,0.0,0.0,0.0,206.1,2.9,36.0,101950.0
1990-12-11 13:00:00+00:00,-5.67,49.1,0.0,0.0,0.0,201.25,4.41,51.0,101980.0
1990-12-11 14:00:00+00:00,-5.8,49.0,0.0,0.0,0.0,209.6,4.83,57.0,102010.0
1990-12-11 15:00:00+00:00,-5.96,44.9,0.0,0.0,0.0,199.9,4.62,56.0,102000.0
1990-12-11 16:00:00+00:00,-6.16,44.9,0.0,0.0,0.0,194.3,4.34,57.0,101980.0
1990-12-11 17:00:00+00:00,-6.15,44.9,0.0,0.0,0.0,199.15,3.86,60.0,101980.0
1990-12-11 18:00:00+00:00,-5.88,44.9,0.0,0.0,0.0,208.05,3.45,67.0,101920.0
1990-12-11 19:00:00+00:00,-4.56,51.55,0.0,0.0,0.0,225.25,2.41,90.0,101830.0
1990-12-11 20:00:00+00:00,-4.42,56.1,0.0,0.0,0.0,218.5,2.41,94.0,101740.0
1990-12-11 21:00:00+00:00,-4.05,56.2,0.0,0.0,0.0,229.15,2.48,101.0,101690.0
1990-12-11 22:00:00+00:00,-3.31,58.6,0.0,0.0,0.0,247.5,2.55,111.0,101670.0
1990-12-11 23:00:00+00:00,-2.87,56.35,0.0,0.0,0.0,249.85,2.34,114.0,101670.0
1990-12-12 00:00:00+00:00,-2.45,56.45,128.65,506.02,62.45,248.1,2.07,103.0,101730.0
1990-12-12 01:00:00+00:00,-1.2,52.35,229.5,501.32,95.2,247.6,2.21,80.0,101780.0
1990-12-12 02:00:00+00:00,-0.29,54.7,275.9,426.5,118.4,257.75,2.62,55.0,101800.0
1990-12-12 03:00:00+00:00,-0.28,56.95,220.45,256.02,110.85,276.15,3.66,23.0,101750.0
1990-12-12 04:00:00+00:00,-2.07,56.6,133.25,100.16,89.15,287.0,6.0,7.0,101700.0
1990-12-12 05:00:00+00:00,-5.07,60.85,85.65,35.92,71.1,296.85,8.07,8.0,101780.0
1990-12-12 06:00:00+00:00,-7.54,62.9,40.2,3.39,39.1,291.85,8.69,14.0,101880.0
1990-12-12 07:00:00+00:00,-8.74,62.65,20.05,11.46,17.7,287.6,9.03,20.0,102020.0
1990-12-12 08:00:00+00:00,-9.65,68.0,0.85,0.0,0.85,284.3,9.24,22.0,102150.0
1990-12-12 09:00:00+00:00,-10.24,70.9,0.0,0.0,0.0,275.2,9.45,24.0,102280.0
1990-12-12 10:00:00+00:00,-10.58,70.8,0.0,0.0,0.0,275.0,9.66,26.0,102400.0
1990-12-12 11:00:00+00:00,-10.87,73.8,0.0,0.0,0.0,272.1,9.38,27.0,102520.0
1990-12-12 12:00:00+00:00,-11.19,70.7,0.0,0.0,0.0,270.55,9.59,27.0,102610.0
1990-12-12 13:00:00+00:00,-11.54,70.6,0.0,0.0,0.0,268.05,9.72,27.0,102670.0
1990-12-12 14:00:00+00:00,-11.91,70.5,0.0,0.0,0.0,266.5,9.79,26.0,102710.0
1990-12-12 15:00:00+00:00,-12.37,67.4,0.0,0.0,0.0,263.75,9.93,27.0,102770.0
1990-12-12 16:00:00+00:00,-12.88,64.35,0.0,0.0,0.0,263.75,10.0,29.0,102830.0
1990-12-12 17:00:00+00:00,-13.27,61.55,0.0,0.0,0.0,260.5,10.0,29.0,102830.0
1990-12-12 18:00:00+00:00,-13.67,61.45,0.0,0.0,0.0,256.05,9.86,30.0,102850.0
1990-12-12 19:00:00+00:00,-13.85,58.6,0.0,0.0,0.0,247.3,9.59,29.0,102890.0
1990-12-12 20:00:00+00:00,-14.4,58.6,0.0,0.0,0.0,244.6,9.52,30.0,102860.0
1990-12-12 21:00:00+00:00,-14.72,58.6,0.0,0.0,0.0,236.65,9.52,26.0,102890.0
1990-12-12 22:00:00+00:00,-14.93,58.5,0.0,0.0,0.0,241.3,9.45,28.0,102950.0
1990-12-12 23:00:00+00:00,-15.14,58.5,0.0,0.0,0.0,249.45,9.31,29.0,102960.0
1990-12-13 00:00:00+00:00,-15.3,55.9,107.25,138.67,89.4,236.5,9.31,27.0,102990.0
1990-12-13 01:00:00+00:00,-14.9,53.4,220.15,299.49,140.5,225.75,9.45,26.0,103050.0
1990-12-13 02:00:00+00:00,-14.41,51.15,314.4,340.87,189.1,221.4,9.38,27.0,103050.0
1990-12-13 03:00:00+00:00,-13.78,49.0,419.5,684.09,127.6,208.05,9.17,26.0,103010.0
1990-12-13 04:00:00+00:00,-13.21,46.95,412.0,656.78,123.5,191.75,9.03,26.0,102910.0
1990-12-13 05:00:00+00:00,-12.79,45.0,345.25,594.8,104.7,185.95,8.83,26.0,102850.0
1990-12-13 06:00:00+00:00,-12.59,45.0,235.7,480.82,79.65,179.4,8.69,27.0,102830.0
1990-12-13 07:00:00+00:00,-12.58,45.0,95.4,249.89,44.15,177.25,8.14,27.0,102760.0
1990-12-13 08:00:00+00:00,-13.03,46.95,4.2,14.77,3.4,174.35,7.45,29.0,102760.0
1990-12-13 09:00:00+00:00,-13.65,51.3,0.0,0.0,0.0,171.65,7.03,30.0,102840.0
1990-12-13 10:00:00+00:00,-14.11,53.55,0.0,0.0,0.0,172.4,6.55,32.0,102930.0
1990-12-13 11:00:00+00:00,-14.54,51.15,0.0,0.0,0.0,169.3,6.07,35.0,102980.0
1990-12-13 12:00:00+00:00,-14.78,51.15,0.0,0.0,0.0,176.1,5.66,36.0,103010.0
1990-12-13 13:00:00+00:00,-15.0,53.4,0.0,0.0,0.0,169.3,5.1,35.0,103080.0
1990-12-13 14:00:00+00:00,-15.17,51.0,0.0,0.0,0.0,166.25,4.76,36.0,103060.0
1990-12-13 15:00:00+00:00,-15.05,51.0,0.0,0.0,0.0,186.55,4.41,34.0,103050.0
1990-12-13 16:00:00+00:00,-14.96,48.75,0.0,0.0,0.0,188.85,4.0,33.0,103030.0
1990-12-13 17:00:00+00:00,-15.05,48.75,0.0,0.0,0.0,175.7,4.0,29.0,102980.0
1990-12-13 18:00:00+00:00,-15.18,48.75,0.0,0.0,0.0,156.95,3.59,25.0,103020.0
1990-12-13 19:00:00+00:00,-15.16,48.75,0.0,0.0,0.0,157.5,3.45,25.0,102960.0
1990-12-13 20:00:00+00:00,-15.2,46.55,0.0,0.0,0.0,155.6,3.17,24.0,102940.0
1990-12-13 21:00:00+00:00,-15.25,46.55,0.0,0.0,0.0,154.25,2.97,22.0,102920.0
1990-12-13 22:00:00+00:00,-15.26,46.55,0.0,0.0,0.0,153.45,2.76,20.0,102940.0
1990-12-13 23:00:00+00:00,-15.18,46.55,0.0,0.0,0.0,153.45,2.62,14.0,102960.0
1990-12-14 00:00:00+00:00,-14.66,42.55,173.45,864.12,63.95,153.65,2.69,4.0,103000.0
1990-12-14 01:00:00+00:00,-13.44,38.9,313.55,855.87,87.5,154.9,3.31,353.0,103040.0
1990-12-14 02:00:00+00:00,-12.19,32.7,414.85,862.71,99.1,155.6,4.14,343.0,103050.0
1990-12-14 03:00:00+00:00,-11.28,30.05,460.05,837.05,103.95,155.4,4.69,335.0,103010.0
1990-12-14 04:00:00+00:00,-10.55,28.85,444.25,778.05,103.2,157.5,4.83,327.0,102920.0
1990-12-14 05:00:00+00:00,-9.87,28.95,371.05,687.48,93.4,158.85,4.97,322.0,102830.0
1990-12-14 06:00:00+00:00,-9.1,26.65,243.7,504.39,80.1,160.4,5.31,317.0,102800.0
1990-12-14 07:00:00+00:00,-9.33,27.8,96.9,239.01,47.85,162.55,5.45,317.0,102730.0
1990-12-14 08:00:00+00:00,-9.33,29.1,4.35,11.91,3.7,164.3,4.97,325.0,102730.0
1990-12-14 09:00:00+00:00,-9.77,29.1,0.0,0.0,0.0,167.0,4.55,337.0,102770.0
1990-12-14 10:00:00+00:00,-10.1,30.35,0.0,0.0,0.0,170.3,4.14,351.0,102790.0
1990-12-14 11:00:00+00:00,-10.48,31.65,0.0,0.0,0.0,173.4,3.72,6.0,102790.0
1990-12-14 12:00:00+00:00,-10.91,33.0,0.0,0.0,0.0,164.1,3.66,7.0,102810.0
1990-12-14 13:00:00+00:00,-11.23,31.5,0.0,0.0,0.0,161.0,4.21,359.0,102830.0
1990-12-14 14:00:00+00:00,-11.47,31.35,0.0,0.0,0.0,161.0,5.31,350.0,102870.0
1990-12-14 15:00:00+00:00,-11.96,34.25,0.0,0.0,0.0,160.4,6.07,345.0,102870.0
1990-12-14 16:00:00+00:00,-12.47,35.75,0.0,0.0,0.0,164.7,6.21,341.0,102900.0
1990-12-14 17:00:00+00:00,-12.95,37.3,0.0,0.0,0.0,164.1,6.0,336.0,102910.0
1990-12-14 18:00:00+00:00,-13.26,37.3,0.0,0.0,0.0,166.05,5.93,331.0,102930.0
1990-12-14 19:00:00+00:00,-12.87,39.05,0.0,0.0,0.0,165.65,5.86,332.0,102940.0
1990-12-14 20:00:00+00:00,-13.11,39.05,0.0,0.0,0.0,167.75,5.79,331.0,102890.0
1990-12-14 21:00:00+00:00,-13.34,39.05,0.0,0.0,0.0,168.75,5.66,332.0,102850.0
1990-12-14 22:00:00+00:00,-13.55,40.75,0.0,0.0,0.0,170.1,5.52,334.0,102780.0
1990-12-14 23:00:00+00:00,-13.72,40.75,0.0,0.0,0.0,168.35,5.31,335.0,102780.0
1990-12-15 00:00:00+00:00,-13.52,40.75,157.55,683.07,72.3,169.9,4.97,336.0,102780.0
1990-12-15 01:00:00+00:00,-12.75,35.75,296.85,790.84,89.35,171.15,5.17,335.0,102780.0
1990-12-15 02:00:00+00:00,-11.92,34.25,398.9,797.35,108.25,169.5,5.17,335.0,102760.0
1990-12-15 03:00:00+00:00,-11.13,31.5,447.15,795.15,109.8,169.7,4.83,335.0,102720.0
1990-12-15 04:00:00+00:00,-10.46,30.2,433.95,748.29,106.55,168.75,4.21,331.0,102600.0
1990-12-15 05:00:00+00:00,-9.86,30.35,366.45,677.2,93.25,167.0,3.93,323.0,102480.0
1990-12-15 06:00:00+00:00,-9.3,27.95,238.6,478.92,83.3,166.4,3.79,314.0,102410.0
1990-12-15 07:00:00+00:00,-8.98,27.95,97.1,245.3,46.7,169.15,4.34,309.0,102390.0
1990-12-15 08:00:00+00:00,-8.91,27.95,4.45,13.61,3.7,170.1,3.79,306.0,102340.0
1990-12-15 09:00:00+00:00,-9.06,29.25,0.0,0.0,0.0,172.25,3.17,310.0,102310.0
1990-12-15 10:00:00+00:00,-9.1,29.25,0.0,0.0,0.0,179.4,2.62,314.0,102270.0
1990-12-15 11:00:00+00:00,-9.26,29.25,0.0,0.0,0.0,182.1,2.07,319.0,102240.0
1990-12-15 12:00:00+00:00,-9.99,33.3,0.0,0.0,0.0,178.25,1.59,344.0,102210.0
1990-12-15 13:00:00+00:00,-10.86,39.65,0.0,0.0,0.0,179.0,1.66,16.0,102170.0
1990-12-15 14:00:00+00:00,-11.57,45.3,0.0,0.0,0.0,175.7,1.52,46.0,102110.0
1990-12-15 15:00:00+00:00,-12.23,49.45,0.0,0.0,0.0,172.25,1.1,76.0,102050.0
1990-12-15 16:00:00+00:00,-11.41,49.6,0.0,0.0,0.0,171.25,0.41,136.0,102000.0
1990-12-15 17:00:00+00:00,-11.9,51.75,0.0,0.0,0.0,171.65,1.03,247.0,101920.0
1990-12-15 18:00:00+00:00,-12.07,49.45,0.0,0.0,0.0,172.8,2.34,272.0,101880.0
1990-12-15 19:00:00+00:00,-10.57,45.6,0.0,0.0,0.0,179.75,3.59,283.0,101830.0
1990-12-15 20:00:00+00:00,-9.85,43.75,0.0,0.0,0.0,176.7,3.93,290.0,101740.0
1990-12-15 21:00:00+00:00,-9.45,41.95,0.0,0.0,0.0,177.45,3.93,291.0,101710.0
1990-12-15 22:00:00+00:00,-9.21,40.25,0.0,0.0,0.0,178.05,3.45,286.0,101650.0
1990-12-15 23:00:00+00:00,-9.09,42.1,0.0,0.0,0.0,176.85,2.97,272.0,101640.0
1990-12-16 00:00:00+00:00,-8.78,42.25,166.9,858.24,61.35,177.65,2.76,258.0,101630.0
1990-12-16 01:00:00+00:00,-6.64,39.25,304.45,845.07,84.1,179.5,2.76,253.0,101620.0
1990-12-16 02:00:00+00:00,-4.82,36.35,402.8,844.56,96.1,182.7,3.59,245.0,101560.0
1990-12-16 03:00:00+00:00,-3.53,35.1,446.55,816.85,100.85,185.6,4.62,240.0,101420.0
1990-12-16 04:00:00+00:00,-2.75,36.8,429.65,752.34,101.0,190.2,5.66,234.0,101300.0
1990-12-16 05:00:00+00:00,-2.36,40.3,358.15,663.59,90.65,195.25,6.21,224.0,101120.0
1990-12-16 06:00:00+00:00,-2.14,42.2,238.35,505.53,74.4,197.95,6.69,216.0,101040.0
1990-12-16 07:00:00+00:00,-2.01,47.9,95.7,251.67,43.9,201.65,7.31,212.0,100920.0
1990-12-16 08:00:00+00:00,-2.29,49.8,4.45,15.26,3.6,203.95,6.97,215.0,100860.0
1990-12-16 09:00:00+00:00,-2.49,51.95,0.0,0.0,0.0,205.9,6.62,220.0,100830.0
1990-12-16 10:00:00+00:00,-2.36,51.95,0.0,0.0,0.0,213.45,6.28,224.0,100790.0
1990-12-16 11:00:00+00:00,-2.19,49.95,0.0,0.0,0.0,217.5,6.0,229.0,100750.0
1990-12-16 12:00:00+00:00,-2.03,47.9,0.0,0.0,0.0,216.15,5.86,235.0,100720.0
1990-12-16 13:00:00+00:00,-1.72,46.05,0.0,0.0,0.0,223.9,6.0,237.0,100660.0
1990-12-16 14:00:00+00:00,-1.44,46.05,0.0,0.0,0.0,226.2,6.0,242.0,100650.0
1990-12-16 15:00:00+00:00,-1.42,48.05,0.0,0.0,0.0,221.75,5.79,250.0,100660.0
1990-12-16 16:00:00+00:00,-1.8,49.95,0.0,0.0,0.0,209.4,5.38,263.0,100640.0
1990-12-16 17:00:00+00:00,-2.41,49.8,0.0,0.0,0.0,200.85,4.9,280.0,100640.0
1990-12-16 18:00:00+00:00,-3.05,49.65,0.0,0.0,0.0,198.15,4.55,294.0,100650.0
1990-12-16 19:00:00+00:00,-3.39,51.65,0.0,0.0,0.0,196.8,4.28,297.0,100710.0
1990-12-16 20:00:00+00:00,-3.75,49.55,0.0,0.0,0.0,199.5,4.0,307.0,100760.0
1990-12-16 21:00:00+00:00,-4.08,45.5,0.0,0.0,0.0,201.05,3.66,315.0,100800.0
1990-12-16 22:00:00+00:00,-4.51,43.45,0.0,0.0,0.0,200.3,3.52,324.0,100860.0
1990-12-16 23:00:00+00:00,-5.04,41.45,0.0,0.0,0.0,196.05,3.59,330.0,100940.0
1990-12-17 00:00:00+00:00,-5.17,39.7,163.0,851.48,59.75,194.85,3.45,336.0,101030.0
1990-12-17 01:00:00+00:00,-3.83,36.65,300.25,840.6,82.35,194.8,3.1,340.0,101090.0
1990-12-17 02:00:00+00:00,-2.4,33.9,399.05,842.1,94.3,194.7,3.1,341.0,101130.0
1990-12-17 03:00:00+00:00,-1.29,32.7,443.95,816.52,99.15,195.85,2.9,337.0,101150.0
1990-12-17 04:00:00+00:00,-0.58,30.25,429.85,761.8,97.5,197.95,2.83,328.0,101100.0
1990-12-17 05:00:00+00:00,-0.13,30.4,358.5,667.77,89.45,199.9,2.62,311.0,101090.0
1990-12-17 06:00:00+00:00,0.09,30.4,239.8,514.07,73.0,201.25,2.07,293.0,101100.0
1990-12-17 07:00:00+00:00,0.11,31.75,97.3,264.19,42.8,203.6,1.17,240.0,101060.0
1990-12-17 08:00:00+00:00,-0.54,37.55,4.7,18.6,3.65,204.55,1.93,193.0,101120.0
1990-12-17 09:00:00+00:00,-2.06,47.9,0.0,0.0,0.0,205.15,2.62,175.0,101170.0
1990-12-17 10:00:00+00:00,-3.04,54.0,0.0,0.0,0.0,206.1,2.97,168.0,101250.0
1990-12-17 11:00:00+00:00,-3.25,58.6,0.0,0.0,0.0,206.1,3.52,164.0,101270.0
1990-12-17 12:00:00+00:00,-3.17,58.75,0.0,0.0,0.0,206.5,4.21,161.0,101270.0
1990-12-17 13:00:00+00:00,-3.05,61.2,0.0,0.0,0.0,207.25,4.69,166.0,101260.0
1990-12-17 14:00:00+00:00,-2.77,61.2,0.0,0.0,0.0,208.05,5.1,172.0,101280.0
1990-12-17 15:00:00+00:00,-2.41,58.85,0.0,0.0,0.0,209.75,5.45,175.0,101260.0
1990-12-17 16:00:00+00:00,-2.0,58.95,0.0,0.0,0.0,211.9,5.72,179.0,101260.0
1990-12-17 17:00:00+00:00,-1.58,59.1,0.0,0.0,0.0,214.4,6.07,182.0,101250.0
1990-12-17 18:00:00+00:00,-1.14,61.65,0.0,0.0,0.0,216.75,6.21,183.0,101240.0
1990-12-17 19:00:00+00:00,-0.73,75.45,0.0,0.0,0.0,219.05,6.14,185.0,101180.0
1990-12-17 20:00:00+00:00,-0.45,75.55,0.0,0.0,0.0,220.4,6.14,186.0,101160.0
1990-12-17 21:00:00+00:00,-0.15,75.6,0.0,0.0,0.0,221.2,6.28,187.0,101150.0
1990-12-17 22:00:00+00:00,0.11,78.65,0.0,0.0,0.0,222.35,6.48,187.0,101160.0
1990-12-17 23:00:00+00:00,0.25,78.65,0.0,0.0,0.0,223.15,6.55,185.0,101140.0
1990-12-18 00:00:00+00:00,0.61,75.7,156.05,819.17,58.05,223.7,6.76,183.0,101150.0
1990-12-18 01:00:00+00:00,1.83,67.5,290.6,815.96,80.25,224.8,7.03,183.0,101160.0
1990-12-18 02:00:00+00:00,3.19,65.1,387.5,816.78,92.85,226.4,7.03,184.0,101140.0
1990-12-18 03:00:00+00:00,4.37,58.2,433.25,798.05,96.9,227.95,7.38,188.0,101070.0
1990-12-18 04:00:00+00:00,5.27,58.3,419.7,738.49,97.85,229.9,7.17,193.0,100980.0
1990-12-18 05:00:00+00:00,5.75,58.45,347.95,631.04,93.75,231.85,6.76,196.0,100930.0
1990-12-18 06:00:00+00:00,5.76,60.75,232.7,488.7,74.0,233.95,6.34,198.0,100890.0
1990-12-18 07:00:00+00:00,5.36,63.15,95.3,256.19,42.3,236.3,5.72,192.0,100910.0
1990-12-18 08:00:00+00:00,4.17,73.4,4.7,15.72,3.8,233.95,5.24,187.0,100920.0
1990-12-18 09:00:00+00:00,2.85,79.1,0.0,0.0,0.0,233.6,5.03,179.0,100940.0
1990-12-18 10:00:00+00:00,2.14,85.3,0.0,0.0,0.0,232.4,4.83,175.0,100970.0
1990-12-18 11:00:00+00:00,1.67,88.6,0.0,0.0,0.0,233.2,4.41,175.0,101000.0
1990-12-18 12:00:00+00:00,1.31,88.6,0.0,0.0,0.0,233.2,4.14,179.0,101010.0
1990-12-18 13:00:00+00:00,1.03,92.05,0.0,0.0,0.0,235.5,4.07,183.0,101020.0
1990-12-18 14:00:00+00:00,0.71,95.65,0.0,0.0,0.0,231.45,4.0,186.0,101030.0
1990-12-18 15:00:00+00:00,0.39,92.0,0.0,0.0,0.0,227.0,3.93,188.0,101050.0
1990-12-18 16:00:00+00:00,0.13,95.6,0.0,0.0,0.0,225.05,3.93,185.0,101040.0
1990-12-18 17:00:00+00:00,-0.07,92.0,0.0,0.0,0.0,225.65,3.86,184.0,101020.0
1990-12-18 18:00:00+00:00,-0.35,91.95,0.0,0.0,0.0,219.85,3.79,188.0,101060.0
1990-12-18 19:00:00+00:00,-0.47,95.6,0.0,0.0,0.0,221.0,3.86,200.0,101070.0
1990-12-18 20:00:00+00:00,-0.53,91.95,0.0,0.0,0.0,222.35,4.0,200.0,101040.0
1990-12-18 21:00:00+00:00,-0.65,91.95,0.0,0.0,0.0,232.4,3.86,192.0,101000.0
1990-12-18 22:00:00+00:00,-0.84,95.6,0.0,0.0,0.0,239.0,3.93,186.0,100950.0
1990-12-18 23:00:00+00:00,-0.75,95.6,0.0,0.0,0.0,238.4,4.28,190.0,100950.0
1990-12-19 00:00:00+00:00,-0.25,91.95,108.8,144.79,91.7,249.05,4.34,193.0,100960.0
1990-12-19 01:00:00+00:00,0.76,92.0,200.9,174.09,156.25,264.05,4.21,203.0,101000.0
1990-12-19 02:00:00+00:00,2.1,85.3,281.55,236.58,196.45,255.65,4.48,211.0,101050.0
1990-12-19 03:00:00+00:00,3.02,79.1,336.65,331.53,197.15,264.35,4.41,211.0,101000.0
1990-12-19 04:00:00+00:00,3.79,76.15,303.4,260.05,190.15,257.6,4.55,215.0,100900.0
1990-12-19 05:00:00+00:00,4.05,73.4,272.6,291.41,155.2,260.5,4.34,228.0,100870.0
1990-12-19 06:00:00+00:00,3.98,70.6,236.7,513.49,69.75,248.3,4.07,239.0,100900.0
1990-12-19 07:00:00+00:00,3.57,65.2,97.0,261.6,42.7,221.95,2.83,268.0,101030.0
1990-12-19 08:00:00+00:00,2.56,65.0,5.1,20.62,3.9,220.8,2.55,284.0,101140.0
1990-12-19 09:00:00+00:00,0.62,67.2,0.0,0.0,0.0,216.55,1.66,284.0,101230.0
1990-12-19 10:00:00+00:00,0.62,62.0,0.0,0.0,0.0,216.95,1.38,271.0,101290.0
1990-12-19 11:00:00+00:00,-0.45,61.8,0.0,0.0,0.0,218.1,1.59,262.0,101330.0
1990-12-19 12:00:00+00:00,-1.94,66.65,0.0,0.0,0.0,214.6,2.0,259.0,101400.0
1990-12-19 13:00:00+00:00,-2.81,72.1,0.0,0.0,0.0,214.4,2.28,249.0,101420.0
1990-12-19 14:00:00+00:00,-3.2,72.1,0.0,0.0,0.0,213.45,2.34,236.0,101430.0
1990-12-19 15:00:00+00:00,-3.47,78.15,0.0,0.0,0.0,213.45,2.69,212.0,101460.0
1990-12-19 16:00:00+00:00,-3.13,75.1,0.0,0.0,0.0,213.45,3.24,188.0,101460.0
1990-12-19 17:00:00+00:00,-2.23,72.3,0.0,0.0,0.0,213.45,3.86,181.0,101420.0
1990-12-19 18:00:00+00:00,-1.31,72.4,0.0,0.0,0.0,214.05,4.34,190.0,101420.0
1990-12-19 19:00:00+00:00,-0.6,69.75,0.0,0.0,0.0,214.2,4.55,196.0,101430.0
1990-12-19 20:00:00+00:00,-0.07,69.85,0.0,0.0,0.0,215.6,4.83,200.0,101370.0
1990-12-19 21:00:00+00:00,0.29,69.95,0.0,0.0,0.0,216.35,4.97,203.0,101360.0
1990-12-19 22:00:00+00:00,0.49,72.75,0.0,0.0,0.0,217.15,4.76,207.0,101390.0
1990-12-19 23:00:00+00:00,0.49,75.7,0.0,0.0,0.0,217.7,4.48,209.0,101420.0
1990-12-20 00:00:00+00:00,0.73,78.75,156.7,851.94,57.3,218.3,4.07,212.0,101480.0
1990-12-20 01:00:00+00:00,2.3,73.1,291.95,833.43,79.2,219.75,3.59,216.0,101540.0
1990-12-20 02:00:00+00:00,4.05,67.9,389.75,835.01,90.15,221.4,3.31,223.0,101560.0
1990-12-20 03:00:00+00:00,4.98,60.65,435.0,812.24,93.7,223.9,2.9,233.0,101570.0
1990-12-20 04:00:00+00:00,5.4,56.2,423.35,760.08,92.5,225.65,2.14,246.0,101520.0
1990-12-20 05:00:00+00:00,5.51,56.2,355.35,669.8,85.4,226.4,1.17,260.0,101460.0
1990-12-20 06:00:00+00:00,5.41,54.05,240.7,520.37,71.25,226.2,0.21,338.0,101400.0
1990-12-20 07:00:00+00:00,5.07,58.3,99.65,273.31,42.7,225.45,0.83,72.0,101370.0
1990-12-20 08:00:00+00:00,3.65,65.2,5.3,21.95,4.0,223.9,1.31,71.0,101400.0
1990-12-20 09:00:00+00:00,0.82,75.75,0.0,0.0,0.0,222.95,1.66,74.0,101450.0
1990-12-20 10:00:00+00:00,-1.21,81.7,0.0,0.0,0.0,222.35,1.79,87.0,101490.0
1990-12-20 11:00:00+00:00,-2.27,84.85,0.0,0.0,0.0,221.75,1.66,87.0,101490.0
1990-12-20 12:00:00+00:00,-3.17,84.8,0.0,0.0,0.0,222.95,1.66,71.0,101510.0
1990-12-20 13:00:00+00:00,-3.88,84.7,0.0,0.0,0.0,221.4,1.79,69.0,101520.0
1990-12-20 14:00:00+00:00,-4.17,84.7,0.0,0.0,0.0,223.3,1.79,80.0,101510.0
1990-12-20 15:00:00+00:00,-4.28,84.65,0.0,0.0,0.0,224.65,1.72,89.0,101480.0
1990-12-20 16:00:00+00:00,-4.24,84.7,0.0,0.0,0.0,222.75,1.66,94.0,101460.0
1990-12-20 17:00:00+00:00,-4.14,84.7,0.0,0.0,0.0,222.95,1.52,100.0,101410.0
1990-12-20 18:00:00+00:00,-4.11,84.7,0.0,0.0,0.0,222.75,1.52,106.0,101390.0
1990-12-20 19:00:00+00:00,-3.58,88.2,0.0,0.0,0.0,228.75,2.76,149.0,101320.0
1990-12-20 20:00:00+00:00,-3.08,88.25,0.0,0.0,0.0,228.55,2.76,146.0,101230.0
1990-12-20 21:00:00+00:00,-2.99,88.25,0.0,0.0,0.0,231.25,2.48,140.0,101170.0
1990-12-20 22:00:00+00:00,-3.24,88.25,0.0,0.0,0.0,231.65,2.21,131.0,101150.0
1990-12-20 23:00:00+00:00,-3.45,91.8,0.0,0.0,0.0,231.45,2.07,127.0,101140.0
1990-12-21 00:00:00+00:00,-3.04,88.25,110.45,166.02,91.3,235.9,2.0,135.0,101150.0
1990-12-21 01:00:00+00:00,-0.14,81.8,220.75,280.32,149.5,244.35,2.0,148.0,101170.0
1990-12-21 02:00:00+00:00,2.27,73.0,297.65,294.56,192.2,242.1,2.28,161.0,101180.0
1990-12-21 03:00:00+00:00,3.92,65.3,327.0,306.86,198.2,248.65,2.69,170.0,101140.0
1990-12-21 04:00:00+00:00,5.04,65.55,354.6,417.98,172.7,255.05,3.17,174.0,101050.0
1990-12-21 05:00:00+00:00,5.7,65.65,273.3,241.01,176.1,251.0,3.45,175.0,100960.0
1990-12-21 06:00:00+00:00,5.76,68.2,172.85,117.85,134.4,256.6,3.31,174.0,100940.0
1990-12-21 07:00:00+00:00,4.59,73.45,72.6,52.8,61.55,257.4,2.9,181.0,100940.0
1990-12-21 08:00:00+00:00,3.49,79.15,5.15,13.25,4.35,253.3,2.76,182.0,100960.0
1990-12-21 09:00:00+00:00,2.06,88.65,0.0,0.0,0.0,246.35,2.76,177.0,101010.0
1990-12-21 10:00:00+00:00,0.75,92.0,0.0,0.0,0.0,240.15,2.9,169.0,101050.0
1990-12-21 11:00:00+00:00,-0.06,92.0,0.0,0.0,0.0,235.7,2.83,163.0,101060.0
1990-12-21 12:00:00+00:00,-0.57,91.95,0.0,0.0,0.0,246.75,2.55,159.0,101080.0
1990-12-21 13:00:00+00:00,-1.05,95.6,0.0,0.0,0.0,253.5,1.93,158.0,101080.0
1990-12-21 14:00:00+00:00,-0.51,95.6,0.0,0.0,0.0,253.9,1.24,153.0,101100.0
1990-12-21 15:00:00+00:00,0.2,95.6,0.0,0.0,0.0,265.9,0.76,128.0,101110.0
1990-12-21 16:00:00+00:00,-0.58,91.95,0.0,0.0,0.0,266.85,0.97,67.0,101130.0
1990-12-21 17:00:00+00:00,-1.77,95.55,0.0,0.0,0.0,270.35,2.55,35.0,101160.0
1990-12-21 18:00:00+00:00,-2.51,88.25,0.0,0.0,0.0,276.55,4.07,30.0,101170.0
1990-12-21 19:00:00+00:00,-3.63,81.4,0.0,0.0,0.0,281.6,4.21,30.0,101230.0
1990-12-21 20:00:00+00:00,-4.19,75.05,0.0,0.0,0.0,288.75,4.48,27.0,101210.0
1990-12-21 21:00:00+00:00,-4.66,71.95,0.0,0.0,0.0,292.6,4.76,23.0,101220.0
1990-12-21 22:00:00+00:00,-5.3,71.75,0.0,0.0,0.0,288.35,5.24,19.0,101270.0
1990-12-21 23:00:00+00:00,-6.03,68.75,0.0,0.0,0.0,288.35,5.66,17.0,101350.0
1990-12-22 00:00:00+00:00,-6.7,63.1,60.3,100.77,48.8,283.7,6.07,16.0,101460.0
1990-12-22 01:00:00+00:00,-6.95,63.0,69.65,65.96,52.95,285.15,6.28,19.0,101570.0
1990-12-22 02:00:00+00:00,-7.19,60.4,202.6,156.03,146.85,270.75,6.07,22.0,101660.0
1990-12-22 03:00:00+00:00,-6.52,58.0,159.6,96.69,119.05,274.05,5.79,23.0,101730.0
1990-12-22 04:00:00+00:00,-6.22,53.35,223.3,250.91,114.1,254.3,5.45,24.0,101720.0
1990-12-22 05:00:00+00:00,-5.51,51.25,246.2,313.59,119.6,250.2,5.24,24.0,101730.0
1990-12-22 06:00:00+00:00,-5.0,49.25,234.55,473.71,79.65,227.0,5.59,24.0,101780.0
1990-12-22 07:00:00+00:00,-4.37,43.45,102.7,272.93,45.3,202.4,5.86,18.0,101830.0
1990-12-22 08:00:00+00:00,-5.06,45.2,6.0,25.16,4.45,197.0,5.45,25.0,101950.0
1990-12-22 09:00:00+00:00,-6.16,49.0,0.0,0.0,0.0,188.85,5.38,31.0,102050.0
1990-12-22 10:00:00+00:00,-6.89,50.85,0.0,0.0,0.0,185.6,5.45,35.0,102150.0
1990-12-22 11:00:00+00:00,-7.47,52.95,0.0,0.0,0.0,183.45,5.72,39.0,102210.0
1990-12-22 12:00:00+00:00,-7.92,52.8,0.0,0.0,0.0,182.5,5.66,41.0,102290.0
1990-12-22 13:00:00+00:00,-8.28,52.8,0.0,0.0,0.0,184.8,5.38,39.0,102360.0
1990-12-22 14:00:00+00:00,-8.55,52.7,0.0,0.0,0.0,182.7,5.24,31.0,102450.0
1990-12-22 15:00:00+00:00,-8.79,48.25,0.0,0.0,0.0,181.3,5.72,23.0,102540.0
1990-12-22 16:00:00+00:00,-9.18,44.05,0.0,0.0,0.0,179.6,6.48,20.0,102620.0
1990-12-22 17:00:00+00:00,-9.75,41.95,0.0,0.0,0.0,177.65,6.83,18.0,102690.0
1990-12-22 18:00:00+00:00,-10.4,43.6,0.0,0.0,0.0,177.05,7.17,16.0,102780.0
1990-12-22 19:00:00+00:00,-11.21,41.5,0.0,0.0,0.0,175.5,7.31,14.0,102790.0
1990-12-22 20:00:00+00:00,-11.85,43.15,0.0,0.0,0.0,172.6,7.45,13.0,102840.0
1990-12-22 21:00:00+00:00,-12.37,43.0,0.0,0.0,0.0,167.4,7.31,12.0,102920.0
1990-12-22 22:00:00+00:00,-12.73,41.1,0.0,0.0,0.0,167.6,6.97,11.0,103030.0
1990-12-22 23:00:00+00:00,-13.01,40.9,0.0,0.0,0.0,173.2,6.9,10.0,103100.0
1990-12-23 00:00:00+00:00,-13.2,39.05,157.2,865.55,59.4,166.05,6.97,7.0,103200.0
1990-12-23 01:00:00+00:00,-13.23,32.4,298.5,843.04,85.8,159.0,7.86,4.0,103290.0
1990-12-23 02:00:00+00:00,-12.97,30.9,407.0,867.17,97.65,153.85,7.79,2.0,103350.0
1990-12-23 03:00:00+00:00,-12.54,28.25,454.65,835.44,104.45,148.25,7.59,0.0,103340.0
1990-12-23 04:00:00+00:00,-12.09,25.8,450.4,813.2,96.35,150.35,7.45,358.0,103270.0
1990-12-23 05:00:00+00:00,-11.72,24.75,379.6,714.95,90.6,148.6,7.52,357.0,103230.0
1990-12-23 06:00:00+00:00,-11.59,23.6,260.25,564.6,75.15,150.75,7.52,356.0,103220.0
1990-12-23 07:00:00+00:00,-12.31,24.6,111.45,308.6,46.2,148.05,7.66,352.0,103230.0
1990-12-23 08:00:00+00:00,-12.78,25.65,6.7,30.18,4.8,148.25,7.17,353.0,103280.0
1990-12-23 09:00:00+00:00,-13.39,27.95,0.0,0.0,0.0,147.85,6.62,353.0,103370.0
1990-12-23 10:00:00+00:00,-13.8,27.95,0.0,0.0,0.0,147.85,6.41,354.0,103450.0
1990-12-23 11:00:00+00:00,-14.11,27.8,0.0,0.0,0.0,146.5,6.34,354.0,103520.0
1990-12-23 12:00:00+00:00,-14.37,27.8,0.0,0.0,0.0,144.95,6.21,354.0,103550.0
1990-12-23 13:00:00+00:00,-14.63,26.45,0.0,0.0,0.0,145.15,6.21,354.0,103570.0
1990-12-23 14:00:00+00:00,-14.93,27.65,0.0,0.0,0.0,146.1,6.14,355.0,103570.0
1990-12-23 15:00:00+00:00,-15.27,27.65,0.0,0.0,0.0,144.75,6.07,356.0,103570.0
1990-12-23 16:00:00+00:00,-15.61,28.85,0.0,0.0,0.0,145.3,5.86,357.0,103590.0
1990-12-23 17:00:00+00:00,-15.93,30.15,0.0,0.0,0.0,144.35,5.66,357.0,103600.0
1990-12-23 18:00:00+00:00,-16.21,30.15,0.0,0.0,0.0,148.05,5.31,357.0,103610.0
1990-12-23 19:00:00+00:00,-16.17,30.15,0.0,0.0,0.0,145.5,5.31,355.0,103590.0
1990-12-23 20:00:00+00:00,-16.4,31.45,0.0,0.0,0.0,144.75,5.03,354.0,103560.0
1990-12-23 21:00:00+00:00,-16.56,31.45,0.0,0.0,0.0,145.3,4.76,354.0,103550.0
1990-12-23 22:00:00+00:00,-16.69,31.45,0.0,0.0,0.0,144.35,4.62,355.0,103540.0
1990-12-23 23:00:00+00:00,-16.76,31.45,0.0,0.0,0.0,144.15,4.28,355.0,103570.0
1990-12-24 00:00:00+00:00,-16.55,30.0,160.8,913.64,58.5,143.95,4.0,354.0,103560.0
1990-12-24 01:00:00+00:00,-15.79,26.15,302.55,877.42,81.85,145.8,4.62,353.0,103570.0
1990-12-24 02:00:00+00:00,-14.89,26.3,406.45,880.06,92.9,146.3,4.69,351.0,103490.0
1990-12-24 03:00:00+00:00,-13.88,26.45,455.8,853.53,98.1,148.4,4.55,347.0,103430.0
1990-12-24 04:00:00+00:00,-12.91,25.5,445.25,800.41,96.55,150.95,4.48,341.0,103280.0
1990-12-24 05:00:00+00:00,-11.98,24.6,376.5,710.37,88.9,152.5,4.55,336.0,103170.0
1990-12-24 06:00:00+00:00,-11.23,23.7,255.25,544.39,76.25,154.8,4.76,332.0,103080.0
1990-12-24 07:00:00+00:00,-10.43,25.0,110.3,303.74,45.7,159.65,5.1,333.0,103000.0
1990-12-24 08:00:00+00:00,-10.45,26.25,6.8,28.73,4.95,160.25,4.76,336.0,102970.0
1990-12-24 09:00:00+00:00,-11.0,28.65,0.0,0.0,0.0,162.15,4.34,343.0,102960.0
1990-12-24 10:00:00+00:00,-11.43,31.35,0.0,0.0,0.0,161.95,4.07,351.0,102950.0
1990-12-24 11:00:00+00:00,-11.77,31.35,0.0,0.0,0.0,162.15,3.52,358.0,102940.0
1990-12-24 12:00:00+00:00,-11.99,32.7,0.0,0.0,0.0,161.6,3.1,350.0,102890.0
1990-12-24 13:00:00+00:00,-12.15,32.7,0.0,0.0,0.0,160.8,3.38,335.0,102890.0
1990-12-24 14:00:00+00:00,-12.34,34.1,0.0,0.0,0.0,160.8,4.34,330.0,102860.0
1990-12-24 15:00:00+00:00,-12.49,35.75,0.0,0.0,0.0,160.6,5.17,333.0,102850.0
1990-12-24 16:00:00+00:00,-12.78,35.75,0.0,0.0,0.0,160.05,5.59,336.0,102820.0
1990-12-24 17:00:00+00:00,-13.16,37.3,0.0,0.0,0.0,160.05,5.66,339.0,102780.0
1990-12-24 18:00:00+00:00,-13.55,38.9,0.0,0.0,0.0,158.85,5.45,339.0,102790.0
1990-12-24 19:00:00+00:00,-13.14,39.05,0.0,0.0,0.0,159.85,5.52,335.0,102690.0
1990-12-24 20:00:00+00:00,-13.52,40.75,0.0,0.0,0.0,159.05,5.24,335.0,102650.0
1990-12-24 21:00:00+00:00,-13.82,40.75,0.0,0.0,0.0,158.1,5.03,335.0,102590.0
1990-12-24 22:00:00+00:00,-14.06,40.6,0.0,0.0,0.0,158.5,4.97,335.0,102550.0
1990-12-24 23:00:00+00:00,-14.27,40.6,0.0,0.0,0.0,157.5,4.9,335.0,102520.0
1990-12-25 00:00:00+00:00,-14.15,40.6,154.25,853.2,59.5,157.7,4.83,335.0,102480.0
1990-12-25 01:00:00+00:00,-13.3,33.95,286.95,798.61,86.6,160.55,5.45,333.0,102480.0
1990-12-25 02:00:00+00:00,-12.53,31.05,401.65,866.43,93.25,158.3,5.93,332.0,102450.0
1990-12-25 03:00:00+00:00,-11.72,28.55,452.95,850.03,96.7,157.9,5.66,330.0,102360.0
1990-12-25 04:00:00+00:00,-10.95,27.35,431.7,762.31,99.3,158.3,5.24,327.0,102230.0
1990-12-25 05:00:00+00:00,-10.26,25.15,376.55,709.42,88.8,159.25,5.03,324.0,102110.0
1990-12-25 06:00:00+00:00,-9.68,25.3,259.15,562.01,73.75,160.05,4.83,322.0,102030.0
1990-12-25 07:00:00+00:00,-9.54,24.15,112.2,307.44,46.4,160.8,4.48,325.0,101980.0
1990-12-25 08:00:00+00:00,-9.6,24.15,7.35,33.37,5.15,163.5,4.0,327.0,101980.0
1990-12-25 09:00:00+00:00,-10.23,26.4,0.0,0.0,0.0,161.0,3.52,334.0,101960.0
1990-12-25 10:00:00+00:00,-10.6,28.85,0.0,0.0,0.0,161.2,3.24,339.0,101960.0
1990-12-25 11:00:00+00:00,-10.96,30.05,0.0,0.0,0.0,160.8,2.76,342.0,101920.0
1990-12-25 12:00:00+00:00,-11.33,29.9,0.0,0.0,0.0,160.6,2.41,337.0,101870.0
1990-12-25 13:00:00+00:00,-11.6,29.9,0.0,0.0,0.0,160.4,2.69,325.0,101800.0
1990-12-25 14:00:00+00:00,-11.74,29.9,0.0,0.0,0.0,159.85,3.45,321.0,101770.0
1990-12-25 15:00:00+00:00,-11.96,32.7,0.0,0.0,0.0,160.05,4.0,324.0,101710.0
1990-12-25 16:00:00+00:00,-12.25,32.7,0.0,0.0,0.0,159.45,4.14,329.0,101680.0
1990-12-25 17:00:00+00:00,-12.59,34.1,0.0,0.0,0.0,158.85,4.07,332.0,101640.0
1990-12-25 18:00:00+00:00,-12.95,35.6,0.0,0.0,0.0,158.3,3.86,334.0,101590.0
1990-12-25 19:00:00+00:00,-12.72,35.75,0.0,0.0,0.0,159.65,3.52,345.0,101500.0
1990-12-25 20:00:00+00:00,-13.1,37.3,0.0,0.0,0.0,158.3,3.59,347.0,101450.0
1990-12-25 21:00:00+00:00,-13.45,38.9,0.0,0.0,0.0,157.3,3.52,346.0,101400.0
1990-12-25 22:00:00+00:00,-13.68,38.9,0.0,0.0,0.0,157.5,3.31,343.0,101360.0
1990-12-25 23:00:00+00:00,-13.82,38.9,0.0,0.0,0.0,158.3,3.17,336.0,101330.0
1990-12-26 00:00:00+00:00,-13.67,38.9,156.25,910.74,55.85,160.25,3.1,331.0,101310.0
1990-12-26 01:00:00+00:00,-11.97,34.25,286.55,789.36,88.95,166.7,3.1,327.0,101300.0
1990-12-26 02:00:00+00:00,-10.67,28.85,377.0,725.56,118.9,173.95,4.07,322.0,101270.0
1990-12-26 03:00:00+00:00,-9.78,27.8,414.0,651.77,140.75,181.5,4.41,317.0,101200.0
1990-12-26 04:00:00+00:00,-9.0,27.95,374.05,456.3,174.85,189.45,4.34,309.0,101050.0
1990-12-26 05:00:00+00:00,-8.26,26.95,264.8,185.25,189.5,203.6,4.48,300.0,100960.0
1990-12-26 06:00:00+00:00,-7.69,27.1,175.1,120.97,135.05,223.7,4.76,297.0,100920.0
1990-12-26 07:00:00+00:00,-5.92,25.15,91.75,124.84,64.85,230.5,5.31,300.0,100810.0
1990-12-26 08:00:00+00:00,-6.14,26.3,7.05,19.98,5.7,202.8,4.48,306.0,100780.0
1990-12-26 09:00:00+00:00,-6.99,29.85,0.0,0.0,0.0,190.6,3.86,313.0,100820.0
1990-12-26 10:00:00+00:00,-7.33,31.1,0.0,0.0,0.0,188.3,3.24,314.0,100840.0
1990-12-26 11:00:00+00:00,-7.55,31.1,0.0,0.0,0.0,191.75,2.55,313.0,100840.0
1990-12-26 12:00:00+00:00,-8.01,32.4,0.0,0.0,0.0,192.95,2.14,311.0,100820.0
1990-12-26 13:00:00+00:00,-8.48,33.75,0.0,0.0,0.0,201.65,2.07,309.0,100790.0
1990-12-26 14:00:00+00:00,-8.9,36.8,0.0,0.0,0.0,201.65,2.0,312.0,100780.0
1990-12-26 15:00:00+00:00,-8.98,36.8,0.0,0.0,0.0,202.6,1.72,319.0,100750.0
1990-12-26 16:00:00+00:00,-8.46,35.3,0.0,0.0,0.0,200.5,1.38,317.0,100770.0
1990-12-26 17:00:00+00:00,-7.26,31.25,0.0,0.0,0.0,197.95,1.03,310.0,100760.0
1990-12-26 18:00:00+00:00,-6.85,32.7,0.0,0.0,0.0,194.7,0.69,288.0,100760.0
1990-12-26 19:00:00+00:00,-7.21,42.7,0.0,0.0,0.0,188.5,0.48,200.0,100700.0
1990-12-26 20:00:00+00:00,-7.1,44.65,0.0,0.0,0.0,183.85,0.69,226.0,100660.0
1990-12-26 21:00:00+00:00,-6.92,44.65,0.0,0.0,0.0,180.15,1.03,235.0,100660.0
1990-12-26 22:00:00+00:00,-7.89,50.55,0.0,0.0,0.0,179.0,1.38,255.0,100680.0
1990-12-26 23:00:00+00:00,-7.65,48.55,0.0,0.0,0.0,180.35,1.38,275.0,100710.0
1990-12-27 00:00:00+00:00,-7.09,48.7,154.4,904.75,55.3,181.9,0.9,307.0,100730.0
1990-12-27 01:00:00+00:00,-6.16,49.0,294.45,873.56,76.15,185.3,0.28,29.0,100780.0
1990-12-27 02:00:00+00:00,-3.71,41.75,381.35,772.03,106.8,187.15,0.62,76.0,100800.0
1990-12-27 03:00:00+00:00,-2.19,28.55,390.9,549.34,160.45,192.95,1.03,84.0,100750.0
1990-12-27 04:00:00+00:00,-1.55,25.15,361.75,432.08,172.85,206.85,0.97,116.0,100700.0
1990-12-27 05:00:00+00:00,-1.18,24.15,277.65,252.65,174.7,215.95,1.24,154.0,100610.0
1990-12-27 06:00:00+00:00,-0.98,26.4,171.9,114.78,133.75,231.85,1.72,169.0,100590.0
1990-12-27 07:00:00+00:00,0.35,42.9,81.45,73.95,65.4,247.5,4.69,224.0,100450.0
1990-12-27 08:00:00+00:00,-0.4,48.3,7.4,24.53,5.7,233.4,3.86,250.0,100510.0
1990-12-27 09:00:00+00:00,-1.8,52.05,0.0,0.0,0.0,215.75,3.86,282.0,100560.0
1990-12-27 10:00:00+00:00,-2.83,56.35,0.0,0.0,0.0,207.05,3.79,309.0,100630.0
1990-12-27 11:00:00+00:00,-3.48,56.2,0.0,0.0,0.0,208.6,3.66,336.0,100660.0
1990-12-27 12:00:00+00:00,-4.06,51.65,0.0,0.0,0.0,208.2,4.28,7.0,100680.0
1990-12-27 13:00:00+00:00,-4.84,43.3,0.0,0.0,0.0,203.0,5.03,23.0,100720.0
1990-12-27 14:00:00+00:00,-5.72,37.85,0.0,0.0,0.0,195.45,5.03,23.0,100770.0
1990-12-27 15:00:00+00:00,-6.43,35.9,0.0,0.0,0.0,195.85,4.97,19.0,100810.0
1990-12-27 16:00:00+00:00,-7.0,35.75,0.0,0.0,0.0,196.8,4.97,16.0,100860.0
1990-12-27 17:00:00+00:00,-7.6,35.6,0.0,0.0,0.0,191.75,5.24,14.0,100900.0
1990-12-27 18:00:00+00:00,-8.27,35.45,0.0,0.0,0.0,188.1,5.31,14.0,100950.0
1990-12-27 19:00:00+00:00,-8.89,36.8,0.0,0.0,0.0,188.85,4.97,32.0,101030.0
1990-12-27 20:00:00+00:00,-9.4,38.35,0.0,0.0,0.0,181.9,4.62,27.0,100990.0
1990-12-27 21:00:00+00:00,-9.79,36.65,0.0,0.0,0.0,178.25,4.34,17.0,101010.0
1990-12-27 22:00:00+00:00,-10.08,38.2,0.0,0.0,0.0,175.5,4.21,3.0,101040.0
1990-12-27 23:00:00+00:00,-10.31,38.2,0.0,0.0,0.0,173.6,4.07,349.0,101090.0
1990-12-28 00:00:00+00:00,-10.19,38.2,153.2,902.4,54.9,172.8,4.07,337.0,101180.0
1990-12-28 01:00:00+00:00,-9.45,36.65,292.75,860.26,78.05,173.1,5.24,331.0,101210.0
1990-12-28 02:00:00+00:00,-8.7,33.75,390.95,825.84,97.25,173.4,5.72,328.0,101250.0
1990-12-28 03:00:00+00:00,-7.97,32.4,445.55,830.7,96.75,176.3,5.59,328.0,101260.0
1990-12-28 04:00:00+00:00,-7.26,31.25,438.3,784.92,94.55,176.5,5.24,328.0,101230.0
1990-12-28 05:00:00+00:00,-6.62,31.4,372.15,696.06,87.75,177.85,4.97,325.0,101230.0
1990-12-28 06:00:00+00:00,-6.12,30.15,255.75,540.44,75.35,180.15,4.9,320.0,101270.0
1990-12-28 07:00:00+00:00,-6.26,31.55,113.35,306.13,46.4,181.9,4.76,324.0,101340.0
1990-12-28 08:00:00+00:00,-6.35,32.85,8.25,34.45,5.8,182.3,4.28,324.0,101430.0
1990-12-28 09:00:00+00:00,-6.9,35.75,0.0,0.0,0.0,184.4,3.93,324.0,101530.0
1990-12-28 10:00:00+00:00,-7.17,35.75,0.0,0.0,0.0,184.4,3.93,324.0,101610.0
1990-12-28 11:00:00+00:00,-7.33,37.25,0.0,0.0,0.0,185.2,3.93,322.0,101640.0
1990-12-28 12:00:00+00:00,-7.41,37.25,0.0,0.0,0.0,185.0,3.86,320.0,101710.0
1990-12-28 13:00:00+00:00,-7.53,37.25,0.0,0.0,0.0,184.6,3.72,321.0,101730.0
1990-12-28 14:00:00+00:00,-7.69,37.25,0.0,0.0,0.0,184.25,3.59,320.0,101740.0
1990-12-28 15:00:00+00:00,-7.89,38.8,0.0,0.0,0.0,183.45,3.66,319.0,101760.0
1990-12-28 16:00:00+00:00,-8.13,38.8,0.0,0.0,0.0,183.25,3.72,326.0,101780.0
1990-12-28 17:00:00+00:00,-8.46,42.25,0.0,0.0,0.0,182.7,3.66,330.0,101790.0
1990-12-28 18:00:00+00:00,-8.8,42.25,0.0,0.0,0.0,182.7,3.45,331.0,101810.0
1990-12-28 19:00:00+00:00,-8.9,44.05,0.0,0.0,0.0,183.65,2.83,326.0,101870.0
1990-12-28 20:00:00+00:00,-9.28,44.05,0.0,0.0,0.0,189.25,2.34,334.0,101830.0
1990-12-28 21:00:00+00:00,-9.87,47.85,0.0,0.0,0.0,192.15,1.79,349.0,101790.0
1990-12-28 22:00:00+00:00,-10.23,47.85,0.0,0.0,0.0,203.6,1.45,17.0,101780.0
1990-12-28 23:00:00+00:00,-10.43,49.85,0.0,0.0,0.0,204.15,1.17,46.0,101770.0
1990-12-29 00:00:00+00:00,-10.61,49.85,125.3,501.67,70.9,188.85,1.1,73.0,101790.0
1990-12-29 01:00:00+00:00,-8.09,42.4,225.4,358.3,136.05,202.55,1.72,68.0,101770.0
1990-12-29 02:00:00+00:00,-6.63,35.9,284.65,305.39,176.0,228.75,1.52,80.0,101740.0
1990-12-29 03:00:00+00:00,-5.77,36.2,263.5,149.51,200.65,240.55,0.9,88.0,101690.0
1990-12-29 04:00:00+00:00,-5.18,38.0,208.95,36.58,192.9,248.1,0.76,79.0,101580.0
1990-12-29 05:00:00+00:00,-4.88,41.45,173.65,16.72,166.8,254.5,0.9,73.0,101510.0
1990-12-29 06:00:00+00:00,-4.72,43.45,124.35,20.13,117.6,258.95,1.79,61.0,101450.0
1990-12-29 07:00:00+00:00,-4.37,53.75,59.7,3.4,58.95,259.7,0.9,104.0,101430.0
1990-12-29 08:00:00+00:00,-4.47,56.1,5.05,1.37,4.95,257.95,1.93,37.0,101450.0
1990-12-29 09:00:00+00:00,-5.02,55.95,0.0,0.0,0.0,266.65,3.79,18.0,101500.0
1990-12-29 10:00:00+00:00,-5.69,55.8,0.0,0.0,0.0,261.05,5.17,17.0,101540.0
1990-12-29 11:00:00+00:00,-6.11,55.7,0.0,0.0,0.0,260.3,5.03,20.0,101560.0
1990-12-29 12:00:00+00:00,-6.46,55.55,0.0,0.0,0.0,242.5,4.41,24.0,101570.0
1990-12-29 13:00:00+00:00,-6.95,57.85,0.0,0.0,0.0,221.2,4.07,19.0,101580.0
1990-12-29 14:00:00+00:00,-7.44,57.7,0.0,0.0,0.0,205.5,4.28,6.0,101600.0
1990-12-29 15:00:00+00:00,-8.2,57.6,0.0,0.0,0.0,185.6,4.76,358.0,101610.0
1990-12-29 16:00:00+00:00,-8.86,59.9,0.0,0.0,0.0,183.45,4.76,356.0,101610.0
1990-12-29 17:00:00+00:00,-9.35,59.75,0.0,0.0,0.0,183.45,4.41,351.0,101630.0
1990-12-29 18:00:00+00:00,-9.77,57.2,0.0,0.0,0.0,181.7,4.48,342.0,101630.0
1990-12-29 19:00:00+00:00,-9.89,52.3,0.0,0.0,0.0,182.5,5.24,338.0,101650.0
1990-12-29 20:00:00+00:00,-10.39,49.85,0.0,0.0,0.0,181.7,5.31,339.0,101590.0
1990-12-29 21:00:00+00:00,-10.83,47.55,0.0,0.0,0.0,181.5,5.03,340.0,101570.0
1990-12-29 22:00:00+00:00,-11.25,47.55,0.0,0.0,0.0,177.05,4.62,342.0,101550.0
1990-12-29 23:00:00+00:00,-11.53,49.6,0.0,0.0,0.0,179.0,4.21,342.0,101550.0
1990-12-30 00:00:00+00:00,-11.37,49.6,140.05,693.64,65.1,185.75,3.86,341.0,101560.0
1990-12-30 01:00:00+00:00,-10.38,45.6,269.5,680.37,99.9,179.3,4.28,341.0,101570.0
1990-12-30 02:00:00+00:00,-9.32,41.95,382.15,782.4,103.6,183.85,4.69,342.0,101540.0
1990-12-30 03:00:00+00:00,-8.31,40.4,394.3,675.28,110.0,180.95,4.83,344.0,101490.0
1990-12-30 04:00:00+00:00,-7.28,39.1,401.15,606.97,134.2,191.2,5.24,343.0,101380.0
1990-12-30 05:00:00+00:00,-6.5,39.25,299.85,394.27,137.75,197.95,5.52,340.0,101310.0
1990-12-30 06:00:00+00:00,-5.95,37.7,188.75,179.84,128.15,216.95,5.79,339.0,101280.0
1990-12-30 07:00:00+00:00,-6.19,36.05,79.75,58.25,66.8,234.75,6.28,345.0,101350.0
1990-12-30 08:00:00+00:00,-6.26,37.7,6.15,0.0,6.15,232.8,6.21,346.0,101390.0
1990-12-30 09:00:00+00:00,-6.52,41.0,0.0,0.0,0.0,243.25,6.0,346.0,101450.0
1990-12-30 10:00:00+00:00,-6.92,42.7,0.0,0.0,0.0,223.7,5.79,344.0,101480.0
1990-12-30 11:00:00+00:00,-7.26,42.7,0.0,0.0,0.0,215.4,5.59,341.0,101490.0
1990-12-30 12:00:00+00:00,-7.51,44.5,0.0,0.0,0.0,214.05,5.72,340.0,101510.0
1990-12-30 13:00:00+00:00,-7.65,46.5,0.0,0.0,0.0,217.3,5.72,339.0,101490.0
1990-12-30 14:00:00+00:00,-7.7,46.5,0.0,0.0,0.0,223.3,5.79,334.0,101480.0
1990-12-30 15:00:00+00:00,-7.83,48.4,0.0,0.0,0.0,222.35,6.28,331.0,101500.0
1990-12-30 16:00:00+00:00,-8.12,46.35,0.0,0.0,0.0,214.4,6.62,329.0,101510.0
1990-12-30 17:00:00+00:00,-8.29,44.35,0.0,0.0,0.0,225.25,6.69,327.0,101510.0
1990-12-30 18:00:00+00:00,-8.46,46.2,0.0,0.0,0.0,222.55,6.55,325.0,101490.0
1990-12-30 19:00:00+00:00,-8.8,46.2,0.0,0.0,0.0,226.6,6.69,326.0,101600.0
1990-12-30 20:00:00+00:00,-8.81,48.1,0.0,0.0,0.0,231.05,6.69,325.0,101560.0
1990-12-30 21:00:00+00:00,-8.7,50.45,0.0,0.0,0.0,241.3,6.48,325.0,101550.0
1990-12-30 22:00:00+00:00,-8.5,52.7,0.0,0.0,0.0,249.25,6.55,326.0,101540.0
1990-12-30 23:00:00+00:00,-8.19,55.15,0.0,0.0,0.0,258.35,6.83,328.0,101530.0
1990-12-31 00:00:00+00:00,-7.74,52.95,66.5,0.0,66.5,260.5,6.69,330.0,101550.0
1990-12-31 01:00:00+00:00,-7.03,50.85,166.35,110.91,138.7,251.3,6.76,328.0,101590.0
1990-12-31 02:00:00+00:00,-6.06,49.0,228.5,103.4,191.65,247.15,7.59,330.0,101600.0
1990-12-31 03:00:00+00:00,-5.02,47.2,285.2,166.57,214.95,256.6,7.86,334.0,101570.0
1990-12-31 04:00:00+00:00,-4.08,45.5,283.15,191.19,198.85,250.05,7.79,334.0,101500.0
1990-12-31 05:00:00+00:00,-3.48,49.55,187.05,67.14,159.35,249.85,8.21,340.0,101480.0
1990-12-31 06:00:00+00:00,-3.18,49.65,158.65,103.19,123.7,261.25,8.83,345.0,101550.0
1990-12-31 07:00:00+00:00,-3.0,49.65,69.0,58.18,55.95,249.45,8.97,351.0,101640.0
1990-12-31 08:00:00+00:00,-3.34,56.2,7.35,14.26,6.25,254.3,8.21,356.0,101770.0
1990-12-31 09:00:00+00:00,-4.35,58.5,0.0,0.0,0.0,242.85,7.93,5.0,101870.0
1990-12-31 10:00:00+00:00,-5.64,60.75,0.0,0.0,0.0,225.25,7.79,17.0,102000.0
1990-12-31 11:00:00+00:00,-6.9,60.4,0.0,0.0,0.0,213.05,7.66,21.0,102090.0
1990-12-31 12:00:00+00:00,-8.04,57.6,0.0,0.0,0.0,202.6,7.59,22.0,102190.0
1990-12-31 13:00:00+00:00,-8.85,57.35,0.0,0.0,0.0,203.2,7.59,22.0,102260.0
1990-12-31 14:00:00+00:00,-9.49,59.75,0.0,0.0,0.0,191.95,7.38,22.0,102320.0
1990-12-31 15:00:00+00:00,-9.78,62.4,0.0,0.0,0.0,198.75,7.1,22.0,102370.0
1990-12-31 16:00:00+00:00,-10.84,79.69,0.0,0.0,0.0,281.7,6.92,22.0,102400.0
1990-12-31 17:00:00+00:00,-10.33,76.8,0.0,0.0,0.0,279.2,6.57,22.0,102470.0
1990-12-31 18:00:00+00:00,-9.83,73.9,0.0,0.0,0.0,276.69,6.21,21.0,102520.0
1990-12-31 19:00:00+00:00,-9.33,71.0,0.0,0.0,0.0,274.19,5.86,22.0,102640.0
1990-12-31 20:00:00+00:00,-8.83,68.1,0.0,0.0,0.0,271.68,5.5,20.0,102670.0
1990-12-31 21:00:00+00:00,-8.32,65.2,0.0,0.0,0.0,269.17,5.15,20.0,102700.0
1990-12-31 22:00:00+00:00,-7.82,62.3,0.0,0.0,0.0,266.67,4.79,20.0,102760.0
1990-12-31 23:00:00+00:00,-7.32,59.41,0.0,0.0,0.0,264.16,4.44,19.0,102800.0
