time(UTC),temp_air,relative_humidity,ghi,dni,dhi,IR(h),wind_speed,wind_direction,pressure
1990-01-01 00:00:00+00:00,17.45,76.5,172.8,419.3,85.9,344.62,1.05,320.0,101520.0
1990-01-01 01:00:00+00:00,18.36,73.09,343.9,518.69,140.6,348.45,1.04,350.0,101540.0
1990-01-01 02:00:00+00:00,19.27,69.67,548.1,760.99,137.7,352.28,1.02,12.0,101550.0
1990-01-01 03:00:00+00:00,20.18,66.25,569.0,634.5,163.4,356.1,1.01,30.0,101480.0
1990-01-01 04:00:00+00:00,21.09,62.83,575.8,552.93,197.05,359.93,1.0,16.0,101350.0
1990-01-01 05:00:00+00:00,22.0,59.42,526.75,554.72,153.2,363.76,0.99,344.0,101200.0
1990-01-01 06:00:00+00:00,22.91,56.0,494.25,581.14,142.5,367.59,0.97,347.0,101110.0
1990-01-01 07:00:00+00:00,23.82,52.58,328.6,472.42,99.35,371.41,0.96,123.0,101030.0
1990-01-01 08:00:00+00:00,23.22,54.1,153.05,280.53,62.85,365.0,1.66,139.0,101050.0
1990-01-01 09:00:00+00:00,21.15,61.7,17.35,49.5,11.15,365.55,2.34,135.0,101100.0
1990-01-01 10:00:00+00:00,18.74,70.55,0.0,0.0,0.0,353.2,2.55,129.0,101170.0
1990-01-01 11:00:00+00:00,17.1,78.1,0.0,0.0,0.0,339.65,2.0,121.0,101260.0
1990-01-01 12:00:00+00:00,16.38,83.6,0.0,0.0,0.0,345.45,1.38,121.0,101340.0
1990-01-01 13:00:00+00:00,15.88,86.5,0.0,0.0,0.0,344.5,0.83,133.0,101380.0
1990-01-01 14:00:00+00:00,15.51,89.55,0.0,0.0,0.0,331.1,0.48,156.0,101430.0
1990-01-01 15:00:00+00:00,15.34,86.5,0.0,0.0,0.0,337.9,0.34,207.0,101430.0
1990-01-01 16:00:00+00:00,15.03,89.5,0.0,0.0,0.0,338.85,0.41,239.0,101420.0
1990-01-01 17:00:00+00:00,14.53,92.7,0.0,0.0,0.0,334.8,0.55,264.0,101410.0
1990-01-01 18:00:00+00:00,13.63,95.95,0.0,0.0,0.0,328.8,0.76,285.0,101380.0
1990-01-01 19:00:00+00:00,13.51,99.4,0.0,0.0,0.0,339.45,0.69,315.0,101380.0
1990-01-01 20:00:00+00:00,12.72,99.4,0.0,0.0,0.0,321.25,0.97,324.0,101370.0
1990-01-01 21:00:00+00:00,12.38,99.4,0.0,0.0,0.0,330.75,1.1,327.0,101390.0
1990-01-01 22:00:00+00:00,11.91,99.4,0.0,0.0,0.0,319.9,1.17,323.0,101410.0
1990-01-01 23:00:00+00:00,11.45,99.35,0.0,0.0,0.0,315.05,1.24,319.0,101460.0
1990-01-02 00:00:00+00:00,13.01,95.95,235.75,770.52,76.6,319.5,0.9,318.0,101490.0
1990-01-02 01:00:00+00:00,16.4,72.65,421.1,801.72,107.15,318.25,0.83,339.0,101500.0
1990-01-02 02:00:00+00:00,18.37,65.65,567.1,820.15,124.75,321.05,0.9,48.0,101510.0
1990-01-02 03:00:00+00:00,20.34,59.35,648.4,782.26,147.95,330.95,2.0,80.0,101450.0
1990-01-02 04:00:00+00:00,21.19,57.55,639.05,672.95,177.45,342.55,2.28,97.0,101370.0
1990-01-02 05:00:00+00:00,21.66,55.65,504.9,418.14,222.75,351.25,2.62,107.0,101280.0
1990-01-02 06:00:00+00:00,21.53,55.55,364.6,314.65,173.6,385.1,2.9,111.0,101160.0
1990-01-02 07:00:00+00:00,21.06,59.5,284.85,359.95,109.45,381.25,3.24,123.0,101090.0
1990-01-02 08:00:00+00:00,20.12,61.5,157.55,297.92,61.1,367.9,3.1,123.0,101110.0
1990-01-02 09:00:00+00:00,18.79,63.5,19.5,59.99,11.85,348.15,2.62,121.0,101130.0
1990-01-02 10:00:00+00:00,16.78,75.3,0.0,0.0,0.0,324.75,2.14,122.0,101150.0
1990-01-02 11:00:00+00:00,15.57,80.65,0.0,0.0,0.0,325.9,2.0,118.0,101180.0
1990-01-02 12:00:00+00:00,14.63,86.45,0.0,0.0,0.0,315.25,1.86,113.0,101220.0
1990-01-02 13:00:00+00:00,13.96,92.65,0.0,0.0,0.0,312.75,1.72,102.0,101270.0
1990-01-02 14:00:00+00:00,13.47,95.95,0.0,0.0,0.0,314.5,1.59,91.0,101310.0
1990-01-02 15:00:00+00:00,13.15,95.95,0.0,0.0,0.0,322.6,1.45,79.0,101330.0
1990-01-02 16:00:00+00:00,12.71,95.95,0.0,0.0,0.0,318.35,1.38,77.0,101340.0
1990-01-02 17:00:00+00:00,12.13,95.95,0.0,0.0,0.0,306.95,1.24,80.0,101310.0
1990-01-02 18:00:00+00:00,11.76,95.9,0.0,0.0,0.0,306.35,1.24,82.0,101280.0
1990-01-02 19:00:00+00:00,11.66,92.55,0.0,0.0,0.0,308.5,1.31,90.0,101260.0
1990-01-02 20:00:00+00:00,11.28,92.55,0.0,0.0,0.0,307.3,1.52,85.0,101260.0
1990-01-02 21:00:00+00:00,10.98,95.9,0.0,0.0,0.0,304.2,1.66,87.0,101270.0
1990-01-02 22:00:00+00:00,10.7,92.5,0.0,0.0,0.0,301.3,1.66,86.0,101270.0
1990-01-02 23:00:00+00:00,10.55,92.5,0.0,0.0,0.0,302.5,1.66,81.0,101340.0
1990-01-03 00:00:00+00:00,11.85,89.3,238.8,765.33,81.2,301.1,1.17,83.0,101370.0
1990-01-03 01:00:00+00:00,15.29,69.9,417.1,782.58,110.85,306.25,2.48,82.0,101400.0
1990-01-03 02:00:00+00:00,16.91,63.05,560.25,779.23,139.85,319.5,3.24,85.0,101390.0
1990-01-03 03:00:00+00:00,18.31,56.95,659.25,822.05,132.85,316.6,3.31,91.0,101320.0
1990-01-03 04:00:00+00:00,19.52,53.25,684.8,808.97,129.05,320.1,3.45,100.0,101210.0
1990-01-03 05:00:00+00:00,20.38,51.5,616.3,722.23,127.9,328.0,3.52,106.0,101110.0
1990-01-03 06:00:00+00:00,20.63,49.8,517.55,668.65,110.45,329.2,3.52,112.0,101020.0
1990-01-03 07:00:00+00:00,20.63,49.8,334.85,493.58,93.3,329.0,3.24,121.0,100890.0
1990-01-03 08:00:00+00:00,19.64,53.35,169.25,323.3,63.85,326.5,3.17,123.0,100920.0
1990-01-03 09:00:00+00:00,18.24,61.2,20.35,63.14,12.15,319.3,2.62,126.0,100960.0
1990-01-03 10:00:00+00:00,16.23,72.65,0.0,0.0,0.0,315.45,2.07,128.0,100990.0
1990-01-03 11:00:00+00:00,14.89,80.55,0.0,0.0,0.0,310.2,1.72,119.0,101020.0
1990-01-03 12:00:00+00:00,13.99,89.45,0.0,0.0,0.0,305.75,1.52,106.0,101030.0
1990-01-03 13:00:00+00:00,13.2,92.65,0.0,0.0,0.0,306.95,1.38,98.0,101040.0
1990-01-03 14:00:00+00:00,12.36,95.95,0.0,0.0,0.0,304.4,1.17,87.0,101050.0
1990-01-03 15:00:00+00:00,12.49,95.95,0.0,0.0,0.0,305.4,0.97,80.0,101050.0
1990-01-03 16:00:00+00:00,12.78,92.6,0.0,0.0,0.0,305.0,0.76,62.0,101040.0
1990-01-03 17:00:00+00:00,12.68,92.6,0.0,0.0,0.0,308.85,0.76,49.0,101000.0
1990-01-03 18:00:00+00:00,12.41,92.6,0.0,0.0,0.0,322.05,0.83,31.0,100970.0
1990-01-03 19:00:00+00:00,13.75,86.35,0.0,0.0,0.0,370.8,0.62,45.0,100930.0
1990-01-03 20:00:00+00:00,13.67,86.35,0.0,0.0,0.0,375.45,0.76,36.0,100940.0
1990-01-03 21:00:00+00:00,14.08,83.4,0.0,0.0,0.0,378.95,0.69,39.0,100950.0
1990-01-03 22:00:00+00:00,14.36,83.4,0.0,0.0,0.0,375.85,0.48,40.0,100950.0
1990-01-03 23:00:00+00:00,14.39,86.4,0.0,0.0,0.0,374.45,0.48,15.0,101000.0
1990-01-04 00:00:00+00:00,15.05,77.75,86.4,56.24,74.85,373.7,0.41,12.0,101060.0
1990-01-04 01:00:00+00:00,16.29,70.1,191.8,106.22,150.25,378.85,0.69,44.0,101110.0
1990-01-04 02:00:00+00:00,17.75,65.55,312.1,145.81,233.4,387.45,0.97,68.0,101120.0
1990-01-04 03:00:00+00:00,19.16,63.6,460.05,313.86,258.85,383.95,1.17,93.0,101060.0
1990-01-04 04:00:00+00:00,20.77,63.8,435.85,271.32,249.15,389.0,1.45,115.0,100960.0
1990-01-04 05:00:00+00:00,21.54,66.15,497.0,509.3,151.8,391.3,1.72,132.0,100850.0
1990-01-04 06:00:00+00:00,22.56,59.8,424.1,445.36,152.1,359.4,1.93,143.0,100760.0
1990-01-04 07:00:00+00:00,22.32,64.1,313.05,435.86,98.8,353.4,2.14,137.0,100600.0
1990-01-04 08:00:00+00:00,21.79,66.25,152.45,232.68,76.05,354.95,2.0,138.0,100630.0
1990-01-04 09:00:00+00:00,20.64,70.8,16.45,42.73,10.8,349.5,1.79,131.0,100690.0
1990-01-04 10:00:00+00:00,18.78,78.3,0.0,0.0,0.0,354.75,1.66,125.0,100770.0
1990-01-04 11:00:00+00:00,17.51,83.7,0.0,0.0,0.0,352.8,1.38,126.0,100850.0
1990-01-04 12:00:00+00:00,16.79,86.6,0.0,0.0,0.0,352.8,0.83,128.0,100920.0
1990-01-04 13:00:00+00:00,16.74,86.6,0.0,0.0,0.0,369.45,0.21,102.0,100950.0
1990-01-04 14:00:00+00:00,15.95,92.75,0.0,0.0,0.0,351.05,0.69,352.0,100990.0
1990-01-04 15:00:00+00:00,14.98,99.4,0.0,0.0,0.0,339.65,1.03,346.0,101010.0
1990-01-04 16:00:00+00:00,14.69,96.0,0.0,0.0,0.0,353.55,1.03,341.0,100990.0
1990-01-04 17:00:00+00:00,14.46,99.35,0.0,0.0,0.0,352.0,1.03,338.0,100980.0
1990-01-04 18:00:00+00:00,14.22,99.35,0.0,0.0,0.0,348.15,1.31,325.0,100980.0
1990-01-04 19:00:00+00:00,14.43,99.35,0.0,0.0,0.0,347.75,1.52,325.0,100950.0
1990-01-04 20:00:00+00:00,15.16,92.75,0.0,0.0,0.0,353.55,2.21,318.0,100980.0
1990-01-04 21:00:00+00:00,15.91,86.5,0.0,0.0,0.0,367.1,3.72,326.0,101020.0
1990-01-04 22:00:00+00:00,15.27,72.45,0.0,0.0,0.0,364.8,4.34,333.0,101110.0
1990-01-04 23:00:00+00:00,14.31,69.75,0.0,0.0,0.0,359.55,3.86,340.0,101230.0
1990-01-05 00:00:00+00:00,14.07,62.55,51.45,47.58,41.7,353.75,2.9,352.0,101380.0
1990-01-05 01:00:00+00:00,14.23,62.55,61.5,2.56,60.5,372.25,2.48,358.0,101500.0
1990-01-05 02:00:00+00:00,14.1,62.55,71.7,0.0,71.7,374.1,2.28,351.0,101570.0
1990-01-05 03:00:00+00:00,14.05,62.45,123.8,13.56,115.1,371.55,2.21,354.0,101560.0
1990-01-05 04:00:00+00:00,14.26,60.3,150.9,20.02,137.1,370.4,2.28,3.0,101470.0
1990-01-05 05:00:00+00:00,14.51,62.55,126.9,6.99,122.15,368.1,2.48,7.0,101390.0
1990-01-05 06:00:00+00:00,14.56,60.4,109.6,9.22,103.95,370.2,2.55,9.0,101320.0
1990-01-05 07:00:00+00:00,14.79,62.65,101.4,47.89,77.75,370.2,2.48,27.0,101290.0
1990-01-05 08:00:00+00:00,14.55,62.55,44.7,16.33,39.3,365.2,2.41,21.0,101320.0
1990-01-05 09:00:00+00:00,13.98,64.75,6.1,0.0,6.1,367.1,2.28,12.0,101390.0
1990-01-05 10:00:00+00:00,13.23,64.65,0.0,0.0,0.0,362.5,2.14,358.0,101470.0
1990-01-05 11:00:00+00:00,12.63,64.55,0.0,0.0,0.0,360.55,2.14,351.0,101560.0
1990-01-05 12:00:00+00:00,12.12,66.85,0.0,0.0,0.0,359.0,2.21,349.0,101620.0
1990-01-05 13:00:00+00:00,11.65,69.25,0.0,0.0,0.0,352.4,2.07,349.0,101670.0
1990-01-05 14:00:00+00:00,11.27,71.75,0.0,0.0,0.0,350.3,2.07,346.0,101700.0
1990-01-05 15:00:00+00:00,10.9,71.7,0.0,0.0,0.0,345.45,1.93,342.0,101710.0
1990-01-05 16:00:00+00:00,10.65,71.7,0.0,0.0,0.0,348.95,1.93,336.0,101730.0
1990-01-05 17:00:00+00:00,10.36,71.6,0.0,0.0,0.0,346.4,2.0,331.0,101730.0
1990-01-05 18:00:00+00:00,10.05,71.6,0.0,0.0,0.0,344.5,2.14,328.0,101710.0
1990-01-05 19:00:00+00:00,9.8,77.0,0.0,0.0,0.0,348.75,2.21,328.0,101760.0
1990-01-05 20:00:00+00:00,9.45,74.2,0.0,0.0,0.0,344.3,2.41,325.0,101770.0
1990-01-05 21:00:00+00:00,9.17,74.2,0.0,0.0,0.0,346.0,2.62,330.0,101790.0
1990-01-05 22:00:00+00:00,8.94,74.15,0.0,0.0,0.0,345.05,2.83,334.0,101840.0
1990-01-05 23:00:00+00:00,8.67,74.15,0.0,0.0,0.0,337.5,3.03,338.0,101880.0
1990-01-06 00:00:00+00:00,8.6,71.4,109.1,177.95,72.7,331.1,3.52,335.0,101950.0
1990-01-06 01:00:00+00:00,8.88,68.8,130.75,91.42,95.0,340.7,4.07,333.0,102030.0
1990-01-06 02:00:00+00:00,8.8,66.25,163.1,34.04,144.7,338.65,4.21,333.0,102070.0
1990-01-06 03:00:00+00:00,8.92,63.8,187.5,71.96,141.25,344.85,4.21,340.0,102030.0
1990-01-06 04:00:00+00:00,9.1,59.25,149.1,37.21,123.4,341.75,4.21,343.0,101950.0
1990-01-06 05:00:00+00:00,8.9,56.9,179.75,90.44,118.15,337.7,4.34,343.0,101870.0
1990-01-06 06:00:00+00:00,9.21,52.85,180.2,104.83,115.75,341.95,4.28,346.0,101780.0
1990-01-06 07:00:00+00:00,9.33,52.85,123.25,54.22,96.35,330.15,4.48,347.0,101740.0
1990-01-06 08:00:00+00:00,9.12,48.95,57.65,10.51,54.15,344.85,4.28,348.0,101750.0
1990-01-06 09:00:00+00:00,8.81,46.95,6.7,3.28,6.25,343.7,3.93,347.0,101800.0
1990-01-06 10:00:00+00:00,8.46,45.0,0.0,0.0,0.0,335.75,3.59,347.0,101850.0
1990-01-06 11:00:00+00:00,8.16,41.6,0.0,0.0,0.0,320.3,3.24,348.0,101920.0
1990-01-06 12:00:00+00:00,8.07,39.95,0.0,0.0,0.0,332.1,3.17,347.0,101940.0
1990-01-06 13:00:00+00:00,7.96,39.85,0.0,0.0,0.0,333.05,3.03,346.0,101930.0
1990-01-06 14:00:00+00:00,7.32,41.3,0.0,0.0,0.0,291.05,2.83,342.0,101920.0
1990-01-06 15:00:00+00:00,6.88,42.85,0.0,0.0,0.0,289.3,2.83,338.0,101910.0
1990-01-06 16:00:00+00:00,6.29,42.7,0.0,0.0,0.0,277.1,2.83,335.0,101890.0
1990-01-06 17:00:00+00:00,5.79,42.55,0.0,0.0,0.0,273.85,2.76,335.0,101890.0
1990-01-06 18:00:00+00:00,5.34,44.15,0.0,0.0,0.0,272.65,2.69,334.0,101870.0
1990-01-06 19:00:00+00:00,5.75,39.25,0.0,0.0,0.0,329.95,3.38,340.0,101940.0
1990-01-06 20:00:00+00:00,5.53,39.25,0.0,0.0,0.0,327.85,3.24,340.0,101920.0
1990-01-06 21:00:00+00:00,5.15,40.75,0.0,0.0,0.0,313.9,3.03,339.0,101920.0
1990-01-06 22:00:00+00:00,4.62,42.3,0.0,0.0,0.0,289.5,2.55,337.0,101950.0
1990-01-06 23:00:00+00:00,3.97,45.7,0.0,0.0,0.0,267.05,2.28,332.0,102010.0
1990-01-07 00:00:00+00:00,4.24,45.7,243.4,798.0,80.4,265.7,2.83,336.0,102040.0
1990-01-07 01:00:00+00:00,5.9,42.55,431.25,850.67,98.5,255.35,2.9,339.0,102090.0
1990-01-07 02:00:00+00:00,8.04,38.4,577.5,824.52,131.4,267.25,2.62,348.0,102070.0
1990-01-07 03:00:00+00:00,9.89,37.2,691.25,880.25,124.65,264.95,2.21,8.0,102010.0
1990-01-07 04:00:00+00:00,11.46,34.75,716.6,849.68,128.55,268.05,2.0,21.0,101880.0
1990-01-07 05:00:00+00:00,12.65,33.8,671.2,804.89,121.5,276.55,1.72,27.0,101780.0
1990-01-07 06:00:00+00:00,13.41,33.95,554.85,715.82,113.25,274.8,1.45,35.0,101710.0
1990-01-07 07:00:00+00:00,13.76,34.1,386.65,586.31,94.4,277.7,1.38,36.0,101660.0
1990-01-07 08:00:00+00:00,13.72,34.1,187.25,363.9,65.1,277.9,1.31,55.0,101660.0
1990-01-07 09:00:00+00:00,13.13,35.3,24.45,81.28,13.1,275.95,1.38,91.0,101680.0
1990-01-07 10:00:00+00:00,11.61,44.1,0.0,0.0,0.0,277.9,1.79,130.0,101720.0
1990-01-07 11:00:00+00:00,10.13,55.05,0.0,0.0,0.0,271.1,2.21,122.0,101770.0
1990-01-07 12:00:00+00:00,9.11,61.55,0.0,0.0,0.0,269.6,2.34,106.0,101850.0
1990-01-07 13:00:00+00:00,8.3,68.7,0.0,0.0,0.0,268.4,2.14,93.0,101880.0
1990-01-07 14:00:00+00:00,7.6,71.25,0.0,0.0,0.0,267.05,1.86,90.0,101870.0
1990-01-07 15:00:00+00:00,6.85,76.65,0.0,0.0,0.0,265.3,1.72,91.0,101850.0
1990-01-07 16:00:00+00:00,6.27,79.5,0.0,0.0,0.0,265.1,1.52,87.0,101820.0
1990-01-07 17:00:00+00:00,5.78,79.4,0.0,0.0,0.0,262.05,1.31,74.0,101810.0
1990-01-07 18:00:00+00:00,6.09,76.55,0.0,0.0,0.0,260.3,1.03,54.0,101800.0
1990-01-07 19:00:00+00:00,6.33,73.7,0.0,0.0,0.0,255.65,0.69,359.0,101860.0
1990-01-07 20:00:00+00:00,5.84,76.5,0.0,0.0,0.0,253.7,0.69,342.0,101830.0
1990-01-07 21:00:00+00:00,5.43,79.35,0.0,0.0,0.0,263.95,0.76,320.0,101820.0
1990-01-07 22:00:00+00:00,4.31,85.5,0.0,0.0,0.0,251.95,0.97,318.0,101830.0
1990-01-07 23:00:00+00:00,2.99,88.7,0.0,0.0,0.0,255.05,1.31,319.0,101880.0
1990-01-08 00:00:00+00:00,4.33,85.5,249.5,826.26,80.9,255.05,1.03,312.0,101930.0
1990-01-08 01:00:00+00:00,8.46,52.6,438.45,849.64,105.95,258.45,1.45,340.0,101960.0
1990-01-08 02:00:00+00:00,10.65,45.55,595.6,875.93,121.15,267.25,1.86,8.0,101950.0
1990-01-08 03:00:00+00:00,12.47,45.95,686.4,867.17,127.3,272.3,1.93,25.0,101850.0
1990-01-08 04:00:00+00:00,14.02,44.65,711.05,836.89,130.6,278.65,1.93,38.0,101710.0
1990-01-08 05:00:00+00:00,15.25,41.75,666.35,790.99,124.65,287.75,1.79,50.0,101590.0
1990-01-08 06:00:00+00:00,15.99,41.9,547.55,697.45,115.75,288.15,1.59,58.0,101500.0
1990-01-08 07:00:00+00:00,16.0,40.35,385.45,579.17,95.35,290.1,1.24,60.0,101470.0
1990-01-08 08:00:00+00:00,15.87,40.35,185.25,356.57,64.65,290.3,1.03,82.0,101440.0
1990-01-08 09:00:00+00:00,15.2,41.75,25.55,78.42,14.4,289.7,1.03,125.0,101480.0
1990-01-08 10:00:00+00:00,13.69,51.9,0.0,0.0,0.0,302.65,1.66,160.0,101520.0
1990-01-08 11:00:00+00:00,12.12,62.1,0.0,0.0,0.0,289.5,1.72,151.0,101580.0
1990-01-08 12:00:00+00:00,11.08,71.75,0.0,0.0,0.0,295.3,1.66,129.0,101580.0
1990-01-08 13:00:00+00:00,10.2,82.95,0.0,0.0,0.0,294.95,1.52,109.0,101620.0
1990-01-08 14:00:00+00:00,9.4,85.95,0.0,0.0,0.0,291.65,1.31,95.0,101640.0
1990-01-08 15:00:00+00:00,9.87,85.95,0.0,0.0,0.0,287.2,0.76,78.0,101630.0
1990-01-08 16:00:00+00:00,9.75,85.95,0.0,0.0,0.0,290.85,0.41,343.0,101620.0
1990-01-08 17:00:00+00:00,8.2,89.1,0.0,0.0,0.0,297.05,1.03,304.0,101620.0
1990-01-08 18:00:00+00:00,6.86,95.8,0.0,0.0,0.0,284.85,1.31,304.0,101600.0
1990-01-08 19:00:00+00:00,8.59,74.15,0.0,0.0,0.0,338.1,1.1,302.0,101640.0
1990-01-08 20:00:00+00:00,8.55,68.8,0.0,0.0,0.0,326.65,1.38,314.0,101590.0
1990-01-08 21:00:00+00:00,8.66,59.15,0.0,0.0,0.0,326.65,1.52,323.0,101600.0
1990-01-08 22:00:00+00:00,8.19,54.65,0.0,0.0,0.0,310.05,1.66,326.0,101620.0
1990-01-08 23:00:00+00:00,7.0,61.1,0.0,0.0,0.0,276.15,1.72,326.0,101680.0
1990-01-09 00:00:00+00:00,7.43,63.5,242.4,813.03,76.6,268.8,1.38,325.0,101720.0
1990-01-09 01:00:00+00:00,10.25,45.4,433.15,828.62,108.65,275.7,1.86,334.0,101740.0
1990-01-09 02:00:00+00:00,12.37,40.95,596.8,884.74,116.95,275.75,1.93,345.0,101740.0
1990-01-09 03:00:00+00:00,14.38,41.5,689.7,875.37,124.3,284.5,1.66,6.0,101640.0
1990-01-09 04:00:00+00:00,15.93,40.35,717.3,854.19,123.5,288.95,1.52,24.0,101510.0
1990-01-09 05:00:00+00:00,17.12,39.25,666.5,790.11,123.85,293.75,1.38,38.0,101380.0
1990-01-09 06:00:00+00:00,17.84,37.95,555.2,714.93,110.95,298.4,1.24,60.0,101290.0
1990-01-09 07:00:00+00:00,18.4,38.1,385.6,576.5,95.4,301.3,1.45,90.0,101170.0
1990-01-09 08:00:00+00:00,17.97,42.45,189.2,362.36,65.7,302.1,2.21,118.0,101170.0
1990-01-09 09:00:00+00:00,16.5,50.6,27.15,85.3,14.8,299.75,2.62,132.0,101260.0
1990-01-09 10:00:00+00:00,14.01,67.15,0.0,0.0,0.0,296.65,2.55,132.0,101320.0
1990-01-09 11:00:00+00:00,12.47,80.2,0.0,0.0,0.0,294.15,2.0,117.0,101410.0
1990-01-09 12:00:00+00:00,11.59,86.15,0.0,0.0,0.0,291.85,1.59,102.0,101430.0
1990-01-09 13:00:00+00:00,10.71,92.5,0.0,0.0,0.0,289.5,1.17,84.0,101470.0
1990-01-09 14:00:00+00:00,10.59,92.5,0.0,0.0,0.0,289.7,0.83,55.0,101480.0
1990-01-09 15:00:00+00:00,10.75,92.5,0.0,0.0,0.0,290.65,0.76,25.0,101500.0
1990-01-09 16:00:00+00:00,10.21,92.5,0.0,0.0,0.0,289.1,0.9,6.0,101470.0
1990-01-09 17:00:00+00:00,9.53,92.45,0.0,0.0,0.0,288.35,1.03,355.0,101460.0
1990-01-09 18:00:00+00:00,8.89,92.45,0.0,0.0,0.0,286.2,1.03,346.0,101420.0
1990-01-09 19:00:00+00:00,9.78,92.45,0.0,0.0,0.0,293.2,0.97,3.0,101410.0
1990-01-09 20:00:00+00:00,9.26,89.15,0.0,0.0,0.0,297.25,1.03,345.0,101380.0
1990-01-09 21:00:00+00:00,8.72,89.1,0.0,0.0,0.0,294.95,1.1,336.0,101370.0
1990-01-09 22:00:00+00:00,8.62,89.1,0.0,0.0,0.0,301.3,1.03,330.0,101370.0
1990-01-09 23:00:00+00:00,8.34,92.4,0.0,0.0,0.0,296.85,1.03,326.0,101440.0
1990-01-10 00:00:00+00:00,9.85,92.45,227.95,719.75,81.2,297.05,0.69,316.0,101500.0
1990-01-10 01:00:00+00:00,13.07,72.1,378.9,670.97,115.9,300.85,0.69,1.0,101540.0
1990-01-10 02:00:00+00:00,15.18,60.5,535.15,742.97,131.6,319.3,1.66,57.0,101540.0
1990-01-10 03:00:00+00:00,16.85,54.6,659.85,788.93,149.3,315.25,2.14,74.0,101450.0
1990-01-10 04:00:00+00:00,18.21,49.3,700.55,793.09,147.9,319.9,1.93,85.0,101330.0
1990-01-10 05:00:00+00:00,19.39,44.45,661.2,770.12,130.7,316.8,1.31,97.0,101220.0
1990-01-10 06:00:00+00:00,20.03,44.6,534.15,676.0,112.5,326.1,0.97,107.0,101130.0
1990-01-10 07:00:00+00:00,19.99,44.6,392.65,587.03,95.65,318.75,0.83,105.0,101040.0
1990-01-10 08:00:00+00:00,19.75,44.6,187.7,352.87,66.5,316.6,1.31,119.0,101020.0
1990-01-10 09:00:00+00:00,18.6,49.45,26.9,81.75,14.85,315.85,1.72,130.0,101060.0
1990-01-10 10:00:00+00:00,16.17,60.75,0.0,0.0,0.0,315.45,2.21,131.0,101090.0
1990-01-10 11:00:00+00:00,14.57,69.85,0.0,0.0,0.0,325.1,1.93,119.0,101160.0
1990-01-10 12:00:00+00:00,13.27,77.5,0.0,0.0,0.0,307.1,1.72,101.0,101200.0
1990-01-10 13:00:00+00:00,12.67,80.3,0.0,0.0,0.0,314.5,1.45,85.0,101250.0
1990-01-10 14:00:00+00:00,11.8,89.3,0.0,0.0,0.0,306.15,1.17,74.0,101270.0
1990-01-10 15:00:00+00:00,11.97,86.15,0.0,0.0,0.0,306.15,0.76,56.0,101250.0
1990-01-10 16:00:00+00:00,12.32,83.15,0.0,0.0,0.0,307.9,0.48,8.0,101240.0
1990-01-10 17:00:00+00:00,12.24,83.15,0.0,0.0,0.0,318.35,0.62,336.0,101210.0
1990-01-10 18:00:00+00:00,11.99,86.15,0.0,0.0,0.0,320.3,0.69,332.0,101180.0
1990-01-10 19:00:00+00:00,13.09,74.75,0.0,0.0,0.0,356.65,0.41,16.0,101130.0
1990-01-10 20:00:00+00:00,13.27,74.75,0.0,0.0,0.0,357.65,0.48,359.0,101100.0
1990-01-10 21:00:00+00:00,13.08,74.75,0.0,0.0,0.0,354.35,0.55,335.0,101090.0
1990-01-10 22:00:00+00:00,13.19,74.75,0.0,0.0,0.0,367.9,0.55,324.0,101120.0
1990-01-10 23:00:00+00:00,13.0,83.25,0.0,0.0,0.0,369.85,0.62,330.0,101160.0
1990-01-11 00:00:00+00:00,13.77,77.6,80.9,96.84,61.15,373.3,0.55,346.0,101210.0
1990-01-11 01:00:00+00:00,15.2,67.45,244.3,285.03,132.45,369.55,0.83,8.0,101260.0
1990-01-11 02:00:00+00:00,17.21,60.95,398.2,452.72,151.9,365.75,1.45,32.0,101250.0
1990-01-11 03:00:00+00:00,18.98,59.15,531.75,543.82,179.1,340.2,1.86,46.0,101210.0
1990-01-11 04:00:00+00:00,20.67,55.45,548.45,477.89,214.6,364.6,1.86,52.0,101120.0
1990-01-11 05:00:00+00:00,21.67,53.75,599.3,654.36,147.15,351.25,1.79,52.0,101010.0
1990-01-11 06:00:00+00:00,22.68,52.1,535.95,671.64,115.4,351.05,1.59,56.0,100930.0
1990-01-11 07:00:00+00:00,23.48,48.7,384.15,559.04,99.85,346.2,2.14,105.0,100840.0
1990-01-11 08:00:00+00:00,22.84,50.3,191.15,361.25,66.1,341.75,2.69,121.0,100850.0
1990-01-11 09:00:00+00:00,21.03,59.5,28.2,87.3,15.1,341.0,2.69,132.0,100890.0
1990-01-11 10:00:00+00:00,18.39,70.45,0.0,0.0,0.0,336.55,2.21,132.0,100940.0
1990-01-11 11:00:00+00:00,16.74,78.0,0.0,0.0,0.0,329.4,1.72,124.0,101030.0
1990-01-11 12:00:00+00:00,15.76,83.55,0.0,0.0,0.0,323.2,1.38,116.0,101070.0
1990-01-11 13:00:00+00:00,14.76,89.5,0.0,0.0,0.0,321.65,0.97,108.0,101110.0
1990-01-11 14:00:00+00:00,15.27,86.5,0.0,0.0,0.0,321.85,0.28,95.0,101120.0
1990-01-11 15:00:00+00:00,14.94,89.5,0.0,0.0,0.0,323.95,0.62,306.0,101130.0
1990-01-11 16:00:00+00:00,13.19,92.65,0.0,0.0,0.0,334.4,1.17,305.0,101100.0
1990-01-11 17:00:00+00:00,12.42,99.4,0.0,0.0,0.0,331.1,1.38,309.0,101060.0
1990-01-11 18:00:00+00:00,12.69,95.95,0.0,0.0,0.0,352.8,1.17,311.0,101030.0
1990-01-11 19:00:00+00:00,13.06,95.95,0.0,0.0,0.0,346.2,1.03,317.0,100960.0
1990-01-11 20:00:00+00:00,14.04,95.95,0.0,0.0,0.0,371.2,0.83,318.0,100920.0
1990-01-11 21:00:00+00:00,14.09,92.7,0.0,0.0,0.0,370.6,0.9,323.0,100900.0
1990-01-11 22:00:00+00:00,14.21,92.7,0.0,0.0,0.0,372.35,0.9,327.0,100940.0
1990-01-11 23:00:00+00:00,14.07,92.7,0.0,0.0,0.0,367.1,0.97,330.0,100990.0
1990-01-12 00:00:00+00:00,15.38,89.55,134.95,226.89,88.65,371.55,0.62,329.0,101090.0
1990-01-12 01:00:00+00:00,18.19,72.95,262.15,303.34,142.95,381.75,0.48,324.0,101130.0
1990-01-12 02:00:00+00:00,20.29,65.95,275.45,92.75,224.9,383.75,0.55,333.0,101160.0
1990-01-12 03:00:00+00:00,21.38,61.7,431.05,272.97,253.65,394.8,0.69,333.0,101100.0
1990-01-12 04:00:00+00:00,22.96,55.9,477.8,323.16,251.45,400.0,0.83,334.0,100990.0
1990-01-12 05:00:00+00:00,24.1,52.35,487.55,410.65,202.9,395.4,0.76,323.0,100870.0
1990-01-12 06:00:00+00:00,24.81,50.8,498.2,588.41,128.3,383.55,0.62,293.0,100760.0
1990-01-12 07:00:00+00:00,25.46,47.5,336.3,417.34,122.95,361.5,0.97,212.0,100640.0
1990-01-12 08:00:00+00:00,25.14,47.4,147.6,205.65,75.85,373.9,1.1,203.0,100610.0
1990-01-12 09:00:00+00:00,23.89,52.35,25.2,70.37,14.45,369.65,1.72,158.0,100640.0
1990-01-12 10:00:00+00:00,21.29,63.9,0.0,0.0,0.0,360.55,1.93,146.0,100710.0
1990-01-12 11:00:00+00:00,18.96,75.65,0.0,0.0,0.0,343.3,1.59,142.0,100760.0
1990-01-12 12:00:00+00:00,17.47,83.7,0.0,0.0,0.0,335.2,0.9,133.0,100820.0
1990-01-12 13:00:00+00:00,16.57,89.65,0.0,0.0,0.0,331.7,0.62,84.0,100850.0
1990-01-12 14:00:00+00:00,15.99,92.75,0.0,0.0,0.0,340.0,0.69,50.0,100880.0
1990-01-12 15:00:00+00:00,15.31,92.75,0.0,0.0,0.0,328.8,0.9,13.0,100890.0
1990-01-12 16:00:00+00:00,14.62,92.7,0.0,0.0,0.0,325.7,1.03,354.0,100890.0
1990-01-12 17:00:00+00:00,13.97,95.95,0.0,0.0,0.0,326.3,1.1,345.0,100850.0
1990-01-12 18:00:00+00:00,13.35,95.95,0.0,0.0,0.0,323.95,1.24,337.0,100830.0
1990-01-12 19:00:00+00:00,13.5,95.95,0.0,0.0,0.0,321.85,1.1,351.0,100800.0
1990-01-12 20:00:00+00:00,13.43,95.95,0.0,0.0,0.0,320.65,0.97,357.0,100830.0
1990-01-12 21:00:00+00:00,13.14,95.95,0.0,0.0,0.0,319.3,0.97,3.0,100830.0
1990-01-12 22:00:00+00:00,13.03,99.4,0.0,0.0,0.0,318.55,0.83,4.0,100850.0
1990-01-12 23:00:00+00:00,12.75,99.4,0.0,0.0,0.0,316.2,0.9,1.0,100910.0
1990-01-13 00:00:00+00:00,14.13,92.7,243.3,816.27,76.55,317.75,0.41,347.0,100960.0
1990-01-13 01:00:00+00:00,18.05,78.15,434.55,845.82,101.65,322.35,0.21,24.0,101000.0
1990-01-13 02:00:00+00:00,20.92,66.05,588.15,864.43,116.1,334.0,0.21,62.0,100980.0
1990-01-13 03:00:00+00:00,23.09,57.9,683.6,859.92,123.45,340.2,0.28,80.0,100920.0
1990-01-13 04:00:00+00:00,24.7,50.8,707.65,828.87,125.5,347.75,0.55,110.0,100830.0
1990-01-13 05:00:00+00:00,25.7,46.0,673.1,799.34,117.2,352.6,0.83,136.0,100730.0
1990-01-13 06:00:00+00:00,26.24,43.05,500.65,596.66,124.05,354.75,1.31,153.0,100680.0
1990-01-13 07:00:00+00:00,25.13,52.6,294.15,343.24,117.75,368.85,2.62,145.0,100650.0
1990-01-13 08:00:00+00:00,23.38,58.0,147.0,193.93,78.8,388.0,3.45,141.0,100690.0
1990-01-13 09:00:00+00:00,20.97,68.4,23.2,46.31,16.0,379.9,2.97,135.0,100720.0
1990-01-13 10:00:00+00:00,18.68,75.65,0.0,0.0,0.0,373.9,2.0,128.0,100790.0
1990-01-13 11:00:00+00:00,17.42,83.7,0.0,0.0,0.0,383.55,1.79,118.0,100850.0
1990-01-13 12:00:00+00:00,16.62,86.6,0.0,0.0,0.0,381.25,1.52,106.0,100890.0
1990-01-13 13:00:00+00:00,16.02,92.75,0.0,0.0,0.0,370.2,1.17,98.0,100910.0
1990-01-13 14:00:00+00:00,15.7,92.75,0.0,0.0,0.0,369.65,0.9,93.0,100950.0
1990-01-13 15:00:00+00:00,15.37,92.75,0.0,0.0,0.0,359.55,0.62,90.0,100960.0
1990-01-13 16:00:00+00:00,15.16,92.75,0.0,0.0,0.0,361.5,0.62,89.0,100970.0
1990-01-13 17:00:00+00:00,14.99,96.0,0.0,0.0,0.0,363.45,0.76,89.0,100960.0
1990-01-13 18:00:00+00:00,14.53,99.35,0.0,0.0,0.0,347.75,0.76,105.0,100960.0
1990-01-13 19:00:00+00:00,14.43,96.0,0.0,0.0,0.0,354.95,0.76,84.0,100940.0
1990-01-13 20:00:00+00:00,14.5,96.0,0.0,0.0,0.0,365.4,0.83,82.0,100920.0
1990-01-13 21:00:00+00:00,14.54,96.0,0.0,0.0,0.0,368.3,0.97,94.0,100940.0
1990-01-13 22:00:00+00:00,14.49,92.7,0.0,0.0,0.0,372.95,1.17,105.0,100950.0
1990-01-13 23:00:00+00:00,14.36,92.7,0.0,0.0,0.0,368.5,1.17,107.0,101010.0
1990-01-14 00:00:00+00:00,14.62,89.5,117.65,95.07,98.2,364.8,1.17,103.0,101070.0
1990-01-14 01:00:00+00:00,15.33,86.5,215.25,125.54,165.75,374.2,1.1,107.0,101100.0
1990-01-14 02:00:00+00:00,16.43,80.75,390.3,298.59,226.9,372.55,0.97,112.0,101150.0
1990-01-14 03:00:00+00:00,18.13,70.45,578.85,549.7,219.9,362.1,0.83,118.0,101110.0
1990-01-14 04:00:00+00:00,20.22,63.7,706.15,812.46,133.9,359.0,0.9,124.0,100990.0
1990-01-14 05:00:00+00:00,22.2,55.8,656.15,758.39,126.95,339.45,1.24,122.0,100890.0
1990-01-14 06:00:00+00:00,23.22,50.45,558.65,699.12,115.55,341.75,1.66,123.0,100810.0
1990-01-14 07:00:00+00:00,23.31,50.45,365.05,529.32,91.55,346.4,2.34,133.0,100800.0
1990-01-14 08:00:00+00:00,22.55,53.85,190.1,352.32,65.2,350.1,2.55,132.0,100810.0
1990-01-14 09:00:00+00:00,21.03,59.5,32.25,95.11,17.2,339.05,2.48,131.0,100840.0
1990-01-14 10:00:00+00:00,18.73,68.1,0.0,0.0,0.0,334.4,1.86,126.0,100880.0
1990-01-14 11:00:00+00:00,16.86,78.0,0.0,0.0,0.0,322.6,1.59,115.0,100930.0
1990-01-14 12:00:00+00:00,15.75,83.55,0.0,0.0,0.0,319.7,1.38,104.0,100980.0
1990-01-14 13:00:00+00:00,14.85,89.5,0.0,0.0,0.0,316.05,1.31,96.0,101020.0
1990-01-14 14:00:00+00:00,13.85,95.95,0.0,0.0,0.0,310.6,1.1,87.0,101050.0
1990-01-14 15:00:00+00:00,13.94,95.95,0.0,0.0,0.0,308.85,0.83,69.0,101090.0
1990-01-14 16:00:00+00:00,14.12,92.7,0.0,0.0,0.0,307.5,0.62,45.0,101100.0
1990-01-14 17:00:00+00:00,13.87,95.95,0.0,0.0,0.0,306.35,0.62,25.0,101090.0
1990-01-14 18:00:00+00:00,13.7,92.65,0.0,0.0,0.0,307.3,0.62,358.0,101090.0
1990-01-14 19:00:00+00:00,13.77,92.65,0.0,0.0,0.0,311.55,0.62,331.0,101030.0
1990-01-14 20:00:00+00:00,13.54,92.65,0.0,0.0,0.0,311.95,0.83,322.0,101020.0
1990-01-14 21:00:00+00:00,12.34,95.95,0.0,0.0,0.0,325.5,1.1,322.0,101020.0
1990-01-14 22:00:00+00:00,12.39,95.95,0.0,0.0,0.0,345.85,1.03,318.0,101050.0
1990-01-14 23:00:00+00:00,13.44,92.65,0.0,0.0,0.0,364.2,0.69,313.0,101080.0
1990-01-15 00:00:00+00:00,14.8,89.5,110.85,74.89,95.5,376.8,0.41,312.0,101130.0
1990-01-15 01:00:00+00:00,17.36,70.3,229.75,149.71,170.6,385.05,0.28,328.0,101190.0
1990-01-15 02:00:00+00:00,19.36,61.4,316.75,108.21,257.4,385.3,0.41,15.0,101210.0
1990-01-15 03:00:00+00:00,20.91,59.5,385.9,168.41,275.65,382.4,0.62,39.0,101180.0
1990-01-15 04:00:00+00:00,22.13,59.8,417.6,232.37,253.45,397.1,0.69,75.0,101090.0
1990-01-15 05:00:00+00:00,23.17,58.0,524.75,422.23,229.1,394.4,0.9,127.0,100980.0
1990-01-15 06:00:00+00:00,24.23,52.5,545.05,651.33,130.5,385.9,1.31,146.0,100870.0
1990-01-15 07:00:00+00:00,24.29,52.5,390.75,551.27,104.35,353.0,2.0,135.0,100770.0
1990-01-15 08:00:00+00:00,23.57,58.0,194.8,357.06,67.2,353.55,2.41,135.0,100780.0
1990-01-15 09:00:00+00:00,21.76,64.0,33.45,100.91,17.2,346.2,2.62,131.0,100830.0
1990-01-15 10:00:00+00:00,19.2,73.15,0.0,0.0,0.0,339.65,2.07,124.0,100890.0
1990-01-15 11:00:00+00:00,17.43,83.7,0.0,0.0,0.0,333.85,1.59,109.0,100930.0
1990-01-15 12:00:00+00:00,16.53,86.55,0.0,0.0,0.0,334.0,1.38,101.0,100960.0
1990-01-15 13:00:00+00:00,16.01,89.6,0.0,0.0,0.0,340.4,1.38,107.0,100990.0
1990-01-15 14:00:00+00:00,15.81,89.6,0.0,0.0,0.0,356.1,1.24,105.0,101000.0
1990-01-15 15:00:00+00:00,16.31,86.55,0.0,0.0,0.0,387.65,0.76,93.0,101020.0
1990-01-15 16:00:00+00:00,16.5,86.55,0.0,0.0,0.0,387.85,0.21,56.0,101000.0
1990-01-15 17:00:00+00:00,16.67,83.65,0.0,0.0,0.0,392.65,0.07,303.0,101030.0
1990-01-15 18:00:00+00:00,16.63,83.65,0.0,0.0,0.0,390.75,0.34,225.0,101000.0
1990-01-15 19:00:00+00:00,16.44,86.55,0.0,0.0,0.0,378.95,0.76,118.0,100980.0
1990-01-15 20:00:00+00:00,15.98,89.6,0.0,0.0,0.0,363.85,0.48,97.0,100980.0
1990-01-15 21:00:00+00:00,15.95,89.6,0.0,0.0,0.0,356.1,0.28,10.0,100960.0
1990-01-15 22:00:00+00:00,15.75,89.6,0.0,0.0,0.0,358.8,0.14,330.0,100980.0
1990-01-15 23:00:00+00:00,15.48,92.75,0.0,0.0,0.0,353.0,0.0,175.0,101010.0
1990-01-16 00:00:00+00:00,15.87,89.6,151.15,398.15,69.35,346.2,0.07,180.0,101030.0
1990-01-16 01:00:00+00:00,17.81,78.15,314.8,490.42,120.6,351.95,0.41,112.0,101100.0
1990-01-16 02:00:00+00:00,19.88,68.3,492.4,645.86,137.3,367.9,0.76,109.0,101130.0
1990-01-16 03:00:00+00:00,21.93,64.0,613.55,700.31,153.85,348.95,0.9,113.0,101070.0
1990-01-16 04:00:00+00:00,23.69,58.1,645.85,705.15,146.2,355.9,1.03,115.0,100920.0
1990-01-16 05:00:00+00:00,25.0,54.45,669.1,768.83,128.85,374.1,1.03,123.0,100790.0
1990-01-16 06:00:00+00:00,25.87,51.05,563.95,705.27,113.15,357.65,1.24,135.0,100690.0
1990-01-16 07:00:00+00:00,25.29,52.75,401.85,585.38,96.05,358.0,2.55,133.0,100600.0
1990-01-16 08:00:00+00:00,24.11,58.1,205.85,381.53,68.4,354.55,2.97,130.0,100630.0
1990-01-16 09:00:00+00:00,22.02,66.25,35.85,108.03,18.15,348.95,2.62,126.0,100690.0
1990-01-16 10:00:00+00:00,19.51,73.15,0.0,0.0,0.0,340.2,2.07,121.0,100760.0
1990-01-16 11:00:00+00:00,17.7,80.9,0.0,0.0,0.0,333.65,1.79,113.0,100840.0
1990-01-16 12:00:00+00:00,16.61,86.6,0.0,0.0,0.0,329.2,1.45,103.0,100870.0
1990-01-16 13:00:00+00:00,15.86,92.75,0.0,0.0,0.0,326.65,1.1,94.0,100910.0
1990-01-16 14:00:00+00:00,15.28,92.75,0.0,0.0,0.0,324.95,0.69,78.0,100960.0
1990-01-16 15:00:00+00:00,15.49,92.75,0.0,0.0,0.0,324.35,0.55,35.0,100980.0
1990-01-16 16:00:00+00:00,15.19,92.75,0.0,0.0,0.0,322.4,0.69,25.0,101000.0
1990-01-16 17:00:00+00:00,14.98,96.0,0.0,0.0,0.0,330.55,0.76,40.0,101020.0
1990-01-16 18:00:00+00:00,14.8,92.7,0.0,0.0,0.0,327.25,0.9,58.0,101030.0
1990-01-16 19:00:00+00:00,15.23,92.75,0.0,0.0,0.0,368.65,1.1,83.0,101010.0
1990-01-16 20:00:00+00:00,16.07,89.65,0.0,0.0,0.0,392.85,0.9,97.0,100990.0
1990-01-16 21:00:00+00:00,16.53,89.65,0.0,0.0,0.0,392.3,1.38,93.0,100940.0
1990-01-16 22:00:00+00:00,16.93,83.65,0.0,0.0,0.0,396.35,1.38,86.0,100960.0
1990-01-16 23:00:00+00:00,17.02,86.6,0.0,0.0,0.0,393.05,1.24,78.0,101010.0
1990-01-17 00:00:00+00:00,17.47,83.7,55.75,4.37,54.85,394.8,0.83,80.0,101070.0
1990-01-17 01:00:00+00:00,18.16,78.25,114.0,36.28,99.6,398.2,1.03,89.0,101120.0
1990-01-17 02:00:00+00:00,18.93,75.65,173.75,30.84,156.75,400.2,1.38,93.0,101160.0
1990-01-17 03:00:00+00:00,19.75,70.7,165.05,12.76,156.65,403.3,1.93,92.0,101110.0
1990-01-17 04:00:00+00:00,20.05,70.7,174.85,10.62,167.3,405.85,2.41,94.0,101010.0
1990-01-17 05:00:00+00:00,20.23,73.2,177.15,42.47,147.2,406.2,2.41,98.0,100950.0
1990-01-17 06:00:00+00:00,19.87,75.75,140.1,21.42,126.35,405.85,2.14,106.0,100890.0
1990-01-17 07:00:00+00:00,20.14,70.7,159.95,55.02,131.05,407.2,2.48,99.0,100880.0
1990-01-17 08:00:00+00:00,20.04,70.7,88.45,54.79,68.55,406.8,2.28,99.0,100880.0
1990-01-17 09:00:00+00:00,19.32,75.7,8.75,0.9,8.6,401.95,2.07,113.0,100900.0
1990-01-17 10:00:00+00:00,18.11,81.0,0.0,0.0,0.0,400.0,1.86,121.0,100940.0
1990-01-17 11:00:00+00:00,17.32,89.7,0.0,0.0,0.0,397.9,1.72,122.0,100990.0
1990-01-17 12:00:00+00:00,16.88,89.65,0.0,0.0,0.0,395.95,1.52,114.0,101010.0
1990-01-17 13:00:00+00:00,16.7,89.65,0.0,0.0,0.0,394.4,1.17,109.0,101040.0
1990-01-17 14:00:00+00:00,16.63,89.65,0.0,0.0,0.0,395.0,0.9,105.0,101020.0
1990-01-17 15:00:00+00:00,16.59,89.65,0.0,0.0,0.0,394.6,0.55,108.0,100980.0
1990-01-17 16:00:00+00:00,16.66,89.65,0.0,0.0,0.0,395.55,0.41,99.0,100970.0
1990-01-17 17:00:00+00:00,16.72,89.65,0.0,0.0,0.0,396.15,0.21,91.0,100930.0
1990-01-17 18:00:00+00:00,16.79,92.8,0.0,0.0,0.0,396.55,0.0,193.0,100870.0
1990-01-17 19:00:00+00:00,17.07,92.8,0.0,0.0,0.0,397.1,0.07,230.0,100830.0
1990-01-17 20:00:00+00:00,17.17,89.7,0.0,0.0,0.0,397.5,0.14,213.0,100830.0
1990-01-17 21:00:00+00:00,17.13,92.85,0.0,0.0,0.0,395.55,0.14,184.0,100790.0
1990-01-17 22:00:00+00:00,17.18,89.7,0.0,0.0,0.0,397.1,0.21,148.0,100810.0
1990-01-17 23:00:00+00:00,17.16,92.85,0.0,0.0,0.0,395.4,0.28,122.0,100860.0
1990-01-18 00:00:00+00:00,17.61,86.7,84.95,94.36,65.45,394.4,0.28,95.0,100900.0
1990-01-18 01:00:00+00:00,18.39,86.75,195.45,143.2,138.45,396.65,0.48,75.0,100960.0
1990-01-18 02:00:00+00:00,19.63,78.45,279.8,187.07,176.4,400.4,0.9,78.0,100990.0
1990-01-18 03:00:00+00:00,20.88,78.5,421.6,257.05,251.9,397.1,1.66,100.0,100960.0
1990-01-18 04:00:00+00:00,22.31,71.05,301.35,119.97,215.8,407.75,2.41,111.0,100870.0
1990-01-18 05:00:00+00:00,22.38,71.05,335.35,132.58,241.5,412.0,2.62,115.0,100790.0
1990-01-18 06:00:00+00:00,22.84,68.75,208.6,37.76,184.25,413.95,3.1,115.0,100710.0
1990-01-18 07:00:00+00:00,22.03,73.45,103.85,17.51,94.6,416.3,2.62,112.0,100600.0
1990-01-18 08:00:00+00:00,21.29,75.95,50.95,0.96,50.6,415.3,2.48,110.0,100590.0
1990-01-18 09:00:00+00:00,20.49,78.45,7.8,1.47,7.55,413.2,2.14,106.0,100630.0
1990-01-18 10:00:00+00:00,19.69,78.45,0.0,0.0,0.0,411.05,1.66,101.0,100660.0
1990-01-18 11:00:00+00:00,19.2,81.1,0.0,0.0,0.0,408.75,1.59,98.0,100690.0
1990-01-18 12:00:00+00:00,18.88,83.85,0.0,0.0,0.0,405.65,1.59,100.0,100710.0
1990-01-18 13:00:00+00:00,18.69,83.85,0.0,0.0,0.0,405.85,1.66,101.0,100720.0
1990-01-18 14:00:00+00:00,18.48,86.75,0.0,0.0,0.0,403.3,1.59,102.0,100720.0
1990-01-18 15:00:00+00:00,18.34,86.75,0.0,0.0,0.0,404.3,1.66,99.0,100720.0
1990-01-18 16:00:00+00:00,18.2,83.8,0.0,0.0,0.0,402.9,1.59,95.0,100720.0
1990-01-18 17:00:00+00:00,18.06,86.7,0.0,0.0,0.0,402.15,1.59,94.0,100710.0
1990-01-18 18:00:00+00:00,17.91,86.7,0.0,0.0,0.0,401.55,1.66,95.0,100670.0
1990-01-18 19:00:00+00:00,17.75,89.75,0.0,0.0,0.0,400.2,1.17,98.0,100650.0
1990-01-18 20:00:00+00:00,17.65,89.75,0.0,0.0,0.0,400.2,1.59,93.0,100630.0
1990-01-18 21:00:00+00:00,17.45,92.85,0.0,0.0,0.0,399.25,1.45,94.0,100620.0
1990-01-18 22:00:00+00:00,17.24,92.85,0.0,0.0,0.0,396.75,1.24,100.0,100630.0
1990-01-18 23:00:00+00:00,17.1,92.85,0.0,0.0,0.0,397.1,1.03,105.0,100670.0
1990-01-19 00:00:00+00:00,17.15,92.85,67.0,39.78,58.75,397.5,0.76,106.0,100690.0
1990-01-19 01:00:00+00:00,17.57,92.85,89.0,13.9,83.45,396.85,1.72,92.0,100730.0
1990-01-19 02:00:00+00:00,17.95,89.75,141.55,24.99,127.7,398.65,1.59,96.0,100770.0
1990-01-19 03:00:00+00:00,18.44,86.75,156.5,25.75,139.45,400.4,2.21,99.0,100730.0
1990-01-19 04:00:00+00:00,18.63,86.8,169.4,22.22,153.5,401.2,2.14,104.0,100640.0
1990-01-19 05:00:00+00:00,18.82,86.8,195.85,33.5,172.05,402.35,2.34,103.0,100520.0
1990-01-19 06:00:00+00:00,19.38,83.9,160.65,35.9,137.4,403.9,2.28,103.0,100430.0
1990-01-19 07:00:00+00:00,19.81,81.15,93.55,1.51,92.75,405.45,2.41,103.0,100340.0
1990-01-19 08:00:00+00:00,19.62,81.15,53.7,2.84,52.65,407.75,2.0,100.0,100340.0
1990-01-19 09:00:00+00:00,19.25,83.9,9.6,0.0,9.6,404.45,1.79,94.0,100370.0
1990-01-19 10:00:00+00:00,18.84,86.8,0.0,0.0,0.0,405.25,1.31,92.0,100410.0
1990-01-19 11:00:00+00:00,18.6,86.8,0.0,0.0,0.0,400.4,0.97,93.0,100460.0
1990-01-19 12:00:00+00:00,18.45,89.75,0.0,0.0,0.0,401.4,0.62,95.0,100510.0
1990-01-19 13:00:00+00:00,18.32,89.75,0.0,0.0,0.0,403.5,0.28,89.0,100530.0
1990-01-19 14:00:00+00:00,18.11,89.75,0.0,0.0,0.0,401.2,0.14,111.0,100560.0
1990-01-19 15:00:00+00:00,18.02,92.85,0.0,0.0,0.0,400.8,0.07,119.0,100560.0
1990-01-19 16:00:00+00:00,18.09,89.75,0.0,0.0,0.0,401.95,0.07,104.0,100560.0
1990-01-19 17:00:00+00:00,18.04,92.85,0.0,0.0,0.0,401.75,0.34,322.0,100580.0
1990-01-19 18:00:00+00:00,17.99,92.85,0.0,0.0,0.0,402.15,0.69,309.0,100580.0
1990-01-19 19:00:00+00:00,17.33,96.05,0.0,0.0,0.0,400.6,1.59,320.0,100630.0
1990-01-19 20:00:00+00:00,16.5,96.05,0.0,0.0,0.0,395.75,2.41,328.0,100660.0
1990-01-19 21:00:00+00:00,15.4,92.75,0.0,0.0,0.0,388.4,2.97,324.0,100650.0
1990-01-19 22:00:00+00:00,14.25,86.4,0.0,0.0,0.0,384.55,3.17,322.0,100720.0
1990-01-19 23:00:00+00:00,13.19,83.25,0.0,0.0,0.0,380.3,3.52,326.0,100780.0
1990-01-20 00:00:00+00:00,12.54,80.3,53.25,0.0,53.25,373.7,3.66,329.0,100880.0
1990-01-20 01:00:00+00:00,12.53,80.2,105.15,9.61,101.3,375.95,3.52,331.0,100950.0
1990-01-20 02:00:00+00:00,12.96,77.45,123.4,9.89,117.9,377.75,3.45,332.0,100970.0
1990-01-20 03:00:00+00:00,13.4,74.75,235.9,57.81,197.5,378.55,3.52,331.0,100940.0
1990-01-20 04:00:00+00:00,14.36,69.75,226.4,50.98,189.8,370.0,3.59,330.0,100880.0
1990-01-20 05:00:00+00:00,14.92,67.35,181.1,38.84,153.4,382.2,3.72,331.0,100790.0
1990-01-20 06:00:00+00:00,15.01,64.95,149.1,18.52,137.05,383.4,3.72,333.0,100720.0
1990-01-20 07:00:00+00:00,15.87,65.15,129.5,64.48,95.05,382.4,3.59,335.0,100650.0
1990-01-20 08:00:00+00:00,15.63,62.85,47.9,12.63,43.2,378.95,3.52,338.0,100670.0
1990-01-20 09:00:00+00:00,15.16,62.75,12.65,13.98,10.2,381.25,3.31,337.0,100740.0
1990-01-20 10:00:00+00:00,14.56,64.95,0.0,0.0,0.0,380.1,2.9,334.0,100790.0
1990-01-20 11:00:00+00:00,13.91,67.15,0.0,0.0,0.0,372.95,2.69,332.0,100850.0
1990-01-20 12:00:00+00:00,13.43,69.55,0.0,0.0,0.0,371.2,2.62,332.0,100890.0
1990-01-20 13:00:00+00:00,13.16,67.05,0.0,0.0,0.0,375.85,2.62,330.0,100940.0
1990-01-20 14:00:00+00:00,12.81,69.45,0.0,0.0,0.0,373.5,2.55,328.0,100960.0
1990-01-20 15:00:00+00:00,12.39,71.95,0.0,0.0,0.0,373.3,2.41,328.0,100990.0
1990-01-20 16:00:00+00:00,12.05,74.6,0.0,0.0,0.0,371.55,2.21,326.0,100980.0
1990-01-20 17:00:00+00:00,11.81,77.3,0.0,0.0,0.0,369.05,2.41,317.0,101000.0
1990-01-20 18:00:00+00:00,11.1,86.1,0.0,0.0,0.0,367.5,2.9,308.0,101040.0
1990-01-20 19:00:00+00:00,10.4,89.2,0.0,0.0,0.0,365.55,3.31,321.0,101070.0
1990-01-20 20:00:00+00:00,9.93,85.95,0.0,0.0,0.0,362.65,3.52,329.0,101090.0
1990-01-20 21:00:00+00:00,9.71,82.9,0.0,0.0,0.0,361.7,3.59,330.0,101090.0
1990-01-20 22:00:00+00:00,9.51,79.9,0.0,0.0,0.0,358.8,3.52,330.0,101110.0
1990-01-20 23:00:00+00:00,9.31,79.9,0.0,0.0,0.0,352.0,3.45,330.0,101140.0
1990-01-21 00:00:00+00:00,9.39,79.9,51.45,10.28,49.3,358.0,3.59,332.0,101210.0
1990-01-21 01:00:00+00:00,9.71,79.9,90.85,28.5,79.4,358.9,3.79,332.0,101270.0
1990-01-21 02:00:00+00:00,10.19,77.1,182.8,34.78,163.4,358.4,3.93,332.0,101310.0
1990-01-21 03:00:00+00:00,11.04,71.75,196.2,22.36,181.3,364.0,4.0,330.0,101270.0
1990-01-21 04:00:00+00:00,11.65,69.25,173.95,0.0,173.95,365.4,3.93,330.0,101170.0
1990-01-21 05:00:00+00:00,11.99,69.25,237.85,18.64,224.5,364.0,3.93,333.0,101090.0
1990-01-21 06:00:00+00:00,12.83,64.55,126.05,31.67,105.35,366.95,3.86,338.0,101030.0
1990-01-21 07:00:00+00:00,11.93,69.25,107.85,39.17,86.8,364.2,3.31,334.0,100970.0
1990-01-21 08:00:00+00:00,12.23,66.85,65.3,41.71,49.65,359.95,3.31,338.0,100980.0
1990-01-21 09:00:00+00:00,12.35,66.85,12.1,1.96,11.75,363.25,3.17,342.0,100990.0
1990-01-21 10:00:00+00:00,12.23,64.45,0.0,0.0,0.0,363.25,2.97,344.0,101020.0
1990-01-21 11:00:00+00:00,12.11,64.45,0.0,0.0,0.0,365.75,2.97,344.0,101050.0
1990-01-21 12:00:00+00:00,11.92,64.35,0.0,0.0,0.0,362.3,2.9,342.0,101090.0
1990-01-21 13:00:00+00:00,11.69,64.35,0.0,0.0,0.0,364.4,2.83,339.0,101110.0
1990-01-21 14:00:00+00:00,11.43,64.25,0.0,0.0,0.0,363.85,2.62,336.0,101140.0
1990-01-21 15:00:00+00:00,11.24,64.25,0.0,0.0,0.0,364.0,2.41,334.0,101130.0
1990-01-21 16:00:00+00:00,11.09,61.85,0.0,0.0,0.0,362.5,2.34,330.0,101120.0
1990-01-21 17:00:00+00:00,10.89,64.1,0.0,0.0,0.0,357.05,2.28,329.0,101120.0
1990-01-21 18:00:00+00:00,10.81,64.1,0.0,0.0,0.0,362.1,2.41,328.0,101100.0
1990-01-21 19:00:00+00:00,10.39,66.45,0.0,0.0,0.0,359.2,2.21,328.0,101070.0
1990-01-21 20:00:00+00:00,10.37,66.45,0.0,0.0,0.0,356.65,2.28,328.0,101040.0
1990-01-21 21:00:00+00:00,10.36,66.45,0.0,0.0,0.0,358.0,2.21,328.0,101050.0
1990-01-21 22:00:00+00:00,10.28,66.45,0.0,0.0,0.0,348.75,2.0,326.0,101080.0
1990-01-21 23:00:00+00:00,10.37,66.45,0.0,0.0,0.0,354.15,2.0,329.0,101160.0
1990-01-22 00:00:00+00:00,10.57,64.1,72.0,89.48,53.2,351.65,2.0,332.0,101230.0
1990-01-22 01:00:00+00:00,11.06,64.25,173.6,122.66,124.15,349.8,2.07,334.0,101290.0
1990-01-22 02:00:00+00:00,12.01,64.35,187.3,72.11,146.95,354.35,2.14,339.0,101320.0
1990-01-22 03:00:00+00:00,12.57,59.95,186.3,47.63,154.45,357.25,2.14,346.0,101330.0
1990-01-22 04:00:00+00:00,12.98,62.2,288.4,84.23,227.5,362.5,2.28,345.0,101260.0
1990-01-22 05:00:00+00:00,13.84,58.0,181.6,11.34,173.45,365.0,2.55,348.0,101180.0
1990-01-22 06:00:00+00:00,13.78,58.0,304.4,226.14,155.9,365.4,2.62,349.0,101110.0
1990-01-22 07:00:00+00:00,14.58,56.15,168.35,65.96,132.7,349.7,2.41,352.0,101040.0
1990-01-22 08:00:00+00:00,14.46,58.1,85.6,37.27,71.5,361.7,2.48,345.0,101100.0
1990-01-22 09:00:00+00:00,14.02,58.0,10.95,8.56,9.4,366.55,2.48,338.0,101140.0
1990-01-22 10:00:00+00:00,13.28,57.9,0.0,0.0,0.0,365.4,2.28,323.0,101200.0
1990-01-22 11:00:00+00:00,12.63,57.75,0.0,0.0,0.0,361.7,2.34,323.0,101260.0
1990-01-22 12:00:00+00:00,12.1,59.85,0.0,0.0,0.0,360.55,2.14,324.0,101330.0
1990-01-22 13:00:00+00:00,11.8,62.0,0.0,0.0,0.0,359.0,2.0,324.0,101360.0
1990-01-22 14:00:00+00:00,11.57,62.0,0.0,0.0,0.0,357.45,2.21,324.0,101410.0
1990-01-22 15:00:00+00:00,11.2,64.25,0.0,0.0,0.0,357.85,2.62,326.0,101450.0
1990-01-22 16:00:00+00:00,10.75,66.55,0.0,0.0,0.0,351.05,2.55,334.0,101470.0
1990-01-22 17:00:00+00:00,10.48,66.45,0.0,0.0,0.0,354.15,2.48,339.0,101450.0
1990-01-22 18:00:00+00:00,10.3,66.45,0.0,0.0,0.0,351.45,2.14,339.0,101430.0
1990-01-22 19:00:00+00:00,10.02,66.45,0.0,0.0,0.0,350.1,2.21,329.0,101470.0
1990-01-22 20:00:00+00:00,9.85,68.9,0.0,0.0,0.0,345.45,2.21,327.0,101490.0
1990-01-22 21:00:00+00:00,9.75,68.9,0.0,0.0,0.0,349.5,2.14,328.0,101500.0
1990-01-22 22:00:00+00:00,9.67,66.35,0.0,0.0,0.0,345.05,2.0,326.0,101520.0
1990-01-22 23:00:00+00:00,9.71,68.9,0.0,0.0,0.0,349.3,1.79,326.0,101580.0
1990-01-23 00:00:00+00:00,9.88,68.9,119.6,193.92,78.65,341.55,1.79,333.0,101620.0
1990-01-23 01:00:00+00:00,10.72,66.55,318.85,401.22,156.5,342.85,1.79,348.0,101650.0
1990-01-23 02:00:00+00:00,12.3,62.1,454.9,427.19,215.05,324.95,1.93,12.0,101660.0
1990-01-23 03:00:00+00:00,13.84,58.0,628.4,638.12,200.25,322.8,2.41,41.0,101610.0
1990-01-23 04:00:00+00:00,15.2,54.25,590.5,501.55,226.55,309.25,2.41,44.0,101540.0
1990-01-23 05:00:00+00:00,16.03,52.4,553.0,417.49,251.65,314.3,2.34,40.0,101430.0
1990-01-23 06:00:00+00:00,16.79,48.9,252.0,115.65,175.7,338.1,2.34,34.0,101360.0
1990-01-23 07:00:00+00:00,16.25,50.6,214.3,103.66,157.95,361.1,2.21,31.0,101400.0
1990-01-23 08:00:00+00:00,16.31,50.6,85.5,61.36,62.1,358.0,2.21,34.0,101430.0
1990-01-23 09:00:00+00:00,15.92,52.4,18.8,19.83,15.15,358.6,1.79,34.0,101460.0
1990-01-23 10:00:00+00:00,15.34,54.25,0.0,0.0,0.0,360.15,1.03,22.0,101490.0
1990-01-23 11:00:00+00:00,14.81,56.15,0.0,0.0,0.0,362.65,0.76,9.0,101510.0
1990-01-23 12:00:00+00:00,14.23,58.1,0.0,0.0,0.0,356.85,0.9,34.0,101560.0
1990-01-23 13:00:00+00:00,13.41,62.3,0.0,0.0,0.0,342.15,1.1,42.0,101620.0
1990-01-23 14:00:00+00:00,13.01,64.55,0.0,0.0,0.0,348.75,1.24,44.0,101660.0
1990-01-23 15:00:00+00:00,12.65,64.55,0.0,0.0,0.0,346.6,1.38,41.0,101670.0
1990-01-23 16:00:00+00:00,12.51,64.45,0.0,0.0,0.0,355.3,1.52,31.0,101680.0
1990-01-23 17:00:00+00:00,12.33,64.45,0.0,0.0,0.0,357.85,1.59,24.0,101650.0
1990-01-23 18:00:00+00:00,11.97,64.35,0.0,0.0,0.0,349.1,1.59,18.0,101620.0
1990-01-23 19:00:00+00:00,11.41,66.65,0.0,0.0,0.0,355.1,1.66,351.0,101670.0
1990-01-23 20:00:00+00:00,11.22,66.65,0.0,0.0,0.0,353.4,1.45,348.0,101640.0
1990-01-23 21:00:00+00:00,11.09,64.25,0.0,0.0,0.0,353.75,1.45,350.0,101630.0
1990-01-23 22:00:00+00:00,10.92,69.1,0.0,0.0,0.0,347.4,1.24,345.0,101650.0
1990-01-23 23:00:00+00:00,10.89,69.1,0.0,0.0,0.0,352.2,1.24,342.0,101690.0
1990-01-24 00:00:00+00:00,11.0,69.1,101.0,145.29,70.15,344.3,1.38,345.0,101710.0
1990-01-24 01:00:00+00:00,11.76,64.35,209.55,180.94,136.05,349.4,1.66,1.0,101750.0
1990-01-24 02:00:00+00:00,12.95,62.2,367.2,341.91,174.55,347.2,1.86,22.0,101790.0
1990-01-24 03:00:00+00:00,14.41,58.1,412.35,321.39,195.95,347.2,2.21,38.0,101750.0
1990-01-24 04:00:00+00:00,15.32,54.25,518.2,397.2,228.9,347.95,2.34,50.0,101660.0
1990-01-24 05:00:00+00:00,16.42,52.5,412.95,264.08,221.55,353.75,2.48,56.0,101540.0
1990-01-24 06:00:00+00:00,16.77,50.75,224.15,73.7,175.3,361.7,2.41,58.0,101460.0
1990-01-24 07:00:00+00:00,15.92,54.35,203.25,170.82,109.85,368.1,2.07,55.0,101490.0
1990-01-24 08:00:00+00:00,16.0,54.35,163.4,222.24,77.95,360.55,2.07,62.0,101490.0
1990-01-24 09:00:00+00:00,15.75,54.35,33.75,69.77,20.7,330.55,2.07,75.0,101510.0
1990-01-24 10:00:00+00:00,14.71,58.25,0.0,0.0,0.0,336.35,1.66,103.0,101540.0
1990-01-24 11:00:00+00:00,13.77,64.75,0.0,0.0,0.0,333.25,1.72,109.0,101590.0
1990-01-24 12:00:00+00:00,13.15,67.05,0.0,0.0,0.0,334.2,1.66,108.0,101640.0
1990-01-24 13:00:00+00:00,12.67,69.45,0.0,0.0,0.0,333.05,1.45,110.0,101670.0
1990-01-24 14:00:00+00:00,12.1,71.95,0.0,0.0,0.0,324.55,1.38,110.0,101700.0
1990-01-24 15:00:00+00:00,11.71,77.3,0.0,0.0,0.0,331.1,1.1,105.0,101710.0
1990-01-24 16:00:00+00:00,11.67,77.3,0.0,0.0,0.0,341.55,0.83,96.0,101690.0
1990-01-24 17:00:00+00:00,11.85,77.3,0.0,0.0,0.0,343.7,0.55,77.0,101660.0
1990-01-24 18:00:00+00:00,12.11,69.35,0.0,0.0,0.0,350.1,0.21,35.0,101640.0
1990-01-24 19:00:00+00:00,11.85,77.3,0.0,0.0,0.0,343.7,0.41,40.0,101620.0
1990-01-24 20:00:00+00:00,12.16,71.95,0.0,0.0,0.0,356.3,0.21,8.0,101600.0
1990-01-24 21:00:00+00:00,12.04,77.35,0.0,0.0,0.0,361.5,0.41,313.0,101600.0
1990-01-24 22:00:00+00:00,12.29,71.95,0.0,0.0,0.0,364.8,0.69,315.0,101630.0
1990-01-24 23:00:00+00:00,12.31,74.6,0.0,0.0,0.0,363.05,0.83,320.0,101710.0
1990-01-25 00:00:00+00:00,12.6,69.45,111.15,214.21,65.4,351.65,1.17,331.0,101760.0
1990-01-25 01:00:00+00:00,13.49,67.05,272.15,347.05,130.6,356.2,1.66,344.0,101830.0
1990-01-25 02:00:00+00:00,14.91,60.4,411.25,382.92,194.7,348.35,1.72,355.0,101860.0
1990-01-25 03:00:00+00:00,16.43,56.5,502.95,411.09,225.15,352.4,1.79,7.0,101820.0
1990-01-25 04:00:00+00:00,17.82,52.9,594.05,519.41,214.3,347.75,1.93,14.0,101700.0
1990-01-25 05:00:00+00:00,19.23,49.55,662.2,689.56,160.35,358.4,1.93,19.0,101570.0
1990-01-25 06:00:00+00:00,20.42,49.7,598.25,719.89,118.8,346.0,1.86,24.0,101470.0
1990-01-25 07:00:00+00:00,21.22,48.2,432.8,600.47,102.55,327.25,1.59,58.0,101380.0
1990-01-25 08:00:00+00:00,20.91,49.8,229.85,399.61,74.95,328.0,1.79,85.0,101380.0
1990-01-25 09:00:00+00:00,19.47,55.2,48.85,131.32,23.9,325.9,2.14,115.0,101440.0
1990-01-25 10:00:00+00:00,17.01,67.75,0.0,0.0,0.0,320.1,2.76,127.0,101530.0
1990-01-25 11:00:00+00:00,14.86,77.75,0.0,0.0,0.0,314.1,2.69,120.0,101600.0
1990-01-25 12:00:00+00:00,13.62,83.35,0.0,0.0,0.0,312.15,2.28,110.0,101700.0
1990-01-25 13:00:00+00:00,12.85,89.4,0.0,0.0,0.0,305.95,1.79,113.0,101790.0
1990-01-25 14:00:00+00:00,12.21,89.35,0.0,0.0,0.0,305.4,1.45,114.0,101830.0
1990-01-25 15:00:00+00:00,11.61,92.55,0.0,0.0,0.0,306.15,1.24,100.0,101820.0
1990-01-25 16:00:00+00:00,11.42,92.55,0.0,0.0,0.0,302.3,0.9,81.0,101790.0
1990-01-25 17:00:00+00:00,11.79,89.3,0.0,0.0,0.0,308.3,0.62,8.0,101740.0
1990-01-25 18:00:00+00:00,10.13,95.9,0.0,0.0,0.0,308.1,1.1,322.0,101720.0
1990-01-25 19:00:00+00:00,9.59,95.85,0.0,0.0,0.0,299.4,1.17,318.0,101730.0
1990-01-25 20:00:00+00:00,9.13,92.45,0.0,0.0,0.0,301.7,1.38,316.0,101710.0
1990-01-25 21:00:00+00:00,8.82,92.45,0.0,0.0,0.0,298.8,1.52,315.0,101710.0
1990-01-25 22:00:00+00:00,8.84,89.1,0.0,0.0,0.0,307.1,1.59,315.0,101740.0
1990-01-25 23:00:00+00:00,8.33,89.1,0.0,0.0,0.0,292.2,1.66,317.0,101790.0
1990-01-26 00:00:00+00:00,10.17,77.1,241.6,736.85,83.25,313.1,1.66,327.0,101800.0
1990-01-26 01:00:00+00:00,12.3,66.85,433.15,779.04,114.05,300.65,2.07,339.0,101810.0
1990-01-26 02:00:00+00:00,14.46,58.1,599.0,821.18,132.85,301.9,2.0,347.0,101820.0
1990-01-26 03:00:00+00:00,16.45,52.5,711.15,839.77,141.55,306.15,1.86,2.0,101770.0
1990-01-26 04:00:00+00:00,18.2,49.3,734.1,790.73,153.75,313.5,1.93,9.0,101650.0
1990-01-26 05:00:00+00:00,19.56,47.8,705.85,770.27,142.9,316.2,1.93,11.0,101520.0
1990-01-26 06:00:00+00:00,20.42,47.9,597.85,710.78,122.2,321.05,1.66,19.0,101410.0
1990-01-26 07:00:00+00:00,20.59,46.2,437.9,603.4,104.1,320.85,1.45,21.0,101360.0
1990-01-26 08:00:00+00:00,20.3,46.2,235.8,408.17,76.3,318.95,1.31,66.0,101350.0
1990-01-26 09:00:00+00:00,18.96,51.25,51.2,137.85,24.6,316.8,1.79,111.0,101390.0
1990-01-26 10:00:00+00:00,16.55,65.25,0.0,0.0,0.0,311.4,2.41,122.0,101440.0
1990-01-26 11:00:00+00:00,14.41,77.65,0.0,0.0,0.0,305.2,2.48,115.0,101530.0
1990-01-26 12:00:00+00:00,13.05,83.25,0.0,0.0,0.0,300.55,2.14,103.0,101600.0
1990-01-26 13:00:00+00:00,12.23,89.35,0.0,0.0,0.0,297.25,1.66,95.0,101630.0
1990-01-26 14:00:00+00:00,11.51,95.9,0.0,0.0,0.0,295.3,1.31,96.0,101650.0
1990-01-26 15:00:00+00:00,11.05,92.55,0.0,0.0,0.0,295.7,0.9,102.0,101600.0
1990-01-26 16:00:00+00:00,11.49,92.55,0.0,0.0,0.0,294.15,0.48,119.0,101590.0
1990-01-26 17:00:00+00:00,11.22,92.55,0.0,0.0,0.0,295.3,0.0,252.0,101540.0
1990-01-26 18:00:00+00:00,10.49,95.9,0.0,0.0,0.0,293.55,0.69,300.0,101480.0
1990-01-26 19:00:00+00:00,9.13,95.85,0.0,0.0,0.0,293.75,1.03,290.0,101500.0
1990-01-26 20:00:00+00:00,8.36,95.85,0.0,0.0,0.0,291.85,1.17,304.0,101440.0
1990-01-26 21:00:00+00:00,7.93,99.4,0.0,0.0,0.0,307.7,1.1,314.0,101410.0
1990-01-26 22:00:00+00:00,7.9,95.8,0.0,0.0,0.0,304.4,1.31,323.0,101450.0
1990-01-26 23:00:00+00:00,7.64,95.8,0.0,0.0,0.0,300.35,1.38,330.0,101480.0
1990-01-27 00:00:00+00:00,8.74,85.95,257.85,818.03,80.9,295.1,1.17,328.0,101490.0
1990-01-27 01:00:00+00:00,12.11,66.85,449.95,827.36,109.55,288.25,1.31,334.0,101500.0
1990-01-27 02:00:00+00:00,14.67,56.15,604.75,834.74,129.05,296.1,1.17,0.0,101520.0
1990-01-27 03:00:00+00:00,16.7,50.75,718.2,859.57,132.95,303.45,1.24,40.0,101450.0
1990-01-27 04:00:00+00:00,18.34,47.55,704.3,766.67,139.4,310.4,1.52,69.0,101350.0
1990-01-27 05:00:00+00:00,19.32,46.1,706.05,780.85,132.95,316.8,1.79,89.0,101230.0
1990-01-27 06:00:00+00:00,20.02,46.2,597.0,707.52,121.25,324.55,2.14,100.0,101130.0
1990-01-27 07:00:00+00:00,19.73,46.2,427.05,579.03,104.85,324.75,2.34,110.0,101100.0
1990-01-27 08:00:00+00:00,19.1,49.45,231.05,392.08,76.6,323.0,2.83,116.0,101080.0
1990-01-27 09:00:00+00:00,17.63,54.85,50.85,131.68,25.05,325.3,3.17,119.0,101090.0
1990-01-27 10:00:00+00:00,15.52,65.05,0.0,0.0,0.0,319.1,2.76,120.0,101110.0
1990-01-27 11:00:00+00:00,14.04,74.85,0.0,0.0,0.0,315.05,2.28,113.0,101190.0
1990-01-27 12:00:00+00:00,13.51,77.5,0.0,0.0,0.0,331.1,2.07,105.0,101250.0
1990-01-27 13:00:00+00:00,12.88,80.3,0.0,0.0,0.0,318.95,1.79,101.0,101290.0
1990-01-27 14:00:00+00:00,12.4,83.15,0.0,0.0,0.0,316.2,1.66,99.0,101300.0
1990-01-27 15:00:00+00:00,12.11,80.2,0.0,0.0,0.0,320.65,1.52,98.0,101320.0
1990-01-27 16:00:00+00:00,11.62,83.1,0.0,0.0,0.0,314.3,1.45,92.0,101300.0
1990-01-27 17:00:00+00:00,11.26,83.05,0.0,0.0,0.0,316.6,1.17,82.0,101280.0
1990-01-27 18:00:00+00:00,11.29,83.05,0.0,0.0,0.0,330.95,0.9,66.0,101240.0
1990-01-27 19:00:00+00:00,11.89,77.3,0.0,0.0,0.0,338.85,0.55,54.0,101250.0
1990-01-27 20:00:00+00:00,12.27,71.95,0.0,0.0,0.0,356.85,0.21,21.0,101180.0
1990-01-27 21:00:00+00:00,12.28,77.35,0.0,0.0,0.0,361.1,0.21,336.0,101180.0
1990-01-27 22:00:00+00:00,12.47,74.6,0.0,0.0,0.0,364.6,0.55,309.0,101210.0
1990-01-27 23:00:00+00:00,12.53,74.6,0.0,0.0,0.0,361.5,0.83,319.0,101270.0
1990-01-28 00:00:00+00:00,12.91,72.05,49.7,20.89,45.15,367.1,0.97,340.0,101310.0
1990-01-28 01:00:00+00:00,13.24,72.1,79.8,21.05,71.1,371.3,1.1,351.0,101340.0
1990-01-28 02:00:00+00:00,13.49,74.75,117.15,7.52,112.85,372.35,1.03,353.0,101340.0
1990-01-28 03:00:00+00:00,13.76,77.6,125.5,17.34,113.65,373.5,0.97,352.0,101310.0
1990-01-28 04:00:00+00:00,13.86,83.35,140.15,17.1,127.5,375.05,0.76,347.0,101250.0
1990-01-28 05:00:00+00:00,14.13,83.4,92.65,0.0,92.65,376.0,0.97,357.0,101130.0
1990-01-28 06:00:00+00:00,14.21,83.4,82.25,5.92,78.25,375.85,0.76,355.0,101050.0
1990-01-28 07:00:00+00:00,14.43,86.4,135.25,80.76,90.05,377.55,1.17,357.0,100960.0
1990-01-28 08:00:00+00:00,14.75,83.45,49.7,31.6,37.15,374.1,1.1,2.0,100920.0
1990-01-28 09:00:00+00:00,14.65,83.45,10.2,10.06,8.2,378.35,0.55,14.0,100930.0
1990-01-28 10:00:00+00:00,14.33,92.7,0.0,0.0,0.0,378.35,0.0,236.0,100950.0
1990-01-28 11:00:00+00:00,14.12,89.5,0.0,0.0,0.0,377.55,0.34,150.0,100970.0
1990-01-28 12:00:00+00:00,13.93,95.95,0.0,0.0,0.0,372.95,0.34,146.0,101040.0
1990-01-28 13:00:00+00:00,13.88,95.95,0.0,0.0,0.0,376.4,0.21,121.0,101070.0
1990-01-28 14:00:00+00:00,13.81,95.95,0.0,0.0,0.0,375.65,0.14,75.0,101080.0
1990-01-28 15:00:00+00:00,13.72,95.95,0.0,0.0,0.0,373.7,0.14,40.0,101070.0
1990-01-28 16:00:00+00:00,13.73,95.95,0.0,0.0,0.0,375.25,0.14,229.0,101090.0
1990-01-28 17:00:00+00:00,13.59,95.95,0.0,0.0,0.0,372.15,0.28,274.0,101050.0
1990-01-28 18:00:00+00:00,13.51,99.4,0.0,0.0,0.0,372.75,0.21,240.0,101030.0
1990-01-28 19:00:00+00:00,13.68,95.95,0.0,0.0,0.0,371.95,0.14,277.0,101050.0
1990-01-28 20:00:00+00:00,13.6,95.95,0.0,0.0,0.0,369.25,0.21,276.0,101040.0
1990-01-28 21:00:00+00:00,13.42,99.4,0.0,0.0,0.0,360.95,0.34,255.0,101070.0
1990-01-28 22:00:00+00:00,13.35,99.4,0.0,0.0,0.0,366.75,0.21,209.0,101070.0
1990-01-28 23:00:00+00:00,13.35,99.4,0.0,0.0,0.0,372.35,0.28,186.0,101140.0
1990-01-29 00:00:00+00:00,13.98,95.95,145.6,323.63,74.6,362.5,0.28,190.0,101170.0
1990-01-29 01:00:00+00:00,15.22,86.5,305.05,411.51,134.15,357.35,0.28,117.0,101220.0
1990-01-29 02:00:00+00:00,16.89,75.3,414.85,468.12,145.9,356.1,0.62,95.0,101240.0
1990-01-29 03:00:00+00:00,18.53,68.05,419.6,304.64,210.55,366.95,1.1,92.0,101200.0
1990-01-29 04:00:00+00:00,19.59,65.85,435.25,334.77,186.6,379.1,1.03,101.0,101140.0
1990-01-29 05:00:00+00:00,20.3,63.7,339.55,172.5,211.85,382.8,0.9,123.0,101060.0
1990-01-29 06:00:00+00:00,20.41,65.95,509.2,567.48,123.9,379.9,0.55,146.0,101010.0
1990-01-29 07:00:00+00:00,21.61,61.7,409.6,544.59,103.0,360.15,2.76,125.0,100960.0
1990-01-29 08:00:00+00:00,20.91,63.8,206.3,323.41,76.85,359.0,2.69,124.0,100980.0
1990-01-29 09:00:00+00:00,19.62,63.7,48.25,119.88,24.05,356.1,2.21,124.0,101020.0
1990-01-29 10:00:00+00:00,18.03,72.9,0.0,0.0,0.0,358.4,1.72,127.0,101060.0
1990-01-29 11:00:00+00:00,16.54,80.75,0.0,0.0,0.0,348.95,1.52,121.0,101110.0
1990-01-29 12:00:00+00:00,15.54,83.5,0.0,0.0,0.0,332.3,1.24,116.0,101170.0
1990-01-29 13:00:00+00:00,14.5,92.7,0.0,0.0,0.0,324.15,0.76,115.0,101230.0
1990-01-29 14:00:00+00:00,14.61,86.45,0.0,0.0,0.0,319.1,0.28,97.0,101270.0
1990-01-29 15:00:00+00:00,14.33,89.5,0.0,0.0,0.0,324.35,0.14,347.0,101260.0
1990-01-29 16:00:00+00:00,13.92,92.65,0.0,0.0,0.0,314.5,0.62,320.0,101230.0
1990-01-29 17:00:00+00:00,12.03,99.4,0.0,0.0,0.0,314.1,1.24,317.0,101220.0
1990-01-29 18:00:00+00:00,11.04,99.35,0.0,0.0,0.0,311.2,1.52,320.0,101200.0
1990-01-29 19:00:00+00:00,11.06,99.35,0.0,0.0,0.0,316.8,1.31,320.0,101230.0
1990-01-29 20:00:00+00:00,11.15,99.35,0.0,0.0,0.0,329.75,1.1,323.0,101230.0
1990-01-29 21:00:00+00:00,10.84,100.0,0.0,0.0,0.0,326.3,1.1,332.0,101230.0
1990-01-29 22:00:00+00:00,10.91,100.0,0.0,0.0,0.0,338.3,0.83,340.0,101270.0
1990-01-29 23:00:00+00:00,10.84,100.0,34.45,0.0,34.45,341.0,0.76,341.0,101350.0
1990-01-30 00:00:00+00:00,13.29,95.95,177.9,311.92,108.95,358.0,0.34,320.0,101410.0
1990-01-30 01:00:00+00:00,17.08,80.8,318.05,396.42,152.6,368.2,0.34,330.0,101450.0
1990-01-30 02:00:00+00:00,19.39,68.2,440.55,416.14,200.45,367.3,0.34,21.0,101450.0
1990-01-30 03:00:00+00:00,21.23,61.7,624.3,598.64,211.85,373.5,0.62,56.0,101430.0
1990-01-30 04:00:00+00:00,23.05,57.9,585.4,517.24,199.65,371.4,0.76,72.0,101330.0
1990-01-30 05:00:00+00:00,23.91,56.15,673.95,656.7,185.7,380.85,0.76,87.0,101220.0
1990-01-30 06:00:00+00:00,24.85,54.45,529.1,563.56,144.6,367.7,0.69,95.0,101120.0
1990-01-30 07:00:00+00:00,24.9,56.35,412.05,506.01,125.5,379.9,0.62,144.0,101060.0
1990-01-30 08:00:00+00:00,24.65,58.2,205.7,295.58,86.45,364.0,0.69,161.0,101070.0
1990-01-30 09:00:00+00:00,23.64,62.15,42.95,83.72,25.8,381.05,1.24,147.0,101110.0
1990-01-30 10:00:00+00:00,21.42,70.9,0.0,0.0,0.0,377.95,1.86,142.0,101160.0
1990-01-30 11:00:00+00:00,19.36,75.7,0.0,0.0,0.0,375.85,1.59,140.0,101220.0
1990-01-30 12:00:00+00:00,17.68,80.9,0.0,0.0,0.0,352.4,1.38,140.0,101310.0
1990-01-30 13:00:00+00:00,16.54,89.65,0.0,0.0,0.0,345.85,1.17,135.0,101360.0
1990-01-30 14:00:00+00:00,15.93,92.75,0.0,0.0,0.0,354.95,0.9,122.0,101410.0
1990-01-30 15:00:00+00:00,15.46,96.0,0.0,0.0,0.0,356.5,0.55,86.0,101380.0
1990-01-30 16:00:00+00:00,15.29,96.0,0.0,0.0,0.0,353.0,0.48,11.0,101390.0
1990-01-30 17:00:00+00:00,14.98,99.4,0.0,0.0,0.0,348.35,0.55,343.0,101370.0
1990-01-30 18:00:00+00:00,14.62,96.0,0.0,0.0,0.0,336.95,0.69,342.0,101330.0
1990-01-30 19:00:00+00:00,15.58,89.6,0.0,0.0,0.0,345.85,0.55,38.0,101340.0
1990-01-30 20:00:00+00:00,15.4,92.75,0.0,0.0,0.0,342.75,0.48,20.0,101320.0
1990-01-30 21:00:00+00:00,14.98,96.0,0.0,0.0,0.0,344.5,0.76,354.0,101310.0
1990-01-30 22:00:00+00:00,13.87,99.4,0.0,0.0,0.0,323.95,1.03,342.0,101340.0
1990-01-30 23:00:00+00:00,13.01,100.0,32.6,0.0,32.6,317.2,1.17,341.0,101370.0
1990-01-31 00:00:00+00:00,15.15,92.75,261.15,807.94,81.15,317.95,0.55,334.0,101430.0
1990-01-31 01:00:00+00:00,19.04,78.3,464.35,848.53,108.4,325.6,0.69,326.0,101440.0
1990-01-31 02:00:00+00:00,21.83,66.25,624.7,864.68,123.65,333.25,0.83,320.0,101450.0
1990-01-31 03:00:00+00:00,23.99,58.1,728.6,858.98,134.35,342.55,0.9,320.0,101380.0
1990-01-31 04:00:00+00:00,25.57,50.95,761.8,836.06,135.7,349.7,0.83,329.0,101280.0
1990-01-31 05:00:00+00:00,26.44,44.55,700.4,743.35,145.3,354.15,0.76,340.0,101150.0
1990-01-31 06:00:00+00:00,26.74,43.15,611.1,711.56,123.25,357.65,0.48,343.0,101060.0
1990-01-31 07:00:00+00:00,27.19,38.95,410.05,495.0,128.1,360.35,0.76,0.0,100990.0
1990-01-31 08:00:00+00:00,26.46,41.55,197.45,308.38,72.05,367.7,0.55,89.0,101000.0
1990-01-31 09:00:00+00:00,24.54,52.5,44.95,91.91,25.85,369.65,1.72,130.0,101060.0
1990-01-31 10:00:00+00:00,21.69,66.25,0.0,0.0,0.0,378.55,2.34,131.0,101130.0
1990-01-31 11:00:00+00:00,19.11,78.35,0.0,0.0,0.0,367.9,2.34,121.0,101230.0
1990-01-31 12:00:00+00:00,17.52,89.7,0.0,0.0,0.0,369.85,2.07,115.0,101350.0
1990-01-31 13:00:00+00:00,16.41,96.05,0.0,0.0,0.0,350.3,1.59,116.0,101430.0
1990-01-31 14:00:00+00:00,16.09,92.8,0.0,0.0,0.0,367.5,1.1,121.0,101480.0
1990-01-31 15:00:00+00:00,15.85,96.0,0.0,0.0,0.0,368.45,0.69,138.0,101490.0
1990-01-31 16:00:00+00:00,14.14,99.0,0.0,0.0,0.0,356.19,0.31,176.0,101480.0
1990-01-31 17:00:00+00:00,14.14,99.0,0.0,0.0,0.0,354.52,0.4,217.0,101500.0
1990-01-31 18:00:00+00:00,14.15,99.0,0.0,0.0,0.0,352.85,0.5,222.0,101470.0
1990-01-31 19:00:00+00:00,14.16,97.31,0.0,0.0,0.0,351.18,0.6,168.0,101450.0
1990-01-31 20:00:00+00:00,14.17,92.25,0.0,0.0,0.0,349.51,0.7,173.0,101440.0
1990-01-31 21:00:00+00:00,14.17,87.2,0.0,0.0,0.0,347.84,0.8,171.0,101450.0
1990-01-31 22:00:00+00:00,14.18,82.14,0.0,0.0,0.0,346.17,0.9,161.0,101450.0
1990-01-31 23:00:00+00:00,14.19,77.09,26.95,0.0,26.95,344.49,0.99,121.0,101550.0
1990-02-01 00:00:00+00:00,14.2,72.03,117.9,210.59,70.6,342.82,1.09,314.0,101810.0
1990-02-01 01:00:00+00:00,14.2,66.98,253.25,358.31,102.15,341.15,1.19,333.0,101860.0
1990-02-01 02:00:00+00:00,14.21,61.92,286.05,146.64,200.7,339.48,1.29,345.0,101880.0
1990-02-01 03:00:00+00:00,14.22,56.86,378.35,251.05,203.95,337.81,1.39,348.0,101820.0
1990-02-01 04:00:00+00:00,14.23,51.81,320.5,133.38,220.2,336.14,1.48,351.0,101720.0
1990-02-01 05:00:00+00:00,14.23,46.75,427.7,237.85,249.3,334.47,1.58,347.0,101580.0
1990-02-01 06:00:00+00:00,14.24,41.7,591.3,642.77,148.45,332.8,1.68,344.0,101450.0
1990-02-01 07:00:00+00:00,14.25,36.64,403.85,476.33,130.95,331.13,1.78,350.0,101310.0
1990-02-01 08:00:00+00:00,18.33,39.4,238.9,370.16,87.2,321.45,1.38,359.0,101260.0
1990-02-01 09:00:00+00:00,17.84,40.75,57.8,139.72,28.35,307.3,0.97,17.0,101310.0
1990-02-01 10:00:00+00:00,16.37,47.0,0.0,0.0,0.0,307.5,0.55,94.0,101380.0
1990-02-01 11:00:00+00:00,14.02,56.0,0.0,0.0,0.0,300.55,1.38,115.0,101440.0
1990-02-01 12:00:00+00:00,11.96,71.95,0.0,0.0,0.0,296.5,1.79,105.0,101530.0
1990-02-01 13:00:00+00:00,10.71,86.05,0.0,0.0,0.0,295.3,1.72,101.0,101580.0
1990-02-01 14:00:00+00:00,9.9,92.5,0.0,0.0,0.0,293.55,1.52,95.0,101630.0
1990-02-01 15:00:00+00:00,9.86,89.2,0.0,0.0,0.0,297.05,1.1,76.0,101660.0
1990-02-01 16:00:00+00:00,10.24,89.2,0.0,0.0,0.0,292.6,0.83,17.0,101660.0
1990-02-01 17:00:00+00:00,8.81,95.85,0.0,0.0,0.0,319.3,1.17,328.0,101610.0
1990-02-01 18:00:00+00:00,8.01,95.8,0.0,0.0,0.0,304.05,1.31,316.0,101570.0
1990-02-01 19:00:00+00:00,7.54,92.35,0.0,0.0,0.0,300.35,1.31,311.0,101520.0
1990-02-01 20:00:00+00:00,8.38,82.75,0.0,0.0,0.0,333.45,1.17,311.0,101500.0
1990-02-01 21:00:00+00:00,8.81,76.85,0.0,0.0,0.0,334.0,1.31,316.0,101460.0
1990-02-01 22:00:00+00:00,8.41,71.35,0.0,0.0,0.0,314.1,1.52,322.0,101490.0
1990-02-01 23:00:00+00:00,7.42,76.7,34.2,0.0,34.2,288.75,1.59,324.0,101520.0
1990-02-02 00:00:00+00:00,8.49,76.85,241.7,703.71,82.3,283.1,1.17,324.0,101560.0
1990-02-02 01:00:00+00:00,11.77,51.35,451.4,791.9,115.65,291.75,1.79,334.0,101600.0
1990-02-02 02:00:00+00:00,13.86,44.65,604.2,811.14,129.95,300.95,1.59,344.0,101630.0
1990-02-02 03:00:00+00:00,15.59,41.9,728.5,844.78,139.15,298.6,1.03,3.0,101600.0
1990-02-02 04:00:00+00:00,17.1,42.15,771.95,834.97,141.4,302.65,0.76,35.0,101460.0
1990-02-02 05:00:00+00:00,18.29,42.45,670.7,695.41,146.8,308.3,0.62,71.0,101330.0
1990-02-02 06:00:00+00:00,18.77,41.05,601.85,683.55,128.6,314.65,0.76,116.0,101220.0
1990-02-02 07:00:00+00:00,19.08,41.15,432.4,544.98,118.35,313.1,0.97,90.0,101200.0
1990-02-02 08:00:00+00:00,18.75,44.2,246.05,386.91,86.25,314.85,1.59,110.0,101180.0
1990-02-02 09:00:00+00:00,17.47,50.85,60.3,144.1,29.5,309.85,2.62,126.0,101200.0
1990-02-02 10:00:00+00:00,15.0,62.75,0.0,0.0,0.0,305.75,2.83,125.0,101270.0
1990-02-02 11:00:00+00:00,12.85,80.3,0.0,0.0,0.0,300.75,2.21,110.0,101280.0
1990-02-02 12:00:00+00:00,11.68,89.3,0.0,0.0,0.0,296.1,1.72,90.0,101360.0
1990-02-02 13:00:00+00:00,10.88,92.55,0.0,0.0,0.0,293.4,1.38,79.0,101400.0
1990-02-02 14:00:00+00:00,10.0,95.9,0.0,0.0,0.0,291.05,1.03,83.0,101440.0
1990-02-02 15:00:00+00:00,10.29,95.9,0.0,0.0,0.0,290.85,0.69,109.0,101450.0
1990-02-02 16:00:00+00:00,10.32,95.9,0.0,0.0,0.0,289.3,0.62,124.0,101460.0
1990-02-02 17:00:00+00:00,10.1,95.9,0.0,0.0,0.0,289.1,0.28,108.0,101450.0
1990-02-02 18:00:00+00:00,9.72,95.85,0.0,0.0,0.0,290.1,0.14,7.0,101410.0
1990-02-02 19:00:00+00:00,9.47,95.85,0.0,0.0,0.0,286.2,0.28,347.0,101380.0
1990-02-02 20:00:00+00:00,8.48,99.4,0.0,0.0,0.0,291.85,0.83,310.0,101380.0
1990-02-02 21:00:00+00:00,6.66,100.0,0.0,0.0,0.0,294.95,1.03,305.0,101360.0
1990-02-02 22:00:00+00:00,6.46,99.4,0.0,0.0,0.0,314.85,0.83,300.0,101410.0
1990-02-02 23:00:00+00:00,6.54,100.0,35.05,0.0,35.05,314.3,1.03,313.0,101460.0
1990-02-03 00:00:00+00:00,7.57,95.8,186.1,335.23,109.5,323.0,0.83,316.0,101490.0
1990-02-03 01:00:00+00:00,9.99,92.5,438.35,642.22,164.55,333.35,0.76,319.0,101510.0
1990-02-03 02:00:00+00:00,14.14,64.85,627.0,813.29,149.3,315.25,0.83,343.0,101540.0
1990-02-03 03:00:00+00:00,16.81,52.65,742.65,861.01,139.4,314.5,0.83,35.0,101480.0
1990-02-03 04:00:00+00:00,18.68,49.3,777.35,838.09,141.75,309.25,0.83,68.0,101350.0
1990-02-03 05:00:00+00:00,19.96,44.6,737.9,792.63,138.1,314.85,0.69,92.0,101230.0
1990-02-03 06:00:00+00:00,20.65,43.1,627.15,716.43,128.7,318.75,0.76,120.0,101120.0
1990-02-03 07:00:00+00:00,21.16,43.25,452.3,577.39,117.65,322.4,0.21,165.0,101020.0
1990-02-03 08:00:00+00:00,21.16,43.25,209.3,280.4,92.6,333.05,0.69,166.0,101010.0
1990-02-03 09:00:00+00:00,19.95,46.2,59.95,125.98,32.65,345.65,1.79,146.0,101010.0
1990-02-03 10:00:00+00:00,17.43,58.8,0.0,0.0,0.0,320.85,2.55,132.0,101070.0
1990-02-03 11:00:00+00:00,15.02,72.45,0.0,0.0,0.0,312.55,2.14,123.0,101160.0
1990-02-03 12:00:00+00:00,13.46,80.4,0.0,0.0,0.0,302.65,1.52,115.0,101240.0
1990-02-03 13:00:00+00:00,12.56,86.25,0.0,0.0,0.0,313.5,0.97,111.0,101280.0
1990-02-03 14:00:00+00:00,11.8,92.55,0.0,0.0,0.0,295.9,0.69,106.0,101290.0
1990-02-03 15:00:00+00:00,11.67,92.55,0.0,0.0,0.0,294.35,0.55,90.0,101290.0
1990-02-03 16:00:00+00:00,11.21,95.9,0.0,0.0,0.0,292.05,0.48,55.0,101290.0
1990-02-03 17:00:00+00:00,10.82,99.4,0.0,0.0,0.0,290.3,0.55,19.0,101230.0
1990-02-03 18:00:00+00:00,9.84,100.0,0.0,0.0,0.0,292.2,0.9,348.0,101180.0
1990-02-03 19:00:00+00:00,8.69,100.0,0.0,0.0,0.0,286.8,1.24,331.0,101160.0
1990-02-03 20:00:00+00:00,7.6,100.0,0.0,0.0,0.0,293.4,1.17,327.0,101110.0
1990-02-03 21:00:00+00:00,7.04,100.0,0.0,0.0,0.0,305.55,0.76,325.0,101110.0
1990-02-03 22:00:00+00:00,6.96,99.4,0.0,0.0,0.0,320.85,0.62,330.0,101100.0
1990-02-03 23:00:00+00:00,7.36,99.4,39.6,0.0,39.6,324.15,0.9,335.0,101160.0
1990-02-04 00:00:00+00:00,8.54,95.85,210.0,376.26,123.25,315.65,0.76,336.0,101210.0
1990-02-04 01:00:00+00:00,11.41,89.3,445.1,701.56,144.3,333.75,0.62,327.0,101250.0
1990-02-04 02:00:00+00:00,15.91,65.25,648.3,877.77,130.3,322.2,0.41,334.0,101270.0
1990-02-04 03:00:00+00:00,18.75,53.0,755.9,877.04,138.75,304.2,0.28,40.0,101210.0
1990-02-04 04:00:00+00:00,20.7,46.35,792.1,855.05,140.85,312.35,0.34,39.0,101080.0
1990-02-04 05:00:00+00:00,22.06,41.95,753.15,810.08,137.4,317.75,0.41,49.0,100940.0
1990-02-04 06:00:00+00:00,22.84,40.6,644.4,739.54,127.35,321.25,0.41,106.0,100830.0
1990-02-04 07:00:00+00:00,23.18,37.9,474.0,623.48,110.55,322.4,0.69,118.0,100710.0
1990-02-04 08:00:00+00:00,22.72,40.6,265.45,435.05,83.0,321.45,1.72,138.0,100700.0
1990-02-04 09:00:00+00:00,21.04,48.2,67.3,164.14,31.25,318.75,2.69,140.0,100750.0
1990-02-04 10:00:00+00:00,17.93,61.05,0.0,0.0,0.0,313.5,2.41,132.0,100840.0
1990-02-04 11:00:00+00:00,15.4,72.55,0.0,0.0,0.0,306.35,1.72,115.0,100940.0
1990-02-04 12:00:00+00:00,14.07,83.4,0.0,0.0,0.0,300.55,1.24,83.0,101060.0
1990-02-04 13:00:00+00:00,13.11,89.4,0.0,0.0,0.0,298.05,0.69,45.0,101140.0
1990-02-04 14:00:00+00:00,12.91,89.4,0.0,0.0,0.0,296.1,0.48,358.0,101190.0
1990-02-04 15:00:00+00:00,11.83,95.9,0.0,0.0,0.0,294.95,0.83,337.0,101170.0
1990-02-04 16:00:00+00:00,10.54,99.4,0.0,0.0,0.0,292.8,1.1,343.0,101180.0
1990-02-04 17:00:00+00:00,9.87,99.4,0.0,0.0,0.0,292.05,1.24,347.0,101200.0
1990-02-04 18:00:00+00:00,8.61,100.0,0.0,0.0,0.0,308.1,0.97,346.0,101150.0
1990-02-04 19:00:00+00:00,8.4,99.4,0.0,0.0,0.0,298.8,1.03,350.0,101140.0
1990-02-04 20:00:00+00:00,8.0,100.0,0.0,0.0,0.0,316.8,0.62,346.0,101100.0
1990-02-04 21:00:00+00:00,7.77,100.0,0.0,0.0,0.0,320.65,0.62,339.0,101090.0
1990-02-04 22:00:00+00:00,7.92,99.4,0.0,0.0,0.0,328.2,0.69,342.0,101130.0
1990-02-04 23:00:00+00:00,7.78,100.0,39.6,0.0,39.6,323.75,0.83,332.0,101180.0
1990-02-05 00:00:00+00:00,9.02,95.85,209.45,368.72,123.65,328.4,0.62,325.0,101240.0
1990-02-05 01:00:00+00:00,11.86,89.3,432.6,628.16,161.7,330.85,0.48,305.0,101320.0
1990-02-05 02:00:00+00:00,16.27,67.65,656.5,887.0,130.55,310.4,0.0,167.0,101340.0
1990-02-05 03:00:00+00:00,19.46,51.4,764.9,885.93,138.75,305.95,1.24,92.0,101290.0
1990-02-05 04:00:00+00:00,21.45,44.85,801.25,863.14,141.0,311.4,2.07,94.0,101150.0
1990-02-05 05:00:00+00:00,22.64,39.15,762.0,818.0,137.45,315.85,2.48,101.0,101040.0
1990-02-05 06:00:00+00:00,23.14,37.9,650.45,743.84,127.85,318.95,2.69,108.0,100930.0
1990-02-05 07:00:00+00:00,22.95,39.15,479.7,628.71,111.1,319.9,2.9,117.0,100870.0
1990-02-05 08:00:00+00:00,22.11,41.95,270.2,441.24,83.75,318.15,3.1,121.0,100850.0
1990-02-05 09:00:00+00:00,20.33,49.7,70.05,170.29,32.15,314.3,3.1,126.0,100870.0
1990-02-05 10:00:00+00:00,17.66,63.2,0.0,0.0,0.0,307.7,2.48,128.0,100910.0
1990-02-05 11:00:00+00:00,15.4,70.0,0.0,0.0,0.0,299.2,2.0,122.0,100960.0
1990-02-05 12:00:00+00:00,14.19,77.65,0.0,0.0,0.0,294.15,1.59,110.0,101010.0
1990-02-05 13:00:00+00:00,12.95,86.3,0.0,0.0,0.0,290.3,1.24,103.0,101050.0
1990-02-05 14:00:00+00:00,13.23,83.25,0.0,0.0,0.0,287.55,0.76,108.0,101100.0
1990-02-05 15:00:00+00:00,12.92,83.25,0.0,0.0,0.0,285.45,0.28,140.0,101100.0
1990-02-05 16:00:00+00:00,12.43,86.25,0.0,0.0,0.0,283.1,0.21,243.0,101100.0
1990-02-05 17:00:00+00:00,11.87,89.35,0.0,0.0,0.0,281.2,0.55,284.0,101050.0
1990-02-05 18:00:00+00:00,11.14,92.55,0.0,0.0,0.0,279.25,0.9,297.0,101030.0
1990-02-05 19:00:00+00:00,9.35,95.85,0.0,0.0,0.0,279.65,1.31,312.0,101010.0
1990-02-05 20:00:00+00:00,7.92,99.4,0.0,0.0,0.0,278.1,1.52,314.0,100980.0
1990-02-05 21:00:00+00:00,7.3,100.0,0.0,0.0,0.0,277.9,1.52,319.0,101010.0
1990-02-05 22:00:00+00:00,6.61,100.0,0.0,0.0,0.0,288.75,1.24,320.0,101030.0
1990-02-05 23:00:00+00:00,6.51,100.0,43.15,0.0,43.15,308.1,0.97,325.0,101100.0
1990-02-06 00:00:00+00:00,9.07,92.45,233.55,429.95,132.55,318.55,0.83,327.0,101140.0
1990-02-06 01:00:00+00:00,12.87,83.25,480.95,789.72,138.35,332.0,0.69,323.0,101160.0
1990-02-06 02:00:00+00:00,17.53,56.75,667.8,904.19,129.05,302.1,0.62,333.0,101180.0
1990-02-06 03:00:00+00:00,20.64,41.55,776.25,899.97,137.35,301.5,0.55,5.0,101140.0
1990-02-06 04:00:00+00:00,22.76,35.1,811.85,876.32,138.6,309.85,0.62,13.0,101010.0
1990-02-06 05:00:00+00:00,24.17,30.7,771.9,829.01,136.1,316.2,0.55,20.0,100900.0
1990-02-06 06:00:00+00:00,24.9,29.7,657.55,751.62,126.9,320.3,0.34,56.0,100800.0
1990-02-06 07:00:00+00:00,24.79,30.8,485.7,636.42,110.45,323.95,0.62,120.0,100700.0
1990-02-06 08:00:00+00:00,24.25,33.0,274.85,449.23,83.6,323.0,1.52,134.0,100680.0
1990-02-06 09:00:00+00:00,22.5,39.15,72.75,177.4,32.75,319.5,2.41,138.0,100690.0
1990-02-06 10:00:00+00:00,19.19,55.05,0.0,0.0,0.0,313.5,2.28,131.0,100740.0
1990-02-06 11:00:00+00:00,16.31,67.65,0.0,0.0,0.0,305.0,1.93,111.0,100760.0
1990-02-06 12:00:00+00:00,14.65,77.75,0.0,0.0,0.0,299.4,1.66,92.0,100830.0
1990-02-06 13:00:00+00:00,13.5,83.35,0.0,0.0,0.0,294.95,1.31,76.0,100900.0
1990-02-06 14:00:00+00:00,13.06,86.3,0.0,0.0,0.0,292.2,0.76,54.0,100970.0
1990-02-06 15:00:00+00:00,13.02,86.3,0.0,0.0,0.0,290.65,0.62,359.0,100970.0
1990-02-06 16:00:00+00:00,11.78,92.55,0.0,0.0,0.0,289.1,1.03,337.0,100960.0
1990-02-06 17:00:00+00:00,10.46,95.9,0.0,0.0,0.0,287.95,1.31,335.0,100940.0
1990-02-06 18:00:00+00:00,9.96,95.9,0.0,0.0,0.0,286.4,1.31,334.0,100920.0
1990-02-06 19:00:00+00:00,9.69,95.85,0.0,0.0,0.0,283.3,1.31,335.0,100840.0
1990-02-06 20:00:00+00:00,9.44,95.85,0.0,0.0,0.0,280.6,1.24,335.0,100810.0
1990-02-06 21:00:00+00:00,9.35,92.45,0.0,0.0,0.0,278.5,1.24,336.0,100790.0
1990-02-06 22:00:00+00:00,9.39,92.45,0.0,0.0,0.0,276.75,1.24,333.0,100800.0
1990-02-06 23:00:00+00:00,9.2,92.45,37.95,0.0,37.95,276.15,1.31,333.0,100820.0
1990-02-07 00:00:00+00:00,11.49,83.1,290.95,859.61,87.05,278.3,0.76,316.0,100840.0
1990-02-07 01:00:00+00:00,16.04,58.6,499.05,882.67,113.8,285.35,0.21,9.0,100880.0
1990-02-07 02:00:00+00:00,18.96,45.95,663.85,888.64,131.75,296.3,1.66,81.0,100900.0
1990-02-07 03:00:00+00:00,20.84,43.1,766.1,868.32,146.9,306.95,2.14,97.0,100850.0
1990-02-07 04:00:00+00:00,22.2,40.5,775.05,809.97,150.05,314.5,2.0,116.0,100730.0
1990-02-07 05:00:00+00:00,23.1,40.75,746.2,779.22,145.9,324.15,2.0,135.0,100580.0
1990-02-07 06:00:00+00:00,23.59,40.9,649.9,734.16,129.05,328.8,2.14,149.0,100460.0
1990-02-07 07:00:00+00:00,23.73,34.1,471.65,602.81,114.2,321.85,2.62,141.0,100290.0
1990-02-07 08:00:00+00:00,22.94,40.6,263.25,415.38,85.1,323.95,3.1,140.0,100280.0
1990-02-07 09:00:00+00:00,21.26,49.95,70.15,160.91,33.4,323.4,3.24,135.0,100270.0
1990-02-07 10:00:00+00:00,18.9,61.2,0.0,0.0,0.0,324.15,2.48,128.0,100340.0
1990-02-07 11:00:00+00:00,16.77,72.7,0.0,0.0,0.0,317.75,1.93,118.0,100380.0
1990-02-07 12:00:00+00:00,15.53,80.65,0.0,0.0,0.0,315.45,1.72,100.0,100450.0
1990-02-07 13:00:00+00:00,14.74,89.5,0.0,0.0,0.0,322.05,1.52,83.0,100520.0
1990-02-07 14:00:00+00:00,13.93,92.7,0.0,0.0,0.0,323.55,1.24,71.0,100550.0
1990-02-07 15:00:00+00:00,13.82,92.65,0.0,0.0,0.0,334.8,0.97,61.0,100570.0
1990-02-07 16:00:00+00:00,13.52,92.65,0.0,0.0,0.0,323.0,0.9,43.0,100550.0
1990-02-07 17:00:00+00:00,13.26,92.65,0.0,0.0,0.0,335.75,0.9,22.0,100540.0
1990-02-07 18:00:00+00:00,13.32,95.95,0.0,0.0,0.0,360.95,0.76,4.0,100500.0
1990-02-07 19:00:00+00:00,11.71,95.9,0.0,0.0,0.0,312.35,1.17,349.0,100420.0
1990-02-07 20:00:00+00:00,11.03,95.9,0.0,0.0,0.0,308.3,1.17,343.0,100400.0
1990-02-07 21:00:00+00:00,10.62,99.4,0.0,0.0,0.0,305.95,1.1,340.0,100380.0
1990-02-07 22:00:00+00:00,10.07,100.0,0.0,0.0,0.0,302.85,1.17,338.0,100400.0
1990-02-07 23:00:00+00:00,9.29,100.0,43.25,0.0,43.25,314.1,0.97,336.0,100450.0
1990-02-08 00:00:00+00:00,11.32,95.9,254.05,582.3,114.55,308.65,0.48,324.0,100470.0
1990-02-08 01:00:00+00:00,16.23,75.25,475.5,806.32,121.4,328.9,0.62,332.0,100500.0
1990-02-08 02:00:00+00:00,19.35,65.75,618.65,771.39,154.45,323.2,0.34,341.0,100520.0
1990-02-08 03:00:00+00:00,21.67,55.65,753.1,852.89,142.15,336.95,0.14,281.0,100440.0
1990-02-08 04:00:00+00:00,23.76,47.15,789.0,832.62,143.7,338.3,0.28,241.0,100310.0
1990-02-08 05:00:00+00:00,25.2,41.25,749.2,790.46,137.5,344.5,0.48,227.0,100180.0
1990-02-08 06:00:00+00:00,25.95,38.55,622.15,682.15,135.85,347.4,0.83,219.0,100060.0
1990-02-08 07:00:00+00:00,26.55,34.9,329.75,264.21,172.2,358.6,1.45,209.0,99970.0
1990-02-08 08:00:00+00:00,25.8,37.2,168.85,162.72,98.55,387.05,1.86,181.0,99950.0
1990-02-08 09:00:00+00:00,24.1,45.6,44.55,71.35,28.05,392.85,2.55,157.0,99980.0
1990-02-08 10:00:00+00:00,21.69,59.7,0.0,0.0,0.0,383.55,2.07,154.0,100040.0
1990-02-08 11:00:00+00:00,19.29,73.05,0.0,0.0,0.0,349.9,1.45,147.0,100100.0
1990-02-08 12:00:00+00:00,17.86,83.7,0.0,0.0,0.0,339.25,1.17,118.0,100160.0
1990-02-08 13:00:00+00:00,16.61,86.6,0.0,0.0,0.0,333.65,1.38,86.0,100220.0
1990-02-08 14:00:00+00:00,15.65,92.75,0.0,0.0,0.0,339.05,1.31,72.0,100260.0
1990-02-08 15:00:00+00:00,14.79,96.0,0.0,0.0,0.0,331.1,1.24,67.0,100290.0
1990-02-08 16:00:00+00:00,14.53,96.0,0.0,0.0,0.0,335.95,0.97,58.0,100300.0
1990-02-08 17:00:00+00:00,14.58,96.0,0.0,0.0,0.0,330.15,0.69,33.0,100280.0
1990-02-08 18:00:00+00:00,14.2,99.35,0.0,0.0,0.0,320.1,0.76,2.0,100270.0
1990-02-08 19:00:00+00:00,12.73,99.4,0.0,0.0,0.0,317.4,1.17,1.0,100230.0
1990-02-08 20:00:00+00:00,12.22,99.4,0.0,0.0,0.0,314.1,1.24,1.0,100230.0
1990-02-08 21:00:00+00:00,11.96,95.95,0.0,0.0,0.0,349.7,0.83,354.0,100240.0
1990-02-08 22:00:00+00:00,11.5,95.9,0.0,0.0,0.0,339.45,0.83,348.0,100300.0
1990-02-08 23:00:00+00:00,11.48,95.9,38.15,0.0,38.15,354.55,0.69,341.0,100350.0
1990-02-09 00:00:00+00:00,13.08,92.65,191.35,267.97,126.5,358.2,0.55,339.0,100410.0
1990-02-09 01:00:00+00:00,16.29,80.75,416.15,598.41,151.7,358.35,0.34,0.0,100480.0
1990-02-09 02:00:00+00:00,20.44,61.6,523.7,589.35,167.25,349.3,1.03,101.0,100520.0
1990-02-09 03:00:00+00:00,22.46,52.0,672.1,670.71,189.45,347.55,1.86,115.0,100500.0
1990-02-09 04:00:00+00:00,24.23,42.5,694.15,647.44,190.15,355.3,2.55,122.0,100430.0
1990-02-09 05:00:00+00:00,24.97,39.7,673.85,589.77,215.4,361.9,3.45,124.0,100350.0
1990-02-09 06:00:00+00:00,24.68,39.7,595.95,605.5,162.2,351.85,4.21,120.0,100270.0
1990-02-09 07:00:00+00:00,23.6,40.9,440.9,532.15,121.8,351.25,4.55,116.0,100290.0
1990-02-09 08:00:00+00:00,22.43,45.1,236.55,333.44,91.45,345.05,4.55,112.0,100290.0
1990-02-09 09:00:00+00:00,20.63,53.5,68.85,145.86,34.7,338.1,3.93,110.0,100330.0
1990-02-09 10:00:00+00:00,18.68,65.65,0.0,0.0,0.0,331.5,3.1,108.0,100390.0
1990-02-09 11:00:00+00:00,16.91,78.0,0.0,0.0,0.0,320.65,2.48,103.0,100430.0
1990-02-09 12:00:00+00:00,16.09,80.75,0.0,0.0,0.0,327.65,2.21,99.0,100500.0
1990-02-09 13:00:00+00:00,15.53,80.65,0.0,0.0,0.0,329.75,2.07,98.0,100560.0
1990-02-09 14:00:00+00:00,14.9,83.5,0.0,0.0,0.0,318.35,2.14,97.0,100630.0
1990-02-09 15:00:00+00:00,14.35,86.4,0.0,0.0,0.0,316.05,2.14,95.0,100630.0
1990-02-09 16:00:00+00:00,13.91,86.4,0.0,0.0,0.0,316.8,2.0,93.0,100630.0
1990-02-09 17:00:00+00:00,13.49,86.35,0.0,0.0,0.0,319.9,1.79,91.0,100630.0
1990-02-09 18:00:00+00:00,12.86,92.6,0.0,0.0,0.0,313.5,1.59,90.0,100600.0
1990-02-09 19:00:00+00:00,12.83,92.6,0.0,0.0,0.0,328.4,1.24,98.0,100580.0
1990-02-09 20:00:00+00:00,12.65,92.6,0.0,0.0,0.0,334.8,1.17,106.0,100570.0
1990-02-09 21:00:00+00:00,12.31,92.6,0.0,0.0,0.0,327.85,1.24,113.0,100590.0
1990-02-09 22:00:00+00:00,12.27,92.6,0.0,0.0,0.0,333.45,1.24,113.0,100640.0
1990-02-09 23:00:00+00:00,12.49,89.4,35.8,0.0,35.8,325.7,1.03,112.0,100690.0
1990-02-10 00:00:00+00:00,13.65,86.35,210.6,391.39,114.9,332.65,0.76,105.0,100770.0
1990-02-10 01:00:00+00:00,15.88,72.55,445.05,677.46,143.75,347.1,1.52,97.0,100800.0
1990-02-10 02:00:00+00:00,17.76,65.45,606.9,764.57,142.1,333.05,1.59,102.0,100850.0
1990-02-10 03:00:00+00:00,19.51,57.2,746.3,825.27,149.7,327.65,1.52,112.0,100810.0
1990-02-10 04:00:00+00:00,21.34,51.75,785.7,815.46,148.1,335.0,1.38,126.0,100690.0
1990-02-10 05:00:00+00:00,22.76,46.85,742.15,761.37,147.65,340.6,1.38,140.0,100570.0
1990-02-10 06:00:00+00:00,23.68,43.9,631.3,692.69,132.7,349.3,1.45,149.0,100470.0
1990-02-10 07:00:00+00:00,23.69,47.15,477.25,602.27,114.1,348.35,2.28,145.0,100390.0
1990-02-10 08:00:00+00:00,23.05,48.7,245.9,357.64,89.15,347.2,2.34,140.0,100380.0
1990-02-10 09:00:00+00:00,21.46,53.75,73.7,160.77,35.6,360.15,3.03,131.0,100410.0
1990-02-10 10:00:00+00:00,19.09,63.5,0.05,0.0,0.05,345.45,2.34,134.0,100450.0
1990-02-10 11:00:00+00:00,17.13,75.3,0.0,0.0,0.0,332.5,1.52,143.0,100530.0
1990-02-10 12:00:00+00:00,16.34,77.95,0.0,0.0,0.0,343.7,0.83,132.0,100610.0
1990-02-10 13:00:00+00:00,15.64,83.55,0.0,0.0,0.0,341.95,0.76,80.0,100690.0
1990-02-10 14:00:00+00:00,14.93,86.5,0.0,0.0,0.0,344.3,0.69,49.0,100760.0
1990-02-10 15:00:00+00:00,14.29,92.7,0.0,0.0,0.0,338.65,0.76,72.0,100800.0
1990-02-10 16:00:00+00:00,14.05,92.7,0.0,0.0,0.0,340.2,0.83,82.0,100820.0
1990-02-10 17:00:00+00:00,14.85,86.45,0.0,0.0,0.0,352.6,0.41,79.0,100840.0
1990-02-10 18:00:00+00:00,14.57,86.45,0.0,0.0,0.0,331.9,0.48,327.0,100830.0
1990-02-10 19:00:00+00:00,14.63,86.45,0.0,0.0,0.0,343.1,0.41,330.0,100840.0
1990-02-10 20:00:00+00:00,13.59,89.45,0.0,0.0,0.0,342.95,1.1,321.0,100850.0
1990-02-10 21:00:00+00:00,13.54,86.35,0.0,0.0,0.0,352.2,1.31,321.0,100900.0
1990-02-10 22:00:00+00:00,13.34,83.25,0.0,0.0,0.0,346.6,1.45,324.0,100980.0
1990-02-10 23:00:00+00:00,13.11,83.25,23.15,0.0,23.15,345.45,1.38,330.0,101060.0
1990-02-11 00:00:00+00:00,13.84,72.2,108.1,90.05,85.85,353.0,1.45,345.0,101140.0
1990-02-11 01:00:00+00:00,14.62,67.35,156.95,85.89,118.5,361.6,1.66,6.0,101190.0
1990-02-11 02:00:00+00:00,15.27,65.05,210.6,40.34,185.95,374.1,1.66,12.0,101230.0
1990-02-11 03:00:00+00:00,15.84,65.15,323.75,114.83,240.35,372.95,1.66,16.0,101230.0
1990-02-11 04:00:00+00:00,16.61,60.85,370.45,137.77,262.25,370.6,1.66,9.0,101140.0
1990-02-11 05:00:00+00:00,17.26,60.85,409.85,180.6,268.2,377.95,1.72,356.0,101060.0
1990-02-11 06:00:00+00:00,17.87,58.8,285.3,92.57,218.35,367.7,2.07,348.0,101020.0
1990-02-11 07:00:00+00:00,16.79,58.7,175.7,44.2,148.9,369.65,2.34,351.0,101050.0
1990-02-11 08:00:00+00:00,16.59,56.6,65.15,5.55,62.7,375.25,2.62,353.0,101060.0
1990-02-11 09:00:00+00:00,15.95,56.5,20.05,14.39,16.6,376.2,2.69,355.0,101110.0
1990-02-11 10:00:00+00:00,15.32,58.35,0.0,0.0,0.0,373.9,2.55,353.0,101170.0
1990-02-11 11:00:00+00:00,14.65,58.25,0.0,0.0,0.0,370.6,2.48,352.0,101240.0
1990-02-11 12:00:00+00:00,14.05,58.1,0.0,0.0,0.0,363.85,2.34,354.0,101310.0
1990-02-11 13:00:00+00:00,13.65,58.0,0.0,0.0,0.0,368.1,2.14,359.0,101370.0
1990-02-11 14:00:00+00:00,13.32,60.05,0.0,0.0,0.0,365.75,1.86,358.0,101400.0
1990-02-11 15:00:00+00:00,13.03,60.05,0.0,0.0,0.0,362.5,1.72,356.0,101420.0
1990-02-11 16:00:00+00:00,12.84,62.2,0.0,0.0,0.0,363.25,1.59,1.0,101440.0
1990-02-11 17:00:00+00:00,12.66,62.2,0.0,0.0,0.0,362.1,1.31,12.0,101420.0
1990-02-11 18:00:00+00:00,12.51,62.2,0.0,0.0,0.0,359.0,1.1,26.0,101380.0
1990-02-11 19:00:00+00:00,12.23,64.45,0.0,0.0,0.0,356.3,1.17,33.0,101360.0
1990-02-11 20:00:00+00:00,12.15,64.45,0.0,0.0,0.0,358.0,1.38,47.0,101350.0
1990-02-11 21:00:00+00:00,12.14,64.45,0.0,0.0,0.0,354.55,2.07,57.0,101390.0
1990-02-11 22:00:00+00:00,11.99,64.45,0.0,0.0,0.0,354.95,2.0,61.0,101450.0
1990-02-11 23:00:00+00:00,11.89,64.45,25.75,0.0,25.75,356.85,2.07,64.0,101510.0
1990-02-12 00:00:00+00:00,12.04,62.1,104.85,54.66,91.2,352.2,2.41,67.0,101560.0
1990-02-12 01:00:00+00:00,12.39,57.75,186.45,76.23,152.1,355.05,2.76,70.0,101600.0
1990-02-12 02:00:00+00:00,12.87,55.65,497.4,461.11,214.15,356.1,3.1,75.0,101610.0
1990-02-12 03:00:00+00:00,14.53,44.9,565.6,427.6,253.6,337.9,3.66,81.0,101550.0
1990-02-12 04:00:00+00:00,15.33,41.75,756.05,716.99,190.45,331.3,4.0,86.0,101430.0
1990-02-12 05:00:00+00:00,16.31,39.0,673.2,639.02,169.75,311.4,4.21,88.0,101320.0
1990-02-12 06:00:00+00:00,16.52,37.65,461.25,397.62,172.3,319.5,4.07,90.0,101250.0
1990-02-12 07:00:00+00:00,15.76,40.35,349.5,369.11,124.5,350.65,3.72,88.0,101180.0
1990-02-12 08:00:00+00:00,15.5,40.35,168.5,194.5,82.05,334.2,3.72,90.0,101190.0
1990-02-12 09:00:00+00:00,14.52,44.9,50.6,85.73,29.8,336.35,3.45,94.0,101180.0
1990-02-12 10:00:00+00:00,13.74,50.0,0.05,0.0,0.05,329.95,2.9,102.0,101230.0
1990-02-12 11:00:00+00:00,12.85,55.65,0.0,0.0,0.0,329.4,2.97,95.0,101270.0
1990-02-12 12:00:00+00:00,12.21,59.85,0.0,0.0,0.0,318.75,2.97,88.0,101320.0
1990-02-12 13:00:00+00:00,11.77,62.0,0.0,0.0,0.0,323.4,3.17,85.0,101370.0
1990-02-12 14:00:00+00:00,11.14,64.25,0.0,0.0,0.0,310.4,2.97,82.0,101390.0
1990-02-12 15:00:00+00:00,10.65,66.55,0.0,0.0,0.0,310.05,2.69,75.0,101370.0
1990-02-12 16:00:00+00:00,10.62,66.55,0.0,0.0,0.0,332.5,2.0,60.0,101350.0
1990-02-12 17:00:00+00:00,10.53,64.1,0.0,0.0,0.0,334.6,1.66,49.0,101320.0
1990-02-12 18:00:00+00:00,10.7,61.75,0.0,0.0,0.0,356.85,1.59,49.0,101240.0
1990-02-12 19:00:00+00:00,11.17,59.6,0.0,0.0,0.0,359.55,1.52,41.0,101150.0
1990-02-12 20:00:00+00:00,11.16,59.6,0.0,0.0,0.0,358.6,1.38,51.0,101070.0
1990-02-12 21:00:00+00:00,11.18,59.6,0.0,0.0,0.0,360.75,1.38,57.0,101050.0
1990-02-12 22:00:00+00:00,11.03,59.6,0.0,0.0,0.0,359.95,1.31,37.0,101050.0
1990-02-12 23:00:00+00:00,10.92,61.85,26.25,0.0,26.25,359.55,1.38,11.0,101150.0
1990-02-13 00:00:00+00:00,10.73,69.1,76.45,44.76,65.15,360.15,1.52,356.0,101200.0
1990-02-13 01:00:00+00:00,10.81,74.4,126.95,43.1,107.4,360.25,1.72,353.0,101250.0
1990-02-13 02:00:00+00:00,11.18,77.2,135.75,29.8,117.35,360.75,2.14,334.0,101280.0
1990-02-13 03:00:00+00:00,11.24,80.1,94.85,3.75,92.1,361.3,2.76,330.0,101330.0
1990-02-13 04:00:00+00:00,10.78,89.25,74.5,0.0,74.5,360.55,2.83,331.0,101280.0
1990-02-13 05:00:00+00:00,10.51,86.05,92.8,0.51,92.4,358.8,2.83,336.0,101210.0
1990-02-13 06:00:00+00:00,10.57,86.05,121.35,3.97,118.45,358.2,2.48,345.0,101160.0
1990-02-13 07:00:00+00:00,11.03,86.1,52.35,0.82,51.85,358.6,2.48,348.0,101020.0
1990-02-13 08:00:00+00:00,10.92,89.3,32.5,0.0,32.5,358.2,2.21,342.0,101060.0
1990-02-13 09:00:00+00:00,10.67,92.5,7.8,0.0,7.8,357.45,2.48,320.0,101130.0
1990-02-13 10:00:00+00:00,10.14,92.5,0.05,0.0,0.05,356.5,2.62,340.0,101160.0
1990-02-13 11:00:00+00:00,9.71,92.45,0.0,0.0,0.0,355.5,2.55,343.0,101170.0
1990-02-13 12:00:00+00:00,9.21,92.45,0.0,0.0,0.0,353.0,2.69,338.0,101220.0
1990-02-13 13:00:00+00:00,8.73,92.4,0.0,0.0,0.0,349.1,2.48,338.0,101310.0
1990-02-13 14:00:00+00:00,8.43,92.4,0.0,0.0,0.0,351.45,2.21,330.0,101380.0
1990-02-13 15:00:00+00:00,8.13,92.4,0.0,0.0,0.0,350.85,2.21,324.0,101380.0
1990-02-13 16:00:00+00:00,7.87,89.05,0.0,0.0,0.0,349.7,2.14,326.0,101380.0
1990-02-13 17:00:00+00:00,7.65,92.35,0.0,0.0,0.0,349.9,2.07,327.0,101350.0
1990-02-13 18:00:00+00:00,7.43,92.35,0.0,0.0,0.0,348.55,2.48,327.0,101320.0
1990-02-13 19:00:00+00:00,7.07,85.75,0.0,0.0,0.0,347.2,3.38,330.0,101340.0
1990-02-13 20:00:00+00:00,6.89,82.6,0.0,0.0,0.0,344.5,3.52,332.0,101350.0
1990-02-13 21:00:00+00:00,6.68,82.55,0.0,0.0,0.0,340.6,3.45,334.0,101390.0
1990-02-13 22:00:00+00:00,6.59,76.55,0.0,0.0,0.0,341.95,3.52,337.0,101430.0
1990-02-13 23:00:00+00:00,6.36,76.55,27.4,0.0,27.4,324.35,3.31,337.0,101480.0
1990-02-14 00:00:00+00:00,6.72,73.7,94.8,15.08,90.95,339.85,3.59,338.0,101550.0
1990-02-14 01:00:00+00:00,7.44,68.5,168.1,86.72,128.5,343.05,3.72,341.0,101570.0
1990-02-14 02:00:00+00:00,8.47,63.7,288.2,106.23,222.25,345.05,3.66,346.0,101610.0
1990-02-14 03:00:00+00:00,9.92,59.35,337.7,83.03,276.55,343.5,3.45,354.0,101580.0
1990-02-14 04:00:00+00:00,11.26,57.4,528.45,313.17,279.2,344.5,3.1,360.0,101510.0
1990-02-14 05:00:00+00:00,13.23,51.75,546.3,374.64,248.5,329.4,2.9,8.0,101410.0
1990-02-14 06:00:00+00:00,14.5,48.4,203.3,23.72,185.9,329.2,2.55,15.0,101340.0
1990-02-14 07:00:00+00:00,12.99,49.85,121.55,15.74,111.85,355.9,2.21,10.0,101360.0
1990-02-14 08:00:00+00:00,13.2,49.85,74.6,20.09,65.55,353.75,1.66,21.0,101350.0
1990-02-14 09:00:00+00:00,13.43,50.0,19.75,10.68,17.1,357.65,1.31,50.0,101350.0
1990-02-14 10:00:00+00:00,13.01,53.7,0.1,0.0,0.1,349.9,1.03,120.0,101340.0
1990-02-14 11:00:00+00:00,12.29,59.85,0.0,0.0,0.0,343.3,1.31,134.0,101380.0
1990-02-14 12:00:00+00:00,11.45,64.35,0.0,0.0,0.0,323.2,1.72,119.0,101460.0
1990-02-14 13:00:00+00:00,11.13,66.65,0.0,0.0,0.0,335.4,2.21,103.0,101540.0
1990-02-14 14:00:00+00:00,10.49,71.7,0.0,0.0,0.0,319.5,2.41,93.0,101580.0
1990-02-14 15:00:00+00:00,10.07,71.6,0.0,0.0,0.0,319.5,2.48,84.0,101590.0
1990-02-14 16:00:00+00:00,9.5,74.2,0.0,0.0,0.0,307.9,2.55,76.0,101580.0
1990-02-14 17:00:00+00:00,9.2,74.15,0.0,0.0,0.0,315.45,2.41,70.0,101590.0
1990-02-14 18:00:00+00:00,8.66,74.05,0.0,0.0,0.0,304.8,2.21,65.0,101590.0
1990-02-14 19:00:00+00:00,8.47,74.05,0.0,0.0,0.0,319.5,2.07,63.0,101630.0
1990-02-14 20:00:00+00:00,8.16,76.8,0.0,0.0,0.0,320.85,2.14,67.0,101580.0
1990-02-14 21:00:00+00:00,8.21,73.95,0.0,0.0,0.0,337.3,2.07,69.0,101570.0
1990-02-14 22:00:00+00:00,7.95,71.25,0.0,0.0,0.0,327.05,1.86,65.0,101630.0
1990-02-14 23:00:00+00:00,7.68,76.7,25.8,0.0,25.8,341.4,2.28,52.0,101670.0
1990-02-15 00:00:00+00:00,7.58,79.65,113.95,159.43,72.8,324.35,2.0,57.0,101690.0
1990-02-15 01:00:00+00:00,8.22,73.95,151.8,97.33,107.05,341.9,2.48,51.0,101710.0
1990-02-15 02:00:00+00:00,8.95,68.8,260.8,172.88,152.9,343.7,2.76,49.0,101730.0
1990-02-15 03:00:00+00:00,9.78,66.35,212.8,33.04,188.35,337.1,2.62,49.0,101730.0
1990-02-15 04:00:00+00:00,9.68,71.5,152.5,8.07,146.05,349.9,1.79,44.0,101680.0
1990-02-15 05:00:00+00:00,9.27,82.85,153.85,6.39,148.75,350.1,1.38,30.0,101610.0
1990-02-15 06:00:00+00:00,9.54,79.9,73.1,1.49,72.0,349.5,1.31,24.0,101520.0
1990-02-15 07:00:00+00:00,9.22,82.85,70.9,0.73,70.45,349.9,1.31,18.0,101420.0
1990-02-15 08:00:00+00:00,9.35,82.9,28.55,1.1,28.05,350.1,1.38,40.0,101410.0
1990-02-15 09:00:00+00:00,9.29,89.1,9.3,2.79,8.6,351.25,0.9,42.0,101410.0
1990-02-15 10:00:00+00:00,9.24,89.1,0.05,0.0,0.05,351.65,0.69,38.0,101430.0
1990-02-15 11:00:00+00:00,9.18,89.1,0.0,0.0,0.0,352.4,0.9,33.0,101460.0
1990-02-15 12:00:00+00:00,9.2,89.1,0.0,0.0,0.0,352.0,0.9,43.0,101540.0
1990-02-15 13:00:00+00:00,9.23,89.1,0.0,0.0,0.0,352.6,1.03,58.0,101560.0
1990-02-15 14:00:00+00:00,9.32,85.95,0.0,0.0,0.0,354.55,1.1,68.0,101570.0
1990-02-15 15:00:00+00:00,9.46,82.9,0.0,0.0,0.0,355.5,1.17,77.0,101540.0
1990-02-15 16:00:00+00:00,9.52,82.9,0.0,0.0,0.0,355.7,1.24,85.0,101520.0
1990-02-15 17:00:00+00:00,9.57,82.9,0.0,0.0,0.0,355.3,1.17,89.0,101470.0
1990-02-15 18:00:00+00:00,9.53,82.9,0.0,0.0,0.0,352.2,1.31,86.0,101400.0
1990-02-15 19:00:00+00:00,9.28,85.95,0.0,0.0,0.0,356.1,0.97,73.0,101330.0
1990-02-15 20:00:00+00:00,9.35,85.95,0.0,0.0,0.0,357.05,0.69,74.0,101280.0
1990-02-15 21:00:00+00:00,9.46,85.95,0.0,0.0,0.0,357.25,0.48,63.0,101270.0
1990-02-15 22:00:00+00:00,9.44,89.15,0.0,0.0,0.0,353.75,0.62,35.0,101270.0
1990-02-15 23:00:00+00:00,9.5,89.15,38.0,0.0,38.0,353.55,0.41,32.0,101320.0
1990-02-16 00:00:00+00:00,10.25,89.2,79.9,35.25,70.7,353.95,0.41,1.0,101350.0
1990-02-16 01:00:00+00:00,11.03,83.05,141.15,32.72,126.0,361.6,0.55,17.0,101350.0
1990-02-16 02:00:00+00:00,12.13,80.2,173.85,15.06,164.4,364.6,0.83,49.0,101380.0
1990-02-16 03:00:00+00:00,13.18,80.35,236.85,59.18,192.85,370.4,1.45,76.0,101310.0
1990-02-16 04:00:00+00:00,14.3,77.65,282.85,40.6,250.25,367.1,1.72,78.0,101230.0
1990-02-16 05:00:00+00:00,15.51,72.55,258.35,34.92,230.35,377.2,1.59,79.0,101120.0
1990-02-16 06:00:00+00:00,15.98,72.65,175.65,6.01,171.2,379.3,1.17,49.0,101050.0
1990-02-16 07:00:00+00:00,15.55,72.55,91.5,5.86,87.85,378.55,1.03,38.0,100980.0
1990-02-16 08:00:00+00:00,15.65,75.15,87.6,16.75,79.95,379.9,1.24,52.0,100940.0
1990-02-16 09:00:00+00:00,15.79,75.15,18.25,5.72,16.8,381.65,1.03,55.0,100950.0
1990-02-16 10:00:00+00:00,15.19,77.8,0.05,0.0,0.05,379.7,0.9,5.0,100960.0
1990-02-16 11:00:00+00:00,14.58,80.55,0.0,0.0,0.0,381.25,0.97,332.0,101010.0
1990-02-16 12:00:00+00:00,14.12,83.4,0.0,0.0,0.0,380.85,0.9,330.0,101060.0
1990-02-16 13:00:00+00:00,13.8,86.35,0.0,0.0,0.0,380.65,0.76,335.0,101100.0
1990-02-16 14:00:00+00:00,13.6,86.35,0.0,0.0,0.0,381.05,0.62,329.0,101120.0
1990-02-16 15:00:00+00:00,13.38,86.35,0.0,0.0,0.0,380.1,0.69,309.0,101110.0
1990-02-16 16:00:00+00:00,13.3,89.4,0.0,0.0,0.0,381.05,0.69,308.0,101090.0
1990-02-16 17:00:00+00:00,13.2,89.4,0.0,0.0,0.0,381.25,0.62,313.0,101050.0
1990-02-16 18:00:00+00:00,13.1,89.4,0.0,0.0,0.0,380.3,0.62,311.0,101000.0
1990-02-16 19:00:00+00:00,12.33,95.95,0.0,0.0,0.0,377.2,0.62,306.0,101000.0
1990-02-16 20:00:00+00:00,12.29,95.95,0.0,0.0,0.0,377.0,0.48,295.0,100950.0
1990-02-16 21:00:00+00:00,12.36,99.4,0.0,0.0,0.0,377.55,0.62,299.0,100930.0
1990-02-16 22:00:00+00:00,12.49,95.95,0.0,0.0,0.0,378.35,0.69,300.0,100980.0
1990-02-16 23:00:00+00:00,12.59,95.95,19.85,0.0,19.85,377.4,0.83,325.0,101020.0
1990-02-17 00:00:00+00:00,13.11,95.95,89.95,18.18,85.15,376.8,0.97,334.0,101080.0
1990-02-17 01:00:00+00:00,14.11,89.5,154.35,60.28,126.25,377.1,1.31,336.0,101110.0
1990-02-17 02:00:00+00:00,15.14,86.5,261.5,96.76,200.45,381.85,1.79,340.0,101120.0
1990-02-17 03:00:00+00:00,16.23,83.6,264.2,46.45,229.5,379.9,2.07,334.0,101100.0
1990-02-17 04:00:00+00:00,16.87,80.8,336.55,107.0,250.25,388.8,2.41,327.0,101010.0
1990-02-17 05:00:00+00:00,17.5,78.1,279.85,56.74,234.15,389.95,2.76,325.0,100920.0
1990-02-17 06:00:00+00:00,17.4,75.3,197.0,35.49,170.6,391.7,2.97,328.0,100840.0
1990-02-17 07:00:00+00:00,16.97,78.0,197.2,131.18,115.1,392.3,2.62,331.0,100710.0
1990-02-17 08:00:00+00:00,16.95,75.3,137.95,109.56,87.6,391.3,2.9,334.0,100700.0
1990-02-17 09:00:00+00:00,16.28,75.25,30.85,28.68,23.5,376.4,3.03,334.0,100730.0
1990-02-17 10:00:00+00:00,15.08,77.8,0.2,0.0,0.2,376.0,2.97,332.0,100750.0
1990-02-17 11:00:00+00:00,14.1,80.45,0.0,0.0,0.0,377.75,2.83,334.0,100820.0
1990-02-17 12:00:00+00:00,13.55,80.4,0.0,0.0,0.0,377.0,2.28,332.0,100860.0
1990-02-17 13:00:00+00:00,13.19,83.25,0.0,0.0,0.0,371.4,2.0,324.0,100910.0
1990-02-17 14:00:00+00:00,13.0,83.25,0.0,0.0,0.0,375.05,2.0,322.0,100940.0
1990-02-17 15:00:00+00:00,12.77,86.25,0.0,0.0,0.0,373.7,1.86,323.0,100970.0
1990-02-17 16:00:00+00:00,12.56,86.25,0.0,0.0,0.0,374.65,1.72,325.0,100970.0
1990-02-17 17:00:00+00:00,12.39,86.25,0.0,0.0,0.0,375.25,1.52,322.0,100950.0
1990-02-17 18:00:00+00:00,12.23,89.35,0.0,0.0,0.0,373.3,1.52,316.0,100950.0
1990-02-17 19:00:00+00:00,11.68,92.55,0.0,0.0,0.0,371.95,1.52,318.0,100900.0
1990-02-17 20:00:00+00:00,11.58,92.55,0.0,0.0,0.0,371.0,1.52,317.0,100890.0
1990-02-17 21:00:00+00:00,11.48,92.55,0.0,0.0,0.0,369.05,1.52,316.0,100900.0
1990-02-17 22:00:00+00:00,11.45,92.55,0.0,0.0,0.0,368.85,1.52,314.0,100990.0
1990-02-17 23:00:00+00:00,11.42,92.55,16.8,0.0,16.8,368.85,1.38,314.0,101050.0
1990-02-18 00:00:00+00:00,11.59,92.55,38.25,0.75,38.05,368.65,1.45,316.0,101130.0
1990-02-18 01:00:00+00:00,11.89,89.35,69.8,1.81,68.95,368.95,1.31,325.0,101190.0
1990-02-18 02:00:00+00:00,12.56,86.25,69.0,1.81,67.85,369.65,1.31,352.0,101210.0
1990-02-18 03:00:00+00:00,12.83,86.25,78.15,3.2,75.75,370.2,1.17,351.0,101200.0
1990-02-18 04:00:00+00:00,13.27,83.25,168.45,7.96,162.0,370.8,1.45,3.0,101140.0
1990-02-18 05:00:00+00:00,13.85,83.35,161.15,35.04,132.8,372.95,1.52,354.0,101050.0
1990-02-18 06:00:00+00:00,14.04,80.45,166.85,13.45,156.8,373.3,1.59,350.0,100990.0
1990-02-18 07:00:00+00:00,14.06,77.65,95.4,3.58,93.15,372.95,1.45,352.0,100990.0
1990-02-18 08:00:00+00:00,13.9,77.65,59.6,15.35,52.5,373.3,1.38,350.0,101000.0
1990-02-18 09:00:00+00:00,13.62,80.4,14.0,3.09,13.2,366.95,1.38,348.0,101030.0
1990-02-18 10:00:00+00:00,13.23,83.25,0.1,0.0,0.1,370.8,1.1,338.0,101060.0
1990-02-18 11:00:00+00:00,12.85,86.25,0.0,0.0,0.0,368.1,0.97,328.0,101060.0
1990-02-18 12:00:00+00:00,12.63,86.25,0.0,0.0,0.0,367.1,0.83,338.0,101110.0
1990-02-18 13:00:00+00:00,12.55,86.25,0.0,0.0,0.0,368.85,0.76,346.0,101150.0
1990-02-18 14:00:00+00:00,12.5,86.25,0.0,0.0,0.0,368.85,0.69,338.0,101230.0
1990-02-18 15:00:00+00:00,12.41,86.25,0.0,0.0,0.0,368.45,0.69,334.0,101230.0
1990-02-18 16:00:00+00:00,12.24,89.35,0.0,0.0,0.0,365.4,0.69,314.0,101200.0
1990-02-18 17:00:00+00:00,12.16,89.35,0.0,0.0,0.0,366.95,0.55,314.0,101200.0
1990-02-18 18:00:00+00:00,12.06,89.35,0.0,0.0,0.0,367.5,0.55,308.0,101180.0
1990-02-18 19:00:00+00:00,11.57,92.55,0.0,0.0,0.0,364.8,0.9,316.0,101140.0
1990-02-18 20:00:00+00:00,11.4,92.55,0.0,0.0,0.0,364.4,0.97,323.0,101100.0
1990-02-18 21:00:00+00:00,11.32,95.9,0.0,0.0,0.0,364.2,1.03,332.0,101130.0
1990-02-18 22:00:00+00:00,11.29,95.9,0.0,0.0,0.0,363.65,0.9,348.0,101150.0
1990-02-18 23:00:00+00:00,11.35,95.9,9.5,0.0,9.5,364.4,0.9,353.0,101200.0
1990-02-19 00:00:00+00:00,11.52,92.55,41.35,1.48,40.95,363.85,1.1,329.0,101260.0
1990-02-19 01:00:00+00:00,11.88,89.35,60.75,6.35,57.75,364.35,1.03,338.0,101320.0
1990-02-19 02:00:00+00:00,12.32,89.35,107.6,19.91,94.9,365.95,1.72,353.0,101360.0
1990-02-19 03:00:00+00:00,12.8,86.25,105.35,4.04,102.3,367.7,1.86,349.0,101320.0
1990-02-19 04:00:00+00:00,13.08,83.25,82.7,3.99,79.45,369.05,2.14,347.0,101280.0
1990-02-19 05:00:00+00:00,12.92,83.25,90.45,6.4,85.25,369.25,2.21,344.0,101160.0
1990-02-19 06:00:00+00:00,12.66,86.25,57.3,0.33,57.05,369.25,2.34,339.0,101100.0
1990-02-19 07:00:00+00:00,11.7,92.55,51.0,0.16,50.9,365.95,2.07,335.0,101070.0
1990-02-19 08:00:00+00:00,11.63,92.55,31.45,0.11,31.4,366.15,1.86,339.0,101040.0
1990-02-19 09:00:00+00:00,11.51,92.55,8.4,0.0,8.4,366.35,1.59,326.0,101070.0
1990-02-19 10:00:00+00:00,11.32,95.9,0.05,0.0,0.05,365.75,1.24,310.0,101110.0
1990-02-19 11:00:00+00:00,11.18,95.9,0.0,0.0,0.0,365.2,1.38,313.0,101170.0
1990-02-19 12:00:00+00:00,11.06,95.9,0.0,0.0,0.0,365.0,1.52,314.0,101220.0
1990-02-19 13:00:00+00:00,10.96,95.9,0.0,0.0,0.0,364.2,1.59,315.0,101270.0
1990-02-19 14:00:00+00:00,10.87,95.9,0.0,0.0,0.0,364.6,1.52,317.0,101320.0
1990-02-19 15:00:00+00:00,10.79,99.4,0.0,0.0,0.0,364.4,1.59,316.0,101340.0
1990-02-19 16:00:00+00:00,10.7,95.9,0.0,0.0,0.0,364.0,1.52,315.0,101360.0
1990-02-19 17:00:00+00:00,10.63,95.9,0.0,0.0,0.0,363.85,1.52,318.0,101370.0
1990-02-19 18:00:00+00:00,10.51,95.9,0.0,0.0,0.0,363.05,1.52,317.0,101340.0
1990-02-19 19:00:00+00:00,10.19,95.9,0.0,0.0,0.0,361.3,1.38,326.0,101240.0
1990-02-19 20:00:00+00:00,9.93,95.9,0.0,0.0,0.0,347.4,2.0,304.0,101250.0
1990-02-19 21:00:00+00:00,9.78,99.4,0.0,0.0,0.0,357.25,1.72,310.0,101290.0
1990-02-19 22:00:00+00:00,9.71,95.85,0.0,0.0,0.0,359.4,1.66,334.0,101330.0
1990-02-19 23:00:00+00:00,9.56,92.45,28.65,0.0,28.65,349.1,1.79,332.0,101360.0
1990-02-20 00:00:00+00:00,9.98,89.2,127.85,88.0,103.8,345.45,2.14,329.0,101450.0
1990-02-20 01:00:00+00:00,10.77,86.05,296.05,203.52,199.15,346.15,2.34,333.0,101470.0
1990-02-20 02:00:00+00:00,12.53,77.45,337.0,198.49,209.7,346.2,2.48,341.0,101500.0
1990-02-20 03:00:00+00:00,13.94,72.3,569.8,470.75,213.1,359.95,2.28,342.0,101480.0
1990-02-20 04:00:00+00:00,15.96,67.65,605.45,365.91,306.4,344.5,1.86,352.0,101400.0
1990-02-20 05:00:00+00:00,17.14,65.35,542.8,341.24,264.35,356.85,1.52,353.0,101290.0
1990-02-20 06:00:00+00:00,17.89,63.2,373.75,219.98,207.9,359.75,1.38,358.0,101180.0
1990-02-20 07:00:00+00:00,16.94,65.35,304.5,225.79,161.05,361.7,1.66,19.0,101160.0
1990-02-20 08:00:00+00:00,17.45,63.2,177.35,138.49,112.5,347.2,1.59,31.0,101130.0
1990-02-20 09:00:00+00:00,17.55,63.2,37.8,17.98,33.05,374.3,1.24,49.0,101140.0
1990-02-20 10:00:00+00:00,16.84,65.35,0.35,0.0,0.35,373.3,1.17,116.0,101160.0
1990-02-20 11:00:00+00:00,15.74,70.0,0.0,0.0,0.0,361.3,1.66,129.0,101200.0
1990-02-20 12:00:00+00:00,14.8,77.75,0.0,0.0,0.0,348.15,1.86,121.0,101250.0
1990-02-20 13:00:00+00:00,13.94,80.45,0.0,0.0,0.0,337.3,1.93,109.0,101340.0
1990-02-20 14:00:00+00:00,13.23,86.3,0.0,0.0,0.0,334.0,1.79,98.0,101380.0
1990-02-20 15:00:00+00:00,12.59,89.4,0.0,0.0,0.0,330.75,1.59,92.0,101380.0
1990-02-20 16:00:00+00:00,12.6,89.4,0.0,0.0,0.0,355.1,1.24,89.0,101370.0
1990-02-20 17:00:00+00:00,12.39,89.4,0.0,0.0,0.0,353.75,0.97,88.0,101360.0
1990-02-20 18:00:00+00:00,12.5,89.4,0.0,0.0,0.0,364.4,0.69,70.0,101310.0
1990-02-20 19:00:00+00:00,12.57,86.25,0.0,0.0,0.0,367.5,0.48,62.0,101240.0
1990-02-20 20:00:00+00:00,12.56,89.4,0.0,0.0,0.0,366.75,0.28,28.0,101270.0
1990-02-20 21:00:00+00:00,12.5,89.4,0.0,0.0,0.0,366.35,0.21,315.0,101270.0
1990-02-20 22:00:00+00:00,12.4,89.4,0.0,0.0,0.0,363.65,0.0,292.0,101320.0
1990-02-20 23:00:00+00:00,12.39,86.25,19.8,0.0,19.8,365.4,0.28,95.0,101390.0
1990-02-21 00:00:00+00:00,12.64,86.25,65.95,20.25,60.35,364.6,0.62,65.0,101440.0
1990-02-21 01:00:00+00:00,13.12,83.25,125.9,70.28,92.2,364.35,1.17,56.0,101490.0
1990-02-21 02:00:00+00:00,13.73,80.4,255.25,138.08,166.2,364.2,1.31,48.0,101510.0
1990-02-21 03:00:00+00:00,14.62,72.4,233.1,108.23,150.7,365.2,0.9,52.0,101490.0
1990-02-21 04:00:00+00:00,15.19,69.9,311.05,94.9,233.15,372.15,0.76,79.0,101410.0
1990-02-21 05:00:00+00:00,16.15,65.25,373.65,184.81,222.2,374.85,0.76,95.0,101280.0
1990-02-21 06:00:00+00:00,17.12,65.35,465.4,289.92,245.85,374.65,0.9,125.0,101180.0
1990-02-21 07:00:00+00:00,19.57,55.2,402.35,402.15,145.6,364.0,0.41,84.0,101070.0
1990-02-21 08:00:00+00:00,19.54,55.2,270.6,359.78,101.1,344.3,1.17,131.0,101030.0
1990-02-21 09:00:00+00:00,18.73,59.05,87.7,159.16,45.25,345.45,2.28,137.0,101050.0
1990-02-21 10:00:00+00:00,16.69,65.35,0.95,0.0,0.95,337.7,2.55,127.0,101090.0
1990-02-21 11:00:00+00:00,14.5,75.0,0.0,0.0,0.0,324.95,2.34,113.0,101140.0
1990-02-21 12:00:00+00:00,13.32,83.25,0.0,0.0,0.0,316.2,2.0,98.0,101200.0
1990-02-21 13:00:00+00:00,12.63,86.25,0.0,0.0,0.0,316.6,1.66,86.0,101270.0
1990-02-21 14:00:00+00:00,11.99,89.35,0.0,0.0,0.0,313.7,1.45,76.0,101290.0
1990-02-21 15:00:00+00:00,11.39,92.55,0.0,0.0,0.0,317.0,1.17,69.0,101300.0
1990-02-21 16:00:00+00:00,11.45,92.55,0.0,0.0,0.0,312.35,0.83,58.0,101330.0
1990-02-21 17:00:00+00:00,11.76,92.55,0.0,0.0,0.0,317.75,0.55,23.0,101310.0
1990-02-21 18:00:00+00:00,11.24,95.9,0.0,0.0,0.0,311.75,0.69,338.0,101300.0
1990-02-21 19:00:00+00:00,11.43,92.55,0.0,0.0,0.0,353.95,0.62,26.0,101210.0
1990-02-21 20:00:00+00:00,11.37,92.55,0.0,0.0,0.0,359.0,0.69,358.0,101230.0
1990-02-21 21:00:00+00:00,11.69,92.55,0.0,0.0,0.0,362.3,0.62,297.0,101250.0
1990-02-21 22:00:00+00:00,11.73,92.55,0.0,0.0,0.0,357.65,0.9,245.0,101300.0
1990-02-21 23:00:00+00:00,11.83,92.55,23.15,0.0,23.15,361.5,0.55,225.0,101370.0
1990-02-22 00:00:00+00:00,12.41,86.25,86.15,69.52,66.7,359.2,0.28,216.0,101420.0
1990-02-22 01:00:00+00:00,13.29,77.5,170.7,104.25,120.35,364.35,0.34,113.0,101460.0
1990-02-22 02:00:00+00:00,14.23,67.25,236.85,64.31,195.15,365.2,0.9,96.0,101470.0
1990-02-22 03:00:00+00:00,15.27,58.35,230.9,45.04,196.45,369.65,1.31,91.0,101450.0
1990-02-22 04:00:00+00:00,15.82,56.35,285.0,114.5,190.6,373.5,1.38,86.0,101380.0
1990-02-22 05:00:00+00:00,16.44,52.65,313.45,115.8,218.15,374.65,1.17,80.0,101270.0
1990-02-22 06:00:00+00:00,17.01,52.65,182.45,59.1,137.5,372.35,1.1,82.0,101190.0
1990-02-22 07:00:00+00:00,16.8,50.75,153.3,33.2,132.0,377.55,1.31,124.0,101070.0
1990-02-22 08:00:00+00:00,16.79,50.75,86.9,28.06,73.6,377.2,1.24,120.0,101100.0
1990-02-22 09:00:00+00:00,16.43,52.65,35.85,43.27,24.2,374.3,1.03,132.0,101110.0
1990-02-22 10:00:00+00:00,15.88,58.45,0.65,0.0,0.65,370.8,0.9,156.0,101150.0
1990-02-22 11:00:00+00:00,15.06,65.05,0.0,0.0,0.0,363.25,0.69,155.0,101170.0
1990-02-22 12:00:00+00:00,14.38,74.95,0.0,0.0,0.0,355.5,0.48,127.0,101180.0
1990-02-22 13:00:00+00:00,14.13,67.25,0.0,0.0,0.0,331.7,0.48,86.0,101210.0
1990-02-22 14:00:00+00:00,13.83,72.2,0.0,0.0,0.0,340.0,0.48,40.0,101240.0
1990-02-22 15:00:00+00:00,13.36,74.75,0.0,0.0,0.0,328.2,0.55,339.0,101230.0
1990-02-22 16:00:00+00:00,12.23,83.15,0.0,0.0,0.0,328.6,0.83,308.0,101210.0
1990-02-22 17:00:00+00:00,11.37,86.15,0.0,0.0,0.0,330.35,1.03,297.0,101230.0
1990-02-22 18:00:00+00:00,10.9,89.3,0.0,0.0,0.0,329.55,1.03,298.0,101190.0
1990-02-22 19:00:00+00:00,12.45,80.3,0.0,0.0,0.0,334.6,0.69,269.0,101170.0
1990-02-22 20:00:00+00:00,11.63,86.15,0.0,0.0,0.0,334.2,0.9,289.0,101150.0
1990-02-22 21:00:00+00:00,11.12,89.3,0.0,0.0,0.0,338.5,1.03,305.0,101150.0
1990-02-22 22:00:00+00:00,11.52,89.3,0.0,0.0,0.0,357.65,0.76,304.0,101190.0
1990-02-22 23:00:00+00:00,11.55,92.55,34.75,0.0,34.75,359.0,0.83,302.0,101230.0
1990-02-23 00:00:00+00:00,13.25,83.25,152.15,90.61,126.5,365.75,0.69,294.0,101280.0
1990-02-23 01:00:00+00:00,15.32,72.45,290.4,290.26,149.2,363.55,0.55,311.0,101300.0
1990-02-23 02:00:00+00:00,16.87,63.05,325.15,125.91,243.05,371.55,0.48,28.0,101290.0
1990-02-23 03:00:00+00:00,17.88,58.8,405.05,165.24,278.05,372.35,0.62,39.0,101250.0
1990-02-23 04:00:00+00:00,19.01,53.15,462.0,248.06,256.6,379.9,0.83,44.0,101170.0
1990-02-23 05:00:00+00:00,19.9,53.25,570.8,415.94,227.05,375.65,0.83,63.0,101040.0
1990-02-23 06:00:00+00:00,20.98,48.2,447.75,348.56,181.5,375.65,0.97,88.0,100950.0
1990-02-23 07:00:00+00:00,21.17,49.95,323.8,313.93,121.45,387.45,0.28,259.0,100860.0
1990-02-23 08:00:00+00:00,21.16,49.95,221.65,241.02,106.75,371.0,0.28,218.0,100860.0
1990-02-23 09:00:00+00:00,20.89,51.65,70.7,122.55,37.4,361.9,0.48,162.0,100870.0
1990-02-23 10:00:00+00:00,19.7,57.2,1.0,0.0,1.0,364.2,1.59,134.0,100900.0
1990-02-23 11:00:00+00:00,17.64,65.45,0.0,0.0,0.0,354.35,1.79,126.0,100930.0
1990-02-23 12:00:00+00:00,16.08,72.65,0.0,0.0,0.0,340.0,1.72,116.0,100970.0
1990-02-23 13:00:00+00:00,15.23,80.6,0.0,0.0,0.0,345.65,1.45,111.0,101040.0
1990-02-23 14:00:00+00:00,14.48,83.45,0.0,0.0,0.0,344.3,1.24,103.0,101140.0
1990-02-23 15:00:00+00:00,13.91,89.5,0.0,0.0,0.0,347.2,0.97,85.0,101140.0
1990-02-23 16:00:00+00:00,13.56,92.65,0.0,0.0,0.0,346.8,0.97,66.0,101140.0
1990-02-23 17:00:00+00:00,13.44,92.65,0.0,0.0,0.0,353.75,0.9,64.0,101130.0
1990-02-23 18:00:00+00:00,13.71,92.65,0.0,0.0,0.0,369.25,0.69,59.0,101070.0
1990-02-23 19:00:00+00:00,14.02,89.5,0.0,0.0,0.0,362.5,0.62,50.0,101000.0
1990-02-23 20:00:00+00:00,13.47,89.45,0.0,0.0,0.0,347.4,0.69,8.0,100960.0
1990-02-23 21:00:00+00:00,13.45,89.45,0.0,0.0,0.0,356.65,0.62,3.0,100980.0
1990-02-23 22:00:00+00:00,12.98,92.65,0.0,0.0,0.0,348.75,0.76,350.0,101010.0
1990-02-23 23:00:00+00:00,12.58,95.95,46.45,0.0,46.45,351.85,0.97,338.0,101050.0
1990-02-24 00:00:00+00:00,14.34,89.5,239.6,523.15,89.75,339.85,0.55,327.0,101090.0
1990-02-24 01:00:00+00:00,17.17,72.7,463.45,688.99,125.85,352.9,0.48,27.0,101120.0
1990-02-24 02:00:00+00:00,19.23,61.3,626.7,714.46,158.25,345.65,0.83,92.0,101130.0
1990-02-24 03:00:00+00:00,20.93,57.45,696.8,662.98,184.85,355.3,1.1,112.0,101050.0
1990-02-24 04:00:00+00:00,22.11,53.85,801.55,759.25,170.15,352.6,1.24,120.0,100980.0
1990-02-24 05:00:00+00:00,23.19,52.25,755.7,734.8,145.9,355.9,1.52,130.0,100860.0
1990-02-24 06:00:00+00:00,23.64,52.35,647.55,651.27,147.95,365.2,1.66,140.0,100790.0
1990-02-24 07:00:00+00:00,24.14,50.7,420.35,432.52,140.25,376.6,1.52,157.0,100720.0
1990-02-24 08:00:00+00:00,23.43,54.1,173.7,161.12,96.45,384.95,2.55,142.0,100700.0
1990-02-24 09:00:00+00:00,21.05,59.6,75.5,99.93,48.1,385.9,3.45,130.0,100740.0
1990-02-24 10:00:00+00:00,18.91,70.45,1.05,1.09,1.0,380.3,2.76,124.0,100770.0
1990-02-24 11:00:00+00:00,17.14,78.0,0.0,0.0,0.0,350.5,1.93,116.0,100850.0
1990-02-24 12:00:00+00:00,16.31,80.75,0.0,0.0,0.0,352.0,1.31,102.0,100930.0
1990-02-24 13:00:00+00:00,15.75,86.5,0.0,0.0,0.0,348.55,0.9,82.0,101010.0
1990-02-24 14:00:00+00:00,14.9,89.55,0.0,0.0,0.0,337.3,0.76,60.0,101040.0
1990-02-24 15:00:00+00:00,14.66,89.5,0.0,0.0,0.0,345.65,0.69,30.0,101030.0
1990-02-24 16:00:00+00:00,14.0,92.7,0.0,0.0,0.0,337.1,0.83,360.0,101020.0
1990-02-24 17:00:00+00:00,13.53,92.65,0.0,0.0,0.0,346.0,0.97,334.0,101010.0
1990-02-24 18:00:00+00:00,13.05,95.95,0.0,0.0,0.0,339.65,1.03,319.0,100940.0
1990-02-24 19:00:00+00:00,12.67,95.95,0.0,0.0,0.0,330.35,0.97,324.0,100900.0
1990-02-24 20:00:00+00:00,12.77,99.4,0.0,0.0,0.0,345.65,0.76,320.0,100870.0
1990-02-24 21:00:00+00:00,12.49,95.95,0.0,0.0,0.0,338.65,0.9,325.0,100910.0
1990-02-24 22:00:00+00:00,12.93,95.95,0.0,0.0,0.0,353.0,0.62,322.0,100960.0
1990-02-24 23:00:00+00:00,12.97,95.95,41.95,0.0,41.95,350.1,0.62,323.0,101030.0
1990-02-25 00:00:00+00:00,14.96,89.55,219.2,381.58,108.6,348.75,0.21,327.0,101100.0
1990-02-25 01:00:00+00:00,17.84,72.8,353.45,379.29,166.25,353.1,0.83,91.0,101160.0
1990-02-25 02:00:00+00:00,19.37,65.75,488.35,463.37,182.85,360.15,1.79,96.0,101180.0
1990-02-25 03:00:00+00:00,20.67,61.6,650.45,574.16,205.0,356.1,2.28,100.0,101150.0
1990-02-25 04:00:00+00:00,22.12,57.75,741.95,656.26,193.85,362.3,2.69,101.0,101060.0
1990-02-25 05:00:00+00:00,23.22,56.0,695.2,577.7,213.8,355.9,2.9,103.0,100950.0
1990-02-25 06:00:00+00:00,23.63,56.15,629.75,593.63,172.45,369.45,3.1,105.0,100890.0
1990-02-25 07:00:00+00:00,23.78,56.15,469.15,512.31,135.85,372.55,3.1,116.0,100820.0
1990-02-25 08:00:00+00:00,22.95,59.95,270.75,363.35,95.55,367.7,3.59,119.0,100840.0
1990-02-25 09:00:00+00:00,21.37,66.15,94.45,167.92,48.0,372.35,3.66,120.0,100870.0
1990-02-25 10:00:00+00:00,19.39,78.3,1.4,1.04,1.35,353.55,2.83,118.0,100890.0
1990-02-25 11:00:00+00:00,17.64,86.65,0.0,0.0,0.0,341.75,2.41,107.0,100970.0
1990-02-25 12:00:00+00:00,16.73,86.6,0.0,0.0,0.0,339.85,2.28,98.0,101020.0
1990-02-25 13:00:00+00:00,16.29,89.65,0.0,0.0,0.0,344.3,2.41,93.0,101100.0
1990-02-25 14:00:00+00:00,15.96,86.55,0.0,0.0,0.0,343.3,2.62,88.0,101140.0
1990-02-25 15:00:00+00:00,15.69,86.5,0.0,0.0,0.0,343.1,2.62,83.0,101140.0
1990-02-25 16:00:00+00:00,15.56,83.55,0.0,0.0,0.0,348.75,2.55,80.0,101180.0
1990-02-25 17:00:00+00:00,15.11,83.5,0.0,0.0,0.0,333.45,2.34,80.0,101180.0
1990-02-25 18:00:00+00:00,14.67,83.45,0.0,0.0,0.0,329.4,2.21,77.0,101140.0
1990-02-25 19:00:00+00:00,15.18,80.6,0.0,0.0,0.0,362.85,2.07,83.0,101120.0
1990-02-25 20:00:00+00:00,15.19,80.6,0.0,0.0,0.0,365.0,1.93,84.0,101120.0
1990-02-25 21:00:00+00:00,15.19,77.8,0.0,0.0,0.0,367.3,1.93,85.0,101130.0
1990-02-25 22:00:00+00:00,14.97,77.8,0.0,0.0,0.0,357.45,1.86,85.0,101160.0
1990-02-25 23:00:00+00:00,14.73,80.55,101.85,855.93,48.7,350.5,1.72,85.0,101210.0
1990-02-26 00:00:00+00:00,15.71,72.55,223.1,470.15,85.2,331.9,1.59,82.0,101260.0
1990-02-26 01:00:00+00:00,17.15,67.75,440.15,550.55,166.45,349.05,2.28,78.0,101300.0
1990-02-26 02:00:00+00:00,18.94,61.3,668.25,739.03,178.3,336.95,2.83,83.0,101330.0
1990-02-26 03:00:00+00:00,20.89,57.45,739.15,708.87,186.6,340.2,3.24,89.0,101270.0
1990-02-26 04:00:00+00:00,22.2,53.85,819.1,749.87,190.15,348.75,3.31,95.0,101170.0
1990-02-26 05:00:00+00:00,23.37,54.1,793.6,754.79,162.05,358.8,3.03,99.0,101040.0
1990-02-26 06:00:00+00:00,24.05,52.5,689.3,709.07,140.8,353.0,2.83,105.0,100950.0
1990-02-26 07:00:00+00:00,24.18,48.95,517.6,603.64,123.1,354.75,3.17,112.0,100890.0
1990-02-26 08:00:00+00:00,23.57,50.55,307.2,437.55,95.05,353.75,3.1,119.0,100870.0
1990-02-26 09:00:00+00:00,22.24,55.8,100.05,191.57,46.6,350.65,2.9,126.0,100870.0
1990-02-26 10:00:00+00:00,20.31,63.7,1.65,2.0,1.55,345.05,2.0,132.0,100880.0
1990-02-26 11:00:00+00:00,18.28,72.9,0.0,0.0,0.0,338.3,1.66,131.0,100930.0
1990-02-26 12:00:00+00:00,17.07,80.8,0.0,0.0,0.0,333.85,1.38,121.0,101000.0
1990-02-26 13:00:00+00:00,16.11,83.6,0.0,0.0,0.0,331.3,1.24,112.0,101060.0
1990-02-26 14:00:00+00:00,15.17,89.55,0.0,0.0,0.0,332.5,1.03,108.0,101110.0
1990-02-26 15:00:00+00:00,14.99,89.55,0.0,0.0,0.0,333.05,0.83,101.0,101130.0
1990-02-26 16:00:00+00:00,15.32,89.55,0.0,0.0,0.0,339.05,0.69,81.0,101170.0
1990-02-26 17:00:00+00:00,15.39,89.55,0.0,0.0,0.0,346.4,0.55,50.0,101170.0
1990-02-26 18:00:00+00:00,15.15,86.5,0.0,0.0,0.0,337.9,0.55,11.0,101100.0
1990-02-26 19:00:00+00:00,15.01,89.55,0.0,0.0,0.0,353.2,0.62,341.0,101060.0
1990-02-26 20:00:00+00:00,14.0,92.7,0.0,0.0,0.0,341.2,0.97,314.0,101040.0
1990-02-26 21:00:00+00:00,13.67,95.95,0.0,0.0,0.0,347.95,0.9,317.0,101020.0
1990-02-26 22:00:00+00:00,13.98,92.7,0.0,0.0,0.0,362.1,0.69,325.0,101040.0
1990-02-26 23:00:00+00:00,13.6,95.95,86.2,478.11,54.95,352.4,0.9,328.0,101070.0
1990-02-27 00:00:00+00:00,16.46,80.8,261.7,494.09,115.05,366.95,0.69,322.0,101080.0
1990-02-27 01:00:00+00:00,18.99,68.1,422.2,493.15,175.25,356.6,0.48,357.0,101130.0
1990-02-27 02:00:00+00:00,20.93,63.8,589.9,541.6,228.85,365.95,0.48,49.0,101140.0
1990-02-27 03:00:00+00:00,22.73,59.95,681.8,521.18,273.65,388.2,0.55,117.0,101120.0
1990-02-27 04:00:00+00:00,24.0,56.25,816.55,746.18,188.05,400.2,1.24,148.0,101030.0
1990-02-27 05:00:00+00:00,25.45,52.75,750.9,641.46,212.0,365.55,1.86,157.0,100930.0
1990-02-27 06:00:00+00:00,25.87,49.3,589.65,529.92,178.05,377.4,2.14,161.0,100830.0
1990-02-27 07:00:00+00:00,25.64,51.05,515.35,569.73,141.35,375.25,2.0,181.0,100740.0
1990-02-27 08:00:00+00:00,25.49,52.75,310.2,437.34,97.0,374.85,2.21,180.0,100710.0
1990-02-27 09:00:00+00:00,24.5,54.45,99.6,172.38,51.1,361.1,2.21,176.0,100690.0
1990-02-27 10:00:00+00:00,22.68,64.2,1.8,1.92,1.7,358.2,1.79,163.0,100740.0
1990-02-27 11:00:00+00:00,20.33,75.75,0.0,0.0,0.0,344.85,1.52,152.0,100750.0
1990-02-27 12:00:00+00:00,18.74,83.8,0.0,0.0,0.0,338.5,1.17,138.0,100780.0
1990-02-27 13:00:00+00:00,17.38,96.05,0.0,0.0,0.0,334.0,0.76,105.0,100820.0
1990-02-27 14:00:00+00:00,16.68,92.8,0.0,0.0,0.0,330.35,0.83,29.0,100830.0
1990-02-27 15:00:00+00:00,15.52,92.75,0.0,0.0,0.0,327.45,1.1,3.0,100830.0
1990-02-27 16:00:00+00:00,15.31,96.0,0.0,0.0,0.0,325.1,0.97,356.0,100840.0
1990-02-27 17:00:00+00:00,15.24,96.0,0.0,0.0,0.0,323.2,0.83,352.0,100850.0
1990-02-27 18:00:00+00:00,13.84,99.4,0.0,0.0,0.0,330.55,1.03,343.0,100830.0
1990-02-27 19:00:00+00:00,13.51,95.95,0.0,0.0,0.0,338.3,1.03,346.0,100770.0
1990-02-27 20:00:00+00:00,13.14,99.4,0.0,0.0,0.0,338.65,0.83,346.0,100750.0
1990-02-27 21:00:00+00:00,12.94,95.95,0.0,0.0,0.0,345.85,0.76,345.0,100770.0
1990-02-27 22:00:00+00:00,13.36,99.4,0.0,0.0,0.0,362.3,0.76,345.0,100810.0
1990-02-27 23:00:00+00:00,13.61,99.4,80.0,132.5,70.9,362.5,0.76,343.0,100860.0
1990-02-28 00:00:00+00:00,15.01,96.0,244.65,245.71,170.85,374.45,0.55,339.0,100900.0
1990-02-28 01:00:00+00:00,18.08,86.7,472.85,558.08,191.35,373.05,0.28,340.0,100950.0
1990-02-28 02:00:00+00:00,22.12,71.05,712.5,837.07,151.4,366.55,0.21,189.0,100950.0
1990-02-28 03:00:00+00:00,24.99,58.35,833.35,877.77,142.75,352.4,0.9,165.0,100900.0
1990-02-28 04:00:00+00:00,26.58,47.9,863.25,844.79,148.7,359.4,1.45,155.0,100800.0
1990-02-28 05:00:00+00:00,27.53,44.8,821.6,803.29,144.05,362.65,1.86,152.0,100660.0
1990-02-28 06:00:00+00:00,28.04,41.95,704.45,727.76,136.9,364.6,2.14,151.0,100580.0
1990-02-28 07:00:00+00:00,28.23,41.95,529.15,617.9,121.75,367.1,2.97,147.0,100510.0
1990-02-28 08:00:00+00:00,27.52,43.3,314.3,446.04,95.7,365.55,3.24,148.0,100470.0
1990-02-28 09:00:00+00:00,26.24,46.15,103.85,197.58,47.8,363.65,3.03,149.0,100500.0
1990-02-28 10:00:00+00:00,24.19,54.35,1.95,1.85,1.85,358.4,2.14,147.0,100530.0
1990-02-28 11:00:00+00:00,21.95,66.25,0.0,0.0,0.0,352.6,1.66,133.0,100600.0
1990-02-28 12:00:00+00:00,20.36,75.75,0.0,0.0,0.0,350.1,1.45,113.0,100630.0
1990-02-28 13:00:00+00:00,19.04,81.05,0.0,0.0,0.0,349.9,1.52,99.0,100690.0
1990-02-28 14:00:00+00:00,18.12,89.75,0.0,0.0,0.0,350.65,1.66,93.0,100740.0
1990-02-28 15:00:00+00:00,17.97,89.75,0.0,0.0,0.0,368.3,1.72,91.0,100770.0
1990-02-28 16:00:00+00:00,15.29,95.26,0.0,0.0,0.0,368.64,0.7,92.0,100810.0
1990-02-28 17:00:00+00:00,15.89,93.24,0.0,0.0,0.0,372.25,0.76,98.0,100810.0
1990-02-28 18:00:00+00:00,16.49,91.21,0.0,0.0,0.0,375.86,0.81,120.0,100810.0
1990-02-28 19:00:00+00:00,17.09,89.19,0.0,0.0,0.0,379.48,0.87,106.0,100760.0
1990-02-28 20:00:00+00:00,17.69,87.16,0.0,0.0,0.0,383.09,0.92,107.0,100750.0
1990-02-28 21:00:00+00:00,18.29,85.14,0.0,0.0,0.0,386.7,0.98,109.0,100780.0
1990-02-28 22:00:00+00:00,18.89,83.11,0.0,0.0,0.0,390.31,1.03,120.0,100880.0
1990-02-28 23:00:00+00:00,19.49,81.08,86.05,582.89,44.05,393.93,1.09,139.0,100930.0
1990-03-01 00:00:00+00:00,20.09,79.06,98.85,70.9,77.3,397.54,1.14,52.0,100870.0
1990-03-01 01:00:00+00:00,20.69,77.03,224.9,113.37,167.3,401.15,1.2,93.0,100910.0
1990-03-01 02:00:00+00:00,21.29,75.01,295.25,66.39,250.5,404.76,1.25,129.0,100950.0
1990-03-01 03:00:00+00:00,21.89,72.98,411.9,204.45,250.3,408.37,1.31,159.0,100930.0
1990-03-01 04:00:00+00:00,22.49,70.96,375.15,126.1,268.05,411.99,1.36,181.0,100870.0
1990-03-01 05:00:00+00:00,23.09,68.93,376.75,128.9,267.6,415.6,1.42,189.0,100760.0
1990-03-01 06:00:00+00:00,23.69,66.91,219.6,31.48,194.95,419.21,1.47,190.0,100690.0
1990-03-01 07:00:00+00:00,24.29,64.88,159.25,66.6,115.15,422.82,1.53,184.0,100620.0
1990-03-01 08:00:00+00:00,24.48,66.75,39.25,0.3,39.1,424.4,2.28,183.0,100620.0
1990-03-01 09:00:00+00:00,23.49,73.7,21.45,5.25,19.95,424.8,1.72,179.0,100650.0
1990-03-01 10:00:00+00:00,22.82,76.15,1.15,0.0,1.15,419.2,1.1,152.0,100670.0
1990-03-01 11:00:00+00:00,21.79,81.4,0.0,0.0,0.0,391.9,0.9,124.0,100710.0
1990-03-01 12:00:00+00:00,21.2,84.1,0.0,0.0,0.0,404.3,0.83,88.0,100740.0
1990-03-01 13:00:00+00:00,20.32,89.9,0.0,0.0,0.0,386.65,0.83,78.0,100840.0
1990-03-01 14:00:00+00:00,20.48,89.9,0.0,0.0,0.0,398.45,0.48,67.0,100880.0
1990-03-01 15:00:00+00:00,20.55,86.9,0.0,0.0,0.0,399.45,0.34,45.0,100920.0
1990-03-01 16:00:00+00:00,20.25,86.9,0.0,0.0,0.0,401.95,0.48,15.0,100950.0
1990-03-01 17:00:00+00:00,19.25,92.9,0.0,0.0,0.0,384.35,0.9,48.0,100960.0
1990-03-01 18:00:00+00:00,19.26,92.9,0.0,0.0,0.0,395.0,2.21,93.0,100990.0
1990-03-01 19:00:00+00:00,17.41,96.05,0.0,0.0,0.0,406.2,4.48,97.0,101070.0
1990-03-01 20:00:00+00:00,15.36,92.75,0.0,0.0,0.0,399.05,3.31,89.0,101120.0
1990-03-01 21:00:00+00:00,15.05,92.7,0.0,0.0,0.0,389.55,2.34,84.0,101250.0
1990-03-01 22:00:00+00:00,15.09,92.7,0.0,0.0,0.0,386.3,1.72,98.0,101320.0
1990-03-01 23:00:00+00:00,15.05,89.5,17.5,13.91,16.45,384.75,1.52,96.0,101410.0
1990-03-02 00:00:00+00:00,15.05,83.45,67.5,0.49,67.35,384.35,1.52,75.0,101540.0
1990-03-02 01:00:00+00:00,15.16,80.6,125.1,30.09,109.7,381.75,1.86,63.0,101600.0
1990-03-02 02:00:00+00:00,15.49,77.8,205.35,29.14,185.6,380.85,2.0,57.0,101680.0
1990-03-02 03:00:00+00:00,15.99,72.55,273.65,42.0,240.3,378.35,2.0,56.0,101710.0
1990-03-02 04:00:00+00:00,16.7,67.75,266.1,74.05,202.95,382.8,2.0,64.0,101660.0
1990-03-02 05:00:00+00:00,17.1,65.35,256.1,60.7,204.5,384.15,2.0,76.0,101570.0
1990-03-02 06:00:00+00:00,17.43,63.2,176.55,34.99,149.05,382.8,2.07,85.0,101500.0
1990-03-02 07:00:00+00:00,16.74,65.35,102.85,15.71,92.4,382.4,1.72,38.0,101490.0
1990-03-02 08:00:00+00:00,16.54,67.65,52.9,5.25,50.3,382.0,1.59,25.0,101470.0
1990-03-02 09:00:00+00:00,16.18,65.25,21.45,1.91,20.9,380.65,1.45,7.0,101530.0
1990-03-02 10:00:00+00:00,15.64,69.9,0.5,0.0,0.5,378.95,1.38,352.0,101590.0
1990-03-02 11:00:00+00:00,14.91,72.4,0.0,0.0,0.0,375.85,1.24,338.0,101670.0
1990-03-02 12:00:00+00:00,14.38,72.3,0.0,0.0,0.0,370.6,1.1,340.0,101700.0
1990-03-02 13:00:00+00:00,14.14,72.3,0.0,0.0,0.0,371.55,1.03,359.0,101770.0
1990-03-02 14:00:00+00:00,13.96,72.2,0.0,0.0,0.0,371.0,1.1,15.0,101800.0
1990-03-02 15:00:00+00:00,13.76,69.65,0.0,0.0,0.0,369.85,1.17,6.0,101790.0
1990-03-02 16:00:00+00:00,13.54,72.1,0.0,0.0,0.0,368.85,1.17,357.0,101760.0
1990-03-02 17:00:00+00:00,13.35,69.55,0.0,0.0,0.0,364.0,1.31,350.0,101730.0
1990-03-02 18:00:00+00:00,13.14,67.05,0.0,0.0,0.0,364.4,1.38,345.0,101670.0
1990-03-02 19:00:00+00:00,12.41,69.35,0.0,0.0,0.0,364.0,1.72,332.0,101750.0
1990-03-02 20:00:00+00:00,12.2,66.85,0.0,0.0,0.0,363.65,2.14,331.0,101710.0
1990-03-02 21:00:00+00:00,12.0,69.25,0.0,0.0,0.0,363.25,2.48,332.0,101720.0
1990-03-02 22:00:00+00:00,11.75,66.75,0.0,0.0,0.0,352.8,2.48,336.0,101750.0
1990-03-02 23:00:00+00:00,11.74,66.75,38.0,75.99,32.0,358.8,2.28,342.0,101780.0
1990-03-03 00:00:00+00:00,12.04,66.75,173.7,186.85,115.55,359.55,2.21,346.0,101850.0
1990-03-03 01:00:00+00:00,13.19,62.3,278.1,251.79,148.3,352.35,2.21,353.0,101890.0
1990-03-03 02:00:00+00:00,14.24,58.1,488.95,368.2,238.05,336.95,1.93,2.0,101940.0
1990-03-03 03:00:00+00:00,15.84,54.35,662.6,555.11,219.8,337.7,1.66,12.0,101890.0
1990-03-03 04:00:00+00:00,17.62,52.75,733.75,619.85,202.95,339.65,1.59,14.0,101790.0
1990-03-03 05:00:00+00:00,19.4,47.8,707.9,552.96,236.0,339.65,1.66,3.0,101660.0
1990-03-03 06:00:00+00:00,21.42,41.85,472.35,343.38,201.4,356.65,2.07,351.0,101520.0
1990-03-03 07:00:00+00:00,18.62,47.55,316.3,178.14,197.35,348.55,2.48,353.0,101470.0
1990-03-03 08:00:00+00:00,18.75,45.95,149.0,110.52,94.0,363.25,2.48,354.0,101430.0
1990-03-03 09:00:00+00:00,18.45,45.85,41.4,27.54,33.4,370.4,2.14,355.0,101440.0
1990-03-03 10:00:00+00:00,17.84,45.7,1.05,0.0,1.05,367.1,1.38,352.0,101480.0
1990-03-03 11:00:00+00:00,16.84,50.75,0.0,0.0,0.0,356.85,0.41,353.0,101530.0
1990-03-03 12:00:00+00:00,15.99,58.45,0.0,0.0,0.0,353.4,0.55,99.0,101590.0
1990-03-03 13:00:00+00:00,14.95,64.95,0.0,0.0,0.0,340.4,1.1,98.0,101670.0
1990-03-03 14:00:00+00:00,14.04,72.2,0.0,0.0,0.0,329.95,1.17,96.0,101710.0
1990-03-03 15:00:00+00:00,13.43,77.5,0.0,0.0,0.0,327.45,0.97,100.0,101730.0
1990-03-03 16:00:00+00:00,12.75,80.3,0.0,0.0,0.0,307.1,0.76,111.0,101730.0
1990-03-03 17:00:00+00:00,12.59,83.15,0.0,0.0,0.0,303.45,0.55,119.0,101720.0
1990-03-03 18:00:00+00:00,12.24,83.15,0.0,0.0,0.0,298.4,0.14,129.0,101670.0
1990-03-03 19:00:00+00:00,10.63,80.1,0.0,0.0,0.0,295.1,0.9,305.0,101670.0
1990-03-03 20:00:00+00:00,9.79,86.0,0.0,0.0,0.0,292.4,1.17,308.0,101690.0
1990-03-03 21:00:00+00:00,9.06,89.1,0.0,0.0,0.0,289.9,1.31,312.0,101680.0
1990-03-03 22:00:00+00:00,8.63,85.95,0.0,0.0,0.0,287.0,1.31,316.0,101740.0
1990-03-03 23:00:00+00:00,8.44,85.9,141.1,978.5,60.4,282.75,1.24,318.0,101780.0
1990-03-04 00:00:00+00:00,11.72,64.35,365.05,822.65,106.0,282.15,0.97,323.0,101850.0
1990-03-04 01:00:00+00:00,14.49,46.5,585.3,880.81,127.95,286.35,1.1,354.0,101880.0
1990-03-04 02:00:00+00:00,16.65,43.65,759.35,899.15,143.3,290.5,1.17,32.0,101860.0
1990-03-04 03:00:00+00:00,18.62,39.55,868.8,894.29,152.2,296.1,1.59,56.0,101820.0
1990-03-04 04:00:00+00:00,20.26,34.55,892.05,828.73,179.5,302.3,1.93,68.0,101710.0
1990-03-04 05:00:00+00:00,21.45,31.15,846.25,775.57,181.85,311.75,2.14,77.0,101600.0
1990-03-04 06:00:00+00:00,22.17,30.15,733.2,724.17,159.6,315.45,2.28,88.0,101500.0
1990-03-04 07:00:00+00:00,22.63,29.05,553.7,611.67,143.6,317.75,2.34,89.0,101440.0
1990-03-04 08:00:00+00:00,22.02,30.15,319.65,377.72,130.75,318.75,2.97,109.0,101400.0
1990-03-04 09:00:00+00:00,20.2,37.25,114.0,192.4,57.7,321.85,3.59,121.0,101430.0
1990-03-04 10:00:00+00:00,17.62,47.3,2.9,4.02,2.65,307.1,3.03,129.0,101470.0
1990-03-04 11:00:00+00:00,15.44,54.25,0.0,0.0,0.0,302.1,2.48,115.0,101540.0
1990-03-04 12:00:00+00:00,14.46,58.1,0.0,0.0,0.0,299.4,1.86,102.0,101630.0
1990-03-04 13:00:00+00:00,13.76,60.2,0.0,0.0,0.0,299.4,1.45,100.0,101700.0
1990-03-04 14:00:00+00:00,13.02,66.95,0.0,0.0,0.0,301.5,0.97,97.0,101720.0
1990-03-04 15:00:00+00:00,13.78,55.9,0.0,0.0,0.0,305.0,0.41,104.0,101740.0
1990-03-04 16:00:00+00:00,13.54,57.9,0.0,0.0,0.0,303.85,0.14,192.0,101720.0
1990-03-04 17:00:00+00:00,13.2,57.9,0.0,0.0,0.0,299.75,0.21,257.0,101740.0
1990-03-04 18:00:00+00:00,12.83,59.95,0.0,0.0,0.0,298.4,0.41,274.0,101710.0
1990-03-04 19:00:00+00:00,12.37,66.85,0.0,0.0,0.0,282.15,0.76,285.0,101720.0
1990-03-04 20:00:00+00:00,11.1,74.45,0.0,0.0,0.0,288.15,1.03,293.0,101730.0
1990-03-04 21:00:00+00:00,10.36,80.05,0.0,0.0,0.0,290.3,1.1,302.0,101730.0
1990-03-04 22:00:00+00:00,9.73,86.0,0.0,0.0,0.0,282.75,1.1,311.0,101740.0
1990-03-04 23:00:00+00:00,9.73,86.0,141.6,721.76,79.5,289.3,1.03,320.0,101780.0
1990-03-05 00:00:00+00:00,12.33,83.15,386.65,868.45,109.95,276.75,0.34,326.0,101850.0
1990-03-05 01:00:00+00:00,17.48,31.25,613.3,915.88,134.3,275.3,1.52,71.0,101890.0
1990-03-05 02:00:00+00:00,19.64,17.75,793.15,943.14,143.45,280.4,3.59,76.0,101900.0
1990-03-05 03:00:00+00:00,21.0,15.4,904.5,940.09,147.8,281.95,4.07,82.0,101840.0
1990-03-05 04:00:00+00:00,22.08,15.0,935.55,910.17,149.85,285.05,4.07,88.0,101780.0
1990-03-05 05:00:00+00:00,22.8,15.75,883.4,847.45,154.7,288.95,3.93,93.0,101670.0
1990-03-05 06:00:00+00:00,23.12,17.75,763.3,787.07,137.55,294.55,3.79,100.0,101570.0
1990-03-05 07:00:00+00:00,23.15,18.45,577.7,677.64,121.55,297.45,3.66,110.0,101440.0
1990-03-05 08:00:00+00:00,22.1,23.15,350.1,503.37,97.15,298.8,4.07,118.0,101420.0
1990-03-05 09:00:00+00:00,20.3,32.1,122.6,242.57,51.1,298.8,4.0,121.0,101450.0
1990-03-05 10:00:00+00:00,18.06,45.7,3.2,7.03,2.75,295.3,2.97,122.0,101490.0
1990-03-05 11:00:00+00:00,15.99,56.35,0.0,0.0,0.0,290.5,2.21,114.0,101580.0
1990-03-05 12:00:00+00:00,14.83,64.95,0.0,0.0,0.0,287.75,1.79,104.0,101660.0
1990-03-05 13:00:00+00:00,13.72,74.85,0.0,0.0,0.0,287.0,1.45,93.0,101720.0
1990-03-05 14:00:00+00:00,12.92,80.3,0.0,0.0,0.0,286.2,1.17,90.0,101720.0
1990-03-05 15:00:00+00:00,13.53,74.75,0.0,0.0,0.0,286.05,0.83,79.0,101690.0
1990-03-05 16:00:00+00:00,13.52,74.75,0.0,0.0,0.0,285.65,0.55,61.0,101670.0
1990-03-05 17:00:00+00:00,13.18,74.75,0.0,0.0,0.0,285.25,0.41,2.0,101640.0
1990-03-05 18:00:00+00:00,12.73,77.45,0.0,0.0,0.0,284.3,0.83,322.0,101570.0
1990-03-05 19:00:00+00:00,10.58,86.05,0.0,0.0,0.0,284.5,1.38,316.0,101520.0
1990-03-05 20:00:00+00:00,9.6,89.2,0.0,0.0,0.0,282.95,1.45,317.0,101500.0
1990-03-05 21:00:00+00:00,9.02,92.45,0.0,0.0,0.0,281.75,1.45,321.0,101530.0
1990-03-05 22:00:00+00:00,8.7,92.45,0.0,0.0,0.0,280.4,1.31,325.0,101580.0
1990-03-05 23:00:00+00:00,8.5,95.85,152.65,1018.43,61.35,279.65,1.31,324.0,101620.0
1990-03-06 00:00:00+00:00,12.48,89.35,382.15,867.35,102.55,282.55,0.48,311.0,101690.0
1990-03-06 01:00:00+00:00,17.53,49.05,601.3,900.4,127.0,290.95,0.41,60.0,101700.0
1990-03-06 02:00:00+00:00,20.07,39.95,774.55,912.81,142.35,300.55,1.52,93.0,101700.0
1990-03-06 03:00:00+00:00,21.91,35.0,884.05,907.89,150.0,307.7,1.86,107.0,101630.0
1990-03-06 04:00:00+00:00,23.31,31.55,917.85,883.73,151.95,313.3,2.0,118.0,101550.0
1990-03-06 05:00:00+00:00,24.16,30.55,873.05,839.33,148.65,317.75,2.07,125.0,101440.0
1990-03-06 06:00:00+00:00,24.54,30.7,755.15,772.22,138.95,320.3,2.41,130.0,101320.0
1990-03-06 07:00:00+00:00,24.72,30.7,572.9,666.04,122.8,322.6,2.55,138.0,101170.0
1990-03-06 08:00:00+00:00,23.73,34.1,348.55,498.05,97.1,321.65,3.45,140.0,101140.0
1990-03-06 09:00:00+00:00,21.68,40.35,122.4,236.14,52.3,318.55,3.86,138.0,101160.0
1990-03-06 10:00:00+00:00,19.03,51.25,3.4,6.82,2.95,312.55,2.62,131.0,101230.0
1990-03-06 11:00:00+00:00,16.78,63.05,0.0,0.0,0.0,303.25,1.66,120.0,101310.0
1990-03-06 12:00:00+00:00,15.62,72.45,0.0,0.0,0.0,297.85,1.1,97.0,101380.0
1990-03-06 13:00:00+00:00,14.3,83.4,0.0,0.0,0.0,294.55,1.03,29.0,101430.0
1990-03-06 14:00:00+00:00,13.18,86.3,0.0,0.0,0.0,292.8,1.17,356.0,101470.0
1990-03-06 15:00:00+00:00,12.54,89.35,0.0,0.0,0.0,291.25,1.24,344.0,101450.0
1990-03-06 16:00:00+00:00,12.05,92.55,0.0,0.0,0.0,289.3,1.17,342.0,101460.0
1990-03-06 17:00:00+00:00,11.64,92.55,0.0,0.0,0.0,288.35,1.1,342.0,101450.0
1990-03-06 18:00:00+00:00,11.29,92.55,0.0,0.0,0.0,287.2,1.1,337.0,101400.0
1990-03-06 19:00:00+00:00,10.9,92.55,0.0,0.0,0.0,286.2,1.17,346.0,101360.0
1990-03-06 20:00:00+00:00,10.32,95.9,0.0,0.0,0.0,285.25,1.24,344.0,101330.0
1990-03-06 21:00:00+00:00,9.93,95.9,0.0,0.0,0.0,284.1,1.31,340.0,101320.0
1990-03-06 22:00:00+00:00,9.56,95.85,0.0,0.0,0.0,284.3,1.31,335.0,101360.0
1990-03-06 23:00:00+00:00,9.09,95.85,147.9,827.46,70.7,297.65,1.03,330.0,101420.0
1990-03-07 00:00:00+00:00,13.29,83.25,381.7,820.99,113.95,301.9,0.41,315.0,101460.0
1990-03-07 01:00:00+00:00,18.76,49.45,609.45,909.44,126.95,305.3,0.28,257.0,101480.0
1990-03-07 02:00:00+00:00,21.88,36.3,783.45,921.94,141.5,306.55,0.48,176.0,101470.0
1990-03-07 03:00:00+00:00,24.24,30.7,891.7,913.86,149.55,315.45,0.9,191.0,101440.0
1990-03-07 04:00:00+00:00,25.87,27.85,924.95,889.07,151.4,323.0,1.03,208.0,101320.0
1990-03-07 05:00:00+00:00,27.08,25.2,879.85,845.05,147.85,328.05,0.83,223.0,101200.0
1990-03-07 06:00:00+00:00,27.89,22.75,759.45,775.93,138.05,331.3,0.83,227.0,101080.0
1990-03-07 07:00:00+00:00,28.34,22.05,576.75,670.71,121.75,334.0,0.69,229.0,100970.0
1990-03-07 08:00:00+00:00,28.01,22.75,351.7,503.85,96.15,334.0,1.03,195.0,100910.0
1990-03-07 09:00:00+00:00,26.68,26.95,124.25,242.03,51.9,332.3,2.14,168.0,100930.0
1990-03-07 10:00:00+00:00,23.72,37.9,3.6,8.11,3.05,328.6,2.69,157.0,101000.0
1990-03-07 11:00:00+00:00,20.34,49.8,0.0,0.0,0.0,322.2,2.0,150.0,101090.0
1990-03-07 12:00:00+00:00,18.42,61.2,0.0,0.0,0.0,315.65,1.38,120.0,101140.0
1990-03-07 13:00:00+00:00,16.93,70.2,0.0,0.0,0.0,311.55,1.31,88.0,101220.0
1990-03-07 14:00:00+00:00,15.99,77.85,0.0,0.0,0.0,309.25,0.97,72.0,101250.0
1990-03-07 15:00:00+00:00,16.27,72.65,0.0,0.0,0.0,307.5,0.62,36.0,101220.0
1990-03-07 16:00:00+00:00,15.53,80.6,0.0,0.0,0.0,305.75,0.76,358.0,101200.0
1990-03-07 17:00:00+00:00,15.06,80.55,0.0,0.0,0.0,304.8,0.76,346.0,101180.0
1990-03-07 18:00:00+00:00,14.63,83.4,0.0,0.0,0.0,304.4,0.83,342.0,101100.0
1990-03-07 19:00:00+00:00,13.82,86.35,0.0,0.0,0.0,299.75,0.9,351.0,101050.0
1990-03-07 20:00:00+00:00,13.22,86.3,0.0,0.0,0.0,298.8,0.97,352.0,101020.0
1990-03-07 21:00:00+00:00,12.94,89.4,0.0,0.0,0.0,298.6,0.97,345.0,101030.0
1990-03-07 22:00:00+00:00,12.43,89.35,0.0,0.0,0.0,298.2,1.1,344.0,101070.0
1990-03-07 23:00:00+00:00,12.09,92.55,157.35,979.54,62.35,298.2,1.1,346.0,101130.0
1990-03-08 00:00:00+00:00,15.23,83.5,385.25,857.16,102.45,302.65,0.48,344.0,101180.0
1990-03-08 01:00:00+00:00,20.71,48.2,602.05,891.01,125.95,312.05,0.41,318.0,101200.0
1990-03-08 02:00:00+00:00,24.04,38.05,773.05,903.69,140.45,324.15,0.55,270.0,101200.0
1990-03-08 03:00:00+00:00,26.63,32.35,879.95,897.29,148.05,335.55,0.76,235.0,101160.0
1990-03-08 04:00:00+00:00,28.45,26.5,912.2,872.31,150.3,344.3,0.97,207.0,101040.0
1990-03-08 05:00:00+00:00,29.56,24.0,867.25,828.74,146.8,349.1,1.24,187.0,100890.0
1990-03-08 06:00:00+00:00,30.15,23.25,748.95,761.06,137.3,351.85,1.59,175.0,100780.0
1990-03-08 07:00:00+00:00,30.16,24.1,568.65,657.11,121.2,353.55,2.14,166.0,100650.0
1990-03-08 08:00:00+00:00,29.47,25.8,347.1,493.06,95.9,352.6,2.97,166.0,100630.0
1990-03-08 09:00:00+00:00,27.59,32.65,123.5,237.9,51.9,349.9,3.38,163.0,100640.0
1990-03-08 10:00:00+00:00,24.8,42.65,3.75,8.62,3.15,344.1,2.55,159.0,100710.0
1990-03-08 11:00:00+00:00,21.82,53.85,0.0,0.0,0.0,335.2,1.86,148.0,100790.0
1990-03-08 12:00:00+00:00,20.08,63.7,0.0,0.0,0.0,328.2,1.59,131.0,100870.0
1990-03-08 13:00:00+00:00,18.64,75.55,0.0,0.0,0.0,324.55,1.45,100.0,100970.0
1990-03-08 14:00:00+00:00,17.15,83.65,0.0,0.0,0.0,321.45,1.31,84.0,101010.0
1990-03-08 15:00:00+00:00,16.27,86.55,0.0,0.0,0.0,318.95,1.24,82.0,101000.0
1990-03-08 16:00:00+00:00,16.18,86.55,0.0,0.0,0.0,316.2,1.03,77.0,100960.0
1990-03-08 17:00:00+00:00,16.35,86.55,0.0,0.0,0.0,314.1,0.76,56.0,100920.0
1990-03-08 18:00:00+00:00,16.06,89.6,0.0,0.0,0.0,311.55,0.76,35.0,100870.0
1990-03-08 19:00:00+00:00,15.22,89.55,0.0,0.0,0.0,307.9,0.9,16.0,100830.0
1990-03-08 20:00:00+00:00,14.6,96.0,0.0,0.0,0.0,305.55,0.97,12.0,100770.0
1990-03-08 21:00:00+00:00,14.66,92.7,0.0,0.0,0.0,303.25,0.83,12.0,100780.0
1990-03-08 22:00:00+00:00,14.47,96.0,0.0,0.0,0.0,301.5,0.76,21.0,100810.0
1990-03-08 23:00:00+00:00,14.37,96.0,161.1,962.68,64.15,299.75,0.69,22.0,100880.0
1990-03-09 00:00:00+00:00,16.23,89.65,390.2,855.9,104.55,303.05,0.28,57.0,100930.0
1990-03-09 01:00:00+00:00,20.88,61.7,607.95,891.69,128.1,311.7,0.83,142.0,100980.0
1990-03-09 02:00:00+00:00,23.68,47.0,778.15,901.41,143.8,323.0,1.79,173.0,100970.0
1990-03-09 03:00:00+00:00,25.63,37.1,884.7,895.42,151.15,331.9,2.48,176.0,100930.0
1990-03-09 04:00:00+00:00,26.93,33.7,915.9,870.19,152.95,338.1,2.83,172.0,100860.0
1990-03-09 05:00:00+00:00,27.71,33.8,869.55,827.01,148.05,343.9,3.31,169.0,100740.0
1990-03-09 06:00:00+00:00,27.97,35.2,756.3,765.55,138.9,348.35,3.66,167.0,100640.0
1990-03-09 07:00:00+00:00,27.6,31.5,572.85,658.2,123.0,341.95,4.34,167.0,100580.0
1990-03-09 08:00:00+00:00,26.5,36.05,348.75,490.22,97.9,342.35,4.34,168.0,100550.0
1990-03-09 09:00:00+00:00,25.1,42.65,123.95,232.53,53.5,340.8,4.0,170.0,100600.0
1990-03-09 10:00:00+00:00,23.29,50.45,3.95,8.4,3.35,336.55,2.9,170.0,100640.0
1990-03-09 11:00:00+00:00,21.19,61.7,0.0,0.0,0.0,330.55,1.93,169.0,100720.0
1990-03-09 12:00:00+00:00,19.9,68.3,0.0,0.0,0.0,324.55,1.17,170.0,100790.0
1990-03-09 13:00:00+00:00,19.65,70.65,0.0,0.0,0.0,320.5,0.34,162.0,100870.0
1990-03-09 14:00:00+00:00,19.04,73.05,0.0,0.0,0.0,318.35,0.28,24.0,100890.0
1990-03-09 15:00:00+00:00,18.13,78.15,0.0,0.0,0.0,316.4,0.69,3.0,100880.0
1990-03-09 16:00:00+00:00,16.92,83.65,0.0,0.0,0.0,315.05,0.97,355.0,100880.0
1990-03-09 17:00:00+00:00,15.83,89.6,0.0,0.0,0.0,313.5,1.1,349.0,100850.0
1990-03-09 18:00:00+00:00,14.61,96.0,0.0,0.0,0.0,311.75,1.38,346.0,100810.0
1990-03-09 19:00:00+00:00,14.51,96.0,0.0,0.0,0.0,314.65,1.38,345.0,100760.0
1990-03-09 20:00:00+00:00,14.1,95.95,0.0,0.0,0.0,313.7,1.45,346.0,100720.0
1990-03-09 21:00:00+00:00,14.08,95.95,0.0,0.0,0.0,313.7,1.31,347.0,100720.0
1990-03-09 22:00:00+00:00,13.75,95.95,0.0,0.0,0.0,312.15,1.38,345.0,100740.0
1990-03-09 23:00:00+00:00,13.55,99.4,160.4,901.73,66.2,311.55,1.38,345.0,100780.0
1990-03-10 00:00:00+00:00,17.44,86.65,387.0,828.71,107.25,316.2,0.76,350.0,100880.0
1990-03-10 01:00:00+00:00,22.1,61.95,599.95,858.49,134.7,326.8,0.62,326.0,100920.0
1990-03-10 02:00:00+00:00,24.33,58.2,768.85,876.13,149.05,340.4,0.9,215.0,100950.0
1990-03-10 03:00:00+00:00,26.23,49.3,865.75,855.35,162.0,351.85,1.79,195.0,100900.0
1990-03-10 04:00:00+00:00,27.69,43.3,884.1,818.74,163.55,365.2,1.93,189.0,100820.0
1990-03-10 05:00:00+00:00,28.72,39.25,851.1,790.9,158.7,366.15,2.07,182.0,100700.0
1990-03-10 06:00:00+00:00,29.32,36.85,745.9,744.96,143.05,369.65,2.21,176.0,100600.0
1990-03-10 07:00:00+00:00,29.42,33.15,566.85,644.54,124.75,364.4,2.21,168.0,100530.0
1990-03-10 08:00:00+00:00,28.98,35.45,345.8,481.12,98.55,363.05,2.83,160.0,100510.0
1990-03-10 09:00:00+00:00,27.47,41.8,124.05,230.87,53.65,360.35,3.45,156.0,100540.0
1990-03-10 10:00:00+00:00,24.92,54.45,4.15,8.88,3.5,354.55,3.03,151.0,100590.0
1990-03-10 11:00:00+00:00,22.25,68.7,0.0,0.0,0.0,346.8,1.93,147.0,100680.0
1990-03-10 12:00:00+00:00,20.65,78.5,0.0,0.0,0.0,339.25,1.52,123.0,100780.0
1990-03-10 13:00:00+00:00,19.36,83.9,0.0,0.0,0.0,335.4,1.38,90.0,100900.0
1990-03-10 14:00:00+00:00,18.22,89.75,0.0,0.0,0.0,333.65,1.31,72.0,100980.0
1990-03-10 15:00:00+00:00,17.28,96.05,0.0,0.0,0.0,332.1,1.45,68.0,101000.0
1990-03-10 16:00:00+00:00,17.19,96.05,0.0,0.0,0.0,334.4,2.21,86.0,101080.0
1990-03-10 17:00:00+00:00,17.25,96.05,0.0,0.0,0.0,341.55,2.9,91.0,101070.0
1990-03-10 18:00:00+00:00,17.32,86.65,0.0,0.0,0.0,390.15,2.76,89.0,101050.0
1990-03-10 19:00:00+00:00,17.24,83.7,0.0,0.0,0.0,387.25,2.76,87.0,101000.0
1990-03-10 20:00:00+00:00,16.9,80.8,0.0,0.0,0.0,383.0,2.48,89.0,101000.0
1990-03-10 21:00:00+00:00,16.44,77.95,0.0,0.0,0.0,373.5,2.28,91.0,101030.0
1990-03-10 22:00:00+00:00,15.88,80.65,0.0,0.0,0.0,358.8,1.86,94.0,101070.0
1990-03-10 23:00:00+00:00,15.55,80.6,140.6,696.51,65.2,350.1,1.93,95.0,101140.0
1990-03-11 00:00:00+00:00,16.37,72.65,376.15,776.75,110.95,332.3,2.41,89.0,101230.0
1990-03-11 01:00:00+00:00,18.08,63.3,525.85,732.76,125.95,325.45,2.69,89.0,101250.0
1990-03-11 02:00:00+00:00,19.66,57.2,728.3,811.05,151.55,325.3,2.76,94.0,101270.0
1990-03-11 03:00:00+00:00,21.72,46.75,880.55,878.95,154.3,339.65,2.97,100.0,101230.0
1990-03-11 04:00:00+00:00,23.41,42.25,911.65,854.82,156.55,332.85,3.1,106.0,101140.0
1990-03-11 05:00:00+00:00,24.44,39.55,868.7,815.29,152.5,338.1,3.24,112.0,101010.0
1990-03-11 06:00:00+00:00,24.88,38.3,748.55,747.46,141.65,340.0,3.38,116.0,100910.0
1990-03-11 07:00:00+00:00,24.49,39.55,569.0,645.39,124.75,341.75,3.72,118.0,100870.0
1990-03-11 08:00:00+00:00,23.5,43.75,350.1,488.99,97.75,338.85,3.79,120.0,100860.0
1990-03-11 09:00:00+00:00,21.77,48.45,126.3,235.61,54.0,334.2,3.59,120.0,100880.0
1990-03-11 10:00:00+00:00,19.48,59.25,4.4,10.0,3.65,326.85,2.9,121.0,100940.0
1990-03-11 11:00:00+00:00,17.49,70.3,0.0,0.0,0.0,318.55,2.28,116.0,100990.0
1990-03-11 12:00:00+00:00,16.25,77.95,0.0,0.0,0.0,313.5,2.0,109.0,101070.0
1990-03-11 13:00:00+00:00,15.41,83.5,0.0,0.0,0.0,308.85,1.72,107.0,101140.0
1990-03-11 14:00:00+00:00,14.77,86.45,0.0,0.0,0.0,306.35,1.52,108.0,101180.0
1990-03-11 15:00:00+00:00,14.08,92.65,0.0,0.0,0.0,303.65,1.38,108.0,101180.0
1990-03-11 16:00:00+00:00,13.31,95.95,0.0,0.0,0.0,302.3,1.17,114.0,101160.0
1990-03-11 17:00:00+00:00,13.27,92.65,0.0,0.0,0.0,300.35,0.97,119.0,101130.0
1990-03-11 18:00:00+00:00,13.84,92.65,0.0,0.0,0.0,299.2,0.69,123.0,101060.0
1990-03-11 19:00:00+00:00,13.79,92.65,0.0,0.0,0.0,317.2,0.76,105.0,101050.0
1990-03-11 20:00:00+00:00,13.82,92.65,0.0,0.0,0.0,316.2,0.41,122.0,100980.0
1990-03-11 21:00:00+00:00,13.65,89.45,0.0,0.0,0.0,309.45,0.0,177.0,100990.0
1990-03-11 22:00:00+00:00,13.53,92.65,0.0,0.0,0.0,314.85,0.28,301.0,101000.0
1990-03-11 23:00:00+00:00,13.55,92.65,134.5,537.16,74.3,317.2,0.41,297.0,101050.0
1990-03-12 00:00:00+00:00,15.39,75.1,321.8,545.78,133.35,346.6,0.34,55.0,101100.0
1990-03-12 01:00:00+00:00,17.91,61.05,468.1,504.68,190.75,350.6,0.83,84.0,101130.0
1990-03-12 02:00:00+00:00,20.16,55.3,712.95,732.38,189.45,357.65,0.97,110.0,101110.0
1990-03-12 03:00:00+00:00,22.85,50.3,778.9,639.17,248.55,351.65,1.31,136.0,101060.0
1990-03-12 04:00:00+00:00,24.75,47.4,802.4,653.24,223.25,373.1,1.72,154.0,100940.0
1990-03-12 05:00:00+00:00,26.04,47.65,798.9,679.53,199.95,380.45,2.28,167.0,100810.0
1990-03-12 06:00:00+00:00,26.89,46.25,722.9,702.42,150.7,386.45,2.69,173.0,100680.0
1990-03-12 07:00:00+00:00,27.22,43.15,548.0,603.57,131.1,373.1,2.97,176.0,100610.0
1990-03-12 08:00:00+00:00,26.77,44.7,327.35,435.17,101.85,371.2,3.24,173.0,100590.0
1990-03-12 09:00:00+00:00,25.37,49.2,113.5,200.65,51.55,374.65,3.31,166.0,100570.0
1990-03-12 10:00:00+00:00,23.07,59.95,3.9,7.82,3.3,369.05,2.69,154.0,100620.0
1990-03-12 11:00:00+00:00,20.73,66.15,0.0,0.0,0.0,358.8,1.93,143.0,100660.0
1990-03-12 12:00:00+00:00,19.3,75.7,0.0,0.0,0.0,350.3,1.52,132.0,100730.0
1990-03-12 13:00:00+00:00,18.44,81.0,0.0,0.0,0.0,349.3,1.24,120.0,100790.0
1990-03-12 14:00:00+00:00,17.71,86.7,0.0,0.0,0.0,345.45,1.1,105.0,100800.0
1990-03-12 15:00:00+00:00,17.08,92.8,0.0,0.0,0.0,349.3,0.9,93.0,100810.0
1990-03-12 16:00:00+00:00,16.61,96.05,0.0,0.0,0.0,347.95,0.83,71.0,100780.0
1990-03-12 17:00:00+00:00,16.59,96.05,0.0,0.0,0.0,349.1,0.76,36.0,100750.0
1990-03-12 18:00:00+00:00,16.24,96.05,0.0,0.0,0.0,357.45,0.9,358.0,100710.0
1990-03-12 19:00:00+00:00,16.93,96.05,0.0,0.0,0.0,357.05,0.76,5.0,100680.0
1990-03-12 20:00:00+00:00,16.69,92.8,0.0,0.0,0.0,348.15,0.9,356.0,100640.0
1990-03-12 21:00:00+00:00,16.65,96.05,0.0,0.0,0.0,353.55,0.83,353.0,100610.0
1990-03-12 22:00:00+00:00,16.68,92.8,0.0,0.0,0.0,367.7,0.83,333.0,100690.0
1990-03-12 23:00:00+00:00,17.04,96.05,124.15,465.0,70.25,368.1,0.83,322.0,100760.0
1990-03-13 00:00:00+00:00,20.15,78.45,268.35,477.14,101.75,370.6,0.76,299.0,100860.0
1990-03-13 01:00:00+00:00,22.49,71.05,524.65,627.53,177.4,376.7,0.83,279.0,100910.0
1990-03-13 02:00:00+00:00,25.35,58.45,619.35,596.83,190.55,386.1,1.17,276.0,100910.0
1990-03-13 03:00:00+00:00,26.99,53.1,683.55,570.87,207.9,390.55,1.52,268.0,100880.0
1990-03-13 04:00:00+00:00,28.58,46.65,720.05,510.29,266.0,405.65,2.34,258.0,100820.0
1990-03-13 05:00:00+00:00,30.17,41.0,614.1,360.83,295.0,418.0,3.1,260.0,100700.0
1990-03-13 06:00:00+00:00,31.01,35.95,542.2,413.34,204.4,419.75,3.17,263.0,100560.0
1990-03-13 07:00:00+00:00,30.83,35.95,513.2,503.06,164.55,411.85,2.41,285.0,100480.0
1990-03-13 08:00:00+00:00,30.8,35.95,321.4,426.42,99.55,399.85,1.79,261.0,100410.0
1990-03-13 09:00:00+00:00,30.11,36.95,84.0,76.94,60.1,402.35,1.72,252.0,100440.0
1990-03-13 10:00:00+00:00,28.76,42.05,3.7,4.46,3.35,407.4,0.9,206.0,100490.0
1990-03-13 11:00:00+00:00,26.59,51.2,0.0,0.0,0.0,394.0,1.24,163.0,100560.0
1990-03-13 12:00:00+00:00,24.86,60.35,0.0,0.0,0.0,403.9,1.03,177.0,100680.0
1990-03-13 13:00:00+00:00,24.26,64.5,0.0,0.0,0.0,412.6,0.76,286.0,100790.0
1990-03-13 14:00:00+00:00,23.98,62.25,0.0,0.0,0.0,412.6,2.34,330.0,100870.0
1990-03-13 15:00:00+00:00,22.62,66.35,0.0,0.0,0.0,376.2,3.24,340.0,100900.0
1990-03-13 16:00:00+00:00,21.36,66.25,0.0,0.0,0.0,366.15,3.52,341.0,100960.0
1990-03-13 17:00:00+00:00,20.24,70.8,0.0,0.0,0.0,365.55,2.97,342.0,100970.0
1990-03-13 18:00:00+00:00,19.37,73.15,0.0,0.0,0.0,363.25,2.07,37.0,101030.0
1990-03-13 19:00:00+00:00,18.97,83.85,0.0,0.0,0.0,383.2,3.31,88.0,101070.0
1990-03-13 20:00:00+00:00,17.95,80.9,0.0,0.0,0.0,400.0,3.52,92.0,101070.0
1990-03-13 21:00:00+00:00,17.24,78.1,0.0,0.0,0.0,396.35,3.24,91.0,101110.0
1990-03-13 22:00:00+00:00,16.9,78.0,0.0,0.0,0.0,391.1,2.83,89.0,101190.0
1990-03-13 23:00:00+00:00,16.76,75.3,38.6,18.37,36.4,389.4,2.55,90.0,101260.0
1990-03-14 00:00:00+00:00,16.95,75.3,118.95,24.64,110.25,389.2,2.69,89.0,101370.0
1990-03-14 01:00:00+00:00,17.52,70.3,188.2,74.66,146.6,390.25,2.9,84.0,101440.0
1990-03-14 02:00:00+00:00,18.25,65.65,391.85,157.32,278.25,388.4,2.83,82.0,101490.0
1990-03-14 03:00:00+00:00,20.04,59.35,554.55,305.33,299.1,393.25,2.9,80.0,101480.0
1990-03-14 04:00:00+00:00,21.76,52.0,561.1,279.47,311.55,396.75,2.9,88.0,101450.0
1990-03-14 05:00:00+00:00,22.72,52.0,491.95,196.06,318.0,401.0,2.97,98.0,101330.0
1990-03-14 06:00:00+00:00,22.75,48.55,319.35,148.94,197.25,404.1,3.17,112.0,101250.0
1990-03-14 07:00:00+00:00,21.29,53.75,305.05,212.12,157.55,396.15,2.62,109.0,101250.0
1990-03-14 08:00:00+00:00,21.09,53.6,214.6,196.35,112.05,393.85,3.38,124.0,101230.0
1990-03-14 09:00:00+00:00,19.84,55.3,69.9,78.74,45.3,369.05,3.72,127.0,101280.0
1990-03-14 10:00:00+00:00,17.95,61.05,3.5,4.99,3.1,364.6,3.17,123.0,101320.0
1990-03-14 11:00:00+00:00,16.58,67.65,0.0,0.0,0.0,360.55,2.62,116.0,101410.0
1990-03-14 12:00:00+00:00,15.83,67.55,0.0,0.0,0.0,350.1,2.14,112.0,101470.0
1990-03-14 13:00:00+00:00,15.49,69.9,0.0,0.0,0.0,347.95,1.72,111.0,101560.0
1990-03-14 14:00:00+00:00,15.34,67.45,0.0,0.0,0.0,350.85,1.31,112.0,101590.0
1990-03-14 15:00:00+00:00,15.09,69.85,0.0,0.0,0.0,345.25,0.9,126.0,101610.0
1990-03-14 16:00:00+00:00,15.27,65.05,0.0,0.0,0.0,369.05,1.03,114.0,101610.0
1990-03-14 17:00:00+00:00,15.32,65.05,0.0,0.0,0.0,374.3,1.24,111.0,101570.0
1990-03-14 18:00:00+00:00,15.14,64.95,0.0,0.0,0.0,366.75,1.03,105.0,101510.0
1990-03-14 19:00:00+00:00,14.69,69.85,0.0,0.0,0.0,342.15,0.69,138.0,101520.0
1990-03-14 20:00:00+00:00,14.7,69.85,0.0,0.0,0.0,362.1,0.76,131.0,101470.0
1990-03-14 21:00:00+00:00,14.78,67.35,0.0,0.0,0.0,372.75,0.97,119.0,101470.0
1990-03-14 22:00:00+00:00,14.68,67.35,0.0,0.0,0.0,365.4,1.17,115.0,101500.0
1990-03-14 23:00:00+00:00,14.61,69.75,122.85,397.42,73.7,359.4,1.31,114.0,101550.0
1990-03-15 00:00:00+00:00,15.54,62.75,323.25,500.09,144.75,358.0,1.52,106.0,101630.0
1990-03-15 01:00:00+00:00,17.13,56.6,543.6,644.8,181.9,352.5,1.59,105.0,101660.0
1990-03-15 02:00:00+00:00,19.31,49.55,734.85,773.5,173.5,354.75,1.86,106.0,101670.0
1990-03-15 03:00:00+00:00,21.33,44.95,843.85,768.24,198.5,342.15,2.21,108.0,101630.0
1990-03-15 04:00:00+00:00,22.7,45.1,861.95,750.66,189.3,347.2,2.55,112.0,101540.0
1990-03-15 05:00:00+00:00,23.65,42.25,796.8,636.37,230.4,351.65,2.69,117.0,101420.0
1990-03-15 06:00:00+00:00,23.93,40.9,592.05,413.88,251.7,362.65,3.03,124.0,101330.0
1990-03-15 07:00:00+00:00,23.48,45.35,431.85,323.47,206.2,377.95,2.0,123.0,101280.0
1990-03-15 08:00:00+00:00,23.01,46.85,285.9,319.77,118.25,384.15,2.62,126.0,101250.0
1990-03-15 09:00:00+00:00,21.54,48.3,98.6,134.93,56.2,384.55,3.59,128.0,101250.0
1990-03-15 10:00:00+00:00,19.02,57.1,4.65,7.34,4.05,364.2,3.24,124.0,101280.0
1990-03-15 11:00:00+00:00,17.04,67.75,0.0,0.0,0.0,342.55,2.48,116.0,101340.0
1990-03-15 12:00:00+00:00,16.06,75.15,0.0,0.0,0.0,337.7,2.0,111.0,101420.0
1990-03-15 13:00:00+00:00,15.62,80.6,0.0,0.0,0.0,335.4,1.38,114.0,101500.0
1990-03-15 14:00:00+00:00,15.24,80.6,0.0,0.0,0.0,332.85,1.03,117.0,101520.0
1990-03-15 15:00:00+00:00,14.71,86.45,0.0,0.0,0.0,325.3,0.97,118.0,101530.0
1990-03-15 16:00:00+00:00,14.54,89.5,0.0,0.0,0.0,322.4,0.55,137.0,101530.0
1990-03-15 17:00:00+00:00,14.61,89.5,0.0,0.0,0.0,327.45,0.41,155.0,101500.0
1990-03-15 18:00:00+00:00,14.31,89.5,0.0,0.0,0.0,316.6,0.34,184.0,101440.0
1990-03-15 19:00:00+00:00,14.14,89.5,0.0,0.0,0.0,320.1,0.41,163.0,101390.0
1990-03-15 20:00:00+00:00,14.03,92.65,0.0,0.0,0.0,320.85,0.48,173.0,101380.0
1990-03-15 21:00:00+00:00,13.86,92.65,0.0,0.0,0.0,316.2,0.34,214.0,101380.0
1990-03-15 22:00:00+00:00,13.77,92.65,0.0,0.0,0.0,317.95,0.55,245.0,101430.0
1990-03-15 23:00:00+00:00,13.77,92.65,169.75,761.48,72.6,315.05,0.41,240.0,101470.0
1990-03-16 00:00:00+00:00,15.51,80.6,389.4,748.28,119.4,318.35,1.03,112.0,101500.0
1990-03-16 01:00:00+00:00,17.85,65.55,608.4,831.09,139.05,328.15,1.38,113.0,101540.0
1990-03-16 02:00:00+00:00,20.28,55.45,776.8,855.09,153.15,335.75,1.93,116.0,101520.0
1990-03-16 03:00:00+00:00,22.32,50.2,874.35,840.23,165.7,340.8,2.55,120.0,101460.0
1990-03-16 04:00:00+00:00,23.8,45.5,902.3,819.87,165.1,349.3,2.97,123.0,101350.0
1990-03-16 05:00:00+00:00,24.73,45.6,860.6,784.47,160.2,354.55,3.17,126.0,101230.0
1990-03-16 06:00:00+00:00,25.18,44.15,744.3,728.51,143.4,354.95,3.17,130.0,101120.0
1990-03-16 07:00:00+00:00,25.34,44.3,567.1,627.4,128.05,358.4,3.03,137.0,101050.0
1990-03-16 08:00:00+00:00,24.49,47.25,344.35,463.67,100.35,356.85,3.31,136.0,101020.0
1990-03-16 09:00:00+00:00,22.72,54.0,127.0,225.16,55.85,355.7,3.45,133.0,100990.0
1990-03-16 10:00:00+00:00,20.36,61.6,5.25,11.39,4.3,346.0,2.83,129.0,101020.0
1990-03-16 11:00:00+00:00,18.42,72.95,0.0,0.0,0.0,339.25,2.21,125.0,101040.0
1990-03-16 12:00:00+00:00,17.26,80.85,0.0,0.0,0.0,334.2,1.45,118.0,101110.0
1990-03-16 13:00:00+00:00,16.54,89.65,0.0,0.0,0.0,332.85,1.1,104.0,101170.0
1990-03-16 14:00:00+00:00,16.01,92.75,0.0,0.0,0.0,331.7,0.97,88.0,101220.0
1990-03-16 15:00:00+00:00,15.43,99.4,0.0,0.0,0.0,334.6,0.9,79.0,101200.0
1990-03-16 16:00:00+00:00,15.53,96.0,0.0,0.0,0.0,332.85,0.62,49.0,101180.0
1990-03-16 17:00:00+00:00,15.54,99.4,0.0,0.0,0.0,339.45,0.55,358.0,101160.0
1990-03-16 18:00:00+00:00,15.42,96.0,0.0,0.0,0.0,353.4,0.55,330.0,101080.0
1990-03-16 19:00:00+00:00,15.65,96.0,0.0,0.0,0.0,339.65,0.55,12.0,101030.0
1990-03-16 20:00:00+00:00,15.71,96.0,0.0,0.0,0.0,350.5,0.55,350.0,100980.0
1990-03-16 21:00:00+00:00,16.42,89.65,0.0,0.0,0.0,388.8,0.21,31.0,100960.0
1990-03-16 22:00:00+00:00,16.58,92.8,0.0,0.0,0.0,391.1,0.34,76.0,100960.0
1990-03-16 23:00:00+00:00,17.17,83.7,67.7,95.43,55.15,395.2,0.62,87.0,100980.0
1990-03-17 00:00:00+00:00,18.14,83.75,186.75,122.42,142.1,395.4,0.76,95.0,100980.0
1990-03-17 01:00:00+00:00,19.8,75.75,418.4,415.82,182.0,397.25,1.03,113.0,100960.0
1990-03-17 02:00:00+00:00,22.32,71.05,622.55,539.9,226.85,395.4,1.59,150.0,100940.0
1990-03-17 03:00:00+00:00,24.97,60.35,576.9,395.52,242.0,390.15,3.38,168.0,100870.0
1990-03-17 04:00:00+00:00,25.85,56.6,536.45,273.66,289.55,403.9,4.07,172.0,100770.0
1990-03-17 05:00:00+00:00,26.3,54.8,414.25,178.38,254.5,418.8,4.21,176.0,100650.0
1990-03-17 06:00:00+00:00,26.09,56.6,380.9,207.25,209.45,417.65,4.0,178.0,100540.0
1990-03-17 07:00:00+00:00,26.27,54.8,360.35,264.98,174.35,414.75,4.21,184.0,100360.0
1990-03-17 08:00:00+00:00,26.18,56.6,178.9,111.62,119.95,404.65,4.21,183.0,100310.0
1990-03-17 09:00:00+00:00,25.03,62.45,72.35,80.89,46.65,413.75,3.59,174.0,100340.0
1990-03-17 10:00:00+00:00,23.69,71.25,3.5,4.71,3.1,408.55,2.62,166.0,100360.0
1990-03-17 11:00:00+00:00,22.24,78.7,0.0,0.0,0.0,395.95,2.0,158.0,100370.0
1990-03-17 12:00:00+00:00,21.37,81.35,0.0,0.0,0.0,395.0,1.45,150.0,100380.0
1990-03-17 13:00:00+00:00,20.63,86.9,0.0,0.0,0.0,386.1,1.1,136.0,100410.0
1990-03-17 14:00:00+00:00,20.33,89.9,0.0,0.0,0.0,393.25,0.83,127.0,100450.0
1990-03-17 15:00:00+00:00,20.36,89.9,0.0,0.0,0.0,407.4,0.62,117.0,100450.0
1990-03-17 16:00:00+00:00,20.51,89.9,0.0,0.0,0.0,414.9,0.62,107.0,100460.0
1990-03-17 17:00:00+00:00,20.55,89.9,0.0,0.0,0.0,414.35,0.41,117.0,100420.0
1990-03-17 18:00:00+00:00,20.16,92.95,0.0,0.0,0.0,398.3,0.34,59.0,100370.0
1990-03-17 19:00:00+00:00,19.68,96.1,0.0,0.0,0.0,397.7,0.28,288.0,100350.0
1990-03-17 20:00:00+00:00,19.84,92.95,0.0,0.0,0.0,398.85,0.41,246.0,100310.0
1990-03-17 21:00:00+00:00,19.64,96.1,0.0,0.0,0.0,401.0,0.62,211.0,100310.0
1990-03-17 22:00:00+00:00,19.79,96.1,0.0,0.0,0.0,406.4,0.55,210.0,100320.0
1990-03-17 23:00:00+00:00,19.85,96.1,92.6,178.3,68.45,396.75,0.62,238.0,100390.0
1990-03-18 00:00:00+00:00,21.52,87.0,243.35,321.47,124.85,397.5,1.72,252.0,100470.0
1990-03-18 01:00:00+00:00,23.38,73.7,484.85,443.93,230.8,404.8,2.62,262.0,100500.0
1990-03-18 02:00:00+00:00,26.24,60.6,554.65,401.24,259.15,405.65,3.03,267.0,100520.0
1990-03-18 03:00:00+00:00,28.11,51.55,632.85,420.22,275.65,415.5,3.24,271.0,100460.0
1990-03-18 04:00:00+00:00,29.77,45.35,563.3,239.77,346.25,419.2,3.17,266.0,100370.0
1990-03-18 05:00:00+00:00,30.19,43.95,648.3,431.27,260.9,441.05,2.97,257.0,100250.0
1990-03-18 06:00:00+00:00,30.46,42.6,551.8,409.02,212.45,425.75,2.83,265.0,100180.0
1990-03-18 07:00:00+00:00,31.0,41.3,386.55,339.89,147.25,419.75,3.17,291.0,100090.0
1990-03-18 08:00:00+00:00,30.64,42.6,249.2,277.63,102.05,419.95,2.55,292.0,100050.0
1990-03-18 09:00:00+00:00,29.85,43.95,76.1,82.81,49.65,417.05,2.0,285.0,100090.0
1990-03-18 10:00:00+00:00,28.69,48.25,3.9,2.31,3.7,421.9,1.38,292.0,100130.0
1990-03-18 11:00:00+00:00,27.46,51.45,0.0,0.0,0.0,421.7,0.76,314.0,100190.0
1990-03-18 12:00:00+00:00,26.43,58.7,0.0,0.0,0.0,415.5,0.34,335.0,100240.0
1990-03-18 13:00:00+00:00,25.83,56.6,0.0,0.0,0.0,412.4,0.21,62.0,100320.0
1990-03-18 14:00:00+00:00,24.6,64.5,0.0,0.0,0.0,391.9,0.21,103.0,100350.0
1990-03-18 15:00:00+00:00,23.61,68.85,0.0,0.0,0.0,388.2,0.07,302.0,100360.0
1990-03-18 16:00:00+00:00,22.34,73.55,0.0,0.0,0.0,382.6,0.69,324.0,100360.0
1990-03-18 17:00:00+00:00,21.35,76.0,0.0,0.0,0.0,378.15,0.83,331.0,100350.0
1990-03-18 18:00:00+00:00,21.58,76.0,0.0,0.0,0.0,382.4,0.48,348.0,100340.0
1990-03-18 19:00:00+00:00,21.14,81.3,0.0,0.0,0.0,384.95,0.55,61.0,100270.0
1990-03-18 20:00:00+00:00,20.95,81.3,0.0,0.0,0.0,380.65,0.48,55.0,100280.0
1990-03-18 21:00:00+00:00,20.14,89.85,0.0,0.0,0.0,384.55,0.83,70.0,100290.0
1990-03-18 22:00:00+00:00,19.75,89.85,0.0,0.0,0.0,384.15,0.9,91.0,100330.0
1990-03-18 23:00:00+00:00,20.36,86.9,135.25,449.08,72.65,389.55,0.69,104.0,100420.0
1990-03-19 00:00:00+00:00,22.58,81.4,306.05,441.6,141.55,392.65,0.83,144.0,100510.0
1990-03-19 01:00:00+00:00,24.83,71.5,431.85,432.28,182.85,402.45,1.59,193.0,100570.0
1990-03-19 02:00:00+00:00,27.04,62.9,507.0,382.16,224.2,415.1,2.76,191.0,100570.0
1990-03-19 03:00:00+00:00,28.51,55.3,606.9,375.48,286.5,434.3,3.52,191.0,100510.0
1990-03-19 04:00:00+00:00,29.36,51.9,753.7,582.75,224.45,425.4,4.28,197.0,100450.0
1990-03-19 05:00:00+00:00,30.38,48.75,708.75,519.58,240.65,415.1,4.62,195.0,100360.0
1990-03-19 06:00:00+00:00,30.61,48.75,373.7,89.6,299.15,427.1,4.83,195.0,100290.0
1990-03-19 07:00:00+00:00,28.98,53.55,282.2,76.33,228.3,435.85,4.69,198.0,100270.0
1990-03-19 08:00:00+00:00,28.1,57.05,241.0,218.95,124.55,422.85,4.41,196.0,100210.0
1990-03-19 09:00:00+00:00,27.51,58.9,88.7,115.86,51.5,413.0,4.21,198.0,100230.0
1990-03-19 10:00:00+00:00,26.26,62.8,4.45,1.7,4.3,405.05,3.17,201.0,100310.0
1990-03-19 11:00:00+00:00,25.01,69.15,0.0,0.0,0.0,402.35,2.55,199.0,100350.0
1990-03-19 12:00:00+00:00,24.17,76.3,0.0,0.0,0.0,401.0,2.14,189.0,100400.0
1990-03-19 13:00:00+00:00,23.53,81.5,0.0,0.0,0.0,401.4,1.86,183.0,100450.0
1990-03-19 14:00:00+00:00,22.96,87.1,0.0,0.0,0.0,398.3,1.79,188.0,100480.0
1990-03-19 15:00:00+00:00,22.59,93.05,0.0,0.0,0.0,399.65,1.52,193.0,100440.0
1990-03-19 16:00:00+00:00,22.36,93.05,0.0,0.0,0.0,402.35,1.24,200.0,100420.0
1990-03-19 17:00:00+00:00,22.37,96.15,0.0,0.0,0.0,417.85,0.48,199.0,100390.0
1990-03-19 18:00:00+00:00,22.63,96.15,0.0,0.0,0.0,425.4,1.24,218.0,100320.0
1990-03-19 19:00:00+00:00,22.7,96.15,0.0,0.0,0.0,425.2,1.24,182.0,100280.0
1990-03-19 20:00:00+00:00,22.76,93.05,0.0,0.0,0.0,428.1,1.38,183.0,100290.0
1990-03-19 21:00:00+00:00,22.77,93.05,0.0,0.0,0.0,428.1,1.38,187.0,100320.0
1990-03-19 22:00:00+00:00,22.72,96.15,0.0,0.0,0.0,426.9,0.83,183.0,100390.0
1990-03-19 23:00:00+00:00,22.79,93.05,57.3,20.93,54.3,427.3,0.76,178.0,100490.0
1990-03-20 00:00:00+00:00,23.41,90.05,120.1,38.52,105.6,429.25,1.1,199.0,100590.0
1990-03-20 01:00:00+00:00,24.01,87.15,285.9,123.94,214.05,423.35,1.31,212.0,100660.0
1990-03-20 02:00:00+00:00,25.49,79.1,440.3,240.89,261.2,433.5,1.86,224.0,100720.0
1990-03-20 03:00:00+00:00,27.1,67.2,505.25,382.71,177.45,432.75,2.34,241.0,100700.0
1990-03-20 04:00:00+00:00,28.27,57.15,506.75,260.95,269.0,407.55,2.62,249.0,100650.0
1990-03-20 05:00:00+00:00,29.24,51.8,584.95,428.54,197.75,420.9,2.62,241.0,100530.0
1990-03-20 06:00:00+00:00,30.19,43.95,537.55,405.55,199.2,412.4,3.17,229.0,100440.0
1990-03-20 07:00:00+00:00,30.15,45.45,397.5,306.72,180.3,424.2,3.03,260.0,100390.0
1990-03-20 08:00:00+00:00,29.46,48.5,244.95,267.68,102.1,417.25,2.76,270.0,100380.0
1990-03-20 09:00:00+00:00,29.16,48.4,107.7,155.4,57.55,418.6,2.21,279.0,100380.0
1990-03-20 10:00:00+00:00,28.23,51.55,4.55,5.02,4.1,410.3,1.59,273.0,100420.0
1990-03-20 11:00:00+00:00,26.81,56.85,0.0,0.0,0.0,404.85,1.24,244.0,100460.0
1990-03-20 12:00:00+00:00,25.53,64.7,0.0,0.0,0.0,397.7,1.03,242.0,100550.0
1990-03-20 13:00:00+00:00,24.24,71.4,0.0,0.0,0.0,392.65,1.31,286.0,100660.0
1990-03-20 14:00:00+00:00,23.27,76.2,0.0,0.0,0.0,391.9,1.45,305.0,100690.0
1990-03-20 15:00:00+00:00,22.58,84.15,0.0,0.0,0.0,391.9,1.38,317.0,100670.0
1990-03-20 16:00:00+00:00,21.77,84.15,0.0,0.0,0.0,381.65,1.38,316.0,100680.0
1990-03-20 17:00:00+00:00,21.26,87.0,0.0,0.0,0.0,385.5,1.24,312.0,100650.0
1990-03-20 18:00:00+00:00,20.78,89.95,0.0,0.0,0.0,381.05,1.17,337.0,100610.0
1990-03-20 19:00:00+00:00,20.77,86.95,0.0,0.0,0.0,388.0,1.31,57.0,100610.0
1990-03-20 20:00:00+00:00,20.42,86.9,0.0,0.0,0.0,380.65,3.52,91.0,100630.0
1990-03-20 21:00:00+00:00,18.98,83.85,0.0,0.0,0.0,399.45,3.66,92.0,100700.0
1990-03-20 22:00:00+00:00,18.29,81.0,0.0,0.0,0.0,399.45,3.38,93.0,100780.0
1990-03-20 23:00:00+00:00,18.05,78.15,68.35,52.27,60.65,400.2,3.31,89.0,100840.0
1990-03-21 00:00:00+00:00,18.26,72.95,151.15,27.61,140.65,398.3,3.52,88.0,100910.0
1990-03-21 01:00:00+00:00,18.9,68.1,224.5,34.79,204.2,397.25,3.59,88.0,100990.0
1990-03-21 02:00:00+00:00,19.61,65.85,329.05,84.01,266.3,399.45,3.59,93.0,101040.0
1990-03-21 03:00:00+00:00,20.51,61.6,274.55,33.15,246.05,404.3,3.59,99.0,101010.0
1990-03-21 04:00:00+00:00,20.52,61.6,376.8,36.16,343.75,406.4,3.66,103.0,100960.0
1990-03-21 05:00:00+00:00,21.35,59.7,340.15,80.4,267.3,407.0,3.72,107.0,100830.0
1990-03-21 06:00:00+00:00,21.47,59.7,235.15,32.81,207.7,406.4,3.52,110.0,100750.0
1990-03-21 07:00:00+00:00,20.7,61.7,234.45,48.58,199.95,407.75,3.1,104.0,100700.0
1990-03-21 08:00:00+00:00,20.95,61.7,135.75,51.92,107.95,407.75,2.76,109.0,100690.0
1990-03-21 09:00:00+00:00,20.63,63.8,52.95,37.62,40.75,405.05,2.69,111.0,100680.0
1990-03-21 10:00:00+00:00,20.02,65.95,3.1,2.74,2.85,402.35,2.48,114.0,100700.0
1990-03-21 11:00:00+00:00,19.31,68.2,0.0,0.0,0.0,398.85,2.34,115.0,100720.0
1990-03-21 12:00:00+00:00,18.74,70.55,0.0,0.0,0.0,390.75,2.07,116.0,100760.0
1990-03-21 13:00:00+00:00,18.29,72.95,0.0,0.0,0.0,381.25,1.72,118.0,100800.0
1990-03-21 14:00:00+00:00,17.9,78.15,0.0,0.0,0.0,374.65,1.59,121.0,100810.0
1990-03-21 15:00:00+00:00,17.43,80.85,0.0,0.0,0.0,360.55,1.03,137.0,100800.0
1990-03-21 16:00:00+00:00,17.03,83.65,0.0,0.0,0.0,355.9,0.9,138.0,100790.0
1990-03-21 17:00:00+00:00,16.49,89.65,0.0,0.0,0.0,352.6,0.69,132.0,100750.0
1990-03-21 18:00:00+00:00,16.71,86.6,0.0,0.0,0.0,371.95,0.48,84.0,100720.0
1990-03-21 19:00:00+00:00,16.75,83.65,0.0,0.0,0.0,373.9,0.76,98.0,100710.0
1990-03-21 20:00:00+00:00,17.03,83.65,0.0,0.0,0.0,388.4,0.69,99.0,100670.0
1990-03-21 21:00:00+00:00,17.26,80.85,0.0,0.0,0.0,393.65,0.55,106.0,100680.0
1990-03-21 22:00:00+00:00,17.32,80.85,0.0,0.0,0.0,387.65,0.28,110.0,100710.0
1990-03-21 23:00:00+00:00,17.54,83.7,120.95,352.63,67.6,391.5,0.0,167.0,100750.0
1990-03-22 00:00:00+00:00,18.6,78.25,273.8,309.66,154.85,379.9,0.07,164.0,100800.0
1990-03-22 01:00:00+00:00,20.52,73.3,501.5,511.47,201.2,382.7,0.28,191.0,100840.0
1990-03-22 02:00:00+00:00,23.32,66.55,704.75,690.35,186.7,395.0,0.83,206.0,100850.0
1990-03-22 03:00:00+00:00,25.84,56.6,822.6,718.71,202.45,383.55,1.72,208.0,100800.0
1990-03-22 04:00:00+00:00,27.81,48.15,809.95,597.12,262.5,383.0,1.86,210.0,100720.0
1990-03-22 05:00:00+00:00,29.1,45.2,866.6,775.6,161.9,399.85,1.72,207.0,100570.0
1990-03-22 06:00:00+00:00,30.33,41.15,685.45,609.78,174.0,386.3,1.86,195.0,100460.0
1990-03-22 07:00:00+00:00,30.8,38.55,492.6,474.76,154.55,407.4,2.21,192.0,100370.0
1990-03-22 08:00:00+00:00,30.43,39.75,346.55,451.56,104.0,409.9,2.62,178.0,100350.0
1990-03-22 09:00:00+00:00,29.02,46.75,119.95,196.68,55.85,389.0,3.38,166.0,100330.0
1990-03-22 10:00:00+00:00,26.23,56.6,6.6,15.63,5.15,388.8,3.1,158.0,100350.0
1990-03-22 11:00:00+00:00,23.73,66.65,0.0,0.0,0.0,375.85,2.14,155.0,100410.0
1990-03-22 12:00:00+00:00,22.34,73.55,0.0,0.0,0.0,367.9,1.45,144.0,100480.0
1990-03-22 13:00:00+00:00,21.35,78.65,0.0,0.0,0.0,361.5,1.17,112.0,100560.0
1990-03-22 14:00:00+00:00,20.45,84.05,0.0,0.0,0.0,358.6,1.24,86.0,100620.0
1990-03-22 15:00:00+00:00,19.63,89.85,0.0,0.0,0.0,356.3,1.24,71.0,100650.0
1990-03-22 16:00:00+00:00,18.88,92.9,0.0,0.0,0.0,354.35,1.1,59.0,100630.0
1990-03-22 17:00:00+00:00,18.72,92.9,0.0,0.0,0.0,351.85,0.83,46.0,100610.0
1990-03-22 18:00:00+00:00,18.88,92.9,0.0,0.0,0.0,350.85,0.62,25.0,100580.0
1990-03-22 19:00:00+00:00,19.18,96.1,0.0,0.0,0.0,352.4,0.28,349.0,100460.0
1990-03-22 20:00:00+00:00,19.03,96.1,0.0,0.0,0.0,352.0,0.34,339.0,100430.0
1990-03-22 21:00:00+00:00,18.92,96.1,0.0,0.0,0.0,350.65,0.34,341.0,100440.0
1990-03-22 22:00:00+00:00,18.74,96.1,0.0,0.0,0.0,349.9,0.48,338.0,100490.0
1990-03-22 23:00:00+00:00,18.87,96.1,185.55,670.81,81.4,349.9,0.48,338.0,100530.0
1990-03-23 00:00:00+00:00,21.34,78.65,405.0,709.05,129.9,353.55,0.41,270.0,100630.0
1990-03-23 01:00:00+00:00,24.18,68.95,614.9,789.97,148.2,364.5,0.9,248.0,100630.0
1990-03-23 02:00:00+00:00,26.88,56.85,790.9,836.74,160.15,375.05,0.97,239.0,100620.0
1990-03-23 03:00:00+00:00,29.29,46.9,895.3,847.95,161.0,384.95,1.45,219.0,100570.0
1990-03-23 04:00:00+00:00,31.18,41.3,924.3,831.67,159.5,392.45,2.07,210.0,100460.0
1990-03-23 05:00:00+00:00,32.4,37.65,845.95,758.91,154.55,398.65,2.62,203.0,100320.0
1990-03-23 06:00:00+00:00,32.82,37.65,652.9,508.92,224.95,407.75,3.24,193.0,100200.0
1990-03-23 07:00:00+00:00,32.42,37.65,463.0,373.7,196.2,420.35,3.66,190.0,100130.0
1990-03-23 08:00:00+00:00,31.01,44.2,256.8,275.98,108.1,417.05,4.0,187.0,100090.0
1990-03-23 09:00:00+00:00,29.09,51.8,112.3,180.48,53.2,405.25,3.38,190.0,100100.0
1990-03-23 10:00:00+00:00,27.55,56.95,6.35,10.08,5.4,400.0,2.48,183.0,100130.0
1990-03-23 11:00:00+00:00,25.72,64.7,0.0,0.0,0.0,395.2,1.86,177.0,100190.0
1990-03-23 12:00:00+00:00,24.66,69.05,0.0,0.0,0.0,394.4,1.52,169.0,100270.0
1990-03-23 13:00:00+00:00,23.84,71.35,0.0,0.0,0.0,394.0,1.31,157.0,100330.0
1990-03-23 14:00:00+00:00,23.08,76.15,0.0,0.0,0.0,390.55,1.03,141.0,100380.0
1990-03-23 15:00:00+00:00,22.53,81.4,0.0,0.0,0.0,397.9,0.83,129.0,100390.0
1990-03-23 16:00:00+00:00,21.77,81.4,0.0,0.0,0.0,384.15,0.69,134.0,100390.0
1990-03-23 17:00:00+00:00,21.1,86.95,0.0,0.0,0.0,373.3,0.76,136.0,100400.0
1990-03-23 18:00:00+00:00,21.15,86.95,0.0,0.0,0.0,367.5,0.48,122.0,100360.0
1990-03-23 19:00:00+00:00,20.25,92.95,0.0,0.0,0.0,369.65,0.55,96.0,100220.0
1990-03-23 20:00:00+00:00,19.67,96.1,0.0,0.0,0.0,374.3,0.83,328.0,100240.0
1990-03-23 21:00:00+00:00,19.44,96.1,0.0,0.0,0.0,363.45,0.9,329.0,100250.0
1990-03-23 22:00:00+00:00,19.17,96.1,0.0,0.0,0.0,363.05,0.97,309.0,100320.0
1990-03-23 23:00:00+00:00,19.97,92.95,189.35,638.7,87.65,359.75,0.69,270.0,100350.0
1990-03-24 00:00:00+00:00,22.49,81.4,404.9,721.89,122.05,361.1,1.1,235.0,100380.0
1990-03-24 01:00:00+00:00,25.37,64.7,616.6,802.64,139.5,369.35,1.93,220.0,100350.0
1990-03-24 02:00:00+00:00,28.31,48.25,784.75,833.22,153.85,383.0,3.24,223.0,100360.0
1990-03-24 03:00:00+00:00,30.51,42.6,820.2,724.49,190.6,393.85,4.07,234.0,100310.0
1990-03-24 04:00:00+00:00,31.85,38.8,821.65,653.02,219.35,402.9,4.55,246.0,100230.0
1990-03-24 05:00:00+00:00,32.87,37.65,846.1,743.17,167.25,419.95,4.69,254.0,100090.0
1990-03-24 06:00:00+00:00,33.53,37.75,415.25,202.85,244.25,420.55,5.1,266.0,99940.0
1990-03-24 07:00:00+00:00,29.56,48.5,271.25,168.0,151.0,437.55,3.72,262.0,100040.0
1990-03-24 08:00:00+00:00,26.22,69.3,214.9,171.43,122.25,433.1,3.45,291.0,100160.0
1990-03-24 09:00:00+00:00,26.12,64.8,88.75,120.22,49.2,399.65,3.1,309.0,100130.0
1990-03-24 10:00:00+00:00,25.59,64.7,4.25,5.74,3.7,401.95,2.97,324.0,100230.0
1990-03-24 11:00:00+00:00,24.23,69.05,0.0,0.0,0.0,400.2,2.69,316.0,100300.0
1990-03-24 12:00:00+00:00,23.47,73.7,0.0,0.0,0.0,394.2,2.28,327.0,100320.0
1990-03-24 13:00:00+00:00,22.86,76.15,0.0,0.0,0.0,385.1,1.59,313.0,100430.0
1990-03-24 14:00:00+00:00,22.42,81.4,0.0,0.0,0.0,390.35,1.17,303.0,100500.0
1990-03-24 15:00:00+00:00,21.65,84.1,0.0,0.0,0.0,381.45,1.03,304.0,100500.0
1990-03-24 16:00:00+00:00,21.2,86.95,0.0,0.0,0.0,386.1,1.1,313.0,100480.0
1990-03-24 17:00:00+00:00,20.5,89.9,0.0,0.0,0.0,371.95,1.31,321.0,100480.0
1990-03-24 18:00:00+00:00,20.19,89.9,0.0,0.0,0.0,377.2,1.38,333.0,100460.0
1990-03-24 19:00:00+00:00,19.38,96.1,0.0,0.0,0.0,369.85,1.1,343.0,100430.0
1990-03-24 20:00:00+00:00,18.98,96.1,0.0,0.0,0.0,364.8,1.03,344.0,100380.0
1990-03-24 21:00:00+00:00,19.07,96.1,0.0,0.0,0.0,368.65,0.9,55.0,100430.0
1990-03-24 22:00:00+00:00,19.08,92.9,0.0,0.0,0.0,378.95,1.93,93.0,100500.0
1990-03-24 23:00:00+00:00,19.17,86.8,85.35,171.88,57.3,396.95,2.69,95.0,100600.0
1990-03-25 00:00:00+00:00,19.61,81.1,174.75,110.58,131.0,399.05,3.31,91.0,100720.0
1990-03-25 01:00:00+00:00,20.18,73.2,295.75,153.67,203.85,400.7,3.72,90.0,100810.0
1990-03-25 02:00:00+00:00,21.03,63.9,382.3,216.24,217.85,403.1,4.21,91.0,100860.0
1990-03-25 03:00:00+00:00,21.74,57.75,471.25,232.96,268.1,401.55,4.41,94.0,100860.0
1990-03-25 04:00:00+00:00,22.49,57.75,590.9,307.35,306.6,399.05,4.55,98.0,100780.0
1990-03-25 05:00:00+00:00,23.93,54.2,578.9,309.07,295.85,393.85,4.69,106.0,100670.0
1990-03-25 06:00:00+00:00,23.82,52.35,557.0,393.94,224.1,399.45,4.76,108.0,100580.0
1990-03-25 07:00:00+00:00,23.93,52.35,261.25,116.71,177.5,403.7,5.03,109.0,100520.0
1990-03-25 08:00:00+00:00,22.2,55.8,201.65,129.04,131.7,406.6,4.9,110.0,100510.0
1990-03-25 09:00:00+00:00,21.16,59.6,84.5,95.16,53.05,402.95,4.76,110.0,100530.0
1990-03-25 10:00:00+00:00,19.88,63.7,4.9,8.74,4.05,388.2,4.21,108.0,100560.0
1990-03-25 11:00:00+00:00,18.77,70.55,0.0,0.0,0.0,382.0,3.93,105.0,100600.0
1990-03-25 12:00:00+00:00,18.01,72.9,0.0,0.0,0.0,369.65,3.93,101.0,100670.0
1990-03-25 13:00:00+00:00,17.49,75.4,0.0,0.0,0.0,362.65,3.79,97.0,100740.0
1990-03-25 14:00:00+00:00,17.16,75.3,0.0,0.0,0.0,366.95,3.72,93.0,100790.0
1990-03-25 15:00:00+00:00,16.97,72.7,0.0,0.0,0.0,381.05,3.59,88.0,100820.0
1990-03-25 16:00:00+00:00,16.88,70.2,0.0,0.0,0.0,391.7,3.38,85.0,100800.0
1990-03-25 17:00:00+00:00,16.77,67.75,0.0,0.0,0.0,389.4,3.24,89.0,100760.0
1990-03-25 18:00:00+00:00,16.66,67.75,0.0,0.0,0.0,390.95,3.1,91.0,100680.0
1990-03-25 19:00:00+00:00,16.61,72.65,0.0,0.0,0.0,391.3,2.69,91.0,100650.0
1990-03-25 20:00:00+00:00,16.57,72.65,0.0,0.0,0.0,389.75,2.48,93.0,100620.0
1990-03-25 21:00:00+00:00,16.58,72.65,0.0,0.0,0.0,390.55,2.21,94.0,100630.0
1990-03-25 22:00:00+00:00,16.68,72.7,0.0,0.0,0.0,390.15,1.79,90.0,100710.0
1990-03-25 23:00:00+00:00,16.8,72.7,76.2,58.33,66.45,389.0,1.59,97.0,100720.0
1990-03-26 00:00:00+00:00,17.44,72.8,146.05,19.15,138.4,392.65,1.79,107.0,100740.0
1990-03-26 01:00:00+00:00,18.35,70.45,245.55,64.16,206.95,396.65,2.0,111.0,100760.0
1990-03-26 02:00:00+00:00,19.56,68.2,330.65,68.74,278.15,401.2,2.21,115.0,100790.0
1990-03-26 03:00:00+00:00,20.69,66.05,361.25,81.88,289.6,405.25,2.28,120.0,100800.0
1990-03-26 04:00:00+00:00,21.64,66.25,316.9,73.95,248.3,407.2,2.55,122.0,100740.0
1990-03-26 05:00:00+00:00,21.92,64.1,313.9,36.16,280.7,413.2,2.76,126.0,100600.0
1990-03-26 06:00:00+00:00,22.24,66.35,197.45,11.86,187.4,413.75,2.69,125.0,100490.0
1990-03-26 07:00:00+00:00,21.06,68.5,129.4,5.77,125.25,409.7,2.69,108.0,100440.0
1990-03-26 08:00:00+00:00,21.02,70.9,77.75,17.11,68.45,410.65,2.83,106.0,100430.0
1990-03-26 09:00:00+00:00,20.69,73.3,45.05,24.25,37.0,409.7,3.38,109.0,100370.0
1990-03-26 10:00:00+00:00,20.23,73.3,2.2,0.0,2.2,409.1,3.03,110.0,100340.0
1990-03-26 11:00:00+00:00,19.59,81.1,0.0,0.0,0.0,407.2,1.66,98.0,100420.0
1990-03-26 12:00:00+00:00,18.91,86.8,0.0,0.0,0.0,404.85,1.86,326.0,100610.0
1990-03-26 13:00:00+00:00,18.82,89.8,0.0,0.0,0.0,403.3,0.62,121.0,100690.0
1990-03-26 14:00:00+00:00,18.95,89.8,0.0,0.0,0.0,401.75,1.52,147.0,100670.0
1990-03-26 15:00:00+00:00,18.7,89.8,0.0,0.0,0.0,398.45,0.83,142.0,100660.0
1990-03-26 16:00:00+00:00,18.57,92.85,0.0,0.0,0.0,396.95,0.55,10.0,100670.0
1990-03-26 17:00:00+00:00,18.43,96.1,0.0,0.0,0.0,390.75,0.41,350.0,100640.0
1990-03-26 18:00:00+00:00,18.4,92.85,0.0,0.0,0.0,382.0,0.07,55.0,100580.0
1990-03-26 19:00:00+00:00,17.59,96.05,0.0,0.0,0.0,371.2,0.21,253.0,100610.0
1990-03-26 20:00:00+00:00,17.24,96.05,0.0,0.0,0.0,370.4,0.62,235.0,100590.0
1990-03-26 21:00:00+00:00,17.42,96.05,0.0,0.0,0.0,383.4,0.41,240.0,100610.0
1990-03-26 22:00:00+00:00,17.58,96.05,0.0,0.0,0.0,388.0,0.34,262.0,100640.0
1990-03-26 23:00:00+00:00,17.95,92.85,78.95,83.57,64.65,392.1,0.69,309.0,100690.0
1990-03-27 00:00:00+00:00,18.48,89.75,243.5,202.25,161.95,388.8,1.86,339.0,100740.0
1990-03-27 01:00:00+00:00,19.71,78.45,355.0,233.92,213.45,397.8,2.34,348.0,100800.0
1990-03-27 02:00:00+00:00,20.97,73.35,430.95,201.23,276.6,401.4,2.41,347.0,100840.0
1990-03-27 03:00:00+00:00,22.1,68.7,537.55,316.25,259.9,401.0,2.21,345.0,100840.0
1990-03-27 04:00:00+00:00,23.44,64.3,629.35,336.96,315.9,396.35,1.79,342.0,100760.0
1990-03-27 05:00:00+00:00,24.67,62.35,476.6,211.11,282.3,402.35,1.24,328.0,100650.0
1990-03-27 06:00:00+00:00,24.87,60.35,341.2,146.05,217.2,409.7,0.83,320.0,100560.0
1990-03-27 07:00:00+00:00,23.68,64.3,317.05,199.29,173.35,405.45,0.76,326.0,100540.0
1990-03-27 08:00:00+00:00,23.78,62.25,217.95,175.26,122.4,401.95,0.41,4.0,100490.0
1990-03-27 09:00:00+00:00,23.22,64.3,85.2,78.58,59.0,406.0,0.9,109.0,100480.0
1990-03-27 10:00:00+00:00,22.15,71.05,4.85,4.99,4.35,404.65,1.59,120.0,100500.0
1990-03-27 11:00:00+00:00,20.73,75.95,0.0,0.0,0.0,398.3,1.93,119.0,100600.0
1990-03-27 12:00:00+00:00,19.75,81.15,0.0,0.0,0.0,400.0,2.0,116.0,100670.0
1990-03-27 13:00:00+00:00,19.14,86.8,0.0,0.0,0.0,397.5,1.93,112.0,100740.0
1990-03-27 14:00:00+00:00,18.77,83.85,0.0,0.0,0.0,395.2,1.72,112.0,100800.0
1990-03-27 15:00:00+00:00,18.41,86.75,0.0,0.0,0.0,386.3,1.52,121.0,100800.0
1990-03-27 16:00:00+00:00,17.92,89.75,0.0,0.0,0.0,367.1,1.03,136.0,100820.0
1990-03-27 17:00:00+00:00,17.62,92.85,0.0,0.0,0.0,369.05,0.83,144.0,100790.0
1990-03-27 18:00:00+00:00,17.41,92.85,0.0,0.0,0.0,373.3,0.69,134.0,100730.0
1990-03-27 19:00:00+00:00,17.81,86.7,0.0,0.0,0.0,390.15,0.9,102.0,100660.0
1990-03-27 20:00:00+00:00,17.86,86.7,0.0,0.0,0.0,393.25,0.62,95.0,100610.0
1990-03-27 21:00:00+00:00,17.86,86.7,0.0,0.0,0.0,390.55,0.62,106.0,100640.0
1990-03-27 22:00:00+00:00,17.75,86.7,0.0,0.0,0.0,383.95,0.55,127.0,100670.0
1990-03-27 23:00:00+00:00,17.93,86.7,87.8,95.12,71.15,387.85,1.03,132.0,100720.0
1990-03-28 00:00:00+00:00,18.51,83.8,213.75,147.44,153.75,388.4,1.66,116.0,100780.0
1990-03-28 01:00:00+00:00,19.47,78.35,424.35,358.67,206.05,391.25,2.0,110.0,100800.0
1990-03-28 02:00:00+00:00,21.14,70.9,607.95,531.71,198.4,384.75,2.55,111.0,100800.0
1990-03-28 03:00:00+00:00,22.52,68.7,718.2,504.19,274.1,382.0,2.48,117.0,100770.0
1990-03-28 04:00:00+00:00,24.07,64.4,631.4,377.0,279.75,387.25,2.69,131.0,100730.0
1990-03-28 05:00:00+00:00,24.37,62.35,499.65,232.23,285.4,405.25,3.1,135.0,100590.0
1990-03-28 06:00:00+00:00,23.88,64.4,301.4,84.55,229.45,406.8,3.31,130.0,100470.0
1990-03-28 07:00:00+00:00,21.32,73.45,282.85,150.26,174.25,409.9,2.21,114.0,100500.0
1990-03-28 08:00:00+00:00,20.92,75.95,190.95,76.09,149.35,391.9,3.03,120.0,100470.0
1990-03-28 09:00:00+00:00,20.36,78.5,63.2,29.42,53.35,400.6,3.1,116.0,100440.0
1990-03-28 10:00:00+00:00,19.64,83.9,2.65,0.49,2.6,398.45,2.21,105.0,100520.0
1990-03-28 11:00:00+00:00,19.16,86.8,0.0,0.0,0.0,401.75,1.66,102.0,100590.0
1990-03-28 12:00:00+00:00,18.68,86.8,0.0,0.0,0.0,403.7,0.9,109.0,100690.0
1990-03-28 13:00:00+00:00,18.63,89.75,0.0,0.0,0.0,403.1,0.48,63.0,100740.0
1990-03-28 14:00:00+00:00,18.55,89.75,0.0,0.0,0.0,400.6,0.41,48.0,100780.0
1990-03-28 15:00:00+00:00,18.39,89.75,0.0,0.0,0.0,399.05,0.28,153.0,100780.0
1990-03-28 16:00:00+00:00,18.12,92.85,0.0,0.0,0.0,392.3,1.17,99.0,100740.0
1990-03-28 17:00:00+00:00,17.96,92.85,0.0,0.0,0.0,396.15,1.24,119.0,100660.0
1990-03-28 18:00:00+00:00,17.79,92.85,0.0,0.0,0.0,394.6,0.28,203.0,100590.0
1990-03-28 19:00:00+00:00,17.38,92.85,0.0,0.0,0.0,394.6,0.69,47.0,100540.0
1990-03-28 20:00:00+00:00,17.55,96.05,0.0,0.0,0.0,398.45,0.83,329.0,100560.0
1990-03-28 21:00:00+00:00,17.62,96.05,0.0,0.0,0.0,398.65,0.55,323.0,100590.0
1990-03-28 22:00:00+00:00,17.73,92.85,0.0,0.0,0.0,399.65,0.28,358.0,100660.0
1990-03-28 23:00:00+00:00,17.83,92.85,55.65,15.65,52.85,391.7,0.34,57.0,100690.0
1990-03-29 00:00:00+00:00,18.45,89.75,78.05,5.97,75.6,400.2,0.34,126.0,100780.0
1990-03-29 01:00:00+00:00,18.9,86.8,161.25,34.96,139.85,399.95,0.28,125.0,100840.0
1990-03-29 02:00:00+00:00,19.71,81.15,187.4,29.67,164.45,399.65,0.07,46.0,100850.0
1990-03-29 03:00:00+00:00,20.66,81.2,401.25,117.02,297.85,407.95,0.55,335.0,100820.0
1990-03-29 04:00:00+00:00,22.2,76.1,405.5,69.98,340.05,409.7,0.83,344.0,100750.0
1990-03-29 05:00:00+00:00,23.37,71.25,386.0,135.07,261.1,413.4,0.62,12.0,100660.0
1990-03-29 06:00:00+00:00,23.72,68.85,199.85,12.96,188.8,414.35,0.83,68.0,100590.0
1990-03-29 07:00:00+00:00,21.88,73.55,149.25,26.99,129.7,415.1,2.28,116.0,100600.0
1990-03-29 08:00:00+00:00,21.07,78.55,117.2,20.61,105.9,412.2,2.76,117.0,100570.0
1990-03-29 09:00:00+00:00,20.39,78.5,29.65,4.61,28.1,407.2,2.76,117.0,100610.0
1990-03-29 10:00:00+00:00,19.44,83.9,1.4,0.0,1.4,406.6,2.76,115.0,100690.0
1990-03-29 11:00:00+00:00,18.63,86.75,0.0,0.0,0.0,404.1,2.62,109.0,100760.0
1990-03-29 12:00:00+00:00,18.07,86.7,0.0,0.0,0.0,401.75,2.55,99.0,100830.0
1990-03-29 13:00:00+00:00,17.75,83.75,0.0,0.0,0.0,398.45,2.62,89.0,100890.0
1990-03-29 14:00:00+00:00,17.55,86.65,0.0,0.0,0.0,396.35,2.28,89.0,100940.0
1990-03-29 15:00:00+00:00,17.38,83.7,0.0,0.0,0.0,394.8,2.14,92.0,100930.0
1990-03-29 16:00:00+00:00,17.19,80.85,0.0,0.0,0.0,393.25,2.07,94.0,100930.0
1990-03-29 17:00:00+00:00,16.99,80.8,0.0,0.0,0.0,392.65,1.93,98.0,100880.0
1990-03-29 18:00:00+00:00,16.8,78.0,0.0,0.0,0.0,390.55,1.72,106.0,100840.0
1990-03-29 19:00:00+00:00,16.65,83.6,0.0,0.0,0.0,390.75,1.59,100.0,100830.0
1990-03-29 20:00:00+00:00,16.46,80.75,0.0,0.0,0.0,386.85,1.66,91.0,100770.0
1990-03-29 21:00:00+00:00,16.39,77.95,0.0,0.0,0.0,384.95,1.59,89.0,100760.0
1990-03-29 22:00:00+00:00,16.31,77.95,0.0,0.0,0.0,377.55,1.24,89.0,100810.0
1990-03-29 23:00:00+00:00,16.51,77.95,135.95,259.19,88.55,381.45,1.45,89.0,100850.0
1990-03-30 00:00:00+00:00,17.29,70.3,367.95,522.72,151.35,373.5,2.07,89.0,100900.0
1990-03-30 01:00:00+00:00,18.59,68.05,395.05,285.2,219.5,364.5,2.55,93.0,100960.0
1990-03-30 02:00:00+00:00,19.21,65.85,537.95,346.8,268.65,367.1,2.76,102.0,100980.0
1990-03-30 03:00:00+00:00,19.92,65.95,553.2,238.09,342.15,372.55,2.9,107.0,100920.0
1990-03-30 04:00:00+00:00,20.13,70.7,554.25,215.0,352.65,379.5,3.1,115.0,100880.0
1990-03-30 05:00:00+00:00,20.26,70.8,419.8,141.77,288.4,379.9,3.17,115.0,100760.0
1990-03-30 06:00:00+00:00,20.16,73.2,397.1,102.5,309.5,378.35,3.31,114.0,100680.0
1990-03-30 07:00:00+00:00,20.35,70.8,297.75,119.29,211.15,395.55,3.79,103.0,100500.0
1990-03-30 08:00:00+00:00,20.27,70.8,147.8,30.29,131.15,388.8,3.59,102.0,100480.0
1990-03-30 09:00:00+00:00,19.6,75.7,65.95,30.8,55.55,394.2,2.97,102.0,100510.0
1990-03-30 10:00:00+00:00,18.94,78.3,2.3,0.0,2.3,388.8,2.28,100.0,100580.0
1990-03-30 11:00:00+00:00,18.24,83.8,0.0,0.0,0.0,398.45,1.72,94.0,100670.0
1990-03-30 12:00:00+00:00,17.79,89.75,0.0,0.0,0.0,399.45,1.52,87.0,100710.0
1990-03-30 13:00:00+00:00,17.63,92.85,0.0,0.0,0.0,397.9,1.24,85.0,100740.0
1990-03-30 14:00:00+00:00,17.53,92.85,0.0,0.0,0.0,397.5,0.69,102.0,100810.0
1990-03-30 15:00:00+00:00,17.6,92.85,0.0,0.0,0.0,398.65,0.69,115.0,100790.0
1990-03-30 16:00:00+00:00,17.49,92.85,0.0,0.0,0.0,396.75,0.62,112.0,100790.0
1990-03-30 17:00:00+00:00,17.51,92.85,0.0,0.0,0.0,398.3,0.21,277.0,100810.0
1990-03-30 18:00:00+00:00,17.55,96.05,0.0,0.0,0.0,397.5,0.62,276.0,100790.0
1990-03-30 19:00:00+00:00,17.43,96.05,0.0,0.0,0.0,397.1,0.07,147.0,100770.0
1990-03-30 20:00:00+00:00,17.46,96.05,0.0,0.0,0.0,397.1,0.14,134.0,100750.0
1990-03-30 21:00:00+00:00,17.51,96.05,0.0,0.0,0.0,397.3,0.14,174.0,100790.0
1990-03-30 22:00:00+00:00,17.55,96.05,0.0,0.0,0.0,397.9,0.21,162.0,100830.0
1990-03-30 23:00:00+00:00,17.66,96.05,44.85,7.23,43.5,398.1,0.28,165.0,100880.0
1990-03-31 00:00:00+00:00,18.08,92.85,101.05,50.95,79.75,397.3,0.41,95.0,100950.0
1990-03-31 01:00:00+00:00,18.75,86.8,120.1,13.65,111.65,400.7,0.76,70.0,101000.0
1990-03-31 02:00:00+00:00,19.18,83.9,215.45,29.12,192.75,402.55,0.62,80.0,101030.0
1990-03-31 03:00:00+00:00,20.01,81.15,287.9,48.98,244.35,403.1,0.76,82.0,101030.0
1990-03-31 04:00:00+00:00,20.89,75.95,347.85,59.04,292.35,405.65,1.31,84.0,100980.0
1990-03-31 05:00:00+00:00,21.82,71.05,434.85,104.8,337.5,407.75,1.93,92.0,100900.0
1990-03-31 06:00:00+00:00,22.45,71.05,180.15,10.22,171.4,410.1,2.48,98.0,100810.0
1990-03-31 07:00:00+00:00,21.37,71.0,178.7,11.2,170.55,410.1,2.34,108.0,100820.0
1990-03-31 08:00:00+00:00,21.17,73.35,136.05,30.12,119.45,404.45,2.48,106.0,100780.0
1990-03-31 09:00:00+00:00,20.76,70.9,55.95,8.41,53.1,401.4,2.62,105.0,100800.0
1990-03-31 10:00:00+00:00,20.03,75.75,4.1,0.0,4.1,391.1,2.07,109.0,100820.0
1990-03-31 11:00:00+00:00,19.25,78.35,0.0,0.0,0.0,383.75,2.14,105.0,100880.0
1990-03-31 12:00:00+00:00,18.82,78.3,0.0,0.0,0.0,384.35,2.21,99.0,100910.0
1990-03-31 13:00:00+00:00,18.46,78.25,0.0,0.0,0.0,379.3,2.21,91.0,100960.0
1990-03-31 14:00:00+00:00,18.08,78.15,0.0,0.0,0.0,371.4,2.14,86.0,101000.0
1990-03-31 15:00:00+00:00,17.52,80.85,0.0,0.0,0.0,355.7,2.07,82.0,100980.0
1990-03-31 16:00:00+00:00,14.4,91.07,0.0,0.0,0.0,351.74,0.9,87.0,100960.0
1990-03-31 17:00:00+00:00,14.99,89.38,0.0,0.0,0.0,354.26,0.97,107.0,100970.0
1990-03-31 18:00:00+00:00,15.58,87.7,0.0,0.0,0.0,356.78,1.04,132.0,100940.0
1990-03-31 19:00:00+00:00,16.16,86.02,0.0,0.0,0.0,359.3,1.11,113.0,100920.0
1990-03-31 20:00:00+00:00,16.75,84.34,0.0,0.0,0.0,361.81,1.18,136.0,100910.0
1990-03-31 21:00:00+00:00,17.34,82.66,0.0,0.0,0.0,364.33,1.25,148.0,100950.0
1990-03-31 22:00:00+00:00,17.92,80.98,0.0,0.0,0.0,366.85,1.32,140.0,100960.0
1990-03-31 23:00:00+00:00,18.51,79.3,172.1,466.6,83.15,369.37,1.39,128.0,100980.0
1990-04-01 00:00:00+00:00,19.1,77.62,325.85,470.52,127.45,371.88,1.46,102.0,101040.0
1990-04-01 01:00:00+00:00,19.69,75.93,452.15,408.59,197.9,374.4,1.53,96.0,101090.0
1990-04-01 02:00:00+00:00,20.27,74.25,531.95,411.5,209.9,376.92,1.6,99.0,101100.0
1990-04-01 03:00:00+00:00,20.86,72.57,588.95,421.05,213.45,379.44,1.67,102.0,101050.0
1990-04-01 04:00:00+00:00,21.45,70.89,768.8,594.61,208.45,381.95,1.74,105.0,100980.0
1990-04-01 05:00:00+00:00,22.03,69.21,683.3,481.36,235.2,384.47,1.81,113.0,100880.0
1990-04-01 06:00:00+00:00,22.62,67.53,530.3,369.81,212.95,386.99,1.88,126.0,100780.0
1990-04-01 07:00:00+00:00,23.21,65.85,385.2,276.94,183.3,389.51,1.95,131.0,100660.0
1990-04-01 08:00:00+00:00,23.5,68.85,232.3,225.63,107.65,404.65,2.14,134.0,100660.0
1990-04-01 09:00:00+00:00,22.65,71.05,112.65,135.45,66.55,402.55,2.28,130.0,100660.0
1990-04-01 10:00:00+00:00,21.5,73.45,6.75,11.19,5.55,382.8,1.79,134.0,100670.0
1990-04-01 11:00:00+00:00,20.22,78.5,0.0,0.0,0.0,382.6,1.52,143.0,100730.0
1990-04-01 12:00:00+00:00,19.49,83.9,0.0,0.0,0.0,384.15,1.17,140.0,100780.0
1990-04-01 13:00:00+00:00,18.98,86.8,0.0,0.0,0.0,379.5,0.76,118.0,100840.0
1990-04-01 14:00:00+00:00,18.66,92.85,0.0,0.0,0.0,384.35,0.34,84.0,100920.0
1990-04-01 15:00:00+00:00,18.36,89.75,0.0,0.0,0.0,377.2,0.41,56.0,100910.0
1990-04-01 16:00:00+00:00,18.23,89.75,0.0,0.0,0.0,378.15,0.34,36.0,100880.0
1990-04-01 17:00:00+00:00,18.05,92.85,0.0,0.0,0.0,368.1,0.21,32.0,100840.0
1990-04-01 18:00:00+00:00,17.91,92.85,0.0,0.0,0.0,374.85,0.14,283.0,100790.0
1990-04-01 19:00:00+00:00,17.63,96.05,0.0,0.0,0.0,371.4,0.21,331.0,100750.0
1990-04-01 20:00:00+00:00,17.67,92.85,0.0,0.0,0.0,369.65,0.21,320.0,100750.0
1990-04-01 21:00:00+00:00,17.75,92.85,0.0,0.0,0.0,379.3,0.14,353.0,100730.0
1990-04-01 22:00:00+00:00,17.91,96.05,0.0,0.0,0.0,390.35,0.14,167.0,100760.0
1990-04-01 23:00:00+00:00,18.5,92.85,92.05,70.96,78.25,396.15,0.41,135.0,100790.0
1990-04-02 00:00:00+00:00,19.51,86.85,237.65,165.31,167.35,404.1,0.69,132.0,100850.0
1990-04-02 01:00:00+00:00,20.94,78.55,422.9,339.69,210.4,406.3,0.69,123.0,100900.0
1990-04-02 02:00:00+00:00,22.4,78.7,591.75,383.85,290.2,399.65,0.55,113.0,100910.0
1990-04-02 03:00:00+00:00,24.01,73.75,650.3,356.65,331.3,399.45,0.62,127.0,100890.0
1990-04-02 04:00:00+00:00,25.35,69.25,647.85,332.71,333.55,404.3,0.69,137.0,100800.0
1990-04-02 05:00:00+00:00,26.24,67.05,432.45,178.97,265.5,416.1,0.69,145.0,100710.0
1990-04-02 06:00:00+00:00,25.9,67.05,381.3,70.25,320.9,424.6,1.66,138.0,100600.0
1990-04-02 07:00:00+00:00,24.69,71.4,223.75,42.5,192.7,420.35,3.17,127.0,100570.0
1990-04-02 08:00:00+00:00,23.38,76.2,104.9,13.36,97.5,410.45,2.76,121.0,100590.0
1990-04-02 09:00:00+00:00,21.92,81.4,35.35,10.1,31.9,406.0,2.48,111.0,100640.0
1990-04-02 10:00:00+00:00,20.61,86.9,2.0,0.0,2.0,407.4,2.69,107.0,100670.0
1990-04-02 11:00:00+00:00,19.65,89.85,0.0,0.0,0.0,407.55,2.62,106.0,100700.0
1990-04-02 12:00:00+00:00,19.05,89.8,0.0,0.0,0.0,403.9,2.83,99.0,100720.0
1990-04-02 13:00:00+00:00,18.5,89.75,0.0,0.0,0.0,395.2,3.24,96.0,100750.0
1990-04-02 14:00:00+00:00,17.91,89.75,0.0,0.0,0.0,386.85,3.1,92.0,100820.0
1990-04-02 15:00:00+00:00,17.38,89.7,0.0,0.0,0.0,383.95,2.76,84.0,100850.0
1990-04-02 16:00:00+00:00,16.9,89.65,0.0,0.0,0.0,374.85,2.41,83.0,100840.0
1990-04-02 17:00:00+00:00,16.62,86.55,0.0,0.0,0.0,366.15,2.0,82.0,100830.0
1990-04-02 18:00:00+00:00,16.54,83.6,0.0,0.0,0.0,364.0,1.72,83.0,100760.0
1990-04-02 19:00:00+00:00,17.05,80.8,0.0,0.0,0.0,381.65,1.93,82.0,100740.0
1990-04-02 20:00:00+00:00,16.93,78.0,0.0,0.0,0.0,373.1,1.79,85.0,100690.0
1990-04-02 21:00:00+00:00,16.73,78.0,0.0,0.0,0.0,365.2,1.72,89.0,100670.0
1990-04-02 22:00:00+00:00,16.81,75.3,0.0,0.0,0.0,379.3,1.86,91.0,100670.0
1990-04-02 23:00:00+00:00,16.97,78.0,121.05,184.57,84.45,379.5,1.79,94.0,100720.0
1990-04-03 00:00:00+00:00,17.62,72.8,256.65,234.14,156.25,384.35,2.41,84.0,100770.0
1990-04-03 01:00:00+00:00,18.45,70.45,389.8,209.68,257.95,379.05,2.69,84.0,100810.0
1990-04-03 02:00:00+00:00,19.54,68.2,478.6,285.98,253.1,385.9,2.83,88.0,100820.0
1990-04-03 03:00:00+00:00,20.41,66.05,538.95,242.64,321.3,384.95,2.83,94.0,100770.0
1990-04-03 04:00:00+00:00,21.04,66.15,558.55,229.17,341.55,391.5,2.83,97.0,100680.0
1990-04-03 05:00:00+00:00,21.43,66.25,535.55,267.29,285.7,397.5,3.1,103.0,100570.0
1990-04-03 06:00:00+00:00,21.37,66.25,254.0,54.85,206.75,398.85,3.31,108.0,100490.0
1990-04-03 07:00:00+00:00,20.51,73.3,145.15,5.4,141.2,397.7,2.48,116.0,100430.0
1990-04-03 08:00:00+00:00,19.48,83.9,70.6,2.16,69.4,402.55,2.41,122.0,100400.0
1990-04-03 09:00:00+00:00,18.63,83.8,48.05,2.48,47.2,402.55,2.21,122.0,100400.0
1990-04-03 10:00:00+00:00,18.29,83.8,3.3,0.91,3.2,400.0,1.79,108.0,100430.0
1990-04-03 11:00:00+00:00,17.91,86.7,0.0,0.0,0.0,397.5,1.45,108.0,100450.0
1990-04-03 12:00:00+00:00,17.79,86.7,0.0,0.0,0.0,398.3,1.24,103.0,100490.0
1990-04-03 13:00:00+00:00,17.68,86.7,0.0,0.0,0.0,397.3,0.97,105.0,100540.0
1990-04-03 14:00:00+00:00,17.51,89.7,0.0,0.0,0.0,393.25,0.76,120.0,100590.0
1990-04-03 15:00:00+00:00,17.4,89.7,0.0,0.0,0.0,396.15,0.76,105.0,100540.0
1990-04-03 16:00:00+00:00,17.31,89.7,0.0,0.0,0.0,395.95,0.69,77.0,100530.0
1990-04-03 17:00:00+00:00,17.25,89.7,0.0,0.0,0.0,395.75,0.48,55.0,100470.0
1990-04-03 18:00:00+00:00,17.19,89.7,0.0,0.0,0.0,396.15,0.21,9.0,100400.0
1990-04-03 19:00:00+00:00,17.1,92.8,0.0,0.0,0.0,396.35,0.48,82.0,100360.0
1990-04-03 20:00:00+00:00,17.08,92.8,0.0,0.0,0.0,395.55,0.41,76.0,100330.0
1990-04-03 21:00:00+00:00,17.07,92.8,0.0,0.0,0.0,395.95,0.69,108.0,100320.0
1990-04-03 22:00:00+00:00,17.1,92.8,0.0,0.0,0.0,396.75,0.76,104.0,100340.0
1990-04-03 23:00:00+00:00,17.16,92.8,49.25,9.65,47.3,397.1,0.76,103.0,100380.0
1990-04-04 00:00:00+00:00,17.51,89.7,105.7,25.1,94.85,396.15,0.97,95.0,100430.0
1990-04-04 01:00:00+00:00,17.95,89.75,116.5,12.18,108.8,397.8,1.17,90.0,100460.0
1990-04-04 02:00:00+00:00,18.27,86.75,202.0,35.57,173.85,398.85,1.24,82.0,100440.0
1990-04-04 03:00:00+00:00,18.89,86.8,285.3,78.32,214.85,401.2,1.24,90.0,100410.0
1990-04-04 04:00:00+00:00,19.62,86.85,271.95,88.51,187.95,401.95,1.24,95.0,100300.0
1990-04-04 05:00:00+00:00,19.95,86.85,197.95,13.45,185.35,405.65,1.1,100.0,100180.0
1990-04-04 06:00:00+00:00,20.19,89.85,113.4,13.79,101.5,408.9,1.1,110.0,100090.0
1990-04-04 07:00:00+00:00,19.56,83.9,109.8,7.09,104.6,404.85,2.28,96.0,100060.0
1990-04-04 08:00:00+00:00,19.53,83.9,54.05,8.18,49.5,406.0,2.21,98.0,100010.0
1990-04-04 09:00:00+00:00,19.35,83.9,28.55,3.34,27.4,406.0,2.21,99.0,100020.0
1990-04-04 10:00:00+00:00,19.18,86.8,2.0,0.45,1.95,403.7,1.86,95.0,100050.0
1990-04-04 11:00:00+00:00,18.77,89.8,0.0,0.0,0.0,405.65,1.52,86.0,100060.0
1990-04-04 12:00:00+00:00,18.63,92.85,0.0,0.0,0.0,404.65,1.31,84.0,100090.0
1990-04-04 13:00:00+00:00,18.59,92.85,0.0,0.0,0.0,404.85,1.17,83.0,100140.0
1990-04-04 14:00:00+00:00,18.55,92.85,0.0,0.0,0.0,404.65,1.03,81.0,100160.0
1990-04-04 15:00:00+00:00,18.53,92.85,0.0,0.0,0.0,401.55,0.97,80.0,100150.0
1990-04-04 16:00:00+00:00,18.55,92.85,0.0,0.0,0.0,405.65,0.62,56.0,100140.0
1990-04-04 17:00:00+00:00,18.63,92.85,0.0,0.0,0.0,406.4,0.48,80.0,100090.0
1990-04-04 18:00:00+00:00,18.57,92.85,0.0,0.0,0.0,404.65,0.62,86.0,100040.0
1990-04-04 19:00:00+00:00,18.39,92.85,0.0,0.0,0.0,405.25,0.9,74.0,99950.0
1990-04-04 20:00:00+00:00,18.28,92.85,0.0,0.0,0.0,397.9,0.83,49.0,99900.0
1990-04-04 21:00:00+00:00,18.26,92.85,0.0,0.0,0.0,400.2,0.83,58.0,99870.0
1990-04-04 22:00:00+00:00,18.33,96.1,0.0,0.0,0.0,403.5,0.69,71.0,99900.0
1990-04-04 23:00:00+00:00,18.58,96.1,46.65,28.18,40.85,405.25,0.76,88.0,99940.0
1990-04-05 00:00:00+00:00,19.09,92.9,73.45,12.39,68.05,405.45,1.1,94.0,99960.0
1990-04-05 01:00:00+00:00,19.56,92.9,121.3,5.59,117.75,407.7,1.45,101.0,100000.0
1990-04-05 02:00:00+00:00,20.11,92.95,130.1,7.24,124.35,411.85,1.79,113.0,99980.0
1990-04-05 03:00:00+00:00,20.46,89.9,133.05,7.59,126.2,413.55,1.24,124.0,99950.0
1990-04-05 04:00:00+00:00,20.76,89.95,75.7,2.52,73.3,415.9,0.83,102.0,99890.0
1990-04-05 05:00:00+00:00,20.8,93.0,81.35,1.28,80.15,417.45,1.31,74.0,99740.0
1990-04-05 06:00:00+00:00,21.07,96.15,224.95,44.12,186.8,418.0,1.45,69.0,99630.0
1990-04-05 07:00:00+00:00,22.81,96.15,173.15,50.15,136.3,425.0,2.0,116.0,99430.0
1990-04-05 08:00:00+00:00,23.03,99.4,76.3,28.42,60.45,428.45,1.1,163.0,99420.0
1990-04-05 09:00:00+00:00,22.75,99.4,20.35,0.58,20.15,428.85,0.83,219.0,99440.0
1990-04-05 10:00:00+00:00,22.32,99.4,1.25,0.0,1.25,431.0,1.79,275.0,99540.0
1990-04-05 11:00:00+00:00,21.72,96.15,0.0,0.0,0.0,428.45,1.1,313.0,99580.0
1990-04-05 12:00:00+00:00,21.52,96.15,0.0,0.0,0.0,424.0,0.83,316.0,99610.0
1990-04-05 13:00:00+00:00,21.1,96.15,0.0,0.0,0.0,409.9,1.38,302.0,99710.0
1990-04-05 14:00:00+00:00,20.84,96.15,0.0,0.0,0.0,410.3,1.24,278.0,99790.0
1990-04-05 15:00:00+00:00,20.68,96.15,0.0,0.0,0.0,409.9,1.17,262.0,99760.0
1990-04-05 16:00:00+00:00,20.49,96.15,0.0,0.0,0.0,407.55,1.38,313.0,99720.0
1990-04-05 17:00:00+00:00,20.26,96.15,0.0,0.0,0.0,408.15,1.52,300.0,99720.0
1990-04-05 18:00:00+00:00,20.19,96.15,0.0,0.0,0.0,403.7,1.79,308.0,99690.0
1990-04-05 19:00:00+00:00,21.0,96.15,0.0,0.0,0.0,418.2,1.72,334.0,99660.0
1990-04-05 20:00:00+00:00,21.27,93.0,0.0,0.0,0.0,417.85,2.76,335.0,99620.0
1990-04-05 21:00:00+00:00,21.11,89.95,0.0,0.0,0.0,403.5,3.38,329.0,99640.0
1990-04-05 22:00:00+00:00,20.28,84.05,0.0,0.0,0.0,398.65,4.07,329.0,99760.0
1990-04-05 23:00:00+00:00,19.04,86.8,154.25,357.63,79.3,387.65,4.83,334.0,99880.0
1990-04-06 00:00:00+00:00,18.48,78.25,376.65,544.94,137.3,377.2,5.59,337.0,100000.0
1990-04-06 01:00:00+00:00,18.9,70.55,577.2,645.06,165.45,358.5,6.21,338.0,100110.0
1990-04-06 02:00:00+00:00,19.6,68.2,575.4,445.38,220.45,356.1,6.48,338.0,100210.0
1990-04-06 03:00:00+00:00,19.59,65.85,378.9,201.35,196.8,375.45,6.55,337.0,100250.0
1990-04-06 04:00:00+00:00,18.53,65.65,237.75,79.89,161.6,384.75,6.34,336.0,100250.0
1990-04-06 05:00:00+00:00,17.38,67.85,108.35,0.48,107.9,387.85,5.86,333.0,100220.0
1990-04-06 06:00:00+00:00,16.35,72.65,193.7,8.37,186.45,384.75,5.03,332.0,100160.0
1990-04-06 07:00:00+00:00,17.41,65.45,172.15,53.32,132.9,389.4,5.66,335.0,100210.0
1990-04-06 08:00:00+00:00,17.21,63.2,153.65,128.98,81.55,371.95,5.38,336.0,100190.0
1990-04-06 09:00:00+00:00,17.17,60.95,54.65,13.41,50.0,371.2,5.17,338.0,100230.0
1990-04-06 10:00:00+00:00,16.85,60.85,5.85,10.95,4.6,378.75,4.62,340.0,100310.0
1990-04-06 11:00:00+00:00,16.24,60.75,0.0,0.0,0.0,356.1,4.21,345.0,100380.0
1990-04-06 12:00:00+00:00,15.79,60.65,0.0,0.0,0.0,345.85,3.52,350.0,100470.0
1990-04-06 13:00:00+00:00,15.46,60.5,0.0,0.0,0.0,339.65,2.97,353.0,100550.0
1990-04-06 14:00:00+00:00,14.97,60.4,0.0,0.0,0.0,326.1,2.48,352.0,100620.0
1990-04-06 15:00:00+00:00,14.57,62.55,0.0,0.0,0.0,328.0,2.07,349.0,100650.0
1990-04-06 16:00:00+00:00,14.17,62.55,0.0,0.0,0.0,330.75,1.93,343.0,100640.0
1990-04-06 17:00:00+00:00,13.82,64.75,0.0,0.0,0.0,334.2,1.79,340.0,100600.0
1990-04-06 18:00:00+00:00,13.22,67.05,0.0,0.0,0.0,322.2,1.72,334.0,100540.0
1990-04-06 19:00:00+00:00,13.19,62.3,0.0,0.0,0.0,330.35,1.86,334.0,100550.0
1990-04-06 20:00:00+00:00,12.66,64.55,0.0,0.0,0.0,321.65,1.86,329.0,100550.0
1990-04-06 21:00:00+00:00,11.98,69.25,0.0,0.0,0.0,309.25,1.79,328.0,100600.0
1990-04-06 22:00:00+00:00,11.68,71.85,0.0,0.0,0.0,317.4,1.59,326.0,100660.0
1990-04-06 23:00:00+00:00,12.16,74.6,238.1,673.8,94.4,311.55,1.31,328.0,100720.0
1990-04-07 00:00:00+00:00,14.18,62.55,451.55,753.71,117.95,312.95,1.31,345.0,100800.0
1990-04-07 01:00:00+00:00,16.06,58.45,682.5,834.15,147.5,318.25,1.45,32.0,100830.0
1990-04-07 02:00:00+00:00,17.75,51.0,832.8,821.96,175.5,315.05,2.48,70.0,100860.0
1990-04-07 03:00:00+00:00,18.99,49.45,896.5,773.72,194.95,327.45,2.62,80.0,100850.0
1990-04-07 04:00:00+00:00,19.88,47.9,937.55,777.25,195.1,330.55,2.62,87.0,100780.0
1990-04-07 05:00:00+00:00,20.59,48.05,856.5,699.09,198.05,334.8,2.62,93.0,100710.0
1990-04-07 06:00:00+00:00,20.97,48.2,750.5,607.44,223.5,346.2,2.62,100.0,100620.0
1990-04-07 07:00:00+00:00,20.72,46.5,370.75,250.41,186.1,346.8,2.83,104.0,100540.0
1990-04-07 08:00:00+00:00,19.78,47.9,205.35,155.66,118.15,369.25,3.03,108.0,100520.0
1990-04-07 09:00:00+00:00,18.81,53.15,120.85,166.19,63.0,367.1,2.83,114.0,100530.0
1990-04-07 10:00:00+00:00,17.79,56.85,9.55,18.18,7.45,342.95,2.69,114.0,100580.0
1990-04-07 11:00:00+00:00,16.7,60.85,0.0,0.0,0.0,340.4,2.55,111.0,100630.0
1990-04-07 12:00:00+00:00,16.02,67.55,0.0,0.0,0.0,336.35,2.41,102.0,100710.0
1990-04-07 13:00:00+00:00,15.71,67.55,0.0,0.0,0.0,344.85,2.41,96.0,100790.0
1990-04-07 14:00:00+00:00,15.56,69.9,0.0,0.0,0.0,353.4,2.14,89.0,100850.0
1990-04-07 15:00:00+00:00,15.15,69.9,0.0,0.0,0.0,343.9,1.86,80.0,100870.0
1990-04-07 16:00:00+00:00,14.63,74.95,0.0,0.0,0.0,334.6,1.59,66.0,100870.0
1990-04-07 17:00:00+00:00,14.16,77.65,0.0,0.0,0.0,336.75,1.24,53.0,100850.0
1990-04-07 18:00:00+00:00,13.94,80.4,0.0,0.0,0.0,345.25,0.97,34.0,100800.0
1990-04-07 19:00:00+00:00,13.51,83.25,0.0,0.0,0.0,336.95,0.97,42.0,100740.0
1990-04-07 20:00:00+00:00,13.61,83.25,0.0,0.0,0.0,352.0,0.9,25.0,100710.0
1990-04-07 21:00:00+00:00,14.04,77.6,0.0,0.0,0.0,366.95,0.69,16.0,100730.0
1990-04-07 22:00:00+00:00,13.98,83.35,0.0,0.0,0.0,359.95,0.62,20.0,100760.0
1990-04-07 23:00:00+00:00,14.63,69.75,85.95,81.83,68.2,363.45,0.28,40.0,100810.0
1990-04-08 00:00:00+00:00,15.39,62.75,177.65,76.24,143.65,372.35,0.55,38.0,100870.0
1990-04-08 01:00:00+00:00,16.26,58.6,201.5,60.6,162.45,372.45,0.9,41.0,100920.0
1990-04-08 02:00:00+00:00,16.74,56.6,260.65,38.2,230.0,383.55,0.83,57.0,100920.0
1990-04-08 03:00:00+00:00,17.43,56.75,251.05,34.54,219.65,388.6,1.17,63.0,100890.0
1990-04-08 04:00:00+00:00,17.9,58.9,330.05,61.64,271.05,391.7,1.31,64.0,100810.0
1990-04-08 05:00:00+00:00,18.54,61.2,371.9,102.38,275.3,393.65,1.24,68.0,100740.0
1990-04-08 06:00:00+00:00,19.18,61.3,488.4,287.4,238.65,395.2,1.1,65.0,100660.0
1990-04-08 07:00:00+00:00,21.18,63.9,295.3,172.81,167.65,389.55,1.86,123.0,100540.0
1990-04-08 08:00:00+00:00,20.81,63.9,109.5,13.36,102.0,399.25,1.86,124.0,100530.0
1990-04-08 09:00:00+00:00,20.16,68.3,33.3,4.72,31.65,403.3,1.79,116.0,100570.0
1990-04-08 10:00:00+00:00,19.45,70.65,2.0,1.28,1.85,402.35,1.45,110.0,100600.0
1990-04-08 11:00:00+00:00,18.84,73.05,0.0,0.0,0.0,400.2,1.1,97.0,100670.0
1990-04-08 12:00:00+00:00,18.5,75.55,0.0,0.0,0.0,398.65,0.83,75.0,100760.0
1990-04-08 13:00:00+00:00,18.31,78.25,0.0,0.0,0.0,399.45,0.55,65.0,100850.0
1990-04-08 14:00:00+00:00,18.14,86.7,0.0,0.0,0.0,399.65,0.34,83.0,100900.0
1990-04-08 15:00:00+00:00,18.06,83.75,0.0,0.0,0.0,398.85,0.14,46.0,100920.0
1990-04-08 16:00:00+00:00,17.99,83.75,0.0,0.0,0.0,400.2,0.34,338.0,100900.0
1990-04-08 17:00:00+00:00,17.9,83.75,0.0,0.0,0.0,399.45,0.62,346.0,100850.0
1990-04-08 18:00:00+00:00,17.85,83.75,0.0,0.0,0.0,400.4,0.69,351.0,100810.0
1990-04-08 19:00:00+00:00,17.46,86.65,0.0,0.0,0.0,398.65,0.9,337.0,100790.0
1990-04-08 20:00:00+00:00,17.36,86.65,0.0,0.0,0.0,398.45,0.76,349.0,100760.0
1990-04-08 21:00:00+00:00,17.3,86.65,0.0,0.0,0.0,398.1,0.69,351.0,100770.0
1990-04-08 22:00:00+00:00,17.17,89.7,0.0,0.0,0.0,394.8,0.34,0.0,100790.0
1990-04-08 23:00:00+00:00,17.42,89.7,52.6,13.6,49.6,397.5,0.28,276.0,100850.0
1990-04-09 00:00:00+00:00,17.94,86.7,84.85,3.01,83.5,398.65,0.55,315.0,100920.0
1990-04-09 01:00:00+00:00,18.53,86.75,136.9,13.44,128.2,400.3,0.9,334.0,100970.0
1990-04-09 02:00:00+00:00,19.17,86.8,237.15,59.7,189.1,401.2,0.76,340.0,100990.0
1990-04-09 03:00:00+00:00,20.2,78.5,193.75,21.34,174.3,404.45,0.62,63.0,100980.0
1990-04-09 04:00:00+00:00,20.53,78.5,251.6,45.88,207.6,404.85,1.03,86.0,100930.0
1990-04-09 05:00:00+00:00,21.11,75.95,262.75,50.68,214.85,406.8,2.0,85.0,100840.0
1990-04-09 06:00:00+00:00,21.37,73.45,224.9,41.25,189.0,408.9,2.34,84.0,100750.0
1990-04-09 07:00:00+00:00,19.83,81.15,135.45,15.75,123.8,401.55,1.93,63.0,100780.0
1990-04-09 08:00:00+00:00,19.57,83.9,87.85,21.15,75.95,402.35,1.79,77.0,100740.0
1990-04-09 09:00:00+00:00,19.24,83.9,36.9,5.99,34.8,401.4,1.72,89.0,100750.0
1990-04-09 10:00:00+00:00,18.77,86.8,2.8,0.0,2.8,399.65,1.59,84.0,100800.0
1990-04-09 11:00:00+00:00,18.28,86.75,0.0,0.0,0.0,397.7,1.38,74.0,100900.0
1990-04-09 12:00:00+00:00,17.81,89.75,0.0,0.0,0.0,396.35,1.45,81.0,101010.0
1990-04-09 13:00:00+00:00,17.5,92.85,0.0,0.0,0.0,393.65,1.66,93.0,101100.0
1990-04-09 14:00:00+00:00,17.26,89.7,0.0,0.0,0.0,394.2,1.79,98.0,101180.0
1990-04-09 15:00:00+00:00,17.07,89.65,0.0,0.0,0.0,391.5,1.59,96.0,101190.0
1990-04-09 16:00:00+00:00,16.82,86.6,0.0,0.0,0.0,390.15,1.45,96.0,101180.0
1990-04-09 17:00:00+00:00,16.44,89.65,0.0,0.0,0.0,390.55,1.24,100.0,101140.0
1990-04-09 18:00:00+00:00,16.28,86.55,0.0,0.0,0.0,389.55,1.1,100.0,101100.0
1990-04-09 19:00:00+00:00,16.34,86.55,0.0,0.0,0.0,389.95,1.17,103.0,101090.0
1990-04-09 20:00:00+00:00,16.17,86.55,0.0,0.0,0.0,388.4,1.31,110.0,101090.0
1990-04-09 21:00:00+00:00,15.98,86.5,0.0,0.0,0.0,387.45,1.38,111.0,101100.0
1990-04-09 22:00:00+00:00,15.85,86.5,0.0,0.0,0.0,386.1,1.24,110.0,101160.0
1990-04-09 23:00:00+00:00,15.95,86.5,190.7,364.76,108.95,367.1,1.03,89.0,101200.0
1990-04-10 00:00:00+00:00,17.02,75.3,389.05,549.97,140.2,354.15,1.59,67.0,101260.0
1990-04-10 01:00:00+00:00,18.5,65.65,519.1,480.36,206.75,360.25,2.62,52.0,101280.0
1990-04-10 02:00:00+00:00,19.67,61.4,659.5,493.58,260.95,353.95,2.69,51.0,101290.0
1990-04-10 03:00:00+00:00,20.94,57.55,615.5,307.41,334.7,368.3,2.55,51.0,101280.0
1990-04-10 04:00:00+00:00,21.73,55.8,773.15,500.41,292.3,391.7,2.34,54.0,101210.0
1990-04-10 05:00:00+00:00,22.92,55.9,744.8,527.94,245.0,380.3,2.34,60.0,101090.0
1990-04-10 06:00:00+00:00,23.74,54.2,437.3,144.2,311.6,389.4,2.28,72.0,100960.0
1990-04-10 07:00:00+00:00,21.94,57.75,266.25,66.25,217.15,398.3,1.93,71.0,100970.0
1990-04-10 08:00:00+00:00,21.58,59.7,150.6,65.36,113.75,398.85,2.07,110.0,100940.0
1990-04-10 09:00:00+00:00,20.73,61.7,54.9,32.83,43.35,396.35,2.48,125.0,100960.0
1990-04-10 10:00:00+00:00,19.3,68.2,7.9,5.43,7.25,388.8,2.41,115.0,100980.0
1990-04-10 11:00:00+00:00,18.16,75.45,0.0,0.0,0.0,373.5,1.93,92.0,101050.0
1990-04-10 12:00:00+00:00,17.84,72.9,0.0,0.0,0.0,382.8,1.93,84.0,101120.0
1990-04-10 13:00:00+00:00,17.66,72.8,0.0,0.0,0.0,388.2,1.86,86.0,101190.0
1990-04-10 14:00:00+00:00,17.44,70.3,0.0,0.0,0.0,385.7,1.38,84.0,101200.0
1990-04-10 15:00:00+00:00,17.31,70.3,0.0,0.0,0.0,387.65,0.9,96.0,101190.0
1990-04-10 16:00:00+00:00,16.99,75.3,0.0,0.0,0.0,384.15,0.62,119.0,101180.0
1990-04-10 17:00:00+00:00,16.72,80.8,0.0,0.0,0.0,380.1,0.48,132.0,101170.0
1990-04-10 18:00:00+00:00,16.52,83.6,0.0,0.0,0.0,377.0,0.48,130.0,101100.0
1990-04-10 19:00:00+00:00,16.44,80.75,0.0,0.0,0.0,381.65,0.34,17.0,101050.0
1990-04-10 20:00:00+00:00,16.46,77.95,0.0,0.0,0.0,380.3,0.69,71.0,101030.0
1990-04-10 21:00:00+00:00,16.56,75.25,0.0,0.0,0.0,385.1,0.83,88.0,101030.0
1990-04-10 22:00:00+00:00,16.43,75.25,0.0,0.0,0.0,380.85,0.76,92.0,101070.0
1990-04-10 23:00:00+00:00,16.66,70.2,67.2,13.4,64.15,385.7,0.34,96.0,101140.0
1990-04-11 00:00:00+00:00,16.91,70.2,119.55,17.78,111.45,384.35,0.07,89.0,101270.0
1990-04-11 01:00:00+00:00,17.06,70.2,162.35,22.28,147.8,385.25,0.76,15.0,101320.0
1990-04-11 02:00:00+00:00,17.43,70.3,269.5,37.1,239.45,385.7,1.66,11.0,101360.0
1990-04-11 03:00:00+00:00,17.95,67.95,288.0,43.91,247.8,387.45,2.34,18.0,101330.0
1990-04-11 04:00:00+00:00,18.11,65.55,291.7,64.97,229.15,388.8,2.62,20.0,101270.0
1990-04-11 05:00:00+00:00,18.37,65.65,237.45,44.24,195.5,387.65,2.55,15.0,101200.0
1990-04-11 06:00:00+00:00,18.11,70.35,222.1,21.31,203.5,388.2,2.21,15.0,101110.0
1990-04-11 07:00:00+00:00,17.49,72.8,216.1,80.43,156.4,383.95,1.93,32.0,101110.0
1990-04-11 08:00:00+00:00,17.62,72.8,91.3,27.53,75.75,377.75,1.86,29.0,101070.0
1990-04-11 09:00:00+00:00,17.24,75.4,56.35,70.11,31.6,377.55,1.31,17.0,101090.0
1990-04-11 10:00:00+00:00,16.86,78.0,1.95,0.0,1.95,374.65,1.45,35.0,101110.0
1990-04-11 11:00:00+00:00,16.0,86.5,0.0,0.0,0.0,383.0,1.66,43.0,101160.0
1990-04-11 12:00:00+00:00,15.72,80.65,0.0,0.0,0.0,381.45,1.31,48.0,101220.0
1990-04-11 13:00:00+00:00,15.92,80.65,0.0,0.0,0.0,383.0,0.97,51.0,101270.0
1990-04-11 14:00:00+00:00,15.99,80.65,0.0,0.0,0.0,383.75,0.76,74.0,101310.0
1990-04-11 15:00:00+00:00,15.97,77.85,0.0,0.0,0.0,382.8,0.9,96.0,101320.0
1990-04-11 16:00:00+00:00,15.93,77.85,0.0,0.0,0.0,383.2,0.69,80.0,101290.0
1990-04-11 17:00:00+00:00,15.77,80.65,0.0,0.0,0.0,378.95,0.55,56.0,101260.0
1990-04-11 18:00:00+00:00,15.77,80.65,0.0,0.0,0.0,383.4,0.34,15.0,101220.0
1990-04-11 19:00:00+00:00,15.51,77.8,0.0,0.0,0.0,371.95,1.1,325.0,101200.0
1990-04-11 20:00:00+00:00,15.59,80.6,0.0,0.0,0.0,383.75,1.1,335.0,101220.0
1990-04-11 21:00:00+00:00,15.55,80.6,0.0,0.0,0.0,383.2,1.03,345.0,101230.0
1990-04-11 22:00:00+00:00,15.52,80.6,0.0,0.0,0.0,381.25,0.55,333.0,101250.0
1990-04-11 23:00:00+00:00,15.68,80.65,39.2,0.87,39.0,383.95,0.07,303.0,101300.0
1990-04-12 00:00:00+00:00,16.13,80.65,109.7,8.39,105.85,384.35,0.07,12.0,101360.0
1990-04-12 01:00:00+00:00,16.95,72.7,160.55,8.54,154.95,386.4,0.34,8.0,101410.0
1990-04-12 02:00:00+00:00,17.68,65.55,157.95,5.85,153.2,387.65,0.55,29.0,101480.0
1990-04-12 03:00:00+00:00,18.05,65.55,180.2,8.28,172.6,388.6,0.83,55.0,101480.0
1990-04-12 04:00:00+00:00,18.38,61.2,260.35,35.51,226.1,389.75,1.1,68.0,101400.0
1990-04-12 05:00:00+00:00,19.0,57.1,245.75,20.32,226.45,391.3,1.66,66.0,101310.0
1990-04-12 06:00:00+00:00,19.24,55.2,313.85,45.92,273.7,392.1,1.86,63.0,101220.0
1990-04-12 07:00:00+00:00,19.29,55.2,303.45,111.17,220.8,390.95,2.34,66.0,101160.0
1990-04-12 08:00:00+00:00,19.56,55.2,287.95,242.38,150.75,380.1,2.34,76.0,101130.0
1990-04-12 09:00:00+00:00,19.67,57.2,142.35,214.0,66.55,354.15,2.07,83.0,101120.0
1990-04-12 10:00:00+00:00,19.18,61.3,11.8,27.79,8.4,356.3,1.24,106.0,101160.0
1990-04-12 11:00:00+00:00,17.86,65.55,0.0,0.0,0.0,339.65,1.31,134.0,101210.0
1990-04-12 12:00:00+00:00,16.47,80.75,0.0,0.0,0.0,335.4,1.24,122.0,101240.0
1990-04-12 13:00:00+00:00,15.88,80.65,0.0,0.0,0.0,335.4,1.17,110.0,101290.0
1990-04-12 14:00:00+00:00,15.94,77.85,0.0,0.0,0.0,324.75,0.97,111.0,101330.0
1990-04-12 15:00:00+00:00,16.31,72.65,0.0,0.0,0.0,324.75,0.69,125.0,101350.0
1990-04-12 16:00:00+00:00,15.88,75.15,0.0,0.0,0.0,327.65,0.07,203.0,101320.0
1990-04-12 17:00:00+00:00,15.22,77.8,0.0,0.0,0.0,315.65,0.69,289.0,101260.0
1990-04-12 18:00:00+00:00,13.48,89.4,0.0,0.0,0.0,323.75,1.03,296.0,101180.0
1990-04-12 19:00:00+00:00,11.8,95.9,0.0,0.0,0.0,315.45,1.52,312.0,101130.0
1990-04-12 20:00:00+00:00,11.28,95.9,0.0,0.0,0.0,313.5,1.38,314.0,101100.0
1990-04-12 21:00:00+00:00,10.92,95.9,0.0,0.0,0.0,312.55,1.31,321.0,101100.0
1990-04-12 22:00:00+00:00,10.82,95.9,0.0,0.0,0.0,317.55,1.17,323.0,101140.0
1990-04-12 23:00:00+00:00,12.81,95.95,252.5,685.06,91.8,323.55,0.41,320.0,101160.0
1990-04-13 00:00:00+00:00,16.89,78.0,488.15,777.47,129.05,322.05,0.14,8.0,101180.0
1990-04-13 01:00:00+00:00,19.68,51.5,659.4,762.14,157.45,334.15,1.03,67.0,101230.0
1990-04-13 02:00:00+00:00,21.08,46.5,808.6,769.21,181.9,338.85,2.07,80.0,101230.0
1990-04-13 03:00:00+00:00,22.11,46.75,852.95,723.07,188.0,351.65,2.34,88.0,101190.0
1990-04-13 04:00:00+00:00,22.81,48.55,789.45,584.7,224.55,360.15,2.21,94.0,101110.0
1990-04-13 05:00:00+00:00,23.18,50.3,678.35,470.67,230.7,369.85,2.0,102.0,101000.0
1990-04-13 06:00:00+00:00,23.29,50.45,605.7,436.09,223.9,370.0,1.86,113.0,100890.0
1990-04-13 07:00:00+00:00,23.36,52.25,507.0,458.19,165.85,385.1,1.93,112.0,100800.0
1990-04-13 08:00:00+00:00,23.06,54.0,316.9,336.06,126.3,371.55,2.14,119.0,100730.0
1990-04-13 09:00:00+00:00,22.27,57.75,124.6,157.15,68.75,368.1,1.93,127.0,100750.0
1990-04-13 10:00:00+00:00,20.99,63.9,10.25,16.17,8.25,365.55,1.79,137.0,100750.0
1990-04-13 11:00:00+00:00,19.49,70.65,0.0,0.0,0.0,368.1,1.59,141.0,100790.0
1990-04-13 12:00:00+00:00,18.85,75.65,0.0,0.0,0.0,380.45,1.03,140.0,100840.0
1990-04-13 13:00:00+00:00,18.63,75.55,0.0,0.0,0.0,369.45,0.28,94.0,100920.0
1990-04-13 14:00:00+00:00,17.93,86.7,0.0,0.0,0.0,380.85,0.62,49.0,100960.0
1990-04-13 15:00:00+00:00,18.06,89.75,0.0,0.0,0.0,396.35,0.41,83.0,100960.0
1990-04-13 16:00:00+00:00,17.62,89.7,0.0,0.0,0.0,380.65,0.76,344.0,100960.0
1990-04-13 17:00:00+00:00,17.7,86.7,0.0,0.0,0.0,397.1,0.55,350.0,100910.0
1990-04-13 18:00:00+00:00,17.54,92.85,0.0,0.0,0.0,395.2,0.55,311.0,100850.0
1990-04-13 19:00:00+00:00,17.03,92.8,0.0,0.0,0.0,385.5,0.62,323.0,100780.0
1990-04-13 20:00:00+00:00,17.14,92.8,0.0,0.0,0.0,393.05,0.62,325.0,100760.0
1990-04-13 21:00:00+00:00,17.02,92.8,0.0,0.0,0.0,385.7,0.9,336.0,100790.0
1990-04-13 22:00:00+00:00,16.83,92.8,13.95,0.0,13.95,379.5,0.97,336.0,100780.0
1990-04-13 23:00:00+00:00,17.24,89.7,60.55,29.42,53.55,393.45,0.83,327.0,100830.0
1990-04-14 00:00:00+00:00,17.91,89.75,102.7,8.93,98.55,393.45,0.97,316.0,100840.0
1990-04-14 01:00:00+00:00,18.81,83.85,167.95,23.52,152.4,396.45,1.03,315.0,100880.0
1990-04-14 02:00:00+00:00,19.84,81.15,281.3,54.53,236.75,397.5,1.03,303.0,100880.0
1990-04-14 03:00:00+00:00,21.17,75.95,476.05,180.62,309.6,400.6,1.03,286.0,100850.0
1990-04-14 04:00:00+00:00,22.66,71.05,639.4,290.72,358.05,398.3,1.38,283.0,100790.0
1990-04-14 05:00:00+00:00,24.28,62.35,746.4,504.12,266.25,392.85,2.0,292.0,100670.0
1990-04-14 06:00:00+00:00,25.7,58.45,376.0,164.77,231.55,388.0,2.21,294.0,100560.0
1990-04-14 07:00:00+00:00,25.96,56.6,273.5,117.35,186.0,419.0,2.55,319.0,100400.0
1990-04-14 08:00:00+00:00,25.73,58.45,174.85,50.42,146.2,411.85,2.07,336.0,100350.0
1990-04-14 09:00:00+00:00,25.27,58.45,108.3,123.67,64.2,414.75,1.72,347.0,100360.0
1990-04-14 10:00:00+00:00,24.42,64.5,12.45,27.58,9.0,397.3,1.24,354.0,100360.0
1990-04-14 11:00:00+00:00,23.27,66.55,0.0,0.0,0.0,373.7,0.34,355.0,100390.0
1990-04-14 12:00:00+00:00,22.1,71.05,0.0,0.0,0.0,350.65,0.28,244.0,100420.0
1990-04-14 13:00:00+00:00,20.98,75.95,0.0,0.0,0.0,356.5,0.48,241.0,100480.0
1990-04-14 14:00:00+00:00,19.82,81.15,0.0,0.0,0.0,342.35,0.21,295.0,100510.0
1990-04-14 15:00:00+00:00,18.1,89.75,0.0,0.0,0.0,339.45,0.9,27.0,100540.0
1990-04-14 16:00:00+00:00,16.59,96.05,0.0,0.0,0.0,338.1,1.24,32.0,100550.0
1990-04-14 17:00:00+00:00,15.87,96.0,0.0,0.0,0.0,336.35,1.31,33.0,100510.0
1990-04-14 18:00:00+00:00,15.35,99.4,0.0,0.0,0.0,335.4,1.31,40.0,100470.0
1990-04-14 19:00:00+00:00,15.67,99.4,0.0,0.0,0.0,334.4,1.17,34.0,100480.0
1990-04-14 20:00:00+00:00,15.94,99.4,0.0,0.0,0.0,334.2,0.97,31.0,100480.0
1990-04-14 21:00:00+00:00,15.21,99.4,0.0,0.0,0.0,343.7,0.9,22.0,100500.0
1990-04-14 22:00:00+00:00,14.6,100.0,40.55,0.0,40.55,365.55,0.55,355.0,100530.0
1990-04-14 23:00:00+00:00,16.21,96.05,198.3,229.37,142.95,370.8,0.48,349.0,100570.0
1990-04-15 00:00:00+00:00,18.35,92.85,388.95,308.2,244.75,382.6,0.28,339.0,100630.0
1990-04-15 01:00:00+00:00,20.96,84.05,589.7,514.47,248.15,391.4,0.14,13.0,100650.0
1990-04-15 02:00:00+00:00,23.19,76.15,848.75,829.27,169.35,370.0,0.48,88.0,100660.0
1990-04-15 03:00:00+00:00,25.08,66.85,952.25,856.18,161.6,363.05,1.17,97.0,100600.0
1990-04-15 04:00:00+00:00,26.2,60.6,891.25,697.74,214.9,367.5,2.0,108.0,100510.0
1990-04-15 05:00:00+00:00,26.46,56.7,748.55,535.45,237.85,374.65,2.21,118.0,100430.0
1990-04-15 06:00:00+00:00,26.3,56.7,576.75,381.27,242.05,395.55,2.41,128.0,100330.0
1990-04-15 07:00:00+00:00,25.89,58.55,552.15,491.48,185.15,410.45,3.31,130.0,100240.0
1990-04-15 08:00:00+00:00,24.99,62.45,382.2,479.94,108.95,392.85,3.79,135.0,100190.0
1990-04-15 09:00:00+00:00,23.66,66.55,163.0,273.64,65.1,367.1,3.38,136.0,100210.0
1990-04-15 10:00:00+00:00,22.11,68.7,14.4,37.56,9.65,360.15,2.34,136.0,100270.0
1990-04-15 11:00:00+00:00,20.39,75.85,0.0,0.0,0.0,356.1,1.45,132.0,100320.0
1990-04-15 12:00:00+00:00,19.17,86.8,0.0,0.0,0.0,340.2,1.03,102.0,100380.0
1990-04-15 13:00:00+00:00,17.84,92.85,0.0,0.0,0.0,337.5,1.03,74.0,100440.0
1990-04-15 14:00:00+00:00,17.13,96.05,0.0,0.0,0.0,335.75,1.03,58.0,100460.0
1990-04-15 15:00:00+00:00,16.68,92.8,0.0,0.0,0.0,334.4,0.97,46.0,100450.0
1990-04-15 16:00:00+00:00,16.39,96.05,0.0,0.0,0.0,334.4,0.97,47.0,100430.0
1990-04-15 17:00:00+00:00,16.34,96.05,0.0,0.0,0.0,334.6,0.83,29.0,100410.0
1990-04-15 18:00:00+00:00,15.87,99.4,0.0,0.0,0.0,334.8,0.9,26.0,100360.0
1990-04-15 19:00:00+00:00,15.56,99.4,0.0,0.0,0.0,337.5,1.1,28.0,100280.0
1990-04-15 20:00:00+00:00,15.52,99.4,0.0,0.0,0.0,344.3,1.1,37.0,100250.0
1990-04-15 21:00:00+00:00,15.9,99.4,0.0,0.0,0.0,358.4,0.97,36.0,100220.0
1990-04-15 22:00:00+00:00,16.62,99.4,26.4,0.0,26.4,377.2,0.69,17.0,100250.0
1990-04-15 23:00:00+00:00,17.93,92.85,137.1,95.26,113.8,400.0,0.48,358.0,100300.0
1990-04-16 00:00:00+00:00,20.01,86.85,241.05,130.95,179.4,405.45,0.21,352.0,100340.0
1990-04-16 01:00:00+00:00,21.4,81.35,363.65,166.71,252.55,403.25,0.76,243.0,100360.0
1990-04-16 02:00:00+00:00,23.13,76.15,476.8,182.72,326.7,413.55,1.93,235.0,100360.0
1990-04-16 03:00:00+00:00,24.77,66.85,540.95,217.71,339.5,415.1,2.9,234.0,100320.0
1990-04-16 04:00:00+00:00,25.84,64.8,520.45,174.02,351.5,417.65,2.83,232.0,100230.0
1990-04-16 05:00:00+00:00,26.53,64.95,483.9,155.7,335.2,426.55,2.62,226.0,100150.0
1990-04-16 06:00:00+00:00,26.95,62.9,375.4,120.71,269.3,432.9,2.41,223.0,100050.0
1990-04-16 07:00:00+00:00,26.84,65.0,339.6,163.02,217.7,435.25,2.62,198.0,99960.0
1990-04-16 08:00:00+00:00,26.72,67.15,181.05,63.29,144.95,424.8,2.69,193.0,99960.0
1990-04-16 09:00:00+00:00,26.04,71.65,105.9,116.45,64.1,428.1,2.76,185.0,100000.0
1990-04-16 10:00:00+00:00,24.84,76.45,12.15,20.34,9.55,414.75,2.21,174.0,100000.0
1990-04-16 11:00:00+00:00,23.5,84.25,0.0,0.0,0.0,402.55,1.93,180.0,100040.0
1990-04-16 12:00:00+00:00,22.7,90.0,0.0,0.0,0.0,400.6,1.59,188.0,100070.0
1990-04-16 13:00:00+00:00,22.1,90.0,0.0,0.0,0.0,398.1,1.38,192.0,100130.0
1990-04-16 14:00:00+00:00,21.45,93.0,0.0,0.0,0.0,397.7,1.03,208.0,100210.0
1990-04-16 15:00:00+00:00,21.22,89.95,0.0,0.0,0.0,402.35,0.83,224.0,100220.0
1990-04-16 16:00:00+00:00,21.63,89.95,0.0,0.0,0.0,401.0,0.55,225.0,100180.0
1990-04-16 17:00:00+00:00,21.57,89.95,0.0,0.0,0.0,398.3,0.21,284.0,100120.0
1990-04-16 18:00:00+00:00,21.26,89.95,0.0,0.0,0.0,390.55,0.28,284.0,100080.0
1990-04-16 19:00:00+00:00,20.95,89.95,0.0,0.0,0.0,388.4,0.48,5.0,100040.0
1990-04-16 20:00:00+00:00,20.78,89.95,0.0,0.0,0.0,393.45,0.28,8.0,100020.0
1990-04-16 21:00:00+00:00,20.26,92.95,0.0,0.0,0.0,398.85,0.69,20.0,100050.0
1990-04-16 22:00:00+00:00,19.95,96.1,22.2,0.0,22.2,405.05,0.83,359.0,100110.0
1990-04-16 23:00:00+00:00,20.85,93.0,58.2,5.45,56.85,417.65,0.41,31.0,100170.0
1990-04-17 00:00:00+00:00,22.19,90.0,110.85,27.55,97.8,424.0,0.28,87.0,100230.0
1990-04-17 01:00:00+00:00,23.09,90.05,117.1,0.9,116.5,425.85,0.48,133.0,100270.0
1990-04-17 02:00:00+00:00,23.73,87.15,189.85,17.91,175.1,431.0,0.76,156.0,100270.0
1990-04-17 03:00:00+00:00,24.56,87.2,229.15,20.39,210.25,432.35,1.38,187.0,100260.0
1990-04-17 04:00:00+00:00,25.23,87.25,234.35,15.07,219.7,433.3,2.21,198.0,100180.0
1990-04-17 05:00:00+00:00,25.93,81.8,202.55,10.72,192.3,438.75,2.41,207.0,100100.0
1990-04-17 06:00:00+00:00,26.41,81.85,217.3,17.33,202.05,440.45,2.48,209.0,100000.0
1990-04-17 07:00:00+00:00,27.21,79.3,239.75,51.48,201.2,439.7,2.69,206.0,99970.0
1990-04-17 08:00:00+00:00,26.87,79.3,158.35,24.94,144.1,436.6,3.24,216.0,99940.0
1990-04-17 09:00:00+00:00,26.44,81.85,43.3,17.08,37.15,427.5,2.34,232.0,99970.0
1990-04-17 10:00:00+00:00,25.64,84.45,4.85,0.39,4.8,427.3,1.79,222.0,100000.0
1990-04-17 11:00:00+00:00,24.81,87.25,0.0,0.0,0.0,419.95,1.24,218.0,100060.0
1990-04-17 12:00:00+00:00,24.01,96.2,0.0,0.0,0.0,418.0,0.9,169.0,100100.0
1990-04-17 13:00:00+00:00,23.22,96.2,0.0,0.0,0.0,414.9,1.03,147.0,100130.0
1990-04-17 14:00:00+00:00,23.39,96.2,0.0,0.0,0.0,413.0,0.69,146.0,100150.0
1990-04-17 15:00:00+00:00,23.45,96.2,0.0,0.0,0.0,409.1,0.41,144.0,100160.0
1990-04-17 16:00:00+00:00,23.13,99.4,0.0,0.0,0.0,407.75,0.41,87.0,100160.0
1990-04-17 17:00:00+00:00,22.74,99.4,0.0,0.0,0.0,405.65,0.41,159.0,100180.0
1990-04-17 18:00:00+00:00,22.54,99.4,0.0,0.0,0.0,406.0,0.34,141.0,100160.0
1990-04-17 19:00:00+00:00,22.77,99.4,0.0,0.0,0.0,412.6,0.62,131.0,100160.0
1990-04-17 20:00:00+00:00,22.46,99.4,0.0,0.0,0.0,423.65,0.69,107.0,100140.0
1990-04-17 21:00:00+00:00,22.25,99.4,0.0,0.0,0.0,428.1,0.83,106.0,100160.0
1990-04-17 22:00:00+00:00,22.19,99.4,22.05,0.0,22.05,430.2,0.9,111.0,100190.0
1990-04-17 23:00:00+00:00,22.98,99.4,84.9,43.22,74.05,431.75,0.76,130.0,100230.0
1990-04-18 00:00:00+00:00,24.21,96.2,156.0,41.03,136.45,434.85,1.66,177.0,100300.0
1990-04-18 01:00:00+00:00,25.04,90.15,282.45,96.15,217.9,437.1,2.28,196.0,100290.0
1990-04-18 02:00:00+00:00,25.98,87.3,503.25,305.82,250.75,435.85,2.48,216.0,100310.0
1990-04-18 03:00:00+00:00,27.29,81.95,668.3,381.62,313.85,429.85,2.69,223.0,100270.0
1990-04-18 04:00:00+00:00,28.42,79.5,643.35,320.25,331.5,429.85,3.1,219.0,100220.0
1990-04-18 05:00:00+00:00,28.2,82.05,569.8,254.26,326.35,442.2,3.86,221.0,100130.0
1990-04-18 06:00:00+00:00,28.35,79.5,487.7,224.04,290.3,434.45,3.52,220.0,100050.0
1990-04-18 07:00:00+00:00,28.26,79.4,227.75,73.42,172.7,431.75,2.62,221.0,100020.0
1990-04-18 08:00:00+00:00,27.61,79.35,102.2,42.53,77.85,432.9,2.62,215.0,100000.0
1990-04-18 09:00:00+00:00,26.7,84.55,73.95,39.72,59.6,428.65,2.21,216.0,99950.0
1990-04-18 10:00:00+00:00,26.1,84.5,6.75,3.45,6.3,416.3,1.72,226.0,99970.0
1990-04-18 11:00:00+00:00,25.32,87.3,0.0,0.0,0.0,423.05,1.31,207.0,100000.0
1990-04-18 12:00:00+00:00,24.65,93.1,0.0,0.0,0.0,417.85,1.45,183.0,100080.0
1990-04-18 13:00:00+00:00,23.96,96.2,0.0,0.0,0.0,417.45,0.97,148.0,100120.0
1990-04-18 14:00:00+00:00,23.14,99.4,0.0,0.0,0.0,410.65,1.03,138.0,100140.0
1990-04-18 15:00:00+00:00,23.53,96.2,0.0,0.0,0.0,401.2,0.28,78.0,100190.0
1990-04-18 16:00:00+00:00,23.09,99.4,0.0,0.0,0.0,400.0,0.55,73.0,100190.0
1990-04-18 17:00:00+00:00,22.58,100.0,0.0,0.0,0.0,406.8,0.34,76.0,100200.0
1990-04-18 18:00:00+00:00,22.41,99.4,0.0,0.0,0.0,413.4,0.28,56.0,100190.0
1990-04-18 19:00:00+00:00,22.75,99.4,0.0,0.0,0.0,412.4,0.14,12.0,100110.0
1990-04-18 20:00:00+00:00,22.37,99.4,0.0,0.0,0.0,406.8,0.69,22.0,100140.0
1990-04-18 21:00:00+00:00,21.41,99.4,0.0,0.0,0.0,402.9,1.17,27.0,100160.0
1990-04-18 22:00:00+00:00,21.84,96.15,30.55,0.0,30.55,423.85,0.83,48.0,100200.0
1990-04-18 23:00:00+00:00,22.7,100.0,101.55,65.12,85.0,422.1,0.69,62.0,100270.0
1990-04-19 00:00:00+00:00,23.62,96.2,186.65,98.61,139.4,428.65,0.76,79.0,100330.0
1990-04-19 01:00:00+00:00,24.43,96.2,181.95,23.16,166.35,426.05,0.83,114.0,100370.0
1990-04-19 02:00:00+00:00,24.72,93.1,266.85,62.95,214.75,431.0,1.38,117.0,100400.0
1990-04-19 03:00:00+00:00,25.35,90.2,293.0,40.89,254.95,430.8,2.0,128.0,100390.0
1990-04-19 04:00:00+00:00,24.7,93.1,440.8,185.2,260.2,430.6,2.69,122.0,100350.0
1990-04-19 05:00:00+00:00,24.34,90.1,358.25,215.93,151.25,427.3,3.86,109.0,100310.0
1990-04-19 06:00:00+00:00,23.36,90.05,155.3,19.67,137.95,427.1,3.38,105.0,100270.0
1990-04-19 07:00:00+00:00,22.44,87.05,166.95,65.2,118.0,422.3,2.97,104.0,100290.0
1990-04-19 08:00:00+00:00,22.3,84.15,79.4,12.73,72.1,420.35,2.83,106.0,100250.0
1990-04-19 09:00:00+00:00,21.8,81.4,28.75,0.55,28.55,418.8,2.62,104.0,100270.0
1990-04-19 10:00:00+00:00,21.34,81.35,2.55,0.0,2.55,418.0,2.41,103.0,100320.0
1990-04-19 11:00:00+00:00,20.89,84.05,0.0,0.0,0.0,414.55,2.34,103.0,100380.0
1990-04-19 12:00:00+00:00,20.64,84.05,0.0,0.0,0.0,414.35,2.21,102.0,100480.0
1990-04-19 13:00:00+00:00,20.41,84.05,0.0,0.0,0.0,413.0,1.66,104.0,100550.0
1990-04-19 14:00:00+00:00,20.2,84.05,0.0,0.0,0.0,413.0,1.31,106.0,100590.0
1990-04-19 15:00:00+00:00,20.0,83.95,0.0,0.0,0.0,412.0,1.31,114.0,100570.0
1990-04-19 16:00:00+00:00,19.84,83.95,0.0,0.0,0.0,411.45,1.24,119.0,100540.0
1990-04-19 17:00:00+00:00,19.72,83.95,0.0,0.0,0.0,410.45,1.17,115.0,100500.0
1990-04-19 18:00:00+00:00,19.62,86.85,0.0,0.0,0.0,410.3,1.03,108.0,100450.0
1990-04-19 19:00:00+00:00,19.5,86.85,0.0,0.0,0.0,409.5,1.72,98.0,100410.0
1990-04-19 20:00:00+00:00,19.57,86.85,0.0,0.0,0.0,408.75,1.72,90.0,100420.0
1990-04-19 21:00:00+00:00,19.59,86.85,0.0,0.0,0.0,409.7,1.66,90.0,100420.0
1990-04-19 22:00:00+00:00,19.65,86.85,12.75,0.0,12.75,408.95,1.45,90.0,100470.0
1990-04-19 23:00:00+00:00,19.85,83.95,66.05,9.33,63.65,410.3,1.17,86.0,100530.0
1990-04-20 00:00:00+00:00,20.31,84.05,111.7,20.24,101.95,412.0,1.17,79.0,100580.0
1990-04-20 01:00:00+00:00,21.04,84.05,175.0,38.31,149.1,411.35,1.38,89.0,100610.0
1990-04-20 02:00:00+00:00,21.68,81.35,259.75,62.32,208.05,415.7,1.17,96.0,100610.0
1990-04-20 03:00:00+00:00,22.47,81.4,372.15,123.27,257.25,420.15,0.9,126.0,100610.0
1990-04-20 04:00:00+00:00,23.56,81.5,307.35,64.67,244.2,419.75,1.31,154.0,100530.0
1990-04-20 05:00:00+00:00,24.13,81.55,381.0,131.23,255.05,425.95,1.52,176.0,100480.0
1990-04-20 06:00:00+00:00,24.51,81.65,214.8,24.29,193.35,424.6,0.9,197.0,100410.0
1990-04-20 07:00:00+00:00,24.75,79.05,216.75,44.63,183.2,432.55,1.66,190.0,100330.0
1990-04-20 08:00:00+00:00,24.85,79.05,97.95,0.0,97.95,435.05,1.86,181.0,100270.0
1990-04-20 09:00:00+00:00,24.73,84.35,44.8,0.28,44.7,434.85,1.86,172.0,100290.0
1990-04-20 10:00:00+00:00,24.16,87.15,8.25,1.87,8.0,432.75,1.45,162.0,100320.0
1990-04-20 11:00:00+00:00,23.54,87.1,0.0,0.0,0.0,427.9,0.9,169.0,100430.0
1990-04-20 12:00:00+00:00,22.99,93.05,0.0,0.0,0.0,417.65,0.14,151.0,100490.0
1990-04-20 13:00:00+00:00,22.83,93.05,0.0,0.0,0.0,425.55,0.34,357.0,100580.0
1990-04-20 14:00:00+00:00,22.68,96.15,0.0,0.0,0.0,426.75,0.97,326.0,100660.0
1990-04-20 15:00:00+00:00,22.44,93.05,0.0,0.0,0.0,426.35,1.72,324.0,100670.0
1990-04-20 16:00:00+00:00,21.8,87.05,0.0,0.0,0.0,413.4,2.41,321.0,100700.0
1990-04-20 17:00:00+00:00,20.84,81.3,0.0,0.0,0.0,401.0,2.97,324.0,100710.0
1990-04-20 18:00:00+00:00,19.92,81.15,0.0,0.0,0.0,401.95,3.1,323.0,100690.0
1990-04-20 19:00:00+00:00,20.02,81.15,0.0,0.0,0.0,399.25,2.83,330.0,100660.0
1990-04-20 20:00:00+00:00,19.69,81.15,0.0,0.0,0.0,412.2,2.48,328.0,100690.0
1990-04-20 21:00:00+00:00,19.19,83.9,0.0,0.0,0.0,412.6,1.66,352.0,100740.0
1990-04-20 22:00:00+00:00,18.82,86.8,19.6,0.0,19.6,405.45,1.24,20.0,100820.0
1990-04-20 23:00:00+00:00,18.93,89.8,53.8,12.87,50.45,403.9,1.1,18.0,100910.0
1990-04-21 00:00:00+00:00,19.08,86.8,109.7,38.6,91.0,401.4,0.9,21.0,100970.0
1990-04-21 01:00:00+00:00,19.43,83.9,223.5,57.72,184.35,402.65,1.79,61.0,101000.0
1990-04-21 02:00:00+00:00,20.08,81.15,287.95,71.56,228.45,403.7,2.21,74.0,101040.0
1990-04-21 03:00:00+00:00,20.54,78.5,316.1,127.89,196.7,405.85,2.21,79.0,101040.0
1990-04-21 04:00:00+00:00,20.77,75.95,361.5,53.8,308.9,406.4,2.07,83.0,101000.0
1990-04-21 05:00:00+00:00,21.24,73.45,276.5,34.24,243.6,409.9,2.14,87.0,100920.0
1990-04-21 06:00:00+00:00,21.32,73.45,228.1,36.25,196.05,409.3,2.14,88.0,100850.0
1990-04-21 07:00:00+00:00,20.99,75.95,193.6,67.36,142.9,408.9,2.0,79.0,100880.0
1990-04-21 08:00:00+00:00,20.98,73.35,146.9,78.19,101.9,405.85,2.28,87.0,100800.0
1990-04-21 09:00:00+00:00,20.8,73.35,59.0,40.02,44.4,405.45,2.48,96.0,100790.0
1990-04-21 10:00:00+00:00,20.19,75.75,7.6,11.13,6.1,401.55,2.34,108.0,100820.0
1990-04-21 11:00:00+00:00,19.47,78.35,0.0,0.0,0.0,395.2,2.55,107.0,100850.0
1990-04-21 12:00:00+00:00,18.95,78.3,0.0,0.0,0.0,398.1,2.55,105.0,100940.0
1990-04-21 13:00:00+00:00,18.43,78.25,0.0,0.0,0.0,392.1,2.41,105.0,101030.0
1990-04-21 14:00:00+00:00,17.98,80.9,0.0,0.0,0.0,386.45,2.07,105.0,101090.0
1990-04-21 15:00:00+00:00,17.61,80.85,0.0,0.0,0.0,383.0,1.86,110.0,101120.0
1990-04-21 16:00:00+00:00,17.28,80.85,0.0,0.0,0.0,378.55,1.93,106.0,101100.0
1990-04-21 17:00:00+00:00,17.02,83.65,0.0,0.0,0.0,382.6,1.59,106.0,101060.0
1990-04-21 18:00:00+00:00,16.82,80.8,0.0,0.0,0.0,382.0,1.31,108.0,101030.0
1990-04-21 19:00:00+00:00,16.44,83.6,0.0,0.0,0.0,371.55,1.31,89.0,101000.0
1990-04-21 20:00:00+00:00,16.41,83.6,0.0,0.0,0.0,379.5,1.31,89.0,100990.0
1990-04-21 21:00:00+00:00,16.46,80.75,0.0,0.0,0.0,384.75,1.45,91.0,101030.0
1990-04-21 22:00:00+00:00,16.49,80.75,26.2,0.0,26.2,386.3,1.45,93.0,101060.0
1990-04-21 23:00:00+00:00,16.73,80.8,151.4,254.01,84.55,388.4,1.79,93.0,101120.0
1990-04-22 00:00:00+00:00,17.51,78.1,236.85,126.29,175.35,384.95,2.34,94.0,101180.0
1990-04-22 01:00:00+00:00,18.28,72.95,228.65,47.25,196.5,392.2,2.76,96.0,101200.0
1990-04-22 02:00:00+00:00,18.57,75.55,295.9,51.72,252.8,399.85,2.55,103.0,101210.0
1990-04-22 03:00:00+00:00,19.04,75.65,445.1,149.98,304.85,397.7,2.62,105.0,101200.0
1990-04-22 04:00:00+00:00,20.02,70.7,374.15,111.34,265.15,403.1,2.9,105.0,101120.0
1990-04-22 05:00:00+00:00,20.22,70.8,301.1,99.44,205.45,403.7,2.97,106.0,101030.0
1990-04-22 06:00:00+00:00,20.28,70.8,488.1,242.32,273.65,405.05,3.03,106.0,100920.0
1990-04-22 07:00:00+00:00,21.27,68.6,468.55,337.0,214.6,389.95,3.03,104.0,100810.0
1990-04-22 08:00:00+00:00,21.38,68.6,294.5,305.71,118.25,394.6,2.9,109.0,100780.0
1990-04-22 09:00:00+00:00,20.92,70.9,128.65,155.07,71.9,384.55,2.97,113.0,100770.0
1990-04-22 10:00:00+00:00,20.13,75.75,14.15,26.06,10.6,383.55,2.62,116.0,100830.0
1990-04-22 11:00:00+00:00,19.19,75.7,0.0,0.0,0.0,378.55,2.28,117.0,100860.0
1990-04-22 12:00:00+00:00,18.44,83.8,0.0,0.0,0.0,366.55,2.0,115.0,100900.0
1990-04-22 13:00:00+00:00,18.19,83.8,0.0,0.0,0.0,374.3,1.66,110.0,100980.0
1990-04-22 14:00:00+00:00,18.0,86.7,0.0,0.0,0.0,376.4,1.31,105.0,101050.0
1990-04-22 15:00:00+00:00,17.86,86.7,0.0,0.0,0.0,380.65,1.1,100.0,101060.0
1990-04-22 16:00:00+00:00,17.78,89.75,0.0,0.0,0.0,385.3,0.9,90.0,101030.0
1990-04-22 17:00:00+00:00,17.95,89.75,0.0,0.0,0.0,398.1,0.69,63.0,100970.0
1990-04-22 18:00:00+00:00,17.97,86.7,0.0,0.0,0.0,399.05,0.76,38.0,100910.0
1990-04-22 19:00:00+00:00,17.82,86.7,0.0,0.0,0.0,397.1,0.69,49.0,100820.0
1990-04-22 20:00:00+00:00,17.89,86.7,0.0,0.0,0.0,400.0,0.62,42.0,100780.0
1990-04-22 21:00:00+00:00,17.92,86.7,0.0,0.0,0.0,398.45,0.48,12.0,100780.0
1990-04-22 22:00:00+00:00,17.92,86.7,30.35,0.0,30.35,397.1,0.83,333.0,100820.0
1990-04-22 23:00:00+00:00,18.38,86.75,124.8,99.04,98.45,397.5,0.76,334.0,100900.0
1990-04-23 00:00:00+00:00,19.35,81.1,174.85,43.21,153.7,403.3,0.41,345.0,100960.0
1990-04-23 01:00:00+00:00,20.24,78.5,306.25,134.06,214.75,405.75,0.07,48.0,101010.0
1990-04-23 02:00:00+00:00,21.43,76.0,417.4,165.68,279.05,409.9,0.34,132.0,101000.0
1990-04-23 03:00:00+00:00,22.85,76.15,652.15,377.56,298.55,414.55,0.83,150.0,100960.0
1990-04-23 04:00:00+00:00,24.62,73.85,595.3,294.7,306.45,403.1,2.07,164.0,100880.0
1990-04-23 05:00:00+00:00,25.5,71.6,621.55,319.83,313.6,417.85,2.41,173.0,100790.0
1990-04-23 06:00:00+00:00,26.28,67.15,591.25,318.72,308.9,425.95,2.48,180.0,100670.0
1990-04-23 07:00:00+00:00,26.9,67.2,372.2,231.89,197.25,426.15,2.21,194.0,100600.0
1990-04-23 08:00:00+00:00,26.77,67.2,183.2,94.89,128.4,431.4,1.86,188.0,100540.0
1990-04-23 09:00:00+00:00,26.14,71.65,124.5,147.5,70.35,431.55,2.0,159.0,100540.0
1990-04-23 10:00:00+00:00,25.14,76.45,16.45,25.43,12.95,408.35,2.14,152.0,100560.0
1990-04-23 11:00:00+00:00,23.39,84.25,0.0,0.0,0.0,391.9,1.79,149.0,100610.0
1990-04-23 12:00:00+00:00,22.21,87.05,0.0,0.0,0.0,383.95,1.31,143.0,100660.0
1990-04-23 13:00:00+00:00,21.17,96.15,0.0,0.0,0.0,379.9,0.76,126.0,100740.0
1990-04-23 14:00:00+00:00,21.26,89.95,0.0,0.0,0.0,381.85,0.48,64.0,100810.0
1990-04-23 15:00:00+00:00,20.75,93.0,0.0,0.0,0.0,376.4,0.55,48.0,100810.0
1990-04-23 16:00:00+00:00,20.39,96.15,0.0,0.0,0.0,374.65,0.55,63.0,100770.0
1990-04-23 17:00:00+00:00,19.95,96.1,0.0,0.0,0.0,374.1,0.62,14.0,100710.0
1990-04-23 18:00:00+00:00,18.78,96.1,0.0,0.0,0.0,376.4,0.97,350.0,100660.0
1990-04-23 19:00:00+00:00,19.9,96.1,0.0,0.0,0.0,386.3,0.41,312.0,100600.0
1990-04-23 20:00:00+00:00,19.55,99.4,0.0,0.0,0.0,397.3,0.41,329.0,100560.0
1990-04-23 21:00:00+00:00,19.01,99.4,0.0,0.0,0.0,398.85,0.76,338.0,100610.0
1990-04-23 22:00:00+00:00,19.21,96.1,46.75,0.0,46.75,401.95,0.76,339.0,100650.0
1990-04-23 23:00:00+00:00,20.08,96.1,197.45,206.96,141.8,403.9,0.9,326.0,100730.0
1990-04-24 00:00:00+00:00,21.78,90.0,428.3,481.66,191.4,407.75,0.48,315.0,100780.0
1990-04-24 01:00:00+00:00,24.32,81.65,640.0,634.99,205.3,404.95,0.41,247.0,100800.0
1990-04-24 02:00:00+00:00,26.28,74.15,833.35,801.15,163.0,401.0,0.83,225.0,100780.0
1990-04-24 03:00:00+00:00,27.94,67.4,923.15,799.26,173.5,403.5,1.31,224.0,100730.0
1990-04-24 04:00:00+00:00,29.22,63.3,858.9,640.08,230.8,409.1,2.07,218.0,100640.0
1990-04-24 05:00:00+00:00,29.89,59.45,570.25,322.62,259.3,419.2,2.62,219.0,100520.0
1990-04-24 06:00:00+00:00,29.62,59.35,477.85,265.86,242.1,442.0,2.76,219.0,100400.0
1990-04-24 07:00:00+00:00,29.68,61.35,499.65,421.41,181.35,442.8,2.55,200.0,100320.0
1990-04-24 08:00:00+00:00,29.62,63.4,326.35,334.24,133.0,436.0,2.9,201.0,100250.0
1990-04-24 09:00:00+00:00,28.83,65.4,121.45,152.33,65.35,419.75,2.48,197.0,100240.0
1990-04-24 10:00:00+00:00,27.54,71.9,14.6,28.77,10.6,424.2,2.0,192.0,100290.0
1990-04-24 11:00:00+00:00,26.18,79.15,0.0,0.0,0.0,419.2,1.45,181.0,100340.0
1990-04-24 12:00:00+00:00,25.25,81.75,0.0,0.0,0.0,418.2,1.1,163.0,100390.0
1990-04-24 13:00:00+00:00,24.1,93.1,0.0,0.0,0.0,408.9,0.83,182.0,100450.0
1990-04-24 14:00:00+00:00,23.46,93.05,0.0,0.0,0.0,409.7,0.83,222.0,100500.0
1990-04-24 15:00:00+00:00,22.88,93.05,0.0,0.0,0.0,400.4,0.83,251.0,100480.0
1990-04-24 16:00:00+00:00,22.25,96.15,0.0,0.0,0.0,401.2,0.97,278.0,100450.0
1990-04-24 17:00:00+00:00,21.95,96.15,0.0,0.0,0.0,404.1,1.03,293.0,100400.0
1990-04-24 18:00:00+00:00,21.91,96.15,0.0,0.0,0.0,401.55,0.83,295.0,100350.0
1990-04-24 19:00:00+00:00,21.86,96.15,0.0,0.0,0.0,399.05,0.69,18.0,100370.0
1990-04-24 20:00:00+00:00,22.16,96.15,0.0,0.0,0.0,414.55,0.48,42.0,100360.0
1990-04-24 21:00:00+00:00,21.9,96.15,0.0,0.0,0.0,417.85,0.76,74.0,100400.0
1990-04-24 22:00:00+00:00,22.09,96.15,26.1,0.0,26.1,423.45,0.97,82.0,100460.0
1990-04-24 23:00:00+00:00,22.69,99.4,127.05,114.67,95.9,424.8,1.03,83.0,100520.0
1990-04-25 00:00:00+00:00,23.45,93.05,246.15,167.65,163.3,424.8,1.45,87.0,100600.0
1990-04-25 01:00:00+00:00,24.1,90.1,327.15,151.63,223.05,417.55,1.66,104.0,100610.0
1990-04-25 02:00:00+00:00,25.05,84.4,504.85,328.5,229.45,429.85,1.79,111.0,100640.0
1990-04-25 03:00:00+00:00,26.33,79.2,643.1,374.23,291.6,428.65,1.31,126.0,100610.0
1990-04-25 04:00:00+00:00,26.91,79.3,703.7,441.69,269.8,429.45,1.03,137.0,100560.0
1990-04-25 05:00:00+00:00,27.75,76.8,645.95,390.99,268.75,430.0,1.59,145.0,100430.0
1990-04-25 06:00:00+00:00,28.47,69.75,356.8,84.72,281.6,434.85,2.07,144.0,100300.0
1990-04-25 07:00:00+00:00,26.06,81.8,225.65,64.34,177.0,432.55,1.93,136.0,100320.0
1990-04-25 08:00:00+00:00,25.7,81.75,97.45,19.76,86.0,432.15,2.0,115.0,100300.0
1990-04-25 09:00:00+00:00,24.64,84.35,51.5,8.66,48.3,433.7,2.14,123.0,100300.0
1990-04-25 10:00:00+00:00,23.85,84.35,3.6,1.07,3.45,429.85,1.86,126.0,100340.0
1990-04-25 11:00:00+00:00,23.17,90.05,0.0,0.0,0.0,428.85,1.59,118.0,100390.0
1990-04-25 12:00:00+00:00,22.72,90.0,0.0,0.0,0.0,427.1,1.66,103.0,100460.0
1990-04-25 13:00:00+00:00,22.39,90.0,0.0,0.0,0.0,427.3,1.31,97.0,100540.0
1990-04-25 14:00:00+00:00,22.04,90.0,0.0,0.0,0.0,425.75,0.9,86.0,100630.0
1990-04-25 15:00:00+00:00,21.8,90.0,0.0,0.0,0.0,424.4,0.97,111.0,100650.0
1990-04-25 16:00:00+00:00,21.48,93.0,0.0,0.0,0.0,422.85,1.31,126.0,100620.0
1990-04-25 17:00:00+00:00,21.1,96.15,0.0,0.0,0.0,421.7,1.72,118.0,100580.0
1990-04-25 18:00:00+00:00,20.71,93.0,0.0,0.0,0.0,420.55,2.07,102.0,100530.0
1990-04-25 19:00:00+00:00,20.17,96.1,0.0,0.0,0.0,414.75,0.69,94.0,100570.0
1990-04-25 20:00:00+00:00,20.1,92.95,0.0,0.0,0.0,413.75,0.62,92.0,100550.0
1990-04-25 21:00:00+00:00,20.04,92.95,0.0,0.0,0.0,413.4,0.76,91.0,100540.0
1990-04-25 22:00:00+00:00,20.06,92.95,12.0,0.0,12.0,412.8,0.9,97.0,100600.0
1990-04-25 23:00:00+00:00,20.14,96.1,29.2,0.0,29.2,412.4,1.38,100.0,100670.0
1990-04-26 00:00:00+00:00,20.2,89.9,59.25,0.2,59.15,411.25,2.07,97.0,100780.0
1990-04-26 01:00:00+00:00,19.74,86.85,69.9,1.02,69.2,409.8,3.24,91.0,100870.0
1990-04-26 02:00:00+00:00,18.71,86.8,124.55,0.77,123.9,404.1,3.66,83.0,100920.0
1990-04-26 03:00:00+00:00,18.4,86.75,129.4,0.27,129.15,400.6,2.9,80.0,100940.0
1990-04-26 04:00:00+00:00,18.41,86.75,139.5,2.29,137.25,399.65,2.28,77.0,100890.0
1990-04-26 05:00:00+00:00,18.64,81.0,138.35,1.55,136.85,399.25,2.28,67.0,100820.0
1990-04-26 06:00:00+00:00,18.86,75.65,200.6,13.34,188.75,398.3,2.41,66.0,100750.0
1990-04-26 07:00:00+00:00,20.7,61.7,149.25,6.6,144.25,402.9,2.83,65.0,100700.0
1990-04-26 08:00:00+00:00,20.63,63.8,87.6,0.6,87.25,404.85,2.69,62.0,100690.0
1990-04-26 09:00:00+00:00,20.37,66.05,50.35,0.54,50.15,404.1,2.14,57.0,100650.0
1990-04-26 10:00:00+00:00,20.22,63.8,6.55,0.35,6.5,404.45,2.34,59.0,100660.0
1990-04-26 11:00:00+00:00,20.02,61.5,0.0,0.0,0.0,400.0,2.14,61.0,100690.0
1990-04-26 12:00:00+00:00,19.93,61.5,0.0,0.0,0.0,399.05,1.86,61.0,100760.0
1990-04-26 13:00:00+00:00,19.7,61.5,0.0,0.0,0.0,393.05,1.79,62.0,100820.0
1990-04-26 14:00:00+00:00,19.44,63.6,0.0,0.0,0.0,387.65,1.72,66.0,100840.0
1990-04-26 15:00:00+00:00,19.09,68.1,0.0,0.0,0.0,384.55,1.52,63.0,100840.0
1990-04-26 16:00:00+00:00,19.14,68.1,0.0,0.0,0.0,399.65,1.38,64.0,100790.0
1990-04-26 17:00:00+00:00,19.09,68.1,0.0,0.0,0.0,398.3,1.38,60.0,100760.0
1990-04-26 18:00:00+00:00,18.62,72.95,0.0,0.0,0.0,384.35,1.24,67.0,100700.0
1990-04-26 19:00:00+00:00,18.19,72.95,0.0,0.0,0.0,357.85,0.62,25.0,100640.0
1990-04-26 20:00:00+00:00,17.8,75.45,0.0,0.0,0.0,360.55,0.83,48.0,100640.0
1990-04-26 21:00:00+00:00,17.48,78.1,0.0,0.0,0.0,360.35,0.97,55.0,100630.0
1990-04-26 22:00:00+00:00,17.05,80.8,45.3,0.0,45.3,353.95,1.03,42.0,100680.0
1990-04-26 23:00:00+00:00,18.54,78.25,133.95,125.28,99.25,373.1,0.69,52.0,100720.0
1990-04-27 00:00:00+00:00,19.96,65.95,129.1,31.08,113.6,393.25,1.1,73.0,100790.0
1990-04-27 01:00:00+00:00,20.21,61.6,196.6,28.97,176.6,401.5,1.52,80.0,100830.0
1990-04-27 02:00:00+00:00,20.64,63.8,341.3,95.13,261.25,403.1,2.07,78.0,100830.0
1990-04-27 03:00:00+00:00,21.46,64.0,402.3,90.04,317.5,406.2,1.93,88.0,100790.0
1990-04-27 04:00:00+00:00,22.18,64.1,446.3,137.7,310.75,409.7,2.07,99.0,100740.0
1990-04-27 05:00:00+00:00,22.67,68.7,496.4,187.02,315.65,410.45,2.55,104.0,100650.0
1990-04-27 06:00:00+00:00,23.15,68.75,367.0,195.06,193.55,408.9,2.69,101.0,100540.0
1990-04-27 07:00:00+00:00,21.86,71.05,282.15,162.24,159.2,387.05,2.21,103.0,100640.0
1990-04-27 08:00:00+00:00,21.85,71.05,234.85,206.93,114.55,402.9,2.28,97.0,100570.0
1990-04-27 09:00:00+00:00,21.76,71.05,95.3,81.5,65.0,400.6,2.55,103.0,100550.0
1990-04-27 10:00:00+00:00,21.05,75.95,13.0,24.41,9.5,383.75,1.86,104.0,100560.0
1990-04-27 11:00:00+00:00,20.16,81.15,0.0,0.0,0.0,377.55,1.38,102.0,100590.0
1990-04-27 12:00:00+00:00,19.65,83.9,0.0,0.0,0.0,383.0,1.24,112.0,100650.0
1990-04-27 13:00:00+00:00,19.23,83.9,0.0,0.0,0.0,382.4,1.17,98.0,100700.0
1990-04-27 14:00:00+00:00,18.66,89.75,0.0,0.0,0.0,372.35,1.1,74.0,100760.0
1990-04-27 15:00:00+00:00,18.37,89.75,0.0,0.0,0.0,379.1,0.83,53.0,100770.0
1990-04-27 16:00:00+00:00,18.17,92.85,0.0,0.0,0.0,371.4,0.76,16.0,100760.0
1990-04-27 17:00:00+00:00,17.82,92.85,0.0,0.0,0.0,369.65,0.83,13.0,100710.0
1990-04-27 18:00:00+00:00,17.62,96.05,0.0,0.0,0.0,379.5,0.97,10.0,100660.0
1990-04-27 19:00:00+00:00,18.11,92.85,0.0,0.0,0.0,395.55,0.55,353.0,100640.0
1990-04-27 20:00:00+00:00,18.42,89.75,0.0,0.0,0.0,399.85,0.69,354.0,100680.0
1990-04-27 21:00:00+00:00,18.61,89.75,0.0,0.0,0.0,401.2,0.69,10.0,100700.0
1990-04-27 22:00:00+00:00,18.9,89.8,29.7,0.0,29.7,406.2,0.62,20.0,100710.0
1990-04-27 23:00:00+00:00,19.68,83.9,85.05,20.03,79.45,407.95,0.48,30.0,100740.0
1990-04-28 00:00:00+00:00,20.38,78.5,232.65,106.63,179.25,408.75,0.62,42.0,100760.0
1990-04-28 01:00:00+00:00,21.52,76.0,445.75,346.84,205.7,410.2,0.76,61.0,100790.0
1990-04-28 02:00:00+00:00,23.04,76.15,561.45,302.88,306.15,409.9,1.1,104.0,100820.0
1990-04-28 03:00:00+00:00,24.29,71.4,535.55,282.47,269.2,413.4,1.79,126.0,100780.0
1990-04-28 04:00:00+00:00,24.63,73.85,478.5,170.09,310.9,408.9,1.79,112.0,100720.0
1990-04-28 05:00:00+00:00,24.54,76.35,467.5,245.43,230.1,407.2,2.07,121.0,100660.0
1990-04-28 06:00:00+00:00,24.45,73.85,398.45,237.43,187.15,402.35,2.28,137.0,100620.0
1990-04-28 07:00:00+00:00,24.72,73.85,275.3,129.31,177.2,421.7,2.97,132.0,100540.0
1990-04-28 08:00:00+00:00,24.16,76.3,268.65,229.52,135.0,418.6,2.48,132.0,100480.0
1990-04-28 09:00:00+00:00,23.93,73.75,125.8,128.44,77.9,404.45,2.21,128.0,100460.0
1990-04-28 10:00:00+00:00,23.06,78.75,15.8,26.93,11.9,391.3,2.0,122.0,100470.0
1990-04-28 11:00:00+00:00,21.85,81.4,0.0,0.0,0.0,391.3,1.59,125.0,100540.0
1990-04-28 12:00:00+00:00,21.03,86.95,0.0,0.0,0.0,386.45,1.31,133.0,100650.0
1990-04-28 13:00:00+00:00,20.46,89.9,0.0,0.0,0.0,384.35,1.03,112.0,100700.0
1990-04-28 14:00:00+00:00,20.04,92.95,0.0,0.0,0.0,388.6,1.03,77.0,100750.0
1990-04-28 15:00:00+00:00,19.71,89.85,0.0,0.0,0.0,387.65,1.1,55.0,100800.0
1990-04-28 16:00:00+00:00,20.05,92.95,0.0,0.0,0.0,408.75,0.9,45.0,100780.0
1990-04-28 17:00:00+00:00,20.23,86.9,0.0,0.0,0.0,411.85,0.83,38.0,100730.0
1990-04-28 18:00:00+00:00,20.29,89.9,0.0,0.0,0.0,412.8,0.62,28.0,100670.0
1990-04-28 19:00:00+00:00,20.54,86.9,0.0,0.0,0.0,415.3,0.83,49.0,100640.0
1990-04-28 20:00:00+00:00,20.55,89.9,0.0,0.0,0.0,413.55,0.76,48.0,100620.0
1990-04-28 21:00:00+00:00,20.57,89.9,0.0,0.0,0.0,415.5,0.69,42.0,100600.0
1990-04-28 22:00:00+00:00,20.61,92.95,33.35,0.0,33.35,416.1,0.48,14.0,100630.0
1990-04-28 23:00:00+00:00,21.26,84.1,101.15,14.18,97.15,415.1,0.34,14.0,100660.0
1990-04-29 00:00:00+00:00,22.05,81.4,182.55,43.25,160.8,419.4,0.48,63.0,100720.0
1990-04-29 01:00:00+00:00,22.88,81.45,358.95,122.58,273.9,421.05,0.76,84.0,100750.0
1990-04-29 02:00:00+00:00,24.36,78.95,467.2,217.75,283.35,421.9,1.45,120.0,100780.0
1990-04-29 03:00:00+00:00,25.59,76.5,516.3,207.94,320.0,425.75,2.28,135.0,100760.0
1990-04-29 04:00:00+00:00,26.45,71.75,470.05,169.63,302.75,427.1,2.69,140.0,100710.0
1990-04-29 05:00:00+00:00,26.62,71.75,559.05,358.96,211.55,430.6,3.03,137.0,100660.0
1990-04-29 06:00:00+00:00,26.67,71.75,476.95,229.48,272.55,419.75,3.59,139.0,100540.0
1990-04-29 07:00:00+00:00,26.45,71.75,348.65,157.61,228.95,426.35,4.21,144.0,100430.0
1990-04-29 08:00:00+00:00,25.74,76.5,159.65,25.55,144.75,420.15,3.38,142.0,100410.0
1990-04-29 09:00:00+00:00,24.8,79.05,67.55,4.81,65.75,412.4,2.62,139.0,100380.0
1990-04-29 10:00:00+00:00,23.95,81.55,10.1,0.68,10.0,409.7,1.86,134.0,100400.0
1990-04-29 11:00:00+00:00,23.12,87.1,0.0,0.0,0.0,410.65,1.31,116.0,100430.0
1990-04-29 12:00:00+00:00,22.63,90.0,0.0,0.0,0.0,414.15,1.17,108.0,100480.0
1990-04-29 13:00:00+00:00,22.21,90.0,0.0,0.0,0.0,410.45,1.03,90.0,100520.0
1990-04-29 14:00:00+00:00,21.91,90.0,0.0,0.0,0.0,410.45,1.03,82.0,100560.0
1990-04-29 15:00:00+00:00,21.9,90.0,0.0,0.0,0.0,419.4,0.97,88.0,100550.0
1990-04-29 16:00:00+00:00,21.85,90.0,0.0,0.0,0.0,419.75,0.97,93.0,100520.0
1990-04-29 17:00:00+00:00,21.85,90.0,0.0,0.0,0.0,422.3,0.97,96.0,100470.0
1990-04-29 18:00:00+00:00,21.79,90.0,0.0,0.0,0.0,421.3,1.03,102.0,100410.0
1990-04-29 19:00:00+00:00,22.11,96.15,0.0,0.0,0.0,424.4,1.31,121.0,100310.0
1990-04-29 20:00:00+00:00,22.18,96.15,0.0,0.0,0.0,425.0,1.17,126.0,100290.0
1990-04-29 21:00:00+00:00,22.27,99.4,0.0,0.0,0.0,425.95,1.17,132.0,100270.0
1990-04-29 22:00:00+00:00,22.43,99.4,30.45,0.0,30.45,429.85,0.97,124.0,100260.0
1990-04-29 23:00:00+00:00,23.07,99.4,111.5,25.66,104.2,430.8,0.83,159.0,100320.0
1990-04-30 00:00:00+00:00,24.04,93.1,152.15,46.05,128.9,430.6,1.52,181.0,100360.0
1990-04-30 01:00:00+00:00,24.48,93.1,409.9,263.27,226.8,434.2,1.66,226.0,100420.0
1990-04-30 02:00:00+00:00,25.91,87.3,458.95,145.87,335.6,426.75,1.38,243.0,100420.0
1990-04-30 03:00:00+00:00,26.91,84.6,543.95,199.02,355.85,439.9,1.38,239.0,100400.0
1990-04-30 04:00:00+00:00,28.29,74.5,527.9,211.73,318.9,444.35,2.55,234.0,100310.0
1990-04-30 05:00:00+00:00,28.78,72.15,741.35,478.37,277.9,434.3,2.97,221.0,100210.0
1990-04-30 06:00:00+00:00,29.58,69.95,556.25,271.92,313.85,423.45,3.52,213.0,100060.0
1990-04-30 07:00:00+00:00,27.09,76.7,179.55,10.46,171.6,426.35,4.48,210.0,100050.0
1990-04-30 08:00:00+00:00,26.25,84.5,105.1,0.09,105.05,424.4,1.38,219.0,100030.0
1990-04-30 09:00:00+00:00,25.37,87.3,35.9,0.27,35.8,421.1,2.55,230.0,100080.0
1990-04-30 10:00:00+00:00,24.45,90.1,5.25,0.0,5.25,424.6,1.03,249.0,100070.0
1990-04-30 11:00:00+00:00,23.77,93.1,0.0,0.0,0.0,425.55,0.41,328.0,100110.0
1990-04-30 12:00:00+00:00,23.32,96.2,0.0,0.0,0.0,420.75,0.48,94.0,100130.0
1990-04-30 13:00:00+00:00,23.1,99.4,0.0,0.0,0.0,420.55,0.55,133.0,100160.0
1990-04-30 14:00:00+00:00,23.08,99.4,0.0,0.0,0.0,424.8,0.9,148.0,100110.0
1990-04-30 15:00:00+00:00,22.74,96.15,0.0,0.0,0.0,415.7,0.48,143.0,100100.0
1990-04-30 16:00:00+00:00,19.32,99.6,0.0,0.0,0.0,404.78,0.65,92.0,100070.0
1990-04-30 17:00:00+00:00,20.03,97.37,0.0,0.0,0.0,406.64,0.92,27.0,100000.0
1990-04-30 18:00:00+00:00,20.75,95.15,0.0,0.0,0.0,408.49,1.19,357.0,99950.0
1990-04-30 19:00:00+00:00,21.47,92.92,0.0,0.0,0.0,410.34,1.46,308.0,100000.0
1990-04-30 20:00:00+00:00,22.19,90.69,0.0,0.0,0.0,412.2,1.73,314.0,100040.0
1990-04-30 21:00:00+00:00,22.9,88.46,0.0,0.0,0.0,414.05,2.0,326.0,100080.0
1990-04-30 22:00:00+00:00,23.62,86.23,36.95,0.0,36.95,415.9,2.27,326.0,100170.0
1990-04-30 23:00:00+00:00,24.34,84.0,78.3,37.13,67.65,417.75,2.54,1.0,100290.0
1990-05-01 00:00:00+00:00,25.05,81.77,284.55,166.23,200.3,419.61,2.81,239.0,100340.0
1990-05-01 01:00:00+00:00,25.77,79.54,286.95,53.51,249.65,421.46,3.08,237.0,100380.0
1990-05-01 02:00:00+00:00,26.49,77.32,372.5,83.72,301.6,423.31,3.35,232.0,100380.0
1990-05-01 03:00:00+00:00,27.2,75.09,593.15,305.83,303.8,425.17,3.61,225.0,100330.0
1990-05-01 04:00:00+00:00,27.92,72.86,675.65,418.8,261.9,427.02,3.88,226.0,100230.0
1990-05-01 05:00:00+00:00,28.64,70.63,716.85,484.87,246.75,428.87,4.15,226.0,100140.0
1990-05-01 06:00:00+00:00,29.36,68.4,663.25,544.54,177.45,430.73,4.42,228.0,100010.0
1990-05-01 07:00:00+00:00,30.07,66.17,562.75,545.45,147.65,432.58,4.69,222.0,99970.0
1990-05-01 08:00:00+00:00,29.93,67.8,309.7,319.76,122.6,429.25,4.28,221.0,99910.0
1990-05-01 09:00:00+00:00,29.14,72.15,134.1,134.81,83.35,430.0,3.66,225.0,99970.0
1990-05-01 10:00:00+00:00,28.1,76.85,15.7,8.38,14.45,420.9,3.1,226.0,100030.0
1990-05-01 11:00:00+00:00,27.02,79.3,0.0,0.0,0.0,419.95,2.41,227.0,100120.0
1990-05-01 12:00:00+00:00,26.32,81.85,0.0,0.0,0.0,424.0,2.07,227.0,100220.0
1990-05-01 13:00:00+00:00,25.61,87.3,0.0,0.0,0.0,417.05,1.72,220.0,100250.0
1990-05-01 14:00:00+00:00,24.96,90.15,0.0,0.0,0.0,412.2,1.52,213.0,100260.0
1990-05-01 15:00:00+00:00,24.3,93.1,0.0,0.0,0.0,406.6,1.31,225.0,100280.0
1990-05-01 16:00:00+00:00,23.72,96.2,0.0,0.0,0.0,406.2,1.17,237.0,100250.0
1990-05-01 17:00:00+00:00,23.31,96.2,0.0,0.0,0.0,404.65,1.1,244.0,100200.0
1990-05-01 18:00:00+00:00,23.05,99.4,0.0,0.0,0.0,400.6,1.1,251.0,100170.0
1990-05-01 19:00:00+00:00,23.28,96.2,0.0,0.0,0.0,411.25,1.1,264.0,100140.0
1990-05-01 20:00:00+00:00,23.39,96.2,0.0,0.0,0.0,410.45,0.97,258.0,100150.0
1990-05-01 21:00:00+00:00,23.35,96.2,0.0,0.0,0.0,416.1,0.9,258.0,100150.0
1990-05-01 22:00:00+00:00,23.29,96.2,44.2,0.0,44.2,416.45,0.97,258.0,100170.0
1990-05-01 23:00:00+00:00,24.28,96.2,171.95,124.17,136.05,420.35,0.83,244.0,100220.0
1990-05-02 00:00:00+00:00,26.35,87.35,332.6,321.71,168.95,428.65,1.52,264.0,100290.0
1990-05-02 01:00:00+00:00,27.57,84.65,436.35,294.23,230.8,427.6,1.86,269.0,100330.0
1990-05-02 02:00:00+00:00,28.37,79.5,607.45,352.48,308.5,432.75,1.24,249.0,100360.0
1990-05-02 03:00:00+00:00,29.49,72.25,508.75,182.08,336.3,431.75,0.97,246.0,100300.0
1990-05-02 04:00:00+00:00,29.36,72.25,216.25,0.0,216.25,442.4,1.72,221.0,100270.0
1990-05-02 05:00:00+00:00,26.73,81.9,143.05,4.64,138.55,436.4,1.79,254.0,100260.0
1990-05-02 06:00:00+00:00,26.07,90.2,152.6,5.15,148.0,431.95,1.45,303.0,100290.0
1990-05-02 07:00:00+00:00,26.13,87.3,100.65,1.84,99.25,429.85,1.31,298.0,100300.0
1990-05-02 08:00:00+00:00,25.9,87.3,72.7,3.07,70.9,427.3,1.03,285.0,100240.0
1990-05-02 09:00:00+00:00,25.59,90.2,31.35,0.0,31.35,424.0,1.17,263.0,100300.0
1990-05-02 10:00:00+00:00,25.19,93.15,4.45,0.0,4.45,423.45,0.83,306.0,100290.0
1990-05-02 11:00:00+00:00,24.72,96.2,0.0,0.0,0.0,422.65,0.62,341.0,100370.0
1990-05-02 12:00:00+00:00,24.81,93.15,0.0,0.0,0.0,420.75,0.28,7.0,100460.0
1990-05-02 13:00:00+00:00,24.38,96.2,0.0,0.0,0.0,416.3,0.0,48.0,100560.0
1990-05-02 14:00:00+00:00,23.4,99.4,0.0,0.0,0.0,416.1,0.83,353.0,100580.0
1990-05-02 15:00:00+00:00,23.3,99.4,0.0,0.0,0.0,420.9,0.83,61.0,100570.0
1990-05-02 16:00:00+00:00,23.28,99.4,0.0,0.0,0.0,418.6,1.24,98.0,100540.0
1990-05-02 17:00:00+00:00,23.18,99.4,0.0,0.0,0.0,419.0,1.17,175.0,100520.0
1990-05-02 18:00:00+00:00,23.09,100.0,0.0,0.0,0.0,424.2,1.45,218.0,100470.0
1990-05-02 19:00:00+00:00,22.62,100.0,0.0,0.0,0.0,413.2,0.62,285.0,100460.0
1990-05-02 20:00:00+00:00,22.51,99.4,0.0,0.0,0.0,419.55,0.62,313.0,100480.0
1990-05-02 21:00:00+00:00,22.27,99.4,0.0,0.0,0.0,418.2,0.55,24.0,100540.0
1990-05-02 22:00:00+00:00,22.17,99.4,12.6,0.0,12.6,417.25,0.69,57.0,100560.0
1990-05-02 23:00:00+00:00,22.31,99.4,66.8,6.86,64.8,417.05,0.76,67.0,100590.0
1990-05-03 00:00:00+00:00,23.04,96.15,278.75,195.4,179.0,412.6,0.48,101.0,100680.0
1990-05-03 01:00:00+00:00,24.15,81.65,348.1,233.83,184.4,405.75,1.17,101.0,100730.0
1990-05-03 02:00:00+00:00,24.82,79.05,359.95,183.15,204.4,410.45,1.52,83.0,100730.0
1990-05-03 03:00:00+00:00,25.26,76.5,555.55,284.91,285.45,419.95,1.66,79.0,100720.0
1990-05-03 04:00:00+00:00,26.14,74.1,438.45,236.19,204.75,413.2,1.52,96.0,100700.0
1990-05-03 05:00:00+00:00,26.1,74.1,412.35,159.6,257.4,421.5,1.93,103.0,100670.0
1990-05-03 06:00:00+00:00,26.03,74.1,178.25,6.04,172.85,423.45,2.28,104.0,100590.0
1990-05-03 07:00:00+00:00,24.35,84.35,181.5,12.07,172.3,415.3,2.41,116.0,100630.0
1990-05-03 08:00:00+00:00,24.01,90.1,132.75,31.94,114.0,419.4,2.48,121.0,100630.0
1990-05-03 09:00:00+00:00,23.5,93.05,63.3,8.32,60.15,413.75,2.55,115.0,100650.0
1990-05-03 10:00:00+00:00,22.95,96.15,9.35,0.0,9.35,417.05,2.14,111.0,100670.0
1990-05-03 11:00:00+00:00,22.38,96.15,0.0,0.0,0.0,410.1,1.86,102.0,100730.0
1990-05-03 12:00:00+00:00,22.05,99.4,0.0,0.0,0.0,411.05,1.66,92.0,100800.0
1990-05-03 13:00:00+00:00,21.82,96.15,0.0,0.0,0.0,409.7,1.52,86.0,100840.0
1990-05-03 14:00:00+00:00,21.58,99.4,0.0,0.0,0.0,404.85,1.31,85.0,100870.0
1990-05-03 15:00:00+00:00,21.43,96.15,0.0,0.0,0.0,406.2,1.03,82.0,100870.0
1990-05-03 16:00:00+00:00,21.16,96.15,0.0,0.0,0.0,395.75,1.1,66.0,100850.0
1990-05-03 17:00:00+00:00,20.93,96.15,0.0,0.0,0.0,392.65,1.24,70.0,100800.0
1990-05-03 18:00:00+00:00,20.95,96.15,0.0,0.0,0.0,400.2,0.9,93.0,100770.0
1990-05-03 19:00:00+00:00,20.91,96.15,0.0,0.0,0.0,400.6,0.62,47.0,100730.0
1990-05-03 20:00:00+00:00,20.75,92.95,0.0,0.0,0.0,392.65,0.62,47.0,100760.0
1990-05-03 21:00:00+00:00,20.3,96.1,0.0,0.0,0.0,387.25,0.83,59.0,100770.0
1990-05-03 22:00:00+00:00,20.14,96.1,81.7,636.63,41.05,384.55,0.9,75.0,100800.0
1990-05-03 23:00:00+00:00,21.6,89.95,228.45,429.48,102.4,389.0,0.9,81.0,100840.0
1990-05-04 00:00:00+00:00,22.75,81.45,304.45,184.58,209.9,396.35,1.93,88.0,100880.0
1990-05-04 01:00:00+00:00,23.66,78.9,337.2,169.36,218.4,418.9,2.97,100.0,100890.0
1990-05-04 02:00:00+00:00,24.02,81.55,550.6,370.12,235.85,422.3,2.55,103.0,100920.0
1990-05-04 03:00:00+00:00,25.01,76.45,345.6,107.13,243.95,407.95,3.1,109.0,100900.0
1990-05-04 04:00:00+00:00,24.83,79.05,477.4,202.13,277.25,428.45,2.83,113.0,100860.0
1990-05-04 05:00:00+00:00,25.26,79.1,590.25,328.67,270.95,430.4,2.97,114.0,100810.0
1990-05-04 06:00:00+00:00,25.91,79.15,518.7,342.47,212.5,421.3,3.03,118.0,100740.0
1990-05-04 07:00:00+00:00,26.35,74.15,391.0,278.27,178.6,423.45,3.45,133.0,100680.0
1990-05-04 08:00:00+00:00,25.88,76.6,264.2,264.32,108.8,421.1,3.66,128.0,100620.0
1990-05-04 09:00:00+00:00,25.11,81.7,103.05,102.63,64.05,419.95,2.9,125.0,100660.0
1990-05-04 10:00:00+00:00,24.32,81.65,14.2,19.52,11.2,417.65,2.28,116.0,100640.0
1990-05-04 11:00:00+00:00,23.34,87.1,0.0,0.0,0.0,404.3,1.72,107.0,100700.0
1990-05-04 12:00:00+00:00,23.05,90.05,0.0,0.0,0.0,420.9,1.59,97.0,100760.0
1990-05-04 13:00:00+00:00,22.75,90.05,0.0,0.0,0.0,418.0,1.52,89.0,100790.0
1990-05-04 14:00:00+00:00,22.72,90.05,0.0,0.0,0.0,423.45,1.31,87.0,100830.0
1990-05-04 15:00:00+00:00,22.7,90.05,0.0,0.0,0.0,426.35,1.24,80.0,100830.0
1990-05-04 16:00:00+00:00,22.7,90.05,0.0,0.0,0.0,426.75,1.24,77.0,100800.0
1990-05-04 17:00:00+00:00,22.67,90.05,0.0,0.0,0.0,426.9,1.1,76.0,100740.0
1990-05-04 18:00:00+00:00,22.64,90.05,0.0,0.0,0.0,426.55,1.03,77.0,100690.0
1990-05-04 19:00:00+00:00,22.69,90.05,0.0,0.0,0.0,427.3,0.97,102.0,100580.0
1990-05-04 20:00:00+00:00,22.75,93.05,0.0,0.0,0.0,428.45,1.31,105.0,100600.0
1990-05-04 21:00:00+00:00,22.84,93.05,0.0,0.0,0.0,429.65,1.52,94.0,100600.0
1990-05-04 22:00:00+00:00,22.91,96.15,52.85,183.33,40.7,428.1,1.45,89.0,100630.0
1990-05-04 23:00:00+00:00,23.59,96.2,154.6,137.7,113.9,427.5,1.66,101.0,100670.0
1990-05-05 00:00:00+00:00,24.58,90.1,348.05,316.41,185.45,425.95,1.59,125.0,100710.0
1990-05-05 01:00:00+00:00,26.02,84.5,459.55,344.97,217.1,421.25,2.28,144.0,100700.0
1990-05-05 02:00:00+00:00,27.15,84.6,448.55,195.61,282.0,424.6,2.21,148.0,100720.0
1990-05-05 03:00:00+00:00,28.02,82.05,634.9,384.39,269.85,443.0,2.34,156.0,100670.0
1990-05-05 04:00:00+00:00,28.92,79.55,682.65,355.6,330.3,432.75,3.38,158.0,100590.0
1990-05-05 05:00:00+00:00,29.03,72.15,301.1,115.21,189.1,432.15,4.14,184.0,100550.0
1990-05-05 06:00:00+00:00,26.18,81.85,217.15,2.12,215.25,438.75,2.83,186.0,100560.0
1990-05-05 07:00:00+00:00,26.2,87.35,192.9,23.36,175.05,424.8,2.14,182.0,100440.0
1990-05-05 08:00:00+00:00,26.32,90.25,161.35,84.83,111.4,434.1,1.93,178.0,100390.0
1990-05-05 09:00:00+00:00,26.06,93.2,59.25,10.62,55.2,429.25,1.72,174.0,100380.0
1990-05-05 10:00:00+00:00,25.35,90.2,11.75,2.9,11.3,432.55,2.07,179.0,100390.0
1990-05-05 11:00:00+00:00,24.9,93.15,0.0,0.0,0.0,421.3,1.17,157.0,100490.0
1990-05-05 12:00:00+00:00,24.34,96.2,0.0,0.0,0.0,434.45,1.03,119.0,100510.0
1990-05-05 13:00:00+00:00,24.24,96.2,0.0,0.0,0.0,432.9,1.24,131.0,100540.0
1990-05-05 14:00:00+00:00,23.7,96.2,0.0,0.0,0.0,425.95,0.97,161.0,100600.0
1990-05-05 15:00:00+00:00,23.48,99.4,0.0,0.0,0.0,431.75,1.03,117.0,100580.0
1990-05-05 16:00:00+00:00,23.34,99.4,0.0,0.0,0.0,426.75,0.9,97.0,100510.0
1990-05-05 17:00:00+00:00,23.27,99.4,0.0,0.0,0.0,428.45,0.69,81.0,100450.0
1990-05-05 18:00:00+00:00,22.96,99.4,0.0,0.0,0.0,415.1,0.69,77.0,100380.0
1990-05-05 19:00:00+00:00,23.41,99.4,0.0,0.0,0.0,434.3,1.52,120.0,100300.0
1990-05-05 20:00:00+00:00,23.36,99.4,0.0,0.0,0.0,431.2,0.97,119.0,100320.0
1990-05-05 21:00:00+00:00,23.46,99.4,0.0,0.0,0.0,434.3,0.9,143.0,100320.0
1990-05-05 22:00:00+00:00,23.52,99.4,49.7,177.78,37.5,433.3,0.55,132.0,100330.0
1990-05-05 23:00:00+00:00,24.14,99.4,105.45,56.62,88.6,430.2,0.55,140.0,100430.0
1990-05-06 00:00:00+00:00,24.95,93.15,267.05,200.68,163.6,430.4,0.83,180.0,100470.0
1990-05-06 01:00:00+00:00,26.53,84.55,488.85,403.86,204.5,428.0,1.79,208.0,100490.0
1990-05-06 02:00:00+00:00,28.28,74.5,657.0,535.63,200.4,423.65,3.1,217.0,100520.0
1990-05-06 03:00:00+00:00,29.44,69.95,633.9,419.0,235.65,430.0,3.72,224.0,100450.0
1990-05-06 04:00:00+00:00,30.09,65.6,815.45,571.77,248.55,435.45,4.07,226.0,100350.0
1990-05-06 05:00:00+00:00,30.89,61.55,811.2,640.45,188.25,424.6,4.34,225.0,100260.0
1990-05-06 06:00:00+00:00,31.19,59.55,763.05,685.94,148.9,426.55,4.28,222.0,100170.0
1990-05-06 07:00:00+00:00,31.29,59.65,568.7,556.27,143.3,423.65,4.07,223.0,100070.0
1990-05-06 08:00:00+00:00,30.5,61.55,321.25,367.34,104.6,425.0,3.66,223.0,100070.0
1990-05-06 09:00:00+00:00,29.67,67.7,163.1,245.18,69.35,430.4,2.83,211.0,100080.0
1990-05-06 10:00:00+00:00,28.62,74.5,21.1,32.55,16.0,417.25,2.41,206.0,100140.0
1990-05-06 11:00:00+00:00,27.23,79.35,0.0,0.0,0.0,410.3,2.14,207.0,100220.0
1990-05-06 12:00:00+00:00,26.42,84.55,0.0,0.0,0.0,415.5,1.93,204.0,100290.0
1990-05-06 13:00:00+00:00,25.66,90.2,0.0,0.0,0.0,406.8,1.66,201.0,100350.0
1990-05-06 14:00:00+00:00,24.94,96.2,0.0,0.0,0.0,407.95,1.17,204.0,100390.0
1990-05-06 15:00:00+00:00,25.28,90.2,0.0,0.0,0.0,401.95,0.55,213.0,100430.0
1990-05-06 16:00:00+00:00,25.08,93.15,0.0,0.0,0.0,404.65,0.07,168.0,100400.0
1990-05-06 17:00:00+00:00,24.77,93.15,0.0,0.0,0.0,407.95,0.14,160.0,100350.0
1990-05-06 18:00:00+00:00,24.47,96.2,0.0,0.0,0.0,404.65,0.41,208.0,100290.0
1990-05-06 19:00:00+00:00,24.17,96.2,0.0,0.0,0.0,407.4,0.48,277.0,100210.0
1990-05-06 20:00:00+00:00,23.57,99.4,0.0,0.0,0.0,404.65,0.76,291.0,100230.0
1990-05-06 21:00:00+00:00,22.99,99.4,0.0,0.0,0.0,407.2,0.97,309.0,100280.0
1990-05-06 22:00:00+00:00,23.59,99.4,71.1,182.64,58.15,411.65,0.62,302.0,100330.0
1990-05-06 23:00:00+00:00,24.51,96.2,241.75,339.7,140.0,413.2,0.62,239.0,100400.0
1990-05-07 00:00:00+00:00,26.53,87.35,404.45,452.69,170.4,418.6,1.93,231.0,100430.0
1990-05-07 01:00:00+00:00,27.78,76.85,588.25,485.26,246.0,420.85,2.55,230.0,100450.0
1990-05-07 02:00:00+00:00,28.93,69.85,688.6,477.74,280.9,425.2,2.9,233.0,100480.0
1990-05-07 03:00:00+00:00,29.65,67.7,772.45,597.51,204.1,430.6,2.69,238.0,100460.0
1990-05-07 04:00:00+00:00,30.34,63.6,844.95,641.38,208.65,426.75,2.76,232.0,100390.0
1990-05-07 05:00:00+00:00,31.04,65.7,748.35,563.44,200.0,424.8,2.76,228.0,100320.0
1990-05-07 06:00:00+00:00,31.22,61.65,755.4,672.16,153.2,431.2,2.9,215.0,100220.0
1990-05-07 07:00:00+00:00,31.3,57.75,576.6,553.2,153.15,422.85,2.55,213.0,100160.0
1990-05-07 08:00:00+00:00,30.86,59.55,360.95,404.94,121.75,421.9,2.48,209.0,100140.0
1990-05-07 09:00:00+00:00,30.17,61.45,139.8,141.43,85.55,419.75,1.79,190.0,100160.0
1990-05-07 10:00:00+00:00,28.95,67.6,18.8,23.39,15.1,418.0,1.86,173.0,100200.0
1990-05-07 11:00:00+00:00,27.58,74.3,0.0,0.0,0.0,415.7,1.66,186.0,100250.0
1990-05-07 12:00:00+00:00,26.62,81.85,0.0,0.0,0.0,415.9,1.31,166.0,100340.0
1990-05-07 13:00:00+00:00,25.71,87.3,0.0,0.0,0.0,414.35,1.31,151.0,100440.0
1990-05-07 14:00:00+00:00,24.76,93.15,0.0,0.0,0.0,405.45,1.03,148.0,100490.0
1990-05-07 15:00:00+00:00,25.06,93.15,0.0,0.0,0.0,407.2,0.62,128.0,100520.0
1990-05-07 16:00:00+00:00,24.02,96.2,0.0,0.0,0.0,408.35,0.97,105.0,100450.0
1990-05-07 17:00:00+00:00,23.49,99.4,0.0,0.0,0.0,403.1,1.24,102.0,100400.0
1990-05-07 18:00:00+00:00,23.19,99.4,0.0,0.0,0.0,399.85,1.24,95.0,100340.0
1990-05-07 19:00:00+00:00,23.25,99.4,0.0,0.0,0.0,405.25,1.1,91.0,100380.0
1990-05-07 20:00:00+00:00,23.54,100.0,0.0,0.0,0.0,423.05,1.17,102.0,100400.0
1990-05-07 21:00:00+00:00,23.96,99.4,0.0,0.0,0.0,435.25,1.31,104.0,100440.0
1990-05-07 22:00:00+00:00,24.12,100.0,37.05,54.03,33.1,439.5,1.38,109.0,100460.0
1990-05-07 23:00:00+00:00,24.45,99.4,80.3,12.94,76.4,440.85,1.79,115.0,100530.0
1990-05-08 00:00:00+00:00,24.79,93.15,205.65,126.04,140.3,441.65,2.14,122.0,100550.0
1990-05-08 01:00:00+00:00,25.51,93.15,290.95,73.4,239.1,436.9,2.14,132.0,100580.0
1990-05-08 02:00:00+00:00,26.69,84.6,486.7,278.6,248.7,442.0,2.21,143.0,100630.0
1990-05-08 03:00:00+00:00,27.45,84.65,668.2,446.69,243.0,440.1,2.97,152.0,100610.0
1990-05-08 04:00:00+00:00,28.23,79.5,683.3,453.04,233.6,425.55,3.17,157.0,100570.0
1990-05-08 05:00:00+00:00,29.02,79.55,710.25,477.44,245.35,437.55,2.97,160.0,100500.0
1990-05-08 06:00:00+00:00,29.74,77.15,592.95,443.67,195.2,445.3,3.03,163.0,100410.0
1990-05-08 07:00:00+00:00,28.63,76.95,450.05,328.72,198.2,437.35,2.76,191.0,100360.0
1990-05-08 08:00:00+00:00,28.41,79.5,324.6,353.52,115.45,426.55,2.28,184.0,100320.0
1990-05-08 09:00:00+00:00,28.35,79.5,153.2,216.24,70.0,421.1,2.28,182.0,100280.0
1990-05-08 10:00:00+00:00,27.65,81.95,17.95,42.27,11.2,421.9,2.07,177.0,100280.0
1990-05-08 11:00:00+00:00,26.78,84.6,0.0,0.0,0.0,424.8,1.59,146.0,100300.0
1990-05-08 12:00:00+00:00,25.95,93.2,0.0,0.0,0.0,411.65,1.52,132.0,100400.0
1990-05-08 13:00:00+00:00,25.22,96.25,0.0,0.0,0.0,401.4,1.38,128.0,100450.0
1990-05-08 14:00:00+00:00,24.58,99.4,0.0,0.0,0.0,401.55,1.31,124.0,100490.0
1990-05-08 15:00:00+00:00,24.07,99.4,0.0,0.0,0.0,399.05,1.1,124.0,100490.0
1990-05-08 16:00:00+00:00,23.85,99.4,0.0,0.0,0.0,403.3,0.97,128.0,100450.0
1990-05-08 17:00:00+00:00,23.95,99.4,0.0,0.0,0.0,411.65,0.83,124.0,100400.0
1990-05-08 18:00:00+00:00,24.47,99.4,0.0,0.0,0.0,424.6,0.41,101.0,100360.0
1990-05-08 19:00:00+00:00,24.75,96.2,0.0,0.0,0.0,429.05,0.21,235.0,100330.0
1990-05-08 20:00:00+00:00,24.71,96.2,0.0,0.0,0.0,436.0,0.14,53.0,100310.0
1990-05-08 21:00:00+00:00,24.47,99.4,0.0,0.0,0.0,433.1,0.41,63.0,100340.0
1990-05-08 22:00:00+00:00,24.27,99.4,81.0,350.18,54.65,423.65,0.55,72.0,100380.0
1990-05-08 23:00:00+00:00,25.24,93.15,256.65,480.88,110.85,421.1,0.48,154.0,100430.0
1990-05-09 00:00:00+00:00,26.49,87.35,405.75,487.8,152.15,402.95,1.79,216.0,100460.0
1990-05-09 01:00:00+00:00,27.7,76.85,500.1,440.82,188.2,423.15,2.21,215.0,100470.0
1990-05-09 02:00:00+00:00,28.84,72.15,599.15,412.58,246.35,430.0,2.62,218.0,100480.0
1990-05-09 03:00:00+00:00,29.59,69.95,687.8,472.32,237.9,436.4,2.76,226.0,100450.0
1990-05-09 04:00:00+00:00,30.3,63.6,822.65,627.59,199.35,437.55,3.03,230.0,100380.0
1990-05-09 05:00:00+00:00,30.93,63.6,757.55,582.09,190.45,437.95,3.31,231.0,100310.0
1990-05-09 06:00:00+00:00,31.11,63.6,768.15,680.89,157.35,432.75,3.17,227.0,100230.0
1990-05-09 07:00:00+00:00,31.51,59.65,587.95,575.33,146.75,423.25,3.72,219.0,100120.0
1990-05-09 08:00:00+00:00,30.98,61.55,371.9,424.86,120.15,422.1,3.38,217.0,100070.0
1990-05-09 09:00:00+00:00,30.12,65.6,164.3,250.41,67.65,414.9,2.69,203.0,100070.0
1990-05-09 10:00:00+00:00,28.76,69.85,27.05,72.58,15.35,408.9,2.48,193.0,100120.0
1990-05-09 11:00:00+00:00,27.17,79.3,0.0,0.0,0.0,398.65,2.14,189.0,100200.0
1990-05-09 12:00:00+00:00,26.06,84.5,0.0,0.0,0.0,393.85,1.86,192.0,100260.0
1990-05-09 13:00:00+00:00,25.24,87.3,0.0,0.0,0.0,389.75,1.59,200.0,100320.0
1990-05-09 14:00:00+00:00,24.36,93.1,0.0,0.0,0.0,391.1,1.1,205.0,100390.0
1990-05-09 15:00:00+00:00,25.03,90.15,0.0,0.0,0.0,387.65,0.55,212.0,100390.0
1990-05-09 16:00:00+00:00,24.61,93.1,0.0,0.0,0.0,385.9,0.14,218.0,100350.0
1990-05-09 17:00:00+00:00,24.11,96.2,0.0,0.0,0.0,383.2,0.21,325.0,100290.0
1990-05-09 18:00:00+00:00,23.7,96.2,0.0,0.0,0.0,382.4,0.48,331.0,100240.0
1990-05-09 19:00:00+00:00,23.86,96.2,0.0,0.0,0.0,388.2,0.62,342.0,100200.0
1990-05-09 20:00:00+00:00,23.66,96.2,0.0,0.0,0.0,388.2,0.69,340.0,100230.0
1990-05-09 21:00:00+00:00,23.48,99.4,0.0,0.0,0.0,388.2,0.62,332.0,100290.0
1990-05-09 22:00:00+00:00,23.38,99.4,100.65,573.66,56.3,393.05,0.55,328.0,100360.0
1990-05-09 23:00:00+00:00,24.6,96.2,284.1,517.18,126.4,407.2,0.48,300.0,100440.0
1990-05-10 00:00:00+00:00,26.49,84.55,453.9,537.5,173.75,411.05,1.72,277.0,100530.0
1990-05-10 01:00:00+00:00,27.82,76.85,645.1,624.71,202.45,413.7,2.0,284.0,100550.0
1990-05-10 02:00:00+00:00,29.1,69.85,857.95,815.29,160.15,408.9,2.14,284.0,100540.0
1990-05-10 03:00:00+00:00,30.39,61.55,824.6,653.69,201.55,416.85,2.28,281.0,100480.0
1990-05-10 04:00:00+00:00,31.21,61.55,894.7,663.41,235.5,429.45,2.34,275.0,100410.0
1990-05-10 05:00:00+00:00,31.94,55.95,800.8,580.58,234.9,424.6,2.28,267.0,100300.0
1990-05-10 06:00:00+00:00,32.38,54.25,727.95,615.64,175.35,435.25,2.07,258.0,100190.0
1990-05-10 07:00:00+00:00,33.0,54.4,597.65,616.3,124.6,426.9,2.0,256.0,100030.0
1990-05-10 08:00:00+00:00,32.97,52.65,352.7,408.03,110.55,429.25,1.38,250.0,100020.0
1990-05-10 09:00:00+00:00,32.49,54.25,173.15,280.63,64.5,434.85,0.76,210.0,100050.0
1990-05-10 10:00:00+00:00,31.17,63.6,26.25,68.52,15.1,424.6,0.62,164.0,100110.0
1990-05-10 11:00:00+00:00,29.55,69.95,0.0,0.0,0.0,418.6,0.41,219.0,100220.0
1990-05-10 12:00:00+00:00,28.85,72.15,0.0,0.0,0.0,425.95,0.21,234.0,100320.0
1990-05-10 13:00:00+00:00,27.42,81.95,0.0,0.0,0.0,424.0,0.69,118.0,100390.0
1990-05-10 14:00:00+00:00,27.03,87.4,0.0,0.0,0.0,422.45,0.62,99.0,100450.0
1990-05-10 15:00:00+00:00,26.67,90.25,0.0,0.0,0.0,411.45,0.48,43.0,100500.0
1990-05-10 16:00:00+00:00,25.83,93.2,0.0,0.0,0.0,408.9,0.69,22.0,100490.0
1990-05-10 17:00:00+00:00,24.87,99.4,0.0,0.0,0.0,407.95,0.83,28.0,100480.0
1990-05-10 18:00:00+00:00,24.29,99.4,0.0,0.0,0.0,408.55,0.97,39.0,100460.0
1990-05-10 19:00:00+00:00,24.04,99.4,0.0,0.0,0.0,407.0,1.59,54.0,100460.0
1990-05-10 20:00:00+00:00,24.22,96.2,0.0,0.0,0.0,415.9,1.79,67.0,100520.0
1990-05-10 21:00:00+00:00,24.23,96.2,0.0,0.0,0.0,413.55,2.21,80.0,100550.0
1990-05-10 22:00:00+00:00,24.42,93.1,27.95,9.46,27.2,439.3,2.83,74.0,100610.0
1990-05-10 23:00:00+00:00,24.55,93.1,68.5,5.87,66.7,437.55,3.03,75.0,100720.0
1990-05-11 00:00:00+00:00,24.59,93.1,187.2,66.22,152.6,436.4,2.76,79.0,100780.0
1990-05-11 01:00:00+00:00,24.95,87.25,297.2,134.03,202.1,435.55,3.17,79.0,100840.0
1990-05-11 02:00:00+00:00,25.4,84.45,349.85,116.39,250.15,432.9,3.66,81.0,100890.0
1990-05-11 03:00:00+00:00,25.7,81.8,520.25,241.38,290.05,437.4,3.93,84.0,100900.0
1990-05-11 04:00:00+00:00,26.41,79.2,676.95,377.92,301.25,434.85,4.55,90.0,100840.0
1990-05-11 05:00:00+00:00,27.36,71.9,769.85,568.92,215.05,432.9,4.41,98.0,100770.0
1990-05-11 06:00:00+00:00,27.86,69.65,614.6,502.32,163.45,423.65,4.28,104.0,100680.0
1990-05-11 07:00:00+00:00,27.52,71.9,480.6,448.48,136.05,416.65,4.34,105.0,100640.0
1990-05-11 08:00:00+00:00,26.96,71.85,385.65,462.24,110.9,410.1,4.21,106.0,100590.0
1990-05-11 09:00:00+00:00,26.34,74.15,188.6,303.58,70.7,409.7,4.07,102.0,100600.0
1990-05-11 10:00:00+00:00,25.3,76.5,27.65,70.02,16.15,391.7,3.24,105.0,100630.0
1990-05-11 11:00:00+00:00,24.13,84.35,0.0,0.0,0.0,388.0,2.62,104.0,100680.0
1990-05-11 12:00:00+00:00,23.29,87.1,0.0,0.0,0.0,380.3,2.21,102.0,100770.0
1990-05-11 13:00:00+00:00,22.68,90.05,0.0,0.0,0.0,376.0,1.93,100.0,100850.0
1990-05-11 14:00:00+00:00,22.32,90.0,0.0,0.0,0.0,380.1,1.86,103.0,100940.0
1990-05-11 15:00:00+00:00,21.94,93.0,0.0,0.0,0.0,377.4,1.93,104.0,100960.0
1990-05-11 16:00:00+00:00,21.61,93.0,0.0,0.0,0.0,377.2,1.86,97.0,100920.0
1990-05-11 17:00:00+00:00,21.16,93.0,0.0,0.0,0.0,371.95,1.59,91.0,100840.0
1990-05-11 18:00:00+00:00,20.92,96.15,0.0,0.0,0.0,380.65,1.24,85.0,100780.0
1990-05-11 19:00:00+00:00,20.83,96.15,0.0,0.0,0.0,375.05,0.83,80.0,100820.0
1990-05-11 20:00:00+00:00,20.95,96.15,0.0,0.0,0.0,375.45,0.69,92.0,100810.0
1990-05-11 21:00:00+00:00,20.89,92.95,0.0,0.0,0.0,376.4,0.69,105.0,100830.0
1990-05-11 22:00:00+00:00,21.11,92.95,114.25,725.22,55.35,379.5,0.55,91.0,100860.0
1990-05-11 23:00:00+00:00,22.09,89.95,249.95,434.02,116.2,384.55,0.97,63.0,100910.0
1990-05-12 00:00:00+00:00,23.3,78.85,487.9,620.71,162.85,391.1,1.93,61.0,100930.0
1990-05-12 01:00:00+00:00,24.84,73.95,653.3,570.06,248.3,393.35,1.86,69.0,100960.0
1990-05-12 02:00:00+00:00,26.62,69.4,769.8,588.3,265.45,408.75,1.66,77.0,100960.0
1990-05-12 03:00:00+00:00,27.82,65.2,661.05,388.44,290.4,414.35,1.24,84.0,100910.0
1990-05-12 04:00:00+00:00,28.3,65.3,899.65,618.97,284.05,420.9,0.97,92.0,100820.0
1990-05-12 05:00:00+00:00,29.55,61.35,788.4,542.79,258.85,423.85,0.69,118.0,100700.0
1990-05-12 06:00:00+00:00,30.19,61.45,719.1,571.91,205.15,437.0,0.97,150.0,100580.0
1990-05-12 07:00:00+00:00,30.29,61.55,570.0,529.56,162.8,434.65,1.17,149.0,100510.0
1990-05-12 08:00:00+00:00,29.96,65.6,380.4,456.41,108.7,434.1,1.59,153.0,100450.0
1990-05-12 09:00:00+00:00,29.06,69.85,178.95,275.94,71.45,425.4,1.72,147.0,100430.0
1990-05-12 10:00:00+00:00,27.7,74.4,26.6,64.55,15.9,426.15,1.86,143.0,100430.0
1990-05-12 11:00:00+00:00,26.0,84.5,0.0,0.0,0.0,409.7,1.79,132.0,100520.0
1990-05-12 12:00:00+00:00,24.85,87.25,0.0,0.0,0.0,408.75,1.66,121.0,100590.0
1990-05-12 13:00:00+00:00,23.97,93.1,0.0,0.0,0.0,399.45,1.38,113.0,100650.0
1990-05-12 14:00:00+00:00,23.43,96.2,0.0,0.0,0.0,395.75,1.24,104.0,100730.0
1990-05-12 15:00:00+00:00,23.0,99.4,0.0,0.0,0.0,392.85,1.03,106.0,100740.0
1990-05-12 16:00:00+00:00,22.5,99.4,0.0,0.0,0.0,392.1,0.9,104.0,100690.0
1990-05-12 17:00:00+00:00,22.28,99.4,0.0,0.0,0.0,392.1,0.69,106.0,100640.0
1990-05-12 18:00:00+00:00,22.5,99.4,0.0,0.0,0.0,394.0,0.48,103.0,100600.0
1990-05-12 19:00:00+00:00,22.3,99.4,0.0,0.0,0.0,405.85,0.41,55.0,100560.0
1990-05-12 20:00:00+00:00,22.29,99.4,0.0,0.0,0.0,412.6,0.21,74.0,100550.0
1990-05-12 21:00:00+00:00,22.23,99.4,0.0,0.0,0.0,418.4,0.28,323.0,100580.0
1990-05-12 22:00:00+00:00,22.26,99.4,78.85,302.19,53.75,422.1,0.76,321.0,100640.0
1990-05-12 23:00:00+00:00,22.83,96.15,234.2,326.63,133.05,424.0,1.45,335.0,100680.0
1990-05-13 00:00:00+00:00,24.54,87.2,353.6,354.32,167.65,419.55,1.52,345.0,100740.0
1990-05-13 01:00:00+00:00,26.14,79.15,428.25,217.27,273.7,419.85,2.07,357.0,100730.0
1990-05-13 02:00:00+00:00,27.16,74.25,469.85,207.77,291.6,437.2,2.55,354.0,100740.0
1990-05-13 03:00:00+00:00,27.47,71.9,636.35,380.6,273.0,436.0,3.1,346.0,100740.0
1990-05-13 04:00:00+00:00,27.77,69.65,786.25,530.92,258.0,428.3,3.45,345.0,100690.0
1990-05-13 05:00:00+00:00,28.48,69.75,705.5,532.16,186.1,419.2,3.24,358.0,100630.0
1990-05-13 06:00:00+00:00,29.05,65.4,375.25,190.51,203.95,426.15,2.41,5.0,100570.0
1990-05-13 07:00:00+00:00,27.56,65.1,291.95,138.44,185.4,433.9,3.03,352.0,100570.0
1990-05-13 08:00:00+00:00,26.94,62.9,166.15,68.85,125.1,433.5,3.24,350.0,100550.0
1990-05-13 09:00:00+00:00,26.27,60.7,56.85,15.35,50.85,435.85,2.97,347.0,100580.0
1990-05-13 10:00:00+00:00,25.17,60.45,10.2,1.79,9.9,421.9,3.17,349.0,100630.0
1990-05-13 11:00:00+00:00,24.16,62.35,0.0,0.0,0.0,426.15,3.59,351.0,100690.0
1990-05-13 12:00:00+00:00,23.06,62.05,0.0,0.0,0.0,421.7,3.93,348.0,100810.0
1990-05-13 13:00:00+00:00,21.93,64.0,0.0,0.0,0.0,415.9,3.66,344.0,100910.0
1990-05-13 14:00:00+00:00,21.18,63.9,0.0,0.0,0.0,414.75,3.31,341.0,100960.0
1990-05-13 15:00:00+00:00,20.76,63.8,0.0,0.0,0.0,414.35,2.9,339.0,100960.0
1990-05-13 16:00:00+00:00,20.44,65.95,0.0,0.0,0.0,409.7,2.48,334.0,100900.0
1990-05-13 17:00:00+00:00,20.16,65.95,0.0,0.0,0.0,404.85,2.34,328.0,100850.0
1990-05-13 18:00:00+00:00,19.97,65.95,0.0,0.0,0.0,405.85,2.28,328.0,100810.0
1990-05-13 19:00:00+00:00,20.02,63.7,0.0,0.0,0.0,404.1,2.41,325.0,100840.0
1990-05-13 20:00:00+00:00,19.71,63.7,0.0,0.0,0.0,394.4,2.28,327.0,100830.0
1990-05-13 21:00:00+00:00,19.47,68.2,0.0,0.0,0.0,390.15,2.21,327.0,100820.0
1990-05-13 22:00:00+00:00,19.19,70.65,101.5,686.08,43.3,378.55,2.07,328.0,100870.0
1990-05-13 23:00:00+00:00,19.56,70.65,276.75,570.52,99.25,372.75,2.34,337.0,100930.0
1990-05-14 00:00:00+00:00,20.59,70.7,488.1,664.23,138.8,377.0,2.83,352.0,100940.0
1990-05-14 01:00:00+00:00,22.06,68.6,583.15,560.59,183.95,372.85,3.24,17.0,100930.0
1990-05-14 02:00:00+00:00,23.53,64.3,603.75,353.4,300.35,383.95,3.86,40.0,100910.0
1990-05-14 03:00:00+00:00,24.55,62.35,639.8,340.32,314.75,404.1,3.59,45.0,100870.0
1990-05-14 04:00:00+00:00,25.37,58.45,560.7,243.28,318.55,410.1,3.24,47.0,100800.0
1990-05-14 05:00:00+00:00,25.79,56.6,512.9,208.16,309.65,415.9,2.83,54.0,100690.0
1990-05-14 06:00:00+00:00,26.04,58.55,460.3,251.87,233.7,420.75,2.69,65.0,100610.0
1990-05-14 07:00:00+00:00,26.12,58.55,362.7,184.34,220.7,422.45,2.21,69.0,100560.0
1990-05-14 08:00:00+00:00,26.05,58.55,215.35,126.69,139.7,424.8,2.07,75.0,100490.0
1990-05-14 09:00:00+00:00,25.46,60.45,135.9,135.08,82.95,419.2,1.72,95.0,100490.0
1990-05-14 10:00:00+00:00,24.66,62.45,16.85,26.66,12.35,410.45,1.86,113.0,100520.0
1990-05-14 11:00:00+00:00,23.57,66.55,0.0,0.0,0.0,413.95,2.07,113.0,100560.0
1990-05-14 12:00:00+00:00,22.86,68.75,0.0,0.0,0.0,412.0,2.07,105.0,100610.0
1990-05-14 13:00:00+00:00,22.16,71.05,0.0,0.0,0.0,396.15,2.21,105.0,100680.0
1990-05-14 14:00:00+00:00,21.43,73.35,0.0,0.0,0.0,379.1,2.41,106.0,100780.0
1990-05-14 15:00:00+00:00,20.9,70.8,0.0,0.0,0.0,380.65,2.34,99.0,100810.0
1990-05-14 16:00:00+00:00,20.7,68.4,0.0,0.0,0.0,393.25,1.93,85.0,100760.0
1990-05-14 17:00:00+00:00,20.63,68.4,0.0,0.0,0.0,404.1,1.17,60.0,100690.0
1990-05-14 18:00:00+00:00,20.28,81.15,0.0,0.0,0.0,396.35,0.55,33.0,100610.0
1990-05-14 19:00:00+00:00,19.91,70.7,0.0,0.0,0.0,377.95,1.17,88.0,100610.0
1990-05-14 20:00:00+00:00,19.56,78.35,0.0,0.0,0.0,376.4,0.9,65.0,100600.0
1990-05-14 21:00:00+00:00,19.48,75.7,0.0,0.0,0.0,378.75,0.83,50.0,100600.0
1990-05-14 22:00:00+00:00,19.87,73.2,62.25,174.52,47.15,397.7,0.97,55.0,100620.0
1990-05-14 23:00:00+00:00,20.64,66.05,273.65,502.57,116.6,395.75,1.1,44.0,100620.0
1990-05-15 00:00:00+00:00,21.74,57.65,529.9,757.3,130.9,382.0,2.07,33.0,100620.0
1990-05-15 01:00:00+00:00,22.94,54.0,664.6,699.87,165.7,372.65,2.62,35.0,100630.0
1990-05-15 02:00:00+00:00,23.92,52.35,782.85,698.91,182.45,377.0,2.62,50.0,100620.0
1990-05-15 03:00:00+00:00,24.85,52.6,760.0,515.74,267.2,385.5,2.69,66.0,100600.0
1990-05-15 04:00:00+00:00,25.44,52.75,670.0,390.23,281.45,394.8,2.97,71.0,100550.0
1990-05-15 05:00:00+00:00,25.56,56.5,564.0,240.43,329.15,405.05,3.03,73.0,100470.0
1990-05-15 06:00:00+00:00,25.61,58.45,516.95,321.05,227.95,409.7,2.83,71.0,100410.0
1990-05-15 07:00:00+00:00,25.78,56.6,266.0,108.82,182.1,401.4,3.03,78.0,100340.0
1990-05-15 08:00:00+00:00,25.19,58.45,161.2,80.51,113.05,407.95,2.9,78.0,100320.0
1990-05-15 09:00:00+00:00,24.29,64.5,102.85,101.86,62.8,405.05,2.0,93.0,100340.0
1990-05-15 10:00:00+00:00,23.91,68.95,15.85,18.49,12.7,406.6,1.93,95.0,100350.0
1990-05-15 11:00:00+00:00,23.26,71.25,0.0,0.0,0.0,406.4,1.93,94.0,100400.0
1990-05-15 12:00:00+00:00,22.87,73.6,0.0,0.0,0.0,412.2,2.21,87.0,100450.0
1990-05-15 13:00:00+00:00,22.55,76.1,0.0,0.0,0.0,408.75,2.34,79.0,100480.0
1990-05-15 14:00:00+00:00,22.06,78.65,0.0,0.0,0.0,397.3,2.28,71.0,100520.0
1990-05-15 15:00:00+00:00,21.72,78.65,0.0,0.0,0.0,396.95,2.21,79.0,100550.0
1990-05-15 16:00:00+00:00,21.41,81.3,0.0,0.0,0.0,408.35,2.14,80.0,100510.0
1990-05-15 17:00:00+00:00,21.11,84.05,0.0,0.0,0.0,405.85,2.0,69.0,100430.0
1990-05-15 18:00:00+00:00,20.88,84.05,0.0,0.0,0.0,402.15,1.72,61.0,100360.0
1990-05-15 19:00:00+00:00,21.26,78.55,0.0,0.0,0.0,405.45,1.52,53.0,100330.0
1990-05-15 20:00:00+00:00,21.13,78.55,0.0,0.0,0.0,409.7,1.38,49.0,100300.0
1990-05-15 21:00:00+00:00,20.52,89.85,0.0,0.0,0.0,407.4,1.1,31.0,100310.0
1990-05-15 22:00:00+00:00,20.59,92.95,26.8,60.13,21.5,406.0,0.97,20.0,100310.0
1990-05-15 23:00:00+00:00,20.99,86.9,101.25,52.9,84.65,404.3,0.69,26.0,100350.0
1990-05-16 00:00:00+00:00,21.65,84.1,164.95,58.26,134.2,407.2,0.76,34.0,100360.0
1990-05-16 01:00:00+00:00,22.08,84.1,176.8,55.57,137.15,407.85,0.9,80.0,100420.0
1990-05-16 02:00:00+00:00,22.19,84.15,179.35,37.29,147.3,417.05,1.1,77.0,100450.0
1990-05-16 03:00:00+00:00,22.39,87.05,186.45,17.0,170.2,418.8,1.24,43.0,100440.0
1990-05-16 04:00:00+00:00,22.71,84.25,178.15,8.03,170.15,420.15,1.66,36.0,100400.0
1990-05-16 05:00:00+00:00,22.85,87.1,153.2,3.17,150.1,419.2,1.59,29.0,100350.0
1990-05-16 06:00:00+00:00,23.0,90.05,303.8,67.23,243.25,422.65,1.72,34.0,100280.0
1990-05-16 07:00:00+00:00,23.8,78.9,146.55,45.16,111.7,422.3,2.48,45.0,100210.0
1990-05-16 08:00:00+00:00,23.58,84.25,124.25,21.12,111.6,413.0,1.79,47.0,100160.0
1990-05-16 09:00:00+00:00,23.63,87.1,58.0,3.93,56.45,413.95,1.66,46.0,100150.0
1990-05-16 10:00:00+00:00,23.09,90.05,7.9,0.0,7.9,417.65,1.93,52.0,100150.0
1990-05-16 11:00:00+00:00,22.53,90.0,0.0,0.0,0.0,416.45,1.86,47.0,100180.0
1990-05-16 12:00:00+00:00,22.08,93.0,0.0,0.0,0.0,409.5,1.86,56.0,100220.0
1990-05-16 13:00:00+00:00,21.89,89.95,0.0,0.0,0.0,413.4,1.93,51.0,100280.0
1990-05-16 14:00:00+00:00,21.78,93.0,0.0,0.0,0.0,417.25,1.86,44.0,100310.0
1990-05-16 15:00:00+00:00,21.71,89.95,0.0,0.0,0.0,417.45,2.0,41.0,100290.0
1990-05-16 16:00:00+00:00,21.56,93.0,0.0,0.0,0.0,410.1,2.28,37.0,100190.0
1990-05-16 17:00:00+00:00,21.51,93.0,0.0,0.0,0.0,409.3,2.62,33.0,100070.0
1990-05-16 18:00:00+00:00,21.46,89.95,0.0,0.0,0.0,409.5,2.76,33.0,99960.0
1990-05-16 19:00:00+00:00,21.36,89.95,0.0,0.0,0.0,414.9,3.1,41.0,99910.0
1990-05-16 20:00:00+00:00,21.3,86.95,0.0,0.0,0.0,412.8,3.31,44.0,99900.0
1990-05-16 21:00:00+00:00,21.25,86.95,0.0,0.0,0.0,414.15,3.45,43.0,99860.0
1990-05-16 22:00:00+00:00,21.22,86.95,10.3,0.0,10.3,415.7,4.0,44.0,99810.0
1990-05-16 23:00:00+00:00,21.25,86.95,35.25,0.32,35.15,417.05,4.21,48.0,99810.0
1990-05-17 00:00:00+00:00,21.35,84.05,80.0,12.01,73.65,416.3,4.76,47.0,99750.0
1990-05-17 01:00:00+00:00,21.77,84.1,132.5,33.19,108.8,417.75,5.79,45.0,99710.0
1990-05-17 02:00:00+00:00,22.15,84.15,148.35,3.6,145.25,418.0,6.34,48.0,99630.0
1990-05-17 03:00:00+00:00,22.56,87.05,141.4,0.31,141.1,421.1,6.76,52.0,99560.0
1990-05-17 04:00:00+00:00,22.72,87.1,121.15,3.36,117.8,422.1,7.17,56.0,99470.0
1990-05-17 05:00:00+00:00,22.66,87.1,106.35,1.59,104.8,424.2,7.66,59.0,99340.0
1990-05-17 06:00:00+00:00,22.56,90.0,146.95,1.61,145.5,423.05,7.93,58.0,99180.0
1990-05-17 07:00:00+00:00,22.31,84.15,91.05,0.58,90.6,419.4,8.0,52.0,98940.0
1990-05-17 08:00:00+00:00,22.21,87.05,33.0,0.0,33.0,416.85,9.66,51.0,98880.0
1990-05-17 09:00:00+00:00,21.81,87.0,16.3,0.0,16.3,419.2,9.66,49.0,98830.0
1990-05-17 10:00:00+00:00,21.58,89.95,2.25,0.0,2.25,419.2,8.83,44.0,98760.0
1990-05-17 11:00:00+00:00,21.54,86.95,0.0,0.0,0.0,418.0,8.34,38.0,98700.0
1990-05-17 12:00:00+00:00,21.6,86.95,0.0,0.0,0.0,418.0,8.34,31.0,98690.0
1990-05-17 13:00:00+00:00,21.57,86.95,0.0,0.0,0.0,418.2,9.1,22.0,98640.0
1990-05-17 14:00:00+00:00,21.46,86.95,0.0,0.0,0.0,418.2,8.76,13.0,98660.0
1990-05-17 15:00:00+00:00,21.26,86.95,0.0,0.0,0.0,417.45,7.86,351.0,98630.0
1990-05-17 16:00:00+00:00,21.04,89.9,0.0,0.0,0.0,415.9,7.72,335.0,98610.0
1990-05-17 17:00:00+00:00,20.77,86.9,0.0,0.0,0.0,414.75,6.83,321.0,98640.0
1990-05-17 18:00:00+00:00,20.46,89.85,0.0,0.0,0.0,413.4,6.28,299.0,98790.0
1990-05-17 19:00:00+00:00,20.31,86.85,0.0,0.0,0.0,406.6,6.0,313.0,98800.0
1990-05-17 20:00:00+00:00,19.76,86.85,0.0,0.0,0.0,404.3,5.52,297.0,98970.0
1990-05-17 21:00:00+00:00,19.48,86.85,0.0,0.0,0.0,394.0,5.03,292.0,99120.0
1990-05-17 22:00:00+00:00,19.59,83.9,21.3,0.0,21.3,404.65,4.41,292.0,99290.0
1990-05-17 23:00:00+00:00,19.98,81.15,112.5,116.07,75.8,403.9,3.72,292.0,99400.0
1990-05-18 00:00:00+00:00,20.57,83.95,241.3,179.51,146.25,402.35,3.17,291.0,99480.0
1990-05-18 01:00:00+00:00,21.41,78.55,386.8,220.29,229.35,403.4,3.79,292.0,99590.0
1990-05-18 02:00:00+00:00,22.02,76.0,613.7,362.27,302.0,406.4,5.03,297.0,99660.0
1990-05-18 03:00:00+00:00,23.03,71.15,735.95,451.06,304.5,398.65,6.14,308.0,99680.0
1990-05-18 04:00:00+00:00,24.02,66.65,846.35,590.72,257.65,395.2,6.0,312.0,99690.0
1990-05-18 05:00:00+00:00,24.95,62.45,726.2,417.6,317.85,406.2,5.66,312.0,99670.0
1990-05-18 06:00:00+00:00,25.27,62.55,669.85,455.48,259.2,410.45,5.38,310.0,99650.0
1990-05-18 07:00:00+00:00,25.73,58.55,568.7,537.01,153.6,407.95,5.1,317.0,99700.0
1990-05-18 08:00:00+00:00,25.6,60.45,401.75,474.85,116.45,392.85,4.41,314.0,99750.0
1990-05-18 09:00:00+00:00,25.13,62.45,197.1,312.22,73.2,385.3,3.59,309.0,99770.0
1990-05-18 10:00:00+00:00,24.22,64.5,33.0,86.9,17.8,379.3,2.83,304.0,99830.0
1990-05-18 11:00:00+00:00,22.84,68.75,0.0,0.0,0.0,369.85,2.41,303.0,99920.0
1990-05-18 12:00:00+00:00,21.74,73.45,0.0,0.0,0.0,363.45,1.93,297.0,99960.0
1990-05-18 13:00:00+00:00,20.77,78.5,0.0,0.0,0.0,358.0,1.66,289.0,100040.0
1990-05-18 14:00:00+00:00,19.59,83.9,0.0,0.0,0.0,353.2,1.52,282.0,100070.0
1990-05-18 15:00:00+00:00,18.62,86.8,0.0,0.0,0.0,352.0,1.52,273.0,100080.0
1990-05-18 16:00:00+00:00,17.79,92.85,0.0,0.0,0.0,342.75,1.66,273.0,100060.0
1990-05-18 17:00:00+00:00,17.18,92.85,0.0,0.0,0.0,339.25,1.66,277.0,100010.0
1990-05-18 18:00:00+00:00,16.71,96.05,0.0,0.0,0.0,337.5,1.59,281.0,99980.0
1990-05-18 19:00:00+00:00,16.6,92.8,0.0,0.0,0.0,337.3,1.66,290.0,100020.0
1990-05-18 20:00:00+00:00,16.35,96.05,0.0,0.0,0.0,336.75,1.72,298.0,100050.0
1990-05-18 21:00:00+00:00,16.13,92.8,0.0,0.0,0.0,336.35,1.72,302.0,100080.0
1990-05-18 22:00:00+00:00,16.35,96.05,137.55,897.7,54.45,343.3,1.59,303.0,100150.0
1990-05-18 23:00:00+00:00,19.2,83.9,352.25,819.28,92.3,338.3,1.38,306.0,100200.0
1990-05-19 00:00:00+00:00,22.02,73.45,571.35,859.3,115.7,344.1,2.0,314.0,100200.0
1990-05-19 01:00:00+00:00,23.59,66.55,761.4,879.94,132.0,351.15,2.97,329.0,100230.0
1990-05-19 02:00:00+00:00,24.86,62.45,902.25,882.83,142.35,357.25,3.03,336.0,100220.0
1990-05-19 03:00:00+00:00,26.07,60.6,981.05,869.47,149.15,363.05,2.76,339.0,100220.0
1990-05-19 04:00:00+00:00,27.09,56.85,990.1,841.92,150.85,369.65,2.21,345.0,100190.0
1990-05-19 05:00:00+00:00,27.88,53.35,905.7,758.32,163.95,375.45,1.79,354.0,100160.0
1990-05-19 06:00:00+00:00,28.49,51.65,505.5,262.85,268.4,385.7,1.31,2.0,100100.0
1990-05-19 07:00:00+00:00,27.61,53.2,405.0,294.45,177.2,409.9,1.86,89.0,100090.0
1990-05-19 08:00:00+00:00,26.42,60.7,295.05,225.43,159.4,406.2,2.9,114.0,100090.0
1990-05-19 09:00:00+00:00,25.07,69.15,147.4,130.01,95.65,411.45,3.03,116.0,100140.0
1990-05-19 10:00:00+00:00,23.85,71.35,24.25,30.61,18.85,407.75,2.34,110.0,100210.0
1990-05-19 11:00:00+00:00,22.72,76.15,0.0,0.0,0.0,393.25,1.93,99.0,100300.0
1990-05-19 12:00:00+00:00,21.82,81.35,0.0,0.0,0.0,381.25,1.66,90.0,100360.0
1990-05-19 13:00:00+00:00,21.21,84.05,0.0,0.0,0.0,378.15,1.38,83.0,100430.0
1990-05-19 14:00:00+00:00,20.77,86.9,0.0,0.0,0.0,383.95,1.1,76.0,100450.0
1990-05-19 15:00:00+00:00,20.32,92.95,0.0,0.0,0.0,381.45,0.9,76.0,100450.0
1990-05-19 16:00:00+00:00,20.22,89.85,0.0,0.0,0.0,380.45,0.76,69.0,100430.0
1990-05-19 17:00:00+00:00,19.99,86.85,0.0,0.0,0.0,363.05,0.76,52.0,100400.0
1990-05-19 18:00:00+00:00,19.57,89.85,0.0,0.0,0.0,360.75,0.9,32.0,100340.0
1990-05-19 19:00:00+00:00,20.74,84.05,0.0,0.0,0.0,385.7,0.41,26.0,100340.0
1990-05-19 20:00:00+00:00,19.31,89.85,0.0,0.0,0.0,376.4,1.1,19.0,100340.0
1990-05-19 21:00:00+00:00,18.89,89.8,0.0,0.0,0.0,371.0,1.45,33.0,100350.0
1990-05-19 22:00:00+00:00,19.61,83.95,46.05,113.95,35.35,380.85,0.76,308.0,100450.0
1990-05-19 23:00:00+00:00,20.11,89.85,102.8,42.88,89.15,380.1,0.28,273.0,100560.0
1990-05-20 00:00:00+00:00,21.3,81.3,207.95,71.38,170.05,390.75,0.28,48.0,100600.0
1990-05-20 01:00:00+00:00,22.23,71.05,434.4,251.21,254.6,397.4,1.03,72.0,100620.0
1990-05-20 02:00:00+00:00,23.32,68.85,395.05,144.88,270.3,390.75,1.59,74.0,100620.0
1990-05-20 03:00:00+00:00,23.48,71.25,525.85,179.67,353.9,394.6,1.52,77.0,100610.0
1990-05-20 04:00:00+00:00,24.09,71.35,276.05,53.46,222.75,393.05,1.86,78.0,100550.0
1990-05-20 05:00:00+00:00,23.9,71.35,293.25,79.21,215.75,400.2,1.79,100.0,100520.0
1990-05-20 06:00:00+00:00,24.15,71.35,269.85,31.25,241.65,402.9,1.66,114.0,100510.0
1990-05-20 07:00:00+00:00,24.57,71.4,271.3,69.42,217.55,414.75,1.79,107.0,100450.0
1990-05-20 08:00:00+00:00,24.56,71.4,152.25,42.81,126.45,407.75,1.66,93.0,100430.0
1990-05-20 09:00:00+00:00,24.1,73.75,91.25,36.32,76.75,401.0,1.31,109.0,100420.0
1990-05-20 10:00:00+00:00,23.42,78.85,12.55,11.52,10.5,395.4,1.24,109.0,100470.0
1990-05-20 11:00:00+00:00,22.66,81.45,0.0,0.0,0.0,402.15,1.1,108.0,100510.0
1990-05-20 12:00:00+00:00,21.9,87.0,0.0,0.0,0.0,396.15,1.17,130.0,100600.0
1990-05-20 13:00:00+00:00,21.35,89.95,0.0,0.0,0.0,392.85,1.38,118.0,100660.0
1990-05-20 14:00:00+00:00,21.03,92.95,0.0,0.0,0.0,394.4,1.31,122.0,100700.0
1990-05-20 15:00:00+00:00,20.85,92.95,0.0,0.0,0.0,398.85,1.24,95.0,100680.0
1990-05-20 16:00:00+00:00,20.61,96.1,0.0,0.0,0.0,396.15,1.17,62.0,100620.0
1990-05-20 17:00:00+00:00,20.52,96.1,0.0,0.0,0.0,402.75,1.1,55.0,100560.0
1990-05-20 18:00:00+00:00,20.5,96.1,0.0,0.0,0.0,404.45,0.97,50.0,100520.0
1990-05-20 19:00:00+00:00,21.02,96.15,0.0,0.0,0.0,417.05,0.97,30.0,100480.0
1990-05-20 20:00:00+00:00,21.39,93.0,0.0,0.0,0.0,420.55,1.24,49.0,100480.0
1990-05-20 21:00:00+00:00,21.24,93.0,0.0,0.0,0.0,420.35,1.03,43.0,100520.0
1990-05-20 22:00:00+00:00,21.23,93.0,24.15,3.68,23.8,418.4,0.9,32.0,100570.0
1990-05-20 23:00:00+00:00,21.64,89.95,89.25,12.37,85.3,421.3,0.9,29.0,100600.0
1990-05-21 00:00:00+00:00,22.24,87.05,186.1,35.93,167.0,421.5,0.97,34.0,100590.0
1990-05-21 01:00:00+00:00,23.11,87.1,216.7,23.25,200.05,422.4,1.31,58.0,100610.0
1990-05-21 02:00:00+00:00,23.74,81.55,270.3,51.02,226.35,425.2,1.79,75.0,100610.0
1990-05-21 03:00:00+00:00,24.35,81.65,351.8,88.22,267.35,429.45,2.28,84.0,100610.0
1990-05-21 04:00:00+00:00,24.97,79.05,276.05,35.7,240.45,430.2,3.17,98.0,100590.0
1990-05-21 05:00:00+00:00,24.93,81.7,319.7,79.29,242.1,430.4,3.1,104.0,100550.0
1990-05-21 06:00:00+00:00,24.76,81.7,293.85,64.18,235.9,421.5,3.31,109.0,100490.0
1990-05-21 07:00:00+00:00,24.07,90.1,205.85,45.03,170.95,415.3,2.62,96.0,100380.0
1990-05-21 08:00:00+00:00,23.83,87.15,139.9,18.06,129.0,425.95,3.03,92.0,100340.0
1990-05-21 09:00:00+00:00,23.54,90.05,30.85,3.62,29.4,427.1,2.55,86.0,100350.0
1990-05-21 10:00:00+00:00,22.74,93.05,3.7,0.0,3.7,429.05,2.07,77.0,100360.0
1990-05-21 11:00:00+00:00,22.3,96.15,0.0,0.0,0.0,427.7,2.14,67.0,100430.0
1990-05-21 12:00:00+00:00,22.1,99.4,0.0,0.0,0.0,427.1,2.07,64.0,100490.0
1990-05-21 13:00:00+00:00,21.98,99.4,0.0,0.0,0.0,426.35,1.86,62.0,100560.0
1990-05-21 14:00:00+00:00,21.88,99.4,0.0,0.0,0.0,425.95,1.86,64.0,100600.0
1990-05-21 15:00:00+00:00,21.78,99.4,0.0,0.0,0.0,425.95,1.86,61.0,100560.0
1990-05-21 16:00:00+00:00,21.65,96.15,0.0,0.0,0.0,425.95,1.93,62.0,100490.0
1990-05-21 17:00:00+00:00,21.65,96.15,0.0,0.0,0.0,424.6,1.66,65.0,100450.0
1990-05-21 18:00:00+00:00,21.61,99.4,0.0,0.0,0.0,424.8,1.52,62.0,100380.0
1990-05-21 19:00:00+00:00,21.94,99.4,0.0,0.0,0.0,427.7,1.03,66.0,100320.0
1990-05-21 20:00:00+00:00,21.95,99.4,0.0,0.0,0.0,427.5,0.83,93.0,100310.0
1990-05-21 21:00:00+00:00,21.88,99.4,0.0,0.0,0.0,428.1,1.1,111.0,100310.0
1990-05-21 22:00:00+00:00,21.86,99.4,16.25,0.0,16.25,427.3,1.86,105.0,100340.0
1990-05-21 23:00:00+00:00,21.94,99.4,41.05,0.0,41.05,427.1,2.62,107.0,100350.0
1990-05-22 00:00:00+00:00,22.42,99.4,100.9,1.69,100.0,428.3,1.93,104.0,100380.0
1990-05-22 01:00:00+00:00,23.25,99.4,158.0,12.42,149.1,428.6,1.72,100.0,100370.0
1990-05-22 02:00:00+00:00,24.28,96.2,229.7,11.55,219.75,434.45,2.21,117.0,100340.0
1990-05-22 03:00:00+00:00,25.49,90.2,269.75,30.19,240.85,437.95,3.17,159.0,100320.0
1990-05-22 04:00:00+00:00,25.53,90.2,338.5,33.33,305.25,434.45,3.17,172.0,100260.0
1990-05-22 05:00:00+00:00,26.56,84.55,265.5,59.09,207.65,428.45,4.07,188.0,100210.0
1990-05-22 06:00:00+00:00,25.17,87.3,163.5,7.75,156.5,430.2,3.38,196.0,100180.0
1990-05-22 07:00:00+00:00,25.21,93.15,86.4,0.0,86.4,427.5,1.72,196.0,100230.0
1990-05-22 08:00:00+00:00,24.91,93.15,92.35,13.9,83.95,426.9,1.52,178.0,100180.0
1990-05-22 09:00:00+00:00,24.96,93.15,49.1,0.0,49.1,424.2,1.03,169.0,100180.0
1990-05-22 10:00:00+00:00,24.72,93.15,13.3,1.38,13.05,425.95,0.83,159.0,100180.0
1990-05-22 11:00:00+00:00,24.31,96.2,0.0,0.0,0.0,424.0,0.97,122.0,100240.0
1990-05-22 12:00:00+00:00,23.57,99.4,0.0,0.0,0.0,417.45,0.83,136.0,100310.0
1990-05-22 13:00:00+00:00,23.33,96.2,0.0,0.0,0.0,427.5,0.69,101.0,100340.0
1990-05-22 14:00:00+00:00,22.94,99.4,0.0,0.0,0.0,421.5,0.76,112.0,100390.0
1990-05-22 15:00:00+00:00,22.58,99.4,0.0,0.0,0.0,415.9,1.03,60.0,100410.0
1990-05-22 16:00:00+00:00,22.37,99.4,0.0,0.0,0.0,416.1,1.03,46.0,100360.0
1990-05-22 17:00:00+00:00,22.15,99.4,0.0,0.0,0.0,416.85,0.48,31.0,100320.0
1990-05-22 18:00:00+00:00,22.24,99.4,0.0,0.0,0.0,422.45,0.14,306.0,100270.0
1990-05-22 19:00:00+00:00,22.54,100.0,0.0,0.0,0.0,430.6,0.34,155.0,100250.0
1990-05-22 20:00:00+00:00,22.6,100.0,0.0,0.0,0.0,431.2,0.55,120.0,100250.0
1990-05-22 21:00:00+00:00,22.62,100.0,0.0,0.0,0.0,429.05,0.83,111.0,100270.0
1990-05-22 22:00:00+00:00,22.68,99.4,37.4,29.25,34.55,425.95,0.83,116.0,100330.0
1990-05-22 23:00:00+00:00,23.41,96.2,139.05,116.05,101.8,428.65,0.69,171.0,100380.0
1990-05-23 00:00:00+00:00,24.4,90.1,305.15,229.41,182.95,432.15,1.1,244.0,100380.0
1990-05-23 01:00:00+00:00,25.38,90.2,479.7,339.6,236.25,430.9,0.9,258.0,100400.0
1990-05-23 02:00:00+00:00,26.63,87.35,705.95,538.41,241.95,431.4,0.76,235.0,100400.0
1990-05-23 03:00:00+00:00,28.1,82.05,448.7,203.17,254.15,431.55,0.83,225.0,100390.0
1990-05-23 04:00:00+00:00,28.4,74.5,407.1,140.98,266.45,442.8,0.62,210.0,100300.0
1990-05-23 05:00:00+00:00,28.12,76.85,370.05,112.33,260.05,446.1,0.62,262.0,100270.0
1990-05-23 06:00:00+00:00,26.7,81.9,177.8,13.39,165.7,435.45,1.72,276.0,100200.0
1990-05-23 07:00:00+00:00,26.1,87.3,203.65,84.31,138.2,427.7,1.59,306.0,100230.0
1990-05-23 08:00:00+00:00,26.13,84.5,113.55,5.95,109.95,425.0,1.66,324.0,100210.0
1990-05-23 09:00:00+00:00,25.67,87.3,68.35,5.21,66.25,425.55,1.38,338.0,100200.0
1990-05-23 10:00:00+00:00,25.16,90.2,11.55,6.58,10.35,422.1,0.34,75.0,100210.0
1990-05-23 11:00:00+00:00,24.72,93.15,0.0,0.0,0.0,424.0,0.97,149.0,100250.0
1990-05-23 12:00:00+00:00,24.1,99.4,0.0,0.0,0.0,421.1,0.83,162.0,100310.0
1990-05-23 13:00:00+00:00,23.9,96.2,0.0,0.0,0.0,419.55,0.34,110.0,100340.0
1990-05-23 14:00:00+00:00,23.3,99.4,0.0,0.0,0.0,418.2,0.9,41.0,100390.0
1990-05-23 15:00:00+00:00,22.87,99.4,0.0,0.0,0.0,409.5,1.03,35.0,100400.0
1990-05-23 16:00:00+00:00,22.75,99.4,0.0,0.0,0.0,414.9,0.97,46.0,100340.0
1990-05-23 17:00:00+00:00,22.6,100.0,0.0,0.0,0.0,412.6,1.03,61.0,100320.0
1990-05-23 18:00:00+00:00,22.73,96.15,0.0,0.0,0.0,417.05,1.24,82.0,100280.0
1990-05-23 19:00:00+00:00,22.72,99.4,0.0,0.0,0.0,415.3,1.03,68.0,100280.0
1990-05-23 20:00:00+00:00,22.81,99.4,0.0,0.0,0.0,423.05,0.97,72.0,100280.0
1990-05-23 21:00:00+00:00,22.96,99.4,0.0,0.0,0.0,427.1,1.17,78.0,100320.0
1990-05-23 22:00:00+00:00,22.95,99.4,39.35,36.05,35.8,427.7,1.59,83.0,100380.0
1990-05-23 23:00:00+00:00,23.16,96.2,111.55,31.55,101.4,431.95,2.07,93.0,100410.0
1990-05-24 00:00:00+00:00,23.54,96.2,178.1,50.74,151.05,431.75,2.07,102.0,100480.0
1990-05-24 01:00:00+00:00,23.79,93.1,233.55,67.7,185.0,433.05,2.34,107.0,100500.0
1990-05-24 02:00:00+00:00,24.23,87.2,305.35,67.81,246.9,433.3,2.76,112.0,100500.0
1990-05-24 03:00:00+00:00,25.04,84.4,302.1,58.06,246.5,435.45,2.69,120.0,100510.0
1990-05-24 04:00:00+00:00,25.4,84.45,368.0,109.44,258.8,437.55,2.55,126.0,100450.0
1990-05-24 05:00:00+00:00,25.84,81.8,371.65,114.95,259.05,438.35,2.28,130.0,100390.0
1990-05-24 06:00:00+00:00,26.52,79.2,284.65,47.61,241.6,435.45,2.34,134.0,100300.0
1990-05-24 07:00:00+00:00,25.67,79.15,140.8,15.7,128.6,431.75,1.93,123.0,100330.0
1990-05-24 08:00:00+00:00,25.2,81.75,103.55,13.77,95.2,437.4,2.14,122.0,100270.0
1990-05-24 09:00:00+00:00,24.59,90.1,43.7,1.48,43.1,433.1,1.86,120.0,100270.0
1990-05-24 10:00:00+00:00,23.95,93.1,11.45,0.54,11.35,431.2,1.72,125.0,100300.0
1990-05-24 11:00:00+00:00,23.48,96.2,0.0,0.0,0.0,430.4,1.66,119.0,100370.0
1990-05-24 12:00:00+00:00,23.12,96.15,0.0,0.0,0.0,429.25,1.66,114.0,100400.0
1990-05-24 13:00:00+00:00,23.0,96.15,0.0,0.0,0.0,429.65,1.66,102.0,100510.0
1990-05-24 14:00:00+00:00,22.84,93.05,0.0,0.0,0.0,428.85,1.52,109.0,100580.0
1990-05-24 15:00:00+00:00,22.72,93.05,0.0,0.0,0.0,428.1,1.24,103.0,100600.0
1990-05-24 16:00:00+00:00,22.57,96.15,0.0,0.0,0.0,425.75,1.03,113.0,100560.0
1990-05-24 17:00:00+00:00,22.42,96.15,0.0,0.0,0.0,423.45,0.83,114.0,100480.0
1990-05-24 18:00:00+00:00,22.31,96.15,0.0,0.0,0.0,422.85,0.69,88.0,100430.0
1990-05-24 19:00:00+00:00,22.36,96.15,0.0,0.0,0.0,426.55,0.69,55.0,100380.0
1990-05-24 20:00:00+00:00,22.3,96.15,0.0,0.0,0.0,426.15,0.55,59.0,100380.0
1990-05-24 21:00:00+00:00,22.3,96.15,0.0,0.0,0.0,426.35,0.62,73.0,100380.0
1990-05-24 22:00:00+00:00,22.31,96.15,26.7,13.58,25.35,426.55,0.69,73.0,100420.0
1990-05-24 23:00:00+00:00,22.59,96.15,85.65,8.99,82.75,427.1,0.76,77.0,100450.0
1990-05-25 00:00:00+00:00,23.26,90.05,179.3,50.32,152.45,428.3,1.45,97.0,100480.0
1990-05-25 01:00:00+00:00,24.21,87.2,243.15,31.15,220.8,430.9,1.59,116.0,100480.0
1990-05-25 02:00:00+00:00,24.96,87.25,260.85,42.22,224.45,435.45,2.0,131.0,100510.0
1990-05-25 03:00:00+00:00,25.65,84.45,324.2,42.76,283.25,438.55,2.21,134.0,100500.0
1990-05-25 04:00:00+00:00,26.13,84.5,544.45,266.26,278.75,441.85,2.48,144.0,100440.0
1990-05-25 05:00:00+00:00,27.18,79.35,589.25,368.14,228.55,431.2,2.34,147.0,100360.0
1990-05-25 06:00:00+00:00,28.27,74.5,523.75,400.16,161.75,433.7,2.62,151.0,100200.0
1990-05-25 07:00:00+00:00,27.69,79.4,448.8,380.29,153.1,425.55,2.9,172.0,100230.0
1990-05-25 08:00:00+00:00,27.59,81.95,236.25,214.41,106.05,422.45,2.62,173.0,100160.0
1990-05-25 09:00:00+00:00,27.03,84.6,131.65,104.13,89.45,430.0,2.48,167.0,100160.0
1990-05-25 10:00:00+00:00,26.48,84.55,29.1,49.34,19.95,419.55,2.21,163.0,100200.0
1990-05-25 11:00:00+00:00,25.65,90.2,0.0,0.0,0.0,415.9,1.66,163.0,100290.0
1990-05-25 12:00:00+00:00,24.85,93.15,0.0,0.0,0.0,406.8,1.45,161.0,100340.0
1990-05-25 13:00:00+00:00,24.59,96.2,0.0,0.0,0.0,419.55,1.17,166.0,100400.0
1990-05-25 14:00:00+00:00,24.06,99.4,0.0,0.0,0.0,410.65,0.83,177.0,100490.0
1990-05-25 15:00:00+00:00,24.07,96.2,0.0,0.0,0.0,407.95,0.69,181.0,100500.0
1990-05-25 16:00:00+00:00,24.09,96.2,0.0,0.0,0.0,410.3,0.55,186.0,100480.0
1990-05-25 17:00:00+00:00,23.86,96.2,0.0,0.0,0.0,403.3,0.41,175.0,100430.0
1990-05-25 18:00:00+00:00,23.64,99.4,0.0,0.0,0.0,401.75,0.28,203.0,100380.0
1990-05-25 19:00:00+00:00,23.36,99.4,0.0,0.0,0.0,392.3,0.55,201.0,100340.0
1990-05-25 20:00:00+00:00,23.39,99.4,0.0,0.0,0.0,396.55,0.41,224.0,100360.0
1990-05-25 21:00:00+00:00,23.36,99.4,0.0,0.0,0.0,398.45,0.28,231.0,100400.0
1990-05-25 22:00:00+00:00,23.54,99.4,68.8,136.05,55.15,418.2,0.28,201.0,100420.0
1990-05-25 23:00:00+00:00,24.17,93.1,223.1,300.24,126.1,425.75,0.62,216.0,100460.0
1990-05-26 00:00:00+00:00,26.04,84.5,363.2,365.71,167.95,425.2,2.62,231.0,100490.0
1990-05-26 01:00:00+00:00,27.24,76.8,388.2,271.33,193.5,428.0,3.31,234.0,100510.0
1990-05-26 02:00:00+00:00,27.68,76.8,275.0,138.72,155.4,436.0,3.1,238.0,100540.0
1990-05-26 03:00:00+00:00,27.64,76.8,313.9,120.95,198.05,439.1,2.76,240.0,100530.0
1990-05-26 04:00:00+00:00,27.93,76.85,209.95,64.03,146.05,437.35,2.55,247.0,100500.0
1990-05-26 05:00:00+00:00,27.78,76.85,193.3,34.9,159.1,434.85,1.93,248.0,100440.0
1990-05-26 06:00:00+00:00,27.88,76.85,197.85,16.63,182.8,439.7,1.93,249.0,100360.0
1990-05-26 07:00:00+00:00,27.88,76.85,257.85,118.35,165.75,437.2,1.79,243.0,100250.0
1990-05-26 08:00:00+00:00,28.43,74.5,258.05,200.36,136.2,432.75,2.14,235.0,100180.0
1990-05-26 09:00:00+00:00,28.55,74.5,147.65,121.9,98.1,424.8,1.79,232.0,100140.0
1990-05-26 10:00:00+00:00,28.2,74.5,32.55,37.45,25.55,430.6,1.79,235.0,100180.0
1990-05-26 11:00:00+00:00,27.28,79.35,0.0,0.0,0.0,428.1,1.59,226.0,100260.0
1990-05-26 12:00:00+00:00,26.33,84.55,0.0,0.0,0.0,422.1,1.59,205.0,100310.0
1990-05-26 13:00:00+00:00,25.6,90.2,0.0,0.0,0.0,418.8,1.72,212.0,100380.0
1990-05-26 14:00:00+00:00,24.93,93.15,0.0,0.0,0.0,412.4,1.59,220.0,100430.0
1990-05-26 15:00:00+00:00,24.37,96.2,0.0,0.0,0.0,414.9,1.24,224.0,100450.0
1990-05-26 16:00:00+00:00,23.79,96.2,0.0,0.0,0.0,409.3,1.24,227.0,100410.0
1990-05-26 17:00:00+00:00,23.32,99.4,0.0,0.0,0.0,405.05,1.38,227.0,100340.0
1990-05-26 18:00:00+00:00,23.07,99.4,0.0,0.0,0.0,402.15,1.52,230.0,100260.0
1990-05-26 19:00:00+00:00,23.79,96.2,0.0,0.0,0.0,426.15,1.1,232.0,100220.0
1990-05-26 20:00:00+00:00,23.88,99.4,0.0,0.0,0.0,423.45,0.97,223.0,100210.0
1990-05-26 21:00:00+00:00,23.88,99.4,0.0,0.0,0.0,430.4,0.97,247.0,100210.0
1990-05-26 22:00:00+00:00,24.01,99.4,34.5,0.49,34.45,431.4,1.1,247.0,100280.0
1990-05-26 23:00:00+00:00,24.79,96.2,84.6,2.16,83.9,435.25,1.31,255.0,100320.0
1990-05-27 00:00:00+00:00,25.38,93.15,144.25,12.82,137.4,427.9,1.31,252.0,100330.0
1990-05-27 01:00:00+00:00,25.8,90.2,228.1,12.33,219.25,429.15,1.66,251.0,100390.0
1990-05-27 02:00:00+00:00,26.29,87.35,296.35,52.94,250.7,431.75,1.93,255.0,100420.0
1990-05-27 03:00:00+00:00,26.49,87.35,268.9,47.61,223.3,433.9,2.28,261.0,100440.0
1990-05-27 04:00:00+00:00,26.46,87.35,206.6,23.04,183.6,436.8,1.86,262.0,100400.0
1990-05-27 05:00:00+00:00,26.44,90.25,254.5,16.73,238.1,433.1,1.59,262.0,100340.0
1990-05-27 06:00:00+00:00,26.76,87.4,208.75,11.32,198.5,432.9,1.59,261.0,100280.0
1990-05-27 07:00:00+00:00,26.52,93.2,116.95,2.76,114.8,429.85,1.79,255.0,100170.0
1990-05-27 08:00:00+00:00,25.58,93.15,74.45,0.0,74.45,429.85,1.52,270.0,100120.0
1990-05-27 09:00:00+00:00,25.55,93.15,68.65,2.21,67.75,425.75,1.31,274.0,100140.0
1990-05-27 10:00:00+00:00,25.53,93.15,10.95,0.27,10.9,421.5,1.45,265.0,100170.0
1990-05-27 11:00:00+00:00,24.98,93.15,0.0,0.0,0.0,424.6,1.38,249.0,100210.0
1990-05-27 12:00:00+00:00,24.44,96.2,0.0,0.0,0.0,424.2,0.97,233.0,100240.0
1990-05-27 13:00:00+00:00,24.04,99.4,0.0,0.0,0.0,420.9,0.97,238.0,100290.0
1990-05-27 14:00:00+00:00,23.8,96.2,0.0,0.0,0.0,421.9,1.03,236.0,100330.0
1990-05-27 15:00:00+00:00,23.49,99.4,0.0,0.0,0.0,417.05,1.17,230.0,100350.0
1990-05-27 16:00:00+00:00,23.26,96.2,0.0,0.0,0.0,415.1,1.31,255.0,100330.0
1990-05-27 17:00:00+00:00,23.26,96.2,0.0,0.0,0.0,418.8,1.38,281.0,100270.0
1990-05-27 18:00:00+00:00,23.11,99.4,0.0,0.0,0.0,417.25,1.24,296.0,100220.0
1990-05-27 19:00:00+00:00,23.1,100.0,0.0,0.0,0.0,421.9,0.69,340.0,100190.0
1990-05-27 20:00:00+00:00,22.9,99.4,0.0,0.0,0.0,422.85,0.76,322.0,100180.0
1990-05-27 21:00:00+00:00,22.78,99.4,0.0,0.0,0.0,420.15,0.83,20.0,100170.0
1990-05-27 22:00:00+00:00,22.65,99.4,39.25,45.63,34.6,415.7,0.62,38.0,100200.0
1990-05-27 23:00:00+00:00,23.22,96.2,50.5,9.1,47.55,417.85,0.48,54.0,100250.0
1990-05-28 00:00:00+00:00,23.37,96.2,90.25,1.03,89.7,424.0,0.97,71.0,100260.0
1990-05-28 01:00:00+00:00,23.58,96.2,144.4,5.99,140.1,429.35,1.03,89.0,100290.0
1990-05-28 02:00:00+00:00,23.83,96.2,133.75,6.44,128.2,431.55,1.03,106.0,100310.0
1990-05-28 03:00:00+00:00,23.83,96.2,112.9,2.24,110.75,433.1,1.03,109.0,100290.0
1990-05-28 04:00:00+00:00,23.89,96.2,115.0,4.61,110.4,433.3,0.9,89.0,100260.0
1990-05-28 05:00:00+00:00,24.05,99.4,93.95,2.5,91.5,432.9,0.9,82.0,100190.0
1990-05-28 06:00:00+00:00,23.95,99.4,90.8,0.0,90.8,435.85,1.24,93.0,100100.0
1990-05-28 07:00:00+00:00,24.25,93.1,41.6,0.26,41.4,432.35,2.21,72.0,100050.0
1990-05-28 08:00:00+00:00,23.52,96.2,31.15,0.0,31.15,424.2,2.76,106.0,99980.0
1990-05-28 09:00:00+00:00,23.07,99.4,13.35,0.0,13.35,429.05,2.97,120.0,99920.0
1990-05-28 10:00:00+00:00,22.92,96.15,4.85,0.0,4.85,430.8,1.59,104.0,99990.0
1990-05-28 11:00:00+00:00,22.56,99.4,0.0,0.0,0.0,429.45,1.79,25.0,100070.0
1990-05-28 12:00:00+00:00,22.14,96.15,0.0,0.0,0.0,425.75,2.83,19.0,100140.0
1990-05-28 13:00:00+00:00,21.86,96.15,0.0,0.0,0.0,423.65,2.69,40.0,100220.0
1990-05-28 14:00:00+00:00,21.63,93.0,0.0,0.0,0.0,420.35,2.69,61.0,100220.0
1990-05-28 15:00:00+00:00,21.13,86.95,0.0,0.0,0.0,409.1,2.48,66.0,100250.0
1990-05-28 16:00:00+00:00,20.74,86.9,0.0,0.0,0.0,408.35,1.66,74.0,100220.0
1990-05-28 17:00:00+00:00,20.38,86.85,0.0,0.0,0.0,396.35,0.76,80.0,100160.0
1990-05-28 18:00:00+00:00,20.14,86.85,0.0,0.0,0.0,387.85,0.34,229.0,100130.0
1990-05-28 19:00:00+00:00,19.9,96.1,0.0,0.0,0.0,395.2,0.62,269.0,100100.0
1990-05-28 20:00:00+00:00,20.03,96.1,0.0,0.0,0.0,402.55,0.55,272.0,100100.0
1990-05-28 21:00:00+00:00,20.11,96.1,0.0,0.0,0.0,401.2,0.28,240.0,100100.0
1990-05-28 22:00:00+00:00,20.14,96.1,48.15,116.0,36.25,403.7,0.48,171.0,100140.0
1990-05-28 23:00:00+00:00,20.52,99.4,84.45,43.9,70.2,399.05,0.62,146.0,100210.0
1990-05-29 00:00:00+00:00,20.79,92.95,176.0,92.4,126.6,405.25,0.97,125.0,100230.0
1990-05-29 01:00:00+00:00,21.14,89.95,326.1,147.1,220.5,406.3,1.17,133.0,100270.0
1990-05-29 02:00:00+00:00,21.78,87.0,302.3,123.11,196.15,407.55,1.45,123.0,100280.0
1990-05-29 03:00:00+00:00,21.86,87.0,505.1,283.17,233.85,410.85,1.72,128.0,100260.0
1990-05-29 04:00:00+00:00,22.69,81.45,192.4,31.15,161.3,407.2,1.79,115.0,100240.0
1990-05-29 05:00:00+00:00,22.13,84.15,195.05,36.25,159.5,416.45,1.38,91.0,100210.0
1990-05-29 06:00:00+00:00,22.11,87.0,173.55,2.1,171.65,415.5,1.38,100.0,100170.0
1990-05-29 07:00:00+00:00,21.92,89.95,81.9,3.97,78.8,413.4,1.59,94.0,100210.0
1990-05-29 08:00:00+00:00,21.52,89.95,51.65,0.0,51.65,413.55,1.66,101.0,100180.0
1990-05-29 09:00:00+00:00,21.26,93.0,33.75,0.73,33.45,412.8,1.45,100.0,100170.0
1990-05-29 10:00:00+00:00,21.04,96.15,6.3,3.14,5.7,411.05,1.17,105.0,100200.0
1990-05-29 11:00:00+00:00,20.75,92.95,0.0,0.0,0.0,410.85,1.59,104.0,100210.0
1990-05-29 12:00:00+00:00,20.5,92.95,0.0,0.0,0.0,410.45,1.66,96.0,100270.0
1990-05-29 13:00:00+00:00,20.28,89.85,0.0,0.0,0.0,408.9,1.93,84.0,100330.0
1990-05-29 14:00:00+00:00,19.96,86.85,0.0,0.0,0.0,407.4,2.14,83.0,100380.0
1990-05-29 15:00:00+00:00,19.62,83.95,0.0,0.0,0.0,407.0,2.0,81.0,100410.0
1990-05-29 16:00:00+00:00,19.34,86.85,0.0,0.0,0.0,406.2,1.72,70.0,100410.0
1990-05-29 17:00:00+00:00,19.11,86.85,0.0,0.0,0.0,406.2,1.52,63.0,100350.0
1990-05-29 18:00:00+00:00,18.88,86.8,0.0,0.0,0.0,405.25,1.03,48.0,100290.0
1990-05-29 19:00:00+00:00,19.03,89.8,0.0,0.0,0.0,404.65,0.97,51.0,100270.0
1990-05-29 20:00:00+00:00,18.99,86.8,0.0,0.0,0.0,404.3,0.83,55.0,100250.0
1990-05-29 21:00:00+00:00,18.91,86.8,0.0,0.0,0.0,404.85,0.69,95.0,100280.0
1990-05-29 22:00:00+00:00,18.89,86.8,22.6,13.08,21.25,404.85,0.41,97.0,100260.0
1990-05-29 23:00:00+00:00,19.02,86.8,64.25,21.39,57.3,405.05,0.62,39.0,100340.0
1990-05-30 00:00:00+00:00,19.27,83.9,54.35,0.37,54.15,403.9,0.83,42.0,100370.0
1990-05-30 01:00:00+00:00,19.26,83.9,78.0,3.76,75.3,406.15,0.83,47.0,100410.0
1990-05-30 02:00:00+00:00,19.56,83.9,138.3,8.29,131.15,407.0,0.97,64.0,100430.0
1990-05-30 03:00:00+00:00,20.07,83.95,137.05,1.88,135.25,408.55,1.03,70.0,100420.0
1990-05-30 04:00:00+00:00,20.35,83.95,168.9,7.26,161.65,410.65,1.24,84.0,100390.0
1990-05-30 05:00:00+00:00,20.81,81.2,144.4,13.76,130.9,411.25,2.07,92.0,100350.0
1990-05-30 06:00:00+00:00,20.92,81.2,75.85,3.81,72.4,412.2,2.0,90.0,100300.0
1990-05-30 07:00:00+00:00,20.15,83.95,75.65,1.47,74.5,409.1,1.59,54.0,100340.0
1990-05-30 08:00:00+00:00,20.05,86.85,37.65,0.9,37.1,409.7,1.45,57.0,100290.0
1990-05-30 09:00:00+00:00,19.77,89.85,17.0,0.0,17.0,409.3,1.24,78.0,100300.0
1990-05-30 10:00:00+00:00,19.63,89.85,4.0,0.0,4.0,409.3,1.17,81.0,100310.0
1990-05-30 11:00:00+00:00,19.52,89.85,0.0,0.0,0.0,409.1,1.38,87.0,100350.0
1990-05-30 12:00:00+00:00,19.49,89.85,0.0,0.0,0.0,409.3,1.38,88.0,100430.0
1990-05-30 13:00:00+00:00,19.5,89.85,0.0,0.0,0.0,409.5,1.38,83.0,100480.0
1990-05-30 14:00:00+00:00,19.53,86.85,0.0,0.0,0.0,409.1,1.45,77.0,100480.0
1990-05-30 15:00:00+00:00,19.58,86.85,0.0,0.0,0.0,409.1,1.38,70.0,100510.0
1990-05-30 16:00:00+00:00,19.6,86.85,0.0,0.0,0.0,409.5,1.24,65.0,100470.0
1990-05-30 17:00:00+00:00,19.57,86.85,0.0,0.0,0.0,410.3,1.1,60.0,100410.0
1990-05-30 18:00:00+00:00,19.57,86.85,0.0,0.0,0.0,411.05,0.83,40.0,100360.0
1990-05-30 19:00:00+00:00,19.59,89.85,0.0,0.0,0.0,409.3,0.69,11.0,100320.0
1990-05-30 20:00:00+00:00,19.61,86.85,0.0,0.0,0.0,411.85,0.62,20.0,100340.0
1990-05-30 21:00:00+00:00,19.64,86.85,0.0,0.0,0.0,412.4,0.55,23.0,100310.0
1990-05-30 22:00:00+00:00,19.7,86.85,28.65,15.42,27.05,409.9,0.69,10.0,100320.0
1990-05-30 23:00:00+00:00,20.08,89.85,75.05,10.76,71.55,414.35,0.69,30.0,100360.0
1990-05-31 00:00:00+00:00,20.7,86.9,184.1,63.38,150.2,416.1,0.34,18.0,100400.0
1990-05-31 01:00:00+00:00,21.74,87.0,236.95,33.36,213.0,419.1,0.83,87.0,100410.0
1990-05-31 02:00:00+00:00,22.74,84.25,251.7,62.87,197.5,422.1,1.59,98.0,100410.0
1990-05-31 03:00:00+00:00,23.51,84.25,313.85,41.71,273.9,424.6,2.0,122.0,100390.0
1990-05-31 04:00:00+00:00,24.26,81.65,311.4,38.51,272.95,429.05,2.14,131.0,100370.0
1990-05-31 05:00:00+00:00,24.78,81.7,216.9,28.69,188.75,431.95,2.28,132.0,100350.0
1990-05-31 06:00:00+00:00,24.58,87.2,384.0,189.51,212.1,433.7,2.14,132.0,100300.0
1990-05-31 07:00:00+00:00,26.63,79.2,412.05,304.38,174.2,436.6,2.48,152.0,100170.0
1990-05-31 08:00:00+00:00,26.6,81.85,143.2,57.04,108.25,428.85,2.76,166.0,100160.0
1990-05-31 09:00:00+00:00,25.96,87.3,138.5,150.72,76.35,432.15,1.79,137.0,100130.0
1990-05-31 10:00:00+00:00,25.65,87.3,25.15,38.65,17.65,423.25,2.07,137.0,100160.0
1990-05-31 11:00:00+00:00,24.51,93.1,0.0,0.0,0.0,419.95,1.66,130.0,100230.0
1990-05-31 12:00:00+00:00,23.82,96.2,0.0,0.0,0.0,433.5,1.24,131.0,100290.0
1990-05-31 13:00:00+00:00,23.3,96.2,0.0,0.0,0.0,435.25,1.03,129.0,100350.0
1990-05-31 14:00:00+00:00,23.13,99.4,0.0,0.0,0.0,431.75,1.38,104.0,100350.0
1990-05-31 15:00:00+00:00,23.08,99.4,0.0,0.0,0.0,428.85,1.17,96.0,100360.0
1990-05-31 16:00:00+00:00,22.67,99.0,0.0,0.0,0.0,431.73,0.31,106.0,100320.0
1990-05-31 17:00:00+00:00,22.9,99.0,0.0,0.0,0.0,432.7,0.43,138.0,100270.0
1990-05-31 18:00:00+00:00,23.14,99.84,0.0,0.0,0.0,433.66,0.55,163.0,100180.0
1990-05-31 19:00:00+00:00,23.37,99.61,0.0,0.0,0.0,434.63,0.68,163.0,100090.0
1990-05-31 20:00:00+00:00,23.61,99.39,0.0,0.0,0.0,435.6,0.8,167.0,100100.0
1990-05-31 21:00:00+00:00,23.84,99.17,0.0,0.0,0.0,436.56,0.92,140.0,100120.0
1990-05-31 22:00:00+00:00,24.07,98.95,27.6,0.0,27.6,437.53,1.04,180.0,100160.0
1990-05-31 23:00:00+00:00,24.31,98.72,96.05,25.34,87.8,438.5,1.17,222.0,100190.0
1990-06-01 00:00:00+00:00,24.54,98.5,139.45,25.33,125.9,439.46,1.29,67.0,100070.0
1990-06-01 01:00:00+00:00,24.77,98.28,193.55,40.54,164.45,440.43,1.41,80.0,100090.0
1990-06-01 02:00:00+00:00,25.01,98.06,139.75,15.37,126.5,441.4,1.54,92.0,100120.0
1990-06-01 03:00:00+00:00,25.24,97.83,166.45,4.96,161.7,442.37,1.66,111.0,100110.0
1990-06-01 04:00:00+00:00,25.48,97.61,146.65,1.25,145.4,443.33,1.78,134.0,100100.0
1990-06-01 05:00:00+00:00,25.71,97.39,127.85,3.01,124.9,444.3,1.9,153.0,100060.0
1990-06-01 06:00:00+00:00,25.94,97.17,105.3,6.34,99.55,445.27,2.03,160.0,99970.0
1990-06-01 07:00:00+00:00,26.18,96.94,134.4,6.52,129.3,446.23,2.15,149.0,99940.0
1990-06-01 08:00:00+00:00,25.75,99.4,78.45,9.05,72.9,443.75,2.28,147.0,99920.0
1990-06-01 09:00:00+00:00,25.61,99.4,59.55,29.38,47.4,443.2,1.72,154.0,99900.0
1990-06-01 10:00:00+00:00,25.68,96.25,18.25,13.81,15.55,442.0,1.45,165.0,99900.0
1990-06-01 11:00:00+00:00,25.61,96.25,0.0,0.0,0.0,440.65,1.03,157.0,99960.0
1990-06-01 12:00:00+00:00,25.6,96.25,0.0,0.0,0.0,444.9,0.9,125.0,99980.0
1990-06-01 13:00:00+00:00,25.61,99.4,0.0,0.0,0.0,444.15,0.97,120.0,100000.0
1990-06-01 14:00:00+00:00,25.63,99.4,0.0,0.0,0.0,442.4,0.76,92.0,100020.0
1990-06-01 15:00:00+00:00,25.66,99.4,0.0,0.0,0.0,445.5,0.83,62.0,100030.0
1990-06-01 16:00:00+00:00,25.63,99.4,0.0,0.0,0.0,443.95,0.97,84.0,99990.0
1990-06-01 17:00:00+00:00,25.61,99.4,0.0,0.0,0.0,444.15,1.17,113.0,99960.0
1990-06-01 18:00:00+00:00,25.63,99.4,0.0,0.0,0.0,445.9,1.1,117.0,99940.0
1990-06-01 19:00:00+00:00,25.34,100.0,0.0,0.0,0.0,437.55,0.62,110.0,99960.0
1990-06-01 20:00:00+00:00,25.36,100.0,0.0,0.0,0.0,439.1,0.69,104.0,99950.0
1990-06-01 21:00:00+00:00,25.18,100.0,0.0,0.0,0.0,430.6,0.9,99.0,99980.0
1990-06-01 22:00:00+00:00,24.99,100.0,74.6,284.84,44.8,421.5,0.83,100.0,100000.0
1990-06-01 23:00:00+00:00,25.81,99.4,157.15,195.09,93.6,433.3,0.41,140.0,100060.0
1990-06-02 00:00:00+00:00,26.47,93.2,161.6,79.73,118.95,438.75,0.41,175.0,100090.0
1990-06-02 01:00:00+00:00,26.88,93.2,224.55,86.73,162.3,437.85,0.83,178.0,100110.0
1990-06-02 02:00:00+00:00,27.23,93.2,172.95,28.71,148.2,437.75,1.31,179.0,100140.0
1990-06-02 03:00:00+00:00,26.84,93.2,238.75,22.71,217.0,437.95,1.93,184.0,100140.0
1990-06-02 04:00:00+00:00,27.17,90.25,240.6,35.75,204.9,436.6,2.0,181.0,100110.0
1990-06-02 05:00:00+00:00,27.33,93.2,411.6,122.42,291.45,440.65,1.72,197.0,100070.0
1990-06-02 06:00:00+00:00,28.28,90.35,237.35,26.16,213.6,440.65,1.72,204.0,99990.0
1990-06-02 07:00:00+00:00,27.91,87.5,157.15,3.9,154.1,440.3,2.0,223.0,99980.0
1990-06-02 08:00:00+00:00,27.58,90.3,106.8,0.0,106.8,441.65,1.79,238.0,99930.0
1990-06-02 09:00:00+00:00,27.47,87.45,61.2,0.0,61.2,441.65,0.97,254.0,99890.0
1990-06-02 10:00:00+00:00,27.36,93.2,15.65,0.0,15.65,440.85,0.34,284.0,99890.0
1990-06-02 11:00:00+00:00,27.29,90.25,0.0,0.0,0.0,437.55,0.07,4.0,99960.0
1990-06-02 12:00:00+00:00,26.98,90.25,0.0,0.0,0.0,435.25,0.28,76.0,100050.0
1990-06-02 13:00:00+00:00,26.61,93.2,0.0,0.0,0.0,437.95,0.55,72.0,100090.0
1990-06-02 14:00:00+00:00,26.08,96.25,0.0,0.0,0.0,435.85,1.03,81.0,100120.0
1990-06-02 15:00:00+00:00,25.94,96.25,0.0,0.0,0.0,434.3,1.1,104.0,100140.0
1990-06-02 16:00:00+00:00,25.8,99.4,0.0,0.0,0.0,432.35,1.03,123.0,100120.0
1990-06-02 17:00:00+00:00,25.71,99.4,0.0,0.0,0.0,427.7,0.76,130.0,100080.0
1990-06-02 18:00:00+00:00,26.25,96.25,0.0,0.0,0.0,433.1,0.14,46.0,100030.0
1990-06-02 19:00:00+00:00,25.86,99.4,0.0,0.0,0.0,437.95,0.28,355.0,100010.0
1990-06-02 20:00:00+00:00,25.82,99.4,0.0,0.0,0.0,437.75,0.21,66.0,100030.0
1990-06-02 21:00:00+00:00,25.58,99.4,0.0,0.0,0.0,441.65,0.48,104.0,100010.0
1990-06-02 22:00:00+00:00,25.53,99.4,83.25,233.42,58.75,435.25,0.83,106.0,100020.0
1990-06-02 23:00:00+00:00,26.58,93.2,274.9,487.27,116.1,432.55,1.03,135.0,100040.0
1990-06-03 00:00:00+00:00,28.12,84.7,379.05,348.51,192.65,432.75,1.45,178.0,100070.0
1990-06-03 01:00:00+00:00,29.17,77.0,535.75,464.6,202.35,434.95,2.07,191.0,100100.0
1990-06-03 02:00:00+00:00,30.23,72.35,574.9,317.88,300.95,446.3,2.41,196.0,100090.0
1990-06-03 03:00:00+00:00,30.95,65.8,630.6,380.9,265.85,450.9,2.62,198.0,100050.0
1990-06-03 04:00:00+00:00,31.61,63.8,692.3,416.78,276.15,450.55,2.55,201.0,100010.0
1990-06-03 05:00:00+00:00,32.12,61.85,628.05,361.68,273.0,452.45,2.62,201.0,99920.0
1990-06-03 06:00:00+00:00,32.34,61.85,609.1,405.27,241.0,452.85,2.76,196.0,99810.0
1990-06-03 07:00:00+00:00,32.25,61.85,510.75,420.83,181.1,453.85,2.97,186.0,99760.0
1990-06-03 08:00:00+00:00,31.93,65.9,337.15,309.99,146.4,452.85,3.31,181.0,99670.0
1990-06-03 09:00:00+00:00,31.14,70.2,185.35,221.04,93.45,452.85,3.38,178.0,99670.0
1990-06-03 10:00:00+00:00,30.16,74.7,40.15,99.66,20.4,442.0,2.76,177.0,99720.0
1990-06-03 11:00:00+00:00,29.05,79.55,0.0,0.0,0.0,437.0,2.0,174.0,99840.0
1990-06-03 12:00:00+00:00,28.09,84.7,0.0,0.0,0.0,428.3,1.66,175.0,99890.0
1990-06-03 13:00:00+00:00,27.39,90.25,0.0,0.0,0.0,419.95,1.24,190.0,99960.0
1990-06-03 14:00:00+00:00,26.62,93.2,0.0,0.0,0.0,414.9,0.97,208.0,99990.0
1990-06-03 15:00:00+00:00,26.24,96.25,0.0,0.0,0.0,411.85,0.69,213.0,100000.0
1990-06-03 16:00:00+00:00,26.41,93.2,0.0,0.0,0.0,410.1,0.48,188.0,99940.0
1990-06-03 17:00:00+00:00,26.04,96.25,0.0,0.0,0.0,408.35,0.41,177.0,99880.0
1990-06-03 18:00:00+00:00,25.72,99.4,0.0,0.0,0.0,409.9,0.14,215.0,99800.0
1990-06-03 19:00:00+00:00,25.64,96.25,0.0,0.0,0.0,405.85,0.0,259.0,99740.0
1990-06-03 20:00:00+00:00,25.33,99.4,0.0,0.0,0.0,405.05,0.55,331.0,99750.0
1990-06-03 21:00:00+00:00,24.98,99.4,0.0,0.0,0.0,413.2,0.76,340.0,99770.0
1990-06-03 22:00:00+00:00,24.77,96.2,91.65,86.47,82.55,413.0,0.76,335.0,99790.0
1990-06-03 23:00:00+00:00,26.53,93.2,223.5,169.95,168.1,421.7,0.55,289.0,99820.0
1990-06-04 00:00:00+00:00,27.93,84.7,396.25,296.58,237.65,422.45,1.59,255.0,99840.0
1990-06-04 01:00:00+00:00,29.42,77.1,454.7,229.63,289.95,436.9,2.62,256.0,99850.0
1990-06-04 02:00:00+00:00,30.23,74.7,505.15,233.62,303.85,443.35,2.34,256.0,99800.0
1990-06-04 03:00:00+00:00,30.55,72.4,431.6,143.55,294.15,446.1,3.03,272.0,99770.0
1990-06-04 04:00:00+00:00,28.55,79.5,382.6,146.97,235.85,454.2,3.79,311.0,99780.0
1990-06-04 05:00:00+00:00,27.68,81.95,560.05,257.22,307.5,446.45,3.72,316.0,99760.0
1990-06-04 06:00:00+00:00,28.25,76.85,505.8,331.86,204.25,436.8,3.31,324.0,99690.0
1990-06-04 07:00:00+00:00,29.85,72.25,438.1,338.92,172.4,442.2,2.83,337.0,99580.0
1990-06-04 08:00:00+00:00,30.39,70.0,274.3,193.19,155.25,444.75,1.72,300.0,99550.0
1990-06-04 09:00:00+00:00,29.84,72.25,159.0,139.25,100.95,449.55,1.86,251.0,99560.0
1990-06-04 10:00:00+00:00,29.33,72.15,23.5,31.58,17.2,440.1,1.72,262.0,99570.0
1990-06-04 11:00:00+00:00,28.52,74.5,0.0,0.0,0.0,444.35,1.31,288.0,99630.0
1990-06-04 12:00:00+00:00,27.76,79.35,0.0,0.0,0.0,439.7,1.66,304.0,99690.0
1990-06-04 13:00:00+00:00,26.96,76.7,0.0,0.0,0.0,434.85,1.86,315.0,99730.0
1990-06-04 14:00:00+00:00,26.35,79.15,0.0,0.0,0.0,434.1,1.93,321.0,99770.0
1990-06-04 15:00:00+00:00,25.63,76.5,0.0,0.0,0.0,424.8,2.21,318.0,99800.0
1990-06-04 16:00:00+00:00,24.89,76.45,0.0,0.0,0.0,417.45,2.28,319.0,99760.0
1990-06-04 17:00:00+00:00,24.45,76.45,0.0,0.0,0.0,421.1,2.21,321.0,99730.0
1990-06-04 18:00:00+00:00,23.93,78.95,0.0,0.0,0.0,410.85,1.79,324.0,99680.0
1990-06-04 19:00:00+00:00,23.76,78.9,0.0,0.0,0.0,411.85,1.52,322.0,99670.0
1990-06-04 20:00:00+00:00,23.73,76.3,0.0,0.0,0.0,420.35,1.38,316.0,99690.0
1990-06-04 21:00:00+00:00,23.59,76.3,0.0,0.0,0.0,419.95,1.59,318.0,99670.0
1990-06-04 22:00:00+00:00,23.45,78.9,83.0,378.4,43.1,415.9,1.66,314.0,99720.0
1990-06-04 23:00:00+00:00,23.8,78.9,176.65,210.11,108.15,416.65,1.79,320.0,99810.0
1990-06-05 00:00:00+00:00,24.32,76.35,307.8,277.95,159.2,420.35,1.79,319.0,99840.0
1990-06-05 01:00:00+00:00,25.17,73.95,377.1,258.63,191.6,418.5,1.79,326.0,99830.0
1990-06-05 02:00:00+00:00,26.14,71.65,591.75,423.41,227.0,423.65,1.59,323.0,99830.0
1990-06-05 03:00:00+00:00,27.63,67.3,560.85,324.74,249.95,422.45,1.17,313.0,99790.0
1990-06-05 04:00:00+00:00,28.35,67.4,484.85,174.46,310.65,435.05,0.69,302.0,99730.0
1990-06-05 05:00:00+00:00,28.5,65.3,467.8,229.12,242.8,437.0,1.17,244.0,99660.0
1990-06-05 06:00:00+00:00,28.48,67.5,425.45,227.27,218.85,438.15,1.31,244.0,99610.0
1990-06-05 07:00:00+00:00,30.45,59.55,244.1,89.35,174.0,455.35,1.45,253.0,99510.0
1990-06-05 08:00:00+00:00,29.65,63.4,190.5,98.53,129.7,453.45,1.52,231.0,99460.0
1990-06-05 09:00:00+00:00,28.99,67.6,62.15,23.33,52.4,449.35,1.72,194.0,99510.0
1990-06-05 10:00:00+00:00,28.18,74.4,21.55,23.4,16.85,445.5,1.72,170.0,99520.0
1990-06-05 11:00:00+00:00,27.58,79.35,0.0,0.0,0.0,445.9,1.52,158.0,99580.0
1990-06-05 12:00:00+00:00,26.97,84.6,0.0,0.0,0.0,436.0,1.24,137.0,99640.0
1990-06-05 13:00:00+00:00,26.49,90.25,0.0,0.0,0.0,430.6,1.17,123.0,99680.0
1990-06-05 14:00:00+00:00,26.23,93.2,0.0,0.0,0.0,432.9,0.97,104.0,99740.0
1990-06-05 15:00:00+00:00,25.91,96.25,0.0,0.0,0.0,432.35,0.76,83.0,99740.0
1990-06-05 16:00:00+00:00,25.69,99.4,0.0,0.0,0.0,431.0,0.62,52.0,99730.0
1990-06-05 17:00:00+00:00,25.51,99.4,0.0,0.0,0.0,427.9,0.48,20.0,99690.0
1990-06-05 18:00:00+00:00,25.07,99.4,0.0,0.0,0.0,423.05,0.83,355.0,99620.0
1990-06-05 19:00:00+00:00,24.47,96.2,0.0,0.0,0.0,413.75,0.9,19.0,99670.0
1990-06-05 20:00:00+00:00,24.25,99.4,0.0,0.0,0.0,413.75,0.97,50.0,99650.0
1990-06-05 21:00:00+00:00,23.98,96.2,0.0,0.0,0.0,410.3,0.97,58.0,99700.0
1990-06-05 22:00:00+00:00,24.06,96.2,83.0,286.96,52.7,415.5,0.69,58.0,99750.0
1990-06-05 23:00:00+00:00,25.31,93.15,228.5,341.26,117.25,419.55,0.83,90.0,99800.0
1990-06-06 00:00:00+00:00,26.37,87.3,396.05,428.67,166.95,416.3,1.24,93.0,99810.0
1990-06-06 01:00:00+00:00,27.38,81.9,573.05,523.34,197.8,422.6,1.38,83.0,99810.0
1990-06-06 02:00:00+00:00,28.4,74.4,650.7,524.88,198.65,427.5,1.59,81.0,99830.0
1990-06-06 03:00:00+00:00,28.73,72.1,800.95,607.58,219.35,431.75,1.93,96.0,99810.0
1990-06-06 04:00:00+00:00,29.39,72.15,702.7,534.7,168.8,432.35,2.14,107.0,99750.0
1990-06-06 05:00:00+00:00,29.55,72.25,849.25,667.28,193.85,431.2,2.62,124.0,99710.0
1990-06-06 06:00:00+00:00,30.15,72.35,407.4,187.81,236.6,435.85,3.03,133.0,99660.0
1990-06-06 07:00:00+00:00,28.66,69.75,317.75,122.45,221.6,445.3,3.24,95.0,99650.0
1990-06-06 08:00:00+00:00,28.21,72.0,144.85,31.07,125.65,440.45,3.24,102.0,99660.0
1990-06-06 09:00:00+00:00,27.25,76.7,68.8,29.23,56.55,444.9,2.97,108.0,99710.0
1990-06-06 10:00:00+00:00,26.35,84.5,14.3,23.5,9.55,440.65,2.69,105.0,99760.0
1990-06-06 11:00:00+00:00,25.61,90.2,0.0,0.0,0.0,437.55,2.76,99.0,99810.0
1990-06-06 12:00:00+00:00,25.18,93.15,0.0,0.0,0.0,436.4,2.69,94.0,99890.0
1990-06-06 13:00:00+00:00,24.95,93.15,0.0,0.0,0.0,433.9,2.69,87.0,99960.0
1990-06-06 14:00:00+00:00,24.91,93.15,0.0,0.0,0.0,434.1,2.48,82.0,100000.0
1990-06-06 15:00:00+00:00,24.86,93.15,0.0,0.0,0.0,432.75,2.14,82.0,100010.0
1990-06-06 16:00:00+00:00,24.77,90.15,0.0,0.0,0.0,427.5,1.86,82.0,99980.0
1990-06-06 17:00:00+00:00,24.63,90.15,0.0,0.0,0.0,422.65,1.59,73.0,99960.0
1990-06-06 18:00:00+00:00,24.52,90.15,0.0,0.0,0.0,419.75,1.45,63.0,99940.0
1990-06-06 19:00:00+00:00,23.82,90.1,0.0,0.0,0.0,400.2,1.59,49.0,100020.0
1990-06-06 20:00:00+00:00,23.71,90.1,0.0,0.0,0.0,408.55,1.31,45.0,100010.0
1990-06-06 21:00:00+00:00,23.43,90.1,0.0,0.0,0.0,401.75,1.17,30.0,100040.0
1990-06-06 22:00:00+00:00,23.54,90.1,108.6,415.9,64.65,410.85,1.03,19.0,100050.0
1990-06-06 23:00:00+00:00,24.67,84.4,243.1,392.89,115.05,403.9,1.17,22.0,100130.0
1990-06-07 00:00:00+00:00,25.85,79.1,438.25,517.21,161.95,416.45,1.79,37.0,100140.0
1990-06-07 01:00:00+00:00,27.24,74.25,579.05,525.9,202.1,417.75,2.76,57.0,100140.0
1990-06-07 02:00:00+00:00,28.39,69.65,600.65,393.67,261.7,414.9,2.9,68.0,100120.0
1990-06-07 03:00:00+00:00,28.91,65.4,689.8,482.5,228.0,434.65,2.83,79.0,100090.0
1990-06-07 04:00:00+00:00,29.55,63.4,710.35,440.87,270.15,431.95,3.1,84.0,100080.0
1990-06-07 05:00:00+00:00,30.1,61.45,638.3,438.53,207.5,430.2,3.31,87.0,100020.0
1990-06-07 06:00:00+00:00,30.02,61.45,468.05,211.36,275.75,434.3,3.38,84.0,99940.0
1990-06-07 07:00:00+00:00,28.79,69.75,370.6,267.3,160.55,439.5,3.52,98.0,100000.0
1990-06-07 08:00:00+00:00,28.26,72.0,148.25,80.64,98.35,431.95,3.52,98.0,99950.0
1990-06-07 09:00:00+00:00,27.33,79.3,131.05,141.03,71.8,434.1,3.31,102.0,99990.0
1990-06-07 10:00:00+00:00,26.84,79.2,30.05,51.88,19.5,424.6,3.17,101.0,100030.0
1990-06-07 11:00:00+00:00,25.97,81.8,0.0,0.0,0.0,416.3,2.83,96.0,100100.0
1990-06-07 12:00:00+00:00,25.57,87.3,0.0,0.0,0.0,435.25,2.76,85.0,100160.0
1990-06-07 13:00:00+00:00,25.24,90.15,0.0,0.0,0.0,436.4,2.28,80.0,100200.0
1990-06-07 14:00:00+00:00,24.83,90.15,0.0,0.0,0.0,421.1,1.79,83.0,100240.0
1990-06-07 15:00:00+00:00,24.74,93.15,0.0,0.0,0.0,431.75,1.59,82.0,100250.0
1990-06-07 16:00:00+00:00,24.72,93.15,0.0,0.0,0.0,436.2,1.66,89.0,100230.0
1990-06-07 17:00:00+00:00,24.73,93.15,0.0,0.0,0.0,437.4,1.66,88.0,100180.0
1990-06-07 18:00:00+00:00,24.69,93.15,0.0,0.0,0.0,437.35,1.86,88.0,100150.0
1990-06-07 19:00:00+00:00,24.9,90.15,0.0,0.0,0.0,434.65,1.66,77.0,100100.0
1990-06-07 20:00:00+00:00,24.92,90.15,0.0,0.0,0.0,437.0,1.45,85.0,100110.0
1990-06-07 21:00:00+00:00,24.92,93.15,0.0,0.0,0.0,439.7,1.17,76.0,100110.0
1990-06-07 22:00:00+00:00,24.75,93.15,30.7,16.08,29.0,436.4,0.97,63.0,100140.0
1990-06-07 23:00:00+00:00,24.92,96.2,79.35,17.96,73.5,439.1,0.97,67.0,100210.0
1990-06-08 00:00:00+00:00,25.27,93.15,148.65,55.34,119.1,438.9,1.31,86.0,100270.0
1990-06-08 01:00:00+00:00,25.85,93.15,211.05,87.09,148.65,442.15,1.24,84.0,100280.0
1990-06-08 02:00:00+00:00,26.34,93.2,348.6,155.62,214.65,441.65,1.59,86.0,100310.0
1990-06-08 03:00:00+00:00,27.47,81.95,345.1,89.14,259.8,443.75,2.0,107.0,100270.0
1990-06-08 04:00:00+00:00,27.08,81.9,392.45,114.57,278.05,447.25,2.62,131.0,100270.0
1990-06-08 05:00:00+00:00,27.2,84.6,275.7,64.22,212.6,441.45,2.34,128.0,100210.0
1990-06-08 06:00:00+00:00,26.71,87.35,111.8,0.93,110.95,440.85,1.93,130.0,100150.0
1990-06-08 07:00:00+00:00,25.58,99.4,64.75,1.72,63.4,441.45,2.14,114.0,100160.0
1990-06-08 08:00:00+00:00,25.17,99.4,36.3,0.0,36.3,444.15,2.34,109.0,100140.0
1990-06-08 09:00:00+00:00,24.88,96.2,16.35,0.0,16.35,440.85,2.48,105.0,100120.0
1990-06-08 10:00:00+00:00,24.75,96.2,2.8,0.0,2.8,440.65,2.28,112.0,100160.0
1990-06-08 11:00:00+00:00,24.6,96.2,0.0,0.0,0.0,440.65,2.28,106.0,100170.0
1990-06-08 12:00:00+00:00,24.51,96.2,0.0,0.0,0.0,438.75,2.48,100.0,100250.0
1990-06-08 13:00:00+00:00,24.4,96.2,0.0,0.0,0.0,437.95,2.0,95.0,100310.0
1990-06-08 14:00:00+00:00,24.39,96.2,0.0,0.0,0.0,438.15,2.14,95.0,100350.0
1990-06-08 15:00:00+00:00,24.36,99.4,0.0,0.0,0.0,439.1,2.14,101.0,100350.0
1990-06-08 16:00:00+00:00,24.41,96.2,0.0,0.0,0.0,438.9,1.72,101.0,100300.0
1990-06-08 17:00:00+00:00,24.35,99.4,0.0,0.0,0.0,439.7,1.52,100.0,100240.0
1990-06-08 18:00:00+00:00,24.36,96.2,0.0,0.0,0.0,438.9,1.38,110.0,100160.0
1990-06-08 19:00:00+00:00,24.39,96.2,0.0,0.0,0.0,440.85,1.17,103.0,100080.0
1990-06-08 20:00:00+00:00,24.48,96.2,0.0,0.0,0.0,439.1,1.1,93.0,100080.0
1990-06-08 21:00:00+00:00,24.25,96.2,0.0,0.0,0.0,439.1,1.24,81.0,100110.0
1990-06-08 22:00:00+00:00,24.11,96.2,34.4,14.2,32.9,438.9,1.31,85.0,100170.0
1990-06-08 23:00:00+00:00,24.35,96.2,106.65,48.83,90.75,438.15,1.24,58.0,100200.0
1990-06-09 00:00:00+00:00,24.78,96.2,198.4,88.73,151.05,438.35,1.17,58.0,100230.0
1990-06-09 01:00:00+00:00,25.63,96.25,297.6,159.11,183.65,440.2,1.17,55.0,100210.0
1990-06-09 02:00:00+00:00,26.66,93.2,445.9,207.04,267.75,443.35,1.24,73.0,100200.0
1990-06-09 03:00:00+00:00,28.28,79.4,434.9,209.04,234.9,446.65,1.66,101.0,100160.0
1990-06-09 04:00:00+00:00,28.2,79.4,642.9,404.13,239.4,450.15,2.07,122.0,100120.0
1990-06-09 05:00:00+00:00,28.27,79.4,646.35,405.41,247.95,434.1,2.76,133.0,100030.0
1990-06-09 06:00:00+00:00,28.56,79.5,498.55,259.17,262.55,440.1,2.76,132.0,99970.0
1990-06-09 07:00:00+00:00,28.78,79.5,311.0,154.18,189.65,442.0,2.83,128.0,99930.0
1990-06-09 08:00:00+00:00,27.05,81.9,194.35,98.71,133.1,439.9,2.62,130.0,99930.0
1990-06-09 09:00:00+00:00,26.83,87.35,96.4,33.04,82.45,438.15,2.41,126.0,99890.0
1990-06-09 10:00:00+00:00,26.5,87.35,24.8,16.52,21.4,425.95,1.66,125.0,99920.0
1990-06-09 11:00:00+00:00,25.71,93.15,0.0,0.0,0.0,436.2,1.17,115.0,100000.0
1990-06-09 12:00:00+00:00,24.84,96.2,0.0,0.0,0.0,436.2,0.97,90.0,100130.0
1990-06-09 13:00:00+00:00,24.69,96.2,0.0,0.0,0.0,437.35,1.1,84.0,100160.0
1990-06-09 14:00:00+00:00,24.63,96.2,0.0,0.0,0.0,439.9,1.66,97.0,100190.0
1990-06-09 15:00:00+00:00,24.57,96.2,0.0,0.0,0.0,438.9,1.17,80.0,100160.0
1990-06-09 16:00:00+00:00,24.34,99.4,0.0,0.0,0.0,422.1,1.03,49.0,100130.0
1990-06-09 17:00:00+00:00,24.33,99.4,0.0,0.0,0.0,434.3,1.03,35.0,100090.0
1990-06-09 18:00:00+00:00,24.29,99.4,0.0,0.0,0.0,440.85,0.97,44.0,100040.0
1990-06-09 19:00:00+00:00,24.73,96.2,0.0,0.0,0.0,439.3,1.24,92.0,99980.0
1990-06-09 20:00:00+00:00,24.76,96.2,0.0,0.0,0.0,437.35,1.45,100.0,99960.0
1990-06-09 21:00:00+00:00,24.72,96.2,0.0,0.0,0.0,437.4,1.38,99.0,99970.0
1990-06-09 22:00:00+00:00,24.75,96.2,54.2,174.79,35.75,436.0,1.52,90.0,99980.0
1990-06-09 23:00:00+00:00,24.92,96.2,197.7,257.54,113.9,436.8,1.86,86.0,100000.0
1990-06-10 00:00:00+00:00,25.78,93.15,379.9,343.89,196.5,419.95,1.93,87.0,100030.0
1990-06-10 01:00:00+00:00,27.05,90.25,590.75,569.56,183.05,427.4,2.07,79.0,100040.0
1990-06-10 02:00:00+00:00,28.47,82.1,549.4,350.97,247.5,433.7,2.14,84.0,100040.0
1990-06-10 03:00:00+00:00,29.03,82.15,585.45,281.11,316.55,447.25,2.21,92.0,100040.0
1990-06-10 04:00:00+00:00,29.8,77.1,492.6,247.99,245.0,456.15,2.76,100.0,99990.0
1990-06-10 05:00:00+00:00,28.71,79.5,548.9,307.67,246.5,449.35,2.97,105.0,99930.0
1990-06-10 06:00:00+00:00,28.91,79.55,625.25,414.77,247.4,434.3,3.17,110.0,99850.0
1990-06-10 07:00:00+00:00,29.09,74.55,440.3,378.14,142.45,438.9,4.21,118.0,99820.0
1990-06-10 08:00:00+00:00,28.43,76.95,245.95,236.03,99.3,433.1,3.86,118.0,99740.0
1990-06-10 09:00:00+00:00,27.62,81.95,140.8,140.58,81.3,435.25,3.52,115.0,99760.0
1990-06-10 10:00:00+00:00,27.02,84.6,24.35,47.58,14.5,430.2,2.48,112.0,99800.0
1990-06-10 11:00:00+00:00,26.15,90.2,0.0,0.0,0.0,426.9,1.86,100.0,99870.0
1990-06-10 12:00:00+00:00,25.52,93.15,0.0,0.0,0.0,428.1,2.14,89.0,99930.0
1990-06-10 13:00:00+00:00,25.47,93.15,0.0,0.0,0.0,435.25,2.76,91.0,100010.0
1990-06-10 14:00:00+00:00,25.45,93.15,0.0,0.0,0.0,439.9,2.69,86.0,100050.0
1990-06-10 15:00:00+00:00,25.24,96.2,0.0,0.0,0.0,441.45,2.41,88.0,100060.0
1990-06-10 16:00:00+00:00,25.06,96.2,0.0,0.0,0.0,442.8,2.48,89.0,100050.0
1990-06-10 17:00:00+00:00,24.95,96.2,0.0,0.0,0.0,442.2,2.55,94.0,100020.0
1990-06-10 18:00:00+00:00,24.92,96.2,0.0,0.0,0.0,442.4,2.34,100.0,99970.0
1990-06-10 19:00:00+00:00,24.64,96.2,0.0,0.0,0.0,438.35,2.55,85.0,99890.0
1990-06-10 20:00:00+00:00,24.78,96.2,0.0,0.0,0.0,436.4,2.69,85.0,99860.0
1990-06-10 21:00:00+00:00,25.0,96.2,0.0,0.0,0.0,440.3,2.83,82.0,99850.0
1990-06-10 22:00:00+00:00,24.92,96.2,44.05,38.43,40.0,438.9,2.69,80.0,99880.0
1990-06-10 23:00:00+00:00,25.3,96.2,85.3,41.37,71.85,442.4,2.21,73.0,99940.0
1990-06-11 00:00:00+00:00,25.76,96.25,215.05,141.2,139.8,443.4,2.48,76.0,99980.0
1990-06-11 01:00:00+00:00,26.79,90.25,438.25,323.44,206.85,438.25,3.03,90.0,100010.0
1990-06-11 02:00:00+00:00,28.01,84.7,684.0,473.73,276.65,439.3,3.38,92.0,100030.0
1990-06-11 03:00:00+00:00,29.64,74.65,476.5,194.22,290.75,439.5,4.21,106.0,100030.0
1990-06-11 04:00:00+00:00,28.13,79.4,703.65,453.13,251.25,453.45,4.41,107.0,100030.0
1990-06-11 05:00:00+00:00,29.16,79.55,552.4,270.39,286.6,436.6,4.21,106.0,99990.0
1990-06-11 06:00:00+00:00,28.03,79.4,207.35,32.37,177.85,449.2,4.83,111.0,99930.0
1990-06-11 07:00:00+00:00,26.98,87.4,193.55,9.26,186.25,448.4,3.79,100.0,99960.0
1990-06-11 08:00:00+00:00,26.75,90.25,106.2,11.98,98.75,444.15,3.66,110.0,99980.0
1990-06-11 09:00:00+00:00,26.19,93.2,45.25,7.42,42.1,444.75,2.55,108.0,99980.0
1990-06-11 10:00:00+00:00,25.88,93.2,12.9,4.56,11.95,442.2,2.97,105.0,100000.0
1990-06-11 11:00:00+00:00,25.7,96.25,0.0,0.0,0.0,442.8,3.17,99.0,100080.0
1990-06-11 12:00:00+00:00,25.62,96.25,0.0,0.0,0.0,443.75,3.52,97.0,100140.0
1990-06-11 13:00:00+00:00,25.41,93.15,0.0,0.0,0.0,443.2,3.72,91.0,100210.0
1990-06-11 14:00:00+00:00,25.34,96.2,0.0,0.0,0.0,442.0,3.72,91.0,100260.0
1990-06-11 15:00:00+00:00,25.06,96.2,0.0,0.0,0.0,440.65,3.52,90.0,100280.0
1990-06-11 16:00:00+00:00,25.17,96.2,0.0,0.0,0.0,440.3,3.24,88.0,100210.0
1990-06-11 17:00:00+00:00,25.16,96.2,0.0,0.0,0.0,439.3,3.24,91.0,100130.0
1990-06-11 18:00:00+00:00,25.07,96.2,0.0,0.0,0.0,438.55,3.17,92.0,100090.0
1990-06-11 19:00:00+00:00,25.29,99.4,0.0,0.0,0.0,442.2,3.31,103.0,100150.0
1990-06-11 20:00:00+00:00,24.97,99.4,0.0,0.0,0.0,441.25,3.45,101.0,100110.0
1990-06-11 21:00:00+00:00,24.98,99.4,0.0,0.0,0.0,440.65,2.83,97.0,100120.0
1990-06-11 22:00:00+00:00,25.17,99.4,58.15,114.1,46.15,441.25,2.76,96.0,100160.0
1990-06-11 23:00:00+00:00,25.72,99.4,127.25,106.07,92.8,442.2,2.41,99.0,100230.0
1990-06-12 00:00:00+00:00,25.92,90.2,359.5,373.41,160.65,442.8,3.52,112.0,100250.0
1990-06-12 01:00:00+00:00,26.78,93.2,547.85,510.39,182.9,431.1,3.1,107.0,100280.0
1990-06-12 02:00:00+00:00,28.66,82.1,455.65,203.94,280.35,436.2,4.21,117.0,100250.0
1990-06-12 03:00:00+00:00,27.94,82.05,639.3,370.48,285.05,448.6,3.86,131.0,100220.0
1990-06-12 04:00:00+00:00,28.74,82.1,610.8,399.81,211.65,433.1,4.07,134.0,100220.0
1990-06-12 05:00:00+00:00,27.52,81.95,425.8,204.18,225.05,444.55,4.69,142.0,100180.0
1990-06-12 06:00:00+00:00,27.46,87.45,360.0,115.88,254.35,435.65,3.38,146.0,100190.0
1990-06-12 07:00:00+00:00,27.98,84.7,364.2,212.52,196.55,438.9,3.03,147.0,100220.0
1990-06-12 08:00:00+00:00,28.27,84.7,264.2,162.06,163.25,436.4,2.14,143.0,100100.0
1990-06-12 09:00:00+00:00,28.14,84.7,117.6,61.02,91.65,440.45,2.21,138.0,100110.0
1990-06-12 10:00:00+00:00,26.99,87.4,24.9,27.47,19.15,449.0,2.0,120.0,100150.0
1990-06-12 11:00:00+00:00,25.95,93.2,0.0,0.0,0.0,444.55,2.34,132.0,100170.0
1990-06-12 12:00:00+00:00,25.59,96.25,0.0,0.0,0.0,438.55,2.21,127.0,100270.0
1990-06-12 13:00:00+00:00,24.98,96.2,0.0,0.0,0.0,440.45,1.72,120.0,100370.0
1990-06-12 14:00:00+00:00,24.98,99.4,0.0,0.0,0.0,437.95,1.24,107.0,100450.0
1990-06-12 15:00:00+00:00,24.83,99.4,0.0,0.0,0.0,440.85,1.24,129.0,100470.0
1990-06-12 16:00:00+00:00,24.6,96.2,0.0,0.0,0.0,441.25,1.24,132.0,100450.0
1990-06-12 17:00:00+00:00,24.55,96.2,0.0,0.0,0.0,440.65,1.1,140.0,100390.0
1990-06-12 18:00:00+00:00,24.59,96.2,0.0,0.0,0.0,442.4,0.76,155.0,100330.0
1990-06-12 19:00:00+00:00,24.78,96.2,0.0,0.0,0.0,438.9,0.83,93.0,100280.0
1990-06-12 20:00:00+00:00,24.56,96.2,0.0,0.0,0.0,426.15,0.69,85.0,100250.0
1990-06-12 21:00:00+00:00,24.6,96.2,0.0,0.0,0.0,429.85,0.97,80.0,100250.0
1990-06-12 22:00:00+00:00,24.93,96.2,48.6,35.27,44.9,439.1,1.31,91.0,100260.0
1990-06-12 23:00:00+00:00,25.63,96.25,125.7,109.12,90.3,441.45,1.66,119.0,100330.0
1990-06-13 00:00:00+00:00,26.14,96.25,327.4,257.95,190.15,444.15,1.79,139.0,100370.0
1990-06-13 01:00:00+00:00,27.7,87.45,366.8,206.89,218.95,440.2,1.86,147.0,100370.0
1990-06-13 02:00:00+00:00,28.46,79.5,627.1,406.48,277.85,449.75,2.21,164.0,100360.0
1990-06-13 03:00:00+00:00,29.36,79.55,673.25,405.19,285.9,444.15,2.34,157.0,100310.0
1990-06-13 04:00:00+00:00,29.89,79.6,630.6,288.38,342.7,440.45,2.62,158.0,100260.0
1990-06-13 05:00:00+00:00,30.15,77.15,614.2,347.48,272.5,454.2,2.83,163.0,100190.0
1990-06-13 06:00:00+00:00,30.3,74.7,617.25,493.9,166.75,455.55,3.17,167.0,100120.0
1990-06-13 07:00:00+00:00,30.92,67.85,526.5,499.77,131.95,449.75,3.45,165.0,100030.0
1990-06-13 08:00:00+00:00,30.59,67.85,367.6,434.09,96.85,441.05,3.52,171.0,99980.0
1990-06-13 09:00:00+00:00,30.0,70.0,162.2,203.65,75.4,438.15,3.72,174.0,99940.0
1990-06-13 10:00:00+00:00,29.02,77.0,40.25,94.82,20.3,440.3,3.24,172.0,99970.0
1990-06-13 11:00:00+00:00,27.98,82.05,0.0,0.0,0.0,433.9,2.0,169.0,100040.0
1990-06-13 12:00:00+00:00,27.09,87.4,0.0,0.0,0.0,424.2,1.52,164.0,100160.0
1990-06-13 13:00:00+00:00,26.55,90.25,0.0,0.0,0.0,430.8,1.17,186.0,100220.0
1990-06-13 14:00:00+00:00,25.86,93.15,0.0,0.0,0.0,429.45,0.9,187.0,100270.0
1990-06-13 15:00:00+00:00,25.68,93.15,0.0,0.0,0.0,433.5,0.97,175.0,100260.0
1990-06-13 16:00:00+00:00,25.29,96.2,0.0,0.0,0.0,421.3,0.76,164.0,100200.0
1990-06-13 17:00:00+00:00,25.2,96.2,0.0,0.0,0.0,422.65,0.34,152.0,100150.0
1990-06-13 18:00:00+00:00,25.19,96.2,0.0,0.0,0.0,424.4,0.07,132.0,100050.0
1990-06-13 19:00:00+00:00,25.45,96.25,0.0,0.0,0.0,424.0,0.41,42.0,100030.0
1990-06-13 20:00:00+00:00,25.14,99.4,0.0,0.0,0.0,422.1,0.48,38.0,100010.0
1990-06-13 21:00:00+00:00,25.11,100.0,0.0,0.0,0.0,427.7,0.48,14.0,100010.0
1990-06-13 22:00:00+00:00,25.12,100.0,82.5,264.91,54.8,433.9,0.55,360.0,100020.0
1990-06-13 23:00:00+00:00,26.22,96.25,258.35,419.92,122.3,434.3,0.62,333.0,100030.0
1990-06-14 00:00:00+00:00,27.47,84.65,362.15,402.75,148.05,426.15,1.1,252.0,100030.0
1990-06-14 01:00:00+00:00,28.42,79.5,592.7,566.73,187.95,441.15,1.66,235.0,100030.0
1990-06-14 02:00:00+00:00,29.56,74.65,736.5,623.56,200.95,439.1,2.55,220.0,100010.0
1990-06-14 03:00:00+00:00,30.43,72.4,687.85,530.78,180.55,437.0,2.76,203.0,99960.0
1990-06-14 04:00:00+00:00,30.77,74.8,781.2,597.88,184.35,445.3,3.17,193.0,99920.0
1990-06-14 05:00:00+00:00,31.21,70.2,551.2,241.17,314.0,443.35,3.66,193.0,99850.0
1990-06-14 06:00:00+00:00,29.03,79.55,621.05,420.71,237.15,457.7,2.62,206.0,99850.0
1990-06-14 07:00:00+00:00,29.97,74.7,459.9,312.96,212.65,446.3,3.38,204.0,99800.0
1990-06-14 08:00:00+00:00,30.24,74.7,297.5,211.93,165.15,442.6,3.45,206.0,99730.0
1990-06-14 09:00:00+00:00,29.9,74.65,125.9,87.32,88.6,450.75,3.03,203.0,99710.0
1990-06-14 10:00:00+00:00,29.14,79.55,36.65,35.23,29.2,436.6,2.34,195.0,99710.0
1990-06-14 11:00:00+00:00,28.31,84.7,0.0,0.0,0.0,434.65,1.93,182.0,99750.0
1990-06-14 12:00:00+00:00,27.53,87.45,0.0,0.0,0.0,429.85,1.72,183.0,99760.0
1990-06-14 13:00:00+00:00,27.04,90.25,0.0,0.0,0.0,426.35,1.66,188.0,99850.0
1990-06-14 14:00:00+00:00,26.64,93.2,0.0,0.0,0.0,422.85,1.59,197.0,99910.0
1990-06-14 15:00:00+00:00,26.37,96.25,0.0,0.0,0.0,422.1,1.59,211.0,99910.0
1990-06-14 16:00:00+00:00,26.26,96.25,0.0,0.0,0.0,431.2,1.38,225.0,99870.0
1990-06-14 17:00:00+00:00,25.78,99.4,0.0,0.0,0.0,420.9,0.9,247.0,99790.0
1990-06-14 18:00:00+00:00,25.65,99.4,0.0,0.0,0.0,426.75,0.62,253.0,99700.0
1990-06-14 19:00:00+00:00,25.53,96.25,0.0,0.0,0.0,421.3,0.62,204.0,99680.0
1990-06-14 20:00:00+00:00,25.87,96.25,0.0,0.0,0.0,413.75,0.34,209.0,99680.0
1990-06-14 21:00:00+00:00,25.71,96.25,0.0,0.0,0.0,418.6,0.48,210.0,99680.0
1990-06-14 22:00:00+00:00,25.23,99.4,85.9,366.68,47.7,425.55,0.76,196.0,99730.0
1990-06-14 23:00:00+00:00,26.6,90.25,226.7,404.29,95.9,432.9,1.38,214.0,99770.0
1990-06-15 00:00:00+00:00,27.53,84.65,383.2,422.91,158.6,430.4,2.69,227.0,99770.0
1990-06-15 01:00:00+00:00,28.61,79.5,610.95,639.54,154.5,435.35,3.31,232.0,99750.0
1990-06-15 02:00:00+00:00,29.84,77.1,661.05,587.89,156.35,437.2,2.62,236.0,99760.0
1990-06-15 03:00:00+00:00,30.7,72.4,840.85,695.58,176.2,441.05,2.34,230.0,99750.0
1990-06-15 04:00:00+00:00,31.72,68.05,769.6,569.91,200.7,444.9,2.83,220.0,99730.0
1990-06-15 05:00:00+00:00,31.8,70.3,606.95,426.41,187.5,447.85,3.59,213.0,99670.0
1990-06-15 06:00:00+00:00,30.61,72.4,677.75,570.84,156.65,448.6,2.83,216.0,99640.0
1990-06-15 07:00:00+00:00,31.14,67.95,464.25,355.67,183.05,447.45,3.38,220.0,99600.0
1990-06-15 08:00:00+00:00,31.0,70.2,368.2,379.44,130.95,448.6,2.83,216.0,99580.0
1990-06-15 09:00:00+00:00,30.8,72.4,195.5,255.8,86.0,444.15,2.76,209.0,99550.0
1990-06-15 10:00:00+00:00,30.11,74.7,46.2,77.42,29.75,436.6,2.55,203.0,99550.0
1990-06-15 11:00:00+00:00,29.11,79.55,0.0,0.0,0.0,438.75,2.28,196.0,99580.0
1990-06-15 12:00:00+00:00,28.17,84.7,0.0,0.0,0.0,428.65,2.07,195.0,99650.0
1990-06-15 13:00:00+00:00,27.55,87.45,0.0,0.0,0.0,426.15,1.86,202.0,99740.0
1990-06-15 14:00:00+00:00,27.09,90.25,0.0,0.0,0.0,424.6,1.45,207.0,99810.0
1990-06-15 15:00:00+00:00,26.62,93.2,0.0,0.0,0.0,419.95,1.24,211.0,99840.0
1990-06-15 16:00:00+00:00,26.18,96.25,0.0,0.0,0.0,418.0,1.24,222.0,99800.0
1990-06-15 17:00:00+00:00,26.11,96.25,0.0,0.0,0.0,425.75,1.31,233.0,99780.0
1990-06-15 18:00:00+00:00,25.82,99.4,0.0,0.0,0.0,417.05,1.38,243.0,99730.0
1990-06-15 19:00:00+00:00,25.52,96.25,0.0,0.0,0.0,413.0,1.24,237.0,99690.0
1990-06-15 20:00:00+00:00,25.41,96.25,0.0,0.0,0.0,417.85,1.24,250.0,99710.0
1990-06-15 21:00:00+00:00,25.27,99.4,0.0,0.0,0.0,416.65,1.24,258.0,99760.0
1990-06-15 22:00:00+00:00,25.42,96.25,114.85,565.38,56.2,417.65,0.97,262.0,99850.0
1990-06-15 23:00:00+00:00,27.24,90.25,278.35,545.93,102.0,418.4,1.24,255.0,99920.0
1990-06-16 00:00:00+00:00,28.5,82.1,414.4,520.41,138.3,428.65,2.48,248.0,99960.0
1990-06-16 01:00:00+00:00,29.57,74.65,643.55,684.35,155.45,436.15,2.97,243.0,99980.0
1990-06-16 02:00:00+00:00,30.6,67.85,808.55,758.41,157.75,434.1,3.66,235.0,100000.0
1990-06-16 03:00:00+00:00,31.46,63.8,736.2,591.7,170.95,439.5,4.07,232.0,99970.0
1990-06-16 04:00:00+00:00,31.66,63.8,753.4,552.25,202.15,440.1,4.28,231.0,99950.0
1990-06-16 05:00:00+00:00,31.91,63.8,573.85,369.42,210.4,444.35,4.14,228.0,99910.0
1990-06-16 06:00:00+00:00,31.57,63.8,625.85,505.57,164.15,443.2,3.86,224.0,99860.0
1990-06-16 07:00:00+00:00,31.48,61.75,430.0,385.88,124.7,449.0,3.52,226.0,99860.0
1990-06-16 08:00:00+00:00,31.29,65.8,385.55,432.1,115.05,451.3,3.38,224.0,99840.0
1990-06-16 09:00:00+00:00,31.17,67.95,198.55,295.13,71.95,445.5,2.83,215.0,99820.0
1990-06-16 10:00:00+00:00,30.39,72.35,41.95,101.41,20.3,435.05,2.76,196.0,99850.0
1990-06-16 11:00:00+00:00,29.25,77.0,0.0,0.0,0.0,436.0,2.9,198.0,99890.0
1990-06-16 12:00:00+00:00,28.35,84.7,0.0,0.0,0.0,431.55,2.69,206.0,99960.0
1990-06-16 13:00:00+00:00,27.74,87.45,0.0,0.0,0.0,433.3,2.48,216.0,99990.0
1990-06-16 14:00:00+00:00,27.3,90.25,0.0,0.0,0.0,431.95,1.66,217.0,100050.0
1990-06-16 15:00:00+00:00,26.86,93.2,0.0,0.0,0.0,426.55,1.24,207.0,100070.0
1990-06-16 16:00:00+00:00,26.51,93.2,0.0,0.0,0.0,426.55,1.03,210.0,100050.0
1990-06-16 17:00:00+00:00,26.09,96.25,0.0,0.0,0.0,422.85,0.9,230.0,100050.0
1990-06-16 18:00:00+00:00,26.02,96.25,0.0,0.0,0.0,429.45,0.83,256.0,100030.0
1990-06-16 19:00:00+00:00,25.79,99.4,0.0,0.0,0.0,420.35,0.9,256.0,99980.0
1990-06-16 20:00:00+00:00,25.79,99.4,0.0,0.0,0.0,419.4,0.76,259.0,99980.0
1990-06-16 21:00:00+00:00,25.83,99.4,0.0,0.0,0.0,420.9,0.69,265.0,100010.0
1990-06-16 22:00:00+00:00,26.0,96.25,125.65,691.1,54.3,419.2,0.48,289.0,100050.0
1990-06-16 23:00:00+00:00,27.36,90.25,294.2,600.81,100.45,420.35,0.76,266.0,100090.0
1990-06-17 00:00:00+00:00,28.68,82.1,463.9,649.85,119.5,427.1,2.21,253.0,100120.0
1990-06-17 01:00:00+00:00,29.89,77.1,650.75,713.46,142.25,437.85,2.76,248.0,100090.0
1990-06-17 02:00:00+00:00,31.04,70.2,795.15,723.55,174.55,441.85,3.03,241.0,100090.0
1990-06-17 03:00:00+00:00,31.97,66.0,818.05,652.73,194.65,444.15,3.31,230.0,100040.0
1990-06-17 04:00:00+00:00,32.47,64.0,856.35,686.58,171.05,443.35,3.38,228.0,100010.0
1990-06-17 05:00:00+00:00,32.84,66.1,810.0,635.27,184.9,449.2,3.31,232.0,99950.0
1990-06-17 06:00:00+00:00,33.18,64.1,563.65,403.79,194.75,452.45,3.52,224.0,99890.0
1990-06-17 07:00:00+00:00,30.46,72.4,506.25,462.59,140.0,447.85,3.17,228.0,99930.0
1990-06-17 08:00:00+00:00,31.05,70.2,340.7,334.19,131.25,440.45,3.17,224.0,99950.0
1990-06-17 09:00:00+00:00,30.93,70.2,197.15,250.79,89.35,442.4,3.24,221.0,99890.0
1990-06-17 10:00:00+00:00,30.32,74.7,49.3,119.84,23.6,435.65,2.62,212.0,99910.0
1990-06-17 11:00:00+00:00,29.33,79.55,0.0,0.0,0.0,434.3,2.62,213.0,99950.0
1990-06-17 12:00:00+00:00,28.47,82.1,0.0,0.0,0.0,425.95,2.21,215.0,100030.0
1990-06-17 13:00:00+00:00,27.85,87.45,0.0,0.0,0.0,422.85,1.93,221.0,100100.0
1990-06-17 14:00:00+00:00,27.39,90.25,0.0,0.0,0.0,423.85,1.59,230.0,100120.0
1990-06-17 15:00:00+00:00,26.89,93.2,0.0,0.0,0.0,420.15,1.24,234.0,100100.0
1990-06-17 16:00:00+00:00,26.28,96.25,0.0,0.0,0.0,414.9,1.03,244.0,100060.0
1990-06-17 17:00:00+00:00,25.81,99.4,0.0,0.0,0.0,412.8,1.17,257.0,100030.0
1990-06-17 18:00:00+00:00,25.57,99.4,0.0,0.0,0.0,415.5,1.17,269.0,100020.0
1990-06-17 19:00:00+00:00,25.82,99.4,0.0,0.0,0.0,425.2,1.1,256.0,99950.0
1990-06-17 20:00:00+00:00,25.67,99.4,0.0,0.0,0.0,417.65,0.9,282.0,99950.0
1990-06-17 21:00:00+00:00,26.01,96.25,0.0,0.0,0.0,418.8,0.62,325.0,99960.0
1990-06-17 22:00:00+00:00,26.17,96.25,119.65,670.92,50.75,415.5,0.28,303.0,99990.0
1990-06-17 23:00:00+00:00,27.36,90.25,300.1,660.0,87.65,420.35,0.83,269.0,100050.0
1990-06-18 00:00:00+00:00,28.8,82.1,389.2,502.4,123.25,425.2,1.93,269.0,100050.0
1990-06-18 01:00:00+00:00,29.8,77.1,595.3,629.88,146.7,430.9,2.28,271.0,100030.0
1990-06-18 02:00:00+00:00,31.05,70.2,739.75,660.96,173.1,437.0,2.55,268.0,100010.0
1990-06-18 03:00:00+00:00,32.14,66.0,782.15,630.06,180.55,445.9,2.69,257.0,99970.0
1990-06-18 04:00:00+00:00,32.74,64.0,861.45,704.3,158.5,450.55,2.83,255.0,99890.0
1990-06-18 05:00:00+00:00,33.34,62.05,802.75,611.85,200.6,448.0,3.17,249.0,99820.0
1990-06-18 06:00:00+00:00,33.56,60.2,731.1,640.4,145.8,453.65,3.38,242.0,99740.0
1990-06-18 07:00:00+00:00,32.26,66.0,508.2,433.36,164.85,449.55,4.07,233.0,99710.0
1990-06-18 08:00:00+00:00,31.9,68.05,390.7,448.48,109.3,455.2,3.31,227.0,99680.0
1990-06-18 09:00:00+00:00,31.65,68.05,225.15,352.81,73.2,444.9,3.45,227.0,99650.0
1990-06-18 10:00:00+00:00,31.13,70.2,52.35,126.53,25.1,439.3,2.83,220.0,99690.0
1990-06-18 11:00:00+00:00,30.12,74.7,0.0,0.0,0.0,436.8,2.55,216.0,99760.0
1990-06-18 12:00:00+00:00,29.31,79.55,0.0,0.0,0.0,436.4,2.41,219.0,99820.0
1990-06-18 13:00:00+00:00,28.69,82.1,0.0,0.0,0.0,435.05,2.07,225.0,99880.0
1990-06-18 14:00:00+00:00,28.24,84.7,0.0,0.0,0.0,435.45,1.93,228.0,99920.0
1990-06-18 15:00:00+00:00,27.82,87.45,0.0,0.0,0.0,430.2,1.79,236.0,99910.0
1990-06-18 16:00:00+00:00,27.45,87.45,0.0,0.0,0.0,428.45,1.66,246.0,99870.0
1990-06-18 17:00:00+00:00,27.17,90.25,0.0,0.0,0.0,428.85,1.52,250.0,99820.0
1990-06-18 18:00:00+00:00,26.76,93.2,0.0,0.0,0.0,420.75,1.59,248.0,99760.0
1990-06-18 19:00:00+00:00,26.85,93.2,0.0,0.0,0.0,420.55,1.79,255.0,99720.0
1990-06-18 20:00:00+00:00,26.63,93.2,0.0,0.0,0.0,421.5,1.52,267.0,99740.0
1990-06-18 21:00:00+00:00,26.24,96.25,0.0,0.0,0.0,421.3,1.17,274.0,99740.0
1990-06-18 22:00:00+00:00,26.19,96.25,116.95,506.87,65.2,421.1,0.97,265.0,99780.0
1990-06-18 23:00:00+00:00,28.0,84.7,294.4,529.93,124.15,424.2,1.17,255.0,99820.0
1990-06-19 00:00:00+00:00,29.3,79.55,442.8,543.0,155.7,429.85,2.41,260.0,99830.0
1990-06-19 01:00:00+00:00,30.37,74.7,592.4,572.75,184.8,433.6,2.9,260.0,99810.0
1990-06-19 02:00:00+00:00,31.46,65.9,745.45,612.38,220.7,439.7,3.31,260.0,99800.0
1990-06-19 03:00:00+00:00,32.51,61.95,892.85,747.24,179.55,444.75,3.66,260.0,99740.0
1990-06-19 04:00:00+00:00,33.3,60.1,837.25,656.84,181.7,446.3,3.79,257.0,99670.0
1990-06-19 05:00:00+00:00,33.79,56.4,752.9,584.07,178.0,456.9,3.45,254.0,99610.0
1990-06-19 06:00:00+00:00,34.01,54.7,482.55,342.72,169.2,458.65,3.24,251.0,99520.0
1990-06-19 07:00:00+00:00,32.28,63.9,482.4,398.82,166.2,460.4,3.24,225.0,99480.0
1990-06-19 08:00:00+00:00,32.44,64.0,382.1,399.34,131.25,458.45,3.59,223.0,99430.0
1990-06-19 09:00:00+00:00,32.17,66.0,200.55,280.3,79.6,454.8,3.52,222.0,99410.0
1990-06-19 10:00:00+00:00,31.45,68.05,44.1,79.07,27.0,454.8,3.1,215.0,99450.0
1990-06-19 11:00:00+00:00,30.34,74.7,0.0,0.0,0.0,445.5,2.69,214.0,99510.0
1990-06-19 12:00:00+00:00,29.44,77.1,0.0,0.0,0.0,440.3,2.34,220.0,99550.0
1990-06-19 13:00:00+00:00,28.81,82.1,0.0,0.0,0.0,436.0,2.14,226.0,99600.0
1990-06-19 14:00:00+00:00,28.33,87.5,0.0,0.0,0.0,432.35,2.07,227.0,99670.0
1990-06-19 15:00:00+00:00,28.01,87.5,0.0,0.0,0.0,432.75,2.07,231.0,99670.0
1990-06-19 16:00:00+00:00,27.67,87.45,0.0,0.0,0.0,429.65,1.86,240.0,99630.0
1990-06-19 17:00:00+00:00,27.36,90.25,0.0,0.0,0.0,427.1,1.79,245.0,99580.0
1990-06-19 18:00:00+00:00,27.09,90.25,0.0,0.0,0.0,423.85,1.86,248.0,99540.0
1990-06-19 19:00:00+00:00,26.85,93.2,0.0,0.0,0.0,422.85,1.38,256.0,99490.0
1990-06-19 20:00:00+00:00,26.69,93.2,0.0,0.0,0.0,424.6,1.45,262.0,99510.0
1990-06-19 21:00:00+00:00,26.49,93.2,0.0,0.0,0.0,425.0,1.38,264.0,99510.0
1990-06-19 22:00:00+00:00,26.49,93.2,105.9,385.41,66.8,427.1,1.1,264.0,99560.0
1990-06-19 23:00:00+00:00,27.81,87.45,242.05,334.06,134.95,426.75,1.31,253.0,99610.0
1990-06-20 00:00:00+00:00,28.87,82.1,413.3,426.36,188.15,431.4,2.41,253.0,99640.0
1990-06-20 01:00:00+00:00,29.98,74.7,608.0,603.22,179.05,437.85,2.55,257.0,99640.0
1990-06-20 02:00:00+00:00,31.2,72.5,751.25,581.1,253.55,443.55,2.55,264.0,99630.0
1990-06-20 03:00:00+00:00,32.43,68.15,670.05,325.78,359.15,448.4,2.76,260.0,99600.0
1990-06-20 04:00:00+00:00,33.07,64.1,801.35,467.49,334.8,455.75,2.76,253.0,99530.0
1990-06-20 05:00:00+00:00,33.86,62.15,732.3,470.36,269.25,458.1,2.9,246.0,99420.0
1990-06-20 06:00:00+00:00,33.81,62.15,580.8,354.34,256.7,462.75,3.24,237.0,99340.0
1990-06-20 07:00:00+00:00,31.04,70.2,456.15,302.64,216.05,458.65,3.31,223.0,99360.0
1990-06-20 08:00:00+00:00,31.74,68.05,384.3,382.21,143.95,450.35,3.1,219.0,99300.0
1990-06-20 09:00:00+00:00,31.95,66.0,167.8,139.03,107.7,443.0,3.31,218.0,99330.0
1990-06-20 10:00:00+00:00,31.31,70.2,41.4,44.45,31.75,450.75,2.97,212.0,99360.0
1990-06-20 11:00:00+00:00,30.31,74.7,0.0,0.0,0.0,444.55,2.9,215.0,99440.0
1990-06-20 12:00:00+00:00,29.6,77.1,0.0,0.0,0.0,445.7,2.55,223.0,99490.0
1990-06-20 13:00:00+00:00,28.99,79.55,0.0,0.0,0.0,434.85,2.28,227.0,99560.0
1990-06-20 14:00:00+00:00,28.63,82.1,0.0,0.0,0.0,436.4,2.07,232.0,99610.0
1990-06-20 15:00:00+00:00,28.34,84.7,0.0,0.0,0.0,437.0,2.0,236.0,99610.0
1990-06-20 16:00:00+00:00,28.06,84.7,0.0,0.0,0.0,436.0,1.79,239.0,99570.0
1990-06-20 17:00:00+00:00,27.67,87.45,0.0,0.0,0.0,429.25,1.59,248.0,99510.0
1990-06-20 18:00:00+00:00,27.37,90.25,0.0,0.0,0.0,430.2,1.38,257.0,99470.0
1990-06-20 19:00:00+00:00,27.26,93.2,0.0,0.0,0.0,427.7,1.31,255.0,99440.0
1990-06-20 20:00:00+00:00,27.15,93.2,0.0,0.0,0.0,435.85,1.03,258.0,99470.0
1990-06-20 21:00:00+00:00,26.7,93.2,0.0,0.0,0.0,427.1,0.97,267.0,99480.0
1990-06-20 22:00:00+00:00,27.39,90.25,86.65,263.51,60.1,431.0,0.21,247.0,99550.0
1990-06-20 23:00:00+00:00,28.23,87.5,220.5,341.98,111.1,438.15,0.69,235.0,99620.0
1990-06-21 00:00:00+00:00,29.11,82.15,334.65,274.37,189.95,437.0,1.45,244.0,99640.0
1990-06-21 01:00:00+00:00,29.87,79.6,583.25,497.45,229.8,442.5,1.66,245.0,99640.0
1990-06-21 02:00:00+00:00,31.11,74.85,706.9,549.26,236.7,446.85,1.72,238.0,99600.0
1990-06-21 03:00:00+00:00,32.19,70.35,696.7,375.18,338.75,451.3,2.21,233.0,99570.0
1990-06-21 04:00:00+00:00,33.16,62.05,688.0,448.43,240.5,460.0,2.76,234.0,99520.0
1990-06-21 05:00:00+00:00,33.44,62.05,574.2,288.14,290.5,459.05,3.31,219.0,99430.0
1990-06-21 06:00:00+00:00,31.01,70.2,443.15,146.34,309.25,466.4,4.28,213.0,99440.0
1990-06-21 07:00:00+00:00,30.59,72.4,407.25,215.15,236.45,451.1,2.69,226.0,99430.0
1990-06-21 08:00:00+00:00,31.43,70.2,321.15,218.03,183.9,447.25,3.17,230.0,99390.0
1990-06-21 09:00:00+00:00,29.49,77.1,161.05,127.12,106.0,451.7,3.31,232.0,99430.0
1990-06-21 10:00:00+00:00,28.6,82.1,32.05,36.25,24.15,440.3,1.86,246.0,99510.0
1990-06-21 11:00:00+00:00,28.36,84.7,0.0,0.0,0.0,438.75,1.31,262.0,99570.0
1990-06-21 12:00:00+00:00,27.88,87.45,0.0,0.0,0.0,432.9,1.24,240.0,99620.0
1990-06-21 13:00:00+00:00,27.73,87.45,0.0,0.0,0.0,439.5,0.83,250.0,99650.0
1990-06-21 14:00:00+00:00,27.36,93.2,0.0,0.0,0.0,434.85,0.76,238.0,99670.0
1990-06-21 15:00:00+00:00,26.99,93.2,0.0,0.0,0.0,430.0,0.9,252.0,99680.0
1990-06-21 16:00:00+00:00,26.78,93.2,0.0,0.0,0.0,429.05,1.03,237.0,99670.0
1990-06-21 17:00:00+00:00,26.54,96.25,0.0,0.0,0.0,428.65,0.97,238.0,99600.0
1990-06-21 18:00:00+00:00,26.54,93.2,0.0,0.0,0.0,432.55,1.03,240.0,99590.0
1990-06-21 19:00:00+00:00,26.44,93.2,0.0,0.0,0.0,434.45,0.83,245.0,99520.0
1990-06-21 20:00:00+00:00,26.4,93.2,0.0,0.0,0.0,432.9,1.1,237.0,99570.0
1990-06-21 21:00:00+00:00,26.32,96.25,0.0,0.0,0.0,433.5,1.24,288.0,99610.0
1990-06-21 22:00:00+00:00,26.17,96.25,44.95,22.0,42.75,436.6,1.1,299.0,99680.0
1990-06-21 23:00:00+00:00,26.52,93.2,75.65,5.33,73.95,438.55,1.17,261.0,99770.0
1990-06-22 00:00:00+00:00,26.56,93.2,156.2,13.86,148.9,441.05,1.79,263.0,99820.0
1990-06-22 01:00:00+00:00,26.62,93.2,72.85,1.62,71.7,440.4,2.14,256.0,99860.0
1990-06-22 02:00:00+00:00,26.32,96.25,134.0,3.39,131.1,444.35,1.52,261.0,99860.0
1990-06-22 03:00:00+00:00,26.53,93.2,171.05,6.66,164.7,436.0,1.31,293.0,99820.0
1990-06-22 04:00:00+00:00,26.76,93.2,248.8,26.61,222.25,437.35,1.31,291.0,99770.0
1990-06-22 05:00:00+00:00,27.14,90.25,161.8,5.84,156.05,436.6,1.93,267.0,99710.0
1990-06-22 06:00:00+00:00,27.17,90.25,63.4,0.0,63.4,440.45,1.93,251.0,99670.0
1990-06-22 07:00:00+00:00,26.9,90.25,52.5,0.69,51.95,443.35,1.17,275.0,99680.0
1990-06-22 08:00:00+00:00,26.86,93.2,51.75,0.16,51.65,442.0,1.24,288.0,99630.0
1990-06-22 09:00:00+00:00,26.91,90.25,39.9,0.0,39.9,439.7,0.9,285.0,99640.0
1990-06-22 10:00:00+00:00,26.94,90.25,11.9,0.0,11.9,439.3,0.34,269.0,99670.0
1990-06-22 11:00:00+00:00,26.73,96.25,0.0,0.0,0.0,439.1,0.48,272.0,99730.0
1990-06-22 12:00:00+00:00,26.55,93.2,0.0,0.0,0.0,439.3,0.9,300.0,99760.0
1990-06-22 13:00:00+00:00,26.29,96.25,0.0,0.0,0.0,435.85,1.03,286.0,99820.0
1990-06-22 14:00:00+00:00,26.03,96.25,0.0,0.0,0.0,433.9,0.97,271.0,99840.0
1990-06-22 15:00:00+00:00,25.82,99.4,0.0,0.0,0.0,429.65,1.03,295.0,99840.0
1990-06-22 16:00:00+00:00,25.72,99.4,0.0,0.0,0.0,433.9,1.03,298.0,99780.0
1990-06-22 17:00:00+00:00,25.48,99.4,0.0,0.0,0.0,427.5,0.97,273.0,99750.0
1990-06-22 18:00:00+00:00,25.43,99.4,0.0,0.0,0.0,431.4,1.03,254.0,99710.0
1990-06-22 19:00:00+00:00,24.99,100.0,0.0,0.0,0.0,428.85,0.21,69.0,99750.0
1990-06-22 20:00:00+00:00,25.01,100.0,0.0,0.0,0.0,437.35,0.48,35.0,99750.0
1990-06-22 21:00:00+00:00,25.13,99.4,0.0,0.0,0.0,440.65,0.55,32.0,99780.0
1990-06-22 22:00:00+00:00,25.02,99.4,23.95,10.58,22.9,438.55,0.41,39.0,99860.0
1990-06-22 23:00:00+00:00,25.19,99.4,115.65,132.7,73.4,440.85,0.21,65.0,99880.0
1990-06-23 00:00:00+00:00,25.83,96.25,154.65,130.05,86.25,429.45,0.62,106.0,99910.0
1990-06-23 01:00:00+00:00,26.34,93.2,146.9,39.33,119.0,432.25,0.97,104.0,99970.0
1990-06-23 02:00:00+00:00,26.39,90.25,266.1,53.56,220.3,440.85,1.93,104.0,99980.0
1990-06-23 03:00:00+00:00,26.53,90.25,323.0,120.34,208.25,445.5,2.48,97.0,99970.0
1990-06-23 04:00:00+00:00,26.02,90.2,245.95,52.87,193.2,443.2,3.72,92.0,99920.0
1990-06-23 05:00:00+00:00,25.79,96.25,135.15,4.92,130.3,437.0,3.52,96.0,99930.0
1990-06-23 06:00:00+00:00,25.31,96.2,132.2,12.01,121.2,439.3,2.83,100.0,99900.0
1990-06-23 07:00:00+00:00,25.46,90.2,110.65,12.27,100.9,441.85,3.24,86.0,99930.0
1990-06-23 08:00:00+00:00,25.34,93.15,85.6,10.31,79.1,440.45,3.24,87.0,99900.0
1990-06-23 09:00:00+00:00,25.29,93.15,38.9,2.07,38.0,439.5,3.17,92.0,99870.0
1990-06-23 10:00:00+00:00,25.05,93.15,8.7,1.6,8.35,438.35,2.97,96.0,99940.0
1990-06-23 11:00:00+00:00,24.75,93.15,0.0,0.0,0.0,437.2,2.97,97.0,99980.0
1990-06-23 12:00:00+00:00,24.64,93.15,0.0,0.0,0.0,435.65,3.1,98.0,100050.0
1990-06-23 13:00:00+00:00,24.62,93.15,0.0,0.0,0.0,436.0,2.97,99.0,100070.0
1990-06-23 14:00:00+00:00,24.56,93.15,0.0,0.0,0.0,435.85,2.9,99.0,100090.0
1990-06-23 15:00:00+00:00,24.54,93.15,0.0,0.0,0.0,436.2,2.97,99.0,100080.0
1990-06-23 16:00:00+00:00,24.53,93.15,0.0,0.0,0.0,433.3,2.9,98.0,100030.0
1990-06-23 17:00:00+00:00,24.55,93.15,0.0,0.0,0.0,437.35,2.9,94.0,99950.0
1990-06-23 18:00:00+00:00,24.59,93.15,0.0,0.0,0.0,436.6,2.62,90.0,99900.0
1990-06-23 19:00:00+00:00,24.28,90.1,0.0,0.0,0.0,432.15,1.66,84.0,99860.0
1990-06-23 20:00:00+00:00,24.23,90.1,0.0,0.0,0.0,427.1,1.17,95.0,99910.0
1990-06-23 21:00:00+00:00,24.15,90.1,0.0,0.0,0.0,430.0,0.76,97.0,99920.0
1990-06-23 22:00:00+00:00,24.15,90.1,40.0,41.16,35.95,430.4,0.48,90.0,99960.0
1990-06-23 23:00:00+00:00,24.5,87.25,88.6,41.25,75.5,425.75,0.41,97.0,100000.0
1990-06-24 00:00:00+00:00,24.94,84.4,213.55,142.7,138.6,433.9,0.62,80.0,100020.0
1990-06-24 01:00:00+00:00,25.87,81.75,238.9,97.01,170.15,433.25,1.59,84.0,100020.0
1990-06-24 02:00:00+00:00,26.43,79.2,218.0,36.74,186.6,436.6,2.07,94.0,100050.0
1990-06-24 03:00:00+00:00,26.64,79.2,270.5,42.12,230.35,442.0,2.14,104.0,100020.0
1990-06-24 04:00:00+00:00,27.11,79.3,364.95,107.44,257.75,442.2,1.93,113.0,99970.0
1990-06-24 05:00:00+00:00,27.7,76.8,269.3,45.07,224.9,447.05,2.14,113.0,99890.0
1990-06-24 06:00:00+00:00,27.62,76.8,410.8,159.06,265.1,446.85,2.55,122.0,99830.0
1990-06-24 07:00:00+00:00,27.93,74.4,369.25,184.19,222.75,445.5,2.62,130.0,99840.0
1990-06-24 08:00:00+00:00,27.72,76.8,171.4,94.88,111.5,442.0,2.9,137.0,99800.0
1990-06-24 09:00:00+00:00,27.13,79.3,103.55,66.99,74.4,439.9,2.41,143.0,99770.0
1990-06-24 10:00:00+00:00,26.73,81.85,32.55,48.17,21.95,438.15,1.93,134.0,99800.0
1990-06-24 11:00:00+00:00,26.21,84.5,0.0,0.0,0.0,438.35,1.45,112.0,99810.0
1990-06-24 12:00:00+00:00,25.47,90.2,0.0,0.0,0.0,418.0,1.45,90.0,99910.0
1990-06-24 13:00:00+00:00,25.09,93.15,0.0,0.0,0.0,418.8,1.52,78.0,99950.0
1990-06-24 14:00:00+00:00,24.87,93.15,0.0,0.0,0.0,418.6,1.52,70.0,100010.0
1990-06-24 15:00:00+00:00,24.71,93.15,0.0,0.0,0.0,419.95,1.52,60.0,100000.0
1990-06-24 16:00:00+00:00,24.51,93.15,0.0,0.0,0.0,418.6,1.38,62.0,99960.0
1990-06-24 17:00:00+00:00,24.41,93.15,0.0,0.0,0.0,423.85,1.24,60.0,99930.0
1990-06-24 18:00:00+00:00,24.39,93.15,0.0,0.0,0.0,428.85,1.17,46.0,99900.0
1990-06-24 19:00:00+00:00,24.36,93.15,0.0,0.0,0.0,431.55,1.17,57.0,99870.0
1990-06-24 20:00:00+00:00,24.23,96.2,0.0,0.0,0.0,431.55,1.1,49.0,99870.0
1990-06-24 21:00:00+00:00,24.12,96.2,0.0,0.0,0.0,430.0,1.1,33.0,99880.0
1990-06-24 22:00:00+00:00,24.1,96.2,33.0,13.84,31.65,431.55,1.03,11.0,99890.0
1990-06-24 23:00:00+00:00,24.45,93.15,75.95,14.05,71.5,433.3,0.76,11.0,99930.0
1990-06-25 00:00:00+00:00,25.02,93.15,115.5,33.75,97.8,435.65,0.83,34.0,99960.0
1990-06-25 01:00:00+00:00,25.52,90.2,176.85,38.84,149.35,434.4,0.76,27.0,99980.0
1990-06-25 02:00:00+00:00,26.16,84.5,177.0,29.62,151.7,439.9,0.48,40.0,99970.0
1990-06-25 03:00:00+00:00,26.47,81.85,215.0,31.06,185.4,437.2,0.0,117.0,99960.0
1990-06-25 04:00:00+00:00,27.0,79.3,261.0,59.84,201.3,443.75,0.62,239.0,99920.0
1990-06-25 05:00:00+00:00,27.36,79.3,247.45,41.52,206.55,444.55,1.03,248.0,99880.0
1990-06-25 06:00:00+00:00,27.64,79.35,590.8,307.1,309.4,446.1,1.24,250.0,99810.0
1990-06-25 07:00:00+00:00,29.29,72.15,404.85,238.43,215.1,440.65,2.0,154.0,99750.0
1990-06-25 08:00:00+00:00,28.1,76.85,202.6,89.89,145.8,438.15,2.62,148.0,99770.0
1990-06-25 09:00:00+00:00,27.35,84.6,122.85,80.9,87.6,441.65,2.55,154.0,99770.0
1990-06-25 10:00:00+00:00,26.97,84.6,28.4,15.41,25.0,434.3,1.93,164.0,99790.0
1990-06-25 11:00:00+00:00,26.3,90.2,0.0,0.0,0.0,430.6,0.48,128.0,99820.0
1990-06-25 12:00:00+00:00,25.94,93.2,0.0,0.0,0.0,437.55,0.69,39.0,99850.0
1990-06-25 13:00:00+00:00,25.63,99.4,0.0,0.0,0.0,437.2,0.55,67.0,99920.0
1990-06-25 14:00:00+00:00,25.47,99.4,0.0,0.0,0.0,434.3,0.34,101.0,100010.0
1990-06-25 15:00:00+00:00,25.39,99.4,0.0,0.0,0.0,438.55,0.28,139.0,100040.0
1990-06-25 16:00:00+00:00,25.16,99.4,0.0,0.0,0.0,433.5,0.69,128.0,100020.0
1990-06-25 17:00:00+00:00,24.9,99.4,0.0,0.0,0.0,431.35,0.62,116.0,99970.0
1990-06-25 18:00:00+00:00,24.79,99.4,0.0,0.0,0.0,432.55,0.48,84.0,99920.0
1990-06-25 19:00:00+00:00,24.82,96.2,0.0,0.0,0.0,436.0,0.76,296.0,99930.0
1990-06-25 20:00:00+00:00,24.65,96.2,0.0,0.0,0.0,433.7,0.34,317.0,99900.0
1990-06-25 21:00:00+00:00,24.79,96.2,0.0,0.0,0.0,432.75,0.14,97.0,99910.0
1990-06-25 22:00:00+00:00,24.72,96.2,75.8,292.44,47.55,431.75,0.34,108.0,99980.0
1990-06-25 23:00:00+00:00,25.65,96.25,159.55,186.15,100.75,430.4,0.55,176.0,100050.0
1990-06-26 00:00:00+00:00,26.24,93.2,314.9,288.07,164.05,431.75,1.03,214.0,100070.0
1990-06-26 01:00:00+00:00,27.27,87.4,482.4,399.4,199.85,434.0,1.52,242.0,100060.0
1990-06-26 02:00:00+00:00,28.33,84.7,438.35,239.69,233.7,434.85,1.31,240.0,100080.0
1990-06-26 03:00:00+00:00,28.82,82.1,526.6,254.2,284.4,442.4,1.45,223.0,100080.0
1990-06-26 04:00:00+00:00,29.4,82.15,490.85,163.43,327.8,445.9,1.86,214.0,100050.0
1990-06-26 05:00:00+00:00,29.78,77.1,526.05,240.69,288.9,451.7,2.9,219.0,99990.0
1990-06-26 06:00:00+00:00,27.78,84.65,365.35,165.01,214.1,450.9,2.62,227.0,99980.0
1990-06-26 07:00:00+00:00,28.73,82.1,320.05,131.05,215.7,443.95,2.28,219.0,99920.0
1990-06-26 08:00:00+00:00,28.55,82.1,238.0,98.98,175.4,446.85,2.41,226.0,99870.0
1990-06-26 09:00:00+00:00,27.8,87.45,86.45,14.44,80.15,437.35,2.14,200.0,99910.0
1990-06-26 10:00:00+00:00,26.86,93.2,16.5,2.03,16.05,438.55,1.52,206.0,99960.0
1990-06-26 11:00:00+00:00,26.49,90.25,0.0,0.0,0.0,439.1,1.45,194.0,99930.0
1990-06-26 12:00:00+00:00,26.13,93.2,0.0,0.0,0.0,429.85,1.31,198.0,99990.0
1990-06-26 13:00:00+00:00,25.8,96.25,0.0,0.0,0.0,421.9,1.1,202.0,100050.0
1990-06-26 14:00:00+00:00,25.61,99.4,0.0,0.0,0.0,430.6,0.76,211.0,100100.0
1990-06-26 15:00:00+00:00,25.6,99.4,0.0,0.0,0.0,437.0,0.62,208.0,100120.0
1990-06-26 16:00:00+00:00,25.54,99.4,0.0,0.0,0.0,436.6,0.55,193.0,100080.0
1990-06-26 17:00:00+00:00,25.65,99.4,0.0,0.0,0.0,441.45,0.55,200.0,100040.0
1990-06-26 18:00:00+00:00,25.72,99.4,0.0,0.0,0.0,443.2,0.55,210.0,99980.0
1990-06-26 19:00:00+00:00,25.48,96.25,0.0,0.0,0.0,437.75,0.9,239.0,99970.0
1990-06-26 20:00:00+00:00,25.12,99.4,0.0,0.0,0.0,424.4,0.76,234.0,99960.0
1990-06-26 21:00:00+00:00,25.2,99.4,0.0,0.0,0.0,438.35,0.41,256.0,99960.0
1990-06-26 22:00:00+00:00,25.2,99.4,69.35,145.86,55.4,431.0,0.41,293.0,100000.0
1990-06-26 23:00:00+00:00,25.96,93.2,171.8,143.66,126.55,429.25,0.69,281.0,100050.0
1990-06-27 00:00:00+00:00,26.94,87.4,311.85,212.11,200.95,434.1,1.93,257.0,100040.0
1990-06-27 01:00:00+00:00,27.95,84.7,530.1,428.14,227.5,436.3,2.55,251.0,100010.0
1990-06-27 02:00:00+00:00,29.23,79.55,596.45,429.25,230.15,439.7,2.41,250.0,100000.0
1990-06-27 03:00:00+00:00,30.05,74.7,775.6,531.69,269.15,438.75,2.41,236.0,99970.0
1990-06-27 04:00:00+00:00,31.0,72.5,722.3,382.07,341.15,446.3,3.03,220.0,99920.0
1990-06-27 05:00:00+00:00,29.2,79.55,275.0,88.23,188.05,449.0,3.17,235.0,99900.0
1990-06-27 06:00:00+00:00,27.87,87.45,283.95,129.07,165.6,444.75,2.21,239.0,99860.0
1990-06-27 07:00:00+00:00,28.81,82.1,288.15,124.01,189.35,444.55,2.0,226.0,99740.0
1990-06-27 08:00:00+00:00,29.09,79.55,185.7,27.96,168.0,439.5,3.03,225.0,99700.0
1990-06-27 09:00:00+00:00,28.83,82.1,101.95,51.73,79.35,444.55,2.55,222.0,99690.0
1990-06-27 10:00:00+00:00,28.03,84.7,36.0,27.5,29.9,440.85,1.86,206.0,99740.0
1990-06-27 11:00:00+00:00,27.48,87.45,0.0,0.0,0.0,438.15,2.07,204.0,99790.0
1990-06-27 12:00:00+00:00,26.77,93.2,0.0,0.0,0.0,436.2,2.76,214.0,99830.0
1990-06-27 13:00:00+00:00,26.31,96.25,0.0,0.0,0.0,431.0,2.0,220.0,99850.0
1990-06-27 14:00:00+00:00,26.05,93.2,0.0,0.0,0.0,426.35,1.59,224.0,99920.0
1990-06-27 15:00:00+00:00,25.86,96.25,0.0,0.0,0.0,425.2,1.38,219.0,99930.0
1990-06-27 16:00:00+00:00,25.69,96.25,0.0,0.0,0.0,423.05,1.17,210.0,99900.0
1990-06-27 17:00:00+00:00,25.44,99.4,0.0,0.0,0.0,423.45,0.97,215.0,99850.0
1990-06-27 18:00:00+00:00,25.39,96.25,0.0,0.0,0.0,425.2,0.9,232.0,99840.0
1990-06-27 19:00:00+00:00,25.46,96.25,0.0,0.0,0.0,428.1,1.38,234.0,99750.0
1990-06-27 20:00:00+00:00,25.74,96.25,0.0,0.0,0.0,437.55,1.59,224.0,99740.0
1990-06-27 21:00:00+00:00,25.89,93.2,0.0,0.0,0.0,439.1,1.59,224.0,99760.0
1990-06-27 22:00:00+00:00,26.01,93.2,61.1,141.58,47.7,437.2,1.66,233.0,99800.0
1990-06-27 23:00:00+00:00,26.55,93.2,161.75,160.01,111.5,442.8,2.34,237.0,99860.0
1990-06-28 00:00:00+00:00,27.3,90.25,329.7,260.91,193.5,429.05,2.83,236.0,99860.0
1990-06-28 01:00:00+00:00,28.39,84.7,479.0,417.21,184.4,437.85,3.03,236.0,99850.0
1990-06-28 02:00:00+00:00,29.18,79.55,549.5,363.71,239.3,437.2,2.9,231.0,99850.0
1990-06-28 03:00:00+00:00,29.74,79.6,670.4,387.97,300.95,441.65,2.97,223.0,99820.0
1990-06-28 04:00:00+00:00,30.32,79.65,671.15,287.01,384.85,451.7,3.31,221.0,99780.0
1990-06-28 05:00:00+00:00,29.79,82.2,491.55,153.57,340.2,452.65,3.93,224.0,99680.0
1990-06-28 06:00:00+00:00,28.89,84.75,211.65,22.51,191.0,443.95,2.97,225.0,99720.0
1990-06-28 07:00:00+00:00,28.42,79.5,140.2,1.76,138.8,443.2,2.76,238.0,99700.0
1990-06-28 08:00:00+00:00,28.07,84.7,103.15,2.05,101.85,445.7,2.62,237.0,99740.0
1990-06-28 09:00:00+00:00,27.71,87.45,47.4,0.91,47.0,441.25,2.34,233.0,99720.0
1990-06-28 10:00:00+00:00,27.03,90.25,14.0,0.0,14.0,443.35,1.93,226.0,99740.0
1990-06-28 11:00:00+00:00,26.59,93.2,0.0,0.0,0.0,437.55,1.72,220.0,99740.0
1990-06-28 12:00:00+00:00,26.26,96.25,0.0,0.0,0.0,432.75,1.52,216.0,99780.0
1990-06-28 13:00:00+00:00,26.04,96.25,0.0,0.0,0.0,430.6,1.03,215.0,99820.0
1990-06-28 14:00:00+00:00,25.87,99.4,0.0,0.0,0.0,431.4,0.76,194.0,99880.0
1990-06-28 15:00:00+00:00,26.13,96.25,0.0,0.0,0.0,437.2,1.17,198.0,99880.0
1990-06-28 16:00:00+00:00,26.25,96.25,0.0,0.0,0.0,441.65,2.07,219.0,99870.0
1990-06-28 17:00:00+00:00,26.13,96.25,0.0,0.0,0.0,445.3,2.21,226.0,99850.0
1990-06-28 18:00:00+00:00,26.13,96.25,0.0,0.0,0.0,444.9,2.48,227.0,99800.0
1990-06-28 19:00:00+00:00,25.88,96.25,0.0,0.0,0.0,441.45,0.83,199.0,99740.0
1990-06-28 20:00:00+00:00,25.85,99.4,0.0,0.0,0.0,440.45,0.83,208.0,99760.0
1990-06-28 21:00:00+00:00,25.94,96.25,0.0,0.0,0.0,446.1,1.31,211.0,99760.0
1990-06-28 22:00:00+00:00,25.85,99.4,35.85,37.39,32.35,445.9,0.9,178.0,99800.0
1990-06-28 23:00:00+00:00,26.06,96.25,149.75,110.51,115.15,433.1,0.9,174.0,99850.0
1990-06-29 00:00:00+00:00,26.88,96.25,269.55,197.25,166.75,437.0,0.97,175.0,99860.0
1990-06-29 01:00:00+00:00,27.88,93.25,338.4,125.66,249.75,447.75,1.24,186.0,99850.0
1990-06-29 02:00:00+00:00,28.71,87.55,437.65,145.65,313.5,450.9,1.72,198.0,99850.0
1990-06-29 03:00:00+00:00,28.46,82.1,463.85,146.32,324.55,452.3,3.59,228.0,99850.0
1990-06-29 04:00:00+00:00,28.48,82.1,244.4,34.69,209.8,435.85,2.97,229.0,99850.0
1990-06-29 05:00:00+00:00,28.1,84.7,390.55,73.6,318.0,444.9,2.9,225.0,99770.0
1990-06-29 06:00:00+00:00,28.75,82.1,379.4,68.39,316.65,441.05,3.66,228.0,99770.0
1990-06-29 07:00:00+00:00,28.45,79.5,316.65,86.46,247.7,435.45,3.72,219.0,99760.0
1990-06-29 08:00:00+00:00,28.4,82.05,174.5,28.32,156.55,439.9,3.86,223.0,99740.0
1990-06-29 09:00:00+00:00,28.33,82.05,110.05,15.19,103.4,441.45,3.31,226.0,99720.0
1990-06-29 10:00:00+00:00,28.21,84.7,26.3,8.75,24.35,445.9,1.86,217.0,99740.0
1990-06-29 11:00:00+00:00,27.83,87.45,0.0,0.0,0.0,444.55,1.31,207.0,99820.0
1990-06-29 12:00:00+00:00,27.38,90.25,0.0,0.0,0.0,439.7,1.1,203.0,99870.0
1990-06-29 13:00:00+00:00,26.91,90.25,0.0,0.0,0.0,436.4,0.97,186.0,99900.0
1990-06-29 14:00:00+00:00,26.54,93.2,0.0,0.0,0.0,434.45,1.03,179.0,99920.0
1990-06-29 15:00:00+00:00,26.24,96.25,0.0,0.0,0.0,431.2,1.03,183.0,99940.0
1990-06-29 16:00:00+00:00,25.9,96.25,0.0,0.0,0.0,423.45,1.03,193.0,99930.0
1990-06-29 17:00:00+00:00,25.57,99.4,0.0,0.0,0.0,419.4,1.1,205.0,99880.0
1990-06-29 18:00:00+00:00,25.45,99.4,0.0,0.0,0.0,423.05,1.31,214.0,99870.0
1990-06-29 19:00:00+00:00,25.69,99.4,0.0,0.0,0.0,434.1,1.31,201.0,99830.0
1990-06-29 20:00:00+00:00,25.85,99.4,0.0,0.0,0.0,433.3,1.72,214.0,99850.0
1990-06-29 21:00:00+00:00,25.88,93.2,0.0,0.0,0.0,428.3,1.86,217.0,99850.0
1990-06-29 22:00:00+00:00,25.82,99.4,81.95,403.09,44.65,434.3,1.66,222.0,99880.0
1990-06-29 23:00:00+00:00,26.57,93.2,250.4,487.64,98.2,425.35,1.38,212.0,99940.0
1990-06-30 00:00:00+00:00,27.76,90.3,360.9,380.06,163.15,434.1,1.93,208.0,99950.0
1990-06-30 01:00:00+00:00,28.62,87.55,545.5,453.98,225.55,438.65,2.21,210.0,99970.0
1990-06-30 02:00:00+00:00,29.77,84.85,601.3,410.43,251.65,443.2,2.62,211.0,99980.0
1990-06-30 03:00:00+00:00,29.84,77.1,588.4,327.93,276.3,450.55,4.0,224.0,99970.0
1990-06-30 04:00:00+00:00,29.25,79.55,545.65,272.61,273.75,447.65,3.03,224.0,99990.0
1990-06-30 05:00:00+00:00,29.78,77.1,561.9,260.34,305.25,438.15,3.59,216.0,99930.0
1990-06-30 06:00:00+00:00,30.17,74.7,657.8,470.27,226.2,441.65,4.14,216.0,99860.0
1990-06-30 07:00:00+00:00,31.21,70.2,455.05,342.9,181.45,439.7,4.83,219.0,99780.0
1990-06-30 08:00:00+00:00,30.82,72.4,280.35,240.08,128.05,447.25,4.55,223.0,99800.0
1990-06-30 09:00:00+00:00,30.11,74.7,170.4,171.9,95.05,445.1,3.52,219.0,99760.0
1990-06-30 10:00:00+00:00,29.3,79.55,40.2,30.25,33.45,441.05,3.1,216.0,99810.0
1990-06-30 11:00:00+00:00,28.35,84.7,0.0,0.0,0.0,435.05,2.48,215.0,99860.0
1990-06-30 12:00:00+00:00,27.72,87.45,0.0,0.0,0.0,432.55,2.0,212.0,99910.0
1990-06-30 13:00:00+00:00,27.33,90.25,0.0,0.0,0.0,431.75,1.86,206.0,99960.0
1990-06-30 14:00:00+00:00,26.87,93.2,0.0,0.0,0.0,423.65,1.45,201.0,99990.0
1990-06-30 15:00:00+00:00,26.33,96.25,0.0,0.0,0.0,421.1,1.03,195.0,100020.0
1990-06-30 16:00:00+00:00,24.76,99.0,0.0,0.0,0.0,427.59,0.6,192.0,99960.0
1990-06-30 17:00:00+00:00,25.15,99.0,0.0,0.0,0.0,428.9,0.75,195.0,99930.0
1990-06-30 18:00:00+00:00,25.53,99.95,0.0,0.0,0.0,430.22,0.91,188.0,99890.0
1990-06-30 19:00:00+00:00,25.91,98.16,0.0,0.0,0.0,431.54,1.06,192.0,99930.0
1990-06-30 20:00:00+00:00,26.29,96.38,0.0,0.0,0.0,432.85,1.21,164.0,99920.0
1990-06-30 21:00:00+00:00,26.68,94.6,0.0,0.0,0.0,434.17,1.37,154.0,99910.0
1990-06-30 22:00:00+00:00,27.06,92.82,57.2,9.3,56.35,435.49,1.52,172.0,99930.0
1990-06-30 23:00:00+00:00,27.44,91.03,174.05,72.96,151.35,436.8,1.68,195.0,99960.0
1990-07-01 00:00:00+00:00,27.82,89.25,365.9,349.53,184.65,438.12,1.83,143.0,100280.0
1990-07-01 01:00:00+00:00,28.21,87.47,541.3,400.77,259.4,439.43,1.99,158.0,100300.0
1990-07-01 02:00:00+00:00,28.59,85.68,643.85,507.78,211.75,440.75,2.14,173.0,100320.0
1990-07-01 03:00:00+00:00,28.97,83.9,636.55,341.78,311.45,442.07,2.29,178.0,100340.0
1990-07-01 04:00:00+00:00,29.35,82.12,598.5,335.52,263.9,443.38,2.45,184.0,100300.0
1990-07-01 05:00:00+00:00,29.74,80.33,614.95,330.92,288.65,444.7,2.6,189.0,100240.0
1990-07-01 06:00:00+00:00,30.12,78.55,492.3,260.54,253.05,446.01,2.76,177.0,100180.0
1990-07-01 07:00:00+00:00,30.5,76.77,412.45,253.19,210.25,447.33,2.91,182.0,100120.0
1990-07-01 08:00:00+00:00,30.35,72.35,331.15,276.94,155.25,436.8,2.76,185.0,100060.0
1990-07-01 09:00:00+00:00,30.15,72.35,158.1,134.6,99.0,444.15,2.76,185.0,100060.0
1990-07-01 10:00:00+00:00,29.07,77.0,41.5,52.74,29.7,432.75,1.86,194.0,100070.0
1990-07-01 11:00:00+00:00,28.45,82.1,0.0,0.0,0.0,431.0,1.38,170.0,100130.0
1990-07-01 12:00:00+00:00,27.66,87.45,0.0,0.0,0.0,423.05,1.31,148.0,100180.0
1990-07-01 13:00:00+00:00,26.99,93.2,0.0,0.0,0.0,418.8,0.69,146.0,100270.0
1990-07-01 14:00:00+00:00,27.01,90.25,0.0,0.0,0.0,417.05,0.62,100.0,100300.0
1990-07-01 15:00:00+00:00,25.72,99.4,0.0,0.0,0.0,413.75,1.17,99.0,100310.0
1990-07-01 16:00:00+00:00,25.46,99.4,0.0,0.0,0.0,415.9,1.24,103.0,100300.0
1990-07-01 17:00:00+00:00,25.53,99.4,0.0,0.0,0.0,416.45,0.9,106.0,100260.0
1990-07-01 18:00:00+00:00,26.14,96.25,0.0,0.0,0.0,419.2,0.55,98.0,100220.0
1990-07-01 19:00:00+00:00,24.99,96.2,0.0,0.0,0.0,412.4,0.9,50.0,100180.0
1990-07-01 20:00:00+00:00,25.21,99.4,0.0,0.0,0.0,416.1,0.76,19.0,100170.0
1990-07-01 21:00:00+00:00,24.72,99.4,0.0,0.0,0.0,412.8,0.9,15.0,100200.0
1990-07-01 22:00:00+00:00,24.97,99.4,76.1,308.62,48.6,420.9,0.76,27.0,100210.0
1990-07-01 23:00:00+00:00,26.16,96.25,218.0,367.93,104.3,422.65,0.34,77.0,100250.0
1990-07-02 00:00:00+00:00,27.4,87.45,435.3,533.09,159.35,429.05,0.76,162.0,100280.0
1990-07-02 01:00:00+00:00,28.64,87.55,578.0,543.84,195.85,426.05,1.45,161.0,100300.0
1990-07-02 02:00:00+00:00,29.81,87.6,579.4,395.6,242.95,432.35,1.93,166.0,100340.0
1990-07-02 03:00:00+00:00,30.28,84.9,792.1,538.79,279.75,444.75,2.0,165.0,100340.0
1990-07-02 04:00:00+00:00,31.17,82.35,671.15,325.36,346.7,448.8,2.21,169.0,100300.0
1990-07-02 05:00:00+00:00,31.44,77.35,745.55,489.38,262.95,454.8,2.48,158.0,100200.0
1990-07-02 06:00:00+00:00,31.36,72.5,605.65,340.28,293.1,449.75,2.9,189.0,100170.0
1990-07-02 07:00:00+00:00,31.1,67.95,467.0,279.82,243.45,446.1,3.45,192.0,100120.0
1990-07-02 08:00:00+00:00,30.75,70.1,278.9,185.29,161.15,443.55,3.45,187.0,100050.0
1990-07-02 09:00:00+00:00,30.17,72.35,159.0,150.32,92.95,447.65,2.97,186.0,100040.0
1990-07-02 10:00:00+00:00,29.48,77.1,45.9,40.18,36.9,435.85,2.34,183.0,100080.0
1990-07-02 11:00:00+00:00,28.63,82.1,0.0,0.0,0.0,430.4,1.72,182.0,100190.0
1990-07-02 12:00:00+00:00,27.89,84.7,0.0,0.0,0.0,425.55,1.31,181.0,100230.0
1990-07-02 13:00:00+00:00,27.47,87.45,0.0,0.0,0.0,432.15,1.31,166.0,100330.0
1990-07-02 14:00:00+00:00,26.8,93.2,0.0,0.0,0.0,418.6,1.24,161.0,100360.0
1990-07-02 15:00:00+00:00,26.53,93.2,0.0,0.0,0.0,423.85,1.38,168.0,100370.0
1990-07-02 16:00:00+00:00,26.22,96.25,0.0,0.0,0.0,420.75,1.38,195.0,100330.0
1990-07-02 17:00:00+00:00,26.1,96.25,0.0,0.0,0.0,429.85,0.76,219.0,100280.0
1990-07-02 18:00:00+00:00,26.39,90.25,0.0,0.0,0.0,423.85,0.0,235.0,100220.0
1990-07-02 19:00:00+00:00,25.77,96.25,0.0,0.0,0.0,422.3,0.62,130.0,100230.0
1990-07-02 20:00:00+00:00,25.77,96.25,0.0,0.0,0.0,427.1,0.76,124.0,100220.0
1990-07-02 21:00:00+00:00,26.05,93.2,0.0,0.0,0.0,425.75,0.55,101.0,100220.0
1990-07-02 22:00:00+00:00,26.19,93.2,71.55,81.91,64.35,427.1,0.34,85.0,100250.0
1990-07-02 23:00:00+00:00,26.77,93.2,247.4,336.42,143.8,426.75,0.83,158.0,100270.0
1990-07-03 00:00:00+00:00,27.88,87.5,434.85,503.55,174.65,424.6,1.79,179.0,100260.0
1990-07-03 01:00:00+00:00,28.84,87.55,526.55,402.72,243.85,431.3,2.07,183.0,100300.0
1990-07-03 02:00:00+00:00,29.74,82.2,682.8,468.01,285.0,436.0,2.0,180.0,100310.0
1990-07-03 03:00:00+00:00,30.97,67.95,774.85,514.01,286.2,441.05,3.17,182.0,100290.0
1990-07-03 04:00:00+00:00,30.52,70.1,808.8,587.89,222.6,445.9,3.66,186.0,100250.0
1990-07-03 05:00:00+00:00,30.87,72.4,716.65,449.18,273.65,438.15,3.17,191.0,100220.0
1990-07-03 06:00:00+00:00,29.38,77.0,632.35,446.32,222.3,444.15,3.31,194.0,100190.0
1990-07-03 07:00:00+00:00,30.11,74.7,420.9,196.63,263.75,447.45,3.38,188.0,100110.0
1990-07-03 08:00:00+00:00,29.66,74.65,292.75,172.62,183.0,442.2,2.97,192.0,100090.0
1990-07-03 09:00:00+00:00,29.66,74.65,148.7,87.57,110.2,440.3,2.48,185.0,100060.0
1990-07-03 10:00:00+00:00,29.21,77.0,40.0,30.56,33.15,430.8,1.93,189.0,100090.0
1990-07-03 11:00:00+00:00,28.36,79.4,0.0,0.0,0.0,428.65,2.28,190.0,100180.0
1990-07-03 12:00:00+00:00,27.56,81.95,0.0,0.0,0.0,436.0,1.86,188.0,100210.0
1990-07-03 13:00:00+00:00,26.9,84.6,0.0,0.0,0.0,424.0,1.45,180.0,100250.0
1990-07-03 14:00:00+00:00,26.56,87.35,0.0,0.0,0.0,427.7,1.1,173.0,100300.0
1990-07-03 15:00:00+00:00,26.3,93.2,0.0,0.0,0.0,429.45,1.1,161.0,100290.0
1990-07-03 16:00:00+00:00,25.84,96.25,0.0,0.0,0.0,422.3,1.03,130.0,100210.0
1990-07-03 17:00:00+00:00,25.6,96.25,0.0,0.0,0.0,424.8,0.83,127.0,100160.0
1990-07-03 18:00:00+00:00,25.75,96.25,0.0,0.0,0.0,433.7,1.03,136.0,100120.0
1990-07-03 19:00:00+00:00,25.92,90.2,0.0,0.0,0.0,431.2,1.17,103.0,100060.0
1990-07-03 20:00:00+00:00,25.76,96.25,0.0,0.0,0.0,429.65,1.03,98.0,100040.0
1990-07-03 21:00:00+00:00,25.8,96.25,0.0,0.0,0.0,432.55,1.24,119.0,100030.0
1990-07-03 22:00:00+00:00,25.93,93.2,65.7,265.98,42.65,436.8,1.31,122.0,100020.0
1990-07-03 23:00:00+00:00,26.58,93.2,175.6,194.06,116.05,433.3,0.76,131.0,100090.0
1990-07-04 00:00:00+00:00,27.65,90.3,311.1,307.77,152.35,444.55,1.31,167.0,100110.0
1990-07-04 01:00:00+00:00,28.74,82.1,422.9,302.66,210.65,441.15,1.93,163.0,100120.0
1990-07-04 02:00:00+00:00,28.51,82.1,683.45,521.48,240.45,438.9,3.66,166.0,100100.0
1990-07-04 03:00:00+00:00,29.74,77.1,548.45,275.31,286.8,430.4,3.59,150.0,100130.0
1990-07-04 04:00:00+00:00,29.68,77.1,804.75,595.4,211.1,443.55,4.41,152.0,100050.0
1990-07-04 05:00:00+00:00,30.46,77.2,775.95,537.25,246.05,435.85,3.86,151.0,100000.0
1990-07-04 06:00:00+00:00,30.82,79.7,681.8,481.92,238.95,446.3,3.86,146.0,99940.0
1990-07-04 07:00:00+00:00,30.68,70.1,458.55,401.64,137.45,451.1,4.14,153.0,99950.0
1990-07-04 08:00:00+00:00,29.38,77.0,325.45,344.06,106.6,442.2,3.31,153.0,99940.0
1990-07-04 09:00:00+00:00,29.2,79.55,174.0,227.67,73.85,429.85,2.76,161.0,99960.0
1990-07-04 10:00:00+00:00,27.35,84.6,35.5,65.32,20.85,440.45,2.21,149.0,100050.0
1990-07-04 11:00:00+00:00,26.75,87.35,0.0,0.0,0.0,434.1,1.24,126.0,100100.0
1990-07-04 12:00:00+00:00,26.18,93.2,0.0,0.0,0.0,425.2,1.24,119.0,100160.0
1990-07-04 13:00:00+00:00,25.9,93.2,0.0,0.0,0.0,422.45,1.24,131.0,100210.0
1990-07-04 14:00:00+00:00,25.62,96.25,0.0,0.0,0.0,426.15,1.31,143.0,100230.0
1990-07-04 15:00:00+00:00,25.56,99.4,0.0,0.0,0.0,438.35,0.97,157.0,100240.0
1990-07-04 16:00:00+00:00,25.52,96.25,0.0,0.0,0.0,439.9,0.9,130.0,100210.0
1990-07-04 17:00:00+00:00,25.31,99.4,0.0,0.0,0.0,423.45,1.17,75.0,100120.0
1990-07-04 18:00:00+00:00,25.23,99.4,0.0,0.0,0.0,426.15,1.24,73.0,100080.0
1990-07-04 19:00:00+00:00,25.32,99.4,0.0,0.0,0.0,417.25,1.24,47.0,100050.0
1990-07-04 20:00:00+00:00,25.11,99.4,0.0,0.0,0.0,420.55,1.03,61.0,100050.0
1990-07-04 21:00:00+00:00,25.44,96.25,0.0,0.0,0.0,440.3,0.9,56.0,100050.0
1990-07-04 22:00:00+00:00,25.69,99.4,54.2,115.35,44.35,441.25,1.17,71.0,100060.0
1990-07-04 23:00:00+00:00,26.25,96.25,104.6,92.23,76.4,442.0,1.72,96.0,100160.0
1990-07-05 00:00:00+00:00,26.52,90.25,359.9,389.22,159.5,444.55,2.41,130.0,100190.0
1990-07-05 01:00:00+00:00,27.45,87.45,602.95,602.8,180.65,434.0,2.14,139.0,100250.0
1990-07-05 02:00:00+00:00,29.42,77.1,530.1,384.74,203.45,431.75,2.69,136.0,100290.0
1990-07-05 03:00:00+00:00,27.83,81.95,600.45,375.27,243.9,449.35,2.9,140.0,100340.0
1990-07-05 04:00:00+00:00,28.76,82.1,710.15,446.45,265.05,443.0,2.21,117.0,100270.0
1990-07-05 05:00:00+00:00,29.76,74.65,592.4,394.61,203.15,431.4,3.38,123.0,100230.0
1990-07-05 06:00:00+00:00,28.44,79.5,644.45,510.05,175.65,439.9,3.59,132.0,100230.0
1990-07-05 07:00:00+00:00,29.49,77.1,389.65,291.67,156.4,436.8,2.9,129.0,100180.0
1990-07-05 08:00:00+00:00,29.37,82.15,340.75,344.48,121.55,443.2,2.07,128.0,100130.0
1990-07-05 09:00:00+00:00,29.06,84.8,167.05,194.07,81.65,432.75,2.41,130.0,100110.0
1990-07-05 10:00:00+00:00,27.52,87.45,42.85,89.6,22.75,434.85,2.34,133.0,100140.0
1990-07-05 11:00:00+00:00,26.91,90.25,0.0,0.0,0.0,429.85,1.72,129.0,100190.0
1990-07-05 12:00:00+00:00,26.25,93.2,0.0,0.0,0.0,432.55,1.45,130.0,100250.0
1990-07-05 13:00:00+00:00,26.23,96.25,0.0,0.0,0.0,437.2,0.9,101.0,100340.0
1990-07-05 14:00:00+00:00,26.04,96.25,0.0,0.0,0.0,437.75,1.45,126.0,100400.0
1990-07-05 15:00:00+00:00,25.87,96.25,0.0,0.0,0.0,438.75,0.97,130.0,100410.0
1990-07-05 16:00:00+00:00,25.73,99.4,0.0,0.0,0.0,431.95,0.76,100.0,100360.0
1990-07-05 17:00:00+00:00,25.67,96.25,0.0,0.0,0.0,439.7,1.03,138.0,100340.0
1990-07-05 18:00:00+00:00,25.68,99.4,0.0,0.0,0.0,445.1,0.41,96.0,100280.0
1990-07-05 19:00:00+00:00,25.68,99.4,0.0,0.0,0.0,436.0,1.17,357.0,100220.0
1990-07-05 20:00:00+00:00,25.37,99.4,0.0,0.0,0.0,423.25,1.17,340.0,100180.0
1990-07-05 21:00:00+00:00,25.39,99.4,0.0,0.0,0.0,435.45,0.83,322.0,100220.0
1990-07-05 22:00:00+00:00,25.4,99.4,50.65,117.72,40.75,431.75,0.76,303.0,100300.0
1990-07-05 23:00:00+00:00,25.92,96.25,208.85,305.31,115.85,439.5,1.17,326.0,100300.0
1990-07-06 00:00:00+00:00,27.1,90.25,394.95,453.85,161.7,438.35,0.9,345.0,100250.0
1990-07-06 01:00:00+00:00,28.51,82.1,662.4,726.88,153.7,431.3,0.69,50.0,100280.0
1990-07-06 02:00:00+00:00,30.17,74.7,672.2,570.52,188.1,429.65,1.93,101.0,100290.0
1990-07-06 03:00:00+00:00,30.62,72.4,760.35,622.1,169.45,438.75,2.48,115.0,100300.0
1990-07-06 04:00:00+00:00,31.11,72.5,754.7,559.84,196.6,437.4,2.62,123.0,100280.0
1990-07-06 05:00:00+00:00,31.17,72.5,810.1,639.95,178.8,444.55,2.62,121.0,100200.0
1990-07-06 06:00:00+00:00,31.29,74.85,761.65,680.63,135.95,441.85,2.76,133.0,100150.0
1990-07-06 07:00:00+00:00,32.16,63.9,591.1,584.74,123.35,435.85,1.72,104.0,100040.0
1990-07-06 08:00:00+00:00,31.69,68.05,420.45,505.65,98.6,436.8,1.93,134.0,99990.0
1990-07-06 09:00:00+00:00,31.1,70.2,228.05,351.67,73.25,439.7,2.21,150.0,99970.0
1990-07-06 10:00:00+00:00,30.26,74.7,53.9,125.49,25.75,440.85,2.21,150.0,99970.0
1990-07-06 11:00:00+00:00,29.16,79.55,0.0,0.0,0.0,432.35,1.59,148.0,100050.0
1990-07-06 12:00:00+00:00,28.38,84.75,0.0,0.0,0.0,430.2,1.03,118.0,100110.0
1990-07-06 13:00:00+00:00,27.75,93.25,0.0,0.0,0.0,432.35,0.83,66.0,100190.0
1990-07-06 14:00:00+00:00,27.21,96.25,0.0,0.0,0.0,430.4,0.9,36.0,100230.0
1990-07-06 15:00:00+00:00,26.96,96.25,0.0,0.0,0.0,433.9,0.76,25.0,100250.0
1990-07-06 16:00:00+00:00,26.9,93.2,0.0,0.0,0.0,428.65,0.62,333.0,100190.0
1990-07-06 17:00:00+00:00,26.34,99.4,0.0,0.0,0.0,430.4,0.9,280.0,100090.0
1990-07-06 18:00:00+00:00,25.99,99.4,0.0,0.0,0.0,420.9,1.31,285.0,100030.0
1990-07-06 19:00:00+00:00,26.57,96.25,0.0,0.0,0.0,421.5,0.62,305.0,99980.0
1990-07-06 20:00:00+00:00,25.83,99.4,0.0,0.0,0.0,418.4,0.9,314.0,99980.0
1990-07-06 21:00:00+00:00,25.4,99.4,0.0,0.0,0.0,418.6,1.1,311.0,100000.0
1990-07-06 22:00:00+00:00,25.26,100.0,110.5,695.23,52.95,414.75,1.17,320.0,100000.0
1990-07-06 23:00:00+00:00,27.2,93.2,299.0,709.64,83.65,419.0,1.03,329.0,100040.0
1990-07-07 00:00:00+00:00,28.77,84.75,515.4,763.48,123.75,417.25,1.45,346.0,100020.0
1990-07-07 01:00:00+00:00,30.29,72.35,657.0,735.99,142.45,418.7,2.41,21.0,100010.0
1990-07-07 02:00:00+00:00,31.21,65.8,831.2,803.5,149.8,430.4,2.97,39.0,100020.0
1990-07-07 03:00:00+00:00,32.04,61.85,859.4,744.6,152.35,431.75,2.83,46.0,100000.0
1990-07-07 04:00:00+00:00,32.53,58.05,914.9,759.22,158.1,435.45,2.55,48.0,99940.0
1990-07-07 05:00:00+00:00,33.04,56.3,796.0,630.29,174.2,440.3,2.28,47.0,99820.0
1990-07-07 06:00:00+00:00,33.21,56.3,733.6,626.63,157.45,438.15,1.86,49.0,99770.0
1990-07-07 07:00:00+00:00,33.13,56.3,546.35,498.87,147.2,442.6,1.79,61.0,99720.0
1990-07-07 08:00:00+00:00,32.77,58.05,410.3,480.54,104.35,440.45,1.24,90.0,99670.0
1990-07-07 09:00:00+00:00,32.45,60.0,222.2,344.8,70.4,442.0,0.97,158.0,99630.0
1990-07-07 10:00:00+00:00,31.7,65.9,57.65,135.33,27.3,437.95,1.24,186.0,99580.0
1990-07-07 11:00:00+00:00,30.51,72.4,0.0,0.0,0.0,432.35,1.24,184.0,99580.0
1990-07-07 12:00:00+00:00,29.07,84.8,0.0,0.0,0.0,427.3,1.17,185.0,99620.0
1990-07-07 13:00:00+00:00,28.55,84.75,0.0,0.0,0.0,425.2,0.83,205.0,99640.0
1990-07-07 14:00:00+00:00,28.03,87.5,0.0,0.0,0.0,425.95,0.83,243.0,99680.0
1990-07-07 15:00:00+00:00,27.26,93.2,0.0,0.0,0.0,421.7,0.97,266.0,99640.0
1990-07-07 16:00:00+00:00,26.85,96.25,0.0,0.0,0.0,419.95,0.97,267.0,99610.0
1990-07-07 17:00:00+00:00,26.23,96.25,0.0,0.0,0.0,419.0,1.17,276.0,99550.0
1990-07-07 18:00:00+00:00,26.18,96.25,0.0,0.0,0.0,422.85,1.45,289.0,99490.0
1990-07-07 19:00:00+00:00,27.3,93.2,0.0,0.0,0.0,428.1,0.62,327.0,99410.0
1990-07-07 20:00:00+00:00,26.06,96.25,0.0,0.0,0.0,421.7,1.24,326.0,99380.0
1990-07-07 21:00:00+00:00,25.85,99.4,0.0,0.0,0.0,417.45,1.52,314.0,99360.0
1990-07-07 22:00:00+00:00,25.86,96.25,101.55,341.39,73.75,414.35,1.66,308.0,99350.0
1990-07-07 23:00:00+00:00,27.22,90.25,272.75,431.19,142.4,413.75,1.52,309.0,99380.0
1990-07-08 00:00:00+00:00,29.23,82.15,462.5,504.96,203.95,416.65,1.86,307.0,99410.0
1990-07-08 01:00:00+00:00,30.89,72.4,639.4,572.45,239.6,422.95,2.69,306.0,99390.0
1990-07-08 02:00:00+00:00,32.09,66.0,763.55,553.78,294.2,428.3,3.31,308.0,99370.0
1990-07-08 03:00:00+00:00,32.98,62.05,865.25,628.41,268.7,432.15,3.79,310.0,99320.0
1990-07-08 04:00:00+00:00,33.85,58.3,918.75,678.42,242.55,437.75,3.93,312.0,99240.0
1990-07-08 05:00:00+00:00,34.57,54.85,886.7,705.56,190.6,442.4,3.79,315.0,99170.0
1990-07-08 06:00:00+00:00,35.03,53.1,736.1,558.57,222.45,443.55,3.59,321.0,99110.0
1990-07-08 07:00:00+00:00,35.21,53.1,572.15,504.45,168.45,451.5,3.86,315.0,98980.0
1990-07-08 08:00:00+00:00,35.01,54.85,319.55,248.2,161.5,452.1,2.76,309.0,98940.0
1990-07-08 09:00:00+00:00,34.37,58.4,144.1,78.59,109.5,455.0,2.34,276.0,98930.0
1990-07-08 10:00:00+00:00,32.81,77.5,26.8,2.45,26.25,456.55,0.83,230.0,98990.0
1990-07-08 11:00:00+00:00,31.23,72.5,0.0,0.0,0.0,460.0,1.59,87.0,99050.0
1990-07-08 12:00:00+00:00,29.82,82.2,0.0,0.0,0.0,452.65,1.79,66.0,99120.0
1990-07-08 13:00:00+00:00,29.04,84.8,0.0,0.0,0.0,449.95,1.03,101.0,99190.0
1990-07-08 14:00:00+00:00,28.4,87.55,0.0,0.0,0.0,446.45,1.1,127.0,99210.0
1990-07-08 15:00:00+00:00,27.92,93.25,0.0,0.0,0.0,441.85,0.62,153.0,99190.0
1990-07-08 16:00:00+00:00,27.93,90.35,0.0,0.0,0.0,439.7,0.07,243.0,99170.0
1990-07-08 17:00:00+00:00,27.52,96.3,0.0,0.0,0.0,441.85,0.41,353.0,99150.0
1990-07-08 18:00:00+00:00,27.61,96.3,0.0,0.0,0.0,442.6,0.28,354.0,99090.0
1990-07-08 19:00:00+00:00,27.46,90.3,0.0,0.0,0.0,438.15,1.31,293.0,99090.0
1990-07-08 20:00:00+00:00,27.34,90.25,0.0,0.0,0.0,438.75,1.38,285.0,99090.0
1990-07-08 21:00:00+00:00,27.11,90.25,0.0,0.0,0.0,437.2,1.24,287.0,99080.0
1990-07-08 22:00:00+00:00,27.05,90.25,52.6,9.99,51.8,438.75,1.24,296.0,99120.0
1990-07-08 23:00:00+00:00,27.83,90.3,103.6,11.62,100.1,438.35,1.31,294.0,99150.0
1990-07-09 00:00:00+00:00,28.66,84.75,239.85,82.96,197.45,442.6,1.59,299.0,99160.0
1990-07-09 01:00:00+00:00,30.23,77.15,389.3,127.71,300.2,445.4,1.59,306.0,99210.0
1990-07-09 02:00:00+00:00,31.33,70.2,597.85,411.31,249.45,449.95,2.34,308.0,99250.0
1990-07-09 03:00:00+00:00,32.18,63.9,633.1,366.54,285.25,447.45,2.97,307.0,99220.0
1990-07-09 04:00:00+00:00,32.63,64.0,561.9,189.19,373.35,455.75,3.38,304.0,99160.0
1990-07-09 05:00:00+00:00,32.83,64.0,547.05,198.71,351.0,460.0,3.72,302.0,99110.0
1990-07-09 06:00:00+00:00,33.07,62.05,716.5,546.97,213.45,456.9,3.86,298.0,99040.0
1990-07-09 07:00:00+00:00,32.61,66.1,420.1,208.89,252.9,450.55,2.69,294.0,98960.0
1990-07-09 08:00:00+00:00,30.09,79.65,143.8,47.1,113.8,454.0,2.62,288.0,98950.0
1990-07-09 09:00:00+00:00,29.07,87.55,49.9,11.7,44.75,448.4,1.93,266.0,99040.0
1990-07-09 10:00:00+00:00,28.39,87.55,25.4,4.91,24.3,447.25,1.66,254.0,98990.0
1990-07-09 11:00:00+00:00,27.98,90.35,0.0,0.0,0.0,440.3,1.79,246.0,99060.0
1990-07-09 12:00:00+00:00,27.76,90.3,0.0,0.0,0.0,442.8,1.38,246.0,99090.0
1990-07-09 13:00:00+00:00,27.54,93.25,0.0,0.0,0.0,437.2,1.45,254.0,99150.0
1990-07-09 14:00:00+00:00,27.41,93.25,0.0,0.0,0.0,438.75,1.31,250.0,99180.0
1990-07-09 15:00:00+00:00,27.13,96.25,0.0,0.0,0.0,433.7,1.17,252.0,99240.0
1990-07-09 16:00:00+00:00,27.06,96.25,0.0,0.0,0.0,439.9,1.1,265.0,99200.0
1990-07-09 17:00:00+00:00,27.18,96.25,0.0,0.0,0.0,439.9,1.38,282.0,99130.0
1990-07-09 18:00:00+00:00,27.27,96.25,0.0,0.0,0.0,444.75,1.38,274.0,99090.0
1990-07-09 19:00:00+00:00,26.81,96.25,0.0,0.0,0.0,437.0,1.45,255.0,99090.0
1990-07-09 20:00:00+00:00,26.47,93.2,0.0,0.0,0.0,425.75,1.31,279.0,99070.0
1990-07-09 21:00:00+00:00,26.32,96.25,0.0,0.0,0.0,432.15,1.17,303.0,99130.0
1990-07-09 22:00:00+00:00,26.3,99.4,24.7,3.18,24.45,440.3,0.62,274.0,99170.0
1990-07-09 23:00:00+00:00,26.76,96.25,91.5,37.68,80.2,442.0,1.03,223.0,99230.0
1990-07-10 00:00:00+00:00,27.03,93.2,150.7,60.09,120.05,440.3,1.72,213.0,99320.0
1990-07-10 01:00:00+00:00,27.12,93.2,232.95,81.28,176.3,441.35,1.93,226.0,99340.0
1990-07-10 02:00:00+00:00,27.29,93.2,138.45,2.3,136.5,440.45,2.62,233.0,99380.0
1990-07-10 03:00:00+00:00,26.98,93.2,241.3,23.29,219.2,444.15,2.0,240.0,99360.0
1990-07-10 04:00:00+00:00,27.39,90.3,272.95,10.89,262.1,441.25,2.34,262.0,99310.0
1990-07-10 05:00:00+00:00,28.08,84.7,475.9,119.65,357.85,442.6,2.0,254.0,99270.0
1990-07-10 06:00:00+00:00,29.63,79.6,182.35,0.98,181.45,450.35,2.41,242.0,99200.0
1990-07-10 07:00:00+00:00,29.02,82.15,382.15,104.0,298.9,449.35,2.21,234.0,99150.0
1990-07-10 08:00:00+00:00,29.88,77.1,182.2,25.51,165.95,443.55,2.48,235.0,99160.0
1990-07-10 09:00:00+00:00,29.61,77.1,123.35,29.31,110.45,451.9,1.93,222.0,99180.0
1990-07-10 10:00:00+00:00,29.21,82.15,31.3,8.94,29.3,448.2,1.59,211.0,99240.0
1990-07-10 11:00:00+00:00,28.65,84.75,0.0,0.0,0.0,446.85,1.66,196.0,99280.0
1990-07-10 12:00:00+00:00,28.14,87.5,0.0,0.0,0.0,446.3,1.86,199.0,99340.0
1990-07-10 13:00:00+00:00,27.76,90.3,0.0,0.0,0.0,440.1,1.72,199.0,99410.0
1990-07-10 14:00:00+00:00,27.51,90.3,0.0,0.0,0.0,448.0,1.66,196.0,99470.0
1990-07-10 15:00:00+00:00,26.43,90.25,0.0,0.0,0.0,436.6,1.79,196.0,99500.0
1990-07-10 16:00:00+00:00,26.12,93.2,0.0,0.0,0.0,437.35,2.0,183.0,99520.0
1990-07-10 17:00:00+00:00,26.14,93.2,0.0,0.0,0.0,439.9,2.28,204.0,99490.0
1990-07-10 18:00:00+00:00,26.19,96.25,0.0,0.0,0.0,444.75,2.34,227.0,99480.0
1990-07-10 19:00:00+00:00,25.91,93.2,0.0,0.0,0.0,436.0,1.17,220.0,99420.0
1990-07-10 20:00:00+00:00,25.98,93.2,0.0,0.0,0.0,442.4,1.24,225.0,99420.0
1990-07-10 21:00:00+00:00,26.09,93.2,0.0,0.0,0.0,437.75,1.52,227.0,99420.0
1990-07-10 22:00:00+00:00,25.92,93.2,64.35,255.63,44.6,434.85,1.31,226.0,99450.0
1990-07-10 23:00:00+00:00,26.56,93.2,166.0,249.06,91.6,433.5,0.97,195.0,99520.0
1990-07-11 00:00:00+00:00,27.23,93.2,278.75,261.24,145.75,439.7,1.79,208.0,99550.0
1990-07-11 01:00:00+00:00,27.99,90.35,454.0,338.69,218.2,440.4,1.72,209.0,99560.0
1990-07-11 02:00:00+00:00,29.18,87.55,547.4,391.22,216.4,441.65,1.79,203.0,99560.0
1990-07-11 03:00:00+00:00,30.3,77.15,411.05,163.79,255.7,445.7,2.83,210.0,99560.0
1990-07-11 04:00:00+00:00,28.55,82.1,500.6,216.93,284.45,450.55,3.38,199.0,99560.0
1990-07-11 05:00:00+00:00,28.81,84.75,281.2,73.18,209.0,443.75,2.97,196.0,99560.0
1990-07-11 06:00:00+00:00,28.22,87.5,493.5,274.12,241.35,445.1,1.86,188.0,99520.0
1990-07-11 07:00:00+00:00,28.1,87.5,219.05,91.75,145.6,448.4,3.31,208.0,99470.0
1990-07-11 08:00:00+00:00,27.63,93.25,216.35,120.19,139.8,440.1,1.79,211.0,99530.0
1990-07-11 09:00:00+00:00,27.88,87.5,116.7,50.68,94.4,444.9,1.93,205.0,99480.0
1990-07-11 10:00:00+00:00,27.23,93.2,28.1,23.05,22.95,441.05,2.21,213.0,99520.0
1990-07-11 11:00:00+00:00,25.92,93.2,0.0,0.0,0.0,440.1,1.31,203.0,99600.0
1990-07-11 12:00:00+00:00,25.87,93.2,0.0,0.0,0.0,439.7,1.24,188.0,99630.0
1990-07-11 13:00:00+00:00,25.73,96.25,0.0,0.0,0.0,441.85,1.59,182.0,99700.0
1990-07-11 14:00:00+00:00,25.58,96.25,0.0,0.0,0.0,446.3,1.72,183.0,99780.0
1990-07-11 15:00:00+00:00,25.38,96.25,0.0,0.0,0.0,446.3,0.83,189.0,99760.0
1990-07-11 16:00:00+00:00,25.34,99.4,0.0,0.0,0.0,444.55,0.34,178.0,99720.0
1990-07-11 17:00:00+00:00,25.45,96.25,0.0,0.0,0.0,446.1,0.83,171.0,99680.0
1990-07-11 18:00:00+00:00,25.34,99.4,0.0,0.0,0.0,443.0,0.83,163.0,99670.0
1990-07-11 19:00:00+00:00,25.52,96.25,0.0,0.0,0.0,433.3,0.55,237.0,99590.0
1990-07-11 20:00:00+00:00,25.45,96.25,0.0,0.0,0.0,434.3,0.69,162.0,99590.0
1990-07-11 21:00:00+00:00,25.26,99.4,0.0,0.0,0.0,429.25,0.69,159.0,99610.0
1990-07-11 22:00:00+00:00,25.26,99.4,51.5,225.51,34.4,431.75,0.69,133.0,99670.0
1990-07-11 23:00:00+00:00,25.98,93.2,138.55,86.55,112.8,435.85,0.28,154.0,99700.0
1990-07-12 00:00:00+00:00,26.58,93.2,243.55,210.28,136.7,433.9,0.9,198.0,99740.0
1990-07-12 01:00:00+00:00,27.46,87.45,284.2,143.93,184.1,437.3,1.38,212.0,99780.0
1990-07-12 02:00:00+00:00,27.71,90.3,428.95,254.38,213.85,441.45,1.17,209.0,99780.0
1990-07-12 03:00:00+00:00,28.7,87.55,567.5,339.17,245.9,437.2,1.52,202.0,99750.0
1990-07-12 04:00:00+00:00,29.85,82.2,589.15,305.43,284.85,447.65,2.0,191.0,99720.0
1990-07-12 05:00:00+00:00,28.45,76.95,244.9,48.09,197.45,452.1,3.59,199.0,99670.0
1990-07-12 06:00:00+00:00,27.3,87.4,173.35,19.4,155.5,442.6,3.45,182.0,99650.0
1990-07-12 07:00:00+00:00,26.8,90.25,141.05,12.05,131.4,442.6,3.17,199.0,99670.0
1990-07-12 08:00:00+00:00,26.6,93.2,90.0,14.68,80.65,444.55,2.21,197.0,99650.0
1990-07-12 09:00:00+00:00,26.38,93.2,32.25,0.23,32.15,444.35,2.0,193.0,99650.0
1990-07-12 10:00:00+00:00,26.06,96.25,9.45,0.67,9.3,439.3,1.59,181.0,99720.0
1990-07-12 11:00:00+00:00,25.7,96.25,0.0,0.0,0.0,439.9,2.14,186.0,99740.0
1990-07-12 12:00:00+00:00,25.58,96.25,0.0,0.0,0.0,436.4,1.17,168.0,99830.0
1990-07-12 13:00:00+00:00,25.49,96.25,0.0,0.0,0.0,438.75,0.69,147.0,99850.0
1990-07-12 14:00:00+00:00,25.63,96.25,0.0,0.0,0.0,436.4,0.76,136.0,99900.0
1990-07-12 15:00:00+00:00,25.63,96.25,0.0,0.0,0.0,437.55,0.76,124.0,99890.0
1990-07-12 16:00:00+00:00,25.47,96.25,0.0,0.0,0.0,436.6,0.55,134.0,99850.0
1990-07-12 17:00:00+00:00,25.51,96.25,0.0,0.0,0.0,442.8,1.03,169.0,99830.0
1990-07-12 18:00:00+00:00,25.43,96.25,0.0,0.0,0.0,430.4,0.69,163.0,99790.0
1990-07-12 19:00:00+00:00,25.17,99.4,0.0,0.0,0.0,432.35,0.48,68.0,99760.0
1990-07-12 20:00:00+00:00,25.09,99.4,0.0,0.0,0.0,431.75,0.62,63.0,99730.0
1990-07-12 21:00:00+00:00,25.07,99.4,0.0,0.0,0.0,433.9,0.55,77.0,99770.0
1990-07-12 22:00:00+00:00,25.26,99.4,33.75,12.1,32.85,437.2,0.83,112.0,99840.0
1990-07-12 23:00:00+00:00,25.65,96.25,153.5,225.63,86.65,443.75,0.83,113.0,99890.0
1990-07-13 00:00:00+00:00,26.5,90.25,294.35,300.6,141.9,433.9,1.31,178.0,99900.0
1990-07-13 01:00:00+00:00,27.51,87.45,480.6,423.88,186.1,436.5,1.86,199.0,99940.0
1990-07-13 02:00:00+00:00,28.59,84.75,431.0,254.47,215.95,434.85,1.66,199.0,99970.0
1990-07-13 03:00:00+00:00,28.89,84.8,426.55,91.73,339.6,447.25,1.31,183.0,99950.0
1990-07-13 04:00:00+00:00,29.75,79.6,368.4,152.38,216.6,459.85,1.79,176.0,99920.0
1990-07-13 05:00:00+00:00,27.63,81.95,302.15,130.95,172.95,462.35,2.9,197.0,99920.0
1990-07-13 06:00:00+00:00,27.31,87.4,281.55,51.42,234.25,442.0,1.66,206.0,99880.0
1990-07-13 07:00:00+00:00,27.73,90.3,173.0,55.33,128.7,444.15,1.24,203.0,99830.0
1990-07-13 08:00:00+00:00,27.7,90.3,225.3,117.31,150.6,447.65,1.38,166.0,99750.0
1990-07-13 09:00:00+00:00,27.76,90.3,109.65,79.95,74.5,440.3,2.28,173.0,99740.0
1990-07-13 10:00:00+00:00,27.57,90.3,24.65,34.37,17.0,436.6,1.38,160.0,99810.0
1990-07-13 11:00:00+00:00,27.04,93.2,0.0,0.0,0.0,432.9,1.31,142.0,99850.0
1990-07-13 12:00:00+00:00,26.58,96.25,0.0,0.0,0.0,430.0,1.24,123.0,99940.0
1990-07-13 13:00:00+00:00,26.32,99.4,0.0,0.0,0.0,431.95,1.24,111.0,99970.0
1990-07-13 14:00:00+00:00,26.13,99.4,0.0,0.0,0.0,427.9,1.24,115.0,100040.0
1990-07-13 15:00:00+00:00,25.94,96.25,0.0,0.0,0.0,425.2,1.38,123.0,100030.0
1990-07-13 16:00:00+00:00,25.81,99.4,0.0,0.0,0.0,423.25,1.38,137.0,100050.0
1990-07-13 17:00:00+00:00,25.79,99.4,0.0,0.0,0.0,439.1,1.52,161.0,100030.0
1990-07-13 18:00:00+00:00,25.76,99.4,0.0,0.0,0.0,442.8,0.97,166.0,99970.0
1990-07-13 19:00:00+00:00,25.66,99.4,0.0,0.0,0.0,441.25,0.97,117.0,99970.0
1990-07-13 20:00:00+00:00,25.63,96.25,0.0,0.0,0.0,441.85,1.03,138.0,99940.0
1990-07-13 21:00:00+00:00,25.4,99.4,0.0,0.0,0.0,443.2,0.9,115.0,99960.0
1990-07-13 22:00:00+00:00,25.49,99.4,54.35,133.04,44.65,436.8,0.83,92.0,100000.0
1990-07-13 23:00:00+00:00,26.18,96.25,173.15,207.25,112.0,437.55,0.76,145.0,100060.0
1990-07-14 00:00:00+00:00,26.87,93.2,372.65,444.81,147.5,433.9,1.03,160.0,100040.0
1990-07-14 01:00:00+00:00,27.95,90.35,535.35,510.42,181.1,433.4,1.45,194.0,100080.0
1990-07-14 02:00:00+00:00,29.49,79.6,520.7,333.94,238.65,435.45,1.86,201.0,100090.0
1990-07-14 03:00:00+00:00,30.31,74.7,550.25,267.46,296.8,452.85,2.83,211.0,100100.0
1990-07-14 04:00:00+00:00,29.1,79.55,720.2,449.47,272.5,453.05,2.55,216.0,100090.0
1990-07-14 05:00:00+00:00,30.08,77.15,720.6,513.43,214.05,440.85,2.28,214.0,99980.0
1990-07-14 06:00:00+00:00,30.8,74.8,578.55,328.67,276.2,440.45,2.41,202.0,99910.0
1990-07-14 07:00:00+00:00,30.67,79.7,490.0,353.81,206.75,455.95,2.28,200.0,99870.0
1990-07-14 08:00:00+00:00,30.77,79.7,332.9,269.62,161.25,445.9,2.55,199.0,99890.0
1990-07-14 09:00:00+00:00,28.5,82.1,113.45,90.02,73.9,443.0,2.83,216.0,99910.0
1990-07-14 10:00:00+00:00,28.13,84.7,31.9,41.65,22.65,438.75,0.9,187.0,99950.0
1990-07-14 11:00:00+00:00,27.74,87.45,0.0,0.0,0.0,434.1,1.03,165.0,99980.0
1990-07-14 12:00:00+00:00,27.2,90.25,0.0,0.0,0.0,425.4,0.9,117.0,100050.0
1990-07-14 13:00:00+00:00,26.67,96.25,0.0,0.0,0.0,425.4,0.97,103.0,100120.0
1990-07-14 14:00:00+00:00,26.22,96.25,0.0,0.0,0.0,423.65,1.03,110.0,100200.0
1990-07-14 15:00:00+00:00,25.79,99.4,0.0,0.0,0.0,418.2,0.9,118.0,100170.0
1990-07-14 16:00:00+00:00,25.58,99.4,0.0,0.0,0.0,419.2,0.9,118.0,100130.0
1990-07-14 17:00:00+00:00,25.44,99.4,0.0,0.0,0.0,417.45,0.83,121.0,100050.0
1990-07-14 18:00:00+00:00,25.92,96.25,0.0,0.0,0.0,424.6,0.34,119.0,100000.0
1990-07-14 19:00:00+00:00,25.39,99.4,0.0,0.0,0.0,428.65,0.55,93.0,99980.0
1990-07-14 20:00:00+00:00,25.5,99.4,0.0,0.0,0.0,428.1,0.41,60.0,99980.0
1990-07-14 21:00:00+00:00,25.4,99.4,0.0,0.0,0.0,435.25,0.28,0.0,100000.0
1990-07-14 22:00:00+00:00,25.37,99.4,62.85,317.8,40.15,438.35,0.28,8.0,100030.0
1990-07-14 23:00:00+00:00,25.87,99.4,188.2,222.93,122.7,443.0,0.34,153.0,100070.0
1990-07-15 00:00:00+00:00,27.25,93.2,400.55,558.31,118.5,446.85,1.03,213.0,100060.0
1990-07-15 01:00:00+00:00,28.78,84.75,582.0,609.54,159.4,436.5,1.86,227.0,100100.0
1990-07-15 02:00:00+00:00,29.96,79.65,756.25,706.89,159.55,440.85,2.0,224.0,100120.0
1990-07-15 03:00:00+00:00,30.94,79.8,846.6,680.97,201.5,441.65,2.28,217.0,100100.0
1990-07-15 04:00:00+00:00,31.73,77.35,861.05,639.46,224.2,448.6,2.62,214.0,100050.0
1990-07-15 05:00:00+00:00,32.55,70.45,728.6,465.2,269.65,454.2,3.24,211.0,99950.0
1990-07-15 06:00:00+00:00,31.88,72.6,687.25,563.48,168.9,461.35,3.1,229.0,99940.0
1990-07-15 07:00:00+00:00,32.11,75.0,545.15,504.94,140.95,449.0,3.24,204.0,99830.0
1990-07-15 08:00:00+00:00,31.55,70.3,298.25,258.54,133.7,451.1,3.52,207.0,99770.0
1990-07-15 09:00:00+00:00,30.59,74.8,200.95,278.49,78.7,448.8,2.9,223.0,99800.0
1990-07-15 10:00:00+00:00,30.07,77.15,48.6,114.67,23.2,444.15,2.9,230.0,99830.0
1990-07-15 11:00:00+00:00,29.28,82.15,0.0,0.0,0.0,437.55,1.93,224.0,99890.0
1990-07-15 12:00:00+00:00,28.47,82.1,0.0,0.0,0.0,433.3,1.72,200.0,99900.0
1990-07-15 13:00:00+00:00,27.77,90.3,0.0,0.0,0.0,423.05,1.79,227.0,100010.0
1990-07-15 14:00:00+00:00,27.27,93.2,0.0,0.0,0.0,422.65,1.38,228.0,100090.0
1990-07-15 15:00:00+00:00,26.7,96.25,0.0,0.0,0.0,423.45,0.9,203.0,100060.0
1990-07-15 16:00:00+00:00,26.38,93.2,0.0,0.0,0.0,417.65,0.76,176.0,100040.0
1990-07-15 17:00:00+00:00,26.21,96.25,0.0,0.0,0.0,415.3,0.69,162.0,100010.0
1990-07-15 18:00:00+00:00,26.54,96.25,0.0,0.0,0.0,412.6,0.48,185.0,99990.0
1990-07-15 19:00:00+00:00,26.17,93.2,0.0,0.0,0.0,413.75,0.62,233.0,99980.0
1990-07-15 20:00:00+00:00,25.91,93.2,0.0,0.0,0.0,413.75,0.69,252.0,99990.0
1990-07-15 21:00:00+00:00,25.9,96.25,0.0,0.0,0.0,417.25,0.62,277.0,100000.0
1990-07-15 22:00:00+00:00,26.29,96.25,76.4,457.58,44.4,428.85,0.41,288.0,100080.0
1990-07-15 23:00:00+00:00,26.93,93.2,229.05,454.26,96.15,428.3,0.48,238.0,100140.0
1990-07-16 00:00:00+00:00,28.37,87.5,413.65,586.08,118.15,434.65,2.14,241.0,100170.0
1990-07-16 01:00:00+00:00,29.52,79.6,632.7,720.28,133.85,436.9,2.34,240.0,100170.0
1990-07-16 02:00:00+00:00,30.7,77.2,725.45,684.49,148.0,435.05,2.41,234.0,100180.0
1990-07-16 03:00:00+00:00,31.64,72.6,873.15,758.0,155.3,443.0,2.62,232.0,100190.0
1990-07-16 04:00:00+00:00,32.44,68.25,919.45,733.66,188.9,443.95,3.03,234.0,100160.0
1990-07-16 05:00:00+00:00,32.99,66.2,764.65,598.84,173.9,445.7,2.97,233.0,100070.0
1990-07-16 06:00:00+00:00,33.0,66.2,679.35,569.77,155.25,449.35,3.17,226.0,100020.0
1990-07-16 07:00:00+00:00,32.65,64.0,609.7,605.09,125.4,447.05,3.24,224.0,100020.0
1990-07-16 08:00:00+00:00,32.59,64.0,398.35,462.03,104.4,443.75,3.24,224.0,99980.0
1990-07-16 09:00:00+00:00,31.94,66.0,207.05,302.59,74.35,447.25,2.97,221.0,99930.0
1990-07-16 10:00:00+00:00,31.04,72.5,53.4,128.59,25.0,442.0,2.41,211.0,99940.0
1990-07-16 11:00:00+00:00,29.95,77.15,0.0,0.0,0.0,436.0,1.86,214.0,100060.0
1990-07-16 12:00:00+00:00,29.01,82.15,0.0,0.0,0.0,429.85,1.66,201.0,100140.0
1990-07-16 13:00:00+00:00,28.3,87.5,0.0,0.0,0.0,427.1,1.66,201.0,100190.0
1990-07-16 14:00:00+00:00,27.77,90.3,0.0,0.0,0.0,424.6,1.52,202.0,100240.0
1990-07-16 15:00:00+00:00,27.35,93.2,0.0,0.0,0.0,425.55,1.45,215.0,100240.0
1990-07-16 16:00:00+00:00,26.78,96.25,0.0,0.0,0.0,420.9,1.1,231.0,100210.0
1990-07-16 17:00:00+00:00,26.39,96.25,0.0,0.0,0.0,420.35,0.97,224.0,100180.0
1990-07-16 18:00:00+00:00,26.08,96.25,0.0,0.0,0.0,416.45,0.97,229.0,100120.0
1990-07-16 19:00:00+00:00,25.88,96.25,0.0,0.0,0.0,416.85,1.1,252.0,100120.0
1990-07-16 20:00:00+00:00,25.7,99.4,0.0,0.0,0.0,416.85,0.0,0.0,100110.0
1990-07-16 21:00:00+00:00,25.75,99.4,0.0,0.0,0.0,427.3,0.0,0.0,100160.0
1990-07-16 22:00:00+00:00,26.01,96.25,77.45,464.76,45.65,427.5,0.76,317.0,100200.0
1990-07-16 23:00:00+00:00,27.33,93.2,252.25,502.05,106.0,427.9,0.41,318.0,100260.0
1990-07-17 00:00:00+00:00,28.64,84.75,427.55,630.85,110.1,434.85,1.52,259.0,100260.0
1990-07-17 01:00:00+00:00,29.66,79.6,526.85,519.69,167.3,432.45,1.86,234.0,100230.0
1990-07-17 02:00:00+00:00,30.63,74.8,729.75,662.35,171.3,443.55,2.34,221.0,100210.0
1990-07-17 03:00:00+00:00,31.61,70.3,791.8,631.59,193.85,447.05,2.83,223.0,100190.0
1990-07-17 04:00:00+00:00,31.93,68.15,801.15,630.12,173.8,445.1,2.55,224.0,100200.0
1990-07-17 05:00:00+00:00,31.76,70.3,637.8,374.69,268.2,446.1,3.1,213.0,100060.0
1990-07-17 06:00:00+00:00,30.67,74.8,578.75,300.51,302.35,450.55,2.21,217.0,100090.0
1990-07-17 07:00:00+00:00,31.78,70.3,367.45,129.65,263.7,452.1,2.76,210.0,99980.0
1990-07-17 08:00:00+00:00,30.35,74.7,212.1,96.24,150.9,449.2,2.41,219.0,100010.0
1990-07-17 09:00:00+00:00,30.14,74.7,125.75,62.09,98.55,444.35,1.17,201.0,99990.0
1990-07-17 10:00:00+00:00,29.83,79.6,38.1,14.31,34.95,440.1,0.97,189.0,100020.0
1990-07-17 11:00:00+00:00,29.26,82.15,0.0,0.0,0.0,435.05,0.83,157.0,100050.0
1990-07-17 12:00:00+00:00,28.4,87.55,0.0,0.0,0.0,432.9,1.03,146.0,100100.0
1990-07-17 13:00:00+00:00,27.76,93.25,0.0,0.0,0.0,428.85,1.17,162.0,100150.0
1990-07-17 14:00:00+00:00,27.36,96.25,0.0,0.0,0.0,428.45,1.24,172.0,100210.0
1990-07-17 15:00:00+00:00,26.92,96.25,0.0,0.0,0.0,423.45,1.31,168.0,100180.0
1990-07-17 16:00:00+00:00,26.7,99.4,0.0,0.0,0.0,426.75,1.24,174.0,100140.0
1990-07-17 17:00:00+00:00,26.4,96.25,0.0,0.0,0.0,420.15,1.24,198.0,100110.0
1990-07-17 18:00:00+00:00,26.1,99.4,0.0,0.0,0.0,419.2,1.17,218.0,100050.0
1990-07-17 19:00:00+00:00,26.14,96.25,0.0,0.0,0.0,421.1,1.17,221.0,100060.0
1990-07-17 20:00:00+00:00,26.02,96.25,0.0,0.0,0.0,424.8,1.17,243.0,100030.0
1990-07-17 21:00:00+00:00,25.83,99.4,0.0,0.0,0.0,422.3,1.17,260.0,100080.0
1990-07-17 22:00:00+00:00,26.29,96.25,88.3,581.45,49.4,426.15,0.62,260.0,100120.0
1990-07-17 23:00:00+00:00,27.28,93.2,258.15,554.74,97.25,423.85,0.48,205.0,100160.0
1990-07-18 00:00:00+00:00,28.39,84.75,461.55,635.48,142.4,422.85,1.66,228.0,100170.0
1990-07-18 01:00:00+00:00,29.62,77.1,623.25,660.95,166.45,422.95,2.34,236.0,100180.0
1990-07-18 02:00:00+00:00,30.72,72.4,634.75,539.08,180.5,436.4,2.83,232.0,100180.0
1990-07-18 03:00:00+00:00,31.2,70.2,704.8,539.6,194.1,439.1,2.69,224.0,100180.0
1990-07-18 04:00:00+00:00,31.61,70.3,896.6,723.7,176.2,441.85,2.69,219.0,100110.0
1990-07-18 05:00:00+00:00,32.11,70.35,807.9,598.45,217.65,444.55,2.62,219.0,100030.0
1990-07-18 06:00:00+00:00,32.36,70.35,441.95,135.11,317.7,443.95,2.62,212.0,99990.0
1990-07-18 07:00:00+00:00,30.59,70.1,393.4,167.99,259.0,443.55,1.79,209.0,100000.0
1990-07-18 08:00:00+00:00,30.16,70.0,195.2,60.65,156.65,443.75,2.76,206.0,99970.0
1990-07-18 09:00:00+00:00,29.41,74.65,125.75,50.74,103.55,438.15,1.66,196.0,99980.0
1990-07-18 10:00:00+00:00,29.13,77.0,33.8,21.65,29.05,436.2,1.31,180.0,100010.0
1990-07-18 11:00:00+00:00,28.53,79.5,0.0,0.0,0.0,433.9,1.38,147.0,100060.0
1990-07-18 12:00:00+00:00,27.78,87.45,0.0,0.0,0.0,429.45,1.66,148.0,100080.0
1990-07-18 13:00:00+00:00,27.3,90.25,0.0,0.0,0.0,425.55,1.66,162.0,100110.0
1990-07-18 14:00:00+00:00,26.94,90.25,0.0,0.0,0.0,423.65,1.52,162.0,100160.0
1990-07-18 15:00:00+00:00,26.56,96.25,0.0,0.0,0.0,421.1,1.45,174.0,100160.0
1990-07-18 16:00:00+00:00,26.33,99.4,0.0,0.0,0.0,424.2,1.17,188.0,100140.0
1990-07-18 17:00:00+00:00,25.94,96.25,0.0,0.0,0.0,419.75,1.17,217.0,100120.0
1990-07-18 18:00:00+00:00,25.64,99.4,0.0,0.0,0.0,424.4,0.83,223.0,100100.0
1990-07-18 19:00:00+00:00,26.08,93.2,0.0,0.0,0.0,416.65,0.62,201.0,100050.0
1990-07-18 20:00:00+00:00,26.03,93.2,0.0,0.0,0.0,424.4,0.55,184.0,100080.0
1990-07-18 21:00:00+00:00,25.35,96.25,0.0,0.0,0.0,424.8,0.9,172.0,100090.0
1990-07-18 22:00:00+00:00,25.18,93.15,63.7,313.6,43.2,427.3,0.9,172.0,100160.0
1990-07-18 23:00:00+00:00,25.48,90.2,169.8,249.84,97.65,429.45,1.1,160.0,100220.0
1990-07-19 00:00:00+00:00,26.16,90.2,309.0,290.58,163.35,431.4,1.38,180.0,100220.0
1990-07-19 01:00:00+00:00,26.84,90.25,528.1,507.31,177.85,430.9,2.0,199.0,100210.0
1990-07-19 02:00:00+00:00,28.3,84.7,699.95,639.13,161.7,423.05,2.07,194.0,100280.0
1990-07-19 03:00:00+00:00,29.45,82.2,631.0,307.94,339.65,432.55,2.14,186.0,100270.0
1990-07-19 04:00:00+00:00,29.98,82.25,640.0,314.24,327.25,457.9,2.21,184.0,100230.0
1990-07-19 05:00:00+00:00,30.33,82.25,664.0,372.09,297.05,450.75,2.21,182.0,100160.0
1990-07-19 06:00:00+00:00,30.71,79.7,583.05,424.25,192.95,454.8,2.62,179.0,100100.0
1990-07-19 07:00:00+00:00,30.28,74.7,526.0,472.99,147.7,435.25,2.55,203.0,100090.0
1990-07-19 08:00:00+00:00,30.35,77.15,333.6,355.24,107.95,439.7,0.0,0.0,100000.0
1990-07-19 09:00:00+00:00,28.0,84.7,180.5,211.93,87.9,439.3,0.0,0.0,100030.0
1990-07-19 10:00:00+00:00,27.75,87.45,40.25,46.68,30.05,426.75,2.14,198.0,100050.0
1990-07-19 11:00:00+00:00,27.31,90.25,0.0,0.0,0.0,426.9,1.31,191.0,100090.0
1990-07-19 12:00:00+00:00,26.92,90.25,0.0,0.0,0.0,425.55,1.03,162.0,100170.0
1990-07-19 13:00:00+00:00,26.43,93.2,0.0,0.0,0.0,415.3,1.24,136.0,100210.0
1990-07-19 14:00:00+00:00,26.1,96.25,0.0,0.0,0.0,414.35,1.38,128.0,100320.0
1990-07-19 15:00:00+00:00,25.98,96.25,0.0,0.0,0.0,420.55,1.38,137.0,100350.0
1990-07-19 16:00:00+00:00,25.75,99.4,0.0,0.0,0.0,420.55,1.31,152.0,100310.0
1990-07-19 17:00:00+00:00,25.86,96.25,0.0,0.0,0.0,428.85,1.24,158.0,100280.0
1990-07-19 18:00:00+00:00,25.77,99.4,0.0,0.0,0.0,432.75,1.24,169.0,100240.0
1990-07-19 19:00:00+00:00,25.76,99.4,0.0,0.0,0.0,420.55,0.62,153.0,100240.0
1990-07-19 20:00:00+00:00,25.75,96.25,0.0,0.0,0.0,430.4,0.48,183.0,100260.0
1990-07-19 21:00:00+00:00,25.2,96.2,0.0,0.0,0.0,427.5,0.69,192.0,100270.0
1990-07-19 22:00:00+00:00,24.98,96.2,69.15,467.65,39.3,424.2,0.55,184.0,100290.0
1990-07-19 23:00:00+00:00,25.85,90.2,212.3,381.54,102.6,425.95,0.76,176.0,100320.0
1990-07-20 00:00:00+00:00,26.87,87.4,358.7,451.58,132.8,425.75,1.31,199.0,100320.0
1990-07-20 01:00:00+00:00,28.02,82.05,522.9,504.58,174.9,422.6,2.0,210.0,100350.0
1990-07-20 02:00:00+00:00,29.14,79.55,764.55,714.95,162.8,422.3,2.34,206.0,100380.0
1990-07-20 03:00:00+00:00,30.4,77.15,828.05,681.26,183.7,428.45,2.83,206.0,100380.0
1990-07-20 04:00:00+00:00,31.02,72.5,885.0,686.59,201.8,441.65,3.38,202.0,100360.0
1990-07-20 05:00:00+00:00,31.36,72.5,774.6,638.42,145.1,444.35,3.38,196.0,100310.0
1990-07-20 06:00:00+00:00,31.41,70.3,701.95,591.68,158.0,436.2,3.38,196.0,100250.0
1990-07-20 07:00:00+00:00,31.53,63.8,622.25,628.38,119.85,438.75,3.38,205.0,100240.0
1990-07-20 08:00:00+00:00,31.31,65.8,410.25,495.14,95.95,430.6,3.38,202.0,100200.0
1990-07-20 09:00:00+00:00,30.66,67.85,204.4,311.84,68.35,434.1,2.97,192.0,100180.0
1990-07-20 10:00:00+00:00,29.76,74.65,47.15,107.07,23.85,426.35,2.55,183.0,100160.0
1990-07-20 11:00:00+00:00,28.71,79.5,0.0,0.0,0.0,432.15,2.21,177.0,100210.0
1990-07-20 12:00:00+00:00,27.69,87.45,0.0,0.0,0.0,414.15,1.86,171.0,100290.0
1990-07-20 13:00:00+00:00,27.07,90.25,0.0,0.0,0.0,412.4,1.59,164.0,100390.0
1990-07-20 14:00:00+00:00,26.56,93.2,0.0,0.0,0.0,412.8,1.31,153.0,100440.0
1990-07-20 15:00:00+00:00,26.08,96.25,0.0,0.0,0.0,414.35,1.1,148.0,100450.0
1990-07-20 16:00:00+00:00,25.95,96.25,0.0,0.0,0.0,416.1,0.83,153.0,100440.0
1990-07-20 17:00:00+00:00,26.4,93.2,0.0,0.0,0.0,412.0,0.34,166.0,100410.0
1990-07-20 18:00:00+00:00,26.32,96.25,0.0,0.0,0.0,418.4,0.07,124.0,100390.0
1990-07-20 19:00:00+00:00,24.72,99.4,0.0,0.0,0.0,407.55,0.9,8.0,100360.0
1990-07-20 20:00:00+00:00,24.64,99.4,0.0,0.0,0.0,410.3,0.9,13.0,100360.0
1990-07-20 21:00:00+00:00,24.66,99.4,0.0,0.0,0.0,414.95,0.76,22.0,100360.0
1990-07-20 22:00:00+00:00,24.51,99.4,84.8,703.26,41.0,412.2,0.9,22.0,100410.0
1990-07-20 23:00:00+00:00,26.29,96.25,256.8,602.28,84.4,411.45,0.48,46.0,100490.0
1990-07-21 00:00:00+00:00,27.64,87.45,423.95,608.0,120.4,415.1,0.55,165.0,100550.0
1990-07-21 01:00:00+00:00,28.66,84.75,653.45,742.27,142.05,422.95,1.24,186.0,100570.0
1990-07-21 02:00:00+00:00,29.6,82.2,672.05,522.9,232.2,429.05,1.59,180.0,100580.0
1990-07-21 03:00:00+00:00,30.11,79.65,739.95,574.88,196.4,443.55,1.72,183.0,100550.0
1990-07-21 04:00:00+00:00,30.61,77.2,812.85,613.81,202.2,441.05,1.86,188.0,100520.0
1990-07-21 05:00:00+00:00,31.27,74.85,841.2,702.28,148.85,441.25,2.07,206.0,100430.0
1990-07-21 06:00:00+00:00,31.92,66.0,670.1,562.71,152.9,432.75,2.34,220.0,100360.0
1990-07-21 07:00:00+00:00,32.21,61.85,543.35,520.39,127.45,439.1,2.48,233.0,100300.0
1990-07-21 08:00:00+00:00,32.04,61.85,426.05,502.78,107.15,440.65,2.34,220.0,100260.0
1990-07-21 09:00:00+00:00,31.51,65.9,221.65,345.53,71.15,434.45,2.07,197.0,100240.0
1990-07-21 10:00:00+00:00,30.58,72.4,50.45,121.87,24.05,437.2,2.34,185.0,100220.0
1990-07-21 11:00:00+00:00,29.13,79.55,0.0,0.0,0.0,430.2,1.66,194.0,100280.0
1990-07-21 12:00:00+00:00,28.36,84.7,0.0,0.0,0.0,422.1,1.24,178.0,100330.0
1990-07-21 13:00:00+00:00,27.6,90.3,0.0,0.0,0.0,420.75,1.17,171.0,100380.0
1990-07-21 14:00:00+00:00,26.82,96.25,0.0,0.0,0.0,414.35,1.03,169.0,100450.0
1990-07-21 15:00:00+00:00,26.78,93.2,0.0,0.0,0.0,409.7,0.76,166.0,100480.0
1990-07-21 16:00:00+00:00,26.86,93.2,0.0,0.0,0.0,406.2,0.48,173.0,100480.0
1990-07-21 17:00:00+00:00,26.45,93.2,0.0,0.0,0.0,403.1,0.34,250.0,100480.0
1990-07-21 18:00:00+00:00,26.01,96.25,0.0,0.0,0.0,400.8,0.62,285.0,100460.0
1990-07-21 19:00:00+00:00,25.67,96.25,0.0,0.0,0.0,399.45,0.83,302.0,100380.0
1990-07-21 20:00:00+00:00,24.88,96.2,0.0,0.0,0.0,397.3,0.97,302.0,100400.0
1990-07-21 21:00:00+00:00,24.13,96.2,0.0,0.0,0.0,396.15,1.24,302.0,100420.0
1990-07-21 22:00:00+00:00,23.96,96.2,98.5,806.08,49.55,395.55,1.17,304.0,100420.0
1990-07-21 23:00:00+00:00,25.94,96.25,300.5,739.53,89.75,396.55,0.83,304.0,100450.0
1990-07-22 00:00:00+00:00,27.83,84.65,518.05,818.93,110.0,402.55,1.1,288.0,100430.0
1990-07-22 01:00:00+00:00,29.19,77.0,705.15,837.2,128.95,406.5,1.31,274.0,100430.0
1990-07-22 02:00:00+00:00,30.37,72.35,843.5,823.08,151.55,416.3,1.38,261.0,100430.0
1990-07-22 03:00:00+00:00,31.43,65.9,933.95,824.13,155.0,422.65,1.66,253.0,100410.0
1990-07-22 04:00:00+00:00,32.38,61.85,922.35,745.7,180.65,432.55,1.79,251.0,100370.0
1990-07-22 05:00:00+00:00,32.85,58.05,798.65,619.94,187.6,434.3,1.72,250.0,100300.0
1990-07-22 06:00:00+00:00,33.05,56.3,727.25,639.31,139.8,449.75,1.59,238.0,100240.0
1990-07-22 07:00:00+00:00,33.69,54.6,570.8,545.1,135.35,445.5,1.52,238.0,100140.0
1990-07-22 08:00:00+00:00,33.54,56.4,432.95,494.7,119.45,446.65,1.52,221.0,100080.0
1990-07-22 09:00:00+00:00,33.17,58.15,229.65,346.15,79.15,445.9,1.66,207.0,100060.0
1990-07-22 10:00:00+00:00,32.08,66.0,54.4,134.76,25.35,435.05,1.86,185.0,100040.0
1990-07-22 11:00:00+00:00,30.47,72.4,0.0,0.0,0.0,428.3,1.86,173.0,100060.0
1990-07-22 12:00:00+00:00,29.21,82.15,0.0,0.0,0.0,422.45,1.66,176.0,100120.0
1990-07-22 13:00:00+00:00,28.32,87.5,0.0,0.0,0.0,418.8,1.45,182.0,100170.0
1990-07-22 14:00:00+00:00,27.42,93.25,0.0,0.0,0.0,416.85,1.1,196.0,100240.0
1990-07-22 15:00:00+00:00,27.25,93.2,0.0,0.0,0.0,415.3,0.83,217.0,100240.0
1990-07-22 16:00:00+00:00,27.25,93.2,0.0,0.0,0.0,413.75,0.69,231.0,100230.0
1990-07-22 17:00:00+00:00,27.08,93.2,0.0,0.0,0.0,412.2,0.62,249.0,100210.0
1990-07-22 18:00:00+00:00,26.48,96.25,0.0,0.0,0.0,411.45,0.69,274.0,100210.0
1990-07-22 19:00:00+00:00,26.25,96.25,0.0,0.0,0.0,412.2,0.83,287.0,100140.0
1990-07-22 20:00:00+00:00,26.0,96.25,0.0,0.0,0.0,410.85,0.0,0.0,100170.0
1990-07-22 21:00:00+00:00,25.33,100.0,0.0,0.0,0.0,409.7,0.0,0.0,100180.0
1990-07-22 22:00:00+00:00,24.95,99.4,45.85,0.0,45.85,407.75,1.1,299.0,100220.0
1990-07-22 23:00:00+00:00,26.92,93.2,294.4,717.82,90.75,410.1,0.9,285.0,100270.0
1990-07-23 00:00:00+00:00,28.58,84.75,507.6,791.68,113.9,414.95,1.38,272.0,100270.0
1990-07-23 01:00:00+00:00,30.12,77.15,685.25,807.6,130.0,420.05,2.0,273.0,100270.0
1990-07-23 02:00:00+00:00,31.3,70.2,807.1,788.34,144.75,424.6,2.28,276.0,100260.0
1990-07-23 03:00:00+00:00,32.24,66.0,930.1,830.61,145.3,427.7,2.34,277.0,100240.0
1990-07-23 04:00:00+00:00,33.14,60.1,948.3,807.38,145.45,433.3,2.21,274.0,100200.0
1990-07-23 05:00:00+00:00,33.78,56.4,840.55,711.56,139.35,434.65,1.93,272.0,100130.0
1990-07-23 06:00:00+00:00,34.08,54.7,760.0,661.01,152.8,443.0,1.72,270.0,100070.0
1990-07-23 07:00:00+00:00,34.68,51.4,648.8,661.67,120.5,443.95,1.1,252.0,99990.0
1990-07-23 08:00:00+00:00,34.63,51.4,443.85,541.45,101.05,438.9,1.03,220.0,99930.0
1990-07-23 09:00:00+00:00,34.11,54.7,235.6,375.64,72.6,437.55,1.31,184.0,99940.0
1990-07-23 10:00:00+00:00,32.81,64.0,52.15,126.61,25.0,434.65,1.93,164.0,99930.0
1990-07-23 11:00:00+00:00,30.91,72.5,0.0,0.0,0.0,430.0,2.0,155.0,99950.0
1990-07-23 12:00:00+00:00,29.49,82.2,0.0,0.0,0.0,424.6,1.72,150.0,100030.0
1990-07-23 13:00:00+00:00,28.59,90.35,0.0,0.0,0.0,420.15,1.45,152.0,100080.0
1990-07-23 14:00:00+00:00,27.76,96.3,0.0,0.0,0.0,417.45,1.1,158.0,100120.0
1990-07-23 15:00:00+00:00,27.4,93.25,0.0,0.0,0.0,415.5,0.76,165.0,100150.0
1990-07-23 16:00:00+00:00,27.72,93.25,0.0,0.0,0.0,414.15,0.48,191.0,100150.0
1990-07-23 17:00:00+00:00,27.4,93.25,0.0,0.0,0.0,413.2,0.41,263.0,100150.0
1990-07-23 18:00:00+00:00,26.73,99.4,0.0,0.0,0.0,412.0,0.69,301.0,100140.0
1990-07-23 19:00:00+00:00,26.9,96.25,0.0,0.0,0.0,413.0,0.69,307.0,100120.0
1990-07-23 20:00:00+00:00,26.36,96.25,0.0,0.0,0.0,412.4,0.83,317.0,100100.0
1990-07-23 21:00:00+00:00,26.21,99.4,0.0,0.0,0.0,411.25,0.76,323.0,100120.0
1990-07-23 22:00:00+00:00,26.32,100.0,45.75,0.0,45.75,410.85,0.69,317.0,100180.0
1990-07-23 23:00:00+00:00,27.24,96.25,291.25,714.5,89.45,412.2,0.28,313.0,100200.0
1990-07-24 00:00:00+00:00,28.92,84.8,504.9,784.48,115.55,417.45,0.48,265.0,100240.0
1990-07-24 01:00:00+00:00,30.35,79.65,668.35,777.06,134.65,423.75,0.76,260.0,100240.0
1990-07-24 02:00:00+00:00,31.72,70.3,764.7,701.51,175.65,431.75,0.83,281.0,100230.0
1990-07-24 03:00:00+00:00,32.62,64.0,852.05,718.89,173.05,435.05,0.48,291.0,100200.0
1990-07-24 04:00:00+00:00,33.33,60.1,894.25,746.12,152.5,442.6,0.21,200.0,100160.0
1990-07-24 05:00:00+00:00,33.76,58.3,759.7,572.02,196.15,445.5,0.76,164.0,100100.0
1990-07-24 06:00:00+00:00,33.77,58.3,687.0,571.55,162.15,456.35,1.24,160.0,100040.0
1990-07-24 07:00:00+00:00,33.47,60.2,593.45,578.4,131.9,443.2,1.93,138.0,99990.0
1990-07-24 08:00:00+00:00,32.87,66.1,371.3,355.84,146.25,445.3,2.28,138.0,99970.0
1990-07-24 09:00:00+00:00,32.19,68.15,194.6,275.4,75.35,447.65,2.21,145.0,99960.0
1990-07-24 10:00:00+00:00,31.36,74.85,47.15,111.85,23.3,440.85,1.79,145.0,100030.0
1990-07-24 11:00:00+00:00,30.26,79.65,0.0,0.0,0.0,440.45,1.66,137.0,100060.0
1990-07-24 12:00:00+00:00,29.29,84.8,0.0,0.0,0.0,431.4,1.52,133.0,100140.0
1990-07-24 13:00:00+00:00,28.63,90.35,0.0,0.0,0.0,429.05,1.24,123.0,100190.0
1990-07-24 14:00:00+00:00,28.02,93.25,0.0,0.0,0.0,425.0,1.24,109.0,100210.0
1990-07-24 15:00:00+00:00,27.46,96.3,0.0,0.0,0.0,422.1,1.24,102.0,100220.0
1990-07-24 16:00:00+00:00,26.96,96.25,0.0,0.0,0.0,419.4,1.17,96.0,100190.0
1990-07-24 17:00:00+00:00,26.53,99.4,0.0,0.0,0.0,415.5,1.03,91.0,100170.0
1990-07-24 18:00:00+00:00,26.24,100.0,0.0,0.0,0.0,412.0,0.9,79.0,100170.0
1990-07-24 19:00:00+00:00,26.36,99.4,0.0,0.0,0.0,410.1,0.9,94.0,100140.0
1990-07-24 20:00:00+00:00,25.98,99.4,0.0,0.0,0.0,418.2,0.9,99.0,100180.0
1990-07-24 21:00:00+00:00,25.87,99.4,0.0,0.0,0.0,428.1,0.83,110.0,100220.0
1990-07-24 22:00:00+00:00,25.79,100.0,52.0,0.0,52.0,430.4,0.76,106.0,100220.0
1990-07-24 23:00:00+00:00,27.02,93.2,249.75,474.99,116.2,439.7,0.62,95.0,100260.0
1990-07-25 00:00:00+00:00,27.88,87.5,486.3,703.96,137.6,427.7,0.41,113.0,100300.0
1990-07-25 01:00:00+00:00,29.37,77.0,651.2,686.05,180.5,413.85,0.76,210.0,100320.0
1990-07-25 02:00:00+00:00,30.43,67.85,826.25,741.25,204.2,422.1,0.76,240.0,100320.0
1990-07-25 03:00:00+00:00,31.54,61.75,942.7,847.84,142.2,426.75,0.76,249.0,100280.0
1990-07-25 04:00:00+00:00,32.49,58.05,907.05,762.22,149.5,425.2,0.69,222.0,100250.0
1990-07-25 05:00:00+00:00,33.02,54.5,923.2,795.7,139.5,427.3,0.9,191.0,100180.0
1990-07-25 06:00:00+00:00,33.46,52.85,822.15,754.96,129.15,427.9,1.17,180.0,100110.0
1990-07-25 07:00:00+00:00,33.6,51.15,648.85,658.08,124.05,426.9,1.17,159.0,100010.0
1990-07-25 08:00:00+00:00,33.28,54.5,447.1,537.41,107.6,426.75,1.59,153.0,99990.0
1990-07-25 09:00:00+00:00,32.4,61.85,233.3,365.14,75.55,425.55,2.28,149.0,100000.0
1990-07-25 10:00:00+00:00,30.88,72.4,52.05,128.57,24.8,424.2,2.34,150.0,100040.0
1990-07-25 11:00:00+00:00,29.36,79.55,0.0,0.0,0.0,420.55,2.07,151.0,100090.0
1990-07-25 12:00:00+00:00,28.25,84.7,0.0,0.0,0.0,416.1,1.66,150.0,100180.0
1990-07-25 13:00:00+00:00,27.57,90.3,0.0,0.0,0.0,413.0,1.24,146.0,100220.0
1990-07-25 14:00:00+00:00,26.96,93.2,0.0,0.0,0.0,410.45,1.24,133.0,100280.0
1990-07-25 15:00:00+00:00,26.41,96.25,0.0,0.0,0.0,410.65,1.03,119.0,100290.0
1990-07-25 16:00:00+00:00,26.04,96.25,0.0,0.0,0.0,405.65,0.83,95.0,100260.0
1990-07-25 17:00:00+00:00,26.06,99.4,0.0,0.0,0.0,403.3,0.62,59.0,100210.0
1990-07-25 18:00:00+00:00,25.61,99.4,0.0,0.0,0.0,406.2,0.76,15.0,100170.0
1990-07-25 19:00:00+00:00,25.66,99.4,0.0,0.0,0.0,410.85,0.83,28.0,100150.0
1990-07-25 20:00:00+00:00,25.52,99.4,0.0,0.0,0.0,411.25,0.9,29.0,100130.0
1990-07-25 21:00:00+00:00,25.49,99.4,0.0,0.0,0.0,417.65,0.83,22.0,100160.0
1990-07-25 22:00:00+00:00,25.48,99.4,40.6,0.0,40.6,416.85,0.83,12.0,100180.0
1990-07-25 23:00:00+00:00,27.02,93.2,258.55,576.64,97.15,427.1,0.55,36.0,100230.0
1990-07-26 00:00:00+00:00,28.23,84.7,418.15,573.05,134.85,425.35,0.62,62.0,100210.0
1990-07-26 01:00:00+00:00,29.16,77.0,663.85,752.78,147.9,424.15,0.69,103.0,100210.0
1990-07-26 02:00:00+00:00,30.46,70.1,741.5,684.46,167.45,425.2,1.03,136.0,100210.0
1990-07-26 03:00:00+00:00,31.17,65.8,742.9,610.19,167.0,429.25,1.31,142.0,100200.0
1990-07-26 04:00:00+00:00,31.62,63.8,821.25,658.02,167.45,433.7,1.86,149.0,100180.0
1990-07-26 05:00:00+00:00,31.43,63.8,741.55,541.73,208.15,440.1,3.1,164.0,100160.0
1990-07-26 06:00:00+00:00,29.16,74.55,704.9,574.96,177.35,433.7,3.03,186.0,100210.0
1990-07-26 07:00:00+00:00,31.69,63.8,548.55,539.33,118.75,446.65,2.41,160.0,100030.0
1990-07-26 08:00:00+00:00,31.33,65.8,380.6,419.68,115.8,443.95,2.48,158.0,99990.0
1990-07-26 09:00:00+00:00,30.8,70.1,184.75,255.01,74.85,434.3,2.62,156.0,99990.0
1990-07-26 10:00:00+00:00,29.8,77.1,41.95,85.71,23.9,430.0,2.34,158.0,100030.0
1990-07-26 11:00:00+00:00,28.77,82.1,0.0,0.0,0.0,431.95,1.79,152.0,100110.0
1990-07-26 12:00:00+00:00,27.8,90.3,0.0,0.0,0.0,420.35,1.59,155.0,100200.0
1990-07-26 13:00:00+00:00,27.29,93.2,0.0,0.0,0.0,424.2,1.1,165.0,100260.0
1990-07-26 14:00:00+00:00,26.97,93.2,0.0,0.0,0.0,426.35,0.97,184.0,100300.0
1990-07-26 15:00:00+00:00,26.68,96.25,0.0,0.0,0.0,430.2,0.48,186.0,100280.0
1990-07-26 16:00:00+00:00,26.52,96.25,0.0,0.0,0.0,418.0,0.34,86.0,100220.0
1990-07-26 17:00:00+00:00,26.21,99.4,0.0,0.0,0.0,417.45,0.41,35.0,100190.0
1990-07-26 18:00:00+00:00,25.55,99.4,0.0,0.0,0.0,415.7,0.69,11.0,100160.0
1990-07-26 19:00:00+00:00,26.24,93.2,0.0,0.0,0.0,419.75,0.62,340.0,100180.0
1990-07-26 20:00:00+00:00,25.98,93.2,0.0,0.0,0.0,413.75,0.62,353.0,100170.0
1990-07-26 21:00:00+00:00,25.83,96.25,0.0,0.0,0.0,413.2,0.55,360.0,100200.0
1990-07-26 22:00:00+00:00,25.52,96.25,43.5,0.0,43.5,414.9,0.55,2.0,100210.0
1990-07-26 23:00:00+00:00,26.71,93.2,288.15,714.55,89.05,408.55,0.34,10.0,100240.0
1990-07-27 00:00:00+00:00,28.11,84.7,492.8,741.89,126.75,411.05,0.28,267.0,100230.0
1990-07-27 01:00:00+00:00,29.46,77.1,696.05,824.1,131.8,417.15,0.97,246.0,100210.0
1990-07-27 02:00:00+00:00,30.78,70.1,838.85,825.53,146.9,423.45,1.52,236.0,100230.0
1990-07-27 03:00:00+00:00,31.8,65.9,876.15,712.34,204.1,430.2,2.07,229.0,100230.0
1990-07-27 04:00:00+00:00,32.29,61.85,838.25,698.3,144.65,436.4,2.28,218.0,100230.0
1990-07-27 05:00:00+00:00,32.52,60.0,842.1,697.71,155.35,446.85,2.62,212.0,100200.0
1990-07-27 06:00:00+00:00,32.56,61.95,663.3,556.26,153.15,440.85,3.1,214.0,100100.0
1990-07-27 07:00:00+00:00,31.7,63.8,539.05,501.19,139.95,445.9,3.38,233.0,100100.0
1990-07-27 08:00:00+00:00,31.65,63.8,416.0,476.66,115.65,436.8,2.62,234.0,100050.0
1990-07-27 09:00:00+00:00,31.62,65.9,227.1,357.1,73.6,436.2,2.41,225.0,100040.0
1990-07-27 10:00:00+00:00,31.06,67.95,47.65,114.5,23.7,429.65,2.07,220.0,100060.0
1990-07-27 11:00:00+00:00,29.89,77.1,0.0,0.0,0.0,427.3,1.86,207.0,100130.0
1990-07-27 12:00:00+00:00,28.87,82.1,0.0,0.0,0.0,422.85,1.79,207.0,100200.0
1990-07-27 13:00:00+00:00,28.15,84.7,0.0,0.0,0.0,421.1,1.79,220.0,100250.0
1990-07-27 14:00:00+00:00,27.5,87.45,0.0,0.0,0.0,415.9,1.52,234.0,100290.0
1990-07-27 15:00:00+00:00,26.85,93.2,0.0,0.0,0.0,413.55,1.31,247.0,100260.0
1990-07-27 16:00:00+00:00,26.18,96.25,0.0,0.0,0.0,406.8,1.24,254.0,100270.0
1990-07-27 17:00:00+00:00,25.59,96.25,0.0,0.0,0.0,403.5,1.24,259.0,100210.0
1990-07-27 18:00:00+00:00,25.18,99.4,0.0,0.0,0.0,401.2,1.31,265.0,100180.0
1990-07-27 19:00:00+00:00,25.01,93.15,0.0,0.0,0.0,401.2,1.31,284.0,100180.0
1990-07-27 20:00:00+00:00,24.84,96.2,0.0,0.0,0.0,404.3,1.38,295.0,100160.0
1990-07-27 21:00:00+00:00,24.5,96.2,0.0,0.0,0.0,399.25,1.38,302.0,100150.0
1990-07-27 22:00:00+00:00,24.18,93.1,42.3,0.0,42.3,396.75,1.24,309.0,100190.0
1990-07-27 23:00:00+00:00,26.14,90.2,299.55,778.37,83.65,396.15,0.9,315.0,100210.0
1990-07-28 00:00:00+00:00,28.24,79.4,515.6,827.41,108.15,400.0,1.03,298.0,100220.0
1990-07-28 01:00:00+00:00,29.88,72.25,676.45,791.25,135.25,407.1,1.31,286.0,100210.0
1990-07-28 02:00:00+00:00,31.19,65.8,856.3,861.61,134.55,413.75,1.52,268.0,100230.0
1990-07-28 03:00:00+00:00,32.48,60.0,944.6,851.96,141.15,420.9,1.86,257.0,100200.0
1990-07-28 04:00:00+00:00,33.48,54.6,966.95,831.01,141.8,426.9,2.14,251.0,100160.0
1990-07-28 05:00:00+00:00,34.22,52.95,908.6,782.67,138.5,431.95,2.28,246.0,100090.0
1990-07-28 06:00:00+00:00,34.65,49.75,808.5,740.04,130.15,438.9,2.28,241.0,100060.0
1990-07-28 07:00:00+00:00,35.15,48.15,566.2,572.74,110.5,437.0,2.21,247.0,100030.0
1990-07-28 08:00:00+00:00,34.85,48.15,371.7,447.62,90.05,444.35,2.21,234.0,99970.0
1990-07-28 09:00:00+00:00,33.65,52.85,182.55,285.65,60.1,443.75,2.55,222.0,99980.0
1990-07-28 10:00:00+00:00,32.22,61.85,47.0,110.99,23.95,439.7,2.34,211.0,99960.0
1990-07-28 11:00:00+00:00,30.72,67.85,0.0,0.0,0.0,427.5,2.07,212.0,100030.0
1990-07-28 12:00:00+00:00,29.66,74.65,0.0,0.0,0.0,426.15,1.86,220.0,100100.0
1990-07-28 13:00:00+00:00,28.82,79.5,0.0,0.0,0.0,420.75,1.79,232.0,100170.0
1990-07-28 14:00:00+00:00,28.15,82.05,0.0,0.0,0.0,420.15,1.66,248.0,100200.0
1990-07-28 15:00:00+00:00,27.57,84.65,0.0,0.0,0.0,418.6,1.66,259.0,100180.0
1990-07-28 16:00:00+00:00,27.03,87.4,0.0,0.0,0.0,413.4,1.72,268.0,100150.0
1990-07-28 17:00:00+00:00,26.63,90.25,0.0,0.0,0.0,412.6,1.72,272.0,100120.0
1990-07-28 18:00:00+00:00,26.28,93.2,0.0,0.0,0.0,412.8,1.59,275.0,100100.0
1990-07-28 19:00:00+00:00,25.93,87.3,0.0,0.0,0.0,405.25,1.45,291.0,100010.0
1990-07-28 20:00:00+00:00,25.45,90.2,0.0,0.0,0.0,403.5,1.45,303.0,100000.0
1990-07-28 21:00:00+00:00,25.12,93.15,0.0,0.0,0.0,402.15,1.52,308.0,100020.0
1990-07-28 22:00:00+00:00,24.9,93.15,41.5,0.0,41.5,401.55,1.52,311.0,100070.0
1990-07-28 23:00:00+00:00,26.86,84.6,296.35,771.41,83.35,403.1,1.31,310.0,100090.0
1990-07-29 00:00:00+00:00,29.31,77.0,511.4,822.1,107.35,409.3,1.52,300.0,100130.0
1990-07-29 01:00:00+00:00,31.06,65.8,701.9,846.36,123.6,418.15,2.14,299.0,100160.0
1990-07-29 02:00:00+00:00,32.46,60.0,846.9,850.85,134.6,426.35,2.41,299.0,100190.0
1990-07-29 03:00:00+00:00,33.73,56.4,933.8,840.96,141.05,433.5,2.34,302.0,100170.0
1990-07-29 04:00:00+00:00,34.7,53.1,956.35,820.32,142.1,440.85,1.93,309.0,100120.0
1990-07-29 05:00:00+00:00,35.4,51.4,904.35,766.11,150.85,446.3,1.24,324.0,100040.0
1990-07-29 06:00:00+00:00,35.85,49.85,732.85,646.69,140.4,451.5,0.69,336.0,99960.0
1990-07-29 07:00:00+00:00,35.83,49.85,602.45,605.45,121.15,460.6,0.48,104.0,99920.0
1990-07-29 08:00:00+00:00,34.96,53.1,423.25,508.95,103.5,459.85,0.9,100.0,99890.0
1990-07-29 09:00:00+00:00,34.5,54.85,206.75,303.69,76.95,452.85,1.38,111.0,99870.0
1990-07-29 10:00:00+00:00,32.96,62.05,37.5,98.01,17.3,451.1,1.45,245.0,99910.0
1990-07-29 11:00:00+00:00,31.41,68.05,0.0,0.0,0.0,442.4,1.59,278.0,99910.0
1990-07-29 12:00:00+00:00,30.08,79.65,0.0,0.0,0.0,436.2,1.52,329.0,99990.0
1990-07-29 13:00:00+00:00,29.36,82.15,0.0,0.0,0.0,437.55,1.45,16.0,100030.0
1990-07-29 14:00:00+00:00,28.71,87.55,0.0,0.0,0.0,432.35,1.1,28.0,100030.0
1990-07-29 15:00:00+00:00,28.21,90.35,0.0,0.0,0.0,434.1,1.17,358.0,100050.0
1990-07-29 16:00:00+00:00,28.35,90.35,0.0,0.0,0.0,434.65,0.83,333.0,100030.0
1990-07-29 17:00:00+00:00,27.97,90.35,0.0,0.0,0.0,430.6,0.76,338.0,100000.0
1990-07-29 18:00:00+00:00,27.42,93.25,0.0,0.0,0.0,430.2,1.24,5.0,99980.0
1990-07-29 19:00:00+00:00,27.45,93.25,0.0,0.0,0.0,425.75,1.03,337.0,99910.0
1990-07-29 20:00:00+00:00,27.23,96.25,0.0,0.0,0.0,422.85,0.97,355.0,99910.0
1990-07-29 21:00:00+00:00,27.17,96.25,0.0,0.0,0.0,423.85,0.9,11.0,99920.0
1990-07-29 22:00:00+00:00,27.3,96.25,42.9,0.0,42.9,419.75,0.76,11.0,99940.0
1990-07-29 23:00:00+00:00,28.57,90.35,259.05,568.83,102.7,422.3,0.41,28.0,100000.0
1990-07-30 00:00:00+00:00,30.4,77.2,464.35,649.91,145.55,426.35,0.69,91.0,100030.0
1990-07-30 01:00:00+00:00,31.55,72.6,686.3,803.58,137.8,434.2,1.38,108.0,100050.0
1990-07-30 02:00:00+00:00,32.36,70.35,752.15,627.68,227.0,440.1,1.86,113.0,100070.0
1990-07-30 03:00:00+00:00,32.44,68.25,768.65,569.79,231.75,446.3,2.28,122.0,100060.0
1990-07-30 04:00:00+00:00,30.94,74.85,661.65,440.57,224.5,448.2,2.28,113.0,100050.0
1990-07-30 05:00:00+00:00,31.58,72.6,650.15,392.52,264.25,444.75,1.24,86.0,100020.0
1990-07-30 06:00:00+00:00,31.61,72.6,653.65,497.5,198.15,444.35,1.59,117.0,99930.0
1990-07-30 07:00:00+00:00,32.79,61.95,565.1,521.04,151.3,444.9,2.55,120.0,99860.0
1990-07-30 08:00:00+00:00,31.54,63.8,303.05,303.08,112.95,442.6,2.28,110.0,99850.0
1990-07-30 09:00:00+00:00,30.54,70.1,170.6,185.76,91.45,440.1,1.72,95.0,99830.0
1990-07-30 10:00:00+00:00,30.31,72.35,39.85,85.84,22.3,436.4,0.97,92.0,99840.0
1990-07-30 11:00:00+00:00,29.54,74.65,0.0,0.0,0.0,430.4,0.97,84.0,99890.0
1990-07-30 12:00:00+00:00,28.52,82.1,0.0,0.0,0.0,424.8,1.17,84.0,99970.0
1990-07-30 13:00:00+00:00,27.8,90.3,0.0,0.0,0.0,422.85,0.76,100.0,100020.0
1990-07-30 14:00:00+00:00,27.68,90.3,0.0,0.0,0.0,430.8,0.62,113.0,100040.0
1990-07-30 15:00:00+00:00,26.92,93.2,0.0,0.0,0.0,416.85,0.83,117.0,100050.0
1990-07-30 16:00:00+00:00,26.42,96.25,0.0,0.0,0.0,418.2,0.9,127.0,100020.0
1990-07-30 17:00:00+00:00,26.26,96.25,0.0,0.0,0.0,412.0,0.69,141.0,99990.0
1990-07-30 18:00:00+00:00,26.42,96.25,0.0,0.0,0.0,408.9,0.07,61.0,99980.0
1990-07-30 19:00:00+00:00,25.98,96.25,0.0,0.0,0.0,412.0,0.69,4.0,99970.0
1990-07-30 20:00:00+00:00,25.54,99.4,0.0,0.0,0.0,413.55,0.9,346.0,99940.0
1990-07-30 21:00:00+00:00,25.4,99.4,0.0,0.0,0.0,412.6,0.83,344.0,99940.0
1990-07-30 22:00:00+00:00,25.52,99.4,43.35,0.0,43.35,405.25,0.69,335.0,99930.0
1990-07-30 23:00:00+00:00,26.81,96.25,282.4,703.9,89.8,410.45,0.41,324.0,99950.0
1990-07-31 00:00:00+00:00,28.54,82.1,507.45,805.38,113.15,416.1,0.62,355.0,99960.0
1990-07-31 01:00:00+00:00,30.09,70.0,649.3,778.3,118.6,416.2,1.1,37.0,99950.0
1990-07-31 02:00:00+00:00,31.2,61.65,792.15,762.92,154.25,423.05,1.72,56.0,99980.0
1990-07-31 03:00:00+00:00,32.04,56.1,875.45,754.47,164.85,436.0,2.14,72.0,99940.0
1990-07-31 04:00:00+00:00,32.58,54.4,872.95,686.66,191.9,442.0,2.41,79.0,99900.0
1990-07-31 05:00:00+00:00,32.79,54.4,752.95,607.89,155.6,443.0,2.21,82.0,99790.0
1990-07-31 06:00:00+00:00,32.8,56.2,784.05,702.59,141.2,441.85,1.86,88.0,99710.0
1990-07-31 07:00:00+00:00,33.45,52.85,592.55,594.05,121.25,437.2,2.55,77.0,99650.0
1990-07-31 08:00:00+00:00,32.85,56.2,403.55,476.33,105.3,438.75,2.69,86.0,99580.0
1990-07-31 09:00:00+00:00,32.16,59.85,195.8,291.51,72.0,443.95,2.62,109.0,99550.0
1990-07-31 10:00:00+00:00,31.05,65.8,40.85,86.57,23.3,434.1,2.34,124.0,99560.0
1990-07-31 11:00:00+00:00,29.69,74.65,0.0,0.0,0.0,431.0,1.72,128.0,99590.0
1990-07-31 12:00:00+00:00,28.8,79.5,0.0,0.0,0.0,428.65,1.24,137.0,99680.0
1990-07-31 13:00:00+00:00,28.04,84.7,0.0,0.0,0.0,423.65,1.1,152.0,99760.0
1990-07-31 14:00:00+00:00,27.51,90.3,0.0,0.0,0.0,423.65,0.69,195.0,99800.0
1990-07-31 15:00:00+00:00,26.82,96.25,0.0,0.0,0.0,420.55,0.83,251.0,99770.0
1990-07-31 16:00:00+00:00,25.28,99.0,0.0,0.0,0.0,412.29,0.47,269.0,99720.0
1990-07-31 17:00:00+00:00,25.65,98.29,0.0,0.0,0.0,415.06,0.63,280.0,99660.0
1990-07-31 18:00:00+00:00,26.01,96.03,0.0,0.0,0.0,417.82,0.78,288.0,99620.0
1990-07-31 19:00:00+00:00,26.37,93.77,0.0,0.0,0.0,420.59,0.94,295.0,99570.0
1990-07-31 20:00:00+00:00,26.74,91.51,0.0,0.0,0.0,423.36,1.09,316.0,99550.0
1990-07-31 21:00:00+00:00,27.1,89.26,0.0,0.0,0.0,426.13,1.24,318.0,99510.0
1990-07-31 22:00:00+00:00,27.46,87.0,47.45,0.0,47.45,428.9,1.4,316.0,99470.0
1990-07-31 23:00:00+00:00,27.83,84.74,157.0,120.24,124.25,431.66,1.55,317.0,99460.0
1990-08-01 00:00:00+00:00,28.19,82.49,189.3,83.8,148.35,434.43,1.71,323.0,99420.0
1990-08-01 01:00:00+00:00,28.55,80.23,264.3,88.08,204.3,437.2,1.86,324.0,99420.0
1990-08-01 02:00:00+00:00,28.92,77.97,299.4,95.5,219.6,439.97,2.01,342.0,99430.0
1990-08-01 03:00:00+00:00,29.28,75.72,203.4,11.42,192.65,442.73,2.17,21.0,99430.0
1990-08-01 04:00:00+00:00,29.64,73.46,175.4,7.41,168.05,445.5,2.32,40.0,99400.0
1990-08-01 05:00:00+00:00,30.01,71.2,152.95,7.94,145.15,448.27,2.48,61.0,99380.0
1990-08-01 06:00:00+00:00,30.37,68.95,182.5,10.01,173.35,451.04,2.63,47.0,99280.0
1990-08-01 07:00:00+00:00,30.73,66.69,160.65,17.54,146.75,453.8,2.78,51.0,99230.0
1990-08-01 08:00:00+00:00,28.18,84.7,64.15,3.04,62.25,450.15,5.03,58.0,99170.0
1990-08-01 09:00:00+00:00,27.18,87.4,29.9,0.0,29.9,445.9,6.0,56.0,99150.0
1990-08-01 10:00:00+00:00,26.61,87.35,8.25,0.0,8.25,439.9,7.03,61.0,99120.0
1990-08-01 11:00:00+00:00,26.07,87.3,0.0,0.0,0.0,442.2,7.79,60.0,99100.0
1990-08-01 12:00:00+00:00,26.03,90.2,0.0,0.0,0.0,443.0,8.14,62.0,99080.0
1990-08-01 13:00:00+00:00,25.69,93.15,0.0,0.0,0.0,444.75,9.31,81.0,99140.0
1990-08-01 14:00:00+00:00,26.0,93.2,0.0,0.0,0.0,444.35,8.9,90.0,99200.0
1990-08-01 15:00:00+00:00,26.28,93.2,0.0,0.0,0.0,443.35,8.34,91.0,99210.0
1990-08-01 16:00:00+00:00,26.56,90.25,0.0,0.0,0.0,441.25,8.55,92.0,99210.0
1990-08-01 17:00:00+00:00,26.47,90.25,0.0,0.0,0.0,442.6,9.1,103.0,99210.0
1990-08-01 18:00:00+00:00,26.07,93.2,0.0,0.0,0.0,435.45,8.83,114.0,99200.0
1990-08-01 19:00:00+00:00,25.78,96.25,0.0,0.0,0.0,441.25,9.24,125.0,99140.0
1990-08-01 20:00:00+00:00,25.47,96.25,0.0,0.0,0.0,437.4,9.24,127.0,99160.0
1990-08-01 21:00:00+00:00,25.46,93.15,0.0,0.0,0.0,432.35,8.55,129.0,99280.0
1990-08-01 22:00:00+00:00,25.57,93.15,18.8,0.0,18.8,438.35,7.31,128.0,99330.0
1990-08-01 23:00:00+00:00,25.68,93.15,57.95,1.29,57.6,441.85,6.34,126.0,99470.0
1990-08-02 00:00:00+00:00,25.98,93.2,126.95,24.81,114.85,441.05,5.38,121.0,99510.0
1990-08-02 01:00:00+00:00,26.0,93.2,165.05,13.74,155.7,440.0,5.93,134.0,99560.0
1990-08-02 02:00:00+00:00,26.39,93.2,247.95,74.9,185.4,444.55,4.28,129.0,99670.0
1990-08-02 03:00:00+00:00,25.83,93.15,524.3,192.62,343.05,443.2,5.52,148.0,99670.0
1990-08-02 04:00:00+00:00,27.58,87.45,485.25,121.19,365.15,431.0,4.62,139.0,99700.0
1990-08-02 05:00:00+00:00,27.22,90.25,385.55,113.94,273.7,447.45,4.28,140.0,99680.0
1990-08-02 06:00:00+00:00,27.39,84.65,479.65,234.67,265.25,441.25,4.41,148.0,99680.0
1990-08-02 07:00:00+00:00,26.76,84.55,264.35,136.82,156.05,430.6,5.03,144.0,99640.0
1990-08-02 08:00:00+00:00,27.0,87.4,143.8,19.4,131.7,428.65,3.24,140.0,99650.0
1990-08-02 09:00:00+00:00,26.55,87.35,92.75,47.19,72.85,443.35,3.03,142.0,99660.0
1990-08-02 10:00:00+00:00,26.19,93.2,20.95,9.04,19.15,437.55,2.9,136.0,99650.0
1990-08-02 11:00:00+00:00,25.61,93.15,0.0,0.0,0.0,430.4,3.66,144.0,99690.0
1990-08-02 12:00:00+00:00,25.38,93.15,0.0,0.0,0.0,424.0,2.9,133.0,99770.0
1990-08-02 13:00:00+00:00,25.52,96.25,0.0,0.0,0.0,441.25,2.69,126.0,99860.0
1990-08-02 14:00:00+00:00,25.64,96.25,0.0,0.0,0.0,442.2,2.69,128.0,99970.0
1990-08-02 15:00:00+00:00,25.56,96.25,0.0,0.0,0.0,443.95,2.55,134.0,100020.0
1990-08-02 16:00:00+00:00,25.3,96.2,0.0,0.0,0.0,443.75,2.69,141.0,100000.0
1990-08-02 17:00:00+00:00,25.2,96.2,0.0,0.0,0.0,437.75,2.07,130.0,99930.0
1990-08-02 18:00:00+00:00,24.99,96.2,0.0,0.0,0.0,435.05,1.52,103.0,99900.0
1990-08-02 19:00:00+00:00,25.53,96.25,0.0,0.0,0.0,443.75,2.48,116.0,99890.0
1990-08-02 20:00:00+00:00,25.57,96.25,0.0,0.0,0.0,442.8,2.62,121.0,99920.0
1990-08-02 21:00:00+00:00,25.38,96.25,0.0,0.0,0.0,444.35,2.34,124.0,99960.0
1990-08-02 22:00:00+00:00,25.33,99.4,20.2,0.0,20.2,443.75,2.21,127.0,99970.0
1990-08-02 23:00:00+00:00,25.49,96.25,94.65,87.44,71.05,445.7,2.83,142.0,100040.0
1990-08-03 00:00:00+00:00,25.59,96.25,244.3,187.15,153.2,444.9,2.41,151.0,100080.0
1990-08-03 01:00:00+00:00,27.02,87.4,408.9,357.11,166.15,440.75,2.07,149.0,100120.0
1990-08-03 02:00:00+00:00,28.16,82.05,625.15,481.22,223.55,440.85,3.03,160.0,100160.0
1990-08-03 03:00:00+00:00,28.94,82.15,736.1,541.77,226.55,439.5,2.9,162.0,100170.0
1990-08-03 04:00:00+00:00,29.64,82.2,621.0,319.88,304.15,438.55,2.48,148.0,100140.0
1990-08-03 05:00:00+00:00,30.01,74.7,541.15,266.54,279.65,446.1,2.83,141.0,100090.0
1990-08-03 06:00:00+00:00,28.86,79.5,419.6,239.07,201.35,452.45,3.1,153.0,100120.0
1990-08-03 07:00:00+00:00,28.33,82.05,238.25,109.66,151.55,445.5,2.55,150.0,100120.0
1990-08-03 08:00:00+00:00,27.33,84.6,193.55,107.63,126.55,445.9,2.21,159.0,100100.0
1990-08-03 09:00:00+00:00,27.29,84.6,74.0,38.45,57.85,433.3,1.66,158.0,100120.0
1990-08-03 10:00:00+00:00,26.71,87.35,15.65,7.1,14.25,444.75,1.45,149.0,100120.0
1990-08-03 11:00:00+00:00,26.13,90.2,0.0,0.0,0.0,442.2,1.24,113.0,100170.0
1990-08-03 12:00:00+00:00,25.35,96.2,0.0,0.0,0.0,440.65,1.24,106.0,100250.0
1990-08-03 13:00:00+00:00,25.29,96.2,0.0,0.0,0.0,436.8,0.97,54.0,100280.0
1990-08-03 14:00:00+00:00,25.22,96.2,0.0,0.0,0.0,428.1,0.97,56.0,100310.0
1990-08-03 15:00:00+00:00,24.89,99.4,0.0,0.0,0.0,420.75,0.76,65.0,100330.0
1990-08-03 16:00:00+00:00,24.77,99.4,0.0,0.0,0.0,424.0,0.34,84.0,100340.0
1990-08-03 17:00:00+00:00,24.87,96.2,0.0,0.0,0.0,428.3,0.07,7.0,100320.0
1990-08-03 18:00:00+00:00,24.82,99.4,0.0,0.0,0.0,430.2,0.76,20.0,100240.0
1990-08-03 19:00:00+00:00,24.6,96.2,0.0,0.0,0.0,419.0,0.83,11.0,100180.0
1990-08-03 20:00:00+00:00,24.32,96.2,0.0,0.0,0.0,413.2,0.97,17.0,100160.0
1990-08-03 21:00:00+00:00,24.21,96.2,0.0,0.0,0.0,416.45,0.97,16.0,100160.0
1990-08-03 22:00:00+00:00,24.21,96.2,42.7,0.0,42.7,418.0,0.97,15.0,100180.0
1990-08-03 23:00:00+00:00,25.19,96.2,209.75,332.16,120.5,417.25,0.76,31.0,100210.0
1990-08-04 00:00:00+00:00,26.51,90.25,439.55,589.69,153.05,419.0,1.17,62.0,100230.0
1990-08-04 01:00:00+00:00,28.02,84.7,582.55,616.8,163.7,427.6,1.17,107.0,100280.0
1990-08-04 02:00:00+00:00,29.08,82.15,674.75,503.24,255.05,429.45,1.38,132.0,100310.0
1990-08-04 03:00:00+00:00,30.24,74.7,438.15,185.47,263.8,440.85,1.86,143.0,100310.0
1990-08-04 04:00:00+00:00,28.23,79.4,548.35,281.05,270.1,453.25,2.34,157.0,100360.0
1990-08-04 05:00:00+00:00,28.57,79.5,383.55,160.63,226.05,441.05,1.79,138.0,100270.0
1990-08-04 06:00:00+00:00,28.7,79.5,492.75,276.66,240.4,443.2,1.93,142.0,100180.0
1990-08-04 07:00:00+00:00,29.85,77.1,584.3,563.93,139.05,448.2,2.07,144.0,100120.0
1990-08-04 08:00:00+00:00,30.41,70.1,399.95,455.84,116.8,439.9,2.34,155.0,100110.0
1990-08-04 09:00:00+00:00,29.94,72.35,146.9,188.81,67.9,436.4,2.62,162.0,100090.0
1990-08-04 10:00:00+00:00,29.05,77.0,27.4,50.23,17.6,438.75,1.86,188.0,100160.0
1990-08-04 11:00:00+00:00,28.29,84.7,0.0,0.0,0.0,439.7,1.03,119.0,100140.0
1990-08-04 12:00:00+00:00,27.4,87.45,0.0,0.0,0.0,424.6,1.24,187.0,100230.0
1990-08-04 13:00:00+00:00,26.68,96.25,0.0,0.0,0.0,423.45,0.62,218.0,100330.0
1990-08-04 14:00:00+00:00,26.19,96.25,0.0,0.0,0.0,419.75,0.69,47.0,100350.0
1990-08-04 15:00:00+00:00,26.29,99.4,0.0,0.0,0.0,416.1,0.28,333.0,100360.0
1990-08-04 16:00:00+00:00,25.92,99.4,0.0,0.0,0.0,416.65,0.28,229.0,100310.0
1990-08-04 17:00:00+00:00,25.7,100.0,0.0,0.0,0.0,413.75,0.28,290.0,100240.0
1990-08-04 18:00:00+00:00,24.85,99.4,0.0,0.0,0.0,417.25,0.83,315.0,100180.0
1990-08-04 19:00:00+00:00,24.62,100.0,0.0,0.0,0.0,414.35,0.9,289.0,100170.0
1990-08-04 20:00:00+00:00,24.72,100.0,0.0,0.0,0.0,428.45,0.83,331.0,100160.0
1990-08-04 21:00:00+00:00,24.76,100.0,0.0,0.0,0.0,437.75,0.76,340.0,100160.0
1990-08-04 22:00:00+00:00,24.72,100.0,45.2,0.0,45.2,435.05,0.9,316.0,100190.0
1990-08-04 23:00:00+00:00,25.5,96.25,218.75,363.95,121.4,434.85,0.97,302.0,100240.0
1990-08-05 00:00:00+00:00,27.27,87.4,451.3,580.92,169.6,438.75,1.24,291.0,100240.0
1990-08-05 01:00:00+00:00,28.71,82.1,667.0,767.57,146.3,429.75,1.24,282.0,100260.0
1990-08-05 02:00:00+00:00,30.19,74.7,756.2,684.27,185.9,434.3,1.52,281.0,100260.0
1990-08-05 03:00:00+00:00,31.15,67.95,894.95,782.92,159.35,444.35,1.72,277.0,100230.0
1990-08-05 04:00:00+00:00,32.08,63.9,876.3,736.43,147.6,435.85,1.93,270.0,100200.0
1990-08-05 05:00:00+00:00,32.55,61.95,868.85,727.15,156.35,443.35,1.86,269.0,100130.0
1990-08-05 06:00:00+00:00,33.02,62.05,711.85,627.52,140.0,443.75,1.79,262.0,100030.0
1990-08-05 07:00:00+00:00,33.38,60.1,594.55,583.29,134.65,445.1,2.07,269.0,99960.0
1990-08-05 08:00:00+00:00,33.35,60.1,374.35,409.84,120.35,446.1,1.86,265.0,99880.0
1990-08-05 09:00:00+00:00,32.93,60.1,149.15,183.25,72.8,444.35,1.52,249.0,99860.0
1990-08-05 10:00:00+00:00,31.9,68.05,33.45,52.85,23.25,454.8,1.24,226.0,99850.0
1990-08-05 11:00:00+00:00,30.51,77.2,0.0,0.0,0.0,441.85,1.1,212.0,99860.0
1990-08-05 12:00:00+00:00,29.17,84.8,0.0,0.0,0.0,431.95,1.24,230.0,99900.0
1990-08-05 13:00:00+00:00,28.32,87.5,0.0,0.0,0.0,429.05,1.38,244.0,99960.0
1990-08-05 14:00:00+00:00,27.67,90.3,0.0,0.0,0.0,426.9,1.1,250.0,99990.0
1990-08-05 15:00:00+00:00,27.36,93.2,0.0,0.0,0.0,425.0,0.97,246.0,99990.0
1990-08-05 16:00:00+00:00,26.71,96.25,0.0,0.0,0.0,423.85,1.31,257.0,99950.0
1990-08-05 17:00:00+00:00,26.48,96.25,0.0,0.0,0.0,423.25,1.38,268.0,99920.0
1990-08-05 18:00:00+00:00,26.34,99.4,0.0,0.0,0.0,424.0,1.38,276.0,99860.0
1990-08-05 19:00:00+00:00,26.37,93.2,0.0,0.0,0.0,421.9,1.52,286.0,99780.0
1990-08-05 20:00:00+00:00,26.17,96.25,0.0,0.0,0.0,420.75,1.38,296.0,99820.0
1990-08-05 21:00:00+00:00,25.91,96.25,0.0,0.0,0.0,420.35,1.24,311.0,99810.0
1990-08-05 22:00:00+00:00,25.7,99.4,39.9,0.0,39.9,419.75,1.17,312.0,99830.0
1990-08-05 23:00:00+00:00,27.34,93.2,241.6,529.34,100.65,420.55,1.03,309.0,99870.0
1990-08-06 00:00:00+00:00,29.24,82.15,483.9,744.72,123.45,425.0,1.24,308.0,99860.0
1990-08-06 01:00:00+00:00,31.13,72.5,663.1,725.27,171.6,431.85,1.72,316.0,99870.0
1990-08-06 02:00:00+00:00,32.31,68.15,793.6,678.13,228.8,438.75,1.93,326.0,99840.0
1990-08-06 03:00:00+00:00,32.97,64.1,778.9,498.91,310.4,444.35,1.66,336.0,99830.0
1990-08-06 04:00:00+00:00,33.37,64.1,796.4,452.4,349.0,453.25,1.1,310.0,99800.0
1990-08-06 05:00:00+00:00,33.88,62.15,730.55,443.79,296.0,453.85,1.24,278.0,99710.0
1990-08-06 06:00:00+00:00,34.01,60.3,600.6,341.5,289.7,454.0,1.52,259.0,99610.0
1990-08-06 07:00:00+00:00,33.62,64.2,372.55,173.57,235.9,462.15,0.76,247.0,99520.0
1990-08-06 08:00:00+00:00,32.26,70.35,206.85,60.25,169.6,457.3,1.03,109.0,99460.0
1990-08-06 09:00:00+00:00,31.43,74.95,83.15,5.54,80.85,453.25,1.52,94.0,99540.0
1990-08-06 10:00:00+00:00,30.34,84.9,19.45,8.65,17.8,449.0,1.1,139.0,99530.0
1990-08-06 11:00:00+00:00,29.25,84.8,0.0,0.0,0.0,445.5,0.34,12.0,99600.0
1990-08-06 12:00:00+00:00,28.67,90.35,0.0,0.0,0.0,441.25,0.69,19.0,99580.0
1990-08-06 13:00:00+00:00,28.15,93.25,0.0,0.0,0.0,437.75,0.69,62.0,99620.0
1990-08-06 14:00:00+00:00,27.78,96.3,0.0,0.0,0.0,437.2,1.1,76.0,99680.0
1990-08-06 15:00:00+00:00,27.51,96.3,0.0,0.0,0.0,442.6,0.76,43.0,99680.0
1990-08-06 16:00:00+00:00,27.15,99.4,0.0,0.0,0.0,443.0,1.03,57.0,99680.0
1990-08-06 17:00:00+00:00,26.91,96.25,0.0,0.0,0.0,443.95,0.62,114.0,99630.0
1990-08-06 18:00:00+00:00,26.7,99.4,0.0,0.0,0.0,441.05,1.03,148.0,99610.0
1990-08-06 19:00:00+00:00,27.28,96.25,0.0,0.0,0.0,453.65,1.31,100.0,99530.0
1990-08-06 20:00:00+00:00,25.78,100.0,0.0,0.0,0.0,450.75,1.66,102.0,99590.0
1990-08-06 21:00:00+00:00,25.36,99.4,0.0,0.0,0.0,448.2,1.59,78.0,99630.0
1990-08-06 22:00:00+00:00,25.29,100.0,7.15,0.0,7.15,447.05,2.0,62.0,99670.0
1990-08-06 23:00:00+00:00,25.31,99.4,42.2,0.19,42.15,443.75,1.31,55.0,99670.0
1990-08-07 00:00:00+00:00,25.65,93.15,156.9,4.35,154.8,443.0,1.24,47.0,99710.0
1990-08-07 01:00:00+00:00,26.49,87.35,248.6,8.79,242.65,440.4,1.38,51.0,99720.0
1990-08-07 02:00:00+00:00,27.4,84.65,388.4,90.05,313.45,447.45,0.55,50.0,99730.0
1990-08-07 03:00:00+00:00,28.83,82.1,433.65,111.4,329.1,450.35,0.48,339.0,99700.0
1990-08-07 04:00:00+00:00,30.02,74.7,435.35,86.76,349.6,456.55,0.69,305.0,99680.0
1990-08-07 05:00:00+00:00,30.7,72.4,465.9,119.98,348.5,460.8,0.55,254.0,99630.0
1990-08-07 06:00:00+00:00,31.12,72.5,434.2,154.87,293.35,464.1,0.83,209.0,99520.0
1990-08-07 07:00:00+00:00,31.0,70.2,346.8,138.73,237.75,458.85,0.9,293.0,99450.0
1990-08-07 08:00:00+00:00,31.19,70.2,295.0,166.69,192.2,458.1,0.97,249.0,99380.0
1990-08-07 09:00:00+00:00,31.11,72.5,145.85,105.71,102.2,453.65,0.97,205.0,99390.0
1990-08-07 10:00:00+00:00,30.17,77.15,22.0,6.63,20.75,451.7,1.38,163.0,99460.0
1990-08-07 11:00:00+00:00,28.95,82.15,0.0,0.0,0.0,446.3,1.59,120.0,99540.0
1990-08-07 12:00:00+00:00,28.12,87.5,0.0,0.0,0.0,444.75,1.24,134.0,99600.0
1990-08-07 13:00:00+00:00,27.41,90.3,0.0,0.0,0.0,438.75,1.17,156.0,99690.0
1990-08-07 14:00:00+00:00,27.19,93.2,0.0,0.0,0.0,447.85,0.97,145.0,99700.0
1990-08-07 15:00:00+00:00,27.03,93.2,0.0,0.0,0.0,443.95,0.69,124.0,99740.0
1990-08-07 16:00:00+00:00,26.83,96.25,0.0,0.0,0.0,443.95,0.97,100.0,99720.0
1990-08-07 17:00:00+00:00,26.14,99.4,0.0,0.0,0.0,435.65,0.9,84.0,99690.0
1990-08-07 18:00:00+00:00,25.53,99.4,0.0,0.0,0.0,443.35,0.97,40.0,99670.0
1990-08-07 19:00:00+00:00,26.09,99.4,0.0,0.0,0.0,430.8,1.03,33.0,99600.0
1990-08-07 20:00:00+00:00,25.51,99.4,0.0,0.0,0.0,431.95,0.83,22.0,99610.0
1990-08-07 21:00:00+00:00,25.29,100.0,0.0,0.0,0.0,442.0,0.62,12.0,99660.0
1990-08-07 22:00:00+00:00,25.02,99.4,26.2,0.0,26.2,438.9,0.41,28.0,99700.0
1990-08-07 23:00:00+00:00,25.25,99.4,98.25,0.0,98.25,440.65,0.9,24.0,99750.0
1990-08-08 00:00:00+00:00,25.94,90.2,150.8,28.62,137.0,442.4,1.79,8.0,99770.0
1990-08-08 01:00:00+00:00,26.73,87.35,284.55,93.97,221.0,438.65,1.72,359.0,99820.0
1990-08-08 02:00:00+00:00,27.77,81.95,367.4,104.54,280.45,441.05,1.38,337.0,99840.0
1990-08-08 03:00:00+00:00,28.74,79.5,461.65,119.35,349.7,449.35,1.59,302.0,99810.0
1990-08-08 04:00:00+00:00,29.87,77.1,580.5,273.65,310.2,454.0,2.07,292.0,99730.0
1990-08-08 05:00:00+00:00,31.0,70.2,567.6,290.89,283.2,457.7,2.28,287.0,99660.0
1990-08-08 06:00:00+00:00,31.38,72.5,516.05,298.25,245.1,460.2,1.72,278.0,99550.0
1990-08-08 07:00:00+00:00,32.29,72.65,447.4,318.61,197.35,454.2,1.45,233.0,99420.0
1990-08-08 08:00:00+00:00,31.23,74.85,227.35,99.25,166.3,450.15,1.66,188.0,99410.0
1990-08-08 09:00:00+00:00,29.67,79.6,64.75,8.15,61.4,450.35,1.45,178.0,99440.0
1990-08-08 10:00:00+00:00,29.14,84.8,23.0,8.32,21.45,447.45,1.38,166.0,99460.0
1990-08-08 11:00:00+00:00,28.6,87.55,0.0,0.0,0.0,440.1,1.17,130.0,99530.0
1990-08-08 12:00:00+00:00,27.96,90.35,0.0,0.0,0.0,437.0,1.17,120.0,99610.0
1990-08-08 13:00:00+00:00,27.53,93.25,0.0,0.0,0.0,437.55,0.9,118.0,99650.0
1990-08-08 14:00:00+00:00,27.14,99.4,0.0,0.0,0.0,436.8,0.69,87.0,99690.0
1990-08-08 15:00:00+00:00,26.86,99.4,0.0,0.0,0.0,435.65,0.83,33.0,99670.0
1990-08-08 16:00:00+00:00,26.57,99.4,0.0,0.0,0.0,434.1,0.83,6.0,99620.0
1990-08-08 17:00:00+00:00,26.41,99.4,0.0,0.0,0.0,434.65,0.9,26.0,99570.0
1990-08-08 18:00:00+00:00,26.24,100.0,0.0,0.0,0.0,434.45,0.9,358.0,99520.0
1990-08-08 19:00:00+00:00,26.21,100.0,0.0,0.0,0.0,434.45,0.69,320.0,99510.0
1990-08-08 20:00:00+00:00,26.06,99.4,0.0,0.0,0.0,433.3,0.76,341.0,99490.0
1990-08-08 21:00:00+00:00,26.06,99.4,0.0,0.0,0.0,440.1,0.62,5.0,99470.0
1990-08-08 22:00:00+00:00,26.13,99.4,42.2,0.0,42.2,444.9,0.76,50.0,99530.0
1990-08-08 23:00:00+00:00,26.3,100.0,161.9,137.99,125.65,447.25,1.31,52.0,99610.0
1990-08-09 00:00:00+00:00,27.07,96.25,417.4,517.57,168.3,446.45,1.03,34.0,99630.0
1990-08-09 01:00:00+00:00,29.0,87.55,533.3,431.64,241.7,439.05,0.21,79.0,99630.0
1990-08-09 02:00:00+00:00,30.05,84.9,683.1,507.73,261.1,446.45,0.62,282.0,99620.0
1990-08-09 03:00:00+00:00,30.92,82.35,747.5,493.86,284.55,448.6,0.9,303.0,99560.0
1990-08-09 04:00:00+00:00,31.77,79.85,740.2,390.68,354.55,448.4,0.55,266.0,99460.0
1990-08-09 05:00:00+00:00,32.55,72.75,513.35,134.76,381.7,454.0,0.62,238.0,99420.0
1990-08-09 06:00:00+00:00,31.98,72.65,125.35,10.96,115.4,454.2,1.24,173.0,99320.0
1990-08-09 07:00:00+00:00,27.84,90.3,129.3,0.0,129.3,453.25,0.62,185.0,99430.0
1990-08-09 08:00:00+00:00,26.93,90.25,88.95,12.55,81.25,447.25,0.62,341.0,99420.0
1990-08-09 09:00:00+00:00,27.0,90.25,88.35,14.92,82.25,438.75,0.83,354.0,99360.0
1990-08-09 10:00:00+00:00,27.09,90.25,15.9,0.0,15.9,430.6,0.9,324.0,99400.0
1990-08-09 11:00:00+00:00,26.89,90.25,0.0,0.0,0.0,431.55,0.34,328.0,99430.0
1990-08-09 12:00:00+00:00,26.67,93.2,0.0,0.0,0.0,430.6,0.62,16.0,99480.0
1990-08-09 13:00:00+00:00,26.86,90.25,0.0,0.0,0.0,431.0,0.21,17.0,99570.0
1990-08-09 14:00:00+00:00,26.81,93.2,0.0,0.0,0.0,431.55,0.14,2.0,99610.0
1990-08-09 15:00:00+00:00,26.22,99.4,0.0,0.0,0.0,432.35,0.55,102.0,99560.0
1990-08-09 16:00:00+00:00,26.09,99.4,0.0,0.0,0.0,430.8,0.69,71.0,99520.0
1990-08-09 17:00:00+00:00,25.93,96.25,0.0,0.0,0.0,428.1,0.62,57.0,99450.0
1990-08-09 18:00:00+00:00,25.95,96.25,0.0,0.0,0.0,427.9,0.55,64.0,99410.0
1990-08-09 19:00:00+00:00,26.07,99.4,0.0,0.0,0.0,428.45,0.34,26.0,99420.0
1990-08-09 20:00:00+00:00,25.75,100.0,0.0,0.0,0.0,437.0,0.9,46.0,99440.0
1990-08-09 21:00:00+00:00,25.74,100.0,0.0,0.0,0.0,436.2,1.03,57.0,99460.0
1990-08-09 22:00:00+00:00,25.58,99.4,34.2,0.0,34.2,431.75,0.97,37.0,99480.0
1990-08-09 23:00:00+00:00,25.63,96.25,99.6,69.59,81.4,437.95,0.62,114.0,99610.0
1990-08-10 00:00:00+00:00,25.92,93.2,173.6,68.69,140.6,437.95,1.24,108.0,99670.0
1990-08-10 01:00:00+00:00,26.51,93.2,269.35,83.13,213.25,440.95,1.59,122.0,99710.0
1990-08-10 02:00:00+00:00,27.37,90.3,384.2,120.4,284.2,447.05,1.17,122.0,99710.0
1990-08-10 03:00:00+00:00,28.34,93.25,559.75,233.88,340.65,450.75,1.31,123.0,99690.0
1990-08-10 04:00:00+00:00,29.43,82.2,620.6,310.96,313.85,453.05,1.59,120.0,99650.0
1990-08-10 05:00:00+00:00,29.63,77.1,520.75,276.16,251.2,453.45,2.28,124.0,99560.0
1990-08-10 06:00:00+00:00,29.08,82.15,446.45,181.39,282.05,448.4,2.55,109.0,99510.0
1990-08-10 07:00:00+00:00,29.12,79.55,385.4,157.4,262.3,439.7,1.86,119.0,99530.0
1990-08-10 08:00:00+00:00,29.11,79.55,287.95,210.64,159.1,444.75,2.14,130.0,99540.0
1990-08-10 09:00:00+00:00,27.87,84.65,101.25,74.36,71.0,436.8,1.72,140.0,99570.0
1990-08-10 10:00:00+00:00,27.28,87.4,18.85,37.75,12.0,432.55,1.03,136.0,99590.0
1990-08-10 11:00:00+00:00,26.76,90.25,0.0,0.0,0.0,427.9,1.03,85.0,99600.0
1990-08-10 12:00:00+00:00,26.22,93.2,0.0,0.0,0.0,420.15,1.24,62.0,99670.0
1990-08-10 13:00:00+00:00,25.77,96.25,0.0,0.0,0.0,415.3,1.03,37.0,99690.0
1990-08-10 14:00:00+00:00,25.32,99.4,0.0,0.0,0.0,413.0,0.69,8.0,99760.0
1990-08-10 15:00:00+00:00,24.94,99.4,0.0,0.0,0.0,410.1,0.69,326.0,99740.0
1990-08-10 16:00:00+00:00,24.49,99.4,0.0,0.0,0.0,408.75,0.9,334.0,99740.0
1990-08-10 17:00:00+00:00,24.32,99.4,0.0,0.0,0.0,411.05,1.03,344.0,99700.0
1990-08-10 18:00:00+00:00,24.27,99.4,0.0,0.0,0.0,415.9,1.03,325.0,99640.0
1990-08-10 19:00:00+00:00,24.52,99.4,0.0,0.0,0.0,431.0,0.76,357.0,99560.0
1990-08-10 20:00:00+00:00,24.34,99.4,0.0,0.0,0.0,426.75,0.9,357.0,99600.0
1990-08-10 21:00:00+00:00,24.19,99.4,0.0,0.0,0.0,426.55,0.76,336.0,99590.0
1990-08-10 22:00:00+00:00,24.3,99.4,44.35,0.0,44.35,433.5,0.76,334.0,99600.0
1990-08-10 23:00:00+00:00,24.84,96.2,180.9,168.79,136.95,431.95,0.76,311.0,99660.0
1990-08-11 00:00:00+00:00,26.19,96.25,373.3,316.37,221.6,437.4,0.97,298.0,99700.0
1990-08-11 01:00:00+00:00,27.76,90.3,593.95,549.21,223.7,436.9,0.83,315.0,99740.0
1990-08-11 02:00:00+00:00,29.6,74.65,730.15,632.46,205.25,438.75,1.03,17.0,99730.0
1990-08-11 03:00:00+00:00,30.76,70.1,645.9,427.47,245.7,439.1,1.03,37.0,99700.0
1990-08-11 04:00:00+00:00,31.12,70.2,621.1,348.06,278.0,445.3,0.0,318.0,99670.0
1990-08-11 05:00:00+00:00,31.64,68.05,418.8,148.33,274.15,452.85,1.17,222.0,99580.0
1990-08-11 06:00:00+00:00,31.24,70.2,120.95,8.06,113.65,453.85,1.79,229.0,99490.0
1990-08-11 07:00:00+00:00,27.94,84.7,113.35,13.84,102.55,450.35,1.03,76.0,99540.0
1990-08-11 08:00:00+00:00,27.61,87.45,71.5,3.69,69.25,446.45,1.1,84.0,99540.0
1990-08-11 09:00:00+00:00,27.18,90.25,43.0,1.11,42.55,443.35,1.31,145.0,99520.0
1990-08-11 10:00:00+00:00,26.8,93.2,6.9,0.0,6.9,443.55,1.03,174.0,99520.0
1990-08-11 11:00:00+00:00,26.53,93.2,0.0,0.0,0.0,443.0,0.62,202.0,99550.0
1990-08-11 12:00:00+00:00,26.3,99.4,0.0,0.0,0.0,439.5,0.55,244.0,99560.0
1990-08-11 13:00:00+00:00,26.34,99.4,0.0,0.0,0.0,442.0,0.55,280.0,99610.0
1990-08-11 14:00:00+00:00,26.25,99.4,0.0,0.0,0.0,442.0,0.69,240.0,99630.0
1990-08-11 15:00:00+00:00,26.09,99.4,0.0,0.0,0.0,442.0,1.03,218.0,99610.0
1990-08-11 16:00:00+00:00,25.84,99.4,0.0,0.0,0.0,441.65,0.83,222.0,99590.0
1990-08-11 17:00:00+00:00,25.8,96.25,0.0,0.0,0.0,440.65,1.1,230.0,99510.0
1990-08-11 18:00:00+00:00,25.55,96.25,0.0,0.0,0.0,439.9,0.76,231.0,99450.0
1990-08-11 19:00:00+00:00,25.87,96.25,0.0,0.0,0.0,445.1,1.1,198.0,99390.0
1990-08-11 20:00:00+00:00,25.75,99.4,0.0,0.0,0.0,443.35,1.24,200.0,99390.0
1990-08-11 21:00:00+00:00,25.7,99.4,0.0,0.0,0.0,443.2,0.9,206.0,99380.0
1990-08-11 22:00:00+00:00,25.68,99.4,13.5,0.0,13.5,443.75,0.69,196.0,99400.0
1990-08-11 23:00:00+00:00,25.85,99.4,39.15,4.44,38.0,441.85,0.62,155.0,99460.0
1990-08-12 00:00:00+00:00,26.17,96.25,87.6,0.52,87.35,440.85,0.69,131.0,99480.0
1990-08-12 01:00:00+00:00,26.64,93.2,65.95,0.0,65.95,438.45,1.24,128.0,99540.0
1990-08-12 02:00:00+00:00,26.53,93.2,116.05,0.0,116.05,443.35,1.59,140.0,99550.0
1990-08-12 03:00:00+00:00,26.81,96.25,195.45,2.24,193.35,440.65,1.72,143.0,99560.0
1990-08-12 04:00:00+00:00,27.28,96.25,359.65,54.42,306.05,439.3,1.59,142.0,99510.0
1990-08-12 05:00:00+00:00,28.02,93.25,451.1,147.19,307.7,446.45,1.59,141.0,99410.0
1990-08-12 06:00:00+00:00,28.84,93.3,368.2,102.93,275.15,453.05,1.72,139.0,99340.0
1990-08-12 07:00:00+00:00,28.92,84.8,192.2,55.39,149.05,445.9,1.93,127.0,99390.0
1990-08-12 08:00:00+00:00,28.11,87.5,140.75,65.05,101.2,453.25,2.07,124.0,99380.0
1990-08-12 09:00:00+00:00,27.33,87.4,89.4,30.44,77.15,449.0,2.21,111.0,99420.0
1990-08-12 10:00:00+00:00,26.28,93.2,8.6,3.12,8.05,435.65,1.52,129.0,99490.0
1990-08-12 11:00:00+00:00,25.68,93.15,0.0,0.0,0.0,434.85,1.24,97.0,99520.0
1990-08-12 12:00:00+00:00,25.41,93.15,0.0,0.0,0.0,436.8,1.1,77.0,99590.0
1990-08-12 13:00:00+00:00,25.31,96.2,0.0,0.0,0.0,438.35,1.31,70.0,99610.0
1990-08-12 14:00:00+00:00,25.22,96.2,0.0,0.0,0.0,433.5,1.45,66.0,99610.0
1990-08-12 15:00:00+00:00,25.11,96.2,0.0,0.0,0.0,429.85,1.17,64.0,99560.0
1990-08-12 16:00:00+00:00,25.14,99.4,0.0,0.0,0.0,437.75,1.17,64.0,99510.0
1990-08-12 17:00:00+00:00,25.16,99.4,0.0,0.0,0.0,439.9,1.24,70.0,99480.0
1990-08-12 18:00:00+00:00,25.37,93.15,0.0,0.0,0.0,443.4,1.59,68.0,99460.0
1990-08-12 19:00:00+00:00,25.31,99.4,0.0,0.0,0.0,442.4,0.97,40.0,99390.0
1990-08-12 20:00:00+00:00,25.23,99.4,0.0,0.0,0.0,441.85,1.03,46.0,99360.0
1990-08-12 21:00:00+00:00,25.15,99.4,0.0,0.0,0.0,441.65,0.97,48.0,99370.0
1990-08-12 22:00:00+00:00,25.03,99.4,33.75,0.0,33.75,439.9,0.97,43.0,99400.0
1990-08-12 23:00:00+00:00,25.35,96.25,163.6,298.16,86.65,434.65,0.97,41.0,99430.0
1990-08-13 00:00:00+00:00,26.26,96.25,324.95,343.51,160.85,429.85,1.31,56.0,99470.0
1990-08-13 01:00:00+00:00,27.29,90.25,483.1,444.69,183.95,427.6,1.31,74.0,99490.0
1990-08-13 02:00:00+00:00,28.69,82.1,485.9,328.54,213.65,440.3,1.93,87.0,99480.0
1990-08-13 03:00:00+00:00,28.95,77.0,422.2,140.23,291.1,447.25,2.41,99.0,99450.0
1990-08-13 04:00:00+00:00,27.62,81.95,301.2,61.57,240.6,450.35,2.9,105.0,99430.0
1990-08-13 05:00:00+00:00,27.28,87.4,252.5,54.1,199.85,437.2,3.03,114.0,99340.0
1990-08-13 06:00:00+00:00,26.77,93.2,276.65,45.69,235.4,435.65,2.34,92.0,99300.0
1990-08-13 07:00:00+00:00,26.99,87.4,374.65,172.35,240.65,437.0,2.0,86.0,99250.0
1990-08-13 08:00:00+00:00,27.86,87.45,214.65,85.97,162.55,433.1,2.14,83.0,99220.0
1990-08-13 09:00:00+00:00,27.31,90.25,127.15,59.61,103.3,436.4,2.41,87.0,99200.0
1990-08-13 10:00:00+00:00,26.53,90.25,14.95,3.74,14.3,429.85,2.14,83.0,99250.0
1990-08-13 11:00:00+00:00,25.67,93.15,0.0,0.0,0.0,435.05,2.07,78.0,99320.0
1990-08-13 12:00:00+00:00,25.21,96.2,0.0,0.0,0.0,431.75,1.93,87.0,99410.0
1990-08-13 13:00:00+00:00,25.2,96.2,0.0,0.0,0.0,441.05,2.0,80.0,99480.0
1990-08-13 14:00:00+00:00,25.1,96.2,0.0,0.0,0.0,437.75,1.86,74.0,99470.0
1990-08-13 15:00:00+00:00,24.88,96.2,0.0,0.0,0.0,441.05,2.0,85.0,99430.0
1990-08-13 16:00:00+00:00,25.16,96.2,0.0,0.0,0.0,441.25,2.34,90.0,99430.0
1990-08-13 17:00:00+00:00,25.06,96.2,0.0,0.0,0.0,443.75,2.0,86.0,99380.0
1990-08-13 18:00:00+00:00,24.91,96.2,0.0,0.0,0.0,442.4,1.86,78.0,99300.0
1990-08-13 19:00:00+00:00,25.06,96.2,0.0,0.0,0.0,442.4,2.28,88.0,99250.0
1990-08-13 20:00:00+00:00,25.03,96.2,0.0,0.0,0.0,441.85,2.28,79.0,99230.0
1990-08-13 21:00:00+00:00,24.9,96.2,0.0,0.0,0.0,442.0,2.48,73.0,99260.0
1990-08-13 22:00:00+00:00,24.73,99.4,11.55,0.0,11.55,441.85,2.55,78.0,99260.0
1990-08-13 23:00:00+00:00,24.81,99.4,36.75,2.34,36.15,441.05,2.97,84.0,99360.0
1990-08-14 00:00:00+00:00,25.05,96.2,117.05,12.16,111.25,441.05,3.38,93.0,99380.0
1990-08-14 01:00:00+00:00,25.64,93.15,152.25,15.63,141.75,443.85,2.97,91.0,99380.0
1990-08-14 02:00:00+00:00,25.94,93.2,179.6,1.39,178.45,442.6,2.9,89.0,99370.0
1990-08-14 03:00:00+00:00,26.34,93.2,191.65,11.51,180.9,442.8,3.1,88.0,99330.0
1990-08-14 04:00:00+00:00,26.43,90.25,198.35,22.01,176.7,442.8,3.31,88.0,99310.0
1990-08-14 05:00:00+00:00,26.57,84.55,207.55,20.83,187.3,440.1,4.48,87.0,99220.0
1990-08-14 06:00:00+00:00,26.12,87.3,80.25,4.88,75.85,438.15,4.76,88.0,99160.0
1990-08-14 07:00:00+00:00,25.51,93.15,72.35,2.06,70.75,442.0,5.17,90.0,99160.0
1990-08-14 08:00:00+00:00,25.49,96.25,54.45,1.49,53.55,441.05,4.41,91.0,99160.0
1990-08-14 09:00:00+00:00,25.47,96.25,42.0,16.09,35.6,443.75,4.07,87.0,99190.0
1990-08-14 10:00:00+00:00,25.32,96.2,2.85,0.0,2.85,441.25,4.14,83.0,99170.0
1990-08-14 11:00:00+00:00,25.29,96.2,0.0,0.0,0.0,443.35,3.72,81.0,99240.0
1990-08-14 12:00:00+00:00,25.08,96.2,0.0,0.0,0.0,443.35,3.86,81.0,99260.0
1990-08-14 13:00:00+00:00,25.2,96.2,0.0,0.0,0.0,442.4,3.93,87.0,99370.0
1990-08-14 14:00:00+00:00,25.18,96.2,0.0,0.0,0.0,443.0,3.79,91.0,99380.0
1990-08-14 15:00:00+00:00,25.09,96.2,0.0,0.0,0.0,443.0,3.24,94.0,99360.0
1990-08-14 16:00:00+00:00,25.11,96.2,0.0,0.0,0.0,444.15,3.03,93.0,99330.0
1990-08-14 17:00:00+00:00,25.03,96.2,0.0,0.0,0.0,443.0,2.97,89.0,99290.0
1990-08-14 18:00:00+00:00,24.91,96.2,0.0,0.0,0.0,443.0,2.9,82.0,99230.0
1990-08-14 19:00:00+00:00,24.86,96.2,0.0,0.0,0.0,442.0,3.45,88.0,99220.0
1990-08-14 20:00:00+00:00,24.89,96.2,0.0,0.0,0.0,437.55,3.24,86.0,99200.0
1990-08-14 21:00:00+00:00,25.04,96.2,0.0,0.0,0.0,441.05,3.24,84.0,99190.0
1990-08-14 22:00:00+00:00,25.11,96.2,12.75,0.0,12.75,442.0,3.59,85.0,99210.0
1990-08-14 23:00:00+00:00,25.21,96.2,27.2,0.0,27.2,441.65,3.72,85.0,99250.0
1990-08-15 00:00:00+00:00,25.29,96.2,89.05,17.33,80.8,442.8,3.93,88.0,99270.0
1990-08-15 01:00:00+00:00,25.7,93.15,129.8,21.3,115.5,443.1,4.0,92.0,99290.0
1990-08-15 02:00:00+00:00,25.94,90.2,233.75,35.23,204.6,443.75,4.69,91.0,99290.0
1990-08-15 03:00:00+00:00,26.31,93.2,200.2,50.13,153.4,442.4,3.66,90.0,99270.0
1990-08-15 04:00:00+00:00,26.1,90.2,276.5,39.18,238.0,446.1,4.28,96.0,99250.0
1990-08-15 05:00:00+00:00,26.68,93.2,251.75,56.27,197.1,441.45,3.24,91.0,99190.0
1990-08-15 06:00:00+00:00,26.62,90.25,228.5,44.22,188.7,444.75,4.14,89.0,99140.0
1990-08-15 07:00:00+00:00,26.03,90.2,188.6,89.19,119.55,443.0,4.28,88.0,99080.0
1990-08-15 08:00:00+00:00,26.36,90.25,113.25,60.05,77.1,435.65,3.66,85.0,99060.0
1990-08-15 09:00:00+00:00,25.72,93.15,53.3,25.68,43.15,443.55,4.14,85.0,99090.0
1990-08-15 10:00:00+00:00,25.56,93.15,8.5,2.38,8.1,435.25,4.14,78.0,99090.0
1990-08-15 11:00:00+00:00,25.35,93.15,0.0,0.0,0.0,439.3,4.28,71.0,99140.0
1990-08-15 12:00:00+00:00,25.34,96.2,0.0,0.0,0.0,439.7,3.93,70.0,99200.0
1990-08-15 13:00:00+00:00,25.24,96.2,0.0,0.0,0.0,442.2,4.48,74.0,99220.0
1990-08-15 14:00:00+00:00,25.46,93.15,0.0,0.0,0.0,444.75,4.28,78.0,99260.0
1990-08-15 15:00:00+00:00,25.28,96.2,0.0,0.0,0.0,445.5,4.07,78.0,99240.0
1990-08-15 16:00:00+00:00,24.99,96.2,0.0,0.0,0.0,443.95,3.93,80.0,99210.0
1990-08-15 17:00:00+00:00,25.07,96.2,0.0,0.0,0.0,443.0,4.0,76.0,99150.0
1990-08-15 18:00:00+00:00,25.19,96.2,0.0,0.0,0.0,444.15,4.21,78.0,99090.0
1990-08-15 19:00:00+00:00,25.33,96.2,0.0,0.0,0.0,441.45,3.79,88.0,99100.0
1990-08-15 20:00:00+00:00,24.96,96.2,0.0,0.0,0.0,437.95,4.0,89.0,99100.0
1990-08-15 21:00:00+00:00,25.09,96.2,0.0,0.0,0.0,442.8,3.45,88.0,99110.0
1990-08-15 22:00:00+00:00,24.99,96.2,21.1,0.0,21.1,442.8,3.31,85.0,99090.0
1990-08-15 23:00:00+00:00,25.29,96.2,55.3,37.3,45.8,442.6,3.59,84.0,99170.0
1990-08-16 00:00:00+00:00,25.45,93.15,155.3,44.83,134.0,443.0,3.24,81.0,99180.0
1990-08-16 01:00:00+00:00,26.07,90.2,296.45,129.45,209.65,443.85,3.31,83.0,99200.0
1990-08-16 02:00:00+00:00,26.82,90.25,454.65,275.09,227.25,442.8,3.31,88.0,99220.0
1990-08-16 03:00:00+00:00,28.03,84.7,503.15,198.55,317.95,439.1,3.1,93.0,99170.0
1990-08-16 04:00:00+00:00,28.32,84.7,549.3,334.47,220.95,443.35,3.17,91.0,99140.0
1990-08-16 05:00:00+00:00,28.35,82.05,413.05,214.89,204.6,438.9,3.59,98.0,99080.0
1990-08-16 06:00:00+00:00,28.13,82.05,283.3,107.66,186.55,446.45,3.79,107.0,99030.0
1990-08-16 07:00:00+00:00,27.29,87.4,188.9,70.76,134.25,444.75,4.83,80.0,98950.0
1990-08-16 08:00:00+00:00,26.64,90.25,62.5,8.09,57.65,439.3,3.59,80.0,98960.0
1990-08-16 09:00:00+00:00,26.1,93.2,65.05,22.66,56.15,442.2,4.07,80.0,98960.0
1990-08-16 10:00:00+00:00,25.97,93.2,11.65,6.05,10.65,435.45,4.14,80.0,98990.0
1990-08-16 11:00:00+00:00,25.72,93.15,0.0,0.0,0.0,437.95,4.62,89.0,99030.0
1990-08-16 12:00:00+00:00,25.5,93.15,0.0,0.0,0.0,434.1,4.14,98.0,99140.0
1990-08-16 13:00:00+00:00,25.51,93.15,0.0,0.0,0.0,431.75,4.07,100.0,99210.0
1990-08-16 14:00:00+00:00,25.47,93.15,0.0,0.0,0.0,434.3,3.86,107.0,99250.0
1990-08-16 15:00:00+00:00,25.18,96.2,0.0,0.0,0.0,436.4,3.31,107.0,99250.0
1990-08-16 16:00:00+00:00,25.32,96.2,0.0,0.0,0.0,444.15,3.24,103.0,99210.0
1990-08-16 17:00:00+00:00,25.26,96.2,0.0,0.0,0.0,443.95,2.83,109.0,99160.0
1990-08-16 18:00:00+00:00,25.23,99.4,0.0,0.0,0.0,443.55,2.83,121.0,99110.0
1990-08-16 19:00:00+00:00,25.1,99.4,0.0,0.0,0.0,436.4,2.69,112.0,99160.0
1990-08-16 20:00:00+00:00,25.31,99.4,0.0,0.0,0.0,442.2,2.69,112.0,99160.0
1990-08-16 21:00:00+00:00,25.35,96.25,0.0,0.0,0.0,443.2,3.52,121.0,99170.0
1990-08-16 22:00:00+00:00,25.55,96.25,16.55,0.0,16.55,443.0,3.45,116.0,99200.0
1990-08-16 23:00:00+00:00,25.65,96.25,74.4,55.21,60.4,444.75,3.59,114.0,99220.0
1990-08-17 00:00:00+00:00,25.85,93.2,205.4,112.51,152.05,445.1,3.52,108.0,99200.0
1990-08-17 01:00:00+00:00,26.68,93.2,335.7,166.77,224.0,444.05,3.45,104.0,99210.0
1990-08-17 02:00:00+00:00,27.62,87.45,367.2,150.8,242.65,445.7,4.34,112.0,99220.0
1990-08-17 03:00:00+00:00,27.23,87.4,438.5,268.61,188.15,447.25,4.62,121.0,99200.0
1990-08-17 04:00:00+00:00,27.89,87.5,444.1,188.83,258.9,443.2,3.52,112.0,99170.0
1990-08-17 05:00:00+00:00,27.93,84.7,305.45,64.97,242.5,451.3,3.93,116.0,99130.0
1990-08-17 06:00:00+00:00,27.7,84.65,169.15,25.69,146.1,449.95,3.86,117.0,99080.0
1990-08-17 07:00:00+00:00,26.49,87.35,148.9,22.71,131.4,448.6,4.69,108.0,99030.0
1990-08-17 08:00:00+00:00,26.24,93.2,53.45,5.69,50.05,443.75,3.59,101.0,99020.0
1990-08-17 09:00:00+00:00,25.96,93.2,25.15,0.9,24.8,445.7,4.14,103.0,99020.0
1990-08-17 10:00:00+00:00,25.72,96.25,3.25,2.47,2.85,446.65,4.14,105.0,99020.0
1990-08-17 11:00:00+00:00,25.56,96.25,0.0,0.0,0.0,443.2,4.14,102.0,99070.0
1990-08-17 12:00:00+00:00,25.48,96.25,0.0,0.0,0.0,446.1,4.07,106.0,99160.0
1990-08-17 13:00:00+00:00,25.53,96.25,0.0,0.0,0.0,446.1,3.66,111.0,99220.0
1990-08-17 14:00:00+00:00,25.7,96.25,0.0,0.0,0.0,445.7,3.45,120.0,99260.0
1990-08-17 15:00:00+00:00,25.69,96.25,0.0,0.0,0.0,445.5,3.52,123.0,99250.0
1990-08-17 16:00:00+00:00,25.64,96.25,0.0,0.0,0.0,446.1,3.86,126.0,99220.0
1990-08-17 17:00:00+00:00,25.39,93.15,0.0,0.0,0.0,444.9,4.0,126.0,99200.0
1990-08-17 18:00:00+00:00,25.31,99.4,0.0,0.0,0.0,443.75,4.14,132.0,99150.0
1990-08-17 19:00:00+00:00,25.58,96.25,0.0,0.0,0.0,444.35,3.17,131.0,99110.0
1990-08-17 20:00:00+00:00,25.41,96.25,0.0,0.0,0.0,445.5,3.24,134.0,99130.0
1990-08-17 21:00:00+00:00,25.3,99.4,0.0,0.0,0.0,444.15,3.03,137.0,99130.0
1990-08-17 22:00:00+00:00,25.56,96.25,12.5,0.0,12.5,444.15,2.97,137.0,99170.0
1990-08-17 23:00:00+00:00,25.68,96.25,95.1,85.15,73.6,445.7,2.62,125.0,99240.0
1990-08-18 00:00:00+00:00,26.45,93.2,191.35,103.31,142.45,445.7,2.83,120.0,99310.0
1990-08-18 01:00:00+00:00,27.04,93.2,267.2,168.23,154.65,447.95,3.66,134.0,99300.0
1990-08-18 02:00:00+00:00,27.54,87.45,485.45,267.57,264.65,445.1,3.59,134.0,99330.0
1990-08-18 03:00:00+00:00,29.02,82.15,423.9,164.14,271.05,447.85,3.86,137.0,99340.0
1990-08-18 04:00:00+00:00,28.55,82.1,641.9,425.6,224.9,452.3,4.07,141.0,99320.0
1990-08-18 05:00:00+00:00,29.3,82.15,420.95,141.94,283.6,440.45,4.62,144.0,99290.0
1990-08-18 06:00:00+00:00,28.15,87.5,258.4,73.19,192.85,451.7,4.07,123.0,99320.0
1990-08-18 07:00:00+00:00,27.79,87.45,283.3,131.4,182.3,443.75,3.45,119.0,99300.0
1990-08-18 08:00:00+00:00,26.57,87.35,170.25,100.71,110.3,443.2,3.38,134.0,99330.0
1990-08-18 09:00:00+00:00,26.47,93.2,51.3,27.1,40.8,438.35,2.55,127.0,99350.0
1990-08-18 10:00:00+00:00,26.09,93.2,9.9,5.97,8.95,446.1,3.03,132.0,99390.0
1990-08-18 11:00:00+00:00,26.0,96.25,0.0,0.0,0.0,447.65,2.28,132.0,99440.0
1990-08-18 12:00:00+00:00,26.03,96.25,0.0,0.0,0.0,447.45,2.28,138.0,99520.0
1990-08-18 13:00:00+00:00,25.85,99.4,0.0,0.0,0.0,446.85,2.21,132.0,99600.0
1990-08-18 14:00:00+00:00,25.83,99.4,0.0,0.0,0.0,448.4,2.28,130.0,99630.0
1990-08-18 15:00:00+00:00,25.67,96.25,0.0,0.0,0.0,446.65,2.28,120.0,99630.0
1990-08-18 16:00:00+00:00,25.49,96.25,0.0,0.0,0.0,447.05,2.0,101.0,99610.0
1990-08-18 17:00:00+00:00,25.45,96.25,0.0,0.0,0.0,446.1,1.86,98.0,99570.0
1990-08-18 18:00:00+00:00,25.38,96.25,0.0,0.0,0.0,446.3,1.66,97.0,99500.0
1990-08-18 19:00:00+00:00,25.4,96.25,0.0,0.0,0.0,442.0,1.66,78.0,99510.0
1990-08-18 20:00:00+00:00,25.36,96.25,0.0,0.0,0.0,444.35,1.52,97.0,99510.0
1990-08-18 21:00:00+00:00,25.44,99.4,0.0,0.0,0.0,447.25,1.38,101.0,99560.0
1990-08-18 22:00:00+00:00,25.61,99.4,24.9,0.0,24.9,446.45,1.66,108.0,99610.0
1990-08-18 23:00:00+00:00,25.73,99.4,96.85,59.67,81.85,447.05,1.86,124.0,99700.0
1990-08-19 00:00:00+00:00,26.39,90.25,141.75,28.68,128.2,447.25,1.79,127.0,99770.0
1990-08-19 01:00:00+00:00,26.68,93.2,505.05,428.26,218.85,447.75,1.86,125.0,99790.0
1990-08-19 02:00:00+00:00,28.3,90.35,613.7,457.56,236.45,438.35,1.45,108.0,99820.0
1990-08-19 03:00:00+00:00,29.62,79.6,738.2,560.3,216.9,446.1,1.59,124.0,99790.0
1990-08-19 04:00:00+00:00,30.74,72.4,640.8,408.51,240.95,445.7,1.93,135.0,99760.0
1990-08-19 05:00:00+00:00,30.25,74.7,648.3,447.9,215.45,452.85,2.55,146.0,99700.0
1990-08-19 06:00:00+00:00,29.02,79.55,641.4,515.58,180.45,444.55,2.48,177.0,99720.0
1990-08-19 07:00:00+00:00,31.04,74.85,508.5,448.11,164.95,445.1,2.14,130.0,99660.0
1990-08-19 08:00:00+00:00,30.55,77.2,281.25,269.25,121.6,444.35,2.48,126.0,99630.0
1990-08-19 09:00:00+00:00,29.77,74.65,88.05,77.72,58.15,440.65,1.93,125.0,99640.0
1990-08-19 10:00:00+00:00,28.43,82.1,7.45,4.16,6.8,445.9,1.38,131.0,99730.0
1990-08-19 11:00:00+00:00,27.6,90.3,0.0,0.0,0.0,442.6,1.38,130.0,99820.0
1990-08-19 12:00:00+00:00,27.32,93.2,0.0,0.0,0.0,434.85,1.03,131.0,99870.0
1990-08-19 13:00:00+00:00,26.93,93.2,0.0,0.0,0.0,433.1,1.1,140.0,99950.0
1990-08-19 14:00:00+00:00,26.5,96.25,0.0,0.0,0.0,431.55,0.76,160.0,99970.0
1990-08-19 15:00:00+00:00,26.68,96.25,0.0,0.0,0.0,428.65,0.21,197.0,99980.0
1990-08-19 16:00:00+00:00,26.43,96.25,0.0,0.0,0.0,430.4,0.34,5.0,99950.0
1990-08-19 17:00:00+00:00,25.61,99.4,0.0,0.0,0.0,426.9,0.9,348.0,99910.0
1990-08-19 18:00:00+00:00,25.4,99.4,0.0,0.0,0.0,423.65,1.1,332.0,99870.0
1990-08-19 19:00:00+00:00,24.89,99.4,0.0,0.0,0.0,420.35,1.03,354.0,99830.0
1990-08-19 20:00:00+00:00,24.75,100.0,0.0,0.0,0.0,423.45,0.9,4.0,99800.0
1990-08-19 21:00:00+00:00,24.59,99.4,0.0,0.0,0.0,424.0,0.76,2.0,99800.0
1990-08-19 22:00:00+00:00,24.48,99.4,32.6,0.0,32.6,425.0,0.69,353.0,99840.0
1990-08-19 23:00:00+00:00,25.19,99.4,189.25,281.44,118.8,432.35,0.97,339.0,99910.0
1990-08-20 00:00:00+00:00,26.21,96.25,414.55,565.77,147.75,430.6,0.97,337.0,99940.0
1990-08-20 01:00:00+00:00,28.22,87.5,577.3,610.47,169.8,425.1,0.97,332.0,99960.0
1990-08-20 02:00:00+00:00,29.76,77.1,653.2,585.82,170.65,435.45,1.1,311.0,99970.0
1990-08-20 03:00:00+00:00,30.62,72.4,803.95,679.91,171.95,435.05,1.17,288.0,99950.0
1990-08-20 04:00:00+00:00,31.43,70.3,901.6,753.06,165.3,443.95,1.24,287.0,99860.0
1990-08-20 05:00:00+00:00,32.14,68.15,787.8,640.83,169.35,442.0,1.38,290.0,99780.0
1990-08-20 06:00:00+00:00,32.49,66.1,717.35,623.1,161.3,449.55,1.38,288.0,99690.0
1990-08-20 07:00:00+00:00,33.05,64.1,524.0,516.19,129.3,448.8,1.45,316.0,99590.0
1990-08-20 08:00:00+00:00,32.94,64.1,342.1,409.13,100.5,452.1,1.24,288.0,99500.0
1990-08-20 09:00:00+00:00,32.26,66.0,161.6,252.94,65.0,444.15,1.31,205.0,99490.0
1990-08-20 10:00:00+00:00,30.95,70.2,19.85,38.23,14.0,441.85,1.24,184.0,99540.0
1990-08-20 11:00:00+00:00,30.05,74.7,0.0,0.0,0.0,439.3,0.07,329.0,99570.0
1990-08-20 12:00:00+00:00,29.42,79.6,0.0,0.0,0.0,432.15,0.21,263.0,99630.0
1990-08-20 13:00:00+00:00,28.89,82.15,0.0,0.0,0.0,434.65,0.48,244.0,99690.0
1990-08-20 14:00:00+00:00,27.57,93.25,0.0,0.0,0.0,432.75,0.83,359.0,99770.0
1990-08-20 15:00:00+00:00,26.85,99.4,0.0,0.0,0.0,431.55,0.9,35.0,99770.0
1990-08-20 16:00:00+00:00,27.32,96.25,0.0,0.0,0.0,433.5,0.07,34.0,99720.0
1990-08-20 17:00:00+00:00,27.03,96.25,0.0,0.0,0.0,425.55,0.28,297.0,99670.0
1990-08-20 18:00:00+00:00,26.19,99.4,0.0,0.0,0.0,422.65,0.69,320.0,99630.0
1990-08-20 19:00:00+00:00,25.92,99.4,0.0,0.0,0.0,434.85,0.97,318.0,99530.0
1990-08-20 20:00:00+00:00,25.77,100.0,0.0,0.0,0.0,440.1,1.1,360.0,99540.0
1990-08-20 21:00:00+00:00,25.4,99.4,0.0,0.0,0.0,438.75,0.76,2.0,99520.0
1990-08-20 22:00:00+00:00,25.45,99.4,34.45,0.0,34.45,439.9,0.55,353.0,99540.0
1990-08-20 23:00:00+00:00,25.76,99.4,148.5,165.1,107.35,441.65,0.69,294.0,99620.0
1990-08-21 00:00:00+00:00,26.45,96.25,280.4,257.81,159.05,444.9,0.97,249.0,99670.0
1990-08-21 01:00:00+00:00,27.54,93.25,466.4,387.56,208.0,448.3,0.97,272.0,99690.0
1990-08-21 02:00:00+00:00,28.77,87.55,729.7,687.36,164.05,445.9,0.9,309.0,99680.0
1990-08-21 03:00:00+00:00,30.39,79.65,822.75,698.82,173.8,433.7,0.9,12.0,99660.0
1990-08-21 04:00:00+00:00,31.37,77.3,866.85,718.83,164.8,437.4,1.1,62.0,99630.0
1990-08-21 05:00:00+00:00,32.23,68.15,707.55,567.7,160.45,440.3,1.45,100.0,99570.0
1990-08-21 06:00:00+00:00,31.9,72.6,587.6,419.57,213.9,452.1,2.48,112.0,99530.0
1990-08-21 07:00:00+00:00,30.49,74.8,486.15,460.04,135.35,445.5,2.14,121.0,99500.0
1990-08-21 08:00:00+00:00,30.65,74.8,355.4,403.55,118.1,438.15,2.14,128.0,99460.0
1990-08-21 09:00:00+00:00,30.24,77.15,160.3,254.72,63.75,434.45,2.28,126.0,99450.0
1990-08-21 10:00:00+00:00,29.35,82.15,19.5,46.72,12.5,427.1,1.66,126.0,99500.0
1990-08-21 11:00:00+00:00,28.44,84.75,0.0,0.0,0.0,429.45,1.38,128.0,99580.0
1990-08-21 12:00:00+00:00,27.71,90.3,0.0,0.0,0.0,427.3,1.31,131.0,99680.0
1990-08-21 13:00:00+00:00,27.16,96.25,0.0,0.0,0.0,425.2,1.1,127.0,99760.0
1990-08-21 14:00:00+00:00,26.68,99.4,0.0,0.0,0.0,423.05,0.9,106.0,99850.0
1990-08-21 15:00:00+00:00,26.15,99.4,0.0,0.0,0.0,418.6,0.9,79.0,99830.0
1990-08-21 16:00:00+00:00,25.77,100.0,0.0,0.0,0.0,416.65,0.97,53.0,99800.0
1990-08-21 17:00:00+00:00,25.46,99.4,0.0,0.0,0.0,418.0,0.9,33.0,99770.0
1990-08-21 18:00:00+00:00,25.18,100.0,0.0,0.0,0.0,411.25,0.9,25.0,99750.0
1990-08-21 19:00:00+00:00,25.0,99.4,0.0,0.0,0.0,418.4,0.97,5.0,99730.0
1990-08-21 20:00:00+00:00,25.11,100.0,0.0,0.0,0.0,430.2,0.76,0.0,99750.0
1990-08-21 21:00:00+00:00,25.14,99.4,0.0,0.0,0.0,434.3,0.76,7.0,99770.0
1990-08-21 22:00:00+00:00,25.17,100.0,35.05,0.0,35.05,437.55,0.55,1.0,99820.0
1990-08-21 23:00:00+00:00,25.42,99.4,171.8,282.87,101.6,438.55,0.55,18.0,99860.0
1990-08-22 00:00:00+00:00,26.4,96.25,342.35,371.0,168.05,437.95,0.55,61.0,99890.0
1990-08-22 01:00:00+00:00,27.93,90.35,637.15,693.0,175.65,440.75,0.69,94.0,99900.0
1990-08-22 02:00:00+00:00,29.49,82.2,808.95,797.26,153.5,430.2,1.1,106.0,99910.0
1990-08-22 03:00:00+00:00,30.55,77.2,865.2,729.37,188.55,432.15,1.59,107.0,99870.0
1990-08-22 04:00:00+00:00,31.24,74.85,846.95,698.39,165.65,435.65,1.86,111.0,99830.0
1990-08-22 05:00:00+00:00,31.59,70.3,726.75,596.34,152.9,438.9,2.14,119.0,99800.0
1990-08-22 06:00:00+00:00,31.54,70.3,656.5,554.56,163.55,439.1,2.34,127.0,99770.0
1990-08-22 07:00:00+00:00,31.75,63.8,489.85,491.79,115.9,443.95,1.93,118.0,99730.0
1990-08-22 08:00:00+00:00,31.33,67.95,347.1,417.86,102.45,448.2,2.0,126.0,99710.0
1990-08-22 09:00:00+00:00,30.76,70.1,148.25,247.53,55.15,437.55,2.14,132.0,99690.0
1990-08-22 10:00:00+00:00,29.79,77.1,20.2,55.61,12.05,437.2,1.66,131.0,99730.0
1990-08-22 11:00:00+00:00,28.71,84.75,0.0,0.0,0.0,430.0,1.31,124.0,99760.0
1990-08-22 12:00:00+00:00,27.99,87.5,0.0,0.0,0.0,428.65,1.1,125.0,99830.0
1990-08-22 13:00:00+00:00,27.18,96.25,0.0,0.0,0.0,420.55,0.83,131.0,99900.0
1990-08-22 14:00:00+00:00,27.06,93.2,0.0,0.0,0.0,412.4,0.41,148.0,99930.0
1990-08-22 15:00:00+00:00,26.6,96.25,0.0,0.0,0.0,407.2,0.21,331.0,99940.0
1990-08-22 16:00:00+00:00,25.54,99.4,0.0,0.0,0.0,406.2,0.76,331.0,99930.0
1990-08-22 17:00:00+00:00,24.96,99.4,0.0,0.0,0.0,407.4,1.1,334.0,99890.0
1990-08-22 18:00:00+00:00,24.85,99.4,0.0,0.0,0.0,418.8,0.97,337.0,99860.0
1990-08-22 19:00:00+00:00,24.75,99.4,0.0,0.0,0.0,402.35,0.9,349.0,99830.0
1990-08-22 20:00:00+00:00,24.33,99.4,0.0,0.0,0.0,398.85,1.03,342.0,99820.0
1990-08-22 21:00:00+00:00,24.07,96.2,0.0,0.0,0.0,399.65,1.1,339.0,99840.0
1990-08-22 22:00:00+00:00,23.77,99.4,32.9,0.0,32.9,400.6,1.03,336.0,99830.0
1990-08-22 23:00:00+00:00,25.41,96.25,267.05,753.73,80.8,417.45,0.48,328.0,99900.0
1990-08-23 00:00:00+00:00,27.7,84.65,490.85,812.59,109.8,402.15,0.41,327.0,99930.0
1990-08-23 01:00:00+00:00,29.37,74.55,679.85,822.99,132.45,409.05,0.28,8.0,99940.0
1990-08-23 02:00:00+00:00,30.57,67.85,826.55,827.84,146.65,418.2,0.48,51.0,99950.0
1990-08-23 03:00:00+00:00,31.42,61.75,893.1,771.29,178.3,427.1,1.1,70.0,99900.0
1990-08-23 04:00:00+00:00,31.91,61.75,874.1,708.27,184.0,437.0,1.45,78.0,99850.0
1990-08-23 05:00:00+00:00,32.23,59.85,796.4,645.34,176.35,443.0,1.38,92.0,99780.0
1990-08-23 06:00:00+00:00,32.36,59.85,690.7,630.5,131.4,439.9,1.38,88.0,99720.0
1990-08-23 07:00:00+00:00,32.36,59.85,462.7,399.91,159.5,440.1,1.38,90.0,99640.0
1990-08-23 08:00:00+00:00,31.91,61.85,349.75,437.15,94.95,445.7,1.52,120.0,99590.0
1990-08-23 09:00:00+00:00,31.44,65.9,158.7,252.86,64.35,445.3,1.86,134.0,99590.0
1990-08-23 10:00:00+00:00,30.41,72.4,17.75,48.17,10.85,434.1,1.66,140.0,99620.0
1990-08-23 11:00:00+00:00,29.16,79.55,0.0,0.0,0.0,430.6,1.59,140.0,99660.0
1990-08-23 12:00:00+00:00,28.26,87.5,0.0,0.0,0.0,424.8,1.24,137.0,99720.0
1990-08-23 13:00:00+00:00,27.53,93.25,0.0,0.0,0.0,422.3,1.03,142.0,99790.0
1990-08-23 14:00:00+00:00,26.86,96.25,0.0,0.0,0.0,419.4,0.9,130.0,99800.0
1990-08-23 15:00:00+00:00,26.76,96.25,0.0,0.0,0.0,416.3,0.62,97.0,99780.0
1990-08-23 16:00:00+00:00,26.77,99.4,0.0,0.0,0.0,414.35,0.41,39.0,99750.0
1990-08-23 17:00:00+00:00,26.43,99.4,0.0,0.0,0.0,413.75,0.48,327.0,99730.0
1990-08-23 18:00:00+00:00,25.45,99.4,0.0,0.0,0.0,416.3,0.97,304.0,99720.0
1990-08-23 19:00:00+00:00,26.55,99.4,0.0,0.0,0.0,426.15,0.48,296.0,99690.0
1990-08-23 20:00:00+00:00,26.14,99.4,0.0,0.0,0.0,427.7,0.62,325.0,99700.0
1990-08-23 21:00:00+00:00,25.79,100.0,0.0,0.0,0.0,440.1,0.62,16.0,99710.0
1990-08-23 22:00:00+00:00,25.93,99.4,30.15,0.0,30.15,443.0,0.69,14.0,99730.0
1990-08-23 23:00:00+00:00,26.41,96.25,179.75,362.33,90.6,442.0,0.76,355.0,99760.0
1990-08-24 00:00:00+00:00,27.51,93.25,442.35,644.27,140.8,442.2,0.9,353.0,99780.0
1990-08-24 01:00:00+00:00,29.36,82.15,597.45,666.09,154.95,431.85,1.38,14.0,99780.0
1990-08-24 02:00:00+00:00,30.76,72.4,796.55,797.01,142.65,434.45,1.79,33.0,99760.0
1990-08-24 03:00:00+00:00,31.95,63.9,863.2,759.31,160.25,437.75,2.21,49.0,99740.0
1990-08-24 04:00:00+00:00,32.47,61.95,863.95,735.82,147.9,447.05,2.07,74.0,99690.0
1990-08-24 05:00:00+00:00,32.73,64.0,833.5,667.42,193.25,447.25,1.93,108.0,99650.0
1990-08-24 06:00:00+00:00,32.85,66.1,689.15,584.06,172.15,447.85,2.0,130.0,99600.0
1990-08-24 07:00:00+00:00,32.3,66.0,543.95,557.29,122.7,448.6,2.28,136.0,99550.0
1990-08-24 08:00:00+00:00,31.58,65.9,247.3,219.76,119.8,441.65,2.48,124.0,99580.0
1990-08-24 09:00:00+00:00,30.54,72.4,110.1,127.41,62.95,449.95,1.79,116.0,99600.0
1990-08-24 10:00:00+00:00,29.81,79.6,16.85,44.33,10.65,445.1,1.59,136.0,99630.0
1990-08-24 11:00:00+00:00,28.87,84.75,0.0,0.0,0.0,431.95,1.03,135.0,99700.0
1990-08-24 12:00:00+00:00,28.21,90.35,0.0,0.0,0.0,425.55,0.34,67.0,99760.0
1990-08-24 13:00:00+00:00,27.58,93.25,0.0,0.0,0.0,420.15,0.48,59.0,99820.0
1990-08-24 14:00:00+00:00,26.93,96.25,0.0,0.0,0.0,416.85,0.55,42.0,99810.0
1990-08-24 15:00:00+00:00,26.3,99.4,0.0,0.0,0.0,414.15,0.69,18.0,99800.0
1990-08-24 16:00:00+00:00,26.32,100.0,0.0,0.0,0.0,412.0,0.34,47.0,99740.0
1990-08-24 17:00:00+00:00,26.19,100.0,0.0,0.0,0.0,410.3,0.28,16.0,99720.0
1990-08-24 18:00:00+00:00,25.31,100.0,0.0,0.0,0.0,418.8,0.83,357.0,99680.0
1990-08-24 19:00:00+00:00,25.23,100.0,0.0,0.0,0.0,409.7,0.76,349.0,99670.0
1990-08-24 20:00:00+00:00,25.02,99.4,0.0,0.0,0.0,425.0,0.55,342.0,99680.0
1990-08-24 21:00:00+00:00,25.03,99.4,0.0,0.0,0.0,428.85,0.69,335.0,99690.0
1990-08-24 22:00:00+00:00,24.92,99.4,34.25,0.0,34.25,428.65,0.69,335.0,99770.0
1990-08-24 23:00:00+00:00,25.32,100.0,196.45,304.09,121.95,435.05,0.41,334.0,99820.0
1990-08-25 00:00:00+00:00,26.67,99.4,403.85,449.95,193.65,441.85,0.34,314.0,99860.0
1990-08-25 01:00:00+00:00,28.96,82.15,647.5,714.55,173.4,438.45,0.0,250.0,99890.0
1990-08-25 02:00:00+00:00,30.61,72.4,831.5,843.37,140.3,430.6,0.48,100.0,99890.0
1990-08-25 03:00:00+00:00,31.7,65.9,914.5,829.9,147.05,429.05,0.9,113.0,99860.0
1990-08-25 04:00:00+00:00,32.38,63.9,929.5,804.64,147.5,433.5,1.03,126.0,99790.0
1990-08-25 05:00:00+00:00,32.8,61.95,822.55,670.72,180.2,433.9,1.03,139.0,99720.0
1990-08-25 06:00:00+00:00,32.86,61.95,767.7,716.96,134.45,437.55,1.24,146.0,99640.0
1990-08-25 07:00:00+00:00,33.07,60.1,581.9,605.28,125.8,437.2,0.9,151.0,99600.0
1990-08-25 08:00:00+00:00,32.85,61.95,351.7,441.25,96.9,438.15,1.03,165.0,99550.0
1990-08-25 09:00:00+00:00,32.21,66.0,162.9,278.23,60.8,434.3,1.24,174.0,99540.0
1990-08-25 10:00:00+00:00,31.18,72.5,18.0,53.15,10.75,430.8,1.45,171.0,99540.0
1990-08-25 11:00:00+00:00,29.88,82.2,0.0,0.0,0.0,424.8,1.38,156.0,99580.0
1990-08-25 12:00:00+00:00,28.78,90.35,0.0,0.0,0.0,421.3,1.24,134.0,99640.0
1990-08-25 13:00:00+00:00,27.98,93.25,0.0,0.0,0.0,420.9,1.31,129.0,99710.0
1990-08-25 14:00:00+00:00,27.39,96.3,0.0,0.0,0.0,421.5,1.24,139.0,99760.0
1990-08-25 15:00:00+00:00,26.87,99.4,0.0,0.0,0.0,420.55,0.9,168.0,99770.0
1990-08-25 16:00:00+00:00,27.04,99.4,0.0,0.0,0.0,422.45,0.48,199.0,99750.0
1990-08-25 17:00:00+00:00,27.02,99.4,0.0,0.0,0.0,423.25,0.28,205.0,99720.0
1990-08-25 18:00:00+00:00,26.88,99.4,0.0,0.0,0.0,421.7,0.48,232.0,99680.0
1990-08-25 19:00:00+00:00,27.2,99.4,0.0,0.0,0.0,433.9,0.48,171.0,99610.0
1990-08-25 20:00:00+00:00,26.58,99.4,0.0,0.0,0.0,441.65,0.55,208.0,99610.0
1990-08-25 21:00:00+00:00,26.52,99.4,0.0,0.0,0.0,441.45,0.48,237.0,99610.0
1990-08-25 22:00:00+00:00,26.41,99.4,29.45,0.0,29.45,436.8,0.48,263.0,99690.0
1990-08-25 23:00:00+00:00,27.02,99.4,191.3,354.59,104.8,445.7,0.83,277.0,99740.0
1990-08-26 00:00:00+00:00,28.33,90.35,382.6,443.95,175.6,448.6,1.52,278.0,99770.0
1990-08-26 01:00:00+00:00,29.8,82.2,604.65,663.93,164.7,449.85,1.59,284.0,99780.0
1990-08-26 02:00:00+00:00,31.19,77.3,720.2,670.91,170.95,451.9,1.1,292.0,99780.0
1990-08-26 03:00:00+00:00,32.16,72.65,821.1,685.3,188.1,452.3,0.97,292.0,99740.0
1990-08-26 04:00:00+00:00,33.12,68.3,802.55,566.64,252.6,453.65,1.03,289.0,99690.0
1990-08-26 05:00:00+00:00,33.64,66.25,714.35,497.03,239.15,458.65,1.24,272.0,99610.0
1990-08-26 06:00:00+00:00,33.82,66.25,578.1,431.9,197.5,461.35,0.9,273.0,99560.0
1990-08-26 07:00:00+00:00,33.42,68.3,391.7,313.59,156.15,462.55,1.45,231.0,99570.0
1990-08-26 08:00:00+00:00,32.54,66.1,242.3,182.29,137.55,456.15,1.24,232.0,99570.0
1990-08-26 09:00:00+00:00,31.83,70.3,129.35,192.15,59.45,452.45,1.17,288.0,99570.0
1990-08-26 10:00:00+00:00,31.17,72.5,11.75,21.82,8.85,449.55,1.52,348.0,99650.0
1990-08-26 11:00:00+00:00,29.95,79.65,0.0,0.0,0.0,444.35,1.45,26.0,99770.0
1990-08-26 12:00:00+00:00,29.12,87.55,0.0,0.0,0.0,442.4,1.45,35.0,99840.0
1990-08-26 13:00:00+00:00,28.39,90.35,0.0,0.0,0.0,440.65,1.24,61.0,99950.0
1990-08-26 14:00:00+00:00,27.82,93.25,0.0,0.0,0.0,440.1,1.45,127.0,99980.0
1990-08-26 15:00:00+00:00,27.14,93.2,0.0,0.0,0.0,434.85,1.45,116.0,100040.0
1990-08-26 16:00:00+00:00,26.6,96.25,0.0,0.0,0.0,446.45,1.03,83.0,100040.0
1990-08-26 17:00:00+00:00,26.38,96.25,0.0,0.0,0.0,449.95,0.76,48.0,99990.0
1990-08-26 18:00:00+00:00,26.19,99.4,0.0,0.0,0.0,448.8,0.76,2.0,99950.0
1990-08-26 19:00:00+00:00,26.12,99.4,0.0,0.0,0.0,435.05,0.62,358.0,99910.0
1990-08-26 20:00:00+00:00,25.94,99.4,0.0,0.0,0.0,437.0,0.76,320.0,99930.0
1990-08-26 21:00:00+00:00,25.88,99.4,0.0,0.0,0.0,442.4,0.97,324.0,99980.0
1990-08-26 22:00:00+00:00,25.67,99.4,24.0,0.0,24.0,445.5,0.83,334.0,100020.0
1990-08-26 23:00:00+00:00,25.95,96.25,96.0,135.44,63.1,439.5,1.1,342.0,100030.0
1990-08-27 00:00:00+00:00,26.43,93.2,250.75,190.71,162.0,442.4,1.03,0.0,100070.0
1990-08-27 01:00:00+00:00,27.38,90.3,373.7,252.35,206.7,443.1,0.9,8.0,100050.0
1990-08-27 02:00:00+00:00,28.35,87.5,740.25,668.5,193.6,444.15,0.83,47.0,100080.0
1990-08-27 03:00:00+00:00,30.01,82.25,574.65,312.6,286.25,438.75,0.62,101.0,100040.0
1990-08-27 04:00:00+00:00,30.39,82.25,671.25,448.78,236.3,452.65,0.97,142.0,100020.0
1990-08-27 05:00:00+00:00,30.83,82.3,739.4,525.05,238.3,457.1,1.31,164.0,99930.0
1990-08-27 06:00:00+00:00,31.27,82.35,664.4,558.6,173.3,456.15,2.21,136.0,99790.0
1990-08-27 07:00:00+00:00,31.82,74.95,375.55,213.11,216.0,450.15,1.45,138.0,99770.0
1990-08-27 08:00:00+00:00,29.56,79.6,154.3,82.64,107.05,449.2,2.62,124.0,99720.0
1990-08-27 09:00:00+00:00,28.67,84.75,57.6,27.87,47.55,440.45,1.03,119.0,99890.0
1990-08-27 10:00:00+00:00,27.98,84.7,6.25,6.96,5.35,443.2,0.28,306.0,99920.0
1990-08-27 11:00:00+00:00,26.6,93.2,0.0,0.0,0.0,447.85,1.03,316.0,99960.0
1990-08-27 12:00:00+00:00,26.31,96.25,0.0,0.0,0.0,445.7,0.83,287.0,100060.0
1990-08-27 13:00:00+00:00,25.96,96.25,0.0,0.0,0.0,443.75,0.21,331.0,100120.0
1990-08-27 14:00:00+00:00,25.82,99.4,0.0,0.0,0.0,433.5,0.69,2.0,100130.0
1990-08-27 15:00:00+00:00,25.72,99.4,0.0,0.0,0.0,429.45,0.55,316.0,100120.0
1990-08-27 16:00:00+00:00,25.58,99.4,0.0,0.0,0.0,427.9,0.76,295.0,100090.0
1990-08-27 17:00:00+00:00,25.43,99.4,0.0,0.0,0.0,427.9,0.62,305.0,100030.0
1990-08-27 18:00:00+00:00,25.33,100.0,0.0,0.0,0.0,425.95,0.69,296.0,99990.0
1990-08-27 19:00:00+00:00,25.22,96.2,0.0,0.0,0.0,427.7,1.52,308.0,99930.0
1990-08-27 20:00:00+00:00,25.03,96.2,0.0,0.0,0.0,415.7,1.52,323.0,99900.0
1990-08-27 21:00:00+00:00,24.91,96.2,0.0,0.0,0.0,414.75,1.31,326.0,99890.0
1990-08-27 22:00:00+00:00,24.83,99.4,25.25,0.0,25.25,416.1,1.17,317.0,99940.0
1990-08-27 23:00:00+00:00,25.55,93.15,196.95,442.4,89.95,426.9,1.17,317.0,99980.0
1990-08-28 00:00:00+00:00,26.72,90.25,324.55,440.73,119.85,429.25,1.52,318.0,100020.0
1990-08-28 01:00:00+00:00,27.69,84.65,453.65,423.36,173.85,432.45,1.72,322.0,100040.0
1990-08-28 02:00:00+00:00,28.58,79.5,626.45,511.71,208.5,433.1,1.86,329.0,100050.0
1990-08-28 03:00:00+00:00,29.48,77.1,528.3,310.16,242.5,439.1,2.0,329.0,100010.0
1990-08-28 04:00:00+00:00,29.76,77.1,758.9,534.47,241.65,444.55,2.28,322.0,99940.0
1990-08-28 05:00:00+00:00,30.68,72.4,680.9,497.98,206.5,441.85,2.76,325.0,99820.0
1990-08-28 06:00:00+00:00,31.05,70.2,422.1,280.03,176.5,443.35,3.03,331.0,99750.0
1990-08-28 07:00:00+00:00,29.01,72.15,310.45,194.87,165.05,438.9,2.62,341.0,99810.0
1990-08-28 08:00:00+00:00,28.89,69.85,202.6,133.34,126.75,434.1,2.28,348.0,99750.0
1990-08-28 09:00:00+00:00,28.82,72.1,101.0,98.67,65.75,436.0,2.0,0.0,99800.0
1990-08-28 10:00:00+00:00,28.32,74.4,9.55,4.37,9.0,431.75,1.52,353.0,99800.0
1990-08-28 11:00:00+00:00,27.59,81.95,0.0,0.0,0.0,432.75,0.76,359.0,99870.0
1990-08-28 12:00:00+00:00,27.15,81.9,0.0,0.0,0.0,432.75,0.34,9.0,99930.0
1990-08-28 13:00:00+00:00,26.97,79.3,0.0,0.0,0.0,434.85,0.07,48.0,100000.0
1990-08-28 14:00:00+00:00,26.36,84.55,0.0,0.0,0.0,443.75,0.97,75.0,100030.0
1990-08-28 15:00:00+00:00,25.52,90.2,0.0,0.0,0.0,437.75,1.45,60.0,100020.0
1990-08-28 16:00:00+00:00,25.15,93.15,0.0,0.0,0.0,439.9,1.45,56.0,99970.0
1990-08-28 17:00:00+00:00,24.98,93.15,0.0,0.0,0.0,438.35,0.97,48.0,99960.0
1990-08-28 18:00:00+00:00,24.94,96.2,0.0,0.0,0.0,437.35,0.69,10.0,99920.0
1990-08-28 19:00:00+00:00,24.89,93.15,0.0,0.0,0.0,437.95,1.66,14.0,99930.0
1990-08-28 20:00:00+00:00,24.77,93.1,0.0,0.0,0.0,437.2,1.86,14.0,99960.0
1990-08-28 21:00:00+00:00,24.61,93.1,0.0,0.0,0.0,433.5,1.38,17.0,99990.0
1990-08-28 22:00:00+00:00,24.5,93.1,9.55,0.0,9.55,431.95,1.03,19.0,100070.0
1990-08-28 23:00:00+00:00,24.65,93.1,42.7,0.0,42.7,431.2,1.1,40.0,100110.0
1990-08-29 00:00:00+00:00,24.87,84.4,53.6,0.11,53.55,430.8,1.17,60.0,100180.0
1990-08-29 01:00:00+00:00,24.99,79.05,144.7,41.29,117.45,429.95,1.52,61.0,100190.0
1990-08-29 02:00:00+00:00,25.33,76.45,268.45,68.65,212.45,427.1,1.86,58.0,100230.0
1990-08-29 03:00:00+00:00,25.85,71.6,357.6,177.23,194.5,425.0,2.21,64.0,100180.0
1990-08-29 04:00:00+00:00,26.45,67.15,449.8,232.48,225.15,425.0,2.21,60.0,100150.0
1990-08-29 05:00:00+00:00,27.04,65.0,552.7,353.32,216.75,425.0,2.28,67.0,100090.0
1990-08-29 06:00:00+00:00,27.57,63.0,333.65,96.42,249.3,420.35,2.41,87.0,100030.0
1990-08-29 07:00:00+00:00,26.92,60.8,315.1,166.9,191.0,425.55,2.48,79.0,100000.0
1990-08-29 08:00:00+00:00,26.79,64.95,255.2,259.52,108.35,419.0,2.21,85.0,99970.0
1990-08-29 09:00:00+00:00,26.57,64.95,115.8,142.84,65.25,413.2,1.79,92.0,100000.0
1990-08-29 10:00:00+00:00,26.08,69.3,12.15,31.52,8.3,414.35,0.48,107.0,100010.0
1990-08-29 11:00:00+00:00,25.18,81.7,0.0,0.0,0.0,406.0,0.55,252.0,100070.0
1990-08-29 12:00:00+00:00,24.92,76.45,0.0,0.0,0.0,423.45,0.9,261.0,100120.0
1990-08-29 13:00:00+00:00,24.66,84.35,0.0,0.0,0.0,430.4,0.76,296.0,100180.0
1990-08-29 14:00:00+00:00,24.28,84.35,0.0,0.0,0.0,418.4,1.17,332.0,100200.0
1990-08-29 15:00:00+00:00,23.79,87.15,0.0,0.0,0.0,405.45,1.38,336.0,100170.0
1990-08-29 16:00:00+00:00,23.47,84.35,0.0,0.0,0.0,403.3,1.38,335.0,100140.0
1990-08-29 17:00:00+00:00,23.63,84.35,0.0,0.0,0.0,419.75,1.31,335.0,100110.0
1990-08-29 18:00:00+00:00,23.69,84.35,0.0,0.0,0.0,422.45,1.17,326.0,100080.0
1990-08-29 19:00:00+00:00,23.36,84.35,0.0,0.0,0.0,408.15,1.24,308.0,100070.0
1990-08-29 20:00:00+00:00,23.23,84.25,0.0,0.0,0.0,409.3,1.24,304.0,100080.0
1990-08-29 21:00:00+00:00,23.2,84.25,0.0,0.0,0.0,414.75,1.17,299.0,100070.0
1990-08-29 22:00:00+00:00,23.09,84.25,26.5,0.0,26.5,410.45,1.17,310.0,100100.0
1990-08-29 23:00:00+00:00,23.74,84.35,186.55,339.67,105.1,409.3,0.83,326.0,100140.0
1990-08-30 00:00:00+00:00,25.41,79.1,390.1,565.04,128.7,406.8,0.83,331.0,100160.0
1990-08-30 01:00:00+00:00,27.03,69.5,573.15,610.31,170.9,404.8,0.9,343.0,100180.0
1990-08-30 02:00:00+00:00,28.22,65.2,647.05,512.6,229.4,416.45,0.97,29.0,100200.0
1990-08-30 03:00:00+00:00,28.8,63.2,814.05,632.83,232.45,423.65,1.03,60.0,100160.0
1990-08-30 04:00:00+00:00,29.46,59.35,770.95,537.81,252.05,418.0,1.03,78.0,100080.0
1990-08-30 05:00:00+00:00,29.73,59.35,717.1,550.64,194.55,434.65,0.83,88.0,99990.0
1990-08-30 06:00:00+00:00,29.85,57.4,611.35,511.86,164.7,427.3,0.62,117.0,99930.0
1990-08-30 07:00:00+00:00,29.85,57.4,420.4,352.08,159.55,428.1,0.62,119.0,99880.0
1990-08-30 08:00:00+00:00,29.45,57.4,148.15,68.05,109.85,433.3,0.9,136.0,99870.0
1990-08-30 09:00:00+00:00,28.41,63.2,93.55,122.54,50.6,442.2,0.83,152.0,99910.0
1990-08-30 10:00:00+00:00,27.67,67.3,6.8,11.82,5.4,436.2,0.55,158.0,99900.0
1990-08-30 11:00:00+00:00,26.88,79.3,0.0,0.0,0.0,436.2,0.69,173.0,99950.0
1990-08-30 12:00:00+00:00,26.19,81.8,0.0,0.0,0.0,423.25,0.97,209.0,100030.0
1990-08-30 13:00:00+00:00,25.64,84.45,0.0,0.0,0.0,414.35,0.69,221.0,100090.0
1990-08-30 14:00:00+00:00,25.75,81.75,0.0,0.0,0.0,400.6,0.34,212.0,100110.0
1990-08-30 15:00:00+00:00,25.35,81.75,0.0,0.0,0.0,400.0,0.21,199.0,100100.0
1990-08-30 16:00:00+00:00,24.97,84.4,0.0,0.0,0.0,395.95,0.21,296.0,100070.0
1990-08-30 17:00:00+00:00,23.6,90.1,0.0,0.0,0.0,393.65,0.83,310.0,100020.0
1990-08-30 18:00:00+00:00,22.89,93.05,0.0,0.0,0.0,390.55,1.38,310.0,99980.0
1990-08-30 19:00:00+00:00,22.83,93.05,0.0,0.0,0.0,391.1,1.45,312.0,99950.0
1990-08-30 20:00:00+00:00,22.55,93.05,0.0,0.0,0.0,386.85,1.45,317.0,99950.0
1990-08-30 21:00:00+00:00,22.2,96.15,0.0,0.0,0.0,384.55,1.31,322.0,99950.0
1990-08-30 22:00:00+00:00,21.87,93.05,31.4,0.0,31.4,383.0,1.24,324.0,99950.0
1990-08-30 23:00:00+00:00,23.23,93.05,264.0,763.12,81.8,382.8,0.83,326.0,99980.0
1990-08-31 00:00:00+00:00,25.75,84.45,480.45,792.64,114.5,387.25,1.03,312.0,100000.0
1990-08-31 01:00:00+00:00,27.4,76.8,669.15,805.44,139.05,394.5,1.31,294.0,100060.0
1990-08-31 02:00:00+00:00,28.82,72.1,834.7,855.76,138.35,403.5,1.38,284.0,100050.0
1990-08-31 03:00:00+00:00,30.05,63.5,868.35,764.71,166.5,410.45,1.52,276.0,100020.0
1990-08-31 04:00:00+00:00,30.74,57.6,761.0,531.26,249.25,416.3,1.52,262.0,99960.0
1990-08-31 05:00:00+00:00,30.96,55.85,693.55,491.56,228.0,429.05,1.52,246.0,99890.0
1990-08-31 06:00:00+00:00,31.0,55.85,520.85,365.16,203.05,425.4,1.45,245.0,99820.0
1990-08-31 07:00:00+00:00,30.82,57.6,387.2,321.87,149.6,438.75,1.79,266.0,99720.0
1990-08-31 08:00:00+00:00,30.52,59.55,264.7,281.31,107.25,433.5,1.59,272.0,99690.0
1990-08-31 09:00:00+00:00,30.2,61.45,110.75,148.4,59.25,437.2,1.03,258.0,99700.0
1990-08-31 10:00:00+00:00,29.35,72.15,8.75,19.18,6.55,441.45,0.83,186.0,99700.0
1990-08-31 11:00:00+00:00,28.24,74.4,0.0,0.0,0.0,433.1,1.52,174.0,99780.0
1990-08-31 12:00:00+00:00,27.33,79.3,0.0,0.0,0.0,423.65,1.66,183.0,99880.0
1990-08-31 13:00:00+00:00,26.81,84.55,0.0,0.0,0.0,426.9,1.66,193.0,99940.0
1990-08-31 14:00:00+00:00,26.34,87.3,0.0,0.0,0.0,424.8,1.45,199.0,99950.0
1990-08-31 15:00:00+00:00,25.78,93.15,0.0,0.0,0.0,417.25,1.31,207.0,99930.0
1990-08-31 16:00:00+00:00,23.4,99.0,0.0,0.0,0.0,404.67,0.54,213.0,99910.0
1990-08-31 17:00:00+00:00,24.03,99.45,0.0,0.0,0.0,406.81,0.65,221.0,99850.0
1990-08-31 18:00:00+00:00,24.66,96.66,0.0,0.0,0.0,408.94,0.75,237.0,99790.0
1990-08-31 19:00:00+00:00,25.28,93.87,0.0,0.0,0.0,411.07,0.85,251.0,99720.0
1990-08-31 20:00:00+00:00,25.91,91.08,0.0,0.0,0.0,413.21,0.95,301.0,99710.0
1990-08-31 21:00:00+00:00,26.54,88.29,0.0,0.0,0.0,415.34,1.05,321.0,99730.0
1990-08-31 22:00:00+00:00,27.17,85.5,27.9,0.0,27.9,417.48,1.15,5.0,99700.0
1990-08-31 23:00:00+00:00,27.8,82.71,233.85,590.18,93.55,419.61,1.25,24.0,99730.0
1990-09-01 00:00:00+00:00,28.42,79.92,466.65,744.01,123.85,421.75,1.35,281.0,100220.0
1990-09-01 01:00:00+00:00,29.05,77.13,664.15,796.12,140.95,423.88,1.45,292.0,100250.0
1990-09-01 02:00:00+00:00,29.68,74.34,808.5,810.08,150.2,426.01,1.55,304.0,100250.0
1990-09-01 03:00:00+00:00,30.31,71.55,764.95,639.72,178.65,428.15,1.66,298.0,100220.0
1990-09-01 04:00:00+00:00,30.93,68.76,715.95,579.24,158.9,430.28,1.76,290.0,100190.0
1990-09-01 05:00:00+00:00,31.56,65.97,631.45,462.43,194.4,432.42,1.86,288.0,100140.0
1990-09-01 06:00:00+00:00,32.19,63.17,624.0,528.6,165.2,434.55,1.96,286.0,100070.0
1990-09-01 07:00:00+00:00,32.82,60.38,484.8,438.46,162.35,436.68,2.06,298.0,100000.0
1990-09-01 08:00:00+00:00,32.58,61.85,288.85,282.91,131.4,441.05,0.83,257.0,99970.0
1990-09-01 09:00:00+00:00,30.37,72.35,103.4,75.68,77.4,439.9,2.48,213.0,100010.0
1990-09-01 10:00:00+00:00,28.54,82.05,9.05,3.16,8.7,438.15,2.28,242.0,100070.0
1990-09-01 11:00:00+00:00,27.39,84.65,0.0,0.0,0.0,429.05,1.45,282.0,100130.0
1990-09-01 12:00:00+00:00,26.78,87.4,0.0,0.0,0.0,423.25,1.03,296.0,100180.0
1990-09-01 13:00:00+00:00,26.27,90.25,0.0,0.0,0.0,420.15,1.24,258.0,100270.0
1990-09-01 14:00:00+00:00,25.78,93.2,0.0,0.0,0.0,419.0,1.31,262.0,100260.0
1990-09-01 15:00:00+00:00,25.61,93.2,0.0,0.0,0.0,423.05,0.97,284.0,100240.0
1990-09-01 16:00:00+00:00,25.46,99.4,0.0,0.0,0.0,422.1,0.41,346.0,100180.0
1990-09-01 17:00:00+00:00,25.19,96.25,0.0,0.0,0.0,414.9,0.69,84.0,100190.0
1990-09-01 18:00:00+00:00,24.97,99.4,0.0,0.0,0.0,415.7,1.1,107.0,100160.0
1990-09-01 19:00:00+00:00,24.7,99.4,0.0,0.0,0.0,410.85,0.76,110.0,100200.0
1990-09-01 20:00:00+00:00,24.72,99.4,0.0,0.0,0.0,415.1,0.41,79.0,100210.0
1990-09-01 21:00:00+00:00,24.63,99.4,0.0,0.0,0.0,425.95,0.28,38.0,100250.0
1990-09-01 22:00:00+00:00,24.39,99.4,22.45,0.0,22.45,430.8,0.41,15.0,100270.0
1990-09-01 23:00:00+00:00,24.48,99.4,129.45,89.36,108.3,441.05,0.83,78.0,100340.0
1990-09-02 00:00:00+00:00,25.35,96.25,237.3,142.46,171.8,437.95,1.31,91.0,100380.0
1990-09-02 01:00:00+00:00,26.35,87.35,398.9,212.43,259.5,434.4,0.9,112.0,100420.0
1990-09-02 02:00:00+00:00,27.62,79.4,551.1,379.04,243.5,434.45,1.03,157.0,100440.0
1990-09-02 03:00:00+00:00,28.61,79.5,600.25,302.41,323.5,434.1,0.28,135.0,100380.0
1990-09-02 04:00:00+00:00,29.45,74.55,538.8,267.65,281.85,438.75,0.14,358.0,100320.0
1990-09-02 05:00:00+00:00,29.74,74.65,490.6,155.55,343.9,441.45,0.41,210.0,100280.0
1990-09-02 06:00:00+00:00,29.77,74.65,405.0,119.75,301.35,437.35,1.24,127.0,100190.0
1990-09-02 07:00:00+00:00,28.73,82.1,221.45,67.64,171.9,442.6,1.45,148.0,100210.0
1990-09-02 08:00:00+00:00,27.85,84.7,89.4,9.13,84.35,446.45,1.03,154.0,100180.0
1990-09-02 09:00:00+00:00,26.58,87.4,43.2,2.5,42.35,441.45,0.9,143.0,100240.0
1990-09-02 10:00:00+00:00,26.39,90.25,4.7,2.8,4.4,428.85,1.17,123.0,100230.0
1990-09-02 11:00:00+00:00,25.92,93.2,0.0,0.0,0.0,423.85,1.17,116.0,100300.0
1990-09-02 12:00:00+00:00,25.79,93.2,0.0,0.0,0.0,425.2,1.1,118.0,100330.0
1990-09-02 13:00:00+00:00,25.55,93.2,0.0,0.0,0.0,422.3,1.1,133.0,100400.0
1990-09-02 14:00:00+00:00,25.31,96.25,0.0,0.0,0.0,421.7,1.03,107.0,100390.0
1990-09-02 15:00:00+00:00,25.12,96.25,0.0,0.0,0.0,420.9,0.83,104.0,100400.0
1990-09-02 16:00:00+00:00,25.1,96.25,0.0,0.0,0.0,428.3,0.76,93.0,100380.0
1990-09-02 17:00:00+00:00,24.91,96.2,0.0,0.0,0.0,419.2,0.83,80.0,100350.0
1990-09-02 18:00:00+00:00,24.71,96.2,0.0,0.0,0.0,420.55,0.9,47.0,100320.0
1990-09-02 19:00:00+00:00,24.53,99.4,0.0,0.0,0.0,423.25,0.55,34.0,100340.0
1990-09-02 20:00:00+00:00,24.71,96.2,0.0,0.0,0.0,430.8,0.48,42.0,100330.0
1990-09-02 21:00:00+00:00,24.56,96.2,0.0,0.0,0.0,423.65,0.41,14.0,100310.0
1990-09-02 22:00:00+00:00,24.59,96.2,0.0,0.0,0.0,431.0,0.28,330.0,100340.0
1990-09-02 23:00:00+00:00,24.72,90.15,103.6,53.26,91.05,430.6,0.28,298.0,100380.0
1990-09-03 00:00:00+00:00,25.32,93.15,276.95,340.98,120.5,437.95,0.41,23.0,100410.0
1990-09-03 01:00:00+00:00,26.37,90.25,484.85,411.86,215.0,425.1,0.62,113.0,100450.0
1990-09-03 02:00:00+00:00,27.6,84.7,570.0,438.99,214.25,431.0,1.03,134.0,100450.0
1990-09-03 03:00:00+00:00,28.41,84.7,601.2,302.26,325.0,433.5,1.31,148.0,100430.0
1990-09-03 04:00:00+00:00,28.84,84.75,545.05,255.29,300.4,446.3,1.52,146.0,100400.0
1990-09-03 05:00:00+00:00,28.77,84.75,487.2,186.07,312.1,452.1,1.72,146.0,100310.0
1990-09-03 06:00:00+00:00,28.31,87.5,380.1,147.62,252.7,444.55,1.72,144.0,100230.0
1990-09-03 07:00:00+00:00,28.78,84.75,217.0,64.41,170.0,442.4,1.66,177.0,100150.0
1990-09-03 08:00:00+00:00,27.56,84.7,181.5,124.99,112.75,443.55,1.59,172.0,100100.0
1990-09-03 09:00:00+00:00,27.23,84.65,73.45,26.16,64.65,428.3,1.1,161.0,100130.0
1990-09-03 10:00:00+00:00,27.01,87.4,7.4,8.72,6.5,431.55,1.38,132.0,100160.0
1990-09-03 11:00:00+00:00,26.08,90.25,0.0,0.0,0.0,424.0,1.38,140.0,100200.0
1990-09-03 12:00:00+00:00,25.68,93.2,0.0,0.0,0.0,419.75,1.1,131.0,100260.0
1990-09-03 13:00:00+00:00,25.32,96.25,0.0,0.0,0.0,414.15,0.9,111.0,100370.0
1990-09-03 14:00:00+00:00,24.84,99.4,0.0,0.0,0.0,411.85,0.83,83.0,100430.0
1990-09-03 15:00:00+00:00,24.66,96.2,0.0,0.0,0.0,417.85,0.9,109.0,100450.0
1990-09-03 16:00:00+00:00,24.48,99.4,0.0,0.0,0.0,415.1,1.03,126.0,100420.0
1990-09-03 17:00:00+00:00,24.41,99.4,0.0,0.0,0.0,419.95,0.83,141.0,100380.0
1990-09-03 18:00:00+00:00,24.38,99.4,0.0,0.0,0.0,424.4,0.48,132.0,100330.0
1990-09-03 19:00:00+00:00,24.53,99.4,0.0,0.0,0.0,426.15,0.41,104.0,100310.0
1990-09-03 20:00:00+00:00,24.48,99.4,0.0,0.0,0.0,424.2,0.14,25.0,100280.0
1990-09-03 21:00:00+00:00,24.03,99.4,0.0,0.0,0.0,418.6,0.41,10.0,100290.0
1990-09-03 22:00:00+00:00,24.03,99.4,0.0,0.0,0.0,429.45,0.62,44.0,100300.0
1990-09-03 23:00:00+00:00,24.26,99.4,144.35,173.9,103.55,433.7,0.69,47.0,100330.0
1990-09-04 00:00:00+00:00,25.11,93.15,349.75,403.96,164.8,437.2,0.48,76.0,100390.0
1990-09-04 01:00:00+00:00,26.83,84.6,532.05,543.74,176.35,426.25,0.55,176.0,100390.0
1990-09-04 02:00:00+00:00,28.25,79.4,705.75,589.6,228.65,432.9,1.17,214.0,100410.0
1990-09-04 03:00:00+00:00,29.25,77.0,690.05,528.97,207.45,429.65,1.38,228.0,100410.0
1990-09-04 04:00:00+00:00,29.78,77.1,689.4,447.63,261.2,431.55,1.45,227.0,100350.0
1990-09-04 05:00:00+00:00,30.15,74.7,737.75,531.41,238.8,440.65,1.52,212.0,100260.0
1990-09-04 06:00:00+00:00,30.56,74.7,487.2,299.47,229.5,436.8,1.86,210.0,100140.0
1990-09-04 07:00:00+00:00,29.82,63.4,401.5,359.06,140.55,434.45,2.41,212.0,100060.0
1990-09-04 08:00:00+00:00,29.6,65.5,284.4,327.67,105.25,431.0,2.21,198.0,100060.0
1990-09-04 09:00:00+00:00,29.04,72.1,98.0,112.86,60.45,429.85,1.72,191.0,100100.0
1990-09-04 10:00:00+00:00,28.22,76.85,5.2,5.03,4.7,422.45,1.38,164.0,100100.0
1990-09-04 11:00:00+00:00,27.37,79.35,0.0,0.0,0.0,423.25,1.1,161.0,100210.0
1990-09-04 12:00:00+00:00,26.7,84.6,0.0,0.0,0.0,423.65,1.38,160.0,100270.0
1990-09-04 13:00:00+00:00,26.19,90.25,0.0,0.0,0.0,424.6,1.03,149.0,100310.0
1990-09-04 14:00:00+00:00,25.9,93.2,0.0,0.0,0.0,425.4,0.76,149.0,100330.0
1990-09-04 15:00:00+00:00,25.61,90.2,0.0,0.0,0.0,412.4,0.62,129.0,100320.0
1990-09-04 16:00:00+00:00,25.01,96.2,0.0,0.0,0.0,410.45,0.69,81.0,100270.0
1990-09-04 17:00:00+00:00,24.64,96.2,0.0,0.0,0.0,409.3,0.76,61.0,100220.0
1990-09-04 18:00:00+00:00,24.73,96.2,0.0,0.0,0.0,409.5,0.55,51.0,100190.0
1990-09-04 19:00:00+00:00,25.04,96.25,0.0,0.0,0.0,406.6,0.34,214.0,100160.0
1990-09-04 20:00:00+00:00,24.81,99.4,0.0,0.0,0.0,413.2,0.55,293.0,100160.0
1990-09-04 21:00:00+00:00,24.23,99.4,0.0,0.0,0.0,412.6,0.69,315.0,100220.0
1990-09-04 22:00:00+00:00,23.93,100.0,0.0,0.0,0.0,412.2,0.83,333.0,100250.0
1990-09-04 23:00:00+00:00,24.78,99.4,191.5,356.64,108.2,410.45,0.55,343.0,100300.0
1990-09-05 00:00:00+00:00,26.39,90.25,437.75,628.89,150.45,418.0,0.55,297.0,100360.0
1990-09-05 01:00:00+00:00,27.78,79.4,624.1,671.4,185.6,406.7,0.97,259.0,100390.0
1990-09-05 02:00:00+00:00,28.96,72.1,719.65,666.72,180.95,414.75,0.97,249.0,100430.0
1990-09-05 03:00:00+00:00,29.83,65.5,857.05,744.23,179.15,421.3,1.03,241.0,100430.0
1990-09-05 04:00:00+00:00,30.6,61.55,856.6,697.22,190.9,419.4,1.17,236.0,100380.0
1990-09-05 05:00:00+00:00,31.1,59.65,756.3,593.34,200.5,426.9,1.38,232.0,100320.0
1990-09-05 06:00:00+00:00,31.21,57.75,499.1,308.01,234.85,437.0,1.45,225.0,100210.0
1990-09-05 07:00:00+00:00,30.46,61.45,399.8,248.56,219.9,436.0,1.31,245.0,100180.0
1990-09-05 08:00:00+00:00,30.23,61.45,226.0,163.98,136.9,436.8,1.03,245.0,100160.0
1990-09-05 09:00:00+00:00,29.76,63.4,100.9,109.57,64.85,432.35,0.69,217.0,100200.0
1990-09-05 10:00:00+00:00,28.77,69.75,4.7,8.39,3.9,427.3,1.52,184.0,100240.0
1990-09-05 11:00:00+00:00,27.78,74.4,0.0,0.0,0.0,430.2,1.24,192.0,100340.0
1990-09-05 12:00:00+00:00,27.06,84.65,0.0,0.0,0.0,431.75,0.69,176.0,100410.0
1990-09-05 13:00:00+00:00,26.65,84.6,0.0,0.0,0.0,427.5,1.17,119.0,100430.0
1990-09-05 14:00:00+00:00,26.11,90.25,0.0,0.0,0.0,425.2,0.83,110.0,100440.0
1990-09-05 15:00:00+00:00,26.22,90.25,0.0,0.0,0.0,422.1,0.48,106.0,100430.0
1990-09-05 16:00:00+00:00,25.68,93.2,0.0,0.0,0.0,413.55,0.55,95.0,100390.0
1990-09-05 17:00:00+00:00,25.25,96.25,0.0,0.0,0.0,408.15,0.69,81.0,100380.0
1990-09-05 18:00:00+00:00,24.82,99.4,0.0,0.0,0.0,413.75,0.76,78.0,100370.0
1990-09-05 19:00:00+00:00,25.49,96.25,0.0,0.0,0.0,416.85,0.41,338.0,100340.0
1990-09-05 20:00:00+00:00,24.65,96.2,0.0,0.0,0.0,411.25,0.76,336.0,100370.0
1990-09-05 21:00:00+00:00,24.32,99.4,0.0,0.0,0.0,415.7,0.97,345.0,100360.0
1990-09-05 22:00:00+00:00,24.13,99.4,0.0,0.0,0.0,411.85,0.97,353.0,100410.0
1990-09-05 23:00:00+00:00,24.94,99.4,199.25,429.2,99.45,410.85,0.48,18.0,100450.0
1990-09-06 00:00:00+00:00,26.72,87.4,398.0,577.63,134.7,414.75,0.48,24.0,100500.0
1990-09-06 01:00:00+00:00,28.04,79.4,599.05,652.11,173.85,414.85,0.21,22.0,100540.0
1990-09-06 02:00:00+00:00,29.19,74.55,809.5,819.98,148.0,416.1,0.21,114.0,100550.0
1990-09-06 03:00:00+00:00,30.26,70.0,839.2,724.36,180.5,421.5,0.55,138.0,100530.0
1990-09-06 04:00:00+00:00,30.93,70.1,849.25,681.47,199.85,428.65,0.9,135.0,100500.0
1990-09-06 05:00:00+00:00,31.26,70.2,776.9,545.48,267.15,431.4,1.17,145.0,100390.0
1990-09-06 06:00:00+00:00,31.43,70.2,669.85,543.67,204.85,432.35,1.86,156.0,100330.0
1990-09-06 07:00:00+00:00,31.26,65.8,395.25,238.72,223.2,433.9,2.0,155.0,100260.0
1990-09-06 08:00:00+00:00,29.07,72.15,143.3,46.21,118.35,431.95,1.86,128.0,100380.0
1990-09-06 09:00:00+00:00,28.23,79.4,51.6,8.61,48.8,431.2,1.24,116.0,100370.0
1990-09-06 10:00:00+00:00,27.5,84.65,4.0,0.0,4.0,425.95,1.03,55.0,100410.0
1990-09-06 11:00:00+00:00,26.97,87.4,0.0,0.0,0.0,426.9,1.17,59.0,100460.0
1990-09-06 12:00:00+00:00,26.45,93.2,0.0,0.0,0.0,420.9,1.24,61.0,100540.0
1990-09-06 13:00:00+00:00,26.05,93.2,0.0,0.0,0.0,418.0,1.31,66.0,100600.0
1990-09-06 14:00:00+00:00,25.7,93.2,0.0,0.0,0.0,413.4,1.31,61.0,100630.0
1990-09-06 15:00:00+00:00,25.31,96.25,0.0,0.0,0.0,413.2,1.03,58.0,100630.0
1990-09-06 16:00:00+00:00,24.98,99.4,0.0,0.0,0.0,415.3,0.76,49.0,100620.0
1990-09-06 17:00:00+00:00,24.75,99.4,0.0,0.0,0.0,413.4,0.97,55.0,100580.0
1990-09-06 18:00:00+00:00,24.61,96.2,0.0,0.0,0.0,416.65,0.83,40.0,100540.0
1990-09-06 19:00:00+00:00,24.38,99.4,0.0,0.0,0.0,409.1,0.69,1.0,100510.0
1990-09-06 20:00:00+00:00,24.17,99.4,0.0,0.0,0.0,412.2,0.69,339.0,100500.0
1990-09-06 21:00:00+00:00,24.17,99.4,0.0,0.0,0.0,405.85,0.48,355.0,100510.0
1990-09-06 22:00:00+00:00,23.95,99.4,0.0,0.0,0.0,409.1,0.55,16.0,100560.0
1990-09-06 23:00:00+00:00,24.68,96.2,225.7,530.52,102.9,411.25,0.55,25.0,100610.0
1990-09-07 00:00:00+00:00,26.14,87.35,404.4,596.31,133.2,415.5,1.45,59.0,100610.0
1990-09-07 01:00:00+00:00,27.45,81.95,531.85,564.66,164.3,415.4,2.14,77.0,100640.0
1990-09-07 02:00:00+00:00,28.28,76.85,710.2,683.42,159.75,417.05,2.14,92.0,100640.0
1990-09-07 03:00:00+00:00,29.23,77.0,817.3,690.74,190.25,424.8,2.0,104.0,100650.0
1990-09-07 04:00:00+00:00,29.89,77.1,760.9,540.57,246.8,426.35,1.93,109.0,100590.0
1990-09-07 05:00:00+00:00,30.23,74.7,738.35,541.13,233.9,441.25,2.0,103.0,100490.0
1990-09-07 06:00:00+00:00,30.44,74.7,512.3,287.3,267.35,438.35,2.28,113.0,100390.0
1990-09-07 07:00:00+00:00,29.13,77.0,340.45,226.38,178.0,438.15,2.55,110.0,100280.0
1990-09-07 08:00:00+00:00,28.85,79.5,181.25,130.02,111.5,430.8,1.86,125.0,100360.0
1990-09-07 09:00:00+00:00,27.24,79.35,49.55,17.42,43.95,425.55,1.59,89.0,100390.0
1990-09-07 10:00:00+00:00,26.49,87.35,2.75,0.0,2.75,425.2,0.97,38.0,100380.0
1990-09-07 11:00:00+00:00,25.92,87.3,0.0,0.0,0.0,421.3,1.24,7.0,100450.0
1990-09-07 12:00:00+00:00,25.65,90.2,0.0,0.0,0.0,425.55,0.76,326.0,100480.0
1990-09-07 13:00:00+00:00,25.2,93.15,0.0,0.0,0.0,414.55,0.76,325.0,100590.0
1990-09-07 14:00:00+00:00,24.63,96.2,0.0,0.0,0.0,407.95,0.83,307.0,100600.0
1990-09-07 15:00:00+00:00,24.24,99.4,0.0,0.0,0.0,405.05,1.03,328.0,100600.0
1990-09-07 16:00:00+00:00,23.84,99.4,0.0,0.0,0.0,400.4,1.1,319.0,100580.0
1990-09-07 17:00:00+00:00,23.51,100.0,0.0,0.0,0.0,400.6,0.97,307.0,100540.0
1990-09-07 18:00:00+00:00,23.17,99.4,0.0,0.0,0.0,392.65,0.83,313.0,100480.0
1990-09-07 19:00:00+00:00,23.59,99.4,0.0,0.0,0.0,417.85,0.62,337.0,100450.0
1990-09-07 20:00:00+00:00,23.39,99.4,0.0,0.0,0.0,415.7,0.83,329.0,100450.0
1990-09-07 21:00:00+00:00,23.09,99.4,0.0,0.0,0.0,410.85,0.83,326.0,100470.0
1990-09-07 22:00:00+00:00,22.98,100.0,0.0,0.0,0.0,423.45,0.69,334.0,100490.0
1990-09-07 23:00:00+00:00,23.53,96.2,185.15,273.2,122.2,420.35,0.69,346.0,100520.0
1990-09-08 00:00:00+00:00,24.87,96.2,397.5,523.09,160.15,421.5,0.69,352.0,100550.0
1990-09-08 01:00:00+00:00,26.8,81.9,658.35,764.71,161.45,416.4,1.17,3.0,100550.0
1990-09-08 02:00:00+00:00,28.48,69.65,818.0,831.48,149.4,408.15,2.07,35.0,100520.0
1990-09-08 03:00:00+00:00,29.48,63.3,905.1,830.12,152.85,405.85,2.48,61.0,100510.0
1990-09-08 04:00:00+00:00,30.13,59.45,895.5,785.6,149.9,407.55,2.69,75.0,100440.0
1990-09-08 05:00:00+00:00,30.46,59.45,854.0,758.55,148.65,414.15,2.76,80.0,100360.0
1990-09-08 06:00:00+00:00,30.6,57.6,716.75,659.42,156.35,412.6,3.03,84.0,100310.0
1990-09-08 07:00:00+00:00,30.82,57.6,553.85,613.82,115.3,420.35,2.76,87.0,100230.0
1990-09-08 08:00:00+00:00,30.44,59.45,322.75,401.63,108.7,412.8,2.83,97.0,100200.0
1990-09-08 09:00:00+00:00,29.53,67.6,127.15,236.23,52.1,414.15,2.83,116.0,100180.0
1990-09-08 10:00:00+00:00,28.21,72.0,6.0,18.0,4.5,409.9,2.48,118.0,100230.0
1990-09-08 11:00:00+00:00,27.04,76.7,0.0,0.0,0.0,402.55,2.07,117.0,100280.0
1990-09-08 12:00:00+00:00,26.31,81.85,0.0,0.0,0.0,398.1,2.0,113.0,100410.0
1990-09-08 13:00:00+00:00,25.76,84.5,0.0,0.0,0.0,396.15,1.93,94.0,100490.0
1990-09-08 14:00:00+00:00,25.21,87.3,0.0,0.0,0.0,393.25,1.79,84.0,100500.0
1990-09-08 15:00:00+00:00,24.59,90.15,0.0,0.0,0.0,390.15,1.31,64.0,100460.0
1990-09-08 16:00:00+00:00,24.42,93.1,0.0,0.0,0.0,386.85,0.83,22.0,100430.0
1990-09-08 17:00:00+00:00,24.1,90.1,0.0,0.0,0.0,385.1,0.76,342.0,100380.0
1990-09-08 18:00:00+00:00,23.5,96.2,0.0,0.0,0.0,383.95,0.83,310.0,100330.0
1990-09-08 19:00:00+00:00,23.93,90.1,0.0,0.0,0.0,386.65,0.83,325.0,100340.0
1990-09-08 20:00:00+00:00,22.53,96.15,0.0,0.0,0.0,385.3,1.24,318.0,100360.0
1990-09-08 21:00:00+00:00,22.15,96.15,0.0,0.0,0.0,383.95,1.24,313.0,100310.0
1990-09-08 22:00:00+00:00,21.89,99.4,0.0,0.0,0.0,381.65,1.24,322.0,100330.0
1990-09-08 23:00:00+00:00,23.21,96.2,248.7,728.15,81.7,380.85,0.83,328.0,100330.0
1990-09-09 00:00:00+00:00,26.31,81.85,480.6,822.44,108.3,391.1,0.83,336.0,100370.0
1990-09-09 01:00:00+00:00,27.95,72.0,678.65,851.89,126.1,392.4,1.03,18.0,100400.0
1990-09-09 02:00:00+00:00,29.18,65.4,823.4,853.08,138.6,399.65,1.59,58.0,100430.0
1990-09-09 03:00:00+00:00,30.13,61.45,826.45,698.7,194.45,406.8,2.62,69.0,100420.0
1990-09-09 04:00:00+00:00,30.63,57.6,822.85,693.29,166.25,424.4,2.83,78.0,100360.0
1990-09-09 05:00:00+00:00,30.85,57.6,501.35,218.17,299.0,423.25,2.97,85.0,100270.0
1990-09-09 06:00:00+00:00,30.06,63.4,597.75,541.12,139.4,447.05,2.97,99.0,100230.0
1990-09-09 07:00:00+00:00,30.2,63.5,461.75,468.32,128.65,429.25,2.83,95.0,100150.0
1990-09-09 08:00:00+00:00,29.47,67.6,260.15,325.46,87.85,423.85,2.69,89.0,100090.0
1990-09-09 09:00:00+00:00,28.86,72.1,113.5,198.98,51.05,424.0,2.28,98.0,100070.0
1990-09-09 10:00:00+00:00,28.09,74.4,5.05,12.61,4.05,421.5,1.79,112.0,100110.0
1990-09-09 11:00:00+00:00,26.98,81.9,0.0,0.0,0.0,410.85,1.59,117.0,100130.0
1990-09-09 12:00:00+00:00,26.26,84.55,0.0,0.0,0.0,407.95,1.38,116.0,100190.0
1990-09-09 13:00:00+00:00,25.47,90.2,0.0,0.0,0.0,402.35,1.03,110.0,100280.0
1990-09-09 14:00:00+00:00,25.87,84.5,0.0,0.0,0.0,399.05,0.48,112.0,100320.0
1990-09-09 15:00:00+00:00,25.51,87.3,0.0,0.0,0.0,395.4,0.28,292.0,100310.0
1990-09-09 16:00:00+00:00,24.06,93.1,0.0,0.0,0.0,389.95,0.83,305.0,100280.0
1990-09-09 17:00:00+00:00,22.99,99.4,0.0,0.0,0.0,386.45,1.1,307.0,100240.0
1990-09-09 18:00:00+00:00,22.44,100.0,0.0,0.0,0.0,384.75,1.1,297.0,100190.0
1990-09-09 19:00:00+00:00,22.51,96.15,0.0,0.0,0.0,386.85,1.17,303.0,100220.0
1990-09-09 20:00:00+00:00,22.26,99.4,0.0,0.0,0.0,386.3,1.24,299.0,100190.0
1990-09-09 21:00:00+00:00,22.2,99.4,0.0,0.0,0.0,387.65,1.31,304.0,100210.0
1990-09-09 22:00:00+00:00,22.06,99.4,0.0,0.0,0.0,387.25,1.17,315.0,100190.0
1990-09-09 23:00:00+00:00,23.42,99.4,250.65,733.55,83.2,388.2,0.76,320.0,100270.0
1990-09-10 00:00:00+00:00,26.37,84.55,462.7,767.62,116.05,395.4,0.9,312.0,100310.0
1990-09-10 01:00:00+00:00,28.22,76.85,672.35,832.54,133.35,408.25,1.31,318.0,100300.0
1990-09-10 02:00:00+00:00,29.74,65.5,828.0,863.0,136.45,404.45,1.79,335.0,100260.0
1990-09-10 03:00:00+00:00,30.87,59.55,913.5,853.25,143.15,409.7,2.07,344.0,100220.0
1990-09-10 04:00:00+00:00,31.88,55.95,837.3,658.23,215.25,414.15,2.41,1.0,100160.0
1990-09-10 05:00:00+00:00,32.35,52.5,653.1,464.15,223.75,425.95,2.62,13.0,100090.0
1990-09-10 06:00:00+00:00,32.26,52.5,672.65,601.83,164.6,430.6,2.28,29.0,100010.0
1990-09-10 07:00:00+00:00,32.75,52.65,503.15,549.21,114.3,431.55,2.34,16.0,99930.0
1990-09-10 08:00:00+00:00,32.45,54.25,298.85,397.59,89.8,431.55,1.79,34.0,99900.0
1990-09-10 09:00:00+00:00,31.77,59.75,112.35,201.96,49.75,433.3,1.52,97.0,99880.0
1990-09-10 10:00:00+00:00,29.97,69.95,3.95,10.64,3.15,424.8,2.14,123.0,99920.0
1990-09-10 11:00:00+00:00,28.36,76.85,0.0,0.0,0.0,424.2,2.0,122.0,100000.0
1990-09-10 12:00:00+00:00,27.34,81.95,0.0,0.0,0.0,417.25,1.52,119.0,100070.0
1990-09-10 13:00:00+00:00,26.4,90.25,0.0,0.0,0.0,409.3,0.97,124.0,100140.0
1990-09-10 14:00:00+00:00,26.61,84.6,0.0,0.0,0.0,407.75,0.48,155.0,100170.0
1990-09-10 15:00:00+00:00,25.57,90.2,0.0,0.0,0.0,405.65,0.76,252.0,100170.0
1990-09-10 16:00:00+00:00,24.74,96.2,0.0,0.0,0.0,405.65,1.45,275.0,100160.0
1990-09-10 17:00:00+00:00,24.58,96.2,0.0,0.0,0.0,404.65,1.66,288.0,100120.0
1990-09-10 18:00:00+00:00,24.47,96.2,0.0,0.0,0.0,401.55,1.72,295.0,100070.0
1990-09-10 19:00:00+00:00,24.33,96.2,0.0,0.0,0.0,401.95,1.31,301.0,100060.0
1990-09-10 20:00:00+00:00,24.11,96.2,0.0,0.0,0.0,401.75,1.38,307.0,100020.0
1990-09-10 21:00:00+00:00,24.08,96.2,0.0,0.0,0.0,406.2,1.45,313.0,100020.0
1990-09-10 22:00:00+00:00,23.96,99.4,0.0,0.0,0.0,404.65,1.38,317.0,100020.0
1990-09-10 23:00:00+00:00,24.94,96.2,244.0,691.28,86.95,400.6,1.03,315.0,100060.0
1990-09-11 00:00:00+00:00,27.81,79.4,464.75,756.31,124.05,408.75,1.17,311.0,100090.0
1990-09-11 01:00:00+00:00,29.55,74.55,666.9,835.13,127.25,412.7,1.59,309.0,100090.0
1990-09-11 02:00:00+00:00,30.93,67.85,800.85,819.99,144.95,419.75,2.21,318.0,100070.0
1990-09-11 03:00:00+00:00,31.84,63.8,837.75,768.56,145.2,426.55,2.55,333.0,100030.0
1990-09-11 04:00:00+00:00,32.37,61.85,772.35,638.39,170.4,430.2,2.62,345.0,99950.0
1990-09-11 05:00:00+00:00,32.81,60.0,823.7,729.9,150.35,438.9,2.34,346.0,99860.0
1990-09-11 06:00:00+00:00,33.32,58.15,692.65,663.1,134.8,441.25,2.14,341.0,99750.0
1990-09-11 07:00:00+00:00,33.14,56.3,525.6,576.76,119.15,435.25,1.86,340.0,99700.0
1990-09-11 08:00:00+00:00,33.2,54.5,272.45,353.34,87.95,446.85,1.38,348.0,99660.0
1990-09-11 09:00:00+00:00,32.39,59.85,95.8,166.64,44.8,442.4,0.69,54.0,99650.0
1990-09-11 10:00:00+00:00,30.53,70.0,3.2,6.33,2.75,435.65,0.97,78.0,99740.0
1990-09-11 11:00:00+00:00,28.97,79.5,0.0,0.0,0.0,434.85,1.59,108.0,99770.0
1990-09-11 12:00:00+00:00,28.07,82.05,0.0,0.0,0.0,432.15,1.72,126.0,99840.0
1990-09-11 13:00:00+00:00,27.39,87.45,0.0,0.0,0.0,426.55,1.52,125.0,99890.0
1990-09-11 14:00:00+00:00,26.78,90.25,0.0,0.0,0.0,419.0,1.38,122.0,99960.0
1990-09-11 15:00:00+00:00,26.35,93.2,0.0,0.0,0.0,421.1,1.17,129.0,99960.0
1990-09-11 16:00:00+00:00,26.03,96.25,0.0,0.0,0.0,419.75,0.76,142.0,99960.0
1990-09-11 17:00:00+00:00,26.25,90.25,0.0,0.0,0.0,425.2,0.48,247.0,99920.0
1990-09-11 18:00:00+00:00,25.64,96.25,0.0,0.0,0.0,425.75,1.03,287.0,99890.0
1990-09-11 19:00:00+00:00,25.5,99.4,0.0,0.0,0.0,420.15,0.83,311.0,99870.0
1990-09-11 20:00:00+00:00,25.13,96.25,0.0,0.0,0.0,414.75,1.17,332.0,99850.0
1990-09-11 21:00:00+00:00,25.01,99.4,0.0,0.0,0.0,416.1,1.24,320.0,99840.0
1990-09-11 22:00:00+00:00,24.97,96.2,0.0,0.0,0.0,416.1,1.45,303.0,99840.0
1990-09-11 23:00:00+00:00,25.78,93.2,233.5,594.0,99.2,413.0,1.38,301.0,99870.0
1990-09-12 00:00:00+00:00,27.74,79.4,451.65,711.7,131.85,413.75,1.79,303.0,99920.0
1990-09-12 01:00:00+00:00,29.01,76.95,644.05,750.32,160.15,418.7,2.48,321.0,99960.0
1990-09-12 02:00:00+00:00,30.2,70.0,807.9,832.73,143.05,421.9,2.48,331.0,99960.0
1990-09-12 03:00:00+00:00,31.2,65.8,792.15,714.5,149.6,428.1,2.55,341.0,99910.0
1990-09-12 04:00:00+00:00,31.75,61.75,725.7,585.96,174.45,429.65,2.55,341.0,99840.0
1990-09-12 05:00:00+00:00,32.26,59.85,757.95,640.24,168.95,439.5,2.48,343.0,99720.0
1990-09-12 06:00:00+00:00,32.59,59.85,649.0,603.77,142.85,437.55,2.55,348.0,99650.0
1990-09-12 07:00:00+00:00,33.1,58.05,430.55,452.61,113.1,445.3,2.14,324.0,99620.0
1990-09-12 08:00:00+00:00,32.94,58.05,284.1,381.6,86.25,442.4,2.21,327.0,99600.0
1990-09-12 09:00:00+00:00,32.53,59.85,103.45,176.6,50.1,437.0,1.79,331.0,99630.0
1990-09-12 10:00:00+00:00,31.05,70.1,2.8,6.72,2.35,436.4,1.24,3.0,99630.0
1990-09-12 11:00:00+00:00,29.66,77.1,0.0,0.0,0.0,439.1,1.1,58.0,99710.0
1990-09-12 12:00:00+00:00,30.01,67.7,0.0,0.0,0.0,436.4,0.34,61.0,99750.0
1990-09-12 13:00:00+00:00,28.55,79.4,0.0,0.0,0.0,426.35,0.76,299.0,99780.0
1990-09-12 14:00:00+00:00,26.98,84.6,0.0,0.0,0.0,418.0,1.31,304.0,99790.0
1990-09-12 15:00:00+00:00,26.41,84.55,0.0,0.0,0.0,413.75,1.59,308.0,99800.0
1990-09-12 16:00:00+00:00,25.97,84.5,0.0,0.0,0.0,410.85,1.66,311.0,99790.0
1990-09-12 17:00:00+00:00,25.61,84.5,0.0,0.0,0.0,409.5,1.66,323.0,99780.0
1990-09-12 18:00:00+00:00,25.14,87.3,0.0,0.0,0.0,407.55,1.45,336.0,99780.0
1990-09-12 19:00:00+00:00,25.06,81.75,0.0,0.0,0.0,405.65,1.72,330.0,99740.0
1990-09-12 20:00:00+00:00,24.77,84.4,0.0,0.0,0.0,402.9,1.79,318.0,99750.0
1990-09-12 21:00:00+00:00,24.58,81.7,0.0,0.0,0.0,401.55,1.86,318.0,99760.0
1990-09-12 22:00:00+00:00,24.36,87.2,0.0,0.0,0.0,398.85,1.93,324.0,99740.0
1990-09-12 23:00:00+00:00,25.08,84.45,247.1,732.71,82.25,397.1,1.72,328.0,99820.0
1990-09-13 00:00:00+00:00,27.27,74.3,471.15,810.27,108.0,400.2,2.41,332.0,99870.0
1990-09-13 01:00:00+00:00,28.58,69.75,666.95,840.94,125.7,405.55,2.9,337.0,99910.0
1990-09-13 02:00:00+00:00,29.91,67.7,811.8,843.87,139.35,411.45,2.76,336.0,99930.0
1990-09-13 03:00:00+00:00,31.22,63.7,895.65,838.64,143.0,418.0,2.41,339.0,99950.0
1990-09-13 04:00:00+00:00,32.26,57.95,903.6,806.02,147.1,425.0,2.14,340.0,99860.0
1990-09-13 05:00:00+00:00,33.0,54.4,808.95,711.66,156.1,429.65,2.0,331.0,99750.0
1990-09-13 06:00:00+00:00,33.41,52.75,677.4,637.43,144.95,433.3,2.14,320.0,99650.0
1990-09-13 07:00:00+00:00,33.56,49.4,468.9,498.58,120.9,436.2,2.69,316.0,99640.0
1990-09-13 08:00:00+00:00,33.41,49.4,280.05,338.7,105.7,434.1,2.34,327.0,99610.0
1990-09-13 09:00:00+00:00,32.86,54.4,94.2,129.98,55.45,434.1,1.66,323.0,99640.0
1990-09-13 10:00:00+00:00,31.38,67.95,3.05,2.39,2.9,440.85,1.31,275.0,99620.0
1990-09-13 11:00:00+00:00,29.82,72.25,0.0,0.0,0.0,432.35,1.38,273.0,99650.0
1990-09-13 12:00:00+00:00,28.66,74.5,0.0,0.0,0.0,426.35,1.52,309.0,99720.0
1990-09-13 13:00:00+00:00,28.09,72.0,0.0,0.0,0.0,424.6,1.93,323.0,99820.0
1990-09-13 14:00:00+00:00,28.07,67.4,0.0,0.0,0.0,422.1,2.41,324.0,99870.0
1990-09-13 15:00:00+00:00,27.98,63.1,0.0,0.0,0.0,423.45,2.62,321.0,99870.0
1990-09-13 16:00:00+00:00,27.59,63.1,0.0,0.0,0.0,418.4,2.62,320.0,99830.0
1990-09-13 17:00:00+00:00,27.23,65.1,0.0,0.0,0.0,417.65,2.55,323.0,99800.0
1990-09-13 18:00:00+00:00,26.9,69.5,0.0,0.0,0.0,415.5,2.55,324.0,99760.0
1990-09-13 19:00:00+00:00,26.68,67.2,0.0,0.0,0.0,408.15,2.83,321.0,99720.0
1990-09-13 20:00:00+00:00,26.35,69.4,0.0,0.0,0.0,406.4,2.83,320.0,99720.0
1990-09-13 21:00:00+00:00,25.98,74.1,0.0,0.0,0.0,403.3,2.76,322.0,99740.0
1990-09-13 22:00:00+00:00,25.72,74.1,0.0,0.0,0.0,402.55,2.83,323.0,99760.0
1990-09-13 23:00:00+00:00,26.0,76.6,236.1,599.24,101.95,401.4,2.62,322.0,99830.0
1990-09-14 00:00:00+00:00,27.26,71.9,469.4,779.86,120.8,402.15,3.31,323.0,99860.0
1990-09-14 01:00:00+00:00,28.67,69.75,670.9,834.74,134.75,405.55,3.79,328.0,99880.0
1990-09-14 02:00:00+00:00,30.13,65.6,808.35,805.05,168.1,410.3,3.59,330.0,99890.0
1990-09-14 03:00:00+00:00,31.56,61.65,872.9,744.05,206.55,417.45,3.38,330.0,99890.0
1990-09-14 04:00:00+00:00,32.65,56.2,859.05,654.86,245.9,429.85,3.1,329.0,99810.0
1990-09-14 05:00:00+00:00,33.46,54.5,772.35,568.38,252.45,433.1,3.1,321.0,99690.0
1990-09-14 06:00:00+00:00,34.01,51.15,642.25,491.62,233.1,437.75,3.31,312.0,99580.0
1990-09-14 07:00:00+00:00,34.2,48.0,439.6,361.09,188.8,440.1,4.0,318.0,99470.0
1990-09-14 08:00:00+00:00,33.7,49.5,241.9,231.01,123.85,442.8,3.59,319.0,99460.0
1990-09-14 09:00:00+00:00,32.89,54.4,77.75,71.4,56.75,443.75,2.55,318.0,99470.0
1990-09-14 10:00:00+00:00,31.72,55.95,2.5,0.0,2.5,445.7,2.14,309.0,99510.0
1990-09-14 11:00:00+00:00,30.7,57.6,0.0,0.0,0.0,437.4,2.48,314.0,99560.0
1990-09-14 12:00:00+00:00,30.21,57.5,0.0,0.0,0.0,436.8,2.9,323.0,99640.0
1990-09-14 13:00:00+00:00,29.64,59.35,0.0,0.0,0.0,432.75,2.83,315.0,99700.0
1990-09-14 14:00:00+00:00,29.05,63.2,0.0,0.0,0.0,429.05,2.76,299.0,99700.0
1990-09-14 15:00:00+00:00,28.54,65.2,0.0,0.0,0.0,424.6,2.9,302.0,99680.0
1990-09-14 16:00:00+00:00,28.16,67.4,0.0,0.0,0.0,422.1,3.03,309.0,99670.0
1990-09-14 17:00:00+00:00,27.79,67.4,0.0,0.0,0.0,421.5,3.1,308.0,99640.0
1990-09-14 18:00:00+00:00,27.44,69.6,0.0,0.0,0.0,420.55,3.17,310.0,99580.0
1990-09-14 19:00:00+00:00,27.23,69.6,0.0,0.0,0.0,418.8,3.31,313.0,99610.0
1990-09-14 20:00:00+00:00,26.96,71.85,0.0,0.0,0.0,416.65,3.38,316.0,99580.0
1990-09-14 21:00:00+00:00,26.66,74.25,0.0,0.0,0.0,412.8,3.1,316.0,99610.0
1990-09-14 22:00:00+00:00,26.38,76.65,0.0,0.0,0.0,410.45,2.76,313.0,99650.0
1990-09-14 23:00:00+00:00,26.63,76.7,230.2,618.24,92.5,411.85,2.34,309.0,99740.0
1990-09-15 00:00:00+00:00,27.83,72.0,441.7,718.04,121.6,415.5,3.31,315.0,99770.0
1990-09-15 01:00:00+00:00,29.21,69.85,651.15,810.0,132.0,421.25,3.93,328.0,99810.0
1990-09-15 02:00:00+00:00,30.67,63.6,771.15,775.5,155.65,425.95,3.66,327.0,99800.0
1990-09-15 03:00:00+00:00,31.96,59.75,810.4,684.34,198.85,433.3,3.52,326.0,99790.0
1990-09-15 04:00:00+00:00,32.93,56.2,826.4,706.54,166.5,441.85,3.52,324.0,99730.0
1990-09-15 05:00:00+00:00,33.65,51.15,816.95,719.96,160.35,445.9,3.45,321.0,99620.0
1990-09-15 06:00:00+00:00,34.18,49.6,606.15,557.56,143.85,443.95,3.59,319.0,99540.0
1990-09-15 07:00:00+00:00,34.23,49.6,481.05,512.74,126.7,445.7,2.9,339.0,99510.0
1990-09-15 08:00:00+00:00,34.09,49.5,297.65,409.28,90.05,445.3,2.83,340.0,99480.0
1990-09-15 09:00:00+00:00,33.4,52.75,90.9,169.08,41.85,442.6,2.21,342.0,99480.0
1990-09-15 10:00:00+00:00,31.71,61.75,2.05,2.75,1.9,441.85,1.52,345.0,99520.0
1990-09-15 11:00:00+00:00,29.95,74.65,0.0,0.0,0.0,434.3,1.24,344.0,99560.0
1990-09-15 12:00:00+00:00,29.08,77.0,0.0,0.0,0.0,437.35,1.1,334.0,99630.0
1990-09-15 13:00:00+00:00,28.47,82.05,0.0,0.0,0.0,433.7,1.1,321.0,99720.0
1990-09-15 14:00:00+00:00,27.64,79.4,0.0,0.0,0.0,425.75,1.17,312.0,99770.0
1990-09-15 15:00:00+00:00,27.18,79.35,0.0,0.0,0.0,425.75,1.45,311.0,99760.0
1990-09-15 16:00:00+00:00,26.79,79.3,0.0,0.0,0.0,419.75,1.72,314.0,99750.0
1990-09-15 17:00:00+00:00,26.54,76.7,0.0,0.0,0.0,417.25,1.86,320.0,99700.0
1990-09-15 18:00:00+00:00,26.26,76.65,0.0,0.0,0.0,415.1,1.86,320.0,99660.0
1990-09-15 19:00:00+00:00,25.81,79.15,0.0,0.0,0.0,413.2,1.66,319.0,99690.0
1990-09-15 20:00:00+00:00,25.5,81.75,0.0,0.0,0.0,412.4,1.66,318.0,99680.0
1990-09-15 21:00:00+00:00,25.38,81.75,0.0,0.0,0.0,416.85,1.59,320.0,99720.0
1990-09-15 22:00:00+00:00,25.38,84.45,0.0,0.0,0.0,419.2,1.66,326.0,99740.0
1990-09-15 23:00:00+00:00,26.16,81.85,189.1,461.68,86.8,420.75,1.45,328.0,99810.0
1990-09-16 00:00:00+00:00,28.07,72.0,330.2,445.83,132.0,419.0,1.72,328.0,99850.0
1990-09-16 01:00:00+00:00,29.36,69.85,602.25,665.1,176.9,425.1,2.07,331.0,99880.0
1990-09-16 02:00:00+00:00,31.17,63.7,761.95,727.95,185.4,431.0,1.86,338.0,99900.0
1990-09-16 03:00:00+00:00,32.23,59.85,820.8,751.19,151.0,435.65,1.03,346.0,99890.0
1990-09-16 04:00:00+00:00,32.74,56.2,791.05,627.77,206.2,443.35,0.14,304.0,99830.0
1990-09-16 05:00:00+00:00,33.32,56.3,799.15,679.85,181.0,447.65,0.07,275.0,99740.0
1990-09-16 06:00:00+00:00,33.95,54.6,652.2,588.38,166.2,455.35,0.28,178.0,99680.0
1990-09-16 07:00:00+00:00,34.29,49.6,472.6,507.0,124.0,445.9,0.55,205.0,99670.0
1990-09-16 08:00:00+00:00,33.77,51.15,237.95,315.44,79.15,451.1,0.97,183.0,99620.0
1990-09-16 09:00:00+00:00,32.66,54.4,84.8,154.51,40.6,445.7,1.45,164.0,99650.0
1990-09-16 10:00:00+00:00,31.31,61.65,1.7,1.99,1.6,437.75,1.24,152.0,99710.0
1990-09-16 11:00:00+00:00,30.05,72.25,0.0,0.0,0.0,440.45,1.38,126.0,99750.0
1990-09-16 12:00:00+00:00,28.91,82.1,0.0,0.0,0.0,433.5,1.24,102.0,99840.0
1990-09-16 13:00:00+00:00,28.2,84.7,0.0,0.0,0.0,430.0,1.38,77.0,99950.0
1990-09-16 14:00:00+00:00,27.63,84.7,0.0,0.0,0.0,427.3,1.38,71.0,99980.0
1990-09-16 15:00:00+00:00,27.11,90.3,0.0,0.0,0.0,426.15,1.1,67.0,99960.0
1990-09-16 16:00:00+00:00,27.01,93.2,0.0,0.0,0.0,422.1,0.69,64.0,99930.0
1990-09-16 17:00:00+00:00,27.24,90.3,0.0,0.0,0.0,421.1,0.28,58.0,99900.0
1990-09-16 18:00:00+00:00,26.99,93.2,0.0,0.0,0.0,421.9,0.21,356.0,99890.0
1990-09-16 19:00:00+00:00,26.71,93.2,0.0,0.0,0.0,415.5,0.62,341.0,99890.0
1990-09-16 20:00:00+00:00,25.86,96.25,0.0,0.0,0.0,415.1,0.9,354.0,99880.0
1990-09-16 21:00:00+00:00,25.92,96.25,0.0,0.0,0.0,415.3,0.76,352.0,99910.0
1990-09-16 22:00:00+00:00,25.78,96.25,0.0,0.0,0.0,419.75,0.69,351.0,99940.0
1990-09-16 23:00:00+00:00,26.55,93.2,214.95,600.69,82.55,422.45,0.41,15.0,100010.0
1990-09-17 00:00:00+00:00,28.66,82.1,454.35,766.64,114.5,426.15,0.28,38.0,100070.0
1990-09-17 01:00:00+00:00,30.4,72.35,638.05,784.38,137.55,425.85,0.0,29.0,100120.0
1990-09-17 02:00:00+00:00,31.71,63.8,788.55,812.97,146.05,437.75,0.0,292.0,100130.0
1990-09-17 03:00:00+00:00,32.88,60.0,706.7,600.43,172.55,445.3,0.34,134.0,100100.0
1990-09-17 04:00:00+00:00,33.26,58.15,757.2,649.95,153.25,451.9,1.03,135.0,100050.0
1990-09-17 05:00:00+00:00,33.65,54.6,629.55,530.59,148.6,454.2,1.52,147.0,99950.0
1990-09-17 06:00:00+00:00,32.99,58.05,521.6,473.93,131.65,453.25,1.52,126.0,99900.0
1990-09-17 07:00:00+00:00,32.92,58.05,404.65,423.37,115.05,454.8,1.86,116.0,99880.0
1990-09-17 08:00:00+00:00,29.9,72.25,215.05,217.48,106.4,450.55,1.66,146.0,99920.0
1990-09-17 09:00:00+00:00,28.76,79.5,69.2,114.72,36.85,444.75,1.03,198.0,100000.0
1990-09-17 10:00:00+00:00,28.63,79.5,1.5,0.0,1.5,434.1,0.83,71.0,100000.0
1990-09-17 11:00:00+00:00,27.9,82.05,0.0,0.0,0.0,424.2,1.1,47.0,100070.0
1990-09-17 12:00:00+00:00,27.29,87.45,0.0,0.0,0.0,422.45,1.03,44.0,100110.0
1990-09-17 13:00:00+00:00,26.75,90.25,0.0,0.0,0.0,418.6,1.1,25.0,100200.0
1990-09-17 14:00:00+00:00,26.32,93.2,0.0,0.0,0.0,419.0,1.17,19.0,100200.0
1990-09-17 15:00:00+00:00,25.85,96.25,0.0,0.0,0.0,415.9,0.9,14.0,100180.0
1990-09-17 16:00:00+00:00,26.11,93.2,0.0,0.0,0.0,414.15,0.34,29.0,100170.0
1990-09-17 17:00:00+00:00,25.8,96.25,0.0,0.0,0.0,414.15,0.34,136.0,100160.0
1990-09-17 18:00:00+00:00,25.65,96.25,0.0,0.0,0.0,415.5,0.34,89.0,100100.0
1990-09-17 19:00:00+00:00,25.64,96.25,0.0,0.0,0.0,413.4,0.76,31.0,100080.0
1990-09-17 20:00:00+00:00,25.25,99.4,0.0,0.0,0.0,411.45,0.9,12.0,100070.0
1990-09-17 21:00:00+00:00,24.88,100.0,0.0,0.0,0.0,410.3,0.97,19.0,100120.0
1990-09-17 22:00:00+00:00,25.55,96.25,0.0,0.0,0.0,410.3,0.55,49.0,100190.0
1990-09-17 23:00:00+00:00,26.02,96.25,195.2,486.02,88.65,424.0,0.28,82.0,100250.0
1990-09-18 00:00:00+00:00,27.45,90.3,406.95,578.73,151.15,429.45,0.48,121.0,100320.0
1990-09-18 01:00:00+00:00,28.72,84.75,585.85,666.19,161.75,428.4,0.69,124.0,100340.0
1990-09-18 02:00:00+00:00,29.87,79.6,757.65,753.96,163.1,437.0,0.9,83.0,100300.0
1990-09-18 03:00:00+00:00,31.24,70.2,714.9,616.14,168.05,435.65,1.72,92.0,100280.0
1990-09-18 04:00:00+00:00,31.58,70.2,757.1,628.85,174.3,441.25,2.48,116.0,100260.0
1990-09-18 05:00:00+00:00,31.93,68.05,634.95,541.79,145.4,442.2,2.83,128.0,100200.0
1990-09-18 06:00:00+00:00,30.57,70.0,668.95,651.01,135.4,442.8,3.52,131.0,100090.0
1990-09-18 07:00:00+00:00,31.61,57.85,402.8,394.08,134.65,438.35,3.31,136.0,100080.0
1990-09-18 08:00:00+00:00,30.11,65.6,229.05,306.63,77.05,442.8,3.66,145.0,100140.0
1990-09-18 09:00:00+00:00,28.87,74.5,79.8,141.58,40.45,435.25,2.07,163.0,100150.0
1990-09-18 10:00:00+00:00,28.26,79.4,1.2,1.19,1.15,426.35,0.97,118.0,100160.0
1990-09-18 11:00:00+00:00,27.51,84.65,0.0,0.0,0.0,419.2,0.83,148.0,100230.0
1990-09-18 12:00:00+00:00,26.88,90.25,0.0,0.0,0.0,421.3,0.76,162.0,100340.0
1990-09-18 13:00:00+00:00,26.22,93.2,0.0,0.0,0.0,415.3,0.9,138.0,100410.0
1990-09-18 14:00:00+00:00,25.89,96.25,0.0,0.0,0.0,414.9,0.76,103.0,100440.0
1990-09-18 15:00:00+00:00,25.57,96.25,0.0,0.0,0.0,416.85,0.76,65.0,100430.0
1990-09-18 16:00:00+00:00,25.33,99.4,0.0,0.0,0.0,417.45,0.83,51.0,100410.0
1990-09-18 17:00:00+00:00,25.08,99.4,0.0,0.0,0.0,413.2,1.1,34.0,100360.0
1990-09-18 18:00:00+00:00,24.89,99.4,0.0,0.0,0.0,413.0,1.1,18.0,100310.0
1990-09-18 19:00:00+00:00,24.92,99.4,0.0,0.0,0.0,411.85,0.97,13.0,100320.0
1990-09-18 20:00:00+00:00,24.84,99.4,0.0,0.0,0.0,415.7,0.97,13.0,100310.0
1990-09-18 21:00:00+00:00,24.68,99.4,0.0,0.0,0.0,414.55,1.03,15.0,100310.0
1990-09-18 22:00:00+00:00,24.68,99.4,0.0,0.0,0.0,416.85,0.76,22.0,100320.0
1990-09-18 23:00:00+00:00,25.43,99.4,198.85,448.57,101.05,424.2,0.55,28.0,100380.0
1990-09-19 00:00:00+00:00,26.89,90.25,308.0,419.69,123.05,432.75,0.76,83.0,100430.0
1990-09-19 01:00:00+00:00,28.02,84.7,520.4,544.41,174.65,433.05,1.52,96.0,100470.0
1990-09-19 02:00:00+00:00,29.25,79.55,556.15,339.68,288.9,433.7,2.28,117.0,100490.0
1990-09-19 03:00:00+00:00,29.8,74.65,503.5,300.71,237.25,450.15,3.24,122.0,100480.0
1990-09-19 04:00:00+00:00,28.1,79.4,390.5,216.07,190.8,448.6,2.62,107.0,100480.0
1990-09-19 05:00:00+00:00,28.8,76.95,637.45,439.83,241.3,439.7,2.48,94.0,100360.0
1990-09-19 06:00:00+00:00,29.71,72.25,638.65,568.05,174.95,438.55,2.9,125.0,100310.0
1990-09-19 07:00:00+00:00,30.46,67.8,327.7,250.35,158.25,441.05,3.24,121.0,100190.0
1990-09-19 08:00:00+00:00,29.43,72.15,204.05,213.09,99.25,445.9,3.17,137.0,100180.0
1990-09-19 09:00:00+00:00,28.39,79.4,64.6,105.17,35.8,441.45,2.0,144.0,100230.0
1990-09-19 10:00:00+00:00,27.95,79.4,0.95,0.0,0.95,428.45,1.31,120.0,100230.0
1990-09-19 11:00:00+00:00,27.34,84.65,0.0,0.0,0.0,423.85,1.1,104.0,100320.0
1990-09-19 12:00:00+00:00,26.67,87.4,0.0,0.0,0.0,416.45,1.1,91.0,100440.0
1990-09-19 13:00:00+00:00,26.11,90.25,0.0,0.0,0.0,418.4,0.9,93.0,100490.0
1990-09-19 14:00:00+00:00,25.89,93.2,0.0,0.0,0.0,421.5,0.83,47.0,100510.0
1990-09-19 15:00:00+00:00,25.66,93.2,0.0,0.0,0.0,426.55,0.9,27.0,100470.0
1990-09-19 16:00:00+00:00,25.24,96.25,0.0,0.0,0.0,417.45,0.97,18.0,100420.0
1990-09-19 17:00:00+00:00,24.87,99.4,0.0,0.0,0.0,412.6,0.97,14.0,100350.0
1990-09-19 18:00:00+00:00,24.61,99.4,0.0,0.0,0.0,413.55,0.97,6.0,100320.0
1990-09-19 19:00:00+00:00,24.06,99.4,0.0,0.0,0.0,402.9,0.9,342.0,100310.0
1990-09-19 20:00:00+00:00,24.0,99.4,0.0,0.0,0.0,407.2,1.03,337.0,100310.0
1990-09-19 21:00:00+00:00,23.92,99.4,0.0,0.0,0.0,411.85,0.9,338.0,100310.0
1990-09-19 22:00:00+00:00,23.73,99.4,0.0,0.0,0.0,407.95,0.9,340.0,100350.0
1990-09-19 23:00:00+00:00,24.79,96.2,210.15,589.7,82.3,408.55,0.62,350.0,100360.0
1990-09-20 00:00:00+00:00,27.15,84.65,408.45,671.94,113.25,416.1,0.69,25.0,100420.0
1990-09-20 01:00:00+00:00,28.79,79.5,511.3,544.65,166.25,426.85,1.03,74.0,100450.0
1990-09-20 02:00:00+00:00,29.85,72.25,638.6,618.2,153.35,434.45,1.17,87.0,100430.0
1990-09-20 03:00:00+00:00,30.72,67.85,641.2,491.89,206.75,434.45,1.52,103.0,100390.0
1990-09-20 04:00:00+00:00,31.06,67.85,702.2,568.41,178.3,442.8,2.0,121.0,100350.0
1990-09-20 05:00:00+00:00,31.51,65.8,654.35,510.28,196.25,442.6,2.28,135.0,100270.0
1990-09-20 06:00:00+00:00,31.42,67.95,585.6,550.07,138.4,447.25,2.21,143.0,100180.0
1990-09-20 07:00:00+00:00,32.12,59.85,438.95,494.95,105.75,444.15,1.72,124.0,100040.0
1990-09-20 08:00:00+00:00,31.82,61.75,288.85,405.0,91.25,440.3,1.93,137.0,100010.0
1990-09-20 09:00:00+00:00,31.19,63.7,85.8,178.32,37.7,433.7,2.21,146.0,100010.0
1990-09-20 10:00:00+00:00,29.97,72.25,0.8,0.0,0.8,431.95,2.0,153.0,100040.0
1990-09-20 11:00:00+00:00,28.61,79.5,0.0,0.0,0.0,423.85,1.72,152.0,100100.0
1990-09-20 12:00:00+00:00,27.74,84.7,0.0,0.0,0.0,419.0,1.31,157.0,100190.0
1990-09-20 13:00:00+00:00,26.93,90.25,0.0,0.0,0.0,417.05,1.03,153.0,100270.0
1990-09-20 14:00:00+00:00,26.65,90.25,0.0,0.0,0.0,418.6,0.76,138.0,100300.0
1990-09-20 15:00:00+00:00,26.82,90.25,0.0,0.0,0.0,414.9,0.28,105.0,100260.0
1990-09-20 16:00:00+00:00,26.33,93.2,0.0,0.0,0.0,409.9,0.48,13.0,100220.0
1990-09-20 17:00:00+00:00,25.74,96.25,0.0,0.0,0.0,413.0,0.62,360.0,100150.0
1990-09-20 18:00:00+00:00,25.26,99.4,0.0,0.0,0.0,408.55,0.69,355.0,100090.0
1990-09-20 19:00:00+00:00,25.08,99.4,0.0,0.0,0.0,410.1,0.76,345.0,100010.0
1990-09-20 20:00:00+00:00,24.59,99.4,0.0,0.0,0.0,407.95,0.97,345.0,100030.0
1990-09-20 21:00:00+00:00,24.33,100.0,0.0,0.0,0.0,405.45,1.03,346.0,100010.0
1990-09-20 22:00:00+00:00,24.36,100.0,0.0,0.0,0.0,425.55,0.83,345.0,100020.0
1990-09-20 23:00:00+00:00,25.3,99.4,187.95,365.32,109.2,419.55,0.55,348.0,100050.0
1990-09-21 00:00:00+00:00,27.23,87.45,439.6,723.73,122.65,437.75,0.48,355.0,100090.0
1990-09-21 01:00:00+00:00,29.41,77.0,632.85,770.49,145.95,416.95,0.48,12.0,100120.0
1990-09-21 02:00:00+00:00,30.94,67.85,719.35,685.14,182.85,433.7,0.83,50.0,100110.0
1990-09-21 03:00:00+00:00,31.93,61.75,772.85,684.96,169.4,442.8,1.38,71.0,100050.0
1990-09-21 04:00:00+00:00,32.54,61.85,778.85,580.41,245.4,443.2,1.45,72.0,99990.0
1990-09-21 05:00:00+00:00,32.81,60.0,690.55,610.11,144.65,451.1,1.45,82.0,99900.0
1990-09-21 06:00:00+00:00,33.2,58.15,654.7,637.76,138.35,448.8,1.24,120.0,99820.0
1990-09-21 07:00:00+00:00,34.14,54.7,504.25,581.54,114.9,448.8,1.31,116.0,99700.0
1990-09-21 08:00:00+00:00,33.15,58.15,246.45,335.45,84.1,452.65,1.38,113.0,99690.0
1990-09-21 09:00:00+00:00,32.19,61.85,66.7,104.28,39.0,456.55,1.24,126.0,99680.0
1990-09-21 10:00:00+00:00,31.13,67.95,0.6,0.0,0.6,444.35,1.24,119.0,99720.0
1990-09-21 11:00:00+00:00,29.73,77.1,0.0,0.0,0.0,433.1,1.59,109.0,99780.0
1990-09-21 12:00:00+00:00,28.83,82.1,0.0,0.0,0.0,433.1,1.79,117.0,99860.0
1990-09-21 13:00:00+00:00,28.13,84.7,0.0,0.0,0.0,434.45,1.59,109.0,99940.0
1990-09-21 14:00:00+00:00,27.28,87.45,0.0,0.0,0.0,430.4,1.31,73.0,100000.0
1990-09-21 15:00:00+00:00,26.13,90.25,0.0,0.0,0.0,434.45,1.17,40.0,100000.0
1990-09-21 16:00:00+00:00,25.81,93.2,0.0,0.0,0.0,433.3,0.9,343.0,99940.0
1990-09-21 17:00:00+00:00,25.52,96.25,0.0,0.0,0.0,424.4,0.9,333.0,99850.0
1990-09-21 18:00:00+00:00,25.16,96.25,0.0,0.0,0.0,413.55,1.03,339.0,99780.0
1990-09-21 19:00:00+00:00,25.26,99.4,0.0,0.0,0.0,414.55,0.76,339.0,99760.0
1990-09-21 20:00:00+00:00,25.1,99.4,0.0,0.0,0.0,415.7,0.83,324.0,99690.0
1990-09-21 21:00:00+00:00,24.81,99.4,0.0,0.0,0.0,408.55,0.9,322.0,99690.0
1990-09-21 22:00:00+00:00,24.62,99.4,0.0,0.0,0.0,410.45,1.03,323.0,99700.0
1990-09-21 23:00:00+00:00,25.63,96.25,231.0,663.8,88.75,405.65,0.97,319.0,99720.0
1990-09-22 00:00:00+00:00,27.94,84.7,457.95,802.59,107.6,413.4,1.03,318.0,99750.0
1990-09-22 01:00:00+00:00,30.04,77.1,653.6,837.86,125.5,416.6,1.24,325.0,99740.0
1990-09-22 02:00:00+00:00,31.94,65.9,794.15,845.84,133.45,425.4,2.0,347.0,99680.0
1990-09-22 03:00:00+00:00,33.52,56.3,876.55,837.18,140.9,432.9,2.9,6.0,99590.0
1990-09-22 04:00:00+00:00,34.58,51.3,834.25,760.55,137.25,437.35,3.03,18.0,99520.0
1990-09-22 05:00:00+00:00,35.25,46.7,815.9,733.75,161.6,445.1,3.17,27.0,99410.0
1990-09-22 06:00:00+00:00,35.68,43.85,683.8,691.86,126.0,441.25,3.31,41.0,99320.0
1990-09-22 07:00:00+00:00,35.34,45.2,482.45,558.34,110.7,442.2,3.38,78.0,99310.0
1990-09-22 08:00:00+00:00,34.19,51.3,258.65,349.36,90.95,441.05,2.97,110.0,99260.0
1990-09-22 09:00:00+00:00,32.65,58.05,71.7,105.92,44.0,436.2,2.9,128.0,99270.0
1990-09-22 10:00:00+00:00,30.81,65.7,0.55,0.0,0.55,429.45,2.14,139.0,99340.0
1990-09-22 11:00:00+00:00,29.44,74.55,0.0,0.0,0.0,421.1,1.24,170.0,99380.0
1990-09-22 12:00:00+00:00,28.35,82.05,0.0,0.0,0.0,417.05,1.31,253.0,99430.0
1990-09-22 13:00:00+00:00,27.44,84.65,0.0,0.0,0.0,415.7,1.45,270.0,99450.0
1990-09-22 14:00:00+00:00,26.84,87.4,0.0,0.0,0.0,416.65,1.31,277.0,99450.0
1990-09-22 15:00:00+00:00,26.49,90.25,0.0,0.0,0.0,420.75,1.24,290.0,99400.0
1990-09-22 16:00:00+00:00,26.47,87.35,0.0,0.0,0.0,423.05,1.52,305.0,99300.0
1990-09-22 17:00:00+00:00,26.25,87.35,0.0,0.0,0.0,419.95,1.31,315.0,99220.0
1990-09-22 18:00:00+00:00,25.9,90.2,0.0,0.0,0.0,416.65,1.17,343.0,99170.0
1990-09-22 19:00:00+00:00,25.93,90.2,0.0,0.0,0.0,412.6,1.17,22.0,99170.0
1990-09-22 20:00:00+00:00,26.01,87.3,0.0,0.0,0.0,414.15,1.59,27.0,99170.0
1990-09-22 21:00:00+00:00,26.38,76.65,0.0,0.0,0.0,419.0,2.07,16.0,99200.0
1990-09-22 22:00:00+00:00,26.85,67.2,0.0,0.0,0.0,419.2,2.41,23.0,99250.0
1990-09-22 23:00:00+00:00,27.4,67.3,151.85,175.11,114.55,421.5,2.41,35.0,99310.0
1990-09-23 00:00:00+00:00,28.78,65.3,319.75,317.42,181.65,427.9,2.34,53.0,99390.0
1990-09-23 01:00:00+00:00,30.01,65.5,538.0,574.75,176.7,430.15,4.76,63.0,99440.0
1990-09-23 02:00:00+00:00,31.18,61.65,504.6,285.51,282.15,436.4,6.62,64.0,99430.0
1990-09-23 03:00:00+00:00,31.24,61.65,452.1,247.43,235.25,452.65,7.45,72.0,99420.0
1990-09-23 04:00:00+00:00,29.58,72.25,553.45,366.24,218.8,454.0,6.48,70.0,99420.0
1990-09-23 05:00:00+00:00,30.26,72.35,578.2,364.2,254.55,437.95,6.83,69.0,99380.0
1990-09-23 06:00:00+00:00,28.89,79.5,264.6,64.34,212.95,441.05,6.9,74.0,99360.0
1990-09-23 07:00:00+00:00,27.16,84.65,91.05,5.66,87.3,443.55,7.93,83.0,99360.0
1990-09-23 08:00:00+00:00,26.4,90.25,29.6,1.26,29.0,438.35,6.9,85.0,99330.0
1990-09-23 09:00:00+00:00,26.34,90.25,19.1,4.86,17.85,437.2,6.07,86.0,99390.0
1990-09-23 10:00:00+00:00,26.33,90.25,0.15,0.0,0.15,433.3,6.21,85.0,99470.0
1990-09-23 11:00:00+00:00,26.2,90.25,0.0,0.0,0.0,436.2,6.21,87.0,99540.0
1990-09-23 12:00:00+00:00,26.22,90.25,0.0,0.0,0.0,434.45,6.55,89.0,99660.0
1990-09-23 13:00:00+00:00,25.65,93.2,0.0,0.0,0.0,436.2,7.24,94.0,99740.0
1990-09-23 14:00:00+00:00,25.57,93.2,0.0,0.0,0.0,433.7,6.9,100.0,99810.0
1990-09-23 15:00:00+00:00,25.66,93.2,0.0,0.0,0.0,431.55,6.21,103.0,99830.0
1990-09-23 16:00:00+00:00,25.93,93.2,0.0,0.0,0.0,440.85,5.52,107.0,99820.0
1990-09-23 17:00:00+00:00,25.63,93.2,0.0,0.0,0.0,436.0,6.41,117.0,99750.0
1990-09-23 18:00:00+00:00,25.97,93.2,0.0,0.0,0.0,434.45,5.38,112.0,99730.0
1990-09-23 19:00:00+00:00,26.12,90.25,0.0,0.0,0.0,425.95,5.45,117.0,99750.0
1990-09-23 20:00:00+00:00,25.93,93.2,0.0,0.0,0.0,425.55,4.34,116.0,99780.0
1990-09-23 21:00:00+00:00,25.78,96.25,0.0,0.0,0.0,426.55,4.9,123.0,99820.0
1990-09-23 22:00:00+00:00,25.55,93.2,0.0,0.0,0.0,427.7,5.1,125.0,99890.0
1990-09-23 23:00:00+00:00,25.79,96.25,101.6,137.46,72.5,429.25,4.55,120.0,99970.0
1990-09-24 00:00:00+00:00,26.23,93.2,204.5,172.17,129.85,438.9,4.0,122.0,100100.0
1990-09-24 01:00:00+00:00,26.78,90.25,490.45,505.67,173.45,443.3,3.79,127.0,100140.0
1990-09-24 02:00:00+00:00,27.32,84.65,578.25,461.19,219.85,427.9,5.24,137.0,100160.0
1990-09-24 03:00:00+00:00,27.93,82.05,448.35,248.73,230.95,423.65,5.1,133.0,100180.0
1990-09-24 04:00:00+00:00,27.42,87.45,353.5,204.77,166.95,433.9,3.86,120.0,100250.0
1990-09-24 05:00:00+00:00,26.93,84.6,438.6,245.05,221.6,427.5,4.62,130.0,100140.0
1990-09-24 06:00:00+00:00,27.12,87.45,434.7,340.34,162.65,430.6,3.59,123.0,100150.0
1990-09-24 07:00:00+00:00,28.0,84.7,283.3,243.65,122.9,430.2,4.0,122.0,100090.0
1990-09-24 08:00:00+00:00,26.48,87.35,145.4,145.63,76.65,437.55,3.38,127.0,100080.0
1990-09-24 09:00:00+00:00,26.47,90.25,43.8,63.76,27.65,434.3,2.62,115.0,100130.0
1990-09-24 10:00:00+00:00,25.87,93.2,0.05,0.0,0.05,437.35,2.55,111.0,100190.0
1990-09-24 11:00:00+00:00,25.42,96.25,0.0,0.0,0.0,429.65,2.28,91.0,100240.0
1990-09-24 12:00:00+00:00,25.44,96.25,0.0,0.0,0.0,434.1,2.21,78.0,100340.0
1990-09-24 13:00:00+00:00,25.41,99.4,0.0,0.0,0.0,436.0,2.28,77.0,100340.0
1990-09-24 14:00:00+00:00,25.53,99.4,0.0,0.0,0.0,441.05,2.14,74.0,100350.0
1990-09-24 15:00:00+00:00,25.49,99.4,0.0,0.0,0.0,439.1,2.14,76.0,100330.0
1990-09-24 16:00:00+00:00,25.43,99.4,0.0,0.0,0.0,439.7,2.34,85.0,100330.0
1990-09-24 17:00:00+00:00,25.14,96.25,0.0,0.0,0.0,439.3,2.48,104.0,100300.0
1990-09-24 18:00:00+00:00,25.1,96.25,0.0,0.0,0.0,440.45,2.21,106.0,100240.0
1990-09-24 19:00:00+00:00,24.94,99.4,0.0,0.0,0.0,421.7,1.66,70.0,100200.0
1990-09-24 20:00:00+00:00,24.83,99.4,0.0,0.0,0.0,422.1,1.38,61.0,100190.0
1990-09-24 21:00:00+00:00,24.9,99.4,0.0,0.0,0.0,434.85,1.52,63.0,100200.0
1990-09-24 22:00:00+00:00,24.99,96.2,0.0,0.0,0.0,430.6,2.55,74.0,100250.0
1990-09-24 23:00:00+00:00,25.01,99.4,122.85,208.69,78.95,440.3,2.41,78.0,100290.0
1990-09-25 00:00:00+00:00,25.78,93.2,299.55,379.92,135.4,437.55,2.48,85.0,100370.0
1990-09-25 01:00:00+00:00,27.0,90.25,453.9,385.12,213.15,422.0,2.34,87.0,100410.0
1990-09-25 02:00:00+00:00,27.38,81.95,316.05,148.57,200.9,426.15,3.93,115.0,100450.0
1990-09-25 03:00:00+00:00,26.72,84.6,608.1,386.81,270.95,442.8,2.76,106.0,100420.0
1990-09-25 04:00:00+00:00,28.19,79.4,590.4,353.83,269.05,427.9,3.24,107.0,100330.0
1990-09-25 05:00:00+00:00,28.81,79.5,602.15,433.32,219.8,431.95,3.45,117.0,100210.0
1990-09-25 06:00:00+00:00,29.17,77.0,466.65,343.9,192.95,435.05,3.38,125.0,100130.0
1990-09-25 07:00:00+00:00,28.81,82.1,387.5,330.38,171.25,442.2,2.34,105.0,100140.0
1990-09-25 08:00:00+00:00,28.87,82.1,232.3,308.16,88.05,436.2,2.21,112.0,100050.0
1990-09-25 09:00:00+00:00,27.93,82.05,58.15,88.29,36.15,428.65,2.21,129.0,100090.0
1990-09-25 10:00:00+00:00,27.16,84.65,0.1,0.0,0.1,421.5,1.1,186.0,100160.0
1990-09-25 11:00:00+00:00,26.44,90.25,0.0,0.0,0.0,415.7,1.03,231.0,100220.0
1990-09-25 12:00:00+00:00,25.77,96.25,0.0,0.0,0.0,417.45,0.62,268.0,100290.0
1990-09-25 13:00:00+00:00,25.5,96.25,0.0,0.0,0.0,417.05,0.55,335.0,100350.0
1990-09-25 14:00:00+00:00,25.39,96.25,0.0,0.0,0.0,412.0,0.48,348.0,100360.0
1990-09-25 15:00:00+00:00,24.87,99.4,0.0,0.0,0.0,423.45,0.76,331.0,100350.0
1990-09-25 16:00:00+00:00,24.68,99.4,0.0,0.0,0.0,424.2,0.9,334.0,100330.0
1990-09-25 17:00:00+00:00,24.68,99.4,0.0,0.0,0.0,423.85,1.1,345.0,100290.0
1990-09-25 18:00:00+00:00,24.74,99.4,0.0,0.0,0.0,424.4,1.03,353.0,100250.0
1990-09-25 19:00:00+00:00,24.61,99.4,0.0,0.0,0.0,422.3,0.55,2.0,100240.0
1990-09-25 20:00:00+00:00,24.56,99.4,0.0,0.0,0.0,422.1,0.83,0.0,100190.0
1990-09-25 21:00:00+00:00,24.92,99.4,0.0,0.0,0.0,423.25,0.41,18.0,100180.0
1990-09-25 22:00:00+00:00,24.9,99.4,0.0,0.0,0.0,415.7,0.48,343.0,100240.0
1990-09-25 23:00:00+00:00,25.06,96.25,208.6,603.11,82.55,418.0,0.69,353.0,100230.0
1990-09-26 00:00:00+00:00,26.7,87.4,368.2,537.39,136.85,411.65,0.76,51.0,100290.0
1990-09-26 01:00:00+00:00,27.88,82.05,596.3,701.72,158.9,423.55,0.97,54.0,100320.0
1990-09-26 02:00:00+00:00,29.16,79.55,733.75,721.98,175.7,426.55,1.17,66.0,100320.0
1990-09-26 03:00:00+00:00,30.16,74.7,721.35,597.2,202.3,429.25,1.45,84.0,100270.0
1990-09-26 04:00:00+00:00,30.57,72.35,537.0,327.65,240.35,440.1,2.55,97.0,100200.0
1990-09-26 05:00:00+00:00,27.96,79.4,401.4,215.71,211.75,444.75,2.48,111.0,100210.0
1990-09-26 06:00:00+00:00,28.05,79.4,311.6,131.38,207.5,437.95,2.14,126.0,100110.0
1990-09-26 07:00:00+00:00,27.86,79.4,188.8,87.59,131.8,431.0,2.41,92.0,100100.0
1990-09-26 08:00:00+00:00,27.8,79.4,119.15,45.89,97.85,433.9,2.07,100.0,100110.0
1990-09-26 09:00:00+00:00,27.14,81.95,34.6,16.73,30.5,433.5,1.86,75.0,100070.0
1990-09-26 10:00:00+00:00,26.63,84.6,0.05,0.0,0.05,430.8,1.38,53.0,100120.0
1990-09-26 11:00:00+00:00,25.59,87.3,0.0,0.0,0.0,424.0,0.55,28.0,100270.0
1990-09-26 12:00:00+00:00,24.86,93.15,0.0,0.0,0.0,426.9,0.48,356.0,100360.0
1990-09-26 13:00:00+00:00,24.67,93.15,0.0,0.0,0.0,434.65,0.28,332.0,100450.0
1990-09-26 14:00:00+00:00,24.56,93.15,0.0,0.0,0.0,431.75,0.48,345.0,100480.0
1990-09-26 15:00:00+00:00,24.53,93.15,0.0,0.0,0.0,424.6,0.28,320.0,100460.0
1990-09-26 16:00:00+00:00,24.23,96.2,0.0,0.0,0.0,413.4,0.69,350.0,100380.0
1990-09-26 17:00:00+00:00,24.24,96.2,0.0,0.0,0.0,418.6,0.76,2.0,100360.0
1990-09-26 18:00:00+00:00,23.96,99.4,0.0,0.0,0.0,408.15,0.97,355.0,100300.0
1990-09-26 19:00:00+00:00,23.65,96.2,0.0,0.0,0.0,407.95,1.03,336.0,100340.0
1990-09-26 20:00:00+00:00,23.6,96.2,0.0,0.0,0.0,408.35,0.97,348.0,100300.0
1990-09-26 21:00:00+00:00,23.78,96.2,0.0,0.0,0.0,416.45,0.97,357.0,100320.0
1990-09-26 22:00:00+00:00,23.89,96.2,0.0,0.0,0.0,414.55,0.83,353.0,100320.0
1990-09-26 23:00:00+00:00,24.54,93.15,205.2,533.45,94.45,409.9,0.9,4.0,100340.0
1990-09-27 00:00:00+00:00,26.21,84.55,410.6,670.3,123.1,409.3,1.24,27.0,100340.0
1990-09-27 01:00:00+00:00,27.51,74.3,465.15,482.8,165.1,406.7,4.14,55.0,100380.0
1990-09-27 02:00:00+00:00,27.87,72.0,717.6,669.32,201.7,421.1,4.07,58.0,100370.0
1990-09-27 03:00:00+00:00,28.91,69.75,660.2,443.62,275.75,421.7,4.9,57.0,100340.0
1990-09-27 04:00:00+00:00,29.41,65.4,597.8,348.86,282.95,438.75,4.34,62.0,100280.0
1990-09-27 05:00:00+00:00,29.52,67.6,710.9,562.93,217.8,433.9,3.66,67.0,100210.0
1990-09-27 06:00:00+00:00,30.08,63.5,569.2,526.06,154.25,435.65,3.59,65.0,100130.0
1990-09-27 07:00:00+00:00,29.77,65.5,448.1,474.15,141.35,422.65,3.24,67.0,100080.0
1990-09-27 08:00:00+00:00,29.58,63.4,206.5,262.11,85.9,431.2,2.76,76.0,100030.0
1990-09-27 09:00:00+00:00,28.65,69.75,62.05,142.54,27.7,428.3,1.52,105.0,100080.0
1990-09-27 10:00:00+00:00,27.81,74.4,0.0,0.0,0.0,425.4,1.03,136.0,100100.0
1990-09-27 11:00:00+00:00,26.64,84.6,0.0,0.0,0.0,420.35,0.83,164.0,100160.0
1990-09-27 12:00:00+00:00,26.06,81.85,0.0,0.0,0.0,410.3,0.69,235.0,100200.0
1990-09-27 13:00:00+00:00,24.96,90.15,0.0,0.0,0.0,402.15,0.97,252.0,100280.0
1990-09-27 14:00:00+00:00,24.34,96.2,0.0,0.0,0.0,408.15,1.03,255.0,100250.0
1990-09-27 15:00:00+00:00,23.78,96.2,0.0,0.0,0.0,398.65,0.97,258.0,100230.0
1990-09-27 16:00:00+00:00,23.31,99.4,0.0,0.0,0.0,394.6,0.97,259.0,100150.0
1990-09-27 17:00:00+00:00,23.03,99.4,0.0,0.0,0.0,396.75,0.97,261.0,100120.0
1990-09-27 18:00:00+00:00,22.81,99.4,0.0,0.0,0.0,393.25,1.24,274.0,100050.0
1990-09-27 19:00:00+00:00,23.17,99.4,0.0,0.0,0.0,403.9,1.45,288.0,99980.0
1990-09-27 20:00:00+00:00,23.31,96.2,0.0,0.0,0.0,397.5,1.66,304.0,99950.0
1990-09-27 21:00:00+00:00,23.19,93.05,0.0,0.0,0.0,388.2,2.0,319.0,100000.0
1990-09-27 22:00:00+00:00,23.08,87.1,0.0,0.0,0.0,389.4,2.34,325.0,100030.0
1990-09-27 23:00:00+00:00,23.35,84.25,231.3,722.14,82.4,382.2,2.41,321.0,100030.0
1990-09-28 00:00:00+00:00,24.74,76.45,438.15,757.0,114.7,382.6,2.97,319.0,100010.0
1990-09-28 01:00:00+00:00,26.04,71.65,630.85,777.94,148.85,386.95,3.38,329.0,100010.0
1990-09-28 02:00:00+00:00,27.25,65.1,779.7,800.38,164.55,391.9,3.52,339.0,99980.0
1990-09-28 03:00:00+00:00,28.58,63.2,861.45,807.69,163.55,398.1,3.38,340.0,99940.0
1990-09-28 04:00:00+00:00,29.71,59.35,869.4,783.53,164.55,404.3,3.1,340.0,99860.0
1990-09-28 05:00:00+00:00,30.65,55.75,787.4,709.59,168.15,410.3,2.9,338.0,99760.0
1990-09-28 06:00:00+00:00,31.29,54.05,660.3,668.42,135.45,414.55,2.97,328.0,99660.0
1990-09-28 07:00:00+00:00,31.52,54.05,473.2,559.07,113.65,419.95,3.31,318.0,99630.0
1990-09-28 08:00:00+00:00,31.24,55.85,260.9,384.34,85.6,421.9,2.97,303.0,99550.0
1990-09-28 09:00:00+00:00,30.3,59.45,66.55,148.59,31.35,419.75,2.97,295.0,99610.0
1990-09-28 10:00:00+00:00,28.92,61.1,0.0,0.0,0.0,416.45,3.31,292.0,99630.0
1990-09-28 11:00:00+00:00,28.37,57.05,0.0,0.0,0.0,414.9,3.72,304.0,99700.0
1990-09-28 12:00:00+00:00,27.86,55.15,0.0,0.0,0.0,412.6,3.93,314.0,99760.0
1990-09-28 13:00:00+00:00,27.36,55.05,0.0,0.0,0.0,411.45,4.07,319.0,99830.0
1990-09-28 14:00:00+00:00,26.91,54.95,0.0,0.0,0.0,407.2,4.21,323.0,99850.0
1990-09-28 15:00:00+00:00,26.41,54.8,0.0,0.0,0.0,404.1,4.21,326.0,99860.0
1990-09-28 16:00:00+00:00,25.91,54.7,0.0,0.0,0.0,403.1,4.14,324.0,99830.0
1990-09-28 17:00:00+00:00,25.27,56.5,0.0,0.0,0.0,397.3,4.0,319.0,99770.0
1990-09-28 18:00:00+00:00,24.72,58.35,0.0,0.0,0.0,395.2,3.93,316.0,99740.0
1990-09-28 19:00:00+00:00,24.0,60.15,0.0,0.0,0.0,386.3,3.72,320.0,99920.0
1990-09-28 20:00:00+00:00,23.63,60.15,0.0,0.0,0.0,386.1,3.79,318.0,99910.0
1990-09-28 21:00:00+00:00,23.24,62.15,0.0,0.0,0.0,383.4,3.66,318.0,99920.0
1990-09-28 22:00:00+00:00,22.94,64.2,0.0,0.0,0.0,383.0,3.66,319.0,99940.0
1990-09-28 23:00:00+00:00,22.77,68.75,228.3,745.56,75.65,380.45,3.79,324.0,100010.0
1990-09-29 00:00:00+00:00,23.58,66.65,459.9,822.94,109.65,381.45,4.0,324.0,100060.0
1990-09-29 01:00:00+00:00,24.76,64.6,650.75,849.18,126.25,384.05,4.62,332.0,100100.0
1990-09-29 02:00:00+00:00,26.06,60.7,789.2,845.08,141.6,389.4,4.21,333.0,100110.0
1990-09-29 03:00:00+00:00,27.4,60.9,869.95,829.4,155.45,394.6,3.45,332.0,100100.0
1990-09-29 04:00:00+00:00,28.56,61.0,870.2,808.31,145.45,401.55,2.83,330.0,100060.0
1990-09-29 05:00:00+00:00,29.44,59.2,803.15,760.02,142.4,406.8,2.28,319.0,99970.0
1990-09-29 06:00:00+00:00,30.03,57.4,651.85,637.97,153.2,410.45,2.28,308.0,99900.0
1990-09-29 07:00:00+00:00,30.7,53.9,466.35,528.01,128.8,412.4,2.9,327.0,99910.0
1990-09-29 08:00:00+00:00,30.61,55.75,245.8,323.27,99.65,413.4,2.62,326.0,99910.0
1990-09-29 09:00:00+00:00,30.1,63.5,63.35,124.77,34.3,416.3,1.24,290.0,99930.0
1990-09-29 10:00:00+00:00,28.76,67.5,0.0,0.0,0.0,412.2,1.66,231.0,99940.0
1990-09-29 11:00:00+00:00,27.06,74.3,0.0,0.0,0.0,406.6,1.52,253.0,100010.0
1990-09-29 12:00:00+00:00,26.2,76.65,0.0,0.0,0.0,407.2,1.79,304.0,100090.0
1990-09-29 13:00:00+00:00,25.65,74.1,0.0,0.0,0.0,401.2,2.0,322.0,100200.0
1990-09-29 14:00:00+00:00,25.07,71.6,0.0,0.0,0.0,397.7,2.07,320.0,100260.0
1990-09-29 15:00:00+00:00,24.55,69.15,0.0,0.0,0.0,394.4,2.28,324.0,100270.0
1990-09-29 16:00:00+00:00,24.03,69.05,0.0,0.0,0.0,392.1,2.21,329.0,100230.0
1990-09-29 17:00:00+00:00,23.52,68.95,0.0,0.0,0.0,390.35,2.14,331.0,100190.0
1990-09-29 18:00:00+00:00,23.05,71.25,0.0,0.0,0.0,387.65,2.0,330.0,100160.0
1990-09-29 19:00:00+00:00,22.94,73.6,0.0,0.0,0.0,396.75,1.86,331.0,100300.0
1990-09-29 20:00:00+00:00,22.6,71.15,0.0,0.0,0.0,392.1,1.79,332.0,100320.0
1990-09-29 21:00:00+00:00,22.42,73.55,0.0,0.0,0.0,396.9,1.72,330.0,100330.0
1990-09-29 22:00:00+00:00,22.14,73.55,0.0,0.0,0.0,392.65,1.72,326.0,100390.0
1990-09-29 23:00:00+00:00,22.26,76.1,192.45,563.78,77.85,389.75,1.59,323.0,100470.0
1990-09-30 00:00:00+00:00,23.68,66.65,394.95,624.91,130.05,390.75,2.07,329.0,100500.0
1990-09-30 01:00:00+00:00,24.97,64.6,533.65,614.29,155.45,390.05,2.55,337.0,100550.0
1990-09-30 02:00:00+00:00,26.19,60.7,731.8,744.62,162.9,396.75,2.41,342.0,100540.0
1990-09-30 03:00:00+00:00,27.67,61.0,841.15,790.8,162.0,403.5,2.07,351.0,100510.0
1990-09-30 04:00:00+00:00,28.8,63.2,832.9,732.08,178.7,404.3,1.38,12.0,100460.0
1990-09-30 05:00:00+00:00,29.73,61.35,736.7,639.05,183.25,413.0,0.83,51.0,100410.0
1990-09-30 06:00:00+00:00,30.16,59.45,651.65,663.76,135.25,425.55,0.55,98.0,100330.0
1990-09-30 07:00:00+00:00,30.59,55.75,441.5,502.72,122.05,419.95,0.48,319.0,100310.0
1990-09-30 08:00:00+00:00,30.53,57.5,247.85,354.83,88.85,416.85,0.48,300.0,100280.0
1990-09-30 09:00:00+00:00,30.27,57.5,64.0,152.12,29.2,416.1,0.62,229.0,100280.0
1990-09-30 10:00:00+00:00,28.63,67.5,0.0,0.0,0.0,409.3,1.38,190.0,100310.0
1990-09-30 11:00:00+00:00,26.81,76.7,0.0,0.0,0.0,402.15,1.31,192.0,100370.0
1990-09-30 12:00:00+00:00,26.15,79.2,0.0,0.0,0.0,399.85,0.76,176.0,100460.0
1990-09-30 13:00:00+00:00,25.13,84.45,0.0,0.0,0.0,395.2,0.76,104.0,100540.0
1990-09-30 14:00:00+00:00,24.25,90.1,0.0,0.0,0.0,393.25,1.1,83.0,100570.0
1990-09-30 15:00:00+00:00,23.63,93.1,0.0,0.0,0.0,391.5,1.17,79.0,100590.0
1990-09-30 16:00:00+00:00,21.24,99.33,0.0,0.0,0.0,384.49,0.83,66.0,100570.0
1990-09-30 17:00:00+00:00,21.64,96.32,0.0,0.0,0.0,386.51,1.02,44.0,100530.0
1990-09-30 18:00:00+00:00,22.04,93.3,0.0,0.0,0.0,388.53,1.22,18.0,100500.0
1990-09-30 19:00:00+00:00,22.44,90.29,0.0,0.0,0.0,390.56,1.42,337.0,100560.0
1990-09-30 20:00:00+00:00,22.83,87.28,0.0,0.0,0.0,392.58,1.62,330.0,100550.0
1990-09-30 21:00:00+00:00,23.23,84.27,0.0,0.0,0.0,394.6,1.82,325.0,100570.0
1990-09-30 22:00:00+00:00,23.63,81.26,0.0,0.0,0.0,396.63,2.01,324.0,100580.0
1990-09-30 23:00:00+00:00,24.03,78.25,182.25,458.95,89.65,398.65,2.21,323.0,100630.0
1990-10-01 00:00:00+00:00,24.43,75.24,388.3,635.79,119.9,400.67,2.41,52.0,100430.0
1990-10-01 01:00:00+00:00,24.83,72.23,496.35,598.14,129.3,402.7,2.61,63.0,100480.0
1990-10-01 02:00:00+00:00,25.23,69.22,684.55,629.67,204.95,404.72,2.81,70.0,100500.0
1990-10-01 03:00:00+00:00,25.63,66.21,770.15,670.75,195.9,406.74,3.0,78.0,100480.0
1990-10-01 04:00:00+00:00,26.03,63.2,668.0,474.18,245.7,408.77,3.2,81.0,100400.0
1990-10-01 05:00:00+00:00,26.42,60.19,624.9,473.64,216.3,410.79,3.4,82.0,100300.0
1990-10-01 06:00:00+00:00,26.82,57.18,608.1,612.0,134.2,412.81,3.6,86.0,100210.0
1990-10-01 07:00:00+00:00,27.22,54.17,416.8,440.33,138.7,414.84,3.8,97.0,100200.0
1990-10-01 08:00:00+00:00,27.19,60.9,165.1,144.0,101.15,410.1,2.83,104.0,100190.0
1990-10-01 09:00:00+00:00,26.31,64.95,39.8,64.3,25.35,423.05,2.28,125.0,100240.0
1990-10-01 10:00:00+00:00,25.36,69.25,0.0,0.0,0.0,416.45,2.14,129.0,100280.0
1990-10-01 11:00:00+00:00,24.79,71.5,0.0,0.0,0.0,415.7,2.0,124.0,100340.0
1990-10-01 12:00:00+00:00,24.34,76.35,0.0,0.0,0.0,410.85,1.86,108.0,100420.0
1990-10-01 13:00:00+00:00,23.66,78.9,0.0,0.0,0.0,392.85,1.72,89.0,100490.0
1990-10-01 14:00:00+00:00,23.2,81.5,0.0,0.0,0.0,396.75,1.52,73.0,100490.0
1990-10-01 15:00:00+00:00,22.56,84.25,0.0,0.0,0.0,388.0,1.31,62.0,100480.0
1990-10-01 16:00:00+00:00,22.06,87.05,0.0,0.0,0.0,385.5,1.17,55.0,100490.0
1990-10-01 17:00:00+00:00,21.69,89.95,0.0,0.0,0.0,385.5,1.1,55.0,100440.0
1990-10-01 18:00:00+00:00,21.59,89.95,0.0,0.0,0.0,392.1,1.03,64.0,100420.0
1990-10-01 19:00:00+00:00,21.67,89.95,0.0,0.0,0.0,393.05,1.1,55.0,100380.0
1990-10-01 20:00:00+00:00,21.44,93.0,0.0,0.0,0.0,387.25,1.17,53.0,100360.0
1990-10-01 21:00:00+00:00,21.36,93.0,0.0,0.0,0.0,389.0,1.1,50.0,100410.0
1990-10-01 22:00:00+00:00,21.45,89.95,0.0,0.0,0.0,388.6,0.9,50.0,100460.0
1990-10-01 23:00:00+00:00,22.02,89.95,219.15,702.45,78.5,386.3,0.69,42.0,100510.0
1990-10-02 00:00:00+00:00,24.17,73.85,434.55,770.05,110.85,385.1,1.45,60.0,100530.0
1990-10-02 01:00:00+00:00,25.16,66.95,616.3,792.78,131.45,389.5,2.28,72.0,100560.0
1990-10-02 02:00:00+00:00,26.08,64.95,767.55,825.85,140.5,394.4,2.55,81.0,100540.0
1990-10-02 03:00:00+00:00,26.99,62.9,843.55,816.33,146.9,398.3,2.62,92.0,100550.0
1990-10-02 04:00:00+00:00,27.63,61.0,829.15,750.87,162.75,401.95,2.62,100.0,100510.0
1990-10-02 05:00:00+00:00,28.0,61.0,739.65,662.64,170.25,408.75,2.55,102.0,100430.0
1990-10-02 06:00:00+00:00,28.31,57.15,590.15,585.13,139.2,420.35,2.48,106.0,100380.0
1990-10-02 07:00:00+00:00,28.21,59.1,412.25,438.42,137.05,408.35,2.07,115.0,100300.0
1990-10-02 08:00:00+00:00,27.8,61.0,227.15,323.54,84.75,417.25,2.14,124.0,100290.0
1990-10-02 09:00:00+00:00,26.99,65.0,55.9,129.59,27.3,410.65,1.86,135.0,100290.0
1990-10-02 10:00:00+00:00,25.76,69.3,0.0,0.0,0.0,402.55,1.52,142.0,100340.0
1990-10-02 11:00:00+00:00,24.79,76.45,0.0,0.0,0.0,398.3,1.17,142.0,100400.0
1990-10-02 12:00:00+00:00,23.96,87.15,0.0,0.0,0.0,398.3,0.97,126.0,100500.0
1990-10-02 13:00:00+00:00,23.51,90.05,0.0,0.0,0.0,402.15,0.83,102.0,100600.0
1990-10-02 14:00:00+00:00,23.1,87.1,0.0,0.0,0.0,398.65,1.03,72.0,100590.0
1990-10-02 15:00:00+00:00,22.98,90.05,0.0,0.0,0.0,402.9,1.17,62.0,100570.0
1990-10-02 16:00:00+00:00,22.58,90.05,0.0,0.0,0.0,393.25,1.24,62.0,100560.0
1990-10-02 17:00:00+00:00,22.43,93.05,0.0,0.0,0.0,395.55,1.03,54.0,100520.0
1990-10-02 18:00:00+00:00,22.39,93.05,0.0,0.0,0.0,388.8,0.83,37.0,100490.0
1990-10-02 19:00:00+00:00,22.82,90.05,0.0,0.0,0.0,389.75,0.69,357.0,100480.0
1990-10-02 20:00:00+00:00,22.64,90.05,0.0,0.0,0.0,390.15,0.69,338.0,100470.0
1990-10-02 21:00:00+00:00,22.08,93.05,0.0,0.0,0.0,388.2,0.76,321.0,100470.0
1990-10-02 22:00:00+00:00,21.62,93.0,0.0,0.0,0.0,388.0,0.9,323.0,100500.0
1990-10-02 23:00:00+00:00,22.63,90.05,199.5,575.86,85.1,386.65,0.48,328.0,100520.0
1990-10-03 00:00:00+00:00,24.62,79.05,431.65,765.17,111.4,395.55,0.62,53.0,100560.0
1990-10-03 01:00:00+00:00,25.95,71.65,610.45,772.89,139.4,394.9,1.45,77.0,100590.0
1990-10-03 02:00:00+00:00,26.93,67.2,755.7,803.01,147.95,399.45,1.52,83.0,100580.0
1990-10-03 03:00:00+00:00,27.88,63.1,832.5,796.9,154.65,404.45,1.52,95.0,100540.0
1990-10-03 04:00:00+00:00,28.64,61.25,703.05,580.97,189.25,410.1,1.38,104.0,100470.0
1990-10-03 05:00:00+00:00,28.92,61.25,641.9,488.04,224.2,415.3,1.17,127.0,100410.0
1990-10-03 06:00:00+00:00,29.25,61.25,448.05,270.01,240.95,429.05,1.03,145.0,100350.0
1990-10-03 07:00:00+00:00,29.81,61.35,345.5,317.15,147.65,445.7,1.1,136.0,100210.0
1990-10-03 08:00:00+00:00,29.32,65.4,200.6,260.0,87.2,440.65,1.79,141.0,100200.0
1990-10-03 09:00:00+00:00,28.19,67.5,45.4,94.37,24.95,420.15,2.07,129.0,100250.0
1990-10-03 10:00:00+00:00,26.63,74.25,0.0,0.0,0.0,416.45,2.0,120.0,100240.0
1990-10-03 11:00:00+00:00,25.54,81.75,0.0,0.0,0.0,412.2,1.72,119.0,100320.0
1990-10-03 12:00:00+00:00,24.86,84.4,0.0,0.0,0.0,407.75,1.31,116.0,100400.0
1990-10-03 13:00:00+00:00,24.18,90.1,0.0,0.0,0.0,402.35,0.76,112.0,100520.0
1990-10-03 14:00:00+00:00,24.27,87.2,0.0,0.0,0.0,397.5,0.28,80.0,100540.0
1990-10-03 15:00:00+00:00,23.89,90.1,0.0,0.0,0.0,396.55,0.41,350.0,100580.0
1990-10-03 16:00:00+00:00,22.95,96.15,0.0,0.0,0.0,395.2,0.83,333.0,100540.0
1990-10-03 17:00:00+00:00,22.44,99.4,0.0,0.0,0.0,394.8,1.03,330.0,100520.0
1990-10-03 18:00:00+00:00,22.3,99.4,0.0,0.0,0.0,399.65,0.97,333.0,100470.0
1990-10-03 19:00:00+00:00,22.78,96.15,0.0,0.0,0.0,400.4,0.83,345.0,100400.0
1990-10-03 20:00:00+00:00,22.54,99.4,0.0,0.0,0.0,398.45,0.83,338.0,100400.0
1990-10-03 21:00:00+00:00,22.27,99.4,0.0,0.0,0.0,394.8,0.9,330.0,100390.0
1990-10-03 22:00:00+00:00,22.3,99.4,0.0,0.0,0.0,401.75,0.83,315.0,100420.0
1990-10-03 23:00:00+00:00,22.9,99.4,209.65,657.67,80.05,395.0,0.62,300.0,100450.0
1990-10-04 00:00:00+00:00,25.43,84.45,424.75,740.51,116.2,401.95,0.55,312.0,100450.0
1990-10-04 01:00:00+00:00,26.9,74.25,618.45,795.06,135.6,403.8,0.48,22.0,100460.0
1990-10-04 02:00:00+00:00,28.2,69.75,763.3,823.02,142.45,408.55,0.55,53.0,100430.0
1990-10-04 03:00:00+00:00,29.42,67.6,800.25,733.49,178.4,413.4,0.34,72.0,100400.0
1990-10-04 04:00:00+00:00,30.21,65.6,818.6,694.7,206.4,420.35,0.41,110.0,100310.0
1990-10-04 05:00:00+00:00,31.01,63.6,594.7,509.43,160.45,436.6,0.48,105.0,100230.0
1990-10-04 06:00:00+00:00,31.02,61.55,548.55,507.59,161.1,437.75,0.62,136.0,100160.0
1990-10-04 07:00:00+00:00,31.07,63.6,449.15,548.41,109.15,432.75,0.69,162.0,100070.0
1990-10-04 08:00:00+00:00,30.92,63.6,214.75,319.43,76.7,429.45,0.83,165.0,100010.0
1990-10-04 09:00:00+00:00,30.15,67.8,48.9,123.87,22.55,430.0,1.17,155.0,100040.0
1990-10-04 10:00:00+00:00,28.63,74.55,0.0,0.0,0.0,428.3,1.45,145.0,100040.0
1990-10-04 11:00:00+00:00,27.27,81.95,0.0,0.0,0.0,418.2,1.45,136.0,100110.0
1990-10-04 12:00:00+00:00,26.38,87.35,0.0,0.0,0.0,419.2,1.1,127.0,100180.0
1990-10-04 13:00:00+00:00,25.68,90.2,0.0,0.0,0.0,415.5,0.97,136.0,100260.0
1990-10-04 14:00:00+00:00,25.31,93.15,0.0,0.0,0.0,419.4,0.83,137.0,100310.0
1990-10-04 15:00:00+00:00,24.97,96.2,0.0,0.0,0.0,416.65,0.9,119.0,100330.0
1990-10-04 16:00:00+00:00,24.71,96.2,0.0,0.0,0.0,415.3,0.9,102.0,100340.0
1990-10-04 17:00:00+00:00,24.49,96.2,0.0,0.0,0.0,418.0,1.24,81.0,100340.0
1990-10-04 18:00:00+00:00,24.55,96.2,0.0,0.0,0.0,427.1,1.45,80.0,100350.0
1990-10-04 19:00:00+00:00,24.73,93.15,0.0,0.0,0.0,431.55,1.38,80.0,100360.0
1990-10-04 20:00:00+00:00,24.75,90.15,0.0,0.0,0.0,433.7,1.1,67.0,100350.0
1990-10-04 21:00:00+00:00,24.72,90.15,0.0,0.0,0.0,427.9,1.1,58.0,100370.0
1990-10-04 22:00:00+00:00,24.68,87.25,0.0,0.0,0.0,418.4,1.86,60.0,100400.0
1990-10-04 23:00:00+00:00,24.91,87.25,202.45,603.56,84.5,417.85,2.34,61.0,100470.0
1990-10-05 00:00:00+00:00,25.7,79.15,391.5,654.23,120.15,402.75,3.24,63.0,100530.0
1990-10-05 01:00:00+00:00,26.47,76.65,603.2,770.93,136.7,406.3,3.59,63.0,100580.0
1990-10-05 02:00:00+00:00,27.46,69.6,634.65,577.46,200.5,406.2,4.41,67.0,100580.0
1990-10-05 03:00:00+00:00,28.14,63.2,712.45,626.32,183.25,410.1,4.48,72.0,100580.0
1990-10-05 04:00:00+00:00,28.86,61.25,609.75,351.12,301.45,424.4,4.0,77.0,100510.0
1990-10-05 05:00:00+00:00,28.97,61.25,499.25,256.96,281.1,438.75,3.72,84.0,100430.0
1990-10-05 06:00:00+00:00,28.77,61.25,382.9,230.51,207.8,443.95,3.45,89.0,100380.0
1990-10-05 07:00:00+00:00,28.11,65.3,304.45,266.51,140.25,436.2,3.17,100.0,100370.0
1990-10-05 08:00:00+00:00,27.55,69.6,149.7,166.62,78.35,431.75,2.69,94.0,100390.0
1990-10-05 09:00:00+00:00,26.85,71.85,21.95,29.94,15.7,430.2,1.86,94.0,100430.0
1990-10-05 10:00:00+00:00,26.07,76.6,0.0,0.0,0.0,433.9,1.1,89.0,100480.0
1990-10-05 11:00:00+00:00,25.65,76.6,0.0,0.0,0.0,431.75,0.97,94.0,100520.0
1990-10-05 12:00:00+00:00,25.4,79.1,0.0,0.0,0.0,432.9,1.1,90.0,100600.0
1990-10-05 13:00:00+00:00,25.12,79.1,0.0,0.0,0.0,431.4,1.17,94.0,100700.0
1990-10-05 14:00:00+00:00,24.82,79.05,0.0,0.0,0.0,428.45,1.38,85.0,100720.0
1990-10-05 15:00:00+00:00,24.55,81.65,0.0,0.0,0.0,427.9,1.52,77.0,100730.0
1990-10-05 16:00:00+00:00,24.19,78.95,0.0,0.0,0.0,425.75,1.38,70.0,100720.0
1990-10-05 17:00:00+00:00,23.95,78.9,0.0,0.0,0.0,423.65,1.31,57.0,100710.0
1990-10-05 18:00:00+00:00,23.66,78.9,0.0,0.0,0.0,420.15,1.24,45.0,100690.0
1990-10-05 19:00:00+00:00,23.3,84.25,0.0,0.0,0.0,409.5,0.97,35.0,100700.0
1990-10-05 20:00:00+00:00,22.86,87.1,0.0,0.0,0.0,401.75,1.03,38.0,100710.0
1990-10-05 21:00:00+00:00,22.64,87.1,0.0,0.0,0.0,404.85,1.03,33.0,100730.0
1990-10-05 22:00:00+00:00,22.49,90.0,0.0,0.0,0.0,406.6,0.97,30.0,100760.0
1990-10-05 23:00:00+00:00,22.64,87.1,200.3,611.33,81.85,396.55,0.83,29.0,100800.0
1990-10-06 00:00:00+00:00,23.66,76.3,346.65,551.94,118.8,395.2,1.93,36.0,100840.0
1990-10-06 01:00:00+00:00,24.3,73.85,564.0,687.38,149.6,384.65,2.48,34.0,100890.0
1990-10-06 02:00:00+00:00,25.51,69.25,557.75,468.06,207.05,396.55,3.24,38.0,100890.0
1990-10-06 03:00:00+00:00,26.29,62.8,478.2,261.81,257.75,414.75,3.24,41.0,100840.0
1990-10-06 04:00:00+00:00,26.68,60.8,443.65,109.79,347.6,425.55,2.9,48.0,100790.0
1990-10-06 05:00:00+00:00,27.24,58.9,409.45,160.74,273.55,432.55,2.48,51.0,100690.0
1990-10-06 06:00:00+00:00,27.58,58.9,263.15,112.25,178.3,436.2,2.21,53.0,100630.0
1990-10-06 07:00:00+00:00,27.44,63.0,219.15,91.79,162.95,438.75,1.59,14.0,100600.0
1990-10-06 08:00:00+00:00,27.35,63.0,108.9,49.26,88.0,436.8,1.31,12.0,100600.0
1990-10-06 09:00:00+00:00,26.81,65.0,30.9,47.84,21.1,432.9,0.83,37.0,100590.0
1990-10-06 10:00:00+00:00,25.93,74.1,0.0,0.0,0.0,426.9,0.69,84.0,100620.0
1990-10-06 11:00:00+00:00,25.14,74.0,0.0,0.0,0.0,420.9,1.1,106.0,100690.0
1990-10-06 12:00:00+00:00,24.67,73.95,0.0,0.0,0.0,422.3,1.31,100.0,100780.0
1990-10-06 13:00:00+00:00,24.25,76.35,0.0,0.0,0.0,420.55,1.31,94.0,100830.0
1990-10-06 14:00:00+00:00,23.92,76.3,0.0,0.0,0.0,418.6,1.38,85.0,100870.0
1990-10-06 15:00:00+00:00,23.18,78.85,0.0,0.0,0.0,395.75,1.52,80.0,100860.0
1990-10-06 16:00:00+00:00,22.83,78.75,0.0,0.0,0.0,401.4,1.66,76.0,100870.0
1990-10-06 17:00:00+00:00,22.24,78.7,0.0,0.0,0.0,387.65,1.59,66.0,100850.0
1990-10-06 18:00:00+00:00,21.61,81.35,0.0,0.0,0.0,378.35,1.45,47.0,100830.0
1990-10-06 19:00:00+00:00,21.09,86.95,0.0,0.0,0.0,372.75,1.1,4.0,100830.0
1990-10-06 20:00:00+00:00,20.49,89.85,0.0,0.0,0.0,369.45,1.24,351.0,100830.0
1990-10-06 21:00:00+00:00,20.06,89.85,0.0,0.0,0.0,366.55,1.38,342.0,100860.0
1990-10-06 22:00:00+00:00,19.9,92.9,0.0,0.0,0.0,370.8,1.45,334.0,100910.0
1990-10-06 23:00:00+00:00,20.41,89.85,215.2,713.07,78.25,363.85,1.31,328.0,100960.0
1990-10-07 00:00:00+00:00,22.18,76.1,436.5,797.42,108.9,363.45,1.86,342.0,101030.0
1990-10-07 01:00:00+00:00,23.59,71.35,630.55,844.19,123.55,368.6,2.07,360.0,101060.0
1990-10-07 02:00:00+00:00,25.02,66.85,774.3,857.36,134.15,374.65,2.41,22.0,101050.0
1990-10-07 03:00:00+00:00,26.35,60.7,843.55,825.06,151.25,379.9,3.03,36.0,100980.0
1990-10-07 04:00:00+00:00,27.67,55.15,659.15,472.76,247.1,387.25,3.52,41.0,100850.0
1990-10-07 05:00:00+00:00,27.99,55.15,561.9,340.11,275.55,417.05,3.17,43.0,100720.0
1990-10-07 06:00:00+00:00,28.38,53.45,364.95,203.35,212.0,430.4,2.97,43.0,100590.0
1990-10-07 07:00:00+00:00,27.9,55.15,214.6,93.44,157.75,434.1,2.55,20.0,100560.0
1990-10-07 08:00:00+00:00,27.52,58.9,152.0,132.86,96.15,433.9,2.0,7.0,100540.0
1990-10-07 09:00:00+00:00,27.05,60.8,32.85,56.47,21.5,429.25,1.66,5.0,100520.0
1990-10-07 10:00:00+00:00,25.89,67.05,0.0,0.0,0.0,414.55,1.17,6.0,100560.0
1990-10-07 11:00:00+00:00,24.98,76.45,0.0,0.0,0.0,412.8,0.55,5.0,100640.0
1990-10-07 12:00:00+00:00,24.81,69.15,0.0,0.0,0.0,417.05,0.21,332.0,100740.0
1990-10-07 13:00:00+00:00,24.28,73.85,0.0,0.0,0.0,419.2,0.21,292.0,100860.0
1990-10-07 14:00:00+00:00,23.81,76.3,0.0,0.0,0.0,415.9,0.28,304.0,100890.0
1990-10-07 15:00:00+00:00,23.31,81.5,0.0,0.0,0.0,416.85,0.41,350.0,100910.0
1990-10-07 16:00:00+00:00,23.01,81.45,0.0,0.0,0.0,414.9,0.55,10.0,100870.0
1990-10-07 17:00:00+00:00,22.58,78.75,0.0,0.0,0.0,406.6,0.83,356.0,100870.0
1990-10-07 18:00:00+00:00,21.96,81.35,0.0,0.0,0.0,394.6,1.1,341.0,100850.0
1990-10-07 19:00:00+00:00,21.11,84.05,0.0,0.0,0.0,375.65,1.17,334.0,100760.0
1990-10-07 20:00:00+00:00,20.48,89.85,0.0,0.0,0.0,372.55,1.17,327.0,100780.0
1990-10-07 21:00:00+00:00,19.98,92.9,0.0,0.0,0.0,369.85,1.24,318.0,100850.0
1990-10-07 22:00:00+00:00,19.88,89.85,0.0,0.0,0.0,374.65,1.38,319.0,100900.0
1990-10-07 23:00:00+00:00,20.16,83.95,209.95,728.24,71.35,364.0,1.59,321.0,100920.0
1990-10-08 00:00:00+00:00,21.52,75.95,435.6,806.03,106.1,367.1,2.28,340.0,100960.0
1990-10-08 01:00:00+00:00,22.94,68.75,619.85,824.74,126.45,365.3,2.34,356.0,100980.0
1990-10-08 02:00:00+00:00,24.51,64.5,764.7,838.78,140.65,376.4,2.97,28.0,100980.0
1990-10-08 03:00:00+00:00,25.96,56.6,698.25,533.54,252.15,379.9,3.59,46.0,100940.0
1990-10-08 04:00:00+00:00,26.59,56.7,585.15,416.55,223.45,397.3,3.38,48.0,100860.0
1990-10-08 05:00:00+00:00,26.84,54.95,628.6,486.28,220.9,413.75,3.03,48.0,100760.0
1990-10-08 06:00:00+00:00,27.41,53.2,384.15,235.16,208.15,416.3,2.62,53.0,100660.0
1990-10-08 07:00:00+00:00,27.42,55.05,235.9,159.63,139.4,423.85,2.21,38.0,100630.0
1990-10-08 08:00:00+00:00,27.12,56.95,92.5,57.75,68.45,425.75,1.38,52.0,100650.0
1990-10-08 09:00:00+00:00,26.52,60.7,19.05,13.19,16.45,429.25,0.48,68.0,100670.0
1990-10-08 10:00:00+00:00,25.93,67.05,0.0,0.0,0.0,430.0,0.28,101.0,100710.0
1990-10-08 11:00:00+00:00,25.25,66.95,0.0,0.0,0.0,427.9,0.97,103.0,100780.0
1990-10-08 12:00:00+00:00,24.63,66.85,0.0,0.0,0.0,423.45,1.66,97.0,100870.0
1990-10-08 13:00:00+00:00,24.12,69.05,0.0,0.0,0.0,421.1,1.86,96.0,100920.0
1990-10-08 14:00:00+00:00,23.74,71.35,0.0,0.0,0.0,418.2,1.72,88.0,100940.0
1990-10-08 15:00:00+00:00,23.41,73.7,0.0,0.0,0.0,415.5,1.45,79.0,100960.0
1990-10-08 16:00:00+00:00,23.0,76.15,0.0,0.0,0.0,411.05,1.17,73.0,100940.0
1990-10-08 17:00:00+00:00,22.29,81.4,0.0,0.0,0.0,391.9,0.76,64.0,100920.0
1990-10-08 18:00:00+00:00,22.46,76.1,0.0,0.0,0.0,388.6,0.34,28.0,100860.0
1990-10-08 19:00:00+00:00,20.5,92.95,0.0,0.0,0.0,365.55,0.97,316.0,100850.0
1990-10-08 20:00:00+00:00,19.88,92.9,0.0,0.0,0.0,363.45,1.03,310.0,100840.0
1990-10-08 21:00:00+00:00,19.28,96.1,0.0,0.0,0.0,360.35,1.17,312.0,100860.0
1990-10-08 22:00:00+00:00,18.84,99.4,0.0,0.0,0.0,357.65,1.31,316.0,100890.0
1990-10-08 23:00:00+00:00,19.5,96.1,214.2,731.1,76.35,355.7,1.1,316.0,100940.0
1990-10-09 00:00:00+00:00,22.3,76.1,422.15,763.05,111.8,361.1,1.52,334.0,100970.0
1990-10-09 01:00:00+00:00,23.68,66.65,626.95,842.46,124.95,371.5,1.79,358.0,101020.0
1990-10-09 02:00:00+00:00,25.03,60.35,744.35,794.55,155.35,371.0,2.14,25.0,100980.0
1990-10-09 03:00:00+00:00,26.25,54.8,784.15,740.55,167.2,378.15,2.97,46.0,100940.0
1990-10-09 04:00:00+00:00,26.88,53.1,810.85,762.77,151.05,390.35,2.69,50.0,100850.0
1990-10-09 05:00:00+00:00,27.49,53.2,691.1,599.2,190.85,388.0,2.55,49.0,100730.0
1990-10-09 06:00:00+00:00,27.83,51.55,501.3,360.28,233.0,403.7,2.34,48.0,100650.0
1990-10-09 07:00:00+00:00,28.03,49.8,350.2,251.88,198.9,418.0,2.48,43.0,100600.0
1990-10-09 08:00:00+00:00,27.84,49.8,149.2,147.11,88.5,419.0,2.14,62.0,100570.0
1990-10-09 09:00:00+00:00,26.93,54.95,29.1,46.56,20.1,419.95,1.66,106.0,100560.0
1990-10-09 10:00:00+00:00,25.7,60.6,0.0,0.0,0.0,419.55,2.07,122.0,100590.0
1990-10-09 11:00:00+00:00,24.63,66.85,0.0,0.0,0.0,409.1,2.34,115.0,100640.0
1990-10-09 12:00:00+00:00,23.61,71.35,0.0,0.0,0.0,387.25,2.21,107.0,100710.0
1990-10-09 13:00:00+00:00,23.02,78.75,0.0,0.0,0.0,386.45,2.07,101.0,100790.0
1990-10-09 14:00:00+00:00,22.46,81.4,0.0,0.0,0.0,379.3,1.93,95.0,100830.0
1990-10-09 15:00:00+00:00,21.97,81.35,0.0,0.0,0.0,376.8,1.79,85.0,100820.0
1990-10-09 16:00:00+00:00,21.6,81.35,0.0,0.0,0.0,379.5,1.66,72.0,100790.0
1990-10-09 17:00:00+00:00,21.06,84.05,0.0,0.0,0.0,373.5,1.38,54.0,100710.0
1990-10-09 18:00:00+00:00,20.57,86.9,0.0,0.0,0.0,368.65,0.97,29.0,100650.0
1990-10-09 19:00:00+00:00,20.98,86.9,0.0,0.0,0.0,369.45,0.69,334.0,100670.0
1990-10-09 20:00:00+00:00,20.48,89.85,0.0,0.0,0.0,369.85,0.76,321.0,100620.0
1990-10-09 21:00:00+00:00,20.03,89.85,0.0,0.0,0.0,363.85,0.83,320.0,100660.0
1990-10-09 22:00:00+00:00,19.66,92.9,0.0,0.0,0.0,357.65,0.83,317.0,100680.0
1990-10-09 23:00:00+00:00,20.27,92.95,218.55,764.68,75.75,356.1,0.55,313.0,100770.0
1990-10-10 00:00:00+00:00,22.66,76.15,433.8,814.73,104.15,359.4,0.69,352.0,100800.0
1990-10-10 01:00:00+00:00,24.23,66.75,625.7,850.19,121.15,364.5,1.66,37.0,100830.0
1990-10-10 02:00:00+00:00,25.42,58.45,765.15,839.94,144.8,370.2,2.48,49.0,100790.0
1990-10-10 03:00:00+00:00,26.38,52.95,791.95,759.78,161.3,376.2,2.83,55.0,100730.0
1990-10-10 04:00:00+00:00,26.99,51.3,836.2,784.52,160.2,387.85,2.83,58.0,100640.0
1990-10-10 05:00:00+00:00,27.55,51.45,760.3,723.69,158.7,381.65,2.69,61.0,100540.0
1990-10-10 06:00:00+00:00,27.89,49.8,633.45,692.68,120.2,384.35,2.62,63.0,100440.0
1990-10-10 07:00:00+00:00,28.37,49.95,442.25,567.23,103.7,387.05,2.34,66.0,100390.0
1990-10-10 08:00:00+00:00,28.04,51.55,225.8,370.87,74.2,387.85,2.34,83.0,100350.0
1990-10-10 09:00:00+00:00,27.0,56.85,42.25,111.58,21.1,385.7,2.21,114.0,100390.0
1990-10-10 10:00:00+00:00,25.12,64.7,0.0,0.0,0.0,381.45,2.41,125.0,100410.0
1990-10-10 11:00:00+00:00,23.76,71.35,0.0,0.0,0.0,376.0,2.21,116.0,100470.0
1990-10-10 12:00:00+00:00,22.93,78.75,0.0,0.0,0.0,372.75,1.93,103.0,100560.0
1990-10-10 13:00:00+00:00,22.25,81.4,0.0,0.0,0.0,370.0,1.59,96.0,100650.0
1990-10-10 14:00:00+00:00,21.53,89.95,0.0,0.0,0.0,367.7,1.31,89.0,100660.0
1990-10-10 15:00:00+00:00,21.32,86.95,0.0,0.0,0.0,366.15,0.9,67.0,100650.0
1990-10-10 16:00:00+00:00,21.39,86.95,0.0,0.0,0.0,364.2,0.62,25.0,100580.0
1990-10-10 17:00:00+00:00,21.11,84.05,0.0,0.0,0.0,361.5,0.62,349.0,100530.0
1990-10-10 18:00:00+00:00,20.19,89.85,0.0,0.0,0.0,358.2,0.76,328.0,100480.0
1990-10-10 19:00:00+00:00,20.6,86.9,0.0,0.0,0.0,358.6,0.62,337.0,100450.0
1990-10-10 20:00:00+00:00,20.37,89.85,0.0,0.0,0.0,357.45,0.41,318.0,100450.0
1990-10-10 21:00:00+00:00,20.09,89.85,0.0,0.0,0.0,355.9,0.62,316.0,100480.0
1990-10-10 22:00:00+00:00,19.01,96.1,0.0,0.0,0.0,355.5,0.9,321.0,100510.0
1990-10-10 23:00:00+00:00,19.9,92.9,218.85,783.11,74.05,355.1,0.69,318.0,100540.0
1990-10-11 00:00:00+00:00,22.85,76.15,424.95,790.89,106.65,359.95,0.9,360.0,100560.0
1990-10-11 01:00:00+00:00,24.75,62.45,617.6,820.57,132.65,368.95,1.93,32.0,100580.0
1990-10-11 02:00:00+00:00,26.13,54.8,755.85,838.09,139.2,376.2,2.83,45.0,100530.0
1990-10-11 03:00:00+00:00,27.25,53.2,829.8,827.97,145.1,383.2,2.83,50.0,100490.0
1990-10-11 04:00:00+00:00,28.2,51.65,835.4,809.49,140.6,389.4,2.55,56.0,100400.0
1990-10-11 05:00:00+00:00,28.86,51.8,760.3,754.25,136.0,393.25,2.41,67.0,100310.0
1990-10-11 06:00:00+00:00,29.15,51.8,626.3,683.91,122.1,397.3,2.48,74.0,100190.0
1990-10-11 07:00:00+00:00,29.34,51.8,436.75,561.6,103.7,397.5,2.69,81.0,100100.0
1990-10-11 08:00:00+00:00,28.82,51.8,219.6,359.17,74.15,397.7,2.69,95.0,100100.0
1990-10-11 09:00:00+00:00,27.56,58.9,40.05,105.21,20.5,395.75,2.48,117.0,100160.0
1990-10-11 10:00:00+00:00,25.72,69.3,0.0,0.0,0.0,391.7,2.28,122.0,100210.0
1990-10-11 11:00:00+00:00,24.44,78.95,0.0,0.0,0.0,387.25,2.0,114.0,100290.0
1990-10-11 12:00:00+00:00,23.72,84.35,0.0,0.0,0.0,388.2,1.66,105.0,100400.0
1990-10-11 13:00:00+00:00,23.17,87.1,0.0,0.0,0.0,387.65,1.38,92.0,100450.0
1990-10-11 14:00:00+00:00,22.93,90.05,0.0,0.0,0.0,400.6,1.17,71.0,100480.0
1990-10-11 15:00:00+00:00,22.64,90.05,0.0,0.0,0.0,399.05,1.17,43.0,100440.0
1990-10-11 16:00:00+00:00,22.67,90.05,0.0,0.0,0.0,410.45,1.03,32.0,100400.0
1990-10-11 17:00:00+00:00,22.49,93.05,0.0,0.0,0.0,405.05,1.03,29.0,100360.0
1990-10-11 18:00:00+00:00,21.8,93.0,0.0,0.0,0.0,383.4,1.03,30.0,100320.0
1990-10-11 19:00:00+00:00,21.63,93.0,0.0,0.0,0.0,381.45,0.9,39.0,100280.0
1990-10-11 20:00:00+00:00,21.47,93.0,0.0,0.0,0.0,379.9,0.97,33.0,100280.0
1990-10-11 21:00:00+00:00,20.96,96.15,0.0,0.0,0.0,380.3,1.17,16.0,100290.0
1990-10-11 22:00:00+00:00,20.74,92.95,0.0,0.0,0.0,380.65,1.38,6.0,100320.0
1990-10-11 23:00:00+00:00,21.55,89.95,205.45,717.1,74.2,383.55,1.17,8.0,100350.0
1990-10-12 00:00:00+00:00,24.78,73.95,409.75,755.87,107.2,386.85,1.31,27.0,100380.0
1990-10-12 01:00:00+00:00,26.42,67.15,590.4,784.97,128.45,393.35,2.62,57.0,100470.0
1990-10-12 02:00:00+00:00,27.9,61.0,684.8,682.09,184.85,402.15,4.9,69.0,100480.0
1990-10-12 03:00:00+00:00,28.86,57.3,586.1,330.46,313.85,419.55,4.83,72.0,100460.0
1990-10-12 04:00:00+00:00,29.12,57.3,508.3,250.72,293.95,437.55,4.41,74.0,100340.0
1990-10-12 05:00:00+00:00,29.22,59.2,401.4,169.03,262.1,443.95,4.28,76.0,100260.0
1990-10-12 06:00:00+00:00,29.05,59.2,312.75,157.53,197.2,444.75,4.14,86.0,100180.0
1990-10-12 07:00:00+00:00,28.42,61.1,280.8,199.24,163.4,446.45,4.34,104.0,100160.0
1990-10-12 08:00:00+00:00,27.8,63.1,194.8,290.52,78.25,439.7,4.41,97.0,100150.0
1990-10-12 09:00:00+00:00,27.13,65.1,33.85,75.77,20.05,416.1,3.79,89.0,100150.0
1990-10-12 10:00:00+00:00,26.07,71.65,0.0,0.0,0.0,405.25,3.59,83.0,100200.0
1990-10-12 11:00:00+00:00,25.51,74.0,0.0,0.0,0.0,406.8,3.59,78.0,100290.0
1990-10-12 12:00:00+00:00,25.12,71.6,0.0,0.0,0.0,401.95,3.45,78.0,100370.0
1990-10-12 13:00:00+00:00,25.1,71.6,0.0,0.0,0.0,417.25,3.52,76.0,100460.0
1990-10-12 14:00:00+00:00,24.86,71.5,0.0,0.0,0.0,412.4,3.59,74.0,100450.0
1990-10-12 15:00:00+00:00,24.54,71.4,0.0,0.0,0.0,407.2,3.45,70.0,100440.0
1990-10-12 16:00:00+00:00,24.17,71.4,0.0,0.0,0.0,400.6,3.17,70.0,100400.0
1990-10-12 17:00:00+00:00,23.87,73.75,0.0,0.0,0.0,397.3,3.17,70.0,100400.0
1990-10-12 18:00:00+00:00,23.72,71.35,0.0,0.0,0.0,400.8,3.31,68.0,100400.0
1990-10-12 19:00:00+00:00,24.18,69.05,0.0,0.0,0.0,417.25,4.07,66.0,100330.0
1990-10-12 20:00:00+00:00,24.05,71.35,0.0,0.0,0.0,411.25,4.0,66.0,100340.0
1990-10-12 21:00:00+00:00,23.78,71.35,0.0,0.0,0.0,405.05,4.07,66.0,100370.0
1990-10-12 22:00:00+00:00,23.11,73.7,0.0,0.0,0.0,400.4,3.93,59.0,100440.0
1990-10-12 23:00:00+00:00,22.84,76.15,90.7,139.97,65.35,406.4,3.45,62.0,100490.0
1990-10-13 00:00:00+00:00,23.04,78.75,212.3,159.53,148.8,401.0,3.31,63.0,100560.0
1990-10-13 01:00:00+00:00,23.93,76.3,362.35,257.36,211.55,409.6,2.97,70.0,100630.0
1990-10-13 02:00:00+00:00,25.0,71.5,396.05,218.66,236.4,413.55,4.21,71.0,100670.0
1990-10-13 03:00:00+00:00,25.38,71.6,484.65,200.68,319.95,419.0,4.55,72.0,100630.0
1990-10-13 04:00:00+00:00,25.89,69.3,531.7,249.49,319.25,420.75,4.69,72.0,100540.0
1990-10-13 05:00:00+00:00,26.4,69.4,491.55,352.16,202.6,420.55,4.69,72.0,100490.0
1990-10-13 06:00:00+00:00,26.57,69.4,90.55,1.99,89.1,420.35,4.69,73.0,100450.0
1990-10-13 07:00:00+00:00,24.03,84.35,61.05,0.34,60.85,414.55,2.9,59.0,100450.0
1990-10-13 08:00:00+00:00,23.67,84.35,37.45,0.13,37.4,414.35,2.41,62.0,100470.0
1990-10-13 09:00:00+00:00,23.41,87.1,9.85,0.0,9.85,412.4,2.0,68.0,100510.0
1990-10-13 10:00:00+00:00,23.17,87.1,0.0,0.0,0.0,412.0,2.14,72.0,100540.0
1990-10-13 11:00:00+00:00,23.01,90.05,0.0,0.0,0.0,409.7,2.41,78.0,100580.0
1990-10-13 12:00:00+00:00,22.97,87.1,0.0,0.0,0.0,408.9,2.76,78.0,100680.0
1990-10-13 13:00:00+00:00,22.96,84.25,0.0,0.0,0.0,407.0,3.03,74.0,100720.0
1990-10-13 14:00:00+00:00,23.01,84.25,0.0,0.0,0.0,407.55,3.24,73.0,100720.0
1990-10-13 15:00:00+00:00,22.9,81.45,0.0,0.0,0.0,406.2,3.31,72.0,100710.0
1990-10-13 16:00:00+00:00,22.8,78.75,0.0,0.0,0.0,406.2,3.03,69.0,100710.0
1990-10-13 17:00:00+00:00,22.59,76.15,0.0,0.0,0.0,402.75,2.76,67.0,100670.0
1990-10-13 18:00:00+00:00,22.44,78.7,0.0,0.0,0.0,400.2,2.62,68.0,100650.0
1990-10-13 19:00:00+00:00,22.1,78.7,0.0,0.0,0.0,387.85,2.9,62.0,100660.0
1990-10-13 20:00:00+00:00,21.88,81.35,0.0,0.0,0.0,384.15,2.83,61.0,100650.0
1990-10-13 21:00:00+00:00,21.76,78.65,0.0,0.0,0.0,385.9,2.9,64.0,100650.0
1990-10-13 22:00:00+00:00,21.71,78.65,0.0,0.0,0.0,384.15,3.03,68.0,100690.0
1990-10-13 23:00:00+00:00,22.08,78.7,191.2,628.74,78.55,389.55,3.03,64.0,100770.0
1990-10-14 00:00:00+00:00,23.35,73.7,352.8,550.84,134.8,389.55,3.17,60.0,100850.0
1990-10-14 01:00:00+00:00,24.63,66.85,526.25,611.71,169.4,400.9,4.21,63.0,100880.0
1990-10-14 02:00:00+00:00,25.89,64.8,604.65,499.37,241.5,403.3,4.41,65.0,100860.0
1990-10-14 03:00:00+00:00,26.91,62.9,573.5,440.05,213.75,410.45,4.28,69.0,100880.0
1990-10-14 04:00:00+00:00,27.4,63.0,642.0,447.05,262.85,413.2,4.0,72.0,100810.0
1990-10-14 05:00:00+00:00,28.12,59.1,553.1,382.54,240.6,425.55,4.07,80.0,100720.0
1990-10-14 06:00:00+00:00,28.19,59.1,371.15,137.66,271.2,423.25,4.28,86.0,100620.0
1990-10-14 07:00:00+00:00,27.81,59.0,271.15,129.71,195.7,423.65,4.0,84.0,100610.0
1990-10-14 08:00:00+00:00,27.25,60.9,116.75,32.89,103.8,418.8,3.66,87.0,100550.0
1990-10-14 09:00:00+00:00,26.42,64.95,19.15,3.72,18.5,413.95,2.76,95.0,100610.0
1990-10-14 10:00:00+00:00,25.42,69.25,0.0,0.0,0.0,412.4,2.48,100.0,100630.0
1990-10-14 11:00:00+00:00,24.67,71.5,0.0,0.0,0.0,404.3,2.41,100.0,100740.0
1990-10-14 12:00:00+00:00,24.21,71.4,0.0,0.0,0.0,403.5,2.34,95.0,100800.0
1990-10-14 13:00:00+00:00,23.8,73.75,0.0,0.0,0.0,398.65,2.07,89.0,100870.0
1990-10-14 14:00:00+00:00,23.39,73.7,0.0,0.0,0.0,395.0,2.07,88.0,100900.0
1990-10-14 15:00:00+00:00,22.97,76.15,0.0,0.0,0.0,389.2,2.07,88.0,100890.0
1990-10-14 16:00:00+00:00,22.52,78.7,0.0,0.0,0.0,382.0,2.14,88.0,100870.0
1990-10-14 17:00:00+00:00,22.23,76.1,0.0,0.0,0.0,383.75,2.21,83.0,100840.0
1990-10-14 18:00:00+00:00,21.9,76.0,0.0,0.0,0.0,379.3,2.21,76.0,100800.0
1990-10-14 19:00:00+00:00,22.02,76.0,0.0,0.0,0.0,379.7,2.28,76.0,100750.0
1990-10-14 20:00:00+00:00,21.75,73.45,0.0,0.0,0.0,376.2,2.28,72.0,100750.0
1990-10-14 21:00:00+00:00,21.48,73.35,0.0,0.0,0.0,372.95,2.28,70.0,100770.0
1990-10-14 22:00:00+00:00,21.34,73.35,0.0,0.0,0.0,374.45,2.34,68.0,100810.0
1990-10-14 23:00:00+00:00,21.73,71.0,143.9,238.74,101.6,384.95,2.34,63.0,100830.0
1990-10-15 00:00:00+00:00,22.78,66.45,298.1,267.89,192.7,383.75,2.34,59.0,100890.0
1990-10-15 01:00:00+00:00,23.89,62.25,454.35,319.93,268.55,388.9,3.59,59.0,100910.0
1990-10-15 02:00:00+00:00,24.94,62.45,526.5,268.67,331.9,397.1,4.07,63.0,100930.0
1990-10-15 03:00:00+00:00,25.78,62.65,628.35,353.61,340.4,397.3,4.21,68.0,100890.0
1990-10-15 04:00:00+00:00,27.05,58.8,579.85,243.11,374.5,401.0,4.62,73.0,100800.0
1990-10-15 05:00:00+00:00,27.75,55.15,493.9,222.18,313.2,409.1,4.28,76.0,100670.0
1990-10-15 06:00:00+00:00,28.04,55.15,387.45,212.65,233.85,425.75,4.0,81.0,100560.0
1990-10-15 07:00:00+00:00,28.17,53.45,280.9,117.31,213.1,419.55,4.07,79.0,100530.0
1990-10-15 08:00:00+00:00,27.58,56.95,124.0,41.28,107.9,412.6,3.72,83.0,100540.0
1990-10-15 09:00:00+00:00,26.48,62.8,20.05,9.63,18.4,409.1,3.59,88.0,100580.0
1990-10-15 10:00:00+00:00,25.27,66.95,0.0,0.0,0.0,397.7,3.31,87.0,100600.0
1990-10-15 11:00:00+00:00,24.59,69.15,0.0,0.0,0.0,396.9,3.03,81.0,100680.0
1990-10-15 12:00:00+00:00,24.1,69.05,0.0,0.0,0.0,391.5,2.83,79.0,100760.0
1990-10-15 13:00:00+00:00,23.7,71.35,0.0,0.0,0.0,386.85,2.83,76.0,100820.0
1990-10-15 14:00:00+00:00,23.31,73.7,0.0,0.0,0.0,384.55,2.62,70.0,100850.0
1990-10-15 15:00:00+00:00,22.91,73.6,0.0,0.0,0.0,383.0,2.48,72.0,100850.0
1990-10-15 16:00:00+00:00,22.57,73.6,0.0,0.0,0.0,383.0,2.41,66.0,100830.0
1990-10-15 17:00:00+00:00,22.27,73.55,0.0,0.0,0.0,384.15,2.34,60.0,100790.0
1990-10-15 18:00:00+00:00,21.94,76.0,0.0,0.0,0.0,380.65,2.21,58.0,100750.0
1990-10-15 19:00:00+00:00,21.61,76.0,0.0,0.0,0.0,368.3,2.07,51.0,100750.0
1990-10-15 20:00:00+00:00,21.15,78.55,0.0,0.0,0.0,369.85,1.93,44.0,100710.0
1990-10-15 21:00:00+00:00,20.68,81.2,0.0,0.0,0.0,371.75,1.66,27.0,100730.0
1990-10-15 22:00:00+00:00,20.17,86.85,0.0,0.0,0.0,366.35,1.38,20.0,100760.0
1990-10-15 23:00:00+00:00,20.35,89.85,189.5,560.05,91.4,365.0,1.17,12.0,100830.0
1990-10-16 00:00:00+00:00,23.3,71.25,382.4,611.11,143.4,367.5,1.38,16.0,100900.0
1990-10-16 01:00:00+00:00,24.86,64.6,555.2,623.96,194.5,378.25,2.76,31.0,100950.0
1990-10-16 02:00:00+00:00,26.11,60.7,665.0,620.17,217.65,386.1,3.45,38.0,100960.0
1990-10-16 03:00:00+00:00,27.19,56.95,787.75,740.86,186.85,393.45,3.38,41.0,100900.0
1990-10-16 04:00:00+00:00,28.28,55.3,789.6,742.14,165.3,393.65,3.17,44.0,100800.0
1990-10-16 05:00:00+00:00,28.99,53.55,729.7,718.68,147.8,396.95,3.03,45.0,100690.0
1990-10-16 06:00:00+00:00,29.49,53.55,583.3,615.62,140.9,400.0,3.03,44.0,100580.0
1990-10-16 07:00:00+00:00,29.98,50.2,403.35,517.29,106.3,402.55,3.03,56.0,100530.0
1990-10-16 08:00:00+00:00,29.51,51.8,200.35,333.99,71.3,401.2,2.9,75.0,100500.0
1990-10-16 09:00:00+00:00,28.1,55.3,31.2,77.44,18.2,396.9,2.76,101.0,100530.0
1990-10-16 10:00:00+00:00,26.15,64.95,0.0,0.0,0.0,391.7,2.76,104.0,100560.0
1990-10-16 11:00:00+00:00,25.02,71.5,0.0,0.0,0.0,390.55,2.62,95.0,100640.0
1990-10-16 12:00:00+00:00,24.3,71.4,0.0,0.0,0.0,385.9,2.28,87.0,100730.0
1990-10-16 13:00:00+00:00,23.6,73.75,0.0,0.0,0.0,380.1,1.79,80.0,100830.0
1990-10-16 14:00:00+00:00,23.06,78.85,0.0,0.0,0.0,389.75,1.38,66.0,100840.0
1990-10-16 15:00:00+00:00,22.32,84.15,0.0,0.0,0.0,380.3,1.1,45.0,100850.0
1990-10-16 16:00:00+00:00,22.2,81.4,0.0,0.0,0.0,387.85,0.83,15.0,100820.0
1990-10-16 17:00:00+00:00,21.72,84.1,0.0,0.0,0.0,383.2,0.83,345.0,100820.0
1990-10-16 18:00:00+00:00,21.06,86.95,0.0,0.0,0.0,377.75,0.9,337.0,100770.0
1990-10-16 19:00:00+00:00,21.87,84.1,0.0,0.0,0.0,390.35,0.76,342.0,100800.0
1990-10-16 20:00:00+00:00,21.54,86.95,0.0,0.0,0.0,393.65,0.9,350.0,100770.0
1990-10-16 21:00:00+00:00,21.02,89.9,0.0,0.0,0.0,386.45,1.03,347.0,100780.0
1990-10-16 22:00:00+00:00,20.99,92.95,0.0,0.0,0.0,393.65,1.03,346.0,100810.0
1990-10-16 23:00:00+00:00,21.87,89.95,97.35,81.74,83.2,412.2,0.83,352.0,100870.0
1990-10-17 00:00:00+00:00,23.58,73.75,194.3,59.3,171.25,414.15,1.1,14.0,100960.0
1990-10-17 01:00:00+00:00,24.44,69.05,356.45,211.42,234.8,419.3,2.0,44.0,101020.0
1990-10-17 02:00:00+00:00,25.53,64.7,435.9,223.78,275.15,419.0,3.45,56.0,101010.0
1990-10-17 03:00:00+00:00,26.24,60.7,489.55,258.16,281.0,420.9,3.93,62.0,100940.0
1990-10-17 04:00:00+00:00,26.7,56.85,503.7,311.85,242.45,424.4,4.07,65.0,100850.0
1990-10-17 05:00:00+00:00,27.16,55.05,465.0,312.57,213.05,425.2,4.28,66.0,100760.0
1990-10-17 06:00:00+00:00,27.46,55.05,383.15,241.91,210.2,422.3,4.14,68.0,100670.0
1990-10-17 07:00:00+00:00,27.41,55.05,255.0,180.09,152.25,423.05,3.86,67.0,100690.0
1990-10-17 08:00:00+00:00,27.06,56.85,111.05,84.77,78.6,428.3,3.31,75.0,100690.0
1990-10-17 09:00:00+00:00,26.22,58.7,18.1,27.98,13.5,423.85,2.48,87.0,100730.0
1990-10-17 10:00:00+00:00,25.23,62.55,0.0,0.0,0.0,421.5,2.34,85.0,100780.0
1990-10-17 11:00:00+00:00,24.27,69.05,0.0,0.0,0.0,401.55,2.14,76.0,100850.0
1990-10-17 12:00:00+00:00,23.9,71.35,0.0,0.0,0.0,412.4,2.0,74.0,100920.0
1990-10-17 13:00:00+00:00,23.49,73.7,0.0,0.0,0.0,407.75,1.93,73.0,101000.0
1990-10-17 14:00:00+00:00,23.07,71.25,0.0,0.0,0.0,405.05,1.93,70.0,101020.0
1990-10-17 15:00:00+00:00,22.51,76.1,0.0,0.0,0.0,392.85,1.86,64.0,101010.0
1990-10-17 16:00:00+00:00,22.23,76.1,0.0,0.0,0.0,399.85,1.66,55.0,100980.0
1990-10-17 17:00:00+00:00,22.08,73.55,0.0,0.0,0.0,405.25,1.45,47.0,100920.0
1990-10-17 18:00:00+00:00,21.49,78.55,0.0,0.0,0.0,386.45,1.38,43.0,100890.0
1990-10-17 19:00:00+00:00,20.42,89.85,0.0,0.0,0.0,368.3,1.1,3.0,100910.0
1990-10-17 20:00:00+00:00,19.75,92.9,0.0,0.0,0.0,365.0,1.24,3.0,100910.0
1990-10-17 21:00:00+00:00,19.26,92.9,0.0,0.0,0.0,362.65,1.31,358.0,100920.0
1990-10-17 22:00:00+00:00,18.84,96.1,0.0,0.0,0.0,360.35,1.31,350.0,100940.0
1990-10-17 23:00:00+00:00,19.3,96.1,183.75,632.39,75.6,360.35,1.03,349.0,101030.0
1990-10-18 00:00:00+00:00,22.03,76.0,397.15,737.04,112.45,366.15,1.45,8.0,101040.0
1990-10-18 01:00:00+00:00,23.68,64.4,579.6,764.86,141.6,371.85,2.55,33.0,101090.0
1990-10-18 02:00:00+00:00,25.05,60.35,708.7,753.93,169.4,378.15,3.1,47.0,101090.0
1990-10-18 03:00:00+00:00,26.3,56.7,773.0,738.49,178.85,388.2,3.24,56.0,101060.0
1990-10-18 04:00:00+00:00,27.44,53.2,749.7,630.49,223.7,399.25,3.31,60.0,100940.0
1990-10-18 05:00:00+00:00,28.3,49.95,517.9,340.58,244.6,399.45,3.24,63.0,100820.0
1990-10-18 06:00:00+00:00,28.17,49.95,324.05,177.64,197.7,427.3,2.9,77.0,100730.0
1990-10-18 07:00:00+00:00,27.98,51.55,341.25,328.45,155.05,431.55,2.62,96.0,100730.0
1990-10-18 08:00:00+00:00,27.43,55.05,181.35,273.7,77.55,414.15,3.03,106.0,100710.0
1990-10-18 09:00:00+00:00,26.01,62.65,27.5,67.99,16.55,400.0,2.97,113.0,100760.0
1990-10-18 10:00:00+00:00,24.33,69.05,0.0,0.0,0.0,393.45,2.9,110.0,100800.0
1990-10-18 11:00:00+00:00,23.52,73.7,0.0,0.0,0.0,397.9,2.62,102.0,100890.0
1990-10-18 12:00:00+00:00,23.25,73.7,0.0,0.0,0.0,407.2,1.66,97.0,100960.0
1990-10-18 13:00:00+00:00,23.07,76.2,0.0,0.0,0.0,411.25,1.24,88.0,101030.0
1990-10-18 14:00:00+00:00,22.86,78.75,0.0,0.0,0.0,413.55,0.97,72.0,101030.0
1990-10-18 15:00:00+00:00,22.62,76.15,0.0,0.0,0.0,408.55,1.17,55.0,101010.0
1990-10-18 16:00:00+00:00,21.81,81.35,0.0,0.0,0.0,384.95,1.17,45.0,100940.0
1990-10-18 17:00:00+00:00,21.13,84.05,0.0,0.0,0.0,378.55,0.97,42.0,100910.0
1990-10-18 18:00:00+00:00,20.59,86.9,0.0,0.0,0.0,368.3,0.83,20.0,100870.0
1990-10-18 19:00:00+00:00,19.72,92.9,0.0,0.0,0.0,367.9,1.17,337.0,100940.0
1990-10-18 20:00:00+00:00,19.37,92.9,0.0,0.0,0.0,365.55,1.38,335.0,100930.0
1990-10-18 21:00:00+00:00,19.33,89.8,0.0,0.0,0.0,371.95,1.52,334.0,100940.0
1990-10-18 22:00:00+00:00,19.15,86.8,0.0,0.0,0.0,368.1,1.59,332.0,100980.0
1990-10-18 23:00:00+00:00,19.5,86.8,178.55,614.6,74.75,366.35,1.45,331.0,101040.0
1990-10-19 00:00:00+00:00,21.38,70.9,372.8,676.77,113.05,375.25,1.93,351.0,101060.0
1990-10-19 01:00:00+00:00,23.11,64.3,525.4,661.37,148.5,375.15,2.21,18.0,101080.0
1990-10-19 02:00:00+00:00,24.69,58.35,722.45,819.37,138.85,394.2,2.9,40.0,101050.0
1990-10-19 03:00:00+00:00,26.16,56.7,784.2,781.16,158.3,383.55,3.1,48.0,101000.0
1990-10-19 04:00:00+00:00,27.24,55.05,773.95,738.47,160.45,391.9,3.1,54.0,100890.0
1990-10-19 05:00:00+00:00,28.68,48.4,583.35,461.74,214.5,399.45,3.59,54.0,100770.0
1990-10-19 06:00:00+00:00,29.05,48.4,416.75,293.03,209.4,421.1,3.17,57.0,100670.0
1990-10-19 07:00:00+00:00,28.76,48.4,285.15,235.23,152.65,422.65,2.34,66.0,100650.0
1990-10-19 08:00:00+00:00,27.83,53.35,94.8,97.14,58.3,428.3,2.62,99.0,100650.0
1990-10-19 09:00:00+00:00,26.14,60.7,18.6,26.94,14.35,430.2,2.83,118.0,100720.0
1990-10-19 10:00:00+00:00,24.84,66.85,0.0,0.0,0.0,419.55,2.48,118.0,100780.0
1990-10-19 11:00:00+00:00,24.18,69.05,0.0,0.0,0.0,416.65,2.07,109.0,100850.0
1990-10-19 12:00:00+00:00,23.79,71.35,0.0,0.0,0.0,411.05,1.66,101.0,100920.0
1990-10-19 13:00:00+00:00,23.32,73.7,0.0,0.0,0.0,401.2,1.52,90.0,101000.0
1990-10-19 14:00:00+00:00,22.58,76.15,0.0,0.0,0.0,385.1,1.31,75.0,101040.0
1990-10-19 15:00:00+00:00,21.99,81.35,0.0,0.0,0.0,384.55,1.1,57.0,101020.0
1990-10-19 16:00:00+00:00,21.44,84.05,0.0,0.0,0.0,380.65,0.97,41.0,100980.0
1990-10-19 17:00:00+00:00,21.17,81.3,0.0,0.0,0.0,370.2,0.83,38.0,100940.0
1990-10-19 18:00:00+00:00,20.76,84.05,0.0,0.0,0.0,373.3,0.83,40.0,100880.0
1990-10-19 19:00:00+00:00,19.5,89.8,0.0,0.0,0.0,368.85,1.24,330.0,100870.0
1990-10-19 20:00:00+00:00,19.07,89.8,0.0,0.0,0.0,364.2,1.24,329.0,100850.0
1990-10-19 21:00:00+00:00,18.64,92.85,0.0,0.0,0.0,359.75,1.17,329.0,100840.0
1990-10-19 22:00:00+00:00,18.29,89.75,0.0,0.0,0.0,358.0,1.17,328.0,100850.0
1990-10-19 23:00:00+00:00,18.8,92.85,197.95,757.51,71.65,358.4,0.97,329.0,100910.0
1990-10-20 00:00:00+00:00,21.75,73.45,403.8,764.08,112.45,358.0,1.1,358.0,100950.0
1990-10-20 01:00:00+00:00,23.63,62.25,584.25,787.9,137.45,366.05,2.07,40.0,100990.0
1990-10-20 02:00:00+00:00,25.08,56.5,683.1,705.82,182.55,375.85,3.17,53.0,100980.0
1990-10-20 03:00:00+00:00,26.15,54.8,781.5,792.87,148.85,391.5,3.31,52.0,100920.0
1990-10-20 04:00:00+00:00,27.22,53.2,791.35,773.38,151.55,384.55,3.1,49.0,100790.0
1990-10-20 05:00:00+00:00,28.1,49.95,723.25,735.2,138.6,389.2,3.03,46.0,100700.0
1990-10-20 06:00:00+00:00,28.74,48.4,574.55,616.87,140.3,392.65,2.97,42.0,100590.0
1990-10-20 07:00:00+00:00,29.79,45.35,397.95,529.83,101.4,396.15,2.62,53.0,100550.0
1990-10-20 08:00:00+00:00,29.61,45.2,164.9,214.35,85.1,398.1,2.28,67.0,100530.0
1990-10-20 09:00:00+00:00,28.14,49.95,26.15,73.8,14.75,406.0,1.86,104.0,100540.0
1990-10-20 10:00:00+00:00,26.01,62.65,0.0,0.0,0.0,386.85,1.72,113.0,100530.0
1990-10-20 11:00:00+00:00,24.55,69.05,0.0,0.0,0.0,382.0,1.1,105.0,100590.0
1990-10-20 12:00:00+00:00,24.38,69.05,0.0,0.0,0.0,377.4,0.28,21.0,100670.0
1990-10-20 13:00:00+00:00,22.6,78.75,0.0,0.0,0.0,379.9,1.03,303.0,100730.0
1990-10-20 14:00:00+00:00,21.92,81.35,0.0,0.0,0.0,371.0,0.97,288.0,100800.0
1990-10-20 15:00:00+00:00,21.06,84.05,0.0,0.0,0.0,372.95,1.03,288.0,100800.0
1990-10-20 16:00:00+00:00,20.39,89.85,0.0,0.0,0.0,374.3,1.38,303.0,100790.0
1990-10-20 17:00:00+00:00,20.53,84.05,0.0,0.0,0.0,381.85,1.66,310.0,100730.0
1990-10-20 18:00:00+00:00,20.42,81.15,0.0,0.0,0.0,372.95,2.0,316.0,100650.0
1990-10-20 19:00:00+00:00,20.49,75.75,0.0,0.0,0.0,361.9,2.34,325.0,100620.0
1990-10-20 20:00:00+00:00,20.34,75.75,0.0,0.0,0.0,362.85,2.55,327.0,100560.0
1990-10-20 21:00:00+00:00,20.22,75.75,0.0,0.0,0.0,363.85,2.76,327.0,100530.0
1990-10-20 22:00:00+00:00,20.11,75.75,0.0,0.0,0.0,364.4,2.9,328.0,100520.0
1990-10-20 23:00:00+00:00,20.33,75.75,161.2,426.96,90.95,363.85,2.55,329.0,100590.0
1990-10-21 00:00:00+00:00,21.69,66.25,318.3,464.53,142.35,376.0,3.59,336.0,100610.0
1990-10-21 01:00:00+00:00,23.28,62.15,447.6,402.85,220.3,389.85,4.07,342.0,100610.0
1990-10-21 02:00:00+00:00,24.81,58.35,500.8,315.7,277.9,403.5,3.86,347.0,100600.0
1990-10-21 03:00:00+00:00,25.99,56.6,526.9,333.82,261.65,405.45,3.79,351.0,100560.0
1990-10-21 04:00:00+00:00,26.87,54.95,597.75,350.46,309.05,412.0,3.72,352.0,100440.0
1990-10-21 05:00:00+00:00,27.83,51.55,490.55,286.5,263.75,412.8,3.79,355.0,100320.0
1990-10-21 06:00:00+00:00,28.35,51.65,408.9,299.85,198.9,420.75,4.28,7.0,100220.0
1990-10-21 07:00:00+00:00,29.32,48.4,267.55,261.08,122.35,423.45,4.21,15.0,100190.0
1990-10-21 08:00:00+00:00,29.06,48.4,125.65,100.03,88.75,425.2,3.38,14.0,100150.0
1990-10-21 09:00:00+00:00,28.2,49.95,14.1,7.93,12.9,420.55,2.48,356.0,100180.0
1990-10-21 10:00:00+00:00,27.06,53.1,0.0,0.0,0.0,427.3,2.21,348.0,100190.0
1990-10-21 11:00:00+00:00,26.13,52.95,0.0,0.0,0.0,419.55,2.48,346.0,100230.0
1990-10-21 12:00:00+00:00,25.25,54.55,0.0,0.0,0.0,410.1,2.83,346.0,100260.0
1990-10-21 13:00:00+00:00,24.72,56.35,0.0,0.0,0.0,421.5,2.9,344.0,100280.0
1990-10-21 14:00:00+00:00,24.16,56.25,0.0,0.0,0.0,419.55,3.03,341.0,100280.0
1990-10-21 15:00:00+00:00,23.71,58.1,0.0,0.0,0.0,419.0,3.24,341.0,100260.0
1990-10-21 16:00:00+00:00,23.31,58.0,0.0,0.0,0.0,422.3,2.97,340.0,100220.0
1990-10-21 17:00:00+00:00,22.83,59.95,0.0,0.0,0.0,412.6,2.9,343.0,100210.0
1990-10-21 18:00:00+00:00,22.51,61.95,0.0,0.0,0.0,420.15,2.83,341.0,100170.0
1990-10-21 19:00:00+00:00,22.27,61.95,0.0,0.0,0.0,417.65,3.17,338.0,100160.0
1990-10-21 20:00:00+00:00,22.01,61.85,0.0,0.0,0.0,416.3,3.31,340.0,100120.0
1990-10-21 21:00:00+00:00,21.77,61.85,0.0,0.0,0.0,411.25,3.38,339.0,100170.0
1990-10-21 22:00:00+00:00,21.52,63.9,0.0,0.0,0.0,410.45,3.52,342.0,100200.0
1990-10-21 23:00:00+00:00,21.36,63.9,85.1,68.7,73.95,408.15,3.45,343.0,100250.0
1990-10-22 00:00:00+00:00,21.62,64.0,190.9,136.1,139.7,409.7,3.79,344.0,100340.0
1990-10-22 01:00:00+00:00,22.29,61.95,347.0,216.7,225.35,407.85,3.86,345.0,100390.0
1990-10-22 02:00:00+00:00,23.4,60.05,457.6,305.58,242.8,410.45,3.93,348.0,100430.0
1990-10-22 03:00:00+00:00,24.43,58.2,485.15,289.05,256.45,405.85,3.86,351.0,100400.0
1990-10-22 04:00:00+00:00,25.24,56.5,635.2,495.21,229.0,407.75,3.86,354.0,100300.0
1990-10-22 05:00:00+00:00,26.53,54.8,616.75,550.74,182.75,408.15,4.21,7.0,100200.0
1990-10-22 06:00:00+00:00,27.22,53.2,389.85,310.08,173.8,409.1,4.48,11.0,100120.0
1990-10-22 07:00:00+00:00,26.81,54.95,236.15,194.88,128.45,421.7,4.21,10.0,100150.0
1990-10-22 08:00:00+00:00,26.13,54.8,105.8,91.38,72.4,413.95,3.79,8.0,100190.0
1990-10-22 09:00:00+00:00,25.24,56.5,11.8,14.51,9.65,415.9,3.17,360.0,100250.0
1990-10-22 10:00:00+00:00,24.35,56.25,0.0,0.0,0.0,422.65,2.83,350.0,100290.0
1990-10-22 11:00:00+00:00,23.49,58.0,0.0,0.0,0.0,406.4,2.76,351.0,100360.0
1990-10-22 12:00:00+00:00,22.94,59.95,0.0,0.0,0.0,406.8,2.62,355.0,100420.0
1990-10-22 13:00:00+00:00,22.43,61.95,0.0,0.0,0.0,396.15,2.41,1.0,100430.0
1990-10-22 14:00:00+00:00,22.06,61.95,0.0,0.0,0.0,387.05,2.0,10.0,100470.0
1990-10-22 15:00:00+00:00,21.74,64.0,0.0,0.0,0.0,383.0,1.86,19.0,100470.0
1990-10-22 16:00:00+00:00,21.57,61.85,0.0,0.0,0.0,387.05,2.0,26.0,100460.0
1990-10-22 17:00:00+00:00,21.18,61.7,0.0,0.0,0.0,378.55,2.14,22.0,100430.0
1990-10-22 18:00:00+00:00,20.77,59.5,0.0,0.0,0.0,371.2,2.14,14.0,100370.0
1990-10-22 19:00:00+00:00,20.08,68.3,0.0,0.0,0.0,363.45,1.52,8.0,100430.0
1990-10-22 20:00:00+00:00,19.63,68.2,0.0,0.0,0.0,365.4,1.66,2.0,100430.0
1990-10-22 21:00:00+00:00,19.21,68.1,0.0,0.0,0.0,361.3,1.72,353.0,100490.0
1990-10-22 22:00:00+00:00,19.0,70.45,0.0,0.0,0.0,362.65,1.79,355.0,100520.0
1990-10-22 23:00:00+00:00,19.56,65.85,79.25,64.98,68.85,381.65,1.79,5.0,100590.0
1990-10-23 00:00:00+00:00,20.59,55.45,222.0,181.21,154.3,378.75,2.28,14.0,100630.0
1990-10-23 01:00:00+00:00,21.97,44.95,480.25,578.64,157.1,383.7,3.1,32.0,100650.0
1990-10-23 02:00:00+00:00,23.55,36.55,666.15,670.02,197.3,365.0,4.41,45.0,100660.0
1990-10-23 03:00:00+00:00,24.75,31.95,727.1,670.75,198.65,368.45,4.69,49.0,100600.0
1990-10-23 04:00:00+00:00,25.72,28.9,582.15,384.7,267.95,367.5,4.76,53.0,100500.0
1990-10-23 05:00:00+00:00,26.13,28.0,367.9,115.3,277.45,381.65,4.69,57.0,100440.0
1990-10-23 06:00:00+00:00,25.89,27.85,149.45,39.17,122.3,412.8,4.48,61.0,100360.0
1990-10-23 07:00:00+00:00,24.68,31.95,129.9,41.24,107.25,413.0,3.17,84.0,100440.0
1990-10-23 08:00:00+00:00,24.18,34.25,66.0,8.83,62.8,412.2,3.31,97.0,100480.0
1990-10-23 09:00:00+00:00,23.4,37.9,9.15,0.69,9.05,407.2,3.24,102.0,100540.0
1990-10-23 10:00:00+00:00,22.6,40.6,0.0,0.0,0.0,400.6,3.66,94.0,100610.0
1990-10-23 11:00:00+00:00,21.99,43.4,0.0,0.0,0.0,392.45,3.72,88.0,100650.0
1990-10-23 12:00:00+00:00,21.56,43.4,0.0,0.0,0.0,397.3,3.72,87.0,100720.0
1990-10-23 13:00:00+00:00,21.27,43.25,0.0,0.0,0.0,397.3,3.59,76.0,100740.0
1990-10-23 14:00:00+00:00,21.15,41.7,0.0,0.0,0.0,399.85,3.66,64.0,100760.0
1990-10-23 15:00:00+00:00,20.94,40.1,0.0,0.0,0.0,395.55,3.38,53.0,100730.0
1990-10-23 16:00:00+00:00,20.74,37.25,0.0,0.0,0.0,393.85,2.97,56.0,100720.0
1990-10-23 17:00:00+00:00,20.51,38.5,0.0,0.0,0.0,395.2,2.48,62.0,100740.0
1990-10-23 18:00:00+00:00,20.23,38.5,0.0,0.0,0.0,397.9,1.86,64.0,100760.0
1990-10-23 19:00:00+00:00,20.62,35.9,0.0,0.0,0.0,398.1,2.48,67.0,100730.0
1990-10-23 20:00:00+00:00,20.16,39.95,0.0,0.0,0.0,397.7,2.83,67.0,100770.0
1990-10-23 21:00:00+00:00,19.52,44.45,0.0,0.0,0.0,386.3,2.48,62.0,100820.0
1990-10-23 22:00:00+00:00,19.09,47.65,0.0,0.0,0.0,381.25,2.97,53.0,100880.0
1990-10-23 23:00:00+00:00,18.9,51.15,34.4,17.75,31.6,387.05,2.83,50.0,100940.0
1990-10-24 00:00:00+00:00,19.24,51.25,99.7,72.92,72.65,393.45,2.34,47.0,100990.0
1990-10-24 01:00:00+00:00,19.73,51.4,210.65,80.19,166.1,394.5,3.03,47.0,101010.0
1990-10-24 02:00:00+00:00,20.51,51.5,241.6,36.97,215.85,392.3,3.86,50.0,101000.0
1990-10-24 03:00:00+00:00,21.02,51.65,426.85,205.49,265.65,397.9,3.72,49.0,100960.0
1990-10-24 04:00:00+00:00,22.23,48.45,263.0,46.85,224.9,395.95,3.72,54.0,100870.0
1990-10-24 05:00:00+00:00,22.23,48.45,249.4,52.12,208.7,405.45,3.45,56.0,100800.0
1990-10-24 06:00:00+00:00,22.53,48.45,193.45,45.68,161.95,405.65,3.52,57.0,100740.0
1990-10-24 07:00:00+00:00,23.01,43.65,243.85,214.93,126.55,399.85,3.1,62.0,100720.0
1990-10-24 08:00:00+00:00,23.4,42.25,136.2,169.79,75.25,396.35,3.45,68.0,100710.0
1990-10-24 09:00:00+00:00,22.9,45.25,17.5,31.68,13.0,376.0,2.62,74.0,100730.0
1990-10-24 10:00:00+00:00,21.99,50.05,0.0,0.0,0.0,377.75,2.14,78.0,100760.0
1990-10-24 11:00:00+00:00,21.36,53.6,0.0,0.0,0.0,376.2,2.14,84.0,100810.0
1990-10-24 12:00:00+00:00,21.15,55.55,0.0,0.0,0.0,392.3,2.28,88.0,100850.0
1990-10-24 13:00:00+00:00,20.84,57.45,0.0,0.0,0.0,390.55,2.41,83.0,100890.0
1990-10-24 14:00:00+00:00,20.68,57.45,0.0,0.0,0.0,397.5,2.48,79.0,100940.0
1990-10-24 15:00:00+00:00,20.29,57.3,0.0,0.0,0.0,387.05,2.34,78.0,100960.0
1990-10-24 16:00:00+00:00,19.92,59.25,0.0,0.0,0.0,380.65,2.14,76.0,100950.0
1990-10-24 17:00:00+00:00,19.53,57.2,0.0,0.0,0.0,374.85,2.0,68.0,100950.0
1990-10-24 18:00:00+00:00,19.25,59.15,0.0,0.0,0.0,376.6,1.79,66.0,100890.0
1990-10-24 19:00:00+00:00,18.65,63.4,0.0,0.0,0.0,362.5,1.59,63.0,100900.0
1990-10-24 20:00:00+00:00,18.82,65.65,0.0,0.0,0.0,389.0,1.24,50.0,100890.0
1990-10-24 21:00:00+00:00,18.97,61.2,0.0,0.0,0.0,388.8,1.59,40.0,100890.0
1990-10-24 22:00:00+00:00,19.16,61.3,0.0,0.0,0.0,398.85,1.31,36.0,100960.0
1990-10-24 23:00:00+00:00,19.51,61.3,71.1,47.94,63.65,401.55,1.24,43.0,101000.0
1990-10-25 00:00:00+00:00,20.33,55.3,133.85,25.39,124.5,402.95,1.59,46.0,101060.0
1990-10-25 01:00:00+00:00,21.1,51.75,251.7,81.98,206.4,405.15,2.07,45.0,101090.0
1990-10-25 02:00:00+00:00,22.23,50.2,361.5,178.98,237.4,407.4,2.41,52.0,101090.0
1990-10-25 03:00:00+00:00,23.43,50.45,590.8,409.25,271.15,413.2,2.62,62.0,101010.0
1990-10-25 04:00:00+00:00,25.08,45.9,597.9,464.43,221.85,404.1,2.76,70.0,100890.0
1990-10-25 05:00:00+00:00,25.93,46.0,575.3,539.02,156.3,408.15,2.83,76.0,100770.0
1990-10-25 06:00:00+00:00,26.46,46.15,527.05,582.96,127.05,396.15,2.9,83.0,100670.0
1990-10-25 07:00:00+00:00,26.91,44.7,357.6,467.4,104.1,395.4,2.76,86.0,100630.0
1990-10-25 08:00:00+00:00,26.49,46.15,165.0,287.67,62.65,387.45,2.76,93.0,100600.0
1990-10-25 09:00:00+00:00,25.39,50.95,19.1,53.55,11.65,384.75,2.41,110.0,100630.0
1990-10-25 10:00:00+00:00,23.72,60.15,0.0,0.0,0.0,386.85,2.34,120.0,100650.0
1990-10-25 11:00:00+00:00,22.5,68.7,0.0,0.0,0.0,376.4,2.28,114.0,100720.0
1990-10-25 12:00:00+00:00,21.66,73.45,0.0,0.0,0.0,370.2,2.21,107.0,100800.0
1990-10-25 13:00:00+00:00,21.07,75.95,0.0,0.0,0.0,367.5,2.14,103.0,100880.0
1990-10-25 14:00:00+00:00,20.58,78.5,0.0,0.0,0.0,365.95,1.93,94.0,100930.0
1990-10-25 15:00:00+00:00,20.01,83.9,0.0,0.0,0.0,364.0,1.59,83.0,100920.0
1990-10-25 16:00:00+00:00,19.53,81.1,0.0,0.0,0.0,365.75,1.24,67.0,100880.0
1990-10-25 17:00:00+00:00,19.23,83.85,0.0,0.0,0.0,358.8,0.9,59.0,100840.0
1990-10-25 18:00:00+00:00,19.62,78.35,0.0,0.0,0.0,359.0,0.48,62.0,100770.0
1990-10-25 19:00:00+00:00,19.53,81.1,0.0,0.0,0.0,357.45,0.14,344.0,100760.0
1990-10-25 20:00:00+00:00,19.23,83.85,0.0,0.0,0.0,362.5,0.48,329.0,100740.0
1990-10-25 21:00:00+00:00,18.42,86.75,0.0,0.0,0.0,353.4,0.76,311.0,100760.0
1990-10-25 22:00:00+00:00,18.26,86.75,0.0,0.0,0.0,351.05,0.69,296.0,100810.0
1990-10-25 23:00:00+00:00,18.48,89.75,184.8,751.68,69.75,350.3,0.48,294.0,100870.0
1990-10-26 00:00:00+00:00,21.16,73.35,392.65,796.96,101.3,352.8,0.34,12.0,100890.0
1990-10-26 01:00:00+00:00,23.52,58.0,585.6,844.1,121.7,360.05,1.38,55.0,100890.0
1990-10-26 02:00:00+00:00,25.33,49.2,712.15,840.56,132.05,367.1,2.28,64.0,100870.0
1990-10-26 03:00:00+00:00,26.67,44.7,780.75,827.03,137.6,373.3,2.76,70.0,100810.0
1990-10-26 04:00:00+00:00,27.67,41.95,777.8,792.3,139.05,377.75,2.83,71.0,100690.0
1990-10-26 05:00:00+00:00,28.35,40.65,706.65,744.44,130.6,381.45,2.9,73.0,100580.0
1990-10-26 06:00:00+00:00,28.62,39.35,570.15,663.64,117.1,383.0,2.97,74.0,100460.0
1990-10-26 07:00:00+00:00,28.88,40.75,382.45,528.17,97.75,384.55,2.9,80.0,100400.0
1990-10-26 08:00:00+00:00,28.25,43.55,174.5,312.91,64.15,383.4,2.9,91.0,100400.0
1990-10-26 09:00:00+00:00,26.61,51.3,19.75,57.98,11.85,379.5,2.62,112.0,100410.0
1990-10-26 10:00:00+00:00,24.32,62.35,0.0,0.0,0.0,372.75,2.55,116.0,100470.0
1990-10-26 11:00:00+00:00,22.86,73.6,0.0,0.0,0.0,366.75,2.34,111.0,100560.0
1990-10-26 12:00:00+00:00,21.98,78.65,0.0,0.0,0.0,363.25,2.0,108.0,100650.0
1990-10-26 13:00:00+00:00,21.32,81.3,0.0,0.0,0.0,361.3,1.72,102.0,100720.0
1990-10-26 14:00:00+00:00,20.62,84.05,0.0,0.0,0.0,359.4,1.38,93.0,100730.0
1990-10-26 15:00:00+00:00,20.26,86.85,0.0,0.0,0.0,357.45,1.03,83.0,100720.0
1990-10-26 16:00:00+00:00,20.27,83.95,0.0,0.0,0.0,356.1,0.76,61.0,100690.0
1990-10-26 17:00:00+00:00,20.19,81.15,0.0,0.0,0.0,354.15,0.76,16.0,100650.0
1990-10-26 18:00:00+00:00,19.01,86.8,0.0,0.0,0.0,352.0,0.97,347.0,100580.0
1990-10-26 19:00:00+00:00,19.96,86.85,0.0,0.0,0.0,356.1,0.69,343.0,100550.0
1990-10-26 20:00:00+00:00,19.67,86.85,0.0,0.0,0.0,354.35,0.55,332.0,100560.0
1990-10-26 21:00:00+00:00,19.41,89.8,0.0,0.0,0.0,352.4,0.41,334.0,100560.0
1990-10-26 22:00:00+00:00,19.29,89.8,0.0,0.0,0.0,350.85,0.48,359.0,100620.0
1990-10-26 23:00:00+00:00,19.56,86.85,185.2,778.87,67.85,349.3,0.55,17.0,100690.0
1990-10-27 00:00:00+00:00,22.21,71.05,392.4,803.92,100.7,353.0,1.03,46.0,100750.0
1990-10-27 01:00:00+00:00,24.57,54.45,576.9,835.67,120.15,361.25,2.83,53.0,100780.0
1990-10-27 02:00:00+00:00,26.19,49.45,710.85,843.66,131.35,368.3,3.93,59.0,100780.0
1990-10-27 03:00:00+00:00,27.44,46.4,779.55,829.83,137.05,374.85,4.07,66.0,100720.0
1990-10-27 04:00:00+00:00,28.4,43.55,776.25,796.06,137.25,380.45,4.0,72.0,100620.0
1990-10-27 05:00:00+00:00,28.99,43.65,702.15,742.19,130.45,384.55,3.93,77.0,100530.0
1990-10-27 06:00:00+00:00,29.18,43.65,563.3,655.66,117.95,387.05,3.93,84.0,100470.0
1990-10-27 07:00:00+00:00,29.08,43.65,376.0,518.81,98.05,388.0,3.79,90.0,100440.0
1990-10-27 08:00:00+00:00,28.3,46.65,169.75,302.79,63.9,387.05,3.72,94.0,100470.0
1990-10-27 09:00:00+00:00,26.73,54.95,18.5,52.08,11.55,384.15,3.24,106.0,100500.0
1990-10-27 10:00:00+00:00,24.84,64.6,0.0,0.0,0.0,378.35,3.1,106.0,100580.0
1990-10-27 11:00:00+00:00,23.69,68.95,0.0,0.0,0.0,373.1,3.03,98.0,100680.0
1990-10-27 12:00:00+00:00,22.99,73.6,0.0,0.0,0.0,369.45,3.03,88.0,100740.0
1990-10-27 13:00:00+00:00,22.48,73.55,0.0,0.0,0.0,365.95,2.83,81.0,100790.0
1990-10-27 14:00:00+00:00,22.04,76.0,0.0,0.0,0.0,363.25,2.55,77.0,100830.0
1990-10-27 15:00:00+00:00,21.57,73.45,0.0,0.0,0.0,360.55,2.34,73.0,100840.0
1990-10-27 16:00:00+00:00,21.05,75.95,0.0,0.0,0.0,358.4,2.07,68.0,100830.0
1990-10-27 17:00:00+00:00,20.44,81.15,0.0,0.0,0.0,357.05,1.79,63.0,100830.0
1990-10-27 18:00:00+00:00,19.91,83.9,0.0,0.0,0.0,358.0,1.52,48.0,100820.0
1990-10-27 19:00:00+00:00,19.68,86.85,0.0,0.0,0.0,365.0,1.45,38.0,100780.0
1990-10-27 20:00:00+00:00,19.26,86.8,0.0,0.0,0.0,361.7,1.45,35.0,100770.0
1990-10-27 21:00:00+00:00,18.94,89.75,0.0,0.0,0.0,359.95,1.52,33.0,100780.0
1990-10-27 22:00:00+00:00,18.78,89.75,0.0,0.0,0.0,361.7,1.59,26.0,100790.0
1990-10-27 23:00:00+00:00,19.36,89.8,169.65,624.64,77.05,361.7,1.17,20.0,100870.0
1990-10-28 00:00:00+00:00,23.03,66.45,368.45,724.68,107.5,375.05,1.17,36.0,100940.0
1990-10-28 01:00:00+00:00,25.04,58.35,545.5,746.96,139.5,381.75,2.83,53.0,100990.0
1990-10-28 02:00:00+00:00,26.49,54.8,673.8,748.28,162.25,383.75,3.66,61.0,101000.0
1990-10-28 03:00:00+00:00,27.75,49.8,742.3,760.54,156.05,390.55,4.0,69.0,100970.0
1990-10-28 04:00:00+00:00,28.71,48.4,718.95,673.98,180.3,399.25,4.0,75.0,100860.0
1990-10-28 05:00:00+00:00,29.3,48.4,619.7,580.86,174.3,410.1,3.93,80.0,100780.0
1990-10-28 06:00:00+00:00,29.42,48.4,502.25,531.2,143.25,417.45,3.93,83.0,100690.0
1990-10-28 07:00:00+00:00,28.78,50.05,133.15,69.3,96.25,409.9,3.72,95.0,100690.0
1990-10-28 08:00:00+00:00,26.85,58.8,58.4,40.54,44.35,434.85,3.45,121.0,100770.0
1990-10-28 09:00:00+00:00,25.22,64.7,5.8,12.62,4.15,428.85,3.38,119.0,100830.0
1990-10-28 10:00:00+00:00,23.62,76.3,0.0,0.0,0.0,426.15,3.38,111.0,100920.0
1990-10-28 11:00:00+00:00,22.68,81.45,0.0,0.0,0.0,416.85,3.24,100.0,100980.0
1990-10-28 12:00:00+00:00,22.32,84.15,0.0,0.0,0.0,412.4,2.9,88.0,101030.0
1990-10-28 13:00:00+00:00,22.17,84.15,0.0,0.0,0.0,409.1,2.55,81.0,101070.0
1990-10-28 14:00:00+00:00,22.14,81.4,0.0,0.0,0.0,408.55,2.34,77.0,101090.0
1990-10-28 15:00:00+00:00,22.12,78.7,0.0,0.0,0.0,406.2,2.21,74.0,101080.0
1990-10-28 16:00:00+00:00,22.17,78.7,0.0,0.0,0.0,412.0,2.07,76.0,101080.0
1990-10-28 17:00:00+00:00,22.13,78.7,0.0,0.0,0.0,413.55,2.0,77.0,101050.0
1990-10-28 18:00:00+00:00,22.09,76.1,0.0,0.0,0.0,413.2,2.07,73.0,101020.0
1990-10-28 19:00:00+00:00,22.12,73.55,0.0,0.0,0.0,397.3,1.72,57.0,101020.0
1990-10-28 20:00:00+00:00,22.0,76.0,0.0,0.0,0.0,401.95,1.72,56.0,101000.0
1990-10-28 21:00:00+00:00,21.59,73.45,0.0,0.0,0.0,390.75,1.59,58.0,101050.0
1990-10-28 22:00:00+00:00,21.3,81.3,0.0,0.0,0.0,393.65,1.24,58.0,101080.0
1990-10-28 23:00:00+00:00,21.53,84.05,66.45,178.67,40.4,403.3,0.97,49.0,101170.0
1990-10-29 00:00:00+00:00,22.63,71.15,168.45,185.42,102.2,402.55,0.83,51.0,101200.0
1990-10-29 01:00:00+00:00,23.9,62.25,199.75,104.91,143.05,409.8,1.79,56.0,101250.0
1990-10-29 02:00:00+00:00,24.36,58.2,295.3,231.72,137.65,413.75,2.34,52.0,101270.0
1990-10-29 03:00:00+00:00,25.09,54.55,285.75,147.31,172.7,406.8,2.48,50.0,101250.0
1990-10-29 04:00:00+00:00,25.43,54.55,303.95,105.82,219.75,416.65,2.41,45.0,101140.0
1990-10-29 05:00:00+00:00,25.65,52.85,244.8,70.87,190.7,421.5,2.41,38.0,101070.0
1990-10-29 06:00:00+00:00,25.72,52.85,270.9,207.96,131.05,419.4,2.41,33.0,100990.0
1990-10-29 07:00:00+00:00,26.91,46.25,190.65,136.21,118.55,416.1,2.69,33.0,100910.0
1990-10-29 08:00:00+00:00,26.34,49.45,97.35,90.65,66.2,415.3,2.48,31.0,100940.0
1990-10-29 09:00:00+00:00,25.51,52.75,9.45,16.79,7.3,401.0,1.72,22.0,100990.0
1990-10-29 10:00:00+00:00,24.41,58.2,0.0,0.0,0.0,406.8,1.38,12.0,101040.0
1990-10-29 11:00:00+00:00,23.41,64.3,0.0,0.0,0.0,402.15,1.31,10.0,101100.0
1990-10-29 12:00:00+00:00,22.33,73.55,0.0,0.0,0.0,391.7,1.1,349.0,101160.0
1990-10-29 13:00:00+00:00,21.83,81.35,0.0,0.0,0.0,402.15,0.97,351.0,101220.0
1990-10-29 14:00:00+00:00,21.67,81.35,0.0,0.0,0.0,407.95,0.83,356.0,101230.0
1990-10-29 15:00:00+00:00,21.48,84.05,0.0,0.0,0.0,406.4,0.76,5.0,101200.0
1990-10-29 16:00:00+00:00,21.27,84.05,0.0,0.0,0.0,397.9,0.55,21.0,101170.0
1990-10-29 17:00:00+00:00,21.37,81.3,0.0,0.0,0.0,389.2,0.14,24.0,101140.0
1990-10-29 18:00:00+00:00,21.11,81.3,0.0,0.0,0.0,392.45,0.34,4.0,101100.0
1990-10-29 19:00:00+00:00,21.54,81.35,0.0,0.0,0.0,397.5,0.28,68.0,101130.0
1990-10-29 20:00:00+00:00,21.37,84.05,0.0,0.0,0.0,394.6,0.28,75.0,101120.0
1990-10-29 21:00:00+00:00,21.23,84.05,0.0,0.0,0.0,397.1,0.41,68.0,101140.0
1990-10-29 22:00:00+00:00,20.94,86.9,0.0,0.0,0.0,396.55,0.48,50.0,101180.0
1990-10-29 23:00:00+00:00,20.74,86.9,151.15,547.03,72.75,385.9,0.55,40.0,101220.0
1990-10-30 00:00:00+00:00,22.37,76.1,355.0,696.49,108.1,385.9,1.1,48.0,101250.0
1990-10-30 01:00:00+00:00,23.95,66.65,530.75,732.14,137.3,388.5,2.14,54.0,101300.0
1990-10-30 02:00:00+00:00,25.36,58.45,668.25,784.11,137.35,393.45,2.97,55.0,101290.0
1990-10-30 03:00:00+00:00,26.6,51.3,670.55,617.54,198.75,392.3,3.17,58.0,101240.0
1990-10-30 04:00:00+00:00,27.41,49.7,702.0,619.31,211.35,406.0,3.1,63.0,101130.0
1990-10-30 05:00:00+00:00,28.3,45.05,629.9,564.62,200.85,406.2,3.03,70.0,101030.0
1990-10-30 06:00:00+00:00,28.78,43.65,325.25,205.34,187.85,415.3,2.9,75.0,100920.0
1990-10-30 07:00:00+00:00,27.73,48.15,227.3,174.94,135.25,429.65,3.1,96.0,100910.0
1990-10-30 08:00:00+00:00,26.44,51.2,88.75,95.37,56.25,426.35,3.59,114.0,100920.0
1990-10-30 09:00:00+00:00,24.71,56.35,10.75,17.93,8.5,418.2,3.45,121.0,101010.0
1990-10-30 10:00:00+00:00,23.23,62.15,0.0,0.0,0.0,409.7,3.24,111.0,101040.0
1990-10-30 11:00:00+00:00,22.46,64.1,0.0,0.0,0.0,402.75,2.62,100.0,101120.0
1990-10-30 12:00:00+00:00,21.78,64.0,0.0,0.0,0.0,383.2,2.55,94.0,101160.0
1990-10-30 13:00:00+00:00,21.14,63.9,0.0,0.0,0.0,367.1,2.21,88.0,101210.0
1990-10-30 14:00:00+00:00,20.79,63.8,0.0,0.0,0.0,371.55,2.07,82.0,101210.0
1990-10-30 15:00:00+00:00,20.34,65.95,0.0,0.0,0.0,365.75,1.79,75.0,101190.0
1990-10-30 16:00:00+00:00,20.03,63.7,0.0,0.0,0.0,371.2,1.59,70.0,101170.0
1990-10-30 17:00:00+00:00,19.5,68.1,0.0,0.0,0.0,360.35,1.52,72.0,101140.0
1990-10-30 18:00:00+00:00,18.85,68.05,0.0,0.0,0.0,351.05,1.45,71.0,101100.0
1990-10-30 19:00:00+00:00,18.24,70.45,0.0,0.0,0.0,347.4,1.52,68.0,101080.0
1990-10-30 20:00:00+00:00,17.92,72.9,0.0,0.0,0.0,350.5,1.45,69.0,101090.0
1990-10-30 21:00:00+00:00,17.45,72.8,0.0,0.0,0.0,342.75,1.38,80.0,101100.0
1990-10-30 22:00:00+00:00,17.21,72.8,0.0,0.0,0.0,336.55,1.24,91.0,101180.0
1990-10-30 23:00:00+00:00,17.6,70.35,168.95,710.87,68.85,335.0,0.97,98.0,101230.0
1990-10-31 00:00:00+00:00,20.38,53.35,325.8,564.33,127.35,348.15,1.45,81.0,101280.0
1990-10-31 01:00:00+00:00,21.57,46.6,539.35,718.04,155.7,354.65,2.28,68.0,101320.0
1990-10-31 02:00:00+00:00,23.03,43.65,696.6,826.16,139.95,349.3,2.62,67.0,101330.0
1990-10-31 03:00:00+00:00,24.37,39.55,768.25,814.38,148.85,353.95,2.48,70.0,101270.0
1990-10-31 04:00:00+00:00,25.43,37.1,765.25,793.05,139.7,356.3,2.34,78.0,101150.0
1990-10-31 05:00:00+00:00,26.18,36.05,692.15,741.98,130.85,362.85,2.34,87.0,101030.0
1990-10-31 06:00:00+00:00,26.46,37.35,544.75,625.8,128.05,365.75,2.28,93.0,100920.0
1990-10-31 07:00:00+00:00,26.64,34.9,367.95,519.58,96.15,365.2,1.86,86.0,100820.0
1990-10-31 08:00:00+00:00,26.24,37.35,161.6,295.9,61.6,365.0,2.21,101.0,100800.0
1990-10-31 09:00:00+00:00,24.73,45.75,15.4,44.71,9.9,363.45,2.69,125.0,100800.0
1990-10-31 10:00:00+00:00,22.59,57.9,0.0,0.0,0.0,358.8,2.83,126.0,100850.0
1990-10-31 11:00:00+00:00,21.28,68.5,0.0,0.0,0.0,354.75,2.48,114.0,100940.0
1990-10-31 12:00:00+00:00,20.5,75.75,0.0,0.0,0.0,351.85,1.86,107.0,101010.0
1990-10-31 13:00:00+00:00,19.87,78.35,0.0,0.0,0.0,349.5,1.52,106.0,101070.0
1990-10-31 14:00:00+00:00,19.13,83.85,0.0,0.0,0.0,347.4,1.31,98.0,101070.0
1990-10-31 15:00:00+00:00,18.57,86.75,0.0,0.0,0.0,344.65,1.17,84.0,101060.0
1990-10-31 16:00:00+00:00,15.66,93.83,0.0,0.0,0.0,320.36,0.5,62.0,101020.0
1990-10-31 17:00:00+00:00,16.29,91.87,0.0,0.0,0.0,327.05,0.67,354.0,101010.0
1990-10-31 18:00:00+00:00,16.91,89.91,0.0,0.0,0.0,333.73,0.84,322.0,100940.0
1990-10-31 19:00:00+00:00,17.53,87.96,0.0,0.0,0.0,340.42,1.01,311.0,100960.0
1990-10-31 20:00:00+00:00,18.16,86.0,0.0,0.0,0.0,347.11,1.18,312.0,100940.0
1990-10-31 21:00:00+00:00,18.78,84.04,0.0,0.0,0.0,353.8,1.34,309.0,100950.0
1990-10-31 22:00:00+00:00,19.4,82.08,0.0,0.0,0.0,360.48,1.51,306.0,100990.0
1990-10-31 23:00:00+00:00,20.03,80.12,171.75,753.53,67.55,367.17,1.68,298.0,101050.0
1990-11-01 00:00:00+00:00,20.65,78.16,277.2,402.53,136.8,373.86,1.85,339.0,101430.0
1990-11-01 01:00:00+00:00,21.27,76.2,412.65,433.18,182.55,380.55,2.02,360.0,101460.0
1990-11-01 02:00:00+00:00,21.89,74.24,425.3,267.42,246.0,387.23,2.19,26.0,101470.0
1990-11-01 03:00:00+00:00,22.52,72.29,470.1,296.7,245.45,393.92,2.36,35.0,101430.0
1990-11-01 04:00:00+00:00,23.14,70.33,354.85,129.62,253.05,400.61,2.53,36.0,101340.0
1990-11-01 05:00:00+00:00,23.76,68.37,356.25,153.3,240.8,407.3,2.7,40.0,101250.0
1990-11-01 06:00:00+00:00,24.39,66.41,284.75,196.26,154.7,413.99,2.87,49.0,101190.0
1990-11-01 07:00:00+00:00,25.01,64.45,202.55,125.07,137.5,420.67,3.04,49.0,101180.0
1990-11-01 08:00:00+00:00,24.76,66.75,81.7,80.54,54.7,418.0,1.72,56.0,101180.0
1990-11-01 09:00:00+00:00,24.07,69.05,8.75,11.61,7.35,414.15,1.24,80.0,101220.0
1990-11-01 10:00:00+00:00,23.35,68.95,0.0,0.0,0.0,410.85,1.45,96.0,101280.0
1990-11-01 11:00:00+00:00,22.79,73.6,0.0,0.0,0.0,409.1,1.66,93.0,101340.0
1990-11-01 12:00:00+00:00,22.35,71.15,0.0,0.0,0.0,407.2,1.72,82.0,101390.0
1990-11-01 13:00:00+00:00,22.04,71.05,0.0,0.0,0.0,405.65,1.72,74.0,101470.0
1990-11-01 14:00:00+00:00,21.53,73.45,0.0,0.0,0.0,394.2,1.66,70.0,101480.0
1990-11-01 15:00:00+00:00,21.09,73.35,0.0,0.0,0.0,391.3,1.59,70.0,101480.0
1990-11-01 16:00:00+00:00,20.45,75.85,0.0,0.0,0.0,376.6,1.66,72.0,101450.0
1990-11-01 17:00:00+00:00,19.75,78.35,0.0,0.0,0.0,361.3,1.72,64.0,101450.0
1990-11-01 18:00:00+00:00,19.23,81.05,0.0,0.0,0.0,360.35,1.66,51.0,101420.0
1990-11-01 19:00:00+00:00,19.52,81.1,0.0,0.0,0.0,377.55,1.45,47.0,101400.0
1990-11-01 20:00:00+00:00,18.88,83.85,0.0,0.0,0.0,359.4,1.45,39.0,101400.0
1990-11-01 21:00:00+00:00,18.37,86.75,0.0,0.0,0.0,355.3,1.38,37.0,101400.0
1990-11-01 22:00:00+00:00,18.17,89.75,0.0,0.0,0.0,360.75,1.38,35.0,101450.0
1990-11-01 23:00:00+00:00,18.07,89.75,156.1,657.94,66.8,350.85,1.31,30.0,101510.0
1990-11-02 00:00:00+00:00,20.23,75.75,356.25,716.07,108.55,353.55,1.52,29.0,101550.0
1990-11-02 01:00:00+00:00,21.26,66.15,535.2,764.49,131.5,355.05,3.17,34.0,101580.0
1990-11-02 02:00:00+00:00,22.23,61.95,651.55,729.2,165.05,359.55,3.66,39.0,101590.0
1990-11-02 03:00:00+00:00,23.42,56.15,680.3,568.88,251.5,371.75,3.93,42.0,101540.0
1990-11-02 04:00:00+00:00,24.23,56.25,463.95,191.58,314.15,381.85,3.66,43.0,101420.0
1990-11-02 05:00:00+00:00,24.39,56.25,411.15,211.8,252.35,407.4,3.1,44.0,101320.0
1990-11-02 06:00:00+00:00,24.52,56.25,312.65,208.66,175.05,411.25,2.76,45.0,101210.0
1990-11-02 07:00:00+00:00,24.28,58.2,158.35,83.25,115.3,405.05,1.72,46.0,101200.0
1990-11-02 08:00:00+00:00,23.85,58.2,62.3,39.84,49.05,410.65,0.76,54.0,101210.0
1990-11-02 09:00:00+00:00,23.16,71.25,6.5,6.34,5.75,409.5,0.0,42.0,101250.0
1990-11-02 10:00:00+00:00,22.43,71.15,0.0,0.0,0.0,403.3,0.0,140.0,101280.0
1990-11-02 11:00:00+00:00,21.94,71.05,0.0,0.0,0.0,401.75,0.21,69.0,101340.0
1990-11-02 12:00:00+00:00,21.28,81.3,0.0,0.0,0.0,399.65,0.28,55.0,101380.0
1990-11-02 13:00:00+00:00,20.89,81.3,0.0,0.0,0.0,397.3,0.28,35.0,101420.0
1990-11-02 14:00:00+00:00,20.47,84.05,0.0,0.0,0.0,395.75,0.41,27.0,101410.0
1990-11-02 15:00:00+00:00,19.88,83.95,0.0,0.0,0.0,382.8,0.48,19.0,101380.0
1990-11-02 16:00:00+00:00,19.37,78.35,0.0,0.0,0.0,352.6,0.55,2.0,101380.0
1990-11-02 17:00:00+00:00,18.78,81.0,0.0,0.0,0.0,347.75,0.55,337.0,101360.0
1990-11-02 18:00:00+00:00,17.95,83.75,0.0,0.0,0.0,343.3,0.69,321.0,101330.0
1990-11-02 19:00:00+00:00,16.63,92.8,0.0,0.0,0.0,338.85,1.31,313.0,101320.0
1990-11-02 20:00:00+00:00,16.18,92.75,0.0,0.0,0.0,336.55,1.45,313.0,101360.0
1990-11-02 21:00:00+00:00,15.8,89.6,0.0,0.0,0.0,335.2,1.52,310.0,101350.0
1990-11-02 22:00:00+00:00,15.44,92.75,0.0,0.0,0.0,330.95,1.59,313.0,101370.0
1990-11-02 23:00:00+00:00,15.55,89.55,165.4,702.23,71.9,327.45,1.59,316.0,101400.0
1990-11-03 00:00:00+00:00,17.57,75.4,367.15,743.55,112.1,327.85,2.0,326.0,101460.0
1990-11-03 01:00:00+00:00,19.03,70.55,560.55,827.08,126.4,329.9,2.28,339.0,101490.0
1990-11-03 02:00:00+00:00,20.57,66.05,675.05,786.92,152.65,334.4,2.34,2.0,101500.0
1990-11-03 03:00:00+00:00,22.04,57.75,729.4,702.06,202.6,343.3,3.24,42.0,101430.0
1990-11-03 04:00:00+00:00,22.69,57.9,705.75,681.99,174.8,349.9,2.83,45.0,101320.0
1990-11-03 05:00:00+00:00,23.2,56.0,549.65,408.8,244.5,359.0,2.48,47.0,101190.0
1990-11-03 06:00:00+00:00,23.38,54.2,320.65,204.25,186.6,387.85,2.14,53.0,101080.0
1990-11-03 07:00:00+00:00,23.29,56.0,178.55,131.94,110.7,391.5,1.59,44.0,101070.0
1990-11-03 08:00:00+00:00,23.0,56.0,74.85,66.98,52.75,398.65,0.76,64.0,101060.0
1990-11-03 09:00:00+00:00,22.49,66.45,6.65,8.62,5.65,404.1,0.21,154.0,101070.0
1990-11-03 10:00:00+00:00,21.7,73.45,0.0,0.0,0.0,397.7,0.34,175.0,101050.0
1990-11-03 11:00:00+00:00,21.22,66.15,0.0,0.0,0.0,366.95,0.28,144.0,101070.0
1990-11-03 12:00:00+00:00,20.75,68.4,0.0,0.0,0.0,375.85,0.41,115.0,101110.0
1990-11-03 13:00:00+00:00,20.18,73.2,0.0,0.0,0.0,375.65,0.55,110.0,101130.0
1990-11-03 14:00:00+00:00,19.56,81.1,0.0,0.0,0.0,384.75,0.69,114.0,101160.0
1990-11-03 15:00:00+00:00,19.07,83.85,0.0,0.0,0.0,374.3,0.83,110.0,101150.0
1990-11-03 16:00:00+00:00,18.96,81.05,0.0,0.0,0.0,370.4,0.62,106.0,101130.0
1990-11-03 17:00:00+00:00,19.02,78.3,0.0,0.0,0.0,365.0,0.28,85.0,101120.0
1990-11-03 18:00:00+00:00,18.41,81.0,0.0,0.0,0.0,344.85,0.41,319.0,101060.0
1990-11-03 19:00:00+00:00,16.05,96.0,0.0,0.0,0.0,333.05,1.38,308.0,101000.0
1990-11-03 20:00:00+00:00,15.77,92.75,0.0,0.0,0.0,339.85,1.31,309.0,100980.0
1990-11-03 21:00:00+00:00,15.38,96.0,0.0,0.0,0.0,333.65,1.45,312.0,100990.0
1990-11-03 22:00:00+00:00,15.19,96.0,0.0,0.0,0.0,336.95,1.38,316.0,101000.0
1990-11-03 23:00:00+00:00,15.2,96.0,141.55,561.87,68.2,332.85,1.17,316.0,101030.0
1990-11-04 00:00:00+00:00,17.66,80.85,366.7,778.88,101.8,330.15,1.03,314.0,101090.0
1990-11-04 01:00:00+00:00,19.69,70.65,546.95,815.78,121.3,337.05,1.24,330.0,101100.0
1990-11-04 02:00:00+00:00,21.3,66.15,679.8,819.55,138.45,343.7,1.24,4.0,101100.0
1990-11-04 03:00:00+00:00,22.68,62.05,729.8,770.11,154.55,348.75,1.72,53.0,101050.0
1990-11-04 04:00:00+00:00,23.55,58.1,623.35,472.23,257.3,358.0,1.93,78.0,100930.0
1990-11-04 05:00:00+00:00,23.85,56.25,436.95,230.83,265.4,387.45,1.79,88.0,100810.0
1990-11-04 06:00:00+00:00,23.67,58.1,276.4,146.96,180.4,398.3,1.72,100.0,100720.0
1990-11-04 07:00:00+00:00,24.02,56.25,147.6,68.14,112.75,407.95,1.66,118.0,100590.0
1990-11-04 08:00:00+00:00,23.25,64.3,83.65,85.97,55.5,402.75,2.07,135.0,100580.0
1990-11-04 09:00:00+00:00,22.35,68.75,10.3,18.9,8.15,397.9,2.07,135.0,100600.0
1990-11-04 10:00:00+00:00,21.08,75.95,0.0,0.0,0.0,377.75,1.72,125.0,100620.0
1990-11-04 11:00:00+00:00,20.02,83.95,0.0,0.0,0.0,353.95,1.38,107.0,100670.0
1990-11-04 12:00:00+00:00,19.05,89.8,0.0,0.0,0.0,351.65,1.1,84.0,100690.0
1990-11-04 13:00:00+00:00,18.9,89.8,0.0,0.0,0.0,358.8,0.83,65.0,100700.0
1990-11-04 14:00:00+00:00,19.29,86.85,0.0,0.0,0.0,354.15,0.55,29.0,100720.0
1990-11-04 15:00:00+00:00,18.86,89.8,0.0,0.0,0.0,350.1,0.62,342.0,100750.0
1990-11-04 16:00:00+00:00,18.33,92.85,0.0,0.0,0.0,354.95,0.76,322.0,100750.0
1990-11-04 17:00:00+00:00,17.21,99.4,0.0,0.0,0.0,349.1,1.03,324.0,100750.0
1990-11-04 18:00:00+00:00,16.48,99.4,0.0,0.0,0.0,346.2,1.17,321.0,100690.0
1990-11-04 19:00:00+00:00,16.16,100.0,0.0,0.0,0.0,345.25,1.17,318.0,100650.0
1990-11-04 20:00:00+00:00,15.88,99.4,0.0,0.0,0.0,343.9,1.24,315.0,100660.0
1990-11-04 21:00:00+00:00,15.64,100.0,0.0,0.0,0.0,351.05,0.97,313.0,100670.0
1990-11-04 22:00:00+00:00,15.69,100.0,0.0,0.0,0.0,365.4,0.62,314.0,100680.0
1990-11-04 23:00:00+00:00,16.15,100.0,126.25,370.93,78.8,372.15,0.62,321.0,100720.0
1990-11-05 00:00:00+00:00,17.66,99.4,314.95,490.85,149.45,377.4,0.41,310.0,100770.0
1990-11-05 01:00:00+00:00,20.01,92.95,529.5,760.69,135.0,380.4,0.34,295.0,100800.0
1990-11-05 02:00:00+00:00,22.18,76.1,668.75,806.49,138.7,357.45,0.07,312.0,100800.0
1990-11-05 03:00:00+00:00,23.53,66.65,714.55,720.69,178.65,359.95,0.14,126.0,100740.0
1990-11-05 04:00:00+00:00,24.6,64.5,729.6,755.76,146.3,377.0,0.34,132.0,100640.0
1990-11-05 05:00:00+00:00,25.26,62.45,471.55,358.0,206.65,368.45,0.62,148.0,100550.0
1990-11-05 06:00:00+00:00,25.3,60.35,443.75,345.82,218.9,398.1,0.97,149.0,100470.0
1990-11-05 07:00:00+00:00,25.83,58.45,262.9,233.66,144.05,402.55,0.9,160.0,100450.0
1990-11-05 08:00:00+00:00,25.2,60.35,140.25,225.56,66.95,394.4,1.59,146.0,100430.0
1990-11-05 09:00:00+00:00,23.96,66.75,12.0,32.24,8.4,378.15,1.79,134.0,100480.0
1990-11-05 10:00:00+00:00,21.93,76.1,0.0,0.0,0.0,361.7,1.93,128.0,100520.0
1990-11-05 11:00:00+00:00,20.72,86.9,0.0,0.0,0.0,356.5,1.52,122.0,100590.0
1990-11-05 12:00:00+00:00,19.74,92.9,0.0,0.0,0.0,352.6,1.17,115.0,100620.0
1990-11-05 13:00:00+00:00,19.19,96.1,0.0,0.0,0.0,349.7,0.83,80.0,100670.0
1990-11-05 14:00:00+00:00,18.43,96.1,0.0,0.0,0.0,347.95,1.03,24.0,100710.0
1990-11-05 15:00:00+00:00,17.65,99.4,0.0,0.0,0.0,347.4,1.24,352.0,100740.0
1990-11-05 16:00:00+00:00,17.13,100.0,0.0,0.0,0.0,346.4,1.31,334.0,100740.0
1990-11-05 17:00:00+00:00,16.73,100.0,0.0,0.0,0.0,350.1,1.24,326.0,100760.0
1990-11-05 18:00:00+00:00,16.39,99.4,0.0,0.0,0.0,357.65,0.9,321.0,100760.0
1990-11-05 19:00:00+00:00,16.61,100.0,0.0,0.0,0.0,372.15,0.55,331.0,100700.0
1990-11-05 20:00:00+00:00,16.91,99.4,0.0,0.0,0.0,380.65,0.76,342.0,100750.0
1990-11-05 21:00:00+00:00,16.76,99.4,0.0,0.0,0.0,383.95,0.69,345.0,100790.0
1990-11-05 22:00:00+00:00,16.71,100.0,0.0,0.0,0.0,383.0,0.76,339.0,100850.0
1990-11-05 23:00:00+00:00,16.98,99.4,119.0,324.07,78.4,388.8,0.9,337.0,100930.0
1990-11-06 00:00:00+00:00,18.11,99.4,221.25,213.48,149.9,393.45,0.76,338.0,101000.0
1990-11-06 01:00:00+00:00,19.96,92.95,505.5,683.01,153.45,398.95,0.55,334.0,101050.0
1990-11-06 02:00:00+00:00,22.91,76.2,653.15,783.04,141.1,362.65,0.48,27.0,101050.0
1990-11-06 03:00:00+00:00,24.6,71.4,727.3,777.53,151.75,366.35,1.59,79.0,101020.0
1990-11-06 04:00:00+00:00,25.65,64.7,686.25,629.1,202.8,372.55,2.41,89.0,100930.0
1990-11-06 05:00:00+00:00,26.14,60.6,584.05,535.73,189.35,384.15,2.69,96.0,100830.0
1990-11-06 06:00:00+00:00,26.2,60.6,455.65,429.92,177.4,393.45,2.76,99.0,100760.0
1990-11-06 07:00:00+00:00,25.83,62.55,280.55,248.35,154.9,392.45,3.03,101.0,100730.0
1990-11-06 08:00:00+00:00,25.15,66.85,129.85,182.89,70.85,401.75,2.83,113.0,100750.0
1990-11-06 09:00:00+00:00,24.06,71.4,11.35,29.64,8.1,387.05,2.0,120.0,100770.0
1990-11-06 10:00:00+00:00,22.56,81.45,0.0,0.0,0.0,364.6,1.38,114.0,100850.0
1990-11-06 11:00:00+00:00,21.38,89.95,0.0,0.0,0.0,359.95,1.03,103.0,100920.0
1990-11-06 12:00:00+00:00,20.46,92.95,0.0,0.0,0.0,359.0,0.97,98.0,100960.0
1990-11-06 13:00:00+00:00,20.44,92.95,0.0,0.0,0.0,357.85,0.9,90.0,101000.0
1990-11-06 14:00:00+00:00,20.59,96.15,0.0,0.0,0.0,357.05,0.69,69.0,101030.0
1990-11-06 15:00:00+00:00,20.35,96.15,0.0,0.0,0.0,361.7,0.69,33.0,101050.0
1990-11-06 16:00:00+00:00,19.67,99.4,0.0,0.0,0.0,375.65,0.9,4.0,101050.0
1990-11-06 17:00:00+00:00,18.95,99.4,0.0,0.0,0.0,377.75,1.24,348.0,101050.0
1990-11-06 18:00:00+00:00,19.32,99.4,0.0,0.0,0.0,397.3,1.03,334.0,101030.0
1990-11-06 19:00:00+00:00,19.04,99.4,0.0,0.0,0.0,383.0,0.97,335.0,100980.0
1990-11-06 20:00:00+00:00,18.42,99.4,0.0,0.0,0.0,366.95,1.17,334.0,100980.0
1990-11-06 21:00:00+00:00,18.55,100.0,0.0,0.0,0.0,386.3,0.9,333.0,101020.0
1990-11-06 22:00:00+00:00,18.39,99.4,0.0,0.0,0.0,374.1,1.03,335.0,101060.0
1990-11-06 23:00:00+00:00,19.19,99.4,114.6,410.21,64.3,391.1,0.48,335.0,101120.0
1990-11-07 00:00:00+00:00,21.27,93.0,262.8,476.81,104.85,379.5,0.28,3.0,101130.0
1990-11-07 01:00:00+00:00,23.15,81.5,387.35,465.28,149.0,384.85,1.31,64.0,101150.0
1990-11-07 02:00:00+00:00,24.24,76.35,292.9,143.02,199.85,396.55,1.93,84.0,101140.0
1990-11-07 03:00:00+00:00,24.66,73.85,412.5,200.3,264.9,423.85,1.86,98.0,101110.0
1990-11-07 04:00:00+00:00,25.28,73.95,339.45,121.21,246.7,424.8,1.79,110.0,101010.0
1990-11-07 05:00:00+00:00,25.42,71.6,274.35,100.46,200.65,428.85,1.66,113.0,100940.0
1990-11-07 06:00:00+00:00,25.45,71.6,283.95,145.35,190.3,429.25,1.38,115.0,100870.0
1990-11-07 07:00:00+00:00,25.78,71.6,219.15,173.65,131.75,420.9,1.31,123.0,100850.0
1990-11-07 08:00:00+00:00,25.59,71.6,85.25,91.95,55.8,414.35,1.52,121.0,100870.0
1990-11-07 09:00:00+00:00,24.75,76.35,7.3,13.0,5.9,410.65,1.45,130.0,100900.0
1990-11-07 10:00:00+00:00,23.65,78.9,0.0,0.0,0.0,408.75,1.59,134.0,100930.0
1990-11-07 11:00:00+00:00,22.68,87.1,0.0,0.0,0.0,389.75,1.17,134.0,100970.0
1990-11-07 12:00:00+00:00,22.36,87.1,0.0,0.0,0.0,384.55,0.34,105.0,101040.0
1990-11-07 13:00:00+00:00,21.57,93.0,0.0,0.0,0.0,389.4,0.69,12.0,101080.0
1990-11-07 14:00:00+00:00,21.02,93.0,0.0,0.0,0.0,385.9,0.76,359.0,101110.0
1990-11-07 15:00:00+00:00,20.56,96.15,0.0,0.0,0.0,385.1,0.83,349.0,101090.0
1990-11-07 16:00:00+00:00,20.26,99.4,0.0,0.0,0.0,394.4,0.83,341.0,101090.0
1990-11-07 17:00:00+00:00,20.2,99.4,0.0,0.0,0.0,397.1,0.9,335.0,101050.0
1990-11-07 18:00:00+00:00,20.52,96.15,0.0,0.0,0.0,408.95,0.62,326.0,101040.0
1990-11-07 19:00:00+00:00,21.2,96.15,0.0,0.0,0.0,411.05,0.55,325.0,100950.0
1990-11-07 20:00:00+00:00,20.84,96.15,0.0,0.0,0.0,404.85,0.69,320.0,100960.0
1990-11-07 21:00:00+00:00,20.59,99.4,0.0,0.0,0.0,397.7,0.69,329.0,101000.0
1990-11-07 22:00:00+00:00,20.22,99.4,0.0,0.0,0.0,400.0,0.62,344.0,101030.0
1990-11-07 23:00:00+00:00,20.29,99.4,99.05,215.94,73.15,411.45,0.55,343.0,101110.0
1990-11-08 00:00:00+00:00,21.49,93.0,282.3,442.44,137.05,405.65,0.48,338.0,101160.0
1990-11-08 01:00:00+00:00,23.26,90.05,445.3,607.16,136.2,408.85,0.76,334.0,101190.0
1990-11-08 02:00:00+00:00,24.82,81.65,510.8,531.11,167.0,406.2,1.38,322.0,101180.0
1990-11-08 03:00:00+00:00,25.36,76.5,477.25,413.33,174.05,398.85,2.97,325.0,101140.0
1990-11-08 04:00:00+00:00,25.28,76.45,512.85,457.98,163.9,410.85,4.14,326.0,101080.0
1990-11-08 05:00:00+00:00,25.06,73.95,512.4,508.0,141.3,411.25,4.62,332.0,101020.0
1990-11-08 06:00:00+00:00,24.84,73.85,353.45,377.99,111.0,399.65,4.41,335.0,100960.0
1990-11-08 07:00:00+00:00,25.23,71.5,228.1,272.19,91.8,403.9,3.93,339.0,100940.0
1990-11-08 08:00:00+00:00,24.74,69.05,103.5,153.42,54.7,414.35,3.72,335.0,100990.0
1990-11-08 09:00:00+00:00,23.81,66.65,6.7,7.09,5.95,396.75,3.66,334.0,101060.0
1990-11-08 10:00:00+00:00,22.64,66.45,0.0,0.0,0.0,393.25,3.59,336.0,101120.0
1990-11-08 11:00:00+00:00,21.8,68.6,0.0,0.0,0.0,399.85,3.31,342.0,101220.0
1990-11-08 12:00:00+00:00,21.19,68.5,0.0,0.0,0.0,413.75,2.76,353.0,101320.0
1990-11-08 13:00:00+00:00,20.57,70.8,0.0,0.0,0.0,410.65,2.14,350.0,101380.0
1990-11-08 14:00:00+00:00,20.14,70.7,0.0,0.0,0.0,408.15,1.79,341.0,101380.0
1990-11-08 15:00:00+00:00,19.8,68.3,0.0,0.0,0.0,406.2,1.66,337.0,101390.0
1990-11-08 16:00:00+00:00,19.52,70.65,0.0,0.0,0.0,403.3,1.52,336.0,101390.0
1990-11-08 17:00:00+00:00,19.2,70.55,0.0,0.0,0.0,399.45,1.52,334.0,101400.0
1990-11-08 18:00:00+00:00,18.98,70.55,0.0,0.0,0.0,398.65,1.52,334.0,101390.0
1990-11-08 19:00:00+00:00,18.89,73.05,0.0,0.0,0.0,397.1,1.31,342.0,101320.0
1990-11-08 20:00:00+00:00,18.84,73.05,0.0,0.0,0.0,396.55,1.1,349.0,101320.0
1990-11-08 21:00:00+00:00,18.81,73.05,0.0,0.0,0.0,396.95,0.9,355.0,101330.0
1990-11-08 22:00:00+00:00,18.74,75.55,0.0,0.0,0.0,395.75,0.83,5.0,101350.0
1990-11-08 23:00:00+00:00,18.71,78.25,57.05,142.86,40.3,393.25,0.83,16.0,101420.0
1990-11-09 00:00:00+00:00,18.95,75.65,138.85,107.13,104.0,386.1,1.24,50.0,101490.0
1990-11-09 01:00:00+00:00,19.31,70.65,272.4,208.24,167.05,384.25,2.48,66.0,101500.0
1990-11-09 02:00:00+00:00,19.97,68.3,458.9,425.99,184.55,393.25,3.31,65.0,101510.0
1990-11-09 03:00:00+00:00,20.76,66.05,470.7,335.16,225.95,384.15,3.17,61.0,101460.0
1990-11-09 04:00:00+00:00,21.11,66.15,535.45,404.24,228.75,381.45,2.9,61.0,101370.0
1990-11-09 05:00:00+00:00,21.69,64.0,398.25,231.01,230.2,385.3,2.69,60.0,101270.0
1990-11-09 06:00:00+00:00,21.72,64.0,262.75,162.46,159.0,393.65,2.21,59.0,101200.0
1990-11-09 07:00:00+00:00,21.54,64.0,203.35,179.13,114.1,397.5,2.07,70.0,101160.0
1990-11-09 08:00:00+00:00,21.5,61.85,60.5,62.99,40.6,391.3,1.72,64.0,101160.0
1990-11-09 09:00:00+00:00,21.04,66.15,3.85,5.28,3.3,394.2,0.76,65.0,101220.0
1990-11-09 10:00:00+00:00,20.48,68.4,0.0,0.0,0.0,398.65,0.55,6.0,101260.0
1990-11-09 11:00:00+00:00,19.8,70.7,0.0,0.0,0.0,396.35,1.17,332.0,101310.0
1990-11-09 12:00:00+00:00,19.11,73.05,0.0,0.0,0.0,392.85,1.66,325.0,101390.0
1990-11-09 13:00:00+00:00,18.36,72.95,0.0,0.0,0.0,389.2,2.14,321.0,101440.0
1990-11-09 14:00:00+00:00,17.64,72.8,0.0,0.0,0.0,388.6,2.62,321.0,101470.0
1990-11-09 15:00:00+00:00,16.91,72.7,0.0,0.0,0.0,384.15,2.9,321.0,101470.0
1990-11-09 16:00:00+00:00,16.22,72.55,0.0,0.0,0.0,379.5,3.24,324.0,101440.0
1990-11-09 17:00:00+00:00,15.73,75.1,0.0,0.0,0.0,381.25,3.31,326.0,101420.0
1990-11-09 18:00:00+00:00,15.38,75.1,0.0,0.0,0.0,376.8,3.1,326.0,101370.0
1990-11-09 19:00:00+00:00,15.51,75.1,0.0,0.0,0.0,383.4,2.97,328.0,101350.0
1990-11-09 20:00:00+00:00,15.49,75.1,0.0,0.0,0.0,382.0,2.9,329.0,101350.0
1990-11-09 21:00:00+00:00,15.08,77.75,0.0,0.0,0.0,376.2,3.17,330.0,101390.0
1990-11-09 22:00:00+00:00,14.52,80.45,0.0,0.0,0.0,378.15,3.24,331.0,101430.0
1990-11-09 23:00:00+00:00,14.04,86.35,15.8,0.0,15.8,378.35,2.55,330.0,101470.0
1990-11-10 00:00:00+00:00,13.88,86.35,41.75,0.0,41.75,378.75,2.41,326.0,101490.0
1990-11-10 01:00:00+00:00,13.95,86.35,56.0,1.59,55.2,378.05,2.69,326.0,101530.0
1990-11-10 02:00:00+00:00,14.11,86.35,98.2,0.55,97.85,379.5,2.97,326.0,101560.0
1990-11-10 03:00:00+00:00,14.38,83.4,165.7,9.9,158.5,380.3,3.17,327.0,101530.0
1990-11-10 04:00:00+00:00,14.76,80.55,104.05,0.0,104.05,380.85,3.38,328.0,101450.0
1990-11-10 05:00:00+00:00,14.75,80.55,138.35,1.52,137.25,380.85,3.38,329.0,101360.0
1990-11-10 06:00:00+00:00,15.22,80.55,131.05,4.64,128.1,382.0,3.52,332.0,101290.0
1990-11-10 07:00:00+00:00,16.17,77.85,104.5,39.53,84.9,382.4,3.45,338.0,101280.0
1990-11-10 08:00:00+00:00,16.61,75.25,63.0,47.31,48.15,377.4,3.1,344.0,101270.0
1990-11-10 09:00:00+00:00,16.72,75.25,7.2,9.77,6.2,371.4,2.62,343.0,101250.0
1990-11-10 10:00:00+00:00,16.3,72.65,0.0,0.0,0.0,359.0,2.55,339.0,101260.0
1990-11-10 11:00:00+00:00,15.93,75.15,0.0,0.0,0.0,351.65,2.48,334.0,101270.0
1990-11-10 12:00:00+00:00,15.44,75.1,0.0,0.0,0.0,342.55,2.21,326.0,101310.0
1990-11-10 13:00:00+00:00,15.07,77.75,0.0,0.0,0.0,344.85,2.0,324.0,101320.0
1990-11-10 14:00:00+00:00,15.12,77.75,0.0,0.0,0.0,364.0,1.79,320.0,101330.0
1990-11-10 15:00:00+00:00,14.83,77.75,0.0,0.0,0.0,357.65,1.72,318.0,101320.0
1990-11-10 16:00:00+00:00,14.27,77.65,0.0,0.0,0.0,342.15,1.79,325.0,101320.0
1990-11-10 17:00:00+00:00,14.13,80.4,0.0,0.0,0.0,352.6,1.52,329.0,101270.0
1990-11-10 18:00:00+00:00,14.03,80.4,0.0,0.0,0.0,354.75,1.38,330.0,101230.0
1990-11-10 19:00:00+00:00,13.43,74.85,0.0,0.0,0.0,346.2,1.45,332.0,101260.0
1990-11-10 20:00:00+00:00,13.56,74.85,0.0,0.0,0.0,354.35,1.31,321.0,101240.0
1990-11-10 21:00:00+00:00,13.86,74.85,0.0,0.0,0.0,366.15,1.66,325.0,101270.0
1990-11-10 22:00:00+00:00,13.89,77.6,0.0,0.0,0.0,361.7,1.59,308.0,101300.0
1990-11-10 23:00:00+00:00,13.95,77.6,88.0,248.61,60.2,370.2,1.52,317.0,101350.0
1990-11-11 00:00:00+00:00,14.57,77.65,109.35,87.84,81.3,360.15,1.31,326.0,101400.0
1990-11-11 01:00:00+00:00,15.31,75.1,147.45,48.14,123.4,378.25,1.38,324.0,101440.0
1990-11-11 02:00:00+00:00,16.08,75.15,216.75,84.24,163.05,381.05,0.97,328.0,101480.0
1990-11-11 03:00:00+00:00,17.14,72.7,282.7,125.12,192.15,380.45,0.83,337.0,101450.0
1990-11-11 04:00:00+00:00,18.14,70.35,296.7,81.41,235.45,383.4,0.9,17.0,101330.0
1990-11-11 05:00:00+00:00,19.07,68.1,286.65,77.06,231.05,387.25,1.1,63.0,101210.0
1990-11-11 06:00:00+00:00,19.89,65.95,462.0,517.85,134.1,393.85,1.66,75.0,101140.0
1990-11-11 07:00:00+00:00,21.59,64.0,241.8,245.81,120.5,370.4,2.34,93.0,101060.0
1990-11-11 08:00:00+00:00,21.51,64.0,75.3,73.75,52.3,374.1,2.14,93.0,101050.0
1990-11-11 09:00:00+00:00,20.83,68.5,6.9,10.42,5.85,391.7,1.59,98.0,101080.0
1990-11-11 10:00:00+00:00,19.95,73.2,0.0,0.0,0.0,382.6,1.59,108.0,101100.0
1990-11-11 11:00:00+00:00,19.38,75.7,0.0,0.0,0.0,379.1,1.52,101.0,101130.0
1990-11-11 12:00:00+00:00,18.78,81.0,0.0,0.0,0.0,371.4,1.59,86.0,101170.0
1990-11-11 13:00:00+00:00,18.33,83.8,0.0,0.0,0.0,372.55,1.59,75.0,101210.0
1990-11-11 14:00:00+00:00,17.84,86.7,0.0,0.0,0.0,368.5,1.52,65.0,101230.0
1990-11-11 15:00:00+00:00,17.36,89.7,0.0,0.0,0.0,366.35,1.31,49.0,101240.0
1990-11-11 16:00:00+00:00,17.28,89.7,0.0,0.0,0.0,377.55,1.1,34.0,101240.0
1990-11-11 17:00:00+00:00,17.11,89.65,0.0,0.0,0.0,374.65,0.97,22.0,101210.0
1990-11-11 18:00:00+00:00,17.25,89.65,0.0,0.0,0.0,375.85,0.76,8.0,101180.0
1990-11-11 19:00:00+00:00,17.28,83.7,0.0,0.0,0.0,366.55,0.62,4.0,101180.0
1990-11-11 20:00:00+00:00,16.45,89.65,0.0,0.0,0.0,364.0,0.97,336.0,101180.0
1990-11-11 21:00:00+00:00,16.49,92.8,0.0,0.0,0.0,378.35,0.97,315.0,101190.0
1990-11-11 22:00:00+00:00,16.64,92.8,0.0,0.0,0.0,382.2,0.9,307.0,101220.0
1990-11-11 23:00:00+00:00,17.13,92.8,70.3,108.17,58.5,388.8,0.76,302.0,101270.0
1990-11-12 00:00:00+00:00,18.5,81.0,174.15,139.09,130.15,393.65,0.69,300.0,101280.0
1990-11-12 01:00:00+00:00,20.1,73.2,379.3,344.78,208.15,399.95,0.55,313.0,101350.0
1990-11-12 02:00:00+00:00,21.91,68.7,420.5,307.45,225.5,401.2,0.21,13.0,101350.0
1990-11-12 03:00:00+00:00,22.84,66.55,530.1,434.35,217.15,400.8,0.48,113.0,101290.0
1990-11-12 04:00:00+00:00,23.93,66.75,594.95,496.15,223.2,406.6,0.83,135.0,101180.0
1990-11-12 05:00:00+00:00,24.8,71.4,576.65,552.4,179.7,402.75,1.1,139.0,101050.0
1990-11-12 06:00:00+00:00,25.29,71.5,437.65,461.48,146.65,397.3,1.31,142.0,100990.0
1990-11-12 07:00:00+00:00,25.61,71.6,213.3,199.51,115.3,397.7,1.72,143.0,100950.0
1990-11-12 08:00:00+00:00,24.75,73.85,100.65,143.88,56.05,413.4,2.0,136.0,100960.0
1990-11-12 09:00:00+00:00,23.65,76.3,8.1,17.13,6.4,406.0,1.79,134.0,101000.0
1990-11-12 10:00:00+00:00,22.08,81.4,0.0,0.0,0.0,391.5,1.66,127.0,101010.0
1990-11-12 11:00:00+00:00,21.0,86.95,0.0,0.0,0.0,379.3,1.52,118.0,101070.0
1990-11-12 12:00:00+00:00,20.36,89.9,0.0,0.0,0.0,379.1,1.17,100.0,101130.0
1990-11-12 13:00:00+00:00,19.66,96.1,0.0,0.0,0.0,376.2,0.97,60.0,101180.0
1990-11-12 14:00:00+00:00,19.05,96.1,0.0,0.0,0.0,373.9,1.03,19.0,101200.0
1990-11-12 15:00:00+00:00,18.46,99.4,0.0,0.0,0.0,368.65,1.1,356.0,101190.0
1990-11-12 16:00:00+00:00,18.14,99.4,0.0,0.0,0.0,374.3,1.1,344.0,101170.0
1990-11-12 17:00:00+00:00,17.72,100.0,0.0,0.0,0.0,366.95,1.1,337.0,101130.0
1990-11-12 18:00:00+00:00,17.46,99.4,0.0,0.0,0.0,367.7,1.1,326.0,101090.0
1990-11-12 19:00:00+00:00,17.78,99.4,0.0,0.0,0.0,373.7,0.69,337.0,101070.0
1990-11-12 20:00:00+00:00,17.57,100.0,0.0,0.0,0.0,378.75,0.55,334.0,101070.0
1990-11-12 21:00:00+00:00,17.32,99.4,0.0,0.0,0.0,380.65,0.48,332.0,101090.0
1990-11-12 22:00:00+00:00,17.58,100.0,0.0,0.0,0.0,388.2,0.48,344.0,101130.0
1990-11-12 23:00:00+00:00,17.73,100.0,99.8,292.42,68.7,392.1,0.41,348.0,101180.0
1990-11-13 00:00:00+00:00,19.23,99.4,283.25,446.94,143.2,392.85,0.21,343.0,101230.0
1990-11-13 01:00:00+00:00,21.66,87.0,466.65,673.19,134.6,392.0,0.34,96.0,101260.0
1990-11-13 02:00:00+00:00,23.52,78.9,598.7,713.04,148.75,384.75,1.24,112.0,101280.0
1990-11-13 03:00:00+00:00,25.04,73.95,627.05,556.94,227.55,383.4,2.07,122.0,101190.0
1990-11-13 04:00:00+00:00,25.8,71.6,535.1,376.84,253.9,398.45,1.93,131.0,101130.0
1990-11-13 05:00:00+00:00,26.22,69.3,409.9,252.25,229.35,423.25,1.79,139.0,101000.0
1990-11-13 06:00:00+00:00,26.16,69.3,474.1,532.07,139.95,424.8,1.66,144.0,100910.0
1990-11-13 07:00:00+00:00,26.93,65.0,255.45,250.41,133.0,406.8,1.66,144.0,100820.0
1990-11-13 08:00:00+00:00,26.15,69.3,109.0,168.75,57.0,415.3,1.79,136.0,100830.0
1990-11-13 09:00:00+00:00,24.98,76.45,8.35,18.91,6.5,407.75,1.72,133.0,100850.0
1990-11-13 10:00:00+00:00,23.1,81.5,0.0,0.0,0.0,386.45,1.72,132.0,100890.0
1990-11-13 11:00:00+00:00,21.9,87.05,0.0,0.0,0.0,378.75,1.38,126.0,100950.0
1990-11-13 12:00:00+00:00,21.07,93.0,0.0,0.0,0.0,374.45,1.1,121.0,101000.0
1990-11-13 13:00:00+00:00,20.24,99.4,0.0,0.0,0.0,371.95,0.83,104.0,101030.0
1990-11-13 14:00:00+00:00,20.26,99.4,0.0,0.0,0.0,370.0,0.55,66.0,101040.0
1990-11-13 15:00:00+00:00,19.63,100.0,0.0,0.0,0.0,368.85,0.76,18.0,101000.0
1990-11-13 16:00:00+00:00,18.75,100.0,0.0,0.0,0.0,375.25,1.03,358.0,100970.0
1990-11-13 17:00:00+00:00,18.77,100.0,0.0,0.0,0.0,389.55,0.97,352.0,100900.0
1990-11-13 18:00:00+00:00,18.57,99.4,0.0,0.0,0.0,391.1,0.97,346.0,100880.0
1990-11-13 19:00:00+00:00,18.85,99.4,0.0,0.0,0.0,403.9,0.69,345.0,100860.0
1990-11-13 20:00:00+00:00,18.98,99.4,0.0,0.0,0.0,406.6,0.83,337.0,100870.0
1990-11-13 21:00:00+00:00,18.99,99.4,0.0,0.0,0.0,407.2,0.76,337.0,100880.0
1990-11-13 22:00:00+00:00,18.95,99.4,0.0,0.0,0.0,406.4,0.69,335.0,100920.0
1990-11-13 23:00:00+00:00,19.02,99.4,76.25,175.66,58.05,410.1,0.76,330.0,100940.0
1990-11-14 00:00:00+00:00,19.56,99.4,226.75,276.45,140.95,407.4,0.97,327.0,101010.0
1990-11-14 01:00:00+00:00,21.49,89.95,446.45,551.01,176.4,403.6,0.83,320.0,101020.0
1990-11-14 02:00:00+00:00,23.9,78.95,633.9,791.47,137.0,392.3,0.62,303.0,101050.0
1990-11-14 03:00:00+00:00,26.0,71.65,698.9,778.69,142.8,379.9,0.62,278.0,100980.0
1990-11-14 04:00:00+00:00,27.42,67.3,699.2,749.68,142.05,387.25,0.55,274.0,100890.0
1990-11-14 05:00:00+00:00,28.31,65.2,633.8,704.24,131.7,392.65,0.55,275.0,100790.0
1990-11-14 06:00:00+00:00,28.82,61.1,463.25,539.61,125.7,395.0,0.69,275.0,100690.0
1990-11-14 07:00:00+00:00,29.32,61.25,317.85,454.22,96.7,409.3,0.41,277.0,100600.0
1990-11-14 08:00:00+00:00,29.16,59.2,115.2,162.36,65.45,402.35,0.34,223.0,100610.0
1990-11-14 09:00:00+00:00,28.1,65.2,8.25,19.7,6.35,407.0,1.1,160.0,100630.0
1990-11-14 10:00:00+00:00,25.93,76.6,0.0,0.0,0.0,397.9,1.52,151.0,100680.0
1990-11-14 11:00:00+00:00,24.29,84.35,0.0,0.0,0.0,397.7,1.24,141.0,100740.0
1990-11-14 12:00:00+00:00,22.99,90.05,0.0,0.0,0.0,384.15,0.97,134.0,100830.0
1990-11-14 13:00:00+00:00,22.42,90.05,0.0,0.0,0.0,382.0,0.62,124.0,100870.0
1990-11-14 14:00:00+00:00,22.1,96.15,0.0,0.0,0.0,377.75,0.41,86.0,100910.0
1990-11-14 15:00:00+00:00,21.68,96.15,0.0,0.0,0.0,375.45,0.55,26.0,100910.0
1990-11-14 16:00:00+00:00,20.42,96.15,0.0,0.0,0.0,384.35,0.83,6.0,100890.0
1990-11-14 17:00:00+00:00,20.01,99.4,0.0,0.0,0.0,385.7,0.9,1.0,100850.0
1990-11-14 18:00:00+00:00,19.78,100.0,0.0,0.0,0.0,389.55,0.9,356.0,100820.0
1990-11-14 19:00:00+00:00,20.19,99.4,0.0,0.0,0.0,398.45,0.62,7.0,100820.0
1990-11-14 20:00:00+00:00,20.11,99.4,0.0,0.0,0.0,403.3,0.69,356.0,100820.0
1990-11-14 21:00:00+00:00,20.2,99.4,0.0,0.0,0.0,405.45,0.76,352.0,100830.0
1990-11-14 22:00:00+00:00,20.13,99.4,0.0,0.0,0.0,405.65,0.69,5.0,100870.0
1990-11-14 23:00:00+00:00,20.25,99.4,97.55,301.42,67.15,406.8,0.76,27.0,100920.0
1990-11-15 00:00:00+00:00,21.16,96.15,245.05,306.8,150.75,408.9,0.9,57.0,101000.0
1990-11-15 01:00:00+00:00,23.08,87.1,430.3,553.12,160.95,408.25,1.45,80.0,101050.0
1990-11-15 02:00:00+00:00,25.18,81.7,609.8,742.83,145.8,408.15,2.0,94.0,101060.0
1990-11-15 03:00:00+00:00,26.76,71.75,594.45,493.23,243.75,391.1,3.03,90.0,101020.0
1990-11-15 04:00:00+00:00,27.39,67.3,569.35,450.95,235.55,410.3,2.97,92.0,100940.0
1990-11-15 05:00:00+00:00,27.64,67.3,530.85,522.71,159.6,419.95,2.76,98.0,100890.0
1990-11-15 06:00:00+00:00,27.63,67.3,446.45,484.89,144.3,412.0,2.9,102.0,100810.0
1990-11-15 07:00:00+00:00,27.38,67.3,308.85,440.46,95.3,397.1,3.03,107.0,100790.0
1990-11-15 08:00:00+00:00,26.64,71.75,119.25,197.86,58.95,395.55,3.03,119.0,100800.0
1990-11-15 09:00:00+00:00,25.22,79.05,6.9,13.66,5.6,394.8,2.76,124.0,100850.0
1990-11-15 10:00:00+00:00,23.6,81.55,0.0,0.0,0.0,386.1,2.28,120.0,100890.0
1990-11-15 11:00:00+00:00,22.58,87.1,0.0,0.0,0.0,377.55,2.0,112.0,100970.0
1990-11-15 12:00:00+00:00,22.11,90.0,0.0,0.0,0.0,385.7,1.72,107.0,101030.0
1990-11-15 13:00:00+00:00,21.75,89.95,0.0,0.0,0.0,388.2,1.59,106.0,101060.0
1990-11-15 14:00:00+00:00,21.22,93.0,0.0,0.0,0.0,377.0,1.59,107.0,101090.0
1990-11-15 15:00:00+00:00,20.7,96.15,0.0,0.0,0.0,373.3,1.52,111.0,101100.0
1990-11-15 16:00:00+00:00,20.16,96.1,0.0,0.0,0.0,366.95,1.52,113.0,101090.0
1990-11-15 17:00:00+00:00,19.79,92.95,0.0,0.0,0.0,369.85,1.45,114.0,101090.0
1990-11-15 18:00:00+00:00,19.26,96.1,0.0,0.0,0.0,363.65,1.38,109.0,101090.0
1990-11-15 19:00:00+00:00,19.3,92.9,0.0,0.0,0.0,369.85,1.38,105.0,101020.0
1990-11-15 20:00:00+00:00,19.27,96.1,0.0,0.0,0.0,378.55,1.24,109.0,101050.0
1990-11-15 21:00:00+00:00,18.85,92.9,0.0,0.0,0.0,366.55,1.17,111.0,101080.0
1990-11-15 22:00:00+00:00,18.83,92.9,0.0,0.0,0.0,374.85,1.17,102.0,101120.0
1990-11-15 23:00:00+00:00,18.79,92.9,103.75,451.07,59.5,367.7,1.24,88.0,101160.0
1990-11-16 00:00:00+00:00,20.92,81.3,245.85,389.15,127.4,370.6,1.24,77.0,101200.0
1990-11-16 01:00:00+00:00,22.19,76.1,420.25,543.25,157.4,383.85,2.34,74.0,101240.0
1990-11-16 02:00:00+00:00,23.54,68.95,538.75,567.19,186.25,392.45,3.72,76.0,101250.0
1990-11-16 03:00:00+00:00,24.48,69.05,629.2,586.78,213.8,381.65,3.38,80.0,101210.0
1990-11-16 04:00:00+00:00,25.62,64.7,657.5,630.0,193.0,392.85,3.03,87.0,101120.0
1990-11-16 05:00:00+00:00,26.44,60.7,609.45,624.81,167.35,398.3,2.76,96.0,101010.0
1990-11-16 06:00:00+00:00,26.82,60.7,404.7,368.48,175.95,385.3,2.62,102.0,100930.0
1990-11-16 07:00:00+00:00,26.38,62.8,314.45,449.51,97.4,405.85,2.34,112.0,100890.0
1990-11-16 08:00:00+00:00,25.75,66.95,127.15,230.39,57.3,379.5,2.34,124.0,100890.0
1990-11-16 09:00:00+00:00,24.34,73.85,7.8,18.08,6.1,375.05,1.86,139.0,100900.0
1990-11-16 10:00:00+00:00,22.57,81.45,0.0,0.0,0.0,370.0,0.0,0.0,100950.0
1990-11-16 11:00:00+00:00,21.46,87.0,0.0,0.0,0.0,363.65,0.0,0.0,100990.0
1990-11-16 12:00:00+00:00,20.53,92.95,0.0,0.0,0.0,360.55,1.1,126.0,101070.0
1990-11-16 13:00:00+00:00,20.38,92.95,0.0,0.0,0.0,359.4,0.62,121.0,101130.0
1990-11-16 14:00:00+00:00,20.28,96.1,0.0,0.0,0.0,357.25,0.14,41.0,101160.0
1990-11-16 15:00:00+00:00,19.85,96.1,0.0,0.0,0.0,355.3,0.48,337.0,101150.0
1990-11-16 16:00:00+00:00,19.34,99.4,0.0,0.0,0.0,354.35,0.69,324.0,101130.0
1990-11-16 17:00:00+00:00,18.32,99.4,0.0,0.0,0.0,360.75,0.97,322.0,101100.0
1990-11-16 18:00:00+00:00,17.82,99.4,0.0,0.0,0.0,370.8,0.97,325.0,101090.0
1990-11-16 19:00:00+00:00,18.97,99.4,0.0,0.0,0.0,380.45,0.62,338.0,101060.0
1990-11-16 20:00:00+00:00,18.91,99.4,0.0,0.0,0.0,384.55,0.48,326.0,101050.0
1990-11-16 21:00:00+00:00,18.9,99.4,0.0,0.0,0.0,394.8,0.28,347.0,101050.0
1990-11-16 22:00:00+00:00,18.85,99.4,0.0,0.0,0.0,395.0,0.28,21.0,101070.0
1990-11-16 23:00:00+00:00,18.95,99.4,82.55,253.3,58.4,398.1,0.21,25.0,101080.0
1990-11-17 00:00:00+00:00,19.36,96.1,267.75,427.0,139.05,397.1,0.76,48.0,101120.0
1990-11-17 01:00:00+00:00,21.2,84.05,420.55,491.64,184.2,383.5,1.31,65.0,101140.0
1990-11-17 02:00:00+00:00,22.95,76.2,621.0,754.9,154.2,378.95,1.59,80.0,101170.0
1990-11-17 03:00:00+00:00,24.82,71.4,691.6,772.03,147.4,363.65,2.0,89.0,101130.0
1990-11-17 04:00:00+00:00,25.91,64.8,580.35,503.24,210.75,372.95,2.28,92.0,101050.0
1990-11-17 05:00:00+00:00,25.87,64.8,589.9,602.43,165.2,380.85,2.14,103.0,100970.0
1990-11-17 06:00:00+00:00,26.12,67.05,412.0,429.65,146.25,385.5,2.14,111.0,100900.0
1990-11-17 07:00:00+00:00,26.31,67.05,232.75,260.93,107.25,389.95,2.14,120.0,100830.0
1990-11-17 08:00:00+00:00,25.33,73.95,100.1,150.32,54.75,395.75,2.48,134.0,100850.0
1990-11-17 09:00:00+00:00,23.9,76.35,6.45,10.76,5.45,385.1,1.93,138.0,100860.0
1990-11-17 10:00:00+00:00,22.4,81.45,0.0,0.0,0.0,381.05,1.59,132.0,100890.0
1990-11-17 11:00:00+00:00,21.8,87.0,0.0,0.0,0.0,393.45,1.17,121.0,100930.0
1990-11-17 12:00:00+00:00,21.19,93.0,0.0,0.0,0.0,384.15,0.97,111.0,100960.0
1990-11-17 13:00:00+00:00,20.8,93.0,0.0,0.0,0.0,390.9,0.83,109.0,100990.0
1990-11-17 14:00:00+00:00,20.56,96.15,0.0,0.0,0.0,395.0,0.62,100.0,101000.0
1990-11-17 15:00:00+00:00,20.5,96.15,0.0,0.0,0.0,391.9,0.48,29.0,100980.0
1990-11-17 16:00:00+00:00,20.05,99.4,0.0,0.0,0.0,387.85,0.69,354.0,100950.0
1990-11-17 17:00:00+00:00,19.94,99.4,0.0,0.0,0.0,392.85,0.76,353.0,100900.0
1990-11-17 18:00:00+00:00,19.87,96.1,0.0,0.0,0.0,393.45,0.76,358.0,100850.0
1990-11-17 19:00:00+00:00,19.43,99.4,0.0,0.0,0.0,383.55,0.9,357.0,100830.0
1990-11-17 20:00:00+00:00,19.33,99.4,0.0,0.0,0.0,377.95,0.62,348.0,100810.0
1990-11-17 21:00:00+00:00,18.89,99.4,0.0,0.0,0.0,380.3,0.69,340.0,100790.0
1990-11-17 22:00:00+00:00,19.08,99.4,0.0,0.0,0.0,374.85,0.48,311.0,100790.0
1990-11-17 23:00:00+00:00,18.7,100.0,97.15,312.69,68.2,385.7,0.48,300.0,100830.0
1990-11-18 00:00:00+00:00,20.29,96.1,253.3,392.71,136.1,399.45,0.28,333.0,100880.0
1990-11-18 01:00:00+00:00,22.11,87.05,425.0,611.11,133.1,402.45,0.62,74.0,100910.0
1990-11-18 02:00:00+00:00,23.96,76.35,504.3,610.06,128.95,388.0,1.72,88.0,100920.0
1990-11-18 03:00:00+00:00,24.91,71.5,548.9,529.29,177.4,396.35,1.66,95.0,100890.0
1990-11-18 04:00:00+00:00,25.62,71.6,525.55,530.19,137.65,394.8,1.79,93.0,100820.0
1990-11-18 05:00:00+00:00,25.95,69.3,427.4,385.8,156.4,403.3,1.52,103.0,100750.0
1990-11-18 06:00:00+00:00,26.01,69.3,302.25,240.7,153.9,405.65,1.66,104.0,100690.0
1990-11-18 07:00:00+00:00,25.57,71.6,232.5,250.85,112.3,412.0,1.86,103.0,100650.0
1990-11-18 08:00:00+00:00,25.38,71.6,96.35,150.19,51.25,400.2,1.59,104.0,100670.0
1990-11-18 09:00:00+00:00,24.7,76.35,5.15,7.07,4.5,406.4,0.97,102.0,100680.0
1990-11-18 10:00:00+00:00,23.79,78.9,0.0,0.0,0.0,399.05,0.55,95.0,100690.0
1990-11-18 11:00:00+00:00,22.92,84.25,0.0,0.0,0.0,399.85,0.48,98.0,100720.0
1990-11-18 12:00:00+00:00,22.25,90.0,0.0,0.0,0.0,400.0,0.69,94.0,100750.0
1990-11-18 13:00:00+00:00,21.75,93.0,0.0,0.0,0.0,399.05,0.9,93.0,100780.0
1990-11-18 14:00:00+00:00,21.54,93.0,0.0,0.0,0.0,401.2,0.83,109.0,100830.0
1990-11-18 15:00:00+00:00,21.82,90.0,0.0,0.0,0.0,406.0,0.48,114.0,100830.0
1990-11-18 16:00:00+00:00,21.5,93.0,0.0,0.0,0.0,408.75,0.55,349.0,100800.0
1990-11-18 17:00:00+00:00,21.51,93.0,0.0,0.0,0.0,416.3,0.83,328.0,100760.0
1990-11-18 18:00:00+00:00,21.09,96.15,0.0,0.0,0.0,399.05,0.97,320.0,100720.0
1990-11-18 19:00:00+00:00,20.42,96.15,0.0,0.0,0.0,384.95,0.83,332.0,100670.0
1990-11-18 20:00:00+00:00,20.48,96.15,0.0,0.0,0.0,388.2,0.69,341.0,100650.0
1990-11-18 21:00:00+00:00,20.99,93.0,0.0,0.0,0.0,404.3,0.34,350.0,100660.0
1990-11-18 22:00:00+00:00,20.99,93.0,0.0,0.0,0.0,407.75,0.41,348.0,100680.0
1990-11-18 23:00:00+00:00,20.83,93.0,65.0,174.22,49.35,405.25,0.62,339.0,100740.0
1990-11-19 00:00:00+00:00,22.4,87.1,105.8,66.84,86.05,410.1,0.48,342.0,100810.0
1990-11-19 01:00:00+00:00,23.49,81.55,202.7,155.82,128.75,423.75,0.48,351.0,100830.0
1990-11-19 02:00:00+00:00,24.46,78.95,345.4,307.82,156.95,415.5,0.62,18.0,100850.0
1990-11-19 03:00:00+00:00,25.56,71.6,451.75,408.77,166.05,404.1,0.69,68.0,100840.0
1990-11-19 04:00:00+00:00,26.38,67.15,419.4,311.79,192.15,417.05,1.03,85.0,100780.0
1990-11-19 05:00:00+00:00,26.92,65.0,419.5,367.66,162.15,420.9,1.03,60.0,100690.0
1990-11-19 06:00:00+00:00,27.21,67.2,464.6,550.13,126.7,418.4,1.1,50.0,100590.0
1990-11-19 07:00:00+00:00,28.31,63.1,287.05,393.76,99.05,408.75,2.55,121.0,100470.0
1990-11-19 08:00:00+00:00,27.68,63.0,100.35,172.09,48.9,412.2,2.14,119.0,100510.0
1990-11-19 09:00:00+00:00,26.38,69.4,6.4,10.44,5.45,407.95,1.38,116.0,100550.0
1990-11-19 10:00:00+00:00,24.96,79.05,0.0,0.0,0.0,403.5,1.31,118.0,100620.0
1990-11-19 11:00:00+00:00,23.71,84.35,0.0,0.0,0.0,396.35,1.45,122.0,100720.0
1990-11-19 12:00:00+00:00,23.0,87.1,0.0,0.0,0.0,400.4,1.17,96.0,100770.0
1990-11-19 13:00:00+00:00,22.42,90.05,0.0,0.0,0.0,398.85,0.97,67.0,100800.0
1990-11-19 14:00:00+00:00,22.21,93.05,0.0,0.0,0.0,400.8,0.69,82.0,100790.0
1990-11-19 15:00:00+00:00,22.02,90.0,0.0,0.0,0.0,392.65,0.69,107.0,100780.0
1990-11-19 16:00:00+00:00,21.8,93.0,0.0,0.0,0.0,394.6,0.69,88.0,100750.0
1990-11-19 17:00:00+00:00,21.82,90.0,0.0,0.0,0.0,389.75,0.62,59.0,100740.0
1990-11-19 18:00:00+00:00,21.6,93.0,0.0,0.0,0.0,392.3,0.62,7.0,100720.0
1990-11-19 19:00:00+00:00,21.04,96.15,0.0,0.0,0.0,389.0,0.76,343.0,100680.0
1990-11-19 20:00:00+00:00,21.26,96.15,0.0,0.0,0.0,386.85,0.62,335.0,100650.0
1990-11-19 21:00:00+00:00,21.2,96.15,0.0,0.0,0.0,390.15,0.62,348.0,100660.0
1990-11-19 22:00:00+00:00,21.38,93.0,0.0,0.0,0.0,397.1,0.62,3.0,100690.0
1990-11-19 23:00:00+00:00,21.94,90.0,83.95,369.8,51.75,406.6,0.48,28.0,100740.0
1990-11-20 00:00:00+00:00,23.31,87.1,169.9,227.32,103.4,403.9,0.76,107.0,100800.0
1990-11-20 01:00:00+00:00,24.37,78.95,249.65,209.94,150.65,422.2,1.79,111.0,100840.0
1990-11-20 02:00:00+00:00,24.76,76.35,214.4,96.03,155.9,420.75,2.55,102.0,100900.0
1990-11-20 03:00:00+00:00,24.27,76.35,245.35,78.73,190.55,427.3,2.28,97.0,100890.0
1990-11-20 04:00:00+00:00,24.07,78.95,240.2,41.24,210.25,426.55,2.41,93.0,100800.0
1990-11-20 05:00:00+00:00,23.98,78.95,161.85,41.29,133.05,425.0,2.21,84.0,100710.0
1990-11-20 06:00:00+00:00,23.71,81.55,355.1,348.67,141.65,425.75,1.79,78.0,100630.0
1990-11-20 07:00:00+00:00,26.14,62.65,201.85,143.86,133.4,422.45,3.38,97.0,100520.0
1990-11-20 08:00:00+00:00,25.56,66.95,54.05,44.67,40.75,424.8,2.55,96.0,100530.0
1990-11-20 09:00:00+00:00,24.68,73.85,3.4,1.11,3.3,424.2,2.0,94.0,100550.0
1990-11-20 10:00:00+00:00,24.0,73.85,0.0,0.0,0.0,424.6,1.93,96.0,100610.0
1990-11-20 11:00:00+00:00,23.6,78.9,0.0,0.0,0.0,424.6,1.93,98.0,100670.0
1990-11-20 12:00:00+00:00,23.34,78.9,0.0,0.0,0.0,423.45,1.79,99.0,100730.0
1990-11-20 13:00:00+00:00,22.99,81.5,0.0,0.0,0.0,417.65,1.66,104.0,100760.0
1990-11-20 14:00:00+00:00,22.64,84.25,0.0,0.0,0.0,412.4,1.86,100.0,100740.0
1990-11-20 15:00:00+00:00,22.42,84.25,0.0,0.0,0.0,412.2,1.93,92.0,100730.0
1990-11-20 16:00:00+00:00,22.04,84.15,0.0,0.0,0.0,405.85,1.59,88.0,100690.0
1990-11-20 17:00:00+00:00,21.6,87.0,0.0,0.0,0.0,399.65,1.52,81.0,100680.0
1990-11-20 18:00:00+00:00,21.3,89.95,0.0,0.0,0.0,401.75,1.17,67.0,100650.0
1990-11-20 19:00:00+00:00,20.93,89.95,0.0,0.0,0.0,395.0,0.55,35.0,100650.0
1990-11-20 20:00:00+00:00,21.05,93.0,0.0,0.0,0.0,411.85,0.34,16.0,100650.0
1990-11-20 21:00:00+00:00,21.09,93.0,0.0,0.0,0.0,413.75,0.28,20.0,100650.0
1990-11-20 22:00:00+00:00,21.07,89.95,0.0,0.0,0.0,412.4,0.55,54.0,100680.0
1990-11-20 23:00:00+00:00,20.89,93.0,59.1,166.02,45.1,413.75,0.41,25.0,100730.0
1990-11-21 00:00:00+00:00,21.71,87.0,113.45,65.26,94.55,413.55,0.34,34.0,100780.0
1990-11-21 01:00:00+00:00,22.07,84.15,187.35,127.1,127.8,412.7,0.76,37.0,100830.0
1990-11-21 02:00:00+00:00,22.56,78.75,269.35,134.86,187.6,417.85,1.1,16.0,100850.0
1990-11-21 03:00:00+00:00,23.2,78.85,312.8,75.88,260.2,422.1,0.76,23.0,100790.0
1990-11-21 04:00:00+00:00,23.81,78.9,228.9,25.36,210.55,425.95,0.9,16.0,100720.0
1990-11-21 05:00:00+00:00,23.81,78.9,199.4,28.62,179.5,426.35,0.83,15.0,100630.0
1990-11-21 06:00:00+00:00,23.89,76.35,155.7,58.18,120.2,426.35,0.55,10.0,100580.0
1990-11-21 07:00:00+00:00,24.54,76.35,147.85,122.72,89.65,422.65,1.03,71.0,100530.0
1990-11-21 08:00:00+00:00,24.31,76.35,49.15,38.44,37.75,416.65,1.17,96.0,100530.0
1990-11-21 09:00:00+00:00,23.62,81.55,4.05,6.15,3.5,412.8,0.83,120.0,100560.0
1990-11-21 10:00:00+00:00,22.79,87.1,0.0,0.0,0.0,406.0,1.24,130.0,100590.0
1990-11-21 11:00:00+00:00,21.87,90.0,0.0,0.0,0.0,392.65,1.24,132.0,100690.0
1990-11-21 12:00:00+00:00,21.31,93.0,0.0,0.0,0.0,396.35,1.03,118.0,100740.0
1990-11-21 13:00:00+00:00,21.08,96.15,0.0,0.0,0.0,403.3,0.62,89.0,100750.0
1990-11-21 14:00:00+00:00,21.09,96.15,0.0,0.0,0.0,406.2,0.48,11.0,100750.0
1990-11-21 15:00:00+00:00,20.79,99.4,0.0,0.0,0.0,400.8,0.83,321.0,100720.0
1990-11-21 16:00:00+00:00,20.56,96.15,0.0,0.0,0.0,398.85,0.76,298.0,100670.0
1990-11-21 17:00:00+00:00,20.67,99.4,0.0,0.0,0.0,407.75,0.62,310.0,100670.0
1990-11-21 18:00:00+00:00,20.73,99.4,0.0,0.0,0.0,411.25,0.69,320.0,100630.0
1990-11-21 19:00:00+00:00,20.88,96.15,0.0,0.0,0.0,411.25,1.17,336.0,100570.0
1990-11-21 20:00:00+00:00,20.88,96.15,0.0,0.0,0.0,415.5,0.97,336.0,100630.0
1990-11-21 21:00:00+00:00,20.85,96.15,0.0,0.0,0.0,412.0,0.62,21.0,100650.0
1990-11-21 22:00:00+00:00,20.88,96.15,0.0,0.0,0.0,417.65,0.83,38.0,100660.0
1990-11-21 23:00:00+00:00,20.99,96.15,15.65,6.74,15.1,417.85,0.48,40.0,100740.0
1990-11-22 00:00:00+00:00,21.23,99.4,26.6,1.92,26.05,420.35,0.76,48.0,100800.0
1990-11-22 01:00:00+00:00,21.52,96.15,67.3,10.1,62.6,420.85,0.76,52.0,100830.0
1990-11-22 02:00:00+00:00,22.04,93.05,87.65,12.76,79.95,417.45,0.83,60.0,100870.0
1990-11-22 03:00:00+00:00,22.33,87.1,103.0,27.52,84.0,413.75,0.83,90.0,100850.0
1990-11-22 04:00:00+00:00,22.45,87.1,121.9,49.79,86.0,413.55,1.31,88.0,100790.0
1990-11-22 05:00:00+00:00,22.49,87.1,79.45,6.49,74.95,412.2,1.79,65.0,100740.0
1990-11-22 06:00:00+00:00,22.4,87.1,124.35,52.36,92.5,409.9,1.45,68.0,100690.0
1990-11-22 07:00:00+00:00,22.58,87.1,32.75,0.21,32.65,411.65,1.86,78.0,100650.0
1990-11-22 08:00:00+00:00,21.94,87.05,19.5,3.72,18.4,412.8,2.48,77.0,100660.0
1990-11-22 09:00:00+00:00,21.56,89.95,1.35,0.0,1.35,406.8,2.34,80.0,100710.0
1990-11-22 10:00:00+00:00,21.28,93.0,0.0,0.0,0.0,407.2,2.28,71.0,100750.0
1990-11-22 11:00:00+00:00,21.13,93.0,0.0,0.0,0.0,408.55,2.34,72.0,100830.0
1990-11-22 12:00:00+00:00,21.08,93.0,0.0,0.0,0.0,408.55,2.41,72.0,100880.0
1990-11-22 13:00:00+00:00,21.01,89.95,0.0,0.0,0.0,408.15,2.48,74.0,100940.0
1990-11-22 14:00:00+00:00,20.87,89.95,0.0,0.0,0.0,408.75,2.62,72.0,100970.0
1990-11-22 15:00:00+00:00,20.67,92.95,0.0,0.0,0.0,408.9,2.69,66.0,101000.0
1990-11-22 16:00:00+00:00,20.4,89.9,0.0,0.0,0.0,408.35,2.76,64.0,100950.0
1990-11-22 17:00:00+00:00,20.1,89.85,0.0,0.0,0.0,407.0,2.9,65.0,100940.0
1990-11-22 18:00:00+00:00,19.73,92.9,0.0,0.0,0.0,405.05,3.03,65.0,100900.0
1990-11-22 19:00:00+00:00,19.86,89.85,0.0,0.0,0.0,403.9,2.97,71.0,100880.0
1990-11-22 20:00:00+00:00,19.62,92.9,0.0,0.0,0.0,404.65,2.83,64.0,100910.0
1990-11-22 21:00:00+00:00,19.38,89.85,0.0,0.0,0.0,404.3,2.69,56.0,100910.0
1990-11-22 22:00:00+00:00,19.18,89.8,0.0,0.0,0.0,401.75,2.48,53.0,100960.0
1990-11-22 23:00:00+00:00,18.93,89.8,49.0,141.4,37.85,396.15,2.34,52.0,101050.0
1990-11-23 00:00:00+00:00,19.23,89.8,80.95,25.02,73.85,397.9,2.28,55.0,101140.0
1990-11-23 01:00:00+00:00,19.5,83.9,155.9,65.61,125.55,398.4,2.28,50.0,101200.0
1990-11-23 02:00:00+00:00,20.05,78.45,241.8,90.78,187.3,396.35,2.97,47.0,101240.0
1990-11-23 03:00:00+00:00,20.54,75.85,230.8,85.66,171.9,401.55,3.79,45.0,101200.0
1990-11-23 04:00:00+00:00,20.71,73.3,276.0,116.36,192.4,401.0,3.86,43.0,101100.0
1990-11-23 05:00:00+00:00,20.97,70.9,244.2,68.83,196.65,399.65,3.79,39.0,101020.0
1990-11-23 06:00:00+00:00,20.92,70.9,248.2,157.29,152.8,396.15,3.38,27.0,100960.0
1990-11-23 07:00:00+00:00,21.36,71.0,119.95,29.49,106.05,404.3,3.45,28.0,100930.0
1990-11-23 08:00:00+00:00,20.51,73.3,45.35,27.67,37.2,405.85,2.83,2.0,100980.0
1990-11-23 09:00:00+00:00,19.04,75.65,2.15,0.0,2.15,400.0,3.03,339.0,101090.0
1990-11-23 10:00:00+00:00,17.36,72.8,0.0,0.0,0.0,393.65,3.59,331.0,101180.0
1990-11-23 11:00:00+00:00,16.05,70.0,0.0,0.0,0.0,383.75,3.52,331.0,101300.0
1990-11-23 12:00:00+00:00,15.06,69.85,0.0,0.0,0.0,371.75,3.59,334.0,101350.0
1990-11-23 13:00:00+00:00,14.38,69.75,0.0,0.0,0.0,371.0,3.66,337.0,101430.0
1990-11-23 14:00:00+00:00,13.63,69.65,0.0,0.0,0.0,360.15,3.72,336.0,101420.0
1990-11-23 15:00:00+00:00,13.1,67.05,0.0,0.0,0.0,359.95,3.66,335.0,101440.0
1990-11-23 16:00:00+00:00,12.69,66.95,0.0,0.0,0.0,362.5,3.72,336.0,101420.0
1990-11-23 17:00:00+00:00,12.57,66.95,0.0,0.0,0.0,374.45,3.72,337.0,101420.0
1990-11-23 18:00:00+00:00,12.37,64.55,0.0,0.0,0.0,368.65,3.59,338.0,101390.0
1990-11-23 19:00:00+00:00,11.98,66.85,0.0,0.0,0.0,348.75,3.52,332.0,101420.0
1990-11-23 20:00:00+00:00,11.9,66.85,0.0,0.0,0.0,352.4,3.45,334.0,101410.0
1990-11-23 21:00:00+00:00,11.9,66.85,0.0,0.0,0.0,356.3,3.24,335.0,101420.0
1990-11-23 22:00:00+00:00,11.78,66.85,0.0,0.0,0.0,347.2,3.03,336.0,101420.0
1990-11-23 23:00:00+00:00,11.76,69.35,75.3,313.28,51.45,349.3,2.9,335.0,101480.0
1990-11-24 00:00:00+00:00,12.29,69.45,182.65,268.92,107.1,364.6,3.1,335.0,101520.0
1990-11-24 01:00:00+00:00,13.16,72.1,345.05,384.84,168.15,351.35,3.17,337.0,101560.0
1990-11-24 02:00:00+00:00,14.72,72.3,373.25,240.27,229.7,352.4,3.24,339.0,101540.0
1990-11-24 03:00:00+00:00,15.88,67.55,509.1,424.82,218.15,362.3,3.1,345.0,101450.0
1990-11-24 04:00:00+00:00,17.18,67.75,568.6,484.91,221.4,354.55,3.1,354.0,101360.0
1990-11-24 05:00:00+00:00,18.37,63.4,477.25,365.26,225.7,351.25,2.9,15.0,101250.0
1990-11-24 06:00:00+00:00,19.23,65.75,314.0,223.12,179.05,355.5,2.62,33.0,101170.0
1990-11-24 07:00:00+00:00,18.14,65.55,211.7,180.07,127.05,363.05,2.48,23.0,101150.0
1990-11-24 08:00:00+00:00,18.37,63.4,65.4,29.11,56.85,377.4,2.28,30.0,101150.0
1990-11-24 09:00:00+00:00,18.0,67.95,3.35,1.14,3.25,368.3,1.45,15.0,101180.0
1990-11-24 10:00:00+00:00,17.63,70.3,0.0,0.0,0.0,381.25,1.38,356.0,101170.0
1990-11-24 11:00:00+00:00,17.21,72.7,0.0,0.0,0.0,378.75,1.45,350.0,101220.0
1990-11-24 12:00:00+00:00,16.88,70.2,0.0,0.0,0.0,381.05,1.59,355.0,101240.0
1990-11-24 13:00:00+00:00,16.31,70.1,0.0,0.0,0.0,363.65,1.59,357.0,101270.0
1990-11-24 14:00:00+00:00,15.83,72.55,0.0,0.0,0.0,358.8,1.38,356.0,101270.0
1990-11-24 15:00:00+00:00,15.38,72.45,0.0,0.0,0.0,353.75,1.24,350.0,101270.0
1990-11-24 16:00:00+00:00,15.11,75.0,0.0,0.0,0.0,360.75,1.24,348.0,101240.0
1990-11-24 17:00:00+00:00,14.71,77.65,0.0,0.0,0.0,361.7,1.24,339.0,101200.0
1990-11-24 18:00:00+00:00,14.37,80.45,0.0,0.0,0.0,368.1,1.24,328.0,101170.0
1990-11-24 19:00:00+00:00,13.82,77.6,0.0,0.0,0.0,373.1,1.59,326.0,101150.0
1990-11-24 20:00:00+00:00,13.48,83.35,0.0,0.0,0.0,372.15,1.66,319.0,101160.0
1990-11-24 21:00:00+00:00,13.16,86.3,0.0,0.0,0.0,369.25,1.79,311.0,101160.0
1990-11-24 22:00:00+00:00,12.92,86.3,0.0,0.0,0.0,370.0,1.86,311.0,101210.0
1990-11-24 23:00:00+00:00,12.82,86.3,49.05,269.0,29.3,367.7,1.72,325.0,101260.0
1990-11-25 00:00:00+00:00,13.26,83.35,136.4,142.58,96.75,366.35,1.66,328.0,101290.0
1990-11-25 01:00:00+00:00,14.32,83.4,264.95,241.03,154.85,365.3,1.93,338.0,101310.0
1990-11-25 02:00:00+00:00,15.78,77.85,473.85,450.78,205.8,362.5,2.21,345.0,101290.0
1990-11-25 03:00:00+00:00,17.79,72.9,599.8,627.71,171.55,370.6,2.41,1.0,101190.0
1990-11-25 04:00:00+00:00,19.51,70.65,622.4,638.36,166.85,359.55,2.28,17.0,101070.0
1990-11-25 05:00:00+00:00,20.9,66.15,552.2,596.58,142.55,369.65,2.28,24.0,100980.0
1990-11-25 06:00:00+00:00,21.73,66.25,373.95,396.64,134.7,367.1,2.55,35.0,100910.0
1990-11-25 07:00:00+00:00,21.19,68.5,220.1,243.77,105.8,373.7,2.34,30.0,100870.0
1990-11-25 08:00:00+00:00,21.03,68.5,81.4,82.96,57.1,374.45,2.0,49.0,100890.0
1990-11-25 09:00:00+00:00,20.59,73.3,4.7,2.87,4.45,387.45,1.03,54.0,100930.0
1990-11-25 10:00:00+00:00,19.99,75.75,0.0,0.0,0.0,390.95,0.69,50.0,100990.0
1990-11-25 11:00:00+00:00,19.0,86.8,0.0,0.0,0.0,380.45,0.69,45.0,101090.0
1990-11-25 12:00:00+00:00,18.3,83.8,0.0,0.0,0.0,376.4,1.03,40.0,101140.0
1990-11-25 13:00:00+00:00,17.7,89.7,0.0,0.0,0.0,369.05,1.31,44.0,101180.0
1990-11-25 14:00:00+00:00,17.36,86.65,0.0,0.0,0.0,370.0,1.38,31.0,101160.0
1990-11-25 15:00:00+00:00,17.26,89.65,0.0,0.0,0.0,377.55,1.24,3.0,101130.0
1990-11-25 16:00:00+00:00,17.24,86.6,0.0,0.0,0.0,385.7,1.31,344.0,101090.0
1990-11-25 17:00:00+00:00,17.23,83.65,0.0,0.0,0.0,395.55,1.24,334.0,101030.0
1990-11-25 18:00:00+00:00,17.07,80.8,0.0,0.0,0.0,394.4,1.52,326.0,100990.0
1990-11-25 19:00:00+00:00,17.11,89.65,0.0,0.0,0.0,398.45,1.66,316.0,100920.0
1990-11-25 20:00:00+00:00,16.89,86.6,0.0,0.0,0.0,398.45,1.86,315.0,100900.0
1990-11-25 21:00:00+00:00,16.54,86.55,0.0,0.0,0.0,396.35,2.14,317.0,100910.0
1990-11-25 22:00:00+00:00,16.1,83.55,0.0,0.0,0.0,396.55,2.69,323.0,100960.0
1990-11-25 23:00:00+00:00,15.42,83.5,21.35,11.31,20.55,394.6,3.38,327.0,101020.0
1990-11-26 00:00:00+00:00,14.71,86.4,73.5,24.7,66.7,392.1,3.72,328.0,101090.0
1990-11-26 01:00:00+00:00,14.4,83.4,107.45,6.83,104.35,389.5,4.0,329.0,101140.0
1990-11-26 02:00:00+00:00,14.35,83.4,142.2,5.91,138.7,388.2,4.14,325.0,101160.0
1990-11-26 03:00:00+00:00,14.22,86.35,136.35,16.26,125.3,388.4,4.48,323.0,101130.0
1990-11-26 04:00:00+00:00,13.53,83.35,173.35,18.49,160.2,386.65,5.1,322.0,101090.0
1990-11-26 05:00:00+00:00,12.84,83.25,151.15,35.49,126.85,383.0,5.38,325.0,101010.0
1990-11-26 06:00:00+00:00,12.17,83.15,77.35,0.0,77.35,379.3,5.45,329.0,100960.0
1990-11-26 07:00:00+00:00,12.55,86.25,68.2,34.1,52.25,382.6,4.41,327.0,100830.0
1990-11-26 08:00:00+00:00,12.29,83.25,23.7,0.0,23.7,380.65,4.07,323.0,100830.0
1990-11-26 09:00:00+00:00,12.08,86.2,1.5,0.0,1.5,379.5,3.93,320.0,100890.0
1990-11-26 10:00:00+00:00,11.8,86.2,0.0,0.0,0.0,379.5,3.79,323.0,100950.0
1990-11-26 11:00:00+00:00,11.39,86.15,0.0,0.0,0.0,377.95,4.21,331.0,101040.0
1990-11-26 12:00:00+00:00,11.12,89.3,0.0,0.0,0.0,375.85,3.66,332.0,101080.0
1990-11-26 13:00:00+00:00,10.95,89.3,0.0,0.0,0.0,374.1,2.97,329.0,101120.0
1990-11-26 14:00:00+00:00,10.82,89.3,0.0,0.0,0.0,372.95,3.1,325.0,101110.0
1990-11-26 15:00:00+00:00,10.66,92.5,0.0,0.0,0.0,373.3,3.03,323.0,101090.0
1990-11-26 16:00:00+00:00,10.53,92.5,0.0,0.0,0.0,373.1,2.97,324.0,101050.0
1990-11-26 17:00:00+00:00,10.49,92.5,0.0,0.0,0.0,373.5,2.76,326.0,101000.0
1990-11-26 18:00:00+00:00,10.47,92.5,0.0,0.0,0.0,373.3,2.55,328.0,100960.0
1990-11-26 19:00:00+00:00,10.45,92.5,0.0,0.0,0.0,367.9,2.9,324.0,101000.0
1990-11-26 20:00:00+00:00,10.29,92.5,0.0,0.0,0.0,367.5,3.1,327.0,101010.0
1990-11-26 21:00:00+00:00,10.11,95.9,0.0,0.0,0.0,366.75,3.17,328.0,101010.0
1990-11-26 22:00:00+00:00,9.94,95.9,0.0,0.0,0.0,365.95,3.17,327.0,101000.0
1990-11-26 23:00:00+00:00,9.88,92.5,19.05,0.0,19.05,365.4,3.1,327.0,101040.0
1990-11-27 00:00:00+00:00,10.06,92.5,69.2,29.36,61.2,365.4,3.24,325.0,101090.0
1990-11-27 01:00:00+00:00,10.55,89.25,119.2,29.04,106.1,366.05,3.52,327.0,101140.0
1990-11-27 02:00:00+00:00,11.14,86.1,200.75,98.36,142.8,365.0,3.59,333.0,101180.0
1990-11-27 03:00:00+00:00,12.0,83.15,212.15,86.91,153.3,362.85,3.52,333.0,101140.0
1990-11-27 04:00:00+00:00,12.93,77.5,431.7,213.16,280.55,363.85,3.24,331.0,101090.0
1990-11-27 05:00:00+00:00,14.92,75.0,463.65,391.16,196.55,352.2,3.31,337.0,101000.0
1990-11-27 06:00:00+00:00,16.29,72.65,348.35,321.83,155.2,342.75,3.1,339.0,100910.0
1990-11-27 07:00:00+00:00,16.52,75.25,228.5,273.61,100.8,337.7,2.62,342.0,100880.0
1990-11-27 08:00:00+00:00,16.85,72.7,99.2,152.1,54.85,342.55,2.28,348.0,100920.0
1990-11-27 09:00:00+00:00,16.53,75.25,4.85,9.23,4.05,344.1,1.59,345.0,101000.0
1990-11-27 10:00:00+00:00,15.53,80.6,0.0,0.0,0.0,336.35,1.38,324.0,101100.0
1990-11-27 11:00:00+00:00,14.95,83.45,0.0,0.0,0.0,350.1,1.17,314.0,101200.0
1990-11-27 12:00:00+00:00,13.92,89.45,0.0,0.0,0.0,329.75,1.31,316.0,101240.0
1990-11-27 13:00:00+00:00,13.4,89.45,0.0,0.0,0.0,336.75,1.45,315.0,101300.0
1990-11-27 14:00:00+00:00,12.81,89.4,0.0,0.0,0.0,327.05,1.59,310.0,101330.0
1990-11-27 15:00:00+00:00,12.28,92.6,0.0,0.0,0.0,323.55,1.45,312.0,101340.0
1990-11-27 16:00:00+00:00,11.4,92.55,0.0,0.0,0.0,304.8,1.52,317.0,101310.0
1990-11-27 17:00:00+00:00,10.87,92.55,0.0,0.0,0.0,306.75,1.45,319.0,101340.0
1990-11-27 18:00:00+00:00,10.32,92.5,0.0,0.0,0.0,300.55,1.45,319.0,101310.0
1990-11-27 19:00:00+00:00,10.23,92.5,0.0,0.0,0.0,301.3,1.72,317.0,101300.0
1990-11-27 20:00:00+00:00,9.9,95.9,0.0,0.0,0.0,298.6,1.66,312.0,101380.0
1990-11-27 21:00:00+00:00,9.25,95.85,0.0,0.0,0.0,286.05,1.72,314.0,101400.0
1990-11-27 22:00:00+00:00,8.74,95.85,0.0,0.0,0.0,281.4,1.79,320.0,101450.0
1990-11-27 23:00:00+00:00,8.4,95.85,122.1,1068.26,52.25,281.0,1.66,324.0,101520.0
1990-11-28 00:00:00+00:00,10.4,89.25,322.8,858.1,91.35,273.25,1.38,326.0,101550.0
1990-11-28 01:00:00+00:00,13.26,74.85,513.8,898.39,111.0,276.45,1.24,337.0,101580.0
1990-11-28 02:00:00+00:00,15.58,67.45,645.55,879.65,129.65,281.95,1.17,19.0,101600.0
1990-11-28 03:00:00+00:00,17.35,56.75,698.85,810.25,152.2,290.65,2.21,61.0,101570.0
1990-11-28 04:00:00+00:00,18.3,49.3,685.4,780.0,134.0,299.0,3.17,71.0,101480.0
1990-11-28 05:00:00+00:00,18.71,51.15,610.25,690.26,140.15,301.3,3.38,73.0,101410.0
1990-11-28 06:00:00+00:00,18.89,49.45,484.05,584.09,134.3,307.5,3.24,73.0,101320.0
1990-11-28 07:00:00+00:00,19.16,51.25,315.75,450.54,105.9,310.6,3.03,67.0,101330.0
1990-11-28 08:00:00+00:00,18.78,54.95,115.95,201.51,57.3,311.95,2.48,76.0,101380.0
1990-11-28 09:00:00+00:00,17.59,58.8,6.35,16.18,4.95,322.4,2.07,96.0,101420.0
1990-11-28 10:00:00+00:00,16.33,62.95,0.0,0.0,0.0,329.2,2.41,99.0,101470.0
1990-11-28 11:00:00+00:00,15.35,65.05,0.0,0.0,0.0,309.65,2.76,89.0,101520.0
1990-11-28 12:00:00+00:00,15.38,65.05,0.0,0.0,0.0,339.05,2.9,76.0,101550.0
1990-11-28 13:00:00+00:00,14.96,67.35,0.0,0.0,0.0,320.85,2.83,66.0,101620.0
1990-11-28 14:00:00+00:00,14.78,67.35,0.0,0.0,0.0,330.55,2.62,52.0,101640.0
1990-11-28 15:00:00+00:00,14.49,72.3,0.0,0.0,0.0,336.35,2.28,35.0,101630.0
1990-11-28 16:00:00+00:00,13.64,74.85,0.0,0.0,0.0,317.2,0.0,0.0,101620.0
1990-11-28 17:00:00+00:00,13.41,74.85,0.0,0.0,0.0,341.75,0.0,0.0,101630.0
1990-11-28 18:00:00+00:00,13.21,77.5,0.0,0.0,0.0,343.9,1.59,332.0,101630.0
1990-11-28 19:00:00+00:00,13.44,74.85,0.0,0.0,0.0,349.5,1.45,350.0,101660.0
1990-11-28 20:00:00+00:00,13.35,74.85,0.0,0.0,0.0,347.2,1.52,349.0,101650.0
1990-11-28 21:00:00+00:00,13.3,74.85,0.0,0.0,0.0,348.75,1.52,347.0,101640.0
1990-11-28 22:00:00+00:00,12.84,77.5,0.0,0.0,0.0,336.95,1.45,345.0,101670.0
1990-11-28 23:00:00+00:00,12.49,83.25,90.25,717.97,45.2,334.8,1.31,349.0,101690.0
1990-11-29 00:00:00+00:00,14.26,74.95,225.7,490.83,94.65,336.95,0.97,356.0,101700.0
1990-11-29 01:00:00+00:00,16.17,70.0,389.3,562.57,138.6,339.15,1.31,15.0,101740.0
1990-11-29 02:00:00+00:00,17.79,65.55,542.95,678.15,147.0,331.5,1.93,32.0,101750.0
1990-11-29 03:00:00+00:00,19.25,63.5,511.05,533.93,152.1,341.4,2.21,41.0,101740.0
1990-11-29 04:00:00+00:00,20.01,63.7,565.65,569.77,164.05,347.2,2.21,41.0,101670.0
1990-11-29 05:00:00+00:00,20.74,63.8,501.35,482.16,173.8,353.2,2.28,41.0,101570.0
1990-11-29 06:00:00+00:00,21.13,63.9,342.3,325.02,148.1,353.0,2.21,44.0,101470.0
1990-11-29 07:00:00+00:00,21.73,59.7,272.35,396.85,87.85,368.1,2.21,43.0,101490.0
1990-11-29 08:00:00+00:00,21.63,61.85,100.8,163.8,53.2,359.95,1.66,60.0,101500.0
1990-11-29 09:00:00+00:00,20.56,66.05,5.7,10.99,4.75,359.75,1.31,92.0,101530.0
1990-11-29 10:00:00+00:00,19.24,73.05,0.0,0.0,0.0,368.85,1.52,97.0,101570.0
1990-11-29 11:00:00+00:00,18.38,75.55,0.0,0.0,0.0,374.85,1.52,89.0,101610.0
1990-11-29 12:00:00+00:00,17.77,80.85,0.0,0.0,0.0,375.25,1.45,85.0,101640.0
1990-11-29 13:00:00+00:00,16.9,83.65,0.0,0.0,0.0,357.05,1.38,89.0,101690.0
1990-11-29 14:00:00+00:00,16.14,89.6,0.0,0.0,0.0,347.95,1.1,86.0,101700.0
1990-11-29 15:00:00+00:00,16.46,80.75,0.0,0.0,0.0,353.4,0.62,59.0,101700.0
1990-11-29 16:00:00+00:00,16.39,80.75,0.0,0.0,0.0,351.45,0.48,344.0,101690.0
1990-11-29 17:00:00+00:00,15.0,89.5,0.0,0.0,0.0,343.7,0.83,313.0,101660.0
1990-11-29 18:00:00+00:00,14.39,92.7,0.0,0.0,0.0,357.45,1.1,311.0,101610.0
1990-11-29 19:00:00+00:00,14.01,95.95,0.0,0.0,0.0,344.1,1.24,322.0,101570.0
1990-11-29 20:00:00+00:00,14.04,95.95,0.0,0.0,0.0,351.25,1.38,322.0,101560.0
1990-11-29 21:00:00+00:00,13.96,95.95,0.0,0.0,0.0,349.3,1.45,324.0,101530.0
1990-11-29 22:00:00+00:00,13.59,92.65,0.0,0.0,0.0,340.6,1.52,325.0,101560.0
1990-11-29 23:00:00+00:00,12.91,92.65,101.85,836.55,51.55,320.5,1.66,326.0,101620.0
1990-11-30 00:00:00+00:00,14.22,92.65,275.3,654.93,102.2,319.3,1.66,328.0,101680.0
1990-11-30 01:00:00+00:00,16.37,77.95,428.15,677.05,128.25,322.5,1.93,331.0,101720.0
1990-11-30 02:00:00+00:00,18.07,72.9,569.4,687.58,169.7,326.3,2.34,335.0,101730.0
1990-11-30 03:00:00+00:00,19.62,68.2,665.1,772.22,147.75,328.8,2.48,339.0,101670.0
1990-11-30 04:00:00+00:00,20.95,63.9,667.65,756.51,135.95,339.05,2.62,348.0,101600.0
1990-11-30 05:00:00+00:00,22.09,59.8,516.85,509.14,171.8,341.2,2.9,7.0,101480.0
1990-11-30 06:00:00+00:00,22.57,57.9,481.95,609.43,118.55,366.15,2.97,6.0,101400.0
1990-11-30 07:00:00+00:00,22.6,57.9,310.0,469.9,91.9,345.85,2.69,3.0,101310.0
1990-11-30 08:00:00+00:00,22.36,57.9,100.1,177.43,48.6,343.5,2.07,352.0,101360.0
1990-11-30 09:00:00+00:00,20.88,66.15,6.0,14.45,4.75,343.5,1.93,319.0,101420.0
1990-11-30 10:00:00+00:00,19.27,70.55,0.0,0.0,0.0,348.55,2.07,318.0,101490.0
1990-11-30 11:00:00+00:00,18.3,70.45,0.0,0.0,0.0,354.35,2.0,322.0,101550.0
1990-11-30 12:00:00+00:00,17.58,70.3,0.0,0.0,0.0,359.2,2.07,326.0,101650.0
1990-11-30 13:00:00+00:00,16.61,72.65,0.0,0.0,0.0,346.4,2.14,326.0,101680.0
1990-11-30 14:00:00+00:00,15.94,75.15,0.0,0.0,0.0,351.65,2.0,326.0,101700.0
1990-11-30 15:00:00+00:00,15.44,75.1,0.0,0.0,0.0,355.5,1.86,330.0,101660.0
1990-11-30 16:00:00+00:00,11.32,85.96,0.0,0.0,0.0,324.21,1.75,329.0,101630.0
1990-11-30 17:00:00+00:00,11.99,84.36,0.0,0.0,0.0,326.01,1.8,328.0,101600.0
1990-11-30 18:00:00+00:00,12.67,82.77,0.0,0.0,0.0,327.8,1.84,328.0,101550.0
1990-11-30 19:00:00+00:00,13.35,81.17,0.0,0.0,0.0,329.59,1.89,328.0,101520.0
1990-11-30 20:00:00+00:00,14.02,79.57,0.0,0.0,0.0,331.38,1.93,325.0,101520.0
1990-11-30 21:00:00+00:00,14.7,77.97,0.0,0.0,0.0,333.18,1.98,326.0,101580.0
1990-11-30 22:00:00+00:00,15.37,76.37,0.0,0.0,0.0,334.97,2.03,328.0,101600.0
1990-11-30 23:00:00+00:00,16.05,74.78,43.6,0.0,43.6,336.76,2.07,326.0,101670.0
1990-12-01 00:00:00+00:00,16.73,73.18,268.65,686.05,89.15,338.56,2.12,327.0,101720.0
1990-12-01 01:00:00+00:00,17.4,71.58,434.4,660.09,143.75,340.35,2.16,331.0,101750.0
1990-12-01 02:00:00+00:00,18.08,69.98,584.45,775.29,135.7,342.14,2.21,334.0,101760.0
1990-12-01 03:00:00+00:00,18.75,68.39,666.75,795.79,135.4,343.93,2.26,341.0,101690.0
1990-12-01 04:00:00+00:00,19.43,66.79,656.1,707.66,160.1,345.73,2.3,359.0,101580.0
1990-12-01 05:00:00+00:00,20.11,65.19,529.85,531.67,170.35,347.52,2.35,35.0,101480.0
1990-12-01 06:00:00+00:00,20.78,63.59,314.45,206.66,191.45,349.31,2.39,45.0,101400.0
1990-12-01 07:00:00+00:00,21.46,62.0,202.9,142.41,136.9,351.11,2.44,52.0,101360.0
1990-12-01 08:00:00+00:00,22.19,64.1,94.1,135.87,54.7,389.55,1.45,67.0,101370.0
1990-12-01 09:00:00+00:00,21.31,66.25,5.65,6.35,5.1,387.05,1.24,90.0,101390.0
1990-12-01 10:00:00+00:00,19.71,78.35,0.0,0.0,0.0,358.8,1.59,104.0,101460.0
1990-12-01 11:00:00+00:00,18.51,83.8,0.0,0.0,0.0,360.95,1.66,102.0,101550.0
1990-12-01 12:00:00+00:00,18.25,83.75,0.0,0.0,0.0,381.85,1.72,95.0,101620.0
1990-12-01 13:00:00+00:00,17.92,83.75,0.0,0.0,0.0,380.85,1.72,88.0,101650.0
1990-12-01 14:00:00+00:00,17.18,89.65,0.0,0.0,0.0,360.15,1.52,79.0,101660.0
1990-12-01 15:00:00+00:00,16.35,89.65,0.0,0.0,0.0,345.25,1.24,67.0,101680.0
1990-12-01 16:00:00+00:00,15.87,89.6,0.0,0.0,0.0,341.4,0.83,44.0,101660.0
1990-12-01 17:00:00+00:00,15.86,89.6,0.0,0.0,0.0,336.75,0.69,9.0,101630.0
1990-12-01 18:00:00+00:00,15.46,89.55,0.0,0.0,0.0,328.2,0.62,352.0,101600.0
1990-12-01 19:00:00+00:00,16.38,86.55,0.0,0.0,0.0,347.4,0.55,348.0,101640.0
1990-12-01 20:00:00+00:00,16.03,86.5,0.0,0.0,0.0,351.05,0.69,341.0,101660.0
1990-12-01 21:00:00+00:00,15.48,89.55,0.0,0.0,0.0,350.65,0.69,348.0,101650.0
1990-12-01 22:00:00+00:00,15.01,92.7,0.0,0.0,0.0,330.75,0.76,346.0,101690.0
1990-12-01 23:00:00+00:00,14.94,89.5,48.5,0.0,48.5,345.25,0.69,348.0,101760.0
1990-12-02 00:00:00+00:00,15.75,92.75,220.05,499.76,90.6,335.55,0.48,6.0,101800.0
1990-12-02 01:00:00+00:00,17.5,78.1,336.6,445.7,141.5,353.5,1.24,43.0,101830.0
1990-12-02 02:00:00+00:00,18.49,68.05,409.65,439.55,156.3,356.1,2.21,52.0,101830.0
1990-12-02 03:00:00+00:00,19.13,65.75,606.0,702.09,138.75,351.25,2.48,54.0,101780.0
1990-12-02 04:00:00+00:00,20.31,61.6,579.05,608.61,153.6,351.05,2.62,57.0,101670.0
1990-12-02 05:00:00+00:00,20.85,61.7,472.5,432.18,180.9,355.1,2.48,62.0,101560.0
1990-12-02 06:00:00+00:00,21.06,61.7,371.9,356.98,159.8,353.95,2.41,68.0,101490.0
1990-12-02 07:00:00+00:00,21.84,59.8,241.9,273.51,115.3,365.95,2.48,69.0,101410.0
1990-12-02 08:00:00+00:00,21.34,61.85,96.25,131.12,58.25,366.35,2.21,96.0,101430.0
1990-12-02 09:00:00+00:00,20.26,70.7,5.5,9.8,4.65,371.4,2.14,122.0,101470.0
1990-12-02 10:00:00+00:00,19.01,73.05,0.0,0.0,0.0,365.55,2.0,123.0,101520.0
1990-12-02 11:00:00+00:00,18.18,75.45,0.0,0.0,0.0,359.0,2.0,113.0,101580.0
1990-12-02 12:00:00+00:00,17.49,78.1,0.0,0.0,0.0,356.65,1.93,102.0,101600.0
1990-12-02 13:00:00+00:00,16.77,80.8,0.0,0.0,0.0,345.45,1.79,95.0,101610.0
1990-12-02 14:00:00+00:00,16.15,83.55,0.0,0.0,0.0,341.4,1.66,91.0,101630.0
1990-12-02 15:00:00+00:00,15.62,86.5,0.0,0.0,0.0,342.95,1.52,86.0,101630.0
1990-12-02 16:00:00+00:00,15.18,89.5,0.0,0.0,0.0,343.7,1.31,82.0,101590.0
1990-12-02 17:00:00+00:00,14.97,89.5,0.0,0.0,0.0,348.75,1.03,80.0,101540.0
1990-12-02 18:00:00+00:00,15.48,83.5,0.0,0.0,0.0,351.85,0.62,71.0,101520.0
1990-12-02 19:00:00+00:00,16.48,77.95,0.0,0.0,0.0,360.15,0.28,43.0,101490.0
1990-12-02 20:00:00+00:00,16.27,77.95,0.0,0.0,0.0,349.3,0.28,325.0,101520.0
1990-12-02 21:00:00+00:00,16.0,80.65,0.0,0.0,0.0,352.2,0.48,296.0,101530.0
1990-12-02 22:00:00+00:00,15.26,83.5,0.0,0.0,0.0,349.1,0.69,299.0,101570.0
1990-12-02 23:00:00+00:00,14.67,92.7,39.55,0.0,39.55,353.75,0.83,296.0,101610.0
1990-12-03 00:00:00+00:00,16.26,89.6,178.7,368.69,84.15,360.95,0.55,304.0,101650.0
1990-12-03 01:00:00+00:00,17.64,80.85,292.55,361.09,135.4,353.3,0.62,342.0,101690.0
1990-12-03 02:00:00+00:00,19.0,73.05,421.0,489.88,139.8,365.55,1.03,16.0,101690.0
1990-12-03 03:00:00+00:00,20.14,68.3,524.15,533.39,170.3,363.45,1.31,29.0,101620.0
1990-12-03 04:00:00+00:00,21.21,66.15,575.0,591.94,162.25,367.5,1.45,44.0,101510.0
1990-12-03 05:00:00+00:00,22.04,64.1,428.15,387.84,167.0,364.2,1.24,51.0,101380.0
1990-12-03 06:00:00+00:00,21.93,64.1,398.2,453.03,129.45,379.7,0.97,45.0,101320.0
1990-12-03 07:00:00+00:00,22.84,62.15,281.1,396.97,97.55,378.75,1.45,51.0,101200.0
1990-12-03 08:00:00+00:00,22.71,64.2,113.3,201.92,54.8,371.75,1.38,72.0,101220.0
1990-12-03 09:00:00+00:00,21.78,71.0,5.8,9.77,4.95,367.3,1.17,123.0,101220.0
1990-12-03 10:00:00+00:00,20.21,78.45,0.0,0.0,0.0,364.2,1.52,138.0,101280.0
1990-12-03 11:00:00+00:00,18.95,83.85,0.0,0.0,0.0,362.65,1.38,130.0,101320.0
1990-12-03 12:00:00+00:00,18.12,89.75,0.0,0.0,0.0,363.25,1.1,121.0,101340.0
1990-12-03 13:00:00+00:00,17.92,89.75,0.0,0.0,0.0,366.75,0.69,112.0,101350.0
1990-12-03 14:00:00+00:00,18.17,89.75,0.0,0.0,0.0,374.45,0.14,97.0,101380.0
1990-12-03 15:00:00+00:00,17.75,89.7,0.0,0.0,0.0,365.95,0.48,306.0,101390.0
1990-12-03 16:00:00+00:00,16.68,96.05,0.0,0.0,0.0,364.4,0.76,297.0,101360.0
1990-12-03 17:00:00+00:00,16.3,96.05,0.0,0.0,0.0,373.9,0.97,294.0,101320.0
1990-12-03 18:00:00+00:00,16.02,99.4,0.0,0.0,0.0,367.5,0.9,299.0,101290.0
1990-12-03 19:00:00+00:00,17.31,92.85,0.0,0.0,0.0,382.6,0.62,301.0,101210.0
1990-12-03 20:00:00+00:00,17.51,96.05,0.0,0.0,0.0,393.85,0.62,306.0,101210.0
1990-12-03 21:00:00+00:00,17.42,96.05,0.0,0.0,0.0,393.05,0.76,313.0,101200.0
1990-12-03 22:00:00+00:00,17.4,96.05,0.0,0.0,0.0,388.6,1.03,322.0,101210.0
1990-12-03 23:00:00+00:00,17.45,96.05,30.1,0.0,30.1,388.4,1.1,325.0,101240.0
1990-12-04 00:00:00+00:00,18.15,92.85,137.55,181.17,91.55,385.9,0.0,0.0,101270.0
1990-12-04 01:00:00+00:00,19.54,81.1,267.95,295.22,140.2,391.4,0.0,0.0,101310.0
1990-12-04 02:00:00+00:00,20.76,75.85,434.25,453.55,174.95,393.85,1.72,334.0,101310.0
1990-12-04 03:00:00+00:00,21.99,71.05,479.25,381.63,226.85,382.2,1.86,339.0,101240.0
1990-12-04 04:00:00+00:00,22.91,66.55,516.0,423.66,221.3,389.55,1.59,340.0,101160.0
1990-12-04 05:00:00+00:00,23.73,66.65,327.6,202.96,191.2,391.9,1.52,333.0,101070.0
1990-12-04 06:00:00+00:00,23.68,66.65,314.8,259.71,160.95,404.65,1.79,330.0,101000.0
1990-12-04 07:00:00+00:00,24.04,64.5,230.85,239.84,120.05,391.9,1.66,347.0,100900.0
1990-12-04 08:00:00+00:00,23.87,64.5,102.3,153.08,57.95,384.35,1.66,339.0,100920.0
1990-12-04 09:00:00+00:00,23.04,68.85,6.15,11.45,5.15,380.3,1.52,326.0,100960.0
1990-12-04 10:00:00+00:00,21.53,76.0,0.0,0.0,0.0,373.5,1.45,317.0,101010.0
1990-12-04 11:00:00+00:00,19.96,83.95,0.0,0.0,0.0,364.4,1.38,320.0,101050.0
1990-12-04 12:00:00+00:00,18.6,92.85,0.0,0.0,0.0,357.85,1.1,333.0,101060.0
1990-12-04 13:00:00+00:00,17.85,92.85,0.0,0.0,0.0,354.95,0.97,356.0,101080.0
1990-12-04 14:00:00+00:00,17.17,96.05,0.0,0.0,0.0,352.4,0.97,16.0,101100.0
1990-12-04 15:00:00+00:00,16.64,96.05,0.0,0.0,0.0,351.05,1.03,19.0,101120.0
1990-12-04 16:00:00+00:00,16.25,99.4,0.0,0.0,0.0,349.7,0.97,9.0,101140.0
1990-12-04 17:00:00+00:00,15.79,96.0,0.0,0.0,0.0,349.3,1.03,352.0,101130.0
1990-12-04 18:00:00+00:00,15.36,99.4,0.0,0.0,0.0,355.9,1.17,344.0,101090.0
1990-12-04 19:00:00+00:00,16.16,99.4,0.0,0.0,0.0,356.3,0.9,347.0,100980.0
1990-12-04 20:00:00+00:00,15.63,99.4,0.0,0.0,0.0,353.0,1.17,340.0,100970.0
1990-12-04 21:00:00+00:00,15.43,99.4,0.0,0.0,0.0,354.55,1.17,338.0,100990.0
1990-12-04 22:00:00+00:00,15.31,99.4,0.0,0.0,0.0,357.05,1.17,337.0,101000.0
1990-12-04 23:00:00+00:00,14.99,99.4,45.05,0.0,45.05,347.4,1.24,334.0,101070.0
1990-12-05 00:00:00+00:00,17.49,92.85,240.7,565.2,98.6,354.95,0.9,329.0,101140.0
1990-12-05 01:00:00+00:00,20.05,81.15,397.1,605.61,136.5,357.35,0.9,333.0,101180.0
1990-12-05 02:00:00+00:00,21.82,71.05,512.35,586.95,178.1,367.9,0.9,353.0,101200.0
1990-12-05 03:00:00+00:00,23.03,68.85,598.15,622.91,187.4,369.25,0.97,5.0,101160.0
1990-12-05 04:00:00+00:00,24.05,66.75,596.55,630.84,158.75,377.4,0.97,13.0,101100.0
1990-12-05 05:00:00+00:00,24.9,66.85,549.55,611.44,139.35,380.45,1.03,22.0,101020.0
1990-12-05 06:00:00+00:00,25.65,62.55,452.15,557.02,122.6,386.3,1.1,16.0,100950.0
1990-12-05 07:00:00+00:00,26.24,62.65,292.55,426.07,95.85,388.6,1.31,3.0,100920.0
1990-12-05 08:00:00+00:00,25.89,62.65,114.85,189.95,59.8,383.0,0.76,4.0,100960.0
1990-12-05 09:00:00+00:00,24.91,69.15,6.7,13.67,5.5,379.5,0.14,88.0,101030.0
1990-12-05 10:00:00+00:00,22.73,78.75,0.0,0.0,0.0,372.55,0.62,108.0,101100.0
1990-12-05 11:00:00+00:00,21.19,84.05,0.0,0.0,0.0,368.45,0.76,87.0,101200.0
1990-12-05 12:00:00+00:00,20.69,84.05,0.0,0.0,0.0,362.65,0.55,47.0,101300.0
1990-12-05 13:00:00+00:00,19.26,89.8,0.0,0.0,0.0,357.05,0.9,347.0,101350.0
1990-12-05 14:00:00+00:00,17.62,96.05,0.0,0.0,0.0,353.2,1.52,331.0,101400.0
1990-12-05 15:00:00+00:00,17.3,89.7,0.0,0.0,0.0,360.55,1.66,331.0,101420.0
1990-12-05 16:00:00+00:00,17.09,89.65,0.0,0.0,0.0,359.0,0.0,0.0,101390.0
1990-12-05 17:00:00+00:00,17.04,83.65,0.0,0.0,0.0,359.4,0.0,0.0,101390.0
1990-12-05 18:00:00+00:00,17.26,75.3,0.0,0.0,0.0,365.0,2.21,333.0,101380.0
1990-12-05 19:00:00+00:00,17.47,75.4,0.0,0.0,0.0,370.4,1.86,331.0,101430.0
1990-12-05 20:00:00+00:00,17.33,72.8,0.0,0.0,0.0,367.3,1.79,338.0,101410.0
1990-12-05 21:00:00+00:00,16.7,75.25,0.0,0.0,0.0,353.4,1.72,334.0,101420.0
1990-12-05 22:00:00+00:00,16.35,72.65,0.0,0.0,0.0,357.05,1.79,330.0,101440.0
1990-12-05 23:00:00+00:00,16.23,75.15,58.5,0.0,58.5,360.15,1.72,325.0,101510.0
1990-12-06 00:00:00+00:00,16.84,70.2,176.85,151.02,139.25,351.65,1.59,331.0,101550.0
1990-12-06 01:00:00+00:00,18.11,61.05,322.7,239.17,220.35,357.55,1.79,342.0,101570.0
1990-12-06 02:00:00+00:00,19.29,55.2,429.35,317.47,249.25,357.85,2.07,344.0,101590.0
1990-12-06 03:00:00+00:00,20.33,53.5,479.6,378.01,231.05,358.6,2.0,356.0,101550.0
1990-12-06 04:00:00+00:00,21.04,53.6,530.35,449.04,219.4,365.2,2.14,23.0,101480.0
1990-12-06 05:00:00+00:00,21.61,53.75,451.5,288.75,258.1,359.95,2.41,41.0,101380.0
1990-12-06 06:00:00+00:00,21.64,53.75,223.55,103.98,162.1,365.0,2.34,52.0,101310.0
1990-12-06 07:00:00+00:00,20.64,55.45,243.25,196.56,152.55,371.4,1.86,38.0,101250.0
1990-12-06 08:00:00+00:00,20.64,55.45,107.4,131.73,69.2,360.95,1.72,46.0,101260.0
1990-12-06 09:00:00+00:00,19.9,59.35,6.6,7.36,5.95,348.55,0.97,77.0,101280.0
1990-12-06 10:00:00+00:00,18.25,70.35,0.0,0.0,0.0,334.6,1.17,124.0,101320.0
1990-12-06 11:00:00+00:00,16.98,78.0,0.0,0.0,0.0,341.75,1.31,126.0,101390.0
1990-12-06 12:00:00+00:00,15.96,83.55,0.0,0.0,0.0,333.45,1.45,118.0,101430.0
1990-12-06 13:00:00+00:00,15.1,89.5,0.0,0.0,0.0,326.65,1.38,110.0,101440.0
1990-12-06 14:00:00+00:00,14.45,89.5,0.0,0.0,0.0,323.95,1.31,106.0,101460.0
1990-12-06 15:00:00+00:00,14.69,89.5,0.0,0.0,0.0,316.4,0.9,100.0,101450.0
1990-12-06 16:00:00+00:00,14.95,86.45,0.0,0.0,0.0,315.65,0.28,92.0,101430.0
1990-12-06 17:00:00+00:00,14.55,89.5,0.0,0.0,0.0,319.9,0.14,289.0,101430.0
1990-12-06 18:00:00+00:00,14.28,89.5,0.0,0.0,0.0,333.85,0.34,306.0,101390.0
1990-12-06 19:00:00+00:00,13.65,92.65,0.0,0.0,0.0,325.7,0.76,311.0,101380.0
1990-12-06 20:00:00+00:00,13.64,89.45,0.0,0.0,0.0,345.25,0.83,304.0,101370.0
1990-12-06 21:00:00+00:00,13.56,92.65,0.0,0.0,0.0,355.5,0.97,311.0,101350.0
1990-12-06 22:00:00+00:00,13.75,89.45,0.0,0.0,0.0,356.3,0.97,312.0,101360.0
1990-12-06 23:00:00+00:00,13.79,89.45,30.55,0.0,30.55,353.55,1.1,313.0,101390.0
1990-12-07 00:00:00+00:00,14.72,83.4,205.05,381.03,111.1,353.95,1.1,319.0,101410.0
1990-12-07 01:00:00+00:00,16.31,72.65,395.25,552.93,159.9,334.7,1.24,333.0,101440.0
1990-12-07 02:00:00+00:00,17.87,65.55,511.7,555.65,197.65,328.4,1.38,350.0,101440.0
1990-12-07 03:00:00+00:00,19.17,63.5,601.1,600.33,207.45,337.5,1.38,8.0,101380.0
1990-12-07 04:00:00+00:00,20.29,59.35,605.45,633.46,167.7,345.45,1.31,25.0,101250.0
1990-12-07 05:00:00+00:00,21.0,57.55,559.45,606.26,154.0,339.65,0.97,53.0,101150.0
1990-12-07 06:00:00+00:00,21.45,55.65,483.1,628.54,112.0,347.95,0.97,62.0,101060.0
1990-12-07 07:00:00+00:00,21.56,55.65,308.1,458.27,96.7,339.85,0.83,44.0,100990.0
1990-12-07 08:00:00+00:00,21.32,55.65,115.95,217.74,52.75,336.75,0.83,59.0,101040.0
1990-12-07 09:00:00+00:00,20.42,61.6,5.7,13.5,4.5,344.3,0.76,118.0,101040.0
1990-12-07 10:00:00+00:00,18.68,72.95,0.0,0.0,0.0,340.4,1.38,138.0,101100.0
1990-12-07 11:00:00+00:00,17.28,78.1,0.0,0.0,0.0,341.0,1.59,138.0,101170.0
1990-12-07 12:00:00+00:00,16.2,86.5,0.0,0.0,0.0,330.55,1.66,118.0,101200.0
1990-12-07 13:00:00+00:00,15.44,89.55,0.0,0.0,0.0,328.8,1.59,114.0,101250.0
1990-12-07 14:00:00+00:00,15.17,96.0,0.0,0.0,0.0,340.6,1.24,109.0,101270.0
1990-12-07 15:00:00+00:00,14.94,92.7,0.0,0.0,0.0,327.45,1.03,81.0,101230.0
1990-12-07 16:00:00+00:00,15.46,89.55,0.0,0.0,0.0,325.9,0.62,28.0,101220.0
1990-12-07 17:00:00+00:00,14.67,96.0,0.0,0.0,0.0,337.9,0.76,338.0,101190.0
1990-12-07 18:00:00+00:00,13.27,92.65,0.0,0.0,0.0,322.8,1.03,314.0,101160.0
1990-12-07 19:00:00+00:00,12.91,95.95,0.0,0.0,0.0,330.15,1.24,312.0,101110.0
1990-12-07 20:00:00+00:00,12.37,95.95,0.0,0.0,0.0,318.15,1.38,319.0,101090.0
1990-12-07 21:00:00+00:00,11.86,92.6,0.0,0.0,0.0,313.5,1.38,322.0,101060.0
1990-12-07 22:00:00+00:00,11.45,92.55,0.0,0.0,0.0,311.4,1.45,327.0,101070.0
1990-12-07 23:00:00+00:00,11.0,92.55,43.57,0.0,43.57,304.6,1.52,326.0,101090.0
1990-12-08 00:00:00+00:00,12.88,83.25,282.4,801.73,86.6,300.15,1.24,325.0,101120.0
1990-12-08 01:00:00+00:00,15.35,72.45,464.1,837.15,109.65,301.45,1.24,329.0,101170.0
1990-12-08 02:00:00+00:00,17.2,65.35,599.5,846.73,122.65,306.35,1.24,342.0,101150.0
1990-12-08 03:00:00+00:00,18.71,63.4,674.95,833.56,129.8,312.15,1.03,5.0,101060.0
1990-12-08 04:00:00+00:00,19.85,59.35,684.0,807.95,126.75,317.2,1.17,39.0,100950.0
1990-12-08 05:00:00+00:00,20.64,59.5,614.7,723.58,131.45,321.85,1.31,61.0,100850.0
1990-12-08 06:00:00+00:00,21.02,57.55,496.15,652.95,110.95,329.55,1.52,75.0,100770.0
1990-12-08 07:00:00+00:00,21.03,57.55,315.25,475.97,95.7,324.15,1.45,88.0,100720.0
1990-12-08 08:00:00+00:00,20.71,59.5,124.65,237.79,55.55,333.85,1.59,100.0,100750.0
1990-12-08 09:00:00+00:00,19.54,65.85,7.65,19.54,5.9,331.9,1.59,135.0,100770.0
1990-12-08 10:00:00+00:00,17.74,75.4,0.0,0.0,0.0,322.2,1.59,136.0,100820.0
1990-12-08 11:00:00+00:00,16.47,83.6,0.0,0.0,0.0,324.55,1.17,122.0,100870.0
1990-12-08 12:00:00+00:00,15.89,83.55,0.0,0.0,0.0,317.95,0.76,103.0,100920.0
1990-12-08 13:00:00+00:00,15.87,83.55,0.0,0.0,0.0,321.25,0.34,87.0,100960.0
1990-12-08 14:00:00+00:00,15.31,86.5,0.0,0.0,0.0,310.05,0.21,322.0,100990.0
1990-12-08 15:00:00+00:00,14.58,92.7,0.0,0.0,0.0,307.5,0.83,314.0,101010.0
1990-12-08 16:00:00+00:00,12.4,95.95,0.0,0.0,0.0,305.0,1.24,323.0,100990.0
1990-12-08 17:00:00+00:00,11.69,99.4,0.0,0.0,0.0,302.1,1.24,324.0,100960.0
1990-12-08 18:00:00+00:00,10.77,95.9,0.0,0.0,0.0,315.65,1.03,329.0,100910.0
1990-12-08 19:00:00+00:00,11.23,95.9,0.0,0.0,0.0,315.45,1.03,332.0,100860.0
1990-12-08 20:00:00+00:00,10.85,95.9,0.0,0.0,0.0,324.55,1.03,336.0,100860.0
1990-12-08 21:00:00+00:00,10.76,95.9,0.0,0.0,0.0,319.1,1.31,337.0,100890.0
1990-12-08 22:00:00+00:00,10.32,95.9,0.0,0.0,0.0,316.4,1.24,336.0,100920.0
1990-12-08 23:00:00+00:00,9.95,95.9,48.3,0.0,48.3,304.05,1.38,335.0,100980.0
1990-12-09 00:00:00+00:00,11.18,92.55,271.85,688.44,105.3,303.05,1.1,332.0,101020.0
1990-12-09 01:00:00+00:00,14.49,83.4,468.4,838.16,115.35,304.15,1.03,329.0,101060.0
1990-12-09 02:00:00+00:00,17.73,70.3,597.4,845.49,122.9,298.05,0.9,336.0,101070.0
1990-12-09 03:00:00+00:00,20.01,61.5,685.85,850.22,131.2,306.35,1.1,24.0,100980.0
1990-12-09 04:00:00+00:00,21.56,55.65,694.8,820.68,129.8,314.65,2.34,62.0,100850.0
1990-12-09 05:00:00+00:00,22.34,54.0,628.75,754.53,125.45,320.5,2.9,70.0,100750.0
1990-12-09 06:00:00+00:00,22.69,54.0,499.3,653.36,114.1,325.3,3.03,74.0,100680.0
1990-12-09 07:00:00+00:00,22.65,54.0,326.15,506.7,92.4,325.3,2.76,80.0,100660.0
1990-12-09 08:00:00+00:00,22.17,55.8,132.3,262.34,55.95,327.65,2.41,90.0,100670.0
1990-12-09 09:00:00+00:00,20.81,61.7,8.15,22.7,6.1,326.1,1.86,107.0,100740.0
1990-12-09 10:00:00+00:00,18.99,70.55,0.0,0.0,0.0,319.9,1.86,104.0,100780.0
1990-12-09 11:00:00+00:00,17.37,80.85,0.0,0.0,0.0,315.65,1.66,92.0,100870.0
1990-12-09 12:00:00+00:00,16.04,86.5,0.0,0.0,0.0,312.75,1.52,82.0,100900.0
1990-12-09 13:00:00+00:00,15.76,80.65,0.0,0.0,0.0,311.95,1.38,75.0,100940.0
1990-12-09 14:00:00+00:00,15.53,80.6,0.0,0.0,0.0,309.45,1.38,70.0,100960.0
1990-12-09 15:00:00+00:00,15.35,77.8,0.0,0.0,0.0,307.5,1.24,67.0,100980.0
1990-12-09 16:00:00+00:00,15.27,75.1,0.0,0.0,0.0,305.75,1.1,63.0,100980.0
1990-12-09 17:00:00+00:00,15.63,72.45,0.0,0.0,0.0,305.4,0.83,61.0,101000.0
1990-12-09 18:00:00+00:00,15.12,72.4,0.0,0.0,0.0,305.95,0.55,55.0,101000.0
1990-12-09 19:00:00+00:00,15.07,72.4,0.0,0.0,0.0,308.1,0.83,19.0,101000.0
1990-12-09 20:00:00+00:00,14.56,74.95,0.0,0.0,0.0,311.95,0.9,6.0,101030.0
1990-12-09 21:00:00+00:00,14.12,77.6,0.0,0.0,0.0,325.7,0.9,353.0,101050.0
1990-12-09 22:00:00+00:00,13.48,77.6,0.0,0.0,0.0,325.7,0.9,340.0,101050.0
1990-12-09 23:00:00+00:00,13.16,83.25,37.55,0.0,37.55,351.05,0.97,333.0,101090.0
1990-12-10 00:00:00+00:00,14.73,86.4,170.35,245.33,111.55,367.3,0.62,340.0,101140.0
1990-12-10 01:00:00+00:00,17.51,70.3,318.75,383.8,157.9,369.75,0.62,357.0,101180.0
1990-12-10 02:00:00+00:00,19.49,57.2,435.8,464.93,175.75,369.45,1.17,26.0,101210.0
1990-12-10 03:00:00+00:00,20.71,55.45,519.15,432.39,237.75,378.35,1.86,41.0,101160.0
1990-12-10 04:00:00+00:00,21.66,55.65,543.5,504.3,196.9,373.3,2.07,52.0,101080.0
1990-12-10 05:00:00+00:00,22.29,57.75,524.1,520.55,177.25,369.45,2.07,66.0,101010.0
1990-12-10 06:00:00+00:00,22.61,57.9,460.55,586.73,114.8,368.85,2.14,80.0,100940.0
1990-12-10 07:00:00+00:00,22.94,56.0,308.5,469.6,91.8,335.4,2.28,79.0,100840.0
1990-12-10 08:00:00+00:00,22.34,59.95,128.5,252.27,54.95,338.65,2.28,95.0,100840.0
1990-12-10 09:00:00+00:00,20.89,68.5,8.15,21.94,6.15,344.1,2.28,113.0,100850.0
1990-12-10 10:00:00+00:00,18.84,78.3,0.0,0.0,0.0,328.4,2.28,115.0,100910.0
1990-12-10 11:00:00+00:00,17.62,86.65,0.0,0.0,0.0,324.15,2.07,106.0,100960.0
1990-12-10 12:00:00+00:00,16.67,89.65,0.0,0.0,0.0,321.45,1.86,99.0,101000.0
1990-12-10 13:00:00+00:00,15.7,92.75,0.0,0.0,0.0,317.75,1.72,94.0,101070.0
1990-12-10 14:00:00+00:00,15.17,96.0,0.0,0.0,0.0,325.3,1.66,88.0,101100.0
1990-12-10 15:00:00+00:00,14.43,92.7,0.0,0.0,0.0,314.3,1.66,88.0,101130.0
1990-12-10 16:00:00+00:00,13.84,92.65,0.0,0.0,0.0,313.3,1.72,87.0,101120.0
1990-12-10 17:00:00+00:00,13.44,89.45,0.0,0.0,0.0,311.55,1.59,78.0,101120.0
1990-12-10 18:00:00+00:00,13.49,89.45,0.0,0.0,0.0,321.05,1.45,63.0,101120.0
1990-12-10 19:00:00+00:00,13.82,89.45,0.0,0.0,0.0,314.3,1.38,48.0,101120.0
1990-12-10 20:00:00+00:00,13.44,89.45,0.0,0.0,0.0,315.45,1.31,39.0,101130.0
1990-12-10 21:00:00+00:00,13.01,89.4,0.0,0.0,0.0,313.1,1.38,31.0,101150.0
1990-12-10 22:00:00+00:00,12.77,89.4,0.0,0.0,0.0,315.45,1.31,28.0,101170.0
1990-12-10 23:00:00+00:00,12.65,92.6,46.2,0.0,46.2,311.95,1.31,30.0,101190.0
1990-12-11 00:00:00+00:00,14.72,89.5,245.9,622.56,98.05,308.65,0.9,33.0,101240.0
1990-12-11 01:00:00+00:00,17.82,75.45,384.0,562.76,149.3,326.2,1.59,50.0,101250.0
1990-12-11 02:00:00+00:00,19.14,68.1,521.75,642.12,163.75,329.75,3.52,62.0,101270.0
1990-12-11 03:00:00+00:00,20.17,63.7,567.7,517.14,231.9,335.95,3.86,67.0,101230.0
1990-12-11 04:00:00+00:00,20.86,59.6,499.65,385.44,235.15,358.6,3.59,70.0,101140.0
1990-12-11 05:00:00+00:00,21.05,59.6,450.05,388.4,191.5,371.2,3.31,72.0,101040.0
1990-12-11 06:00:00+00:00,21.13,59.6,461.85,564.09,129.55,368.85,3.1,73.0,100940.0
1990-12-11 07:00:00+00:00,21.48,55.65,312.55,462.1,99.2,337.5,3.24,83.0,100850.0
1990-12-11 08:00:00+00:00,20.88,59.6,128.65,245.07,57.05,333.25,3.03,91.0,100850.0
1990-12-11 09:00:00+00:00,19.51,65.85,8.2,21.19,6.25,325.5,2.62,100.0,100870.0
1990-12-11 10:00:00+00:00,17.81,75.45,0.0,0.0,0.0,327.65,2.55,101.0,100880.0
1990-12-11 11:00:00+00:00,16.84,80.8,0.0,0.0,0.0,326.5,2.41,95.0,100950.0
1990-12-11 12:00:00+00:00,16.0,83.55,0.0,0.0,0.0,317.55,2.28,88.0,101000.0
1990-12-11 13:00:00+00:00,15.35,86.5,0.0,0.0,0.0,319.5,1.86,77.0,101040.0
1990-12-11 14:00:00+00:00,14.37,92.7,0.0,0.0,0.0,311.95,1.38,64.0,101050.0
1990-12-11 15:00:00+00:00,14.54,89.5,0.0,0.0,0.0,312.55,0.9,44.0,101040.0
1990-12-11 16:00:00+00:00,14.44,89.5,0.0,0.0,0.0,320.5,0.83,356.0,101020.0
1990-12-11 17:00:00+00:00,12.9,92.65,0.0,0.0,0.0,318.95,1.17,328.0,101010.0
1990-12-11 18:00:00+00:00,12.36,92.6,0.0,0.0,0.0,330.55,1.31,323.0,100950.0
1990-12-11 19:00:00+00:00,12.98,92.65,0.0,0.0,0.0,339.85,1.24,331.0,101000.0
1990-12-11 20:00:00+00:00,13.4,92.65,0.0,0.0,0.0,353.2,1.1,328.0,100980.0
1990-12-11 21:00:00+00:00,13.65,92.65,0.0,0.0,0.0,359.0,0.97,326.0,100930.0
1990-12-11 22:00:00+00:00,13.97,95.95,0.0,0.0,0.0,365.4,0.83,324.0,100930.0
1990-12-11 23:00:00+00:00,13.26,92.65,40.55,0.0,40.55,338.3,1.1,322.0,100980.0
1990-12-12 00:00:00+00:00,14.91,92.7,239.05,682.37,78.45,334.0,0.76,326.0,101020.0
1990-12-12 01:00:00+00:00,17.63,80.85,388.8,638.44,123.8,343.25,0.69,332.0,101050.0
1990-12-12 02:00:00+00:00,19.56,70.65,537.4,746.85,122.3,346.8,0.62,348.0,101080.0
1990-12-12 03:00:00+00:00,21.23,66.15,643.0,785.17,134.25,350.3,0.41,11.0,101040.0
1990-12-12 04:00:00+00:00,22.58,64.2,654.5,752.87,138.6,353.0,0.34,50.0,100950.0
1990-12-12 05:00:00+00:00,23.45,62.25,587.15,674.45,138.55,354.55,0.55,95.0,100820.0
1990-12-12 06:00:00+00:00,23.87,60.25,485.15,632.52,112.6,356.1,0.76,119.0,100720.0
1990-12-12 07:00:00+00:00,24.13,62.35,300.45,439.7,97.3,356.65,1.38,130.0,100670.0
1990-12-12 08:00:00+00:00,23.42,64.4,129.15,252.86,55.1,355.3,1.72,129.0,100650.0
1990-12-12 09:00:00+00:00,21.91,71.05,8.4,22.57,6.3,349.9,1.66,129.0,100670.0
1990-12-12 10:00:00+00:00,19.83,81.15,0.0,0.0,0.0,343.5,1.66,122.0,100710.0
1990-12-12 11:00:00+00:00,18.48,86.75,0.0,0.0,0.0,343.3,1.38,111.0,100790.0
1990-12-12 12:00:00+00:00,17.15,96.05,0.0,0.0,0.0,334.0,1.24,98.0,100830.0
1990-12-12 13:00:00+00:00,16.69,96.05,0.0,0.0,0.0,331.3,0.83,80.0,100890.0
1990-12-12 14:00:00+00:00,16.93,96.05,0.0,0.0,0.0,332.85,0.41,44.0,100940.0
1990-12-12 15:00:00+00:00,16.58,99.4,0.0,0.0,0.0,337.1,0.41,333.0,100940.0
1990-12-12 16:00:00+00:00,16.05,99.4,0.0,0.0,0.0,330.35,0.76,334.0,100930.0
1990-12-12 17:00:00+00:00,14.73,100.0,0.0,0.0,0.0,337.3,1.03,340.0,100910.0
1990-12-12 18:00:00+00:00,14.12,100.0,0.0,0.0,0.0,353.0,1.03,339.0,100860.0
1990-12-12 19:00:00+00:00,14.08,100.0,0.0,0.0,0.0,353.75,0.83,337.0,100840.0
1990-12-12 20:00:00+00:00,14.34,99.35,0.0,0.0,0.0,367.9,0.83,336.0,100810.0
1990-12-12 21:00:00+00:00,14.12,100.0,0.0,0.0,0.0,370.2,0.83,334.0,100820.0
1990-12-12 22:00:00+00:00,13.67,99.4,0.0,0.0,0.0,363.65,0.83,334.0,100830.0
1990-12-12 23:00:00+00:00,13.76,99.4,47.15,0.0,47.15,372.75,0.76,332.0,100860.0
1990-12-13 00:00:00+00:00,14.56,99.35,173.55,148.96,138.8,379.3,0.55,325.0,100910.0
1990-12-13 01:00:00+00:00,16.54,99.4,304.8,313.32,175.35,382.5,0.55,330.0,100970.0
1990-12-13 02:00:00+00:00,19.05,86.8,534.65,686.72,154.1,387.85,0.76,335.0,101000.0
1990-12-13 03:00:00+00:00,22.06,73.55,636.85,767.56,140.5,362.85,0.83,332.0,100950.0
1990-12-13 04:00:00+00:00,24.01,64.5,656.65,767.29,131.55,356.5,1.17,328.0,100860.0
1990-12-13 05:00:00+00:00,25.2,64.6,596.65,710.78,124.2,361.3,1.59,331.0,100750.0
1990-12-13 06:00:00+00:00,25.73,62.55,479.55,621.23,113.65,365.75,1.93,333.0,100640.0
1990-12-13 07:00:00+00:00,25.98,58.55,299.1,451.31,90.4,369.05,2.21,333.0,100580.0
1990-12-13 08:00:00+00:00,25.46,60.45,98.3,174.2,47.15,379.7,2.07,336.0,100580.0
1990-12-13 09:00:00+00:00,24.2,64.5,6.3,14.88,4.9,390.95,2.21,338.0,100660.0
1990-12-13 10:00:00+00:00,22.64,71.15,0.0,0.0,0.0,382.6,2.28,342.0,100690.0
1990-12-13 11:00:00+00:00,21.19,75.95,0.0,0.0,0.0,364.4,2.34,340.0,100760.0
1990-12-13 12:00:00+00:00,19.98,78.45,0.0,0.0,0.0,355.1,2.34,338.0,100810.0
1990-12-13 13:00:00+00:00,18.97,81.05,0.0,0.0,0.0,349.7,2.34,334.0,100890.0
1990-12-13 14:00:00+00:00,18.06,83.75,0.0,0.0,0.0,345.25,2.34,329.0,100970.0
1990-12-13 15:00:00+00:00,17.25,83.65,0.0,0.0,0.0,342.35,2.41,330.0,101030.0
1990-12-13 16:00:00+00:00,16.61,83.6,0.0,0.0,0.0,340.0,2.48,332.0,101090.0
1990-12-13 17:00:00+00:00,16.22,83.55,0.0,0.0,0.0,343.5,2.55,334.0,101130.0
1990-12-13 18:00:00+00:00,15.86,83.55,0.0,0.0,0.0,344.3,2.41,332.0,101120.0
1990-12-13 19:00:00+00:00,16.38,83.6,0.0,0.0,0.0,350.65,2.07,326.0,101080.0
1990-12-13 20:00:00+00:00,16.67,80.75,0.0,0.0,0.0,373.1,2.14,323.0,101120.0
1990-12-13 21:00:00+00:00,16.85,78.0,0.0,0.0,0.0,383.4,2.0,327.0,101160.0
1990-12-13 22:00:00+00:00,16.99,75.3,0.0,0.0,0.0,389.75,2.28,335.0,101180.0
1990-12-13 23:00:00+00:00,16.98,75.3,30.15,0.0,30.15,386.45,2.41,339.0,101230.0
1990-12-14 00:00:00+00:00,17.25,72.7,210.85,470.89,101.95,388.6,2.34,342.0,101260.0
1990-12-14 01:00:00+00:00,18.28,68.05,373.85,621.66,118.15,360.65,2.55,351.0,101310.0
1990-12-14 02:00:00+00:00,19.4,65.85,463.1,547.69,160.45,346.6,2.34,360.0,101330.0
1990-12-14 03:00:00+00:00,20.57,63.8,520.55,470.53,216.85,351.85,2.62,22.0,101320.0
1990-12-14 04:00:00+00:00,21.51,61.85,399.05,179.28,276.5,369.25,2.83,20.0,101220.0
1990-12-14 05:00:00+00:00,21.7,61.85,240.75,62.17,199.45,395.0,2.76,10.0,101140.0
1990-12-14 06:00:00+00:00,21.25,61.7,253.1,152.69,163.15,401.2,2.69,4.0,101080.0
1990-12-14 07:00:00+00:00,21.57,59.7,119.35,72.8,85.65,400.8,2.9,5.0,101030.0
1990-12-14 08:00:00+00:00,20.81,59.6,51.35,46.18,37.75,387.25,2.34,355.0,101050.0
1990-12-14 09:00:00+00:00,20.08,61.5,2.85,0.0,2.85,394.4,2.14,348.0,101110.0
1990-12-14 10:00:00+00:00,19.16,61.3,0.0,0.0,0.0,390.95,2.48,345.0,101200.0
1990-12-14 11:00:00+00:00,18.36,59.05,0.0,0.0,0.0,391.5,2.62,346.0,101320.0
1990-12-14 12:00:00+00:00,17.58,60.95,0.0,0.0,0.0,388.6,2.55,351.0,101390.0
1990-12-14 13:00:00+00:00,17.02,60.85,0.0,0.0,0.0,384.95,2.14,351.0,101440.0
1990-12-14 14:00:00+00:00,16.6,62.95,0.0,0.0,0.0,378.95,1.93,345.0,101480.0
1990-12-14 15:00:00+00:00,16.31,62.95,0.0,0.0,0.0,381.05,1.66,334.0,101480.0
1990-12-14 16:00:00+00:00,16.06,65.15,0.0,0.0,0.0,381.05,1.79,330.0,101490.0
1990-12-14 17:00:00+00:00,15.8,65.15,0.0,0.0,0.0,379.5,1.72,327.0,101480.0
1990-12-14 18:00:00+00:00,15.5,67.45,0.0,0.0,0.0,373.1,1.59,327.0,101480.0
1990-12-14 19:00:00+00:00,15.73,67.45,0.0,0.0,0.0,377.4,2.0,333.0,101490.0
1990-12-14 20:00:00+00:00,15.54,67.45,0.0,0.0,0.0,372.95,1.86,337.0,101490.0
1990-12-14 21:00:00+00:00,15.38,67.45,0.0,0.0,0.0,371.0,1.72,340.0,101500.0
1990-12-14 22:00:00+00:00,15.22,69.85,0.0,0.0,0.0,371.2,1.72,342.0,101530.0
1990-12-14 23:00:00+00:00,15.04,69.85,22.4,0.0,22.4,368.85,1.72,343.0,101590.0
1990-12-15 00:00:00+00:00,15.04,67.35,128.5,211.5,80.0,369.05,2.14,350.0,101630.0
1990-12-15 01:00:00+00:00,15.34,67.45,234.3,214.62,146.4,355.25,2.28,359.0,101690.0
1990-12-15 02:00:00+00:00,16.08,65.15,315.75,247.59,179.3,358.4,2.28,10.0,101740.0
1990-12-15 03:00:00+00:00,16.87,63.05,355.6,157.84,253.9,361.9,2.48,22.0,101720.0
1990-12-15 04:00:00+00:00,17.42,60.95,337.2,150.32,234.55,369.45,2.48,21.0,101650.0
1990-12-15 05:00:00+00:00,17.72,60.95,332.4,196.89,201.65,371.75,2.48,19.0,101560.0
1990-12-15 06:00:00+00:00,17.98,58.9,200.8,102.07,140.65,369.45,2.48,20.0,101510.0
1990-12-15 07:00:00+00:00,17.74,58.8,123.15,28.8,109.8,364.2,2.69,6.0,101510.0
1990-12-15 08:00:00+00:00,17.59,58.8,40.75,8.63,38.2,376.2,2.48,6.0,101560.0
1990-12-15 09:00:00+00:00,17.19,60.85,4.05,0.0,4.05,376.2,1.93,358.0,101650.0
1990-12-15 10:00:00+00:00,16.57,60.75,0.0,0.0,0.0,367.7,1.86,352.0,101680.0
1990-12-15 11:00:00+00:00,16.23,60.65,0.0,0.0,0.0,373.1,1.93,355.0,101750.0
1990-12-15 12:00:00+00:00,15.89,58.45,0.0,0.0,0.0,372.55,1.79,2.0,101790.0
1990-12-15 13:00:00+00:00,15.51,58.35,0.0,0.0,0.0,366.55,1.52,8.0,101850.0
1990-12-15 14:00:00+00:00,15.04,62.65,0.0,0.0,0.0,357.25,1.31,15.0,101860.0
1990-12-15 15:00:00+00:00,14.53,67.25,0.0,0.0,0.0,351.45,1.1,21.0,101890.0
1990-12-15 16:00:00+00:00,13.49,74.85,0.0,0.0,0.0,327.05,0.83,13.0,101890.0
1990-12-15 17:00:00+00:00,12.99,77.5,0.0,0.0,0.0,331.3,0.83,5.0,101890.0
1990-12-15 18:00:00+00:00,12.14,80.2,0.0,0.0,0.0,313.9,0.97,2.0,101870.0
1990-12-15 19:00:00+00:00,12.17,69.35,0.0,0.0,0.0,334.2,1.31,340.0,101890.0
1990-12-15 20:00:00+00:00,11.49,69.25,0.0,0.0,0.0,312.55,1.52,339.0,101890.0
1990-12-15 21:00:00+00:00,10.93,69.15,0.0,0.0,0.0,308.3,1.52,340.0,101890.0
1990-12-15 22:00:00+00:00,10.08,74.3,0.0,0.0,0.0,292.2,1.59,339.0,101940.0
1990-12-15 23:00:00+00:00,9.43,79.9,37.3,0.0,37.3,288.55,1.59,337.0,101990.0
1990-12-16 00:00:00+00:00,10.75,66.65,234.45,678.27,80.2,292.6,1.45,339.0,102050.0
1990-12-16 01:00:00+00:00,12.33,57.75,446.75,827.13,109.4,291.95,2.0,1.0,102100.0
1990-12-16 02:00:00+00:00,13.79,55.9,588.15,851.18,120.25,290.5,2.48,28.0,102120.0
1990-12-16 03:00:00+00:00,14.96,52.15,671.8,852.55,123.35,291.25,2.9,45.0,102070.0
1990-12-16 04:00:00+00:00,15.91,48.65,684.2,818.97,125.45,296.3,2.97,55.0,101970.0
1990-12-16 05:00:00+00:00,16.52,45.3,616.45,745.25,121.65,296.1,3.03,63.0,101850.0
1990-12-16 06:00:00+00:00,16.82,43.8,492.25,640.47,114.65,298.05,3.1,69.0,101750.0
1990-12-16 07:00:00+00:00,17.0,45.45,331.65,518.5,90.95,305.75,2.55,72.0,101740.0
1990-12-16 08:00:00+00:00,16.63,45.3,138.9,278.8,56.25,297.25,2.62,85.0,101730.0
1990-12-16 09:00:00+00:00,15.53,48.55,9.8,28.66,7.0,294.95,2.21,109.0,101780.0
1990-12-16 10:00:00+00:00,13.91,51.9,0.0,0.0,0.0,290.3,2.28,118.0,101810.0
1990-12-16 11:00:00+00:00,12.8,53.7,0.0,0.0,0.0,286.8,2.14,114.0,101860.0
1990-12-16 12:00:00+00:00,11.87,59.85,0.0,0.0,0.0,281.75,2.07,107.0,101880.0
1990-12-16 13:00:00+00:00,11.08,64.25,0.0,0.0,0.0,279.05,2.07,100.0,101920.0
1990-12-16 14:00:00+00:00,10.36,66.55,0.0,0.0,0.0,275.6,2.07,92.0,101930.0
1990-12-16 15:00:00+00:00,9.71,66.45,0.0,0.0,0.0,273.05,2.07,83.0,101930.0
1990-12-16 16:00:00+00:00,9.22,66.35,0.0,0.0,0.0,273.85,2.07,79.0,101910.0
1990-12-16 17:00:00+00:00,8.68,66.25,0.0,0.0,0.0,270.15,1.93,75.0,101900.0
1990-12-16 18:00:00+00:00,8.26,68.7,0.0,0.0,0.0,271.1,1.79,62.0,101850.0
1990-12-16 19:00:00+00:00,7.94,73.95,0.0,0.0,0.0,268.2,1.72,43.0,101880.0
1990-12-16 20:00:00+00:00,7.6,73.9,0.0,0.0,0.0,267.45,1.52,32.0,101860.0
1990-12-16 21:00:00+00:00,8.04,68.6,0.0,0.0,0.0,269.2,1.24,18.0,101850.0
1990-12-16 22:00:00+00:00,8.44,63.7,0.0,0.0,0.0,270.75,1.03,4.0,101870.0
1990-12-16 23:00:00+00:00,7.71,68.6,37.7,0.0,37.7,277.3,1.17,359.0,101880.0
1990-12-17 00:00:00+00:00,9.27,71.5,264.85,802.56,83.8,295.7,0.83,2.0,101920.0
1990-12-17 01:00:00+00:00,12.79,48.0,443.2,825.13,108.0,283.45,1.45,28.0,101920.0
1990-12-17 02:00:00+00:00,14.54,53.95,584.85,838.91,124.8,290.85,2.21,50.0,101920.0
1990-12-17 03:00:00+00:00,16.11,54.35,667.3,836.75,129.8,297.45,2.69,67.0,101860.0
1990-12-17 04:00:00+00:00,17.33,54.7,674.05,790.97,134.8,303.45,3.03,77.0,101760.0
1990-12-17 05:00:00+00:00,18.12,56.85,617.8,736.81,128.65,308.3,3.31,86.0,101630.0
1990-12-17 06:00:00+00:00,18.53,54.95,472.85,581.07,130.05,315.85,3.45,90.0,101530.0
1990-12-17 07:00:00+00:00,18.42,54.95,312.05,452.04,101.85,316.2,3.17,91.0,101460.0
1990-12-17 08:00:00+00:00,18.09,56.85,128.05,233.74,58.5,318.35,3.1,93.0,101470.0
1990-12-17 09:00:00+00:00,17.17,60.85,8.95,24.74,6.5,324.95,2.21,102.0,101480.0
1990-12-17 10:00:00+00:00,15.66,69.9,0.0,0.0,0.0,312.95,1.93,102.0,101530.0
1990-12-17 11:00:00+00:00,14.71,74.95,0.0,0.0,0.0,311.0,1.72,96.0,101610.0
1990-12-17 12:00:00+00:00,13.61,80.4,0.0,0.0,0.0,309.25,1.38,87.0,101640.0
1990-12-17 13:00:00+00:00,13.81,77.6,0.0,0.0,0.0,305.4,0.9,78.0,101730.0
1990-12-17 14:00:00+00:00,14.11,77.6,0.0,0.0,0.0,306.15,0.62,75.0,101760.0
1990-12-17 15:00:00+00:00,13.89,74.85,0.0,0.0,0.0,315.45,0.69,71.0,101750.0
1990-12-17 16:00:00+00:00,13.39,74.85,0.0,0.0,0.0,308.3,0.83,2.0,101730.0
1990-12-17 17:00:00+00:00,11.05,89.3,0.0,0.0,0.0,303.45,1.31,333.0,101700.0
1990-12-17 18:00:00+00:00,10.24,92.5,0.0,0.0,0.0,301.9,1.24,326.0,101690.0
1990-12-17 19:00:00+00:00,11.57,86.15,0.0,0.0,0.0,300.35,0.83,325.0,101680.0
1990-12-17 20:00:00+00:00,9.89,95.9,0.0,0.0,0.0,299.95,1.24,322.0,101650.0
1990-12-17 21:00:00+00:00,9.26,95.85,0.0,0.0,0.0,305.75,1.45,319.0,101680.0
1990-12-17 22:00:00+00:00,9.01,99.4,0.0,0.0,0.0,302.85,1.38,320.0,101690.0
1990-12-17 23:00:00+00:00,8.98,99.4,34.7,0.0,34.7,307.3,1.31,324.0,101720.0
1990-12-18 00:00:00+00:00,11.22,89.3,234.0,576.78,104.9,317.55,0.76,323.0,101750.0
1990-12-18 01:00:00+00:00,15.45,72.45,336.85,393.51,177.6,327.55,0.62,335.0,101770.0
1990-12-18 02:00:00+00:00,17.58,63.2,368.7,323.94,191.45,352.2,0.83,20.0,101750.0
1990-12-18 03:00:00+00:00,18.68,59.05,501.6,445.35,215.9,353.4,1.17,49.0,101700.0
1990-12-18 04:00:00+00:00,19.95,55.3,524.05,440.16,224.15,358.4,1.66,68.0,101590.0
1990-12-18 05:00:00+00:00,20.68,55.45,559.15,633.14,138.8,356.1,1.93,79.0,101470.0
1990-12-18 06:00:00+00:00,21.25,53.6,460.3,591.28,111.2,347.2,2.07,83.0,101350.0
1990-12-18 07:00:00+00:00,21.6,53.75,319.2,485.23,93.15,342.75,1.93,79.0,101270.0
1990-12-18 08:00:00+00:00,21.16,55.55,127.6,233.48,57.85,341.95,1.93,94.0,101230.0
1990-12-18 09:00:00+00:00,19.92,63.7,10.3,28.37,7.45,336.15,1.59,125.0,101310.0
1990-12-18 10:00:00+00:00,17.93,72.9,0.0,0.0,0.0,328.4,1.79,136.0,101360.0
1990-12-18 11:00:00+00:00,16.52,83.6,0.0,0.0,0.0,329.4,1.66,134.0,101430.0
1990-12-18 12:00:00+00:00,15.24,92.7,0.0,0.0,0.0,322.2,1.52,126.0,101450.0
1990-12-18 13:00:00+00:00,14.71,92.7,0.0,0.0,0.0,321.85,1.03,108.0,101480.0
1990-12-18 14:00:00+00:00,15.3,89.55,0.0,0.0,0.0,318.35,0.76,22.0,101500.0
1990-12-18 15:00:00+00:00,12.89,92.65,0.0,0.0,0.0,315.85,1.45,342.0,101480.0
1990-12-18 16:00:00+00:00,11.94,95.95,0.0,0.0,0.0,314.1,1.45,333.0,101460.0
1990-12-18 17:00:00+00:00,11.45,95.9,0.0,0.0,0.0,314.1,1.31,327.0,101440.0
1990-12-18 18:00:00+00:00,10.93,95.9,0.0,0.0,0.0,317.55,1.1,326.0,101370.0
1990-12-18 19:00:00+00:00,12.0,95.95,0.0,0.0,0.0,325.1,0.76,334.0,101350.0
1990-12-18 20:00:00+00:00,11.19,99.35,0.0,0.0,0.0,329.55,0.76,334.0,101300.0
1990-12-18 21:00:00+00:00,10.77,95.9,0.0,0.0,0.0,330.95,0.69,335.0,101280.0
1990-12-18 22:00:00+00:00,10.71,95.9,0.0,0.0,0.0,335.75,0.76,333.0,101300.0
1990-12-18 23:00:00+00:00,11.03,99.35,36.6,0.0,36.6,347.75,0.69,334.0,101340.0
1990-12-19 00:00:00+00:00,12.88,92.65,194.1,445.23,95.2,358.8,0.62,335.0,101390.0
1990-12-19 01:00:00+00:00,15.89,86.5,367.05,518.69,157.9,353.5,0.28,328.0,101420.0
1990-12-19 02:00:00+00:00,19.06,73.05,504.2,688.9,128.05,345.65,0.28,71.0,101430.0
1990-12-19 03:00:00+00:00,21.06,63.9,652.5,816.75,129.15,340.2,1.24,83.0,101340.0
1990-12-19 04:00:00+00:00,22.74,55.9,668.4,789.69,130.6,336.95,2.0,90.0,101240.0
1990-12-19 05:00:00+00:00,23.63,52.35,610.1,734.06,122.65,341.2,2.34,97.0,101130.0
1990-12-19 06:00:00+00:00,23.89,48.95,478.25,611.1,117.1,343.7,2.55,102.0,101010.0
1990-12-19 07:00:00+00:00,23.6,52.35,326.45,507.16,89.7,356.5,2.41,104.0,100930.0
1990-12-19 08:00:00+00:00,22.87,54.1,137.0,267.49,56.75,344.85,2.28,110.0,100930.0
1990-12-19 09:00:00+00:00,21.41,64.0,10.5,29.43,7.5,342.95,1.66,119.0,100980.0
1990-12-19 10:00:00+00:00,19.47,73.15,0.0,0.0,0.0,337.9,1.31,122.0,101020.0
1990-12-19 11:00:00+00:00,18.3,81.0,0.0,0.0,0.0,336.35,0.55,119.0,101100.0
1990-12-19 12:00:00+00:00,17.92,80.9,0.0,0.0,0.0,334.8,0.21,137.0,101140.0
1990-12-19 13:00:00+00:00,17.4,83.7,0.0,0.0,0.0,335.75,0.0,2.0,101180.0
1990-12-19 14:00:00+00:00,16.92,86.6,0.0,0.0,0.0,341.0,0.69,329.0,101200.0
1990-12-19 15:00:00+00:00,15.03,92.7,0.0,0.0,0.0,334.6,1.17,327.0,101180.0
1990-12-19 16:00:00+00:00,14.19,99.4,0.0,0.0,0.0,332.65,1.31,329.0,101140.0
1990-12-19 17:00:00+00:00,14.23,99.4,0.0,0.0,0.0,355.1,1.1,333.0,101140.0
1990-12-19 18:00:00+00:00,14.13,99.4,0.0,0.0,0.0,353.95,0.97,332.0,101100.0
1990-12-19 19:00:00+00:00,17.19,86.6,0.0,0.0,0.0,384.95,0.48,336.0,101100.0
1990-12-19 20:00:00+00:00,16.65,89.65,0.0,0.0,0.0,380.3,0.69,319.0,101080.0
1990-12-19 21:00:00+00:00,15.9,92.75,0.0,0.0,0.0,371.0,0.97,314.0,101080.0
1990-12-19 22:00:00+00:00,15.78,92.75,0.0,0.0,0.0,375.05,0.9,309.0,101090.0
1990-12-19 23:00:00+00:00,15.6,92.75,36.0,0.0,36.0,355.7,0.83,318.0,101150.0
1990-12-20 00:00:00+00:00,16.96,89.65,178.25,471.64,74.25,364.8,0.21,319.0,101180.0
1990-12-20 01:00:00+00:00,19.73,78.35,301.45,482.28,107.65,353.3,0.21,83.0,101250.0
1990-12-20 02:00:00+00:00,21.46,66.25,425.6,486.27,160.6,361.3,1.03,97.0,101240.0
1990-12-20 03:00:00+00:00,22.79,62.05,500.9,478.67,194.5,372.15,1.66,98.0,101170.0
1990-12-20 04:00:00+00:00,23.72,58.1,565.65,580.71,170.3,374.5,2.28,96.0,101070.0
1990-12-20 05:00:00+00:00,24.26,56.25,506.7,513.87,165.35,367.3,2.34,95.0,100960.0
1990-12-20 06:00:00+00:00,24.53,58.2,193.6,49.27,164.45,379.1,2.21,98.0,100900.0
1990-12-20 07:00:00+00:00,23.28,60.05,127.3,74.6,92.4,402.9,1.52,106.0,100850.0
1990-12-20 08:00:00+00:00,22.76,64.2,73.7,74.17,51.35,399.85,1.24,105.0,100870.0
1990-12-20 09:00:00+00:00,22.06,68.7,5.85,7.73,5.05,394.0,1.03,132.0,100890.0
1990-12-20 10:00:00+00:00,20.87,73.35,0.0,0.0,0.0,384.55,1.1,157.0,100920.0
1990-12-20 11:00:00+00:00,19.77,83.9,0.0,0.0,0.0,372.15,0.76,182.0,101000.0
1990-12-20 12:00:00+00:00,19.88,78.45,0.0,0.0,0.0,374.1,0.55,185.0,101020.0
1990-12-20 13:00:00+00:00,19.32,81.1,0.0,0.0,0.0,364.6,0.62,147.0,101070.0
1990-12-20 14:00:00+00:00,19.12,86.8,0.0,0.0,0.0,372.35,0.62,133.0,101070.0
1990-12-20 15:00:00+00:00,19.05,86.8,0.0,0.0,0.0,370.6,0.28,73.0,101070.0
1990-12-20 16:00:00+00:00,18.67,89.75,0.0,0.0,0.0,382.6,0.76,4.0,101040.0
1990-12-20 17:00:00+00:00,17.9,89.75,0.0,0.0,0.0,376.4,1.03,351.0,101020.0
1990-12-20 18:00:00+00:00,17.71,92.85,0.0,0.0,0.0,379.1,0.97,347.0,101000.0
1990-12-20 19:00:00+00:00,18.28,86.75,0.0,0.0,0.0,381.05,0.83,332.0,101070.0
1990-12-20 20:00:00+00:00,18.65,86.75,0.0,0.0,0.0,367.7,0.55,336.0,101040.0
1990-12-20 21:00:00+00:00,17.74,92.85,0.0,0.0,0.0,370.8,0.97,341.0,101030.0
1990-12-20 22:00:00+00:00,18.3,86.75,0.0,0.0,0.0,380.85,0.76,347.0,101050.0
1990-12-20 23:00:00+00:00,18.75,86.75,23.35,0.0,23.35,383.95,0.0,100.0,101090.0
1990-12-21 00:00:00+00:00,19.07,86.8,124.45,144.55,92.8,392.1,0.41,83.0,101120.0
1990-12-21 01:00:00+00:00,21.11,81.3,223.6,216.58,136.85,407.85,0.41,44.0,101160.0
1990-12-21 02:00:00+00:00,21.95,78.7,185.65,73.71,145.55,408.9,0.62,25.0,101170.0
1990-12-21 03:00:00+00:00,22.05,81.4,166.35,7.82,161.35,410.3,0.48,13.0,101130.0
1990-12-21 04:00:00+00:00,22.23,81.4,142.3,2.79,140.4,417.05,0.69,349.0,101050.0
1990-12-21 05:00:00+00:00,22.19,84.15,153.9,7.97,148.6,417.45,0.97,345.0,100930.0
1990-12-21 06:00:00+00:00,22.33,81.45,273.7,202.48,153.75,416.45,1.03,343.0,100850.0
1990-12-21 07:00:00+00:00,25.63,71.6,136.8,64.08,106.75,422.3,1.93,135.0,100780.0
1990-12-21 08:00:00+00:00,24.87,73.95,50.0,36.99,38.8,428.85,1.45,134.0,100800.0
1990-12-21 09:00:00+00:00,23.65,78.9,3.25,0.0,3.25,420.35,1.17,142.0,100850.0
1990-12-21 10:00:00+00:00,22.55,84.25,0.0,0.0,0.0,422.1,0.48,118.0,100920.0
1990-12-21 11:00:00+00:00,21.82,90.0,0.0,0.0,0.0,420.9,0.28,59.0,101000.0
1990-12-21 12:00:00+00:00,21.15,93.0,0.0,0.0,0.0,419.4,0.55,2.0,101050.0
1990-12-21 13:00:00+00:00,20.92,93.0,0.0,0.0,0.0,418.6,0.9,337.0,101090.0
1990-12-21 14:00:00+00:00,20.77,96.15,0.0,0.0,0.0,418.0,0.97,331.0,101090.0
1990-12-21 15:00:00+00:00,20.67,96.15,0.0,0.0,0.0,416.65,1.17,310.0,101080.0
1990-12-21 16:00:00+00:00,20.59,96.15,0.0,0.0,0.0,415.7,1.24,308.0,101040.0
1990-12-21 17:00:00+00:00,20.54,96.15,0.0,0.0,0.0,415.1,1.38,309.0,101040.0
1990-12-21 18:00:00+00:00,20.47,96.15,0.0,0.0,0.0,414.35,1.38,313.0,100990.0
1990-12-21 19:00:00+00:00,20.59,96.15,0.0,0.0,0.0,412.8,1.31,325.0,100980.0
1990-12-21 20:00:00+00:00,20.3,96.15,0.0,0.0,0.0,401.95,1.45,324.0,100960.0
1990-12-21 21:00:00+00:00,20.11,96.1,0.0,0.0,0.0,391.1,1.93,321.0,100950.0
1990-12-21 22:00:00+00:00,19.7,96.1,0.0,0.0,0.0,392.1,2.62,329.0,100990.0
1990-12-21 23:00:00+00:00,18.75,92.85,25.1,0.0,25.1,391.3,3.03,332.0,101100.0
1990-12-22 00:00:00+00:00,17.88,89.75,141.7,339.14,67.95,375.25,3.17,333.0,101190.0
1990-12-22 01:00:00+00:00,17.7,86.65,261.85,348.23,122.8,376.7,3.59,337.0,101270.0
1990-12-22 02:00:00+00:00,18.53,78.25,315.7,337.5,132.4,373.9,4.14,342.0,101280.0
1990-12-22 03:00:00+00:00,19.26,75.65,455.15,469.04,155.4,371.95,4.07,337.0,101240.0
1990-12-22 04:00:00+00:00,20.33,68.4,419.9,440.24,120.25,370.6,4.21,338.0,101160.0
1990-12-22 05:00:00+00:00,20.79,68.4,466.4,479.76,147.35,374.65,4.21,340.0,101050.0
1990-12-22 06:00:00+00:00,21.38,64.0,437.5,523.99,126.65,363.65,4.28,344.0,100980.0
1990-12-22 07:00:00+00:00,22.02,64.1,270.9,358.79,102.2,361.3,4.28,346.0,100890.0
1990-12-22 08:00:00+00:00,21.38,64.0,123.9,206.72,61.0,367.3,4.0,344.0,100910.0
1990-12-22 09:00:00+00:00,20.31,63.8,9.65,18.73,7.65,356.85,3.38,339.0,100940.0
1990-12-22 10:00:00+00:00,19.05,68.1,0.0,0.0,0.0,354.75,3.03,338.0,101000.0
1990-12-22 11:00:00+00:00,18.4,68.05,0.0,0.0,0.0,362.85,2.83,338.0,101070.0
1990-12-22 12:00:00+00:00,17.74,70.3,0.0,0.0,0.0,359.95,2.62,336.0,101130.0
1990-12-22 13:00:00+00:00,17.47,67.85,0.0,0.0,0.0,373.3,2.28,335.0,101180.0
1990-12-22 14:00:00+00:00,17.43,65.45,0.0,0.0,0.0,388.0,1.86,333.0,101220.0
1990-12-22 15:00:00+00:00,17.33,65.45,0.0,0.0,0.0,394.4,1.59,332.0,101230.0
1990-12-22 16:00:00+00:00,16.99,67.75,0.0,0.0,0.0,386.1,1.59,328.0,101220.0
1990-12-22 17:00:00+00:00,16.57,67.65,0.0,0.0,0.0,378.55,1.59,324.0,101200.0
1990-12-22 18:00:00+00:00,15.88,70.0,0.0,0.0,0.0,359.95,1.38,319.0,101220.0
1990-12-22 19:00:00+00:00,15.81,70.0,0.0,0.0,0.0,373.5,1.24,324.0,101230.0
1990-12-22 20:00:00+00:00,15.1,75.0,0.0,0.0,0.0,348.95,1.38,320.0,101270.0
1990-12-22 21:00:00+00:00,14.83,75.0,0.0,0.0,0.0,353.2,1.38,324.0,101300.0
1990-12-22 22:00:00+00:00,14.9,75.0,0.0,0.0,0.0,366.35,1.31,328.0,101360.0
1990-12-22 23:00:00+00:00,14.45,77.65,34.45,0.0,34.45,346.8,1.31,333.0,101440.0
1990-12-23 00:00:00+00:00,14.78,77.75,222.3,611.9,90.1,331.1,1.1,331.0,101490.0
1990-12-23 01:00:00+00:00,16.4,72.65,376.35,680.87,105.25,325.45,1.24,357.0,101540.0
1990-12-23 02:00:00+00:00,18.02,67.95,551.15,778.22,129.1,343.9,1.66,26.0,101550.0
1990-12-23 03:00:00+00:00,19.53,63.6,527.75,529.28,189.7,347.4,2.41,47.0,101460.0
1990-12-23 04:00:00+00:00,20.24,59.35,577.85,617.79,157.3,348.15,2.62,57.0,101350.0
1990-12-23 05:00:00+00:00,20.87,53.6,521.15,513.42,179.45,343.1,2.76,66.0,101210.0
1990-12-23 06:00:00+00:00,21.11,53.6,476.2,595.45,122.4,351.45,2.83,73.0,101130.0
1990-12-23 07:00:00+00:00,21.43,50.05,272.85,363.21,101.6,350.85,2.83,77.0,101090.0
1990-12-23 08:00:00+00:00,20.77,53.5,124.4,215.47,58.5,355.9,2.48,91.0,101110.0
1990-12-23 09:00:00+00:00,19.48,57.2,10.75,27.18,7.8,348.55,2.41,105.0,101150.0
1990-12-23 10:00:00+00:00,17.9,61.05,0.0,0.0,0.0,343.1,2.48,104.0,101210.0
1990-12-23 11:00:00+00:00,17.05,63.05,0.0,0.0,0.0,346.2,2.34,97.0,101260.0
1990-12-23 12:00:00+00:00,16.22,65.15,0.0,0.0,0.0,333.25,2.21,92.0,101310.0
1990-12-23 13:00:00+00:00,15.69,65.05,0.0,0.0,0.0,335.0,2.14,91.0,101340.0
1990-12-23 14:00:00+00:00,15.14,62.65,0.0,0.0,0.0,328.2,2.21,90.0,101390.0
1990-12-23 15:00:00+00:00,14.83,58.25,0.0,0.0,0.0,335.75,2.28,85.0,101430.0
1990-12-23 16:00:00+00:00,14.06,60.2,0.0,0.0,0.0,313.1,2.28,82.0,101410.0
1990-12-23 17:00:00+00:00,14.15,55.9,0.0,0.0,0.0,345.45,2.34,76.0,101430.0
1990-12-23 18:00:00+00:00,13.69,55.9,0.0,0.0,0.0,330.95,2.28,72.0,101390.0
1990-12-23 19:00:00+00:00,14.27,53.95,0.0,0.0,0.0,363.05,2.28,76.0,101370.0
1990-12-23 20:00:00+00:00,13.93,58.0,0.0,0.0,0.0,344.65,1.86,70.0,101380.0
1990-12-23 21:00:00+00:00,13.96,58.0,0.0,0.0,0.0,362.3,1.86,53.0,101350.0
1990-12-23 22:00:00+00:00,13.55,62.45,0.0,0.0,0.0,365.95,0.97,45.0,101400.0
1990-12-23 23:00:00+00:00,13.43,62.45,15.5,0.0,15.5,353.2,1.31,49.0,101450.0
1990-12-24 00:00:00+00:00,13.62,62.45,52.8,47.27,42.65,371.95,1.31,48.0,101490.0
1990-12-24 01:00:00+00:00,13.6,67.15,103.95,61.95,79.35,369.55,1.1,42.0,101550.0
1990-12-24 02:00:00+00:00,14.02,69.65,188.1,145.86,109.1,374.3,1.45,40.0,101600.0
1990-12-24 03:00:00+00:00,14.78,67.35,389.85,383.05,145.3,368.65,1.93,41.0,101540.0
1990-12-24 04:00:00+00:00,16.23,65.15,408.85,348.66,171.45,365.4,2.41,44.0,101450.0
1990-12-24 05:00:00+00:00,17.01,63.05,412.7,405.46,142.6,358.2,2.55,45.0,101350.0
1990-12-24 06:00:00+00:00,17.54,63.2,244.6,211.44,118.75,357.45,2.62,47.0,101220.0
1990-12-24 07:00:00+00:00,16.96,65.35,198.1,233.15,87.85,360.35,2.07,43.0,101160.0
1990-12-24 08:00:00+00:00,17.24,65.35,79.75,111.06,45.6,368.65,1.86,48.0,101140.0
1990-12-24 09:00:00+00:00,16.97,65.35,6.5,16.31,4.7,368.1,0.97,60.0,101150.0
1990-12-24 10:00:00+00:00,16.36,70.1,0.0,0.0,0.0,358.2,0.9,112.0,101210.0
1990-12-24 11:00:00+00:00,15.69,77.8,0.0,0.0,0.0,358.4,1.1,126.0,101250.0
1990-12-24 12:00:00+00:00,14.8,80.55,0.0,0.0,0.0,341.75,1.17,117.0,101300.0
1990-12-24 13:00:00+00:00,14.45,83.4,0.0,0.0,0.0,347.95,1.31,108.0,101330.0
1990-12-24 14:00:00+00:00,14.26,83.4,0.0,0.0,0.0,350.65,1.31,97.0,101360.0
1990-12-24 15:00:00+00:00,14.13,86.35,0.0,0.0,0.0,351.65,1.24,92.0,101360.0
1990-12-24 16:00:00+00:00,14.0,86.35,0.0,0.0,0.0,353.0,1.17,88.0,101360.0
1990-12-24 17:00:00+00:00,13.53,86.35,0.0,0.0,0.0,336.15,1.1,80.0,101360.0
1990-12-24 18:00:00+00:00,13.58,83.35,0.0,0.0,0.0,343.7,0.97,62.0,101320.0
1990-12-24 19:00:00+00:00,13.78,83.35,0.0,0.0,0.0,334.8,0.97,31.0,101280.0
1990-12-24 20:00:00+00:00,14.11,80.4,0.0,0.0,0.0,337.1,0.83,23.0,101270.0
1990-12-24 21:00:00+00:00,13.98,80.4,0.0,0.0,0.0,338.65,0.83,354.0,101250.0
1990-12-24 22:00:00+00:00,13.98,80.4,0.0,0.0,0.0,335.0,0.69,345.0,101270.0
1990-12-24 23:00:00+00:00,13.2,86.3,30.05,0.0,30.05,342.75,0.9,334.0,101320.0
1990-12-25 00:00:00+00:00,14.17,89.45,208.35,591.51,82.1,339.65,0.62,334.0,101380.0
1990-12-25 01:00:00+00:00,16.99,72.7,376.95,639.32,123.7,338.8,0.69,14.0,101410.0
1990-12-25 02:00:00+00:00,18.84,65.75,510.1,715.97,122.75,344.1,1.31,57.0,101450.0
1990-12-25 03:00:00+00:00,20.19,65.95,597.6,723.79,135.65,348.55,2.14,73.0,101400.0
1990-12-25 04:00:00+00:00,21.1,63.9,611.35,697.63,136.15,346.8,2.48,79.0,101300.0
1990-12-25 05:00:00+00:00,21.72,64.0,584.4,682.98,128.95,350.3,2.55,81.0,101180.0
1990-12-25 06:00:00+00:00,22.24,64.1,474.35,605.47,113.3,351.85,2.55,82.0,101080.0
1990-12-25 07:00:00+00:00,21.64,66.25,323.95,481.63,95.5,351.65,2.41,90.0,101010.0
1990-12-25 08:00:00+00:00,21.3,68.5,136.2,256.3,56.95,349.3,2.14,96.0,101010.0
1990-12-25 09:00:00+00:00,20.38,73.3,13.25,36.53,9.15,360.55,1.72,125.0,101050.0
1990-12-25 10:00:00+00:00,18.47,81.0,0.0,0.0,0.0,341.75,1.79,140.0,101090.0
1990-12-25 11:00:00+00:00,17.29,86.65,0.0,0.0,0.0,337.3,1.45,140.0,101110.0
1990-12-25 12:00:00+00:00,16.3,92.8,0.0,0.0,0.0,334.2,0.83,138.0,101160.0
1990-12-25 13:00:00+00:00,16.62,92.8,0.0,0.0,0.0,335.2,0.07,233.0,101210.0
1990-12-25 14:00:00+00:00,16.21,96.0,0.0,0.0,0.0,332.3,0.62,304.0,101240.0
1990-12-25 15:00:00+00:00,15.16,99.4,0.0,0.0,0.0,329.95,0.83,309.0,101240.0
1990-12-25 16:00:00+00:00,14.02,99.4,0.0,0.0,0.0,329.0,1.1,308.0,101230.0
1990-12-25 17:00:00+00:00,13.3,95.95,0.0,0.0,0.0,327.85,1.31,314.0,101200.0
1990-12-25 18:00:00+00:00,13.12,99.4,0.0,0.0,0.0,342.75,1.24,314.0,101170.0
1990-12-25 19:00:00+00:00,13.68,99.4,0.0,0.0,0.0,365.75,0.76,313.0,101130.0
1990-12-25 20:00:00+00:00,13.84,99.4,0.0,0.0,0.0,371.95,0.69,315.0,101090.0
1990-12-25 21:00:00+00:00,13.78,99.4,0.0,0.0,0.0,371.75,0.62,324.0,101090.0
1990-12-25 22:00:00+00:00,14.04,99.4,0.0,0.0,0.0,378.55,0.55,333.0,101090.0
1990-12-25 23:00:00+00:00,13.96,99.4,35.9,0.0,35.9,377.55,0.62,333.0,101130.0
1990-12-26 00:00:00+00:00,14.57,99.35,143.75,150.53,111.8,380.85,0.83,328.0,101170.0
1990-12-26 01:00:00+00:00,15.55,99.4,304.8,291.98,189.4,382.7,0.76,319.0,101200.0
1990-12-26 02:00:00+00:00,18.31,86.75,496.1,549.58,199.05,386.1,0.62,313.0,101220.0
1990-12-26 03:00:00+00:00,20.5,78.5,626.65,766.52,137.5,366.55,0.41,319.0,101160.0
1990-12-26 04:00:00+00:00,22.24,71.05,659.0,770.56,133.85,350.5,0.48,360.0,101050.0
1990-12-26 05:00:00+00:00,23.47,66.65,602.25,711.14,127.45,352.6,0.9,2.0,100940.0
1990-12-26 06:00:00+00:00,24.27,64.5,504.1,661.15,109.05,363.05,1.24,350.0,100840.0
1990-12-26 07:00:00+00:00,25.05,62.45,337.5,515.06,92.4,361.1,1.66,332.0,100730.0
1990-12-26 08:00:00+00:00,25.2,60.35,135.95,227.97,65.05,362.3,1.79,331.0,100750.0
1990-12-26 09:00:00+00:00,24.49,62.35,12.15,30.22,8.7,371.4,1.1,299.0,100790.0
1990-12-26 10:00:00+00:00,22.72,71.15,0.0,0.0,0.0,384.95,1.38,283.0,100860.0
1990-12-26 11:00:00+00:00,21.48,73.45,0.0,0.0,0.0,379.7,2.48,312.0,100930.0
1990-12-26 12:00:00+00:00,21.19,73.35,0.0,0.0,0.0,395.4,3.93,325.0,101040.0
1990-12-26 13:00:00+00:00,19.82,73.2,0.0,0.0,0.0,371.75,4.55,331.0,101140.0
1990-12-26 14:00:00+00:00,18.07,75.45,0.0,0.0,0.0,350.85,4.69,332.0,101190.0
1990-12-26 15:00:00+00:00,16.6,72.65,0.0,0.0,0.0,341.95,4.97,331.0,101230.0
1990-12-26 16:00:00+00:00,15.45,69.9,0.0,0.0,0.0,335.4,5.1,332.0,101220.0
1990-12-26 17:00:00+00:00,14.55,72.3,0.0,0.0,0.0,328.8,5.17,334.0,101250.0
1990-12-26 18:00:00+00:00,13.89,72.2,0.0,0.0,0.0,327.05,5.38,336.0,101250.0
1990-12-26 19:00:00+00:00,14.09,72.2,0.0,0.0,0.0,331.3,5.17,335.0,101240.0
1990-12-26 20:00:00+00:00,13.56,69.65,0.0,0.0,0.0,328.6,5.24,335.0,101260.0
1990-12-26 21:00:00+00:00,13.15,69.55,0.0,0.0,0.0,333.25,5.38,335.0,101250.0
1990-12-26 22:00:00+00:00,12.72,67.05,0.0,0.0,0.0,336.35,5.45,336.0,101290.0
1990-12-26 23:00:00+00:00,12.33,66.95,29.75,0.0,29.75,350.1,5.1,334.0,101350.0
1990-12-27 00:00:00+00:00,12.11,66.85,146.55,340.31,74.7,343.1,5.45,337.0,101440.0
1990-12-27 01:00:00+00:00,12.43,64.55,312.9,431.64,142.65,337.4,5.45,340.0,101530.0
1990-12-27 02:00:00+00:00,13.58,62.45,454.75,547.89,158.85,333.65,5.45,344.0,101570.0
1990-12-27 03:00:00+00:00,14.76,60.4,574.1,630.81,171.55,326.5,5.45,346.0,101530.0
1990-12-27 04:00:00+00:00,15.78,58.45,622.1,651.12,178.05,324.35,5.31,348.0,101430.0
1990-12-27 05:00:00+00:00,16.49,56.5,580.95,646.24,148.9,324.35,5.38,350.0,101350.0
1990-12-27 06:00:00+00:00,16.62,56.5,493.75,619.56,122.75,334.6,5.31,353.0,101260.0
1990-12-27 07:00:00+00:00,16.44,54.45,334.5,497.18,97.1,319.7,5.38,352.0,101240.0
1990-12-27 08:00:00+00:00,15.77,54.35,135.7,226.61,64.8,313.5,4.9,353.0,101270.0
1990-12-27 09:00:00+00:00,14.7,56.0,12.95,35.73,8.8,312.75,3.79,350.0,101360.0
1990-12-27 10:00:00+00:00,13.51,53.85,0.0,0.0,0.0,311.2,3.93,347.0,101440.0
1990-12-27 11:00:00+00:00,12.73,53.7,0.0,0.0,0.0,316.05,3.79,345.0,101470.0
1990-12-27 12:00:00+00:00,12.02,55.5,0.0,0.0,0.0,310.8,3.45,344.0,101510.0
1990-12-27 13:00:00+00:00,11.78,53.5,0.0,0.0,0.0,326.3,3.03,345.0,101540.0
1990-12-27 14:00:00+00:00,11.39,55.4,0.0,0.0,0.0,315.85,2.62,343.0,101590.0
1990-12-27 15:00:00+00:00,10.87,57.4,0.0,0.0,0.0,302.85,2.28,339.0,101600.0
1990-12-27 16:00:00+00:00,10.49,59.5,0.0,0.0,0.0,306.15,2.21,337.0,101590.0
1990-12-27 17:00:00+00:00,10.0,61.65,0.0,0.0,0.0,297.25,2.14,335.0,101580.0
1990-12-27 18:00:00+00:00,9.82,61.65,0.0,0.0,0.0,309.65,2.0,332.0,101560.0
1990-12-27 19:00:00+00:00,9.5,59.25,0.0,0.0,0.0,316.05,2.0,328.0,101640.0
1990-12-27 20:00:00+00:00,9.23,59.25,0.0,0.0,0.0,316.8,2.07,325.0,101580.0
1990-12-27 21:00:00+00:00,9.44,57.05,0.0,0.0,0.0,345.05,2.14,334.0,101580.0
1990-12-27 22:00:00+00:00,9.44,57.05,0.0,0.0,0.0,340.2,2.0,335.0,101600.0
1990-12-27 23:00:00+00:00,9.42,57.05,11.7,0.0,11.7,343.7,2.14,339.0,101650.0
1990-12-28 00:00:00+00:00,9.5,57.05,52.4,30.23,46.05,347.0,2.21,341.0,101710.0
1990-12-28 01:00:00+00:00,9.84,59.35,76.25,25.53,66.2,347.5,2.21,348.0,101760.0
1990-12-28 02:00:00+00:00,10.3,59.5,175.05,118.95,110.85,349.9,2.07,351.0,101800.0
1990-12-28 03:00:00+00:00,11.3,55.4,145.4,34.31,123.5,353.0,2.0,0.0,101790.0
1990-12-28 04:00:00+00:00,11.77,55.5,203.1,33.62,180.15,353.0,2.07,6.0,101700.0
1990-12-28 05:00:00+00:00,12.63,55.65,257.4,99.1,191.05,353.2,2.07,11.0,101610.0
1990-12-28 06:00:00+00:00,13.59,51.9,78.05,6.91,73.9,359.55,2.0,17.0,101540.0
1990-12-28 07:00:00+00:00,13.57,53.85,46.55,11.06,41.25,360.55,1.66,28.0,101540.0
1990-12-28 08:00:00+00:00,13.61,55.9,17.45,5.4,15.75,360.35,0.9,36.0,101510.0
1990-12-28 09:00:00+00:00,13.51,60.2,2.9,3.81,2.45,361.9,0.28,53.0,101560.0
1990-12-28 10:00:00+00:00,13.39,60.2,0.0,0.0,0.0,361.1,0.07,165.0,101580.0
1990-12-28 11:00:00+00:00,13.08,74.75,0.0,0.0,0.0,362.1,0.34,189.0,101670.0
1990-12-28 12:00:00+00:00,12.99,74.75,0.0,0.0,0.0,361.7,0.21,156.0,101720.0
1990-12-28 13:00:00+00:00,12.88,74.75,0.0,0.0,0.0,359.0,0.28,40.0,101740.0
1990-12-28 14:00:00+00:00,12.7,74.7,0.0,0.0,0.0,355.7,0.28,325.0,101780.0
1990-12-28 15:00:00+00:00,12.49,72.05,0.0,0.0,0.0,355.1,0.69,334.0,101760.0
1990-12-28 16:00:00+00:00,11.84,80.2,0.0,0.0,0.0,337.7,0.76,304.0,101780.0
1990-12-28 17:00:00+00:00,10.88,80.1,0.0,0.0,0.0,318.95,1.03,301.0,101760.0
1990-12-28 18:00:00+00:00,10.59,80.05,0.0,0.0,0.0,326.65,1.24,302.0,101760.0
1990-12-28 19:00:00+00:00,11.62,77.3,0.0,0.0,0.0,353.95,1.24,323.0,101720.0
1990-12-28 20:00:00+00:00,11.47,69.25,0.0,0.0,0.0,338.65,1.66,324.0,101690.0
1990-12-28 21:00:00+00:00,10.95,66.65,0.0,0.0,0.0,323.95,1.93,325.0,101690.0
1990-12-28 22:00:00+00:00,10.54,64.1,0.0,0.0,0.0,320.1,2.0,329.0,101720.0
1990-12-28 23:00:00+00:00,9.94,64.0,27.35,0.0,27.35,307.9,2.07,330.0,101800.0
1990-12-29 00:00:00+00:00,10.13,64.0,207.0,544.89,93.05,308.1,2.07,331.0,101880.0
1990-12-29 01:00:00+00:00,11.58,57.55,378.1,633.1,129.25,312.65,2.83,338.0,101950.0
1990-12-29 02:00:00+00:00,13.07,53.7,542.95,769.97,127.55,303.65,2.76,344.0,101980.0
1990-12-29 03:00:00+00:00,14.73,50.1,583.35,682.82,147.4,304.05,2.55,359.0,101950.0
1990-12-29 04:00:00+00:00,15.92,46.9,629.25,698.5,152.05,310.4,2.34,21.0,101870.0
1990-12-29 05:00:00+00:00,16.88,45.45,520.6,553.51,149.4,317.75,2.41,34.0,101740.0
1990-12-29 06:00:00+00:00,17.26,47.15,431.4,491.3,135.8,319.9,2.07,41.0,101630.0
1990-12-29 07:00:00+00:00,17.76,47.3,295.85,384.53,110.9,329.2,2.0,45.0,101600.0
1990-12-29 08:00:00+00:00,17.68,47.3,115.0,186.87,55.8,330.35,1.79,53.0,101570.0
1990-12-29 09:00:00+00:00,16.97,52.65,8.35,24.52,5.4,333.65,0.9,81.0,101590.0
1990-12-29 10:00:00+00:00,15.9,60.65,0.0,0.0,0.0,352.0,1.17,117.0,101600.0
1990-12-29 11:00:00+00:00,14.82,64.95,0.0,0.0,0.0,346.0,1.66,112.0,101680.0
1990-12-29 12:00:00+00:00,14.22,69.65,0.0,0.0,0.0,350.65,1.93,104.0,101750.0
1990-12-29 13:00:00+00:00,13.63,69.65,0.0,0.0,0.0,344.3,2.0,101.0,101810.0
1990-12-29 14:00:00+00:00,13.21,72.1,0.0,0.0,0.0,345.65,1.86,95.0,101840.0
1990-12-29 15:00:00+00:00,12.92,69.55,0.0,0.0,0.0,349.9,1.72,88.0,101850.0
1990-12-29 16:00:00+00:00,12.51,69.45,0.0,0.0,0.0,343.3,1.72,85.0,101810.0
1990-12-29 17:00:00+00:00,11.97,69.35,0.0,0.0,0.0,330.75,1.59,88.0,101790.0
1990-12-29 18:00:00+00:00,11.67,71.85,0.0,0.0,0.0,336.55,1.52,90.0,101770.0
1990-12-29 19:00:00+00:00,11.45,74.55,0.0,0.0,0.0,325.3,1.31,87.0,101820.0
1990-12-29 20:00:00+00:00,11.06,77.2,0.0,0.0,0.0,325.9,1.1,80.0,101810.0
1990-12-29 21:00:00+00:00,10.4,77.15,0.0,0.0,0.0,307.1,1.03,64.0,101830.0
1990-12-29 22:00:00+00:00,10.37,74.4,0.0,0.0,0.0,300.35,0.83,35.0,101840.0
1990-12-29 23:00:00+00:00,10.01,77.1,41.0,0.0,41.0,310.6,0.83,360.0,101920.0
1990-12-30 00:00:00+00:00,10.58,83.0,213.55,483.09,112.95,312.75,0.9,338.0,101950.0
1990-12-30 01:00:00+00:00,12.99,64.65,335.7,446.1,160.6,311.5,1.52,352.0,101990.0
1990-12-30 02:00:00+00:00,14.36,60.3,418.9,397.42,204.55,332.65,1.79,13.0,101990.0
1990-12-30 03:00:00+00:00,15.62,58.35,425.25,317.34,222.55,336.95,1.93,35.0,101960.0
1990-12-30 04:00:00+00:00,16.42,56.5,560.15,543.48,188.45,341.95,2.0,46.0,101880.0
1990-12-30 05:00:00+00:00,17.57,56.75,420.1,348.91,185.7,333.85,2.07,52.0,101770.0
1990-12-30 06:00:00+00:00,17.87,56.85,399.05,380.79,169.35,339.05,2.0,57.0,101660.0
1990-12-30 07:00:00+00:00,18.64,54.95,254.45,303.0,108.15,339.25,1.93,52.0,101610.0
1990-12-30 08:00:00+00:00,18.48,54.95,140.7,249.01,61.3,326.65,1.72,69.0,101600.0
1990-12-30 09:00:00+00:00,17.98,58.9,13.8,33.88,9.65,346.4,1.38,107.0,101630.0
1990-12-30 10:00:00+00:00,16.23,67.55,0.0,0.0,0.0,326.5,1.79,133.0,101660.0
1990-12-30 11:00:00+00:00,15.37,72.45,0.0,0.0,0.0,345.45,1.59,126.0,101710.0
1990-12-30 12:00:00+00:00,14.46,80.45,0.0,0.0,0.0,334.4,1.45,115.0,101750.0
1990-12-30 13:00:00+00:00,13.37,83.35,0.0,0.0,0.0,317.4,1.24,106.0,101790.0
1990-12-30 14:00:00+00:00,13.53,83.35,0.0,0.0,0.0,311.95,0.83,96.0,101800.0
1990-12-30 15:00:00+00:00,13.43,80.4,0.0,0.0,0.0,306.35,0.34,58.0,101790.0
1990-12-30 16:00:00+00:00,13.01,83.25,0.0,0.0,0.0,306.75,0.41,350.0,101780.0
1990-12-30 17:00:00+00:00,12.38,86.25,0.0,0.0,0.0,308.3,0.76,329.0,101730.0
1990-12-30 18:00:00+00:00,11.14,92.55,0.0,0.0,0.0,303.65,0.9,315.0,101700.0
1990-12-30 19:00:00+00:00,10.83,92.55,0.0,0.0,0.0,313.3,1.03,311.0,101690.0
1990-12-30 20:00:00+00:00,10.66,95.9,0.0,0.0,0.0,330.75,1.1,314.0,101680.0
1990-12-30 21:00:00+00:00,10.86,92.55,0.0,0.0,0.0,340.2,1.03,321.0,101660.0
1990-12-30 22:00:00+00:00,11.19,95.9,0.0,0.0,0.0,345.65,1.03,324.0,101650.0
1990-12-30 23:00:00+00:00,11.31,92.55,0.0,0.0,0.0,345.25,1.03,325.0,101740.0
1990-12-31 00:00:00+00:00,12.13,89.35,203.1,609.33,76.7,322.8,0.9,317.0,101780.0
1990-12-31 01:00:00+00:00,14.73,80.45,385.1,700.8,110.35,314.95,0.9,321.0,101850.0
1990-12-31 02:00:00+00:00,17.0,67.75,565.05,820.05,122.8,328.8,0.9,2.0,101870.0
1990-12-31 03:00:00+00:00,18.85,61.3,644.05,797.02,134.65,324.15,1.52,46.0,101800.0
1990-12-31 04:00:00+00:00,20.14,59.35,669.4,777.65,136.9,334.05,2.21,66.0,101720.0
1990-12-31 05:00:00+00:00,20.93,59.6,620.95,728.38,130.7,334.4,2.41,76.0,101580.0
1990-12-31 06:00:00+00:00,21.39,57.65,512.75,657.68,114.95,338.1,2.55,80.0,101490.0
1990-12-31 07:00:00+00:00,21.72,59.7,347.65,520.04,95.55,337.1,2.28,69.0,101410.0
1990-12-31 08:00:00+00:00,21.49,59.7,159.0,300.63,62.5,337.5,2.14,76.0,101400.0
1990-12-31 09:00:00+00:00,20.43,66.05,17.5,50.93,11.15,337.1,1.66,108.0,101450.0
1990-12-31 10:00:00+00:00,18.37,75.55,0.0,0.0,0.0,333.65,2.0,128.0,101520.0
1990-12-31 11:00:00+00:00,16.92,80.8,0.0,0.0,0.0,329.75,1.93,126.0,101580.0
1990-12-31 12:00:00+00:00,15.93,86.5,0.0,0.0,0.0,326.85,1.86,116.0,101600.0
1990-12-31 13:00:00+00:00,15.06,92.7,0.0,0.0,0.0,324.15,1.66,106.0,101650.0
1990-12-31 14:00:00+00:00,14.41,92.7,0.0,0.0,0.0,326.5,1.45,96.0,101680.0
1990-12-31 15:00:00+00:00,14.09,92.65,0.0,0.0,0.0,319.9,1.24,81.0,101670.0
1990-12-31 16:00:00+00:00,10.16,99.0,0.0,0.0,0.0,314.01,1.15,58.0,101660.0
1990-12-31 17:00:00+00:00,11.07,99.0,0.0,0.0,0.0,317.83,1.14,37.0,101640.0
1990-12-31 18:00:00+00:00,11.98,97.01,0.0,0.0,0.0,321.66,1.13,17.0,101580.0
1990-12-31 19:00:00+00:00,12.89,93.59,0.0,0.0,0.0,325.49,1.11,330.0,101600.0
1990-12-31 20:00:00+00:00,13.81,90.17,0.0,0.0,0.0,329.31,1.1,323.0,101570.0
1990-12-31 21:00:00+00:00,14.72,86.76,0.0,0.0,0.0,333.14,1.09,331.0,101550.0
1990-12-31 22:00:00+00:00,15.63,83.34,0.0,0.0,0.0,336.97,1.08,334.0,101550.0
1990-12-31 23:00:00+00:00,16.54,79.92,0.0,0.0,0.0,340.8,1.06,340.0,101600.0
